v -11.718750 -2.137957 -12.500001
v -12.500001 -2.137957 -12.500000
v -11.718750 -2.137957 -11.718751
v -12.500001 -2.137957 -11.718751
v -11.718751 -2.137957 -10.937500
v -12.500001 -2.137957 -10.937500
v -11.718751 -2.137957 -10.156250
v -12.500000 -2.137957 -10.156251
v -11.718750 -2.137957 -9.375000
v -12.500000 -2.137957 -9.375000
v -11.718750 -2.137957 -8.593750
v -12.500000 -2.137957 -8.593750
v -11.718750 -2.137957 -7.812500
v -12.500000 -2.137957 -7.812500
v -11.718750 -2.137957 -7.031250
v -12.500001 -2.137957 -7.031250
v -11.718750 -2.137957 -6.250000
v -12.500001 -2.137957 -6.250000
v -11.718751 -2.137957 -5.468750
v -12.500001 -2.137957 -5.468750
v -11.718751 -2.137957 -4.687500
v -12.500000 -2.137957 -4.687500
v -11.718751 -2.137957 -3.906250
v -12.500000 -2.137957 -3.906250
v -11.718750 -2.137957 -3.125000
v -12.500000 -2.137957 -3.125000
v -11.718750 -2.137957 -2.343750
v -12.500000 -2.137957 -2.343750
v -11.718750 -2.137957 -1.562500
v -12.500001 -2.137957 -1.562500
v -11.718750 -2.137957 -0.781250
v -12.500001 -2.137957 -0.781250
v -11.718751 -2.137957 -0.000000
v -12.500001 -2.137957 -0.000000
v -11.718751 -2.137957 0.781250
v -12.500000 -2.137957 0.781250
v -11.718751 -2.137957 1.562500
v -12.500000 -2.137957 1.562500
v -11.718750 -2.137957 2.343750
v -12.500000 -2.137957 2.343750
v -11.718750 -2.137957 3.125000
v -12.500000 -2.137957 3.125000
v -11.718750 -2.137957 3.906250
v -12.500000 -2.137957 3.906250
v -11.718750 -2.137957 4.687500
v -12.500001 -2.137957 4.687500
v -11.718751 -2.137957 5.468750
v -12.500001 -2.137957 5.468750
v -11.718751 -2.137957 6.250000
v -12.500000 -2.137957 6.250000
v -11.718751 -2.137957 7.031250
v -12.500000 -2.137957 7.031250
v -11.718750 -2.137957 7.812500
v -12.500000 -2.137957 7.812500
v -11.718750 -2.137957 8.593750
v -12.500000 -2.137957 8.593750
v -11.718750 -2.137957 9.375001
v -12.500000 -2.137957 9.375000
v -11.718750 -2.137957 10.156250
v -12.500001 -2.137957 10.156250
v -11.718750 -2.137957 10.937500
v -12.500001 -2.137957 10.937500
v -11.718751 -2.137957 11.718750
v -12.500001 -2.137957 11.718750
v -11.718751 -2.137957 12.500001
v -12.500000 -2.137957 12.500001
v -10.937500 -2.137957 -12.500001
v -10.937500 -2.137957 -11.718750
v -10.937500 1.349905 -10.937501
v -10.937500 1.266242 -10.156250
v -10.937500 1.198287 -9.375001
v -10.937501 1.254320 -8.593750
v -10.937500 1.386788 -7.812500
v -10.937500 1.517819 -7.031250
v -10.937500 1.595709 -6.250000
v -10.937501 1.594917 -5.468750
v -10.937500 1.544003 -4.687500
v -10.937500 1.448950 -3.906250
v -10.937501 1.251580 -3.125000
v -10.937500 0.957819 -2.343750
v -10.937500 0.596804 -1.562500
v -10.937500 0.220886 -0.781250
v -10.937501 -0.086411 -0.000000
v -10.937500 0.395535 0.781250
v -10.937500 1.099857 1.562500
v -10.937500 1.752485 2.343750
v -10.937500 2.294845 3.125000
v -10.937500 2.695569 3.906250
v -10.937500 2.995170 4.687500
v -10.937501 3.125182 5.468750
v -10.937500 3.095244 6.250000
v -10.937500 2.912299 7.031250
v -10.937500 2.608117 7.812500
v -10.937501 2.240091 8.593750
v -10.937500 1.903301 9.375000
v -10.937500 1.913956 10.156250
v -10.937501 2.023690 10.937500
v -10.937500 -2.137957 11.718751
v -10.937500 -2.137957 12.500001
v -10.156250 -2.137957 -12.500001
v -10.156250 -2.137957 -11.718750
v -10.156250 1.493523 -10.937500
v -10.156251 1.378206 -10.156250
v -10.156250 1.307179 -9.375000
v -10.156250 1.405828 -8.593750
v -10.156250 1.586815 -7.812500
v -10.156251 1.762658 -7.031250
v -10.156250 1.874598 -6.250000
v -10.156250 1.892605 -5.468750
v -10.156250 1.827443 -4.687500
v -10.156250 1.725662 -3.906250
v -10.156250 1.505351 -3.125000
v -10.156250 1.173648 -2.343750
v -10.156251 0.762462 -1.562500
v -10.156250 0.328475 -0.781250
v -10.156250 -0.046859 -0.000000
v -10.156250 0.553193 0.781250
v -10.156250 1.254492 1.562500
v -10.156250 1.908410 2.343750
v -10.156250 2.451403 3.125000
v -10.156251 2.843593 3.906250
v -10.156250 3.081076 4.687500
v -10.156250 3.193435 5.468750
v -10.156250 3.145834 6.250000
v -10.156251 2.944435 7.031250
v -10.156250 2.621485 7.812500
v -10.156250 2.236092 8.593751
v -10.156250 1.874223 9.375000
v -10.156250 1.838547 10.156251
v -10.156250 1.980708 10.937500
v -10.156250 -2.137957 11.718751
v -10.156251 -2.137957 12.500000
v -9.375000 -2.137957 -12.500000
v -9.375001 -2.137957 -11.718750
v -9.375000 2.399980 -10.937500
v -9.375000 1.942769 -10.156250
v -9.375000 1.550113 -9.375000
v -9.375001 1.406295 -8.593751
v -9.375000 1.607665 -7.812500
v -9.375000 1.805427 -7.031250
v -9.375000 1.938506 -6.250000
v -9.375000 1.974861 -5.468750
v -9.375000 1.926703 -4.687500
v -9.375000 1.831512 -3.906250
v -9.375001 1.609156 -3.125000
v -9.375000 1.266702 -2.343750
v -9.375000 0.836093 -1.562500
v -9.375000 0.374146 -0.781250
v -9.375000 0.021832 -0.000000
v -9.375000 0.646740 0.781250
v -9.375000 1.316107 1.562500
v -9.375001 1.942327 2.343750
v -9.375000 2.461263 3.125000
v -9.375000 2.832238 3.906250
v -9.375000 3.038043 4.687500
v -9.375001 3.114650 5.468750
v -9.375000 3.056609 6.250000
v -9.375000 2.850556 7.031250
v -9.375000 2.527875 7.812500
v -9.375000 2.146721 8.593750
v -9.375000 1.792021 9.375000
v -9.375000 1.769216 10.156250
v -9.375001 1.924462 10.937500
v -9.375000 -2.137957 11.718750
v -9.375000 -2.137957 12.500000
v -8.593750 -2.137957 -12.500000
v -8.593750 -2.137957 -11.718750
v -8.593750 3.268177 -10.937501
v -8.593751 2.862679 -10.156250
v -8.593750 2.526722 -9.375000
v -8.593750 2.055259 -8.593750
v -8.593750 1.467990 -7.812500
v -8.593750 1.609638 -7.031250
v -8.593750 1.751159 -6.250000
v -8.593750 1.804379 -5.468750
v -8.593751 1.760798 -4.687500
v -8.593750 1.649200 -3.906250
v -8.593750 1.438938 -3.125000
v -8.593750 1.112796 -2.343750
v -8.593750 0.700016 -1.562500
v -8.593750 0.251377 -0.781250
v -8.593750 0.200788 -0.000000
v -8.593750 0.759394 0.781250
v -8.593750 1.368764 1.562500
v -8.593750 1.945682 2.343750
v -8.593750 2.427783 3.125000
v -8.593751 2.773551 3.906250
v -8.593750 2.962318 4.687500
v -8.593750 3.001764 5.468750
v -8.593750 2.928007 6.250000
v -8.593750 2.715833 7.031250
v -8.593750 2.396948 7.812500
v -8.593750 2.027191 8.593750
v -8.593751 1.686538 9.375001
v -8.593750 1.676882 10.156250
v -8.593750 1.839894 10.937501
v -8.593750 -2.137957 11.718750
v -8.593750 -2.137957 12.500000
v -7.812500 -2.137957 -12.500000
v -7.812500 -2.137957 -11.718750
v -7.812500 4.037703 -10.937500
v -7.812500 3.741058 -10.156250
v -7.812500 3.445521 -9.375000
v -7.812500 2.999398 -8.593750
v -7.812500 2.427764 -7.812500
v -7.812500 1.794864 -7.031250
v -7.812500 1.376421 -6.250000
v -7.812500 1.439178 -5.468750
v -7.812500 1.415092 -4.687500
v -7.812500 1.296016 -3.906250
v -7.812500 1.081320 -3.125000
v -7.812500 0.782643 -2.343750
v -7.812500 0.421222 -1.562500
v -7.812500 0.027895 -0.781250
v -7.812500 0.399486 -0.000000
v -7.812500 0.868447 0.781250
v -7.812500 1.398578 1.562500
v -7.812500 1.913882 2.343750
v -7.812500 2.354692 3.125000
v -7.812500 2.677670 3.906250
v -7.812500 2.855808 4.687500
v -7.812500 2.877781 5.468750
v -7.812500 2.778162 6.250000
v -7.812500 2.559853 7.031250
v -7.812500 2.247342 7.812500
v -7.812500 1.893044 8.593750
v -7.812500 1.568948 9.375000
v -7.812500 1.562057 10.156250
v -7.812500 1.749849 10.937500
v -7.812500 -2.137957 11.718750
v -7.812500 -2.137957 12.500000
v -7.031250 -2.137957 -12.500000
v -7.031250 -2.137957 -11.718751
v -7.031250 4.651552 -10.937500
v -7.031250 4.454007 -10.156251
v -7.031250 4.211642 -9.375000
v -7.031250 3.810865 -8.593750
v -7.031250 3.280572 -7.812500
v -7.031250 2.681204 -7.031250
v -7.031250 2.066731 -6.250000
v -7.031250 1.484658 -5.468750
v -7.031250 0.976241 -4.687500
v -7.031250 0.848176 -3.906250
v -7.031250 0.675550 -3.125000
v -7.031250 0.420260 -2.343750
v -7.031250 0.185613 -1.562500
v -7.031250 0.318936 -0.781250
v -7.031250 0.568152 -0.000000
v -7.031250 0.935887 0.781250
v -7.031250 1.399178 1.562500
v -7.031250 1.850083 2.343750
v -7.031250 2.233755 3.125000
v -7.031250 2.524329 3.906250
v -7.031250 2.699197 4.687500
v -7.031250 2.728715 5.468750
v -7.031250 2.625376 6.250000
v -7.031250 2.406014 7.031250
v -7.031250 2.102434 7.812500
v -7.031250 1.761841 8.593750
v -7.031250 1.446838 9.375000
v -7.031250 1.422073 10.156251
v -7.031250 1.658533 10.937500
v -7.031250 -2.137957 11.718750
v -7.031250 -2.137957 12.500001
v -6.250000 -2.137957 -12.500000
v -6.250000 -2.137957 -11.718751
v -6.250000 5.051732 -10.937500
v -6.250000 4.936647 -10.156250
v -6.250000 4.758615 -9.375000
v -6.250000 4.421943 -8.593750
v -6.250000 3.956259 -7.812500
v -6.250000 3.415014 -7.031250
v -6.250000 2.843679 -6.250000
v -6.250000 2.279755 -5.468750
v -6.250000 1.753469 -4.687500
v -6.250000 1.306445 -3.906250
v -6.250000 0.956077 -3.125000
v -6.250000 0.708438 -2.343750
v -6.250000 0.571355 -1.562500
v -6.250000 0.554413 -0.781250
v -6.250000 0.668949 -0.000000
v -6.250000 0.965387 0.781250
v -6.250000 1.362590 1.562500
v -6.250000 1.757299 2.343750
v -6.250000 2.092957 3.125000
v -6.250000 2.335009 3.906250
v -6.250000 2.480839 4.687500
v -6.250000 2.526832 5.468750
v -6.250000 2.454064 6.250000
v -6.250000 2.266473 7.031250
v -6.250000 1.985888 7.812500
v -6.250000 1.652982 8.593750
v -6.250000 1.327278 9.375000
v -6.250000 1.263102 10.156250
v -6.250000 1.552925 10.937500
v -6.250000 -2.137957 11.718750
v -6.250000 -2.137957 12.500001
v -5.468750 -2.137957 -12.500001
v -5.468750 -2.137957 -11.718751
v -5.468750 5.181429 -10.937501
v -5.468750 5.152110 -10.156250
v -5.468750 5.048347 -9.375001
v -5.468750 4.803153 -8.593750
v -5.468750 4.444642 -7.812500
v -5.468750 3.977939 -7.031250
v -5.468750 3.438943 -6.250000
v -5.468750 2.908307 -5.468750
v -5.468750 2.378970 -4.687500
v -5.468750 1.894965 -3.906250
v -5.468750 1.473441 -3.125000
v -5.468750 1.120982 -2.343750
v -5.468750 0.852983 -1.562500
v -5.468750 0.693645 -0.781250
v -5.468750 0.675975 -0.000000
v -5.468750 0.898474 0.781250
v -5.468750 1.225418 1.562500
v -5.468750 1.565153 2.343750
v -5.468750 1.859705 3.125000
v -5.468750 2.075155 3.906250
v -5.468750 2.201637 4.687500
v -5.468750 2.266440 5.468750
v -5.468750 2.230190 6.250000
v -5.468750 2.080839 7.031250
v -5.468750 1.830796 7.812500
v -5.468750 1.513399 8.593750
v -5.468750 1.182912 9.375000
v -5.468750 1.093821 10.156250
v -5.468750 1.436743 10.937501
v -5.468750 -2.137957 11.718751
v -5.468750 -2.137957 12.500001
v -4.687500 -2.137957 -12.500001
v -4.687500 -2.137957 -11.718750
v -4.687500 5.048347 -10.937500
v -4.687500 5.091208 -10.156250
v -4.687500 5.098833 -9.375000
v -4.687500 4.987859 -8.593750
v -4.687500 4.742913 -7.812500
v -4.687500 4.378082 -7.031250
v -4.687500 3.915657 -6.250000
v -4.687500 3.386144 -5.468750
v -4.687500 2.827036 -4.687500
v -4.687500 2.303723 -3.906250
v -4.687500 1.822598 -3.125000
v -4.687500 1.379858 -2.343750
v -4.687500 0.998056 -1.562500
v -4.687500 0.713160 -0.781250
v -4.687500 0.577193 -0.000000
v -4.687500 0.713390 0.781250
v -4.687500 0.966680 1.562500
v -4.687500 1.254483 2.343750
v -4.687500 1.518084 3.125000
v -4.687500 1.722638 3.906250
v -4.687500 1.857166 4.687500
v -4.687500 1.948323 5.468750
v -4.687500 1.949894 6.250000
v -4.687500 1.840853 7.031250
v -4.687500 1.626409 7.812500
v -4.687500 1.332546 8.593751
v -4.687500 1.006021 9.375000
v -4.687500 0.922640 10.156250
v -4.687500 1.313581 10.937500
v -4.687500 -2.137957 11.718751
v -4.687500 -2.137957 12.500000
v -3.906250 -2.137957 -12.500000
v -3.906250 -2.137957 -11.718750
v -3.906250 4.686016 -10.937500
v -3.906250 4.833302 -10.156251
v -3.906250 4.926146 -9.375000
v -3.906250 4.916681 -8.593751
v -3.906250 4.785203 -7.812500
v -3.906250 4.530417 -7.031250
v -3.906250 4.161255 -6.250000
v -3.906250 3.696870 -5.468750
v -3.906250 3.165522 -4.687500
v -3.906250 2.573840 -3.906250
v -3.906250 1.973099 -3.125000
v -3.906250 1.452725 -2.343750
v -3.906250 0.975044 -1.562500
v -3.906250 0.585094 -0.781250
v -3.906250 0.380556 -0.000000
v -3.906250 0.417781 0.781250
v -3.906250 0.598632 1.562500
v -3.906250 0.840912 2.343750
v -3.906250 1.084624 3.125000
v -3.906250 1.291973 3.906250
v -3.906250 1.447363 4.687500
v -3.906250 1.574965 5.468750
v -3.906250 1.620749 6.250000
v -3.906250 1.556655 7.031250
v -3.906250 1.382210 7.812500
v -3.906250 1.116846 8.593750
v -3.906250 0.818207 9.375000
v -3.906250 0.752825 10.156250
v -3.906250 1.184763 10.937500
v -3.906250 -2.137957 11.718751
v -3.906250 -2.137957 12.500000
v -3.125000 -2.137957 -12.500000
v -3.125000 -2.137957 -11.718750
v -3.125000 4.098274 -10.937500
v -3.125000 4.341610 -10.156250
v -3.125000 4.511209 -9.375000
v -3.125000 4.593734 -8.593750
v -3.125000 4.568977 -7.812500
v -3.125000 4.423427 -7.031250
v -3.125000 4.153945 -6.250000
v -3.125000 3.767780 -5.468750
v -3.125000 3.281749 -4.687500
v -3.125000 2.700883 -3.906250
v -3.125000 2.061692 -3.125000
v -3.125000 1.419045 -2.343750
v -3.125000 0.831194 -1.562500
v -3.125000 0.359773 -0.781250
v -3.125000 0.069797 -0.000000
v -3.125000 0.012646 0.781250
v -3.125000 0.129568 1.562500
v -3.125000 0.337893 2.343750
v -3.125000 0.574919 3.125000
v -3.125000 0.797911 3.906250
v -3.125000 0.984101 4.687500
v -3.125000 1.154466 5.468750
v -3.125000 1.253940 6.250000
v -3.125000 1.242132 7.031250
v -3.125000 1.113267 7.812500
v -3.125000 0.880838 8.593750
v -3.125000 0.627498 9.375001
v -3.125000 0.580549 10.156250
v -3.125000 1.050088 10.937501
v -3.125000 -2.137957 11.718750
v -3.125000 -2.137957 12.500000
v -2.343750 -2.137957 -12.500000
v -2.343750 -2.137957 -11.718750
v -2.343750 3.323853 -10.937500
v -2.343750 3.645641 -10.156250
v -2.343750 3.879752 -9.375001
v -2.343750 4.041204 -8.593750
v -2.343750 4.110934 -7.812500
v -2.343750 4.066223 -7.031250
v -2.343750 3.893699 -6.250000
v -2.343750 3.589335 -5.468750
v -2.343750 3.158074 -4.687500
v -2.343750 2.605294 -3.906250
v -2.343750 1.961426 -3.125000
v -2.343750 1.275928 -2.343750
v -2.343750 0.610071 -1.562500
v -2.343750 0.036930 -0.781250
v -2.343750 -0.358611 -0.000000
v -2.343750 -0.498303 0.781250
v -2.343750 -0.431367 1.562500
v -2.343750 -0.242106 2.343750
v -2.343750 0.002733 3.125000
v -2.343750 0.253952 3.906250
v -2.343750 0.479909 4.687500
v -2.343750 0.700751 5.468750
v -2.343750 0.860861 6.250000
v -2.343750 0.907165 7.031250
v -2.343750 0.828769 7.812500
v -2.343750 0.633612 8.593750
v -2.343750 0.409836 9.375000
v -2.343750 0.405450 10.156250
v -2.343750 0.911680 10.937500
v -2.343750 -2.137957 11.718750
v -2.343750 -2.137957 12.500000
v -1.562500 -2.137957 -12.500000
v -1.562500 -2.137957 -11.718751
v -1.562500 2.432840 -10.937500
v -1.562500 2.809721 -10.156250
v -1.562500 3.092899 -9.375000
v -1.562500 3.316536 -8.593750
v -1.562500 3.462768 -7.812500
v -1.562500 3.502489 -7.031250
v -1.562500 3.414377 -6.250000
v -1.562500 3.184895 -5.468750
v -1.562500 2.808388 -4.687500
v -1.562500 2.292148 -3.906250
v -1.562500 1.660042 -3.125000
v -1.562500 0.954209 -2.343750
v -1.562500 0.236287 -1.562500
v -1.562500 -0.412575 -0.781250
v -1.562500 -0.891727 -0.000000
v -1.562500 -1.095462 0.781250
v -1.562500 -1.060629 1.562500
v -1.562500 -0.874268 2.343750
v -1.562500 -0.608073 3.125000
v -1.562500 -0.318388 3.906250
v -1.562500 -0.046211 4.687500
v -1.562500 0.231705 5.468750
v -1.562500 0.455201 6.250000
v -1.562500 0.562047 7.031250
v -1.562500 0.536498 7.812500
v -1.562500 0.381381 8.593750
v -1.562500 0.167020 9.375000
v -1.562500 0.231729 10.156251
v -1.562500 0.774074 10.937500
v -1.562500 -2.137957 11.718750
v -1.562500 -2.137957 12.500001
v -0.781250 -2.137957 -12.500000
v -0.781250 -2.137957 -11.718751
v -0.781250 1.886331 -10.937500
v -0.781250 1.932995 -10.156250
v -0.781250 2.247173 -9.375000
v -0.781250 2.512430 -8.593750
v -0.781250 2.737699 -7.812500
v -0.781250 2.855082 -7.031250
v -0.781250 2.803474 -6.250000
v -0.781250 2.610731 -5.468750
v -0.781250 2.278107 -4.687500
v -0.781250 1.795714 -3.906250
v -0.781250 1.182134 -3.125000
v -0.781250 0.472726 -2.343750
v -0.781250 -0.272036 -1.562500
v -0.781250 -0.966560 -0.781250
v -0.781250 -1.500137 -0.000000
v -0.781250 -1.743337 0.781250
v -0.781250 -1.720279 1.562500
v -0.781250 -1.521434 2.343750
v -0.781250 -1.223533 3.125000
v -0.781250 -0.889567 3.906250
v -0.781250 -0.568786 4.687500
v -0.781250 -0.230824 5.468750
v -0.781250 0.052946 6.250000
v -0.781250 0.217484 7.031250
v -0.781250 0.242836 7.812500
v -0.781250 0.127484 8.593750
v -0.781250 -0.092526 9.375000
v -0.781250 0.068160 10.156250
v -0.781250 0.644215 10.937500
v -0.781250 -2.137957 11.718750
v -0.781250 -2.137957 12.500001
v -0.000000 -2.137957 -12.500001
v -0.000000 -2.137957 -11.718751
v -0.000000 1.979295 -10.937501
v -0.000000 1.600483 -10.156250
v -0.000000 1.491198 -9.375000
v -0.000000 1.837731 -8.593750
v -0.000000 2.116222 -7.812500
v -0.000000 2.261054 -7.031250
v -0.000000 2.232770 -6.250000
v -0.000000 2.018071 -5.468750
v -0.000000 1.644181 -4.687500
v -0.000000 1.179457 -3.906250
v -0.000000 0.578355 -3.125000
v -0.000000 -0.126997 -2.343750
v -0.000000 -0.877184 -1.562500
v -0.000000 -1.585502 -0.781250
v -0.000000 -2.137957 -0.000000
v -0.000000 -1.885375 0.781250
v -0.000000 -1.881891 1.562500
v -0.000000 -1.792309 2.343750
v -0.000000 -1.653855 3.125000
v -0.000000 -1.422022 3.906250
v -0.000000 -1.055869 4.687500
v -0.000000 -0.661027 5.468750
v -0.000000 -0.327626 6.250000
v -0.000000 -0.115404 7.031250
v -0.000000 -0.047242 7.812500
v -0.000000 -0.127619 8.593750
v -0.000000 -0.342617 9.375000
v -0.000000 -0.071915 10.156250
v -0.000000 0.531460 10.937501
v -0.000000 -2.137957 11.718751
v -0.000000 -2.137957 12.500001
v 0.781250 -2.137957 -12.500001
v 0.781250 -2.137957 -11.718750
v 0.781250 1.999554 -10.937500
v 0.781250 1.678174 -10.156250
v 0.781250 1.297292 -9.375000
v 0.781250 1.220781 -8.593750
v 0.781250 1.508495 -7.812500
v 0.781250 1.668061 -7.031250
v 0.781250 1.659600 -6.250000
v 0.781250 1.468550 -5.468750
v 0.781250 1.104938 -4.687500
v 0.781250 0.605364 -3.906250
v 0.781250 0.031673 -3.125000
v 0.781250 -0.646844 -2.343750
v 0.781250 -1.373448 -1.562500
v 0.781250 -2.046997 -0.781250
v 0.781250 -1.666538 -0.000000
v 0.781250 -1.415427 0.781250
v 0.781250 -1.444909 1.562500
v 0.781250 -1.633127 2.343750
v 0.781250 -1.626389 3.125000
v 0.781250 -1.551448 3.906250
v 0.781250 -1.469111 4.687500
v 0.781250 -1.045295 5.468750
v 0.781250 -0.703035 6.250000
v 0.781250 -0.482195 7.031250
v 0.781250 -0.404486 7.812500
v 0.781250 -0.473792 8.593750
v 0.781250 -0.673862 9.375000
v 0.781250 -0.105170 10.156250
v 0.781250 0.499940 10.937500
v 0.781250 -2.137957 11.718751
v 0.781250 -2.137957 12.500000
v 1.562500 -2.137957 -12.500001
v 1.562500 -2.137957 -11.718750
v 1.562500 2.107093 -10.937500
v 1.562500 1.811764 -10.156251
v 1.562500 1.446390 -9.375000
v 1.562500 0.969124 -8.593750
v 1.562500 0.903806 -7.812500
v 1.562500 1.098105 -7.031250
v 1.562500 1.136305 -6.250000
v 1.562500 1.000184 -5.468750
v 1.562500 0.693959 -4.687500
v 1.562500 0.223097 -3.906250
v 1.562500 -0.329259 -3.125000
v 1.562500 -0.949943 -2.343750
v 1.562500 -1.625536 -1.562500
v 1.562500 -1.935261 -0.781250
v 1.562500 -1.469243 -0.000000
v 1.562500 -1.211524 0.781250
v 1.562500 -1.220801 1.562500
v 1.562500 -1.397885 2.343750
v 1.562500 -1.596655 3.125000
v 1.562500 -1.538872 3.906250
v 1.562500 -1.515342 4.687500
v 1.562500 -1.388262 5.468750
v 1.562500 -1.085423 6.250000
v 1.562500 -0.900740 7.031250
v 1.562500 -0.850879 7.812500
v 1.562500 -0.936150 8.593750
v 1.562500 -0.653760 9.375000
v 1.562500 -0.021102 10.156250
v 1.562500 0.552445 10.937500
v 1.562500 -2.137957 11.718751
v 1.562500 -2.137957 12.500000
v 2.343750 -2.137957 -12.500000
v 2.343750 -2.137957 -11.718750
v 2.343750 2.170306 -10.937500
v 2.343750 1.907593 -10.156250
v 2.343750 1.565016 -9.375000
v 2.343750 1.096403 -8.593750
v 2.343750 0.537054 -7.812500
v 2.343750 0.578087 -7.031250
v 2.343750 0.678110 -6.250000
v 2.343750 0.614335 -5.468750
v 2.343750 0.383140 -4.687500
v 2.343750 -0.015647 -3.906250
v 2.343750 -0.521314 -3.125000
v 2.343750 -1.071677 -2.343750
v 2.343750 -1.685482 -1.562500
v 2.343750 -1.780668 -0.781250
v 2.343750 -1.442257 -0.000000
v 2.343750 -1.192915 0.781250
v 2.343750 -1.169955 1.562500
v 2.343750 -1.317325 2.343750
v 2.343750 -1.547023 3.125000
v 2.343750 -1.508078 3.906250
v 2.343750 -1.526577 4.687500
v 2.343750 -1.629618 5.468750
v 2.343750 -1.449330 6.250000
v 2.343750 -1.323066 7.031250
v 2.343750 -1.318328 7.812500
v 2.343750 -1.095661 8.593750
v 2.343750 -0.498546 9.375001
v 2.343750 0.101177 10.156250
v 2.343750 0.620697 10.937500
v 2.343750 -2.137957 11.718750
v 2.343750 -2.137957 12.500000
v 3.125000 -2.137957 -12.500000
v 3.125000 -2.137957 -11.718750
v 3.125000 2.144490 -10.937501
v 3.125000 1.919656 -10.156250
v 3.125000 1.606746 -9.375001
v 3.125000 1.154911 -8.593750
v 3.125000 0.602591 -7.812500
v 3.125000 0.136334 -7.031250
v 3.125000 0.302806 -6.250000
v 3.125000 0.316438 -5.468750
v 3.125000 0.165375 -4.687500
v 3.125000 -0.153272 -3.906250
v 3.125000 -0.568839 -3.125000
v 3.125000 -1.050173 -2.343750
v 3.125000 -1.603737 -1.562500
v 3.125000 -1.621323 -0.781250
v 3.125000 -1.561960 -0.000000
v 3.125000 -1.306117 0.781250
v 3.125000 -1.255558 1.562500
v 3.125000 -1.357383 2.343750
v 3.125000 -1.498836 3.125000
v 3.125000 -1.506338 3.906250
v 3.125000 -1.573969 4.687500
v 3.125000 -1.725109 5.468750
v 3.125000 -1.770774 6.250000
v 3.125000 -1.707929 7.031250
v 3.125000 -1.427727 7.812500
v 3.125000 -0.925985 8.593750
v 3.125000 -0.354746 9.375000
v 3.125000 0.200365 10.156250
v 3.125000 0.653176 10.937500
v 3.125000 -2.137957 11.718750
v 3.125000 -2.137957 12.500000
v 3.906250 -2.137957 -12.500000
v 3.906250 -2.137957 -11.718751
v 3.906250 2.008438 -10.937500
v 3.906250 1.827656 -10.156250
v 3.906250 1.551301 -9.375000
v 3.906250 1.125864 -8.593750
v 3.906250 0.591890 -7.812500
v 3.906250 0.005822 -7.031250
v 3.906250 0.030742 -6.250000
v 3.906250 0.115999 -5.468750
v 3.906250 0.039508 -4.687500
v 3.906250 -0.198282 -3.906250
v 3.906250 -0.503654 -3.125000
v 3.906250 -0.926301 -2.343750
v 3.906250 -1.429176 -1.562500
v 3.906250 -1.491352 -0.781250
v 3.906250 -1.495225 -0.000000
v 3.906250 -1.479166 0.781250
v 3.906250 -1.443605 1.562500
v 3.906250 -1.436420 2.343750
v 3.906250 -1.467986 3.125000
v 3.906250 -1.533064 3.906250
v 3.906250 -1.648323 4.687500
v 3.906250 -1.839341 5.468750
v 3.906250 -2.025975 6.250000
v 3.906250 -1.686926 7.031250
v 3.906250 -1.295992 7.812500
v 3.906250 -0.803227 8.593751
v 3.906250 -0.270197 9.375000
v 3.906250 0.232969 10.156251
v 3.906250 0.615121 10.937500
v 3.906250 -2.137957 11.718750
v 3.906250 -2.137957 12.500000
v 4.687500 -2.137957 -12.500000
v 4.687500 -2.137957 -11.718751
v 4.687500 1.764442 -10.937500
v 4.687500 1.637012 -10.156250
v 4.687500 1.408116 -9.375000
v 4.687500 1.034773 -8.593751
v 4.687500 0.523053 -7.812500
v 4.687500 -0.049018 -7.031250
v 4.687500 -0.115168 -6.250000
v 4.687500 0.026594 -5.468750
v 4.687500 0.010339 -4.687500
v 4.687500 -0.108833 -3.906250
v 4.687500 -0.365057 -3.125000
v 4.687500 -0.743673 -2.343750
v 4.687500 -1.209091 -1.562500
v 4.687500 -1.420904 -0.781250
v 4.687500 -1.418474 -0.000000
v 4.687500 -1.403471 0.781250
v 4.687500 -1.382385 1.562500
v 4.687500 -1.385315 2.343750
v 4.687500 -1.435801 3.125000
v 4.687500 -1.550822 3.906250
v 4.687500 -1.735283 4.687500
v 4.687500 -1.950141 5.468750
v 4.687500 -1.961802 6.250000
v 4.687500 -1.602282 7.031250
v 4.687500 -1.200962 7.812500
v 4.687500 -0.760102 8.593750
v 4.687500 -0.274890 9.375000
v 4.687500 0.173308 10.156250
v 4.687500 0.488527 10.937500
v 4.687500 -2.137957 11.718750
v 4.687500 -2.137957 12.500001
v 5.468750 -2.137957 -12.500001
v 5.468750 -2.137957 -11.718751
v 5.468750 1.443188 -10.937501
v 5.468750 1.388981 -10.156250
v 5.468750 1.242298 -9.375000
v 5.468750 0.912120 -8.593750
v 5.468750 0.439217 -7.812500
v 5.468750 -0.109214 -7.031250
v 5.468750 -0.109092 -6.250000
v 5.468750 0.065091 -5.468750
v 5.468750 0.118472 -4.687500
v 5.468750 0.035985 -3.906250
v 5.468750 -0.189664 -3.125000
v 5.468750 -0.541993 -2.343750
v 5.468750 -0.984688 -1.562500
v 5.468750 -1.404999 -0.781250
v 5.468750 -1.351225 -0.000000
v 5.468750 -1.335171 0.781250
v 5.468750 -1.354587 1.562500
v 5.468750 -1.381420 2.343750
v 5.468750 -1.431084 3.125000
v 5.468750 -1.547328 3.906250
v 5.468750 -1.741516 4.687500
v 5.468750 -2.005396 5.468750
v 5.468750 -1.943205 6.250000
v 5.468750 -1.576991 7.031250
v 5.468750 -1.176784 7.812500
v 5.468750 -0.753359 8.593750
v 5.468750 -0.318356 9.375001
v 5.468750 0.086245 10.156250
v 5.468750 0.327835 10.937501
v 5.468750 -2.137957 11.718751
v 5.468750 -2.137957 12.500001
v 6.250000 -2.137957 -12.500001
v 6.250000 -2.137957 -11.718750
v 6.250000 1.076544 -10.937500
v 6.250000 1.089699 -10.156250
v 6.250000 0.991647 -9.375000
v 6.250000 0.706425 -8.593750
v 6.250000 0.279280 -7.812500
v 6.250000 -0.223605 -7.031250
v 6.250000 0.021698 -6.250000
v 6.250000 0.212177 -5.468750
v 6.250000 0.287386 -4.687500
v 6.250000 0.220474 -3.906250
v 6.250000 0.003832 -3.125000
v 6.250000 -0.340986 -2.343750
v 6.250000 -0.739526 -1.562500
v 6.250000 -1.123733 -0.781250
v 6.250000 -1.352229 -0.000000
v 6.250000 -1.347130 0.781250
v 6.250000 -1.384193 1.562500
v 6.250000 -1.428749 2.343750
v 6.250000 -1.464188 3.125000
v 6.250000 -1.564200 3.906250
v 6.250000 -1.739902 4.687500
v 6.250000 -1.988597 5.468750
v 6.250000 -1.899622 6.250000
v 6.250000 -1.597658 7.031250
v 6.250000 -1.259185 7.812500
v 6.250000 -0.861574 8.593750
v 6.250000 -0.462445 9.375000
v 6.250000 -0.108229 10.156250
v 6.250000 0.076543 10.937500
v 6.250000 -2.137957 11.718751
v 6.250000 -2.137957 12.500000
v 7.031250 -2.137957 -12.500001
v 7.031250 -2.137957 -11.718750
v 7.031250 0.637856 -10.937500
v 7.031250 0.714481 -10.156251
v 7.031250 0.661649 -9.375000
v 7.031250 0.422744 -8.593750
v 7.031250 0.048437 -7.812500
v 7.031250 -0.073159 -7.031250
v 7.031250 0.215991 -6.250000
v 7.031250 0.403956 -5.468750
v 7.031250 0.480816 -4.687500
v 7.031250 0.410269 -3.906250
v 7.031250 0.186470 -3.125000
v 7.031250 -0.163004 -2.343750
v 7.031250 -0.509120 -1.562500
v 7.031250 -0.881748 -0.781250
v 7.031250 -1.257492 -0.000000
v 7.031250 -1.473450 0.781250
v 7.031250 -1.509850 1.562500
v 7.031250 -1.539654 2.343750
v 7.031250 -1.553366 3.125000
v 7.031250 -1.624204 3.906250
v 7.031250 -1.760940 4.687500
v 7.031250 -1.934967 5.468750
v 7.031250 -1.902868 6.250000
v 7.031250 -1.647904 7.031250
v 7.031250 -1.369022 7.812500
v 7.031250 -1.074104 8.593750
v 7.031250 -0.721656 9.375000
v 7.031250 -0.412714 10.156251
v 7.031250 -0.268561 10.937500
v 7.031250 -2.137957 11.718751
v 7.031250 -2.137957 12.500000
v 7.812500 -2.137957 -12.500000
v 7.812500 -2.137957 -11.718750
v 7.812500 0.161595 -10.937500
v 7.812500 0.292324 -10.156250
v 7.812500 0.278977 -9.375000
v 7.812500 0.086525 -8.593750
v 7.812500 -0.178556 -7.812500
v 7.812500 0.171275 -7.031250
v 7.812500 0.438124 -6.250000
v 7.812500 0.605486 -5.468750
v 7.812500 0.663883 -4.687500
v 7.812500 0.572617 -3.906250
v 7.812500 0.329372 -3.125000
v 7.812500 -0.024488 -2.343750
v 7.812500 -0.366499 -1.562500
v 7.812500 -0.746294 -0.781250
v 7.812500 -1.129045 -0.000000
v 7.812500 -1.438400 0.781250
v 7.812500 -1.642600 1.562500
v 7.812500 -1.718220 2.343750
v 7.812500 -1.712244 3.125000
v 7.812500 -1.714490 3.906250
v 7.812500 -1.717323 4.687500
v 7.812500 -1.744191 5.468750
v 7.812500 -1.809462 6.250000
v 7.812500 -1.764862 7.031250
v 7.812500 -1.548571 7.812500
v 7.812500 -1.319512 8.593750
v 7.812500 -1.073543 9.375000
v 7.812500 -0.803624 10.156250
v 7.812500 -0.682818 10.937500
v 7.812500 -2.137957 11.718750
v 7.812500 -2.137957 12.500000
v 8.593750 -2.137957 -12.500000
v 8.593750 -2.137957 -11.718750
v 8.593750 -0.296594 -10.937501
v 8.593750 -0.125533 -10.156250
v 8.593751 -0.107228 -9.375001
v 8.593750 -0.255094 -8.593750
v 8.593750 0.100512 -7.812500
v 8.593750 0.419420 -7.031250
v 8.593750 0.662830 -6.250000
v 8.593750 0.782126 -5.468750
v 8.593750 0.803866 -4.687500
v 8.593751 0.677113 -3.906250
v 8.593750 0.404224 -3.125000
v 8.593750 0.034345 -2.343750
v 8.593750 -0.337738 -1.562500
v 8.593750 -0.740461 -0.781250
v 8.593750 -1.135578 -0.000000
v 8.593750 -1.437419 0.781250
v 8.593750 -1.592816 1.562500
v 8.593750 -1.635809 2.343750
v 8.593750 -1.633033 3.125000
v 8.593750 -1.608624 3.906250
v 8.593751 -1.579457 4.687500
v 8.593750 -1.557902 5.468750
v 8.593750 -1.571266 6.250000
v 8.593750 -1.646984 7.031250
v 8.593750 -1.791440 7.812500
v 8.593750 -1.628304 8.593750
v 8.593750 -1.445565 9.375000
v 8.593751 -1.243272 10.156250
v 8.593750 -1.129491 10.937501
v 8.593750 -2.137957 11.718750
v 8.593750 -2.137957 12.500000
v 9.375000 -2.137957 -12.500000
v 9.375000 -2.137957 -11.718750
v 9.375001 -0.616211 -10.937500
v 9.375000 -0.462609 -10.156250
v 9.375000 -0.425365 -9.375000
v 9.375000 -0.013214 -8.593750
v 9.375000 0.371611 -7.812500
v 9.375000 0.689444 -7.031250
v 9.375000 0.886328 -6.250000
v 9.375001 0.939220 -5.468750
v 9.375000 0.870202 -4.687500
v 9.375000 0.695709 -3.906250
v 9.375000 0.383279 -3.125000
v 9.375001 -0.022394 -2.343750
v 9.375000 -0.438815 -1.562500
v 9.375000 -0.872991 -0.781250
v 9.375000 -1.281361 -0.000000
v 9.375000 -1.527561 0.781250
v 9.375000 -1.634113 1.562500
v 9.375000 -1.658050 2.343750
v 9.375001 -1.627628 3.125000
v 9.375000 -1.563840 3.906250
v 9.375000 -1.480412 4.687500
v 9.375000 -1.390936 5.468750
v 9.375000 -1.335308 6.250000
v 9.375000 -1.349469 7.031250
v 9.375000 -1.455482 7.812500
v 9.375001 -1.661628 8.593751
v 9.375000 -1.852067 9.375000
v 9.375000 -1.679866 10.156250
v 9.375000 -1.559765 10.937500
v 9.375001 -2.137957 11.718750
v 9.375000 -2.137957 12.500000
v 10.156251 -2.137957 -12.500000
v 10.156250 -2.137957 -11.718751
v 10.156250 -0.803115 -10.937500
v 10.156250 -0.585511 -10.156251
v 10.156250 -0.178578 -9.375000
v 10.156250 0.242037 -8.593751
v 10.156250 0.613038 -7.812500
v 10.156251 0.885526 -7.031250
v 10.156250 1.025844 -6.250000
v 10.156250 1.015581 -5.468750
v 10.156250 0.852615 -4.687500
v 10.156251 0.603583 -3.906250
v 10.156250 0.239431 -3.125000
v 10.156250 -0.203322 -2.343750
v 10.156250 -0.666454 -1.562500
v 10.156250 -0.993892 -0.781250
v 10.156250 -0.997297 -0.000000
v 10.156250 -1.040516 0.781250
v 10.156251 -1.178652 1.562500
v 10.156250 -1.381899 2.343750
v 10.156250 -1.616484 3.125000
v 10.156250 -1.532017 3.906250
v 10.156250 -1.367862 4.687500
v 10.156250 -1.247850 5.468750
v 10.156250 -1.117454 6.250000
v 10.156251 -1.065927 7.031250
v 10.156250 -1.119624 7.812500
v 10.156250 -1.291508 8.593750
v 10.156250 -1.561236 9.375000
v 10.156251 -1.882093 10.156250
v 10.156250 -1.952998 10.937500
v 10.156250 -2.137957 11.718750
v 10.156250 -2.137957 12.500001
v 10.937500 -2.137957 -12.500001
v 10.937500 -2.137957 -11.718751
v 10.937501 -0.675274 -10.937500
v 10.937500 -0.287439 -10.156250
v 10.937500 0.137633 -9.375000
v 10.937501 0.548243 -8.593750
v 10.937500 0.881358 -7.812500
v 10.937500 1.094408 -7.031250
v 10.937500 1.160459 -6.250000
v 10.937501 1.068214 -5.468750
v 10.937500 0.822830 -4.687500
v 10.937500 0.467291 -3.906250
v 10.937500 0.032425 -3.125000
v 10.937500 -0.456159 -2.343750
v 10.937500 -0.427541 -1.562500
v 10.937500 -0.342277 -0.781250
v 10.937501 -0.355278 -0.000000
v 10.937500 -0.456528 0.781250
v 10.937500 -0.660702 1.562500
v 10.937500 -0.940621 2.343750
v 10.937501 -1.224991 3.125000
v 10.937500 -1.483094 3.906250
v 10.937500 -1.223647 4.687500
v 10.937501 -1.011708 5.468750
v 10.937500 -0.852723 6.250000
v 10.937500 -0.758150 7.031250
v 10.937500 -0.743349 7.812500
v 10.937501 -0.827159 8.593750
v 10.937500 -1.031901 9.375001
v 10.937500 -1.360359 10.156250
v 10.937500 -1.717278 10.937501
v 10.937500 -2.137957 11.718750
v 10.937500 -2.137957 12.500001
v 11.718751 -2.137957 -12.500001
v 11.718751 -2.137957 -11.718750
v 11.718750 -2.137957 -10.937500
v 11.718750 -2.137957 -10.156250
v 11.718750 -2.137957 -9.375001
v 11.718750 -2.137957 -8.593750
v 11.718750 -2.137957 -7.812500
v 11.718751 -2.137957 -7.031250
v 11.718751 -2.137957 -6.250000
v 11.718751 -2.137957 -5.468750
v 11.718750 -2.137957 -4.687500
v 11.718750 -2.137957 -3.906250
v 11.718750 -2.137957 -3.125000
v 11.718750 -2.137957 -2.343750
v 11.718751 -2.137957 -1.562500
v 11.718751 -2.137957 -0.781250
v 11.718751 -2.137957 -0.000000
v 11.718750 -2.137957 0.781250
v 11.718750 -2.137957 1.562500
v 11.718750 -2.137957 2.343750
v 11.718750 -2.137957 3.125000
v 11.718751 -2.137957 3.906250
v 11.718751 -2.137957 4.687500
v 11.718751 -2.137957 5.468750
v 11.718750 -2.137957 6.250000
v 11.718750 -2.137957 7.031250
v 11.718750 -2.137957 7.812500
v 11.718750 -2.137957 8.593750
v 11.718750 -2.137957 9.375000
v 11.718751 -2.137957 10.156250
v 11.718751 -2.137957 10.937500
v 11.718750 -2.137957 11.718751
v 11.718750 -2.137957 12.500001
v 12.500000 -2.137957 -12.500001
v 12.500001 -2.137957 -11.718750
v 12.500001 -2.137957 -10.937500
v 12.500001 -2.137957 -10.156250
v 12.500000 -2.137957 -9.375000
v 12.500000 -2.137957 -8.593750
v 12.500000 -2.137957 -7.812500
v 12.500000 -2.137957 -7.031250
v 12.500000 -2.137957 -6.250000
v 12.500001 -2.137957 -5.468750
v 12.500001 -2.137957 -4.687500
v 12.500000 -2.137957 -3.906250
v 12.500000 -2.137957 -3.125000
v 12.500000 -2.137957 -2.343750
v 12.500000 -2.137957 -1.562500
v 12.500000 -2.137957 -0.781250
v 12.500001 -2.137957 -0.000000
v 12.500001 -2.137957 0.781250
v 12.500001 -2.137957 1.562500
v 12.500000 -2.137957 2.343750
v 12.500000 -2.137957 3.125000
v 12.500000 -2.137957 3.906250
v 12.500000 -2.137957 4.687500
v 12.500001 -2.137957 5.468750
v 12.500001 -2.137957 6.250000
v 12.500001 -2.137957 7.031250
v 12.500000 -2.137957 7.812500
v 12.500000 -2.137957 8.593750
v 12.500000 -2.137957 9.375000
v 12.500000 -2.137957 10.156251
v 12.500001 -2.137957 10.937500
v 12.500001 -2.137957 11.718751
v 12.500001 -2.137957 12.500000
# 1089 vertices

vt 0.000000 0.968750
vt 0.000000 1.000000
vt 0.031250 0.968750
vt 0.031250 1.000000
vt 0.062500 0.968750
vt 0.062500 1.000000
vt 0.093750 0.968750
vt 0.093750 1.000000
vt 0.125000 0.968750
vt 0.125000 1.000000
vt 0.156250 0.968750
vt 0.156250 1.000000
vt 0.187500 0.968750
vt 0.187500 1.000000
vt 0.218750 0.968750
vt 0.218750 1.000000
vt 0.250000 0.968750
vt 0.250000 1.000000
vt 0.281250 0.968750
vt 0.281250 1.000000
vt 0.312500 0.968750
vt 0.312500 1.000000
vt 0.343750 0.968750
vt 0.343750 1.000000
vt 0.375000 0.968750
vt 0.375000 1.000000
vt 0.406250 0.968750
vt 0.406250 1.000000
vt 0.437500 0.968750
vt 0.437500 1.000000
vt 0.468750 0.968750
vt 0.468750 1.000000
vt 0.500000 0.968750
vt 0.500000 1.000000
vt 0.531250 0.968750
vt 0.531250 1.000000
vt 0.562500 0.968750
vt 0.562500 1.000000
vt 0.593750 0.968750
vt 0.593750 1.000000
vt 0.625000 0.968750
vt 0.625000 1.000000
vt 0.656250 0.968750
vt 0.656250 1.000000
vt 0.687500 0.968750
vt 0.687500 1.000000
vt 0.718750 0.968750
vt 0.718750 1.000000
vt 0.750000 0.968750
vt 0.750000 1.000000
vt 0.781250 0.968750
vt 0.781250 1.000000
vt 0.812500 0.968750
vt 0.812500 1.000000
vt 0.843750 0.968750
vt 0.843750 1.000000
vt 0.875000 0.968750
vt 0.875000 1.000000
vt 0.906250 0.968750
vt 0.906250 1.000000
vt 0.937500 0.968750
vt 0.937500 1.000000
vt 0.968750 0.968750
vt 0.968750 1.000000
vt 1.000000 0.968750
vt 1.000000 1.000000
vt 0.000000 0.937500
vt 0.031250 0.937500
vt 0.062500 0.937500
vt 0.093750 0.937500
vt 0.125000 0.937500
vt 0.156250 0.937500
vt 0.187500 0.937500
vt 0.218750 0.937500
vt 0.250000 0.937500
vt 0.281250 0.937500
vt 0.312500 0.937500
vt 0.343750 0.937500
vt 0.375000 0.937500
vt 0.406250 0.937500
vt 0.437500 0.937500
vt 0.468750 0.937500
vt 0.500000 0.937500
vt 0.531250 0.937500
vt 0.562500 0.937500
vt 0.593750 0.937500
vt 0.625000 0.937500
vt 0.656250 0.937500
vt 0.687500 0.937500
vt 0.718750 0.937500
vt 0.750000 0.937500
vt 0.781250 0.937500
vt 0.812500 0.937500
vt 0.843750 0.937500
vt 0.875000 0.937500
vt 0.906250 0.937500
vt 0.937500 0.937500
vt 0.968750 0.937500
vt 1.000000 0.937500
vt 0.000000 0.906250
vt 0.031250 0.906250
vt 0.062500 0.906250
vt 0.093750 0.906250
vt 0.125000 0.906250
vt 0.156250 0.906250
vt 0.187500 0.906250
vt 0.218750 0.906250
vt 0.250000 0.906250
vt 0.281250 0.906250
vt 0.312500 0.906250
vt 0.343750 0.906250
vt 0.375000 0.906250
vt 0.406250 0.906250
vt 0.437500 0.906250
vt 0.468750 0.906250
vt 0.500000 0.906250
vt 0.531250 0.906250
vt 0.562500 0.906250
vt 0.593750 0.906250
vt 0.625000 0.906250
vt 0.656250 0.906250
vt 0.687500 0.906250
vt 0.718750 0.906250
vt 0.750000 0.906250
vt 0.781250 0.906250
vt 0.812500 0.906250
vt 0.843750 0.906250
vt 0.875000 0.906250
vt 0.906250 0.906250
vt 0.937500 0.906250
vt 0.968750 0.906250
vt 1.000000 0.906250
vt 0.000000 0.875000
vt 0.031250 0.875000
vt 0.062500 0.875000
vt 0.093750 0.875000
vt 0.125000 0.875000
vt 0.156250 0.875000
vt 0.187500 0.875000
vt 0.218750 0.875000
vt 0.250000 0.875000
vt 0.281250 0.875000
vt 0.312500 0.875000
vt 0.343750 0.875000
vt 0.375000 0.875000
vt 0.406250 0.875000
vt 0.437500 0.875000
vt 0.468750 0.875000
vt 0.500000 0.875000
vt 0.531250 0.875000
vt 0.562500 0.875000
vt 0.593750 0.875000
vt 0.625000 0.875000
vt 0.656250 0.875000
vt 0.687500 0.875000
vt 0.718750 0.875000
vt 0.750000 0.875000
vt 0.781250 0.875000
vt 0.812500 0.875000
vt 0.843750 0.875000
vt 0.875000 0.875000
vt 0.906250 0.875000
vt 0.937500 0.875000
vt 0.968750 0.875000
vt 1.000000 0.875000
vt 0.000000 0.843750
vt 0.031250 0.843750
vt 0.062500 0.843750
vt 0.093750 0.843750
vt 0.125000 0.843750
vt 0.156250 0.843750
vt 0.187500 0.843750
vt 0.218750 0.843750
vt 0.250000 0.843750
vt 0.281250 0.843750
vt 0.312500 0.843750
vt 0.343750 0.843750
vt 0.375000 0.843750
vt 0.406250 0.843750
vt 0.437500 0.843750
vt 0.468750 0.843750
vt 0.500000 0.843750
vt 0.531250 0.843750
vt 0.562500 0.843750
vt 0.593750 0.843750
vt 0.625000 0.843750
vt 0.656250 0.843750
vt 0.687500 0.843750
vt 0.718750 0.843750
vt 0.750000 0.843750
vt 0.781250 0.843750
vt 0.812500 0.843750
vt 0.843750 0.843750
vt 0.875000 0.843750
vt 0.906250 0.843750
vt 0.937500 0.843750
vt 0.968750 0.843750
vt 1.000000 0.843750
vt 0.000000 0.812500
vt 0.031250 0.812500
vt 0.062500 0.812500
vt 0.093750 0.812500
vt 0.125000 0.812500
vt 0.156250 0.812500
vt 0.187500 0.812500
vt 0.218750 0.812500
vt 0.250000 0.812500
vt 0.281250 0.812500
vt 0.312500 0.812500
vt 0.343750 0.812500
vt 0.375000 0.812500
vt 0.406250 0.812500
vt 0.437500 0.812500
vt 0.468750 0.812500
vt 0.500000 0.812500
vt 0.531250 0.812500
vt 0.562500 0.812500
vt 0.593750 0.812500
vt 0.625000 0.812500
vt 0.656250 0.812500
vt 0.687500 0.812500
vt 0.718750 0.812500
vt 0.750000 0.812500
vt 0.781250 0.812500
vt 0.812500 0.812500
vt 0.843750 0.812500
vt 0.875000 0.812500
vt 0.906250 0.812500
vt 0.937500 0.812500
vt 0.968750 0.812500
vt 1.000000 0.812500
vt 0.000000 0.781250
vt 0.031250 0.781250
vt 0.062500 0.781250
vt 0.093750 0.781250
vt 0.125000 0.781250
vt 0.156250 0.781250
vt 0.187500 0.781250
vt 0.218750 0.781250
vt 0.250000 0.781250
vt 0.281250 0.781250
vt 0.312500 0.781250
vt 0.343750 0.781250
vt 0.375000 0.781250
vt 0.406250 0.781250
vt 0.437500 0.781250
vt 0.468750 0.781250
vt 0.500000 0.781250
vt 0.531250 0.781250
vt 0.562500 0.781250
vt 0.593750 0.781250
vt 0.625000 0.781250
vt 0.656250 0.781250
vt 0.687500 0.781250
vt 0.718750 0.781250
vt 0.750000 0.781250
vt 0.781250 0.781250
vt 0.812500 0.781250
vt 0.843750 0.781250
vt 0.875000 0.781250
vt 0.906250 0.781250
vt 0.937500 0.781250
vt 0.968750 0.781250
vt 1.000000 0.781250
vt 0.000000 0.750000
vt 0.031250 0.750000
vt 0.062500 0.750000
vt 0.093750 0.750000
vt 0.125000 0.750000
vt 0.156250 0.750000
vt 0.187500 0.750000
vt 0.218750 0.750000
vt 0.250000 0.750000
vt 0.281250 0.750000
vt 0.312500 0.750000
vt 0.343750 0.750000
vt 0.375000 0.750000
vt 0.406250 0.750000
vt 0.437500 0.750000
vt 0.468750 0.750000
vt 0.500000 0.750000
vt 0.531250 0.750000
vt 0.562500 0.750000
vt 0.593750 0.750000
vt 0.625000 0.750000
vt 0.656250 0.750000
vt 0.687500 0.750000
vt 0.718750 0.750000
vt 0.750000 0.750000
vt 0.781250 0.750000
vt 0.812500 0.750000
vt 0.843750 0.750000
vt 0.875000 0.750000
vt 0.906250 0.750000
vt 0.937500 0.750000
vt 0.968750 0.750000
vt 1.000000 0.750000
vt 0.000000 0.718750
vt 0.031250 0.718750
vt 0.062500 0.718750
vt 0.093750 0.718750
vt 0.125000 0.718750
vt 0.156250 0.718750
vt 0.187500 0.718750
vt 0.218750 0.718750
vt 0.250000 0.718750
vt 0.281250 0.718750
vt 0.312500 0.718750
vt 0.343750 0.718750
vt 0.375000 0.718750
vt 0.406250 0.718750
vt 0.437500 0.718750
vt 0.468750 0.718750
vt 0.500000 0.718750
vt 0.531250 0.718750
vt 0.562500 0.718750
vt 0.593750 0.718750
vt 0.625000 0.718750
vt 0.656250 0.718750
vt 0.687500 0.718750
vt 0.718750 0.718750
vt 0.750000 0.718750
vt 0.781250 0.718750
vt 0.812500 0.718750
vt 0.843750 0.718750
vt 0.875000 0.718750
vt 0.906250 0.718750
vt 0.937500 0.718750
vt 0.968750 0.718750
vt 1.000000 0.718750
vt 0.000000 0.687500
vt 0.031250 0.687500
vt 0.062500 0.687500
vt 0.093750 0.687500
vt 0.125000 0.687500
vt 0.156250 0.687500
vt 0.187500 0.687500
vt 0.218750 0.687500
vt 0.250000 0.687500
vt 0.281250 0.687500
vt 0.312500 0.687500
vt 0.343750 0.687500
vt 0.375000 0.687500
vt 0.406250 0.687500
vt 0.437500 0.687500
vt 0.468750 0.687500
vt 0.500000 0.687500
vt 0.531250 0.687500
vt 0.562500 0.687500
vt 0.593750 0.687500
vt 0.625000 0.687500
vt 0.656250 0.687500
vt 0.687500 0.687500
vt 0.718750 0.687500
vt 0.750000 0.687500
vt 0.781250 0.687500
vt 0.812500 0.687500
vt 0.843750 0.687500
vt 0.875000 0.687500
vt 0.906250 0.687500
vt 0.937500 0.687500
vt 0.968750 0.687500
vt 1.000000 0.687500
vt 0.000000 0.656250
vt 0.031250 0.656250
vt 0.062500 0.656250
vt 0.093750 0.656250
vt 0.125000 0.656250
vt 0.156250 0.656250
vt 0.187500 0.656250
vt 0.218750 0.656250
vt 0.250000 0.656250
vt 0.281250 0.656250
vt 0.312500 0.656250
vt 0.343750 0.656250
vt 0.375000 0.656250
vt 0.406250 0.656250
vt 0.437500 0.656250
vt 0.468750 0.656250
vt 0.500000 0.656250
vt 0.531250 0.656250
vt 0.562500 0.656250
vt 0.593750 0.656250
vt 0.625000 0.656250
vt 0.656250 0.656250
vt 0.687500 0.656250
vt 0.718750 0.656250
vt 0.750000 0.656250
vt 0.781250 0.656250
vt 0.812500 0.656250
vt 0.843750 0.656250
vt 0.875000 0.656250
vt 0.906250 0.656250
vt 0.937500 0.656250
vt 0.968750 0.656250
vt 1.000000 0.656250
vt 0.000000 0.625000
vt 0.031250 0.625000
vt 0.062500 0.625000
vt 0.093750 0.625000
vt 0.125000 0.625000
vt 0.156250 0.625000
vt 0.187500 0.625000
vt 0.218750 0.625000
vt 0.250000 0.625000
vt 0.281250 0.625000
vt 0.312500 0.625000
vt 0.343750 0.625000
vt 0.375000 0.625000
vt 0.406250 0.625000
vt 0.437500 0.625000
vt 0.468750 0.625000
vt 0.500000 0.625000
vt 0.531250 0.625000
vt 0.562500 0.625000
vt 0.593750 0.625000
vt 0.625000 0.625000
vt 0.656250 0.625000
vt 0.687500 0.625000
vt 0.718750 0.625000
vt 0.750000 0.625000
vt 0.781250 0.625000
vt 0.812500 0.625000
vt 0.843750 0.625000
vt 0.875000 0.625000
vt 0.906250 0.625000
vt 0.937500 0.625000
vt 0.968750 0.625000
vt 1.000000 0.625000
vt 0.000000 0.593750
vt 0.031250 0.593750
vt 0.062500 0.593750
vt 0.093750 0.593750
vt 0.125000 0.593750
vt 0.156250 0.593750
vt 0.187500 0.593750
vt 0.218750 0.593750
vt 0.250000 0.593750
vt 0.281250 0.593750
vt 0.312500 0.593750
vt 0.343750 0.593750
vt 0.375000 0.593750
vt 0.406250 0.593750
vt 0.437500 0.593750
vt 0.468750 0.593750
vt 0.500000 0.593750
vt 0.531250 0.593750
vt 0.562500 0.593750
vt 0.593750 0.593750
vt 0.625000 0.593750
vt 0.656250 0.593750
vt 0.687500 0.593750
vt 0.718750 0.593750
vt 0.750000 0.593750
vt 0.781250 0.593750
vt 0.812500 0.593750
vt 0.843750 0.593750
vt 0.875000 0.593750
vt 0.906250 0.593750
vt 0.937500 0.593750
vt 0.968750 0.593750
vt 1.000000 0.593750
vt 0.000000 0.562500
vt 0.031250 0.562500
vt 0.062500 0.562500
vt 0.093750 0.562500
vt 0.125000 0.562500
vt 0.156250 0.562500
vt 0.187500 0.562500
vt 0.218750 0.562500
vt 0.250000 0.562500
vt 0.281250 0.562500
vt 0.312500 0.562500
vt 0.343750 0.562500
vt 0.375000 0.562500
vt 0.406250 0.562500
vt 0.437500 0.562500
vt 0.468750 0.562500
vt 0.500000 0.562500
vt 0.531250 0.562500
vt 0.562500 0.562500
vt 0.593750 0.562500
vt 0.625000 0.562500
vt 0.656250 0.562500
vt 0.687500 0.562500
vt 0.718750 0.562500
vt 0.750000 0.562500
vt 0.781250 0.562500
vt 0.812500 0.562500
vt 0.843750 0.562500
vt 0.875000 0.562500
vt 0.906250 0.562500
vt 0.937500 0.562500
vt 0.968750 0.562500
vt 1.000000 0.562500
vt 0.000000 0.531250
vt 0.031250 0.531250
vt 0.062500 0.531250
vt 0.093750 0.531250
vt 0.125000 0.531250
vt 0.156250 0.531250
vt 0.187500 0.531250
vt 0.218750 0.531250
vt 0.250000 0.531250
vt 0.281250 0.531250
vt 0.312500 0.531250
vt 0.343750 0.531250
vt 0.375000 0.531250
vt 0.406250 0.531250
vt 0.437500 0.531250
vt 0.468750 0.531250
vt 0.500000 0.531250
vt 0.531250 0.531250
vt 0.562500 0.531250
vt 0.593750 0.531250
vt 0.625000 0.531250
vt 0.656250 0.531250
vt 0.687500 0.531250
vt 0.718750 0.531250
vt 0.750000 0.531250
vt 0.781250 0.531250
vt 0.812500 0.531250
vt 0.843750 0.531250
vt 0.875000 0.531250
vt 0.906250 0.531250
vt 0.937500 0.531250
vt 0.968750 0.531250
vt 1.000000 0.531250
vt 0.000000 0.500000
vt 0.031250 0.500000
vt 0.062500 0.500000
vt 0.093750 0.500000
vt 0.125000 0.500000
vt 0.156250 0.500000
vt 0.187500 0.500000
vt 0.218750 0.500000
vt 0.250000 0.500000
vt 0.281250 0.500000
vt 0.312500 0.500000
vt 0.343750 0.500000
vt 0.375000 0.500000
vt 0.406250 0.500000
vt 0.437500 0.500000
vt 0.468750 0.500000
vt 0.500000 0.500000
vt 0.531250 0.500000
vt 0.562500 0.500000
vt 0.593750 0.500000
vt 0.625000 0.500000
vt 0.656250 0.500000
vt 0.687500 0.500000
vt 0.718750 0.500000
vt 0.750000 0.500000
vt 0.781250 0.500000
vt 0.812500 0.500000
vt 0.843750 0.500000
vt 0.875000 0.500000
vt 0.906250 0.500000
vt 0.937500 0.500000
vt 0.968750 0.500000
vt 1.000000 0.500000
vt 0.000000 0.468750
vt 0.031250 0.468750
vt 0.062500 0.468750
vt 0.093750 0.468750
vt 0.125000 0.468750
vt 0.156250 0.468750
vt 0.187500 0.468750
vt 0.218750 0.468750
vt 0.250000 0.468750
vt 0.281250 0.468750
vt 0.312500 0.468750
vt 0.343750 0.468750
vt 0.375000 0.468750
vt 0.406250 0.468750
vt 0.437500 0.468750
vt 0.468750 0.468750
vt 0.500000 0.468750
vt 0.531250 0.468750
vt 0.562500 0.468750
vt 0.593750 0.468750
vt 0.625000 0.468750
vt 0.656250 0.468750
vt 0.687500 0.468750
vt 0.718750 0.468750
vt 0.750000 0.468750
vt 0.781250 0.468750
vt 0.812500 0.468750
vt 0.843750 0.468750
vt 0.875000 0.468750
vt 0.906250 0.468750
vt 0.937500 0.468750
vt 0.968750 0.468750
vt 1.000000 0.468750
vt 0.000000 0.437500
vt 0.031250 0.437500
vt 0.062500 0.437500
vt 0.093750 0.437500
vt 0.125000 0.437500
vt 0.156250 0.437500
vt 0.187500 0.437500
vt 0.218750 0.437500
vt 0.250000 0.437500
vt 0.281250 0.437500
vt 0.312500 0.437500
vt 0.343750 0.437500
vt 0.375000 0.437500
vt 0.406250 0.437500
vt 0.437500 0.437500
vt 0.468750 0.437500
vt 0.500000 0.437500
vt 0.531250 0.437500
vt 0.562500 0.437500
vt 0.593750 0.437500
vt 0.625000 0.437500
vt 0.656250 0.437500
vt 0.687500 0.437500
vt 0.718750 0.437500
vt 0.750000 0.437500
vt 0.781250 0.437500
vt 0.812500 0.437500
vt 0.843750 0.437500
vt 0.875000 0.437500
vt 0.906250 0.437500
vt 0.937500 0.437500
vt 0.968750 0.437500
vt 1.000000 0.437500
vt 0.000000 0.406250
vt 0.031250 0.406250
vt 0.062500 0.406250
vt 0.093750 0.406250
vt 0.125000 0.406250
vt 0.156250 0.406250
vt 0.187500 0.406250
vt 0.218750 0.406250
vt 0.250000 0.406250
vt 0.281250 0.406250
vt 0.312500 0.406250
vt 0.343750 0.406250
vt 0.375000 0.406250
vt 0.406250 0.406250
vt 0.437500 0.406250
vt 0.468750 0.406250
vt 0.500000 0.406250
vt 0.531250 0.406250
vt 0.562500 0.406250
vt 0.593750 0.406250
vt 0.625000 0.406250
vt 0.656250 0.406250
vt 0.687500 0.406250
vt 0.718750 0.406250
vt 0.750000 0.406250
vt 0.781250 0.406250
vt 0.812500 0.406250
vt 0.843750 0.406250
vt 0.875000 0.406250
vt 0.906250 0.406250
vt 0.937500 0.406250
vt 0.968750 0.406250
vt 1.000000 0.406250
vt 0.000000 0.375000
vt 0.031250 0.375000
vt 0.062500 0.375000
vt 0.093750 0.375000
vt 0.125000 0.375000
vt 0.156250 0.375000
vt 0.187500 0.375000
vt 0.218750 0.375000
vt 0.250000 0.375000
vt 0.281250 0.375000
vt 0.312500 0.375000
vt 0.343750 0.375000
vt 0.375000 0.375000
vt 0.406250 0.375000
vt 0.437500 0.375000
vt 0.468750 0.375000
vt 0.500000 0.375000
vt 0.531250 0.375000
vt 0.562500 0.375000
vt 0.593750 0.375000
vt 0.625000 0.375000
vt 0.656250 0.375000
vt 0.687500 0.375000
vt 0.718750 0.375000
vt 0.750000 0.375000
vt 0.781250 0.375000
vt 0.812500 0.375000
vt 0.843750 0.375000
vt 0.875000 0.375000
vt 0.906250 0.375000
vt 0.937500 0.375000
vt 0.968750 0.375000
vt 1.000000 0.375000
vt 0.000000 0.343750
vt 0.031250 0.343750
vt 0.062500 0.343750
vt 0.093750 0.343750
vt 0.125000 0.343750
vt 0.156250 0.343750
vt 0.187500 0.343750
vt 0.218750 0.343750
vt 0.250000 0.343750
vt 0.281250 0.343750
vt 0.312500 0.343750
vt 0.343750 0.343750
vt 0.375000 0.343750
vt 0.406250 0.343750
vt 0.437500 0.343750
vt 0.468750 0.343750
vt 0.500000 0.343750
vt 0.531250 0.343750
vt 0.562500 0.343750
vt 0.593750 0.343750
vt 0.625000 0.343750
vt 0.656250 0.343750
vt 0.687500 0.343750
vt 0.718750 0.343750
vt 0.750000 0.343750
vt 0.781250 0.343750
vt 0.812500 0.343750
vt 0.843750 0.343750
vt 0.875000 0.343750
vt 0.906250 0.343750
vt 0.937500 0.343750
vt 0.968750 0.343750
vt 1.000000 0.343750
vt 0.000000 0.312500
vt 0.031250 0.312500
vt 0.062500 0.312500
vt 0.093750 0.312500
vt 0.125000 0.312500
vt 0.156250 0.312500
vt 0.187500 0.312500
vt 0.218750 0.312500
vt 0.250000 0.312500
vt 0.281250 0.312500
vt 0.312500 0.312500
vt 0.343750 0.312500
vt 0.375000 0.312500
vt 0.406250 0.312500
vt 0.437500 0.312500
vt 0.468750 0.312500
vt 0.500000 0.312500
vt 0.531250 0.312500
vt 0.562500 0.312500
vt 0.593750 0.312500
vt 0.625000 0.312500
vt 0.656250 0.312500
vt 0.687500 0.312500
vt 0.718750 0.312500
vt 0.750000 0.312500
vt 0.781250 0.312500
vt 0.812500 0.312500
vt 0.843750 0.312500
vt 0.875000 0.312500
vt 0.906250 0.312500
vt 0.937500 0.312500
vt 0.968750 0.312500
vt 1.000000 0.312500
vt 0.000000 0.281250
vt 0.031250 0.281250
vt 0.062500 0.281250
vt 0.093750 0.281250
vt 0.125000 0.281250
vt 0.156250 0.281250
vt 0.187500 0.281250
vt 0.218750 0.281250
vt 0.250000 0.281250
vt 0.281250 0.281250
vt 0.312500 0.281250
vt 0.343750 0.281250
vt 0.375000 0.281250
vt 0.406250 0.281250
vt 0.437500 0.281250
vt 0.468750 0.281250
vt 0.500000 0.281250
vt 0.531250 0.281250
vt 0.562500 0.281250
vt 0.593750 0.281250
vt 0.625000 0.281250
vt 0.656250 0.281250
vt 0.687500 0.281250
vt 0.718750 0.281250
vt 0.750000 0.281250
vt 0.781250 0.281250
vt 0.812500 0.281250
vt 0.843750 0.281250
vt 0.875000 0.281250
vt 0.906250 0.281250
vt 0.937500 0.281250
vt 0.968750 0.281250
vt 1.000000 0.281250
vt 0.000000 0.250000
vt 0.031250 0.250000
vt 0.062500 0.250000
vt 0.093750 0.250000
vt 0.125000 0.250000
vt 0.156250 0.250000
vt 0.187500 0.250000
vt 0.218750 0.250000
vt 0.250000 0.250000
vt 0.281250 0.250000
vt 0.312500 0.250000
vt 0.343750 0.250000
vt 0.375000 0.250000
vt 0.406250 0.250000
vt 0.437500 0.250000
vt 0.468750 0.250000
vt 0.500000 0.250000
vt 0.531250 0.250000
vt 0.562500 0.250000
vt 0.593750 0.250000
vt 0.625000 0.250000
vt 0.656250 0.250000
vt 0.687500 0.250000
vt 0.718750 0.250000
vt 0.750000 0.250000
vt 0.781250 0.250000
vt 0.812500 0.250000
vt 0.843750 0.250000
vt 0.875000 0.250000
vt 0.906250 0.250000
vt 0.937500 0.250000
vt 0.968750 0.250000
vt 1.000000 0.250000
vt 0.000000 0.218750
vt 0.031250 0.218750
vt 0.062500 0.218750
vt 0.093750 0.218750
vt 0.125000 0.218750
vt 0.156250 0.218750
vt 0.187500 0.218750
vt 0.218750 0.218750
vt 0.250000 0.218750
vt 0.281250 0.218750
vt 0.312500 0.218750
vt 0.343750 0.218750
vt 0.375000 0.218750
vt 0.406250 0.218750
vt 0.437500 0.218750
vt 0.468750 0.218750
vt 0.500000 0.218750
vt 0.531250 0.218750
vt 0.562500 0.218750
vt 0.593750 0.218750
vt 0.625000 0.218750
vt 0.656250 0.218750
vt 0.687500 0.218750
vt 0.718750 0.218750
vt 0.750000 0.218750
vt 0.781250 0.218750
vt 0.812500 0.218750
vt 0.843750 0.218750
vt 0.875000 0.218750
vt 0.906250 0.218750
vt 0.937500 0.218750
vt 0.968750 0.218750
vt 1.000000 0.218750
vt 0.000000 0.187500
vt 0.031250 0.187500
vt 0.062500 0.187500
vt 0.093750 0.187500
vt 0.125000 0.187500
vt 0.156250 0.187500
vt 0.187500 0.187500
vt 0.218750 0.187500
vt 0.250000 0.187500
vt 0.281250 0.187500
vt 0.312500 0.187500
vt 0.343750 0.187500
vt 0.375000 0.187500
vt 0.406250 0.187500
vt 0.437500 0.187500
vt 0.468750 0.187500
vt 0.500000 0.187500
vt 0.531250 0.187500
vt 0.562500 0.187500
vt 0.593750 0.187500
vt 0.625000 0.187500
vt 0.656250 0.187500
vt 0.687500 0.187500
vt 0.718750 0.187500
vt 0.750000 0.187500
vt 0.781250 0.187500
vt 0.812500 0.187500
vt 0.843750 0.187500
vt 0.875000 0.187500
vt 0.906250 0.187500
vt 0.937500 0.187500
vt 0.968750 0.187500
vt 1.000000 0.187500
vt 0.000000 0.156250
vt 0.031250 0.156250
vt 0.062500 0.156250
vt 0.093750 0.156250
vt 0.125000 0.156250
vt 0.156250 0.156250
vt 0.187500 0.156250
vt 0.218750 0.156250
vt 0.250000 0.156250
vt 0.281250 0.156250
vt 0.312500 0.156250
vt 0.343750 0.156250
vt 0.375000 0.156250
vt 0.406250 0.156250
vt 0.437500 0.156250
vt 0.468750 0.156250
vt 0.500000 0.156250
vt 0.531250 0.156250
vt 0.562500 0.156250
vt 0.593750 0.156250
vt 0.625000 0.156250
vt 0.656250 0.156250
vt 0.687500 0.156250
vt 0.718750 0.156250
vt 0.750000 0.156250
vt 0.781250 0.156250
vt 0.812500 0.156250
vt 0.843750 0.156250
vt 0.875000 0.156250
vt 0.906250 0.156250
vt 0.937500 0.156250
vt 0.968750 0.156250
vt 1.000000 0.156250
vt 0.000000 0.125000
vt 0.031250 0.125000
vt 0.062500 0.125000
vt 0.093750 0.125000
vt 0.125000 0.125000
vt 0.156250 0.125000
vt 0.187500 0.125000
vt 0.218750 0.125000
vt 0.250000 0.125000
vt 0.281250 0.125000
vt 0.312500 0.125000
vt 0.343750 0.125000
vt 0.375000 0.125000
vt 0.406250 0.125000
vt 0.437500 0.125000
vt 0.468750 0.125000
vt 0.500000 0.125000
vt 0.531250 0.125000
vt 0.562500 0.125000
vt 0.593750 0.125000
vt 0.625000 0.125000
vt 0.656250 0.125000
vt 0.687500 0.125000
vt 0.718750 0.125000
vt 0.750000 0.125000
vt 0.781250 0.125000
vt 0.812500 0.125000
vt 0.843750 0.125000
vt 0.875000 0.125000
vt 0.906250 0.125000
vt 0.937500 0.125000
vt 0.968750 0.125000
vt 1.000000 0.125000
vt 0.000000 0.093750
vt 0.031250 0.093750
vt 0.062500 0.093750
vt 0.093750 0.093750
vt 0.125000 0.093750
vt 0.156250 0.093750
vt 0.187500 0.093750
vt 0.218750 0.093750
vt 0.250000 0.093750
vt 0.281250 0.093750
vt 0.312500 0.093750
vt 0.343750 0.093750
vt 0.375000 0.093750
vt 0.406250 0.093750
vt 0.437500 0.093750
vt 0.468750 0.093750
vt 0.500000 0.093750
vt 0.531250 0.093750
vt 0.562500 0.093750
vt 0.593750 0.093750
vt 0.625000 0.093750
vt 0.656250 0.093750
vt 0.687500 0.093750
vt 0.718750 0.093750
vt 0.750000 0.093750
vt 0.781250 0.093750
vt 0.812500 0.093750
vt 0.843750 0.093750
vt 0.875000 0.093750
vt 0.906250 0.093750
vt 0.937500 0.093750
vt 0.968750 0.093750
vt 1.000000 0.093750
vt 0.000000 0.062500
vt 0.031250 0.062500
vt 0.062500 0.062500
vt 0.093750 0.062500
vt 0.125000 0.062500
vt 0.156250 0.062500
vt 0.187500 0.062500
vt 0.218750 0.062500
vt 0.250000 0.062500
vt 0.281250 0.062500
vt 0.312500 0.062500
vt 0.343750 0.062500
vt 0.375000 0.062500
vt 0.406250 0.062500
vt 0.437500 0.062500
vt 0.468750 0.062500
vt 0.500000 0.062500
vt 0.531250 0.062500
vt 0.562500 0.062500
vt 0.593750 0.062500
vt 0.625000 0.062500
vt 0.656250 0.062500
vt 0.687500 0.062500
vt 0.718750 0.062500
vt 0.750000 0.062500
vt 0.781250 0.062500
vt 0.812500 0.062500
vt 0.843750 0.062500
vt 0.875000 0.062500
vt 0.906250 0.062500
vt 0.937500 0.062500
vt 0.968750 0.062500
vt 1.000000 0.062500
vt 0.000000 0.031250
vt 0.031250 0.031250
vt 0.062500 0.031250
vt 0.093750 0.031250
vt 0.125000 0.031250
vt 0.156250 0.031250
vt 0.187500 0.031250
vt 0.218750 0.031250
vt 0.250000 0.031250
vt 0.281250 0.031250
vt 0.312500 0.031250
vt 0.343750 0.031250
vt 0.375000 0.031250
vt 0.406250 0.031250
vt 0.437500 0.031250
vt 0.468750 0.031250
vt 0.500000 0.031250
vt 0.531250 0.031250
vt 0.562500 0.031250
vt 0.593750 0.031250
vt 0.625000 0.031250
vt 0.656250 0.031250
vt 0.687500 0.031250
vt 0.718750 0.031250
vt 0.750000 0.031250
vt 0.781250 0.031250
vt 0.812500 0.031250
vt 0.843750 0.031250
vt 0.875000 0.031250
vt 0.906250 0.031250
vt 0.937500 0.031250
vt 0.968750 0.031250
vt 1.000000 0.031250
vt 0.000000 0.000000
vt 0.031250 0.000000
vt 0.062500 0.000000
vt 0.093750 0.000000
vt 0.125000 0.000000
vt 0.156250 0.000000
vt 0.187500 0.000000
vt 0.218750 0.000000
vt 0.250000 0.000000
vt 0.281250 0.000000
vt 0.312500 0.000000
vt 0.343750 0.000000
vt 0.375000 0.000000
vt 0.406250 0.000000
vt 0.437500 0.000000
vt 0.468750 0.000000
vt 0.500000 0.000000
vt 0.531250 0.000000
vt 0.562500 0.000000
vt 0.593750 0.000000
vt 0.625000 0.000000
vt 0.656250 0.000000
vt 0.687500 0.000000
vt 0.718750 0.000000
vt 0.750000 0.000000
vt 0.781250 0.000000
vt 0.812500 0.000000
vt 0.843750 0.000000
vt 0.875000 0.000000
vt 0.906250 0.000000
vt 0.937500 0.000000
vt 0.968750 0.000000
vt 1.000000 0.000000
# 1089 texture vertices

vn 0.000000 1.000000 0.000000
vn 0.000000 1.000000 0.000000
vn -0.209998 0.954883 -0.209999
vn 0.000000 1.000000 0.000000
vn -0.624351 0.781128 0.004993
vn 0.000000 1.000000 0.000000
vn -0.622420 0.782672 0.004143
vn 0.000000 1.000000 0.000000
vn -0.621749 0.783209 -0.003480
vn 0.000000 1.000000 0.000000
vn -0.623700 0.781621 -0.008109
vn 0.000000 1.000000 0.000000
vn -0.626837 0.779112 -0.007760
vn 0.000000 1.000000 0.000000
vn -0.629417 0.777055 -0.004468
vn 0.000000 1.000000 0.000000
vn -0.630546 0.776152 0.000044
vn 0.000000 1.000000 0.000000
vn -0.630164 0.776456 0.002865
vn 0.000000 1.000000 0.000000
vn -0.628719 0.777614 0.005411
vn 0.000000 1.000000 0.000000
vn -0.625603 0.780057 0.011474
vn 0.000000 1.000000 0.000000
vn -0.619473 0.784814 0.017884
vn 0.000000 1.000000 0.000000
vn -0.609587 0.792366 0.023661
vn 0.000000 1.000000 0.000000
vn -0.595512 0.802884 0.027245
vn 0.000000 1.000000 0.000000
vn -0.578534 0.815271 0.025126
vn 0.000000 1.000000 0.000000
vn -0.573488 0.818038 -0.043874
vn 0.000000 1.000000 0.000000
vn -0.597886 0.799771 -0.053839
vn 0.000000 1.000000 0.000000
vn -0.621191 0.782581 -0.041096
vn 0.000000 1.000000 0.000000
vn -0.635477 0.771563 -0.029304
vn 0.000000 1.000000 0.000000
vn -0.644082 0.764712 -0.019342
vn 0.000000 1.000000 0.000000
vn -0.649148 0.760544 -0.013389
vn 0.000000 1.000000 0.000000
vn -0.652162 0.758060 -0.005504
vn 0.000000 1.000000 0.000000
vn -0.653028 0.757333 0.001238
vn 0.000000 1.000000 0.000000
vn -0.652068 0.758123 0.007597
vn 0.000000 1.000000 0.000000
vn -0.649341 0.760386 0.013028
vn 0.000000 1.000000 0.000000
vn -0.645018 0.763986 0.016653
vn 0.000000 1.000000 0.000000
vn -0.639762 0.768399 0.016389
vn 0.000000 1.000000 0.000000
vn -0.636535 0.771247 -0.000559
vn 0.000000 1.000000 0.000000
vn -0.637244 0.770641 -0.005750
vn 0.000000 1.000000 0.000000
vn -0.359352 0.921133 0.149597
vn 0.000000 1.000000 0.000000
vn 0.000000 1.000000 0.000000
vn 0.000000 1.000000 0.000000
vn 0.000000 1.000000 0.000000
vn 0.000000 1.000000 0.000000
vn 0.000000 1.000000 0.000000
vn -0.008582 0.779728 -0.626059
vn -0.574676 0.704014 -0.417267
vn -0.676867 0.733184 0.065516
vn -0.682117 0.730935 -0.021232
vn -0.700839 0.706189 -0.100604
vn -0.721961 0.681751 -0.118269
vn -0.741756 0.665212 -0.085390
vn -0.755597 0.654532 -0.025719
vn -0.758859 0.650600 0.029183
vn -0.753352 0.654495 0.064012
vn -0.745574 0.653394 0.131136
vn -0.727503 0.653066 0.210344
vn -0.700437 0.658958 0.274158
vn -0.666327 0.678708 0.308811
vn -0.626117 0.721695 0.295184
vn -0.637981 0.749081 -0.178489
vn -0.633348 0.629736 -0.449780
vn -0.652334 0.593875 -0.470927
vn -0.678989 0.602738 -0.419143
vn -0.697804 0.630309 -0.340265
vn -0.699957 0.666840 -0.255706
vn -0.687904 0.708445 -0.157780
vn -0.683734 0.729510 -0.017960
vn -0.675168 0.727896 0.119649
vn -0.663201 0.711797 0.231321
vn -0.649930 0.699234 0.297764
vn -0.635690 0.709195 0.304862
vn -0.621450 0.775409 0.111986
vn -0.605387 0.791832 -0.080678
vn -0.640333 0.459195 0.615722
vn -0.149597 0.921134 0.359352
vn 0.000000 1.000000 0.000000
vn 0.000000 1.000000 0.000000
vn -0.051261 0.775025 -0.629848
vn -0.418587 0.724543 -0.547561
vn -0.322166 0.933443 0.157778
vn -0.169477 0.985036 0.031328
vn -0.090466 0.981213 -0.170402
vn -0.130317 0.967744 -0.215613
vn -0.171464 0.969766 -0.173646
vn -0.207430 0.975172 -0.077539
vn -0.232318 0.972181 0.029869
vn -0.237865 0.966226 0.099136
vn -0.232206 0.952904 0.195075
vn -0.212489 0.922439 0.322420
vn -0.179223 0.890241 0.418749
vn -0.137690 0.873085 0.467722
vn -0.102137 0.889777 0.444821
vn -0.088013 0.988998 -0.118894
vn -0.100561 0.778274 -0.619821
vn -0.099697 0.753940 -0.649334
vn -0.090793 0.793769 -0.601404
vn -0.085401 0.858433 -0.505766
vn -0.074243 0.927887 -0.365396
vn -0.030652 0.974752 -0.221177
vn 0.005344 0.999084 -0.042456
vn 0.020959 0.987994 0.153062
vn 0.032767 0.949249 0.312813
vn 0.041769 0.911916 0.408246
vn 0.049174 0.902907 0.427013
vn 0.061832 0.971195 0.230125
vn 0.079379 0.993678 -0.079394
vn 0.056760 0.818644 0.571490
vn 0.002219 0.769984 0.638059
vn 0.000000 1.000000 0.000000
vn 0.000000 1.000000 0.000000
vn -0.040620 0.762806 -0.645350
vn -0.643211 0.603495 -0.471245
vn -0.677595 0.671955 0.298902
vn -0.559185 0.791467 0.246763
vn -0.240342 0.970040 0.035458
vn 0.088466 0.968794 -0.231544
vn 0.096430 0.974347 -0.203346
vn 0.077598 0.991291 -0.106402
vn 0.057861 0.998271 0.010326
vn 0.047939 0.994023 0.098085
vn 0.044646 0.979459 0.196640
vn 0.034332 0.941594 0.334997
vn 0.028038 0.898548 0.437978
vn 0.027943 0.870677 0.491061
vn -0.017117 0.914583 0.404037
vn -0.136330 0.984404 -0.111186
vn -0.088305 0.774149 -0.626814
vn -0.053239 0.770601 -0.635090
vn -0.017062 0.808522 -0.588219
vn 0.014160 0.870739 -0.491541
vn 0.041823 0.938287 -0.343321
vn 0.075985 0.981671 -0.174783
vn 0.117442 0.992950 -0.016058
vn 0.135061 0.977398 0.162643
vn 0.135494 0.939507 0.314593
vn 0.127841 0.905247 0.405196
vn 0.118342 0.899117 0.421406
vn 0.115064 0.968032 0.222876
vn 0.103617 0.991248 -0.081803
vn 0.070049 0.825384 0.560209
vn 0.002940 0.770726 0.637160
vn 0.000000 1.000000 0.000000
vn 0.000000 1.000000 0.000000
vn -0.030870 0.754629 -0.655425
vn -0.609186 0.606275 -0.511198
vn -0.719718 0.626871 0.298393
vn -0.730243 0.605668 0.316088
vn -0.679660 0.632610 0.371304
vn -0.359377 0.920198 0.155192
vn 0.114290 0.990086 -0.081656
vn 0.332649 0.935762 -0.117022
vn 0.320300 0.947293 -0.006683
vn 0.308466 0.946402 0.095768
vn 0.312725 0.931084 0.187847
vn 0.298981 0.903898 0.305906
vn 0.262572 0.875029 0.406669
vn 0.220064 0.857156 0.465677
vn 0.123055 0.968949 0.214466
vn -0.147120 0.967541 -0.205476
vn -0.111104 0.797374 -0.593170
vn -0.041304 0.796574 -0.603129
vn 0.014433 0.828303 -0.560095
vn 0.058259 0.882551 -0.466594
vn 0.090702 0.942363 -0.322064
vn 0.114866 0.983151 -0.142199
vn 0.147393 0.988895 0.019031
vn 0.170649 0.969859 0.173935
vn 0.171169 0.933990 0.313632
vn 0.160095 0.904193 0.395986
vn 0.145299 0.901123 0.408491
vn 0.140424 0.967543 0.210100
vn 0.128386 0.986873 -0.097970
vn 0.088914 0.827935 0.553732
vn 0.004504 0.771837 0.635804
vn 0.000000 1.000000 0.000000
vn 0.000000 1.000000 0.000000
vn -0.021852 0.749220 -0.661961
vn -0.538134 0.635379 -0.553810
vn -0.682698 0.681121 0.264570
vn -0.697429 0.648068 0.305943
vn -0.686602 0.610479 0.394833
vn -0.678030 0.583316 0.447232
vn -0.544694 0.755302 0.364455
vn -0.116309 0.973572 0.196545
vn 0.292561 0.953827 0.067987
vn 0.450353 0.888673 0.086265
vn 0.440646 0.879834 0.178108
vn 0.414642 0.867229 0.275654
vn 0.364529 0.864284 0.346601
vn 0.210371 0.916362 0.340623
vn -0.009030 0.999108 0.041242
vn -0.115028 0.917136 -0.381614
vn -0.098444 0.836911 -0.538413
vn -0.018367 0.830394 -0.556874
vn 0.051996 0.852535 -0.520077
vn 0.109867 0.893423 -0.435574
vn 0.146512 0.941507 -0.303477
vn 0.160982 0.978616 -0.128049
vn 0.169050 0.984552 0.045609
vn 0.181652 0.964842 0.189951
vn 0.181872 0.932260 0.312752
vn 0.169569 0.906996 0.385493
vn 0.155008 0.905822 0.394283
vn 0.155416 0.966544 0.204055
vn 0.150352 0.981200 -0.120999
vn 0.098484 0.834339 0.542383
vn 0.004894 0.773182 0.634165
vn 0.000000 1.000000 0.000000
vn 0.000000 1.000000 0.000000
vn -0.013067 0.745834 -0.666004
vn -0.419377 0.688786 -0.591352
vn -0.584876 0.779782 0.223295
vn -0.612181 0.732343 0.298174
vn -0.616491 0.678154 0.400057
vn -0.621819 0.636070 0.456898
vn -0.633637 0.611763 0.473551
vn -0.623371 0.635738 0.455243
vn -0.466546 0.786151 0.405341
vn -0.171102 0.930327 0.324370
vn 0.030740 0.974933 0.220364
vn 0.071437 0.960221 0.269950
vn 0.026576 0.957353 0.287695
vn -0.036748 0.992708 0.114808
vn -0.186780 0.976226 -0.109978
vn -0.166604 0.914027 -0.369862
vn -0.061395 0.878928 -0.472987
vn 0.018204 0.862536 -0.505669
vn 0.085400 0.878370 -0.470290
vn 0.150743 0.907889 -0.391169
vn 0.205239 0.938238 -0.278544
vn 0.227369 0.965159 -0.129502
vn 0.214242 0.975917 0.041069
vn 0.192396 0.962610 0.190695
vn 0.171004 0.935952 0.307819
vn 0.153098 0.913569 0.376766
vn 0.144616 0.910769 0.386764
vn 0.159225 0.963899 0.213416
vn 0.171589 0.974791 -0.142620
vn 0.112704 0.846559 0.520226
vn 0.005068 0.774625 0.632400
vn 0.000000 1.000000 0.000000
vn 0.000000 1.000000 0.000000
vn -0.004017 0.744119 -0.668035
vn -0.225202 0.743257 -0.629962
vn -0.394532 0.903174 0.169177
vn -0.452618 0.849087 0.272376
vn -0.494939 0.776836 0.389309
vn -0.530092 0.714044 0.457322
vn -0.554849 0.676239 0.484606
vn -0.576031 0.660981 0.480929
vn -0.594040 0.658532 0.462009
vn -0.601538 0.677108 0.423882
vn -0.544857 0.765427 0.342422
vn -0.437823 0.845495 0.305694
vn -0.372594 0.895072 0.244989
vn -0.345315 0.928448 0.136898
vn -0.231858 0.970605 -0.064555
vn -0.078405 0.961386 -0.263798
vn 0.021056 0.914088 -0.404970
vn 0.096487 0.887214 -0.451156
vn 0.160041 0.893548 -0.419473
vn 0.214685 0.915124 -0.341261
vn 0.262652 0.935277 -0.237216
vn 0.291877 0.948148 -0.125789
vn 0.279680 0.960014 0.012372
vn 0.240599 0.957741 0.157618
vn 0.195800 0.939455 0.281224
vn 0.161107 0.918234 0.361788
vn 0.147177 0.910583 0.386235
vn 0.164970 0.957499 0.236603
vn 0.184636 0.971029 -0.151696
vn 0.129020 0.860830 0.492265
vn 0.006008 0.776307 0.630327
vn 0.000000 1.000000 0.000000
vn 0.000000 1.000000 0.000000
vn 0.004051 0.743913 -0.668264
vn 0.018492 0.742706 -0.669362
vn -0.101079 0.991799 0.078218
vn -0.216249 0.955862 0.198907
vn -0.320871 0.885741 0.335416
vn -0.402756 0.810132 0.425998
vn -0.458650 0.748018 0.479697
vn -0.486850 0.718657 0.496497
vn -0.494196 0.715006 0.494506
vn -0.490830 0.728527 0.477843
vn -0.475822 0.759528 0.443521
vn -0.436920 0.804906 0.401530
vn -0.363621 0.865558 0.344367
vn -0.250515 0.934474 0.252984
vn -0.102739 0.989065 0.105804
vn 0.047114 0.989386 -0.137462
vn 0.148367 0.933252 -0.327152
vn 0.221829 0.895678 -0.385426
vn 0.279899 0.888036 -0.364758
vn 0.323434 0.897938 -0.298494
vn 0.350371 0.913577 -0.206441
vn 0.359695 0.925035 -0.122190
vn 0.343531 0.938911 -0.020784
vn 0.304326 0.946022 0.111485
vn 0.255641 0.936630 0.239525
vn 0.212592 0.918100 0.334509
vn 0.188071 0.906466 0.378087
vn 0.193229 0.949383 0.247658
vn 0.195786 0.967444 -0.160373
vn 0.140287 0.874846 0.463643
vn 0.006796 0.778283 0.627877
vn 0.000000 1.000000 0.000000
vn 0.000000 1.000000 0.000000
vn 0.011202 0.745051 -0.666913
vn 0.208079 0.679998 -0.703069
vn 0.195082 0.980213 -0.033542
vn 0.079288 0.994529 0.068013
vn -0.063405 0.972552 0.223881
vn -0.193635 0.914642 0.354873
vn -0.292022 0.845630 0.446803
vn -0.357809 0.788125 0.500831
vn -0.385173 0.759262 0.524560
vn -0.374182 0.759473 0.532155
vn -0.326218 0.789287 0.520199
vn -0.258388 0.830255 0.493874
vn -0.180460 0.869805 0.459209
vn -0.071802 0.918552 0.388724
vn 0.055472 0.967392 0.247136
vn 0.179413 0.983769 -0.002924
vn 0.280188 0.931079 -0.233639
vn 0.346937 0.884643 -0.311515
vn 0.393347 0.865088 -0.311289
vn 0.422480 0.866512 -0.265832
vn 0.434008 0.879191 -0.196623
vn 0.425995 0.894675 -0.134478
vn 0.400827 0.914354 -0.057401
vn 0.361268 0.930351 0.062715
vn 0.312146 0.930343 0.192424
vn 0.264615 0.916728 0.299313
vn 0.228880 0.905050 0.358468
vn 0.217899 0.946056 0.239786
vn 0.203192 0.962323 -0.180686
vn 0.147136 0.887460 0.436767
vn 0.007428 0.780526 0.625079
vn 0.000000 1.000000 0.000000
vn 0.000000 1.000000 0.000000
vn 0.019020 0.747646 -0.663826
vn 0.343178 0.587420 -0.732917
vn 0.428514 0.894132 -0.130012
vn 0.345806 0.936988 -0.049706
vn 0.239448 0.966989 0.087166
vn 0.108081 0.965005 0.238923
vn -0.022387 0.928330 0.371082
vn -0.127053 0.874674 0.467764
vn -0.194961 0.825948 0.528961
vn -0.224646 0.790074 0.570366
vn -0.202586 0.781064 0.590676
vn -0.121564 0.807235 0.577575
vn -0.015602 0.840567 0.541483
vn 0.089663 0.872361 0.480569
vn 0.202718 0.917155 0.343121
vn 0.308822 0.945108 0.106772
vn 0.396125 0.908638 -0.132141
vn 0.450690 0.859930 -0.239581
vn 0.481311 0.834987 -0.266713
vn 0.495564 0.832791 -0.246731
vn 0.494809 0.845401 -0.201150
vn 0.478126 0.863558 -0.160199
vn 0.447713 0.888417 -0.101332
vn 0.405310 0.914129 0.009571
vn 0.354067 0.924530 0.140999
vn 0.302646 0.917164 0.259261
vn 0.259652 0.909390 0.324946
vn 0.231312 0.948246 0.217542
vn 0.205936 0.956158 -0.208210
vn 0.152305 0.897915 0.412980
vn 0.008028 0.783035 0.621926
vn 0.000000 1.000000 0.000000
vn 0.000000 1.000000 0.000000
vn 0.027139 0.752151 -0.658432
vn 0.424972 0.511569 -0.746791
vn 0.593355 0.779933 -0.199085
vn 0.547644 0.826230 -0.132019
vn 0.484026 0.874512 -0.030791
vn 0.391157 0.914605 0.102441
vn 0.275551 0.928373 0.249392
vn 0.158528 0.909468 0.384366
vn 0.064452 0.869911 0.488979
vn 0.006986 0.824869 0.565281
vn -0.013656 0.787085 0.616693
vn 0.005583 0.772942 0.634452
vn 0.080762 0.787420 0.611103
vn 0.188008 0.814348 0.549081
vn 0.302839 0.855663 0.419679
vn 0.415755 0.888019 0.196394
vn 0.495965 0.867430 -0.039801
vn 0.534143 0.826192 -0.179157
vn 0.547970 0.802582 -0.235777
vn 0.548006 0.800809 -0.241649
vn 0.536976 0.815096 -0.217428
vn 0.513655 0.835791 -0.193936
vn 0.479716 0.864167 -0.151946
vn 0.435715 0.898665 -0.050538
vn 0.382608 0.920134 0.083451
vn 0.327584 0.920223 0.214192
vn 0.283754 0.915487 0.285248
vn 0.248923 0.951773 0.179349
vn 0.208021 0.949178 -0.236196
vn 0.157595 0.906612 0.391431
vn 0.008696 0.785843 0.618364
vn 0.000000 1.000000 0.000000
vn 0.000000 1.000000 0.000000
vn 0.035086 0.759238 -0.649866
vn 0.468315 0.467276 -0.749890
vn 0.680642 0.691915 -0.240790
vn 0.659527 0.729020 -0.183177
vn 0.627174 0.770759 -0.112171
vn 0.576419 0.817098 -0.009586
vn 0.503269 0.855295 0.123252
vn 0.412630 0.869982 0.269941
vn 0.321275 0.855144 0.406830
vn 0.248726 0.818754 0.517472
vn 0.203373 0.776538 0.596345
vn 0.191777 0.746566 0.637072
vn 0.218099 0.737679 0.638955
vn 0.283148 0.752084 0.595145
vn 0.383242 0.787102 0.483317
vn 0.496658 0.823702 0.273581
vn 0.570434 0.820769 0.030715
vn 0.594278 0.792524 -0.136893
vn 0.593262 0.773980 -0.221348
vn 0.580980 0.774337 -0.250728
vn 0.561529 0.790592 -0.244232
vn 0.532695 0.812979 -0.235162
vn 0.495245 0.843627 -0.207426
vn 0.451520 0.884705 -0.115869
vn 0.399498 0.916507 0.020412
vn 0.343342 0.924806 0.163861
vn 0.299562 0.920150 0.252165
vn 0.272475 0.953636 0.127813
vn 0.211974 0.938384 -0.272952
vn 0.160292 0.914839 0.370643
vn 0.009281 0.788964 0.614370
vn 0.000000 1.000000 0.000000
vn 0.000000 1.000000 0.000000
vn 0.025463 0.767152 -0.640960
vn 0.458316 0.514558 -0.724691
vn 0.712738 0.647543 -0.269616
vn 0.705475 0.674596 -0.217314
vn 0.687526 0.706271 -0.168786
vn 0.656896 0.748814 -0.088125
vn 0.616779 0.786438 0.033149
vn 0.568123 0.804781 0.171941
vn 0.505743 0.802726 0.315998
vn 0.439632 0.778974 0.447127
vn 0.385179 0.742917 0.547459
vn 0.353670 0.709786 0.609197
vn 0.353648 0.691112 0.630316
vn 0.388736 0.694115 0.605878
vn 0.459200 0.722447 0.516919
vn 0.552432 0.767382 0.325491
vn 0.615389 0.784504 0.076484
vn 0.627505 0.770021 -0.115349
vn 0.613972 0.756776 -0.224342
vn 0.591451 0.758569 -0.273420
vn 0.565544 0.775595 -0.280378
vn 0.532516 0.797733 -0.282929
vn 0.492605 0.828620 -0.265951
vn 0.451646 0.873353 -0.182401
vn 0.404424 0.913475 -0.044777
vn 0.351079 0.929842 0.110170
vn 0.308206 0.923763 0.227312
vn 0.288567 0.954831 0.070898
vn 0.207939 0.923032 -0.323687
vn 0.157223 0.923419 0.350112
vn 0.009592 0.792346 0.609997
vn 0.000000 1.000000 0.000000
vn 0.000000 1.000000 0.000000
vn -0.004901 0.771114 -0.636678
vn 0.225253 0.752915 -0.618369
vn 0.592939 0.792902 -0.140463
vn 0.686558 0.679376 -0.259009
vn 0.666849 0.710462 -0.224847
vn 0.647730 0.746043 -0.154487
vn 0.626424 0.779158 -0.022487
vn 0.603860 0.786001 0.132496
vn 0.584300 0.765738 0.268773
vn 0.552846 0.737734 0.387441
vn 0.504666 0.705992 0.496877
vn 0.467340 0.674196 0.571886
vn 0.451014 0.653370 0.608025
vn 0.462635 0.653023 0.599607
vn 0.506673 0.680449 0.529407
vn 0.524733 0.798998 0.293697
vn 0.418478 0.900715 0.116568
vn 0.453099 0.885039 -0.106803
vn 0.502442 0.833055 -0.231453
vn 0.543797 0.785919 -0.294307
vn 0.545120 0.773182 -0.324088
vn 0.509771 0.792303 -0.335246
vn 0.469813 0.820997 -0.324408
vn 0.435253 0.866350 -0.244933
vn 0.397308 0.911459 -0.106717
vn 0.351940 0.934271 0.057240
vn 0.309340 0.928432 0.205724
vn 0.287773 0.957630 0.011436
vn 0.190588 0.902213 -0.386895
vn 0.145096 0.932609 0.330436
vn 0.009403 0.795850 0.605421
vn 0.000000 1.000000 0.000000
vn 0.000000 1.000000 0.000000
vn -0.001046 0.770108 -0.637913
vn -0.066765 0.886048 -0.458761
vn 0.127988 0.956036 0.263847
vn 0.487241 0.867878 -0.096874
vn 0.617042 0.734661 -0.282016
vn 0.609298 0.767207 -0.200374
vn 0.604654 0.794435 -0.057155
vn 0.586109 0.800699 0.123926
vn 0.562018 0.776297 0.285481
vn 0.551128 0.736021 0.393104
vn 0.532193 0.700588 0.475339
vn 0.490853 0.669717 0.557264
vn 0.462560 0.650115 0.602817
vn 0.454177 0.654345 0.604612
vn 0.380401 0.803040 0.458718
vn 0.061038 0.986465 0.152190
vn -0.101999 0.994108 -0.036685
vn -0.102636 0.994672 -0.009644
vn 0.070351 0.987924 -0.138046
vn 0.228672 0.948320 -0.219996
vn 0.386963 0.874835 -0.291414
vn 0.461889 0.798499 -0.386081
vn 0.434755 0.819621 -0.373107
vn 0.422405 0.858459 -0.290901
vn 0.409734 0.899295 -0.152930
vn 0.387641 0.921712 0.013474
vn 0.356246 0.917576 0.176474
vn 0.290314 0.953713 -0.078414
vn 0.120788 0.882495 -0.454547
vn 0.099627 0.944082 0.314297
vn 0.008448 0.799216 0.600985
vn 0.000000 1.000000 0.000000
vn 0.000000 1.000000 0.000000
vn -0.005530 0.769442 -0.638693
vn -0.088686 0.871335 -0.482607
vn -0.113606 0.903316 0.413658
vn 0.063260 0.953236 0.295533
vn 0.452995 0.885056 -0.107106
vn 0.594657 0.772089 -0.224193
vn 0.591179 0.802371 -0.081909
vn 0.566903 0.817867 0.098558
vn 0.519013 0.807565 0.280114
vn 0.466983 0.775695 0.424529
vn 0.443036 0.743189 0.501387
vn 0.407308 0.715203 0.567965
vn 0.358648 0.696034 0.622019
vn 0.290960 0.745976 0.599051
vn 0.179664 0.977346 0.111873
vn -0.218639 0.951174 -0.217864
vn -0.388140 0.912726 -0.127587
vn -0.389075 0.913432 0.119424
vn -0.250674 0.963735 0.091529
vn -0.060419 0.995253 -0.076290
vn 0.052186 0.991509 -0.119110
vn 0.256203 0.925365 -0.279391
vn 0.397524 0.829039 -0.393279
vn 0.423095 0.855447 -0.298665
vn 0.448419 0.879288 -0.160538
vn 0.460196 0.887817 -0.000659
vn 0.376229 0.923566 0.074009
vn 0.182374 0.962994 -0.198450
vn 0.029151 0.830246 -0.556634
vn 0.001540 0.951233 0.308469
vn 0.002384 0.800922 0.598764
vn 0.000000 1.000000 0.000000
vn 0.000000 1.000000 0.000000
vn -0.003177 0.768166 -0.640242
vn -0.092306 0.862829 -0.496997
vn -0.133228 0.912780 0.386112
vn -0.147871 0.870623 0.469201
vn 0.107230 0.938242 0.328943
vn 0.489593 0.866605 -0.096405
vn 0.563417 0.816702 -0.124737
vn 0.526458 0.848762 0.049442
vn 0.461518 0.854615 0.237979
vn 0.379247 0.830033 0.408921
vn 0.311476 0.796558 0.518149
vn 0.263863 0.775493 0.573574
vn 0.201784 0.754394 0.624639
vn 0.130536 0.866061 0.482596
vn -0.063972 0.997911 -0.009064
vn -0.111295 0.910393 -0.398495
vn -0.142206 0.977432 -0.156219
vn -0.172643 0.978371 0.113951
vn -0.182655 0.953925 0.238044
vn -0.087920 0.995026 0.046836
vn -0.022408 0.998661 -0.046618
vn 0.070949 0.995757 -0.058599
vn 0.300059 0.912762 -0.277181
vn 0.418271 0.868565 -0.265791
vn 0.471085 0.872633 -0.128801
vn 0.451311 0.891491 -0.039518
vn 0.298761 0.938827 -0.171306
vn -0.003381 0.914099 -0.405478
vn -0.085652 0.798728 -0.595564
vn -0.073856 0.944729 0.319424
vn -0.003903 0.800185 0.599740
vn 0.000000 1.000000 0.000000
vn 0.000000 1.000000 0.000000
vn 0.001280 0.767717 -0.640788
vn -0.017212 0.856959 -0.515098
vn -0.063416 0.930599 0.360504
vn -0.089570 0.884267 0.458311
vn -0.098684 0.831713 0.546365
vn 0.193848 0.934184 0.299540
vn 0.489038 0.864394 -0.116896
vn 0.465807 0.884609 -0.022154
vn 0.391640 0.904410 0.169296
vn 0.297405 0.886271 0.355070
vn 0.200285 0.849795 0.487579
vn 0.121058 0.824502 0.552758
vn 0.052415 0.800278 0.597334
vn -0.022640 0.926233 0.376272
vn -0.095155 0.994437 -0.045169
vn 0.030133 0.927630 -0.372282
vn 0.052213 0.983072 -0.175621
vn 0.019246 0.996933 0.075858
vn -0.036895 0.974258 0.222396
vn -0.058388 0.990907 0.121220
vn -0.014348 0.999875 -0.006624
vn 0.038419 0.996195 0.078221
vn 0.205420 0.977681 -0.044073
vn 0.384007 0.904147 -0.187233
vn 0.397939 0.907159 -0.136777
vn 0.271564 0.942310 -0.195718
vn 0.060307 0.918174 -0.391561
vn -0.096676 0.823022 -0.559722
vn -0.108502 0.812074 -0.573379
vn -0.076934 0.936756 0.341421
vn -0.004968 0.798327 0.602203
vn 0.000000 1.000000 0.000000
vn 0.000000 1.000000 0.000000
vn 0.006775 0.768586 -0.639711
vn 0.085785 0.839945 -0.535848
vn 0.048659 0.944548 0.324749
vn 0.008482 0.898774 0.438329
vn -0.016242 0.841848 0.539470
vn -0.006156 0.827894 0.560850
vn 0.274347 0.956362 0.100525
vn 0.376617 0.920332 -0.105588
vn 0.300842 0.949921 0.084519
vn 0.205026 0.937694 0.280526
vn 0.099317 0.903282 0.417394
vn -0.004027 0.865092 0.501597
vn -0.073358 0.830280 0.552498
vn -0.134276 0.934764 0.328917
vn -0.152955 0.988228 0.003055
vn 0.020464 0.979475 -0.200525
vn 0.181504 0.966328 -0.182392
vn 0.155355 0.987738 0.015450
vn 0.061874 0.988204 0.140084
vn -0.019148 0.992095 0.124022
vn 0.016120 0.998715 0.048049
vn 0.074672 0.987961 0.135491
vn 0.149764 0.978389 0.142568
vn 0.246346 0.963176 -0.107726
vn 0.179135 0.953879 -0.240883
vn 0.043059 0.919365 -0.391043
vn -0.102469 0.849142 -0.518129
vn -0.113062 0.808399 -0.577675
vn -0.064803 0.842357 -0.535010
vn -0.027473 0.929310 0.368278
vn -0.002343 0.797036 0.603927
vn 0.000000 1.000000 0.000000
vn 0.000000 1.000000 0.000000
vn 0.012482 0.771089 -0.636605
vn 0.185857 0.808186 -0.558832
vn 0.170318 0.946048 0.275653
vn 0.112616 0.908306 0.402862
vn 0.066182 0.850590 0.521647
vn 0.042079 0.811823 0.582386
vn 0.109715 0.946859 0.302358
vn 0.216463 0.970269 -0.108267
vn 0.182728 0.983160 -0.002480
vn 0.087722 0.978552 0.186390
vn -0.020291 0.942521 0.333531
vn -0.103040 0.897306 0.429214
vn -0.161633 0.847721 0.505216
vn -0.190477 0.917254 0.349806
vn -0.137360 0.990038 0.030952
vn -0.104411 0.994313 -0.020967
vn 0.011188 0.996872 -0.078235
vn 0.077952 0.996560 -0.028150
vn 0.044131 0.998106 0.042868
vn -0.006147 0.995433 0.095262
vn 0.030587 0.992729 0.116424
vn 0.095736 0.977902 0.185857
vn 0.095987 0.976963 0.190604
vn 0.085965 0.989037 -0.120063
vn -0.011341 0.927114 -0.374608
vn -0.097398 0.880264 -0.464381
vn -0.081720 0.836426 -0.541953
vn -0.038797 0.834572 -0.549531
vn 0.019577 0.872897 -0.487511
vn 0.054780 0.916396 0.396507
vn 0.002779 0.797451 0.603377
vn 0.000000 1.000000 0.000000
vn 0.000000 1.000000 0.000000
vn 0.017305 0.775389 -0.631246
vn 0.253066 0.770787 -0.584675
vn 0.258942 0.942977 0.209150
vn 0.182671 0.917628 0.352973
vn 0.121043 0.863464 0.489671
vn 0.079939 0.819342 0.567704
vn 0.057062 0.939140 0.338762
vn 0.062467 0.995353 -0.073282
vn 0.029093 0.996189 -0.082231
vn -0.044672 0.994851 0.090974
vn -0.124793 0.960819 0.247496
vn -0.177795 0.910684 0.372885
vn -0.207025 0.859503 0.467328
vn -0.201352 0.884282 0.421312
vn -0.095704 0.991564 0.087419
vn -0.090658 0.995832 -0.009995
vn -0.083410 0.996408 -0.014633
vn -0.054820 0.998450 -0.009568
vn -0.037460 0.998792 0.031799
vn -0.027272 0.994473 0.101390
vn 0.000507 0.983756 0.179510
vn 0.053737 0.968607 0.242721
vn 0.083991 0.989168 0.120388
vn -0.015329 0.984795 -0.173045
vn -0.059209 0.899255 -0.433400
vn -0.062008 0.880845 -0.469325
vn -0.027817 0.859947 -0.509624
vn 0.026062 0.858277 -0.512524
vn 0.088776 0.898154 -0.430625
vn 0.127329 0.897505 0.422223
vn 0.009612 0.800382 0.599414
vn 0.000000 1.000000 0.000000
vn 0.000000 1.000000 0.000000
vn 0.021246 0.781547 -0.623485
vn 0.291703 0.735271 -0.611789
vn 0.332132 0.934866 0.125357
vn 0.253624 0.923599 0.287472
vn 0.183560 0.875248 0.447489
vn 0.128650 0.830863 0.541402
vn 0.057306 0.964389 0.258207
vn -0.075151 0.992325 -0.098204
vn -0.114104 0.983473 -0.140574
vn -0.162868 0.986210 0.029396
vn -0.196382 0.961192 0.193762
vn -0.211347 0.915794 0.341545
vn -0.227039 0.869694 0.438276
vn -0.256939 0.847106 0.465182
vn -0.157828 0.961515 0.224896
vn -0.029026 0.999086 -0.031365
vn -0.031967 0.999470 0.006148
vn -0.003681 0.999688 0.024722
vn 0.019617 0.998976 0.040765
vn 0.014786 0.994656 0.102183
vn 0.004285 0.981677 0.190503
vn -0.002229 0.961110 0.276156
vn 0.008286 0.994143 0.107759
vn -0.009944 0.973231 -0.229612
vn 0.010334 0.903028 -0.429457
vn 0.037487 0.885953 -0.462258
vn 0.060201 0.876339 -0.477917
vn 0.105350 0.876307 -0.470093
vn 0.167726 0.913396 -0.370911
vn 0.178401 0.875835 0.448427
vn 0.012839 0.805190 0.592878
vn 0.000000 1.000000 0.000000
vn 0.000000 1.000000 0.000000
vn 0.027770 0.790298 -0.612093
vn 0.329469 0.701696 -0.631722
vn 0.398937 0.915357 0.054504
vn 0.339760 0.913695 0.222991
vn 0.273092 0.876414 0.396635
vn 0.159786 0.877411 0.452347
vn -0.026603 0.990726 0.133246
vn -0.149603 0.964793 -0.216317
vn -0.206243 0.965242 -0.160537
vn -0.220783 0.975323 -0.000030
vn -0.224814 0.958185 0.177033
vn -0.218354 0.918105 0.330763
vn -0.222563 0.883782 0.411577
vn -0.256253 0.861934 0.437498
vn -0.260203 0.887886 0.379411
vn -0.067580 0.989971 0.124057
vn 0.085202 0.996204 0.017825
vn 0.091615 0.994774 0.045074
vn 0.092220 0.994828 0.042568
vn 0.074555 0.993766 0.082894
vn 0.043727 0.984694 0.168719
vn 0.000728 0.968020 0.250872
vn -0.029496 0.993255 0.112135
vn -0.010237 0.974404 -0.224571
vn 0.040836 0.924359 -0.379332
vn 0.117894 0.901728 -0.415917
vn 0.183303 0.877392 -0.443377
vn 0.227613 0.877987 -0.421108
vn 0.286889 0.905931 -0.311422
vn 0.266994 0.845855 0.461783
vn 0.021825 0.813395 0.581302
vn 0.000000 1.000000 0.000000
vn 0.000000 1.000000 0.000000
vn 0.033904 0.803096 -0.594884
vn 0.357022 0.677874 -0.642668
vn 0.457814 0.889009 -0.008328
vn 0.408920 0.897270 0.166406
vn 0.337679 0.880372 0.333045
vn 0.189212 0.958446 0.213495
vn -0.161585 0.986446 -0.028557
vn -0.235877 0.933144 -0.271301
vn -0.237923 0.958297 -0.158299
vn -0.229822 0.973232 0.000820
vn -0.213162 0.959827 0.182466
vn -0.192769 0.921957 0.335908
vn -0.183608 0.898657 0.398376
vn -0.199642 0.885986 0.418535
vn -0.208504 0.880709 0.425297
vn -0.140995 0.930361 0.338451
vn 0.047962 0.987993 0.146864
vn 0.172336 0.983695 0.051426
vn 0.180868 0.983153 0.026405
vn 0.146809 0.988199 0.043701
vn 0.073352 0.991295 0.109330
vn -0.036007 0.984382 0.172324
vn -0.117293 0.985396 0.123437
vn -0.026399 0.988862 -0.146479
vn 0.103553 0.942250 -0.318498
vn 0.171859 0.925260 -0.338169
vn 0.260382 0.892718 -0.367771
vn 0.336492 0.866772 -0.368075
vn 0.388683 0.884277 -0.258805
vn 0.342679 0.823591 0.451961
vn 0.033905 0.827543 0.560377
vn 0.000000 1.000000 0.000000
vn 0.000000 1.000000 0.000000
vn 0.037772 0.820748 -0.570041
vn 0.356504 0.677049 -0.643825
vn 0.475504 0.877612 -0.060777
vn 0.437652 0.891600 0.116229
vn 0.290820 0.942438 0.165025
vn -0.004853 0.999702 -0.023928
vn -0.200055 0.942375 -0.268156
vn -0.261004 0.931811 -0.252202
vn -0.229583 0.963907 -0.134815
vn -0.198727 0.979754 0.024293
vn -0.163059 0.964768 0.206482
vn -0.130124 0.926955 0.351883
vn -0.109234 0.906195 0.408508
vn -0.093604 0.901931 0.421614
vn -0.079633 0.895443 0.437996
vn -0.073176 0.913219 0.400845
vn -0.050444 0.957479 0.284059
vn 0.010319 0.990910 0.134130
vn 0.051011 0.998072 0.035361
vn 0.048191 0.998830 -0.003930
vn -0.002332 0.999936 0.011061
vn -0.096692 0.994627 0.036971
vn -0.214138 0.973807 0.076454
vn -0.201671 0.979312 0.016613
vn 0.026875 0.991079 -0.130540
vn 0.251232 0.931096 -0.264466
vn 0.319572 0.906513 -0.275876
vn 0.394529 0.870636 -0.293838
vn 0.452961 0.863773 -0.220733
vn 0.393216 0.823430 0.409077
vn 0.047929 0.850556 0.523696
vn 0.000000 1.000000 0.000000
vn 0.000000 1.000000 0.000000
vn 0.031347 0.840944 -0.540213
vn 0.304420 0.713089 -0.631532
vn 0.434626 0.894713 -0.102904
vn 0.314530 0.949006 -0.021396
vn 0.063181 0.990784 -0.119811
vn -0.209995 0.937584 -0.277196
vn -0.295342 0.900308 -0.319715
vn -0.261169 0.942620 -0.207985
vn -0.198925 0.976887 -0.078236
vn -0.127987 0.989414 0.068406
vn -0.075845 0.966438 0.245449
vn -0.031496 0.924596 0.379645
vn 0.003835 0.901283 0.433214
vn 0.040714 0.895276 0.443647
vn 0.069581 0.889228 0.452141
vn 0.076223 0.916055 0.393743
vn 0.046581 0.961686 0.270167
vn 0.001119 0.991369 0.131095
vn -0.037248 0.998950 0.026671
vn -0.063016 0.997663 -0.026421
vn -0.101626 0.994021 -0.039942
vn -0.157054 0.986795 -0.039617
vn -0.224276 0.974479 -0.009537
vn -0.291326 0.955201 0.052159
vn -0.282850 0.953862 0.100712
vn -0.053462 0.998487 -0.012901
vn 0.264142 0.953611 -0.144410
vn 0.429206 0.875551 -0.221794
vn 0.469861 0.862616 -0.187415
vn 0.413538 0.852492 0.319757
vn 0.062788 0.886033 0.459351
vn 0.000000 1.000000 0.000000
vn 0.000000 1.000000 0.000000
vn 0.021113 0.858372 -0.512593
vn 0.188832 0.764841 -0.615922
vn 0.199217 0.960667 -0.193473
vn 0.047980 0.963548 -0.263198
vn -0.184602 0.919310 -0.347551
vn -0.275092 0.882310 -0.381909
vn -0.262179 0.920504 -0.289715
vn -0.218597 0.964550 -0.147845
vn -0.140952 0.989880 0.016411
vn -0.034613 0.988233 0.148988
vn 0.043905 0.954599 0.294639
vn 0.093046 0.905785 0.413396
vn 0.133703 0.876445 0.462567
vn 0.156372 0.879327 0.449813
vn 0.067095 0.914585 0.398788
vn -0.118013 0.931862 0.343084
vn -0.201812 0.951407 0.232585
vn -0.192139 0.973264 0.125856
vn -0.094995 0.994089 0.052561
vn -0.009070 0.998238 -0.058635
vn -0.057330 0.993134 -0.101974
vn -0.128387 0.986255 -0.104012
vn -0.194891 0.976489 -0.092125
vn -0.277778 0.960317 -0.025132
vn -0.345545 0.935542 0.073210
vn -0.387502 0.903990 0.180677
vn -0.253652 0.951046 0.176559
vn 0.096032 0.994605 0.039234
vn 0.396740 0.907897 -0.135354
vn 0.402597 0.899481 0.169853
vn 0.073393 0.933942 0.349807
vn 0.000000 1.000000 0.000000
vn 0.000000 1.000000 0.000000
vn -0.015894 0.864333 -0.502669
vn -0.043446 0.761413 -0.646809
vn -0.084286 0.930696 -0.355952
vn -0.245307 0.887254 -0.390648
vn -0.298654 0.854885 -0.424238
vn -0.281728 0.890890 -0.356292
vn -0.237442 0.941339 -0.239794
vn -0.166493 0.983194 -0.074903
vn -0.077864 0.990645 0.112071
vn 0.031022 0.966643 0.254242
vn 0.132611 0.924376 0.357691
vn 0.193425 0.873151 0.447430
vn 0.152235 0.899023 0.410587
vn -0.081882 0.926388 0.367560
vn -0.251384 0.942110 0.221889
vn -0.416415 0.902035 0.113713
vn -0.521792 0.840936 0.143385
vn -0.512850 0.837190 0.189995
vn -0.424091 0.878814 0.218709
vn -0.220208 0.970614 0.097045
vn -0.065952 0.983136 -0.170569
vn -0.160979 0.970689 -0.178459
vn -0.231456 0.960697 -0.153260
vn -0.286709 0.952304 -0.104477
vn -0.353472 0.935445 0.000174
vn -0.415710 0.901268 0.122069
vn -0.460042 0.856118 0.235421
vn -0.447676 0.841294 0.303004
vn -0.210686 0.960531 0.181637
vn 0.105223 0.980431 0.166381
vn 0.076352 0.980853 0.179160
vn 0.000000 1.000000 0.000000
vn 0.000000 1.000000 0.000000
vn 0.129493 0.944420 -0.302163
vn 0.457720 0.632169 -0.625183
vn 0.437345 0.833185 -0.338426
vn 0.435029 0.811496 -0.390160
vn 0.455017 0.811553 -0.366525
vn 0.478042 0.827774 -0.293711
vn 0.506671 0.843729 -0.177217
vn 0.541053 0.840430 -0.030653
vn 0.576401 0.808540 0.118428
vn 0.604640 0.760785 0.235833
vn 0.630154 0.716624 0.298925
vn 0.632935 0.690693 0.349766
vn 0.653781 0.722743 0.224085
vn 0.532095 0.844336 0.063019
vn 0.313927 0.948313 0.046400
vn 0.228505 0.972323 0.048712
vn 0.230097 0.963318 0.138107
vn 0.224970 0.946327 0.232063
vn 0.206164 0.938858 0.275758
vn 0.163761 0.947841 0.273457
vn 0.282793 0.958968 -0.020197
vn 0.365635 0.904691 -0.218737
vn 0.355652 0.918195 -0.174441
vn 0.352499 0.926246 -0.133463
vn 0.342384 0.937805 -0.057407
vn 0.309061 0.950118 0.041920
vn 0.249784 0.954733 0.161533
vn 0.163388 0.945843 0.280509
vn 0.050881 0.937853 0.343283
vn -0.027474 0.946814 0.320605
vn -0.044059 0.978903 0.199520
vn 0.000000 1.000000 0.000000
vn 0.000000 1.000000 0.000000
vn 0.000000 1.000000 0.000000
vn 0.302164 0.944420 -0.129493
vn 0.537690 0.842302 -0.037643
vn 0.569692 0.821095 -0.035418
vn 0.592513 0.804997 -0.030128
vn 0.607466 0.794032 -0.022317
vn 0.616112 0.787542 -0.013536
vn 0.619666 0.784855 -0.004137
vn 0.618552 0.785721 0.005928
vn 0.612352 0.790406 0.016854
vn 0.600335 0.799290 0.027070
vn 0.580231 0.813562 0.038073
vn 0.546534 0.835876 0.051102
vn 0.539701 0.841851 -0.003013
vn 0.545560 0.838027 -0.008653
vn 0.547456 0.836833 0.001330
vn 0.540777 0.841096 0.010808
vn 0.522476 0.852324 0.023746
vn 0.487577 0.872303 0.036835
vn 0.435141 0.899340 0.042887
vn 0.364980 0.929964 0.044240
vn 0.390719 0.919709 -0.038398
vn 0.447407 0.893875 -0.028558
vn 0.480753 0.876628 -0.020006
vn 0.498956 0.866552 -0.011455
vn 0.504942 0.863152 -0.001788
vn 0.497692 0.867290 0.010541
vn 0.470167 0.882124 0.028303
vn 0.404298 0.913118 0.052521
vn 0.286329 0.955857 0.065984
vn 0.081745 0.993295 0.081745
vn 0.000000 1.000000 0.000000
vn 0.000000 1.000000 0.000000
vn 0.000000 1.000000 0.000000
vn 0.000000 1.000000 0.000000
vn 0.000000 1.000000 0.000000
vn 0.000000 1.000000 0.000000
vn 0.000000 1.000000 0.000000
vn 0.000000 1.000000 0.000000
vn 0.000000 1.000000 0.000000
vn 0.000000 1.000000 0.000000
vn 0.000000 1.000000 0.000000
vn 0.000000 1.000000 0.000000
vn 0.000000 1.000000 0.000000
vn 0.000000 1.000000 0.000000
vn 0.000000 1.000000 0.000000
vn 0.000000 1.000000 0.000000
vn 0.000000 1.000000 0.000000
vn 0.000000 1.000000 0.000000
vn 0.000000 1.000000 0.000000
vn 0.000000 1.000000 0.000000
vn 0.000000 1.000000 0.000000
vn 0.000000 1.000000 0.000000
vn 0.000000 1.000000 0.000000
vn 0.000000 1.000000 0.000000
vn 0.000000 1.000000 0.000000
vn 0.000000 1.000000 0.000000
vn 0.000000 1.000000 0.000000
vn 0.000000 1.000000 0.000000
vn 0.000000 1.000000 0.000000
vn 0.000000 1.000000 0.000000
vn 0.000000 1.000000 0.000000
vn 0.000000 1.000000 0.000000
vn 0.000000 1.000000 0.000000
vn 0.000000 1.000000 0.000000
# 1089 vertex normals

g Material_0
f 1/1/1 2/2/2 3/3/3
f 4/4/4 3/3/3 2/2/2
f 3/3/3 4/4/4 5/5/5
f 6/6/6 5/5/5 4/4/4
f 5/5/5 6/6/6 7/7/7
f 8/8/8 7/7/7 6/6/6
f 7/7/7 8/8/8 9/9/9
f 10/10/10 9/9/9 8/8/8
f 9/9/9 10/10/10 11/11/11
f 12/12/12 11/11/11 10/10/10
f 11/11/11 12/12/12 13/13/13
f 14/14/14 13/13/13 12/12/12
f 13/13/13 14/14/14 15/15/15
f 16/16/16 15/15/15 14/14/14
f 15/15/15 16/16/16 17/17/17
f 18/18/18 17/17/17 16/16/16
f 17/17/17 18/18/18 19/19/19
f 20/20/20 19/19/19 18/18/18
f 19/19/19 20/20/20 21/21/21
f 22/22/22 21/21/21 20/20/20
f 21/21/21 22/22/22 23/23/23
f 24/24/24 23/23/23 22/22/22
f 23/23/23 24/24/24 25/25/25
f 26/26/26 25/25/25 24/24/24
f 25/25/25 26/26/26 27/27/27
f 28/28/28 27/27/27 26/26/26
f 27/27/27 28/28/28 29/29/29
f 30/30/30 29/29/29 28/28/28
f 29/29/29 30/30/30 31/31/31
f 32/32/32 31/31/31 30/30/30
f 31/31/31 32/32/32 33/33/33
f 34/34/34 33/33/33 32/32/32
f 33/33/33 34/34/34 35/35/35
f 36/36/36 35/35/35 34/34/34
f 35/35/35 36/36/36 37/37/37
f 38/38/38 37/37/37 36/36/36
f 37/37/37 38/38/38 39/39/39
f 40/40/40 39/39/39 38/38/38
f 39/39/39 40/40/40 41/41/41
f 42/42/42 41/41/41 40/40/40
f 41/41/41 42/42/42 43/43/43
f 44/44/44 43/43/43 42/42/42
f 43/43/43 44/44/44 45/45/45
f 46/46/46 45/45/45 44/44/44
f 45/45/45 46/46/46 47/47/47
f 48/48/48 47/47/47 46/46/46
f 47/47/47 48/48/48 49/49/49
f 50/50/50 49/49/49 48/48/48
f 49/49/49 50/50/50 51/51/51
f 52/52/52 51/51/51 50/50/50
f 51/51/51 52/52/52 53/53/53
f 54/54/54 53/53/53 52/52/52
f 53/53/53 54/54/54 55/55/55
f 56/56/56 55/55/55 54/54/54
f 55/55/55 56/56/56 57/57/57
f 58/58/58 57/57/57 56/56/56
f 57/57/57 58/58/58 59/59/59
f 60/60/60 59/59/59 58/58/58
f 59/59/59 60/60/60 61/61/61
f 62/62/62 61/61/61 60/60/60
f 61/61/61 62/62/62 63/63/63
f 64/64/64 63/63/63 62/62/62
f 63/63/63 64/64/64 65/65/65
f 66/66/66 65/65/65 64/64/64
f 67/67/67 1/1/1 68/68/68
f 3/3/3 68/68/68 1/1/1
f 68/68/68 3/3/3 69/69/69
f 5/5/5 69/69/69 3/3/3
f 69/69/69 5/5/5 70/70/70
f 7/7/7 70/70/70 5/5/5
f 70/70/70 7/7/7 71/71/71
f 9/9/9 71/71/71 7/7/7
f 71/71/71 9/9/9 72/72/72
f 11/11/11 72/72/72 9/9/9
f 72/72/72 11/11/11 73/73/73
f 13/13/13 73/73/73 11/11/11
f 73/73/73 13/13/13 74/74/74
f 15/15/15 74/74/74 13/13/13
f 74/74/74 15/15/15 75/75/75
f 17/17/17 75/75/75 15/15/15
f 75/75/75 17/17/17 76/76/76
f 19/19/19 76/76/76 17/17/17
f 76/76/76 19/19/19 77/77/77
f 21/21/21 77/77/77 19/19/19
f 77/77/77 21/21/21 78/78/78
f 23/23/23 78/78/78 21/21/21
f 78/78/78 23/23/23 79/79/79
f 25/25/25 79/79/79 23/23/23
f 79/79/79 25/25/25 80/80/80
f 27/27/27 80/80/80 25/25/25
f 80/80/80 27/27/27 81/81/81
f 29/29/29 81/81/81 27/27/27
f 81/81/81 29/29/29 82/82/82
f 31/31/31 82/82/82 29/29/29
f 82/82/82 31/31/31 83/83/83
f 33/33/33 83/83/83 31/31/31
f 83/83/83 33/33/33 84/84/84
f 35/35/35 84/84/84 33/33/33
f 84/84/84 35/35/35 85/85/85
f 37/37/37 85/85/85 35/35/35
f 85/85/85 37/37/37 86/86/86
f 39/39/39 86/86/86 37/37/37
f 86/86/86 39/39/39 87/87/87
f 41/41/41 87/87/87 39/39/39
f 87/87/87 41/41/41 88/88/88
f 43/43/43 88/88/88 41/41/41
f 88/88/88 43/43/43 89/89/89
f 45/45/45 89/89/89 43/43/43
f 89/89/89 45/45/45 90/90/90
f 47/47/47 90/90/90 45/45/45
f 90/90/90 47/47/47 91/91/91
f 49/49/49 91/91/91 47/47/47
f 91/91/91 49/49/49 92/92/92
f 51/51/51 92/92/92 49/49/49
f 92/92/92 51/51/51 93/93/93
f 53/53/53 93/93/93 51/51/51
f 93/93/93 53/53/53 94/94/94
f 55/55/55 94/94/94 53/53/53
f 94/94/94 55/55/55 95/95/95
f 57/57/57 95/95/95 55/55/55
f 95/95/95 57/57/57 96/96/96
f 59/59/59 96/96/96 57/57/57
f 96/96/96 59/59/59 97/97/97
f 61/61/61 97/97/97 59/59/59
f 97/97/97 61/61/61 98/98/98
f 63/63/63 98/98/98 61/61/61
f 98/98/98 63/63/63 99/99/99
f 65/65/65 99/99/99 63/63/63
f 100/100/100 67/67/67 101/101/101
f 68/68/68 101/101/101 67/67/67
f 101/101/101 68/68/68 102/102/102
f 69/69/69 102/102/102 68/68/68
f 102/102/102 69/69/69 103/103/103
f 70/70/70 103/103/103 69/69/69
f 103/103/103 70/70/70 104/104/104
f 71/71/71 104/104/104 70/70/70
f 104/104/104 71/71/71 105/105/105
f 72/72/72 105/105/105 71/71/71
f 105/105/105 72/72/72 106/106/106
f 73/73/73 106/106/106 72/72/72
f 106/106/106 73/73/73 107/107/107
f 74/74/74 107/107/107 73/73/73
f 107/107/107 74/74/74 108/108/108
f 75/75/75 108/108/108 74/74/74
f 108/108/108 75/75/75 109/109/109
f 76/76/76 109/109/109 75/75/75
f 109/109/109 76/76/76 110/110/110
f 77/77/77 110/110/110 76/76/76
f 110/110/110 77/77/77 111/111/111
f 78/78/78 111/111/111 77/77/77
f 111/111/111 78/78/78 112/112/112
f 79/79/79 112/112/112 78/78/78
f 112/112/112 79/79/79 113/113/113
f 80/80/80 113/113/113 79/79/79
f 113/113/113 80/80/80 114/114/114
f 81/81/81 114/114/114 80/80/80
f 114/114/114 81/81/81 115/115/115
f 82/82/82 115/115/115 81/81/81
f 115/115/115 82/82/82 116/116/116
f 83/83/83 116/116/116 82/82/82
f 116/116/116 83/83/83 117/117/117
f 84/84/84 117/117/117 83/83/83
f 117/117/117 84/84/84 118/118/118
f 85/85/85 118/118/118 84/84/84
f 118/118/118 85/85/85 119/119/119
f 86/86/86 119/119/119 85/85/85
f 119/119/119 86/86/86 120/120/120
f 87/87/87 120/120/120 86/86/86
f 120/120/120 87/87/87 121/121/121
f 88/88/88 121/121/121 87/87/87
f 121/121/121 88/88/88 122/122/122
f 89/89/89 122/122/122 88/88/88
f 122/122/122 89/89/89 123/123/123
f 90/90/90 123/123/123 89/89/89
f 123/123/123 90/90/90 124/124/124
f 91/91/91 124/124/124 90/90/90
f 124/124/124 91/91/91 125/125/125
f 92/92/92 125/125/125 91/91/91
f 125/125/125 92/92/92 126/126/126
f 93/93/93 126/126/126 92/92/92
f 126/126/126 93/93/93 127/127/127
f 94/94/94 127/127/127 93/93/93
f 127/127/127 94/94/94 128/128/128
f 95/95/95 128/128/128 94/94/94
f 128/128/128 95/95/95 129/129/129
f 96/96/96 129/129/129 95/95/95
f 129/129/129 96/96/96 130/130/130
f 97/97/97 130/130/130 96/96/96
f 130/130/130 97/97/97 131/131/131
f 98/98/98 131/131/131 97/97/97
f 131/131/131 98/98/98 132/132/132
f 99/99/99 132/132/132 98/98/98
f 133/133/133 100/100/100 134/134/134
f 101/101/101 134/134/134 100/100/100
f 134/134/134 101/101/101 135/135/135
f 102/102/102 135/135/135 101/101/101
f 135/135/135 102/102/102 136/136/136
f 103/103/103 136/136/136 102/102/102
f 136/136/136 103/103/103 137/137/137
f 104/104/104 137/137/137 103/103/103
f 137/137/137 104/104/104 138/138/138
f 105/105/105 138/138/138 104/104/104
f 138/138/138 105/105/105 139/139/139
f 106/106/106 139/139/139 105/105/105
f 139/139/139 106/106/106 140/140/140
f 107/107/107 140/140/140 106/106/106
f 140/140/140 107/107/107 141/141/141
f 108/108/108 141/141/141 107/107/107
f 141/141/141 108/108/108 142/142/142
f 109/109/109 142/142/142 108/108/108
f 142/142/142 109/109/109 143/143/143
f 110/110/110 143/143/143 109/109/109
f 143/143/143 110/110/110 144/144/144
f 111/111/111 144/144/144 110/110/110
f 144/144/144 111/111/111 145/145/145
f 112/112/112 145/145/145 111/111/111
f 145/145/145 112/112/112 146/146/146
f 113/113/113 146/146/146 112/112/112
f 146/146/146 113/113/113 147/147/147
f 114/114/114 147/147/147 113/113/113
f 147/147/147 114/114/114 148/148/148
f 115/115/115 148/148/148 114/114/114
f 148/148/148 115/115/115 149/149/149
f 116/116/116 149/149/149 115/115/115
f 149/149/149 116/116/116 150/150/150
f 117/117/117 150/150/150 116/116/116
f 150/150/150 117/117/117 151/151/151
f 118/118/118 151/151/151 117/117/117
f 151/151/151 118/118/118 152/152/152
f 119/119/119 152/152/152 118/118/118
f 152/152/152 119/119/119 153/153/153
f 120/120/120 153/153/153 119/119/119
f 153/153/153 120/120/120 154/154/154
f 121/121/121 154/154/154 120/120/120
f 154/154/154 121/121/121 155/155/155
f 122/122/122 155/155/155 121/121/121
f 155/155/155 122/122/122 156/156/156
f 123/123/123 156/156/156 122/122/122
f 156/156/156 123/123/123 157/157/157
f 124/124/124 157/157/157 123/123/123
f 157/157/157 124/124/124 158/158/158
f 125/125/125 158/158/158 124/124/124
f 158/158/158 125/125/125 159/159/159
f 126/126/126 159/159/159 125/125/125
f 159/159/159 126/126/126 160/160/160
f 127/127/127 160/160/160 126/126/126
f 160/160/160 127/127/127 161/161/161
f 128/128/128 161/161/161 127/127/127
f 161/161/161 128/128/128 162/162/162
f 129/129/129 162/162/162 128/128/128
f 162/162/162 129/129/129 163/163/163
f 130/130/130 163/163/163 129/129/129
f 163/163/163 130/130/130 164/164/164
f 131/131/131 164/164/164 130/130/130
f 164/164/164 131/131/131 165/165/165
f 132/132/132 165/165/165 131/131/131
f 166/166/166 133/133/133 167/167/167
f 134/134/134 167/167/167 133/133/133
f 167/167/167 134/134/134 168/168/168
f 135/135/135 168/168/168 134/134/134
f 168/168/168 135/135/135 169/169/169
f 136/136/136 169/169/169 135/135/135
f 169/169/169 136/136/136 170/170/170
f 137/137/137 170/170/170 136/136/136
f 170/170/170 137/137/137 171/171/171
f 138/138/138 171/171/171 137/137/137
f 171/171/171 138/138/138 172/172/172
f 139/139/139 172/172/172 138/138/138
f 172/172/172 139/139/139 173/173/173
f 140/140/140 173/173/173 139/139/139
f 173/173/173 140/140/140 174/174/174
f 141/141/141 174/174/174 140/140/140
f 174/174/174 141/141/141 175/175/175
f 142/142/142 175/175/175 141/141/141
f 175/175/175 142/142/142 176/176/176
f 143/143/143 176/176/176 142/142/142
f 176/176/176 143/143/143 177/177/177
f 144/144/144 177/177/177 143/143/143
f 177/177/177 144/144/144 178/178/178
f 145/145/145 178/178/178 144/144/144
f 178/178/178 145/145/145 179/179/179
f 146/146/146 179/179/179 145/145/145
f 179/179/179 146/146/146 180/180/180
f 147/147/147 180/180/180 146/146/146
f 180/180/180 147/147/147 181/181/181
f 148/148/148 181/181/181 147/147/147
f 181/181/181 148/148/148 182/182/182
f 149/149/149 182/182/182 148/148/148
f 182/182/182 149/149/149 183/183/183
f 150/150/150 183/183/183 149/149/149
f 183/183/183 150/150/150 184/184/184
f 151/151/151 184/184/184 150/150/150
f 184/184/184 151/151/151 185/185/185
f 152/152/152 185/185/185 151/151/151
f 185/185/185 152/152/152 186/186/186
f 153/153/153 186/186/186 152/152/152
f 186/186/186 153/153/153 187/187/187
f 154/154/154 187/187/187 153/153/153
f 187/187/187 154/154/154 188/188/188
f 155/155/155 188/188/188 154/154/154
f 188/188/188 155/155/155 189/189/189
f 156/156/156 189/189/189 155/155/155
f 189/189/189 156/156/156 190/190/190
f 157/157/157 190/190/190 156/156/156
f 190/190/190 157/157/157 191/191/191
f 158/158/158 191/191/191 157/157/157
f 191/191/191 158/158/158 192/192/192
f 159/159/159 192/192/192 158/158/158
f 192/192/192 159/159/159 193/193/193
f 160/160/160 193/193/193 159/159/159
f 193/193/193 160/160/160 194/194/194
f 161/161/161 194/194/194 160/160/160
f 194/194/194 161/161/161 195/195/195
f 162/162/162 195/195/195 161/161/161
f 195/195/195 162/162/162 196/196/196
f 163/163/163 196/196/196 162/162/162
f 196/196/196 163/163/163 197/197/197
f 164/164/164 197/197/197 163/163/163
f 197/197/197 164/164/164 198/198/198
f 165/165/165 198/198/198 164/164/164
f 199/199/199 166/166/166 200/200/200
f 167/167/167 200/200/200 166/166/166
f 200/200/200 167/167/167 201/201/201
f 168/168/168 201/201/201 167/167/167
f 201/201/201 168/168/168 202/202/202
f 169/169/169 202/202/202 168/168/168
f 202/202/202 169/169/169 203/203/203
f 170/170/170 203/203/203 169/169/169
f 203/203/203 170/170/170 204/204/204
f 171/171/171 204/204/204 170/170/170
f 204/204/204 171/171/171 205/205/205
f 172/172/172 205/205/205 171/171/171
f 205/205/205 172/172/172 206/206/206
f 173/173/173 206/206/206 172/172/172
f 206/206/206 173/173/173 207/207/207
f 174/174/174 207/207/207 173/173/173
f 207/207/207 174/174/174 208/208/208
f 175/175/175 208/208/208 174/174/174
f 208/208/208 175/175/175 209/209/209
f 176/176/176 209/209/209 175/175/175
f 209/209/209 176/176/176 210/210/210
f 177/177/177 210/210/210 176/176/176
f 210/210/210 177/177/177 211/211/211
f 178/178/178 211/211/211 177/177/177
f 211/211/211 178/178/178 212/212/212
f 179/179/179 212/212/212 178/178/178
f 212/212/212 179/179/179 213/213/213
f 180/180/180 213/213/213 179/179/179
f 213/213/213 180/180/180 214/214/214
f 181/181/181 214/214/214 180/180/180
f 214/214/214 181/181/181 215/215/215
f 182/182/182 215/215/215 181/181/181
f 215/215/215 182/182/182 216/216/216
f 183/183/183 216/216/216 182/182/182
f 216/216/216 183/183/183 217/217/217
f 184/184/184 217/217/217 183/183/183
f 217/217/217 184/184/184 218/218/218
f 185/185/185 218/218/218 184/184/184
f 218/218/218 185/185/185 219/219/219
f 186/186/186 219/219/219 185/185/185
f 219/219/219 186/186/186 220/220/220
f 187/187/187 220/220/220 186/186/186
f 220/220/220 187/187/187 221/221/221
f 188/188/188 221/221/221 187/187/187
f 221/221/221 188/188/188 222/222/222
f 189/189/189 222/222/222 188/188/188
f 222/222/222 189/189/189 223/223/223
f 190/190/190 223/223/223 189/189/189
f 223/223/223 190/190/190 224/224/224
f 191/191/191 224/224/224 190/190/190
f 224/224/224 191/191/191 225/225/225
f 192/192/192 225/225/225 191/191/191
f 225/225/225 192/192/192 226/226/226
f 193/193/193 226/226/226 192/192/192
f 226/226/226 193/193/193 227/227/227
f 194/194/194 227/227/227 193/193/193
f 227/227/227 194/194/194 228/228/228
f 195/195/195 228/228/228 194/194/194
f 228/228/228 195/195/195 229/229/229
f 196/196/196 229/229/229 195/195/195
f 229/229/229 196/196/196 230/230/230
f 197/197/197 230/230/230 196/196/196
f 230/230/230 197/197/197 231/231/231
f 198/198/198 231/231/231 197/197/197
f 232/232/232 199/199/199 233/233/233
f 200/200/200 233/233/233 199/199/199
f 233/233/233 200/200/200 234/234/234
f 201/201/201 234/234/234 200/200/200
f 234/234/234 201/201/201 235/235/235
f 202/202/202 235/235/235 201/201/201
f 235/235/235 202/202/202 236/236/236
f 203/203/203 236/236/236 202/202/202
f 236/236/236 203/203/203 237/237/237
f 204/204/204 237/237/237 203/203/203
f 237/237/237 204/204/204 238/238/238
f 205/205/205 238/238/238 204/204/204
f 238/238/238 205/205/205 239/239/239
f 206/206/206 239/239/239 205/205/205
f 239/239/239 206/206/206 240/240/240
f 207/207/207 240/240/240 206/206/206
f 240/240/240 207/207/207 241/241/241
f 208/208/208 241/241/241 207/207/207
f 241/241/241 208/208/208 242/242/242
f 209/209/209 242/242/242 208/208/208
f 242/242/242 209/209/209 243/243/243
f 210/210/210 243/243/243 209/209/209
f 243/243/243 210/210/210 244/244/244
f 211/211/211 244/244/244 210/210/210
f 244/244/244 211/211/211 245/245/245
f 212/212/212 245/245/245 211/211/211
f 245/245/245 212/212/212 246/246/246
f 213/213/213 246/246/246 212/212/212
f 246/246/246 213/213/213 247/247/247
f 214/214/214 247/247/247 213/213/213
f 247/247/247 214/214/214 248/248/248
f 215/215/215 248/248/248 214/214/214
f 248/248/248 215/215/215 249/249/249
f 216/216/216 249/249/249 215/215/215
f 249/249/249 216/216/216 250/250/250
f 217/217/217 250/250/250 216/216/216
f 250/250/250 217/217/217 251/251/251
f 218/218/218 251/251/251 217/217/217
f 251/251/251 218/218/218 252/252/252
f 219/219/219 252/252/252 218/218/218
f 252/252/252 219/219/219 253/253/253
f 220/220/220 253/253/253 219/219/219
f 253/253/253 220/220/220 254/254/254
f 221/221/221 254/254/254 220/220/220
f 254/254/254 221/221/221 255/255/255
f 222/222/222 255/255/255 221/221/221
f 255/255/255 222/222/222 256/256/256
f 223/223/223 256/256/256 222/222/222
f 256/256/256 223/223/223 257/257/257
f 224/224/224 257/257/257 223/223/223
f 257/257/257 224/224/224 258/258/258
f 225/225/225 258/258/258 224/224/224
f 258/258/258 225/225/225 259/259/259
f 226/226/226 259/259/259 225/225/225
f 259/259/259 226/226/226 260/260/260
f 227/227/227 260/260/260 226/226/226
f 260/260/260 227/227/227 261/261/261
f 228/228/228 261/261/261 227/227/227
f 261/261/261 228/228/228 262/262/262
f 229/229/229 262/262/262 228/228/228
f 262/262/262 229/229/229 263/263/263
f 230/230/230 263/263/263 229/229/229
f 263/263/263 230/230/230 264/264/264
f 231/231/231 264/264/264 230/230/230
f 265/265/265 232/232/232 266/266/266
f 233/233/233 266/266/266 232/232/232
f 266/266/266 233/233/233 267/267/267
f 234/234/234 267/267/267 233/233/233
f 267/267/267 234/234/234 268/268/268
f 235/235/235 268/268/268 234/234/234
f 268/268/268 235/235/235 269/269/269
f 236/236/236 269/269/269 235/235/235
f 269/269/269 236/236/236 270/270/270
f 237/237/237 270/270/270 236/236/236
f 270/270/270 237/237/237 271/271/271
f 238/238/238 271/271/271 237/237/237
f 271/271/271 238/238/238 272/272/272
f 239/239/239 272/272/272 238/238/238
f 272/272/272 239/239/239 273/273/273
f 240/240/240 273/273/273 239/239/239
f 273/273/273 240/240/240 274/274/274
f 241/241/241 274/274/274 240/240/240
f 274/274/274 241/241/241 275/275/275
f 242/242/242 275/275/275 241/241/241
f 275/275/275 242/242/242 276/276/276
f 243/243/243 276/276/276 242/242/242
f 276/276/276 243/243/243 277/277/277
f 244/244/244 277/277/277 243/243/243
f 277/277/277 244/244/244 278/278/278
f 245/245/245 278/278/278 244/244/244
f 278/278/278 245/245/245 279/279/279
f 246/246/246 279/279/279 245/245/245
f 279/279/279 246/246/246 280/280/280
f 247/247/247 280/280/280 246/246/246
f 280/280/280 247/247/247 281/281/281
f 248/248/248 281/281/281 247/247/247
f 281/281/281 248/248/248 282/282/282
f 249/249/249 282/282/282 248/248/248
f 282/282/282 249/249/249 283/283/283
f 250/250/250 283/283/283 249/249/249
f 283/283/283 250/250/250 284/284/284
f 251/251/251 284/284/284 250/250/250
f 284/284/284 251/251/251 285/285/285
f 252/252/252 285/285/285 251/251/251
f 285/285/285 252/252/252 286/286/286
f 253/253/253 286/286/286 252/252/252
f 286/286/286 253/253/253 287/287/287
f 254/254/254 287/287/287 253/253/253
f 287/287/287 254/254/254 288/288/288
f 255/255/255 288/288/288 254/254/254
f 288/288/288 255/255/255 289/289/289
f 256/256/256 289/289/289 255/255/255
f 289/289/289 256/256/256 290/290/290
f 257/257/257 290/290/290 256/256/256
f 290/290/290 257/257/257 291/291/291
f 258/258/258 291/291/291 257/257/257
f 291/291/291 258/258/258 292/292/292
f 259/259/259 292/292/292 258/258/258
f 292/292/292 259/259/259 293/293/293
f 260/260/260 293/293/293 259/259/259
f 293/293/293 260/260/260 294/294/294
f 261/261/261 294/294/294 260/260/260
f 294/294/294 261/261/261 295/295/295
f 262/262/262 295/295/295 261/261/261
f 295/295/295 262/262/262 296/296/296
f 263/263/263 296/296/296 262/262/262
f 296/296/296 263/263/263 297/297/297
f 264/264/264 297/297/297 263/263/263
f 298/298/298 265/265/265 299/299/299
f 266/266/266 299/299/299 265/265/265
f 299/299/299 266/266/266 300/300/300
f 267/267/267 300/300/300 266/266/266
f 300/300/300 267/267/267 301/301/301
f 268/268/268 301/301/301 267/267/267
f 301/301/301 268/268/268 302/302/302
f 269/269/269 302/302/302 268/268/268
f 302/302/302 269/269/269 303/303/303
f 270/270/270 303/303/303 269/269/269
f 303/303/303 270/270/270 304/304/304
f 271/271/271 304/304/304 270/270/270
f 304/304/304 271/271/271 305/305/305
f 272/272/272 305/305/305 271/271/271
f 305/305/305 272/272/272 306/306/306
f 273/273/273 306/306/306 272/272/272
f 306/306/306 273/273/273 307/307/307
f 274/274/274 307/307/307 273/273/273
f 307/307/307 274/274/274 308/308/308
f 275/275/275 308/308/308 274/274/274
f 308/308/308 275/275/275 309/309/309
f 276/276/276 309/309/309 275/275/275
f 309/309/309 276/276/276 310/310/310
f 277/277/277 310/310/310 276/276/276
f 310/310/310 277/277/277 311/311/311
f 278/278/278 311/311/311 277/277/277
f 311/311/311 278/278/278 312/312/312
f 279/279/279 312/312/312 278/278/278
f 312/312/312 279/279/279 313/313/313
f 280/280/280 313/313/313 279/279/279
f 313/313/313 280/280/280 314/314/314
f 281/281/281 314/314/314 280/280/280
f 314/314/314 281/281/281 315/315/315
f 282/282/282 315/315/315 281/281/281
f 315/315/315 282/282/282 316/316/316
f 283/283/283 316/316/316 282/282/282
f 316/316/316 283/283/283 317/317/317
f 284/284/284 317/317/317 283/283/283
f 317/317/317 284/284/284 318/318/318
f 285/285/285 318/318/318 284/284/284
f 318/318/318 285/285/285 319/319/319
f 286/286/286 319/319/319 285/285/285
f 319/319/319 286/286/286 320/320/320
f 287/287/287 320/320/320 286/286/286
f 320/320/320 287/287/287 321/321/321
f 288/288/288 321/321/321 287/287/287
f 321/321/321 288/288/288 322/322/322
f 289/289/289 322/322/322 288/288/288
f 322/322/322 289/289/289 323/323/323
f 290/290/290 323/323/323 289/289/289
f 323/323/323 290/290/290 324/324/324
f 291/291/291 324/324/324 290/290/290
f 324/324/324 291/291/291 325/325/325
f 292/292/292 325/325/325 291/291/291
f 325/325/325 292/292/292 326/326/326
f 293/293/293 326/326/326 292/292/292
f 326/326/326 293/293/293 327/327/327
f 294/294/294 327/327/327 293/293/293
f 327/327/327 294/294/294 328/328/328
f 295/295/295 328/328/328 294/294/294
f 328/328/328 295/295/295 329/329/329
f 296/296/296 329/329/329 295/295/295
f 329/329/329 296/296/296 330/330/330
f 297/297/297 330/330/330 296/296/296
f 331/331/331 298/298/298 332/332/332
f 299/299/299 332/332/332 298/298/298
f 332/332/332 299/299/299 333/333/333
f 300/300/300 333/333/333 299/299/299
f 333/333/333 300/300/300 334/334/334
f 301/301/301 334/334/334 300/300/300
f 334/334/334 301/301/301 335/335/335
f 302/302/302 335/335/335 301/301/301
f 335/335/335 302/302/302 336/336/336
f 303/303/303 336/336/336 302/302/302
f 336/336/336 303/303/303 337/337/337
f 304/304/304 337/337/337 303/303/303
f 337/337/337 304/304/304 338/338/338
f 305/305/305 338/338/338 304/304/304
f 338/338/338 305/305/305 339/339/339
f 306/306/306 339/339/339 305/305/305
f 339/339/339 306/306/306 340/340/340
f 307/307/307 340/340/340 306/306/306
f 340/340/340 307/307/307 341/341/341
f 308/308/308 341/341/341 307/307/307
f 341/341/341 308/308/308 342/342/342
f 309/309/309 342/342/342 308/308/308
f 342/342/342 309/309/309 343/343/343
f 310/310/310 343/343/343 309/309/309
f 343/343/343 310/310/310 344/344/344
f 311/311/311 344/344/344 310/310/310
f 344/344/344 311/311/311 345/345/345
f 312/312/312 345/345/345 311/311/311
f 345/345/345 312/312/312 346/346/346
f 313/313/313 346/346/346 312/312/312
f 346/346/346 313/313/313 347/347/347
f 314/314/314 347/347/347 313/313/313
f 347/347/347 314/314/314 348/348/348
f 315/315/315 348/348/348 314/314/314
f 348/348/348 315/315/315 349/349/349
f 316/316/316 349/349/349 315/315/315
f 349/349/349 316/316/316 350/350/350
f 317/317/317 350/350/350 316/316/316
f 350/350/350 317/317/317 351/351/351
f 318/318/318 351/351/351 317/317/317
f 351/351/351 318/318/318 352/352/352
f 319/319/319 352/352/352 318/318/318
f 352/352/352 319/319/319 353/353/353
f 320/320/320 353/353/353 319/319/319
f 353/353/353 320/320/320 354/354/354
f 321/321/321 354/354/354 320/320/320
f 354/354/354 321/321/321 355/355/355
f 322/322/322 355/355/355 321/321/321
f 355/355/355 322/322/322 356/356/356
f 323/323/323 356/356/356 322/322/322
f 356/356/356 323/323/323 357/357/357
f 324/324/324 357/357/357 323/323/323
f 357/357/357 324/324/324 358/358/358
f 325/325/325 358/358/358 324/324/324
f 358/358/358 325/325/325 359/359/359
f 326/326/326 359/359/359 325/325/325
f 359/359/359 326/326/326 360/360/360
f 327/327/327 360/360/360 326/326/326
f 360/360/360 327/327/327 361/361/361
f 328/328/328 361/361/361 327/327/327
f 361/361/361 328/328/328 362/362/362
f 329/329/329 362/362/362 328/328/328
f 362/362/362 329/329/329 363/363/363
f 330/330/330 363/363/363 329/329/329
f 364/364/364 331/331/331 365/365/365
f 332/332/332 365/365/365 331/331/331
f 365/365/365 332/332/332 366/366/366
f 333/333/333 366/366/366 332/332/332
f 366/366/366 333/333/333 367/367/367
f 334/334/334 367/367/367 333/333/333
f 367/367/367 334/334/334 368/368/368
f 335/335/335 368/368/368 334/334/334
f 368/368/368 335/335/335 369/369/369
f 336/336/336 369/369/369 335/335/335
f 369/369/369 336/336/336 370/370/370
f 337/337/337 370/370/370 336/336/336
f 370/370/370 337/337/337 371/371/371
f 338/338/338 371/371/371 337/337/337
f 371/371/371 338/338/338 372/372/372
f 339/339/339 372/372/372 338/338/338
f 372/372/372 339/339/339 373/373/373
f 340/340/340 373/373/373 339/339/339
f 373/373/373 340/340/340 374/374/374
f 341/341/341 374/374/374 340/340/340
f 374/374/374 341/341/341 375/375/375
f 342/342/342 375/375/375 341/341/341
f 375/375/375 342/342/342 376/376/376
f 343/343/343 376/376/376 342/342/342
f 376/376/376 343/343/343 377/377/377
f 344/344/344 377/377/377 343/343/343
f 377/377/377 344/344/344 378/378/378
f 345/345/345 378/378/378 344/344/344
f 378/378/378 345/345/345 379/379/379
f 346/346/346 379/379/379 345/345/345
f 379/379/379 346/346/346 380/380/380
f 347/347/347 380/380/380 346/346/346
f 380/380/380 347/347/347 381/381/381
f 348/348/348 381/381/381 347/347/347
f 381/381/381 348/348/348 382/382/382
f 349/349/349 382/382/382 348/348/348
f 382/382/382 349/349/349 383/383/383
f 350/350/350 383/383/383 349/349/349
f 383/383/383 350/350/350 384/384/384
f 351/351/351 384/384/384 350/350/350
f 384/384/384 351/351/351 385/385/385
f 352/352/352 385/385/385 351/351/351
f 385/385/385 352/352/352 386/386/386
f 353/353/353 386/386/386 352/352/352
f 386/386/386 353/353/353 387/387/387
f 354/354/354 387/387/387 353/353/353
f 387/387/387 354/354/354 388/388/388
f 355/355/355 388/388/388 354/354/354
f 388/388/388 355/355/355 389/389/389
f 356/356/356 389/389/389 355/355/355
f 389/389/389 356/356/356 390/390/390
f 357/357/357 390/390/390 356/356/356
f 390/390/390 357/357/357 391/391/391
f 358/358/358 391/391/391 357/357/357
f 391/391/391 358/358/358 392/392/392
f 359/359/359 392/392/392 358/358/358
f 392/392/392 359/359/359 393/393/393
f 360/360/360 393/393/393 359/359/359
f 393/393/393 360/360/360 394/394/394
f 361/361/361 394/394/394 360/360/360
f 394/394/394 361/361/361 395/395/395
f 362/362/362 395/395/395 361/361/361
f 395/395/395 362/362/362 396/396/396
f 363/363/363 396/396/396 362/362/362
f 397/397/397 364/364/364 398/398/398
f 365/365/365 398/398/398 364/364/364
f 398/398/398 365/365/365 399/399/399
f 366/366/366 399/399/399 365/365/365
f 399/399/399 366/366/366 400/400/400
f 367/367/367 400/400/400 366/366/366
f 400/400/400 367/367/367 401/401/401
f 368/368/368 401/401/401 367/367/367
f 401/401/401 368/368/368 402/402/402
f 369/369/369 402/402/402 368/368/368
f 402/402/402 369/369/369 403/403/403
f 370/370/370 403/403/403 369/369/369
f 403/403/403 370/370/370 404/404/404
f 371/371/371 404/404/404 370/370/370
f 404/404/404 371/371/371 405/405/405
f 372/372/372 405/405/405 371/371/371
f 405/405/405 372/372/372 406/406/406
f 373/373/373 406/406/406 372/372/372
f 406/406/406 373/373/373 407/407/407
f 374/374/374 407/407/407 373/373/373
f 407/407/407 374/374/374 408/408/408
f 375/375/375 408/408/408 374/374/374
f 408/408/408 375/375/375 409/409/409
f 376/376/376 409/409/409 375/375/375
f 409/409/409 376/376/376 410/410/410
f 377/377/377 410/410/410 376/376/376
f 410/410/410 377/377/377 411/411/411
f 378/378/378 411/411/411 377/377/377
f 411/411/411 378/378/378 412/412/412
f 379/379/379 412/412/412 378/378/378
f 412/412/412 379/379/379 413/413/413
f 380/380/380 413/413/413 379/379/379
f 413/413/413 380/380/380 414/414/414
f 381/381/381 414/414/414 380/380/380
f 414/414/414 381/381/381 415/415/415
f 382/382/382 415/415/415 381/381/381
f 415/415/415 382/382/382 416/416/416
f 383/383/383 416/416/416 382/382/382
f 416/416/416 383/383/383 417/417/417
f 384/384/384 417/417/417 383/383/383
f 417/417/417 384/384/384 418/418/418
f 385/385/385 418/418/418 384/384/384
f 418/418/418 385/385/385 419/419/419
f 386/386/386 419/419/419 385/385/385
f 419/419/419 386/386/386 420/420/420
f 387/387/387 420/420/420 386/386/386
f 420/420/420 387/387/387 421/421/421
f 388/388/388 421/421/421 387/387/387
f 421/421/421 388/388/388 422/422/422
f 389/389/389 422/422/422 388/388/388
f 422/422/422 389/389/389 423/423/423
f 390/390/390 423/423/423 389/389/389
f 423/423/423 390/390/390 424/424/424
f 391/391/391 424/424/424 390/390/390
f 424/424/424 391/391/391 425/425/425
f 392/392/392 425/425/425 391/391/391
f 425/425/425 392/392/392 426/426/426
f 393/393/393 426/426/426 392/392/392
f 426/426/426 393/393/393 427/427/427
f 394/394/394 427/427/427 393/393/393
f 427/427/427 394/394/394 428/428/428
f 395/395/395 428/428/428 394/394/394
f 428/428/428 395/395/395 429/429/429
f 396/396/396 429/429/429 395/395/395
f 430/430/430 397/397/397 431/431/431
f 398/398/398 431/431/431 397/397/397
f 431/431/431 398/398/398 432/432/432
f 399/399/399 432/432/432 398/398/398
f 432/432/432 399/399/399 433/433/433
f 400/400/400 433/433/433 399/399/399
f 433/433/433 400/400/400 434/434/434
f 401/401/401 434/434/434 400/400/400
f 434/434/434 401/401/401 435/435/435
f 402/402/402 435/435/435 401/401/401
f 435/435/435 402/402/402 436/436/436
f 403/403/403 436/436/436 402/402/402
f 436/436/436 403/403/403 437/437/437
f 404/404/404 437/437/437 403/403/403
f 437/437/437 404/404/404 438/438/438
f 405/405/405 438/438/438 404/404/404
f 438/438/438 405/405/405 439/439/439
f 406/406/406 439/439/439 405/405/405
f 439/439/439 406/406/406 440/440/440
f 407/407/407 440/440/440 406/406/406
f 440/440/440 407/407/407 441/441/441
f 408/408/408 441/441/441 407/407/407
f 441/441/441 408/408/408 442/442/442
f 409/409/409 442/442/442 408/408/408
f 442/442/442 409/409/409 443/443/443
f 410/410/410 443/443/443 409/409/409
f 443/443/443 410/410/410 444/444/444
f 411/411/411 444/444/444 410/410/410
f 444/444/444 411/411/411 445/445/445
f 412/412/412 445/445/445 411/411/411
f 445/445/445 412/412/412 446/446/446
f 413/413/413 446/446/446 412/412/412
f 446/446/446 413/413/413 447/447/447
f 414/414/414 447/447/447 413/413/413
f 447/447/447 414/414/414 448/448/448
f 415/415/415 448/448/448 414/414/414
f 448/448/448 415/415/415 449/449/449
f 416/416/416 449/449/449 415/415/415
f 449/449/449 416/416/416 450/450/450
f 417/417/417 450/450/450 416/416/416
f 450/450/450 417/417/417 451/451/451
f 418/418/418 451/451/451 417/417/417
f 451/451/451 418/418/418 452/452/452
f 419/419/419 452/452/452 418/418/418
f 452/452/452 419/419/419 453/453/453
f 420/420/420 453/453/453 419/419/419
f 453/453/453 420/420/420 454/454/454
f 421/421/421 454/454/454 420/420/420
f 454/454/454 421/421/421 455/455/455
f 422/422/422 455/455/455 421/421/421
f 455/455/455 422/422/422 456/456/456
f 423/423/423 456/456/456 422/422/422
f 456/456/456 423/423/423 457/457/457
f 424/424/424 457/457/457 423/423/423
f 457/457/457 424/424/424 458/458/458
f 425/425/425 458/458/458 424/424/424
f 458/458/458 425/425/425 459/459/459
f 426/426/426 459/459/459 425/425/425
f 459/459/459 426/426/426 460/460/460
f 427/427/427 460/460/460 426/426/426
f 460/460/460 427/427/427 461/461/461
f 428/428/428 461/461/461 427/427/427
f 461/461/461 428/428/428 462/462/462
f 429/429/429 462/462/462 428/428/428
f 463/463/463 430/430/430 464/464/464
f 431/431/431 464/464/464 430/430/430
f 464/464/464 431/431/431 465/465/465
f 432/432/432 465/465/465 431/431/431
f 465/465/465 432/432/432 466/466/466
f 433/433/433 466/466/466 432/432/432
f 466/466/466 433/433/433 467/467/467
f 434/434/434 467/467/467 433/433/433
f 467/467/467 434/434/434 468/468/468
f 435/435/435 468/468/468 434/434/434
f 468/468/468 435/435/435 469/469/469
f 436/436/436 469/469/469 435/435/435
f 469/469/469 436/436/436 470/470/470
f 437/437/437 470/470/470 436/436/436
f 470/470/470 437/437/437 471/471/471
f 438/438/438 471/471/471 437/437/437
f 471/471/471 438/438/438 472/472/472
f 439/439/439 472/472/472 438/438/438
f 472/472/472 439/439/439 473/473/473
f 440/440/440 473/473/473 439/439/439
f 473/473/473 440/440/440 474/474/474
f 441/441/441 474/474/474 440/440/440
f 474/474/474 441/441/441 475/475/475
f 442/442/442 475/475/475 441/441/441
f 475/475/475 442/442/442 476/476/476
f 443/443/443 476/476/476 442/442/442
f 476/476/476 443/443/443 477/477/477
f 444/444/444 477/477/477 443/443/443
f 477/477/477 444/444/444 478/478/478
f 445/445/445 478/478/478 444/444/444
f 478/478/478 445/445/445 479/479/479
f 446/446/446 479/479/479 445/445/445
f 479/479/479 446/446/446 480/480/480
f 447/447/447 480/480/480 446/446/446
f 480/480/480 447/447/447 481/481/481
f 448/448/448 481/481/481 447/447/447
f 481/481/481 448/448/448 482/482/482
f 449/449/449 482/482/482 448/448/448
f 482/482/482 449/449/449 483/483/483
f 450/450/450 483/483/483 449/449/449
f 483/483/483 450/450/450 484/484/484
f 451/451/451 484/484/484 450/450/450
f 484/484/484 451/451/451 485/485/485
f 452/452/452 485/485/485 451/451/451
f 485/485/485 452/452/452 486/486/486
f 453/453/453 486/486/486 452/452/452
f 486/486/486 453/453/453 487/487/487
f 454/454/454 487/487/487 453/453/453
f 487/487/487 454/454/454 488/488/488
f 455/455/455 488/488/488 454/454/454
f 488/488/488 455/455/455 489/489/489
f 456/456/456 489/489/489 455/455/455
f 489/489/489 456/456/456 490/490/490
f 457/457/457 490/490/490 456/456/456
f 490/490/490 457/457/457 491/491/491
f 458/458/458 491/491/491 457/457/457
f 491/491/491 458/458/458 492/492/492
f 459/459/459 492/492/492 458/458/458
f 492/492/492 459/459/459 493/493/493
f 460/460/460 493/493/493 459/459/459
f 493/493/493 460/460/460 494/494/494
f 461/461/461 494/494/494 460/460/460
f 494/494/494 461/461/461 495/495/495
f 462/462/462 495/495/495 461/461/461
f 496/496/496 463/463/463 497/497/497
f 464/464/464 497/497/497 463/463/463
f 497/497/497 464/464/464 498/498/498
f 465/465/465 498/498/498 464/464/464
f 498/498/498 465/465/465 499/499/499
f 466/466/466 499/499/499 465/465/465
f 499/499/499 466/466/466 500/500/500
f 467/467/467 500/500/500 466/466/466
f 500/500/500 467/467/467 501/501/501
f 468/468/468 501/501/501 467/467/467
f 501/501/501 468/468/468 502/502/502
f 469/469/469 502/502/502 468/468/468
f 502/502/502 469/469/469 503/503/503
f 470/470/470 503/503/503 469/469/469
f 503/503/503 470/470/470 504/504/504
f 471/471/471 504/504/504 470/470/470
f 504/504/504 471/471/471 505/505/505
f 472/472/472 505/505/505 471/471/471
f 505/505/505 472/472/472 506/506/506
f 473/473/473 506/506/506 472/472/472
f 506/506/506 473/473/473 507/507/507
f 474/474/474 507/507/507 473/473/473
f 507/507/507 474/474/474 508/508/508
f 475/475/475 508/508/508 474/474/474
f 508/508/508 475/475/475 509/509/509
f 476/476/476 509/509/509 475/475/475
f 509/509/509 476/476/476 510/510/510
f 477/477/477 510/510/510 476/476/476
f 510/510/510 477/477/477 511/511/511
f 478/478/478 511/511/511 477/477/477
f 511/511/511 478/478/478 512/512/512
f 479/479/479 512/512/512 478/478/478
f 512/512/512 479/479/479 513/513/513
f 480/480/480 513/513/513 479/479/479
f 513/513/513 480/480/480 514/514/514
f 481/481/481 514/514/514 480/480/480
f 514/514/514 481/481/481 515/515/515
f 482/482/482 515/515/515 481/481/481
f 515/515/515 482/482/482 516/516/516
f 483/483/483 516/516/516 482/482/482
f 516/516/516 483/483/483 517/517/517
f 484/484/484 517/517/517 483/483/483
f 517/517/517 484/484/484 518/518/518
f 485/485/485 518/518/518 484/484/484
f 518/518/518 485/485/485 519/519/519
f 486/486/486 519/519/519 485/485/485
f 519/519/519 486/486/486 520/520/520
f 487/487/487 520/520/520 486/486/486
f 520/520/520 487/487/487 521/521/521
f 488/488/488 521/521/521 487/487/487
f 521/521/521 488/488/488 522/522/522
f 489/489/489 522/522/522 488/488/488
f 522/522/522 489/489/489 523/523/523
f 490/490/490 523/523/523 489/489/489
f 523/523/523 490/490/490 524/524/524
f 491/491/491 524/524/524 490/490/490
f 524/524/524 491/491/491 525/525/525
f 492/492/492 525/525/525 491/491/491
f 525/525/525 492/492/492 526/526/526
f 493/493/493 526/526/526 492/492/492
f 526/526/526 493/493/493 527/527/527
f 494/494/494 527/527/527 493/493/493
f 527/527/527 494/494/494 528/528/528
f 495/495/495 528/528/528 494/494/494
f 529/529/529 496/496/496 530/530/530
f 497/497/497 530/530/530 496/496/496
f 530/530/530 497/497/497 531/531/531
f 498/498/498 531/531/531 497/497/497
f 531/531/531 498/498/498 532/532/532
f 499/499/499 532/532/532 498/498/498
f 532/532/532 499/499/499 533/533/533
f 500/500/500 533/533/533 499/499/499
f 533/533/533 500/500/500 534/534/534
f 501/501/501 534/534/534 500/500/500
f 534/534/534 501/501/501 535/535/535
f 502/502/502 535/535/535 501/501/501
f 535/535/535 502/502/502 536/536/536
f 503/503/503 536/536/536 502/502/502
f 536/536/536 503/503/503 537/537/537
f 504/504/504 537/537/537 503/503/503
f 537/537/537 504/504/504 538/538/538
f 505/505/505 538/538/538 504/504/504
f 538/538/538 505/505/505 539/539/539
f 506/506/506 539/539/539 505/505/505
f 539/539/539 506/506/506 540/540/540
f 507/507/507 540/540/540 506/506/506
f 540/540/540 507/507/507 541/541/541
f 508/508/508 541/541/541 507/507/507
f 541/541/541 508/508/508 542/542/542
f 509/509/509 542/542/542 508/508/508
f 542/542/542 509/509/509 543/543/543
f 510/510/510 543/543/543 509/509/509
f 543/543/543 510/510/510 544/544/544
f 511/511/511 544/544/544 510/510/510
f 544/544/544 511/511/511 545/545/545
f 512/512/512 545/545/545 511/511/511
f 545/545/545 512/512/512 546/546/546
f 513/513/513 546/546/546 512/512/512
f 546/546/546 513/513/513 547/547/547
f 514/514/514 547/547/547 513/513/513
f 547/547/547 514/514/514 548/548/548
f 515/515/515 548/548/548 514/514/514
f 548/548/548 515/515/515 549/549/549
f 516/516/516 549/549/549 515/515/515
f 549/549/549 516/516/516 550/550/550
f 517/517/517 550/550/550 516/516/516
f 550/550/550 517/517/517 551/551/551
f 518/518/518 551/551/551 517/517/517
f 551/551/551 518/518/518 552/552/552
f 519/519/519 552/552/552 518/518/518
f 552/552/552 519/519/519 553/553/553
f 520/520/520 553/553/553 519/519/519
f 553/553/553 520/520/520 554/554/554
f 521/521/521 554/554/554 520/520/520
f 554/554/554 521/521/521 555/555/555
f 522/522/522 555/555/555 521/521/521
f 555/555/555 522/522/522 556/556/556
f 523/523/523 556/556/556 522/522/522
f 556/556/556 523/523/523 557/557/557
f 524/524/524 557/557/557 523/523/523
f 557/557/557 524/524/524 558/558/558
f 525/525/525 558/558/558 524/524/524
f 558/558/558 525/525/525 559/559/559
f 526/526/526 559/559/559 525/525/525
f 559/559/559 526/526/526 560/560/560
f 527/527/527 560/560/560 526/526/526
f 560/560/560 527/527/527 561/561/561
f 528/528/528 561/561/561 527/527/527
f 562/562/562 529/529/529 563/563/563
f 530/530/530 563/563/563 529/529/529
f 563/563/563 530/530/530 564/564/564
f 531/531/531 564/564/564 530/530/530
f 564/564/564 531/531/531 565/565/565
f 532/532/532 565/565/565 531/531/531
f 565/565/565 532/532/532 566/566/566
f 533/533/533 566/566/566 532/532/532
f 566/566/566 533/533/533 567/567/567
f 534/534/534 567/567/567 533/533/533
f 567/567/567 534/534/534 568/568/568
f 535/535/535 568/568/568 534/534/534
f 568/568/568 535/535/535 569/569/569
f 536/536/536 569/569/569 535/535/535
f 569/569/569 536/536/536 570/570/570
f 537/537/537 570/570/570 536/536/536
f 570/570/570 537/537/537 571/571/571
f 538/538/538 571/571/571 537/537/537
f 571/571/571 538/538/538 572/572/572
f 539/539/539 572/572/572 538/538/538
f 572/572/572 539/539/539 573/573/573
f 540/540/540 573/573/573 539/539/539
f 573/573/573 540/540/540 574/574/574
f 541/541/541 574/574/574 540/540/540
f 574/574/574 541/541/541 575/575/575
f 542/542/542 575/575/575 541/541/541
f 575/575/575 542/542/542 576/576/576
f 543/543/543 576/576/576 542/542/542
f 576/576/576 543/543/543 577/577/577
f 544/544/544 577/577/577 543/543/543
f 577/577/577 544/544/544 578/578/578
f 545/545/545 578/578/578 544/544/544
f 578/578/578 545/545/545 579/579/579
f 546/546/546 579/579/579 545/545/545
f 579/579/579 546/546/546 580/580/580
f 547/547/547 580/580/580 546/546/546
f 580/580/580 547/547/547 581/581/581
f 548/548/548 581/581/581 547/547/547
f 581/581/581 548/548/548 582/582/582
f 549/549/549 582/582/582 548/548/548
f 582/582/582 549/549/549 583/583/583
f 550/550/550 583/583/583 549/549/549
f 583/583/583 550/550/550 584/584/584
f 551/551/551 584/584/584 550/550/550
f 584/584/584 551/551/551 585/585/585
f 552/552/552 585/585/585 551/551/551
f 585/585/585 552/552/552 586/586/586
f 553/553/553 586/586/586 552/552/552
f 586/586/586 553/553/553 587/587/587
f 554/554/554 587/587/587 553/553/553
f 587/587/587 554/554/554 588/588/588
f 555/555/555 588/588/588 554/554/554
f 588/588/588 555/555/555 589/589/589
f 556/556/556 589/589/589 555/555/555
f 589/589/589 556/556/556 590/590/590
f 557/557/557 590/590/590 556/556/556
f 590/590/590 557/557/557 591/591/591
f 558/558/558 591/591/591 557/557/557
f 591/591/591 558/558/558 592/592/592
f 559/559/559 592/592/592 558/558/558
f 592/592/592 559/559/559 593/593/593
f 560/560/560 593/593/593 559/559/559
f 593/593/593 560/560/560 594/594/594
f 561/561/561 594/594/594 560/560/560
f 595/595/595 562/562/562 596/596/596
f 563/563/563 596/596/596 562/562/562
f 596/596/596 563/563/563 597/597/597
f 564/564/564 597/597/597 563/563/563
f 597/597/597 564/564/564 598/598/598
f 565/565/565 598/598/598 564/564/564
f 598/598/598 565/565/565 599/599/599
f 566/566/566 599/599/599 565/565/565
f 599/599/599 566/566/566 600/600/600
f 567/567/567 600/600/600 566/566/566
f 600/600/600 567/567/567 601/601/601
f 568/568/568 601/601/601 567/567/567
f 601/601/601 568/568/568 602/602/602
f 569/569/569 602/602/602 568/568/568
f 602/602/602 569/569/569 603/603/603
f 570/570/570 603/603/603 569/569/569
f 603/603/603 570/570/570 604/604/604
f 571/571/571 604/604/604 570/570/570
f 604/604/604 571/571/571 605/605/605
f 572/572/572 605/605/605 571/571/571
f 605/605/605 572/572/572 606/606/606
f 573/573/573 606/606/606 572/572/572
f 606/606/606 573/573/573 607/607/607
f 574/574/574 607/607/607 573/573/573
f 607/607/607 574/574/574 608/608/608
f 575/575/575 608/608/608 574/574/574
f 608/608/608 575/575/575 609/609/609
f 576/576/576 609/609/609 575/575/575
f 609/609/609 576/576/576 610/610/610
f 577/577/577 610/610/610 576/576/576
f 610/610/610 577/577/577 611/611/611
f 578/578/578 611/611/611 577/577/577
f 611/611/611 578/578/578 612/612/612
f 579/579/579 612/612/612 578/578/578
f 612/612/612 579/579/579 613/613/613
f 580/580/580 613/613/613 579/579/579
f 613/613/613 580/580/580 614/614/614
f 581/581/581 614/614/614 580/580/580
f 614/614/614 581/581/581 615/615/615
f 582/582/582 615/615/615 581/581/581
f 615/615/615 582/582/582 616/616/616
f 583/583/583 616/616/616 582/582/582
f 616/616/616 583/583/583 617/617/617
f 584/584/584 617/617/617 583/583/583
f 617/617/617 584/584/584 618/618/618
f 585/585/585 618/618/618 584/584/584
f 618/618/618 585/585/585 619/619/619
f 586/586/586 619/619/619 585/585/585
f 619/619/619 586/586/586 620/620/620
f 587/587/587 620/620/620 586/586/586
f 620/620/620 587/587/587 621/621/621
f 588/588/588 621/621/621 587/587/587
f 621/621/621 588/588/588 622/622/622
f 589/589/589 622/622/622 588/588/588
f 622/622/622 589/589/589 623/623/623
f 590/590/590 623/623/623 589/589/589
f 623/623/623 590/590/590 624/624/624
f 591/591/591 624/624/624 590/590/590
f 624/624/624 591/591/591 625/625/625
f 592/592/592 625/625/625 591/591/591
f 625/625/625 592/592/592 626/626/626
f 593/593/593 626/626/626 592/592/592
f 626/626/626 593/593/593 627/627/627
f 594/594/594 627/627/627 593/593/593
f 628/628/628 595/595/595 629/629/629
f 596/596/596 629/629/629 595/595/595
f 629/629/629 596/596/596 630/630/630
f 597/597/597 630/630/630 596/596/596
f 630/630/630 597/597/597 631/631/631
f 598/598/598 631/631/631 597/597/597
f 631/631/631 598/598/598 632/632/632
f 599/599/599 632/632/632 598/598/598
f 632/632/632 599/599/599 633/633/633
f 600/600/600 633/633/633 599/599/599
f 633/633/633 600/600/600 634/634/634
f 601/601/601 634/634/634 600/600/600
f 634/634/634 601/601/601 635/635/635
f 602/602/602 635/635/635 601/601/601
f 635/635/635 602/602/602 636/636/636
f 603/603/603 636/636/636 602/602/602
f 636/636/636 603/603/603 637/637/637
f 604/604/604 637/637/637 603/603/603
f 637/637/637 604/604/604 638/638/638
f 605/605/605 638/638/638 604/604/604
f 638/638/638 605/605/605 639/639/639
f 606/606/606 639/639/639 605/605/605
f 639/639/639 606/606/606 640/640/640
f 607/607/607 640/640/640 606/606/606
f 640/640/640 607/607/607 641/641/641
f 608/608/608 641/641/641 607/607/607
f 641/641/641 608/608/608 642/642/642
f 609/609/609 642/642/642 608/608/608
f 642/642/642 609/609/609 643/643/643
f 610/610/610 643/643/643 609/609/609
f 643/643/643 610/610/610 644/644/644
f 611/611/611 644/644/644 610/610/610
f 644/644/644 611/611/611 645/645/645
f 612/612/612 645/645/645 611/611/611
f 645/645/645 612/612/612 646/646/646
f 613/613/613 646/646/646 612/612/612
f 646/646/646 613/613/613 647/647/647
f 614/614/614 647/647/647 613/613/613
f 647/647/647 614/614/614 648/648/648
f 615/615/615 648/648/648 614/614/614
f 648/648/648 615/615/615 649/649/649
f 616/616/616 649/649/649 615/615/615
f 649/649/649 616/616/616 650/650/650
f 617/617/617 650/650/650 616/616/616
f 650/650/650 617/617/617 651/651/651
f 618/618/618 651/651/651 617/617/617
f 651/651/651 618/618/618 652/652/652
f 619/619/619 652/652/652 618/618/618
f 652/652/652 619/619/619 653/653/653
f 620/620/620 653/653/653 619/619/619
f 653/653/653 620/620/620 654/654/654
f 621/621/621 654/654/654 620/620/620
f 654/654/654 621/621/621 655/655/655
f 622/622/622 655/655/655 621/621/621
f 655/655/655 622/622/622 656/656/656
f 623/623/623 656/656/656 622/622/622
f 656/656/656 623/623/623 657/657/657
f 624/624/624 657/657/657 623/623/623
f 657/657/657 624/624/624 658/658/658
f 625/625/625 658/658/658 624/624/624
f 658/658/658 625/625/625 659/659/659
f 626/626/626 659/659/659 625/625/625
f 659/659/659 626/626/626 660/660/660
f 627/627/627 660/660/660 626/626/626
f 661/661/661 628/628/628 662/662/662
f 629/629/629 662/662/662 628/628/628
f 662/662/662 629/629/629 663/663/663
f 630/630/630 663/663/663 629/629/629
f 663/663/663 630/630/630 664/664/664
f 631/631/631 664/664/664 630/630/630
f 664/664/664 631/631/631 665/665/665
f 632/632/632 665/665/665 631/631/631
f 665/665/665 632/632/632 666/666/666
f 633/633/633 666/666/666 632/632/632
f 666/666/666 633/633/633 667/667/667
f 634/634/634 667/667/667 633/633/633
f 667/667/667 634/634/634 668/668/668
f 635/635/635 668/668/668 634/634/634
f 668/668/668 635/635/635 669/669/669
f 636/636/636 669/669/669 635/635/635
f 669/669/669 636/636/636 670/670/670
f 637/637/637 670/670/670 636/636/636
f 670/670/670 637/637/637 671/671/671
f 638/638/638 671/671/671 637/637/637
f 671/671/671 638/638/638 672/672/672
f 639/639/639 672/672/672 638/638/638
f 672/672/672 639/639/639 673/673/673
f 640/640/640 673/673/673 639/639/639
f 673/673/673 640/640/640 674/674/674
f 641/641/641 674/674/674 640/640/640
f 674/674/674 641/641/641 675/675/675
f 642/642/642 675/675/675 641/641/641
f 675/675/675 642/642/642 676/676/676
f 643/643/643 676/676/676 642/642/642
f 676/676/676 643/643/643 677/677/677
f 644/644/644 677/677/677 643/643/643
f 677/677/677 644/644/644 678/678/678
f 645/645/645 678/678/678 644/644/644
f 678/678/678 645/645/645 679/679/679
f 646/646/646 679/679/679 645/645/645
f 679/679/679 646/646/646 680/680/680
f 647/647/647 680/680/680 646/646/646
f 680/680/680 647/647/647 681/681/681
f 648/648/648 681/681/681 647/647/647
f 681/681/681 648/648/648 682/682/682
f 649/649/649 682/682/682 648/648/648
f 682/682/682 649/649/649 683/683/683
f 650/650/650 683/683/683 649/649/649
f 683/683/683 650/650/650 684/684/684
f 651/651/651 684/684/684 650/650/650
f 684/684/684 651/651/651 685/685/685
f 652/652/652 685/685/685 651/651/651
f 685/685/685 652/652/652 686/686/686
f 653/653/653 686/686/686 652/652/652
f 686/686/686 653/653/653 687/687/687
f 654/654/654 687/687/687 653/653/653
f 687/687/687 654/654/654 688/688/688
f 655/655/655 688/688/688 654/654/654
f 688/688/688 655/655/655 689/689/689
f 656/656/656 689/689/689 655/655/655
f 689/689/689 656/656/656 690/690/690
f 657/657/657 690/690/690 656/656/656
f 690/690/690 657/657/657 691/691/691
f 658/658/658 691/691/691 657/657/657
f 691/691/691 658/658/658 692/692/692
f 659/659/659 692/692/692 658/658/658
f 692/692/692 659/659/659 693/693/693
f 660/660/660 693/693/693 659/659/659
f 694/694/694 661/661/661 695/695/695
f 662/662/662 695/695/695 661/661/661
f 695/695/695 662/662/662 696/696/696
f 663/663/663 696/696/696 662/662/662
f 696/696/696 663/663/663 697/697/697
f 664/664/664 697/697/697 663/663/663
f 697/697/697 664/664/664 698/698/698
f 665/665/665 698/698/698 664/664/664
f 698/698/698 665/665/665 699/699/699
f 666/666/666 699/699/699 665/665/665
f 699/699/699 666/666/666 700/700/700
f 667/667/667 700/700/700 666/666/666
f 700/700/700 667/667/667 701/701/701
f 668/668/668 701/701/701 667/667/667
f 701/701/701 668/668/668 702/702/702
f 669/669/669 702/702/702 668/668/668
f 702/702/702 669/669/669 703/703/703
f 670/670/670 703/703/703 669/669/669
f 703/703/703 670/670/670 704/704/704
f 671/671/671 704/704/704 670/670/670
f 704/704/704 671/671/671 705/705/705
f 672/672/672 705/705/705 671/671/671
f 705/705/705 672/672/672 706/706/706
f 673/673/673 706/706/706 672/672/672
f 706/706/706 673/673/673 707/707/707
f 674/674/674 707/707/707 673/673/673
f 707/707/707 674/674/674 708/708/708
f 675/675/675 708/708/708 674/674/674
f 708/708/708 675/675/675 709/709/709
f 676/676/676 709/709/709 675/675/675
f 709/709/709 676/676/676 710/710/710
f 677/677/677 710/710/710 676/676/676
f 710/710/710 677/677/677 711/711/711
f 678/678/678 711/711/711 677/677/677
f 711/711/711 678/678/678 712/712/712
f 679/679/679 712/712/712 678/678/678
f 712/712/712 679/679/679 713/713/713
f 680/680/680 713/713/713 679/679/679
f 713/713/713 680/680/680 714/714/714
f 681/681/681 714/714/714 680/680/680
f 714/714/714 681/681/681 715/715/715
f 682/682/682 715/715/715 681/681/681
f 715/715/715 682/682/682 716/716/716
f 683/683/683 716/716/716 682/682/682
f 716/716/716 683/683/683 717/717/717
f 684/684/684 717/717/717 683/683/683
f 717/717/717 684/684/684 718/718/718
f 685/685/685 718/718/718 684/684/684
f 718/718/718 685/685/685 719/719/719
f 686/686/686 719/719/719 685/685/685
f 719/719/719 686/686/686 720/720/720
f 687/687/687 720/720/720 686/686/686
f 720/720/720 687/687/687 721/721/721
f 688/688/688 721/721/721 687/687/687
f 721/721/721 688/688/688 722/722/722
f 689/689/689 722/722/722 688/688/688
f 722/722/722 689/689/689 723/723/723
f 690/690/690 723/723/723 689/689/689
f 723/723/723 690/690/690 724/724/724
f 691/691/691 724/724/724 690/690/690
f 724/724/724 691/691/691 725/725/725
f 692/692/692 725/725/725 691/691/691
f 725/725/725 692/692/692 726/726/726
f 693/693/693 726/726/726 692/692/692
f 727/727/727 694/694/694 728/728/728
f 695/695/695 728/728/728 694/694/694
f 728/728/728 695/695/695 729/729/729
f 696/696/696 729/729/729 695/695/695
f 729/729/729 696/696/696 730/730/730
f 697/697/697 730/730/730 696/696/696
f 730/730/730 697/697/697 731/731/731
f 698/698/698 731/731/731 697/697/697
f 731/731/731 698/698/698 732/732/732
f 699/699/699 732/732/732 698/698/698
f 732/732/732 699/699/699 733/733/733
f 700/700/700 733/733/733 699/699/699
f 733/733/733 700/700/700 734/734/734
f 701/701/701 734/734/734 700/700/700
f 734/734/734 701/701/701 735/735/735
f 702/702/702 735/735/735 701/701/701
f 735/735/735 702/702/702 736/736/736
f 703/703/703 736/736/736 702/702/702
f 736/736/736 703/703/703 737/737/737
f 704/704/704 737/737/737 703/703/703
f 737/737/737 704/704/704 738/738/738
f 705/705/705 738/738/738 704/704/704
f 738/738/738 705/705/705 739/739/739
f 706/706/706 739/739/739 705/705/705
f 739/739/739 706/706/706 740/740/740
f 707/707/707 740/740/740 706/706/706
f 740/740/740 707/707/707 741/741/741
f 708/708/708 741/741/741 707/707/707
f 741/741/741 708/708/708 742/742/742
f 709/709/709 742/742/742 708/708/708
f 742/742/742 709/709/709 743/743/743
f 710/710/710 743/743/743 709/709/709
f 743/743/743 710/710/710 744/744/744
f 711/711/711 744/744/744 710/710/710
f 744/744/744 711/711/711 745/745/745
f 712/712/712 745/745/745 711/711/711
f 745/745/745 712/712/712 746/746/746
f 713/713/713 746/746/746 712/712/712
f 746/746/746 713/713/713 747/747/747
f 714/714/714 747/747/747 713/713/713
f 747/747/747 714/714/714 748/748/748
f 715/715/715 748/748/748 714/714/714
f 748/748/748 715/715/715 749/749/749
f 716/716/716 749/749/749 715/715/715
f 749/749/749 716/716/716 750/750/750
f 717/717/717 750/750/750 716/716/716
f 750/750/750 717/717/717 751/751/751
f 718/718/718 751/751/751 717/717/717
f 751/751/751 718/718/718 752/752/752
f 719/719/719 752/752/752 718/718/718
f 752/752/752 719/719/719 753/753/753
f 720/720/720 753/753/753 719/719/719
f 753/753/753 720/720/720 754/754/754
f 721/721/721 754/754/754 720/720/720
f 754/754/754 721/721/721 755/755/755
f 722/722/722 755/755/755 721/721/721
f 755/755/755 722/722/722 756/756/756
f 723/723/723 756/756/756 722/722/722
f 756/756/756 723/723/723 757/757/757
f 724/724/724 757/757/757 723/723/723
f 757/757/757 724/724/724 758/758/758
f 725/725/725 758/758/758 724/724/724
f 758/758/758 725/725/725 759/759/759
f 726/726/726 759/759/759 725/725/725
f 760/760/760 727/727/727 761/761/761
f 728/728/728 761/761/761 727/727/727
f 761/761/761 728/728/728 762/762/762
f 729/729/729 762/762/762 728/728/728
f 762/762/762 729/729/729 763/763/763
f 730/730/730 763/763/763 729/729/729
f 763/763/763 730/730/730 764/764/764
f 731/731/731 764/764/764 730/730/730
f 764/764/764 731/731/731 765/765/765
f 732/732/732 765/765/765 731/731/731
f 765/765/765 732/732/732 766/766/766
f 733/733/733 766/766/766 732/732/732
f 766/766/766 733/733/733 767/767/767
f 734/734/734 767/767/767 733/733/733
f 767/767/767 734/734/734 768/768/768
f 735/735/735 768/768/768 734/734/734
f 768/768/768 735/735/735 769/769/769
f 736/736/736 769/769/769 735/735/735
f 769/769/769 736/736/736 770/770/770
f 737/737/737 770/770/770 736/736/736
f 770/770/770 737/737/737 771/771/771
f 738/738/738 771/771/771 737/737/737
f 771/771/771 738/738/738 772/772/772
f 739/739/739 772/772/772 738/738/738
f 772/772/772 739/739/739 773/773/773
f 740/740/740 773/773/773 739/739/739
f 773/773/773 740/740/740 774/774/774
f 741/741/741 774/774/774 740/740/740
f 774/774/774 741/741/741 775/775/775
f 742/742/742 775/775/775 741/741/741
f 775/775/775 742/742/742 776/776/776
f 743/743/743 776/776/776 742/742/742
f 776/776/776 743/743/743 777/777/777
f 744/744/744 777/777/777 743/743/743
f 777/777/777 744/744/744 778/778/778
f 745/745/745 778/778/778 744/744/744
f 778/778/778 745/745/745 779/779/779
f 746/746/746 779/779/779 745/745/745
f 779/779/779 746/746/746 780/780/780
f 747/747/747 780/780/780 746/746/746
f 780/780/780 747/747/747 781/781/781
f 748/748/748 781/781/781 747/747/747
f 781/781/781 748/748/748 782/782/782
f 749/749/749 782/782/782 748/748/748
f 782/782/782 749/749/749 783/783/783
f 750/750/750 783/783/783 749/749/749
f 783/783/783 750/750/750 784/784/784
f 751/751/751 784/784/784 750/750/750
f 784/784/784 751/751/751 785/785/785
f 752/752/752 785/785/785 751/751/751
f 785/785/785 752/752/752 786/786/786
f 753/753/753 786/786/786 752/752/752
f 786/786/786 753/753/753 787/787/787
f 754/754/754 787/787/787 753/753/753
f 787/787/787 754/754/754 788/788/788
f 755/755/755 788/788/788 754/754/754
f 788/788/788 755/755/755 789/789/789
f 756/756/756 789/789/789 755/755/755
f 789/789/789 756/756/756 790/790/790
f 757/757/757 790/790/790 756/756/756
f 790/790/790 757/757/757 791/791/791
f 758/758/758 791/791/791 757/757/757
f 791/791/791 758/758/758 792/792/792
f 759/759/759 792/792/792 758/758/758
f 793/793/793 760/760/760 794/794/794
f 761/761/761 794/794/794 760/760/760
f 794/794/794 761/761/761 795/795/795
f 762/762/762 795/795/795 761/761/761
f 795/795/795 762/762/762 796/796/796
f 763/763/763 796/796/796 762/762/762
f 796/796/796 763/763/763 797/797/797
f 764/764/764 797/797/797 763/763/763
f 797/797/797 764/764/764 798/798/798
f 765/765/765 798/798/798 764/764/764
f 798/798/798 765/765/765 799/799/799
f 766/766/766 799/799/799 765/765/765
f 799/799/799 766/766/766 800/800/800
f 767/767/767 800/800/800 766/766/766
f 800/800/800 767/767/767 801/801/801
f 768/768/768 801/801/801 767/767/767
f 801/801/801 768/768/768 802/802/802
f 769/769/769 802/802/802 768/768/768
f 802/802/802 769/769/769 803/803/803
f 770/770/770 803/803/803 769/769/769
f 803/803/803 770/770/770 804/804/804
f 771/771/771 804/804/804 770/770/770
f 804/804/804 771/771/771 805/805/805
f 772/772/772 805/805/805 771/771/771
f 805/805/805 772/772/772 806/806/806
f 773/773/773 806/806/806 772/772/772
f 806/806/806 773/773/773 807/807/807
f 774/774/774 807/807/807 773/773/773
f 807/807/807 774/774/774 808/808/808
f 775/775/775 808/808/808 774/774/774
f 808/808/808 775/775/775 809/809/809
f 776/776/776 809/809/809 775/775/775
f 809/809/809 776/776/776 810/810/810
f 777/777/777 810/810/810 776/776/776
f 810/810/810 777/777/777 811/811/811
f 778/778/778 811/811/811 777/777/777
f 811/811/811 778/778/778 812/812/812
f 779/779/779 812/812/812 778/778/778
f 812/812/812 779/779/779 813/813/813
f 780/780/780 813/813/813 779/779/779
f 813/813/813 780/780/780 814/814/814
f 781/781/781 814/814/814 780/780/780
f 814/814/814 781/781/781 815/815/815
f 782/782/782 815/815/815 781/781/781
f 815/815/815 782/782/782 816/816/816
f 783/783/783 816/816/816 782/782/782
f 816/816/816 783/783/783 817/817/817
f 784/784/784 817/817/817 783/783/783
f 817/817/817 784/784/784 818/818/818
f 785/785/785 818/818/818 784/784/784
f 818/818/818 785/785/785 819/819/819
f 786/786/786 819/819/819 785/785/785
f 819/819/819 786/786/786 820/820/820
f 787/787/787 820/820/820 786/786/786
f 820/820/820 787/787/787 821/821/821
f 788/788/788 821/821/821 787/787/787
f 821/821/821 788/788/788 822/822/822
f 789/789/789 822/822/822 788/788/788
f 822/822/822 789/789/789 823/823/823
f 790/790/790 823/823/823 789/789/789
f 823/823/823 790/790/790 824/824/824
f 791/791/791 824/824/824 790/790/790
f 824/824/824 791/791/791 825/825/825
f 792/792/792 825/825/825 791/791/791
f 826/826/826 793/793/793 827/827/827
f 794/794/794 827/827/827 793/793/793
f 827/827/827 794/794/794 828/828/828
f 795/795/795 828/828/828 794/794/794
f 828/828/828 795/795/795 829/829/829
f 796/796/796 829/829/829 795/795/795
f 829/829/829 796/796/796 830/830/830
f 797/797/797 830/830/830 796/796/796
f 830/830/830 797/797/797 831/831/831
f 798/798/798 831/831/831 797/797/797
f 831/831/831 798/798/798 832/832/832
f 799/799/799 832/832/832 798/798/798
f 832/832/832 799/799/799 833/833/833
f 800/800/800 833/833/833 799/799/799
f 833/833/833 800/800/800 834/834/834
f 801/801/801 834/834/834 800/800/800
f 834/834/834 801/801/801 835/835/835
f 802/802/802 835/835/835 801/801/801
f 835/835/835 802/802/802 836/836/836
f 803/803/803 836/836/836 802/802/802
f 836/836/836 803/803/803 837/837/837
f 804/804/804 837/837/837 803/803/803
f 837/837/837 804/804/804 838/838/838
f 805/805/805 838/838/838 804/804/804
f 838/838/838 805/805/805 839/839/839
f 806/806/806 839/839/839 805/805/805
f 839/839/839 806/806/806 840/840/840
f 807/807/807 840/840/840 806/806/806
f 840/840/840 807/807/807 841/841/841
f 808/808/808 841/841/841 807/807/807
f 841/841/841 808/808/808 842/842/842
f 809/809/809 842/842/842 808/808/808
f 842/842/842 809/809/809 843/843/843
f 810/810/810 843/843/843 809/809/809
f 843/843/843 810/810/810 844/844/844
f 811/811/811 844/844/844 810/810/810
f 844/844/844 811/811/811 845/845/845
f 812/812/812 845/845/845 811/811/811
f 845/845/845 812/812/812 846/846/846
f 813/813/813 846/846/846 812/812/812
f 846/846/846 813/813/813 847/847/847
f 814/814/814 847/847/847 813/813/813
f 847/847/847 814/814/814 848/848/848
f 815/815/815 848/848/848 814/814/814
f 848/848/848 815/815/815 849/849/849
f 816/816/816 849/849/849 815/815/815
f 849/849/849 816/816/816 850/850/850
f 817/817/817 850/850/850 816/816/816
f 850/850/850 817/817/817 851/851/851
f 818/818/818 851/851/851 817/817/817
f 851/851/851 818/818/818 852/852/852
f 819/819/819 852/852/852 818/818/818
f 852/852/852 819/819/819 853/853/853
f 820/820/820 853/853/853 819/819/819
f 853/853/853 820/820/820 854/854/854
f 821/821/821 854/854/854 820/820/820
f 854/854/854 821/821/821 855/855/855
f 822/822/822 855/855/855 821/821/821
f 855/855/855 822/822/822 856/856/856
f 823/823/823 856/856/856 822/822/822
f 856/856/856 823/823/823 857/857/857
f 824/824/824 857/857/857 823/823/823
f 857/857/857 824/824/824 858/858/858
f 825/825/825 858/858/858 824/824/824
f 859/859/859 826/826/826 860/860/860
f 827/827/827 860/860/860 826/826/826
f 860/860/860 827/827/827 861/861/861
f 828/828/828 861/861/861 827/827/827
f 861/861/861 828/828/828 862/862/862
f 829/829/829 862/862/862 828/828/828
f 862/862/862 829/829/829 863/863/863
f 830/830/830 863/863/863 829/829/829
f 863/863/863 830/830/830 864/864/864
f 831/831/831 864/864/864 830/830/830
f 864/864/864 831/831/831 865/865/865
f 832/832/832 865/865/865 831/831/831
f 865/865/865 832/832/832 866/866/866
f 833/833/833 866/866/866 832/832/832
f 866/866/866 833/833/833 867/867/867
f 834/834/834 867/867/867 833/833/833
f 867/867/867 834/834/834 868/868/868
f 835/835/835 868/868/868 834/834/834
f 868/868/868 835/835/835 869/869/869
f 836/836/836 869/869/869 835/835/835
f 869/869/869 836/836/836 870/870/870
f 837/837/837 870/870/870 836/836/836
f 870/870/870 837/837/837 871/871/871
f 838/838/838 871/871/871 837/837/837
f 871/871/871 838/838/838 872/872/872
f 839/839/839 872/872/872 838/838/838
f 872/872/872 839/839/839 873/873/873
f 840/840/840 873/873/873 839/839/839
f 873/873/873 840/840/840 874/874/874
f 841/841/841 874/874/874 840/840/840
f 874/874/874 841/841/841 875/875/875
f 842/842/842 875/875/875 841/841/841
f 875/875/875 842/842/842 876/876/876
f 843/843/843 876/876/876 842/842/842
f 876/876/876 843/843/843 877/877/877
f 844/844/844 877/877/877 843/843/843
f 877/877/877 844/844/844 878/878/878
f 845/845/845 878/878/878 844/844/844
f 878/878/878 845/845/845 879/879/879
f 846/846/846 879/879/879 845/845/845
f 879/879/879 846/846/846 880/880/880
f 847/847/847 880/880/880 846/846/846
f 880/880/880 847/847/847 881/881/881
f 848/848/848 881/881/881 847/847/847
f 881/881/881 848/848/848 882/882/882
f 849/849/849 882/882/882 848/848/848
f 882/882/882 849/849/849 883/883/883
f 850/850/850 883/883/883 849/849/849
f 883/883/883 850/850/850 884/884/884
f 851/851/851 884/884/884 850/850/850
f 884/884/884 851/851/851 885/885/885
f 852/852/852 885/885/885 851/851/851
f 885/885/885 852/852/852 886/886/886
f 853/853/853 886/886/886 852/852/852
f 886/886/886 853/853/853 887/887/887
f 854/854/854 887/887/887 853/853/853
f 887/887/887 854/854/854 888/888/888
f 855/855/855 888/888/888 854/854/854
f 888/888/888 855/855/855 889/889/889
f 856/856/856 889/889/889 855/855/855
f 889/889/889 856/856/856 890/890/890
f 857/857/857 890/890/890 856/856/856
f 890/890/890 857/857/857 891/891/891
f 858/858/858 891/891/891 857/857/857
f 892/892/892 859/859/859 893/893/893
f 860/860/860 893/893/893 859/859/859
f 893/893/893 860/860/860 894/894/894
f 861/861/861 894/894/894 860/860/860
f 894/894/894 861/861/861 895/895/895
f 862/862/862 895/895/895 861/861/861
f 895/895/895 862/862/862 896/896/896
f 863/863/863 896/896/896 862/862/862
f 896/896/896 863/863/863 897/897/897
f 864/864/864 897/897/897 863/863/863
f 897/897/897 864/864/864 898/898/898
f 865/865/865 898/898/898 864/864/864
f 898/898/898 865/865/865 899/899/899
f 866/866/866 899/899/899 865/865/865
f 899/899/899 866/866/866 900/900/900
f 867/867/867 900/900/900 866/866/866
f 900/900/900 867/867/867 901/901/901
f 868/868/868 901/901/901 867/867/867
f 901/901/901 868/868/868 902/902/902
f 869/869/869 902/902/902 868/868/868
f 902/902/902 869/869/869 903/903/903
f 870/870/870 903/903/903 869/869/869
f 903/903/903 870/870/870 904/904/904
f 871/871/871 904/904/904 870/870/870
f 904/904/904 871/871/871 905/905/905
f 872/872/872 905/905/905 871/871/871
f 905/905/905 872/872/872 906/906/906
f 873/873/873 906/906/906 872/872/872
f 906/906/906 873/873/873 907/907/907
f 874/874/874 907/907/907 873/873/873
f 907/907/907 874/874/874 908/908/908
f 875/875/875 908/908/908 874/874/874
f 908/908/908 875/875/875 909/909/909
f 876/876/876 909/909/909 875/875/875
f 909/909/909 876/876/876 910/910/910
f 877/877/877 910/910/910 876/876/876
f 910/910/910 877/877/877 911/911/911
f 878/878/878 911/911/911 877/877/877
f 911/911/911 878/878/878 912/912/912
f 879/879/879 912/912/912 878/878/878
f 912/912/912 879/879/879 913/913/913
f 880/880/880 913/913/913 879/879/879
f 913/913/913 880/880/880 914/914/914
f 881/881/881 914/914/914 880/880/880
f 914/914/914 881/881/881 915/915/915
f 882/882/882 915/915/915 881/881/881
f 915/915/915 882/882/882 916/916/916
f 883/883/883 916/916/916 882/882/882
f 916/916/916 883/883/883 917/917/917
f 884/884/884 917/917/917 883/883/883
f 917/917/917 884/884/884 918/918/918
f 885/885/885 918/918/918 884/884/884
f 918/918/918 885/885/885 919/919/919
f 886/886/886 919/919/919 885/885/885
f 919/919/919 886/886/886 920/920/920
f 887/887/887 920/920/920 886/886/886
f 920/920/920 887/887/887 921/921/921
f 888/888/888 921/921/921 887/887/887
f 921/921/921 888/888/888 922/922/922
f 889/889/889 922/922/922 888/888/888
f 922/922/922 889/889/889 923/923/923
f 890/890/890 923/923/923 889/889/889
f 923/923/923 890/890/890 924/924/924
f 891/891/891 924/924/924 890/890/890
f 925/925/925 892/892/892 926/926/926
f 893/893/893 926/926/926 892/892/892
f 926/926/926 893/893/893 927/927/927
f 894/894/894 927/927/927 893/893/893
f 927/927/927 894/894/894 928/928/928
f 895/895/895 928/928/928 894/894/894
f 928/928/928 895/895/895 929/929/929
f 896/896/896 929/929/929 895/895/895
f 929/929/929 896/896/896 930/930/930
f 897/897/897 930/930/930 896/896/896
f 930/930/930 897/897/897 931/931/931
f 898/898/898 931/931/931 897/897/897
f 931/931/931 898/898/898 932/932/932
f 899/899/899 932/932/932 898/898/898
f 932/932/932 899/899/899 933/933/933
f 900/900/900 933/933/933 899/899/899
f 933/933/933 900/900/900 934/934/934
f 901/901/901 934/934/934 900/900/900
f 934/934/934 901/901/901 935/935/935
f 902/902/902 935/935/935 901/901/901
f 935/935/935 902/902/902 936/936/936
f 903/903/903 936/936/936 902/902/902
f 936/936/936 903/903/903 937/937/937
f 904/904/904 937/937/937 903/903/903
f 937/937/937 904/904/904 938/938/938
f 905/905/905 938/938/938 904/904/904
f 938/938/938 905/905/905 939/939/939
f 906/906/906 939/939/939 905/905/905
f 939/939/939 906/906/906 940/940/940
f 907/907/907 940/940/940 906/906/906
f 940/940/940 907/907/907 941/941/941
f 908/908/908 941/941/941 907/907/907
f 941/941/941 908/908/908 942/942/942
f 909/909/909 942/942/942 908/908/908
f 942/942/942 909/909/909 943/943/943
f 910/910/910 943/943/943 909/909/909
f 943/943/943 910/910/910 944/944/944
f 911/911/911 944/944/944 910/910/910
f 944/944/944 911/911/911 945/945/945
f 912/912/912 945/945/945 911/911/911
f 945/945/945 912/912/912 946/946/946
f 913/913/913 946/946/946 912/912/912
f 946/946/946 913/913/913 947/947/947
f 914/914/914 947/947/947 913/913/913
f 947/947/947 914/914/914 948/948/948
f 915/915/915 948/948/948 914/914/914
f 948/948/948 915/915/915 949/949/949
f 916/916/916 949/949/949 915/915/915
f 949/949/949 916/916/916 950/950/950
f 917/917/917 950/950/950 916/916/916
f 950/950/950 917/917/917 951/951/951
f 918/918/918 951/951/951 917/917/917
f 951/951/951 918/918/918 952/952/952
f 919/919/919 952/952/952 918/918/918
f 952/952/952 919/919/919 953/953/953
f 920/920/920 953/953/953 919/919/919
f 953/953/953 920/920/920 954/954/954
f 921/921/921 954/954/954 920/920/920
f 954/954/954 921/921/921 955/955/955
f 922/922/922 955/955/955 921/921/921
f 955/955/955 922/922/922 956/956/956
f 923/923/923 956/956/956 922/922/922
f 956/956/956 923/923/923 957/957/957
f 924/924/924 957/957/957 923/923/923
f 958/958/958 925/925/925 959/959/959
f 926/926/926 959/959/959 925/925/925
f 959/959/959 926/926/926 960/960/960
f 927/927/927 960/960/960 926/926/926
f 960/960/960 927/927/927 961/961/961
f 928/928/928 961/961/961 927/927/927
f 961/961/961 928/928/928 962/962/962
f 929/929/929 962/962/962 928/928/928
f 962/962/962 929/929/929 963/963/963
f 930/930/930 963/963/963 929/929/929
f 963/963/963 930/930/930 964/964/964
f 931/931/931 964/964/964 930/930/930
f 964/964/964 931/931/931 965/965/965
f 932/932/932 965/965/965 931/931/931
f 965/965/965 932/932/932 966/966/966
f 933/933/933 966/966/966 932/932/932
f 966/966/966 933/933/933 967/967/967
f 934/934/934 967/967/967 933/933/933
f 967/967/967 934/934/934 968/968/968
f 935/935/935 968/968/968 934/934/934
f 968/968/968 935/935/935 969/969/969
f 936/936/936 969/969/969 935/935/935
f 969/969/969 936/936/936 970/970/970
f 937/937/937 970/970/970 936/936/936
f 970/970/970 937/937/937 971/971/971
f 938/938/938 971/971/971 937/937/937
f 971/971/971 938/938/938 972/972/972
f 939/939/939 972/972/972 938/938/938
f 972/972/972 939/939/939 973/973/973
f 940/940/940 973/973/973 939/939/939
f 973/973/973 940/940/940 974/974/974
f 941/941/941 974/974/974 940/940/940
f 974/974/974 941/941/941 975/975/975
f 942/942/942 975/975/975 941/941/941
f 975/975/975 942/942/942 976/976/976
f 943/943/943 976/976/976 942/942/942
f 976/976/976 943/943/943 977/977/977
f 944/944/944 977/977/977 943/943/943
f 977/977/977 944/944/944 978/978/978
f 945/945/945 978/978/978 944/944/944
f 978/978/978 945/945/945 979/979/979
f 946/946/946 979/979/979 945/945/945
f 979/979/979 946/946/946 980/980/980
f 947/947/947 980/980/980 946/946/946
f 980/980/980 947/947/947 981/981/981
f 948/948/948 981/981/981 947/947/947
f 981/981/981 948/948/948 982/982/982
f 949/949/949 982/982/982 948/948/948
f 982/982/982 949/949/949 983/983/983
f 950/950/950 983/983/983 949/949/949
f 983/983/983 950/950/950 984/984/984
f 951/951/951 984/984/984 950/950/950
f 984/984/984 951/951/951 985/985/985
f 952/952/952 985/985/985 951/951/951
f 985/985/985 952/952/952 986/986/986
f 953/953/953 986/986/986 952/952/952
f 986/986/986 953/953/953 987/987/987
f 954/954/954 987/987/987 953/953/953
f 987/987/987 954/954/954 988/988/988
f 955/955/955 988/988/988 954/954/954
f 988/988/988 955/955/955 989/989/989
f 956/956/956 989/989/989 955/955/955
f 989/989/989 956/956/956 990/990/990
f 957/957/957 990/990/990 956/956/956
f 991/991/991 958/958/958 992/992/992
f 959/959/959 992/992/992 958/958/958
f 992/992/992 959/959/959 993/993/993
f 960/960/960 993/993/993 959/959/959
f 993/993/993 960/960/960 994/994/994
f 961/961/961 994/994/994 960/960/960
f 994/994/994 961/961/961 995/995/995
f 962/962/962 995/995/995 961/961/961
f 995/995/995 962/962/962 996/996/996
f 963/963/963 996/996/996 962/962/962
f 996/996/996 963/963/963 997/997/997
f 964/964/964 997/997/997 963/963/963
f 997/997/997 964/964/964 998/998/998
f 965/965/965 998/998/998 964/964/964
f 998/998/998 965/965/965 999/999/999
f 966/966/966 999/999/999 965/965/965
f 999/999/999 966/966/966 1000/1000/1000
f 967/967/967 1000/1000/1000 966/966/966
f 1000/1000/1000 967/967/967 1001/1001/1001
f 968/968/968 1001/1001/1001 967/967/967
f 1001/1001/1001 968/968/968 1002/1002/1002
f 969/969/969 1002/1002/1002 968/968/968
f 1002/1002/1002 969/969/969 1003/1003/1003
f 970/970/970 1003/1003/1003 969/969/969
f 1003/1003/1003 970/970/970 1004/1004/1004
f 971/971/971 1004/1004/1004 970/970/970
f 1004/1004/1004 971/971/971 1005/1005/1005
f 972/972/972 1005/1005/1005 971/971/971
f 1005/1005/1005 972/972/972 1006/1006/1006
f 973/973/973 1006/1006/1006 972/972/972
f 1006/1006/1006 973/973/973 1007/1007/1007
f 974/974/974 1007/1007/1007 973/973/973
f 1007/1007/1007 974/974/974 1008/1008/1008
f 975/975/975 1008/1008/1008 974/974/974
f 1008/1008/1008 975/975/975 1009/1009/1009
f 976/976/976 1009/1009/1009 975/975/975
f 1009/1009/1009 976/976/976 1010/1010/1010
f 977/977/977 1010/1010/1010 976/976/976
f 1010/1010/1010 977/977/977 1011/1011/1011
f 978/978/978 1011/1011/1011 977/977/977
f 1011/1011/1011 978/978/978 1012/1012/1012
f 979/979/979 1012/1012/1012 978/978/978
f 1012/1012/1012 979/979/979 1013/1013/1013
f 980/980/980 1013/1013/1013 979/979/979
f 1013/1013/1013 980/980/980 1014/1014/1014
f 981/981/981 1014/1014/1014 980/980/980
f 1014/1014/1014 981/981/981 1015/1015/1015
f 982/982/982 1015/1015/1015 981/981/981
f 1015/1015/1015 982/982/982 1016/1016/1016
f 983/983/983 1016/1016/1016 982/982/982
f 1016/1016/1016 983/983/983 1017/1017/1017
f 984/984/984 1017/1017/1017 983/983/983
f 1017/1017/1017 984/984/984 1018/1018/1018
f 985/985/985 1018/1018/1018 984/984/984
f 1018/1018/1018 985/985/985 1019/1019/1019
f 986/986/986 1019/1019/1019 985/985/985
f 1019/1019/1019 986/986/986 1020/1020/1020
f 987/987/987 1020/1020/1020 986/986/986
f 1020/1020/1020 987/987/987 1021/1021/1021
f 988/988/988 1021/1021/1021 987/987/987
f 1021/1021/1021 988/988/988 1022/1022/1022
f 989/989/989 1022/1022/1022 988/988/988
f 1022/1022/1022 989/989/989 1023/1023/1023
f 990/990/990 1023/1023/1023 989/989/989
f 1024/1024/1024 991/991/991 1025/1025/1025
f 992/992/992 1025/1025/1025 991/991/991
f 1025/1025/1025 992/992/992 1026/1026/1026
f 993/993/993 1026/1026/1026 992/992/992
f 1026/1026/1026 993/993/993 1027/1027/1027
f 994/994/994 1027/1027/1027 993/993/993
f 1027/1027/1027 994/994/994 1028/1028/1028
f 995/995/995 1028/1028/1028 994/994/994
f 1028/1028/1028 995/995/995 1029/1029/1029
f 996/996/996 1029/1029/1029 995/995/995
f 1029/1029/1029 996/996/996 1030/1030/1030
f 997/997/997 1030/1030/1030 996/996/996
f 1030/1030/1030 997/997/997 1031/1031/1031
f 998/998/998 1031/1031/1031 997/997/997
f 1031/1031/1031 998/998/998 1032/1032/1032
f 999/999/999 1032/1032/1032 998/998/998
f 1032/1032/1032 999/999/999 1033/1033/1033
f 1000/1000/1000 1033/1033/1033 999/999/999
f 1033/1033/1033 1000/1000/1000 1034/1034/1034
f 1001/1001/1001 1034/1034/1034 1000/1000/1000
f 1034/1034/1034 1001/1001/1001 1035/1035/1035
f 1002/1002/1002 1035/1035/1035 1001/1001/1001
f 1035/1035/1035 1002/1002/1002 1036/1036/1036
f 1003/1003/1003 1036/1036/1036 1002/1002/1002
f 1036/1036/1036 1003/1003/1003 1037/1037/1037
f 1004/1004/1004 1037/1037/1037 1003/1003/1003
f 1037/1037/1037 1004/1004/1004 1038/1038/1038
f 1005/1005/1005 1038/1038/1038 1004/1004/1004
f 1038/1038/1038 1005/1005/1005 1039/1039/1039
f 1006/1006/1006 1039/1039/1039 1005/1005/1005
f 1039/1039/1039 1006/1006/1006 1040/1040/1040
f 1007/1007/1007 1040/1040/1040 1006/1006/1006
f 1040/1040/1040 1007/1007/1007 1041/1041/1041
f 1008/1008/1008 1041/1041/1041 1007/1007/1007
f 1041/1041/1041 1008/1008/1008 1042/1042/1042
f 1009/1009/1009 1042/1042/1042 1008/1008/1008
f 1042/1042/1042 1009/1009/1009 1043/1043/1043
f 1010/1010/1010 1043/1043/1043 1009/1009/1009
f 1043/1043/1043 1010/1010/1010 1044/1044/1044
f 1011/1011/1011 1044/1044/1044 1010/1010/1010
f 1044/1044/1044 1011/1011/1011 1045/1045/1045
f 1012/1012/1012 1045/1045/1045 1011/1011/1011
f 1045/1045/1045 1012/1012/1012 1046/1046/1046
f 1013/1013/1013 1046/1046/1046 1012/1012/1012
f 1046/1046/1046 1013/1013/1013 1047/1047/1047
f 1014/1014/1014 1047/1047/1047 1013/1013/1013
f 1047/1047/1047 1014/1014/1014 1048/1048/1048
f 1015/1015/1015 1048/1048/1048 1014/1014/1014
f 1048/1048/1048 1015/1015/1015 1049/1049/1049
f 1016/1016/1016 1049/1049/1049 1015/1015/1015
f 1049/1049/1049 1016/1016/1016 1050/1050/1050
f 1017/1017/1017 1050/1050/1050 1016/1016/1016
f 1050/1050/1050 1017/1017/1017 1051/1051/1051
f 1018/1018/1018 1051/1051/1051 1017/1017/1017
f 1051/1051/1051 1018/1018/1018 1052/1052/1052
f 1019/1019/1019 1052/1052/1052 1018/1018/1018
f 1052/1052/1052 1019/1019/1019 1053/1053/1053
f 1020/1020/1020 1053/1053/1053 1019/1019/1019
f 1053/1053/1053 1020/1020/1020 1054/1054/1054
f 1021/1021/1021 1054/1054/1054 1020/1020/1020
f 1054/1054/1054 1021/1021/1021 1055/1055/1055
f 1022/1022/1022 1055/1055/1055 1021/1021/1021
f 1055/1055/1055 1022/1022/1022 1056/1056/1056
f 1023/1023/1023 1056/1056/1056 1022/1022/1022
f 1057/1057/1057 1024/1024/1024 1058/1058/1058
f 1025/1025/1025 1058/1058/1058 1024/1024/1024
f 1058/1058/1058 1025/1025/1025 1059/1059/1059
f 1026/1026/1026 1059/1059/1059 1025/1025/1025
f 1059/1059/1059 1026/1026/1026 1060/1060/1060
f 1027/1027/1027 1060/1060/1060 1026/1026/1026
f 1060/1060/1060 1027/1027/1027 1061/1061/1061
f 1028/1028/1028 1061/1061/1061 1027/1027/1027
f 1061/1061/1061 1028/1028/1028 1062/1062/1062
f 1029/1029/1029 1062/1062/1062 1028/1028/1028
f 1062/1062/1062 1029/1029/1029 1063/1063/1063
f 1030/1030/1030 1063/1063/1063 1029/1029/1029
f 1063/1063/1063 1030/1030/1030 1064/1064/1064
f 1031/1031/1031 1064/1064/1064 1030/1030/1030
f 1064/1064/1064 1031/1031/1031 1065/1065/1065
f 1032/1032/1032 1065/1065/1065 1031/1031/1031
f 1065/1065/1065 1032/1032/1032 1066/1066/1066
f 1033/1033/1033 1066/1066/1066 1032/1032/1032
f 1066/1066/1066 1033/1033/1033 1067/1067/1067
f 1034/1034/1034 1067/1067/1067 1033/1033/1033
f 1067/1067/1067 1034/1034/1034 1068/1068/1068
f 1035/1035/1035 1068/1068/1068 1034/1034/1034
f 1068/1068/1068 1035/1035/1035 1069/1069/1069
f 1036/1036/1036 1069/1069/1069 1035/1035/1035
f 1069/1069/1069 1036/1036/1036 1070/1070/1070
f 1037/1037/1037 1070/1070/1070 1036/1036/1036
f 1070/1070/1070 1037/1037/1037 1071/1071/1071
f 1038/1038/1038 1071/1071/1071 1037/1037/1037
f 1071/1071/1071 1038/1038/1038 1072/1072/1072
f 1039/1039/1039 1072/1072/1072 1038/1038/1038
f 1072/1072/1072 1039/1039/1039 1073/1073/1073
f 1040/1040/1040 1073/1073/1073 1039/1039/1039
f 1073/1073/1073 1040/1040/1040 1074/1074/1074
f 1041/1041/1041 1074/1074/1074 1040/1040/1040
f 1074/1074/1074 1041/1041/1041 1075/1075/1075
f 1042/1042/1042 1075/1075/1075 1041/1041/1041
f 1075/1075/1075 1042/1042/1042 1076/1076/1076
f 1043/1043/1043 1076/1076/1076 1042/1042/1042
f 1076/1076/1076 1043/1043/1043 1077/1077/1077
f 1044/1044/1044 1077/1077/1077 1043/1043/1043
f 1077/1077/1077 1044/1044/1044 1078/1078/1078
f 1045/1045/1045 1078/1078/1078 1044/1044/1044
f 1078/1078/1078 1045/1045/1045 1079/1079/1079
f 1046/1046/1046 1079/1079/1079 1045/1045/1045
f 1079/1079/1079 1046/1046/1046 1080/1080/1080
f 1047/1047/1047 1080/1080/1080 1046/1046/1046
f 1080/1080/1080 1047/1047/1047 1081/1081/1081
f 1048/1048/1048 1081/1081/1081 1047/1047/1047
f 1081/1081/1081 1048/1048/1048 1082/1082/1082
f 1049/1049/1049 1082/1082/1082 1048/1048/1048
f 1082/1082/1082 1049/1049/1049 1083/1083/1083
f 1050/1050/1050 1083/1083/1083 1049/1049/1049
f 1083/1083/1083 1050/1050/1050 1084/1084/1084
f 1051/1051/1051 1084/1084/1084 1050/1050/1050
f 1084/1084/1084 1051/1051/1051 1085/1085/1085
f 1052/1052/1052 1085/1085/1085 1051/1051/1051
f 1085/1085/1085 1052/1052/1052 1086/1086/1086
f 1053/1053/1053 1086/1086/1086 1052/1052/1052
f 1086/1086/1086 1053/1053/1053 1087/1087/1087
f 1054/1054/1054 1087/1087/1087 1053/1053/1053
f 1087/1087/1087 1054/1054/1054 1088/1088/1088
f 1055/1055/1055 1088/1088/1088 1054/1054/1054
f 1088/1088/1088 1055/1055/1055 1089/1089/1089
f 1056/1056/1056 1089/1089/1089 1055/1055/1055
# 2048 faces

