v -19.069883 -0.852404 -19.685040
v -19.685040 -0.852404 -19.685040
v -19.069883 -0.852404 -19.069883
v -19.685040 -0.852404 -19.069883
v -19.069883 -0.852404 -18.454723
v -19.685040 -0.852404 -18.454725
v -19.069881 -0.852404 -17.839567
v -19.685040 -0.852404 -17.839567
v -19.069881 -0.852404 -17.224409
v -19.685040 -0.852404 -17.224411
v -19.069881 -0.852404 -16.609251
v -19.685040 -0.852404 -16.609251
v -19.069881 -0.852404 -15.994094
v -19.685040 -0.852404 -15.994094
v -19.069883 -0.852404 -15.378937
v -19.685040 -0.852404 -15.378937
v -19.069883 -0.852404 -14.763779
v -19.685040 -0.852404 -14.763779
v -19.069883 -0.852404 -14.148622
v -19.685040 -0.852404 -14.148622
v -19.069883 -0.852404 -13.533465
v -19.685040 -0.852404 -13.533464
v -19.069881 -0.852404 -12.918308
v -19.685040 -0.852404 -12.918306
v -19.069881 -0.852404 -12.303150
v -19.685040 -0.852404 -12.303150
v -19.069881 -0.852404 -11.687993
v -19.685040 -0.852404 -11.687993
v -19.069881 -0.852404 -11.072835
v -19.685040 -0.852404 -11.072835
v -19.069883 -0.852404 -10.457678
v -19.685040 -0.852404 -10.457678
v -19.069883 -0.852404 -9.842520
v -19.685040 -0.852404 -9.842520
v -19.069883 -0.852404 -9.227362
v -19.685040 -0.852404 -9.227363
v -19.069883 -0.852404 -8.612205
v -19.685040 -0.852404 -8.612206
v -19.069881 -0.852404 -7.997047
v -19.685040 -0.852404 -7.997047
v -19.069881 -0.852404 -7.381890
v -19.685040 -0.852404 -7.381889
v -19.069881 -0.852404 -6.766733
v -19.685040 -0.852404 -6.766732
v -19.069881 -0.852404 -6.151575
v -19.685040 -0.852404 -6.151575
v -19.069883 -0.852404 -5.536417
v -19.685040 -0.852404 -5.536417
v -19.069883 -0.852404 -4.921260
v -19.685040 -0.852404 -4.921260
v -19.069883 -0.852404 -4.306102
v -19.685040 -0.852404 -4.306102
v -19.069883 -0.852404 -3.690945
v -19.685040 -0.852404 -3.690945
v -19.069881 -0.852404 -3.075788
v -19.685040 -0.852404 -3.075788
v -19.069881 -0.852404 -2.460630
v -19.685040 -0.852404 -2.460630
v -19.069881 -0.852404 -1.845472
v -19.685040 -0.852404 -1.845472
v -19.069881 -0.852404 -1.230315
v -19.685040 -0.852404 -1.230315
v -19.069883 -0.852404 -0.615157
v -19.685040 -0.852404 -0.615157
v -19.069883 -0.852404 0.000000
v -19.685040 -0.852404 0.000000
v -19.069883 -0.852404 0.615158
v -19.685040 -0.852404 0.615158
v -19.069883 -0.852404 1.230315
v -19.685040 -0.852404 1.230315
v -19.069881 -0.852404 1.845472
v -19.685040 -0.852404 1.845472
v -19.069881 -0.852404 2.460630
v -19.685040 -0.852404 2.460630
v -19.069881 -0.852404 3.075788
v -19.685040 -0.852404 3.075788
v -19.069881 -0.852404 3.690945
v -19.685040 -0.852404 3.690945
v -19.069883 -0.852404 4.306102
v -19.685040 -0.852404 4.306103
v -19.069883 -0.852404 4.921260
v -19.685040 -0.852404 4.921260
v -19.069883 -0.852404 5.536417
v -19.685040 -0.852404 5.536417
v -19.069883 -0.852404 6.151575
v -19.685040 -0.852404 6.151575
v -19.069881 -0.852404 6.766732
v -19.685040 -0.852404 6.766732
v -19.069881 -0.852404 7.381890
v -19.685040 -0.852404 7.381889
v -19.069881 -0.852404 7.997048
v -19.685040 -0.852404 7.997047
v -19.069881 -0.852404 8.612206
v -19.685040 -0.852404 8.612206
v -19.069883 -0.852404 9.227363
v -19.685040 -0.852404 9.227363
v -19.069883 -0.852404 9.842520
v -19.685040 -0.852404 9.842520
v -19.069883 -0.852404 10.457678
v -19.685040 -0.852404 10.457678
v -19.069883 -0.852404 11.072835
v -19.685040 -0.852404 11.072835
v -19.069881 -0.852404 11.687993
v -19.685040 -0.852404 11.687993
v -19.069881 -0.852404 12.303149
v -19.685040 -0.852404 12.303150
v -19.069881 -0.852404 12.918306
v -19.685040 -0.852404 12.918306
v -19.069881 -0.852404 13.533464
v -19.685040 -0.852404 13.533464
v -19.069883 -0.852404 14.148622
v -19.685040 -0.852404 14.148622
v -19.069883 -0.852404 14.763779
v -19.685040 -0.852404 14.763779
v -19.069883 -0.843140 15.378937
v -19.685040 -0.852404 15.378937
v -19.069883 -0.852404 15.994096
v -19.685040 -0.852404 15.994094
v -19.069881 -0.796822 16.609253
v -19.685040 -0.824613 16.609251
v -19.069881 -0.815349 17.224411
v -19.685040 -0.852404 17.224411
v -19.069881 -0.759768 17.839567
v -19.685040 -0.827281 17.839567
v -19.069881 -0.750504 18.454725
v -19.685040 -0.806086 18.454725
v -19.069883 -0.722714 19.069883
v -19.685040 -0.759768 19.069883
v -19.069883 -0.741241 19.685040
v -19.685040 -0.750504 19.685040
v -18.454725 -0.852404 -19.685040
v -18.454725 -0.852404 -19.069881
v -18.454725 -0.852404 -18.454723
v -18.454723 -0.852404 -17.839567
v -18.454723 -0.852404 -17.224409
v -18.454723 -0.852404 -16.609251
v -18.454723 -0.852404 -15.994094
v -18.454723 -0.852404 -15.378937
v -18.454725 -0.852404 -14.763781
v -18.454725 -0.852404 -14.148623
v -18.454725 -0.852404 -13.533465
v -18.454723 -0.852404 -12.918308
v -18.454723 -0.852404 -12.303150
v -18.454723 -0.852404 -11.687993
v -18.454723 -0.852404 -11.072835
v -18.454723 -0.852404 -10.457678
v -18.454725 -0.852404 -9.842520
v -18.454725 -0.852404 -9.227362
v -18.454725 -0.852404 -8.612205
v -18.454723 -0.852404 -7.997048
v -18.454723 -0.852404 -7.381890
v -18.454723 -0.852404 -6.766733
v -18.454723 -0.852404 -6.151575
v -18.454723 -0.852404 -5.536417
v -18.454725 -0.852404 -4.921260
v -18.454725 -0.852404 -4.306102
v -18.454725 -0.852404 -3.690945
v -18.454723 -0.852404 -3.075788
v -18.454723 -0.852404 -2.460630
v -18.454723 -0.852404 -1.845472
v -18.454723 -0.852404 -1.230315
v -18.454723 -0.852404 -0.615157
v -18.454725 -0.852404 0.000000
v -18.454725 -0.852404 0.615158
v -18.454725 -0.852404 1.230315
v -18.454723 -0.852404 1.845472
v -18.454723 -0.852404 2.460630
v -18.454723 -0.852404 3.075788
v -18.454723 -0.852404 3.690945
v -18.454723 -0.852404 4.306103
v -18.454725 -0.852404 4.921260
v -18.454725 -0.852404 5.536417
v -18.454725 -0.852404 6.151575
v -18.454723 -0.852404 6.766733
v -18.454723 -0.852404 7.381890
v -18.454723 -0.852404 7.997048
v -18.454723 -0.852404 8.612205
v -18.454723 -0.852404 9.227362
v -18.454725 -0.852404 9.842520
v -18.454725 -0.852404 10.457678
v -18.454725 -0.852404 11.072834
v -18.454723 -0.852404 11.687991
v -18.454723 -0.852404 12.303149
v -18.454723 -0.852404 12.918306
v -18.454723 -0.852404 13.533464
v -18.454723 -0.852404 14.148622
v -18.454725 -0.852404 14.763781
v -18.454725 -0.852404 15.378938
v -18.454725 -0.824613 15.994096
v -18.454723 -0.713450 16.609253
v -18.454723 -0.602288 17.224411
v -18.454723 -0.583761 17.839567
v -18.454723 -0.593024 18.454725
v -18.454723 -0.611551 19.069883
v -18.454725 -0.685660 19.685040
v -17.839567 -0.852404 -19.685040
v -17.839567 -0.852404 -19.069881
v -17.839567 -0.852404 -18.454723
v -17.839567 -0.852404 -17.839567
v -17.839567 -0.852404 -17.224409
v -17.839567 -0.852404 -16.609251
v -17.839567 -0.852404 -15.994096
v -17.839567 -0.852404 -15.378938
v -17.839567 -0.852404 -14.763781
v -17.839567 -0.852404 -14.148623
v -17.839567 -0.852404 -13.533465
v -17.839567 -0.852404 -12.918308
v -17.839567 -0.852404 -12.303150
v -17.839567 -0.852404 -11.687993
v -17.839567 -0.852404 -11.072835
v -17.839567 -0.852404 -10.457678
v -17.839567 -0.852404 -9.842520
v -17.839567 -0.852404 -9.227363
v -17.839567 -0.852404 -8.612206
v -17.839567 -0.852404 -7.997048
v -17.839567 -0.852404 -7.381890
v -17.839567 -0.852404 -6.766732
v -17.839567 -0.852404 -6.151575
v -17.839567 -0.852404 -5.536417
v -17.839567 -0.852404 -4.921260
v -17.839567 -0.852404 -4.306102
v -17.839567 -0.852404 -3.690945
v -17.839567 -0.852404 -3.075788
v -17.839567 -0.852404 -2.460630
v -17.839567 -0.852404 -1.845472
v -17.839567 -0.852404 -1.230315
v -17.839567 -0.852404 -0.615157
v -17.839567 -0.852404 0.000000
v -17.839567 -0.852404 0.615158
v -17.839567 -0.852404 1.230315
v -17.839567 -0.852404 1.845472
v -17.839567 -0.852404 2.460630
v -17.839567 -0.852404 3.075788
v -17.839567 -0.852404 3.690945
v -17.839567 -0.852404 4.306102
v -17.839567 -0.852404 4.921260
v -17.839567 -0.852404 5.536417
v -17.839567 -0.852404 6.151575
v -17.839567 -0.852404 6.766733
v -17.839567 -0.852404 7.381890
v -17.839567 -0.852404 7.997047
v -17.839567 -0.852404 8.612205
v -17.839567 -0.852404 9.227362
v -17.839567 -0.852404 9.842520
v -17.839567 -0.852404 10.457677
v -17.839567 -0.852404 11.072834
v -17.839567 -0.852404 11.687991
v -17.839567 -0.852404 12.303149
v -17.839567 -0.852404 12.918308
v -17.839567 -0.852404 13.533465
v -17.839567 -0.852404 14.148623
v -17.839567 -0.843140 14.763781
v -17.839567 -0.778295 15.378938
v -17.839567 -0.546706 15.994096
v -17.839567 -0.259536 16.609253
v -17.839567 -0.203955 17.224411
v -17.839567 -0.268800 17.839567
v -17.839567 -0.370699 18.454723
v -17.839567 -0.500389 19.069881
v -17.839567 -0.657869 19.685040
v -17.224411 -0.852404 -19.685040
v -17.224411 -0.852404 -19.069881
v -17.224411 -0.852404 -18.454723
v -17.224411 -0.852404 -17.839567
v -17.224409 -0.852404 -17.224409
v -17.224409 -0.852404 -16.609253
v -17.224409 -0.852404 -15.994096
v -17.224409 -0.852404 -15.378938
v -17.224411 -0.852404 -14.763781
v -17.224411 -0.852404 -14.148623
v -17.224411 -0.852404 -13.533465
v -17.224411 -0.852404 -12.918308
v -17.224409 -0.852404 -12.303150
v -17.224409 -0.852404 -11.687993
v -17.224409 -0.852404 -11.072834
v -17.224409 -0.852404 -10.457677
v -17.224411 -0.852404 -9.842520
v -17.224411 -0.852404 -9.227363
v -17.224411 -0.852404 -8.612206
v -17.224411 -0.852404 -7.997047
v -17.224409 -0.852404 -7.381889
v -17.224409 -0.852404 -6.766732
v -17.224409 -0.852404 -6.151575
v -17.224409 -0.852404 -5.536417
v -17.224411 -0.852404 -4.921260
v -17.224411 -0.852404 -4.306102
v -17.224411 -0.852404 -3.690945
v -17.224411 -0.852404 -3.075788
v -17.224409 -0.852404 -2.460630
v -17.224409 -0.852404 -1.845472
v -17.224409 -0.852404 -1.230315
v -17.224409 -0.852404 -0.615157
v -17.224411 -0.852404 0.000000
v -17.224411 -0.852404 0.615158
v -17.224411 -0.852404 1.230315
v -17.224411 -0.852404 1.845472
v -17.224409 -0.852404 2.460630
v -17.224409 -0.852404 3.075788
v -17.224409 -0.852404 3.690945
v -17.224409 -0.852404 4.306103
v -17.224411 -0.852404 4.921260
v -17.224411 -0.852404 5.536417
v -17.224411 -0.852404 6.151575
v -17.224411 -0.852404 6.766732
v -17.224409 -0.852404 7.381889
v -17.224409 -0.852404 7.997047
v -17.224409 -0.852404 8.612206
v -17.224409 -0.852404 9.227363
v -17.224411 -0.852404 9.842520
v -17.224411 -0.852404 10.457677
v -17.224411 -0.852404 11.072834
v -17.224411 -0.852404 11.687993
v -17.224409 -0.852404 12.303150
v -17.224409 -0.852404 12.918308
v -17.224409 -0.852404 13.533465
v -17.224409 -0.833876 14.148623
v -17.224411 -0.620815 14.763781
v -17.224411 -0.259536 15.378938
v -17.224411 0.101742 15.994096
v -17.224411 0.379648 16.609253
v -17.224409 0.305540 17.224409
v -17.224409 0.046161 17.839567
v -17.224409 -0.241009 18.454723
v -17.224409 -0.463335 19.069881
v -17.224411 -0.676396 19.685040
v -16.609251 -0.852404 -19.685040
v -16.609253 -0.852404 -19.069881
v -16.609253 -0.852404 -18.454723
v -16.609253 -0.852404 -17.839567
v -16.609253 -0.852404 -17.224411
v -16.609251 -0.852404 -16.609253
v -16.609251 -0.852404 -15.994096
v -16.609251 -0.852404 -15.378938
v -16.609251 -0.852404 -14.763781
v -16.609253 -0.852404 -14.148623
v -16.609253 -0.852404 -13.533465
v -16.609253 -0.852404 -12.918308
v -16.609253 -0.852404 -12.303149
v -16.609251 -0.852404 -11.687991
v -16.609251 -0.852404 -11.072834
v -16.609251 -0.852404 -10.457677
v -16.609251 -0.852404 -9.842520
v -16.609253 -0.852404 -9.227362
v -16.609253 -0.852404 -8.612205
v -16.609253 -0.852404 -7.997047
v -16.609253 -0.852404 -7.381890
v -16.609251 -0.852404 -6.766733
v -16.609251 -0.852404 -6.151575
v -16.609251 -0.852404 -5.536417
v -16.609251 -0.852404 -4.921260
v -16.609253 -0.852404 -4.306102
v -16.609253 -0.852404 -3.690945
v -16.609253 -0.852404 -3.075788
v -16.609253 -0.852404 -2.460630
v -16.609251 -0.852404 -1.845472
v -16.609251 -0.852404 -1.230315
v -16.609251 -0.852404 -0.615157
v -16.609251 -0.852404 0.000000
v -16.609253 -0.852404 0.615158
v -16.609253 -0.852404 1.230315
v -16.609253 -0.852404 1.845472
v -16.609253 -0.852404 2.460630
v -16.609251 -0.852404 3.075788
v -16.609251 -0.852404 3.690945
v -16.609251 -0.852404 4.306102
v -16.609251 -0.852404 4.921260
v -16.609253 -0.852404 5.536417
v -16.609253 -0.852404 6.151575
v -16.609253 -0.852404 6.766732
v -16.609253 -0.852404 7.381890
v -16.609251 -0.852404 7.997048
v -16.609251 -0.852404 8.612206
v -16.609251 -0.852404 9.227363
v -16.609251 -0.852404 9.842520
v -16.609253 -0.852404 10.457678
v -16.609253 -0.852404 11.072835
v -16.609253 -0.852404 11.687993
v -16.609253 -0.843140 12.303150
v -16.609251 -0.833876 12.918308
v -16.609251 -0.815349 13.533465
v -16.609251 -0.583761 14.148623
v -16.609251 -0.092793 14.763781
v -16.609253 0.428078 15.378938
v -16.609253 0.722400 15.994094
v -16.609253 0.750190 16.609251
v -16.609253 0.500075 17.224409
v -16.609251 0.120269 17.839567
v -16.609251 -0.268800 18.454723
v -16.609251 -0.528179 19.069881
v -16.609251 -0.722714 19.685040
v -15.994094 -0.852404 -19.685040
v -15.994096 -0.852404 -19.069883
v -15.994096 -0.852404 -18.454725
v -15.994096 -0.852404 -17.839567
v -15.994096 -0.852404 -17.224411
v -15.994094 -0.852404 -16.609253
v -15.994094 -0.852404 -15.994096
v -15.994094 -0.852404 -15.378938
v -15.994094 -0.852404 -14.763781
v -15.994096 -0.852404 -14.148622
v -15.994096 -0.852404 -13.533464
v -15.994096 -0.852404 -12.918306
v -15.994096 -0.852404 -12.303149
v -15.994094 -0.852404 -11.687991
v -15.994094 -0.852404 -11.072834
v -15.994094 -0.852404 -10.457678
v -15.994094 -0.852404 -9.842520
v -15.994096 -0.852404 -9.227362
v -15.994096 -0.852404 -8.612205
v -15.994096 -0.852404 -7.997048
v -15.994096 -0.852404 -7.381890
v -15.994094 -0.852404 -6.766733
v -15.994094 -0.852404 -6.151575
v -15.994094 -0.852404 -5.536417
v -15.994094 -0.852404 -4.921260
v -15.994096 -0.852404 -4.306102
v -15.994096 -0.852404 -3.690945
v -15.994096 -0.852404 -3.075788
v -15.994096 -0.852404 -2.460630
v -15.994094 -0.852404 -1.845472
v -15.994094 -0.852404 -1.230315
v -15.994094 -0.852404 -0.615157
v -15.994094 -0.852404 0.000000
v -15.994096 -0.852404 0.615158
v -15.994096 -0.852404 1.230315
v -15.994096 -0.852404 1.845472
v -15.994096 -0.852404 2.460630
v -15.994094 -0.852404 3.075788
v -15.994094 -0.852404 3.690945
v -15.994094 -0.852404 4.306103
v -15.994094 -0.852404 4.921260
v -15.994096 -0.852404 5.536417
v -15.994096 -0.852404 6.151575
v -15.994096 -0.852404 6.766733
v -15.994096 -0.852404 7.381890
v -15.994094 -0.833876 7.997048
v -15.994094 -0.759768 8.612205
v -15.994094 -0.704187 9.227362
v -15.994094 -0.713450 9.842520
v -15.994096 -0.648605 10.457678
v -15.994096 -0.637230 11.072835
v -15.994096 -0.555970 11.687993
v -15.994096 -0.463335 12.303150
v -15.994094 -0.463335 12.918308
v -15.994094 -0.352172 13.533465
v -15.994094 -0.129847 14.148623
v -15.994094 0.354526 14.763781
v -15.994096 0.676082 15.378937
v -15.994096 0.928866 15.994094
v -15.994096 0.817703 16.609251
v -15.994096 0.437898 17.224409
v -15.994096 0.018370 17.839567
v -15.994094 -0.389226 18.454723
v -15.994094 -0.630078 19.069881
v -15.994094 -0.769032 19.685040
v -15.378937 -0.852404 -19.685040
v -15.378937 -0.852404 -19.069883
v -15.378938 -0.852404 -18.454725
v -15.378938 -0.852404 -17.839567
v -15.378938 -0.852404 -17.224411
v -15.378938 -0.852404 -16.609253
v -15.378937 -0.852404 -15.994096
v -15.378937 -0.852404 -15.378937
v -15.378937 -0.852404 -14.763779
v -15.378937 -0.852404 -14.148622
v -15.378938 -0.852404 -13.533464
v -15.378938 -0.852404 -12.918306
v -15.378938 -0.852404 -12.303149
v -15.378938 -0.852404 -11.687993
v -15.378937 -0.852404 -11.072835
v -15.378937 -0.852404 -10.457678
v -15.378937 -0.852404 -9.842520
v -15.378937 -0.852404 -9.227363
v -15.378938 -0.852404 -8.612206
v -15.378938 -0.852404 -7.997048
v -15.378938 -0.852404 -7.381890
v -15.378938 -0.852404 -6.766732
v -15.378937 -0.852404 -6.151575
v -15.378937 -0.852404 -5.536417
v -15.378937 -0.843140 -4.921260
v -15.378937 -0.852404 -4.306102
v -15.378938 -0.852404 -3.690945
v -15.378938 -0.852404 -3.075788
v -15.378938 -0.852404 -2.460630
v -15.378938 -0.852404 -1.845472
v -15.378937 -0.852404 -1.230315
v -15.378937 -0.852404 -0.615157
v -15.378937 -0.852404 0.000000
v -15.378937 -0.852404 0.615158
v -15.378938 -0.852404 1.230315
v -15.378938 -0.852404 1.845472
v -15.378938 -0.852404 2.460630
v -15.378938 -0.852404 3.075788
v -15.378937 -0.852404 3.690945
v -15.378937 -0.852404 4.306102
v -15.378937 -0.843140 4.921260
v -15.378937 -0.852404 5.536417
v -15.378938 -0.852404 6.151575
v -15.378938 -0.852404 6.766733
v -15.378938 -0.796822 7.381890
v -15.378938 -0.491125 7.997047
v -15.378937 -0.055738 8.612205
v -15.378937 0.203641 9.227362
v -15.378937 0.314804 9.842520
v -15.378937 0.407439 10.457678
v -15.378938 0.546392 11.072835
v -15.378938 0.676082 11.687993
v -15.378938 0.787245 12.303150
v -15.378938 0.873284 12.918308
v -15.378937 0.962594 13.533465
v -15.378937 0.898407 14.148622
v -15.378937 1.049292 14.763779
v -15.378937 1.012238 15.378937
v -15.378938 0.938129 15.994094
v -15.378938 0.660223 16.609251
v -15.378938 0.221510 17.224409
v -15.378938 -0.222482 17.839567
v -15.378937 -0.546706 18.454723
v -15.378937 -0.731977 19.069883
v -15.378937 -0.824613 19.685040
v -14.763779 -0.852404 -19.685040
v -14.763779 -0.852404 -19.069883
v -14.763781 -0.852404 -18.454725
v -14.763781 -0.852404 -17.839567
v -14.763781 -0.852404 -17.224411
v -14.763781 -0.852404 -16.609251
v -14.763781 -0.852404 -15.994094
v -14.763779 -0.852404 -15.378937
v -14.763779 -0.852404 -14.763779
v -14.763779 -0.852404 -14.148622
v -14.763781 -0.852404 -13.533464
v -14.763781 -0.852404 -12.918306
v -14.763781 -0.852404 -12.303150
v -14.763781 -0.852404 -11.687993
v -14.763781 -0.852404 -11.072835
v -14.763779 -0.852404 -10.457678
v -14.763779 -0.852404 -9.842520
v -14.763779 -0.852404 -9.227363
v -14.763781 -0.852404 -8.612206
v -14.763781 -0.852404 -7.997047
v -14.763781 -0.852404 -7.381889
v -14.763781 -0.852404 -6.766732
v -14.763781 -0.852404 -6.151575
v -14.763779 -0.852404 -5.536417
v -14.763779 -0.833876 -4.921260
v -14.763779 -0.843140 -4.306102
v -14.763781 -0.852404 -3.690945
v -14.763781 -0.852404 -3.075788
v -14.763781 -0.852404 -2.460630
v -14.763781 -0.852404 -1.845472
v -14.763781 -0.852404 -1.230315
v -14.763779 -0.852404 -0.615157
v -14.763779 -0.852404 0.000000
v -14.763779 -0.852404 0.615158
v -14.763781 -0.852404 1.230315
v -14.763781 -0.852404 1.845472
v -14.763781 -0.852404 2.460630
v -14.763781 -0.852404 3.075788
v -14.763781 -0.843140 3.690945
v -14.763779 -0.750504 4.306103
v -14.763779 -0.676396 4.921260
v -14.763779 -0.657869 5.536417
v -14.763781 -0.667133 6.151575
v -14.763781 -0.657869 6.766732
v -14.763781 -0.426280 7.381889
v -14.763781 0.314804 7.997047
v -14.763781 0.984447 8.612206
v -14.763779 1.241159 9.227363
v -14.763779 1.334350 9.842520
v -14.763779 1.407902 10.457678
v -14.763781 1.429097 11.072835
v -14.763781 1.435693 11.687993
v -14.763781 1.447624 12.303150
v -14.763781 1.447624 12.918306
v -14.763781 1.407902 13.533464
v -14.763779 1.343058 14.148622
v -14.763779 1.248310 14.763779
v -14.763779 1.095610 15.378937
v -14.763781 0.740927 15.994094
v -14.763781 0.361121 16.609251
v -14.763781 -0.092793 17.224411
v -14.763781 -0.463335 17.839567
v -14.763781 -0.676396 18.454725
v -14.763779 -0.796822 19.069883
v -14.763779 -0.833876 19.685040
v -14.148622 -0.852404 -19.685040
v -14.148622 -0.852404 -19.069883
v -14.148622 -0.852404 -18.454723
v -14.148623 -0.852404 -17.839567
v -14.148623 -0.852404 -17.224409
v -14.148623 -0.852404 -16.609251
v -14.148623 -0.852404 -15.994094
v -14.148622 -0.852404 -15.378937
v -14.148622 -0.852404 -14.763779
v -14.148622 -0.852404 -14.148622
v -14.148622 -0.852404 -13.533465
v -14.148623 -0.852404 -12.918308
v -14.148623 -0.852404 -12.303150
v -14.148623 -0.852404 -11.687993
v -14.148623 -0.852404 -11.072835
v -14.148622 -0.852404 -10.457678
v -14.148622 -0.852404 -9.842520
v -14.148622 -0.852404 -9.227362
v -14.148622 -0.852404 -8.612205
v -14.148623 -0.852404 -7.997047
v -14.148623 -0.852404 -7.381890
v -14.148623 -0.852404 -6.766733
v -14.148623 -0.852404 -6.151575
v -14.148622 -0.843140 -5.536417
v -14.148622 -0.843140 -4.921260
v -14.148622 -0.843140 -4.306102
v -14.148622 -0.852404 -3.690945
v -14.148623 -0.852404 -3.075788
v -14.148623 -0.852404 -2.460630
v -14.148623 -0.852404 -1.845472
v -14.148623 -0.852404 -1.230315
v -14.148622 -0.852404 -0.615157
v -14.148622 -0.852404 0.000000
v -14.148622 -0.852404 0.615158
v -14.148622 -0.852404 1.230315
v -14.148623 -0.852404 1.845472
v -14.148623 -0.806086 2.460630
v -14.148623 -0.574497 3.075788
v -14.148623 -0.120583 3.690945
v -14.148622 0.435230 4.306102
v -14.148622 0.815035 4.921260
v -14.148622 0.928866 5.536417
v -14.148622 0.963252 6.151575
v -14.148623 0.953989 6.766732
v -14.148623 1.028097 7.381890
v -14.148623 1.225299 7.997048
v -14.148623 1.364252 8.612206
v -14.148622 1.382224 9.227363
v -14.148622 1.372960 9.842520
v -14.148622 1.277555 10.457678
v -14.148622 1.104873 11.072835
v -14.148623 0.936017 11.687993
v -14.148623 0.915378 12.303149
v -14.148623 0.926754 12.918306
v -14.148623 0.843382 13.533464
v -14.148622 0.768718 14.148622
v -14.148622 0.599306 14.763779
v -14.148622 0.444493 15.378937
v -14.148622 0.111006 15.994096
v -14.148623 -0.166901 16.609253
v -14.148623 -0.417017 17.224411
v -14.148623 -0.639342 17.839567
v -14.148623 -0.769032 18.454725
v -14.148622 -0.824613 19.069883
v -14.148622 -0.843140 19.685040
v -13.533464 -0.852404 -19.685040
v -13.533464 -0.852404 -19.069881
v -13.533464 -0.852404 -18.454723
v -13.533465 -0.852404 -17.839567
v -13.533465 -0.852404 -17.224409
v -13.533465 -0.852404 -16.609251
v -13.533465 -0.852404 -15.994094
v -13.533465 -0.852404 -15.378937
v -13.533464 -0.852404 -14.763781
v -13.533464 -0.852404 -14.148623
v -13.533464 -0.852404 -13.533465
v -13.533465 -0.852404 -12.918308
v -13.533465 -0.852404 -12.303150
v -13.533465 -0.852404 -11.687993
v -13.533465 -0.852404 -11.072835
v -13.533465 -0.852404 -10.457678
v -13.533464 -0.852404 -9.842520
v -13.533464 -0.852404 -9.227362
v -13.533464 -0.852404 -8.612205
v -13.533465 -0.852404 -7.997048
v -13.533465 -0.852404 -7.381890
v -13.533465 -0.852404 -6.766733
v -13.533465 -0.852404 -6.151575
v -13.533465 -0.843140 -5.536417
v -13.533464 -0.833876 -4.921260
v -13.533464 -0.843140 -4.306102
v -13.533464 -0.852404 -3.690945
v -13.533465 -0.852404 -3.075788
v -13.533465 -0.852404 -2.460630
v -13.533465 -0.852404 -1.845472
v -13.533465 -0.852404 -1.230315
v -13.533465 -0.852404 -0.615157
v -13.533464 -0.852404 0.000000
v -13.533464 -0.852404 0.615158
v -13.533464 -0.852404 1.230315
v -13.533465 -0.704187 1.845472
v -13.533465 -0.268800 2.460630
v -13.533465 0.481547 3.075788
v -13.533465 1.157786 3.690945
v -13.533465 1.407902 4.306103
v -13.533464 1.465596 4.921260
v -13.533464 1.451552 5.536417
v -13.533464 1.435693 6.151575
v -13.533465 1.395971 6.766733
v -13.533465 1.414498 7.381890
v -13.533465 1.426985 7.997048
v -13.533465 1.370848 8.612205
v -13.533465 1.210700 9.227362
v -13.533464 0.909227 9.842520
v -13.533464 0.499519 10.457678
v -13.533464 0.191710 11.072834
v -13.533465 0.172979 11.687991
v -13.533465 0.391580 12.303149
v -13.533465 0.426522 12.918306
v -13.533465 0.335999 13.533464
v -13.533465 0.234100 14.148622
v -13.533464 0.065244 14.763781
v -13.533464 0.048829 15.378938
v -13.533464 -0.083529 15.994096
v -13.533465 -0.305854 16.609253
v -13.533465 -0.491125 17.224411
v -13.533465 -0.667133 17.839567
v -13.533465 -0.787559 18.454725
v -13.533465 -0.833876 19.069883
v -13.533464 -0.833876 19.685040
v -12.918306 -0.852404 -19.685040
v -12.918306 -0.852404 -19.069881
v -12.918306 -0.852404 -18.454723
v -12.918308 -0.852404 -17.839567
v -12.918308 -0.852404 -17.224409
v -12.918308 -0.852404 -16.609251
v -12.918308 -0.852404 -15.994094
v -12.918308 -0.852404 -15.378938
v -12.918306 -0.852404 -14.763781
v -12.918306 -0.852404 -14.148623
v -12.918306 -0.852404 -13.533465
v -12.918308 -0.852404 -12.918308
v -12.918308 -0.852404 -12.303150
v -12.918308 -0.852404 -11.687993
v -12.918308 -0.852404 -11.072835
v -12.918308 -0.852404 -10.457678
v -12.918306 -0.852404 -9.842520
v -12.918306 -0.852404 -9.227363
v -12.918306 -0.852404 -8.612206
v -12.918308 -0.852404 -7.997048
v -12.918308 -0.852404 -7.381890
v -12.918308 -0.852404 -6.766732
v -12.918308 -0.852404 -6.151575
v -12.918308 -0.852404 -5.536417
v -12.918306 -0.843798 -4.921260
v -12.918306 -0.847522 -4.306102
v -12.918306 -0.843140 -3.690945
v -12.918308 -0.841028 -3.075788
v -12.918308 -0.843140 -2.460630
v -12.918308 -0.843140 -1.845472
v -12.918308 -0.843140 -1.230315
v -12.918308 -0.852404 -0.615157
v -12.918306 -0.852404 0.000000
v -12.918306 -0.843140 0.615158
v -12.918306 -0.648605 1.230315
v -12.918308 0.129533 1.845472
v -12.918308 0.963252 2.460630
v -12.918308 1.417166 3.075788
v -12.918308 1.482011 3.690945
v -12.918308 1.407902 4.306102
v -12.918306 1.194841 4.921260
v -12.918306 0.963252 5.536417
v -12.918306 0.898963 6.151575
v -12.918308 0.964465 6.766733
v -12.918308 1.018833 7.381890
v -12.918308 1.044512 7.997047
v -12.918308 0.796508 8.612205
v -12.918308 0.398175 9.227362
v -12.918306 0.058092 9.842520
v -12.918306 0.062020 10.457677
v -12.918306 0.472284 11.072834
v -12.918308 0.916934 11.687991
v -12.918308 1.028097 12.303149
v -12.918308 0.946837 12.918308
v -12.918308 0.836230 13.533465
v -12.918308 0.604642 14.148623
v -12.918306 0.370385 14.763781
v -12.918306 0.249959 15.378938
v -12.918306 0.073951 15.994096
v -12.918308 -0.185428 16.609253
v -12.918308 -0.472598 17.224411
v -12.918308 -0.694923 17.839567
v -12.918308 -0.796822 18.454723
v -12.918308 -0.833876 19.069881
v -12.918306 -0.852404 19.685040
v -12.303150 -0.852404 -19.685040
v -12.303149 -0.852404 -19.069881
v -12.303149 -0.852404 -18.454723
v -12.303149 -0.852404 -17.839567
v -12.303150 -0.852404 -17.224409
v -12.303150 -0.852404 -16.609253
v -12.303150 -0.852404 -15.994096
v -12.303150 -0.852404 -15.378938
v -12.303150 -0.852404 -14.763781
v -12.303149 -0.852404 -14.148623
v -12.303149 -0.852404 -13.533465
v -12.303149 -0.852404 -12.918308
v -12.303150 -0.852404 -12.303150
v -12.303150 -0.852404 -11.687993
v -12.303150 -0.852404 -11.072834
v -12.303150 -0.852404 -10.457677
v -12.303150 -0.852404 -9.842520
v -12.303149 -0.852404 -9.227363
v -12.303149 -0.852404 -8.612206
v -12.303149 -0.852404 -7.997047
v -12.303150 -0.852404 -7.381889
v -12.303150 -0.852404 -6.766732
v -12.303150 -0.852404 -6.151575
v -12.303150 -0.852404 -5.536417
v -12.303150 -0.775627 -4.921260
v -12.303149 -0.776183 -4.306103
v -12.303149 -0.824613 -3.690945
v -12.303149 -0.827281 -3.075788
v -12.303150 -0.815349 -2.460630
v -12.303150 -0.815349 -1.845472
v -12.303150 -0.815349 -1.230315
v -12.303150 -0.796822 -0.615157
v -12.303150 -0.824613 0.000000
v -12.303149 -0.704187 0.615158
v -12.303149 0.092478 1.230315
v -12.303149 1.287476 1.845472
v -12.303150 1.472747 2.460630
v -12.303150 1.454220 3.075788
v -12.303150 1.120732 3.690945
v -12.303150 0.601974 4.306103
v -12.303150 0.148060 4.921260
v -12.303149 -0.018684 5.536417
v -12.303149 0.091923 6.151575
v -12.303149 0.391024 6.766732
v -12.303150 0.622613 7.381889
v -12.303150 0.604642 7.997047
v -12.303150 0.472284 8.612206
v -12.303150 0.546948 9.227363
v -12.303150 0.636360 9.842520
v -12.303149 0.777981 10.457677
v -12.303149 1.243826 11.072834
v -12.303149 1.401307 11.687993
v -12.303150 1.444957 12.303150
v -12.303150 1.408458 12.918308
v -12.303150 1.371404 13.533465
v -12.303150 1.206772 14.148623
v -12.303150 0.972516 14.763781
v -12.303149 0.740927 15.378938
v -12.303149 0.342594 15.994096
v -12.303149 -0.092793 16.609253
v -12.303150 -0.472598 17.224409
v -12.303150 -0.722714 17.839567
v -12.303150 -0.815349 18.454723
v -12.303150 -0.843140 19.069881
v -12.303150 -0.852404 19.685040
v -11.687993 -0.852404 -19.685040
v -11.687993 -0.852404 -19.069881
v -11.687991 -0.852404 -18.454723
v -11.687991 -0.852404 -17.839567
v -11.687993 -0.852404 -17.224411
v -11.687993 -0.852404 -16.609253
v -11.687993 -0.852404 -15.994096
v -11.687993 -0.852404 -15.378938
v -11.687993 -0.852404 -14.763781
v -11.687993 -0.852404 -14.148623
v -11.687991 -0.852404 -13.533465
v -11.687991 -0.852404 -12.918308
v -11.687993 -0.852404 -12.303149
v -11.687993 -0.852404 -11.687991
v -11.687993 -0.852404 -11.072834
v -11.687993 -0.852404 -10.457677
v -11.687993 -0.844196 -9.842520
v -11.687993 -0.852404 -9.227362
v -11.687991 -0.852404 -8.612205
v -11.687991 -0.852404 -7.997047
v -11.687993 -0.852404 -7.381890
v -11.687993 -0.852404 -6.766733
v -11.687993 -0.852404 -6.151575
v -11.687993 -0.852404 -5.536417
v -11.687993 -0.731977 -4.921260
v -11.687993 -0.583761 -4.306102
v -11.687991 -0.562566 -3.690945
v -11.687991 -0.546706 -3.075788
v -11.687993 -0.639342 -2.460630
v -11.687993 -0.741241 -1.845472
v -11.687993 -0.537443 -1.230315
v -11.687993 -0.166901 -0.615157
v -11.687993 -0.203955 0.000000
v -11.687993 0.009107 0.615158
v -11.687991 1.148523 1.230315
v -11.687991 1.482011 1.845472
v -11.687993 1.370848 2.460630
v -11.687993 0.842826 3.075788
v -11.687993 0.194378 3.690945
v -11.687993 -0.046475 4.306102
v -11.687993 -0.074265 4.921260
v -11.687993 0.101742 5.536417
v -11.687991 0.525197 6.151575
v -11.687991 0.870617 6.766732
v -11.687993 1.071747 7.381890
v -11.687993 1.185577 7.997048
v -11.687993 1.306003 8.612206
v -11.687993 1.389375 9.227363
v -11.687993 1.308115 9.842520
v -11.687993 1.157786 10.457678
v -11.687991 1.287476 11.072835
v -11.687991 1.349653 11.687993
v -11.687993 1.306003 12.303150
v -11.687993 1.260241 12.918308
v -11.687993 1.120732 13.533465
v -11.687993 1.092942 14.148623
v -11.687993 1.120732 14.763781
v -11.687993 0.895739 15.378938
v -11.687991 0.423298 15.994094
v -11.687991 -0.157637 16.609251
v -11.687993 -0.555970 17.224409
v -11.687993 -0.759768 17.839567
v -11.687993 -0.843140 18.454723
v -11.687993 -0.852404 19.069881
v -11.687993 -0.852404 19.685040
v -11.072835 -0.852404 -19.685040
v -11.072835 -0.852404 -19.069883
v -11.072834 -0.852404 -18.454725
v -11.072834 -0.852404 -17.839567
v -11.072834 -0.852404 -17.224411
v -11.072835 -0.852404 -16.609253
v -11.072835 -0.852404 -15.994096
v -11.072835 -0.852404 -15.378938
v -11.072835 -0.852404 -14.763781
v -11.072835 -0.852404 -14.148622
v -11.072834 -0.852404 -13.533464
v -11.072834 -0.852404 -12.918306
v -11.072834 -0.852404 -12.303149
v -11.072835 -0.852404 -11.687991
v -11.072835 -0.843140 -11.072834
v -11.072835 -0.843140 -10.457678
v -11.072835 -0.843140 -9.842520
v -11.072835 -0.852404 -9.227362
v -11.072834 -0.852404 -8.612205
v -11.072834 -0.843140 -7.997048
v -11.072834 -0.843140 -7.381890
v -11.072835 -0.852404 -6.766733
v -11.072835 -0.852404 -6.151575
v -11.072835 -0.843140 -5.536417
v -11.072835 -0.694923 -4.921260
v -11.072835 -0.270912 -4.306103
v -11.072834 -0.002825 -3.690945
v -11.072834 -0.303186 -3.075788
v -11.072834 -0.627410 -2.460630
v -11.072835 -0.157637 -1.845472
v -11.072835 0.740927 -1.230315
v -11.072835 1.111469 -0.615157
v -11.072835 1.102205 0.000000
v -11.072835 1.185577 0.615158
v -11.072834 1.482011 1.230315
v -11.072834 1.352321 1.845472
v -11.072834 0.666818 2.460630
v -11.072835 0.129533 3.075788
v -11.072835 0.361121 3.690945
v -11.072835 0.666818 4.306103
v -11.072835 0.759454 4.921260
v -11.072835 0.981779 5.536417
v -11.072834 1.178981 6.151575
v -11.072834 1.298852 6.766733
v -11.072834 1.350209 7.381890
v -11.072835 1.410570 7.997048
v -11.072835 1.419834 8.612205
v -11.072835 1.444299 9.227362
v -11.072835 1.437805 9.842520
v -11.072835 1.398639 10.457678
v -11.072834 1.352321 11.072835
v -11.072834 1.259686 11.687993
v -11.072834 0.908328 12.303150
v -11.072835 0.275082 12.918308
v -11.072835 -0.187540 13.533465
v -11.072835 -0.080861 14.148623
v -11.072835 0.738259 14.763781
v -11.072835 0.858685 15.378937
v -11.072834 0.435230 15.994094
v -11.072834 -0.157637 16.609251
v -11.072834 -0.593024 17.224409
v -11.072835 -0.796822 17.839567
v -11.072835 -0.843140 18.454723
v -11.072835 -0.852404 19.069881
v -11.072835 -0.852404 19.685040
v -10.457678 -0.852404 -19.685040
v -10.457678 -0.852404 -19.069883
v -10.457678 -0.852404 -18.454725
v -10.457677 -0.852404 -17.839567
v -10.457677 -0.852404 -17.224411
v -10.457678 -0.852404 -16.609253
v -10.457678 -0.852404 -15.994096
v -10.457678 -0.852404 -15.378937
v -10.457678 -0.852404 -14.763779
v -10.457678 -0.852404 -14.148622
v -10.457678 -0.852404 -13.533464
v -10.457677 -0.852404 -12.918306
v -10.457677 -0.852404 -12.303149
v -10.457678 -0.843140 -11.687993
v -10.457678 -0.852404 -11.072835
v -10.457678 -0.843140 -10.457678
v -10.457678 -0.843140 -9.842520
v -10.457678 -0.833876 -9.227363
v -10.457678 -0.843140 -8.612206
v -10.457677 -0.843140 -7.997048
v -10.457677 -0.843140 -7.381890
v -10.457678 -0.843140 -6.766732
v -10.457678 -0.843140 -6.151575
v -10.457678 -0.750504 -5.536417
v -10.457678 -0.155525 -4.921260
v -10.457678 0.639028 -4.306102
v -10.457678 0.129533 -3.690945
v -10.457677 -0.454071 -3.075788
v -10.457677 0.324067 -2.460630
v -10.457678 1.268949 -1.845472
v -10.457678 1.491274 -1.230315
v -10.457678 1.491274 -0.615157
v -10.457678 1.500538 0.000000
v -10.457678 1.500538 0.615158
v -10.457678 1.491274 1.230315
v -10.457677 1.167050 1.845472
v -10.457677 0.676082 2.460630
v -10.457678 0.685345 3.075788
v -10.457678 1.074415 3.690945
v -10.457678 1.290144 4.306102
v -10.457678 1.361585 4.921260
v -10.457678 1.382224 5.536417
v -10.457678 1.400751 6.151575
v -10.457677 1.400751 6.766733
v -10.457677 1.391487 7.381890
v -10.457678 1.389375 7.997047
v -10.457678 1.315267 8.612205
v -10.457678 1.160454 9.227362
v -10.457678 1.027439 9.842520
v -10.457678 1.006902 10.457678
v -10.457678 1.213368 11.072835
v -10.457677 1.275545 11.687993
v -10.457677 1.092386 12.303150
v -10.457678 0.564919 12.918308
v -10.457678 -0.213219 13.533465
v -10.457678 -0.630078 14.148622
v -10.457678 -0.417017 14.763779
v -10.457678 0.092478 15.378937
v -10.457678 0.200973 15.994094
v -10.457677 -0.129847 16.609251
v -10.457677 -0.544594 17.224409
v -10.457678 -0.833876 17.839567
v -10.457678 -0.852404 18.454723
v -10.457678 -0.852404 19.069883
v -10.457678 -0.852404 19.685040
v -9.842520 -0.852404 -19.685040
v -9.842520 -0.852404 -19.069883
v -9.842520 -0.852404 -18.454725
v -9.842520 -0.852404 -17.839567
v -9.842520 -0.852404 -17.224411
v -9.842520 -0.852404 -16.609251
v -9.842520 -0.852404 -15.994094
v -9.842520 -0.852404 -15.378937
v -9.842520 -0.852404 -14.763779
v -9.842520 -0.852404 -14.148622
v -9.842520 -0.852404 -13.533464
v -9.842520 -0.852404 -12.918306
v -9.842520 -0.843140 -12.303150
v -9.842520 -0.841028 -11.687993
v -9.842520 -0.831764 -11.072835
v -9.842520 -0.824613 -10.457678
v -9.842520 -0.824613 -9.842520
v -9.842520 -0.815349 -9.227363
v -9.842520 -0.836544 -8.612206
v -9.842520 -0.785447 -7.997047
v -9.842520 -0.824613 -7.381889
v -9.842520 -0.843140 -6.766732
v -9.842520 -0.741241 -6.151575
v -9.842520 -0.076933 -5.536417
v -9.842520 0.882548 -4.921260
v -9.842520 1.049292 -4.306103
v -9.842520 -0.278063 -3.690945
v -9.842520 0.648291 -3.075788
v -9.842520 1.352321 -2.460630
v -9.842520 1.482011 -1.845472
v -9.842520 1.370848 -1.230315
v -9.842520 1.278213 -0.615157
v -9.842520 1.278213 0.000000
v -9.842520 1.333794 0.615158
v -9.842520 1.370848 1.230315
v -9.842520 1.398639 1.845472
v -9.842520 1.407902 2.460630
v -9.842520 1.392043 3.075788
v -9.842520 1.426429 3.690945
v -9.842520 1.435693 4.306103
v -9.842520 1.435693 4.921260
v -9.842520 1.426429 5.536417
v -9.842520 1.417166 6.151575
v -9.842520 1.321862 6.766732
v -9.842520 1.231339 7.381889
v -9.842520 1.122844 7.997047
v -9.842520 0.934906 8.612206
v -9.842520 0.710468 9.227363
v -9.842520 0.506670 9.842520
v -9.842520 0.156767 10.457678
v -9.842520 0.148060 11.072835
v -9.842520 0.574183 11.687993
v -9.842520 0.627096 12.303150
v -9.842520 0.537888 12.918306
v -9.842520 0.268032 13.533464
v -9.842520 -0.214228 14.148622
v -9.842520 -0.676396 14.763779
v -9.842520 -0.679064 15.378937
v -9.842520 -0.558638 15.994094
v -9.842520 -0.565233 16.609251
v -9.842520 -0.685660 17.224411
v -9.842520 -0.833876 17.839567
v -9.842520 -0.852404 18.454725
v -9.842520 -0.852404 19.069883
v -9.842520 -0.852404 19.685040
v -9.227363 -0.852404 -19.685040
v -9.227363 -0.852404 -19.069883
v -9.227362 -0.852404 -18.454723
v -9.227362 -0.852404 -17.839567
v -9.227363 -0.852404 -17.224409
v -9.227363 -0.852404 -16.609251
v -9.227362 -0.852404 -15.994094
v -9.227362 -0.852404 -15.378937
v -9.227363 -0.852404 -14.763779
v -9.227363 -0.852404 -14.148622
v -9.227362 -0.852404 -13.533465
v -9.227362 -0.852404 -12.918308
v -9.227363 -0.852404 -12.303150
v -9.227363 -0.785447 -11.687993
v -9.227362 -0.750504 -11.072835
v -9.227362 -0.818017 -10.457678
v -9.227363 -0.778295 -9.842520
v -9.227363 -0.667133 -9.227362
v -9.227362 -0.713450 -8.612205
v -9.227362 -0.516248 -7.997047
v -9.227363 -0.611551 -7.381890
v -9.227363 -0.593024 -6.766733
v -9.227362 -0.095460 -6.151575
v -9.227362 0.891811 -5.536417
v -9.227363 1.364252 -4.921260
v -9.227363 0.349746 -4.306102
v -9.227362 0.666818 -3.690945
v -9.227362 1.398639 -3.075788
v -9.227363 1.482011 -2.460630
v -9.227363 1.324530 -1.845472
v -9.227362 0.926198 -1.230315
v -9.227362 0.870617 -0.615157
v -9.227363 1.037360 0.000000
v -9.227363 1.271617 0.615158
v -9.227362 1.429097 1.230315
v -9.227362 1.465596 1.845472
v -9.227363 1.466152 2.460630
v -9.227363 1.435693 3.075788
v -9.227362 1.433025 3.690945
v -9.227362 1.398639 4.306102
v -9.227363 1.312599 4.921260
v -9.227363 1.194285 5.536417
v -9.227362 0.956100 6.151575
v -9.227362 0.567587 6.766732
v -9.227363 0.150728 7.381890
v -9.227363 -0.018684 7.997048
v -9.227362 -0.166901 8.612206
v -9.227362 -0.286771 9.227363
v -9.227363 -0.444807 9.842520
v -9.227363 -0.546706 10.457678
v -9.227362 -0.481862 11.072835
v -9.227362 -0.472598 11.687993
v -9.227363 -0.407753 12.303149
v -9.227363 -0.379963 12.918306
v -9.227362 -0.333089 13.533464
v -9.227362 -0.499833 14.148622
v -9.227363 -0.676396 14.763779
v -9.227363 -0.793951 15.378937
v -9.227362 -0.818017 15.994096
v -9.227362 -0.799490 16.609253
v -9.227363 -0.814692 17.224411
v -9.227363 -0.843140 17.839567
v -9.227362 -0.852404 18.454725
v -9.227362 -0.852404 19.069883
v -9.227363 -0.852404 19.685040
v -8.612206 -0.852404 -19.685040
v -8.612206 -0.852404 -19.069881
v -8.612205 -0.852404 -18.454723
v -8.612205 -0.852404 -17.839567
v -8.612206 -0.852404 -17.224409
v -8.612206 -0.852404 -16.609251
v -8.612205 -0.852404 -15.994094
v -8.612205 -0.852404 -15.378937
v -8.612206 -0.852404 -14.763781
v -8.612206 -0.852404 -14.148623
v -8.612205 -0.852404 -13.533465
v -8.612205 -0.852404 -12.918308
v -8.612206 -0.815349 -12.303150
v -8.612206 -0.537443 -11.687993
v -8.612205 -0.666577 -11.072835
v -8.612205 -0.771144 -10.457678
v -8.612206 -0.463335 -9.842520
v -8.612206 -0.065002 -9.227362
v -8.612205 0.071283 -8.612205
v -8.612205 0.212905 -7.997048
v -8.612206 0.277749 -7.381890
v -8.612206 0.518602 -6.766733
v -8.612205 1.000862 -6.151575
v -8.612205 1.429097 -5.536417
v -8.612206 1.364252 -4.921260
v -8.612206 0.935461 -4.306103
v -8.612205 1.343058 -3.690945
v -8.612205 1.438361 -3.075788
v -8.612206 1.250422 -2.460630
v -8.612206 1.315267 -1.845472
v -8.612205 1.444957 -1.230315
v -8.612205 1.474859 -0.615157
v -8.612206 1.500538 0.000000
v -8.612206 1.482011 0.615158
v -8.612205 1.463484 1.230315
v -8.612205 1.259130 1.845472
v -8.612206 0.963252 2.460630
v -8.612206 0.636360 3.075788
v -8.612205 0.358453 3.690945
v -8.612205 0.148060 4.306103
v -8.612206 0.002511 4.921260
v -8.612206 -0.046475 5.536417
v -8.612205 -0.215887 6.151575
v -8.612205 -0.499629 6.766733
v -8.612206 -0.638684 7.381890
v -8.612206 -0.414349 7.997048
v -8.612205 -0.293923 8.612205
v -8.612205 -0.182760 9.227362
v -8.612206 -0.092237 9.842520
v -8.612206 0.113673 10.457678
v -8.612205 0.274878 11.072834
v -8.612205 0.296277 11.687991
v -8.612206 0.481547 12.303149
v -8.612206 0.324067 12.918306
v -8.612205 0.122937 13.533464
v -8.612205 -0.102056 14.148622
v -8.612206 -0.613663 14.763781
v -8.612206 -0.806086 15.378938
v -8.612205 -0.771699 15.994096
v -8.612205 -0.658425 16.609253
v -8.612206 -0.780963 17.224411
v -8.612206 -0.843140 17.839567
v -8.612205 -0.852404 18.454725
v -8.612205 -0.852404 19.069883
v -8.612206 -0.852404 19.685040
v -7.997047 -0.852404 -19.685040
v -7.997048 -0.852404 -19.069881
v -7.997048 -0.852404 -18.454723
v -7.997047 -0.852404 -17.839567
v -7.997047 -0.852404 -17.224409
v -7.997048 -0.852404 -16.609251
v -7.997048 -0.852404 -15.994094
v -7.997047 -0.852404 -15.378938
v -7.997047 -0.852404 -14.763781
v -7.997048 -0.852404 -14.148623
v -7.997048 -0.852404 -13.533465
v -7.997047 -0.833876 -12.918308
v -7.997047 -0.650718 -12.303150
v -7.997048 -0.224594 -11.687993
v -7.997048 -0.379963 -11.072835
v -7.997047 -0.620815 -10.457678
v -7.997047 -0.266688 -9.842520
v -7.997048 0.474952 -9.227363
v -7.997048 0.657555 -8.612206
v -7.997047 0.833562 -7.997048
v -7.997047 1.000306 -7.381890
v -7.997048 1.188245 -6.766732
v -7.997048 1.398639 -6.151575
v -7.997047 1.466152 -5.536417
v -7.997047 1.466152 -4.921260
v -7.997048 1.435693 -4.306102
v -7.997048 1.454878 -3.690945
v -7.997047 1.380112 -3.075788
v -7.997047 1.315267 -2.460630
v -7.997048 1.401307 -1.845472
v -7.997048 1.419834 -1.230315
v -7.997047 1.368736 -0.615157
v -7.997047 1.259686 0.000000
v -7.997048 1.145855 0.615158
v -7.997048 0.892015 1.230315
v -7.997047 0.601418 1.845472
v -7.997047 0.126865 2.460630
v -7.997048 -0.247605 3.075788
v -7.997048 -0.500389 3.690945
v -7.997047 -0.648605 4.306102
v -7.997047 -0.667133 4.921260
v -7.997048 -0.667133 5.536417
v -7.997048 -0.620815 6.151575
v -7.997047 -0.491125 6.766733
v -7.997047 -0.176822 7.381890
v -7.997048 0.102196 7.997047
v -7.997048 0.252627 8.612205
v -7.997047 0.345262 9.227362
v -7.997047 0.454313 9.842520
v -7.997048 0.609681 10.457677
v -7.997048 0.738815 11.072834
v -7.997047 0.843382 11.687991
v -7.997047 0.973071 12.303149
v -7.997048 0.877768 12.918308
v -7.997048 0.525753 13.533465
v -7.997047 0.191710 14.148623
v -7.997047 -0.565789 14.763781
v -7.997048 -0.567901 15.378938
v -7.997048 -0.206623 15.994096
v -7.997047 -0.213219 16.609253
v -7.997047 -0.722714 17.224411
v -7.997048 -0.843140 17.839567
v -7.997048 -0.852404 18.454723
v -7.997047 -0.852404 19.069881
v -7.997047 -0.852404 19.685040
v -7.381889 -0.852404 -19.685040
v -7.381890 -0.852404 -19.069881
v -7.381890 -0.852404 -18.454723
v -7.381890 -0.852404 -17.839567
v -7.381889 -0.852404 -17.224409
v -7.381890 -0.852404 -16.609253
v -7.381890 -0.852404 -15.994096
v -7.381890 -0.852404 -15.378938
v -7.381889 -0.852404 -14.763781
v -7.381890 -0.852404 -14.148623
v -7.381890 -0.833876 -13.533465
v -7.381890 -0.769032 -12.918308
v -7.381889 -0.352172 -12.303150
v -7.381890 0.391580 -11.687993
v -7.381890 0.104410 -11.072834
v -7.381890 -0.148374 -10.457677
v -7.381889 0.658213 -9.842520
v -7.381890 1.018833 -9.227363
v -7.381890 1.111469 -8.612206
v -7.381890 1.259686 -7.997047
v -7.381889 1.373516 -7.381889
v -7.381890 1.417166 -6.766732
v -7.381890 1.447624 -6.151575
v -7.381890 1.447624 -5.536417
v -7.381889 1.484679 -4.921260
v -7.381890 1.479899 -4.306103
v -7.381890 1.475415 -3.690945
v -7.381890 1.427087 -3.075788
v -7.381889 1.398639 -2.460630
v -7.381890 1.380112 -1.845472
v -7.381890 1.306003 -1.230315
v -7.381890 1.090274 -0.615157
v -7.381889 0.768718 0.000000
v -7.381890 0.386244 0.615158
v -7.381890 0.057536 1.230315
v -7.381890 -0.266688 1.845472
v -7.381889 -0.507540 2.460630
v -7.381890 -0.600176 3.075788
v -7.381890 -0.534775 3.690945
v -7.381890 -0.498277 4.306103
v -7.381889 -0.377295 4.921260
v -7.381890 -0.238341 5.536417
v -7.381890 -0.090125 6.151575
v -7.381890 0.095146 6.766732
v -7.381889 0.352414 7.381889
v -7.381890 0.593266 7.997047
v -7.381890 0.685901 8.612206
v -7.381890 0.769273 9.227363
v -7.381889 0.887587 9.842520
v -7.381890 0.991598 10.457677
v -7.381890 1.047180 11.072834
v -7.381890 1.065151 11.687993
v -7.381889 1.093498 12.303150
v -7.381890 0.991700 12.918308
v -7.381890 0.988375 13.533465
v -7.381890 0.895739 14.148623
v -7.381889 0.336202 14.763781
v -7.381890 0.358453 15.378938
v -7.381890 0.469616 15.994096
v -7.381890 -0.176165 16.609253
v -7.381889 -0.731977 17.224409
v -7.381890 -0.843140 17.839567
v -7.381890 -0.852404 18.454723
v -7.381890 -0.852404 19.069881
v -7.381889 -0.852404 19.685040
v -6.766732 -0.852404 -19.685040
v -6.766732 -0.852404 -19.069881
v -6.766733 -0.852404 -18.454723
v -6.766733 -0.852404 -17.839567
v -6.766732 -0.852404 -17.224411
v -6.766732 -0.852404 -16.609253
v -6.766733 -0.852404 -15.994096
v -6.766733 -0.852404 -15.378938
v -6.766732 -0.843140 -14.763781
v -6.766732 -0.787559 -14.148623
v -6.766733 -0.636674 -13.533465
v -6.766733 -0.509652 -12.918308
v -6.766732 0.527865 -12.303149
v -6.766732 1.067263 -11.687991
v -6.766733 0.657555 -11.072834
v -6.766733 1.009570 -10.457677
v -6.766732 1.213368 -9.842520
v -6.766732 1.259686 -9.227362
v -6.766733 1.387263 -8.612205
v -6.766733 1.435693 -7.997047
v -6.766732 1.442289 -7.381890
v -6.766732 1.433025 -6.766733
v -6.766733 1.361585 -6.151575
v -6.766733 1.419834 -5.536417
v -6.766732 1.435693 -4.921260
v -6.766732 1.426429 -4.306102
v -6.766733 1.352321 -3.690945
v -6.766733 1.204104 -3.075788
v -6.766732 0.981779 -2.460630
v -6.766732 0.722400 -1.845472
v -6.766733 0.444493 -1.230315
v -6.766733 0.231432 -0.615157
v -6.766732 0.055878 0.000000
v -6.766732 -0.182760 0.615158
v -6.766733 -0.379963 1.230315
v -6.766733 -0.521584 1.845472
v -6.766732 -0.530847 2.460630
v -6.766732 -0.454071 3.075788
v -6.766733 -0.294479 3.690945
v -6.766733 -0.127735 4.306102
v -6.766732 0.131645 4.921260
v -6.766732 0.463020 5.536417
v -6.766733 0.694609 6.151575
v -6.766733 0.815035 6.766732
v -6.766732 0.926754 7.381890
v -6.766732 0.993711 7.997048
v -6.766733 1.047180 8.612206
v -6.766733 1.074970 9.227363
v -6.766732 1.090830 9.842520
v -6.766732 1.055887 10.457678
v -6.766733 0.961140 11.072835
v -6.766733 0.951876 11.687993
v -6.766732 1.044512 12.303150
v -6.766732 1.092942 12.918308
v -6.766733 0.861353 13.533465
v -6.766733 0.960584 14.148623
v -6.766732 0.960584 14.763781
v -6.766732 0.932793 15.378938
v -6.766733 0.601974 15.994094
v -6.766733 -0.278063 16.609251
v -6.766732 -0.741241 17.224409
v -6.766732 -0.843140 17.839567
v -6.766733 -0.852404 18.454723
v -6.766733 -0.852404 19.069881
v -6.766732 -0.852404 19.685040
v -6.151575 -0.852404 -19.685040
v -6.151575 -0.852404 -19.069883
v -6.151575 -0.852404 -18.454725
v -6.151575 -0.852404 -17.839567
v -6.151575 -0.852404 -17.224411
v -6.151575 -0.852404 -16.609253
v -6.151575 -0.852404 -15.994096
v -6.151575 -0.852404 -15.378938
v -6.151575 -0.852404 -14.763781
v -6.151575 -0.425623 -14.148622
v -6.151575 -0.296591 -13.533464
v -6.151575 0.073951 -12.918306
v -6.151575 1.213368 -12.303149
v -6.151575 1.426429 -11.687991
v -6.151575 1.426429 -11.072834
v -6.151575 1.241159 -10.457678
v -6.151575 1.037360 -9.842520
v -6.151575 1.269505 -9.227362
v -6.151575 1.387263 -8.612205
v -6.151575 1.417166 -7.997048
v -6.151575 1.296740 -7.381890
v -6.151575 1.222631 -6.766733
v -6.151575 1.315267 -6.151575
v -6.151575 1.380112 -5.536417
v -6.151575 1.257017 -4.921260
v -6.151575 1.009570 -4.306103
v -6.151575 0.657555 -3.690945
v -6.151575 0.302872 -3.075788
v -6.151575 -0.002825 -2.460630
v -6.151575 -0.176165 -1.845472
v -6.151575 -0.160509 -1.230315
v -6.151575 -0.058610 -0.615157
v -6.151575 0.067356 0.000000
v -6.151575 0.122937 0.615158
v -6.151575 0.093034 1.230315
v -6.151575 0.213460 1.845472
v -6.151575 0.324623 2.460630
v -6.151575 0.488143 3.075788
v -6.151575 0.682678 3.690945
v -6.151575 0.879880 4.306103
v -6.151575 1.020945 4.921260
v -6.151575 1.083678 5.536417
v -6.151575 1.120732 6.151575
v -6.151575 1.141927 6.766733
v -6.151575 1.129996 7.381890
v -6.151575 1.137147 7.997048
v -6.151575 1.093498 8.612205
v -6.151575 0.991598 9.227362
v -6.151575 0.843382 9.842520
v -6.151575 0.697277 10.457678
v -6.151575 0.271154 11.072835
v -6.151575 0.111006 11.687993
v -6.151575 0.312691 12.303150
v -6.151575 0.451645 12.918308
v -6.151575 0.015702 13.533465
v -6.151575 0.469616 14.148623
v -6.151575 1.099537 14.763781
v -6.151575 1.067263 15.378937
v -6.151575 0.488699 15.994094
v -6.151575 -0.139110 16.609251
v -6.151575 -0.685660 17.224409
v -6.151575 -0.833876 17.839567
v -6.151575 -0.852404 18.454723
v -6.151575 -0.852404 19.069881
v -6.151575 -0.852404 19.685040
v -5.536417 -0.852404 -19.685040
v -5.536417 -0.852404 -19.069883
v -5.536417 -0.852404 -18.454725
v -5.536417 -0.852404 -17.839567
v -5.536417 -0.852404 -17.224411
v -5.536417 -0.852404 -16.609253
v -5.536417 -0.852404 -15.994096
v -5.536417 -0.852404 -15.378937
v -5.536417 -0.815349 -14.763779
v -5.536417 0.210792 -14.148622
v -5.536417 0.175850 -13.533464
v -5.536417 0.407439 -12.918306
v -5.536417 1.280881 -12.303149
v -5.536417 1.361029 -11.687993
v -5.536417 1.315267 -11.072835
v -5.536417 0.842826 -10.457678
v -5.536417 0.796508 -9.842520
v -5.536417 1.157786 -9.227363
v -5.536417 1.424317 -8.612206
v -5.536417 1.382779 -7.997048
v -5.536417 1.378000 -7.381890
v -5.536417 1.426429 -6.766732
v -5.536417 1.324530 -6.151575
v -5.536417 1.076527 -5.536417
v -5.536417 0.750190 -4.921260
v -5.536417 0.423298 -4.306102
v -5.536417 0.140908 -3.690945
v -5.536417 -0.094006 -3.075788
v -5.536417 -0.148930 -2.460630
v -5.536417 -0.056396 -1.845472
v -5.536417 0.234100 -1.230315
v -5.536417 0.555656 -0.615157
v -5.536417 0.775869 0.000000
v -5.536417 0.945179 0.615158
v -5.536417 1.040028 1.230315
v -5.536417 1.123400 1.845472
v -5.536417 1.169162 2.460630
v -5.536417 1.176314 3.075788
v -5.536417 1.174202 3.690945
v -5.536417 1.009570 4.306102
v -5.536417 0.926198 4.921260
v -5.536417 0.972516 5.536417
v -5.536417 0.997638 6.151575
v -5.536417 0.997638 6.766733
v -5.536417 1.000306 7.381890
v -5.536417 0.963808 7.997047
v -5.536417 0.806328 8.612205
v -5.536417 0.526309 9.227362
v -5.536417 0.269042 9.842520
v -5.536417 0.082455 10.457678
v -5.536417 -0.243881 11.072835
v -5.536417 -0.451403 11.687993
v -5.536417 -0.472598 12.303150
v -5.536417 -0.463335 12.918308
v -5.536417 -0.481862 13.533465
v -5.536417 -0.360778 14.148622
v -5.536417 0.517147 14.763779
v -5.536417 0.932793 15.378937
v -5.536417 0.381760 15.994094
v -5.536417 -0.167559 16.609251
v -5.536417 -0.676396 17.224409
v -5.536417 -0.833876 17.839567
v -5.536417 -0.843140 18.454723
v -5.536417 -0.852404 19.069883
v -5.536417 -0.852404 19.685040
v -4.921260 -0.852404 -19.685040
v -4.921260 -0.852404 -19.069883
v -4.921260 -0.852404 -18.454725
v -4.921260 -0.852404 -17.839567
v -4.921260 -0.852404 -17.224411
v -4.921260 -0.852404 -16.609251
v -4.921260 -0.852404 -15.994094
v -4.921260 -0.843140 -15.378937
v -4.921260 -0.602288 -14.763779
v -4.921260 0.926198 -14.148622
v -4.921260 0.916934 -13.533464
v -4.921260 0.648291 -12.918306
v -4.921260 1.271061 -12.303150
v -4.921260 1.266281 -11.687993
v -4.921260 0.916934 -11.072835
v -4.921260 0.539241 -10.457678
v -4.921260 0.972516 -9.842520
v -4.921260 1.398639 -9.227363
v -4.921260 1.463484 -8.612206
v -4.921260 1.435693 -7.997047
v -4.921260 1.278213 -7.381889
v -4.921260 0.960584 -6.766732
v -4.921260 0.601974 -6.151575
v -4.921260 0.407439 -5.536417
v -4.921260 0.322854 -4.921260
v -4.921260 0.286457 -4.306103
v -4.921260 0.252830 -3.690945
v -4.921260 0.228764 -3.075788
v -4.921260 0.398175 -2.460630
v -4.921260 0.666818 -1.845472
v -4.921260 0.951876 -1.230315
v -4.921260 1.149079 -0.615157
v -4.921260 1.278768 0.000000
v -4.921260 1.325086 0.615158
v -4.921260 1.278768 1.230315
v -4.921260 1.178981 1.845472
v -4.921260 1.074415 2.460630
v -4.921260 0.926198 3.075788
v -4.921260 0.685345 3.690945
v -4.921260 0.231432 4.306103
v -4.921260 0.073395 4.921260
v -4.921260 0.212905 5.536417
v -4.921260 0.293609 6.151575
v -4.921260 0.321399 6.766732
v -4.921260 0.379093 7.381889
v -4.921260 0.463020 7.997047
v -4.921260 0.465132 8.612206
v -4.921260 0.259222 9.227363
v -4.921260 -0.072153 9.842520
v -4.921260 -0.315118 10.457678
v -4.921260 -0.442139 11.072835
v -4.921260 -0.490569 11.687993
v -4.921260 -0.546706 12.303150
v -4.921260 -0.530847 12.918306
v -4.921260 -0.389226 13.533464
v -4.921260 -0.234414 14.148622
v -4.921260 -0.280731 14.763779
v -4.921260 0.111006 15.378937
v -4.921260 -0.247605 15.994094
v -4.921260 -0.528179 16.609251
v -4.921260 -0.741241 17.224411
v -4.921260 -0.852404 17.839567
v -4.921260 -0.852404 18.454725
v -4.921260 -0.852404 19.069883
v -4.921260 -0.852404 19.685040
v -4.306103 -0.852404 -19.685040
v -4.306102 -0.852404 -19.069883
v -4.306103 -0.852404 -18.454723
v -4.306102 -0.852404 -17.839567
v -4.306103 -0.852404 -17.224409
v -4.306102 -0.852404 -16.609251
v -4.306103 -0.833876 -15.994094
v -4.306102 -0.463335 -15.378937
v -4.306103 0.314804 -14.763779
v -4.306102 1.315267 -14.148622
v -4.306103 1.278213 -13.533465
v -4.306102 1.315267 -12.918308
v -4.306103 1.417166 -12.303150
v -4.306102 1.280325 -11.687993
v -4.306103 0.888588 -11.072835
v -4.306102 1.016165 -10.457678
v -4.306103 1.361585 -9.842520
v -4.306102 1.435693 -9.227362
v -4.306103 1.231895 -8.612205
v -4.306102 0.972516 -7.997047
v -4.306103 0.639028 -7.381890
v -4.306102 0.506670 -6.766733
v -4.306103 0.573627 -6.151575
v -4.306102 0.678194 -5.536417
v -4.306103 0.740927 -4.921260
v -4.306102 0.704428 -4.306102
v -4.306103 0.706541 -3.690945
v -4.306102 0.845494 -3.075788
v -4.306103 1.055887 -2.460630
v -4.306102 1.248310 -1.845472
v -4.306103 1.343613 -1.230315
v -4.306102 1.352321 -0.615157
v -4.306103 1.322418 0.000000
v -4.306102 1.129996 0.615158
v -4.306103 0.869959 1.230315
v -4.306102 0.641140 1.845472
v -4.306103 0.453757 2.460630
v -4.306102 0.247291 3.075788
v -4.306103 -0.084085 3.690945
v -4.306102 -0.185984 4.306102
v -4.306103 -0.146262 4.921260
v -4.306102 -0.206623 5.536417
v -4.306103 -0.238341 6.151575
v -4.306102 -0.296591 6.766732
v -4.306103 -0.294479 7.381890
v -4.306102 -0.210347 7.997048
v -4.306103 -0.118471 8.612206
v -4.306102 -0.203297 9.227363
v -4.306103 -0.332987 9.842520
v -4.306102 -0.390680 10.457678
v -4.306103 -0.416359 11.072835
v -4.306102 -0.443594 11.687993
v -4.306103 -0.456739 12.303149
v -4.306102 -0.280731 12.918306
v -4.306102 0.160195 13.533464
v -4.306102 -0.067670 14.148622
v -4.306102 -0.565891 14.763779
v -4.306102 -0.628624 15.378937
v -4.306102 -0.667133 15.994096
v -4.306102 -0.694265 16.609253
v -4.306102 -0.769032 17.224411
v -4.306102 -0.843140 17.839567
v -4.306102 -0.852404 18.454725
v -4.306102 -0.852404 19.069883
v -4.306102 -0.852404 19.685040
v -3.690944 -0.852404 -19.685040
v -3.690945 -0.852404 -19.069881
v -3.690944 -0.852404 -18.454723
v -3.690945 -0.852404 -17.839567
v -3.690944 -0.852404 -17.224409
v -3.690945 -0.852404 -16.609251
v -3.690944 -0.444807 -15.994094
v -3.690945 0.722400 -15.378937
v -3.690944 1.324530 -14.763781
v -3.690945 1.324530 -14.148623
v -3.690944 1.102205 -13.533465
v -3.690945 1.386707 -12.918308
v -3.690944 1.372960 -12.303150
v -3.690945 1.216239 -11.687993
v -3.690944 1.278213 -11.072835
v -3.690945 1.419278 -10.457678
v -3.690944 1.433581 -9.842520
v -3.690945 1.269607 -9.227362
v -3.690944 0.951876 -8.612205
v -3.690945 0.724512 -7.997048
v -3.690944 0.728995 -7.381890
v -3.690945 0.877212 -6.766733
v -3.690944 1.030765 -6.151575
v -3.690945 1.123400 -5.536417
v -3.690944 1.123400 -4.921260
v -3.690945 1.102205 -4.306103
v -3.690944 1.178981 -3.690945
v -3.690945 1.268291 -3.075788
v -3.690944 1.342400 -2.460630
v -3.690945 1.354989 -1.845472
v -3.690944 1.326642 -1.230315
v -3.690945 1.222631 -0.615157
v -3.690944 0.965364 0.000000
v -3.690945 0.650403 0.615158
v -3.690944 0.287013 1.230315
v -3.690945 0.018370 1.845472
v -3.690944 -0.151042 2.460630
v -3.690945 -0.252941 3.075788
v -3.690944 -0.167457 3.690945
v -3.690945 0.011219 4.306103
v -3.690944 -0.074265 4.921260
v -3.690945 -0.262204 5.536417
v -3.690944 -0.371255 6.151575
v -3.690945 -0.426734 6.766733
v -3.690944 -0.466002 7.381890
v -3.690945 -0.471940 7.997048
v -3.690944 -0.446919 8.612205
v -3.690945 -0.233858 9.227362
v -3.690944 -0.110106 9.842520
v -3.690945 -0.113432 10.457678
v -3.690944 -0.206067 11.072834
v -3.690945 -0.243121 11.687991
v -3.690944 -0.166901 12.303149
v -3.690945 0.398935 12.918306
v -3.690944 0.395508 13.533464
v -3.690945 -0.379305 14.148622
v -3.690944 -0.647948 14.763781
v -3.690945 -0.675738 15.378938
v -3.690944 -0.631987 15.994096
v -3.690945 -0.722056 16.609253
v -3.690944 -0.796822 17.224411
v -3.690945 -0.843140 17.839567
v -3.690944 -0.852404 18.454725
v -3.690945 -0.852404 19.069883
v -3.690944 -0.852404 19.685040
v -3.075787 -0.852404 -19.685040
v -3.075787 -0.852404 -19.069881
v -3.075787 -0.852404 -18.454723
v -3.075787 -0.852404 -17.839567
v -3.075787 -0.852404 -17.224409
v -3.075787 -0.611551 -16.609251
v -3.075787 0.592710 -15.994094
v -3.075787 1.398639 -15.378938
v -3.075787 1.472747 -14.763781
v -3.075787 1.185577 -14.148623
v -3.075787 0.778537 -13.533465
v -3.075787 0.916934 -12.918308
v -3.075787 0.919046 -12.303150
v -3.075787 1.224743 -11.687993
v -3.075787 1.447069 -11.072835
v -3.075787 1.343058 -10.457678
v -3.075787 1.112126 -9.842520
v -3.075787 0.972516 -9.227363
v -3.075787 0.935461 -8.612206
v -3.075787 0.963252 -7.997048
v -3.075787 1.083678 -7.381890
v -3.075787 1.216036 -6.766732
v -3.075787 1.269505 -6.151575
v -3.075787 1.296740 -5.536417
v -3.075787 1.290144 -4.921260
v -3.075787 1.308671 -4.306102
v -3.075787 1.321659 -3.690945
v -3.075787 1.345725 -3.075788
v -3.075787 1.287476 -2.460630
v -3.075787 1.157231 -1.845472
v -3.075787 0.962696 -1.230315
v -3.075787 0.721742 -0.615157
v -3.075787 0.361121 0.000000
v -3.075787 0.009107 0.615158
v -3.075787 -0.203955 1.230315
v -3.075787 -0.302982 1.845472
v -3.075787 -0.289995 2.460630
v -3.075787 -0.121139 3.075788
v -3.075787 0.268486 3.690945
v -3.075787 0.296277 4.306102
v -3.075787 0.052756 4.921260
v -3.075787 -0.021352 5.536417
v -3.075787 -0.039879 6.151575
v -3.075787 -0.058406 6.766733
v -3.075787 -0.092135 7.381890
v -3.075787 -0.159092 7.997047
v -3.075787 -0.092135 8.612205
v -3.075787 0.324623 9.227362
v -3.075787 0.373053 9.842520
v -3.075787 0.315461 10.457677
v -3.075787 0.099630 11.072834
v -3.075787 0.099630 11.687991
v -3.075787 0.349190 12.303149
v -3.075787 0.775869 12.918308
v -3.075787 0.345466 13.533465
v -3.075787 -0.215887 14.148623
v -3.075787 -0.367827 14.763781
v -3.075787 -0.460463 15.378938
v -3.075787 -0.553098 15.994096
v -3.075787 -0.706855 16.609253
v -3.075787 -0.824613 17.224411
v -3.075787 -0.821945 17.839567
v -3.075787 -0.840472 18.454723
v -3.075787 -0.843140 19.069881
v -3.075787 -0.852404 19.685040
v -2.460630 -0.852404 -19.685040
v -2.460630 -0.852404 -19.069881
v -2.460630 -0.852404 -18.454723
v -2.460630 -0.852404 -17.839567
v -2.460630 -0.722714 -17.224409
v -2.460630 0.287013 -16.609253
v -2.460630 1.231895 -15.994096
v -2.460630 1.463484 -15.378938
v -2.460630 1.326642 -14.763781
v -2.460630 1.000306 -14.148623
v -2.460630 0.703873 -13.533465
v -2.460630 0.694609 -12.918308
v -2.460630 1.253090 -12.303150
v -2.460630 1.368180 -11.687993
v -2.460630 1.182909 -11.072834
v -2.460630 1.043956 -10.457677
v -2.460630 1.058555 -9.842520
v -2.460630 1.132664 -9.227363
v -2.460630 1.213368 -8.612206
v -2.460630 1.287476 -7.997047
v -2.460630 1.315925 -7.381889
v -2.460630 1.285364 -6.766732
v -2.460630 1.253090 -6.151575
v -2.460630 1.185577 -5.536417
v -2.460630 1.148523 -4.921260
v -2.460630 1.092942 -4.306103
v -2.460630 1.058555 -3.690945
v -2.460630 1.006902 -3.075788
v -2.460630 0.882548 -2.460630
v -2.460630 0.648291 -1.845472
v -2.460630 0.379648 -1.230315
v -2.460630 0.128977 -0.615157
v -2.460630 -0.049143 0.000000
v -2.460630 -0.117711 0.615158
v -2.460630 -0.046475 1.230315
v -2.460630 0.080547 1.845472
v -2.460630 0.302872 2.460630
v -2.460630 0.581334 3.075788
v -2.460630 0.836230 3.690945
v -2.460630 0.799176 4.306103
v -2.460630 0.771385 4.921260
v -2.460630 0.805772 5.536417
v -2.460630 0.824299 6.151575
v -2.460630 0.860695 6.766732
v -2.460630 0.862807 7.381889
v -2.460630 0.872729 7.997047
v -2.460630 0.877768 8.612206
v -2.460630 0.981779 9.227363
v -2.460630 0.953989 9.842520
v -2.460630 0.898407 10.457677
v -2.460630 0.858685 11.072834
v -2.460630 0.824957 11.687993
v -2.460630 0.889801 12.303150
v -2.460630 1.000306 12.918308
v -2.460630 0.358453 13.533465
v -2.460630 -0.099184 14.148623
v -2.460630 -0.238138 14.763781
v -2.460630 -0.379963 15.378938
v -2.460630 -0.571829 15.994096
v -2.460630 -0.706299 16.609253
v -2.460630 -0.752617 17.224409
v -2.460630 -0.759008 17.839567
v -2.460630 -0.777637 18.454723
v -2.460630 -0.808198 19.069881
v -2.460630 -0.823955 19.685040
v -1.845472 -0.852404 -19.685040
v -1.845472 -0.852404 -19.069881
v -1.845472 -0.852404 -18.454723
v -1.845472 -0.852404 -17.839567
v -1.845472 -0.639342 -17.224411
v -1.845472 0.490811 -16.609253
v -1.845472 1.361585 -15.994096
v -1.845472 1.389375 -15.378938
v -1.845472 1.296082 -14.763781
v -1.845472 1.213368 -14.148623
v -1.845472 1.204104 -13.533465
v -1.845472 1.370848 -12.918308
v -1.845472 1.456888 -12.303149
v -1.845472 1.370848 -11.687991
v -1.845472 1.192173 -11.072834
v -1.845472 1.185577 -10.457677
v -1.845472 1.278213 -9.842520
v -1.845472 1.327198 -9.227362
v -1.845472 1.352321 -8.612205
v -1.845472 1.287476 -7.997047
v -1.845472 1.173646 -7.381890
v -1.845472 1.077083 -6.766733
v -1.845472 0.993711 -6.151575
v -1.845472 0.916934 -5.536417
v -1.845472 0.780093 -4.921260
v -1.845472 0.641140 -4.306102
v -1.845472 0.543724 -3.690945
v -1.845472 0.500075 -3.075788
v -1.845472 0.435230 -2.460630
v -1.845472 0.370385 -1.845472
v -1.845472 0.335443 -1.230315
v -1.845472 0.344706 -0.615157
v -1.845472 0.372497 0.000000
v -1.845472 0.453757 0.615158
v -1.845472 0.602529 1.230315
v -1.845472 0.769273 1.845472
v -1.845472 0.917490 2.460630
v -1.845472 1.056443 3.075788
v -1.845472 1.176869 3.690945
v -1.845472 1.206772 4.306102
v -1.845472 1.231895 4.921260
v -1.845472 1.231895 5.536417
v -1.845472 1.259130 6.151575
v -1.845472 1.271061 6.766732
v -1.845472 1.280325 7.381890
v -1.845472 1.277657 7.997048
v -1.845472 1.280325 8.612206
v -1.845472 1.250422 9.227363
v -1.845472 1.250422 9.842520
v -1.845472 1.248310 10.457678
v -1.845472 1.241714 11.072835
v -1.845472 1.193284 11.687993
v -1.845472 1.164938 12.303150
v -1.845472 1.139260 12.918308
v -1.845472 0.664151 13.533465
v -1.845472 0.099630 14.148623
v -1.845472 -0.166901 14.763781
v -1.845472 -0.342251 15.378938
v -1.845472 -0.493237 15.994094
v -1.845472 -0.526067 16.609251
v -1.845472 -0.519472 17.224409
v -1.845472 -0.540111 17.839567
v -1.845472 -0.574497 18.454723
v -1.845472 -0.641454 19.069881
v -1.845472 -0.743353 19.685040
v -1.230315 -0.852404 -19.685040
v -1.230315 -0.852404 -19.069883
v -1.230315 -0.852404 -18.454725
v -1.230315 -0.852404 -17.839567
v -1.230315 -0.498277 -17.224411
v -1.230315 0.852089 -16.609253
v -1.230315 1.472747 -15.994096
v -1.230315 1.354433 -15.378938
v -1.230315 1.482011 -14.763781
v -1.230315 1.426429 -14.148622
v -1.230315 1.324530 -13.533464
v -1.230315 1.296740 -12.918306
v -1.230315 1.317379 -12.303149
v -1.230315 1.278213 -11.687991
v -1.230315 1.287476 -11.072834
v -1.230315 1.370848 -10.457678
v -1.230315 1.399195 -9.842520
v -1.230315 1.368736 -9.227362
v -1.230315 1.259686 -8.612205
v -1.230315 1.049292 -7.997048
v -1.230315 0.842066 -7.381890
v -1.230315 0.675424 -6.766733
v -1.230315 0.567587 -6.151575
v -1.230315 0.460908 -5.536417
v -1.230315 0.377536 -4.921260
v -1.230315 0.277749 -4.306103
v -1.230315 0.247847 -3.690945
v -1.230315 0.228764 -3.075788
v -1.230315 0.289681 -2.460630
v -1.230315 0.379445 -1.845472
v -1.230315 0.556110 -1.230315
v -1.230315 0.729347 -0.615157
v -1.230315 0.868301 0.000000
v -1.230315 1.019287 0.615158
v -1.230315 1.145651 1.230315
v -1.230315 1.238287 1.845472
v -1.230315 1.308671 2.460630
v -1.230315 1.370848 3.075788
v -1.230315 1.359473 3.690945
v -1.230315 1.373516 4.306103
v -1.230315 1.373516 4.921260
v -1.230315 1.361585 5.536417
v -1.230315 1.370292 6.151575
v -1.230315 1.382224 6.766733
v -1.230315 1.370292 7.381890
v -1.230315 1.373720 7.997048
v -1.230315 1.373720 8.612205
v -1.230315 1.377444 9.227362
v -1.230315 1.371506 9.842520
v -1.230315 1.368180 10.457678
v -1.230315 1.380112 11.072835
v -1.230315 1.370848 11.687993
v -1.230315 1.343058 12.303150
v -1.230315 1.294072 12.918308
v -1.230315 1.129542 13.533465
v -1.230315 0.870163 14.148623
v -1.230315 0.557314 14.763781
v -1.230315 0.332877 15.378937
v -1.230315 0.138240 15.994094
v -1.230315 0.101186 16.609251
v -1.230315 0.117601 17.224409
v -1.230315 0.148717 17.839567
v -1.230315 0.064688 18.454723
v -1.230315 -0.176165 19.069881
v -1.230315 -0.585873 19.685040
v -0.615157 -0.852404 -19.685040
v -0.615157 -0.852404 -19.069883
v -0.615157 -0.815349 -18.454725
v -0.615157 -0.657869 -17.839567
v -0.615157 0.194378 -17.224411
v -0.615157 1.352321 -16.609253
v -0.615157 1.454220 -15.994096
v -0.615157 1.482011 -15.378937
v -0.615157 1.426429 -14.763779
v -0.615157 1.092942 -14.148622
v -0.615157 0.953989 -13.533464
v -0.615157 1.111469 -12.918306
v -0.615157 1.259686 -12.303149
v -0.615157 1.350209 -11.687993
v -0.615157 1.438361 -11.072835
v -0.615157 1.444957 -10.457678
v -0.615157 1.389375 -9.842520
v -0.615157 1.250422 -9.227363
v -0.615157 1.064493 -8.612206
v -0.615157 0.815035 -7.997048
v -0.615157 0.527865 -7.381890
v -0.615157 0.324067 -6.766732
v -0.615157 0.259222 -6.151575
v -0.615157 0.249959 -5.536417
v -0.615157 0.305540 -4.921260
v -0.615157 0.405883 -4.306102
v -0.615157 0.491367 -3.690945
v -0.615157 0.583900 -3.075788
v -0.615157 0.722854 -2.460630
v -0.615157 0.871626 -1.845472
v -0.615157 1.019843 -1.230315
v -0.615157 1.149533 -0.615157
v -0.615157 1.260695 0.000000
v -0.615157 1.341501 0.615158
v -0.615157 1.387819 1.230315
v -0.615157 1.389931 1.845472
v -0.615157 1.407902 2.460630
v -0.615157 1.407902 3.075788
v -0.615157 1.398639 3.690945
v -0.615157 1.386707 4.306102
v -0.615157 1.395971 4.921260
v -0.615157 1.408560 5.536417
v -0.615157 1.405790 6.151575
v -0.615157 1.405790 6.766733
v -0.615157 1.405790 7.381890
v -0.615157 1.407902 7.997047
v -0.615157 1.405790 8.612205
v -0.615157 1.407902 9.227362
v -0.615157 1.407902 9.842520
v -0.615157 1.407902 10.457678
v -0.615157 1.407902 11.072835
v -0.615157 1.407902 11.687993
v -0.615157 1.386707 12.303150
v -0.615157 1.340390 12.918308
v -0.615157 1.278213 13.533465
v -0.615157 1.185123 14.148622
v -0.615157 1.099537 14.763779
v -0.615157 1.028755 15.378937
v -0.615157 0.923530 15.994094
v -0.615157 0.892015 16.609251
v -0.615157 0.833108 17.224409
v -0.615157 0.768162 17.839567
v -0.615157 0.590598 18.454723
v -0.615157 0.108338 19.069883
v -0.615157 -0.622927 19.685040
v 0.000000 -0.852404 -19.685040
v 0.000000 -0.769032 -19.069883
v 0.000000 -0.407753 -18.454725
v 0.000000 0.259222 -17.839567
v 0.000000 1.185577 -17.224411
v 0.000000 1.491274 -16.609251
v 0.000000 1.454220 -15.994094
v 0.000000 1.500538 -15.378937
v 0.000000 1.120732 -14.763779
v 0.000000 0.981779 -14.148622
v 0.000000 1.204104 -13.533464
v 0.000000 1.345170 -12.918306
v 0.000000 1.444957 -12.303150
v 0.000000 1.466152 -11.687993
v 0.000000 1.466152 -11.072835
v 0.000000 1.429097 -10.457678
v 0.000000 1.314609 -9.842520
v 0.000000 1.194183 -9.227363
v 0.000000 1.018833 -8.612206
v 0.000000 0.798620 -7.997047
v 0.000000 0.676082 -7.381889
v 0.000000 0.691941 -6.766732
v 0.000000 0.796508 -6.151575
v 0.000000 0.886476 -5.536417
v 0.000000 0.979111 -4.921260
v 0.000000 1.073859 -4.306103
v 0.000000 1.073201 -3.690945
v 0.000000 1.169162 -3.075788
v 0.000000 1.215480 -2.460630
v 0.000000 1.271617 -1.845472
v 0.000000 1.325086 -1.230315
v 0.000000 1.373516 -0.615157
v 0.000000 1.380112 0.000000
v 0.000000 1.388819 0.615158
v 0.000000 1.388819 1.230315
v 0.000000 1.395971 1.845472
v 0.000000 1.417166 2.460630
v 0.000000 1.423761 3.075788
v 0.000000 1.424317 3.690945
v 0.000000 1.424317 4.306103
v 0.000000 1.424317 4.921260
v 0.000000 1.445512 5.536417
v 0.000000 1.433581 6.151575
v 0.000000 1.436249 6.766732
v 0.000000 1.436249 7.381889
v 0.000000 1.436249 7.997047
v 0.000000 1.426429 8.612206
v 0.000000 1.436249 9.227363
v 0.000000 1.433581 9.842520
v 0.000000 1.426429 10.457678
v 0.000000 1.426429 11.072835
v 0.000000 1.426429 11.687993
v 0.000000 1.426429 12.303150
v 0.000000 1.398639 12.918306
v 0.000000 1.352321 13.533464
v 0.000000 1.306003 14.148622
v 0.000000 1.259686 14.763779
v 0.000000 1.210700 15.378937
v 0.000000 1.145855 15.994094
v 0.000000 1.081010 16.609251
v 0.000000 1.010783 17.224411
v 0.000000 0.862566 17.839567
v 0.000000 0.571515 18.454725
v 0.000000 -0.030060 19.069883
v 0.000000 -0.725382 19.685040
v 0.615158 -0.833876 -19.685040
v 0.615158 -0.361435 -19.069883
v 0.615158 0.805772 -18.454723
v 0.615158 1.343058 -17.839567
v 0.615158 1.491274 -17.224409
v 0.615158 1.500538 -16.609251
v 0.615158 1.491274 -15.994094
v 0.615158 1.426429 -15.378937
v 0.615158 1.352321 -14.763779
v 0.615158 1.417166 -14.148622
v 0.615158 1.444401 -13.533465
v 0.615158 1.453664 -12.918308
v 0.615158 1.451552 -12.303150
v 0.615158 1.465596 -11.687993
v 0.615158 1.454220 -11.072835
v 0.615158 1.417166 -10.457678
v 0.615158 1.363697 -9.842520
v 0.615158 1.317379 -9.227362
v 0.615158 1.268949 -8.612205
v 0.615158 1.213368 -7.997047
v 0.615158 1.250422 -7.381890
v 0.615158 1.308671 -6.766733
v 0.615158 1.333136 -6.151575
v 0.615158 1.354433 -5.536417
v 0.615158 1.370190 -4.921260
v 0.615158 1.373516 -4.306102
v 0.615158 1.392043 -3.690945
v 0.615158 1.377240 -3.075788
v 0.615158 1.392043 -2.460630
v 0.615158 1.396527 -1.845472
v 0.615158 1.405790 -1.230315
v 0.615158 1.405790 -0.615157
v 0.615158 1.415054 0.000000
v 0.615158 1.426985 0.615158
v 0.615158 1.454776 1.230315
v 0.615158 1.445512 1.845472
v 0.615158 1.454776 2.460630
v 0.615158 1.456888 3.075788
v 0.615158 1.454674 3.690945
v 0.615158 1.466152 4.306102
v 0.615158 1.456888 4.921260
v 0.615158 1.454220 5.536417
v 0.615158 1.444957 6.151575
v 0.615158 1.444957 6.766732
v 0.615158 1.444957 7.381890
v 0.615158 1.444957 7.997048
v 0.615158 1.445512 8.612206
v 0.615158 1.445512 9.227363
v 0.615158 1.445512 9.842520
v 0.615158 1.445512 10.457678
v 0.615158 1.445512 11.072835
v 0.615158 1.436249 11.687993
v 0.615158 1.426429 12.303149
v 0.615158 1.389375 12.918306
v 0.615158 1.333136 13.533464
v 0.615158 1.289588 14.148622
v 0.615158 1.234007 14.763779
v 0.615158 1.194183 15.378937
v 0.615158 1.138704 15.994096
v 0.615158 1.092386 16.609253
v 0.615158 0.981779 17.224411
v 0.615158 0.815035 17.839567
v 0.615158 0.488143 18.454725
v 0.615158 -0.076933 19.069883
v 0.615158 -0.660537 19.685040
v 1.230315 -0.806086 -19.685040
v 1.230315 0.296277 -19.069881
v 1.230315 1.463484 -18.454723
v 1.230315 1.500538 -17.839567
v 1.230315 1.472747 -17.224409
v 1.230315 1.417166 -16.609251
v 1.230315 1.500538 -15.994094
v 1.230315 1.463484 -15.378937
v 1.230315 1.509802 -14.763781
v 1.230315 1.509802 -14.148623
v 1.230315 1.500538 -13.533465
v 1.230315 1.509802 -12.918308
v 1.230315 1.509802 -12.303150
v 1.230315 1.504919 -11.687993
v 1.230315 1.503206 -11.072835
v 1.230315 1.500538 -10.457678
v 1.230315 1.500538 -9.842520
v 1.230315 1.500538 -9.227362
v 1.230315 1.491274 -8.612205
v 1.230315 1.484679 -7.997048
v 1.230315 1.472747 -7.381890
v 1.230315 1.482011 -6.766733
v 1.230315 1.472747 -6.151575
v 1.230315 1.482011 -5.536417
v 1.230315 1.479899 -4.921260
v 1.230315 1.472747 -4.306103
v 1.230315 1.482011 -3.690945
v 1.230315 1.463484 -3.075788
v 1.230315 1.456888 -2.460630
v 1.230315 1.466152 -1.845472
v 1.230315 1.466152 -1.230315
v 1.230315 1.475415 -0.615157
v 1.230315 1.475415 0.000000
v 1.230315 1.473303 0.615158
v 1.230315 1.472747 1.230315
v 1.230315 1.472747 1.845472
v 1.230315 1.475415 2.460630
v 1.230315 1.466152 3.075788
v 1.230315 1.454220 3.690945
v 1.230315 1.463484 4.306103
v 1.230315 1.444957 4.921260
v 1.230315 1.442289 5.536417
v 1.230315 1.444957 6.151575
v 1.230315 1.444957 6.766733
v 1.230315 1.442289 7.381890
v 1.230315 1.444957 7.997048
v 1.230315 1.442845 8.612205
v 1.230315 1.454220 9.227362
v 1.230315 1.433581 9.842520
v 1.230315 1.444957 10.457678
v 1.230315 1.432821 11.072834
v 1.230315 1.407902 11.687991
v 1.230315 1.373516 12.303149
v 1.230315 1.345170 12.918306
v 1.230315 1.327198 13.533464
v 1.230315 1.286818 14.148622
v 1.230315 1.232349 14.763781
v 1.230315 1.185577 15.378938
v 1.230315 1.132108 15.994096
v 1.230315 1.095610 16.609253
v 1.230315 0.999750 17.224411
v 1.230315 0.842270 17.839567
v 1.230315 0.584206 18.454725
v 1.230315 0.083873 19.069883
v 1.230315 -0.558082 19.685040
v 1.845473 -0.806086 -19.685040
v 1.845473 0.351858 -19.069881
v 1.845473 1.509802 -18.454723
v 1.845473 1.509802 -17.839567
v 1.845473 1.509802 -17.224409
v 1.845473 1.509802 -16.609251
v 1.845473 1.500538 -15.994094
v 1.845473 1.472747 -15.378938
v 1.845473 1.482011 -14.763781
v 1.845473 1.509802 -14.148623
v 1.845473 1.500538 -13.533465
v 1.845473 1.500538 -12.918308
v 1.845473 1.500538 -12.303150
v 1.845473 1.500538 -11.687993
v 1.845473 1.500538 -11.072835
v 1.845473 1.500538 -10.457678
v 1.845473 1.500538 -9.842520
v 1.845473 1.500538 -9.227363
v 1.845473 1.491274 -8.612206
v 1.845473 1.500538 -7.997048
v 1.845473 1.500538 -7.381890
v 1.845473 1.482011 -6.766732
v 1.845473 1.500538 -6.151575
v 1.845473 1.497870 -5.536417
v 1.845473 1.497870 -4.921260
v 1.845473 1.491274 -4.306102
v 1.845473 1.489162 -3.690945
v 1.845473 1.479899 -3.075788
v 1.845473 1.482011 -2.460630
v 1.845473 1.472747 -1.845472
v 1.845473 1.472747 -1.230315
v 1.845473 1.472747 -0.615157
v 1.845473 1.472747 0.000000
v 1.845473 1.472747 0.615158
v 1.845473 1.472747 1.230315
v 1.845473 1.466152 1.845472
v 1.845473 1.466152 2.460630
v 1.845473 1.463484 3.075788
v 1.845473 1.452108 3.690945
v 1.845473 1.424317 4.306102
v 1.845473 1.433581 4.921260
v 1.845473 1.433581 5.536417
v 1.845473 1.426985 6.151575
v 1.845473 1.445512 6.766733
v 1.845473 1.436249 7.381890
v 1.845473 1.433581 7.997047
v 1.845473 1.435693 8.612205
v 1.845473 1.442845 9.227362
v 1.845473 1.442845 9.842520
v 1.845473 1.435693 10.457677
v 1.845473 1.438361 11.072834
v 1.845473 1.419278 11.687991
v 1.845473 1.379556 12.303149
v 1.845473 1.370848 12.918308
v 1.845473 1.327198 13.533465
v 1.845473 1.287476 14.148623
v 1.845473 1.238490 14.763781
v 1.845473 1.194841 15.378938
v 1.845473 1.157129 15.994096
v 1.845473 1.101547 16.609253
v 1.845473 1.021501 17.224411
v 1.845473 0.852089 17.839567
v 1.845473 0.602631 18.454723
v 1.845473 0.128875 19.069881
v 1.845473 -0.489013 19.685040
v 2.460630 -0.833876 -19.685040
v 2.460630 -0.120583 -19.069881
v 2.460630 1.463484 -18.454723
v 2.460630 1.500538 -17.839567
v 2.460630 1.454220 -17.224409
v 2.460630 1.037360 -16.609253
v 2.460630 0.731663 -15.994096
v 2.460630 0.953989 -15.378938
v 2.460630 1.350209 -14.763781
v 2.460630 1.454220 -14.148623
v 2.460630 1.472747 -13.533465
v 2.460630 1.472747 -12.918308
v 2.460630 1.463484 -12.303150
v 2.460630 1.463484 -11.687993
v 2.460630 1.463484 -11.072834
v 2.460630 1.454220 -10.457677
v 2.460630 1.426429 -9.842520
v 2.460630 1.380112 -9.227363
v 2.460630 1.315925 -8.612206
v 2.460630 1.294072 -7.997047
v 2.460630 1.389375 -7.381889
v 2.460630 1.463484 -6.766732
v 2.460630 1.472747 -6.151575
v 2.460630 1.482011 -5.536417
v 2.460630 1.472747 -4.921260
v 2.460630 1.491274 -4.306103
v 2.460630 1.491274 -3.690945
v 2.460630 1.491274 -3.075788
v 2.460630 1.489162 -2.460630
v 2.460630 1.482011 -1.845472
v 2.460630 1.491274 -1.230315
v 2.460630 1.472747 -0.615157
v 2.460630 1.470079 0.000000
v 2.460630 1.451552 0.615158
v 2.460630 1.414498 1.230315
v 2.460630 1.377444 1.845472
v 2.460630 1.321862 2.460630
v 2.460630 1.269607 3.075788
v 2.460630 1.250422 3.690945
v 2.460630 1.241159 4.306103
v 2.460630 1.241714 4.921260
v 2.460630 1.239046 5.536417
v 2.460630 1.204104 6.151575
v 2.460630 1.247754 6.766732
v 2.460630 1.275545 7.381889
v 2.460630 1.303335 7.997047
v 2.460630 1.321862 8.612206
v 2.460630 1.363697 9.227363
v 2.460630 1.380112 9.842520
v 2.460630 1.386707 10.457677
v 2.460630 1.368180 11.072834
v 2.460630 1.362344 11.687993
v 2.460630 1.331126 12.303150
v 2.460630 1.315925 12.918308
v 2.460630 1.297397 13.533465
v 2.460630 1.260343 14.148623
v 2.460630 1.204104 14.763781
v 2.460630 1.186133 15.378938
v 2.460630 1.169718 15.994096
v 2.460630 1.120732 16.609253
v 2.460630 1.067263 17.224409
v 2.460630 0.901075 17.839567
v 2.460630 0.621057 18.454723
v 2.460630 0.150728 19.069881
v 2.460630 -0.463335 19.685040
v 3.075788 -0.852404 -19.685040
v 3.075788 -0.704187 -19.069881
v 3.075788 0.120269 -18.454723
v 3.075788 0.833562 -17.839567
v 3.075788 1.435693 -17.224411
v 3.075788 1.463484 -16.609253
v 3.075788 0.787245 -15.994096
v 3.075788 0.009107 -15.378938
v 3.075788 0.407439 -14.763781
v 3.075788 0.998194 -14.148623
v 3.075788 1.201436 -13.533465
v 3.075788 1.298852 -12.918308
v 3.075788 1.335906 -12.303149
v 3.075788 1.352321 -11.687991
v 3.075788 1.426429 -11.072834
v 3.075788 1.435693 -10.457677
v 3.075788 1.442845 -9.842520
v 3.075788 1.454220 -9.227362
v 3.075788 1.466152 -8.612205
v 3.075788 1.454220 -7.997047
v 3.075788 1.335906 -7.381890
v 3.075788 1.250422 -6.766733
v 3.075788 1.259686 -6.151575
v 3.075788 1.315925 -5.536417
v 3.075788 1.352979 -4.921260
v 3.075788 1.389375 -4.306102
v 3.075788 1.427087 -3.690945
v 3.075788 1.460816 -3.075788
v 3.075788 1.472747 -2.460630
v 3.075788 1.472747 -1.845472
v 3.075788 1.482668 -1.230315
v 3.075788 1.479899 -0.615157
v 3.075788 1.451552 0.000000
v 3.075788 1.420038 0.615158
v 3.075788 1.354637 1.230315
v 3.075788 1.259889 1.845472
v 3.075788 1.182909 2.460630
v 3.075788 1.083678 3.075788
v 3.075788 1.009570 3.690945
v 3.075788 0.963252 4.306102
v 3.075788 0.870617 4.921260
v 3.075788 0.812367 5.536417
v 3.075788 0.725271 6.151575
v 3.075788 0.614109 6.766732
v 3.075788 0.515934 7.381890
v 3.075788 0.497962 7.997048
v 3.075788 0.546948 8.612206
v 3.075788 0.611793 9.227363
v 3.075788 0.750746 9.842520
v 3.075788 0.936017 10.457678
v 3.075788 0.936017 11.072835
v 3.075788 0.868505 11.687993
v 3.075788 0.890357 12.303150
v 3.075788 0.868505 12.918308
v 3.075788 0.841371 13.533465
v 3.075788 0.794396 14.148623
v 3.075788 0.775313 14.763781
v 3.075788 0.822187 15.378938
v 3.075788 0.905559 15.994094
v 3.075788 0.910339 16.609251
v 3.075788 0.928866 17.224409
v 3.075788 0.898407 17.839567
v 3.075788 0.750190 18.454723
v 3.075788 0.296277 19.069881
v 3.075788 -0.479750 19.685040
v 3.690945 -0.852404 -19.685040
v 3.690945 -0.833876 -19.069883
v 3.690945 -0.704187 -18.454725
v 3.690945 -0.389226 -17.839567
v 3.690945 0.759454 -17.224411
v 3.690945 1.463484 -16.609253
v 3.690945 1.398639 -15.994096
v 3.690945 0.564919 -15.378938
v 3.690945 0.185114 -14.763781
v 3.690945 0.564919 -14.148622
v 3.690945 0.852089 -13.533464
v 3.690945 0.998194 -12.918306
v 3.690945 1.034692 -12.303149
v 3.690945 0.953535 -11.687991
v 3.690945 0.926198 -11.072834
v 3.690945 0.981779 -10.457678
v 3.690945 0.991043 -9.842520
v 3.690945 0.974627 -9.227362
v 3.690945 0.962594 -8.612205
v 3.690945 1.081010 -7.997048
v 3.690945 1.306003 -7.381890
v 3.690945 1.398639 -6.766733
v 3.690945 1.390033 -6.151575
v 3.690945 1.297500 -5.536417
v 3.690945 1.204864 -4.921260
v 3.690945 1.129996 -4.306103
v 3.690945 1.129996 -3.690945
v 3.690945 1.169718 -3.075788
v 3.690945 1.176869 -2.460630
v 3.690945 1.167606 -1.845472
v 3.690945 1.157786 -1.230315
v 3.690945 1.167050 -0.615157
v 3.690945 1.194285 0.000000
v 3.690945 1.247754 0.615158
v 3.690945 1.296740 1.230315
v 3.690945 1.306003 1.845472
v 3.690945 1.312599 2.460630
v 3.690945 1.289588 3.075788
v 3.690945 1.231895 3.690945
v 3.690945 1.185577 4.306103
v 3.690945 1.148523 4.921260
v 3.690945 1.074415 5.536417
v 3.690945 0.935461 6.151575
v 3.690945 0.768718 6.766733
v 3.690945 0.546392 7.381890
v 3.690945 0.339926 7.997048
v 3.690945 0.138796 8.612205
v 3.690945 0.071839 9.227362
v 3.690945 0.046161 9.842520
v 3.690945 0.269042 10.457678
v 3.690945 0.363789 11.072835
v 3.690945 0.234100 11.687993
v 3.690945 0.175850 12.303150
v 3.690945 0.201529 12.918308
v 3.690945 0.249959 13.533465
v 3.690945 0.231432 14.148623
v 3.690945 0.222168 14.763781
v 3.690945 0.314804 15.378937
v 3.690945 0.555656 15.994094
v 3.690945 0.515934 16.609251
v 3.690945 0.425966 17.224409
v 3.690945 0.444493 17.839567
v 3.690945 0.592710 18.454723
v 3.690945 0.361121 19.069881
v 3.690945 -0.472598 19.685040
v 4.306102 -0.852404 -19.685040
v 4.306102 -0.852404 -19.069883
v 4.306102 -0.843140 -18.454725
v 4.306102 -0.796822 -17.839567
v 4.306102 -0.250273 -17.224411
v 4.306102 1.129996 -16.609253
v 4.306102 1.482011 -15.994096
v 4.306102 1.241159 -15.378937
v 4.306102 0.750190 -14.763779
v 4.306102 0.583447 -14.148622
v 4.306102 0.815035 -13.533464
v 4.306102 1.000306 -12.918306
v 4.306103 1.132108 -12.303149
v 4.306102 1.040028 -11.687993
v 4.306103 0.777981 -11.072835
v 4.306102 0.518046 -10.457678
v 4.306103 0.382520 -9.842520
v 4.306102 0.299148 -9.227363
v 4.306103 0.215776 -8.612206
v 4.306102 0.205753 -7.997048
v 4.306103 0.398175 -7.381890
v 4.306102 0.725068 -6.766732
v 4.306103 1.074970 -6.151575
v 4.306102 1.315823 -5.536417
v 4.306103 1.380668 -4.921260
v 4.306102 1.342502 -4.306102
v 4.306103 1.211256 -3.690945
v 4.306102 1.055887 -3.075788
v 4.306103 0.907671 -2.460630
v 4.306102 0.798620 -1.845472
v 4.306103 0.725068 -1.230315
v 4.306102 0.840158 -0.615157
v 4.306103 1.058759 0.000000
v 4.306102 1.175860 0.615158
v 4.306103 1.271061 1.230315
v 4.306102 1.333794 1.845472
v 4.306103 1.343715 2.460630
v 4.306102 1.351765 3.075788
v 4.306103 1.349653 3.690945
v 4.306102 1.351765 4.306102
v 4.306103 1.333238 4.921260
v 4.306102 1.308115 5.536417
v 4.306103 1.194285 6.151575
v 4.306102 1.150635 6.766733
v 4.306103 1.008356 7.381890
v 4.306102 0.878667 7.997047
v 4.306103 0.711923 8.612205
v 4.306102 0.557768 9.227362
v 4.306103 0.418815 9.842520
v 4.306102 0.212905 10.457678
v 4.306103 0.145948 11.072835
v 4.306102 0.204197 11.687993
v 4.306103 0.243363 12.303150
v 4.306102 0.317472 12.918308
v 4.306103 0.317472 13.533465
v 4.306102 0.428634 14.148622
v 4.306103 0.558324 14.763779
v 4.306102 0.539797 15.378937
v 4.306103 0.376981 15.994094
v 4.306102 0.388912 16.609251
v 4.306103 0.453757 17.224409
v 4.306102 0.267930 17.839567
v 4.306103 0.101742 18.454723
v 4.306102 0.015702 19.069883
v 4.306103 -0.577165 19.685040
v 4.921260 -0.852404 -19.685040
v 4.921260 -0.852404 -19.069883
v 4.921260 -0.852404 -18.454725
v 4.921260 -0.852404 -17.839567
v 4.921260 -0.750504 -17.224411
v 4.921260 0.138796 -16.609251
v 4.921260 1.278213 -15.994094
v 4.921260 1.426429 -15.378937
v 4.921260 1.343058 -14.763779
v 4.921260 1.040028 -14.148622
v 4.921260 0.907671 -13.533464
v 4.921260 1.123400 -12.918306
v 4.921260 1.253090 -12.303150
v 4.921260 1.257017 -11.687993
v 4.921260 1.141371 -11.072835
v 4.921260 0.963252 -10.457678
v 4.921260 0.768060 -9.842520
v 4.921260 0.592052 -9.227363
v 4.921260 0.351200 -8.612206
v 4.921260 0.104410 -7.997047
v 4.921260 -0.076378 -7.381889
v 4.921260 -0.092793 -6.766732
v 4.921260 0.101186 -6.151575
v 4.921260 0.425410 -5.536417
v 4.921260 0.784577 -4.921260
v 4.921260 1.058555 -4.306103
v 4.921260 1.253090 -3.690945
v 4.921260 1.296740 -3.075788
v 4.921260 1.266837 -2.460630
v 4.921260 1.179185 -1.845472
v 4.921260 1.092942 -1.230315
v 4.921260 1.009570 -0.615157
v 4.921260 0.963252 0.000000
v 4.921260 0.998194 0.615158
v 4.921260 0.981779 1.230315
v 4.921260 1.018833 1.845472
v 4.921260 1.074415 2.460630
v 4.921260 1.167708 3.075788
v 4.921260 1.262557 3.690945
v 4.921260 1.308875 4.306103
v 4.921260 1.321862 4.921260
v 4.921260 1.343058 5.536417
v 4.921260 1.306003 6.151575
v 4.921260 1.315267 6.766732
v 4.921260 1.296184 7.381889
v 4.921260 1.268949 7.997047
v 4.921260 1.278870 8.612206
v 4.921260 1.219963 9.227363
v 4.921260 1.182909 9.842520
v 4.921260 1.064697 10.457678
v 4.921260 0.942057 11.072835
v 4.921260 0.888588 11.687993
v 4.921260 0.971960 12.303150
v 4.921260 0.953989 12.918306
v 4.921260 0.775109 13.533464
v 4.921260 0.752858 14.148622
v 4.921260 0.972516 14.763779
v 4.921260 1.011682 15.378937
v 4.921260 0.916934 15.994094
v 4.921260 0.830894 16.609251
v 4.921260 0.789357 17.224411
v 4.921260 0.480992 17.839567
v 4.921260 0.043493 18.454725
v 4.921260 -0.373367 19.069883
v 4.921260 -0.685660 19.685040
v 5.536417 -0.852404 -19.685040
v 5.536417 -0.852404 -19.069883
v 5.536417 -0.852404 -18.454723
v 5.536417 -0.852404 -17.839567
v 5.536417 -0.852404 -17.224409
v 5.536417 -0.676396 -16.609251
v 5.536417 0.287013 -15.994094
v 5.536417 1.268949 -15.378937
v 5.536417 1.268949 -14.763779
v 5.536417 1.278213 -14.148622
v 5.536417 1.204104 -13.533465
v 5.536417 1.139260 -12.918308
v 5.536417 1.211256 -12.303150
v 5.536417 1.317935 -11.687993
v 5.536417 1.336462 -11.072835
v 5.536417 1.278213 -10.457678
v 5.536417 1.271617 -9.842520
v 5.536417 1.178981 -9.227362
v 5.536417 0.938129 -8.612205
v 5.536417 0.602529 -7.997047
v 5.536417 0.175850 -7.381890
v 5.536417 -0.095460 -6.766733
v 5.536417 -0.252941 -6.151575
v 5.536417 -0.241009 -5.536417
v 5.536417 -0.039879 -4.921260
v 5.536417 0.359009 -4.306102
v 5.536417 0.840714 -3.690945
v 5.536417 1.229227 -3.075788
v 5.536417 1.389375 -2.460630
v 5.536417 1.401307 -1.845472
v 5.536417 1.333136 -1.230315
v 5.536417 1.280325 -0.615157
v 5.536417 1.215480 0.000000
v 5.536417 1.203447 0.615158
v 5.536417 1.157786 1.230315
v 5.536417 1.109357 1.845472
v 5.536417 1.045966 2.460630
v 5.536417 1.006698 3.075788
v 5.536417 1.012238 3.690945
v 5.536417 1.077083 4.306102
v 5.536417 1.160454 4.921260
v 5.536417 1.248310 5.536417
v 5.536417 1.325188 6.151575
v 5.536417 1.343058 6.766732
v 5.536417 1.345170 7.381890
v 5.536417 1.343715 7.997048
v 5.536417 1.363697 8.612206
v 5.536417 1.380112 9.227363
v 5.536417 1.382224 9.842520
v 5.536417 1.361029 10.457678
v 5.536417 1.323974 11.072835
v 5.536417 1.275545 11.687993
v 5.536417 1.206772 12.303149
v 5.536417 1.102205 12.918306
v 5.536417 1.092942 13.533464
v 5.536417 1.021501 14.148622
v 5.536417 0.963252 14.763779
v 5.536417 0.861353 15.378937
v 5.536417 0.713590 15.994096
v 5.536417 0.602631 16.609253
v 5.536417 0.423854 17.224411
v 5.536417 0.175850 17.839567
v 5.536417 -0.197359 18.454725
v 5.536417 -0.518916 19.069883
v 5.536417 -0.739129 19.685040
v 6.151575 -0.852404 -19.685040
v 6.151575 -0.852404 -19.069881
v 6.151575 -0.852404 -18.454723
v 6.151575 -0.852404 -17.839567
v 6.151575 -0.852404 -17.224409
v 6.151575 -0.843140 -16.609251
v 6.151575 -0.685660 -15.994094
v 6.151575 0.344706 -15.378937
v 6.151575 0.777981 -14.763781
v 6.151575 0.703873 -14.148623
v 6.151575 1.000306 -13.533465
v 6.151575 1.148523 -12.918308
v 6.151575 1.157786 -12.303150
v 6.151575 1.139260 -11.687993
v 6.151575 1.250422 -11.072835
v 6.151575 1.250422 -10.457678
v 6.151575 1.296740 -9.842520
v 6.151575 1.287476 -9.227362
v 6.151575 1.151191 -8.612205
v 6.151575 0.993711 -7.997048
v 6.151575 0.623169 -7.381890
v 6.151575 0.274878 -6.766733
v 6.151575 0.067356 -6.151575
v 6.151575 -0.182760 -5.536417
v 6.151575 -0.342908 -4.921260
v 6.151575 -0.094905 -4.306103
v 6.151575 0.507226 -3.690945
v 6.151575 1.102205 -3.075788
v 6.151575 1.333794 -2.460630
v 6.151575 1.398083 -1.845472
v 6.151575 1.426429 -1.230315
v 6.151575 1.435693 -0.615157
v 6.151575 1.435693 0.000000
v 6.151575 1.435693 0.615158
v 6.151575 1.424317 1.230315
v 6.151575 1.398639 1.845472
v 6.151575 1.359473 2.460630
v 6.151575 1.241159 3.075788
v 6.151575 1.176314 3.690945
v 6.151575 1.132108 4.306103
v 6.151575 1.120075 4.921260
v 6.151575 1.157786 5.536417
v 6.151575 1.275545 6.151575
v 6.151575 1.296740 6.766733
v 6.151575 1.290144 7.381890
v 6.151575 1.317379 7.997048
v 6.151575 1.258926 8.612205
v 6.151575 1.173442 9.227362
v 6.151575 1.067263 9.842520
v 6.151575 0.944271 10.457678
v 6.151575 0.817351 11.072834
v 6.151575 0.660426 11.687991
v 6.151575 0.512210 12.303149
v 6.151575 0.360566 12.918306
v 6.151575 0.386244 13.533464
v 6.151575 0.515934 14.148622
v 6.151575 0.488143 14.763781
v 6.151575 0.423298 15.378938
v 6.151575 0.294368 15.994096
v 6.151575 0.154655 16.609253
v 6.151575 -0.058406 17.224411
v 6.151575 -0.285215 17.839567
v 6.151575 -0.493793 18.454725
v 6.151575 -0.639342 19.069883
v 6.151575 -0.778295 19.685040
v 6.766732 -0.852404 -19.685040
v 6.766733 -0.852404 -19.069881
v 6.766733 -0.852404 -18.454723
v 6.766732 -0.852404 -17.839567
v 6.766732 -0.852404 -17.224409
v 6.766733 -0.852404 -16.609251
v 6.766733 -0.843140 -15.994094
v 6.766732 -0.722714 -15.378938
v 6.766732 -0.256868 -14.763781
v 6.766733 -0.065002 -14.148623
v 6.766733 -0.102714 -13.533465
v 6.766732 0.604642 -12.918308
v 6.766732 1.016165 -12.303150
v 6.766733 0.879880 -11.687993
v 6.766733 1.037360 -11.072835
v 6.766732 1.129996 -10.457678
v 6.766732 0.991043 -9.842520
v 6.766733 1.225299 -9.227363
v 6.766733 1.250422 -8.612206
v 6.766732 1.157786 -7.997048
v 6.766732 0.991043 -7.381890
v 6.766733 0.660223 -6.766732
v 6.766733 0.463020 -6.151575
v 6.766732 0.132200 -5.536417
v 6.766732 -0.257424 -4.921260
v 6.766733 -0.417017 -4.306102
v 6.766733 -0.065002 -3.690945
v 6.766732 0.703873 -3.075788
v 6.766732 1.185577 -2.460630
v 6.766733 1.185577 -1.845472
v 6.766733 1.229783 -1.230315
v 6.766732 1.306003 -0.615157
v 6.766732 1.340390 0.000000
v 6.766733 1.368180 0.615158
v 6.766733 1.349653 1.230315
v 6.766732 1.349653 1.845472
v 6.766732 1.370848 2.460630
v 6.766733 1.352321 3.075788
v 6.766733 1.324530 3.690945
v 6.766732 1.343058 4.306102
v 6.766732 1.333794 4.921260
v 6.766733 1.287476 5.536417
v 6.766733 1.222631 6.151575
v 6.766732 1.271061 6.766733
v 6.766732 1.250422 7.381890
v 6.766733 1.243826 7.997047
v 6.766733 1.222076 8.612205
v 6.766732 1.141371 9.227362
v 6.766732 0.871172 9.842520
v 6.766733 0.613905 10.457677
v 6.766733 0.410107 11.072834
v 6.766732 0.315461 11.687991
v 6.766732 0.321399 12.303149
v 6.766733 0.368930 12.918308
v 6.766733 0.426624 13.533465
v 6.766732 0.395508 14.148623
v 6.766732 0.342594 14.763781
v 6.766733 0.302872 15.378938
v 6.766733 0.203641 15.994096
v 6.766732 0.062020 16.609253
v 6.766732 -0.117711 17.224411
v 6.766733 -0.512320 17.839567
v 6.766733 -0.669800 18.454723
v 6.766732 -0.750504 19.069881
v 6.766732 -0.824613 19.685040
v 7.381889 -0.852404 -19.685040
v 7.381890 -0.852404 -19.069881
v 7.381890 -0.852404 -18.454723
v 7.381890 -0.852404 -17.839567
v 7.381889 -0.852404 -17.224409
v 7.381890 -0.852404 -16.609253
v 7.381890 -0.852404 -15.994096
v 7.381890 -0.852404 -15.378938
v 7.381889 -0.824613 -14.763781
v 7.381890 -0.704187 -14.148623
v 7.381890 -0.695377 -13.533465
v 7.381890 -0.583761 -12.918308
v 7.381889 0.071839 -12.303150
v 7.381890 0.648291 -11.687993
v 7.381890 0.691941 -11.072834
v 7.381890 0.975183 -10.457677
v 7.381889 0.629764 -9.842520
v 7.381890 0.797064 -9.227363
v 7.381890 1.225299 -8.612206
v 7.381890 1.243826 -7.997047
v 7.381889 1.206216 -7.381889
v 7.381890 0.993711 -6.766732
v 7.381890 0.747522 -6.151575
v 7.381890 0.555656 -5.536417
v 7.381889 0.175850 -4.921260
v 7.381890 -0.250829 -4.306103
v 7.381890 -0.472598 -3.690945
v 7.381890 -0.018684 -3.075788
v 7.381889 0.817147 -2.460630
v 7.381890 0.824299 -1.845472
v 7.381890 0.724512 -1.230315
v 7.381890 0.787245 -0.615157
v 7.381889 0.858685 0.000000
v 7.381890 0.836434 0.615158
v 7.381890 0.914266 1.230315
v 7.381890 1.139917 1.845472
v 7.381889 1.215480 2.460630
v 7.381890 1.278213 3.075788
v 7.381890 1.259686 3.690945
v 7.381890 1.123400 4.306103
v 7.381889 1.111469 4.921260
v 7.381890 1.132664 5.536417
v 7.381890 1.231237 6.151575
v 7.381890 1.241159 6.766732
v 7.381889 1.268949 7.381889
v 7.381890 1.248310 7.997047
v 7.381890 1.241159 8.612206
v 7.381890 1.194841 9.227363
v 7.381889 1.102205 9.842520
v 7.381890 1.028755 10.457677
v 7.381890 0.938333 11.072834
v 7.381890 0.873488 11.687993
v 7.381889 0.864225 12.303150
v 7.381890 0.895739 12.918308
v 7.381890 0.951321 13.533465
v 7.381890 0.991043 14.148623
v 7.381889 0.916934 14.763781
v 7.381890 0.868505 15.378938
v 7.381890 0.660223 15.994096
v 7.381890 0.425966 16.609253
v 7.381889 0.113118 17.224409
v 7.381890 -0.389226 17.839567
v 7.381890 -0.620815 18.454723
v 7.381890 -0.759768 19.069881
v 7.381889 -0.843140 19.685040
v 7.997047 -0.852404 -19.685040
v 7.997047 -0.852404 -19.069881
v 7.997048 -0.852404 -18.454723
v 7.997048 -0.852404 -17.839567
v 7.997047 -0.852404 -17.224411
v 7.997047 -0.852404 -16.609253
v 7.997048 -0.852404 -15.994096
v 7.997048 -0.852404 -15.378938
v 7.997047 -0.843140 -14.763781
v 7.997047 -0.843140 -14.148623
v 7.997048 -0.833876 -13.533465
v 7.997048 -0.833876 -12.918308
v 7.997047 -0.778295 -12.303149
v 7.997047 -0.361435 -11.687991
v 7.997048 0.287013 -11.072834
v 7.997048 0.601974 -10.457677
v 7.997047 0.546392 -9.842520
v 7.997047 0.259222 -9.227362
v 7.997048 0.993711 -8.612205
v 7.997048 1.250422 -7.997047
v 7.997047 1.259686 -7.381890
v 7.997047 1.266281 -6.766733
v 7.997048 0.993711 -6.151575
v 7.997048 0.870617 -5.536417
v 7.997047 0.752858 -4.921260
v 7.997047 0.360566 -4.306102
v 7.997048 -0.056294 -3.690945
v 7.997048 -0.407753 -3.075788
v 7.997047 0.194378 -2.460630
v 7.997047 0.398175 -1.845472
v 7.997048 0.055424 -1.230315
v 7.997048 0.150728 -0.615157
v 7.997047 0.333331 0.000000
v 7.997047 0.240695 0.615158
v 7.997048 0.148060 1.230315
v 7.997048 0.521473 1.845472
v 7.997047 0.914266 2.460630
v 7.997047 1.016165 3.075788
v 7.997048 1.111469 3.690945
v 7.997048 0.907671 4.306102
v 7.997047 0.590042 4.921260
v 7.997047 0.497407 5.536417
v 7.997048 0.620501 6.151575
v 7.997048 1.169162 6.766732
v 7.997047 1.252534 7.381890
v 7.997047 1.102205 7.997048
v 7.997048 0.740723 8.612206
v 7.997048 0.684586 9.227363
v 7.997047 0.823085 9.842520
v 7.997047 0.946837 10.457678
v 7.997048 1.049292 11.072835
v 7.997048 1.139260 11.687993
v 7.997047 1.192173 12.303150
v 7.997047 1.186235 12.918308
v 7.997048 1.146411 13.533465
v 7.997048 1.093599 14.148623
v 7.997047 1.010228 14.763781
v 7.997047 0.970403 15.378938
v 7.997048 0.830894 15.994094
v 7.997048 0.592710 16.609251
v 7.997047 0.259880 17.224409
v 7.997047 -0.194692 17.839567
v 7.997048 -0.537443 18.454723
v 7.997048 -0.759768 19.069881
v 7.997047 -0.833876 19.685040
v 8.612206 -0.852404 -19.685040
v 8.612205 -0.852404 -19.069883
v 8.612205 -0.852404 -18.454725
v 8.612206 -0.852404 -17.839567
v 8.612206 -0.852404 -17.224411
v 8.612205 -0.852404 -16.609253
v 8.612205 -0.852404 -15.994096
v 8.612206 -0.852404 -15.378938
v 8.612206 -0.852404 -14.763781
v 8.612205 -0.843140 -14.148622
v 8.612205 -0.843140 -13.533464
v 8.612206 -0.849634 -12.918306
v 8.612206 -0.843140 -12.303149
v 8.612205 -0.796822 -11.687991
v 8.612205 -0.481862 -11.072834
v 8.612206 0.058092 -10.457678
v 8.612206 0.298389 -9.842520
v 8.612205 0.001955 -9.227362
v 8.612205 0.441825 -8.612205
v 8.612206 1.120732 -7.997048
v 8.612206 1.278213 -7.381890
v 8.612205 1.308115 -6.766733
v 8.612205 1.231895 -6.151575
v 8.612206 1.074415 -5.536417
v 8.612206 1.185577 -4.921260
v 8.612205 1.065809 -4.306103
v 8.612205 0.775313 -3.690945
v 8.612206 0.293609 -3.075788
v 8.612206 -0.268800 -2.460630
v 8.612205 0.009107 -1.845472
v 8.612205 -0.268800 -1.230315
v 8.612206 -0.305298 -0.615157
v 8.612206 -0.062334 0.000000
v 8.612205 -0.006753 0.615158
v 8.612205 -0.157637 1.230315
v 8.612206 -0.102056 1.845472
v 8.612206 0.314350 2.460630
v 8.612205 0.614109 3.075788
v 8.612205 0.766050 3.690945
v 8.612206 0.777425 4.306103
v 8.612206 0.321399 4.921260
v 8.612205 -0.019240 5.536417
v 8.612205 -0.102612 6.151575
v 8.612206 0.414035 6.766733
v 8.612206 1.101547 7.381890
v 8.612205 0.713794 7.997048
v 8.612205 -0.140768 8.612205
v 8.612206 -0.055785 9.227362
v 8.612206 0.348986 9.842520
v 8.612205 0.851432 10.457678
v 8.612205 1.141371 11.072835
v 8.612206 1.202891 11.687993
v 8.612206 1.186235 12.303150
v 8.612205 0.981779 12.918308
v 8.612205 0.836230 13.533465
v 8.612206 0.750190 14.148623
v 8.612206 0.784577 14.763781
v 8.612205 0.803104 15.378937
v 8.612205 0.805772 15.994094
v 8.612206 0.639028 16.609251
v 8.612206 0.358453 17.224409
v 8.612205 -0.067114 17.839567
v 8.612205 -0.491125 18.454723
v 8.612206 -0.778295 19.069881
v 8.612206 -0.852404 19.685040
v 9.227363 -0.852404 -19.685040
v 9.227362 -0.852404 -19.069883
v 9.227362 -0.852404 -18.454725
v 9.227363 -0.852404 -17.839567
v 9.227363 -0.852404 -17.224411
v 9.227362 -0.852404 -16.609253
v 9.227362 -0.852404 -15.994096
v 9.227363 -0.852404 -15.378937
v 9.227363 -0.852404 -14.763779
v 9.227362 -0.852404 -14.148622
v 9.227362 -0.852404 -13.533464
v 9.227363 -0.852404 -12.918306
v 9.227363 -0.852404 -12.303149
v 9.227362 -0.843140 -11.687993
v 9.227362 -0.843140 -11.072835
v 9.227363 -0.769032 -10.457678
v 9.227363 -0.444807 -9.842520
v 9.227362 -0.250829 -9.227363
v 9.227362 -0.417017 -8.612206
v 9.227363 0.247847 -7.997048
v 9.227363 0.981779 -7.381890
v 9.227362 1.148523 -6.766732
v 9.227362 1.266281 -6.151575
v 9.227363 1.287476 -5.536417
v 9.227363 1.294628 -4.921260
v 9.227362 1.322418 -4.306102
v 9.227362 1.362242 -3.690945
v 9.227363 1.287476 -3.075788
v 9.227363 0.833562 -2.460630
v 9.227362 0.018370 -1.845472
v 9.227362 -0.007309 -1.230315
v 9.227363 0.092478 -0.615157
v 9.227363 -0.120583 0.000000
v 9.227362 -0.166901 0.615158
v 9.227362 -0.045919 1.230315
v 9.227363 0.076619 1.845472
v 9.227363 -0.057850 2.460630
v 9.227362 -0.113988 3.075788
v 9.227362 0.062020 3.690945
v 9.227363 0.166587 4.306102
v 9.227363 0.095350 4.921260
v 9.227362 -0.241009 5.536417
v 9.227362 -0.480648 6.151575
v 9.227363 -0.490467 6.766733
v 9.227363 -0.187540 7.381890
v 9.227362 0.379648 7.997047
v 9.227362 -0.400602 8.612205
v 9.227363 -0.519472 9.227362
v 9.227363 -0.072607 9.842520
v 9.227362 0.603530 10.457678
v 9.227362 0.752302 11.072835
v 9.227363 0.556869 11.687993
v 9.227363 0.262094 12.303150
v 9.227362 0.052756 12.918308
v 9.227362 0.018370 13.533465
v 9.227363 0.120269 14.148622
v 9.227363 0.305540 14.763779
v 9.227362 0.453757 15.378937
v 9.227362 0.574183 15.994094
v 9.227363 0.629764 16.609251
v 9.227363 0.518602 17.224409
v 9.227362 -0.018684 17.839567
v 9.227362 -0.565233 18.454723
v 9.227363 -0.815349 19.069883
v 9.227363 -0.852404 19.685040
v 9.842520 -0.852404 -19.685040
v 9.842520 -0.852404 -19.069883
v 9.842520 -0.852404 -18.454725
v 9.842520 -0.852404 -17.839567
v 9.842520 -0.852404 -17.224411
v 9.842520 -0.852404 -16.609251
v 9.842520 -0.852404 -15.994094
v 9.842520 -0.852404 -15.378937
v 9.842520 -0.852404 -14.763779
v 9.842520 -0.852404 -14.148622
v 9.842520 -0.852404 -13.533464
v 9.842520 -0.852404 -12.918306
v 9.842520 -0.852404 -12.303150
v 9.842520 -0.852404 -11.687993
v 9.842520 -0.852404 -11.072835
v 9.842520 -0.843140 -10.457678
v 9.842520 -0.806086 -9.842520
v 9.842520 -0.676396 -9.227363
v 9.842520 -0.639342 -8.612206
v 9.842520 -0.583761 -7.997047
v 9.842520 0.018926 -7.381889
v 9.842520 0.484215 -6.766732
v 9.842520 0.777981 -6.151575
v 9.842520 1.185577 -5.536417
v 9.842520 1.194841 -4.921260
v 9.842520 0.898407 -4.306103
v 9.842520 0.817703 -3.690945
v 9.842520 1.120732 -3.075788
v 9.842520 1.296740 -2.460630
v 9.842520 0.981779 -1.845472
v 9.842520 0.414035 -1.230315
v 9.842520 0.582891 -0.615157
v 9.842520 0.592154 0.000000
v 9.842520 0.279861 0.615158
v 9.842520 0.178518 1.230315
v 9.842520 0.315359 1.845472
v 9.842520 0.455869 2.460630
v 9.842520 0.305540 3.075788
v 9.842520 0.120269 3.690945
v 9.842520 -0.009421 4.306103
v 9.842520 -0.132515 4.921260
v 9.842520 -0.213219 5.536417
v 9.842520 -0.299259 6.151575
v 9.842520 -0.462677 6.766732
v 9.842520 -0.499731 7.381889
v 9.842520 -0.345020 7.997047
v 9.842520 -0.490467 8.612206
v 9.842520 -0.623483 9.227363
v 9.842520 -0.502047 9.842520
v 9.842520 -0.137897 10.457678
v 9.842520 -0.055738 11.072835
v 9.842520 -0.275951 11.687993
v 9.842520 -0.399045 12.303150
v 9.842520 -0.377850 12.918306
v 9.842520 -0.201843 13.533464
v 9.842520 0.020482 14.148622
v 9.842520 0.138796 14.763779
v 9.842520 0.203641 15.378937
v 9.842520 0.305540 15.994094
v 9.842520 0.444493 16.609251
v 9.842520 0.373053 17.224411
v 9.842520 -0.129847 17.839567
v 9.842520 -0.667133 18.454725
v 9.842520 -0.843140 19.069883
v 9.842520 -0.852404 19.685040
v 10.457678 -0.852404 -19.685040
v 10.457678 -0.852404 -19.069883
v 10.457678 -0.852404 -18.454723
v 10.457678 -0.852404 -17.839567
v 10.457677 -0.852404 -17.224409
v 10.457677 -0.852404 -16.609251
v 10.457678 -0.852404 -15.994094
v 10.457678 -0.852404 -15.378937
v 10.457678 -0.852404 -14.763779
v 10.457678 -0.852404 -14.148622
v 10.457678 -0.852404 -13.533465
v 10.457678 -0.852404 -12.918308
v 10.457677 -0.852404 -12.303150
v 10.457677 -0.852404 -11.687993
v 10.457678 -0.852404 -11.072835
v 10.457678 -0.852404 -10.457678
v 10.457678 -0.852404 -9.842520
v 10.457678 -0.833876 -9.227362
v 10.457678 -0.815349 -8.612205
v 10.457678 -0.815349 -7.997047
v 10.457677 -0.796822 -7.381890
v 10.457677 -0.639342 -6.766733
v 10.457678 -0.472598 -6.151575
v 10.457678 0.321955 -5.536417
v 10.457678 0.889144 -4.921260
v 10.457678 0.333331 -4.306102
v 10.457678 0.036897 -3.690945
v 10.457678 0.351858 -3.075788
v 10.457677 0.750190 -2.460630
v 10.457677 1.148523 -1.845472
v 10.457678 1.139260 -1.230315
v 10.457678 0.842826 -0.615157
v 10.457678 0.997638 0.000000
v 10.457678 0.965364 0.615158
v 10.457678 0.891256 1.230315
v 10.457678 0.872729 1.845472
v 10.457677 0.919602 2.460630
v 10.457677 0.910339 3.075788
v 10.457678 0.836230 3.690945
v 10.457678 0.660223 4.306102
v 10.457678 0.419371 4.921260
v 10.457678 0.326735 5.536417
v 10.457678 0.222168 6.151575
v 10.457678 -0.074265 6.766732
v 10.457677 -0.289995 7.381890
v 10.457677 -0.466002 7.997048
v 10.457678 -0.527522 8.612206
v 10.457678 -0.614219 9.227363
v 10.457678 -0.682788 9.842520
v 10.457678 -0.678304 10.457678
v 10.457678 -0.613460 11.072835
v 10.457678 -0.555312 11.687993
v 10.457677 -0.342908 12.303149
v 10.457677 0.006439 12.918306
v 10.457678 0.321955 13.533464
v 10.457678 0.509338 14.148622
v 10.457678 0.451089 14.763779
v 10.457678 0.349190 15.378937
v 10.457678 0.317472 15.994096
v 10.457678 0.351858 16.609253
v 10.457677 0.206309 17.224411
v 10.457677 -0.361435 17.839567
v 10.457678 -0.694923 18.454725
v 10.457678 -0.833876 19.069883
v 10.457678 -0.852404 19.685040
v 11.072835 -0.852404 -19.685040
v 11.072835 -0.852404 -19.069881
v 11.072835 -0.852404 -18.454723
v 11.072835 -0.852404 -17.839567
v 11.072834 -0.852404 -17.224409
v 11.072834 -0.852404 -16.609251
v 11.072834 -0.852404 -15.994094
v 11.072835 -0.852404 -15.378937
v 11.072835 -0.852404 -14.763781
v 11.072835 -0.852404 -14.148623
v 11.072835 -0.852404 -13.533465
v 11.072835 -0.852404 -12.918308
v 11.072834 -0.852404 -12.303150
v 11.072834 -0.852404 -11.687993
v 11.072834 -0.852404 -11.072835
v 11.072835 -0.852404 -10.457678
v 11.072835 -0.852404 -9.842520
v 11.072835 -0.852404 -9.227362
v 11.072835 -0.852404 -8.612205
v 11.072835 -0.852404 -7.997048
v 11.072834 -0.843140 -7.381890
v 11.072834 -0.843140 -6.766733
v 11.072834 -0.843140 -6.151575
v 11.072835 -0.685660 -5.536417
v 11.072835 0.092478 -4.921260
v 11.072835 -0.074821 -4.306103
v 11.072835 -0.563121 -3.690945
v 11.072835 -0.444807 -3.075788
v 11.072834 -0.157637 -2.460630
v 11.072834 0.203641 -1.845472
v 11.072834 0.549060 -1.230315
v 11.072835 0.914266 -0.615157
v 11.072835 0.919046 0.000000
v 11.072835 0.824299 0.615158
v 11.072835 0.889144 1.230315
v 11.072835 1.046624 1.845472
v 11.072834 1.147967 2.460630
v 11.072834 1.240705 3.075788
v 11.072834 1.221974 3.690945
v 11.072835 1.240501 4.306103
v 11.072835 1.176314 4.921260
v 11.072835 1.146411 5.536417
v 11.072835 1.025429 6.151575
v 11.072835 0.769375 6.766733
v 11.072834 0.437898 7.381890
v 11.072834 0.091821 7.997048
v 11.072834 -0.132718 8.612205
v 11.072835 -0.327253 9.227362
v 11.072835 -0.414905 9.842520
v 11.072835 -0.325595 10.457678
v 11.072835 -0.127179 11.072834
v 11.072835 0.167245 11.687991
v 11.072834 0.582891 12.303149
v 11.072834 0.942057 12.918306
v 11.072834 1.092942 13.533464
v 11.072835 1.065151 14.148622
v 11.072835 0.963252 14.763781
v 11.072835 0.842826 15.378938
v 11.072835 0.629764 15.994096
v 11.072835 0.351858 16.609253
v 11.072834 -0.035099 17.224411
v 11.072834 -0.491125 17.839567
v 11.072834 -0.815349 18.454725
v 11.072835 -0.852404 19.069883
v 11.072835 -0.852404 19.685040
v 11.687993 -0.852404 -19.685040
v 11.687993 -0.852404 -19.069881
v 11.687993 -0.852404 -18.454723
v 11.687993 -0.852404 -17.839567
v 11.687993 -0.852404 -17.224409
v 11.687991 -0.852404 -16.609251
v 11.687991 -0.852404 -15.994094
v 11.687993 -0.852404 -15.378938
v 11.687993 -0.852404 -14.763781
v 11.687993 -0.852404 -14.148623
v 11.687993 -0.852404 -13.533465
v 11.687993 -0.852404 -12.918308
v 11.687993 -0.852404 -12.303150
v 11.687991 -0.852404 -11.687993
v 11.687991 -0.852404 -11.072835
v 11.687993 -0.852404 -10.457678
v 11.687993 -0.852404 -9.842520
v 11.687993 -0.852404 -9.227363
v 11.687993 -0.852404 -8.612206
v 11.687993 -0.852404 -7.997048
v 11.687993 -0.852404 -7.381890
v 11.687991 -0.852404 -6.766732
v 11.687991 -0.852404 -6.151575
v 11.687993 -0.843140 -5.536417
v 11.687993 -0.741241 -4.921260
v 11.687993 -0.648605 -4.306102
v 11.687993 -0.815349 -3.690945
v 11.687993 -0.833876 -3.075788
v 11.687993 -0.796822 -2.460630
v 11.687991 -0.741241 -1.845472
v 11.687991 -0.685660 -1.230315
v 11.687993 -0.370699 -0.615157
v 11.687993 0.154655 0.000000
v 11.687993 0.344706 0.615158
v 11.687993 0.370385 1.230315
v 11.687993 0.592710 1.845472
v 11.687993 0.914266 2.460630
v 11.687991 1.123400 3.075788
v 11.687991 1.296184 3.690945
v 11.687993 1.314609 4.306102
v 11.687993 1.360927 4.921260
v 11.687993 1.388717 5.536417
v 11.687993 1.380112 6.151575
v 11.687993 1.352321 6.766733
v 11.687993 1.196054 7.381890
v 11.687991 0.993711 7.997047
v 11.687991 0.789912 8.612205
v 11.687993 0.704530 9.227362
v 11.687993 0.733775 9.842520
v 11.687993 0.842270 10.457677
v 11.687993 0.972516 11.072834
v 11.687993 1.121288 11.687991
v 11.687993 1.232451 12.303149
v 11.687991 1.268949 12.918308
v 11.687991 1.259686 13.533465
v 11.687993 1.247754 14.148623
v 11.687993 1.222631 14.763781
v 11.687993 1.120732 15.378938
v 11.687993 0.833562 15.994096
v 11.687993 0.351858 16.609253
v 11.687993 -0.176165 17.224411
v 11.687991 -0.602288 17.839567
v 11.687991 -0.796822 18.454723
v 11.687993 -0.852404 19.069881
v 11.687993 -0.852404 19.685040
v 12.303150 -0.852404 -19.685040
v 12.303150 -0.852404 -19.069881
v 12.303150 -0.852404 -18.454723
v 12.303150 -0.852404 -17.839567
v 12.303150 -0.852404 -17.224409
v 12.303149 -0.852404 -16.609253
v 12.303149 -0.852404 -15.994096
v 12.303149 -0.852404 -15.378938
v 12.303150 -0.852404 -14.763781
v 12.303150 -0.852404 -14.148623
v 12.303150 -0.852404 -13.533465
v 12.303150 -0.852404 -12.918308
v 12.303150 -0.852404 -12.303150
v 12.303149 -0.852404 -11.687993
v 12.303149 -0.852404 -11.072834
v 12.303149 -0.852404 -10.457677
v 12.303150 -0.852404 -9.842520
v 12.303150 -0.852404 -9.227363
v 12.303150 -0.852404 -8.612206
v 12.303150 -0.852404 -7.997047
v 12.303150 -0.852404 -7.381889
v 12.303149 -0.852404 -6.766732
v 12.303149 -0.852404 -6.151575
v 12.303149 -0.852404 -5.536417
v 12.303150 -0.843140 -4.921260
v 12.303150 -0.843140 -4.306103
v 12.303150 -0.843140 -3.690945
v 12.303150 -0.852404 -3.075788
v 12.303150 -0.852404 -2.460630
v 12.303149 -0.843140 -1.845472
v 12.303149 -0.843140 -1.230315
v 12.303149 -0.843140 -0.615157
v 12.303150 -0.778295 0.000000
v 12.303150 -0.528179 0.615158
v 12.303150 -0.352172 1.230315
v 12.303150 -0.231746 1.845472
v 12.303150 -0.102056 2.460630
v 12.303149 0.120269 3.075788
v 12.303149 0.692497 3.690945
v 12.303149 0.898407 4.306103
v 12.303150 0.842270 4.921260
v 12.303150 0.833562 5.536417
v 12.303150 1.164382 6.151575
v 12.303150 1.358917 6.766732
v 12.303150 1.398639 7.381889
v 12.303149 1.395971 7.997047
v 12.303149 1.405234 8.612206
v 12.303149 1.419834 9.227363
v 12.303150 1.419834 9.842520
v 12.303150 1.416508 10.457677
v 12.303150 1.358713 11.072834
v 12.303150 1.269505 11.687993
v 12.303150 1.120732 12.303150
v 12.303149 1.000306 12.918308
v 12.303149 0.972516 13.533465
v 12.303149 0.981779 14.148623
v 12.303150 1.000306 14.763781
v 12.303150 0.963252 15.378938
v 12.303150 0.768718 15.994096
v 12.303150 0.249959 16.609253
v 12.303150 -0.296591 17.224409
v 12.303149 -0.657869 17.839567
v 12.303149 -0.824613 18.454723
v 12.303149 -0.852404 19.069881
v 12.303150 -0.852404 19.685040
v 12.918306 -0.852404 -19.685040
v 12.918308 -0.852404 -19.069881
v 12.918308 -0.852404 -18.454723
v 12.918308 -0.852404 -17.839567
v 12.918308 -0.852404 -17.224411
v 12.918308 -0.852404 -16.609253
v 12.918306 -0.852404 -15.994096
v 12.918306 -0.852404 -15.378938
v 12.918306 -0.852404 -14.763781
v 12.918308 -0.852404 -14.148623
v 12.918308 -0.852404 -13.533465
v 12.918308 -0.852404 -12.918308
v 12.918308 -0.852404 -12.303149
v 12.918308 -0.852404 -11.687991
v 12.918306 -0.852404 -11.072834
v 12.918306 -0.852404 -10.457677
v 12.918306 -0.852404 -9.842520
v 12.918308 -0.852404 -9.227362
v 12.918308 -0.852404 -8.612205
v 12.918308 -0.852404 -7.997047
v 12.918308 -0.852404 -7.381890
v 12.918308 -0.852404 -6.766733
v 12.918306 -0.852404 -6.151575
v 12.918306 -0.852404 -5.536417
v 12.918306 -0.852404 -4.921260
v 12.918308 -0.852404 -4.306102
v 12.918308 -0.852404 -3.690945
v 12.918308 -0.852404 -3.075788
v 12.918308 -0.852404 -2.460630
v 12.918308 -0.852404 -1.845472
v 12.918306 -0.852404 -1.230315
v 12.918306 -0.852404 -0.615157
v 12.918306 -0.852404 0.000000
v 12.918308 -0.833876 0.615158
v 12.918308 -0.824613 1.230315
v 12.918308 -0.787559 1.845472
v 12.918308 -0.750504 2.460630
v 12.918308 -0.704187 3.075788
v 12.918306 -0.528179 3.690945
v 12.918306 -0.275396 4.306102
v 12.918306 -0.219814 4.921260
v 12.918308 -0.120583 5.536417
v 12.918308 0.359009 6.151575
v 12.918308 0.926198 6.766732
v 12.918308 1.110709 7.381890
v 12.918308 1.175656 7.997048
v 12.918306 1.167050 8.612206
v 12.918306 1.111469 9.227363
v 12.918306 1.009014 9.842520
v 12.918308 0.879880 10.457678
v 12.918308 0.695267 11.072835
v 12.918308 0.442381 11.687993
v 12.918308 0.247847 12.303150
v 12.918308 0.212905 12.918308
v 12.918306 0.266374 13.533465
v 12.918306 0.284901 14.148623
v 12.918306 0.391024 14.763781
v 12.918308 0.564919 15.378938
v 12.918308 0.509338 15.994094
v 12.918308 0.073951 16.609251
v 12.918308 -0.398490 17.224409
v 12.918308 -0.704187 17.839567
v 12.918306 -0.824613 18.454723
v 12.918306 -0.852404 19.069881
v 12.918306 -0.852404 19.685040
v 13.533464 -0.852404 -19.685040
v 13.533465 -0.852404 -19.069883
v 13.533465 -0.852404 -18.454725
v 13.533465 -0.852404 -17.839567
v 13.533465 -0.852404 -17.224411
v 13.533465 -0.852404 -16.609253
v 13.533464 -0.852404 -15.994096
v 13.533464 -0.852404 -15.378938
v 13.533464 -0.852404 -14.763781
v 13.533465 -0.852404 -14.148622
v 13.533465 -0.852404 -13.533464
v 13.533465 -0.852404 -12.918306
v 13.533465 -0.852404 -12.303149
v 13.533465 -0.852404 -11.687991
v 13.533464 -0.852404 -11.072834
v 13.533464 -0.852404 -10.457678
v 13.533464 -0.852404 -9.842520
v 13.533465 -0.852404 -9.227362
v 13.533465 -0.852404 -8.612205
v 13.533465 -0.852404 -7.997048
v 13.533465 -0.852404 -7.381890
v 13.533465 -0.852404 -6.766733
v 13.533464 -0.852404 -6.151575
v 13.533464 -0.852404 -5.536417
v 13.533464 -0.852404 -4.921260
v 13.533465 -0.852404 -4.306103
v 13.533465 -0.852404 -3.690945
v 13.533465 -0.852404 -3.075788
v 13.533465 -0.852404 -2.460630
v 13.533465 -0.852404 -1.845472
v 13.533464 -0.852404 -1.230315
v 13.533464 -0.852404 -0.615157
v 13.533464 -0.852404 0.000000
v 13.533465 -0.852404 0.615158
v 13.533465 -0.843140 1.230315
v 13.533465 -0.833876 1.845472
v 13.533465 -0.843140 2.460630
v 13.533465 -0.843140 3.075788
v 13.533464 -0.824613 3.690945
v 13.533464 -0.806086 4.306102
v 13.533464 -0.787559 4.921260
v 13.533465 -0.724826 5.536417
v 13.533465 -0.475266 6.151575
v 13.533465 -0.176720 6.766733
v 13.533465 -0.002269 7.381890
v 13.533465 0.025522 7.997048
v 13.533464 -0.037211 8.612205
v 13.533464 -0.159749 9.227362
v 13.533464 -0.259536 9.842520
v 13.533465 -0.391894 10.457678
v 13.533465 -0.474710 11.072835
v 13.533465 -0.537443 11.687993
v 13.533465 -0.567346 12.303150
v 13.533465 -0.528179 12.918308
v 13.533464 -0.481862 13.533465
v 13.533464 -0.426280 14.148623
v 13.533464 -0.203955 14.763781
v 13.533465 0.055424 15.378937
v 13.533465 0.210237 15.994094
v 13.533465 -0.083529 16.609251
v 13.533465 -0.481862 17.224409
v 13.533465 -0.759768 17.839567
v 13.533464 -0.833876 18.454723
v 13.533464 -0.852404 19.069881
v 13.533464 -0.852404 19.685040
v 14.148622 -0.852404 -19.685040
v 14.148622 -0.852404 -19.069883
v 14.148623 -0.852404 -18.454725
v 14.148623 -0.852404 -17.839567
v 14.148623 -0.852404 -17.224411
v 14.148623 -0.852404 -16.609253
v 14.148622 -0.852404 -15.994096
v 14.148622 -0.852404 -15.378937
v 14.148622 -0.852404 -14.763779
v 14.148622 -0.852404 -14.148622
v 14.148623 -0.852404 -13.533464
v 14.148623 -0.852404 -12.918306
v 14.148623 -0.852404 -12.303149
v 14.148623 -0.852404 -11.687993
v 14.148622 -0.852404 -11.072835
v 14.148622 -0.852404 -10.457678
v 14.148622 -0.852404 -9.842520
v 14.148622 -0.852404 -9.227363
v 14.148623 -0.852404 -8.612206
v 14.148623 -0.852404 -7.997048
v 14.148623 -0.852404 -7.381890
v 14.148623 -0.852404 -6.766732
v 14.148622 -0.852404 -6.151575
v 14.148622 -0.852404 -5.536417
v 14.148622 -0.852404 -4.921260
v 14.148622 -0.852404 -4.306102
v 14.148623 -0.852404 -3.690945
v 14.148623 -0.852404 -3.075788
v 14.148623 -0.852404 -2.460630
v 14.148623 -0.852404 -1.845472
v 14.148622 -0.852404 -1.230315
v 14.148622 -0.852404 -0.615157
v 14.148622 -0.852404 0.000000
v 14.148622 -0.852404 0.615158
v 14.148623 -0.852404 1.230315
v 14.148623 -0.852404 1.845472
v 14.148623 -0.852404 2.460630
v 14.148623 -0.852404 3.075788
v 14.148622 -0.852404 3.690945
v 14.148622 -0.852404 4.306102
v 14.148622 -0.852404 4.921260
v 14.148622 -0.833876 5.536417
v 14.148623 -0.806086 6.151575
v 14.148623 -0.787559 6.766733
v 14.148623 -0.759768 7.381890
v 14.148623 -0.759768 7.997047
v 14.148622 -0.759768 8.612205
v 14.148622 -0.789671 9.227362
v 14.148622 -0.814794 9.842520
v 14.148622 -0.815349 10.457678
v 14.148623 -0.815349 11.072835
v 14.148623 -0.824613 11.687993
v 14.148623 -0.824613 12.303150
v 14.148623 -0.806086 12.918308
v 14.148622 -0.815349 13.533465
v 14.148622 -0.759768 14.148622
v 14.148622 -0.583761 14.763779
v 14.148622 -0.352172 15.378937
v 14.148623 -0.086197 15.994094
v 14.148623 -0.176165 16.609251
v 14.148623 -0.500389 17.224409
v 14.148623 -0.759768 17.839567
v 14.148622 -0.824613 18.454723
v 14.148622 -0.852404 19.069883
v 14.148622 -0.852404 19.685040
v 14.763779 -0.852404 -19.685040
v 14.763779 -0.852404 -19.069883
v 14.763781 -0.852404 -18.454725
v 14.763781 -0.852404 -17.839567
v 14.763781 -0.852404 -17.224411
v 14.763781 -0.852404 -16.609251
v 14.763781 -0.852404 -15.994094
v 14.763779 -0.852404 -15.378937
v 14.763779 -0.852404 -14.763779
v 14.763779 -0.852404 -14.148622
v 14.763781 -0.852404 -13.533464
v 14.763781 -0.852404 -12.918306
v 14.763781 -0.852404 -12.303150
v 14.763781 -0.852404 -11.687993
v 14.763781 -0.852404 -11.072835
v 14.763779 -0.852404 -10.457678
v 14.763779 -0.852404 -9.842520
v 14.763779 -0.852404 -9.227363
v 14.763781 -0.852404 -8.612206
v 14.763781 -0.852404 -7.997047
v 14.763781 -0.852404 -7.381889
v 14.763781 -0.852404 -6.766732
v 14.763781 -0.852404 -6.151575
v 14.763779 -0.852404 -5.536417
v 14.763779 -0.852404 -4.921260
v 14.763779 -0.852404 -4.306103
v 14.763781 -0.852404 -3.690945
v 14.763781 -0.852404 -3.075788
v 14.763781 -0.852404 -2.460630
v 14.763781 -0.852404 -1.845472
v 14.763781 -0.852404 -1.230315
v 14.763779 -0.852404 -0.615157
v 14.763779 -0.852404 0.000000
v 14.763779 -0.852404 0.615158
v 14.763781 -0.852404 1.230315
v 14.763781 -0.852404 1.845472
v 14.763781 -0.852404 2.460630
v 14.763781 -0.852404 3.075788
v 14.763781 -0.852404 3.690945
v 14.763779 -0.852404 4.306102
v 14.763779 -0.843140 4.921260
v 14.763779 -0.852404 5.536417
v 14.763781 -0.852404 6.151575
v 14.763781 -0.852404 6.766732
v 14.763781 -0.852404 7.381889
v 14.763781 -0.852404 7.997047
v 14.763781 -0.852404 8.612206
v 14.763779 -0.852404 9.227363
v 14.763779 -0.846966 9.842520
v 14.763779 -0.852404 10.457678
v 14.763781 -0.852404 11.072835
v 14.763781 -0.852404 11.687993
v 14.763781 -0.852404 12.303150
v 14.763781 -0.852404 12.918306
v 14.763781 -0.852404 13.533464
v 14.763779 -0.852404 14.148622
v 14.763779 -0.796822 14.763779
v 14.763779 -0.685660 15.378937
v 14.763781 -0.444807 15.994094
v 14.763781 -0.389226 16.609251
v 14.763781 -0.565233 17.224411
v 14.763781 -0.769032 17.839567
v 14.763781 -0.833876 18.454725
v 14.763779 -0.852404 19.069883
v 14.763779 -0.852404 19.685040
v 15.378937 -0.852404 -19.685040
v 15.378937 -0.852404 -19.069883
v 15.378937 -0.852404 -18.454723
v 15.378938 -0.852404 -17.839567
v 15.378938 -0.852404 -17.224409
v 15.378938 -0.852404 -16.609251
v 15.378938 -0.852404 -15.994094
v 15.378937 -0.852404 -15.378937
v 15.378937 -0.852404 -14.763779
v 15.378937 -0.852404 -14.148622
v 15.378937 -0.852404 -13.533465
v 15.378938 -0.852404 -12.918308
v 15.378938 -0.852404 -12.303150
v 15.378938 -0.852404 -11.687993
v 15.378938 -0.852404 -11.072835
v 15.378937 -0.852404 -10.457678
v 15.378937 -0.852404 -9.842520
v 15.378937 -0.852404 -9.227362
v 15.378937 -0.852404 -8.612205
v 15.378938 -0.852404 -7.997047
v 15.378938 -0.852404 -7.381890
v 15.378938 -0.852404 -6.766733
v 15.378938 -0.852404 -6.151575
v 15.378937 -0.852404 -5.536417
v 15.378937 -0.852404 -4.921260
v 15.378937 -0.852404 -4.306102
v 15.378937 -0.852404 -3.690945
v 15.378938 -0.852404 -3.075788
v 15.378938 -0.852404 -2.460630
v 15.378938 -0.852404 -1.845472
v 15.378938 -0.852404 -1.230315
v 15.378937 -0.852404 -0.615157
v 15.378937 -0.852404 0.000000
v 15.378937 -0.852404 0.615158
v 15.378937 -0.852404 1.230315
v 15.378938 -0.852404 1.845472
v 15.378938 -0.852404 2.460630
v 15.378938 -0.852404 3.075788
v 15.378938 -0.852404 3.690945
v 15.378937 -0.852404 4.306102
v 15.378937 -0.852404 4.921260
v 15.378937 -0.852404 5.536417
v 15.378937 -0.852404 6.151575
v 15.378938 -0.852404 6.766732
v 15.378938 -0.852404 7.381890
v 15.378938 -0.852404 7.997048
v 15.378938 -0.852404 8.612206
v 15.378937 -0.852404 9.227363
v 15.378937 -0.852404 9.842520
v 15.378937 -0.852404 10.457678
v 15.378937 -0.852404 11.072835
v 15.378938 -0.852404 11.687993
v 15.378938 -0.852404 12.303149
v 15.378938 -0.852404 12.918306
v 15.378938 -0.852404 13.533464
v 15.378937 -0.852404 14.148622
v 15.378937 -0.843140 14.763779
v 15.378937 -0.778295 15.378937
v 15.378937 -0.657869 15.994096
v 15.378938 -0.546706 16.609253
v 15.378938 -0.630078 17.224411
v 15.378938 -0.769032 17.839567
v 15.378938 -0.833876 18.454725
v 15.378937 -0.852404 19.069883
v 15.378937 -0.852404 19.685040
v 15.994094 -0.852404 -19.685040
v 15.994094 -0.852404 -19.069881
v 15.994094 -0.852404 -18.454723
v 15.994096 -0.852404 -17.839567
v 15.994096 -0.852404 -17.224409
v 15.994096 -0.852404 -16.609251
v 15.994096 -0.852404 -15.994094
v 15.994096 -0.852404 -15.378937
v 15.994094 -0.852404 -14.763781
v 15.994094 -0.852404 -14.148623
v 15.994094 -0.852404 -13.533465
v 15.994094 -0.852404 -12.918308
v 15.994096 -0.852404 -12.303150
v 15.994096 -0.852404 -11.687993
v 15.994096 -0.852404 -11.072835
v 15.994096 -0.852404 -10.457678
v 15.994094 -0.852404 -9.842520
v 15.994094 -0.852404 -9.227362
v 15.994094 -0.852404 -8.612205
v 15.994094 -0.852404 -7.997048
v 15.994096 -0.852404 -7.381890
v 15.994096 -0.852404 -6.766733
v 15.994096 -0.852404 -6.151575
v 15.994096 -0.852404 -5.536417
v 15.994094 -0.852404 -4.921260
v 15.994094 -0.852404 -4.306103
v 15.994094 -0.852404 -3.690945
v 15.994094 -0.852404 -3.075788
v 15.994096 -0.852404 -2.460630
v 15.994096 -0.852404 -1.845472
v 15.994096 -0.852404 -1.230315
v 15.994096 -0.852404 -0.615157
v 15.994094 -0.852404 0.000000
v 15.994094 -0.852404 0.615158
v 15.994094 -0.852404 1.230315
v 15.994094 -0.852404 1.845472
v 15.994096 -0.852404 2.460630
v 15.994096 -0.852404 3.075788
v 15.994096 -0.852404 3.690945
v 15.994096 -0.852404 4.306102
v 15.994094 -0.852404 4.921260
v 15.994094 -0.852404 5.536417
v 15.994094 -0.852404 6.151575
v 15.994094 -0.852404 6.766733
v 15.994096 -0.852404 7.381890
v 15.994096 -0.852404 7.997048
v 15.994096 -0.852404 8.612205
v 15.994096 -0.852404 9.227362
v 15.994094 -0.852404 9.842520
v 15.994094 -0.852404 10.457678
v 15.994094 -0.852404 11.072834
v 15.994094 -0.852404 11.687991
v 15.994096 -0.852404 12.303149
v 15.994096 -0.852404 12.918306
v 15.994096 -0.852404 13.533464
v 15.994096 -0.852404 14.148622
v 15.994094 -0.852404 14.763781
v 15.994094 -0.843140 15.378938
v 15.994094 -0.759768 15.994096
v 15.994094 -0.685660 16.609253
v 15.994096 -0.676396 17.224411
v 15.994096 -0.769032 17.839567
v 15.994096 -0.833876 18.454725
v 15.994096 -0.852404 19.069883
v 15.994094 -0.852404 19.685040
v 16.609251 -0.852404 -19.685040
v 16.609251 -0.852404 -19.069881
v 16.609251 -0.852404 -18.454723
v 16.609251 -0.852404 -17.839567
v 16.609253 -0.852404 -17.224409
v 16.609253 -0.852404 -16.609251
v 16.609253 -0.852404 -15.994094
v 16.609253 -0.852404 -15.378938
v 16.609251 -0.852404 -14.763781
v 16.609251 -0.852404 -14.148623
v 16.609251 -0.852404 -13.533465
v 16.609251 -0.852404 -12.918308
v 16.609253 -0.852404 -12.303150
v 16.609253 -0.852404 -11.687993
v 16.609253 -0.852404 -11.072835
v 16.609253 -0.852404 -10.457678
v 16.609251 -0.852404 -9.842520
v 16.609251 -0.852404 -9.227363
v 16.609251 -0.852404 -8.612206
v 16.609251 -0.852404 -7.997048
v 16.609253 -0.852404 -7.381890
v 16.609253 -0.852404 -6.766732
v 16.609253 -0.852404 -6.151575
v 16.609253 -0.852404 -5.536417
v 16.609251 -0.852404 -4.921260
v 16.609251 -0.852404 -4.306102
v 16.609251 -0.852404 -3.690945
v 16.609251 -0.852404 -3.075788
v 16.609253 -0.852404 -2.460630
v 16.609253 -0.852404 -1.845472
v 16.609253 -0.852404 -1.230315
v 16.609253 -0.852404 -0.615157
v 16.609251 -0.852404 0.000000
v 16.609251 -0.852404 0.615158
v 16.609251 -0.852404 1.230315
v 16.609251 -0.852404 1.845472
v 16.609253 -0.852404 2.460630
v 16.609253 -0.852404 3.075788
v 16.609253 -0.852404 3.690945
v 16.609253 -0.852404 4.306102
v 16.609251 -0.852404 4.921260
v 16.609251 -0.852404 5.536417
v 16.609251 -0.852404 6.151575
v 16.609251 -0.852404 6.766733
v 16.609253 -0.852404 7.381890
v 16.609253 -0.852404 7.997047
v 16.609253 -0.852404 8.612205
v 16.609253 -0.852404 9.227362
v 16.609251 -0.852404 9.842520
v 16.609251 -0.852404 10.457677
v 16.609251 -0.852404 11.072834
v 16.609251 -0.852404 11.687991
v 16.609253 -0.852404 12.303149
v 16.609253 -0.852404 12.918308
v 16.609253 -0.852404 13.533465
v 16.609253 -0.852404 14.148623
v 16.609251 -0.852404 14.763781
v 16.609251 -0.852404 15.378938
v 16.609251 -0.833876 15.994096
v 16.609251 -0.787559 16.609253
v 16.609253 -0.741241 17.224411
v 16.609253 -0.787559 17.839567
v 16.609253 -0.833876 18.454723
v 16.609253 -0.852404 19.069881
v 16.609251 -0.852404 19.685040
v 17.224411 -0.852404 -19.685040
v 17.224409 -0.852404 -19.069881
v 17.224409 -0.852404 -18.454723
v 17.224409 -0.852404 -17.839567
v 17.224409 -0.852404 -17.224409
v 17.224411 -0.852404 -16.609253
v 17.224411 -0.852404 -15.994096
v 17.224411 -0.852404 -15.378938
v 17.224411 -0.852404 -14.763781
v 17.224409 -0.852404 -14.148623
v 17.224409 -0.852404 -13.533465
v 17.224409 -0.852404 -12.918308
v 17.224409 -0.852404 -12.303150
v 17.224411 -0.852404 -11.687993
v 17.224411 -0.852404 -11.072834
v 17.224411 -0.852404 -10.457677
v 17.224411 -0.852404 -9.842520
v 17.224409 -0.852404 -9.227363
v 17.224409 -0.852404 -8.612206
v 17.224409 -0.852404 -7.997047
v 17.224409 -0.852404 -7.381889
v 17.224411 -0.852404 -6.766732
v 17.224411 -0.852404 -6.151575
v 17.224411 -0.852404 -5.536417
v 17.224411 -0.852404 -4.921260
v 17.224409 -0.852404 -4.306103
v 17.224409 -0.852404 -3.690945
v 17.224409 -0.852404 -3.075788
v 17.224409 -0.852404 -2.460630
v 17.224411 -0.852404 -1.845472
v 17.224411 -0.852404 -1.230315
v 17.224411 -0.852404 -0.615157
v 17.224411 -0.852404 0.000000
v 17.224409 -0.852404 0.615158
v 17.224409 -0.852404 1.230315
v 17.224409 -0.852404 1.845472
v 17.224409 -0.852404 2.460630
v 17.224411 -0.852404 3.075788
v 17.224411 -0.852404 3.690945
v 17.224411 -0.852404 4.306102
v 17.224411 -0.852404 4.921260
v 17.224409 -0.852404 5.536417
v 17.224409 -0.852404 6.151575
v 17.224409 -0.852404 6.766732
v 17.224409 -0.852404 7.381889
v 17.224411 -0.852404 7.997047
v 17.224411 -0.852404 8.612206
v 17.224411 -0.852404 9.227363
v 17.224411 -0.852404 9.842520
v 17.224409 -0.852404 10.457677
v 17.224409 -0.852404 11.072834
v 17.224409 -0.852404 11.687993
v 17.224409 -0.852404 12.303150
v 17.224411 -0.852404 12.918308
v 17.224411 -0.852404 13.533465
v 17.224411 -0.852404 14.148623
v 17.224411 -0.852404 14.763781
v 17.224409 -0.852404 15.378938
v 17.224409 -0.852404 15.994096
v 17.224409 -0.815349 16.609253
v 17.224409 -0.796822 17.224409
v 17.224411 -0.787559 17.839567
v 17.224411 -0.824613 18.454723
v 17.224411 -0.843140 19.069881
v 17.224411 -0.852404 19.685040
v 17.839567 -0.852404 -19.685040
v 17.839567 -0.852404 -19.069881
v 17.839567 -0.852404 -18.454723
v 17.839567 -0.852404 -17.839567
v 17.839567 -0.852404 -17.224411
v 17.839567 -0.852404 -16.609253
v 17.839567 -0.852404 -15.994096
v 17.839567 -0.852404 -15.378938
v 17.839567 -0.852404 -14.763781
v 17.839567 -0.852404 -14.148623
v 17.839567 -0.852404 -13.533465
v 17.839567 -0.852404 -12.918308
v 17.839567 -0.852404 -12.303149
v 17.839567 -0.852404 -11.687991
v 17.839567 -0.852404 -11.072834
v 17.839567 -0.852404 -10.457677
v 17.839567 -0.852404 -9.842520
v 17.839567 -0.852404 -9.227362
v 17.839567 -0.852404 -8.612205
v 17.839567 -0.852404 -7.997047
v 17.839567 -0.852404 -7.381890
v 17.839567 -0.852404 -6.766733
v 17.839567 -0.852404 -6.151575
v 17.839567 -0.852404 -5.536417
v 17.839567 -0.852404 -4.921260
v 17.839567 -0.852404 -4.306102
v 17.839567 -0.852404 -3.690945
v 17.839567 -0.852404 -3.075788
v 17.839567 -0.852404 -2.460630
v 17.839567 -0.852404 -1.845472
v 17.839567 -0.852404 -1.230315
v 17.839567 -0.852404 -0.615157
v 17.839567 -0.852404 0.000000
v 17.839567 -0.852404 0.615158
v 17.839567 -0.852404 1.230315
v 17.839567 -0.852404 1.845472
v 17.839567 -0.852404 2.460630
v 17.839567 -0.852404 3.075788
v 17.839567 -0.852404 3.690945
v 17.839567 -0.852404 4.306102
v 17.839567 -0.852404 4.921260
v 17.839567 -0.852404 5.536417
v 17.839567 -0.852404 6.151575
v 17.839567 -0.852404 6.766732
v 17.839567 -0.852404 7.381890
v 17.839567 -0.852404 7.997048
v 17.839567 -0.852404 8.612206
v 17.839567 -0.852404 9.227363
v 17.839567 -0.852404 9.842520
v 17.839567 -0.852404 10.457678
v 17.839567 -0.852404 11.072835
v 17.839567 -0.852404 11.687993
v 17.839567 -0.852404 12.303150
v 17.839567 -0.852404 12.918308
v 17.839567 -0.852404 13.533465
v 17.839567 -0.852404 14.148623
v 17.839567 -0.852404 14.763781
v 17.839567 -0.852404 15.378938
v 17.839567 -0.852404 15.994096
v 17.839567 -0.843140 16.609251
v 17.839567 -0.824613 17.224409
v 17.839567 -0.806086 17.839567
v 17.839567 -0.815349 18.454723
v 17.839567 -0.833876 19.069881
v 17.839567 -0.843140 19.685040
v 18.454725 -0.852404 -19.685040
v 18.454723 -0.852404 -19.069883
v 18.454723 -0.852404 -18.454725
v 18.454723 -0.852404 -17.839567
v 18.454723 -0.852404 -17.224411
v 18.454723 -0.852404 -16.609253
v 18.454725 -0.852404 -15.994096
v 18.454725 -0.852404 -15.378938
v 18.454725 -0.852404 -14.763781
v 18.454723 -0.852404 -14.148622
v 18.454723 -0.852404 -13.533464
v 18.454723 -0.852404 -12.918306
v 18.454723 -0.852404 -12.303149
v 18.454723 -0.852404 -11.687991
v 18.454725 -0.852404 -11.072834
v 18.454725 -0.852404 -10.457678
v 18.454725 -0.852404 -9.842520
v 18.454723 -0.852404 -9.227362
v 18.454723 -0.852404 -8.612205
v 18.454723 -0.852404 -7.997048
v 18.454723 -0.852404 -7.381890
v 18.454723 -0.852404 -6.766733
v 18.454725 -0.852404 -6.151575
v 18.454725 -0.852404 -5.536417
v 18.454725 -0.852404 -4.921260
v 18.454723 -0.852404 -4.306103
v 18.454723 -0.852404 -3.690945
v 18.454723 -0.852404 -3.075788
v 18.454723 -0.852404 -2.460630
v 18.454723 -0.852404 -1.845472
v 18.454725 -0.852404 -1.230315
v 18.454725 -0.852404 -0.615157
v 18.454725 -0.852404 0.000000
v 18.454723 -0.852404 0.615158
v 18.454723 -0.852404 1.230315
v 18.454723 -0.852404 1.845472
v 18.454723 -0.852404 2.460630
v 18.454723 -0.852404 3.075788
v 18.454725 -0.852404 3.690945
v 18.454725 -0.852404 4.306102
v 18.454725 -0.852404 4.921260
v 18.454723 -0.852404 5.536417
v 18.454723 -0.852404 6.151575
v 18.454723 -0.852404 6.766733
v 18.454723 -0.852404 7.381890
v 18.454723 -0.852404 7.997048
v 18.454725 -0.852404 8.612205
v 18.454725 -0.852404 9.227362
v 18.454725 -0.852404 9.842520
v 18.454723 -0.852404 10.457678
v 18.454723 -0.852404 11.072835
v 18.454723 -0.852404 11.687993
v 18.454723 -0.852404 12.303150
v 18.454723 -0.852404 12.918308
v 18.454725 -0.852404 13.533465
v 18.454725 -0.852404 14.148623
v 18.454725 -0.852404 14.763781
v 18.454723 -0.852404 15.378937
v 18.454723 -0.852404 15.994094
v 18.454723 -0.852404 16.609251
v 18.454723 -0.843140 17.224409
v 18.454723 -0.824613 17.839567
v 18.454725 -0.824613 18.454723
v 18.454725 -0.824613 19.069881
v 18.454725 -0.833876 19.685040
v 19.069883 -0.852404 -19.685040
v 19.069883 -0.852404 -19.069883
v 19.069881 -0.852404 -18.454725
v 19.069881 -0.852404 -17.839567
v 19.069881 -0.852404 -17.224411
v 19.069881 -0.852404 -16.609253
v 19.069883 -0.852404 -15.994096
v 19.069883 -0.852404 -15.378937
v 19.069883 -0.852404 -14.763779
v 19.069883 -0.852404 -14.148622
v 19.069881 -0.852404 -13.533464
v 19.069881 -0.852404 -12.918306
v 19.069881 -0.852404 -12.303149
v 19.069881 -0.852404 -11.687993
v 19.069883 -0.852404 -11.072835
v 19.069883 -0.852404 -10.457678
v 19.069883 -0.852404 -9.842520
v 19.069883 -0.852404 -9.227363
v 19.069881 -0.852404 -8.612206
v 19.069881 -0.852404 -7.997048
v 19.069881 -0.852404 -7.381890
v 19.069881 -0.852404 -6.766732
v 19.069883 -0.852404 -6.151575
v 19.069883 -0.852404 -5.536417
v 19.069883 -0.852404 -4.921260
v 19.069883 -0.852404 -4.306102
v 19.069881 -0.852404 -3.690945
v 19.069881 -0.852404 -3.075788
v 19.069881 -0.852404 -2.460630
v 19.069881 -0.852404 -1.845472
v 19.069883 -0.852404 -1.230315
v 19.069883 -0.852404 -0.615157
v 19.069883 -0.852404 0.000000
v 19.069883 -0.852404 0.615158
v 19.069881 -0.852404 1.230315
v 19.069881 -0.852404 1.845472
v 19.069881 -0.852404 2.460630
v 19.069881 -0.852404 3.075788
v 19.069883 -0.852404 3.690945
v 19.069883 -0.852404 4.306102
v 19.069883 -0.852404 4.921260
v 19.069883 -0.852404 5.536417
v 19.069881 -0.852404 6.151575
v 19.069881 -0.852404 6.766733
v 19.069881 -0.852404 7.381890
v 19.069881 -0.852404 7.997047
v 19.069883 -0.852404 8.612205
v 19.069883 -0.852404 9.227362
v 19.069883 -0.852404 9.842520
v 19.069883 -0.852404 10.457678
v 19.069881 -0.852404 11.072835
v 19.069881 -0.852404 11.687993
v 19.069881 -0.852404 12.303150
v 19.069881 -0.852404 12.918308
v 19.069883 -0.852404 13.533465
v 19.069883 -0.852404 14.148622
v 19.069883 -0.852404 14.763779
v 19.069883 -0.852404 15.378937
v 19.069881 -0.852404 15.994094
v 19.069881 -0.852404 16.609251
v 19.069881 -0.843140 17.224409
v 19.069881 -0.843140 17.839567
v 19.069883 -0.833876 18.454723
v 19.069883 -0.824613 19.069883
v 19.069883 -0.824613 19.685040
v 19.685040 -0.852404 -19.685040
v 19.685040 -0.852404 -19.069883
v 19.685040 -0.852404 -18.454725
v 19.685040 -0.852404 -17.839567
v 19.685040 -0.852404 -17.224411
v 19.685040 -0.852404 -16.609251
v 19.685040 -0.852404 -15.994094
v 19.685040 -0.852404 -15.378937
v 19.685040 -0.852404 -14.763779
v 19.685040 -0.852404 -14.148622
v 19.685040 -0.852404 -13.533464
v 19.685040 -0.852404 -12.918306
v 19.685040 -0.852404 -12.303150
v 19.685040 -0.852404 -11.687993
v 19.685040 -0.852404 -11.072835
v 19.685040 -0.852404 -10.457678
v 19.685040 -0.852404 -9.842520
v 19.685040 -0.852404 -9.227363
v 19.685040 -0.852404 -8.612206
v 19.685040 -0.852404 -7.997047
v 19.685040 -0.852404 -7.381889
v 19.685040 -0.852404 -6.766732
v 19.685040 -0.852404 -6.151575
v 19.685040 -0.852404 -5.536417
v 19.685040 -0.852404 -4.921260
v 19.685040 -0.852404 -4.306103
v 19.685040 -0.852404 -3.690945
v 19.685040 -0.852404 -3.075788
v 19.685040 -0.852404 -2.460630
v 19.685040 -0.852404 -1.845472
v 19.685040 -0.852404 -1.230315
v 19.685040 -0.852404 -0.615157
v 19.685040 -0.852404 0.000000
v 19.685040 -0.852404 0.615158
v 19.685040 -0.852404 1.230315
v 19.685040 -0.852404 1.845472
v 19.685040 -0.852404 2.460630
v 19.685040 -0.852404 3.075788
v 19.685040 -0.852404 3.690945
v 19.685040 -0.852404 4.306102
v 19.685040 -0.852404 4.921260
v 19.685040 -0.852404 5.536417
v 19.685040 -0.852404 6.151575
v 19.685040 -0.852404 6.766732
v 19.685040 -0.852404 7.381889
v 19.685040 -0.852404 7.997047
v 19.685040 -0.852404 8.612206
v 19.685040 -0.852404 9.227363
v 19.685040 -0.852404 9.842520
v 19.685040 -0.852404 10.457678
v 19.685040 -0.852404 11.072835
v 19.685040 -0.852404 11.687993
v 19.685040 -0.852404 12.303150
v 19.685040 -0.852404 12.918306
v 19.685040 -0.852404 13.533464
v 19.685040 -0.852404 14.148622
v 19.685040 -0.852404 14.763779
v 19.685040 -0.852404 15.378937
v 19.685040 -0.852404 15.994094
v 19.685040 -0.852404 16.609251
v 19.685040 -0.843140 17.224411
v 19.685040 -0.852404 17.839567
v 19.685040 -0.843140 18.454725
v 19.685040 -0.833876 19.069883
v 19.685040 -0.833876 19.685040
# 4225 vertices

vt 0.000500 0.983891
vt 0.000500 0.999500
vt 0.016109 0.983891
vt 0.016109 0.999500
vt 0.031718 0.983891
vt 0.031718 0.999500
vt 0.047328 0.983891
vt 0.047328 0.999500
vt 0.062937 0.983891
vt 0.062937 0.999500
vt 0.078547 0.983891
vt 0.078547 0.999500
vt 0.094156 0.983891
vt 0.094156 0.999500
vt 0.109765 0.983891
vt 0.109765 0.999500
vt 0.125375 0.983891
vt 0.125375 0.999500
vt 0.140984 0.983891
vt 0.140984 0.999500
vt 0.156594 0.983891
vt 0.156594 0.999500
vt 0.172203 0.983891
vt 0.172203 0.999500
vt 0.187812 0.983891
vt 0.187812 0.999500
vt 0.203422 0.983891
vt 0.203422 0.999500
vt 0.219031 0.983891
vt 0.219031 0.999500
vt 0.234641 0.983891
vt 0.234641 0.999500
vt 0.250250 0.983891
vt 0.250250 0.999500
vt 0.265859 0.983891
vt 0.265859 0.999500
vt 0.281469 0.983891
vt 0.281469 0.999500
vt 0.297078 0.983891
vt 0.297078 0.999500
vt 0.312688 0.983891
vt 0.312688 0.999500
vt 0.328297 0.983891
vt 0.328297 0.999500
vt 0.343906 0.983891
vt 0.343906 0.999500
vt 0.359516 0.983891
vt 0.359516 0.999500
vt 0.375125 0.983891
vt 0.375125 0.999500
vt 0.390735 0.983891
vt 0.390735 0.999500
vt 0.406344 0.983891
vt 0.406344 0.999500
vt 0.421953 0.983891
vt 0.421953 0.999500
vt 0.437563 0.983891
vt 0.437563 0.999500
vt 0.453172 0.983891
vt 0.453172 0.999500
vt 0.468782 0.983891
vt 0.468782 0.999500
vt 0.484391 0.983891
vt 0.484391 0.999500
vt 0.500000 0.983891
vt 0.500000 0.999500
vt 0.515610 0.983891
vt 0.515610 0.999500
vt 0.531219 0.983891
vt 0.531219 0.999500
vt 0.546829 0.983891
vt 0.546829 0.999500
vt 0.562438 0.983891
vt 0.562438 0.999500
vt 0.578047 0.983891
vt 0.578047 0.999500
vt 0.593657 0.983891
vt 0.593657 0.999500
vt 0.609266 0.983891
vt 0.609266 0.999500
vt 0.624876 0.983891
vt 0.624876 0.999500
vt 0.640485 0.983891
vt 0.640485 0.999500
vt 0.656094 0.983891
vt 0.656094 0.999500
vt 0.671704 0.983891
vt 0.671704 0.999500
vt 0.687313 0.983891
vt 0.687313 0.999500
vt 0.702923 0.983891
vt 0.702923 0.999500
vt 0.718532 0.983891
vt 0.718532 0.999500
vt 0.734141 0.983891
vt 0.734141 0.999500
vt 0.749751 0.983891
vt 0.749751 0.999500
vt 0.765360 0.983891
vt 0.765360 0.999500
vt 0.780970 0.983891
vt 0.780970 0.999500
vt 0.796579 0.983891
vt 0.796579 0.999500
vt 0.812188 0.983891
vt 0.812188 0.999500
vt 0.827798 0.983891
vt 0.827798 0.999500
vt 0.843407 0.983891
vt 0.843407 0.999500
vt 0.859017 0.983891
vt 0.859017 0.999500
vt 0.874626 0.983891
vt 0.874626 0.999500
vt 0.890235 0.983891
vt 0.890235 0.999500
vt 0.905845 0.983891
vt 0.905845 0.999500
vt 0.921454 0.983891
vt 0.921454 0.999500
vt 0.937064 0.983891
vt 0.937064 0.999500
vt 0.952673 0.983891
vt 0.952673 0.999500
vt 0.968282 0.983891
vt 0.968282 0.999500
vt 0.983892 0.983891
vt 0.983892 0.999500
vt 0.999501 0.983891
vt 0.999501 0.999500
vt 0.000500 0.968281
vt 0.016109 0.968281
vt 0.031718 0.968281
vt 0.047328 0.968281
vt 0.062937 0.968281
vt 0.078547 0.968281
vt 0.094156 0.968281
vt 0.109765 0.968281
vt 0.125375 0.968281
vt 0.140984 0.968281
vt 0.156594 0.968282
vt 0.172203 0.968281
vt 0.187812 0.968281
vt 0.203422 0.968281
vt 0.219031 0.968281
vt 0.234641 0.968281
vt 0.250250 0.968282
vt 0.265859 0.968282
vt 0.281469 0.968282
vt 0.297078 0.968282
vt 0.312688 0.968282
vt 0.328297 0.968282
vt 0.343906 0.968282
vt 0.359516 0.968282
vt 0.375125 0.968282
vt 0.390735 0.968282
vt 0.406344 0.968282
vt 0.421953 0.968282
vt 0.437563 0.968282
vt 0.453172 0.968282
vt 0.468782 0.968282
vt 0.484391 0.968282
vt 0.500000 0.968282
vt 0.515610 0.968282
vt 0.531219 0.968282
vt 0.546829 0.968282
vt 0.562438 0.968282
vt 0.578047 0.968282
vt 0.593657 0.968282
vt 0.609266 0.968282
vt 0.624876 0.968282
vt 0.640485 0.968282
vt 0.656094 0.968282
vt 0.671704 0.968282
vt 0.687313 0.968282
vt 0.702923 0.968282
vt 0.718532 0.968282
vt 0.734141 0.968282
vt 0.749751 0.968282
vt 0.765360 0.968282
vt 0.780970 0.968282
vt 0.796579 0.968282
vt 0.812188 0.968282
vt 0.827798 0.968282
vt 0.843407 0.968282
vt 0.859017 0.968282
vt 0.874626 0.968282
vt 0.890235 0.968282
vt 0.905845 0.968282
vt 0.921454 0.968282
vt 0.937064 0.968282
vt 0.952673 0.968282
vt 0.968282 0.968282
vt 0.983892 0.968282
vt 0.999501 0.968282
vt 0.000500 0.952672
vt 0.016109 0.952672
vt 0.031718 0.952672
vt 0.047328 0.952672
vt 0.062937 0.952672
vt 0.078547 0.952672
vt 0.094156 0.952672
vt 0.109765 0.952672
vt 0.125375 0.952672
vt 0.140984 0.952672
vt 0.156594 0.952672
vt 0.172203 0.952672
vt 0.187812 0.952672
vt 0.203422 0.952672
vt 0.219031 0.952672
vt 0.234641 0.952672
vt 0.250250 0.952672
vt 0.265859 0.952672
vt 0.281469 0.952672
vt 0.297078 0.952672
vt 0.312688 0.952672
vt 0.328297 0.952672
vt 0.343906 0.952672
vt 0.359516 0.952672
vt 0.375125 0.952672
vt 0.390735 0.952672
vt 0.406344 0.952672
vt 0.421953 0.952672
vt 0.437563 0.952672
vt 0.453172 0.952672
vt 0.468782 0.952672
vt 0.484391 0.952672
vt 0.500000 0.952672
vt 0.515610 0.952672
vt 0.531219 0.952672
vt 0.546829 0.952672
vt 0.562438 0.952672
vt 0.578047 0.952672
vt 0.593657 0.952672
vt 0.609266 0.952672
vt 0.624876 0.952672
vt 0.640485 0.952672
vt 0.656094 0.952672
vt 0.671704 0.952672
vt 0.687313 0.952672
vt 0.702923 0.952672
vt 0.718532 0.952672
vt 0.734141 0.952672
vt 0.749751 0.952672
vt 0.765360 0.952672
vt 0.780970 0.952672
vt 0.796579 0.952672
vt 0.812188 0.952672
vt 0.827798 0.952672
vt 0.843407 0.952672
vt 0.859017 0.952672
vt 0.874626 0.952672
vt 0.890235 0.952672
vt 0.905845 0.952672
vt 0.921454 0.952672
vt 0.937064 0.952672
vt 0.952673 0.952672
vt 0.968282 0.952672
vt 0.983892 0.952672
vt 0.999501 0.952672
vt 0.000500 0.937063
vt 0.016109 0.937063
vt 0.031718 0.937063
vt 0.047328 0.937063
vt 0.062937 0.937063
vt 0.078547 0.937063
vt 0.094156 0.937063
vt 0.109765 0.937063
vt 0.125375 0.937063
vt 0.140984 0.937063
vt 0.156594 0.937063
vt 0.172203 0.937063
vt 0.187812 0.937063
vt 0.203422 0.937063
vt 0.219031 0.937063
vt 0.234641 0.937063
vt 0.250250 0.937063
vt 0.265859 0.937063
vt 0.281469 0.937063
vt 0.297078 0.937063
vt 0.312688 0.937063
vt 0.328297 0.937063
vt 0.343906 0.937063
vt 0.359516 0.937063
vt 0.375125 0.937063
vt 0.390735 0.937063
vt 0.406344 0.937063
vt 0.421953 0.937063
vt 0.437563 0.937063
vt 0.453172 0.937063
vt 0.468782 0.937063
vt 0.484391 0.937063
vt 0.500000 0.937063
vt 0.515610 0.937063
vt 0.531219 0.937063
vt 0.546829 0.937063
vt 0.562438 0.937063
vt 0.578047 0.937063
vt 0.593657 0.937063
vt 0.609266 0.937063
vt 0.624876 0.937063
vt 0.640485 0.937063
vt 0.656094 0.937063
vt 0.671704 0.937063
vt 0.687313 0.937063
vt 0.702923 0.937063
vt 0.718532 0.937063
vt 0.734141 0.937063
vt 0.749751 0.937063
vt 0.765360 0.937063
vt 0.780970 0.937063
vt 0.796579 0.937063
vt 0.812188 0.937063
vt 0.827798 0.937063
vt 0.843407 0.937063
vt 0.859017 0.937063
vt 0.874626 0.937063
vt 0.890235 0.937063
vt 0.905845 0.937063
vt 0.921454 0.937063
vt 0.937064 0.937063
vt 0.952673 0.937063
vt 0.968282 0.937063
vt 0.983892 0.937063
vt 0.999501 0.937063
vt 0.000500 0.921453
vt 0.016109 0.921453
vt 0.031718 0.921453
vt 0.047328 0.921453
vt 0.062937 0.921453
vt 0.078547 0.921453
vt 0.094156 0.921453
vt 0.109765 0.921453
vt 0.125375 0.921453
vt 0.140984 0.921453
vt 0.156594 0.921453
vt 0.172203 0.921453
vt 0.187812 0.921453
vt 0.203422 0.921453
vt 0.219031 0.921453
vt 0.234641 0.921453
vt 0.250250 0.921453
vt 0.265859 0.921453
vt 0.281469 0.921453
vt 0.297078 0.921453
vt 0.312688 0.921453
vt 0.328297 0.921453
vt 0.343906 0.921453
vt 0.359516 0.921453
vt 0.375125 0.921453
vt 0.390735 0.921453
vt 0.406344 0.921453
vt 0.421953 0.921453
vt 0.437563 0.921453
vt 0.453172 0.921453
vt 0.468782 0.921453
vt 0.484391 0.921453
vt 0.500000 0.921453
vt 0.515610 0.921453
vt 0.531219 0.921453
vt 0.546829 0.921453
vt 0.562438 0.921453
vt 0.578047 0.921453
vt 0.593657 0.921453
vt 0.609266 0.921453
vt 0.624876 0.921453
vt 0.640485 0.921453
vt 0.656094 0.921453
vt 0.671704 0.921453
vt 0.687313 0.921453
vt 0.702923 0.921453
vt 0.718532 0.921453
vt 0.734141 0.921453
vt 0.749751 0.921453
vt 0.765360 0.921453
vt 0.780970 0.921453
vt 0.796579 0.921453
vt 0.812188 0.921453
vt 0.827798 0.921453
vt 0.843407 0.921453
vt 0.859017 0.921453
vt 0.874626 0.921453
vt 0.890235 0.921453
vt 0.905845 0.921453
vt 0.921454 0.921453
vt 0.937064 0.921453
vt 0.952673 0.921453
vt 0.968282 0.921453
vt 0.983892 0.921453
vt 0.999501 0.921453
vt 0.000500 0.905844
vt 0.016109 0.905844
vt 0.031718 0.905844
vt 0.047328 0.905844
vt 0.062937 0.905844
vt 0.078547 0.905844
vt 0.094156 0.905844
vt 0.109765 0.905844
vt 0.125375 0.905844
vt 0.140984 0.905844
vt 0.156594 0.905844
vt 0.172203 0.905844
vt 0.187812 0.905844
vt 0.203422 0.905844
vt 0.219031 0.905844
vt 0.234641 0.905844
vt 0.250250 0.905844
vt 0.265859 0.905844
vt 0.281469 0.905844
vt 0.297078 0.905844
vt 0.312688 0.905844
vt 0.328297 0.905844
vt 0.343906 0.905844
vt 0.359516 0.905844
vt 0.375125 0.905844
vt 0.390735 0.905844
vt 0.406344 0.905844
vt 0.421953 0.905844
vt 0.437563 0.905844
vt 0.453172 0.905844
vt 0.468782 0.905844
vt 0.484391 0.905844
vt 0.500000 0.905844
vt 0.515610 0.905844
vt 0.531219 0.905844
vt 0.546829 0.905844
vt 0.562438 0.905844
vt 0.578047 0.905844
vt 0.593657 0.905844
vt 0.609266 0.905844
vt 0.624876 0.905844
vt 0.640485 0.905844
vt 0.656094 0.905844
vt 0.671704 0.905844
vt 0.687313 0.905844
vt 0.702923 0.905844
vt 0.718532 0.905844
vt 0.734141 0.905844
vt 0.749751 0.905844
vt 0.765360 0.905844
vt 0.780970 0.905844
vt 0.796579 0.905844
vt 0.812188 0.905844
vt 0.827798 0.905844
vt 0.843407 0.905844
vt 0.859017 0.905844
vt 0.874626 0.905844
vt 0.890235 0.905844
vt 0.905845 0.905844
vt 0.921454 0.905844
vt 0.937064 0.905844
vt 0.952673 0.905844
vt 0.968282 0.905844
vt 0.983892 0.905844
vt 0.999501 0.905844
vt 0.000500 0.890234
vt 0.016109 0.890234
vt 0.031718 0.890234
vt 0.047328 0.890234
vt 0.062937 0.890234
vt 0.078547 0.890234
vt 0.094156 0.890234
vt 0.109765 0.890234
vt 0.125375 0.890234
vt 0.140984 0.890234
vt 0.156594 0.890235
vt 0.172203 0.890235
vt 0.187812 0.890235
vt 0.203422 0.890235
vt 0.219031 0.890234
vt 0.234641 0.890234
vt 0.250250 0.890234
vt 0.265859 0.890234
vt 0.281469 0.890235
vt 0.297078 0.890235
vt 0.312688 0.890235
vt 0.328297 0.890235
vt 0.343906 0.890235
vt 0.359516 0.890235
vt 0.375125 0.890235
vt 0.390735 0.890235
vt 0.406344 0.890235
vt 0.421953 0.890235
vt 0.437563 0.890235
vt 0.453172 0.890235
vt 0.468782 0.890235
vt 0.484391 0.890235
vt 0.500000 0.890235
vt 0.515610 0.890235
vt 0.531219 0.890235
vt 0.546829 0.890235
vt 0.562438 0.890235
vt 0.578047 0.890235
vt 0.593657 0.890235
vt 0.609266 0.890235
vt 0.624876 0.890235
vt 0.640485 0.890235
vt 0.656094 0.890235
vt 0.671704 0.890235
vt 0.687313 0.890235
vt 0.702923 0.890235
vt 0.718532 0.890235
vt 0.734141 0.890235
vt 0.749751 0.890235
vt 0.765360 0.890235
vt 0.780970 0.890235
vt 0.796579 0.890235
vt 0.812188 0.890235
vt 0.827798 0.890235
vt 0.843407 0.890235
vt 0.859017 0.890235
vt 0.874626 0.890235
vt 0.890235 0.890235
vt 0.905845 0.890235
vt 0.921454 0.890235
vt 0.937064 0.890235
vt 0.952673 0.890235
vt 0.968282 0.890235
vt 0.983892 0.890235
vt 0.999501 0.890235
vt 0.000500 0.874625
vt 0.016109 0.874625
vt 0.031718 0.874625
vt 0.047328 0.874625
vt 0.062937 0.874625
vt 0.078547 0.874625
vt 0.094156 0.874625
vt 0.109765 0.874625
vt 0.125375 0.874625
vt 0.140984 0.874625
vt 0.156594 0.874625
vt 0.172203 0.874625
vt 0.187812 0.874625
vt 0.203422 0.874625
vt 0.219031 0.874625
vt 0.234641 0.874625
vt 0.250250 0.874625
vt 0.265859 0.874625
vt 0.281469 0.874625
vt 0.297078 0.874625
vt 0.312688 0.874625
vt 0.328297 0.874625
vt 0.343906 0.874625
vt 0.359516 0.874625
vt 0.375125 0.874625
vt 0.390735 0.874625
vt 0.406344 0.874625
vt 0.421953 0.874625
vt 0.437563 0.874625
vt 0.453172 0.874625
vt 0.468782 0.874625
vt 0.484391 0.874625
vt 0.500000 0.874625
vt 0.515610 0.874625
vt 0.531219 0.874625
vt 0.546829 0.874625
vt 0.562438 0.874625
vt 0.578047 0.874625
vt 0.593657 0.874625
vt 0.609266 0.874625
vt 0.624876 0.874625
vt 0.640485 0.874625
vt 0.656094 0.874625
vt 0.671704 0.874625
vt 0.687313 0.874625
vt 0.702923 0.874625
vt 0.718532 0.874625
vt 0.734141 0.874625
vt 0.749751 0.874625
vt 0.765360 0.874625
vt 0.780970 0.874625
vt 0.796579 0.874625
vt 0.812188 0.874625
vt 0.827798 0.874625
vt 0.843407 0.874625
vt 0.859017 0.874625
vt 0.874626 0.874625
vt 0.890235 0.874625
vt 0.905845 0.874625
vt 0.921454 0.874625
vt 0.937064 0.874625
vt 0.952673 0.874625
vt 0.968282 0.874625
vt 0.983892 0.874625
vt 0.999501 0.874625
vt 0.000500 0.859016
vt 0.016109 0.859016
vt 0.031718 0.859016
vt 0.047328 0.859016
vt 0.062937 0.859016
vt 0.078547 0.859016
vt 0.094156 0.859016
vt 0.109765 0.859016
vt 0.125375 0.859016
vt 0.140984 0.859016
vt 0.156594 0.859016
vt 0.172203 0.859016
vt 0.187812 0.859016
vt 0.203422 0.859016
vt 0.219031 0.859016
vt 0.234641 0.859016
vt 0.250250 0.859016
vt 0.265859 0.859016
vt 0.281469 0.859016
vt 0.297078 0.859016
vt 0.312688 0.859016
vt 0.328297 0.859016
vt 0.343906 0.859016
vt 0.359516 0.859016
vt 0.375125 0.859016
vt 0.390735 0.859016
vt 0.406344 0.859016
vt 0.421953 0.859016
vt 0.437563 0.859016
vt 0.453172 0.859016
vt 0.468782 0.859016
vt 0.484391 0.859016
vt 0.500000 0.859016
vt 0.515610 0.859016
vt 0.531219 0.859016
vt 0.546829 0.859016
vt 0.562438 0.859016
vt 0.578047 0.859016
vt 0.593657 0.859016
vt 0.609266 0.859016
vt 0.624876 0.859016
vt 0.640485 0.859016
vt 0.656094 0.859016
vt 0.671704 0.859016
vt 0.687313 0.859016
vt 0.702923 0.859016
vt 0.718532 0.859016
vt 0.734141 0.859016
vt 0.749751 0.859016
vt 0.765360 0.859016
vt 0.780970 0.859016
vt 0.796579 0.859016
vt 0.812188 0.859016
vt 0.827798 0.859016
vt 0.843407 0.859016
vt 0.859017 0.859016
vt 0.874626 0.859016
vt 0.890235 0.859016
vt 0.905845 0.859016
vt 0.921454 0.859016
vt 0.937064 0.859016
vt 0.952673 0.859016
vt 0.968282 0.859016
vt 0.983892 0.859016
vt 0.999501 0.859016
vt 0.000500 0.843406
vt 0.016109 0.843406
vt 0.031718 0.843406
vt 0.047328 0.843406
vt 0.062937 0.843406
vt 0.078547 0.843406
vt 0.094156 0.843406
vt 0.109765 0.843406
vt 0.125375 0.843406
vt 0.140984 0.843406
vt 0.156594 0.843406
vt 0.172203 0.843406
vt 0.187812 0.843406
vt 0.203422 0.843406
vt 0.219031 0.843406
vt 0.234641 0.843406
vt 0.250250 0.843406
vt 0.265859 0.843406
vt 0.281469 0.843406
vt 0.297078 0.843406
vt 0.312688 0.843406
vt 0.328297 0.843406
vt 0.343906 0.843406
vt 0.359516 0.843406
vt 0.375125 0.843406
vt 0.390735 0.843406
vt 0.406344 0.843406
vt 0.421953 0.843406
vt 0.437563 0.843406
vt 0.453172 0.843406
vt 0.468782 0.843406
vt 0.484391 0.843406
vt 0.500000 0.843406
vt 0.515610 0.843406
vt 0.531219 0.843406
vt 0.546829 0.843406
vt 0.562438 0.843406
vt 0.578047 0.843406
vt 0.593657 0.843406
vt 0.609266 0.843406
vt 0.624876 0.843406
vt 0.640485 0.843406
vt 0.656094 0.843406
vt 0.671704 0.843406
vt 0.687313 0.843406
vt 0.702923 0.843406
vt 0.718532 0.843406
vt 0.734141 0.843406
vt 0.749751 0.843406
vt 0.765360 0.843406
vt 0.780970 0.843406
vt 0.796579 0.843406
vt 0.812188 0.843406
vt 0.827798 0.843406
vt 0.843407 0.843406
vt 0.859017 0.843406
vt 0.874626 0.843406
vt 0.890235 0.843406
vt 0.905845 0.843406
vt 0.921454 0.843406
vt 0.937064 0.843406
vt 0.952673 0.843406
vt 0.968282 0.843406
vt 0.983892 0.843406
vt 0.999501 0.843406
vt 0.000500 0.827797
vt 0.016109 0.827797
vt 0.031718 0.827797
vt 0.047328 0.827797
vt 0.062937 0.827797
vt 0.078547 0.827797
vt 0.094156 0.827797
vt 0.109765 0.827797
vt 0.125375 0.827797
vt 0.140984 0.827797
vt 0.156594 0.827797
vt 0.172203 0.827797
vt 0.187812 0.827797
vt 0.203422 0.827797
vt 0.219031 0.827797
vt 0.234641 0.827797
vt 0.250250 0.827797
vt 0.265859 0.827797
vt 0.281469 0.827797
vt 0.297078 0.827797
vt 0.312688 0.827797
vt 0.328297 0.827797
vt 0.343906 0.827797
vt 0.359516 0.827797
vt 0.375125 0.827797
vt 0.390735 0.827797
vt 0.406344 0.827797
vt 0.421953 0.827797
vt 0.437563 0.827797
vt 0.453172 0.827797
vt 0.468782 0.827797
vt 0.484391 0.827797
vt 0.500000 0.827797
vt 0.515610 0.827797
vt 0.531219 0.827797
vt 0.546829 0.827797
vt 0.562438 0.827797
vt 0.578047 0.827797
vt 0.593657 0.827797
vt 0.609266 0.827797
vt 0.624876 0.827797
vt 0.640485 0.827797
vt 0.656094 0.827797
vt 0.671704 0.827797
vt 0.687313 0.827797
vt 0.702923 0.827797
vt 0.718532 0.827797
vt 0.734141 0.827797
vt 0.749751 0.827797
vt 0.765360 0.827797
vt 0.780970 0.827797
vt 0.796579 0.827797
vt 0.812188 0.827797
vt 0.827798 0.827797
vt 0.843407 0.827797
vt 0.859017 0.827797
vt 0.874626 0.827797
vt 0.890235 0.827797
vt 0.905845 0.827797
vt 0.921454 0.827797
vt 0.937064 0.827797
vt 0.952673 0.827797
vt 0.968282 0.827797
vt 0.983892 0.827797
vt 0.999501 0.827797
vt 0.000500 0.812187
vt 0.016109 0.812187
vt 0.031718 0.812187
vt 0.047328 0.812187
vt 0.062937 0.812187
vt 0.078547 0.812187
vt 0.094156 0.812187
vt 0.109765 0.812187
vt 0.125375 0.812187
vt 0.140984 0.812187
vt 0.156594 0.812187
vt 0.172203 0.812187
vt 0.187812 0.812187
vt 0.203422 0.812187
vt 0.219031 0.812187
vt 0.234641 0.812187
vt 0.250250 0.812187
vt 0.265859 0.812187
vt 0.281469 0.812187
vt 0.297078 0.812187
vt 0.312688 0.812188
vt 0.328297 0.812188
vt 0.343906 0.812188
vt 0.359516 0.812188
vt 0.375125 0.812188
vt 0.390735 0.812187
vt 0.406344 0.812188
vt 0.421953 0.812188
vt 0.437563 0.812188
vt 0.453172 0.812188
vt 0.468782 0.812188
vt 0.484391 0.812188
vt 0.500000 0.812188
vt 0.515610 0.812188
vt 0.531219 0.812188
vt 0.546829 0.812188
vt 0.562438 0.812188
vt 0.578047 0.812188
vt 0.593657 0.812188
vt 0.609266 0.812188
vt 0.624876 0.812188
vt 0.640485 0.812188
vt 0.656094 0.812188
vt 0.671704 0.812188
vt 0.687313 0.812188
vt 0.702923 0.812188
vt 0.718532 0.812188
vt 0.734141 0.812188
vt 0.749751 0.812188
vt 0.765360 0.812188
vt 0.780970 0.812188
vt 0.796579 0.812188
vt 0.812188 0.812188
vt 0.827798 0.812188
vt 0.843407 0.812188
vt 0.859017 0.812188
vt 0.874626 0.812188
vt 0.890235 0.812188
vt 0.905845 0.812188
vt 0.921454 0.812188
vt 0.937064 0.812188
vt 0.952673 0.812188
vt 0.968282 0.812188
vt 0.983892 0.812188
vt 0.999501 0.812188
vt 0.000500 0.796578
vt 0.016109 0.796578
vt 0.031718 0.796578
vt 0.047328 0.796578
vt 0.062937 0.796578
vt 0.078547 0.796578
vt 0.094156 0.796578
vt 0.109765 0.796578
vt 0.125375 0.796578
vt 0.140984 0.796578
vt 0.156594 0.796578
vt 0.172203 0.796578
vt 0.187812 0.796578
vt 0.203422 0.796578
vt 0.219031 0.796578
vt 0.234641 0.796578
vt 0.250250 0.796578
vt 0.265859 0.796578
vt 0.281469 0.796578
vt 0.297078 0.796578
vt 0.312688 0.796578
vt 0.328297 0.796578
vt 0.343906 0.796578
vt 0.359516 0.796578
vt 0.375125 0.796578
vt 0.390735 0.796578
vt 0.406344 0.796578
vt 0.421953 0.796578
vt 0.437563 0.796578
vt 0.453172 0.796578
vt 0.468782 0.796578
vt 0.484391 0.796578
vt 0.500000 0.796578
vt 0.515610 0.796578
vt 0.531219 0.796578
vt 0.546829 0.796578
vt 0.562438 0.796578
vt 0.578047 0.796578
vt 0.593657 0.796578
vt 0.609266 0.796578
vt 0.624876 0.796578
vt 0.640485 0.796578
vt 0.656094 0.796578
vt 0.671704 0.796578
vt 0.687313 0.796578
vt 0.702923 0.796578
vt 0.718532 0.796578
vt 0.734141 0.796578
vt 0.749751 0.796578
vt 0.765360 0.796578
vt 0.780970 0.796578
vt 0.796579 0.796578
vt 0.812188 0.796578
vt 0.827798 0.796578
vt 0.843407 0.796578
vt 0.859017 0.796578
vt 0.874626 0.796578
vt 0.890235 0.796578
vt 0.905845 0.796578
vt 0.921454 0.796578
vt 0.937064 0.796578
vt 0.952673 0.796578
vt 0.968282 0.796578
vt 0.983892 0.796578
vt 0.999501 0.796578
vt 0.000500 0.780969
vt 0.016109 0.780969
vt 0.031718 0.780969
vt 0.047328 0.780969
vt 0.062937 0.780969
vt 0.078547 0.780969
vt 0.094156 0.780969
vt 0.109765 0.780969
vt 0.125375 0.780969
vt 0.140984 0.780969
vt 0.156594 0.780969
vt 0.172203 0.780969
vt 0.187812 0.780969
vt 0.203422 0.780969
vt 0.219031 0.780969
vt 0.234641 0.780969
vt 0.250250 0.780969
vt 0.265859 0.780969
vt 0.281469 0.780969
vt 0.297078 0.780969
vt 0.312688 0.780969
vt 0.328297 0.780969
vt 0.343906 0.780969
vt 0.359516 0.780969
vt 0.375125 0.780969
vt 0.390735 0.780969
vt 0.406344 0.780969
vt 0.421953 0.780969
vt 0.437563 0.780969
vt 0.453172 0.780969
vt 0.468782 0.780969
vt 0.484391 0.780969
vt 0.500000 0.780969
vt 0.515610 0.780969
vt 0.531219 0.780969
vt 0.546829 0.780969
vt 0.562438 0.780969
vt 0.578047 0.780969
vt 0.593657 0.780969
vt 0.609266 0.780969
vt 0.624876 0.780969
vt 0.640485 0.780969
vt 0.656094 0.780969
vt 0.671704 0.780969
vt 0.687313 0.780969
vt 0.702923 0.780969
vt 0.718532 0.780969
vt 0.734141 0.780969
vt 0.749751 0.780969
vt 0.765360 0.780969
vt 0.780970 0.780969
vt 0.796579 0.780969
vt 0.812188 0.780969
vt 0.827798 0.780969
vt 0.843407 0.780969
vt 0.859017 0.780969
vt 0.874626 0.780969
vt 0.890235 0.780969
vt 0.905845 0.780969
vt 0.921454 0.780969
vt 0.937064 0.780969
vt 0.952673 0.780969
vt 0.968282 0.780969
vt 0.983892 0.780969
vt 0.999501 0.780969
vt 0.000500 0.765359
vt 0.016109 0.765359
vt 0.031718 0.765359
vt 0.047328 0.765359
vt 0.062937 0.765359
vt 0.078547 0.765359
vt 0.094156 0.765359
vt 0.109765 0.765359
vt 0.125375 0.765359
vt 0.140984 0.765359
vt 0.156594 0.765359
vt 0.172203 0.765359
vt 0.187812 0.765359
vt 0.203422 0.765359
vt 0.219031 0.765359
vt 0.234641 0.765359
vt 0.250250 0.765359
vt 0.265859 0.765359
vt 0.281469 0.765359
vt 0.297078 0.765359
vt 0.312688 0.765359
vt 0.328297 0.765359
vt 0.343906 0.765359
vt 0.359516 0.765359
vt 0.375125 0.765359
vt 0.390735 0.765359
vt 0.406344 0.765359
vt 0.421953 0.765359
vt 0.437563 0.765359
vt 0.453172 0.765359
vt 0.468782 0.765359
vt 0.484391 0.765359
vt 0.500000 0.765359
vt 0.515610 0.765359
vt 0.531219 0.765359
vt 0.546829 0.765359
vt 0.562438 0.765359
vt 0.578047 0.765359
vt 0.593657 0.765359
vt 0.609266 0.765359
vt 0.624876 0.765359
vt 0.640485 0.765359
vt 0.656094 0.765359
vt 0.671704 0.765359
vt 0.687313 0.765359
vt 0.702923 0.765359
vt 0.718532 0.765359
vt 0.734141 0.765359
vt 0.749751 0.765359
vt 0.765360 0.765359
vt 0.780970 0.765359
vt 0.796579 0.765359
vt 0.812188 0.765359
vt 0.827798 0.765359
vt 0.843407 0.765359
vt 0.859017 0.765359
vt 0.874626 0.765359
vt 0.890235 0.765359
vt 0.905845 0.765359
vt 0.921454 0.765359
vt 0.937064 0.765359
vt 0.952673 0.765359
vt 0.968282 0.765359
vt 0.983892 0.765359
vt 0.999501 0.765359
vt 0.000500 0.749750
vt 0.016109 0.749750
vt 0.031718 0.749750
vt 0.047328 0.749750
vt 0.062937 0.749750
vt 0.078547 0.749750
vt 0.094156 0.749750
vt 0.109765 0.749750
vt 0.125375 0.749750
vt 0.140984 0.749750
vt 0.156594 0.749750
vt 0.172203 0.749750
vt 0.187812 0.749750
vt 0.203422 0.749750
vt 0.219031 0.749750
vt 0.234641 0.749750
vt 0.250250 0.749750
vt 0.265859 0.749750
vt 0.281469 0.749750
vt 0.297078 0.749750
vt 0.312688 0.749750
vt 0.328297 0.749750
vt 0.343906 0.749750
vt 0.359516 0.749750
vt 0.375125 0.749750
vt 0.390735 0.749750
vt 0.406344 0.749750
vt 0.421953 0.749750
vt 0.437563 0.749750
vt 0.453172 0.749750
vt 0.468782 0.749750
vt 0.484391 0.749750
vt 0.500000 0.749750
vt 0.515610 0.749750
vt 0.531219 0.749750
vt 0.546829 0.749750
vt 0.562438 0.749750
vt 0.578047 0.749750
vt 0.593657 0.749750
vt 0.609266 0.749750
vt 0.624876 0.749750
vt 0.640485 0.749750
vt 0.656094 0.749750
vt 0.671704 0.749750
vt 0.687313 0.749750
vt 0.702923 0.749750
vt 0.718532 0.749750
vt 0.734141 0.749750
vt 0.749751 0.749750
vt 0.765360 0.749750
vt 0.780970 0.749750
vt 0.796579 0.749750
vt 0.812188 0.749750
vt 0.827798 0.749750
vt 0.843407 0.749750
vt 0.859017 0.749750
vt 0.874626 0.749750
vt 0.890235 0.749750
vt 0.905845 0.749750
vt 0.921454 0.749750
vt 0.937064 0.749750
vt 0.952673 0.749750
vt 0.968282 0.749750
vt 0.983892 0.749750
vt 0.999501 0.749750
vt 0.000500 0.734140
vt 0.016109 0.734140
vt 0.031718 0.734140
vt 0.047328 0.734140
vt 0.062937 0.734140
vt 0.078547 0.734140
vt 0.094156 0.734140
vt 0.109765 0.734140
vt 0.125375 0.734140
vt 0.140984 0.734140
vt 0.156594 0.734140
vt 0.172203 0.734140
vt 0.187812 0.734140
vt 0.203422 0.734140
vt 0.219031 0.734140
vt 0.234641 0.734140
vt 0.250250 0.734141
vt 0.265859 0.734141
vt 0.281469 0.734140
vt 0.297078 0.734140
vt 0.312688 0.734141
vt 0.328297 0.734141
vt 0.343906 0.734141
vt 0.359516 0.734141
vt 0.375125 0.734141
vt 0.390735 0.734141
vt 0.406344 0.734141
vt 0.421953 0.734141
vt 0.437563 0.734141
vt 0.453172 0.734141
vt 0.468782 0.734141
vt 0.484391 0.734141
vt 0.500000 0.734141
vt 0.515610 0.734141
vt 0.531219 0.734141
vt 0.546829 0.734141
vt 0.562438 0.734141
vt 0.578047 0.734141
vt 0.593657 0.734141
vt 0.609266 0.734141
vt 0.624876 0.734141
vt 0.640485 0.734141
vt 0.656094 0.734141
vt 0.671704 0.734141
vt 0.687313 0.734141
vt 0.702923 0.734141
vt 0.718532 0.734141
vt 0.734141 0.734141
vt 0.749751 0.734141
vt 0.765360 0.734141
vt 0.780970 0.734141
vt 0.796579 0.734141
vt 0.812188 0.734141
vt 0.827798 0.734141
vt 0.843407 0.734141
vt 0.859017 0.734141
vt 0.874626 0.734141
vt 0.890235 0.734141
vt 0.905845 0.734141
vt 0.921454 0.734141
vt 0.937064 0.734141
vt 0.952673 0.734141
vt 0.968282 0.734141
vt 0.983892 0.734141
vt 0.999501 0.734141
vt 0.000500 0.718531
vt 0.016109 0.718531
vt 0.031718 0.718531
vt 0.047328 0.718531
vt 0.062937 0.718531
vt 0.078547 0.718531
vt 0.094156 0.718531
vt 0.109765 0.718531
vt 0.125375 0.718531
vt 0.140984 0.718531
vt 0.156594 0.718531
vt 0.172203 0.718531
vt 0.187812 0.718531
vt 0.203422 0.718531
vt 0.219031 0.718531
vt 0.234641 0.718531
vt 0.250250 0.718531
vt 0.265859 0.718531
vt 0.281469 0.718531
vt 0.297078 0.718531
vt 0.312688 0.718531
vt 0.328297 0.718531
vt 0.343906 0.718531
vt 0.359516 0.718531
vt 0.375125 0.718531
vt 0.390735 0.718531
vt 0.406344 0.718531
vt 0.421953 0.718531
vt 0.437563 0.718531
vt 0.453172 0.718531
vt 0.468782 0.718531
vt 0.484391 0.718531
vt 0.500000 0.718531
vt 0.515610 0.718531
vt 0.531219 0.718531
vt 0.546829 0.718531
vt 0.562438 0.718531
vt 0.578047 0.718531
vt 0.593657 0.718531
vt 0.609266 0.718531
vt 0.624876 0.718531
vt 0.640485 0.718531
vt 0.656094 0.718531
vt 0.671704 0.718531
vt 0.687313 0.718531
vt 0.702923 0.718531
vt 0.718532 0.718531
vt 0.734141 0.718531
vt 0.749751 0.718531
vt 0.765360 0.718531
vt 0.780970 0.718531
vt 0.796579 0.718531
vt 0.812188 0.718531
vt 0.827798 0.718531
vt 0.843407 0.718531
vt 0.859017 0.718531
vt 0.874626 0.718531
vt 0.890235 0.718531
vt 0.905845 0.718531
vt 0.921454 0.718531
vt 0.937064 0.718531
vt 0.952673 0.718531
vt 0.968282 0.718531
vt 0.983892 0.718531
vt 0.999501 0.718531
vt 0.000500 0.702922
vt 0.016109 0.702922
vt 0.031718 0.702922
vt 0.047328 0.702922
vt 0.062937 0.702922
vt 0.078547 0.702922
vt 0.094156 0.702922
vt 0.109765 0.702922
vt 0.125375 0.702922
vt 0.140984 0.702922
vt 0.156594 0.702922
vt 0.172203 0.702922
vt 0.187812 0.702922
vt 0.203422 0.702922
vt 0.219031 0.702922
vt 0.234641 0.702922
vt 0.250250 0.702922
vt 0.265859 0.702922
vt 0.281469 0.702922
vt 0.297078 0.702922
vt 0.312688 0.702922
vt 0.328297 0.702922
vt 0.343906 0.702922
vt 0.359516 0.702922
vt 0.375125 0.702922
vt 0.390735 0.702922
vt 0.406344 0.702922
vt 0.421953 0.702922
vt 0.437563 0.702922
vt 0.453172 0.702922
vt 0.468782 0.702922
vt 0.484391 0.702922
vt 0.500000 0.702922
vt 0.515610 0.702922
vt 0.531219 0.702922
vt 0.546829 0.702922
vt 0.562438 0.702922
vt 0.578047 0.702922
vt 0.593657 0.702922
vt 0.609266 0.702922
vt 0.624876 0.702922
vt 0.640485 0.702922
vt 0.656094 0.702922
vt 0.671704 0.702922
vt 0.687313 0.702922
vt 0.702923 0.702922
vt 0.718532 0.702922
vt 0.734141 0.702922
vt 0.749751 0.702922
vt 0.765360 0.702922
vt 0.780970 0.702922
vt 0.796579 0.702922
vt 0.812188 0.702922
vt 0.827798 0.702922
vt 0.843407 0.702922
vt 0.859017 0.702922
vt 0.874626 0.702922
vt 0.890235 0.702922
vt 0.905845 0.702922
vt 0.921454 0.702922
vt 0.937064 0.702922
vt 0.952673 0.702922
vt 0.968282 0.702922
vt 0.983892 0.702922
vt 0.999501 0.702922
vt 0.000500 0.687312
vt 0.016109 0.687312
vt 0.031718 0.687312
vt 0.047328 0.687312
vt 0.062937 0.687312
vt 0.078547 0.687312
vt 0.094156 0.687312
vt 0.109765 0.687312
vt 0.125375 0.687312
vt 0.140984 0.687312
vt 0.156594 0.687312
vt 0.172203 0.687312
vt 0.187812 0.687312
vt 0.203422 0.687312
vt 0.219031 0.687312
vt 0.234641 0.687312
vt 0.250250 0.687312
vt 0.265859 0.687312
vt 0.281469 0.687312
vt 0.297078 0.687312
vt 0.312688 0.687312
vt 0.328297 0.687312
vt 0.343906 0.687312
vt 0.359516 0.687312
vt 0.375125 0.687312
vt 0.390735 0.687312
vt 0.406344 0.687312
vt 0.421953 0.687312
vt 0.437563 0.687312
vt 0.453172 0.687312
vt 0.468782 0.687312
vt 0.484391 0.687312
vt 0.500000 0.687312
vt 0.515610 0.687312
vt 0.531219 0.687312
vt 0.546829 0.687312
vt 0.562438 0.687312
vt 0.578047 0.687312
vt 0.593657 0.687312
vt 0.609266 0.687312
vt 0.624876 0.687312
vt 0.640485 0.687312
vt 0.656094 0.687312
vt 0.671704 0.687312
vt 0.687313 0.687312
vt 0.702923 0.687312
vt 0.718532 0.687312
vt 0.734141 0.687312
vt 0.749751 0.687312
vt 0.765360 0.687312
vt 0.780970 0.687312
vt 0.796579 0.687312
vt 0.812188 0.687312
vt 0.827798 0.687312
vt 0.843407 0.687312
vt 0.859017 0.687312
vt 0.874626 0.687312
vt 0.890235 0.687312
vt 0.905845 0.687312
vt 0.921454 0.687312
vt 0.937064 0.687312
vt 0.952673 0.687312
vt 0.968282 0.687312
vt 0.983892 0.687312
vt 0.999501 0.687312
vt 0.000500 0.671703
vt 0.016109 0.671703
vt 0.031718 0.671703
vt 0.047328 0.671703
vt 0.062937 0.671703
vt 0.078547 0.671703
vt 0.094156 0.671703
vt 0.109765 0.671703
vt 0.125375 0.671703
vt 0.140984 0.671703
vt 0.156594 0.671703
vt 0.172203 0.671703
vt 0.187812 0.671703
vt 0.203422 0.671703
vt 0.219031 0.671703
vt 0.234641 0.671703
vt 0.250250 0.671703
vt 0.265859 0.671703
vt 0.281469 0.671703
vt 0.297078 0.671703
vt 0.312688 0.671703
vt 0.328297 0.671703
vt 0.343906 0.671703
vt 0.359516 0.671703
vt 0.375125 0.671703
vt 0.390735 0.671703
vt 0.406344 0.671703
vt 0.421953 0.671703
vt 0.437563 0.671703
vt 0.453172 0.671703
vt 0.468782 0.671703
vt 0.484391 0.671703
vt 0.500000 0.671703
vt 0.515610 0.671703
vt 0.531219 0.671703
vt 0.546829 0.671703
vt 0.562438 0.671703
vt 0.578047 0.671703
vt 0.593657 0.671703
vt 0.609266 0.671703
vt 0.624876 0.671703
vt 0.640485 0.671703
vt 0.656094 0.671703
vt 0.671704 0.671703
vt 0.687313 0.671703
vt 0.702923 0.671703
vt 0.718532 0.671703
vt 0.734141 0.671703
vt 0.749751 0.671703
vt 0.765360 0.671703
vt 0.780970 0.671703
vt 0.796579 0.671703
vt 0.812188 0.671703
vt 0.827798 0.671703
vt 0.843407 0.671703
vt 0.859017 0.671703
vt 0.874626 0.671703
vt 0.890235 0.671703
vt 0.905845 0.671703
vt 0.921454 0.671703
vt 0.937064 0.671703
vt 0.952673 0.671703
vt 0.968282 0.671703
vt 0.983892 0.671703
vt 0.999501 0.671703
vt 0.000500 0.656093
vt 0.016109 0.656093
vt 0.031718 0.656093
vt 0.047328 0.656093
vt 0.062937 0.656093
vt 0.078547 0.656093
vt 0.094156 0.656093
vt 0.109765 0.656093
vt 0.125375 0.656093
vt 0.140984 0.656093
vt 0.156594 0.656093
vt 0.172203 0.656093
vt 0.187812 0.656093
vt 0.203422 0.656093
vt 0.219031 0.656093
vt 0.234641 0.656093
vt 0.250250 0.656093
vt 0.265859 0.656093
vt 0.281469 0.656093
vt 0.297078 0.656093
vt 0.312688 0.656094
vt 0.328297 0.656093
vt 0.343906 0.656094
vt 0.359516 0.656094
vt 0.375125 0.656094
vt 0.390735 0.656094
vt 0.406344 0.656094
vt 0.421953 0.656094
vt 0.437563 0.656094
vt 0.453172 0.656094
vt 0.468782 0.656094
vt 0.484391 0.656094
vt 0.500000 0.656094
vt 0.515610 0.656094
vt 0.531219 0.656094
vt 0.546829 0.656094
vt 0.562438 0.656094
vt 0.578047 0.656094
vt 0.593657 0.656094
vt 0.609266 0.656094
vt 0.624876 0.656094
vt 0.640485 0.656094
vt 0.656094 0.656094
vt 0.671704 0.656094
vt 0.687313 0.656094
vt 0.702923 0.656094
vt 0.718532 0.656094
vt 0.734141 0.656094
vt 0.749751 0.656094
vt 0.765360 0.656094
vt 0.780970 0.656094
vt 0.796579 0.656094
vt 0.812188 0.656094
vt 0.827798 0.656094
vt 0.843407 0.656094
vt 0.859017 0.656094
vt 0.874626 0.656094
vt 0.890235 0.656094
vt 0.905845 0.656094
vt 0.921454 0.656094
vt 0.937064 0.656094
vt 0.952673 0.656094
vt 0.968282 0.656094
vt 0.983892 0.656094
vt 0.999501 0.656094
vt 0.000500 0.640484
vt 0.016109 0.640484
vt 0.031718 0.640484
vt 0.047328 0.640484
vt 0.062937 0.640484
vt 0.078547 0.640484
vt 0.094156 0.640484
vt 0.109765 0.640484
vt 0.125375 0.640484
vt 0.140984 0.640484
vt 0.156594 0.640484
vt 0.172203 0.640484
vt 0.187812 0.640484
vt 0.203422 0.640484
vt 0.219031 0.640484
vt 0.234641 0.640484
vt 0.250250 0.640484
vt 0.265859 0.640484
vt 0.281469 0.640484
vt 0.297078 0.640484
vt 0.312688 0.640484
vt 0.328297 0.640484
vt 0.343906 0.640484
vt 0.359516 0.640484
vt 0.375125 0.640484
vt 0.390735 0.640484
vt 0.406344 0.640484
vt 0.421953 0.640484
vt 0.437563 0.640484
vt 0.453172 0.640484
vt 0.468782 0.640484
vt 0.484391 0.640484
vt 0.500000 0.640484
vt 0.515610 0.640484
vt 0.531219 0.640484
vt 0.546829 0.640484
vt 0.562438 0.640484
vt 0.578047 0.640484
vt 0.593657 0.640484
vt 0.609266 0.640484
vt 0.624876 0.640484
vt 0.640485 0.640484
vt 0.656094 0.640484
vt 0.671704 0.640484
vt 0.687313 0.640484
vt 0.702923 0.640484
vt 0.718532 0.640484
vt 0.734141 0.640484
vt 0.749751 0.640484
vt 0.765360 0.640484
vt 0.780970 0.640484
vt 0.796579 0.640484
vt 0.812188 0.640484
vt 0.827798 0.640484
vt 0.843407 0.640484
vt 0.859017 0.640484
vt 0.874626 0.640484
vt 0.890235 0.640484
vt 0.905845 0.640484
vt 0.921454 0.640484
vt 0.937064 0.640484
vt 0.952673 0.640484
vt 0.968282 0.640484
vt 0.983892 0.640484
vt 0.999501 0.640484
vt 0.000500 0.624875
vt 0.016109 0.624875
vt 0.031718 0.624875
vt 0.047328 0.624875
vt 0.062937 0.624875
vt 0.078547 0.624875
vt 0.094156 0.624875
vt 0.109765 0.624875
vt 0.125375 0.624875
vt 0.140984 0.624875
vt 0.156594 0.624875
vt 0.172203 0.624875
vt 0.187812 0.624875
vt 0.203422 0.624875
vt 0.219031 0.624875
vt 0.234641 0.624875
vt 0.250250 0.624875
vt 0.265859 0.624875
vt 0.281469 0.624875
vt 0.297078 0.624875
vt 0.312688 0.624875
vt 0.328297 0.624875
vt 0.343906 0.624875
vt 0.359516 0.624875
vt 0.375125 0.624875
vt 0.390735 0.624875
vt 0.406344 0.624875
vt 0.421953 0.624875
vt 0.437563 0.624875
vt 0.453172 0.624875
vt 0.468782 0.624875
vt 0.484391 0.624875
vt 0.500000 0.624875
vt 0.515610 0.624875
vt 0.531219 0.624875
vt 0.546829 0.624875
vt 0.562438 0.624875
vt 0.578047 0.624875
vt 0.593657 0.624875
vt 0.609266 0.624875
vt 0.624876 0.624875
vt 0.640485 0.624875
vt 0.656094 0.624875
vt 0.671704 0.624875
vt 0.687313 0.624875
vt 0.702923 0.624875
vt 0.718532 0.624875
vt 0.734141 0.624875
vt 0.749751 0.624875
vt 0.765360 0.624875
vt 0.780970 0.624875
vt 0.796579 0.624875
vt 0.812188 0.624875
vt 0.827798 0.624875
vt 0.843407 0.624875
vt 0.859017 0.624875
vt 0.874626 0.624875
vt 0.890235 0.624875
vt 0.905845 0.624875
vt 0.921454 0.624875
vt 0.937064 0.624875
vt 0.952673 0.624875
vt 0.968282 0.624875
vt 0.983892 0.624875
vt 0.999501 0.624875
vt 0.000500 0.609265
vt 0.016109 0.609265
vt 0.031718 0.609265
vt 0.047328 0.609265
vt 0.062937 0.609265
vt 0.078547 0.609265
vt 0.094156 0.609265
vt 0.109765 0.609265
vt 0.125375 0.609265
vt 0.140984 0.609265
vt 0.156594 0.609265
vt 0.172203 0.609265
vt 0.187812 0.609265
vt 0.203422 0.609265
vt 0.219031 0.609265
vt 0.234641 0.609265
vt 0.250250 0.609265
vt 0.265859 0.609265
vt 0.281469 0.609265
vt 0.297078 0.609265
vt 0.312688 0.609265
vt 0.328297 0.609265
vt 0.343906 0.609265
vt 0.359516 0.609265
vt 0.375125 0.609265
vt 0.390735 0.609265
vt 0.406344 0.609265
vt 0.421953 0.609265
vt 0.437563 0.609265
vt 0.453172 0.609265
vt 0.468782 0.609265
vt 0.484391 0.609265
vt 0.500000 0.609265
vt 0.515610 0.609265
vt 0.531219 0.609265
vt 0.546829 0.609265
vt 0.562438 0.609265
vt 0.578047 0.609265
vt 0.593657 0.609265
vt 0.609266 0.609265
vt 0.624876 0.609265
vt 0.640485 0.609265
vt 0.656094 0.609265
vt 0.671704 0.609265
vt 0.687313 0.609265
vt 0.702923 0.609265
vt 0.718532 0.609265
vt 0.734141 0.609265
vt 0.749751 0.609265
vt 0.765360 0.609265
vt 0.780970 0.609265
vt 0.796579 0.609265
vt 0.812188 0.609265
vt 0.827798 0.609265
vt 0.843407 0.609265
vt 0.859017 0.609265
vt 0.874626 0.609265
vt 0.890235 0.609265
vt 0.905845 0.609265
vt 0.921454 0.609265
vt 0.937064 0.609265
vt 0.952673 0.609265
vt 0.968282 0.609265
vt 0.983892 0.609265
vt 0.999501 0.609265
vt 0.000500 0.593656
vt 0.016109 0.593656
vt 0.031718 0.593656
vt 0.047328 0.593656
vt 0.062937 0.593656
vt 0.078547 0.593656
vt 0.094156 0.593656
vt 0.109765 0.593656
vt 0.125375 0.593656
vt 0.140984 0.593656
vt 0.156594 0.593656
vt 0.172203 0.593656
vt 0.187812 0.593656
vt 0.203422 0.593656
vt 0.219031 0.593656
vt 0.234641 0.593656
vt 0.250250 0.593656
vt 0.265859 0.593656
vt 0.281469 0.593656
vt 0.297078 0.593656
vt 0.312688 0.593656
vt 0.328297 0.593656
vt 0.343906 0.593656
vt 0.359516 0.593656
vt 0.375125 0.593656
vt 0.390735 0.593656
vt 0.406344 0.593656
vt 0.421953 0.593656
vt 0.437563 0.593656
vt 0.453172 0.593656
vt 0.468782 0.593656
vt 0.484391 0.593656
vt 0.500000 0.593656
vt 0.515610 0.593656
vt 0.531219 0.593656
vt 0.546829 0.593656
vt 0.562438 0.593656
vt 0.578047 0.593656
vt 0.593657 0.593656
vt 0.609266 0.593656
vt 0.624876 0.593656
vt 0.640485 0.593656
vt 0.656094 0.593656
vt 0.671704 0.593656
vt 0.687313 0.593656
vt 0.702923 0.593656
vt 0.718532 0.593656
vt 0.734141 0.593656
vt 0.749751 0.593656
vt 0.765360 0.593656
vt 0.780970 0.593656
vt 0.796579 0.593656
vt 0.812188 0.593656
vt 0.827798 0.593656
vt 0.843407 0.593656
vt 0.859017 0.593656
vt 0.874626 0.593656
vt 0.890235 0.593656
vt 0.905845 0.593656
vt 0.921454 0.593656
vt 0.937064 0.593656
vt 0.952673 0.593656
vt 0.968282 0.593656
vt 0.983892 0.593656
vt 0.999501 0.593656
vt 0.000500 0.578046
vt 0.016109 0.578046
vt 0.031718 0.578046
vt 0.047328 0.578046
vt 0.062937 0.578046
vt 0.078547 0.578046
vt 0.094156 0.578046
vt 0.109765 0.578046
vt 0.125375 0.578046
vt 0.140984 0.578046
vt 0.156594 0.578046
vt 0.172203 0.578046
vt 0.187812 0.578046
vt 0.203422 0.578046
vt 0.219031 0.578046
vt 0.234641 0.578046
vt 0.250250 0.578047
vt 0.265859 0.578047
vt 0.281469 0.578047
vt 0.297078 0.578047
vt 0.312688 0.578047
vt 0.328297 0.578047
vt 0.343906 0.578047
vt 0.359516 0.578047
vt 0.375125 0.578047
vt 0.390735 0.578047
vt 0.406344 0.578047
vt 0.421953 0.578047
vt 0.437563 0.578047
vt 0.453172 0.578047
vt 0.468782 0.578047
vt 0.484391 0.578047
vt 0.500000 0.578047
vt 0.515610 0.578047
vt 0.531219 0.578047
vt 0.546829 0.578047
vt 0.562438 0.578047
vt 0.578047 0.578047
vt 0.593657 0.578047
vt 0.609266 0.578047
vt 0.624876 0.578047
vt 0.640485 0.578047
vt 0.656094 0.578047
vt 0.671704 0.578047
vt 0.687313 0.578047
vt 0.702923 0.578047
vt 0.718532 0.578047
vt 0.734141 0.578047
vt 0.749751 0.578047
vt 0.765360 0.578047
vt 0.780970 0.578047
vt 0.796579 0.578047
vt 0.812188 0.578047
vt 0.827798 0.578047
vt 0.843407 0.578047
vt 0.859017 0.578047
vt 0.874626 0.578047
vt 0.890235 0.578047
vt 0.905845 0.578047
vt 0.921454 0.578047
vt 0.937064 0.578047
vt 0.952673 0.578047
vt 0.968282 0.578047
vt 0.983892 0.578047
vt 0.999501 0.578047
vt 0.000500 0.562437
vt 0.016109 0.562437
vt 0.031718 0.562437
vt 0.047328 0.562437
vt 0.062937 0.562437
vt 0.078547 0.562437
vt 0.094156 0.562437
vt 0.109765 0.562437
vt 0.125375 0.562437
vt 0.140984 0.562437
vt 0.156594 0.562437
vt 0.172203 0.562437
vt 0.187812 0.562437
vt 0.203422 0.562437
vt 0.219031 0.562437
vt 0.234641 0.562437
vt 0.250250 0.562437
vt 0.265859 0.562437
vt 0.281469 0.562437
vt 0.297078 0.562437
vt 0.312688 0.562437
vt 0.328297 0.562437
vt 0.343906 0.562437
vt 0.359516 0.562437
vt 0.375125 0.562437
vt 0.390735 0.562437
vt 0.406344 0.562437
vt 0.421953 0.562437
vt 0.437563 0.562437
vt 0.453172 0.562437
vt 0.468782 0.562437
vt 0.484391 0.562437
vt 0.500000 0.562437
vt 0.515610 0.562437
vt 0.531219 0.562437
vt 0.546829 0.562437
vt 0.562438 0.562437
vt 0.578047 0.562437
vt 0.593657 0.562437
vt 0.609266 0.562437
vt 0.624876 0.562437
vt 0.640485 0.562437
vt 0.656094 0.562437
vt 0.671704 0.562437
vt 0.687313 0.562437
vt 0.702923 0.562437
vt 0.718532 0.562437
vt 0.734141 0.562437
vt 0.749751 0.562437
vt 0.765360 0.562437
vt 0.780970 0.562437
vt 0.796579 0.562437
vt 0.812188 0.562437
vt 0.827798 0.562437
vt 0.843407 0.562437
vt 0.859017 0.562437
vt 0.874626 0.562437
vt 0.890235 0.562437
vt 0.905845 0.562437
vt 0.921454 0.562437
vt 0.937064 0.562437
vt 0.952673 0.562437
vt 0.968282 0.562437
vt 0.983892 0.562437
vt 0.999501 0.562437
vt 0.000500 0.546828
vt 0.016109 0.546828
vt 0.031718 0.546828
vt 0.047328 0.546828
vt 0.062937 0.546828
vt 0.078547 0.546828
vt 0.094156 0.546828
vt 0.109765 0.546828
vt 0.125375 0.546828
vt 0.140984 0.546828
vt 0.156594 0.546828
vt 0.172203 0.546828
vt 0.187813 0.546828
vt 0.203422 0.546828
vt 0.219031 0.546828
vt 0.234641 0.546828
vt 0.250250 0.546828
vt 0.265859 0.546828
vt 0.281469 0.546828
vt 0.297078 0.546828
vt 0.312688 0.546828
vt 0.328297 0.546828
vt 0.343906 0.546828
vt 0.359516 0.546828
vt 0.375125 0.546828
vt 0.390735 0.546828
vt 0.406344 0.546828
vt 0.421953 0.546828
vt 0.437563 0.546828
vt 0.453172 0.546828
vt 0.468782 0.546828
vt 0.484391 0.546828
vt 0.500000 0.546828
vt 0.515610 0.546828
vt 0.531219 0.546828
vt 0.546829 0.546828
vt 0.562438 0.546828
vt 0.578047 0.546828
vt 0.593657 0.546828
vt 0.609266 0.546828
vt 0.624876 0.546828
vt 0.640485 0.546828
vt 0.656094 0.546828
vt 0.671704 0.546828
vt 0.687313 0.546828
vt 0.702923 0.546828
vt 0.718532 0.546828
vt 0.734141 0.546828
vt 0.749751 0.546828
vt 0.765360 0.546828
vt 0.780970 0.546828
vt 0.796579 0.546828
vt 0.812188 0.546828
vt 0.827798 0.546828
vt 0.843407 0.546828
vt 0.859017 0.546828
vt 0.874626 0.546828
vt 0.890235 0.546828
vt 0.905845 0.546828
vt 0.921454 0.546828
vt 0.937064 0.546828
vt 0.952673 0.546828
vt 0.968282 0.546828
vt 0.983892 0.546828
vt 0.999501 0.546828
vt 0.000500 0.531218
vt 0.016109 0.531218
vt 0.031718 0.531218
vt 0.047328 0.531218
vt 0.062937 0.531218
vt 0.078547 0.531218
vt 0.094156 0.531218
vt 0.109765 0.531218
vt 0.125375 0.531218
vt 0.140984 0.531218
vt 0.156594 0.531218
vt 0.172203 0.531218
vt 0.187813 0.531218
vt 0.203422 0.531218
vt 0.219031 0.531218
vt 0.234641 0.531218
vt 0.250250 0.531218
vt 0.265859 0.531218
vt 0.281469 0.531218
vt 0.297078 0.531218
vt 0.312688 0.531218
vt 0.328297 0.531218
vt 0.343906 0.531218
vt 0.359516 0.531218
vt 0.375125 0.531218
vt 0.390735 0.531218
vt 0.406344 0.531218
vt 0.421953 0.531218
vt 0.437563 0.531218
vt 0.453172 0.531218
vt 0.468782 0.531218
vt 0.484391 0.531218
vt 0.500000 0.531218
vt 0.515610 0.531218
vt 0.531219 0.531218
vt 0.546829 0.531218
vt 0.562438 0.531218
vt 0.578047 0.531218
vt 0.593657 0.531218
vt 0.609266 0.531218
vt 0.624876 0.531218
vt 0.640485 0.531218
vt 0.656094 0.531218
vt 0.671704 0.531218
vt 0.687313 0.531218
vt 0.702923 0.531218
vt 0.718532 0.531218
vt 0.734141 0.531218
vt 0.749751 0.531218
vt 0.765360 0.531218
vt 0.780970 0.531218
vt 0.796579 0.531218
vt 0.812188 0.531218
vt 0.827798 0.531218
vt 0.843407 0.531218
vt 0.859017 0.531218
vt 0.874626 0.531218
vt 0.890235 0.531218
vt 0.905845 0.531218
vt 0.921454 0.531218
vt 0.937064 0.531218
vt 0.952673 0.531218
vt 0.968282 0.531218
vt 0.983892 0.531218
vt 0.999501 0.531218
vt 0.000500 0.515609
vt 0.016109 0.515609
vt 0.031718 0.515609
vt 0.047328 0.515609
vt 0.062937 0.515609
vt 0.078547 0.515609
vt 0.094156 0.515609
vt 0.109765 0.515609
vt 0.125375 0.515609
vt 0.140984 0.515609
vt 0.156594 0.515609
vt 0.172203 0.515609
vt 0.187813 0.515609
vt 0.203422 0.515609
vt 0.219031 0.515609
vt 0.234641 0.515609
vt 0.250250 0.515609
vt 0.265859 0.515609
vt 0.281469 0.515609
vt 0.297078 0.515609
vt 0.312688 0.515609
vt 0.328297 0.515609
vt 0.343906 0.515609
vt 0.359516 0.515609
vt 0.375125 0.515609
vt 0.390735 0.515609
vt 0.406344 0.515609
vt 0.421953 0.515609
vt 0.437563 0.515609
vt 0.453172 0.515609
vt 0.468782 0.515609
vt 0.484391 0.515609
vt 0.500000 0.515609
vt 0.515610 0.515609
vt 0.531219 0.515609
vt 0.546829 0.515609
vt 0.562438 0.515609
vt 0.578047 0.515609
vt 0.593657 0.515609
vt 0.609266 0.515609
vt 0.624876 0.515609
vt 0.640485 0.515609
vt 0.656094 0.515609
vt 0.671704 0.515609
vt 0.687313 0.515609
vt 0.702923 0.515609
vt 0.718532 0.515609
vt 0.734141 0.515609
vt 0.749751 0.515609
vt 0.765360 0.515609
vt 0.780970 0.515609
vt 0.796579 0.515609
vt 0.812188 0.515609
vt 0.827798 0.515609
vt 0.843407 0.515609
vt 0.859017 0.515609
vt 0.874626 0.515609
vt 0.890235 0.515609
vt 0.905845 0.515609
vt 0.921454 0.515609
vt 0.937064 0.515609
vt 0.952673 0.515609
vt 0.968282 0.515609
vt 0.983892 0.515609
vt 0.999501 0.515609
vt 0.000500 0.499999
vt 0.016109 0.499999
vt 0.031718 0.499999
vt 0.047328 0.499999
vt 0.062937 0.499999
vt 0.078547 0.499999
vt 0.094156 0.499999
vt 0.109765 0.499999
vt 0.125375 0.499999
vt 0.140984 0.499999
vt 0.156594 0.499999
vt 0.172203 0.499999
vt 0.187812 0.499999
vt 0.203422 0.499999
vt 0.219031 0.499999
vt 0.234641 0.499999
vt 0.250250 0.499999
vt 0.265859 0.499999
vt 0.281469 0.499999
vt 0.297078 0.499999
vt 0.312688 0.499999
vt 0.328297 0.500000
vt 0.343906 0.500000
vt 0.359516 0.500000
vt 0.375125 0.500000
vt 0.390735 0.500000
vt 0.406344 0.500000
vt 0.421953 0.500000
vt 0.437563 0.500000
vt 0.453172 0.500000
vt 0.468782 0.500000
vt 0.484391 0.500000
vt 0.500000 0.500000
vt 0.515610 0.500000
vt 0.531219 0.500000
vt 0.546829 0.500000
vt 0.562438 0.500000
vt 0.578047 0.500000
vt 0.593657 0.500000
vt 0.609266 0.500000
vt 0.624876 0.500000
vt 0.640485 0.500000
vt 0.656094 0.500000
vt 0.671704 0.500000
vt 0.687313 0.500000
vt 0.702923 0.500000
vt 0.718532 0.500000
vt 0.734141 0.500000
vt 0.749751 0.500000
vt 0.765360 0.500000
vt 0.780970 0.500000
vt 0.796579 0.500000
vt 0.812188 0.500000
vt 0.827798 0.500000
vt 0.843407 0.500000
vt 0.859017 0.500000
vt 0.874626 0.500000
vt 0.890235 0.500000
vt 0.905845 0.500000
vt 0.921454 0.500000
vt 0.937064 0.500000
vt 0.952673 0.500000
vt 0.968282 0.500000
vt 0.983892 0.500000
vt 0.999501 0.500000
vt 0.000500 0.484390
vt 0.016109 0.484390
vt 0.031719 0.484390
vt 0.047328 0.484390
vt 0.062937 0.484390
vt 0.078547 0.484390
vt 0.094156 0.484390
vt 0.109765 0.484390
vt 0.125375 0.484390
vt 0.140984 0.484390
vt 0.156594 0.484390
vt 0.172203 0.484390
vt 0.187812 0.484390
vt 0.203422 0.484390
vt 0.219031 0.484390
vt 0.234641 0.484390
vt 0.250250 0.484390
vt 0.265859 0.484390
vt 0.281469 0.484390
vt 0.297078 0.484390
vt 0.312688 0.484390
vt 0.328297 0.484390
vt 0.343906 0.484390
vt 0.359516 0.484390
vt 0.375125 0.484390
vt 0.390735 0.484390
vt 0.406344 0.484390
vt 0.421953 0.484390
vt 0.437563 0.484390
vt 0.453172 0.484390
vt 0.468782 0.484390
vt 0.484391 0.484390
vt 0.500000 0.484390
vt 0.515610 0.484390
vt 0.531219 0.484390
vt 0.546829 0.484390
vt 0.562438 0.484390
vt 0.578047 0.484390
vt 0.593657 0.484390
vt 0.609266 0.484390
vt 0.624876 0.484390
vt 0.640485 0.484390
vt 0.656094 0.484390
vt 0.671704 0.484390
vt 0.687313 0.484390
vt 0.702923 0.484390
vt 0.718532 0.484390
vt 0.734141 0.484390
vt 0.749751 0.484390
vt 0.765360 0.484390
vt 0.780970 0.484390
vt 0.796579 0.484390
vt 0.812188 0.484390
vt 0.827798 0.484390
vt 0.843407 0.484390
vt 0.859017 0.484390
vt 0.874626 0.484390
vt 0.890235 0.484390
vt 0.905845 0.484390
vt 0.921454 0.484390
vt 0.937064 0.484390
vt 0.952673 0.484390
vt 0.968282 0.484390
vt 0.983892 0.484390
vt 0.999501 0.484390
vt 0.000500 0.468781
vt 0.016109 0.468781
vt 0.031719 0.468781
vt 0.047328 0.468781
vt 0.062937 0.468781
vt 0.078547 0.468781
vt 0.094156 0.468781
vt 0.109766 0.468781
vt 0.125375 0.468781
vt 0.140984 0.468781
vt 0.156594 0.468781
vt 0.172203 0.468781
vt 0.187812 0.468781
vt 0.203422 0.468781
vt 0.219031 0.468781
vt 0.234641 0.468781
vt 0.250250 0.468781
vt 0.265859 0.468781
vt 0.281469 0.468781
vt 0.297078 0.468781
vt 0.312688 0.468781
vt 0.328297 0.468781
vt 0.343906 0.468781
vt 0.359516 0.468781
vt 0.375125 0.468781
vt 0.390735 0.468781
vt 0.406344 0.468781
vt 0.421953 0.468781
vt 0.437563 0.468781
vt 0.453172 0.468781
vt 0.468782 0.468781
vt 0.484391 0.468781
vt 0.500000 0.468781
vt 0.515610 0.468781
vt 0.531219 0.468781
vt 0.546829 0.468781
vt 0.562438 0.468781
vt 0.578047 0.468781
vt 0.593657 0.468781
vt 0.609266 0.468781
vt 0.624876 0.468781
vt 0.640485 0.468781
vt 0.656094 0.468781
vt 0.671704 0.468781
vt 0.687313 0.468781
vt 0.702923 0.468781
vt 0.718532 0.468781
vt 0.734141 0.468781
vt 0.749751 0.468781
vt 0.765360 0.468781
vt 0.780970 0.468781
vt 0.796579 0.468781
vt 0.812188 0.468781
vt 0.827798 0.468781
vt 0.843407 0.468781
vt 0.859017 0.468781
vt 0.874626 0.468781
vt 0.890235 0.468781
vt 0.905845 0.468781
vt 0.921454 0.468781
vt 0.937064 0.468781
vt 0.952673 0.468781
vt 0.968282 0.468781
vt 0.983892 0.468781
vt 0.999501 0.468781
vt 0.000500 0.453171
vt 0.016109 0.453171
vt 0.031719 0.453171
vt 0.047328 0.453171
vt 0.062937 0.453171
vt 0.078547 0.453171
vt 0.094156 0.453171
vt 0.109765 0.453171
vt 0.125375 0.453171
vt 0.140984 0.453171
vt 0.156594 0.453171
vt 0.172203 0.453171
vt 0.187812 0.453171
vt 0.203422 0.453171
vt 0.219031 0.453171
vt 0.234641 0.453171
vt 0.250250 0.453171
vt 0.265859 0.453171
vt 0.281469 0.453171
vt 0.297078 0.453171
vt 0.312688 0.453171
vt 0.328297 0.453171
vt 0.343906 0.453171
vt 0.359516 0.453171
vt 0.375125 0.453171
vt 0.390735 0.453171
vt 0.406344 0.453171
vt 0.421953 0.453171
vt 0.437563 0.453171
vt 0.453172 0.453171
vt 0.468782 0.453171
vt 0.484391 0.453171
vt 0.500000 0.453171
vt 0.515610 0.453171
vt 0.531219 0.453171
vt 0.546829 0.453171
vt 0.562438 0.453171
vt 0.578047 0.453171
vt 0.593657 0.453171
vt 0.609266 0.453171
vt 0.624876 0.453171
vt 0.640485 0.453171
vt 0.656094 0.453171
vt 0.671704 0.453171
vt 0.687313 0.453171
vt 0.702923 0.453171
vt 0.718532 0.453171
vt 0.734141 0.453171
vt 0.749751 0.453171
vt 0.765360 0.453171
vt 0.780970 0.453171
vt 0.796579 0.453171
vt 0.812188 0.453171
vt 0.827798 0.453171
vt 0.843407 0.453171
vt 0.859017 0.453171
vt 0.874626 0.453171
vt 0.890235 0.453171
vt 0.905845 0.453171
vt 0.921454 0.453171
vt 0.937064 0.453171
vt 0.952673 0.453171
vt 0.968282 0.453171
vt 0.983892 0.453171
vt 0.999501 0.453171
vt 0.000500 0.437562
vt 0.016109 0.437562
vt 0.031719 0.437562
vt 0.047328 0.437562
vt 0.062937 0.437562
vt 0.078547 0.437562
vt 0.094156 0.437562
vt 0.109765 0.437562
vt 0.125375 0.437562
vt 0.140984 0.437562
vt 0.156594 0.437562
vt 0.172203 0.437562
vt 0.187812 0.437562
vt 0.203422 0.437562
vt 0.219031 0.437562
vt 0.234641 0.437562
vt 0.250250 0.437562
vt 0.265859 0.437562
vt 0.281469 0.437562
vt 0.297078 0.437562
vt 0.312688 0.437562
vt 0.328297 0.437562
vt 0.343906 0.437562
vt 0.359516 0.437562
vt 0.375125 0.437562
vt 0.390735 0.437562
vt 0.406344 0.437562
vt 0.421953 0.437562
vt 0.437563 0.437562
vt 0.453172 0.437562
vt 0.468782 0.437562
vt 0.484391 0.437562
vt 0.500000 0.437562
vt 0.515610 0.437562
vt 0.531219 0.437562
vt 0.546829 0.437562
vt 0.562438 0.437562
vt 0.578047 0.437562
vt 0.593657 0.437562
vt 0.609266 0.437562
vt 0.624876 0.437562
vt 0.640485 0.437562
vt 0.656094 0.437562
vt 0.671704 0.437562
vt 0.687313 0.437562
vt 0.702923 0.437562
vt 0.718532 0.437562
vt 0.734141 0.437562
vt 0.749751 0.437562
vt 0.765360 0.437562
vt 0.780970 0.437562
vt 0.796579 0.437562
vt 0.812189 0.437562
vt 0.827798 0.437562
vt 0.843407 0.437562
vt 0.859017 0.437562
vt 0.874626 0.437562
vt 0.890235 0.437562
vt 0.905845 0.437562
vt 0.921454 0.437562
vt 0.937064 0.437562
vt 0.952673 0.437562
vt 0.968282 0.437562
vt 0.983892 0.437562
vt 0.999501 0.437562
vt 0.000500 0.421952
vt 0.016109 0.421952
vt 0.031719 0.421952
vt 0.047328 0.421952
vt 0.062937 0.421952
vt 0.078547 0.421952
vt 0.094156 0.421952
vt 0.109765 0.421952
vt 0.125375 0.421952
vt 0.140984 0.421952
vt 0.156594 0.421952
vt 0.172203 0.421952
vt 0.187813 0.421952
vt 0.203422 0.421952
vt 0.219031 0.421952
vt 0.234641 0.421952
vt 0.250250 0.421952
vt 0.265859 0.421952
vt 0.281469 0.421952
vt 0.297078 0.421952
vt 0.312688 0.421952
vt 0.328297 0.421952
vt 0.343906 0.421952
vt 0.359516 0.421952
vt 0.375125 0.421952
vt 0.390735 0.421952
vt 0.406344 0.421952
vt 0.421953 0.421952
vt 0.437563 0.421952
vt 0.453172 0.421952
vt 0.468782 0.421953
vt 0.484391 0.421953
vt 0.500000 0.421953
vt 0.515610 0.421953
vt 0.531219 0.421953
vt 0.546829 0.421953
vt 0.562438 0.421953
vt 0.578048 0.421953
vt 0.593657 0.421953
vt 0.609266 0.421953
vt 0.624876 0.421953
vt 0.640485 0.421953
vt 0.656094 0.421953
vt 0.671704 0.421953
vt 0.687313 0.421953
vt 0.702923 0.421953
vt 0.718532 0.421953
vt 0.734141 0.421953
vt 0.749751 0.421953
vt 0.765360 0.421953
vt 0.780970 0.421953
vt 0.796579 0.421953
vt 0.812189 0.421953
vt 0.827798 0.421953
vt 0.843407 0.421953
vt 0.859017 0.421953
vt 0.874626 0.421953
vt 0.890235 0.421953
vt 0.905845 0.421953
vt 0.921454 0.421953
vt 0.937064 0.421953
vt 0.952673 0.421953
vt 0.968282 0.421953
vt 0.983892 0.421953
vt 0.999501 0.421953
vt 0.000500 0.406343
vt 0.016109 0.406343
vt 0.031718 0.406343
vt 0.047328 0.406343
vt 0.062937 0.406343
vt 0.078547 0.406343
vt 0.094156 0.406343
vt 0.109765 0.406343
vt 0.125375 0.406343
vt 0.140984 0.406343
vt 0.156594 0.406343
vt 0.172203 0.406343
vt 0.187813 0.406343
vt 0.203422 0.406343
vt 0.219031 0.406343
vt 0.234641 0.406343
vt 0.250250 0.406343
vt 0.265860 0.406343
vt 0.281469 0.406343
vt 0.297078 0.406343
vt 0.312688 0.406343
vt 0.328297 0.406343
vt 0.343906 0.406343
vt 0.359516 0.406343
vt 0.375125 0.406343
vt 0.390735 0.406343
vt 0.406344 0.406343
vt 0.421953 0.406343
vt 0.437563 0.406343
vt 0.453172 0.406343
vt 0.468782 0.406343
vt 0.484391 0.406343
vt 0.500000 0.406343
vt 0.515610 0.406343
vt 0.531219 0.406343
vt 0.546829 0.406343
vt 0.562438 0.406343
vt 0.578048 0.406343
vt 0.593657 0.406343
vt 0.609266 0.406343
vt 0.624876 0.406343
vt 0.640485 0.406343
vt 0.656094 0.406343
vt 0.671704 0.406343
vt 0.687313 0.406343
vt 0.702923 0.406343
vt 0.718532 0.406343
vt 0.734141 0.406343
vt 0.749751 0.406343
vt 0.765360 0.406343
vt 0.780970 0.406343
vt 0.796579 0.406343
vt 0.812189 0.406343
vt 0.827798 0.406343
vt 0.843407 0.406343
vt 0.859017 0.406343
vt 0.874626 0.406343
vt 0.890235 0.406343
vt 0.905845 0.406343
vt 0.921454 0.406343
vt 0.937064 0.406343
vt 0.952673 0.406343
vt 0.968282 0.406343
vt 0.983892 0.406343
vt 0.999501 0.406343
vt 0.000500 0.390734
vt 0.016109 0.390734
vt 0.031718 0.390734
vt 0.047328 0.390734
vt 0.062937 0.390734
vt 0.078547 0.390734
vt 0.094156 0.390734
vt 0.109766 0.390734
vt 0.125375 0.390734
vt 0.140984 0.390734
vt 0.156594 0.390734
vt 0.172203 0.390734
vt 0.187813 0.390734
vt 0.203422 0.390734
vt 0.219031 0.390734
vt 0.234641 0.390734
vt 0.250250 0.390734
vt 0.265859 0.390734
vt 0.281469 0.390734
vt 0.297078 0.390734
vt 0.312688 0.390734
vt 0.328297 0.390734
vt 0.343907 0.390734
vt 0.359516 0.390734
vt 0.375125 0.390734
vt 0.390735 0.390734
vt 0.406344 0.390734
vt 0.421953 0.390734
vt 0.437563 0.390734
vt 0.453172 0.390734
vt 0.468782 0.390734
vt 0.484391 0.390734
vt 0.500000 0.390734
vt 0.515610 0.390734
vt 0.531219 0.390734
vt 0.546829 0.390734
vt 0.562438 0.390734
vt 0.578048 0.390734
vt 0.593657 0.390734
vt 0.609266 0.390734
vt 0.624876 0.390734
vt 0.640485 0.390734
vt 0.656094 0.390734
vt 0.671704 0.390734
vt 0.687313 0.390734
vt 0.702923 0.390734
vt 0.718532 0.390734
vt 0.734141 0.390734
vt 0.749751 0.390734
vt 0.765360 0.390734
vt 0.780970 0.390734
vt 0.796579 0.390734
vt 0.812189 0.390734
vt 0.827798 0.390734
vt 0.843407 0.390734
vt 0.859017 0.390734
vt 0.874626 0.390734
vt 0.890235 0.390734
vt 0.905845 0.390734
vt 0.921454 0.390734
vt 0.937064 0.390734
vt 0.952673 0.390734
vt 0.968282 0.390734
vt 0.983892 0.390734
vt 0.999501 0.390734
vt 0.000500 0.375124
vt 0.016109 0.375124
vt 0.031719 0.375124
vt 0.047328 0.375124
vt 0.062937 0.375124
vt 0.078547 0.375124
vt 0.094156 0.375124
vt 0.109766 0.375124
vt 0.125375 0.375124
vt 0.140984 0.375124
vt 0.156594 0.375124
vt 0.172203 0.375124
vt 0.187813 0.375124
vt 0.203422 0.375124
vt 0.219031 0.375124
vt 0.234641 0.375124
vt 0.250250 0.375124
vt 0.265859 0.375124
vt 0.281469 0.375124
vt 0.297078 0.375124
vt 0.312688 0.375124
vt 0.328297 0.375124
vt 0.343906 0.375124
vt 0.359516 0.375124
vt 0.375125 0.375124
vt 0.390735 0.375124
vt 0.406344 0.375124
vt 0.421953 0.375124
vt 0.437563 0.375124
vt 0.453172 0.375124
vt 0.468782 0.375124
vt 0.484391 0.375124
vt 0.500000 0.375124
vt 0.515610 0.375124
vt 0.531219 0.375124
vt 0.546829 0.375124
vt 0.562438 0.375124
vt 0.578048 0.375124
vt 0.593657 0.375124
vt 0.609266 0.375124
vt 0.624876 0.375124
vt 0.640485 0.375124
vt 0.656094 0.375124
vt 0.671704 0.375124
vt 0.687313 0.375124
vt 0.702923 0.375124
vt 0.718532 0.375124
vt 0.734141 0.375124
vt 0.749751 0.375124
vt 0.765360 0.375124
vt 0.780970 0.375124
vt 0.796579 0.375124
vt 0.812189 0.375124
vt 0.827798 0.375124
vt 0.843407 0.375124
vt 0.859017 0.375124
vt 0.874626 0.375124
vt 0.890235 0.375124
vt 0.905845 0.375124
vt 0.921454 0.375124
vt 0.937064 0.375124
vt 0.952673 0.375124
vt 0.968282 0.375124
vt 0.983892 0.375124
vt 0.999501 0.375124
vt 0.000500 0.359515
vt 0.016109 0.359515
vt 0.031719 0.359515
vt 0.047328 0.359515
vt 0.062937 0.359515
vt 0.078547 0.359515
vt 0.094156 0.359515
vt 0.109766 0.359515
vt 0.125375 0.359515
vt 0.140984 0.359515
vt 0.156594 0.359515
vt 0.172203 0.359515
vt 0.187813 0.359515
vt 0.203422 0.359515
vt 0.219031 0.359515
vt 0.234641 0.359515
vt 0.250250 0.359515
vt 0.265860 0.359515
vt 0.281469 0.359515
vt 0.297078 0.359515
vt 0.312688 0.359515
vt 0.328297 0.359515
vt 0.343907 0.359515
vt 0.359516 0.359515
vt 0.375125 0.359515
vt 0.390735 0.359515
vt 0.406344 0.359515
vt 0.421953 0.359515
vt 0.437563 0.359515
vt 0.453172 0.359515
vt 0.468782 0.359515
vt 0.484391 0.359515
vt 0.500000 0.359515
vt 0.515610 0.359515
vt 0.531219 0.359515
vt 0.546829 0.359515
vt 0.562438 0.359515
vt 0.578048 0.359515
vt 0.593657 0.359515
vt 0.609266 0.359515
vt 0.624876 0.359515
vt 0.640485 0.359515
vt 0.656094 0.359515
vt 0.671704 0.359515
vt 0.687313 0.359515
vt 0.702923 0.359515
vt 0.718532 0.359515
vt 0.734141 0.359515
vt 0.749751 0.359515
vt 0.765360 0.359515
vt 0.780970 0.359515
vt 0.796579 0.359515
vt 0.812188 0.359515
vt 0.827798 0.359515
vt 0.843407 0.359515
vt 0.859017 0.359515
vt 0.874626 0.359515
vt 0.890235 0.359515
vt 0.905845 0.359515
vt 0.921454 0.359515
vt 0.937064 0.359515
vt 0.952673 0.359515
vt 0.968282 0.359515
vt 0.983892 0.359515
vt 0.999501 0.359515
vt 0.000500 0.343905
vt 0.016109 0.343905
vt 0.031719 0.343905
vt 0.047328 0.343905
vt 0.062937 0.343905
vt 0.078547 0.343905
vt 0.094156 0.343905
vt 0.109766 0.343905
vt 0.125375 0.343905
vt 0.140984 0.343905
vt 0.156594 0.343905
vt 0.172203 0.343905
vt 0.187813 0.343905
vt 0.203422 0.343905
vt 0.219031 0.343905
vt 0.234641 0.343905
vt 0.250250 0.343905
vt 0.265860 0.343905
vt 0.281469 0.343905
vt 0.297078 0.343906
vt 0.312688 0.343905
vt 0.328297 0.343905
vt 0.343907 0.343905
vt 0.359516 0.343906
vt 0.375125 0.343906
vt 0.390735 0.343906
vt 0.406344 0.343906
vt 0.421953 0.343906
vt 0.437563 0.343906
vt 0.453172 0.343906
vt 0.468782 0.343906
vt 0.484391 0.343906
vt 0.500000 0.343906
vt 0.515610 0.343906
vt 0.531219 0.343906
vt 0.546829 0.343906
vt 0.562438 0.343906
vt 0.578048 0.343906
vt 0.593657 0.343906
vt 0.609266 0.343906
vt 0.624876 0.343906
vt 0.640485 0.343906
vt 0.656094 0.343906
vt 0.671704 0.343906
vt 0.687313 0.343906
vt 0.702923 0.343906
vt 0.718532 0.343906
vt 0.734141 0.343906
vt 0.749751 0.343906
vt 0.765360 0.343906
vt 0.780970 0.343906
vt 0.796579 0.343906
vt 0.812188 0.343906
vt 0.827798 0.343906
vt 0.843407 0.343906
vt 0.859017 0.343906
vt 0.874626 0.343906
vt 0.890235 0.343906
vt 0.905845 0.343906
vt 0.921454 0.343906
vt 0.937064 0.343906
vt 0.952673 0.343906
vt 0.968282 0.343906
vt 0.983892 0.343906
vt 0.999501 0.343906
vt 0.000500 0.328296
vt 0.016109 0.328296
vt 0.031719 0.328296
vt 0.047328 0.328296
vt 0.062937 0.328296
vt 0.078547 0.328296
vt 0.094156 0.328296
vt 0.109766 0.328296
vt 0.125375 0.328296
vt 0.140984 0.328296
vt 0.156594 0.328296
vt 0.172203 0.328296
vt 0.187813 0.328296
vt 0.203422 0.328296
vt 0.219031 0.328296
vt 0.234641 0.328296
vt 0.250250 0.328296
vt 0.265860 0.328296
vt 0.281469 0.328296
vt 0.297078 0.328296
vt 0.312688 0.328296
vt 0.328297 0.328296
vt 0.343907 0.328296
vt 0.359516 0.328296
vt 0.375125 0.328296
vt 0.390735 0.328296
vt 0.406344 0.328296
vt 0.421953 0.328296
vt 0.437563 0.328296
vt 0.453172 0.328296
vt 0.468782 0.328296
vt 0.484391 0.328296
vt 0.500000 0.328296
vt 0.515610 0.328296
vt 0.531219 0.328296
vt 0.546829 0.328296
vt 0.562438 0.328296
vt 0.578048 0.328296
vt 0.593657 0.328296
vt 0.609266 0.328296
vt 0.624876 0.328296
vt 0.640485 0.328296
vt 0.656094 0.328296
vt 0.671704 0.328296
vt 0.687313 0.328296
vt 0.702923 0.328296
vt 0.718532 0.328296
vt 0.734141 0.328296
vt 0.749751 0.328296
vt 0.765360 0.328296
vt 0.780970 0.328296
vt 0.796579 0.328296
vt 0.812189 0.328296
vt 0.827798 0.328296
vt 0.843407 0.328296
vt 0.859017 0.328296
vt 0.874626 0.328296
vt 0.890235 0.328296
vt 0.905845 0.328296
vt 0.921454 0.328296
vt 0.937064 0.328296
vt 0.952673 0.328296
vt 0.968282 0.328296
vt 0.983892 0.328296
vt 0.999501 0.328296
vt 0.000500 0.312687
vt 0.016109 0.312687
vt 0.031719 0.312687
vt 0.047328 0.312687
vt 0.062937 0.312687
vt 0.078547 0.312687
vt 0.094156 0.312687
vt 0.109766 0.312687
vt 0.125375 0.312687
vt 0.140984 0.312687
vt 0.156594 0.312687
vt 0.172203 0.312687
vt 0.187813 0.312687
vt 0.203422 0.312687
vt 0.219031 0.312687
vt 0.234641 0.312687
vt 0.250250 0.312687
vt 0.265860 0.312687
vt 0.281469 0.312687
vt 0.297078 0.312687
vt 0.312688 0.312687
vt 0.328297 0.312687
vt 0.343907 0.312687
vt 0.359516 0.312687
vt 0.375125 0.312687
vt 0.390735 0.312687
vt 0.406344 0.312687
vt 0.421953 0.312687
vt 0.437563 0.312687
vt 0.453172 0.312687
vt 0.468782 0.312687
vt 0.484391 0.312687
vt 0.500001 0.312687
vt 0.515610 0.312687
vt 0.531219 0.312687
vt 0.546829 0.312687
vt 0.562438 0.312687
vt 0.578048 0.312687
vt 0.593657 0.312687
vt 0.609266 0.312687
vt 0.624876 0.312687
vt 0.640485 0.312687
vt 0.656094 0.312687
vt 0.671704 0.312687
vt 0.687313 0.312687
vt 0.702923 0.312687
vt 0.718532 0.312687
vt 0.734141 0.312687
vt 0.749751 0.312687
vt 0.765360 0.312687
vt 0.780970 0.312687
vt 0.796579 0.312687
vt 0.812189 0.312687
vt 0.827798 0.312687
vt 0.843407 0.312687
vt 0.859017 0.312687
vt 0.874626 0.312687
vt 0.890235 0.312687
vt 0.905845 0.312687
vt 0.921454 0.312687
vt 0.937064 0.312687
vt 0.952673 0.312687
vt 0.968282 0.312687
vt 0.983892 0.312687
vt 0.999501 0.312687
vt 0.000500 0.297077
vt 0.016109 0.297077
vt 0.031719 0.297077
vt 0.047328 0.297077
vt 0.062937 0.297077
vt 0.078547 0.297077
vt 0.094156 0.297077
vt 0.109766 0.297077
vt 0.125375 0.297077
vt 0.140984 0.297077
vt 0.156594 0.297077
vt 0.172203 0.297077
vt 0.187813 0.297077
vt 0.203422 0.297077
vt 0.219031 0.297077
vt 0.234641 0.297077
vt 0.250250 0.297077
vt 0.265860 0.297077
vt 0.281469 0.297077
vt 0.297078 0.297077
vt 0.312688 0.297077
vt 0.328297 0.297077
vt 0.343907 0.297077
vt 0.359516 0.297077
vt 0.375125 0.297077
vt 0.390735 0.297077
vt 0.406344 0.297077
vt 0.421953 0.297077
vt 0.437563 0.297077
vt 0.453172 0.297077
vt 0.468782 0.297077
vt 0.484391 0.297077
vt 0.500001 0.297077
vt 0.515610 0.297077
vt 0.531219 0.297077
vt 0.546829 0.297077
vt 0.562438 0.297077
vt 0.578048 0.297077
vt 0.593657 0.297077
vt 0.609266 0.297077
vt 0.624876 0.297077
vt 0.640485 0.297077
vt 0.656094 0.297077
vt 0.671704 0.297077
vt 0.687313 0.297077
vt 0.702923 0.297077
vt 0.718532 0.297077
vt 0.734141 0.297077
vt 0.749751 0.297077
vt 0.765360 0.297077
vt 0.780970 0.297077
vt 0.796579 0.297077
vt 0.812189 0.297077
vt 0.827798 0.297077
vt 0.843407 0.297077
vt 0.859017 0.297077
vt 0.874626 0.297077
vt 0.890236 0.297077
vt 0.905845 0.297077
vt 0.921454 0.297077
vt 0.937064 0.297077
vt 0.952673 0.297077
vt 0.968282 0.297077
vt 0.983892 0.297077
vt 0.999501 0.297077
vt 0.000500 0.281468
vt 0.016109 0.281468
vt 0.031719 0.281468
vt 0.047328 0.281468
vt 0.062937 0.281468
vt 0.078547 0.281468
vt 0.094156 0.281468
vt 0.109766 0.281468
vt 0.125375 0.281468
vt 0.140984 0.281468
vt 0.156594 0.281468
vt 0.172203 0.281468
vt 0.187813 0.281468
vt 0.203422 0.281468
vt 0.219031 0.281468
vt 0.234641 0.281468
vt 0.250250 0.281468
vt 0.265860 0.281468
vt 0.281469 0.281468
vt 0.297078 0.281468
vt 0.312688 0.281468
vt 0.328297 0.281468
vt 0.343907 0.281468
vt 0.359516 0.281468
vt 0.375125 0.281468
vt 0.390735 0.281468
vt 0.406344 0.281468
vt 0.421954 0.281468
vt 0.437563 0.281468
vt 0.453172 0.281468
vt 0.468782 0.281468
vt 0.484391 0.281468
vt 0.500001 0.281468
vt 0.515610 0.281468
vt 0.531219 0.281468
vt 0.546829 0.281468
vt 0.562438 0.281468
vt 0.578048 0.281468
vt 0.593657 0.281468
vt 0.609266 0.281468
vt 0.624876 0.281468
vt 0.640485 0.281468
vt 0.656094 0.281468
vt 0.671704 0.281468
vt 0.687313 0.281468
vt 0.702923 0.281468
vt 0.718532 0.281468
vt 0.734141 0.281468
vt 0.749751 0.281468
vt 0.765360 0.281468
vt 0.780970 0.281468
vt 0.796579 0.281468
vt 0.812189 0.281468
vt 0.827798 0.281468
vt 0.843407 0.281468
vt 0.859017 0.281468
vt 0.874626 0.281468
vt 0.890235 0.281468
vt 0.905845 0.281468
vt 0.921454 0.281468
vt 0.937064 0.281468
vt 0.952673 0.281468
vt 0.968282 0.281468
vt 0.983892 0.281468
vt 0.999501 0.281468
vt 0.000500 0.265858
vt 0.016109 0.265858
vt 0.031719 0.265858
vt 0.047328 0.265858
vt 0.062937 0.265858
vt 0.078547 0.265858
vt 0.094156 0.265858
vt 0.109766 0.265858
vt 0.125375 0.265858
vt 0.140984 0.265858
vt 0.156594 0.265858
vt 0.172203 0.265858
vt 0.187813 0.265858
vt 0.203422 0.265858
vt 0.219031 0.265858
vt 0.234641 0.265858
vt 0.250250 0.265858
vt 0.265860 0.265858
vt 0.281469 0.265858
vt 0.297078 0.265858
vt 0.312688 0.265858
vt 0.328297 0.265858
vt 0.343907 0.265859
vt 0.359516 0.265858
vt 0.375125 0.265858
vt 0.390735 0.265859
vt 0.406344 0.265859
vt 0.421954 0.265859
vt 0.437563 0.265859
vt 0.453172 0.265859
vt 0.468782 0.265859
vt 0.484391 0.265859
vt 0.500001 0.265859
vt 0.515610 0.265859
vt 0.531219 0.265859
vt 0.546829 0.265859
vt 0.562438 0.265859
vt 0.578048 0.265859
vt 0.593657 0.265859
vt 0.609266 0.265859
vt 0.624876 0.265859
vt 0.640485 0.265859
vt 0.656095 0.265859
vt 0.671704 0.265859
vt 0.687313 0.265859
vt 0.702923 0.265859
vt 0.718532 0.265859
vt 0.734141 0.265859
vt 0.749751 0.265859
vt 0.765360 0.265859
vt 0.780970 0.265859
vt 0.796579 0.265859
vt 0.812189 0.265859
vt 0.827798 0.265859
vt 0.843407 0.265859
vt 0.859017 0.265859
vt 0.874626 0.265859
vt 0.890235 0.265859
vt 0.905845 0.265859
vt 0.921454 0.265859
vt 0.937064 0.265859
vt 0.952673 0.265859
vt 0.968282 0.265859
vt 0.983892 0.265859
vt 0.999501 0.265859
vt 0.000500 0.250249
vt 0.016109 0.250249
vt 0.031719 0.250249
vt 0.047328 0.250249
vt 0.062937 0.250249
vt 0.078547 0.250249
vt 0.094156 0.250249
vt 0.109766 0.250249
vt 0.125375 0.250249
vt 0.140984 0.250249
vt 0.156594 0.250249
vt 0.172203 0.250249
vt 0.187813 0.250249
vt 0.203422 0.250249
vt 0.219031 0.250249
vt 0.234641 0.250249
vt 0.250250 0.250249
vt 0.265860 0.250249
vt 0.281469 0.250249
vt 0.297078 0.250249
vt 0.312688 0.250249
vt 0.328297 0.250249
vt 0.343907 0.250249
vt 0.359516 0.250249
vt 0.375125 0.250249
vt 0.390735 0.250249
vt 0.406344 0.250249
vt 0.421954 0.250249
vt 0.437563 0.250249
vt 0.453172 0.250249
vt 0.468782 0.250249
vt 0.484391 0.250249
vt 0.500001 0.250249
vt 0.515610 0.250249
vt 0.531219 0.250249
vt 0.546829 0.250249
vt 0.562438 0.250249
vt 0.578048 0.250249
vt 0.593657 0.250249
vt 0.609266 0.250249
vt 0.624876 0.250249
vt 0.640485 0.250249
vt 0.656095 0.250249
vt 0.671704 0.250249
vt 0.687313 0.250249
vt 0.702923 0.250249
vt 0.718532 0.250249
vt 0.734142 0.250249
vt 0.749751 0.250249
vt 0.765360 0.250249
vt 0.780970 0.250249
vt 0.796579 0.250249
vt 0.812189 0.250249
vt 0.827798 0.250249
vt 0.843407 0.250249
vt 0.859017 0.250249
vt 0.874626 0.250249
vt 0.890235 0.250249
vt 0.905845 0.250249
vt 0.921454 0.250249
vt 0.937064 0.250249
vt 0.952673 0.250249
vt 0.968283 0.250249
vt 0.983892 0.250249
vt 0.999501 0.250249
vt 0.000500 0.234640
vt 0.016109 0.234640
vt 0.031719 0.234640
vt 0.047328 0.234640
vt 0.062937 0.234640
vt 0.078547 0.234640
vt 0.094156 0.234640
vt 0.109766 0.234640
vt 0.125375 0.234640
vt 0.140984 0.234640
vt 0.156594 0.234640
vt 0.172203 0.234640
vt 0.187813 0.234640
vt 0.203422 0.234640
vt 0.219031 0.234640
vt 0.234641 0.234640
vt 0.250250 0.234640
vt 0.265860 0.234640
vt 0.281469 0.234640
vt 0.297078 0.234640
vt 0.312688 0.234640
vt 0.328297 0.234640
vt 0.343907 0.234640
vt 0.359516 0.234640
vt 0.375125 0.234640
vt 0.390735 0.234640
vt 0.406344 0.234640
vt 0.421954 0.234640
vt 0.437563 0.234640
vt 0.453172 0.234640
vt 0.468782 0.234640
vt 0.484391 0.234640
vt 0.500001 0.234640
vt 0.515610 0.234640
vt 0.531219 0.234640
vt 0.546829 0.234640
vt 0.562438 0.234640
vt 0.578048 0.234640
vt 0.593657 0.234640
vt 0.609266 0.234640
vt 0.624876 0.234640
vt 0.640485 0.234640
vt 0.656094 0.234640
vt 0.671704 0.234640
vt 0.687313 0.234640
vt 0.702923 0.234640
vt 0.718532 0.234640
vt 0.734142 0.234640
vt 0.749751 0.234640
vt 0.765360 0.234640
vt 0.780970 0.234640
vt 0.796579 0.234640
vt 0.812189 0.234640
vt 0.827798 0.234640
vt 0.843407 0.234640
vt 0.859017 0.234640
vt 0.874626 0.234640
vt 0.890235 0.234640
vt 0.905845 0.234640
vt 0.921454 0.234640
vt 0.937064 0.234640
vt 0.952673 0.234640
vt 0.968283 0.234640
vt 0.983892 0.234640
vt 0.999501 0.234640
vt 0.000500 0.219030
vt 0.016109 0.219030
vt 0.031719 0.219030
vt 0.047328 0.219030
vt 0.062937 0.219030
vt 0.078547 0.219030
vt 0.094156 0.219030
vt 0.109766 0.219030
vt 0.125375 0.219030
vt 0.140984 0.219030
vt 0.156594 0.219030
vt 0.172203 0.219030
vt 0.187813 0.219030
vt 0.203422 0.219030
vt 0.219031 0.219030
vt 0.234641 0.219030
vt 0.250250 0.219030
vt 0.265860 0.219030
vt 0.281469 0.219030
vt 0.297078 0.219030
vt 0.312688 0.219030
vt 0.328297 0.219030
vt 0.343907 0.219030
vt 0.359516 0.219030
vt 0.375125 0.219030
vt 0.390735 0.219030
vt 0.406344 0.219030
vt 0.421954 0.219030
vt 0.437563 0.219030
vt 0.453172 0.219030
vt 0.468782 0.219030
vt 0.484391 0.219030
vt 0.500001 0.219030
vt 0.515610 0.219030
vt 0.531219 0.219030
vt 0.546829 0.219030
vt 0.562438 0.219030
vt 0.578048 0.219030
vt 0.593657 0.219030
vt 0.609266 0.219030
vt 0.624876 0.219030
vt 0.640485 0.219030
vt 0.656095 0.219030
vt 0.671704 0.219030
vt 0.687313 0.219030
vt 0.702923 0.219030
vt 0.718532 0.219030
vt 0.734142 0.219030
vt 0.749751 0.219030
vt 0.765360 0.219030
vt 0.780970 0.219030
vt 0.796579 0.219030
vt 0.812189 0.219030
vt 0.827798 0.219030
vt 0.843407 0.219030
vt 0.859017 0.219030
vt 0.874626 0.219030
vt 0.890236 0.219030
vt 0.905845 0.219030
vt 0.921454 0.219030
vt 0.937064 0.219030
vt 0.952673 0.219030
vt 0.968283 0.219030
vt 0.983892 0.219030
vt 0.999501 0.219030
vt 0.000500 0.203421
vt 0.016109 0.203421
vt 0.031719 0.203421
vt 0.047328 0.203421
vt 0.062937 0.203421
vt 0.078547 0.203421
vt 0.094156 0.203421
vt 0.109766 0.203421
vt 0.125375 0.203421
vt 0.140984 0.203421
vt 0.156594 0.203421
vt 0.172203 0.203421
vt 0.187813 0.203421
vt 0.203422 0.203421
vt 0.219031 0.203421
vt 0.234641 0.203421
vt 0.250250 0.203421
vt 0.265860 0.203421
vt 0.281469 0.203421
vt 0.297078 0.203421
vt 0.312688 0.203421
vt 0.328297 0.203421
vt 0.343907 0.203421
vt 0.359516 0.203421
vt 0.375125 0.203421
vt 0.390735 0.203421
vt 0.406344 0.203421
vt 0.421954 0.203421
vt 0.437563 0.203421
vt 0.453172 0.203421
vt 0.468782 0.203421
vt 0.484391 0.203421
vt 0.500001 0.203421
vt 0.515610 0.203421
vt 0.531219 0.203421
vt 0.546829 0.203421
vt 0.562438 0.203421
vt 0.578048 0.203421
vt 0.593657 0.203421
vt 0.609266 0.203421
vt 0.624876 0.203421
vt 0.640485 0.203421
vt 0.656095 0.203421
vt 0.671704 0.203421
vt 0.687313 0.203421
vt 0.702923 0.203421
vt 0.718532 0.203421
vt 0.734142 0.203421
vt 0.749751 0.203421
vt 0.765360 0.203421
vt 0.780970 0.203421
vt 0.796579 0.203421
vt 0.812189 0.203421
vt 0.827798 0.203421
vt 0.843407 0.203421
vt 0.859017 0.203421
vt 0.874626 0.203421
vt 0.890236 0.203421
vt 0.905845 0.203421
vt 0.921454 0.203421
vt 0.937064 0.203421
vt 0.952673 0.203421
vt 0.968282 0.203421
vt 0.983892 0.203421
vt 0.999501 0.203421
vt 0.000500 0.187811
vt 0.016109 0.187811
vt 0.031719 0.187811
vt 0.047328 0.187811
vt 0.062937 0.187811
vt 0.078547 0.187811
vt 0.094156 0.187811
vt 0.109766 0.187811
vt 0.125375 0.187811
vt 0.140984 0.187811
vt 0.156594 0.187811
vt 0.172203 0.187811
vt 0.187813 0.187811
vt 0.203422 0.187811
vt 0.219031 0.187811
vt 0.234641 0.187811
vt 0.250250 0.187811
vt 0.265860 0.187811
vt 0.281469 0.187811
vt 0.297078 0.187811
vt 0.312688 0.187811
vt 0.328297 0.187811
vt 0.343907 0.187811
vt 0.359516 0.187811
vt 0.375125 0.187811
vt 0.390735 0.187811
vt 0.406344 0.187811
vt 0.421954 0.187811
vt 0.437563 0.187811
vt 0.453172 0.187811
vt 0.468782 0.187811
vt 0.484391 0.187811
vt 0.500001 0.187811
vt 0.515610 0.187811
vt 0.531219 0.187811
vt 0.546829 0.187811
vt 0.562438 0.187811
vt 0.578048 0.187812
vt 0.593657 0.187812
vt 0.609266 0.187812
vt 0.624876 0.187812
vt 0.640485 0.187812
vt 0.656095 0.187812
vt 0.671704 0.187812
vt 0.687313 0.187812
vt 0.702923 0.187812
vt 0.718532 0.187812
vt 0.734142 0.187812
vt 0.749751 0.187812
vt 0.765360 0.187812
vt 0.780970 0.187812
vt 0.796579 0.187812
vt 0.812189 0.187812
vt 0.827798 0.187812
vt 0.843407 0.187812
vt 0.859017 0.187812
vt 0.874626 0.187812
vt 0.890236 0.187812
vt 0.905845 0.187812
vt 0.921454 0.187812
vt 0.937064 0.187812
vt 0.952673 0.187812
vt 0.968282 0.187812
vt 0.983892 0.187812
vt 0.999501 0.187812
vt 0.000500 0.172202
vt 0.016109 0.172202
vt 0.031719 0.172202
vt 0.047328 0.172202
vt 0.062937 0.172202
vt 0.078547 0.172202
vt 0.094156 0.172202
vt 0.109766 0.172202
vt 0.125375 0.172202
vt 0.140984 0.172202
vt 0.156594 0.172202
vt 0.172203 0.172202
vt 0.187813 0.172202
vt 0.203422 0.172202
vt 0.219031 0.172202
vt 0.234641 0.172202
vt 0.250250 0.172202
vt 0.265860 0.172202
vt 0.281469 0.172202
vt 0.297078 0.172202
vt 0.312688 0.172202
vt 0.328297 0.172202
vt 0.343907 0.172202
vt 0.359516 0.172202
vt 0.375125 0.172202
vt 0.390735 0.172202
vt 0.406344 0.172202
vt 0.421954 0.172202
vt 0.437563 0.172202
vt 0.453172 0.172202
vt 0.468782 0.172202
vt 0.484391 0.172202
vt 0.500001 0.172202
vt 0.515610 0.172202
vt 0.531219 0.172202
vt 0.546829 0.172202
vt 0.562438 0.172202
vt 0.578048 0.172202
vt 0.593657 0.172202
vt 0.609266 0.172202
vt 0.624876 0.172202
vt 0.640485 0.172202
vt 0.656095 0.172202
vt 0.671704 0.172202
vt 0.687313 0.172202
vt 0.702923 0.172202
vt 0.718532 0.172202
vt 0.734142 0.172202
vt 0.749751 0.172202
vt 0.765360 0.172202
vt 0.780970 0.172202
vt 0.796579 0.172202
vt 0.812189 0.172202
vt 0.827798 0.172202
vt 0.843407 0.172202
vt 0.859017 0.172202
vt 0.874626 0.172202
vt 0.890236 0.172202
vt 0.905845 0.172202
vt 0.921454 0.172202
vt 0.937064 0.172202
vt 0.952673 0.172202
vt 0.968282 0.172202
vt 0.983892 0.172202
vt 0.999501 0.172202
vt 0.000500 0.156593
vt 0.016109 0.156593
vt 0.031719 0.156593
vt 0.047328 0.156593
vt 0.062937 0.156593
vt 0.078547 0.156593
vt 0.094156 0.156593
vt 0.109766 0.156593
vt 0.125375 0.156593
vt 0.140984 0.156593
vt 0.156594 0.156593
vt 0.172203 0.156593
vt 0.187813 0.156593
vt 0.203422 0.156593
vt 0.219031 0.156593
vt 0.234641 0.156593
vt 0.250250 0.156593
vt 0.265860 0.156593
vt 0.281469 0.156593
vt 0.297078 0.156593
vt 0.312688 0.156593
vt 0.328297 0.156593
vt 0.343907 0.156593
vt 0.359516 0.156593
vt 0.375125 0.156593
vt 0.390735 0.156593
vt 0.406344 0.156593
vt 0.421954 0.156593
vt 0.437563 0.156593
vt 0.453172 0.156593
vt 0.468782 0.156593
vt 0.484391 0.156593
vt 0.500001 0.156593
vt 0.515610 0.156593
vt 0.531219 0.156593
vt 0.546829 0.156593
vt 0.562438 0.156593
vt 0.578048 0.156593
vt 0.593657 0.156593
vt 0.609266 0.156593
vt 0.624876 0.156593
vt 0.640485 0.156593
vt 0.656095 0.156593
vt 0.671704 0.156593
vt 0.687313 0.156593
vt 0.702923 0.156593
vt 0.718532 0.156593
vt 0.734142 0.156593
vt 0.749751 0.156593
vt 0.765360 0.156593
vt 0.780970 0.156593
vt 0.796579 0.156593
vt 0.812189 0.156593
vt 0.827798 0.156593
vt 0.843407 0.156593
vt 0.859017 0.156593
vt 0.874626 0.156593
vt 0.890236 0.156593
vt 0.905845 0.156593
vt 0.921454 0.156593
vt 0.937064 0.156593
vt 0.952673 0.156593
vt 0.968282 0.156593
vt 0.983892 0.156593
vt 0.999501 0.156593
vt 0.000500 0.140983
vt 0.016109 0.140983
vt 0.031719 0.140983
vt 0.047328 0.140983
vt 0.062937 0.140983
vt 0.078547 0.140983
vt 0.094156 0.140983
vt 0.109766 0.140983
vt 0.125375 0.140983
vt 0.140984 0.140983
vt 0.156594 0.140983
vt 0.172203 0.140983
vt 0.187813 0.140983
vt 0.203422 0.140983
vt 0.219031 0.140983
vt 0.234641 0.140983
vt 0.250250 0.140983
vt 0.265860 0.140983
vt 0.281469 0.140983
vt 0.297078 0.140983
vt 0.312688 0.140983
vt 0.328297 0.140983
vt 0.343907 0.140983
vt 0.359516 0.140983
vt 0.375125 0.140983
vt 0.390735 0.140983
vt 0.406344 0.140983
vt 0.421954 0.140983
vt 0.437563 0.140983
vt 0.453172 0.140983
vt 0.468782 0.140983
vt 0.484391 0.140983
vt 0.500001 0.140983
vt 0.515610 0.140983
vt 0.531219 0.140983
vt 0.546829 0.140983
vt 0.562438 0.140983
vt 0.578048 0.140983
vt 0.593657 0.140983
vt 0.609266 0.140983
vt 0.624876 0.140983
vt 0.640485 0.140983
vt 0.656095 0.140983
vt 0.671704 0.140983
vt 0.687313 0.140983
vt 0.702923 0.140983
vt 0.718532 0.140983
vt 0.734142 0.140983
vt 0.749751 0.140983
vt 0.765360 0.140983
vt 0.780970 0.140983
vt 0.796579 0.140983
vt 0.812189 0.140983
vt 0.827798 0.140983
vt 0.843407 0.140983
vt 0.859017 0.140983
vt 0.874626 0.140983
vt 0.890236 0.140983
vt 0.905845 0.140983
vt 0.921454 0.140983
vt 0.937064 0.140983
vt 0.952673 0.140983
vt 0.968282 0.140983
vt 0.983892 0.140983
vt 0.999501 0.140983
vt 0.000500 0.125374
vt 0.016109 0.125374
vt 0.031719 0.125374
vt 0.047328 0.125374
vt 0.062937 0.125374
vt 0.078547 0.125374
vt 0.094156 0.125374
vt 0.109766 0.125374
vt 0.125375 0.125374
vt 0.140984 0.125374
vt 0.156594 0.125374
vt 0.172203 0.125374
vt 0.187813 0.125374
vt 0.203422 0.125374
vt 0.219031 0.125374
vt 0.234641 0.125374
vt 0.250250 0.125374
vt 0.265860 0.125374
vt 0.281469 0.125374
vt 0.297078 0.125374
vt 0.312688 0.125374
vt 0.328297 0.125374
vt 0.343907 0.125374
vt 0.359516 0.125374
vt 0.375125 0.125374
vt 0.390735 0.125374
vt 0.406344 0.125374
vt 0.421954 0.125374
vt 0.437563 0.125374
vt 0.453172 0.125374
vt 0.468782 0.125374
vt 0.484391 0.125374
vt 0.500001 0.125374
vt 0.515610 0.125374
vt 0.531219 0.125374
vt 0.546829 0.125374
vt 0.562438 0.125374
vt 0.578048 0.125374
vt 0.593657 0.125374
vt 0.609266 0.125374
vt 0.624876 0.125374
vt 0.640485 0.125374
vt 0.656095 0.125374
vt 0.671704 0.125374
vt 0.687313 0.125374
vt 0.702923 0.125374
vt 0.718532 0.125374
vt 0.734142 0.125374
vt 0.749751 0.125374
vt 0.765360 0.125374
vt 0.780970 0.125374
vt 0.796579 0.125374
vt 0.812189 0.125374
vt 0.827798 0.125374
vt 0.843407 0.125374
vt 0.859017 0.125374
vt 0.874626 0.125374
vt 0.890236 0.125374
vt 0.905845 0.125374
vt 0.921454 0.125374
vt 0.937064 0.125374
vt 0.952673 0.125374
vt 0.968283 0.125374
vt 0.983892 0.125374
vt 0.999501 0.125374
vt 0.000500 0.109764
vt 0.016109 0.109764
vt 0.031719 0.109764
vt 0.047328 0.109764
vt 0.062937 0.109764
vt 0.078547 0.109764
vt 0.094156 0.109764
vt 0.109766 0.109764
vt 0.125375 0.109764
vt 0.140984 0.109764
vt 0.156594 0.109764
vt 0.172203 0.109764
vt 0.187813 0.109764
vt 0.203422 0.109764
vt 0.219031 0.109764
vt 0.234641 0.109764
vt 0.250250 0.109764
vt 0.265860 0.109764
vt 0.281469 0.109764
vt 0.297078 0.109764
vt 0.312688 0.109764
vt 0.328297 0.109764
vt 0.343907 0.109764
vt 0.359516 0.109764
vt 0.375125 0.109765
vt 0.390735 0.109765
vt 0.406344 0.109765
vt 0.421954 0.109764
vt 0.437563 0.109764
vt 0.453172 0.109764
vt 0.468782 0.109764
vt 0.484391 0.109765
vt 0.500001 0.109765
vt 0.515610 0.109765
vt 0.531219 0.109765
vt 0.546829 0.109765
vt 0.562438 0.109765
vt 0.578048 0.109765
vt 0.593657 0.109765
vt 0.609266 0.109765
vt 0.624876 0.109765
vt 0.640485 0.109765
vt 0.656095 0.109765
vt 0.671704 0.109765
vt 0.687313 0.109765
vt 0.702923 0.109765
vt 0.718532 0.109765
vt 0.734142 0.109765
vt 0.749751 0.109765
vt 0.765360 0.109765
vt 0.780970 0.109765
vt 0.796579 0.109765
vt 0.812189 0.109765
vt 0.827798 0.109765
vt 0.843407 0.109765
vt 0.859017 0.109765
vt 0.874626 0.109765
vt 0.890236 0.109765
vt 0.905845 0.109765
vt 0.921454 0.109765
vt 0.937064 0.109765
vt 0.952673 0.109765
vt 0.968283 0.109765
vt 0.983892 0.109765
vt 0.999501 0.109765
vt 0.000500 0.094155
vt 0.016109 0.094155
vt 0.031719 0.094155
vt 0.047328 0.094155
vt 0.062937 0.094155
vt 0.078547 0.094155
vt 0.094156 0.094155
vt 0.109766 0.094155
vt 0.125375 0.094155
vt 0.140984 0.094155
vt 0.156594 0.094155
vt 0.172203 0.094155
vt 0.187813 0.094155
vt 0.203422 0.094155
vt 0.219031 0.094155
vt 0.234641 0.094155
vt 0.250250 0.094155
vt 0.265860 0.094155
vt 0.281469 0.094155
vt 0.297078 0.094155
vt 0.312688 0.094155
vt 0.328297 0.094155
vt 0.343907 0.094155
vt 0.359516 0.094155
vt 0.375125 0.094155
vt 0.390735 0.094155
vt 0.406344 0.094155
vt 0.421954 0.094155
vt 0.437563 0.094155
vt 0.453172 0.094155
vt 0.468782 0.094155
vt 0.484391 0.094155
vt 0.500001 0.094155
vt 0.515610 0.094155
vt 0.531219 0.094155
vt 0.546829 0.094155
vt 0.562438 0.094155
vt 0.578048 0.094155
vt 0.593657 0.094155
vt 0.609266 0.094155
vt 0.624876 0.094155
vt 0.640485 0.094155
vt 0.656095 0.094155
vt 0.671704 0.094155
vt 0.687313 0.094155
vt 0.702923 0.094155
vt 0.718532 0.094155
vt 0.734142 0.094155
vt 0.749751 0.094155
vt 0.765360 0.094155
vt 0.780970 0.094155
vt 0.796579 0.094155
vt 0.812189 0.094155
vt 0.827798 0.094155
vt 0.843407 0.094155
vt 0.859017 0.094155
vt 0.874626 0.094155
vt 0.890236 0.094155
vt 0.905845 0.094155
vt 0.921454 0.094155
vt 0.937064 0.094155
vt 0.952673 0.094155
vt 0.968283 0.094155
vt 0.983892 0.094155
vt 0.999501 0.094155
vt 0.000500 0.078546
vt 0.016109 0.078546
vt 0.031719 0.078546
vt 0.047328 0.078546
vt 0.062937 0.078546
vt 0.078547 0.078546
vt 0.094156 0.078546
vt 0.109766 0.078546
vt 0.125375 0.078546
vt 0.140984 0.078546
vt 0.156594 0.078546
vt 0.172203 0.078546
vt 0.187813 0.078546
vt 0.203422 0.078546
vt 0.219031 0.078546
vt 0.234641 0.078546
vt 0.250250 0.078546
vt 0.265860 0.078546
vt 0.281469 0.078546
vt 0.297078 0.078546
vt 0.312688 0.078546
vt 0.328297 0.078546
vt 0.343907 0.078546
vt 0.359516 0.078546
vt 0.375125 0.078546
vt 0.390735 0.078546
vt 0.406344 0.078546
vt 0.421954 0.078546
vt 0.437563 0.078546
vt 0.453172 0.078546
vt 0.468782 0.078546
vt 0.484391 0.078546
vt 0.500001 0.078546
vt 0.515610 0.078546
vt 0.531219 0.078546
vt 0.546829 0.078546
vt 0.562438 0.078546
vt 0.578048 0.078546
vt 0.593657 0.078546
vt 0.609266 0.078546
vt 0.624876 0.078546
vt 0.640485 0.078546
vt 0.656095 0.078546
vt 0.671704 0.078546
vt 0.687313 0.078546
vt 0.702923 0.078546
vt 0.718532 0.078546
vt 0.734142 0.078546
vt 0.749751 0.078546
vt 0.765360 0.078546
vt 0.780970 0.078546
vt 0.796579 0.078546
vt 0.812189 0.078546
vt 0.827798 0.078546
vt 0.843407 0.078546
vt 0.859017 0.078546
vt 0.874626 0.078546
vt 0.890236 0.078546
vt 0.905845 0.078546
vt 0.921454 0.078546
vt 0.937064 0.078546
vt 0.952673 0.078546
vt 0.968283 0.078546
vt 0.983892 0.078546
vt 0.999501 0.078546
vt 0.000500 0.062936
vt 0.016109 0.062936
vt 0.031719 0.062936
vt 0.047328 0.062936
vt 0.062937 0.062936
vt 0.078547 0.062936
vt 0.094156 0.062936
vt 0.109766 0.062936
vt 0.125375 0.062936
vt 0.140984 0.062936
vt 0.156594 0.062936
vt 0.172203 0.062936
vt 0.187813 0.062936
vt 0.203422 0.062936
vt 0.219031 0.062936
vt 0.234641 0.062936
vt 0.250250 0.062936
vt 0.265860 0.062936
vt 0.281469 0.062936
vt 0.297078 0.062936
vt 0.312688 0.062936
vt 0.328297 0.062936
vt 0.343907 0.062936
vt 0.359516 0.062936
vt 0.375125 0.062936
vt 0.390735 0.062936
vt 0.406344 0.062936
vt 0.421954 0.062936
vt 0.437563 0.062936
vt 0.453172 0.062936
vt 0.468782 0.062936
vt 0.484391 0.062936
vt 0.500001 0.062936
vt 0.515610 0.062936
vt 0.531219 0.062936
vt 0.546829 0.062936
vt 0.562438 0.062936
vt 0.578048 0.062936
vt 0.593657 0.062936
vt 0.609266 0.062936
vt 0.624876 0.062936
vt 0.640485 0.062936
vt 0.656095 0.062936
vt 0.671704 0.062936
vt 0.687313 0.062936
vt 0.702923 0.062936
vt 0.718532 0.062936
vt 0.734142 0.062936
vt 0.749751 0.062936
vt 0.765360 0.062936
vt 0.780970 0.062936
vt 0.796579 0.062936
vt 0.812189 0.062936
vt 0.827798 0.062936
vt 0.843407 0.062936
vt 0.859017 0.062936
vt 0.874626 0.062936
vt 0.890236 0.062936
vt 0.905845 0.062936
vt 0.921454 0.062936
vt 0.937064 0.062936
vt 0.952673 0.062936
vt 0.968283 0.062936
vt 0.983892 0.062936
vt 0.999501 0.062936
vt 0.000500 0.047327
vt 0.016109 0.047327
vt 0.031719 0.047327
vt 0.047328 0.047327
vt 0.062937 0.047327
vt 0.078547 0.047327
vt 0.094156 0.047327
vt 0.109766 0.047327
vt 0.125375 0.047327
vt 0.140984 0.047327
vt 0.156594 0.047327
vt 0.172203 0.047327
vt 0.187813 0.047327
vt 0.203422 0.047327
vt 0.219031 0.047327
vt 0.234641 0.047327
vt 0.250250 0.047327
vt 0.265860 0.047327
vt 0.281469 0.047327
vt 0.297078 0.047327
vt 0.312688 0.047327
vt 0.328297 0.047327
vt 0.343907 0.047327
vt 0.359516 0.047327
vt 0.375125 0.047327
vt 0.390735 0.047327
vt 0.406344 0.047327
vt 0.421954 0.047327
vt 0.437563 0.047327
vt 0.453172 0.047327
vt 0.468782 0.047327
vt 0.484391 0.047327
vt 0.500001 0.047327
vt 0.515610 0.047327
vt 0.531219 0.047327
vt 0.546829 0.047327
vt 0.562438 0.047327
vt 0.578048 0.047327
vt 0.593657 0.047327
vt 0.609266 0.047327
vt 0.624876 0.047327
vt 0.640485 0.047327
vt 0.656095 0.047327
vt 0.671704 0.047327
vt 0.687313 0.047327
vt 0.702923 0.047327
vt 0.718532 0.047327
vt 0.734142 0.047327
vt 0.749751 0.047327
vt 0.765360 0.047327
vt 0.780970 0.047327
vt 0.796579 0.047327
vt 0.812189 0.047327
vt 0.827798 0.047327
vt 0.843407 0.047327
vt 0.859017 0.047327
vt 0.874626 0.047327
vt 0.890236 0.047327
vt 0.905845 0.047327
vt 0.921454 0.047327
vt 0.937064 0.047327
vt 0.952673 0.047327
vt 0.968283 0.047327
vt 0.983892 0.047327
vt 0.999501 0.047327
vt 0.000500 0.031717
vt 0.016109 0.031717
vt 0.031719 0.031717
vt 0.047328 0.031717
vt 0.062937 0.031717
vt 0.078547 0.031717
vt 0.094156 0.031717
vt 0.109766 0.031717
vt 0.125375 0.031717
vt 0.140984 0.031717
vt 0.156594 0.031717
vt 0.172203 0.031717
vt 0.187813 0.031717
vt 0.203422 0.031717
vt 0.219031 0.031717
vt 0.234641 0.031717
vt 0.250250 0.031717
vt 0.265860 0.031717
vt 0.281469 0.031717
vt 0.297078 0.031717
vt 0.312688 0.031717
vt 0.328297 0.031717
vt 0.343907 0.031717
vt 0.359516 0.031717
vt 0.375125 0.031717
vt 0.390735 0.031718
vt 0.406344 0.031718
vt 0.421954 0.031718
vt 0.437563 0.031718
vt 0.453172 0.031718
vt 0.468782 0.031717
vt 0.484391 0.031717
vt 0.500001 0.031718
vt 0.515610 0.031718
vt 0.531219 0.031718
vt 0.546829 0.031718
vt 0.562438 0.031718
vt 0.578048 0.031718
vt 0.593657 0.031718
vt 0.609266 0.031718
vt 0.624876 0.031718
vt 0.640485 0.031718
vt 0.656095 0.031718
vt 0.671704 0.031718
vt 0.687313 0.031718
vt 0.702923 0.031718
vt 0.718532 0.031718
vt 0.734142 0.031718
vt 0.749751 0.031718
vt 0.765360 0.031718
vt 0.780970 0.031718
vt 0.796579 0.031718
vt 0.812189 0.031718
vt 0.827798 0.031718
vt 0.843407 0.031718
vt 0.859017 0.031718
vt 0.874626 0.031718
vt 0.890236 0.031718
vt 0.905845 0.031718
vt 0.921454 0.031718
vt 0.937064 0.031718
vt 0.952673 0.031718
vt 0.968283 0.031718
vt 0.983892 0.031718
vt 0.999501 0.031718
vt 0.000500 0.016108
vt 0.016109 0.016108
vt 0.031719 0.016108
vt 0.047328 0.016108
vt 0.062937 0.016108
vt 0.078547 0.016108
vt 0.094156 0.016108
vt 0.109766 0.016108
vt 0.125375 0.016108
vt 0.140984 0.016108
vt 0.156594 0.016108
vt 0.172203 0.016108
vt 0.187813 0.016108
vt 0.203422 0.016108
vt 0.219031 0.016108
vt 0.234641 0.016108
vt 0.250250 0.016108
vt 0.265860 0.016108
vt 0.281469 0.016108
vt 0.297078 0.016108
vt 0.312688 0.016108
vt 0.328297 0.016108
vt 0.343907 0.016108
vt 0.359516 0.016108
vt 0.375125 0.016108
vt 0.390735 0.016108
vt 0.406344 0.016108
vt 0.421954 0.016108
vt 0.437563 0.016108
vt 0.453172 0.016108
vt 0.468782 0.016108
vt 0.484391 0.016108
vt 0.500001 0.016108
vt 0.515610 0.016108
vt 0.531219 0.016108
vt 0.546829 0.016108
vt 0.562438 0.016108
vt 0.578048 0.016108
vt 0.593657 0.016108
vt 0.609266 0.016108
vt 0.624876 0.016108
vt 0.640485 0.016108
vt 0.656095 0.016108
vt 0.671704 0.016108
vt 0.687313 0.016108
vt 0.702923 0.016108
vt 0.718532 0.016108
vt 0.734142 0.016108
vt 0.749751 0.016108
vt 0.765360 0.016108
vt 0.780970 0.016108
vt 0.796579 0.016108
vt 0.812189 0.016108
vt 0.827798 0.016108
vt 0.843407 0.016108
vt 0.859017 0.016108
vt 0.874626 0.016108
vt 0.890236 0.016108
vt 0.905845 0.016108
vt 0.921454 0.016108
vt 0.937064 0.016108
vt 0.952673 0.016108
vt 0.968283 0.016108
vt 0.983892 0.016108
vt 0.999501 0.016108
vt 0.000500 0.000499
vt 0.016109 0.000499
vt 0.031719 0.000499
vt 0.047328 0.000499
vt 0.062937 0.000499
vt 0.078547 0.000499
vt 0.094156 0.000499
vt 0.109766 0.000499
vt 0.125375 0.000499
vt 0.140984 0.000499
vt 0.156594 0.000499
vt 0.172203 0.000499
vt 0.187813 0.000499
vt 0.203422 0.000499
vt 0.219031 0.000499
vt 0.234641 0.000499
vt 0.250250 0.000499
vt 0.265860 0.000499
vt 0.281469 0.000499
vt 0.297078 0.000499
vt 0.312688 0.000499
vt 0.328297 0.000499
vt 0.343907 0.000499
vt 0.359516 0.000499
vt 0.375125 0.000499
vt 0.390735 0.000499
vt 0.406344 0.000499
vt 0.421954 0.000499
vt 0.437563 0.000499
vt 0.453172 0.000499
vt 0.468782 0.000499
vt 0.484391 0.000499
vt 0.500001 0.000499
vt 0.515610 0.000499
vt 0.531219 0.000499
vt 0.546829 0.000499
vt 0.562438 0.000499
vt 0.578048 0.000499
vt 0.593657 0.000499
vt 0.609266 0.000499
vt 0.624876 0.000499
vt 0.640485 0.000499
vt 0.656095 0.000499
vt 0.671704 0.000499
vt 0.687313 0.000499
vt 0.702923 0.000499
vt 0.718532 0.000499
vt 0.734142 0.000499
vt 0.749751 0.000499
vt 0.765360 0.000499
vt 0.780970 0.000499
vt 0.796579 0.000499
vt 0.812189 0.000499
vt 0.827798 0.000499
vt 0.843407 0.000499
vt 0.859017 0.000499
vt 0.874626 0.000499
vt 0.890236 0.000499
vt 0.905845 0.000499
vt 0.921454 0.000499
vt 0.937064 0.000499
vt 0.952673 0.000499
vt 0.968283 0.000499
vt 0.983892 0.000499
vt 0.999501 0.000499
# 4225 texture vertices

vn 0.000000 1.000000 0.000000
vn 0.000000 1.000000 0.000000
vn 0.000000 1.000000 0.000000
vn 0.000000 1.000000 0.000000
vn 0.000000 1.000000 0.000000
vn 0.000000 1.000000 0.000000
vn 0.000000 1.000000 0.000000
vn 0.000000 1.000000 0.000000
vn 0.000000 1.000000 0.000000
vn 0.000000 1.000000 0.000000
vn 0.000000 1.000000 0.000000
vn 0.000000 1.000000 0.000000
vn 0.000000 1.000000 0.000000
vn 0.000000 1.000000 0.000000
vn 0.000000 1.000000 0.000000
vn 0.000000 1.000000 0.000000
vn 0.000000 1.000000 0.000000
vn 0.000000 1.000000 0.000000
vn 0.000000 1.000000 0.000000
vn 0.000000 1.000000 0.000000
vn 0.000000 1.000000 0.000000
vn 0.000000 1.000000 0.000000
vn 0.000000 1.000000 0.000000
vn 0.000000 1.000000 0.000000
vn 0.000000 1.000000 0.000000
vn 0.000000 1.000000 0.000000
vn 0.000000 1.000000 0.000000
vn 0.000000 1.000000 0.000000
vn 0.000000 1.000000 0.000000
vn 0.000000 1.000000 0.000000
vn 0.000000 1.000000 0.000000
vn 0.000000 1.000000 0.000000
vn 0.000000 1.000000 0.000000
vn 0.000000 1.000000 0.000000
vn 0.000000 1.000000 0.000000
vn 0.000000 1.000000 0.000000
vn 0.000000 1.000000 0.000000
vn 0.000000 1.000000 0.000000
vn 0.000000 1.000000 0.000000
vn 0.000000 1.000000 0.000000
vn 0.000000 1.000000 0.000000
vn 0.000000 1.000000 0.000000
vn 0.000000 1.000000 0.000000
vn 0.000000 1.000000 0.000000
vn 0.000000 1.000000 0.000000
vn 0.000000 1.000000 0.000000
vn 0.000000 1.000000 0.000000
vn 0.000000 1.000000 0.000000
vn 0.000000 1.000000 0.000000
vn 0.000000 1.000000 0.000000
vn 0.000000 1.000000 0.000000
vn 0.000000 1.000000 0.000000
vn 0.000000 1.000000 0.000000
vn 0.000000 1.000000 0.000000
vn 0.000000 1.000000 0.000000
vn 0.000000 1.000000 0.000000
vn 0.000000 1.000000 0.000000
vn 0.000000 1.000000 0.000000
vn 0.000000 1.000000 0.000000
vn 0.000000 1.000000 0.000000
vn 0.000000 1.000000 0.000000
vn 0.000000 1.000000 0.000000
vn 0.000000 1.000000 0.000000
vn 0.000000 1.000000 0.000000
vn 0.000000 1.000000 0.000000
vn 0.000000 1.000000 0.000000
vn 0.000000 1.000000 0.000000
vn 0.000000 1.000000 0.000000
vn 0.000000 1.000000 0.000000
vn 0.000000 1.000000 0.000000
vn 0.000000 1.000000 0.000000
vn 0.000000 1.000000 0.000000
vn 0.000000 1.000000 0.000000
vn 0.000000 1.000000 0.000000
vn 0.000000 1.000000 0.000000
vn 0.000000 1.000000 0.000000
vn 0.000000 1.000000 0.000000
vn 0.000000 1.000000 0.000000
vn 0.000000 1.000000 0.000000
vn 0.000000 1.000000 0.000000
vn 0.000000 1.000000 0.000000
vn 0.000000 1.000000 0.000000
vn 0.000000 1.000000 0.000000
vn 0.000000 1.000000 0.000000
vn 0.000000 1.000000 0.000000
vn 0.000000 1.000000 0.000000
vn 0.000000 1.000000 0.000000
vn 0.000000 1.000000 0.000000
vn 0.000000 1.000000 0.000000
vn 0.000000 1.000000 0.000000
vn 0.000000 1.000000 0.000000
vn 0.000000 1.000000 0.000000
vn 0.000000 1.000000 0.000000
vn 0.000000 1.000000 0.000000
vn 0.000000 1.000000 0.000000
vn 0.000000 1.000000 0.000000
vn 0.000000 1.000000 0.000000
vn 0.000000 1.000000 0.000000
vn 0.000000 1.000000 0.000000
vn 0.000000 1.000000 0.000000
vn 0.000000 1.000000 0.000000
vn 0.000000 1.000000 0.000000
vn 0.000000 1.000000 0.000000
vn 0.000000 1.000000 0.000000
vn 0.000000 1.000000 0.000000
vn 0.000000 1.000000 0.000000
vn 0.000000 1.000000 0.000000
vn 0.000000 1.000000 0.000000
vn 0.000000 1.000000 0.000000
vn 0.000000 1.000000 0.000000
vn 0.000000 1.000000 0.000000
vn 0.000000 1.000000 0.000000
vn 0.002509 0.999984 -0.005019
vn -0.005019 0.999975 -0.005019
vn -0.007527 0.999943 -0.007527
vn -0.010038 0.999937 0.005019
vn -0.039870 0.997709 -0.054650
vn -0.015042 0.998871 -0.045064
vn -0.114867 0.991716 -0.057490
vn -0.050127 0.998693 0.010021
vn -0.184100 0.982760 -0.017047
vn -0.076457 0.996666 -0.028498
vn -0.180037 0.982892 -0.038854
vn -0.102683 0.994263 -0.029944
vn -0.160847 0.986762 -0.020731
vn -0.079949 0.995472 -0.051409
vn -0.109392 0.993996 0.002249
vn -0.045089 0.998783 -0.020007
vn -0.055072 0.998370 0.015003
vn -0.015055 0.999773 -0.015055
vn 0.000000 1.000000 0.000000
vn 0.000000 1.000000 0.000000
vn 0.000000 1.000000 0.000000
vn 0.000000 1.000000 0.000000
vn 0.000000 1.000000 0.000000
vn 0.000000 1.000000 0.000000
vn 0.000000 1.000000 0.000000
vn 0.000000 1.000000 0.000000
vn 0.000000 1.000000 0.000000
vn 0.000000 1.000000 0.000000
vn 0.000000 1.000000 0.000000
vn 0.000000 1.000000 0.000000
vn 0.000000 1.000000 0.000000
vn 0.000000 1.000000 0.000000
vn 0.000000 1.000000 0.000000
vn 0.000000 1.000000 0.000000
vn 0.000000 1.000000 0.000000
vn 0.000000 1.000000 0.000000
vn 0.000000 1.000000 0.000000
vn 0.000000 1.000000 0.000000
vn 0.000000 1.000000 0.000000
vn 0.000000 1.000000 0.000000
vn 0.000000 1.000000 0.000000
vn 0.000000 1.000000 0.000000
vn 0.000000 1.000000 0.000000
vn 0.000000 1.000000 0.000000
vn 0.000000 1.000000 0.000000
vn 0.000000 1.000000 0.000000
vn 0.000000 1.000000 0.000000
vn 0.000000 1.000000 0.000000
vn 0.000000 1.000000 0.000000
vn 0.000000 1.000000 0.000000
vn 0.000000 1.000000 0.000000
vn 0.000000 1.000000 0.000000
vn 0.000000 1.000000 0.000000
vn 0.000000 1.000000 0.000000
vn 0.000000 1.000000 0.000000
vn 0.000000 1.000000 0.000000
vn 0.000000 1.000000 0.000000
vn 0.000000 1.000000 0.000000
vn 0.000000 1.000000 0.000000
vn 0.000000 1.000000 0.000000
vn 0.000000 1.000000 0.000000
vn 0.000000 1.000000 0.000000
vn 0.000000 1.000000 0.000000
vn 0.000000 1.000000 0.000000
vn 0.000000 1.000000 0.000000
vn 0.000000 1.000000 0.000000
vn 0.000000 1.000000 0.000000
vn 0.000000 1.000000 0.000000
vn 0.000000 1.000000 0.000000
vn 0.000000 1.000000 0.000000
vn 0.000000 1.000000 0.000000
vn 0.000000 1.000000 0.000000
vn 0.000000 1.000000 0.000000
vn -0.002510 0.999994 -0.002510
vn -0.024982 0.999535 -0.017499
vn -0.104208 0.991589 -0.076754
vn -0.251802 0.958179 -0.135976
vn -0.349527 0.926476 -0.139545
vn -0.393217 0.918350 -0.044880
vn -0.355836 0.934532 0.005485
vn -0.271436 0.961416 0.044738
vn -0.167212 0.982408 0.083155
vn -0.104030 0.990559 0.089279
vn 0.000000 1.000000 0.000000
vn 0.000000 1.000000 0.000000
vn 0.000000 1.000000 0.000000
vn 0.000000 1.000000 0.000000
vn 0.000000 1.000000 0.000000
vn 0.000000 1.000000 0.000000
vn 0.000000 1.000000 0.000000
vn 0.000000 1.000000 0.000000
vn 0.000000 1.000000 0.000000
vn 0.000000 1.000000 0.000000
vn 0.000000 1.000000 0.000000
vn 0.000000 1.000000 0.000000
vn 0.000000 1.000000 0.000000
vn 0.000000 1.000000 0.000000
vn 0.000000 1.000000 0.000000
vn 0.000000 1.000000 0.000000
vn 0.000000 1.000000 0.000000
vn 0.000000 1.000000 0.000000
vn 0.000000 1.000000 0.000000
vn 0.000000 1.000000 0.000000
vn 0.000000 1.000000 0.000000
vn 0.000000 1.000000 0.000000
vn 0.000000 1.000000 0.000000
vn 0.000000 1.000000 0.000000
vn 0.000000 1.000000 0.000000
vn 0.000000 1.000000 0.000000
vn 0.000000 1.000000 0.000000
vn 0.000000 1.000000 0.000000
vn 0.000000 1.000000 0.000000
vn 0.000000 1.000000 0.000000
vn 0.000000 1.000000 0.000000
vn 0.000000 1.000000 0.000000
vn 0.000000 1.000000 0.000000
vn 0.000000 1.000000 0.000000
vn 0.000000 1.000000 0.000000
vn 0.000000 1.000000 0.000000
vn 0.000000 1.000000 0.000000
vn 0.000000 1.000000 0.000000
vn 0.000000 1.000000 0.000000
vn 0.000000 1.000000 0.000000
vn 0.000000 1.000000 0.000000
vn 0.000000 1.000000 0.000000
vn 0.000000 1.000000 0.000000
vn 0.000000 1.000000 0.000000
vn 0.000000 1.000000 0.000000
vn 0.000000 1.000000 0.000000
vn 0.000000 1.000000 0.000000
vn 0.000000 1.000000 0.000000
vn 0.000000 1.000000 0.000000
vn 0.000000 1.000000 0.000000
vn 0.000000 1.000000 0.000000
vn 0.000000 1.000000 0.000000
vn 0.000000 1.000000 0.000000
vn 0.000000 1.000000 0.000000
vn -0.005018 0.999975 -0.005018
vn -0.067430 0.995899 -0.060313
vn -0.229189 0.965695 -0.122090
vn -0.387672 0.896931 -0.212662
vn -0.516751 0.807713 -0.283846
vn -0.612428 0.775477 -0.153517
vn -0.569596 0.821239 0.033575
vn -0.427116 0.892855 0.142763
vn -0.266995 0.947124 0.177961
vn -0.129793 0.968938 0.210505
vn -0.063033 0.976732 0.204994
vn 0.000000 1.000000 0.000000
vn 0.000000 1.000000 0.000000
vn 0.000000 1.000000 0.000000
vn 0.000000 1.000000 0.000000
vn 0.000000 1.000000 0.000000
vn 0.000000 1.000000 0.000000
vn 0.000000 1.000000 0.000000
vn 0.000000 1.000000 0.000000
vn 0.000000 1.000000 0.000000
vn 0.000000 1.000000 0.000000
vn 0.000000 1.000000 0.000000
vn 0.000000 1.000000 0.000000
vn 0.000000 1.000000 0.000000
vn 0.000000 1.000000 0.000000
vn 0.000000 1.000000 0.000000
vn 0.000000 1.000000 0.000000
vn 0.000000 1.000000 0.000000
vn 0.000000 1.000000 0.000000
vn 0.000000 1.000000 0.000000
vn 0.000000 1.000000 0.000000
vn 0.000000 1.000000 0.000000
vn 0.000000 1.000000 0.000000
vn 0.000000 1.000000 0.000000
vn 0.000000 1.000000 0.000000
vn 0.000000 1.000000 0.000000
vn 0.000000 1.000000 0.000000
vn 0.000000 1.000000 0.000000
vn 0.000000 1.000000 0.000000
vn 0.000000 1.000000 0.000000
vn 0.000000 1.000000 0.000000
vn 0.000000 1.000000 0.000000
vn 0.000000 1.000000 0.000000
vn 0.000000 1.000000 0.000000
vn 0.000000 1.000000 0.000000
vn 0.000000 1.000000 0.000000
vn 0.000000 1.000000 0.000000
vn 0.000000 1.000000 0.000000
vn 0.000000 1.000000 0.000000
vn 0.000000 1.000000 0.000000
vn 0.000000 1.000000 0.000000
vn 0.000000 1.000000 0.000000
vn 0.000000 1.000000 0.000000
vn 0.000000 1.000000 0.000000
vn 0.000000 1.000000 0.000000
vn 0.000000 1.000000 0.000000
vn 0.000000 1.000000 0.000000
vn 0.000000 1.000000 0.000000
vn 0.000000 1.000000 0.000000
vn 0.000000 1.000000 0.000000
vn 0.000000 1.000000 0.000000
vn 0.000000 1.000000 0.000000
vn -0.002510 0.999994 -0.002510
vn -0.010037 0.999946 -0.002509
vn -0.020060 0.999786 -0.005017
vn -0.083642 0.994067 -0.069533
vn -0.241807 0.945492 -0.218116
vn -0.445288 0.824928 -0.348155
vn -0.610749 0.712973 -0.344465
vn -0.646620 0.704557 -0.292374
vn -0.591663 0.802471 -0.077294
vn -0.461669 0.855783 0.233447
vn -0.286325 0.884402 0.368580
vn -0.108657 0.932228 0.345172
vn -0.006802 0.951598 0.307271
vn 0.014467 0.953507 0.301022
vn 0.000000 1.000000 0.000000
vn 0.000000 1.000000 0.000000
vn 0.000000 1.000000 0.000000
vn 0.000000 1.000000 0.000000
vn 0.000000 1.000000 0.000000
vn 0.000000 1.000000 0.000000
vn 0.000000 1.000000 0.000000
vn 0.000000 1.000000 0.000000
vn 0.000000 1.000000 0.000000
vn 0.000000 1.000000 0.000000
vn 0.000000 1.000000 0.000000
vn 0.000000 1.000000 0.000000
vn 0.000000 1.000000 0.000000
vn 0.000000 1.000000 0.000000
vn 0.000000 1.000000 0.000000
vn 0.000000 1.000000 0.000000
vn 0.000000 1.000000 0.000000
vn 0.000000 1.000000 0.000000
vn 0.000000 1.000000 0.000000
vn 0.000000 1.000000 0.000000
vn 0.000000 1.000000 0.000000
vn 0.000000 1.000000 0.000000
vn 0.000000 1.000000 0.000000
vn 0.000000 1.000000 0.000000
vn 0.000000 1.000000 0.000000
vn 0.000000 1.000000 0.000000
vn 0.000000 1.000000 0.000000
vn 0.000000 1.000000 0.000000
vn 0.000000 1.000000 0.000000
vn 0.000000 1.000000 0.000000
vn 0.000000 1.000000 0.000000
vn 0.000000 1.000000 0.000000
vn 0.000000 1.000000 0.000000
vn 0.000000 1.000000 0.000000
vn 0.000000 1.000000 0.000000
vn 0.000000 1.000000 0.000000
vn 0.000000 1.000000 0.000000
vn 0.000000 1.000000 0.000000
vn 0.000000 1.000000 0.000000
vn 0.000000 1.000000 0.000000
vn 0.000000 1.000000 0.000000
vn 0.000000 1.000000 0.000000
vn 0.000000 1.000000 0.000000
vn 0.000000 1.000000 0.000000
vn -0.005018 0.999975 -0.005018
vn -0.034901 0.999191 -0.019973
vn -0.089018 0.995919 -0.014906
vn -0.115575 0.993296 0.002456
vn -0.126851 0.991772 -0.017208
vn -0.161995 0.986787 -0.002965
vn -0.185543 0.982411 -0.021025
vn -0.238963 0.970627 -0.027910
vn -0.276109 0.961078 -0.009653
vn -0.295438 0.954491 -0.040794
vn -0.333326 0.927123 -0.171281
vn -0.399168 0.821856 -0.406470
vn -0.476606 0.724251 -0.498304
vn -0.494666 0.746472 -0.445068
vn -0.495764 0.849811 -0.178996
vn -0.328686 0.933212 0.145194
vn -0.127160 0.899080 0.418910
vn -0.005392 0.859586 0.510963
vn 0.079737 0.894985 0.438913
vn 0.103990 0.940896 0.322335
vn 0.080873 0.947578 0.309121
vn 0.000000 1.000000 0.000000
vn 0.000000 1.000000 0.000000
vn 0.000000 1.000000 0.000000
vn 0.000000 1.000000 0.000000
vn 0.000000 1.000000 0.000000
vn 0.000000 1.000000 0.000000
vn 0.000000 1.000000 0.000000
vn 0.000000 1.000000 0.000000
vn 0.000000 1.000000 0.000000
vn 0.000000 1.000000 0.000000
vn 0.000000 1.000000 0.000000
vn 0.000000 1.000000 0.000000
vn 0.000000 1.000000 0.000000
vn 0.000000 1.000000 0.000000
vn 0.000000 1.000000 0.000000
vn 0.000000 1.000000 0.000000
vn 0.000000 1.000000 0.000000
vn 0.000000 1.000000 0.000000
vn 0.000000 1.000000 0.000000
vn 0.000000 1.000000 0.000000
vn 0.000000 1.000000 0.000000
vn 0.000000 1.000000 0.000000
vn 0.000000 1.000000 0.000000
vn -0.002510 0.999994 -0.002510
vn -0.005019 0.999984 0.002509
vn 0.000000 1.000000 0.000000
vn 0.000000 1.000000 0.000000
vn 0.000000 1.000000 0.000000
vn 0.000000 1.000000 0.000000
vn 0.000000 1.000000 0.000000
vn 0.000000 1.000000 0.000000
vn 0.000000 1.000000 0.000000
vn 0.000000 1.000000 0.000000
vn 0.000000 1.000000 0.000000
vn 0.000000 1.000000 0.000000
vn 0.000000 1.000000 0.000000
vn 0.000000 1.000000 0.000000
vn 0.000000 1.000000 0.000000
vn 0.000000 1.000000 0.000000
vn -0.002510 0.999994 -0.002510
vn -0.005019 0.999984 0.002509
vn 0.000000 1.000000 0.000000
vn 0.000000 1.000000 0.000000
vn -0.015015 0.999775 -0.015015
vn -0.112915 0.989884 -0.085903
vn -0.306142 0.941681 -0.139696
vn -0.476398 0.872363 -0.109675
vn -0.564822 0.824271 -0.039415
vn -0.589771 0.806671 -0.038101
vn -0.622799 0.780583 -0.053026
vn -0.653886 0.754596 -0.054940
vn -0.687661 0.721344 -0.082375
vn -0.730912 0.680774 -0.048115
vn -0.744907 0.665073 -0.052832
vn -0.750506 0.650662 -0.115670
vn -0.685661 0.653583 -0.320466
vn -0.580384 0.711855 -0.395496
vn -0.367350 0.858644 -0.357468
vn -0.133398 0.988457 -0.071814
vn 0.038708 0.941944 0.333531
vn 0.160915 0.840491 0.517380
vn 0.201574 0.825652 0.526942
vn 0.181113 0.880093 0.438901
vn 0.149328 0.947560 0.282543
vn 0.106464 0.963332 0.246285
vn 0.000000 1.000000 0.000000
vn 0.000000 1.000000 0.000000
vn 0.000000 1.000000 0.000000
vn 0.000000 1.000000 0.000000
vn 0.000000 1.000000 0.000000
vn 0.000000 1.000000 0.000000
vn 0.000000 1.000000 0.000000
vn 0.000000 1.000000 0.000000
vn 0.000000 1.000000 0.000000
vn 0.000000 1.000000 0.000000
vn 0.000000 1.000000 0.000000
vn 0.000000 1.000000 0.000000
vn 0.000000 1.000000 0.000000
vn 0.000000 1.000000 0.000000
vn 0.000000 1.000000 0.000000
vn 0.000000 1.000000 0.000000
vn 0.000000 1.000000 0.000000
vn 0.000000 1.000000 0.000000
vn 0.000000 1.000000 0.000000
vn 0.000000 1.000000 0.000000
vn 0.000000 1.000000 0.000000
vn 0.000000 1.000000 0.000000
vn 0.000000 1.000000 0.000000
vn -0.002509 0.999946 -0.010037
vn -0.012548 0.999918 0.002509
vn -0.007528 0.999943 0.007528
vn 0.000000 1.000000 0.000000
vn 0.000000 1.000000 0.000000
vn 0.000000 1.000000 0.000000
vn 0.000000 1.000000 0.000000
vn 0.000000 1.000000 0.000000
vn 0.000000 1.000000 0.000000
vn 0.000000 1.000000 0.000000
vn 0.000000 1.000000 0.000000
vn 0.000000 1.000000 0.000000
vn 0.000000 1.000000 0.000000
vn 0.000000 1.000000 0.000000
vn -0.002510 0.999994 -0.002510
vn -0.032335 0.999167 -0.024898
vn -0.098505 0.994829 -0.024759
vn -0.143778 0.989598 -0.004918
vn -0.152753 0.988237 0.007376
vn -0.148009 0.988983 -0.002430
vn -0.188704 0.978203 -0.086652
vn -0.329376 0.896888 -0.295135
vn -0.571331 0.724077 -0.386385
vn -0.749763 0.600153 -0.278695
vn -0.825404 0.548444 -0.133856
vn -0.849657 0.523023 -0.067296
vn -0.849491 0.521798 -0.078048
vn -0.842415 0.532705 -0.081005
vn -0.830217 0.551020 -0.084356
vn -0.814036 0.576206 -0.073025
vn -0.795087 0.604418 -0.050154
vn -0.771464 0.636234 -0.006949
vn -0.714010 0.698377 -0.049592
vn -0.543625 0.834693 -0.088092
vn -0.298413 0.951579 0.073802
vn 0.085714 0.974342 0.208114
vn 0.270998 0.852641 0.446725
vn 0.309722 0.785934 0.535145
vn 0.292253 0.827054 0.480177
vn 0.212503 0.904426 0.369940
vn 0.129731 0.967834 0.215564
vn 0.088320 0.981097 0.172187
vn 0.000000 1.000000 0.000000
vn 0.000000 1.000000 0.000000
vn 0.000000 1.000000 0.000000
vn 0.000000 1.000000 0.000000
vn 0.000000 1.000000 0.000000
vn 0.000000 1.000000 0.000000
vn 0.000000 1.000000 0.000000
vn 0.000000 1.000000 0.000000
vn 0.000000 1.000000 0.000000
vn 0.000000 1.000000 0.000000
vn 0.000000 1.000000 0.000000
vn 0.000000 1.000000 0.000000
vn 0.000000 1.000000 0.000000
vn 0.000000 1.000000 0.000000
vn 0.000000 1.000000 0.000000
vn 0.000000 1.000000 0.000000
vn 0.000000 1.000000 0.000000
vn 0.000000 1.000000 0.000000
vn 0.000000 1.000000 0.000000
vn 0.000000 1.000000 0.000000
vn 0.000000 1.000000 0.000000
vn 0.000000 1.000000 0.000000
vn -0.002510 0.999994 -0.002510
vn -0.002511 0.999946 -0.010036
vn -0.000001 0.999972 -0.007526
vn -0.007528 0.999858 0.015057
vn -0.002509 0.999984 0.005019
vn 0.000000 1.000000 0.000000
vn 0.000000 1.000000 0.000000
vn 0.000000 1.000000 0.000000
vn 0.000000 1.000000 0.000000
vn 0.000000 1.000000 0.000000
vn 0.000000 1.000000 0.000000
vn 0.000000 1.000000 0.000000
vn 0.000000 1.000000 0.000000
vn -0.012523 0.999843 -0.012523
vn -0.094756 0.993704 -0.059781
vn -0.272536 0.956414 -0.104866
vn -0.443599 0.884868 -0.142227
vn -0.573639 0.809485 -0.125191
vn -0.650609 0.757473 -0.054246
vn -0.680364 0.732858 -0.004849
vn -0.683792 0.729677 0.000964
vn -0.679442 0.726674 -0.101500
vn -0.668227 0.652612 -0.357169
vn -0.638930 0.577993 -0.507633
vn -0.612222 0.688586 -0.388630
vn -0.560290 0.807152 -0.185961
vn -0.483355 0.872853 -0.067041
vn -0.360176 0.932845 -0.008591
vn -0.218415 0.975800 0.010480
vn -0.108853 0.993431 -0.035288
vn -0.065574 0.997118 -0.038151
vn -0.029083 0.999340 0.021783
vn 0.039768 0.997942 0.050298
vn 0.069842 0.986822 0.145959
vn 0.201443 0.972351 0.118127
vn 0.287639 0.903036 0.319044
vn 0.421527 0.817932 0.391539
vn 0.445401 0.770118 0.456657
vn 0.372769 0.788700 0.488872
vn 0.287102 0.870844 0.399003
vn 0.179937 0.947883 0.262945
vn 0.085896 0.986835 0.137032
vn 0.044934 0.994949 0.089763
vn 0.000000 1.000000 0.000000
vn 0.000000 1.000000 0.000000
vn 0.000000 1.000000 0.000000
vn 0.000000 1.000000 0.000000
vn 0.000000 1.000000 0.000000
vn 0.000000 1.000000 0.000000
vn 0.000000 1.000000 0.000000
vn 0.000000 1.000000 0.000000
vn 0.000000 1.000000 0.000000
vn 0.000000 1.000000 0.000000
vn 0.000000 1.000000 0.000000
vn 0.000000 1.000000 0.000000
vn 0.000000 1.000000 0.000000
vn 0.000000 1.000000 0.000000
vn 0.000000 1.000000 0.000000
vn 0.000000 1.000000 0.000000
vn 0.000000 1.000000 0.000000
vn 0.000000 1.000000 0.000000
vn 0.000000 1.000000 0.000000
vn 0.000000 1.000000 0.000000
vn 0.000000 1.000000 0.000000
vn 0.000000 1.000000 0.000000
vn 0.000000 0.999972 -0.007529
vn -0.007529 0.999943 -0.007529
vn -0.002511 0.999994 -0.002508
vn 0.002510 0.999946 0.010038
vn -0.000000 0.999972 0.007529
vn 0.000000 1.000000 0.000000
vn 0.000000 1.000000 0.000000
vn 0.000000 1.000000 0.000000
vn 0.000000 1.000000 0.000000
vn 0.000000 1.000000 0.000000
vn 0.000000 1.000000 0.000000
vn 0.000000 1.000000 0.000000
vn -0.039344 0.998451 -0.039344
vn -0.191151 0.973800 -0.123184
vn -0.398381 0.882189 -0.251067
vn -0.600603 0.721593 -0.344353
vn -0.743385 0.572364 -0.346089
vn -0.795702 0.529750 -0.293639
vn -0.812285 0.562264 -0.155085
vn -0.807421 0.588195 -0.045812
vn -0.799072 0.601233 0.001650
vn -0.786272 0.617273 -0.027382
vn -0.735268 0.665402 -0.128928
vn -0.567512 0.790530 -0.230201
vn -0.284455 0.945531 -0.158290
vn 0.029380 0.999558 0.004444
vn 0.293505 0.949428 0.111543
vn 0.494050 0.855381 0.155683
vn 0.618542 0.772796 0.142096
vn 0.661404 0.748997 0.039340
vn 0.644480 0.764599 -0.005774
vn 0.640091 0.766751 0.048749
vn 0.651816 0.752576 0.093624
vn 0.661276 0.736239 0.143756
vn 0.659050 0.736677 0.151524
vn 0.586834 0.766439 0.261146
vn 0.478597 0.791282 0.380549
vn 0.417964 0.834351 0.359396
vn 0.296854 0.881577 0.367016
vn 0.181583 0.937706 0.296200
vn 0.106443 0.980498 0.165208
vn 0.042262 0.996503 0.072086
vn 0.015036 0.999082 0.040114
vn 0.000000 1.000000 0.000000
vn 0.000000 1.000000 0.000000
vn 0.000000 1.000000 0.000000
vn 0.000000 1.000000 0.000000
vn 0.000000 1.000000 0.000000
vn 0.000000 1.000000 0.000000
vn 0.000000 1.000000 0.000000
vn 0.000000 1.000000 0.000000
vn 0.000000 1.000000 0.000000
vn 0.000000 1.000000 0.000000
vn 0.000000 1.000000 0.000000
vn 0.000000 1.000000 0.000000
vn 0.000000 1.000000 0.000000
vn 0.000000 1.000000 0.000000
vn 0.000000 1.000000 0.000000
vn 0.000000 1.000000 0.000000
vn 0.000000 1.000000 0.000000
vn 0.000000 1.000000 0.000000
vn 0.000000 1.000000 0.000000
vn 0.000000 1.000000 0.000000
vn 0.000000 1.000000 0.000000
vn 0.000000 1.000000 0.000000
vn 0.002509 0.999984 -0.005019
vn 0.007706 0.999860 -0.014879
vn 0.001543 0.999998 0.001009
vn -0.002645 0.999957 0.008851
vn -0.008101 0.999943 0.006957
vn -0.008673 0.999962 0.000572
vn -0.007529 0.999972 0.000000
vn -0.007529 0.999972 0.000000
vn -0.005019 0.999984 0.002509
vn 0.000000 1.000000 0.000000
vn -0.002510 0.999994 -0.002510
vn -0.058089 0.997012 -0.050925
vn -0.242803 0.946691 -0.211715
vn -0.505287 0.788932 -0.349674
vn -0.662852 0.606535 -0.439025
vn -0.693503 0.549013 -0.466517
vn -0.618541 0.697469 -0.361862
vn -0.437411 0.883814 -0.165968
vn -0.185901 0.981868 -0.037100
vn -0.025756 0.999663 0.003223
vn 0.004697 0.999981 0.004013
vn -0.018003 0.999837 -0.001181
vn -0.006943 0.999015 -0.043836
vn 0.111013 0.993381 0.029511
vn 0.334860 0.930805 0.146530
vn 0.511470 0.821126 0.253280
vn 0.606799 0.740280 0.289450
vn 0.526347 0.813166 0.248436
vn 0.223145 0.970882 0.087149
vn 0.032515 0.994715 -0.097390
vn -0.000866 0.995022 -0.099650
vn -0.001399 0.998379 0.056895
vn 0.031052 0.982268 0.184891
vn 0.099958 0.969278 0.224742
vn 0.149908 0.973909 0.170380
vn 0.160903 0.972716 0.167136
vn 0.075975 0.940672 0.330704
vn 0.053305 0.935785 0.348519
vn 0.070921 0.949142 0.306758
vn 0.050876 0.969499 0.239759
vn 0.022311 0.990770 0.133702
vn 0.015041 0.998871 0.045069
vn 0.010040 0.999899 0.010036
vn 0.000000 1.000000 0.000000
vn 0.000000 1.000000 0.000000
vn 0.000000 1.000000 0.000000
vn 0.000000 1.000000 0.000000
vn 0.000000 1.000000 0.000000
vn 0.000000 1.000000 0.000000
vn 0.000000 1.000000 0.000000
vn 0.000000 1.000000 0.000000
vn 0.000000 1.000000 0.000000
vn 0.000000 1.000000 0.000000
vn 0.000000 1.000000 0.000000
vn 0.000000 1.000000 0.000000
vn 0.000000 1.000000 0.000000
vn 0.000000 1.000000 0.000000
vn 0.000000 1.000000 0.000000
vn 0.000000 1.000000 0.000000
vn 0.000000 1.000000 0.000000
vn 0.000000 1.000000 0.000000
vn 0.000000 1.000000 0.000000
vn 0.000000 1.000000 0.000000
vn 0.000000 1.000000 0.000000
vn 0.000000 1.000000 0.000000
vn 0.000000 1.000000 0.000000
vn -0.013363 0.999523 -0.027852
vn -0.048128 0.998829 -0.005007
vn -0.038373 0.999148 0.015172
vn -0.017592 0.999845 -0.000286
vn -0.023643 0.999715 -0.003232
vn -0.030669 0.999529 0.001144
vn -0.030097 0.999547 -0.000000
vn -0.037582 0.999294 -0.000004
vn -0.040044 0.999120 0.012511
vn -0.051909 0.997961 -0.037151
vn -0.209484 0.947602 -0.241178
vn -0.473709 0.738781 -0.479376
vn -0.659140 0.544889 -0.518296
vn -0.630539 0.623632 -0.462064
vn -0.431532 0.867327 -0.248039
vn 0.017664 0.999671 -0.018586
vn 0.392161 0.908164 0.146448
vn 0.603918 0.772755 0.195278
vn 0.704084 0.702831 0.101457
vn 0.703620 0.709047 -0.046606
vn 0.617452 0.781815 -0.086706
vn 0.553229 0.832250 -0.036037
vn 0.534694 0.835574 0.126164
vn 0.448387 0.847766 0.283272
vn 0.231195 0.906933 0.352168
vn 0.071629 0.976056 0.205386
vn -0.084285 0.973577 -0.212236
vn -0.447414 0.831964 -0.328110
vn -0.622249 0.747533 -0.232381
vn -0.658470 0.751354 -0.043407
vn -0.643458 0.761407 0.078881
vn -0.641931 0.743488 0.187483
vn -0.609383 0.750981 0.254322
vn -0.560076 0.794442 0.234900
vn -0.443393 0.867925 0.223851
vn -0.275217 0.898589 0.341751
vn -0.142290 0.900227 0.411515
vn -0.031675 0.930348 0.365306
vn 0.029515 0.970518 0.239214
vn 0.024903 0.993143 0.114224
vn 0.007521 0.998954 0.045109
vn 0.010037 0.999748 0.020073
vn 0.000000 1.000000 0.000000
vn 0.000000 1.000000 0.000000
vn 0.000000 1.000000 0.000000
vn 0.000000 1.000000 0.000000
vn 0.000000 1.000000 0.000000
vn 0.000000 1.000000 0.000000
vn 0.000000 1.000000 0.000000
vn 0.000000 1.000000 0.000000
vn 0.000000 1.000000 0.000000
vn 0.000000 1.000000 0.000000
vn 0.000000 1.000000 0.000000
vn 0.000000 1.000000 0.000000
vn 0.000000 1.000000 0.000000
vn 0.000000 1.000000 0.000000
vn 0.000000 1.000000 0.000000
vn -0.002224 0.999995 -0.002224
vn -0.004447 0.999988 0.002223
vn 0.000000 1.000000 0.000000
vn 0.000000 1.000000 0.000000
vn 0.000000 1.000000 0.000000
vn 0.000000 1.000000 0.000000
vn 0.000000 1.000000 0.000000
vn 0.000000 1.000000 0.000000
vn -0.011745 0.997226 -0.073495
vn -0.110544 0.990410 -0.082876
vn -0.223012 0.974589 0.021011
vn -0.232666 0.972316 0.021637
vn -0.199620 0.979719 0.017410
vn -0.130829 0.991191 0.020605
vn -0.132160 0.989815 -0.052919
vn -0.286353 0.953511 -0.093903
vn -0.421358 0.906775 0.014728
vn -0.420205 0.903312 -0.086351
vn -0.446855 0.766594 -0.461144
vn -0.558457 0.543556 -0.626636
vn -0.483506 0.726547 -0.488212
vn -0.224436 0.968727 -0.105816
vn 0.292933 0.939152 0.179397
vn 0.563089 0.744554 0.358567
vn 0.622530 0.684156 0.379984
vn 0.545756 0.801024 0.245990
vn 0.364260 0.930078 -0.047644
vn 0.172355 0.941248 -0.290425
vn 0.080247 0.939202 -0.333856
vn -0.020055 0.987785 -0.154529
vn -0.103761 0.993890 0.037641
vn -0.211432 0.973635 0.085627
vn -0.455740 0.889286 0.038346
vn -0.613597 0.789553 -0.010243
vn -0.563336 0.777870 -0.278514
vn -0.410931 0.838420 -0.358033
vn -0.289360 0.940405 -0.178632
vn -0.194334 0.980785 -0.017178
vn -0.170783 0.980340 0.098828
vn -0.184268 0.972843 0.140078
vn -0.340408 0.910603 0.234358
vn -0.464552 0.828754 0.312022
vn -0.414215 0.813978 0.407265
vn -0.241326 0.815386 0.526219
vn -0.052836 0.850496 0.523320
vn 0.028678 0.904771 0.424933
vn 0.041449 0.965863 0.255718
vn 0.034932 0.994908 0.094537
vn 0.015047 0.999434 0.030086
vn 0.005019 0.999786 0.020073
vn 0.000000 1.000000 0.000000
vn 0.000000 1.000000 0.000000
vn 0.000000 1.000000 0.000000
vn 0.000000 1.000000 0.000000
vn 0.000000 1.000000 0.000000
vn 0.000000 1.000000 0.000000
vn 0.000000 1.000000 0.000000
vn 0.000000 1.000000 0.000000
vn 0.000000 1.000000 0.000000
vn 0.000000 1.000000 0.000000
vn 0.000000 1.000000 0.000000
vn 0.000000 1.000000 0.000000
vn 0.000000 1.000000 0.000000
vn -0.002510 0.999994 -0.002510
vn -0.007529 0.999972 0.000000
vn -0.005305 0.999976 -0.004447
vn -0.005019 0.999984 0.002510
vn -0.002223 0.999988 0.004447
vn -0.002510 0.999994 -0.002510
vn -0.007529 0.999972 -0.000000
vn -0.005019 0.999984 0.002509
vn 0.000000 1.000000 0.000000
vn -0.002510 0.999994 -0.002510
vn -0.014869 0.994507 -0.103610
vn -0.117945 0.958605 -0.259162
vn -0.378558 0.913628 -0.148249
vn -0.470615 0.880790 0.052257
vn -0.330562 0.936592 0.116294
vn -0.300638 0.953669 -0.011534
vn -0.483408 0.858439 -0.171459
vn -0.644511 0.717662 -0.263756
vn -0.783776 0.609458 -0.119403
vn -0.814847 0.576558 -0.060044
vn -0.707198 0.563461 -0.427063
vn -0.501678 0.684073 -0.529494
vn -0.049836 0.988468 -0.142993
vn 0.397327 0.860857 0.317895
vn 0.501102 0.751762 0.428661
vn 0.239504 0.893252 0.380446
vn -0.032746 0.969844 0.241517
vn -0.251469 0.967865 -0.000800
vn -0.444561 0.857647 -0.258472
vn -0.542217 0.758604 -0.361276
vn -0.535250 0.788550 -0.302813
vn -0.486145 0.848811 -0.207806
vn -0.481425 0.869561 -0.109971
vn -0.489774 0.867994 -0.081900
vn -0.509293 0.860502 -0.012578
vn -0.533068 0.840428 0.097563
vn -0.448165 0.893711 -0.020714
vn -0.123760 0.975558 -0.181578
vn 0.158636 0.986861 0.030644
vn 0.420583 0.894824 0.149662
vn 0.588642 0.793281 0.155584
vn 0.664689 0.744331 0.064494
vn 0.535532 0.842803 -0.053754
vn 0.152379 0.978335 0.140149
vn -0.094198 0.875408 0.474117
vn -0.071938 0.766449 0.638264
vn 0.021678 0.796456 0.604308
vn 0.083166 0.900045 0.427788
vn 0.060446 0.972270 0.225913
vn 0.024946 0.996702 0.077222
vn 0.012541 0.999843 0.012541
vn 0.005019 0.999975 0.005019
vn 0.000000 1.000000 0.000000
vn 0.000000 1.000000 0.000000
vn 0.000000 1.000000 0.000000
vn 0.000000 1.000000 0.000000
vn 0.000000 1.000000 0.000000
vn 0.000000 1.000000 0.000000
vn 0.000000 1.000000 0.000000
vn 0.000000 1.000000 0.000000
vn 0.000000 1.000000 0.000000
vn 0.000000 1.000000 0.000000
vn 0.000000 1.000000 0.000000
vn 0.000000 1.000000 0.000000
vn -0.002510 0.999994 -0.002510
vn -0.002510 0.999994 -0.002510
vn -0.000001 0.999972 -0.007529
vn -0.007529 0.999972 0.000000
vn -0.008100 0.999967 0.000285
vn -0.012831 0.999870 0.009751
vn -0.005019 0.999975 -0.005019
vn -0.005019 0.999975 -0.005019
vn -0.010038 0.999937 0.005019
vn -0.010038 0.999937 0.005019
vn -0.029893 0.999106 -0.029893
vn -0.166628 0.965099 -0.202036
vn -0.368553 0.835803 -0.406942
vn -0.489487 0.828078 -0.273294
vn -0.361043 0.923481 0.129731
vn -0.364877 0.920362 0.140707
vn -0.559600 0.816919 -0.139612
vn -0.661736 0.609669 -0.436359
vn -0.718170 0.568768 -0.400918
vn -0.736447 0.655240 -0.168243
vn -0.741009 0.671097 -0.023128
vn -0.653734 0.735320 -0.178706
vn -0.280090 0.949882 -0.138831
vn 0.068591 0.919685 0.386618
vn 0.189571 0.831129 0.522769
vn 0.038301 0.985165 0.167279
vn -0.400725 0.901365 -0.164198
vn -0.662042 0.736377 -0.139457
vn -0.719688 0.684110 -0.118502
vn -0.652648 0.731096 -0.198870
vn -0.529130 0.821141 -0.213889
vn -0.385667 0.909779 -0.153504
vn -0.253905 0.961325 -0.106707
vn -0.147335 0.988018 -0.045975
vn 0.007835 0.999928 -0.009128
vn 0.180320 0.983608 0.000529
vn 0.205648 0.977233 0.052200
vn 0.063768 0.997233 0.038216
vn -0.026873 0.999362 0.023506
vn -0.023321 0.967791 0.250671
vn 0.053582 0.835048 0.547562
vn 0.293956 0.733824 0.612448
vn 0.641417 0.716041 0.275445
vn 0.797362 0.545528 -0.258096
vn 0.724509 0.618338 -0.304541
vn 0.462398 0.864497 0.197062
vn 0.102470 0.792061 0.601781
vn -0.024754 0.773559 0.633241
vn 0.004961 0.886479 0.462742
vn 0.051500 0.980697 0.188628
vn 0.015025 0.998509 0.052476
vn -0.000000 0.999972 0.007529
vn 0.000000 1.000000 0.000000
vn 0.000000 1.000000 0.000000
vn 0.000000 1.000000 0.000000
vn 0.000000 1.000000 0.000000
vn 0.000000 1.000000 0.000000
vn 0.000000 1.000000 0.000000
vn 0.000000 1.000000 0.000000
vn 0.000000 1.000000 0.000000
vn 0.000000 1.000000 0.000000
vn 0.000000 1.000000 0.000000
vn 0.000000 1.000000 0.000000
vn 0.000000 1.000000 0.000000
vn -0.002510 0.999994 -0.002510
vn -0.005591 0.999969 -0.005591
vn -0.011753 0.999928 -0.002512
vn -0.013688 0.999896 -0.004447
vn -0.012545 0.999909 -0.005019
vn -0.015053 0.999858 -0.007527
vn -0.021856 0.999727 0.008247
vn -0.029195 0.999535 -0.008787
vn -0.038665 0.999220 0.008043
vn -0.010034 0.999937 0.005016
vn -0.032375 0.999168 -0.024820
vn -0.191367 0.965315 -0.177610
vn -0.431354 0.808402 -0.400525
vn -0.579112 0.631410 -0.515705
vn -0.561522 0.827246 0.018888
vn -0.271118 0.935446 0.226794
vn -0.506065 0.859774 -0.068454
vn -0.607388 0.601172 -0.519299
vn -0.555530 0.720634 -0.414817
vn -0.329328 0.919588 -0.214244
vn -0.149755 0.984269 -0.093743
vn -0.124132 0.992097 -0.018283
vn -0.132183 0.990862 -0.026844
vn -0.075218 0.993692 0.083179
vn -0.156121 0.904997 0.395736
vn -0.393663 0.847986 0.354893
vn -0.580443 0.810494 -0.078647
vn -0.557962 0.775914 -0.294340
vn -0.473563 0.860264 -0.188901
vn -0.426998 0.902188 -0.061074
vn -0.339737 0.938060 -0.067992
vn -0.196578 0.979930 -0.033081
vn -0.027067 0.999630 -0.002557
vn 0.102694 0.994497 0.020725
vn 0.225203 0.971859 0.069090
vn 0.338811 0.926752 0.162287
vn 0.472744 0.864029 0.173109
vn 0.606801 0.782783 0.137997
vn 0.700056 0.711860 -0.056364
vn 0.603653 0.782416 -0.153062
vn 0.409395 0.908796 0.080534
vn 0.131924 0.889251 0.437983
vn -0.202071 0.726197 0.657119
vn -0.287619 0.722094 0.629171
vn 0.157463 0.969249 0.189110
vn 0.644751 0.687425 -0.334280
vn 0.779426 0.587739 -0.216928
vn 0.618805 0.756914 0.210146
vn 0.267795 0.829280 0.490490
vn 0.039245 0.882928 0.467865
vn 0.007834 0.977012 0.213038
vn 0.015037 0.999633 0.022551
vn 0.002510 0.999994 0.002510
vn 0.000000 1.000000 0.000000
vn 0.000000 1.000000 0.000000
vn 0.000000 1.000000 0.000000
vn 0.000000 1.000000 0.000000
vn 0.000000 1.000000 0.000000
vn 0.000000 1.000000 0.000000
vn 0.000000 1.000000 0.000000
vn 0.000000 1.000000 0.000000
vn 0.000000 1.000000 0.000000
vn 0.000000 1.000000 0.000000
vn 0.000000 1.000000 0.000000
vn 0.000000 1.000000 0.000000
vn 0.002509 0.999984 -0.005019
vn -0.015033 0.999593 -0.024226
vn -0.055528 0.998293 -0.018088
vn -0.057196 0.998295 0.011693
vn -0.031721 0.999350 -0.017129
vn -0.079292 0.996248 -0.034669
vn -0.126374 0.991851 0.016161
vn -0.141548 0.987883 -0.063655
vn -0.223826 0.974466 0.017828
vn -0.199701 0.979518 0.025787
vn -0.255526 0.955632 -0.146539
vn -0.417085 0.803723 -0.424346
vn -0.579230 0.581325 -0.571449
vn -0.537507 0.760503 -0.364310
vn -0.186809 0.978746 0.084605
vn -0.404447 0.912644 0.059192
vn -0.563513 0.658384 -0.498983
vn -0.489554 0.789039 -0.371154
vn -0.071931 0.995437 -0.062697
vn 0.316600 0.946782 0.058041
vn 0.389309 0.921067 0.008537
vn 0.305898 0.947978 -0.088114
vn 0.163037 0.982409 -0.091053
vn 0.058921 0.997361 -0.042429
vn -0.135652 0.989188 0.055721
vn -0.370138 0.924269 0.093404
vn -0.440077 0.897903 -0.010115
vn -0.296366 0.950008 -0.098243
vn -0.109040 0.993352 -0.036897
vn 0.046824 0.998757 0.017095
vn 0.179070 0.981775 0.063660
vn 0.325510 0.936886 0.127627
vn 0.477387 0.864089 0.159537
vn 0.591642 0.798214 0.113199
vn 0.650538 0.746414 0.140235
vn 0.689969 0.698312 0.190534
vn 0.707966 0.673260 0.213317
vn 0.706198 0.664866 0.243387
vn 0.746261 0.654356 0.122115
vn 0.801785 0.581349 -0.138471
vn 0.819048 0.554214 -0.148348
vn 0.761569 0.646039 0.051439
vn 0.552907 0.785687 0.277471
vn 0.151792 0.835084 0.528766
vn -0.135172 0.827178 0.545440
vn 0.086669 0.978032 0.189581
vn 0.461356 0.878266 -0.125695
vn 0.595680 0.799947 -0.072464
vn 0.481784 0.865666 0.136040
vn 0.239608 0.940531 0.240811
vn 0.041848 0.985725 0.163079
vn -0.000000 0.999887 0.015054
vn 0.000000 1.000000 0.000000
vn 0.000000 1.000000 0.000000
vn 0.000000 1.000000 0.000000
vn 0.000000 1.000000 0.000000
vn 0.000000 1.000000 0.000000
vn 0.000000 1.000000 0.000000
vn 0.000000 1.000000 0.000000
vn 0.000000 1.000000 0.000000
vn 0.000000 1.000000 0.000000
vn 0.000000 1.000000 0.000000
vn 0.000000 1.000000 0.000000
vn 0.000000 1.000000 0.000000
vn 0.000000 1.000000 0.000000
vn -0.010026 0.999899 -0.010026
vn -0.077750 0.991105 -0.108010
vn -0.176067 0.984118 -0.022646
vn -0.116285 0.992295 0.042752
vn -0.128987 0.989680 -0.062410
vn -0.299560 0.940056 -0.162966
vn -0.479312 0.875374 -0.063087
vn -0.523592 0.847465 -0.087497
vn -0.583186 0.809007 -0.073500
vn -0.627582 0.778534 0.004941
vn -0.639230 0.729383 -0.243692
vn -0.629688 0.581137 -0.515532
vn -0.562112 0.630611 -0.535126
vn -0.486617 0.869023 0.089463
vn -0.192076 0.977807 0.083671
vn -0.485028 0.816275 -0.313756
vn -0.368728 0.840859 -0.396227
vn -0.076995 0.990886 -0.110532
vn -0.054085 0.979517 0.193962
vn -0.114439 0.960112 0.255126
vn -0.067796 0.996780 -0.042810
vn -0.047343 0.977092 -0.207485
vn -0.024398 0.976760 -0.212942
vn 0.020580 0.997933 -0.060877
vn 0.164633 0.985335 0.044854
vn 0.318361 0.944386 0.082351
vn 0.422196 0.903578 0.072780
vn 0.495965 0.867467 0.038971
vn 0.545485 0.835071 0.071432
vn 0.595022 0.798097 0.094820
vn 0.641575 0.748478 0.167815
vn 0.704043 0.660660 0.260485
vn 0.752876 0.588159 0.295375
vn 0.771066 0.613244 0.171434
vn 0.687822 0.717339 0.111027
vn 0.545230 0.830346 0.115109
vn 0.369264 0.918013 0.144553
vn 0.201019 0.973269 0.111081
vn 0.018603 0.997813 0.063427
vn -0.037781 0.998383 -0.042469
vn 0.005834 0.983111 -0.182916
vn 0.057671 0.998139 -0.019801
vn 0.115656 0.992642 0.035850
vn 0.109602 0.973639 0.200034
vn 0.069687 0.914050 0.399570
vn 0.039825 0.950453 0.308306
vn 0.055671 0.996167 0.067469
vn 0.100311 0.993251 -0.058232
vn 0.104701 0.993948 0.033245
vn 0.110434 0.991250 0.072310
vn 0.039362 0.997289 0.062168
vn 0.002509 0.999946 0.010037
vn 0.000000 1.000000 0.000000
vn 0.000000 1.000000 0.000000
vn 0.000000 1.000000 0.000000
vn 0.000000 1.000000 0.000000
vn 0.000000 1.000000 0.000000
vn 0.000000 1.000000 0.000000
vn 0.000000 1.000000 0.000000
vn 0.000000 1.000000 0.000000
vn 0.000000 1.000000 0.000000
vn 0.000000 1.000000 0.000000
vn 0.000000 1.000000 0.000000
vn 0.000000 1.000000 0.000000
vn -0.005018 0.999975 -0.005018
vn -0.053354 0.996265 -0.067896
vn -0.174485 0.951748 -0.252450
vn -0.361794 0.930906 -0.050195
vn -0.284639 0.944029 0.166700
vn -0.174498 0.971092 -0.162883
vn -0.345427 0.819852 -0.456642
vn -0.626821 0.730590 -0.270801
vn -0.722831 0.678819 -0.129305
vn -0.743199 0.654669 -0.138069
vn -0.773593 0.622155 -0.120321
vn -0.749963 0.600610 -0.277169
vn -0.625923 0.667105 -0.403970
vn -0.417327 0.863082 -0.284478
vn -0.290663 0.948399 0.126709
vn -0.487535 0.857405 0.164825
vn -0.419403 0.868454 -0.264365
vn -0.143095 0.987665 -0.063579
vn 0.051633 0.998459 0.020319
vn 0.024572 0.997398 -0.067776
vn -0.174937 0.984565 0.005297
vn -0.255707 0.966626 0.015776
vn -0.135577 0.990696 -0.011839
vn 0.075013 0.996979 0.020159
vn 0.305897 0.943567 0.126921
vn 0.482435 0.825283 0.293538
vn 0.658688 0.693263 0.292431
vn 0.759739 0.602677 0.244084
vn 0.813478 0.555215 0.173179
vn 0.830110 0.545860 0.113819
vn 0.823238 0.563433 0.069439
vn 0.793526 0.603261 0.079951
vn 0.676521 0.714291 0.179186
vn 0.428539 0.887563 0.169076
vn 0.146551 0.988447 -0.038670
vn -0.017204 0.986001 -0.165852
vn -0.202026 0.974492 -0.097727
vn -0.372699 0.923485 -0.090943
vn -0.524783 0.841334 -0.129462
vn -0.632099 0.757694 -0.162325
vn -0.692151 0.713969 -0.105714
vn -0.714633 0.691520 -0.105352
vn -0.730193 0.683230 -0.003853
vn -0.694780 0.691562 0.197544
vn -0.566645 0.787818 0.241365
vn -0.399188 0.780977 0.480338
vn -0.195164 0.912755 0.358873
vn -0.251231 0.967339 0.033726
vn -0.364736 0.928704 -0.066914
vn -0.296695 0.949344 0.103532
vn -0.085981 0.987208 0.134269
vn -0.009087 0.998769 0.048770
vn 0.000000 0.999972 0.007529
vn 0.000000 1.000000 0.000000
vn 0.000000 1.000000 0.000000
vn 0.000000 1.000000 0.000000
vn 0.000000 1.000000 0.000000
vn 0.000000 1.000000 0.000000
vn 0.000000 1.000000 0.000000
vn 0.000000 1.000000 0.000000
vn 0.000000 1.000000 0.000000
vn 0.000000 1.000000 0.000000
vn 0.000000 1.000000 0.000000
vn 0.000000 1.000000 0.000000
vn -0.005018 0.999975 -0.005018
vn -0.027509 0.999243 -0.027509
vn -0.115885 0.972834 -0.200410
vn -0.326387 0.851337 -0.410728
vn -0.543578 0.831222 -0.116589
vn -0.509101 0.820985 0.258457
vn -0.501182 0.854491 -0.136612
vn -0.488488 0.698260 -0.523271
vn -0.552110 0.718512 -0.422983
vn -0.620617 0.756694 -0.205547
vn -0.619406 0.760833 -0.193570
vn -0.606345 0.776344 -0.172151
vn -0.513060 0.826755 -0.230749
vn -0.327796 0.915859 -0.231846
vn -0.108082 0.983528 -0.144882
vn -0.086480 0.995640 0.034967
vn -0.269029 0.958659 0.092715
vn -0.193827 0.979758 -0.050052
vn -0.046456 0.997269 0.057409
vn -0.058243 0.997387 0.042755
vn -0.021886 0.998306 -0.053905
vn 0.121280 0.991910 0.037491
vn 0.306720 0.940466 0.146449
vn 0.492627 0.853046 0.172137
vn 0.615798 0.759964 0.207959
vn 0.697703 0.670327 0.252731
vn 0.709306 0.621987 0.331689
vn 0.673034 0.645783 0.360539
vn 0.593599 0.751604 0.287632
vn 0.433645 0.872828 0.223881
vn 0.305813 0.947953 0.088683
vn 0.180804 0.983519 0.000752
vn 0.082454 0.995063 -0.055241
vn -0.040328 0.994706 -0.094521
vn -0.283876 0.937721 -0.200232
vn -0.523165 0.805034 -0.279676
vn -0.600414 0.762466 -0.241140
vn -0.609488 0.779368 -0.145291
vn -0.608354 0.782238 -0.134195
vn -0.604049 0.782029 -0.153480
vn -0.563361 0.806526 -0.179276
vn -0.509407 0.848023 -0.146155
vn -0.474459 0.871657 -0.122894
vn -0.426478 0.904086 -0.027285
vn -0.486202 0.845576 0.220476
vn -0.588480 0.739546 0.326746
vn -0.555949 0.665933 0.497447
vn -0.532113 0.760130 0.372905
vn -0.567135 0.814618 -0.121472
vn -0.559705 0.826907 -0.054362
vn -0.343011 0.881603 0.324221
vn -0.112405 0.933783 0.339726
vn -0.015480 0.995954 0.088526
vn 0.000000 0.999972 0.007529
vn 0.000000 1.000000 0.000000
vn 0.000000 1.000000 0.000000
vn 0.000000 1.000000 0.000000
vn 0.000000 1.000000 0.000000
vn 0.000000 1.000000 0.000000
vn 0.000000 1.000000 0.000000
vn 0.000000 1.000000 0.000000
vn 0.000000 1.000000 0.000000
vn 0.000000 1.000000 0.000000
vn -0.002510 0.999994 -0.002510
vn -0.022509 0.999634 -0.015015
vn -0.086142 0.995039 -0.049777
vn -0.177951 0.981046 -0.076698
vn -0.293084 0.881969 -0.369098
vn -0.506352 0.681936 -0.527799
vn -0.672918 0.725125 -0.146199
vn -0.692768 0.702338 0.163689
vn -0.727421 0.669909 -0.148596
vn -0.611516 0.649888 -0.451325
vn -0.529299 0.780880 -0.331766
vn -0.489966 0.856255 -0.163588
vn -0.401284 0.900363 -0.168278
vn -0.315590 0.941780 -0.115991
vn -0.192423 0.979039 -0.066754
vn -0.030891 0.995726 -0.087033
vn 0.025062 0.998780 -0.042555
vn 0.035904 0.999243 -0.014946
vn 0.032756 0.998910 0.033260
vn 0.099685 0.993097 0.061824
vn 0.179863 0.976648 0.117510
vn 0.268629 0.957681 0.103369
vn 0.405270 0.911208 0.073862
vn 0.510375 0.844687 0.161309
vn 0.573052 0.775120 0.266084
vn 0.613060 0.714651 0.336797
vn 0.654327 0.683766 0.322985
vn 0.636228 0.702046 0.319913
vn 0.555846 0.780740 0.285447
vn 0.375731 0.899276 0.223896
vn 0.159451 0.985742 0.053738
vn -0.113950 0.993032 -0.030047
vn -0.356264 0.929266 -0.097680
vn -0.520932 0.834739 -0.178436
vn -0.644498 0.748200 -0.157542
vn -0.698101 0.698669 -0.156576
vn -0.691478 0.690725 -0.211560
vn -0.627908 0.729421 -0.271434
vn -0.570671 0.793941 -0.209744
vn -0.536299 0.835604 -0.118953
vn -0.485230 0.866165 -0.119622
vn -0.413183 0.902152 -0.124099
vn -0.293809 0.951410 -0.092169
vn -0.168635 0.983279 -0.068738
vn -0.118193 0.989947 -0.077687
vn -0.122239 0.992466 -0.008267
vn -0.112240 0.983647 0.140860
vn -0.184869 0.977980 0.096844
vn -0.495549 0.816163 0.297168
vn -0.723496 0.630826 0.280380
vn -0.704600 0.709556 0.008339
vn -0.485592 0.819179 0.305199
vn -0.081311 0.809052 0.582085
vn 0.001350 0.901708 0.432343
vn 0.002478 0.995067 0.099175
vn 0.000000 0.999972 0.007529
vn 0.000000 1.000000 0.000000
vn 0.000000 1.000000 0.000000
vn 0.000000 1.000000 0.000000
vn 0.000000 1.000000 0.000000
vn 0.000000 1.000000 0.000000
vn 0.000000 1.000000 0.000000
vn 0.000000 1.000000 0.000000
vn 0.000000 1.000000 0.000000
vn 0.000000 1.000000 0.000000
vn 0.002509 0.999984 -0.005019
vn -0.088376 0.987100 -0.133505
vn -0.291509 0.946861 -0.135928
vn -0.392896 0.892809 -0.220284
vn -0.455313 0.723488 -0.518898
vn -0.583126 0.583011 -0.565740
vn -0.680871 0.712858 -0.168073
vn -0.677329 0.731257 0.080555
vn -0.535184 0.828831 -0.163145
vn -0.299316 0.898553 -0.320954
vn -0.240641 0.948097 -0.207857
vn -0.194717 0.972975 -0.124114
vn -0.114017 0.992853 -0.035255
vn 0.049277 0.998739 -0.009606
vn 0.094521 0.995490 0.008116
vn 0.077824 0.996795 -0.018547
vn 0.106615 0.994275 -0.007079
vn 0.223676 0.973501 0.047590
vn 0.365574 0.923381 0.117147
vn 0.491342 0.854907 0.166483
vn 0.585512 0.781343 0.216052
vn 0.672192 0.707753 0.217356
vn 0.721519 0.663388 0.198310
vn 0.697847 0.693334 0.179715
vn 0.577540 0.798110 0.171662
vn 0.350737 0.904321 0.243285
vn 0.115964 0.942301 0.314041
vn -0.041470 0.972339 0.229864
vn -0.226058 0.962880 0.147511
vn -0.401213 0.915946 0.008425
vn -0.539385 0.834731 -0.110855
vn -0.612277 0.769170 -0.183017
vn -0.666541 0.719422 -0.195335
vn -0.677293 0.689054 -0.257834
vn -0.670686 0.699495 -0.246753
vn -0.655398 0.735917 -0.169939
vn -0.604292 0.786247 -0.129024
vn -0.507408 0.851232 -0.133945
vn -0.392032 0.914357 -0.101303
vn -0.272923 0.961351 -0.036304
vn -0.135310 0.990798 -0.003387
vn 0.031728 0.999357 0.016689
vn 0.216556 0.967373 0.131504
vn 0.449878 0.890674 0.065643
vn 0.513691 0.854363 -0.078655
vn 0.460896 0.881679 -0.101084
vn 0.366241 0.909506 0.196638
vn 0.450035 0.892774 -0.020545
vn 0.161433 0.976970 -0.139534
vn -0.366631 0.922888 0.117721
vn -0.413623 0.863713 0.287951
vn -0.150862 0.813902 0.561073
vn -0.041396 0.702351 0.710626
vn -0.002952 0.908381 0.418133
vn -0.002516 0.995530 0.094410
vn 0.000000 0.999972 0.007529
vn 0.000000 1.000000 0.000000
vn 0.000000 1.000000 0.000000
vn 0.000000 1.000000 0.000000
vn 0.000000 1.000000 0.000000
vn 0.000000 1.000000 0.000000
vn 0.000000 1.000000 0.000000
vn 0.000000 1.000000 0.000000
vn 0.000000 1.000000 0.000000
vn 0.000000 1.000000 0.000000
vn -0.010026 0.999899 -0.010026
vn -0.132951 0.926979 -0.350762
vn -0.522075 0.817175 -0.244261
vn -0.506697 0.808700 -0.298768
vn -0.406945 0.661862 -0.629551
vn -0.319772 0.742982 -0.587983
vn -0.232055 0.951714 -0.200974
vn -0.229978 0.930708 0.284415
vn 0.000669 0.992212 0.124562
vn 0.185094 0.969612 -0.159975
vn 0.084507 0.962166 -0.259029
vn -0.013240 0.994695 -0.102011
vn 0.007152 0.999322 0.036112
vn -0.014208 0.995872 0.089644
vn 0.040985 0.998976 0.019159
vn 0.152082 0.988368 0.000054
vn 0.293045 0.952302 0.085127
vn 0.431795 0.871167 0.233714
vn 0.551123 0.776194 0.306245
vn 0.616032 0.712969 0.334933
vn 0.617180 0.728661 0.296887
vn 0.515219 0.828275 0.220250
vn 0.341360 0.939027 0.041250
vn 0.105217 0.990817 -0.084916
vn -0.134094 0.985013 -0.108479
vn -0.372532 0.925319 -0.070747
vn -0.595376 0.802921 0.029086
vn -0.710954 0.703231 -0.003388
vn -0.771376 0.633170 -0.063831
vn -0.789602 0.606768 -0.091440
vn -0.765142 0.629504 -0.135211
vn -0.687755 0.711831 -0.142442
vn -0.525478 0.836715 -0.154207
vn -0.394506 0.904947 -0.159487
vn -0.317289 0.939899 -0.126167
vn -0.222745 0.971165 -0.084988
vn -0.150526 0.987951 -0.035982
vn -0.071675 0.997280 -0.017207
vn 0.033448 0.998518 0.042938
vn 0.184143 0.974482 0.128356
vn 0.358477 0.917695 0.171259
vn 0.500346 0.849230 0.168708
vn 0.551630 0.777638 0.301633
vn 0.638641 0.713701 0.287696
vn 0.752189 0.658947 0.000927
vn 0.784474 0.606917 -0.127487
vn 0.752264 0.650097 0.107112
vn 0.738238 0.673688 0.033891
vn 0.641284 0.600073 -0.478191
vn 0.273820 0.914150 -0.298917
vn -0.016424 0.920698 0.389929
vn 0.070330 0.749252 0.658541
vn -0.018554 0.709114 0.704849
vn -0.060333 0.890093 0.451767
vn -0.022190 0.992728 0.118313
vn -0.007527 0.999858 0.015054
vn 0.000000 1.000000 0.000000
vn 0.000000 1.000000 0.000000
vn 0.000000 1.000000 0.000000
vn 0.000000 1.000000 0.000000
vn 0.000000 1.000000 0.000000
vn 0.000000 1.000000 0.000000
vn 0.000000 1.000000 0.000000
vn 0.000000 1.000000 0.000000
vn -0.002510 0.999994 -0.002510
vn -0.060279 0.994843 -0.081568
vn -0.206816 0.832758 -0.513558
vn -0.646114 0.670271 -0.365065
vn -0.650151 0.756038 -0.075560
vn -0.332436 0.736974 -0.588520
vn -0.052981 0.857474 -0.511792
vn 0.162760 0.986636 0.007712
vn 0.319655 0.895148 0.310695
vn 0.317932 0.928287 0.192878
vn 0.073835 0.975654 -0.206515
vn -0.015551 0.923930 -0.382245
vn -0.027710 0.990266 -0.136399
vn 0.007251 0.998256 0.058581
vn 0.123380 0.988148 0.091323
vn 0.221616 0.966935 0.126183
vn 0.358436 0.915650 0.181957
vn 0.492687 0.830951 0.258419
vn 0.495822 0.807512 0.319509
vn 0.382760 0.859832 0.337911
vn 0.204870 0.919427 0.335682
vn 0.018729 0.980930 0.193455
vn -0.219666 0.975562 0.005031
vn -0.439493 0.879340 -0.183322
vn -0.573782 0.765056 -0.292341
vn -0.643167 0.721031 -0.257780
vn -0.660418 0.727382 -0.186448
vn -0.639871 0.760863 -0.107948
vn -0.586653 0.808441 -0.047558
vn -0.477778 0.877042 -0.050259
vn -0.357432 0.933938 -0.001360
vn -0.203710 0.978457 0.033524
vn -0.006454 0.989105 0.147068
vn 0.286489 0.953551 0.093087
vn 0.465891 0.883460 -0.049431
vn 0.499325 0.863907 -0.065873
vn 0.495585 0.868127 -0.027410
vn 0.495837 0.868227 -0.018111
vn 0.465871 0.884846 0.003476
vn 0.422852 0.901356 0.093558
vn 0.400813 0.877303 0.263987
vn 0.461523 0.820717 0.336780
vn 0.562351 0.780738 0.272415
vn 0.570473 0.774976 0.271978
vn 0.432431 0.838084 0.332594
vn 0.388846 0.907224 0.160448
vn 0.463064 0.885680 -0.033796
vn 0.471347 0.879818 -0.061257
vn 0.293766 0.955822 -0.010289
vn 0.425649 0.817774 -0.387387
vn 0.651424 0.552608 -0.519877
vn 0.598253 0.787927 0.145821
vn 0.363812 0.716088 0.595700
vn 0.199279 0.769087 0.607284
vn 0.038305 0.893190 0.448044
vn 0.010027 0.991774 0.127610
vn 0.000001 0.999887 0.015056
vn -0.002509 0.999984 0.005019
vn 0.000000 1.000000 0.000000
vn 0.000000 1.000000 0.000000
vn 0.000000 1.000000 0.000000
vn 0.000000 1.000000 0.000000
vn 0.000000 1.000000 0.000000
vn 0.000000 1.000000 0.000000
vn -0.005018 0.999975 -0.005018
vn -0.100871 0.990415 -0.094359
vn -0.321016 0.913686 -0.249254
vn -0.408950 0.685892 -0.601924
vn -0.525722 0.695759 -0.489424
vn -0.678451 0.728439 0.095292
vn -0.558775 0.793241 -0.241948
vn -0.122788 0.920190 -0.371716
vn 0.051880 0.968040 0.245369
vn 0.129588 0.936733 0.325173
vn -0.078986 0.996873 0.002430
vn -0.212636 0.891730 -0.399503
vn -0.121579 0.955040 -0.270401
vn 0.144527 0.989152 -0.026289
vn 0.296059 0.938873 0.175690
vn 0.391852 0.884512 0.253161
vn 0.438337 0.852122 0.285917
vn 0.335092 0.906362 0.257335
vn 0.178162 0.967256 0.180760
vn 0.030240 0.987115 0.157128
vn -0.141366 0.982017 0.125132
vn -0.362256 0.929341 0.071385
vn -0.556514 0.829495 -0.047219
vn -0.648043 0.735152 -0.198977
vn -0.666314 0.703201 -0.248061
vn -0.605335 0.756127 -0.248679
vn -0.484221 0.851105 -0.202858
vn -0.325100 0.941955 -0.083844
vn -0.103672 0.994226 0.027685
vn 0.096500 0.989503 0.107568
vn 0.275414 0.953613 0.121530
vn 0.420615 0.894767 0.149913
vn 0.535342 0.813600 0.226855
vn 0.609281 0.736291 0.294366
vn 0.599673 0.755226 0.264624
vn 0.629430 0.775850 0.043306
vn 0.695772 0.713258 -0.084642
vn 0.718063 0.695189 -0.033132
vn 0.731237 0.681386 -0.031702
vn 0.727763 0.682442 -0.068079
vn 0.690311 0.722336 -0.041247
vn 0.594634 0.791030 0.143813
vn 0.457158 0.824555 0.333340
vn 0.359280 0.869157 0.339828
vn 0.295977 0.926183 0.233628
vn 0.165676 0.970176 0.176947
vn 0.022562 0.993209 0.114131
vn -0.061072 0.997966 -0.018286
vn -0.181507 0.966560 -0.181155
vn -0.309796 0.945298 -0.102166
vn -0.105452 0.994289 0.016396
vn 0.507559 0.833113 -0.219789
vn 0.754069 0.654442 -0.055545
vn 0.577591 0.736990 0.351048
vn 0.365317 0.860556 0.354947
vn 0.127716 0.946365 0.296786
vn 0.022229 0.994375 0.103561
vn 0.010037 0.999946 0.002509
vn 0.002510 0.999994 0.002510
vn 0.000000 1.000000 0.000000
vn 0.000000 1.000000 0.000000
vn 0.000000 1.000000 0.000000
vn 0.000000 1.000000 0.000000
vn 0.000000 1.000000 0.000000
vn 0.000000 1.000000 0.000000
vn -0.093168 0.989993 -0.105989
vn -0.333173 0.885002 -0.325219
vn -0.601594 0.656114 -0.455631
vn -0.618678 0.555187 -0.555883
vn -0.242757 0.871476 -0.426143
vn -0.205285 0.976075 -0.071660
vn -0.377441 0.925922 -0.014395
vn -0.165290 0.984605 -0.056844
vn -0.094062 0.966999 0.236782
vn -0.273418 0.945878 0.174806
vn -0.410431 0.898701 -0.154539
vn -0.275453 0.928330 -0.249658
vn 0.047121 0.997660 0.049537
vn 0.301173 0.915660 0.266198
vn 0.363371 0.886819 0.285506
vn 0.236955 0.944920 0.225785
vn 0.052074 0.996214 0.069610
vn -0.211099 0.977292 -0.018364
vn -0.421664 0.906058 -0.035489
vn -0.522019 0.852871 0.010350
vn -0.563749 0.825922 0.006321
vn -0.587558 0.805855 -0.073296
vn -0.591302 0.789872 -0.162681
vn -0.535848 0.816913 -0.213352
vn -0.419669 0.889142 -0.182497
vn -0.264280 0.960387 -0.088395
vn -0.046159 0.998556 0.027465
vn 0.202268 0.967678 0.150623
vn 0.408378 0.871029 0.273012
vn 0.570468 0.776324 0.268120
vn 0.651806 0.726731 0.216821
vn 0.673187 0.713910 0.192747
vn 0.604716 0.761265 0.234081
vn 0.417626 0.886876 0.197582
vn 0.210548 0.965635 0.152376
vn 0.188735 0.976510 0.103953
vn 0.315810 0.947675 0.046647
vn 0.428217 0.902691 0.042183
vn 0.475988 0.878847 0.032606
vn 0.535633 0.843106 -0.047636
vn 0.587285 0.803411 -0.098115
vn 0.536574 0.842338 -0.050540
vn 0.296946 0.947261 0.120497
vn 0.045780 0.982267 0.181815
vn -0.091003 0.986935 0.132955
vn -0.155494 0.985190 0.072266
vn -0.209034 0.977795 0.014890
vn -0.329127 0.928232 -0.173380
vn -0.459705 0.842222 -0.281661
vn -0.358688 0.933363 0.013261
vn -0.028428 0.928001 0.371492
vn 0.167739 0.946627 0.275246
vn 0.362959 0.931393 -0.027703
vn 0.319753 0.937472 0.137494
vn 0.204815 0.968132 0.144125
vn 0.073219 0.986360 0.147422
vn 0.002495 0.997013 0.077191
vn -0.002509 0.999984 0.005019
vn 0.000000 1.000000 0.000000
vn 0.000000 1.000000 0.000000
vn 0.000000 1.000000 0.000000
vn 0.000000 1.000000 0.000000
vn 0.000000 1.000000 0.000000
vn 0.000000 1.000000 0.000000
vn -0.061951 0.996155 -0.061951
vn -0.260998 0.904614 -0.336976
vn -0.517995 0.637063 -0.570816
vn -0.603553 0.565293 -0.562287
vn -0.523824 0.812720 -0.255136
vn -0.005845 0.997368 0.072274
vn 0.353658 0.934359 -0.043589
vn 0.322037 0.936454 -0.139087
vn 0.207037 0.978333 -0.000176
vn -0.002779 0.999552 0.029815
vn -0.232034 0.972696 0.004683
vn -0.170765 0.983985 -0.051114
vn 0.108490 0.993647 0.029916
vn 0.219362 0.947670 0.231952
vn 0.128112 0.940632 0.314323
vn -0.015362 0.988312 0.151666
vn -0.246314 0.968744 -0.029409
vn -0.418383 0.898797 -0.130846
vn -0.450935 0.881575 -0.139580
vn -0.434741 0.898123 -0.066139
vn -0.418628 0.908113 -0.009017
vn -0.416884 0.908682 -0.022490
vn -0.398102 0.912976 -0.089387
vn -0.329258 0.939082 -0.098566
vn -0.162310 0.984801 -0.061821
vn 0.063182 0.997975 0.007312
vn 0.266457 0.958925 0.097282
vn 0.403436 0.883212 0.239117
vn 0.540337 0.781223 0.312612
vn 0.598212 0.723344 0.344841
vn 0.586765 0.742336 0.323488
vn 0.540362 0.809095 0.231029
vn 0.418321 0.899823 0.123798
vn 0.197309 0.979355 -0.043968
vn -0.132657 0.989251 -0.061513
vn -0.257584 0.965435 0.039822
vn -0.216068 0.964960 0.148884
vn -0.191938 0.965705 0.174856
vn -0.167395 0.980708 0.100952
vn -0.164953 0.983414 0.075412
vn -0.134209 0.990132 0.040339
vn -0.065195 0.996589 -0.050589
vn -0.053183 0.968400 -0.243664
vn -0.261382 0.952866 -0.154034
vn -0.420960 0.906983 -0.013175
vn -0.457444 0.882679 0.107807
vn -0.405654 0.911342 0.070010
vn -0.429299 0.900675 -0.066993
vn -0.469937 0.816106 -0.336347
vn -0.495071 0.850523 -0.177528
vn -0.264855 0.902174 0.340491
vn -0.032759 0.856755 0.514682
vn -0.084791 0.954574 0.285655
vn -0.085153 0.995852 0.032057
vn -0.052473 0.995732 0.075917
vn 0.004933 0.991850 0.127316
vn 0.031746 0.995903 0.084672
vn -0.007198 0.998458 0.055035
vn -0.008974 0.999926 0.008251
vn -0.005019 0.999984 0.002509
vn 0.000000 1.000000 0.000000
vn 0.000000 1.000000 0.000000
vn 0.000000 1.000000 0.000000
vn 0.000000 1.000000 0.000000
vn -0.034588 0.998803 -0.034588
vn -0.211531 0.939414 -0.269732
vn -0.453300 0.699892 -0.551969
vn -0.522975 0.549907 -0.651229
vn -0.374254 0.821906 -0.429424
vn -0.084455 0.993314 0.078704
vn 0.140896 0.904907 0.401611
vn 0.292000 0.939386 0.179691
vn 0.323022 0.910181 -0.259282
vn 0.117627 0.975140 -0.187790
vn 0.087671 0.981263 -0.171573
vn 0.117948 0.992101 -0.042695
vn 0.162244 0.977519 0.134661
vn 0.166811 0.971239 0.169911
vn 0.073340 0.990769 0.114005
vn -0.144263 0.987253 0.067230
vn -0.334919 0.941847 -0.027446
vn -0.364546 0.923374 -0.120358
vn -0.281472 0.951807 -0.121805
vn -0.166866 0.983956 -0.063139
vn -0.055476 0.998132 -0.025576
vn -0.002718 0.999957 0.008824
vn 0.027666 0.999615 -0.002040
vn 0.088767 0.995669 -0.027643
vn 0.183851 0.982673 0.023495
vn 0.309191 0.942386 0.127708
vn 0.447728 0.870639 0.203784
vn 0.556858 0.794587 0.241950
vn 0.594059 0.746725 0.299158
vn 0.533733 0.765900 0.358506
vn 0.397949 0.866855 0.300331
vn 0.175014 0.963056 0.204679
vn -0.043131 0.997246 0.060332
vn -0.241133 0.964880 -0.104215
vn -0.416393 0.866565 -0.275104
vn -0.564702 0.803396 -0.188855
vn -0.581244 0.812140 0.050832
vn -0.545321 0.823909 0.154268
vn -0.587002 0.804973 0.086301
vn -0.650222 0.758890 0.036020
vn -0.685460 0.727342 0.033430
vn -0.700503 0.712140 0.046388
vn -0.689032 0.724731 -0.000362
vn -0.649988 0.730252 -0.210353
vn -0.655287 0.724020 -0.215395
vn -0.662037 0.749393 -0.010853
vn -0.651222 0.750086 0.115243
vn -0.637599 0.762067 0.112792
vn -0.606559 0.787436 -0.109683
vn -0.552668 0.769978 -0.318891
vn -0.412929 0.910201 0.032010
vn -0.084146 0.843712 0.530160
vn -0.152331 0.859743 0.487481
vn -0.265009 0.937534 0.225389
vn -0.218229 0.963646 0.154149
vn -0.087629 0.984053 0.154794
vn -0.048170 0.982454 0.180175
vn -0.044700 0.995518 0.083338
vn -0.054884 0.998151 0.026137
vn -0.055536 0.998210 0.022203
vn -0.034857 0.999335 0.010724
vn -0.020420 0.999741 0.010034
vn 0.000000 1.000000 0.000000
vn 0.000000 1.000000 0.000000
vn 0.000000 1.000000 0.000000
vn -0.022129 0.992006 -0.124235
vn -0.126535 0.823490 -0.553039
vn -0.358868 0.556536 -0.749320
vn -0.368750 0.746231 -0.554223
vn -0.111753 0.981471 -0.155646
vn 0.023816 0.971734 0.234876
vn -0.086415 0.921967 0.377505
vn -0.282107 0.934046 0.219031
vn -0.198640 0.928913 -0.312511
vn -0.227435 0.933305 -0.277877
vn -0.162013 0.986718 0.011844
vn 0.051962 0.991331 0.120678
vn 0.085777 0.993988 0.068052
vn -0.064742 0.997902 -0.000256
vn -0.208358 0.976635 -0.052638
vn -0.255101 0.965355 -0.054899
vn -0.194562 0.980428 -0.030094
vn -0.070611 0.997497 -0.003803
vn 0.079027 0.996680 0.019573
vn 0.190457 0.980000 0.057670
vn 0.286011 0.954813 0.080810
vn 0.379126 0.921872 0.080096
vn 0.458660 0.886580 0.060064
vn 0.511976 0.857770 0.045937
vn 0.537318 0.838768 0.088072
vn 0.520951 0.832212 0.189823
vn 0.449571 0.852187 0.267700
vn 0.322715 0.901833 0.287320
vn 0.164609 0.950543 0.263384
vn -0.012654 0.979951 0.198839
vn -0.231494 0.970986 0.059973
vn -0.449257 0.890548 -0.071363
vn -0.590557 0.792127 -0.154202
vn -0.642509 0.731239 -0.229068
vn -0.633043 0.726850 -0.266355
vn -0.600924 0.781703 -0.166826
vn -0.608940 0.793052 0.016119
vn -0.655942 0.753745 0.040115
vn -0.687869 0.725678 -0.015092
vn -0.700125 0.713710 -0.021037
vn -0.704045 0.710012 -0.014258
vn -0.711838 0.702343 0.001074
vn -0.718307 0.695719 0.003208
vn -0.695430 0.717063 -0.046887
vn -0.601652 0.792109 -0.102851
vn -0.584495 0.810940 0.027243
vn -0.599655 0.798426 0.054119
vn -0.640508 0.763913 0.078648
vn -0.634721 0.772708 -0.007280
vn -0.528579 0.839741 -0.124254
vn -0.373201 0.900826 0.221886
vn -0.202349 0.745135 0.635475
vn -0.168376 0.874743 0.454395
vn -0.144616 0.962003 0.231594
vn -0.115901 0.964467 0.237424
vn -0.098742 0.974017 0.203816
vn -0.149565 0.979486 0.135045
vn -0.215005 0.974466 0.064716
vn -0.218657 0.975568 0.021349
vn -0.199661 0.978669 0.048408
vn -0.144807 0.988093 0.052000
vn -0.077641 0.996738 0.022014
vn 0.000000 1.000000 0.000000
vn 0.000000 1.000000 0.000000
vn 0.000000 1.000000 0.000000
vn -0.036186 0.979970 -0.195828
vn -0.140522 0.761558 -0.632680
vn -0.198422 0.545786 -0.814092
vn -0.139330 0.882770 -0.448669
vn -0.025740 0.997866 -0.060015
vn -0.116065 0.982574 0.145178
vn -0.240184 0.958804 0.151680
vn -0.319469 0.947567 -0.007468
vn -0.307644 0.941922 -0.134679
vn -0.131299 0.985924 -0.103507
vn -0.029278 0.993829 0.106989
vn -0.105541 0.986613 0.124323
vn -0.206361 0.978332 -0.016779
vn -0.225597 0.971678 -0.070343
vn -0.156630 0.987218 -0.029458
vn -0.015615 0.998384 0.054634
vn 0.165482 0.978190 0.125539
vn 0.327705 0.934578 0.138466
vn 0.423344 0.897980 0.120046
vn 0.472831 0.874538 0.107773
vn 0.486373 0.863250 0.135057
vn 0.499776 0.851473 0.158798
vn 0.521634 0.843557 0.127707
vn 0.526728 0.846545 0.076930
vn 0.499420 0.865087 0.046956
vn 0.388815 0.918784 0.068254
vn 0.182904 0.981164 0.062163
vn -0.116002 0.992458 0.039633
vn -0.391408 0.920147 0.011376
vn -0.569715 0.820848 -0.040402
vn -0.654251 0.748966 -0.104908
vn -0.669845 0.725753 -0.156814
vn -0.656162 0.736543 -0.164183
vn -0.610805 0.771948 -0.176106
vn -0.519203 0.837158 -0.172032
vn -0.401656 0.905953 -0.133872
vn -0.394158 0.918845 -0.019076
vn -0.409352 0.912371 -0.003192
vn -0.396728 0.917628 -0.023804
vn -0.385101 0.922478 -0.027048
vn -0.373120 0.927649 -0.015771
vn -0.362584 0.931939 -0.004769
vn -0.361780 0.932261 -0.002305
vn -0.365668 0.930675 0.011488
vn -0.327517 0.944799 -0.009365
vn -0.309935 0.950717 0.008805
vn -0.341124 0.939908 0.014415
vn -0.382116 0.923290 0.039022
vn -0.401071 0.914503 0.053164
vn -0.356909 0.933832 0.023953
vn -0.315741 0.921604 0.225732
vn -0.445742 0.700827 0.556915
vn -0.527049 0.713075 0.462324
vn -0.478481 0.833679 0.275744
vn -0.425249 0.874862 0.231904
vn -0.434561 0.888317 0.148493
vn -0.493221 0.868731 0.045164
vn -0.544914 0.838403 0.012208
vn -0.554945 0.830820 0.042131
vn -0.509723 0.854756 0.097849
vn -0.377920 0.909176 0.174858
vn -0.211827 0.970596 0.114334
vn 0.000000 1.000000 0.000000
vn -0.010026 0.999899 -0.010026
vn -0.070704 0.996626 -0.041689
vn -0.218390 0.926814 -0.305486
vn -0.325610 0.659958 -0.677077
vn -0.299372 0.607275 -0.735930
vn -0.153762 0.923184 -0.352261
vn -0.064131 0.997940 0.001546
vn 0.021949 0.997482 0.067440
vn 0.094168 0.985339 0.142263
vn 0.106899 0.993726 0.032883
vn 0.120050 0.989626 -0.078923
vn 0.105897 0.993677 -0.037319
vn 0.008127 0.999846 0.015568
vn -0.126440 0.991961 -0.005115
vn -0.159730 0.986217 -0.043146
vn -0.076798 0.996951 0.013795
vn 0.058262 0.992258 0.109675
vn 0.194242 0.956300 0.218543
vn 0.327136 0.900203 0.287430
vn 0.439173 0.863153 0.249186
vn 0.495072 0.853214 0.164101
vn 0.483222 0.866962 0.121957
vn 0.427463 0.898989 0.095364
vn 0.299987 0.948892 0.098036
vn 0.142300 0.986637 0.079367
vn 0.025785 0.999305 0.026903
vn -0.061932 0.997012 -0.046161
vn -0.168710 0.980901 -0.096800
vn -0.292367 0.944438 -0.150196
vn -0.413868 0.890666 -0.188224
vn -0.505564 0.845699 -0.170874
vn -0.549097 0.821431 -0.154091
vn -0.545475 0.824253 -0.151869
vn -0.501386 0.855058 -0.132241
vn -0.426793 0.896374 -0.119843
vn -0.350647 0.931057 -0.100895
vn -0.277650 0.958988 -0.057028
vn -0.197740 0.979807 -0.029614
vn -0.148951 0.988682 -0.017908
vn -0.143897 0.989586 -0.003681
vn -0.141508 0.989934 0.002464
vn -0.119501 0.992664 -0.018374
vn -0.111525 0.993756 -0.003191
vn -0.106462 0.994316 0.001509
vn -0.102842 0.994698 -0.000561
vn -0.101475 0.994833 -0.003295
vn -0.119015 0.992851 0.009125
vn -0.128806 0.991657 0.004976
vn -0.125231 0.992119 -0.004066
vn -0.130539 0.991443 0.000297
vn -0.161516 0.986131 0.038184
vn -0.175710 0.982561 0.060826
vn -0.190443 0.972494 0.134117
vn -0.376626 0.871423 0.314285
vn -0.593929 0.733055 0.331479
vn -0.708487 0.660671 0.248114
vn -0.740192 0.643643 0.194525
vn -0.752029 0.649250 0.113697
vn -0.747628 0.663713 0.023193
vn -0.730106 0.683292 -0.007607
vn -0.712921 0.698864 0.057729
vn -0.641472 0.732185 0.228952
vn -0.434870 0.790504 0.431268
vn -0.255081 0.873746 0.414128
vn -0.044948 0.997978 -0.044948
vn -0.139066 0.984557 -0.106337
vn -0.349314 0.912052 -0.214803
vn -0.505164 0.733438 -0.454838
vn -0.529933 0.539268 -0.654493
vn -0.336696 0.775852 -0.533563
vn -0.107764 0.972198 -0.207890
vn 0.002811 0.990483 0.137603
vn 0.176770 0.964543 0.195981
vn 0.177249 0.964136 0.197547
vn 0.075650 0.996898 -0.021693
vn 0.017119 0.983581 -0.179651
vn -0.048954 0.989261 -0.137715
vn -0.092737 0.992031 -0.085291
vn -0.110100 0.992973 -0.043390
vn -0.051394 0.998067 0.034945
vn 0.040293 0.990926 0.128229
vn 0.105998 0.968893 0.223631
vn 0.155753 0.939666 0.304579
vn 0.134057 0.927110 0.349995
vn 0.046725 0.953830 0.296689
vn -0.048277 0.985885 0.160315
vn -0.131830 0.990058 0.049042
vn -0.218207 0.975816 -0.012984
vn -0.316738 0.945618 -0.074051
vn -0.438222 0.896697 -0.062423
vn -0.511600 0.854049 -0.094159
vn -0.564415 0.818392 -0.108034
vn -0.568756 0.808318 -0.152117
vn -0.554146 0.816296 -0.163042
vn -0.505597 0.844521 -0.176512
vn -0.434701 0.887013 -0.155701
vn -0.354487 0.925926 -0.130382
vn -0.275468 0.955890 -0.101938
vn -0.205123 0.976937 -0.059316
vn -0.147884 0.988154 -0.041021
vn -0.102583 0.994265 -0.030227
vn -0.062189 0.997994 -0.011891
vn -0.055270 0.998366 0.014540
vn -0.045758 0.998950 -0.002368
vn -0.041066 0.999002 -0.017563
vn -0.058975 0.998259 0.001135
vn -0.055182 0.998475 -0.001579
vn -0.047089 0.998885 -0.003230
vn -0.049740 0.998760 0.002084
vn -0.049029 0.998796 0.001730
vn -0.045452 0.998963 -0.002659
vn -0.047456 0.998872 -0.001429
vn -0.046851 0.998896 0.003542
vn -0.046381 0.998923 0.000899
vn -0.040838 0.999161 -0.003229
vn -0.048335 0.998734 0.013964
vn -0.070707 0.996171 0.051416
vn -0.087876 0.992586 0.083964
vn -0.161163 0.977381 0.136943
vn -0.293961 0.941619 0.164133
vn -0.429337 0.890376 0.151331
vn -0.522186 0.841551 0.138252
vn -0.567776 0.815605 0.111442
vn -0.564205 0.823007 0.065818
vn -0.528414 0.843822 0.093505
vn -0.436078 0.880285 0.186907
vn -0.309442 0.841203 0.443421
vn -0.143605 0.743173 0.653508
vn -0.043949 0.713282 0.699498
vn -0.203985 0.930350 -0.304694
vn -0.370064 0.860472 -0.350201
vn -0.636673 0.648245 -0.417642
vn -0.669417 0.543460 -0.506490
vn -0.529186 0.680346 -0.507043
vn -0.237593 0.930908 -0.277415
vn -0.037111 0.999197 -0.015103
vn -0.021480 0.985859 0.166192
vn -0.068955 0.963464 0.258810
vn -0.139570 0.989739 0.030609
vn -0.250848 0.955622 -0.154469
vn -0.239383 0.957102 -0.163253
vn -0.159197 0.981564 -0.105776
vn -0.106842 0.993752 -0.032283
vn -0.036329 0.999319 0.006465
vn -0.005597 0.995569 0.093869
vn -0.014518 0.988174 0.152646
vn -0.077844 0.975731 0.204671
vn -0.181522 0.947381 0.263664
vn -0.294586 0.927601 0.229730
vn -0.442482 0.889502 0.114004
vn -0.566391 0.824051 -0.011875
vn -0.624607 0.777397 -0.074298
vn -0.641053 0.763530 -0.077921
vn -0.622532 0.777350 -0.090448
vn -0.599757 0.797637 -0.063779
vn -0.567380 0.821472 -0.057125
vn -0.507913 0.856863 -0.088379
vn -0.458512 0.885074 -0.080072
vn -0.381044 0.920068 -0.091000
vn -0.295500 0.951249 -0.088343
vn -0.217333 0.973984 -0.064206
vn -0.150398 0.987784 -0.040777
vn -0.095810 0.994823 -0.033891
vn -0.062323 0.997959 -0.013906
vn -0.040490 0.999010 -0.018421
vn -0.035962 0.999143 -0.020483
vn -0.037243 0.999301 -0.003273
vn -0.045938 0.998944 -0.000899
vn -0.058722 0.998258 0.005730
vn -0.045502 0.998876 -0.013259
vn -0.035466 0.999353 -0.005911
vn -0.033563 0.999420 0.005764
vn -0.031088 0.999516 -0.001445
vn -0.031808 0.999494 0.000000
vn -0.033475 0.999429 0.004594
vn -0.031695 0.999497 0.000570
vn -0.029186 0.999564 -0.004446
vn -0.033207 0.999434 0.005317
vn -0.032489 0.999465 0.003872
vn -0.028048 0.999603 0.002508
vn -0.020373 0.999789 0.002660
vn -0.023991 0.999238 0.030799
vn -0.031927 0.997193 0.067730
vn -0.040689 0.996083 0.078505
vn -0.068309 0.993624 0.089696
vn -0.098142 0.991568 0.084622
vn -0.126452 0.987455 0.094563
vn -0.160770 0.980995 0.108634
vn -0.154302 0.981881 0.110001
vn -0.113819 0.977923 0.175249
vn -0.050020 0.946205 0.319679
vn 0.032373 0.837907 0.544851
vn 0.064308 0.711031 0.700214
vn 0.061736 0.655111 0.753006
vn -0.247658 0.673984 -0.695997
vn -0.431248 0.628196 -0.647607
vn -0.614033 0.575624 -0.540019
vn -0.545458 0.765568 -0.341147
vn -0.266158 0.940559 -0.210970
vn -0.038159 0.994312 -0.099438
vn -0.037493 0.997495 0.059978
vn -0.031682 0.998263 0.049665
vn -0.203743 0.974683 0.092102
vn -0.323116 0.946245 -0.014717
vn -0.266626 0.960813 -0.075825
vn -0.165181 0.985421 -0.040752
vn -0.074798 0.996687 -0.031941
vn -0.036003 0.999329 -0.006727
vn -0.042278 0.998744 0.026878
vn -0.071468 0.995710 0.058778
vn -0.143728 0.986048 0.083979
vn -0.230658 0.969415 0.083857
vn -0.337865 0.936128 0.097522
vn -0.440802 0.895531 0.060972
vn -0.488136 0.872458 -0.023238
vn -0.493248 0.868980 -0.039743
vn -0.459795 0.886813 -0.046376
vn -0.419864 0.906816 -0.037397
vn -0.372901 0.927417 -0.029041
vn -0.316878 0.947742 -0.037049
vn -0.301797 0.953367 0.003222
vn -0.249322 0.968145 -0.023098
vn -0.199860 0.979510 -0.024805
vn -0.166367 0.985813 -0.022235
vn -0.127866 0.991552 -0.021787
vn -0.092957 0.995506 -0.018082
vn -0.072709 0.997273 -0.012671
vn -0.059982 0.997918 -0.023686
vn -0.062998 0.997963 -0.010032
vn -0.064880 0.997890 -0.002662
vn -0.047416 0.998831 -0.009376
vn -0.033001 0.999454 0.001503
vn -0.024431 0.999672 -0.007679
vn -0.026173 0.999650 0.003819
vn -0.019250 0.999789 0.007186
vn -0.007067 0.999975 0.000002
vn -0.008522 0.999930 0.008251
vn -0.007077 0.999975 0.000000
vn -0.005632 0.999984 -0.000723
vn -0.006355 0.999980 0.000271
vn -0.013609 0.999907 -0.000724
vn -0.011674 0.999928 0.002929
vn -0.002360 0.999994 -0.002359
vn -0.009830 0.999938 0.005225
vn -0.000959 0.999930 0.011766
vn 0.019146 0.999624 0.019638
vn 0.037861 0.998738 0.033011
vn 0.030495 0.997561 0.062780
vn 0.016820 0.996865 0.077310
vn 0.015989 0.996607 0.080741
vn 0.021522 0.996825 0.076666
vn 0.022283 0.996616 0.079124
vn 0.011008 0.996546 0.082314
vn -0.010701 0.991811 0.127263
vn -0.004288 0.978383 0.206756
vn -0.005320 0.937131 0.348936
vn -0.026578 0.826355 0.562522
vn -0.046686 0.721181 0.691172
vn -0.044973 0.704374 0.708403
vn -0.022003 0.481154 -0.876360
vn -0.215692 0.511333 -0.831874
vn -0.346144 0.788153 -0.508920
vn -0.225714 0.966993 -0.118227
vn -0.077030 0.997013 0.005658
vn 0.000027 0.999889 -0.014915
vn 0.014741 0.999785 -0.014572
vn -0.020039 0.999749 0.010010
vn -0.078159 0.996852 -0.013321
vn -0.091351 0.995770 -0.009834
vn -0.052692 0.998584 -0.007374
vn -0.037962 0.999251 -0.007518
vn -0.040419 0.999178 0.003214
vn -0.033907 0.999425 -0.000229
vn -0.035672 0.999349 0.005447
vn -0.058079 0.998247 0.011398
vn -0.095151 0.995362 0.014167
vn -0.132426 0.990999 0.019604
vn -0.167210 0.985749 0.018423
vn -0.210570 0.977289 0.023784
vn -0.198498 0.980096 -0.003146
vn -0.156106 0.987531 -0.020317
vn -0.139033 0.990271 -0.005802
vn -0.118523 0.992906 -0.009511
vn -0.107449 0.994207 0.002569
vn -0.094558 0.995518 -0.001464
vn -0.083284 0.996523 0.002544
vn -0.086208 0.996133 0.016961
vn -0.073547 0.997287 -0.002933
vn -0.060394 0.998155 -0.006220
vn -0.054210 0.998501 -0.007514
vn -0.051677 0.998651 -0.005015
vn -0.049769 0.998760 -0.001358
vn -0.041037 0.999156 -0.001782
vn -0.020467 0.999776 -0.005434
vn -0.013531 0.999908 0.001063
vn -0.012811 0.999916 0.001788
vn -0.008590 0.999865 0.013993
vn 0.009474 0.999909 0.009576
vn 0.025842 0.999666 -0.000594
vn 0.015708 0.999779 0.013990
vn 0.019281 0.999811 0.002510
vn 0.012816 0.999910 -0.003952
vn 0.001335 0.999991 0.003955
vn 0.007800 0.999969 0.000723
vn 0.008824 0.999961 -0.000873
vn 0.008402 0.999939 -0.007106
vn -0.000340 0.999987 0.005016
vn 0.001598 0.999975 0.006954
vn 0.007052 0.999975 -0.000311
vn 0.000944 0.999681 0.025236
vn 0.010984 0.998911 0.045351
vn 0.026032 0.998901 0.038965
vn 0.024294 0.998605 0.046886
vn 0.014979 0.998233 0.057500
vn 0.001088 0.997089 0.076236
vn -0.004177 0.996667 0.081467
vn -0.006660 0.997154 0.075101
vn -0.009217 0.996865 0.078577
vn -0.008979 0.994414 0.105170
vn -0.024472 0.977841 0.207915
vn -0.028342 0.947503 0.318487
vn -0.068226 0.850135 0.522126
vn -0.112487 0.725984 0.678449
vn -0.125265 0.697728 0.705326
vn 0.125030 0.530476 -0.838429
vn 0.093858 0.453201 -0.886454
vn -0.005270 0.851324 -0.524613
vn 0.002487 0.999994 0.002497
vn 0.112432 0.987941 0.106452
vn 0.296566 0.950856 0.089005
vn 0.378527 0.924419 -0.046548
vn 0.249808 0.966489 -0.059111
vn 0.097331 0.993445 -0.059951
vn 0.045054 0.998872 -0.015001
vn 0.022571 0.999717 0.007528
vn 0.030090 0.999547 -0.000002
vn 0.037601 0.999293 0.000000
vn 0.034958 0.999388 0.001323
vn 0.035204 0.999376 0.002971
vn 0.045728 0.998920 0.008233
vn 0.072070 0.997322 0.012465
vn 0.110348 0.993648 0.022059
vn 0.145974 0.989253 0.008326
vn 0.128245 0.991356 -0.027689
vn 0.045024 0.998965 -0.006404
vn 0.010039 0.999937 -0.005024
vn 0.004296 0.999954 -0.008592
vn -0.000721 0.999999 0.001445
vn -0.000430 1.000000 -0.000869
vn -0.015475 0.999858 0.006655
vn -0.013119 0.999907 0.003654
vn -0.018928 0.999776 0.009463
vn -0.024433 0.999673 0.007596
vn -0.020412 0.999792 -0.000002
vn -0.015395 0.999869 0.005016
vn 0.000382 0.999998 -0.001787
vn 0.009354 0.999944 0.005018
vn 0.028225 0.999545 0.010596
vn 0.055436 0.998368 0.013708
vn 0.089502 0.995815 0.018481
vn 0.133975 0.990878 0.014544
vn 0.157840 0.987350 0.015058
vn 0.155021 0.987551 0.026668
vn 0.167851 0.985786 0.007243
vn 0.167815 0.985818 0.000814
vn 0.166979 0.985870 0.013361
vn 0.178737 0.983725 -0.018372
vn 0.150211 0.988579 -0.012143
vn 0.122729 0.992440 -0.000189
vn 0.107624 0.994177 -0.005360
vn 0.089099 0.995901 -0.015593
vn 0.067632 0.997646 -0.011365
vn 0.045172 0.998950 0.007690
vn 0.047909 0.998842 0.004353
vn 0.052729 0.998514 0.013752
vn 0.036144 0.998242 0.046981
vn 0.034654 0.998614 0.039614
vn 0.022207 0.998912 0.041016
vn 0.016500 0.998065 0.059954
vn 0.023568 0.996979 0.074010
vn 0.017439 0.997420 0.069630
vn -0.005361 0.998119 0.061078
vn -0.027980 0.996559 0.078027
vn -0.032576 0.994724 0.097277
vn -0.050173 0.978348 0.200793
vn -0.040261 0.944968 0.324676
vn -0.024515 0.866480 0.498610
vn -0.035842 0.747456 0.663343
vn -0.052823 0.700041 0.712146
vn 0.210074 0.782146 -0.586615
vn 0.391520 0.481924 -0.783876
vn 0.503135 0.621048 -0.600961
vn 0.271403 0.958037 -0.092222
vn -0.045573 0.978013 0.203502
vn 0.047719 0.874462 0.482741
vn 0.554779 0.797806 0.236062
vn 0.745890 0.616280 -0.252681
vn 0.553609 0.785879 -0.275519
vn 0.336012 0.935074 -0.112836
vn 0.212224 0.976715 -0.031434
vn 0.147879 0.988994 -0.004708
vn 0.125203 0.992131 0.000613
vn 0.099404 0.994853 -0.019671
vn 0.055126 0.998476 0.002509
vn 0.040661 0.999009 0.018112
vn 0.023656 0.999037 0.036954
vn 0.004677 0.998403 0.056304
vn 0.002439 0.998623 0.052398
vn 0.085425 0.996289 -0.010507
vn 0.196313 0.978322 -0.065937
vn 0.204948 0.977907 -0.041151
vn 0.174069 0.984293 -0.029452
vn 0.135580 0.990726 -0.008965
vn 0.109104 0.993922 -0.014700
vn 0.078720 0.996729 -0.018288
vn 0.041721 0.999093 -0.008515
vn 0.014200 0.999899 0.000425
vn 0.004446 0.999980 0.004447
vn 0.000394 0.999999 -0.001322
vn -0.009819 0.999935 0.005766
vn -0.003871 0.999809 0.019155
vn 0.020004 0.999600 0.020004
vn 0.045349 0.997834 0.047659
vn 0.100623 0.992786 0.065195
vn 0.162257 0.984154 0.071503
vn 0.221036 0.971745 0.082791
vn 0.295279 0.953715 0.056911
vn 0.344248 0.938428 0.029081
vn 0.371674 0.927724 0.034453
vn 0.417683 0.908511 0.012201
vn 0.447822 0.893335 0.037536
vn 0.497059 0.867416 0.022841
vn 0.544952 0.838270 -0.018204
vn 0.553673 0.832513 -0.019194
vn 0.537966 0.842470 -0.028916
vn 0.516457 0.855366 -0.040255
vn 0.478964 0.876122 -0.054812
vn 0.411286 0.910262 -0.047607
vn 0.348774 0.937172 0.008114
vn 0.359417 0.932784 0.027070
vn 0.369724 0.928940 0.019376
vn 0.346116 0.937352 0.039678
vn 0.350936 0.936046 0.025708
vn 0.344102 0.937538 0.051158
vn 0.333267 0.940711 0.063211
vn 0.312348 0.949083 0.040989
vn 0.256413 0.966512 0.010369
vn 0.184475 0.981845 0.044156
vn 0.132293 0.989048 0.065438
vn 0.044839 0.988188 0.146538
vn -0.066974 0.948927 0.308305
vn -0.111510 0.857477 0.502293
vn -0.065176 0.737944 0.671707
vn -0.011900 0.706955 0.707158
vn 0.077354 0.983086 -0.166009
vn 0.374250 0.796980 -0.474088
vn 0.702762 0.446637 -0.553751
vn 0.731796 0.501959 -0.460990
vn 0.353537 0.876909 -0.325641
vn -0.268058 0.904667 0.331243
vn -0.364755 0.644769 0.671734
vn 0.194144 0.956620 0.217222
vn 0.583022 0.654965 -0.480736
vn 0.575960 0.734118 -0.359640
vn 0.464867 0.867796 -0.175578
vn 0.377621 0.922898 -0.075241
vn 0.353702 0.935346 -0.004719
vn 0.388289 0.920757 -0.037929
vn 0.373593 0.926046 -0.053544
vn 0.331178 0.943535 -0.007880
vn 0.312425 0.949940 0.002211
vn 0.286931 0.957943 0.004068
vn 0.217359 0.976056 -0.008309
vn 0.058472 0.997957 0.025747
vn -0.036255 0.997648 0.058170
vn 0.011162 0.999634 0.024635
vn 0.103037 0.994594 -0.012865
vn 0.192000 0.981028 -0.026825
vn 0.250511 0.967979 -0.016182
vn 0.290240 0.955975 -0.043269
vn 0.281466 0.958426 -0.046878
vn 0.253029 0.967118 -0.025680
vn 0.240929 0.970537 -0.003381
vn 0.241520 0.970396 -0.000763
vn 0.245020 0.969480 -0.008607
vn 0.219416 0.975516 0.015002
vn 0.184342 0.982675 0.019199
vn 0.128180 0.990754 0.044465
vn 0.059593 0.993833 0.093508
vn 0.019582 0.994747 0.100474
vn -0.017347 0.993148 0.115573
vn -0.030402 0.991973 0.122738
vn -0.000052 0.996561 0.082857
vn 0.017486 0.996049 0.087068
vn 0.043145 0.993847 0.102009
vn 0.104712 0.987565 0.117265
vn 0.171040 0.972176 0.160057
vn 0.285445 0.944569 0.162207
vn 0.443565 0.889378 0.110708
vn 0.597222 0.801255 0.036272
vn 0.694794 0.718514 -0.031593
vn 0.734022 0.675032 -0.074453
vn 0.732037 0.662694 -0.157981
vn 0.674082 0.733506 -0.087081
vn 0.637508 0.768303 0.057387
vn 0.672361 0.739554 0.031478
vn 0.677451 0.735563 0.002695
vn 0.656364 0.754303 0.014577
vn 0.640840 0.766706 0.038544
vn 0.637260 0.769739 0.037435
vn 0.620881 0.783689 -0.018359
vn 0.557534 0.823646 -0.103744
vn 0.471847 0.881243 -0.027781
vn 0.463091 0.886032 0.022212
vn 0.446878 0.894440 0.016620
vn 0.287338 0.951688 0.108290
vn 0.006862 0.912125 0.409854
vn -0.109699 0.708566 0.697065
vn -0.044769 0.650469 0.758213
vn 0.010032 0.999748 -0.020069
vn 0.114171 0.986295 -0.119107
vn 0.451054 0.834020 -0.317742
vn 0.655283 0.537748 -0.530501
vn 0.573931 0.468783 -0.671450
vn 0.228526 0.925473 -0.302119
vn -0.341288 0.816359 0.465919
vn -0.577228 0.588490 0.566116
vn -0.279784 0.953781 -0.109649
vn 0.222184 0.848791 -0.479780
vn 0.276635 0.910898 -0.306168
vn 0.206886 0.965984 -0.155152
vn 0.151783 0.987607 0.039939
vn 0.262711 0.957105 0.122202
vn 0.491263 0.870145 0.038832
vn 0.621800 0.783176 -0.000597
vn 0.656065 0.754507 0.017270
vn 0.681863 0.731084 0.024069
vn 0.711652 0.701428 -0.039377
vn 0.693821 0.702964 -0.156379
vn 0.535469 0.830272 -0.154667
vn 0.273831 0.958109 -0.083933
vn 0.037277 0.999296 -0.004163
vn -0.080546 0.994563 0.066007
vn -0.064513 0.993818 0.090352
vn 0.041105 0.996972 0.066013
vn 0.204372 0.978826 0.011488
vn 0.345734 0.938310 0.006492
vn 0.435477 0.899859 0.024762
vn 0.488390 0.872237 0.026034
vn 0.500386 0.865364 -0.027563
vn 0.421949 0.904054 -0.068154
vn 0.297211 0.952564 -0.065476
vn 0.200960 0.976996 -0.071376
vn 0.082869 0.996093 -0.030532
vn -0.032736 0.999365 0.014096
vn -0.114922 0.993010 0.026898
vn -0.205147 0.976332 0.068480
vn -0.272185 0.959523 0.072321
vn -0.304481 0.950655 0.059547
vn -0.348041 0.933598 0.085219
vn -0.378171 0.913861 0.147799
vn -0.384820 0.905159 0.180555
vn -0.404113 0.881444 0.244438
vn -0.370561 0.891791 0.259602
vn -0.279127 0.928403 0.245266
vn -0.124655 0.977879 0.167971
vn 0.025627 0.997139 0.071116
vn 0.250177 0.965059 -0.077920
vn 0.479538 0.862365 -0.162390
vn 0.489570 0.871955 0.003882
vn 0.379364 0.920230 0.096227
vn 0.346196 0.938113 -0.009613
vn 0.331947 0.942709 -0.033330
vn 0.302049 0.952335 -0.042701
vn 0.189720 0.981752 -0.013048
vn 0.142990 0.989077 -0.035797
vn 0.284728 0.949046 -0.135065
vn 0.400303 0.909426 -0.112700
vn 0.331130 0.942387 0.047536
vn 0.350739 0.932639 0.084657
vn 0.507844 0.861132 -0.023381
vn 0.478676 0.871466 0.106845
vn 0.179943 0.769809 0.612384
vn 0.010268 0.602953 0.797711
vn 0.000000 1.000000 0.000000
vn 0.012543 0.999871 -0.010034
vn 0.098215 0.993127 -0.063669
vn 0.329377 0.885114 -0.328760
vn 0.524433 0.486755 -0.698598
vn 0.476508 0.571009 -0.668497
vn 0.089149 0.994095 -0.061875
vn -0.435566 0.787220 0.436539
vn -0.634156 0.685303 0.358058
vn -0.372241 0.920482 -0.118954
vn -0.064472 0.938551 -0.339065
vn -0.086927 0.967332 -0.238144
vn -0.173537 0.984280 -0.032827
vn -0.263362 0.938326 0.224020
vn -0.214803 0.927027 0.307378
vn -0.046679 0.968091 0.246214
vn 0.109458 0.980262 0.164636
vn 0.227776 0.960589 0.159335
vn 0.386186 0.914700 0.119096
vn 0.593150 0.804099 -0.039973
vn 0.740707 0.641045 -0.201034
vn 0.766664 0.588870 -0.255848
vn 0.689826 0.679224 -0.250589
vn 0.489566 0.856213 -0.164995
vn 0.224040 0.973666 -0.042187
vn -0.029291 0.997498 0.064346
vn -0.180527 0.974045 0.136552
vn -0.171029 0.973032 0.154780
vn -0.099825 0.982399 0.157884
vn -0.025297 0.991948 0.124092
vn 0.072659 0.997357 0.000758
vn 0.198533 0.966634 -0.161873
vn 0.243851 0.952125 -0.184377
vn 0.237682 0.963903 -0.119991
vn 0.254542 0.961378 -0.104691
vn 0.216255 0.974813 -0.054538
vn 0.160271 0.986453 -0.034968
vn 0.077727 0.996740 -0.021638
vn -0.021286 0.999769 0.002933
vn -0.092947 0.995517 0.017503
vn -0.143957 0.989207 0.027306
vn -0.215372 0.971270 0.101236
vn -0.290336 0.950243 0.112884
vn -0.395658 0.908814 0.132330
vn -0.511806 0.840617 0.177247
vn -0.604351 0.780011 0.162308
vn -0.674865 0.716950 0.174756
vn -0.690604 0.711052 0.132181
vn -0.672125 0.723189 0.158890
vn -0.513364 0.854513 0.079155
vn -0.313600 0.949457 -0.013697
vn -0.348297 0.936996 -0.026968
vn -0.437432 0.898561 -0.035228
vn -0.437788 0.899043 -0.007932
vn -0.353228 0.933211 -0.065938
vn -0.367402 0.915214 -0.165525
vn -0.500914 0.863391 -0.060341
vn -0.511690 0.855486 0.079478
vn -0.314556 0.948798 0.028941
vn -0.174913 0.984375 -0.020263
vn -0.196194 0.967270 0.160922
vn 0.000746 0.960066 0.279773
vn 0.388333 0.900401 0.196150
vn 0.453214 0.799891 0.393410
vn 0.202679 0.664970 0.718844
vn 0.000000 1.000000 0.000000
vn 0.000000 1.000000 0.000000
vn 0.005019 0.999984 -0.002509
vn 0.059408 0.995998 -0.066770
vn 0.351291 0.813968 -0.462655
vn 0.563700 0.419197 -0.711700
vn 0.483494 0.693894 -0.533614
vn 0.063121 0.997594 0.028659
vn -0.294603 0.916594 0.270305
vn -0.497643 0.832521 0.243432
vn -0.308055 0.946389 -0.097208
vn -0.084754 0.965483 -0.246293
vn -0.090864 0.986764 -0.134313
vn -0.226230 0.971151 0.075408
vn -0.392924 0.894202 0.214509
vn -0.525625 0.821644 0.220499
vn -0.589843 0.781089 0.204903
vn -0.565607 0.788171 0.242640
vn -0.467633 0.830333 0.303095
vn -0.249913 0.920007 0.301878
vn 0.120965 0.983321 0.135821
vn 0.484345 0.870848 -0.083866
vn 0.698001 0.676955 -0.233510
vn 0.763407 0.581098 -0.282020
vn 0.732452 0.620501 -0.280163
vn 0.584231 0.768678 -0.260399
vn 0.250185 0.954098 -0.164637
vn -0.131946 0.991184 -0.011988
vn -0.351685 0.931801 0.089801
vn -0.431685 0.893108 0.126516
vn -0.445772 0.888143 0.111757
vn -0.372812 0.926541 0.050333
vn -0.180134 0.982437 -0.048668
vn -0.035332 0.998948 -0.029245
vn 0.075482 0.996901 -0.022138
vn 0.189224 0.980788 -0.047432
vn 0.270639 0.960238 -0.068539
vn 0.308557 0.946044 -0.098966
vn 0.279178 0.956174 -0.088261
vn 0.207452 0.976808 -0.053007
vn 0.128107 0.991094 -0.036343
vn 0.029737 0.999545 -0.005062
vn -0.086825 0.995410 0.040253
vn -0.144799 0.989331 0.016071
vn -0.232611 0.970745 0.059548
vn -0.317977 0.947500 0.033673
vn -0.415673 0.908010 0.052293
vn -0.508199 0.858095 0.073529
vn -0.573280 0.813604 0.096941
vn -0.642446 0.753391 0.140232
vn -0.672081 0.734738 0.092022
vn -0.629046 0.777304 -0.009955
vn -0.557533 0.830104 -0.009177
vn -0.538993 0.839033 0.074226
vn -0.540265 0.835104 0.103511
vn -0.394251 0.912210 -0.111528
vn -0.230140 0.963594 -0.136094
vn -0.184607 0.979950 0.074956
vn -0.179994 0.969712 0.165112
vn -0.122959 0.985642 0.115721
vn -0.019548 0.973683 0.227065
vn 0.013496 0.876746 0.480765
vn 0.123743 0.856978 0.500277
vn 0.272560 0.869247 0.412457
vn 0.238206 0.816335 0.526170
vn 0.000000 1.000000 0.000000
vn 0.000000 1.000000 0.000000
vn 0.000000 1.000000 0.000000
vn 0.000000 1.000000 0.000000
vn 0.096338 0.988021 -0.120552
vn 0.449270 0.741979 -0.497618
vn 0.623721 0.407264 -0.667165
vn 0.579035 0.737587 -0.347395
vn 0.418338 0.907622 0.034866
vn 0.204091 0.977450 0.054208
vn -0.109131 0.991576 0.069764
vn -0.072905 0.995234 -0.064769
vn 0.093219 0.987812 -0.124652
vn 0.094446 0.990817 -0.096753
vn -0.063850 0.996647 0.051164
vn -0.197475 0.978143 0.065121
vn -0.339669 0.935913 0.093233
vn -0.452318 0.863203 0.224252
vn -0.523673 0.787547 0.324865
vn -0.548457 0.723871 0.418575
vn -0.471203 0.786476 0.399277
vn -0.305327 0.916216 0.259469
vn 0.000974 0.995532 0.094423
vn 0.392807 0.912600 -0.113416
vn 0.610797 0.715480 -0.339140
vn 0.597034 0.652524 -0.466650
vn 0.448048 0.742499 -0.497943
vn 0.197743 0.924336 -0.326345
vn -0.017434 0.994749 -0.100851
vn -0.170260 0.984413 0.044067
vn -0.268863 0.959672 0.082109
vn -0.332324 0.939737 0.080348
vn -0.364462 0.929866 0.050171
vn -0.352817 0.935409 0.023043
vn -0.348037 0.935670 0.058242
vn -0.314403 0.947586 0.056854
vn -0.224103 0.972212 0.067686
vn -0.072466 0.997319 0.010169
vn 0.069249 0.996313 -0.050647
vn 0.164444 0.982508 -0.087390
vn 0.189535 0.976380 -0.103723
vn 0.153970 0.980247 -0.124136
vn 0.054237 0.997440 -0.046594
vn 0.019672 0.999740 -0.011552
vn 0.002845 0.999993 -0.002554
vn -0.011297 0.999849 0.013237
vn 0.043951 0.999033 0.000646
vn 0.078560 0.996322 0.034230
vn 0.108562 0.992717 0.052217
vn 0.111246 0.989131 0.096146
vn 0.099429 0.987839 0.119530
vn 0.120552 0.986136 0.114030
vn 0.212452 0.972232 0.098124
vn 0.292246 0.954588 0.057922
vn 0.203517 0.976765 0.067165
vn 0.121826 0.989108 0.082602
vn 0.262673 0.964142 0.037854
vn 0.375453 0.915889 0.142063
vn 0.428755 0.885374 0.179672
vn 0.462503 0.863240 0.202256
vn 0.520542 0.817870 0.245204
vn 0.471524 0.795830 0.379896
vn 0.336519 0.832686 0.439759
vn 0.194642 0.899234 0.391781
vn 0.118688 0.919867 0.373841
vn 0.000000 1.000000 0.000000
vn 0.000000 1.000000 0.000000
vn 0.000000 1.000000 0.000000
vn 0.000000 1.000000 0.000000
vn 0.002509 0.999984 -0.005019
vn 0.131423 0.982235 -0.133952
vn 0.487815 0.731563 -0.476290
vn 0.730655 0.450715 -0.512834
vn 0.765295 0.632656 -0.118620
vn 0.741924 0.667602 -0.062107
vn 0.625249 0.743596 -0.236918
vn 0.309698 0.940870 -0.137300
vn 0.167209 0.985702 0.020823
vn 0.290742 0.950010 -0.113798
vn 0.233245 0.968648 -0.085544
vn 0.178002 0.983618 0.028475
vn 0.159635 0.984481 -0.072899
vn -0.056851 0.993852 0.095010
vn -0.227388 0.945330 0.233765
vn -0.378606 0.857586 0.348143
vn -0.488235 0.750514 0.445371
vn -0.505579 0.794279 0.336913
vn -0.471733 0.824875 0.311526
vn -0.270739 0.920026 0.283289
vn 0.166956 0.985236 -0.037883
vn 0.474433 0.743665 -0.471037
vn 0.452040 0.638347 -0.623036
vn 0.309798 0.797500 -0.517706
vn 0.193349 0.961993 -0.192835
vn 0.177845 0.981983 -0.063874
vn 0.088425 0.995845 -0.021768
vn -0.012523 0.999922 -0.000219
vn -0.085997 0.996252 0.009275
vn -0.120760 0.992578 0.014372
vn -0.142279 0.989323 0.031569
vn -0.189971 0.980941 0.040803
vn -0.261745 0.959754 0.101794
vn -0.292584 0.949823 0.110593
vn -0.277352 0.959468 0.049971
vn -0.236941 0.971419 0.014252
vn -0.138940 0.989992 -0.024742
vn 0.004346 0.995923 -0.090106
vn 0.085977 0.990470 -0.107599
vn 0.063083 0.997983 -0.007135
vn 0.083482 0.996460 -0.009888
vn 0.078696 0.996631 0.023119
vn 0.091482 0.991395 0.093628
vn 0.202737 0.965279 0.164725
vn 0.381359 0.907729 0.174910
vn 0.506487 0.846006 0.166570
vn 0.565404 0.810271 0.154204
vn 0.557345 0.817644 0.144307
vn 0.487525 0.861739 0.140443
vn 0.406475 0.911372 0.064644
vn 0.428285 0.901377 -0.063961
vn 0.457193 0.889237 -0.015237
vn 0.428193 0.901065 0.068788
vn 0.390111 0.909274 0.145029
vn 0.360437 0.910259 0.203751
vn 0.357694 0.901362 0.244133
vn 0.389627 0.856579 0.338325
vn 0.450335 0.844455 0.289990
vn 0.354881 0.894038 0.273416
vn 0.203468 0.948225 0.243863
vn 0.107236 0.960072 0.258382
vn 0.000000 1.000000 0.000000
vn 0.000000 1.000000 0.000000
vn 0.000000 1.000000 0.000000
vn 0.000000 1.000000 0.000000
vn 0.000000 1.000000 0.000000
vn 0.007528 0.999943 -0.007528
vn 0.123395 0.986380 -0.108756
vn 0.494830 0.797279 -0.345673
vn 0.752195 0.593393 -0.286508
vn 0.761771 0.646775 -0.037247
vn 0.786325 0.580137 -0.212447
vn 0.742298 0.536734 -0.401136
vn 0.535898 0.829786 -0.155784
vn 0.367189 0.930066 -0.012223
vn 0.369305 0.904342 -0.213962
vn 0.285303 0.952842 0.103412
vn 0.446041 0.890703 -0.087729
vn 0.297950 0.931890 -0.206897
vn -0.045196 0.996736 0.066898
vn -0.209793 0.960336 0.183690
vn -0.376228 0.855313 0.356219
vn -0.458454 0.812494 0.360102
vn -0.477309 0.818879 0.318768
vn -0.476981 0.767558 0.428186
vn -0.329934 0.866809 0.373880
vn 0.136510 0.987725 -0.075928
vn 0.510943 0.656138 -0.555356
vn 0.498523 0.603897 -0.621919
vn 0.410792 0.875412 -0.254762
vn 0.427412 0.903948 -0.014038
vn 0.481988 0.872738 -0.077563
vn 0.447363 0.891553 -0.070711
vn 0.413214 0.910272 -0.025655
vn 0.391153 0.920092 -0.020753
vn 0.310215 0.949954 -0.036802
vn 0.195899 0.980336 -0.023771
vn 0.109208 0.993993 -0.007152
vn -0.004550 0.998098 0.061482
vn -0.017392 0.998063 0.059730
vn 0.022882 0.999688 0.010000
vn -0.010003 0.999562 0.027850
vn -0.046018 0.998660 0.023670
vn -0.002539 0.999666 -0.025709
vn 0.039336 0.998827 -0.028223
vn 0.017197 0.999607 0.022130
vn 0.042783 0.999035 0.009944
vn 0.014998 0.996396 0.083488
vn -0.057372 0.972622 0.225200
vn -0.101839 0.944810 0.311388
vn -0.098745 0.951326 0.291940
vn -0.083154 0.974343 0.209142
vn -0.100964 0.990444 0.093956
vn -0.176495 0.984273 0.007469
vn -0.307160 0.951379 -0.023056
vn -0.378022 0.925316 -0.029835
vn -0.325383 0.945333 0.021732
vn -0.261119 0.962946 0.067466
vn -0.244187 0.959924 0.137548
vn -0.212784 0.953202 0.214776
vn -0.153160 0.948743 0.276457
vn -0.080724 0.895469 0.437742
vn 0.054749 0.922061 0.383152
vn 0.124156 0.968752 0.214722
vn 0.114406 0.983075 0.143089
vn 0.093528 0.983820 0.152808
vn 0.000000 1.000000 0.000000
vn 0.000000 1.000000 0.000000
vn 0.000000 1.000000 0.000000
vn 0.000000 1.000000 0.000000
vn 0.000000 1.000000 0.000000
vn 0.000000 1.000000 0.000000
vn 0.005019 0.999984 -0.002509
vn 0.076127 0.995890 -0.049060
vn 0.308789 0.937562 -0.160084
vn 0.479226 0.871864 -0.100975
vn 0.503375 0.862759 -0.047552
vn 0.655115 0.683887 -0.321127
vn 0.758878 0.488473 -0.430695
vn 0.632617 0.738303 -0.233888
vn 0.476482 0.843123 -0.249215
vn 0.367117 0.929734 0.028630
vn 0.374616 0.904083 0.205660
vn 0.506555 0.754882 -0.416601
vn 0.208889 0.941516 -0.264411
vn -0.057312 0.997831 0.032394
vn -0.225749 0.960212 0.164411
vn -0.385040 0.853989 0.349925
vn -0.402500 0.871218 0.281019
vn -0.495408 0.802252 0.333111
vn -0.567325 0.690989 0.447968
vn -0.479342 0.790943 0.380317
vn 0.028475 0.995095 -0.094742
vn 0.506804 0.601544 -0.617490
vn 0.581023 0.719292 -0.380830
vn 0.566518 0.816768 0.109306
vn 0.664983 0.746787 -0.010325
vn 0.665653 0.738995 -0.103893
vn 0.645747 0.763502 -0.008721
vn 0.684339 0.729122 -0.007776
vn 0.672912 0.718370 -0.176446
vn 0.508325 0.837382 -0.200989
vn 0.346737 0.932614 -0.100021
vn 0.251516 0.966983 -0.041025
vn 0.186433 0.972475 0.139766
vn 0.350540 0.924777 0.148015
vn 0.514424 0.857350 0.017867
vn 0.510921 0.857005 -0.067097
vn 0.293081 0.947010 -0.131434
vn 0.056943 0.996817 -0.055796
vn 0.045694 0.998094 0.041480
vn 0.178136 0.978503 0.103919
vn 0.325085 0.944559 0.046127
vn 0.262687 0.962550 0.067034
vn 0.033258 0.991341 0.127033
vn -0.237382 0.964482 0.115862
vn -0.444433 0.890952 0.093190
vn -0.548792 0.835016 0.039687
vn -0.565124 0.824946 -0.009907
vn -0.526567 0.849172 -0.040434
vn -0.464603 0.884427 -0.043962
vn -0.438830 0.897415 0.045537
vn -0.439201 0.894700 0.081322
vn -0.450726 0.877139 0.165750
vn -0.437784 0.852960 0.284262
vn -0.376284 0.852714 0.362339
vn -0.290696 0.820163 0.492777
vn -0.212032 0.844659 0.491521
vn -0.098804 0.952596 0.287746
vn -0.010434 0.987072 0.159940
vn 0.009965 0.991542 0.129401
vn 0.000000 1.000000 0.000000
vn 0.000000 1.000000 0.000000
vn 0.000000 1.000000 0.000000
vn 0.000000 1.000000 0.000000
vn 0.000000 1.000000 0.000000
vn 0.000000 1.000000 0.000000
vn 0.000000 1.000000 0.000000
vn 0.002509 0.999984 -0.005019
vn 0.015051 0.999773 -0.015049
vn 0.080905 0.996054 -0.036484
vn 0.119840 0.992778 -0.005555
vn 0.189538 0.980100 -0.058990
vn 0.455919 0.840106 -0.293870
vn 0.669645 0.584717 -0.457910
vn 0.643011 0.654748 -0.397294
vn 0.537246 0.816256 -0.212352
vn 0.311828 0.894776 0.319593
vn 0.471287 0.847018 -0.245863
vn 0.397337 0.728727 -0.557745
vn 0.113981 0.977337 -0.178382
vn -0.052010 0.998625 -0.006543
vn -0.225738 0.953696 0.198763
vn -0.348696 0.892603 0.285781
vn -0.413021 0.900850 0.133728
vn -0.596684 0.749180 0.287571
vn -0.676775 0.622283 0.393368
vn -0.649440 0.654858 0.386509
vn -0.128961 0.984145 -0.121770
vn 0.543410 0.691488 -0.475973
vn 0.563905 0.816399 0.124512
vn 0.597752 0.789885 0.137019
vn 0.644879 0.743826 -0.175654
vn 0.583002 0.810216 -0.060482
vn 0.543366 0.830049 0.125587
vn 0.647355 0.753412 -0.115330
vn 0.667619 0.642203 -0.376644
vn 0.570023 0.778279 -0.263355
vn 0.464152 0.874134 -0.143015
vn 0.345067 0.936632 0.060404
vn 0.264857 0.884906 0.383134
vn 0.505561 0.820048 0.268197
vn 0.689978 0.723797 0.006972
vn 0.699007 0.639265 -0.320514
vn 0.430301 0.835614 -0.341454
vn 0.197453 0.973657 0.114036
vn 0.379201 0.848421 0.369309
vn 0.670045 0.726345 0.153172
vn 0.675125 0.731821 -0.092975
vn 0.469281 0.861121 -0.195566
vn 0.138775 0.975268 -0.172031
vn -0.103939 0.989975 -0.095633
vn -0.196680 0.978896 -0.055501
vn -0.176840 0.983716 0.032109
vn -0.045831 0.997375 0.056066
vn 0.064625 0.996294 0.056769
vn 0.121736 0.991108 0.053709
vn 0.083568 0.993154 0.081625
vn 0.015687 0.993939 0.108806
vn -0.110207 0.950806 0.289521
vn -0.168453 0.899833 0.402399
vn -0.177725 0.835368 0.520167
vn -0.182619 0.813554 0.552070
vn -0.104670 0.909116 0.403178
vn -0.006434 0.977522 0.210734
vn 0.004990 0.992206 0.124506
vn 0.000000 1.000000 0.000000
vn 0.000000 1.000000 0.000000
vn 0.000000 1.000000 0.000000
vn 0.000000 1.000000 0.000000
vn 0.000000 1.000000 0.000000
vn 0.000000 1.000000 0.000000
vn 0.000000 1.000000 0.000000
vn 0.000000 1.000000 0.000000
vn 0.007528 0.999943 -0.007528
vn 0.010038 0.999937 -0.005019
vn 0.010789 0.999941 0.001009
vn 0.015056 0.999887 0.000001
vn 0.056667 0.997336 -0.045929
vn 0.307787 0.918192 -0.249380
vn 0.606019 0.682924 -0.407866
vn 0.699526 0.618925 -0.357206
vn 0.572510 0.819272 0.032024
vn 0.461750 0.881768 0.096296
vn 0.589118 0.581056 -0.561528
vn 0.475023 0.752847 -0.455604
vn 0.210945 0.967531 -0.139236
vn 0.046951 0.998871 -0.007278
vn -0.200787 0.962922 0.180185
vn -0.303274 0.951555 0.050684
vn -0.372306 0.927951 0.017163
vn -0.583383 0.781887 0.219812
vn -0.727733 0.608031 0.317339
vn -0.745592 0.526329 0.408743
vn -0.295704 0.954943 0.025371
vn 0.226351 0.972989 -0.045361
vn 0.017862 0.975554 0.219032
vn 0.127703 0.988512 -0.080852
vn 0.357301 0.917858 -0.172838
vn 0.277155 0.959885 0.042501
vn 0.110937 0.992974 0.041176
vn 0.312615 0.917726 -0.245053
vn 0.620968 0.713436 -0.324664
vn 0.667005 0.711568 -0.220851
vn 0.626394 0.772034 -0.107672
vn 0.452267 0.850011 0.270065
vn 0.297456 0.816406 0.494976
vn 0.473954 0.837561 0.271772
vn 0.671330 0.727879 -0.139672
vn 0.728784 0.516699 -0.449328
vn 0.627748 0.771896 -0.100540
vn 0.353872 0.713099 0.605197
vn 0.588411 0.731171 0.345198
vn 0.674711 0.691426 -0.258256
vn 0.518576 0.701877 -0.488312
vn 0.336411 0.850804 -0.403683
vn 0.289999 0.943851 -0.158259
vn 0.362534 0.931932 0.008533
vn 0.458514 0.880208 0.122468
vn 0.555843 0.815386 0.161815
vn 0.603832 0.791662 0.093043
vn 0.583460 0.812141 -0.000473
vn 0.486512 0.872970 -0.035055
vn 0.369773 0.928693 -0.028246
vn 0.180484 0.977297 0.110977
vn -0.050450 0.947481 0.315809
vn -0.138688 0.846012 0.514811
vn -0.081782 0.805265 0.587248
vn -0.006373 0.879659 0.475561
vn 0.017676 0.967942 0.250550
vn 0.019927 0.992624 0.119582
vn 0.000000 1.000000 0.000000
vn 0.000000 1.000000 0.000000
vn 0.000000 1.000000 0.000000
vn 0.000000 1.000000 0.000000
vn 0.000000 1.000000 0.000000
vn 0.000000 1.000000 0.000000
vn 0.000000 1.000000 0.000000
vn 0.000000 1.000000 0.000000
vn 0.000000 1.000000 0.000000
vn 0.005019 0.999984 -0.002509
vn 0.007529 0.999972 -0.000000
vn 0.004010 0.999990 0.001759
vn 0.008279 0.999943 -0.006778
vn 0.035056 0.999232 -0.017510
vn 0.205712 0.972328 -0.110725
vn 0.476878 0.839696 -0.259804
vn 0.640660 0.719409 -0.268339
vn 0.510897 0.856813 0.069677
vn 0.581926 0.789626 -0.194558
vn 0.688870 0.487008 -0.536918
vn 0.646898 0.667380 -0.368954
vn 0.508171 0.840036 -0.190004
vn 0.259881 0.956766 -0.130614
vn -0.036784 0.999076 0.022220
vn 0.035389 0.999014 0.026816
vn 0.162287 0.986581 0.017936
vn -0.038284 0.999147 0.015465
vn -0.455852 0.857520 0.238450
vn -0.693301 0.544945 0.471559
vn -0.546039 0.801712 0.243102
vn -0.435386 0.900224 -0.005984
vn -0.584906 0.809847 0.045095
vn -0.442751 0.890046 0.108584
vn -0.165495 0.985622 -0.034068
vn -0.195168 0.972994 -0.123256
vn -0.354441 0.933676 -0.051199
vn -0.226455 0.973141 0.041401
vn 0.167118 0.983024 -0.075736
vn 0.432027 0.892936 -0.126562
vn 0.527707 0.849273 0.016169
vn 0.340194 0.884756 0.318551
vn 0.099541 0.917574 0.384901
vn 0.139647 0.970848 0.194815
vn 0.444497 0.876045 -0.186997
vn 0.686206 0.619162 -0.381786
vn 0.629782 0.731095 0.262438
vn 0.238520 0.823330 0.515011
vn 0.412810 0.894950 -0.169271
vn 0.516153 0.670441 -0.533005
vn 0.576745 0.708888 -0.406010
vn 0.657091 0.753689 -0.013585
vn 0.713605 0.674444 0.189457
vn 0.732265 0.656430 0.181350
vn 0.682641 0.725761 0.085273
vn 0.578026 0.813500 -0.064063
vn 0.491182 0.858424 -0.147810
vn 0.477685 0.860563 -0.176773
vn 0.455968 0.876307 -0.155493
vn 0.379002 0.917473 -0.120836
vn 0.200471 0.975199 0.093802
vn 0.023305 0.884400 0.466147
vn 0.012921 0.763560 0.645607
vn 0.080236 0.865944 0.493663
vn 0.052945 0.973668 0.221737
vn 0.020022 0.996595 0.079980
vn 0.000000 1.000000 0.000000
vn 0.000000 1.000000 0.000000
vn 0.000000 1.000000 0.000000
vn 0.000000 1.000000 0.000000
vn 0.000000 1.000000 0.000000
vn 0.000000 1.000000 0.000000
vn 0.000000 1.000000 0.000000
vn 0.000000 1.000000 0.000000
vn 0.000000 1.000000 0.000000
vn 0.000000 1.000000 0.000000
vn 0.000000 1.000000 0.000000
vn 0.000000 1.000000 0.000000
vn 0.000000 1.000000 0.000000
vn 0.005019 0.999984 -0.002509
vn 0.010038 0.999937 -0.005019
vn 0.059826 0.997201 -0.044840
vn 0.252272 0.954077 -0.161544
vn 0.403825 0.905567 -0.129898
vn 0.360825 0.932620 -0.005060
vn 0.552526 0.773008 -0.311727
vn 0.756302 0.510989 -0.408531
vn 0.804102 0.534574 -0.260099
vn 0.731077 0.592887 -0.337655
vn 0.503318 0.829196 -0.243115
vn 0.335502 0.911119 0.239377
vn 0.578031 0.786730 0.216649
vn 0.704969 0.695864 -0.137083
vn 0.568855 0.786567 -0.240241
vn 0.040873 0.995105 0.089972
vn -0.557352 0.716060 0.420259
vn -0.648892 0.746514 0.147161
vn -0.522512 0.840735 -0.141936
vn -0.659503 0.736845 0.148712
vn -0.688964 0.704264 0.171291
vn -0.590118 0.805770 -0.049947
vn -0.503088 0.847681 -0.168342
vn -0.596377 0.802320 0.024841
vn -0.649477 0.743467 0.159492
vn -0.528701 0.839743 0.123722
vn -0.314406 0.937683 0.147984
vn -0.196549 0.969040 0.149434
vn -0.311749 0.929489 0.197136
vn -0.405570 0.881413 0.242123
vn -0.294607 0.943554 0.151366
vn 0.065950 0.994005 -0.087210
vn 0.416720 0.904603 -0.089657
vn 0.196138 0.930121 0.310492
vn 0.121953 0.990832 0.058132
vn 0.403268 0.864277 -0.300667
vn 0.657446 0.696485 -0.287529
vn 0.697765 0.716013 0.021221
vn 0.560035 0.817933 0.131708
vn 0.314739 0.949039 0.016232
vn 0.041373 0.990216 -0.133267
vn -0.128451 0.962486 -0.239002
vn -0.189214 0.963298 -0.190410
vn -0.080437 0.989201 -0.122517
vn 0.090457 0.988780 -0.118878
vn 0.214963 0.962664 -0.164526
vn 0.257457 0.966241 -0.009708
vn 0.247795 0.883622 0.397253
vn 0.181022 0.769934 0.611910
vn 0.082089 0.879284 0.469171
vn 0.036260 0.985448 0.166066
vn 0.015049 0.999434 0.030089
vn 0.000000 1.000000 0.000000
vn 0.000000 1.000000 0.000000
vn 0.000000 1.000000 0.000000
vn 0.000000 1.000000 0.000000
vn 0.000000 1.000000 0.000000
vn 0.000000 1.000000 0.000000
vn 0.000000 1.000000 0.000000
vn 0.000000 1.000000 0.000000
vn 0.000000 1.000000 0.000000
vn 0.000000 1.000000 0.000000
vn 0.000000 1.000000 0.000000
vn 0.000000 1.000000 0.000000
vn 0.000000 1.000000 0.000000
vn 0.000000 1.000000 0.000000
vn 0.000000 1.000000 0.000000
vn 0.005019 0.999984 -0.002509
vn 0.032548 0.999270 -0.020026
vn 0.115160 0.991900 -0.053606
vn 0.163932 0.986277 -0.019617
vn 0.197527 0.979939 -0.026505
vn 0.411760 0.894900 -0.172068
vn 0.636831 0.746807 -0.191640
vn 0.739934 0.592183 -0.319089
vn 0.731254 0.474812 -0.489715
vn 0.656916 0.749672 0.080331
vn 0.539429 0.698307 0.470515
vn 0.741464 0.670992 0.000760
vn 0.752993 0.577967 -0.314572
vn 0.727069 0.597948 -0.337387
vn 0.484934 0.866193 -0.120616
vn -0.092803 0.976780 0.193100
vn -0.287874 0.957667 0.001541
vn -0.180633 0.982650 -0.042072
vn -0.290673 0.951948 0.096456
vn -0.457357 0.889068 0.019532
vn -0.512580 0.855898 -0.068554
vn -0.511747 0.856177 -0.071241
vn -0.582713 0.809735 0.069090
vn -0.660600 0.740271 0.124928
vn -0.718213 0.671094 0.183854
vn -0.731490 0.665868 0.146771
vn -0.729500 0.675359 0.108259
vn -0.714077 0.670320 0.201905
vn -0.664109 0.694095 0.277832
vn -0.560156 0.794249 0.235359
vn -0.325151 0.937631 0.122982
vn -0.205600 0.964748 0.164283
vn -0.206020 0.968522 0.139713
vn -0.132463 0.990963 -0.021103
vn -0.010412 0.985094 -0.171699
vn 0.008486 0.985957 -0.166782
vn -0.186177 0.969137 -0.161594
vn -0.434327 0.857229 -0.276621
vn -0.612355 0.734383 -0.292752
vn -0.665259 0.711621 -0.225889
vn -0.643907 0.761308 -0.076114
vn -0.574058 0.816028 0.067501
vn -0.440514 0.893204 0.090190
vn -0.196996 0.979827 0.033627
vn 0.109147 0.987663 0.112284
vn 0.243854 0.871835 0.424781
vn 0.217760 0.800287 0.558678
vn 0.134459 0.924374 0.357007
vn 0.012409 0.991420 0.130125
vn -0.005017 0.999673 0.025089
vn 0.000000 1.000000 0.000000
vn 0.000000 1.000000 0.000000
vn 0.000000 1.000000 0.000000
vn 0.000000 1.000000 0.000000
vn 0.000000 1.000000 0.000000
vn 0.000000 1.000000 0.000000
vn 0.000000 1.000000 0.000000
vn 0.000000 1.000000 0.000000
vn 0.000000 1.000000 0.000000
vn 0.000000 1.000000 0.000000
vn 0.000000 1.000000 0.000000
vn 0.000000 1.000000 0.000000
vn 0.000000 1.000000 0.000000
vn 0.000000 1.000000 0.000000
vn 0.000000 1.000000 0.000000
vn 0.000000 1.000000 0.000000
vn 0.000000 1.000000 0.000000
vn 0.010034 0.999937 -0.005016
vn 0.025066 0.999673 -0.005010
vn 0.032585 0.999456 -0.005016
vn 0.042589 0.999042 -0.010022
vn 0.125061 0.991347 -0.039890
vn 0.273269 0.954486 -0.119500
vn 0.545565 0.728136 -0.414942
vn 0.764467 0.596676 -0.244065
vn 0.574662 0.715665 0.396972
vn 0.538008 0.815449 0.213520
vn 0.669064 0.713551 -0.207842
vn 0.760393 0.590951 -0.269406
vn 0.818241 0.513968 -0.257525
vn 0.806229 0.542431 -0.236143
vn 0.584955 0.802995 -0.114130
vn 0.418416 0.907701 -0.031712
vn 0.420712 0.907005 0.018505
vn 0.365940 0.920438 -0.137408
vn 0.170403 0.964450 -0.201988
vn -0.015069 0.985237 -0.170532
vn -0.182677 0.979551 -0.084316
vn -0.322699 0.946419 0.012531
vn -0.419057 0.906929 0.043254
vn -0.546727 0.833708 0.077597
vn -0.618592 0.781636 0.079928
vn -0.680300 0.714486 0.163407
vn -0.734164 0.623009 0.269933
vn -0.754283 0.592674 0.282480
vn -0.745119 0.617987 0.250777
vn -0.715482 0.675937 0.176620
vn -0.688149 0.714792 0.124596
vn -0.682500 0.730881 0.002554
vn -0.699124 0.703542 -0.127492
vn -0.722810 0.658300 -0.210208
vn -0.736629 0.620752 -0.268410
vn -0.701421 0.641745 -0.310117
vn -0.625964 0.739127 -0.248717
vn -0.560566 0.821705 -0.102793
vn -0.527865 0.848861 0.028175
vn -0.524423 0.840133 0.138410
vn -0.497752 0.833487 0.239880
vn -0.349903 0.870811 0.345335
vn -0.040076 0.903982 0.425688
vn 0.199314 0.839251 0.505897
vn 0.156261 0.842407 0.515687
vn 0.083591 0.957932 0.274553
vn 0.042104 0.997493 0.056871
vn 0.010037 0.999899 0.010037
vn 0.000000 1.000000 0.000000
vn 0.000000 1.000000 0.000000
vn 0.000000 1.000000 0.000000
vn 0.000000 1.000000 0.000000
vn 0.000000 1.000000 0.000000
vn 0.000000 1.000000 0.000000
vn 0.000000 1.000000 0.000000
vn 0.000000 1.000000 0.000000
vn 0.000000 1.000000 0.000000
vn 0.000000 1.000000 0.000000
vn 0.000000 1.000000 0.000000
vn 0.000000 1.000000 0.000000
vn 0.000000 1.000000 0.000000
vn 0.000000 1.000000 0.000000
vn 0.000000 1.000000 0.000000
vn 0.000000 1.000000 0.000000
vn 0.000000 1.000000 0.000000
vn 0.000000 1.000000 0.000000
vn 0.000000 1.000000 0.000000
vn 0.000000 1.000000 0.000000
vn 0.005019 0.999984 -0.002509
vn 0.007529 0.999972 0.000000
vn 0.010038 0.999937 -0.005019
vn 0.116476 0.987949 -0.101930
vn 0.415769 0.885605 -0.206980
vn 0.493461 0.866579 0.074414
vn 0.260162 0.945053 0.197967
vn 0.273242 0.961248 -0.036626
vn 0.401611 0.910000 -0.103001
vn 0.526417 0.843516 -0.106614
vn 0.654964 0.734846 -0.176136
vn 0.774054 0.562028 -0.291488
vn 0.804082 0.548433 -0.229508
vn 0.737242 0.670995 -0.078991
vn 0.702871 0.700229 -0.125107
vn 0.702948 0.667377 -0.245910
vn 0.653560 0.712458 -0.255468
vn 0.533969 0.800707 -0.271560
vn 0.338089 0.932082 -0.130075
vn 0.251900 0.967422 -0.025309
vn 0.237680 0.971167 -0.018504
vn 0.115068 0.990761 -0.071779
vn -0.129994 0.991514 -0.001362
vn -0.380731 0.915811 0.127804
vn -0.571390 0.793770 0.208431
vn -0.700060 0.685925 0.198553
vn -0.773737 0.620515 0.127642
vn -0.803654 0.593363 0.045385
vn -0.805455 0.591735 -0.033042
vn -0.772406 0.629715 -0.082751
vn -0.687783 0.716626 -0.115763
vn -0.531567 0.838213 -0.121797
vn -0.296206 0.947440 -0.120908
vn -0.075898 0.992622 -0.094553
vn 0.046572 0.998380 -0.032674
vn 0.053472 0.998307 0.022885
vn -0.022776 0.994188 0.105223
vn -0.103886 0.954509 0.279500
vn -0.107681 0.851957 0.512419
vn 0.024830 0.796044 0.604729
vn 0.127803 0.806782 0.576862
vn 0.118829 0.892268 0.435590
vn 0.034050 0.975327 0.218122
vn -0.005001 0.999185 0.040046
vn 0.000000 1.000000 0.000000
vn 0.000000 1.000000 0.000000
vn 0.000000 1.000000 0.000000
vn 0.000000 1.000000 0.000000
vn 0.000000 1.000000 0.000000
vn 0.000000 1.000000 0.000000
vn 0.000000 1.000000 0.000000
vn 0.000000 1.000000 0.000000
vn 0.000000 1.000000 0.000000
vn 0.000000 1.000000 0.000000
vn 0.000000 1.000000 0.000000
vn 0.000000 1.000000 0.000000
vn 0.000000 1.000000 0.000000
vn 0.000000 1.000000 0.000000
vn 0.000000 1.000000 0.000000
vn 0.000000 1.000000 0.000000
vn 0.000000 1.000000 0.000000
vn 0.000000 1.000000 0.000000
vn 0.000000 1.000000 0.000000
vn 0.000000 1.000000 0.000000
vn 0.000000 1.000000 0.000000
vn 0.000000 1.000000 0.000000
vn 0.000000 1.000000 0.000000
vn 0.000000 1.000000 0.000000
vn 0.007528 0.999943 -0.007528
vn 0.064423 0.997408 -0.032032
vn 0.136112 0.990405 -0.023924
vn 0.070781 0.996284 0.049083
vn 0.017557 0.999795 0.010034
vn 0.037530 0.999183 -0.015004
vn 0.077101 0.996825 -0.019860
vn 0.118016 0.992904 -0.014625
vn 0.273770 0.956750 -0.098384
vn 0.508380 0.833639 -0.215861
vn 0.667318 0.718864 -0.194736
vn 0.704260 0.699303 -0.122451
vn 0.734110 0.665885 -0.132961
vn 0.786023 0.596101 -0.163803
vn 0.814037 0.518085 -0.262547
vn 0.798292 0.538854 -0.269011
vn 0.759848 0.647603 -0.056935
vn 0.749771 0.661698 0.000253
vn 0.735642 0.651507 -0.185390
vn 0.567945 0.768984 -0.293432
vn 0.318607 0.936260 -0.148012
vn 0.098271 0.995150 0.004383
vn -0.064931 0.996738 0.047940
vn -0.153174 0.986986 0.048954
vn -0.165101 0.985358 0.042550
vn -0.110174 0.993349 0.033463
vn -0.016699 0.998393 0.054160
vn 0.115366 0.988395 0.098824
vn 0.298733 0.947704 0.112323
vn 0.476731 0.873297 0.100401
vn 0.575423 0.816477 0.047476
vn 0.597353 0.801948 0.007040
vn 0.581761 0.812854 -0.028669
vn 0.512808 0.858333 -0.017112
vn 0.385291 0.909773 0.154477
vn 0.225198 0.848932 0.478121
vn 0.148658 0.759105 0.633767
vn 0.129273 0.810318 0.571554
vn 0.078754 0.918917 0.386509
vn 0.029384 0.986517 0.161000
vn 0.007519 0.999520 0.030055
vn 0.000000 1.000000 0.000000
vn 0.000000 1.000000 0.000000
vn 0.000000 1.000000 0.000000
vn 0.000000 1.000000 0.000000
vn 0.000000 1.000000 0.000000
vn 0.000000 1.000000 0.000000
vn 0.000000 1.000000 0.000000
vn 0.000000 1.000000 0.000000
vn 0.000000 1.000000 0.000000
vn 0.000000 1.000000 0.000000
vn 0.000000 1.000000 0.000000
vn 0.000000 1.000000 0.000000
vn 0.000000 1.000000 0.000000
vn 0.000000 1.000000 0.000000
vn 0.000000 1.000000 0.000000
vn 0.000000 1.000000 0.000000
vn 0.000000 1.000000 0.000000
vn 0.000000 1.000000 0.000000
vn 0.000000 1.000000 0.000000
vn 0.000000 1.000000 0.000000
vn 0.000000 1.000000 0.000000
vn 0.000000 1.000000 0.000000
vn 0.000000 1.000000 0.000000
vn 0.000000 1.000000 0.000000
vn 0.000000 1.000000 0.000000
vn 0.005019 0.999984 -0.002509
vn 0.007529 0.999972 -0.000000
vn 0.007529 0.999972 0.000000
vn 0.002510 0.999994 0.002510
vn 0.000000 1.000000 0.000000
vn 0.005019 0.999984 -0.002509
vn 0.007529 0.999972 0.000000
vn 0.007529 0.999972 0.000000
vn 0.047373 0.998501 -0.027400
vn 0.183608 0.980036 -0.076267
vn 0.309938 0.948547 -0.064778
vn 0.391952 0.918055 -0.059576
vn 0.460250 0.885389 -0.065234
vn 0.553952 0.821118 -0.137487
vn 0.690815 0.686129 -0.228037
vn 0.782088 0.609451 -0.130029
vn 0.787005 0.614393 -0.056076
vn 0.777704 0.590161 -0.216531
vn 0.757033 0.528672 -0.383936
vn 0.743914 0.604006 -0.285955
vn 0.702458 0.703800 -0.105915
vn 0.667434 0.744555 -0.013044
vn 0.668769 0.742435 0.039220
vn 0.699490 0.711251 0.069545
vn 0.737259 0.668123 0.100300
vn 0.773554 0.622797 0.117211
vn 0.788504 0.593591 0.160966
vn 0.796261 0.582835 0.162084
vn 0.797490 0.596497 0.090561
vn 0.784424 0.620202 0.005352
vn 0.766026 0.642142 -0.029295
vn 0.741136 0.665782 -0.086321
vn 0.689422 0.706387 -0.160359
vn 0.585318 0.808076 -0.066449
vn 0.390677 0.858374 0.332513
vn 0.214264 0.785624 0.580418
vn 0.134556 0.837679 0.529329
vn 0.079416 0.944187 0.319693
vn 0.017332 0.991598 0.128195
vn 0.000000 0.999745 0.022571
vn 0.000000 1.000000 0.000000
vn 0.000000 1.000000 0.000000
vn 0.000000 1.000000 0.000000
vn 0.000000 1.000000 0.000000
vn 0.000000 1.000000 0.000000
vn 0.000000 1.000000 0.000000
vn 0.000000 1.000000 0.000000
vn 0.000000 1.000000 0.000000
vn 0.000000 1.000000 0.000000
vn 0.000000 1.000000 0.000000
vn 0.000000 1.000000 0.000000
vn 0.000000 1.000000 0.000000
vn 0.000000 1.000000 0.000000
vn 0.000000 1.000000 0.000000
vn 0.000000 1.000000 0.000000
vn 0.000000 1.000000 0.000000
vn 0.000000 1.000000 0.000000
vn 0.000000 1.000000 0.000000
vn 0.000000 1.000000 0.000000
vn 0.000000 1.000000 0.000000
vn 0.000000 1.000000 0.000000
vn 0.000000 1.000000 0.000000
vn 0.000000 1.000000 0.000000
vn 0.000000 1.000000 0.000000
vn 0.000000 1.000000 0.000000
vn 0.000000 1.000000 0.000000
vn 0.000000 1.000000 0.000000
vn 0.000000 1.000000 0.000000
vn 0.000000 1.000000 0.000000
vn 0.000000 1.000000 0.000000
vn 0.000000 1.000000 0.000000
vn 0.000000 1.000000 0.000000
vn 0.000000 1.000000 0.000000
vn 0.000000 1.000000 0.000000
vn 0.012543 0.999871 -0.010034
vn 0.025087 0.999607 -0.012543
vn 0.042589 0.999043 -0.010004
vn 0.069782 0.997550 -0.004908
vn 0.111176 0.993552 -0.022212
vn 0.210648 0.975580 -0.062212
vn 0.342953 0.936665 -0.071007
vn 0.417461 0.906935 -0.056533
vn 0.493097 0.854262 -0.164595
vn 0.641964 0.712287 -0.283776
vn 0.772887 0.591588 -0.229497
vn 0.827249 0.555389 -0.084863
vn 0.832657 0.553783 0.002442
vn 0.821922 0.566005 0.063896
vn 0.807705 0.583824 0.082234
vn 0.783718 0.614444 0.090797
vn 0.745362 0.660183 0.092703
vn 0.708220 0.701256 0.081637
vn 0.663867 0.744157 0.074242
vn 0.627435 0.778322 0.023241
vn 0.621562 0.782884 -0.027431
vn 0.634471 0.770180 -0.065344
vn 0.630237 0.760303 -0.157292
vn 0.608173 0.748341 -0.264784
vn 0.567008 0.779597 -0.265951
vn 0.427737 0.897371 0.108469
vn 0.186439 0.850486 0.491847
vn 0.082697 0.870565 0.485054
vn 0.046945 0.961206 0.271807
vn 0.014900 0.995869 0.089576
vn 0.002509 0.999843 0.017559
vn 0.000000 1.000000 0.000000
vn 0.000000 1.000000 0.000000
vn 0.000000 1.000000 0.000000
vn 0.000000 1.000000 0.000000
vn 0.000000 1.000000 0.000000
vn 0.000000 1.000000 0.000000
vn 0.000000 1.000000 0.000000
vn 0.000000 1.000000 0.000000
vn 0.000000 1.000000 0.000000
vn 0.000000 1.000000 0.000000
vn 0.000000 1.000000 0.000000
vn 0.000000 1.000000 0.000000
vn 0.000000 1.000000 0.000000
vn 0.000000 1.000000 0.000000
vn 0.000000 1.000000 0.000000
vn 0.000000 1.000000 0.000000
vn 0.000000 1.000000 0.000000
vn 0.000000 1.000000 0.000000
vn 0.000000 1.000000 0.000000
vn 0.000000 1.000000 0.000000
vn 0.000000 1.000000 0.000000
vn 0.000000 1.000000 0.000000
vn 0.000000 1.000000 0.000000
vn 0.000000 1.000000 0.000000
vn 0.000000 1.000000 0.000000
vn 0.000000 1.000000 0.000000
vn 0.000000 1.000000 0.000000
vn 0.000000 1.000000 0.000000
vn 0.000000 1.000000 0.000000
vn 0.000000 1.000000 0.000000
vn 0.000000 1.000000 0.000000
vn 0.000000 1.000000 0.000000
vn 0.000000 1.000000 0.000000
vn 0.000000 1.000000 0.000000
vn 0.000000 1.000000 0.000000
vn 0.005019 0.999984 -0.002509
vn 0.012545 0.999918 -0.002509
vn 0.010037 0.999946 0.002509
vn 0.007529 0.999972 0.000000
vn 0.017554 0.999833 -0.005014
vn 0.030056 0.999520 -0.007518
vn 0.047507 0.998793 -0.012503
vn 0.098229 0.994292 -0.041658
vn 0.230213 0.969651 -0.082333
vn 0.386391 0.918817 -0.080484
vn 0.478982 0.876673 -0.044966
vn 0.501136 0.865354 -0.004989
vn 0.484727 0.874276 0.026099
vn 0.436256 0.898448 0.049731
vn 0.393412 0.918681 0.035385
vn 0.345037 0.938085 0.030750
vn 0.291848 0.956139 0.024955
vn 0.249535 0.968149 0.020493
vn 0.230282 0.973121 -0.002201
vn 0.240087 0.970640 -0.014718
vn 0.277339 0.960136 -0.034941
vn 0.342676 0.928604 -0.142366
vn 0.428228 0.863687 -0.265829
vn 0.486339 0.809954 -0.327795
vn 0.456092 0.881393 -0.122992
vn 0.242860 0.915902 0.319598
vn 0.065508 0.901192 0.428441
vn 0.012066 0.967282 0.253417
vn 0.000006 0.997185 0.074986
vn -0.002508 0.999796 0.020065
vn 0.000000 1.000000 0.000000
vn 0.000000 1.000000 0.000000
vn 0.000000 1.000000 0.000000
vn 0.000000 1.000000 0.000000
vn 0.000000 1.000000 0.000000
vn 0.000000 1.000000 0.000000
vn 0.000000 1.000000 0.000000
vn 0.000000 1.000000 0.000000
vn 0.000000 1.000000 0.000000
vn 0.000000 1.000000 0.000000
vn 0.000000 1.000000 0.000000
vn 0.000000 1.000000 0.000000
vn 0.000000 1.000000 0.000000
vn 0.000000 1.000000 0.000000
vn 0.000000 1.000000 0.000000
vn 0.000000 1.000000 0.000000
vn 0.000000 1.000000 0.000000
vn 0.000000 1.000000 0.000000
vn 0.000000 1.000000 0.000000
vn 0.000000 1.000000 0.000000
vn 0.000000 1.000000 0.000000
vn 0.000000 1.000000 0.000000
vn 0.000000 1.000000 0.000000
vn 0.000000 1.000000 0.000000
vn 0.000000 1.000000 0.000000
vn 0.000000 1.000000 0.000000
vn 0.000000 1.000000 0.000000
vn 0.000000 1.000000 0.000000
vn 0.000000 1.000000 0.000000
vn 0.000000 1.000000 0.000000
vn 0.000000 1.000000 0.000000
vn 0.000000 1.000000 0.000000
vn 0.000000 1.000000 0.000000
vn 0.000000 1.000000 0.000000
vn 0.000000 1.000000 0.000000
vn 0.000000 1.000000 0.000000
vn 0.000000 1.000000 0.000000
vn 0.000000 1.000000 0.000000
vn 0.000000 1.000000 0.000000
vn 0.000000 1.000000 0.000000
vn 0.002509 0.999984 -0.005019
vn -0.000000 1.000000 0.000000
vn 0.007525 0.999972 0.000004
vn 0.030053 0.999520 -0.007506
vn 0.047508 0.998858 -0.004996
vn 0.067252 0.997708 -0.007457
vn 0.074663 0.997209 0.000000
vn 0.074663 0.997209 0.000000
vn 0.060207 0.998173 0.005122
vn 0.037285 0.999282 0.006803
vn 0.028759 0.999582 0.003096
vn 0.030077 0.999548 -0.000000
vn 0.025072 0.999682 0.002508
vn 0.022571 0.999745 0.000000
vn 0.032564 0.999457 -0.005006
vn 0.032573 0.999466 0.002506
vn 0.072124 0.996275 -0.047260
vn 0.181879 0.971932 -0.149224
vn 0.308087 0.916074 -0.256694
vn 0.388631 0.892493 -0.228959
vn 0.294768 0.949433 0.108113
vn 0.119535 0.943169 0.310069
vn 0.021580 0.974449 0.223571
vn 0.007505 0.997690 0.067512
vn 0.002509 0.999843 0.017559
vn 0.000000 1.000000 0.000000
vn 0.000000 1.000000 0.000000
vn 0.000000 1.000000 0.000000
vn 0.000000 1.000000 0.000000
vn 0.000000 1.000000 0.000000
vn 0.000000 1.000000 0.000000
vn 0.000000 1.000000 0.000000
vn 0.000000 1.000000 0.000000
vn 0.000000 1.000000 0.000000
vn 0.000000 1.000000 0.000000
vn 0.000000 1.000000 0.000000
vn 0.000000 1.000000 0.000000
vn 0.000000 1.000000 0.000000
vn 0.000000 1.000000 0.000000
vn 0.000000 1.000000 0.000000
vn 0.000000 1.000000 0.000000
vn 0.000000 1.000000 0.000000
vn 0.000000 1.000000 0.000000
vn 0.000000 1.000000 0.000000
vn 0.000000 1.000000 0.000000
vn 0.000000 1.000000 0.000000
vn 0.000000 1.000000 0.000000
vn 0.000000 1.000000 0.000000
vn 0.000000 1.000000 0.000000
vn 0.000000 1.000000 0.000000
vn 0.000000 1.000000 0.000000
vn 0.000000 1.000000 0.000000
vn 0.000000 1.000000 0.000000
vn 0.000000 1.000000 0.000000
vn 0.000000 1.000000 0.000000
vn 0.000000 1.000000 0.000000
vn 0.000000 1.000000 0.000000
vn 0.000000 1.000000 0.000000
vn 0.000000 1.000000 0.000000
vn 0.000000 1.000000 0.000000
vn 0.000000 1.000000 0.000000
vn 0.000000 1.000000 0.000000
vn 0.000000 1.000000 0.000000
vn 0.000000 1.000000 0.000000
vn 0.000000 1.000000 0.000000
vn 0.000000 1.000000 0.000000
vn 0.005019 0.999984 -0.002509
vn 0.002510 0.999994 0.002510
vn 0.000000 1.000000 0.000000
vn 0.000000 1.000000 0.000000
vn 0.000000 1.000000 0.000000
vn 0.000000 1.000000 0.000000
vn 0.000000 1.000000 0.000000
vn 0.000000 1.000000 0.000000
vn 0.002946 0.999995 -0.001473
vn 0.001473 0.999998 0.001473
vn 0.000000 1.000000 0.000000
vn 0.000000 1.000000 0.000000
vn 0.000000 1.000000 0.000000
vn 0.000000 1.000000 0.000000
vn 0.000000 1.000000 0.000000
vn 0.002509 0.999984 -0.005019
vn 0.047382 0.997227 -0.057379
vn 0.122823 0.981052 -0.149839
vn 0.220476 0.954902 -0.198876
vn 0.223660 0.974197 -0.030279
vn 0.100032 0.976979 0.188429
vn 0.017116 0.983735 0.178806
vn 0.000000 0.997718 0.067515
vn 0.000000 0.999887 0.015054
vn 0.000000 1.000000 0.000000
vn 0.000000 1.000000 0.000000
vn 0.000000 1.000000 0.000000
vn 0.000000 1.000000 0.000000
vn 0.000000 1.000000 0.000000
vn 0.000000 1.000000 0.000000
vn 0.000000 1.000000 0.000000
vn 0.000000 1.000000 0.000000
vn 0.000000 1.000000 0.000000
vn 0.000000 1.000000 0.000000
vn 0.000000 1.000000 0.000000
vn 0.000000 1.000000 0.000000
vn 0.000000 1.000000 0.000000
vn 0.000000 1.000000 0.000000
vn 0.000000 1.000000 0.000000
vn 0.000000 1.000000 0.000000
vn 0.000000 1.000000 0.000000
vn 0.000000 1.000000 0.000000
vn 0.000000 1.000000 0.000000
vn 0.000000 1.000000 0.000000
vn 0.000000 1.000000 0.000000
vn 0.000000 1.000000 0.000000
vn 0.000000 1.000000 0.000000
vn 0.000000 1.000000 0.000000
vn 0.000000 1.000000 0.000000
vn 0.000000 1.000000 0.000000
vn 0.000000 1.000000 0.000000
vn 0.000000 1.000000 0.000000
vn 0.000000 1.000000 0.000000
vn 0.000000 1.000000 0.000000
vn 0.000000 1.000000 0.000000
vn 0.000000 1.000000 0.000000
vn 0.000000 1.000000 0.000000
vn 0.000000 1.000000 0.000000
vn 0.000000 1.000000 0.000000
vn 0.000000 1.000000 0.000000
vn 0.000000 1.000000 0.000000
vn 0.000000 1.000000 0.000000
vn 0.000000 1.000000 0.000000
vn 0.000000 1.000000 0.000000
vn 0.000000 1.000000 0.000000
vn 0.000000 1.000000 0.000000
vn 0.000000 1.000000 0.000000
vn 0.000000 1.000000 0.000000
vn 0.000000 1.000000 0.000000
vn 0.000000 1.000000 0.000000
vn 0.000000 1.000000 0.000000
vn 0.000000 1.000000 0.000000
vn 0.000000 1.000000 0.000000
vn 0.000000 1.000000 0.000000
vn 0.000000 1.000000 0.000000
vn 0.000000 1.000000 0.000000
vn 0.000000 1.000000 0.000000
vn 0.000000 1.000000 0.000000
vn 0.000000 1.000000 0.000000
vn 0.000000 1.000000 0.000000
vn 0.000000 1.000000 0.000000
vn 0.007528 0.999943 -0.007528
vn 0.062133 0.995461 -0.072083
vn 0.137909 0.982143 -0.127972
vn 0.172034 0.981350 -0.085775
vn 0.101784 0.991607 0.079722
vn 0.022373 0.990739 0.133928
vn 0.000000 0.997718 0.067515
vn 0.000000 0.999887 0.015054
vn 0.000000 1.000000 0.000000
vn 0.000000 1.000000 0.000000
vn 0.000000 1.000000 0.000000
vn 0.000000 1.000000 0.000000
vn 0.000000 1.000000 0.000000
vn 0.000000 1.000000 0.000000
vn 0.000000 1.000000 0.000000
vn 0.000000 1.000000 0.000000
vn 0.000000 1.000000 0.000000
vn 0.000000 1.000000 0.000000
vn 0.000000 1.000000 0.000000
vn 0.000000 1.000000 0.000000
vn 0.000000 1.000000 0.000000
vn 0.000000 1.000000 0.000000
vn 0.000000 1.000000 0.000000
vn 0.000000 1.000000 0.000000
vn 0.000000 1.000000 0.000000
vn 0.000000 1.000000 0.000000
vn 0.000000 1.000000 0.000000
vn 0.000000 1.000000 0.000000
vn 0.000000 1.000000 0.000000
vn 0.000000 1.000000 0.000000
vn 0.000000 1.000000 0.000000
vn 0.000000 1.000000 0.000000
vn 0.000000 1.000000 0.000000
vn 0.000000 1.000000 0.000000
vn 0.000000 1.000000 0.000000
vn 0.000000 1.000000 0.000000
vn 0.000000 1.000000 0.000000
vn 0.000000 1.000000 0.000000
vn 0.000000 1.000000 0.000000
vn 0.000000 1.000000 0.000000
vn 0.000000 1.000000 0.000000
vn 0.000000 1.000000 0.000000
vn 0.000000 1.000000 0.000000
vn 0.000000 1.000000 0.000000
vn 0.000000 1.000000 0.000000
vn 0.000000 1.000000 0.000000
vn 0.000000 1.000000 0.000000
vn 0.000000 1.000000 0.000000
vn 0.000000 1.000000 0.000000
vn 0.000000 1.000000 0.000000
vn 0.000000 1.000000 0.000000
vn 0.000000 1.000000 0.000000
vn 0.000000 1.000000 0.000000
vn 0.000000 1.000000 0.000000
vn 0.000000 1.000000 0.000000
vn 0.000000 1.000000 0.000000
vn 0.000000 1.000000 0.000000
vn 0.000000 1.000000 0.000000
vn 0.000000 1.000000 0.000000
vn 0.000000 1.000000 0.000000
vn 0.000000 1.000000 0.000000
vn 0.000000 1.000000 0.000000
vn 0.000000 1.000000 0.000000
vn 0.000000 1.000000 0.000000
vn 0.000000 1.000000 0.000000
vn 0.000000 1.000000 0.000000
vn 0.010034 0.999871 -0.012543
vn 0.059759 0.995941 -0.067303
vn 0.104222 0.991758 -0.074531
vn 0.092288 0.995721 -0.004861
vn 0.024915 0.996077 0.084909
vn -0.002517 0.998338 0.057575
vn -0.005018 0.999833 0.017563
vn 0.000000 1.000000 0.000000
vn 0.000000 1.000000 0.000000
vn 0.000000 1.000000 0.000000
vn 0.000000 1.000000 0.000000
vn 0.000000 1.000000 0.000000
vn 0.000000 1.000000 0.000000
vn 0.000000 1.000000 0.000000
vn 0.000000 1.000000 0.000000
vn 0.000000 1.000000 0.000000
vn 0.000000 1.000000 0.000000
vn 0.000000 1.000000 0.000000
vn 0.000000 1.000000 0.000000
vn 0.000000 1.000000 0.000000
vn 0.000000 1.000000 0.000000
vn 0.000000 1.000000 0.000000
vn 0.000000 1.000000 0.000000
vn 0.000000 1.000000 0.000000
vn 0.000000 1.000000 0.000000
vn 0.000000 1.000000 0.000000
vn 0.000000 1.000000 0.000000
vn 0.000000 1.000000 0.000000
vn 0.000000 1.000000 0.000000
vn 0.000000 1.000000 0.000000
vn 0.000000 1.000000 0.000000
vn 0.000000 1.000000 0.000000
vn 0.000000 1.000000 0.000000
vn 0.000000 1.000000 0.000000
vn 0.000000 1.000000 0.000000
vn 0.000000 1.000000 0.000000
vn 0.000000 1.000000 0.000000
vn 0.000000 1.000000 0.000000
vn 0.000000 1.000000 0.000000
vn 0.000000 1.000000 0.000000
vn 0.000000 1.000000 0.000000
vn 0.000000 1.000000 0.000000
vn 0.000000 1.000000 0.000000
vn 0.000000 1.000000 0.000000
vn 0.000000 1.000000 0.000000
vn 0.000000 1.000000 0.000000
vn 0.000000 1.000000 0.000000
vn 0.000000 1.000000 0.000000
vn 0.000000 1.000000 0.000000
vn 0.000000 1.000000 0.000000
vn 0.000000 1.000000 0.000000
vn 0.000000 1.000000 0.000000
vn 0.000000 1.000000 0.000000
vn 0.000000 1.000000 0.000000
vn 0.000000 1.000000 0.000000
vn 0.000000 1.000000 0.000000
vn 0.000000 1.000000 0.000000
vn 0.000000 1.000000 0.000000
vn 0.000000 1.000000 0.000000
vn 0.000000 1.000000 0.000000
vn 0.000000 1.000000 0.000000
vn 0.000000 1.000000 0.000000
vn 0.000000 1.000000 0.000000
vn 0.000000 1.000000 0.000000
vn 0.000000 1.000000 0.000000
vn 0.000000 1.000000 0.000000
vn 0.017540 0.999466 -0.027565
vn 0.042580 0.997960 -0.047574
vn 0.057551 0.997813 -0.032523
vn 0.022553 0.999293 0.030093
vn -0.012535 0.998787 0.047612
vn -0.015053 0.999632 0.022579
vn -0.010037 0.999899 0.010037
vn 0.000000 1.000000 0.000000
vn 0.000000 1.000000 0.000000
vn 0.000000 1.000000 0.000000
vn 0.000000 1.000000 0.000000
vn 0.000000 1.000000 0.000000
vn 0.000000 1.000000 0.000000
vn 0.000000 1.000000 0.000000
vn 0.000000 1.000000 0.000000
vn 0.000000 1.000000 0.000000
vn 0.000000 1.000000 0.000000
vn 0.000000 1.000000 0.000000
vn 0.000000 1.000000 0.000000
vn 0.000000 1.000000 0.000000
vn 0.000000 1.000000 0.000000
vn 0.000000 1.000000 0.000000
vn 0.000000 1.000000 0.000000
vn 0.000000 1.000000 0.000000
vn 0.000000 1.000000 0.000000
vn 0.000000 1.000000 0.000000
vn 0.000000 1.000000 0.000000
vn 0.000000 1.000000 0.000000
vn 0.000000 1.000000 0.000000
vn 0.000000 1.000000 0.000000
vn 0.000000 1.000000 0.000000
vn 0.000000 1.000000 0.000000
vn 0.000000 1.000000 0.000000
vn 0.000000 1.000000 0.000000
vn 0.000000 1.000000 0.000000
vn 0.000000 1.000000 0.000000
vn 0.000000 1.000000 0.000000
vn 0.000000 1.000000 0.000000
vn 0.000000 1.000000 0.000000
vn 0.000000 1.000000 0.000000
vn 0.000000 1.000000 0.000000
vn 0.000000 1.000000 0.000000
vn 0.000000 1.000000 0.000000
vn 0.000000 1.000000 0.000000
vn 0.000000 1.000000 0.000000
vn 0.000000 1.000000 0.000000
vn 0.000000 1.000000 0.000000
vn 0.000000 1.000000 0.000000
vn 0.000000 1.000000 0.000000
vn 0.000000 1.000000 0.000000
vn 0.000000 1.000000 0.000000
vn 0.000000 1.000000 0.000000
vn 0.000000 1.000000 0.000000
vn 0.000000 1.000000 0.000000
vn 0.000000 1.000000 0.000000
vn 0.000000 1.000000 0.000000
vn 0.000000 1.000000 0.000000
vn 0.000000 1.000000 0.000000
vn 0.000000 1.000000 0.000000
vn 0.000000 1.000000 0.000000
vn 0.000000 1.000000 0.000000
vn 0.000000 1.000000 0.000000
vn 0.000000 1.000000 0.000000
vn 0.000000 1.000000 0.000000
vn 0.000000 1.000000 0.000000
vn 0.002509 0.999984 -0.005019
vn 0.025067 0.999305 -0.027574
vn 0.037601 0.998840 -0.030083
vn 0.030100 0.999519 -0.007520
vn 0.002515 0.999682 0.025080
vn -0.015053 0.999632 0.022579
vn -0.015055 0.999773 0.015055
vn 0.000000 1.000000 0.000000
vn 0.000000 1.000000 0.000000
vn 0.000000 1.000000 0.000000
vn 0.000000 1.000000 0.000000
vn 0.000000 1.000000 0.000000
vn 0.000000 1.000000 0.000000
vn 0.000000 1.000000 0.000000
vn 0.000000 1.000000 0.000000
vn 0.000000 1.000000 0.000000
vn 0.000000 1.000000 0.000000
vn 0.000000 1.000000 0.000000
vn 0.000000 1.000000 0.000000
vn 0.000000 1.000000 0.000000
vn 0.000000 1.000000 0.000000
vn 0.000000 1.000000 0.000000
vn 0.000000 1.000000 0.000000
vn 0.000000 1.000000 0.000000
vn 0.000000 1.000000 0.000000
vn 0.000000 1.000000 0.000000
vn 0.000000 1.000000 0.000000
vn 0.000000 1.000000 0.000000
vn 0.000000 1.000000 0.000000
vn 0.000000 1.000000 0.000000
vn 0.000000 1.000000 0.000000
vn 0.000000 1.000000 0.000000
vn 0.000000 1.000000 0.000000
vn 0.000000 1.000000 0.000000
vn 0.000000 1.000000 0.000000
vn 0.000000 1.000000 0.000000
vn 0.000000 1.000000 0.000000
vn 0.000000 1.000000 0.000000
vn 0.000000 1.000000 0.000000
vn 0.000000 1.000000 0.000000
vn 0.000000 1.000000 0.000000
vn 0.000000 1.000000 0.000000
vn 0.000000 1.000000 0.000000
vn 0.000000 1.000000 0.000000
vn 0.000000 1.000000 0.000000
vn 0.000000 1.000000 0.000000
vn 0.000000 1.000000 0.000000
vn 0.000000 1.000000 0.000000
vn 0.000000 1.000000 0.000000
vn 0.000000 1.000000 0.000000
vn 0.000000 1.000000 0.000000
vn 0.000000 1.000000 0.000000
vn 0.000000 1.000000 0.000000
vn 0.000000 1.000000 0.000000
vn 0.000000 1.000000 0.000000
vn 0.000000 1.000000 0.000000
vn 0.000000 1.000000 0.000000
vn 0.000000 1.000000 0.000000
vn 0.000000 1.000000 0.000000
vn 0.000000 1.000000 0.000000
vn 0.000000 1.000000 0.000000
vn 0.000000 1.000000 0.000000
vn 0.000000 1.000000 0.000000
vn 0.000000 1.000000 0.000000
vn 0.000000 1.000000 0.000000
vn 0.000000 1.000000 0.000000
vn 0.005019 0.999937 -0.010038
vn 0.017557 0.999644 -0.020067
vn 0.027592 0.999465 -0.017555
vn 0.015056 0.999887 -0.000000
vn -0.005018 0.999937 0.010036
vn -0.015055 0.999773 0.015055
vn 0.000000 1.000000 0.000000
vn 0.000000 1.000000 0.000000
vn 0.000000 1.000000 0.000000
vn 0.000000 1.000000 0.000000
vn 0.000000 1.000000 0.000000
vn 0.000000 1.000000 0.000000
vn 0.000000 1.000000 0.000000
vn 0.000000 1.000000 0.000000
vn 0.000000 1.000000 0.000000
vn 0.000000 1.000000 0.000000
vn 0.000000 1.000000 0.000000
vn 0.000000 1.000000 0.000000
vn 0.000000 1.000000 0.000000
vn 0.000000 1.000000 0.000000
vn 0.000000 1.000000 0.000000
vn 0.000000 1.000000 0.000000
vn 0.000000 1.000000 0.000000
vn 0.000000 1.000000 0.000000
vn 0.000000 1.000000 0.000000
vn 0.000000 1.000000 0.000000
vn 0.000000 1.000000 0.000000
vn 0.000000 1.000000 0.000000
vn 0.000000 1.000000 0.000000
vn 0.000000 1.000000 0.000000
vn 0.000000 1.000000 0.000000
vn 0.000000 1.000000 0.000000
vn 0.000000 1.000000 0.000000
vn 0.000000 1.000000 0.000000
vn 0.000000 1.000000 0.000000
vn 0.000000 1.000000 0.000000
vn 0.000000 1.000000 0.000000
vn 0.000000 1.000000 0.000000
vn 0.000000 1.000000 0.000000
vn 0.000000 1.000000 0.000000
vn 0.000000 1.000000 0.000000
vn 0.000000 1.000000 0.000000
vn 0.000000 1.000000 0.000000
vn 0.000000 1.000000 0.000000
vn 0.000000 1.000000 0.000000
vn 0.000000 1.000000 0.000000
vn 0.000000 1.000000 0.000000
vn 0.000000 1.000000 0.000000
vn 0.000000 1.000000 0.000000
vn 0.000000 1.000000 0.000000
vn 0.000000 1.000000 0.000000
vn 0.000000 1.000000 0.000000
vn 0.000000 1.000000 0.000000
vn 0.000000 1.000000 0.000000
vn 0.000000 1.000000 0.000000
vn 0.000000 1.000000 0.000000
vn 0.000000 1.000000 0.000000
vn 0.000000 1.000000 0.000000
vn 0.000000 1.000000 0.000000
vn 0.000000 1.000000 0.000000
vn 0.000000 1.000000 0.000000
vn 0.000000 1.000000 0.000000
vn 0.000000 1.000000 0.000000
vn 0.000000 1.000000 0.000000
vn 0.000000 1.000000 0.000000
vn 0.000000 0.999972 -0.007529
vn 0.002510 0.999984 -0.005019
vn 0.017562 0.999767 -0.012543
vn 0.017564 0.999767 -0.012546
vn 0.010038 0.999937 -0.005019
vn 0.000001 0.999987 0.005019
vn 0.000000 1.000000 0.000000
vn 0.000000 1.000000 0.000000
vn 0.000000 1.000000 0.000000
vn 0.000000 1.000000 0.000000
vn 0.000000 1.000000 0.000000
vn 0.000000 1.000000 0.000000
vn 0.000000 1.000000 0.000000
vn 0.000000 1.000000 0.000000
vn 0.000000 1.000000 0.000000
vn 0.000000 1.000000 0.000000
vn 0.000000 1.000000 0.000000
vn 0.000000 1.000000 0.000000
vn 0.000000 1.000000 0.000000
vn 0.000000 1.000000 0.000000
vn 0.000000 1.000000 0.000000
vn 0.000000 1.000000 0.000000
vn 0.000000 1.000000 0.000000
vn 0.000000 1.000000 0.000000
vn 0.000000 1.000000 0.000000
vn 0.000000 1.000000 0.000000
vn 0.000000 1.000000 0.000000
vn 0.000000 1.000000 0.000000
vn 0.000000 1.000000 0.000000
vn 0.000000 1.000000 0.000000
vn 0.000000 1.000000 0.000000
vn 0.000000 1.000000 0.000000
vn 0.000000 1.000000 0.000000
vn 0.000000 1.000000 0.000000
vn 0.000000 1.000000 0.000000
vn 0.000000 1.000000 0.000000
vn 0.000000 1.000000 0.000000
vn 0.000000 1.000000 0.000000
vn 0.000000 1.000000 0.000000
vn 0.000000 1.000000 0.000000
vn 0.000000 1.000000 0.000000
vn 0.000000 1.000000 0.000000
vn 0.000000 1.000000 0.000000
vn 0.000000 1.000000 0.000000
vn 0.000000 1.000000 0.000000
vn 0.000000 1.000000 0.000000
vn 0.000000 1.000000 0.000000
vn 0.000000 1.000000 0.000000
vn 0.000000 1.000000 0.000000
vn 0.000000 1.000000 0.000000
vn 0.000000 1.000000 0.000000
vn 0.000000 1.000000 0.000000
vn 0.000000 1.000000 0.000000
vn 0.000000 1.000000 0.000000
vn 0.000000 1.000000 0.000000
vn 0.000000 1.000000 0.000000
vn 0.000000 1.000000 0.000000
vn 0.000000 1.000000 0.000000
vn 0.000000 1.000000 0.000000
vn 0.000000 1.000000 0.000000
vn 0.000000 1.000000 0.000000
vn 0.000000 1.000000 0.000000
vn 0.000000 1.000000 0.000000
vn 0.000000 1.000000 0.000000
vn 0.000000 1.000000 0.000000
vn 0.000000 0.999987 -0.005019
vn -0.000000 0.999987 -0.005020
vn 0.010038 0.999950 0.000001
vn 0.015055 0.999773 -0.015055
vn 0.015056 0.999836 -0.010037
vn 0.015057 0.999887 0.000000
# 4225 vertex normals

g Material_1
f 1/1/1 2/2/2 3/3/3
f 4/4/4 3/3/3 2/2/2
f 3/3/3 4/4/4 5/5/5
f 6/6/6 5/5/5 4/4/4
f 5/5/5 6/6/6 7/7/7
f 8/8/8 7/7/7 6/6/6
f 7/7/7 8/8/8 9/9/9
f 10/10/10 9/9/9 8/8/8
f 9/9/9 10/10/10 11/11/11
f 12/12/12 11/11/11 10/10/10
f 11/11/11 12/12/12 13/13/13
f 14/14/14 13/13/13 12/12/12
f 13/13/13 14/14/14 15/15/15
f 16/16/16 15/15/15 14/14/14
f 15/15/15 16/16/16 17/17/17
f 18/18/18 17/17/17 16/16/16
f 17/17/17 18/18/18 19/19/19
f 20/20/20 19/19/19 18/18/18
f 19/19/19 20/20/20 21/21/21
f 22/22/22 21/21/21 20/20/20
f 21/21/21 22/22/22 23/23/23
f 24/24/24 23/23/23 22/22/22
f 23/23/23 24/24/24 25/25/25
f 26/26/26 25/25/25 24/24/24
f 25/25/25 26/26/26 27/27/27
f 28/28/28 27/27/27 26/26/26
f 27/27/27 28/28/28 29/29/29
f 30/30/30 29/29/29 28/28/28
f 29/29/29 30/30/30 31/31/31
f 32/32/32 31/31/31 30/30/30
f 31/31/31 32/32/32 33/33/33
f 34/34/34 33/33/33 32/32/32
f 33/33/33 34/34/34 35/35/35
f 36/36/36 35/35/35 34/34/34
f 35/35/35 36/36/36 37/37/37
f 38/38/38 37/37/37 36/36/36
f 37/37/37 38/38/38 39/39/39
f 40/40/40 39/39/39 38/38/38
f 39/39/39 40/40/40 41/41/41
f 42/42/42 41/41/41 40/40/40
f 41/41/41 42/42/42 43/43/43
f 44/44/44 43/43/43 42/42/42
f 43/43/43 44/44/44 45/45/45
f 46/46/46 45/45/45 44/44/44
f 45/45/45 46/46/46 47/47/47
f 48/48/48 47/47/47 46/46/46
f 47/47/47 48/48/48 49/49/49
f 50/50/50 49/49/49 48/48/48
f 49/49/49 50/50/50 51/51/51
f 52/52/52 51/51/51 50/50/50
f 51/51/51 52/52/52 53/53/53
f 54/54/54 53/53/53 52/52/52
f 53/53/53 54/54/54 55/55/55
f 56/56/56 55/55/55 54/54/54
f 55/55/55 56/56/56 57/57/57
f 58/58/58 57/57/57 56/56/56
f 57/57/57 58/58/58 59/59/59
f 60/60/60 59/59/59 58/58/58
f 59/59/59 60/60/60 61/61/61
f 62/62/62 61/61/61 60/60/60
f 61/61/61 62/62/62 63/63/63
f 64/64/64 63/63/63 62/62/62
f 63/63/63 64/64/64 65/65/65
f 66/66/66 65/65/65 64/64/64
f 65/65/65 66/66/66 67/67/67
f 68/68/68 67/67/67 66/66/66
f 67/67/67 68/68/68 69/69/69
f 70/70/70 69/69/69 68/68/68
f 69/69/69 70/70/70 71/71/71
f 72/72/72 71/71/71 70/70/70
f 71/71/71 72/72/72 73/73/73
f 74/74/74 73/73/73 72/72/72
f 73/73/73 74/74/74 75/75/75
f 76/76/76 75/75/75 74/74/74
f 75/75/75 76/76/76 77/77/77
f 78/78/78 77/77/77 76/76/76
f 77/77/77 78/78/78 79/79/79
f 80/80/80 79/79/79 78/78/78
f 79/79/79 80/80/80 81/81/81
f 82/82/82 81/81/81 80/80/80
f 81/81/81 82/82/82 83/83/83
f 84/84/84 83/83/83 82/82/82
f 83/83/83 84/84/84 85/85/85
f 86/86/86 85/85/85 84/84/84
f 85/85/85 86/86/86 87/87/87
f 88/88/88 87/87/87 86/86/86
f 87/87/87 88/88/88 89/89/89
f 90/90/90 89/89/89 88/88/88
f 89/89/89 90/90/90 91/91/91
f 92/92/92 91/91/91 90/90/90
f 91/91/91 92/92/92 93/93/93
f 94/94/94 93/93/93 92/92/92
f 93/93/93 94/94/94 95/95/95
f 96/96/96 95/95/95 94/94/94
f 95/95/95 96/96/96 97/97/97
f 98/98/98 97/97/97 96/96/96
f 97/97/97 98/98/98 99/99/99
f 100/100/100 99/99/99 98/98/98
f 99/99/99 100/100/100 101/101/101
f 102/102/102 101/101/101 100/100/100
f 101/101/101 102/102/102 103/103/103
f 104/104/104 103/103/103 102/102/102
f 103/103/103 104/104/104 105/105/105
f 106/106/106 105/105/105 104/104/104
f 105/105/105 106/106/106 107/107/107
f 108/108/108 107/107/107 106/106/106
f 107/107/107 108/108/108 109/109/109
f 110/110/110 109/109/109 108/108/108
f 109/109/109 110/110/110 111/111/111
f 112/112/112 111/111/111 110/110/110
f 111/111/111 112/112/112 113/113/113
f 114/114/114 113/113/113 112/112/112
f 113/113/113 114/114/114 115/115/115
f 116/116/116 115/115/115 114/114/114
f 115/115/115 116/116/116 117/117/117
f 118/118/118 117/117/117 116/116/116
f 117/117/117 118/118/118 119/119/119
f 120/120/120 119/119/119 118/118/118
f 119/119/119 120/120/120 121/121/121
f 122/122/122 121/121/121 120/120/120
f 121/121/121 122/122/122 123/123/123
f 124/124/124 123/123/123 122/122/122
f 123/123/123 124/124/124 125/125/125
f 126/126/126 125/125/125 124/124/124
f 125/125/125 126/126/126 127/127/127
f 128/128/128 127/127/127 126/126/126
f 127/127/127 128/128/128 129/129/129
f 130/130/130 129/129/129 128/128/128
f 131/131/131 1/1/1 132/132/132
f 3/3/3 132/132/132 1/1/1
f 132/132/132 3/3/3 133/133/133
f 5/5/5 133/133/133 3/3/3
f 133/133/133 5/5/5 134/134/134
f 7/7/7 134/134/134 5/5/5
f 134/134/134 7/7/7 135/135/135
f 9/9/9 135/135/135 7/7/7
f 135/135/135 9/9/9 136/136/136
f 11/11/11 136/136/136 9/9/9
f 136/136/136 11/11/11 137/137/137
f 13/13/13 137/137/137 11/11/11
f 137/137/137 13/13/13 138/138/138
f 15/15/15 138/138/138 13/13/13
f 138/138/138 15/15/15 139/139/139
f 17/17/17 139/139/139 15/15/15
f 139/139/139 17/17/17 140/140/140
f 19/19/19 140/140/140 17/17/17
f 140/140/140 19/19/19 141/141/141
f 21/21/21 141/141/141 19/19/19
f 141/141/141 21/21/21 142/142/142
f 23/23/23 142/142/142 21/21/21
f 142/142/142 23/23/23 143/143/143
f 25/25/25 143/143/143 23/23/23
f 143/143/143 25/25/25 144/144/144
f 27/27/27 144/144/144 25/25/25
f 144/144/144 27/27/27 145/145/145
f 29/29/29 145/145/145 27/27/27
f 145/145/145 29/29/29 146/146/146
f 31/31/31 146/146/146 29/29/29
f 146/146/146 31/31/31 147/147/147
f 33/33/33 147/147/147 31/31/31
f 147/147/147 33/33/33 148/148/148
f 35/35/35 148/148/148 33/33/33
f 148/148/148 35/35/35 149/149/149
f 37/37/37 149/149/149 35/35/35
f 149/149/149 37/37/37 150/150/150
f 39/39/39 150/150/150 37/37/37
f 150/150/150 39/39/39 151/151/151
f 41/41/41 151/151/151 39/39/39
f 151/151/151 41/41/41 152/152/152
f 43/43/43 152/152/152 41/41/41
f 152/152/152 43/43/43 153/153/153
f 45/45/45 153/153/153 43/43/43
f 153/153/153 45/45/45 154/154/154
f 47/47/47 154/154/154 45/45/45
f 154/154/154 47/47/47 155/155/155
f 49/49/49 155/155/155 47/47/47
f 155/155/155 49/49/49 156/156/156
f 51/51/51 156/156/156 49/49/49
f 156/156/156 51/51/51 157/157/157
f 53/53/53 157/157/157 51/51/51
f 157/157/157 53/53/53 158/158/158
f 55/55/55 158/158/158 53/53/53
f 158/158/158 55/55/55 159/159/159
f 57/57/57 159/159/159 55/55/55
f 159/159/159 57/57/57 160/160/160
f 59/59/59 160/160/160 57/57/57
f 160/160/160 59/59/59 161/161/161
f 61/61/61 161/161/161 59/59/59
f 161/161/161 61/61/61 162/162/162
f 63/63/63 162/162/162 61/61/61
f 162/162/162 63/63/63 163/163/163
f 65/65/65 163/163/163 63/63/63
f 163/163/163 65/65/65 164/164/164
f 67/67/67 164/164/164 65/65/65
f 164/164/164 67/67/67 165/165/165
f 69/69/69 165/165/165 67/67/67
f 165/165/165 69/69/69 166/166/166
f 71/71/71 166/166/166 69/69/69
f 166/166/166 71/71/71 167/167/167
f 73/73/73 167/167/167 71/71/71
f 167/167/167 73/73/73 168/168/168
f 75/75/75 168/168/168 73/73/73
f 168/168/168 75/75/75 169/169/169
f 77/77/77 169/169/169 75/75/75
f 169/169/169 77/77/77 170/170/170
f 79/79/79 170/170/170 77/77/77
f 170/170/170 79/79/79 171/171/171
f 81/81/81 171/171/171 79/79/79
f 171/171/171 81/81/81 172/172/172
f 83/83/83 172/172/172 81/81/81
f 172/172/172 83/83/83 173/173/173
f 85/85/85 173/173/173 83/83/83
f 173/173/173 85/85/85 174/174/174
f 87/87/87 174/174/174 85/85/85
f 174/174/174 87/87/87 175/175/175
f 89/89/89 175/175/175 87/87/87
f 175/175/175 89/89/89 176/176/176
f 91/91/91 176/176/176 89/89/89
f 176/176/176 91/91/91 177/177/177
f 93/93/93 177/177/177 91/91/91
f 177/177/177 93/93/93 178/178/178
f 95/95/95 178/178/178 93/93/93
f 178/178/178 95/95/95 179/179/179
f 97/97/97 179/179/179 95/95/95
f 179/179/179 97/97/97 180/180/180
f 99/99/99 180/180/180 97/97/97
f 180/180/180 99/99/99 181/181/181
f 101/101/101 181/181/181 99/99/99
f 181/181/181 101/101/101 182/182/182
f 103/103/103 182/182/182 101/101/101
f 182/182/182 103/103/103 183/183/183
f 105/105/105 183/183/183 103/103/103
f 183/183/183 105/105/105 184/184/184
f 107/107/107 184/184/184 105/105/105
f 184/184/184 107/107/107 185/185/185
f 109/109/109 185/185/185 107/107/107
f 185/185/185 109/109/109 186/186/186
f 111/111/111 186/186/186 109/109/109
f 186/186/186 111/111/111 187/187/187
f 113/113/113 187/187/187 111/111/111
f 187/187/187 113/113/113 188/188/188
f 115/115/115 188/188/188 113/113/113
f 188/188/188 115/115/115 189/189/189
f 117/117/117 189/189/189 115/115/115
f 189/189/189 117/117/117 190/190/190
f 119/119/119 190/190/190 117/117/117
f 190/190/190 119/119/119 191/191/191
f 121/121/121 191/191/191 119/119/119
f 191/191/191 121/121/121 192/192/192
f 123/123/123 192/192/192 121/121/121
f 192/192/192 123/123/123 193/193/193
f 125/125/125 193/193/193 123/123/123
f 193/193/193 125/125/125 194/194/194
f 127/127/127 194/194/194 125/125/125
f 194/194/194 127/127/127 195/195/195
f 129/129/129 195/195/195 127/127/127
f 196/196/196 131/131/131 197/197/197
f 132/132/132 197/197/197 131/131/131
f 197/197/197 132/132/132 198/198/198
f 133/133/133 198/198/198 132/132/132
f 198/198/198 133/133/133 199/199/199
f 134/134/134 199/199/199 133/133/133
f 199/199/199 134/134/134 200/200/200
f 135/135/135 200/200/200 134/134/134
f 200/200/200 135/135/135 201/201/201
f 136/136/136 201/201/201 135/135/135
f 201/201/201 136/136/136 202/202/202
f 137/137/137 202/202/202 136/136/136
f 202/202/202 137/137/137 203/203/203
f 138/138/138 203/203/203 137/137/137
f 203/203/203 138/138/138 204/204/204
f 139/139/139 204/204/204 138/138/138
f 204/204/204 139/139/139 205/205/205
f 140/140/140 205/205/205 139/139/139
f 205/205/205 140/140/140 206/206/206
f 141/141/141 206/206/206 140/140/140
f 206/206/206 141/141/141 207/207/207
f 142/142/142 207/207/207 141/141/141
f 207/207/207 142/142/142 208/208/208
f 143/143/143 208/208/208 142/142/142
f 208/208/208 143/143/143 209/209/209
f 144/144/144 209/209/209 143/143/143
f 209/209/209 144/144/144 210/210/210
f 145/145/145 210/210/210 144/144/144
f 210/210/210 145/145/145 211/211/211
f 146/146/146 211/211/211 145/145/145
f 211/211/211 146/146/146 212/212/212
f 147/147/147 212/212/212 146/146/146
f 212/212/212 147/147/147 213/213/213
f 148/148/148 213/213/213 147/147/147
f 213/213/213 148/148/148 214/214/214
f 149/149/149 214/214/214 148/148/148
f 214/214/214 149/149/149 215/215/215
f 150/150/150 215/215/215 149/149/149
f 215/215/215 150/150/150 216/216/216
f 151/151/151 216/216/216 150/150/150
f 216/216/216 151/151/151 217/217/217
f 152/152/152 217/217/217 151/151/151
f 217/217/217 152/152/152 218/218/218
f 153/153/153 218/218/218 152/152/152
f 218/218/218 153/153/153 219/219/219
f 154/154/154 219/219/219 153/153/153
f 219/219/219 154/154/154 220/220/220
f 155/155/155 220/220/220 154/154/154
f 220/220/220 155/155/155 221/221/221
f 156/156/156 221/221/221 155/155/155
f 221/221/221 156/156/156 222/222/222
f 157/157/157 222/222/222 156/156/156
f 222/222/222 157/157/157 223/223/223
f 158/158/158 223/223/223 157/157/157
f 223/223/223 158/158/158 224/224/224
f 159/159/159 224/224/224 158/158/158
f 224/224/224 159/159/159 225/225/225
f 160/160/160 225/225/225 159/159/159
f 225/225/225 160/160/160 226/226/226
f 161/161/161 226/226/226 160/160/160
f 226/226/226 161/161/161 227/227/227
f 162/162/162 227/227/227 161/161/161
f 227/227/227 162/162/162 228/228/228
f 163/163/163 228/228/228 162/162/162
f 228/228/228 163/163/163 229/229/229
f 164/164/164 229/229/229 163/163/163
f 229/229/229 164/164/164 230/230/230
f 165/165/165 230/230/230 164/164/164
f 230/230/230 165/165/165 231/231/231
f 166/166/166 231/231/231 165/165/165
f 231/231/231 166/166/166 232/232/232
f 167/167/167 232/232/232 166/166/166
f 232/232/232 167/167/167 233/233/233
f 168/168/168 233/233/233 167/167/167
f 233/233/233 168/168/168 234/234/234
f 169/169/169 234/234/234 168/168/168
f 234/234/234 169/169/169 235/235/235
f 170/170/170 235/235/235 169/169/169
f 235/235/235 170/170/170 236/236/236
f 171/171/171 236/236/236 170/170/170
f 236/236/236 171/171/171 237/237/237
f 172/172/172 237/237/237 171/171/171
f 237/237/237 172/172/172 238/238/238
f 173/173/173 238/238/238 172/172/172
f 238/238/238 173/173/173 239/239/239
f 174/174/174 239/239/239 173/173/173
f 239/239/239 174/174/174 240/240/240
f 175/175/175 240/240/240 174/174/174
f 240/240/240 175/175/175 241/241/241
f 176/176/176 241/241/241 175/175/175
f 241/241/241 176/176/176 242/242/242
f 177/177/177 242/242/242 176/176/176
f 242/242/242 177/177/177 243/243/243
f 178/178/178 243/243/243 177/177/177
f 243/243/243 178/178/178 244/244/244
f 179/179/179 244/244/244 178/178/178
f 244/244/244 179/179/179 245/245/245
f 180/180/180 245/245/245 179/179/179
f 245/245/245 180/180/180 246/246/246
f 181/181/181 246/246/246 180/180/180
f 246/246/246 181/181/181 247/247/247
f 182/182/182 247/247/247 181/181/181
f 247/247/247 182/182/182 248/248/248
f 183/183/183 248/248/248 182/182/182
f 248/248/248 183/183/183 249/249/249
f 184/184/184 249/249/249 183/183/183
f 249/249/249 184/184/184 250/250/250
f 185/185/185 250/250/250 184/184/184
f 250/250/250 185/185/185 251/251/251
f 186/186/186 251/251/251 185/185/185
f 251/251/251 186/186/186 252/252/252
f 187/187/187 252/252/252 186/186/186
f 252/252/252 187/187/187 253/253/253
f 188/188/188 253/253/253 187/187/187
f 253/253/253 188/188/188 254/254/254
f 189/189/189 254/254/254 188/188/188
f 254/254/254 189/189/189 255/255/255
f 190/190/190 255/255/255 189/189/189
f 255/255/255 190/190/190 256/256/256
f 191/191/191 256/256/256 190/190/190
f 256/256/256 191/191/191 257/257/257
f 192/192/192 257/257/257 191/191/191
f 257/257/257 192/192/192 258/258/258
f 193/193/193 258/258/258 192/192/192
f 258/258/258 193/193/193 259/259/259
f 194/194/194 259/259/259 193/193/193
f 259/259/259 194/194/194 260/260/260
f 195/195/195 260/260/260 194/194/194
f 261/261/261 196/196/196 262/262/262
f 197/197/197 262/262/262 196/196/196
f 262/262/262 197/197/197 263/263/263
f 198/198/198 263/263/263 197/197/197
f 263/263/263 198/198/198 264/264/264
f 199/199/199 264/264/264 198/198/198
f 264/264/264 199/199/199 265/265/265
f 200/200/200 265/265/265 199/199/199
f 265/265/265 200/200/200 266/266/266
f 201/201/201 266/266/266 200/200/200
f 266/266/266 201/201/201 267/267/267
f 202/202/202 267/267/267 201/201/201
f 267/267/267 202/202/202 268/268/268
f 203/203/203 268/268/268 202/202/202
f 268/268/268 203/203/203 269/269/269
f 204/204/204 269/269/269 203/203/203
f 269/269/269 204/204/204 270/270/270
f 205/205/205 270/270/270 204/204/204
f 270/270/270 205/205/205 271/271/271
f 206/206/206 271/271/271 205/205/205
f 271/271/271 206/206/206 272/272/272
f 207/207/207 272/272/272 206/206/206
f 272/272/272 207/207/207 273/273/273
f 208/208/208 273/273/273 207/207/207
f 273/273/273 208/208/208 274/274/274
f 209/209/209 274/274/274 208/208/208
f 274/274/274 209/209/209 275/275/275
f 210/210/210 275/275/275 209/209/209
f 275/275/275 210/210/210 276/276/276
f 211/211/211 276/276/276 210/210/210
f 276/276/276 211/211/211 277/277/277
f 212/212/212 277/277/277 211/211/211
f 277/277/277 212/212/212 278/278/278
f 213/213/213 278/278/278 212/212/212
f 278/278/278 213/213/213 279/279/279
f 214/214/214 279/279/279 213/213/213
f 279/279/279 214/214/214 280/280/280
f 215/215/215 280/280/280 214/214/214
f 280/280/280 215/215/215 281/281/281
f 216/216/216 281/281/281 215/215/215
f 281/281/281 216/216/216 282/282/282
f 217/217/217 282/282/282 216/216/216
f 282/282/282 217/217/217 283/283/283
f 218/218/218 283/283/283 217/217/217
f 283/283/283 218/218/218 284/284/284
f 219/219/219 284/284/284 218/218/218
f 284/284/284 219/219/219 285/285/285
f 220/220/220 285/285/285 219/219/219
f 285/285/285 220/220/220 286/286/286
f 221/221/221 286/286/286 220/220/220
f 286/286/286 221/221/221 287/287/287
f 222/222/222 287/287/287 221/221/221
f 287/287/287 222/222/222 288/288/288
f 223/223/223 288/288/288 222/222/222
f 288/288/288 223/223/223 289/289/289
f 224/224/224 289/289/289 223/223/223
f 289/289/289 224/224/224 290/290/290
f 225/225/225 290/290/290 224/224/224
f 290/290/290 225/225/225 291/291/291
f 226/226/226 291/291/291 225/225/225
f 291/291/291 226/226/226 292/292/292
f 227/227/227 292/292/292 226/226/226
f 292/292/292 227/227/227 293/293/293
f 228/228/228 293/293/293 227/227/227
f 293/293/293 228/228/228 294/294/294
f 229/229/229 294/294/294 228/228/228
f 294/294/294 229/229/229 295/295/295
f 230/230/230 295/295/295 229/229/229
f 295/295/295 230/230/230 296/296/296
f 231/231/231 296/296/296 230/230/230
f 296/296/296 231/231/231 297/297/297
f 232/232/232 297/297/297 231/231/231
f 297/297/297 232/232/232 298/298/298
f 233/233/233 298/298/298 232/232/232
f 298/298/298 233/233/233 299/299/299
f 234/234/234 299/299/299 233/233/233
f 299/299/299 234/234/234 300/300/300
f 235/235/235 300/300/300 234/234/234
f 300/300/300 235/235/235 301/301/301
f 236/236/236 301/301/301 235/235/235
f 301/301/301 236/236/236 302/302/302
f 237/237/237 302/302/302 236/236/236
f 302/302/302 237/237/237 303/303/303
f 238/238/238 303/303/303 237/237/237
f 303/303/303 238/238/238 304/304/304
f 239/239/239 304/304/304 238/238/238
f 304/304/304 239/239/239 305/305/305
f 240/240/240 305/305/305 239/239/239
f 305/305/305 240/240/240 306/306/306
f 241/241/241 306/306/306 240/240/240
f 306/306/306 241/241/241 307/307/307
f 242/242/242 307/307/307 241/241/241
f 307/307/307 242/242/242 308/308/308
f 243/243/243 308/308/308 242/242/242
f 308/308/308 243/243/243 309/309/309
f 244/244/244 309/309/309 243/243/243
f 309/309/309 244/244/244 310/310/310
f 245/245/245 310/310/310 244/244/244
f 310/310/310 245/245/245 311/311/311
f 246/246/246 311/311/311 245/245/245
f 311/311/311 246/246/246 312/312/312
f 247/247/247 312/312/312 246/246/246
f 312/312/312 247/247/247 313/313/313
f 248/248/248 313/313/313 247/247/247
f 313/313/313 248/248/248 314/314/314
f 249/249/249 314/314/314 248/248/248
f 314/314/314 249/249/249 315/315/315
f 250/250/250 315/315/315 249/249/249
f 315/315/315 250/250/250 316/316/316
f 251/251/251 316/316/316 250/250/250
f 316/316/316 251/251/251 317/317/317
f 252/252/252 317/317/317 251/251/251
f 317/317/317 252/252/252 318/318/318
f 253/253/253 318/318/318 252/252/252
f 318/318/318 253/253/253 319/319/319
f 254/254/254 319/319/319 253/253/253
f 319/319/319 254/254/254 320/320/320
f 255/255/255 320/320/320 254/254/254
f 320/320/320 255/255/255 321/321/321
f 256/256/256 321/321/321 255/255/255
f 321/321/321 256/256/256 322/322/322
f 257/257/257 322/322/322 256/256/256
f 322/322/322 257/257/257 323/323/323
f 258/258/258 323/323/323 257/257/257
f 323/323/323 258/258/258 324/324/324
f 259/259/259 324/324/324 258/258/258
f 324/324/324 259/259/259 325/325/325
f 260/260/260 325/325/325 259/259/259
f 326/326/326 261/261/261 327/327/327
f 262/262/262 327/327/327 261/261/261
f 327/327/327 262/262/262 328/328/328
f 263/263/263 328/328/328 262/262/262
f 328/328/328 263/263/263 329/329/329
f 264/264/264 329/329/329 263/263/263
f 329/329/329 264/264/264 330/330/330
f 265/265/265 330/330/330 264/264/264
f 330/330/330 265/265/265 331/331/331
f 266/266/266 331/331/331 265/265/265
f 331/331/331 266/266/266 332/332/332
f 267/267/267 332/332/332 266/266/266
f 332/332/332 267/267/267 333/333/333
f 268/268/268 333/333/333 267/267/267
f 333/333/333 268/268/268 334/334/334
f 269/269/269 334/334/334 268/268/268
f 334/334/334 269/269/269 335/335/335
f 270/270/270 335/335/335 269/269/269
f 335/335/335 270/270/270 336/336/336
f 271/271/271 336/336/336 270/270/270
f 336/336/336 271/271/271 337/337/337
f 272/272/272 337/337/337 271/271/271
f 337/337/337 272/272/272 338/338/338
f 273/273/273 338/338/338 272/272/272
f 338/338/338 273/273/273 339/339/339
f 274/274/274 339/339/339 273/273/273
f 339/339/339 274/274/274 340/340/340
f 275/275/275 340/340/340 274/274/274
f 340/340/340 275/275/275 341/341/341
f 276/276/276 341/341/341 275/275/275
f 341/341/341 276/276/276 342/342/342
f 277/277/277 342/342/342 276/276/276
f 342/342/342 277/277/277 343/343/343
f 278/278/278 343/343/343 277/277/277
f 343/343/343 278/278/278 344/344/344
f 279/279/279 344/344/344 278/278/278
f 344/344/344 279/279/279 345/345/345
f 280/280/280 345/345/345 279/279/279
f 345/345/345 280/280/280 346/346/346
f 281/281/281 346/346/346 280/280/280
f 346/346/346 281/281/281 347/347/347
f 282/282/282 347/347/347 281/281/281
f 347/347/347 282/282/282 348/348/348
f 283/283/283 348/348/348 282/282/282
f 348/348/348 283/283/283 349/349/349
f 284/284/284 349/349/349 283/283/283
f 349/349/349 284/284/284 350/350/350
f 285/285/285 350/350/350 284/284/284
f 350/350/350 285/285/285 351/351/351
f 286/286/286 351/351/351 285/285/285
f 351/351/351 286/286/286 352/352/352
f 287/287/287 352/352/352 286/286/286
f 352/352/352 287/287/287 353/353/353
f 288/288/288 353/353/353 287/287/287
f 353/353/353 288/288/288 354/354/354
f 289/289/289 354/354/354 288/288/288
f 354/354/354 289/289/289 355/355/355
f 290/290/290 355/355/355 289/289/289
f 355/355/355 290/290/290 356/356/356
f 291/291/291 356/356/356 290/290/290
f 356/356/356 291/291/291 357/357/357
f 292/292/292 357/357/357 291/291/291
f 357/357/357 292/292/292 358/358/358
f 293/293/293 358/358/358 292/292/292
f 358/358/358 293/293/293 359/359/359
f 294/294/294 359/359/359 293/293/293
f 359/359/359 294/294/294 360/360/360
f 295/295/295 360/360/360 294/294/294
f 360/360/360 295/295/295 361/361/361
f 296/296/296 361/361/361 295/295/295
f 361/361/361 296/296/296 362/362/362
f 297/297/297 362/362/362 296/296/296
f 362/362/362 297/297/297 363/363/363
f 298/298/298 363/363/363 297/297/297
f 363/363/363 298/298/298 364/364/364
f 299/299/299 364/364/364 298/298/298
f 364/364/364 299/299/299 365/365/365
f 300/300/300 365/365/365 299/299/299
f 365/365/365 300/300/300 366/366/366
f 301/301/301 366/366/366 300/300/300
f 366/366/366 301/301/301 367/367/367
f 302/302/302 367/367/367 301/301/301
f 367/367/367 302/302/302 368/368/368
f 303/303/303 368/368/368 302/302/302
f 368/368/368 303/303/303 369/369/369
f 304/304/304 369/369/369 303/303/303
f 369/369/369 304/304/304 370/370/370
f 305/305/305 370/370/370 304/304/304
f 370/370/370 305/305/305 371/371/371
f 306/306/306 371/371/371 305/305/305
f 371/371/371 306/306/306 372/372/372
f 307/307/307 372/372/372 306/306/306
f 372/372/372 307/307/307 373/373/373
f 308/308/308 373/373/373 307/307/307
f 373/373/373 308/308/308 374/374/374
f 309/309/309 374/374/374 308/308/308
f 374/374/374 309/309/309 375/375/375
f 310/310/310 375/375/375 309/309/309
f 375/375/375 310/310/310 376/376/376
f 311/311/311 376/376/376 310/310/310
f 376/376/376 311/311/311 377/377/377
f 312/312/312 377/377/377 311/311/311
f 377/377/377 312/312/312 378/378/378
f 313/313/313 378/378/378 312/312/312
f 378/378/378 313/313/313 379/379/379
f 314/314/314 379/379/379 313/313/313
f 379/379/379 314/314/314 380/380/380
f 315/315/315 380/380/380 314/314/314
f 380/380/380 315/315/315 381/381/381
f 316/316/316 381/381/381 315/315/315
f 381/381/381 316/316/316 382/382/382
f 317/317/317 382/382/382 316/316/316
f 382/382/382 317/317/317 383/383/383
f 318/318/318 383/383/383 317/317/317
f 383/383/383 318/318/318 384/384/384
f 319/319/319 384/384/384 318/318/318
f 384/384/384 319/319/319 385/385/385
f 320/320/320 385/385/385 319/319/319
f 385/385/385 320/320/320 386/386/386
f 321/321/321 386/386/386 320/320/320
f 386/386/386 321/321/321 387/387/387
f 322/322/322 387/387/387 321/321/321
f 387/387/387 322/322/322 388/388/388
f 323/323/323 388/388/388 322/322/322
f 388/388/388 323/323/323 389/389/389
f 324/324/324 389/389/389 323/323/323
f 389/389/389 324/324/324 390/390/390
f 325/325/325 390/390/390 324/324/324
f 391/391/391 326/326/326 392/392/392
f 327/327/327 392/392/392 326/326/326
f 392/392/392 327/327/327 393/393/393
f 328/328/328 393/393/393 327/327/327
f 393/393/393 328/328/328 394/394/394
f 329/329/329 394/394/394 328/328/328
f 394/394/394 329/329/329 395/395/395
f 330/330/330 395/395/395 329/329/329
f 395/395/395 330/330/330 396/396/396
f 331/331/331 396/396/396 330/330/330
f 396/396/396 331/331/331 397/397/397
f 332/332/332 397/397/397 331/331/331
f 397/397/397 332/332/332 398/398/398
f 333/333/333 398/398/398 332/332/332
f 398/398/398 333/333/333 399/399/399
f 334/334/334 399/399/399 333/333/333
f 399/399/399 334/334/334 400/400/400
f 335/335/335 400/400/400 334/334/334
f 400/400/400 335/335/335 401/401/401
f 336/336/336 401/401/401 335/335/335
f 401/401/401 336/336/336 402/402/402
f 337/337/337 402/402/402 336/336/336
f 402/402/402 337/337/337 403/403/403
f 338/338/338 403/403/403 337/337/337
f 403/403/403 338/338/338 404/404/404
f 339/339/339 404/404/404 338/338/338
f 404/404/404 339/339/339 405/405/405
f 340/340/340 405/405/405 339/339/339
f 405/405/405 340/340/340 406/406/406
f 341/341/341 406/406/406 340/340/340
f 406/406/406 341/341/341 407/407/407
f 342/342/342 407/407/407 341/341/341
f 407/407/407 342/342/342 408/408/408
f 343/343/343 408/408/408 342/342/342
f 408/408/408 343/343/343 409/409/409
f 344/344/344 409/409/409 343/343/343
f 409/409/409 344/344/344 410/410/410
f 345/345/345 410/410/410 344/344/344
f 410/410/410 345/345/345 411/411/411
f 346/346/346 411/411/411 345/345/345
f 411/411/411 346/346/346 412/412/412
f 347/347/347 412/412/412 346/346/346
f 412/412/412 347/347/347 413/413/413
f 348/348/348 413/413/413 347/347/347
f 413/413/413 348/348/348 414/414/414
f 349/349/349 414/414/414 348/348/348
f 414/414/414 349/349/349 415/415/415
f 350/350/350 415/415/415 349/349/349
f 415/415/415 350/350/350 416/416/416
f 351/351/351 416/416/416 350/350/350
f 416/416/416 351/351/351 417/417/417
f 352/352/352 417/417/417 351/351/351
f 417/417/417 352/352/352 418/418/418
f 353/353/353 418/418/418 352/352/352
f 418/418/418 353/353/353 419/419/419
f 354/354/354 419/419/419 353/353/353
f 419/419/419 354/354/354 420/420/420
f 355/355/355 420/420/420 354/354/354
f 420/420/420 355/355/355 421/421/421
f 356/356/356 421/421/421 355/355/355
f 421/421/421 356/356/356 422/422/422
f 357/357/357 422/422/422 356/356/356
f 422/422/422 357/357/357 423/423/423
f 358/358/358 423/423/423 357/357/357
f 423/423/423 358/358/358 424/424/424
f 359/359/359 424/424/424 358/358/358
f 424/424/424 359/359/359 425/425/425
f 360/360/360 425/425/425 359/359/359
f 425/425/425 360/360/360 426/426/426
f 361/361/361 426/426/426 360/360/360
f 426/426/426 361/361/361 427/427/427
f 362/362/362 427/427/427 361/361/361
f 427/427/427 362/362/362 428/428/428
f 363/363/363 428/428/428 362/362/362
f 428/428/428 363/363/363 429/429/429
f 364/364/364 429/429/429 363/363/363
f 429/429/429 364/364/364 430/430/430
f 365/365/365 430/430/430 364/364/364
f 430/430/430 365/365/365 431/431/431
f 366/366/366 431/431/431 365/365/365
f 431/431/431 366/366/366 432/432/432
f 367/367/367 432/432/432 366/366/366
f 432/432/432 367/367/367 433/433/433
f 368/368/368 433/433/433 367/367/367
f 433/433/433 368/368/368 434/434/434
f 369/369/369 434/434/434 368/368/368
f 434/434/434 369/369/369 435/435/435
f 370/370/370 435/435/435 369/369/369
f 435/435/435 370/370/370 436/436/436
f 371/371/371 436/436/436 370/370/370
f 436/436/436 371/371/371 437/437/437
f 372/372/372 437/437/437 371/371/371
f 437/437/437 372/372/372 438/438/438
f 373/373/373 438/438/438 372/372/372
f 438/438/438 373/373/373 439/439/439
f 374/374/374 439/439/439 373/373/373
f 439/439/439 374/374/374 440/440/440
f 375/375/375 440/440/440 374/374/374
f 440/440/440 375/375/375 441/441/441
f 376/376/376 441/441/441 375/375/375
f 441/441/441 376/376/376 442/442/442
f 377/377/377 442/442/442 376/376/376
f 442/442/442 377/377/377 443/443/443
f 378/378/378 443/443/443 377/377/377
f 443/443/443 378/378/378 444/444/444
f 379/379/379 444/444/444 378/378/378
f 444/444/444 379/379/379 445/445/445
f 380/380/380 445/445/445 379/379/379
f 445/445/445 380/380/380 446/446/446
f 381/381/381 446/446/446 380/380/380
f 446/446/446 381/381/381 447/447/447
f 382/382/382 447/447/447 381/381/381
f 447/447/447 382/382/382 448/448/448
f 383/383/383 448/448/448 382/382/382
f 448/448/448 383/383/383 449/449/449
f 384/384/384 449/449/449 383/383/383
f 449/449/449 384/384/384 450/450/450
f 385/385/385 450/450/450 384/384/384
f 450/450/450 385/385/385 451/451/451
f 386/386/386 451/451/451 385/385/385
f 451/451/451 386/386/386 452/452/452
f 387/387/387 452/452/452 386/386/386
f 452/452/452 387/387/387 453/453/453
f 388/388/388 453/453/453 387/387/387
f 453/453/453 388/388/388 454/454/454
f 389/389/389 454/454/454 388/388/388
f 454/454/454 389/389/389 455/455/455
f 390/390/390 455/455/455 389/389/389
f 456/456/456 391/391/391 457/457/457
f 392/392/392 457/457/457 391/391/391
f 457/457/457 392/392/392 458/458/458
f 393/393/393 458/458/458 392/392/392
f 458/458/458 393/393/393 459/459/459
f 394/394/394 459/459/459 393/393/393
f 459/459/459 394/394/394 460/460/460
f 395/395/395 460/460/460 394/394/394
f 460/460/460 395/395/395 461/461/461
f 396/396/396 461/461/461 395/395/395
f 461/461/461 396/396/396 462/462/462
f 397/397/397 462/462/462 396/396/396
f 462/462/462 397/397/397 463/463/463
f 398/398/398 463/463/463 397/397/397
f 463/463/463 398/398/398 464/464/464
f 399/399/399 464/464/464 398/398/398
f 464/464/464 399/399/399 465/465/465
f 400/400/400 465/465/465 399/399/399
f 465/465/465 400/400/400 466/466/466
f 401/401/401 466/466/466 400/400/400
f 466/466/466 401/401/401 467/467/467
f 402/402/402 467/467/467 401/401/401
f 467/467/467 402/402/402 468/468/468
f 403/403/403 468/468/468 402/402/402
f 468/468/468 403/403/403 469/469/469
f 404/404/404 469/469/469 403/403/403
f 469/469/469 404/404/404 470/470/470
f 405/405/405 470/470/470 404/404/404
f 470/470/470 405/405/405 471/471/471
f 406/406/406 471/471/471 405/405/405
f 471/471/471 406/406/406 472/472/472
f 407/407/407 472/472/472 406/406/406
f 472/472/472 407/407/407 473/473/473
f 408/408/408 473/473/473 407/407/407
f 473/473/473 408/408/408 474/474/474
f 409/409/409 474/474/474 408/408/408
f 474/474/474 409/409/409 475/475/475
f 410/410/410 475/475/475 409/409/409
f 475/475/475 410/410/410 476/476/476
f 411/411/411 476/476/476 410/410/410
f 476/476/476 411/411/411 477/477/477
f 412/412/412 477/477/477 411/411/411
f 477/477/477 412/412/412 478/478/478
f 413/413/413 478/478/478 412/412/412
f 478/478/478 413/413/413 479/479/479
f 414/414/414 479/479/479 413/413/413
f 479/479/479 414/414/414 480/480/480
f 415/415/415 480/480/480 414/414/414
f 480/480/480 415/415/415 481/481/481
f 416/416/416 481/481/481 415/415/415
f 481/481/481 416/416/416 482/482/482
f 417/417/417 482/482/482 416/416/416
f 482/482/482 417/417/417 483/483/483
f 418/418/418 483/483/483 417/417/417
f 483/483/483 418/418/418 484/484/484
f 419/419/419 484/484/484 418/418/418
f 484/484/484 419/419/419 485/485/485
f 420/420/420 485/485/485 419/419/419
f 485/485/485 420/420/420 486/486/486
f 421/421/421 486/486/486 420/420/420
f 486/486/486 421/421/421 487/487/487
f 422/422/422 487/487/487 421/421/421
f 487/487/487 422/422/422 488/488/488
f 423/423/423 488/488/488 422/422/422
f 488/488/488 423/423/423 489/489/489
f 424/424/424 489/489/489 423/423/423
f 489/489/489 424/424/424 490/490/490
f 425/425/425 490/490/490 424/424/424
f 490/490/490 425/425/425 491/491/491
f 426/426/426 491/491/491 425/425/425
f 491/491/491 426/426/426 492/492/492
f 427/427/427 492/492/492 426/426/426
f 492/492/492 427/427/427 493/493/493
f 428/428/428 493/493/493 427/427/427
f 493/493/493 428/428/428 494/494/494
f 429/429/429 494/494/494 428/428/428
f 494/494/494 429/429/429 495/495/495
f 430/430/430 495/495/495 429/429/429
f 495/495/495 430/430/430 496/496/496
f 431/431/431 496/496/496 430/430/430
f 496/496/496 431/431/431 497/497/497
f 432/432/432 497/497/497 431/431/431
f 497/497/497 432/432/432 498/498/498
f 433/433/433 498/498/498 432/432/432
f 498/498/498 433/433/433 499/499/499
f 434/434/434 499/499/499 433/433/433
f 499/499/499 434/434/434 500/500/500
f 435/435/435 500/500/500 434/434/434
f 500/500/500 435/435/435 501/501/501
f 436/436/436 501/501/501 435/435/435
f 501/501/501 436/436/436 502/502/502
f 437/437/437 502/502/502 436/436/436
f 502/502/502 437/437/437 503/503/503
f 438/438/438 503/503/503 437/437/437
f 503/503/503 438/438/438 504/504/504
f 439/439/439 504/504/504 438/438/438
f 504/504/504 439/439/439 505/505/505
f 440/440/440 505/505/505 439/439/439
f 505/505/505 440/440/440 506/506/506
f 441/441/441 506/506/506 440/440/440
f 506/506/506 441/441/441 507/507/507
f 442/442/442 507/507/507 441/441/441
f 507/507/507 442/442/442 508/508/508
f 443/443/443 508/508/508 442/442/442
f 508/508/508 443/443/443 509/509/509
f 444/444/444 509/509/509 443/443/443
f 509/509/509 444/444/444 510/510/510
f 445/445/445 510/510/510 444/444/444
f 510/510/510 445/445/445 511/511/511
f 446/446/446 511/511/511 445/445/445
f 511/511/511 446/446/446 512/512/512
f 447/447/447 512/512/512 446/446/446
f 512/512/512 447/447/447 513/513/513
f 448/448/448 513/513/513 447/447/447
f 513/513/513 448/448/448 514/514/514
f 449/449/449 514/514/514 448/448/448
f 514/514/514 449/449/449 515/515/515
f 450/450/450 515/515/515 449/449/449
f 515/515/515 450/450/450 516/516/516
f 451/451/451 516/516/516 450/450/450
f 516/516/516 451/451/451 517/517/517
f 452/452/452 517/517/517 451/451/451
f 517/517/517 452/452/452 518/518/518
f 453/453/453 518/518/518 452/452/452
f 518/518/518 453/453/453 519/519/519
f 454/454/454 519/519/519 453/453/453
f 519/519/519 454/454/454 520/520/520
f 455/455/455 520/520/520 454/454/454
f 521/521/521 456/456/456 522/522/522
f 457/457/457 522/522/522 456/456/456
f 522/522/522 457/457/457 523/523/523
f 458/458/458 523/523/523 457/457/457
f 523/523/523 458/458/458 524/524/524
f 459/459/459 524/524/524 458/458/458
f 524/524/524 459/459/459 525/525/525
f 460/460/460 525/525/525 459/459/459
f 525/525/525 460/460/460 526/526/526
f 461/461/461 526/526/526 460/460/460
f 526/526/526 461/461/461 527/527/527
f 462/462/462 527/527/527 461/461/461
f 527/527/527 462/462/462 528/528/528
f 463/463/463 528/528/528 462/462/462
f 528/528/528 463/463/463 529/529/529
f 464/464/464 529/529/529 463/463/463
f 529/529/529 464/464/464 530/530/530
f 465/465/465 530/530/530 464/464/464
f 530/530/530 465/465/465 531/531/531
f 466/466/466 531/531/531 465/465/465
f 531/531/531 466/466/466 532/532/532
f 467/467/467 532/532/532 466/466/466
f 532/532/532 467/467/467 533/533/533
f 468/468/468 533/533/533 467/467/467
f 533/533/533 468/468/468 534/534/534
f 469/469/469 534/534/534 468/468/468
f 534/534/534 469/469/469 535/535/535
f 470/470/470 535/535/535 469/469/469
f 535/535/535 470/470/470 536/536/536
f 471/471/471 536/536/536 470/470/470
f 536/536/536 471/471/471 537/537/537
f 472/472/472 537/537/537 471/471/471
f 537/537/537 472/472/472 538/538/538
f 473/473/473 538/538/538 472/472/472
f 538/538/538 473/473/473 539/539/539
f 474/474/474 539/539/539 473/473/473
f 539/539/539 474/474/474 540/540/540
f 475/475/475 540/540/540 474/474/474
f 540/540/540 475/475/475 541/541/541
f 476/476/476 541/541/541 475/475/475
f 541/541/541 476/476/476 542/542/542
f 477/477/477 542/542/542 476/476/476
f 542/542/542 477/477/477 543/543/543
f 478/478/478 543/543/543 477/477/477
f 543/543/543 478/478/478 544/544/544
f 479/479/479 544/544/544 478/478/478
f 544/544/544 479/479/479 545/545/545
f 480/480/480 545/545/545 479/479/479
f 545/545/545 480/480/480 546/546/546
f 481/481/481 546/546/546 480/480/480
f 546/546/546 481/481/481 547/547/547
f 482/482/482 547/547/547 481/481/481
f 547/547/547 482/482/482 548/548/548
f 483/483/483 548/548/548 482/482/482
f 548/548/548 483/483/483 549/549/549
f 484/484/484 549/549/549 483/483/483
f 549/549/549 484/484/484 550/550/550
f 485/485/485 550/550/550 484/484/484
f 550/550/550 485/485/485 551/551/551
f 486/486/486 551/551/551 485/485/485
f 551/551/551 486/486/486 552/552/552
f 487/487/487 552/552/552 486/486/486
f 552/552/552 487/487/487 553/553/553
f 488/488/488 553/553/553 487/487/487
f 553/553/553 488/488/488 554/554/554
f 489/489/489 554/554/554 488/488/488
f 554/554/554 489/489/489 555/555/555
f 490/490/490 555/555/555 489/489/489
f 555/555/555 490/490/490 556/556/556
f 491/491/491 556/556/556 490/490/490
f 556/556/556 491/491/491 557/557/557
f 492/492/492 557/557/557 491/491/491
f 557/557/557 492/492/492 558/558/558
f 493/493/493 558/558/558 492/492/492
f 558/558/558 493/493/493 559/559/559
f 494/494/494 559/559/559 493/493/493
f 559/559/559 494/494/494 560/560/560
f 495/495/495 560/560/560 494/494/494
f 560/560/560 495/495/495 561/561/561
f 496/496/496 561/561/561 495/495/495
f 561/561/561 496/496/496 562/562/562
f 497/497/497 562/562/562 496/496/496
f 562/562/562 497/497/497 563/563/563
f 498/498/498 563/563/563 497/497/497
f 563/563/563 498/498/498 564/564/564
f 499/499/499 564/564/564 498/498/498
f 564/564/564 499/499/499 565/565/565
f 500/500/500 565/565/565 499/499/499
f 565/565/565 500/500/500 566/566/566
f 501/501/501 566/566/566 500/500/500
f 566/566/566 501/501/501 567/567/567
f 502/502/502 567/567/567 501/501/501
f 567/567/567 502/502/502 568/568/568
f 503/503/503 568/568/568 502/502/502
f 568/568/568 503/503/503 569/569/569
f 504/504/504 569/569/569 503/503/503
f 569/569/569 504/504/504 570/570/570
f 505/505/505 570/570/570 504/504/504
f 570/570/570 505/505/505 571/571/571
f 506/506/506 571/571/571 505/505/505
f 571/571/571 506/506/506 572/572/572
f 507/507/507 572/572/572 506/506/506
f 572/572/572 507/507/507 573/573/573
f 508/508/508 573/573/573 507/507/507
f 573/573/573 508/508/508 574/574/574
f 509/509/509 574/574/574 508/508/508
f 574/574/574 509/509/509 575/575/575
f 510/510/510 575/575/575 509/509/509
f 575/575/575 510/510/510 576/576/576
f 511/511/511 576/576/576 510/510/510
f 576/576/576 511/511/511 577/577/577
f 512/512/512 577/577/577 511/511/511
f 577/577/577 512/512/512 578/578/578
f 513/513/513 578/578/578 512/512/512
f 578/578/578 513/513/513 579/579/579
f 514/514/514 579/579/579 513/513/513
f 579/579/579 514/514/514 580/580/580
f 515/515/515 580/580/580 514/514/514
f 580/580/580 515/515/515 581/581/581
f 516/516/516 581/581/581 515/515/515
f 581/581/581 516/516/516 582/582/582
f 517/517/517 582/582/582 516/516/516
f 582/582/582 517/517/517 583/583/583
f 518/518/518 583/583/583 517/517/517
f 583/583/583 518/518/518 584/584/584
f 519/519/519 584/584/584 518/518/518
f 584/584/584 519/519/519 585/585/585
f 520/520/520 585/585/585 519/519/519
f 586/586/586 521/521/521 587/587/587
f 522/522/522 587/587/587 521/521/521
f 587/587/587 522/522/522 588/588/588
f 523/523/523 588/588/588 522/522/522
f 588/588/588 523/523/523 589/589/589
f 524/524/524 589/589/589 523/523/523
f 589/589/589 524/524/524 590/590/590
f 525/525/525 590/590/590 524/524/524
f 590/590/590 525/525/525 591/591/591
f 526/526/526 591/591/591 525/525/525
f 591/591/591 526/526/526 592/592/592
f 527/527/527 592/592/592 526/526/526
f 592/592/592 527/527/527 593/593/593
f 528/528/528 593/593/593 527/527/527
f 593/593/593 528/528/528 594/594/594
f 529/529/529 594/594/594 528/528/528
f 594/594/594 529/529/529 595/595/595
f 530/530/530 595/595/595 529/529/529
f 595/595/595 530/530/530 596/596/596
f 531/531/531 596/596/596 530/530/530
f 596/596/596 531/531/531 597/597/597
f 532/532/532 597/597/597 531/531/531
f 597/597/597 532/532/532 598/598/598
f 533/533/533 598/598/598 532/532/532
f 598/598/598 533/533/533 599/599/599
f 534/534/534 599/599/599 533/533/533
f 599/599/599 534/534/534 600/600/600
f 535/535/535 600/600/600 534/534/534
f 600/600/600 535/535/535 601/601/601
f 536/536/536 601/601/601 535/535/535
f 601/601/601 536/536/536 602/602/602
f 537/537/537 602/602/602 536/536/536
f 602/602/602 537/537/537 603/603/603
f 538/538/538 603/603/603 537/537/537
f 603/603/603 538/538/538 604/604/604
f 539/539/539 604/604/604 538/538/538
f 604/604/604 539/539/539 605/605/605
f 540/540/540 605/605/605 539/539/539
f 605/605/605 540/540/540 606/606/606
f 541/541/541 606/606/606 540/540/540
f 606/606/606 541/541/541 607/607/607
f 542/542/542 607/607/607 541/541/541
f 607/607/607 542/542/542 608/608/608
f 543/543/543 608/608/608 542/542/542
f 608/608/608 543/543/543 609/609/609
f 544/544/544 609/609/609 543/543/543
f 609/609/609 544/544/544 610/610/610
f 545/545/545 610/610/610 544/544/544
f 610/610/610 545/545/545 611/611/611
f 546/546/546 611/611/611 545/545/545
f 611/611/611 546/546/546 612/612/612
f 547/547/547 612/612/612 546/546/546
f 612/612/612 547/547/547 613/613/613
f 548/548/548 613/613/613 547/547/547
f 613/613/613 548/548/548 614/614/614
f 549/549/549 614/614/614 548/548/548
f 614/614/614 549/549/549 615/615/615
f 550/550/550 615/615/615 549/549/549
f 615/615/615 550/550/550 616/616/616
f 551/551/551 616/616/616 550/550/550
f 616/616/616 551/551/551 617/617/617
f 552/552/552 617/617/617 551/551/551
f 617/617/617 552/552/552 618/618/618
f 553/553/553 618/618/618 552/552/552
f 618/618/618 553/553/553 619/619/619
f 554/554/554 619/619/619 553/553/553
f 619/619/619 554/554/554 620/620/620
f 555/555/555 620/620/620 554/554/554
f 620/620/620 555/555/555 621/621/621
f 556/556/556 621/621/621 555/555/555
f 621/621/621 556/556/556 622/622/622
f 557/557/557 622/622/622 556/556/556
f 622/622/622 557/557/557 623/623/623
f 558/558/558 623/623/623 557/557/557
f 623/623/623 558/558/558 624/624/624
f 559/559/559 624/624/624 558/558/558
f 624/624/624 559/559/559 625/625/625
f 560/560/560 625/625/625 559/559/559
f 625/625/625 560/560/560 626/626/626
f 561/561/561 626/626/626 560/560/560
f 626/626/626 561/561/561 627/627/627
f 562/562/562 627/627/627 561/561/561
f 627/627/627 562/562/562 628/628/628
f 563/563/563 628/628/628 562/562/562
f 628/628/628 563/563/563 629/629/629
f 564/564/564 629/629/629 563/563/563
f 629/629/629 564/564/564 630/630/630
f 565/565/565 630/630/630 564/564/564
f 630/630/630 565/565/565 631/631/631
f 566/566/566 631/631/631 565/565/565
f 631/631/631 566/566/566 632/632/632
f 567/567/567 632/632/632 566/566/566
f 632/632/632 567/567/567 633/633/633
f 568/568/568 633/633/633 567/567/567
f 633/633/633 568/568/568 634/634/634
f 569/569/569 634/634/634 568/568/568
f 634/634/634 569/569/569 635/635/635
f 570/570/570 635/635/635 569/569/569
f 635/635/635 570/570/570 636/636/636
f 571/571/571 636/636/636 570/570/570
f 636/636/636 571/571/571 637/637/637
f 572/572/572 637/637/637 571/571/571
f 637/637/637 572/572/572 638/638/638
f 573/573/573 638/638/638 572/572/572
f 638/638/638 573/573/573 639/639/639
f 574/574/574 639/639/639 573/573/573
f 639/639/639 574/574/574 640/640/640
f 575/575/575 640/640/640 574/574/574
f 640/640/640 575/575/575 641/641/641
f 576/576/576 641/641/641 575/575/575
f 641/641/641 576/576/576 642/642/642
f 577/577/577 642/642/642 576/576/576
f 642/642/642 577/577/577 643/643/643
f 578/578/578 643/643/643 577/577/577
f 643/643/643 578/578/578 644/644/644
f 579/579/579 644/644/644 578/578/578
f 644/644/644 579/579/579 645/645/645
f 580/580/580 645/645/645 579/579/579
f 645/645/645 580/580/580 646/646/646
f 581/581/581 646/646/646 580/580/580
f 646/646/646 581/581/581 647/647/647
f 582/582/582 647/647/647 581/581/581
f 647/647/647 582/582/582 648/648/648
f 583/583/583 648/648/648 582/582/582
f 648/648/648 583/583/583 649/649/649
f 584/584/584 649/649/649 583/583/583
f 649/649/649 584/584/584 650/650/650
f 585/585/585 650/650/650 584/584/584
f 651/651/651 586/586/586 652/652/652
f 587/587/587 652/652/652 586/586/586
f 652/652/652 587/587/587 653/653/653
f 588/588/588 653/653/653 587/587/587
f 653/653/653 588/588/588 654/654/654
f 589/589/589 654/654/654 588/588/588
f 654/654/654 589/589/589 655/655/655
f 590/590/590 655/655/655 589/589/589
f 655/655/655 590/590/590 656/656/656
f 591/591/591 656/656/656 590/590/590
f 656/656/656 591/591/591 657/657/657
f 592/592/592 657/657/657 591/591/591
f 657/657/657 592/592/592 658/658/658
f 593/593/593 658/658/658 592/592/592
f 658/658/658 593/593/593 659/659/659
f 594/594/594 659/659/659 593/593/593
f 659/659/659 594/594/594 660/660/660
f 595/595/595 660/660/660 594/594/594
f 660/660/660 595/595/595 661/661/661
f 596/596/596 661/661/661 595/595/595
f 661/661/661 596/596/596 662/662/662
f 597/597/597 662/662/662 596/596/596
f 662/662/662 597/597/597 663/663/663
f 598/598/598 663/663/663 597/597/597
f 663/663/663 598/598/598 664/664/664
f 599/599/599 664/664/664 598/598/598
f 664/664/664 599/599/599 665/665/665
f 600/600/600 665/665/665 599/599/599
f 665/665/665 600/600/600 666/666/666
f 601/601/601 666/666/666 600/600/600
f 666/666/666 601/601/601 667/667/667
f 602/602/602 667/667/667 601/601/601
f 667/667/667 602/602/602 668/668/668
f 603/603/603 668/668/668 602/602/602
f 668/668/668 603/603/603 669/669/669
f 604/604/604 669/669/669 603/603/603
f 669/669/669 604/604/604 670/670/670
f 605/605/605 670/670/670 604/604/604
f 670/670/670 605/605/605 671/671/671
f 606/606/606 671/671/671 605/605/605
f 671/671/671 606/606/606 672/672/672
f 607/607/607 672/672/672 606/606/606
f 672/672/672 607/607/607 673/673/673
f 608/608/608 673/673/673 607/607/607
f 673/673/673 608/608/608 674/674/674
f 609/609/609 674/674/674 608/608/608
f 674/674/674 609/609/609 675/675/675
f 610/610/610 675/675/675 609/609/609
f 675/675/675 610/610/610 676/676/676
f 611/611/611 676/676/676 610/610/610
f 676/676/676 611/611/611 677/677/677
f 612/612/612 677/677/677 611/611/611
f 677/677/677 612/612/612 678/678/678
f 613/613/613 678/678/678 612/612/612
f 678/678/678 613/613/613 679/679/679
f 614/614/614 679/679/679 613/613/613
f 679/679/679 614/614/614 680/680/680
f 615/615/615 680/680/680 614/614/614
f 680/680/680 615/615/615 681/681/681
f 616/616/616 681/681/681 615/615/615
f 681/681/681 616/616/616 682/682/682
f 617/617/617 682/682/682 616/616/616
f 682/682/682 617/617/617 683/683/683
f 618/618/618 683/683/683 617/617/617
f 683/683/683 618/618/618 684/684/684
f 619/619/619 684/684/684 618/618/618
f 684/684/684 619/619/619 685/685/685
f 620/620/620 685/685/685 619/619/619
f 685/685/685 620/620/620 686/686/686
f 621/621/621 686/686/686 620/620/620
f 686/686/686 621/621/621 687/687/687
f 622/622/622 687/687/687 621/621/621
f 687/687/687 622/622/622 688/688/688
f 623/623/623 688/688/688 622/622/622
f 688/688/688 623/623/623 689/689/689
f 624/624/624 689/689/689 623/623/623
f 689/689/689 624/624/624 690/690/690
f 625/625/625 690/690/690 624/624/624
f 690/690/690 625/625/625 691/691/691
f 626/626/626 691/691/691 625/625/625
f 691/691/691 626/626/626 692/692/692
f 627/627/627 692/692/692 626/626/626
f 692/692/692 627/627/627 693/693/693
f 628/628/628 693/693/693 627/627/627
f 693/693/693 628/628/628 694/694/694
f 629/629/629 694/694/694 628/628/628
f 694/694/694 629/629/629 695/695/695
f 630/630/630 695/695/695 629/629/629
f 695/695/695 630/630/630 696/696/696
f 631/631/631 696/696/696 630/630/630
f 696/696/696 631/631/631 697/697/697
f 632/632/632 697/697/697 631/631/631
f 697/697/697 632/632/632 698/698/698
f 633/633/633 698/698/698 632/632/632
f 698/698/698 633/633/633 699/699/699
f 634/634/634 699/699/699 633/633/633
f 699/699/699 634/634/634 700/700/700
f 635/635/635 700/700/700 634/634/634
f 700/700/700 635/635/635 701/701/701
f 636/636/636 701/701/701 635/635/635
f 701/701/701 636/636/636 702/702/702
f 637/637/637 702/702/702 636/636/636
f 702/702/702 637/637/637 703/703/703
f 638/638/638 703/703/703 637/637/637
f 703/703/703 638/638/638 704/704/704
f 639/639/639 704/704/704 638/638/638
f 704/704/704 639/639/639 705/705/705
f 640/640/640 705/705/705 639/639/639
f 705/705/705 640/640/640 706/706/706
f 641/641/641 706/706/706 640/640/640
f 706/706/706 641/641/641 707/707/707
f 642/642/642 707/707/707 641/641/641
f 707/707/707 642/642/642 708/708/708
f 643/643/643 708/708/708 642/642/642
f 708/708/708 643/643/643 709/709/709
f 644/644/644 709/709/709 643/643/643
f 709/709/709 644/644/644 710/710/710
f 645/645/645 710/710/710 644/644/644
f 710/710/710 645/645/645 711/711/711
f 646/646/646 711/711/711 645/645/645
f 711/711/711 646/646/646 712/712/712
f 647/647/647 712/712/712 646/646/646
f 712/712/712 647/647/647 713/713/713
f 648/648/648 713/713/713 647/647/647
f 713/713/713 648/648/648 714/714/714
f 649/649/649 714/714/714 648/648/648
f 714/714/714 649/649/649 715/715/715
f 650/650/650 715/715/715 649/649/649
f 716/716/716 651/651/651 717/717/717
f 652/652/652 717/717/717 651/651/651
f 717/717/717 652/652/652 718/718/718
f 653/653/653 718/718/718 652/652/652
f 718/718/718 653/653/653 719/719/719
f 654/654/654 719/719/719 653/653/653
f 719/719/719 654/654/654 720/720/720
f 655/655/655 720/720/720 654/654/654
f 720/720/720 655/655/655 721/721/721
f 656/656/656 721/721/721 655/655/655
f 721/721/721 656/656/656 722/722/722
f 657/657/657 722/722/722 656/656/656
f 722/722/722 657/657/657 723/723/723
f 658/658/658 723/723/723 657/657/657
f 723/723/723 658/658/658 724/724/724
f 659/659/659 724/724/724 658/658/658
f 724/724/724 659/659/659 725/725/725
f 660/660/660 725/725/725 659/659/659
f 725/725/725 660/660/660 726/726/726
f 661/661/661 726/726/726 660/660/660
f 726/726/726 661/661/661 727/727/727
f 662/662/662 727/727/727 661/661/661
f 727/727/727 662/662/662 728/728/728
f 663/663/663 728/728/728 662/662/662
f 728/728/728 663/663/663 729/729/729
f 664/664/664 729/729/729 663/663/663
f 729/729/729 664/664/664 730/730/730
f 665/665/665 730/730/730 664/664/664
f 730/730/730 665/665/665 731/731/731
f 666/666/666 731/731/731 665/665/665
f 731/731/731 666/666/666 732/732/732
f 667/667/667 732/732/732 666/666/666
f 732/732/732 667/667/667 733/733/733
f 668/668/668 733/733/733 667/667/667
f 733/733/733 668/668/668 734/734/734
f 669/669/669 734/734/734 668/668/668
f 734/734/734 669/669/669 735/735/735
f 670/670/670 735/735/735 669/669/669
f 735/735/735 670/670/670 736/736/736
f 671/671/671 736/736/736 670/670/670
f 736/736/736 671/671/671 737/737/737
f 672/672/672 737/737/737 671/671/671
f 737/737/737 672/672/672 738/738/738
f 673/673/673 738/738/738 672/672/672
f 738/738/738 673/673/673 739/739/739
f 674/674/674 739/739/739 673/673/673
f 739/739/739 674/674/674 740/740/740
f 675/675/675 740/740/740 674/674/674
f 740/740/740 675/675/675 741/741/741
f 676/676/676 741/741/741 675/675/675
f 741/741/741 676/676/676 742/742/742
f 677/677/677 742/742/742 676/676/676
f 742/742/742 677/677/677 743/743/743
f 678/678/678 743/743/743 677/677/677
f 743/743/743 678/678/678 744/744/744
f 679/679/679 744/744/744 678/678/678
f 744/744/744 679/679/679 745/745/745
f 680/680/680 745/745/745 679/679/679
f 745/745/745 680/680/680 746/746/746
f 681/681/681 746/746/746 680/680/680
f 746/746/746 681/681/681 747/747/747
f 682/682/682 747/747/747 681/681/681
f 747/747/747 682/682/682 748/748/748
f 683/683/683 748/748/748 682/682/682
f 748/748/748 683/683/683 749/749/749
f 684/684/684 749/749/749 683/683/683
f 749/749/749 684/684/684 750/750/750
f 685/685/685 750/750/750 684/684/684
f 750/750/750 685/685/685 751/751/751
f 686/686/686 751/751/751 685/685/685
f 751/751/751 686/686/686 752/752/752
f 687/687/687 752/752/752 686/686/686
f 752/752/752 687/687/687 753/753/753
f 688/688/688 753/753/753 687/687/687
f 753/753/753 688/688/688 754/754/754
f 689/689/689 754/754/754 688/688/688
f 754/754/754 689/689/689 755/755/755
f 690/690/690 755/755/755 689/689/689
f 755/755/755 690/690/690 756/756/756
f 691/691/691 756/756/756 690/690/690
f 756/756/756 691/691/691 757/757/757
f 692/692/692 757/757/757 691/691/691
f 757/757/757 692/692/692 758/758/758
f 693/693/693 758/758/758 692/692/692
f 758/758/758 693/693/693 759/759/759
f 694/694/694 759/759/759 693/693/693
f 759/759/759 694/694/694 760/760/760
f 695/695/695 760/760/760 694/694/694
f 760/760/760 695/695/695 761/761/761
f 696/696/696 761/761/761 695/695/695
f 761/761/761 696/696/696 762/762/762
f 697/697/697 762/762/762 696/696/696
f 762/762/762 697/697/697 763/763/763
f 698/698/698 763/763/763 697/697/697
f 763/763/763 698/698/698 764/764/764
f 699/699/699 764/764/764 698/698/698
f 764/764/764 699/699/699 765/765/765
f 700/700/700 765/765/765 699/699/699
f 765/765/765 700/700/700 766/766/766
f 701/701/701 766/766/766 700/700/700
f 766/766/766 701/701/701 767/767/767
f 702/702/702 767/767/767 701/701/701
f 767/767/767 702/702/702 768/768/768
f 703/703/703 768/768/768 702/702/702
f 768/768/768 703/703/703 769/769/769
f 704/704/704 769/769/769 703/703/703
f 769/769/769 704/704/704 770/770/770
f 705/705/705 770/770/770 704/704/704
f 770/770/770 705/705/705 771/771/771
f 706/706/706 771/771/771 705/705/705
f 771/771/771 706/706/706 772/772/772
f 707/707/707 772/772/772 706/706/706
f 772/772/772 707/707/707 773/773/773
f 708/708/708 773/773/773 707/707/707
f 773/773/773 708/708/708 774/774/774
f 709/709/709 774/774/774 708/708/708
f 774/774/774 709/709/709 775/775/775
f 710/710/710 775/775/775 709/709/709
f 775/775/775 710/710/710 776/776/776
f 711/711/711 776/776/776 710/710/710
f 776/776/776 711/711/711 777/777/777
f 712/712/712 777/777/777 711/711/711
f 777/777/777 712/712/712 778/778/778
f 713/713/713 778/778/778 712/712/712
f 778/778/778 713/713/713 779/779/779
f 714/714/714 779/779/779 713/713/713
f 779/779/779 714/714/714 780/780/780
f 715/715/715 780/780/780 714/714/714
f 781/781/781 716/716/716 782/782/782
f 717/717/717 782/782/782 716/716/716
f 782/782/782 717/717/717 783/783/783
f 718/718/718 783/783/783 717/717/717
f 783/783/783 718/718/718 784/784/784
f 719/719/719 784/784/784 718/718/718
f 784/784/784 719/719/719 785/785/785
f 720/720/720 785/785/785 719/719/719
f 785/785/785 720/720/720 786/786/786
f 721/721/721 786/786/786 720/720/720
f 786/786/786 721/721/721 787/787/787
f 722/722/722 787/787/787 721/721/721
f 787/787/787 722/722/722 788/788/788
f 723/723/723 788/788/788 722/722/722
f 788/788/788 723/723/723 789/789/789
f 724/724/724 789/789/789 723/723/723
f 789/789/789 724/724/724 790/790/790
f 725/725/725 790/790/790 724/724/724
f 790/790/790 725/725/725 791/791/791
f 726/726/726 791/791/791 725/725/725
f 791/791/791 726/726/726 792/792/792
f 727/727/727 792/792/792 726/726/726
f 792/792/792 727/727/727 793/793/793
f 728/728/728 793/793/793 727/727/727
f 793/793/793 728/728/728 794/794/794
f 729/729/729 794/794/794 728/728/728
f 794/794/794 729/729/729 795/795/795
f 730/730/730 795/795/795 729/729/729
f 795/795/795 730/730/730 796/796/796
f 731/731/731 796/796/796 730/730/730
f 796/796/796 731/731/731 797/797/797
f 732/732/732 797/797/797 731/731/731
f 797/797/797 732/732/732 798/798/798
f 733/733/733 798/798/798 732/732/732
f 798/798/798 733/733/733 799/799/799
f 734/734/734 799/799/799 733/733/733
f 799/799/799 734/734/734 800/800/800
f 735/735/735 800/800/800 734/734/734
f 800/800/800 735/735/735 801/801/801
f 736/736/736 801/801/801 735/735/735
f 801/801/801 736/736/736 802/802/802
f 737/737/737 802/802/802 736/736/736
f 802/802/802 737/737/737 803/803/803
f 738/738/738 803/803/803 737/737/737
f 803/803/803 738/738/738 804/804/804
f 739/739/739 804/804/804 738/738/738
f 804/804/804 739/739/739 805/805/805
f 740/740/740 805/805/805 739/739/739
f 805/805/805 740/740/740 806/806/806
f 741/741/741 806/806/806 740/740/740
f 806/806/806 741/741/741 807/807/807
f 742/742/742 807/807/807 741/741/741
f 807/807/807 742/742/742 808/808/808
f 743/743/743 808/808/808 742/742/742
f 808/808/808 743/743/743 809/809/809
f 744/744/744 809/809/809 743/743/743
f 809/809/809 744/744/744 810/810/810
f 745/745/745 810/810/810 744/744/744
f 810/810/810 745/745/745 811/811/811
f 746/746/746 811/811/811 745/745/745
f 811/811/811 746/746/746 812/812/812
f 747/747/747 812/812/812 746/746/746
f 812/812/812 747/747/747 813/813/813
f 748/748/748 813/813/813 747/747/747
f 813/813/813 748/748/748 814/814/814
f 749/749/749 814/814/814 748/748/748
f 814/814/814 749/749/749 815/815/815
f 750/750/750 815/815/815 749/749/749
f 815/815/815 750/750/750 816/816/816
f 751/751/751 816/816/816 750/750/750
f 816/816/816 751/751/751 817/817/817
f 752/752/752 817/817/817 751/751/751
f 817/817/817 752/752/752 818/818/818
f 753/753/753 818/818/818 752/752/752
f 818/818/818 753/753/753 819/819/819
f 754/754/754 819/819/819 753/753/753
f 819/819/819 754/754/754 820/820/820
f 755/755/755 820/820/820 754/754/754
f 820/820/820 755/755/755 821/821/821
f 756/756/756 821/821/821 755/755/755
f 821/821/821 756/756/756 822/822/822
f 757/757/757 822/822/822 756/756/756
f 822/822/822 757/757/757 823/823/823
f 758/758/758 823/823/823 757/757/757
f 823/823/823 758/758/758 824/824/824
f 759/759/759 824/824/824 758/758/758
f 824/824/824 759/759/759 825/825/825
f 760/760/760 825/825/825 759/759/759
f 825/825/825 760/760/760 826/826/826
f 761/761/761 826/826/826 760/760/760
f 826/826/826 761/761/761 827/827/827
f 762/762/762 827/827/827 761/761/761
f 827/827/827 762/762/762 828/828/828
f 763/763/763 828/828/828 762/762/762
f 828/828/828 763/763/763 829/829/829
f 764/764/764 829/829/829 763/763/763
f 829/829/829 764/764/764 830/830/830
f 765/765/765 830/830/830 764/764/764
f 830/830/830 765/765/765 831/831/831
f 766/766/766 831/831/831 765/765/765
f 831/831/831 766/766/766 832/832/832
f 767/767/767 832/832/832 766/766/766
f 832/832/832 767/767/767 833/833/833
f 768/768/768 833/833/833 767/767/767
f 833/833/833 768/768/768 834/834/834
f 769/769/769 834/834/834 768/768/768
f 834/834/834 769/769/769 835/835/835
f 770/770/770 835/835/835 769/769/769
f 835/835/835 770/770/770 836/836/836
f 771/771/771 836/836/836 770/770/770
f 836/836/836 771/771/771 837/837/837
f 772/772/772 837/837/837 771/771/771
f 837/837/837 772/772/772 838/838/838
f 773/773/773 838/838/838 772/772/772
f 838/838/838 773/773/773 839/839/839
f 774/774/774 839/839/839 773/773/773
f 839/839/839 774/774/774 840/840/840
f 775/775/775 840/840/840 774/774/774
f 840/840/840 775/775/775 841/841/841
f 776/776/776 841/841/841 775/775/775
f 841/841/841 776/776/776 842/842/842
f 777/777/777 842/842/842 776/776/776
f 842/842/842 777/777/777 843/843/843
f 778/778/778 843/843/843 777/777/777
f 843/843/843 778/778/778 844/844/844
f 779/779/779 844/844/844 778/778/778
f 844/844/844 779/779/779 845/845/845
f 780/780/780 845/845/845 779/779/779
f 846/846/846 781/781/781 847/847/847
f 782/782/782 847/847/847 781/781/781
f 847/847/847 782/782/782 848/848/848
f 783/783/783 848/848/848 782/782/782
f 848/848/848 783/783/783 849/849/849
f 784/784/784 849/849/849 783/783/783
f 849/849/849 784/784/784 850/850/850
f 785/785/785 850/850/850 784/784/784
f 850/850/850 785/785/785 851/851/851
f 786/786/786 851/851/851 785/785/785
f 851/851/851 786/786/786 852/852/852
f 787/787/787 852/852/852 786/786/786
f 852/852/852 787/787/787 853/853/853
f 788/788/788 853/853/853 787/787/787
f 853/853/853 788/788/788 854/854/854
f 789/789/789 854/854/854 788/788/788
f 854/854/854 789/789/789 855/855/855
f 790/790/790 855/855/855 789/789/789
f 855/855/855 790/790/790 856/856/856
f 791/791/791 856/856/856 790/790/790
f 856/856/856 791/791/791 857/857/857
f 792/792/792 857/857/857 791/791/791
f 857/857/857 792/792/792 858/858/858
f 793/793/793 858/858/858 792/792/792
f 858/858/858 793/793/793 859/859/859
f 794/794/794 859/859/859 793/793/793
f 859/859/859 794/794/794 860/860/860
f 795/795/795 860/860/860 794/794/794
f 860/860/860 795/795/795 861/861/861
f 796/796/796 861/861/861 795/795/795
f 861/861/861 796/796/796 862/862/862
f 797/797/797 862/862/862 796/796/796
f 862/862/862 797/797/797 863/863/863
f 798/798/798 863/863/863 797/797/797
f 863/863/863 798/798/798 864/864/864
f 799/799/799 864/864/864 798/798/798
f 864/864/864 799/799/799 865/865/865
f 800/800/800 865/865/865 799/799/799
f 865/865/865 800/800/800 866/866/866
f 801/801/801 866/866/866 800/800/800
f 866/866/866 801/801/801 867/867/867
f 802/802/802 867/867/867 801/801/801
f 867/867/867 802/802/802 868/868/868
f 803/803/803 868/868/868 802/802/802
f 868/868/868 803/803/803 869/869/869
f 804/804/804 869/869/869 803/803/803
f 869/869/869 804/804/804 870/870/870
f 805/805/805 870/870/870 804/804/804
f 870/870/870 805/805/805 871/871/871
f 806/806/806 871/871/871 805/805/805
f 871/871/871 806/806/806 872/872/872
f 807/807/807 872/872/872 806/806/806
f 872/872/872 807/807/807 873/873/873
f 808/808/808 873/873/873 807/807/807
f 873/873/873 808/808/808 874/874/874
f 809/809/809 874/874/874 808/808/808
f 874/874/874 809/809/809 875/875/875
f 810/810/810 875/875/875 809/809/809
f 875/875/875 810/810/810 876/876/876
f 811/811/811 876/876/876 810/810/810
f 876/876/876 811/811/811 877/877/877
f 812/812/812 877/877/877 811/811/811
f 877/877/877 812/812/812 878/878/878
f 813/813/813 878/878/878 812/812/812
f 878/878/878 813/813/813 879/879/879
f 814/814/814 879/879/879 813/813/813
f 879/879/879 814/814/814 880/880/880
f 815/815/815 880/880/880 814/814/814
f 880/880/880 815/815/815 881/881/881
f 816/816/816 881/881/881 815/815/815
f 881/881/881 816/816/816 882/882/882
f 817/817/817 882/882/882 816/816/816
f 882/882/882 817/817/817 883/883/883
f 818/818/818 883/883/883 817/817/817
f 883/883/883 818/818/818 884/884/884
f 819/819/819 884/884/884 818/818/818
f 884/884/884 819/819/819 885/885/885
f 820/820/820 885/885/885 819/819/819
f 885/885/885 820/820/820 886/886/886
f 821/821/821 886/886/886 820/820/820
f 886/886/886 821/821/821 887/887/887
f 822/822/822 887/887/887 821/821/821
f 887/887/887 822/822/822 888/888/888
f 823/823/823 888/888/888 822/822/822
f 888/888/888 823/823/823 889/889/889
f 824/824/824 889/889/889 823/823/823
f 889/889/889 824/824/824 890/890/890
f 825/825/825 890/890/890 824/824/824
f 890/890/890 825/825/825 891/891/891
f 826/826/826 891/891/891 825/825/825
f 891/891/891 826/826/826 892/892/892
f 827/827/827 892/892/892 826/826/826
f 892/892/892 827/827/827 893/893/893
f 828/828/828 893/893/893 827/827/827
f 893/893/893 828/828/828 894/894/894
f 829/829/829 894/894/894 828/828/828
f 894/894/894 829/829/829 895/895/895
f 830/830/830 895/895/895 829/829/829
f 895/895/895 830/830/830 896/896/896
f 831/831/831 896/896/896 830/830/830
f 896/896/896 831/831/831 897/897/897
f 832/832/832 897/897/897 831/831/831
f 897/897/897 832/832/832 898/898/898
f 833/833/833 898/898/898 832/832/832
f 898/898/898 833/833/833 899/899/899
f 834/834/834 899/899/899 833/833/833
f 899/899/899 834/834/834 900/900/900
f 835/835/835 900/900/900 834/834/834
f 900/900/900 835/835/835 901/901/901
f 836/836/836 901/901/901 835/835/835
f 901/901/901 836/836/836 902/902/902
f 837/837/837 902/902/902 836/836/836
f 902/902/902 837/837/837 903/903/903
f 838/838/838 903/903/903 837/837/837
f 903/903/903 838/838/838 904/904/904
f 839/839/839 904/904/904 838/838/838
f 904/904/904 839/839/839 905/905/905
f 840/840/840 905/905/905 839/839/839
f 905/905/905 840/840/840 906/906/906
f 841/841/841 906/906/906 840/840/840
f 906/906/906 841/841/841 907/907/907
f 842/842/842 907/907/907 841/841/841
f 907/907/907 842/842/842 908/908/908
f 843/843/843 908/908/908 842/842/842
f 908/908/908 843/843/843 909/909/909
f 844/844/844 909/909/909 843/843/843
f 909/909/909 844/844/844 910/910/910
f 845/845/845 910/910/910 844/844/844
f 911/911/911 846/846/846 912/912/912
f 847/847/847 912/912/912 846/846/846
f 912/912/912 847/847/847 913/913/913
f 848/848/848 913/913/913 847/847/847
f 913/913/913 848/848/848 914/914/914
f 849/849/849 914/914/914 848/848/848
f 914/914/914 849/849/849 915/915/915
f 850/850/850 915/915/915 849/849/849
f 915/915/915 850/850/850 916/916/916
f 851/851/851 916/916/916 850/850/850
f 916/916/916 851/851/851 917/917/917
f 852/852/852 917/917/917 851/851/851
f 917/917/917 852/852/852 918/918/918
f 853/853/853 918/918/918 852/852/852
f 918/918/918 853/853/853 919/919/919
f 854/854/854 919/919/919 853/853/853
f 919/919/919 854/854/854 920/920/920
f 855/855/855 920/920/920 854/854/854
f 920/920/920 855/855/855 921/921/921
f 856/856/856 921/921/921 855/855/855
f 921/921/921 856/856/856 922/922/922
f 857/857/857 922/922/922 856/856/856
f 922/922/922 857/857/857 923/923/923
f 858/858/858 923/923/923 857/857/857
f 923/923/923 858/858/858 924/924/924
f 859/859/859 924/924/924 858/858/858
f 924/924/924 859/859/859 925/925/925
f 860/860/860 925/925/925 859/859/859
f 925/925/925 860/860/860 926/926/926
f 861/861/861 926/926/926 860/860/860
f 926/926/926 861/861/861 927/927/927
f 862/862/862 927/927/927 861/861/861
f 927/927/927 862/862/862 928/928/928
f 863/863/863 928/928/928 862/862/862
f 928/928/928 863/863/863 929/929/929
f 864/864/864 929/929/929 863/863/863
f 929/929/929 864/864/864 930/930/930
f 865/865/865 930/930/930 864/864/864
f 930/930/930 865/865/865 931/931/931
f 866/866/866 931/931/931 865/865/865
f 931/931/931 866/866/866 932/932/932
f 867/867/867 932/932/932 866/866/866
f 932/932/932 867/867/867 933/933/933
f 868/868/868 933/933/933 867/867/867
f 933/933/933 868/868/868 934/934/934
f 869/869/869 934/934/934 868/868/868
f 934/934/934 869/869/869 935/935/935
f 870/870/870 935/935/935 869/869/869
f 935/935/935 870/870/870 936/936/936
f 871/871/871 936/936/936 870/870/870
f 936/936/936 871/871/871 937/937/937
f 872/872/872 937/937/937 871/871/871
f 937/937/937 872/872/872 938/938/938
f 873/873/873 938/938/938 872/872/872
f 938/938/938 873/873/873 939/939/939
f 874/874/874 939/939/939 873/873/873
f 939/939/939 874/874/874 940/940/940
f 875/875/875 940/940/940 874/874/874
f 940/940/940 875/875/875 941/941/941
f 876/876/876 941/941/941 875/875/875
f 941/941/941 876/876/876 942/942/942
f 877/877/877 942/942/942 876/876/876
f 942/942/942 877/877/877 943/943/943
f 878/878/878 943/943/943 877/877/877
f 943/943/943 878/878/878 944/944/944
f 879/879/879 944/944/944 878/878/878
f 944/944/944 879/879/879 945/945/945
f 880/880/880 945/945/945 879/879/879
f 945/945/945 880/880/880 946/946/946
f 881/881/881 946/946/946 880/880/880
f 946/946/946 881/881/881 947/947/947
f 882/882/882 947/947/947 881/881/881
f 947/947/947 882/882/882 948/948/948
f 883/883/883 948/948/948 882/882/882
f 948/948/948 883/883/883 949/949/949
f 884/884/884 949/949/949 883/883/883
f 949/949/949 884/884/884 950/950/950
f 885/885/885 950/950/950 884/884/884
f 950/950/950 885/885/885 951/951/951
f 886/886/886 951/951/951 885/885/885
f 951/951/951 886/886/886 952/952/952
f 887/887/887 952/952/952 886/886/886
f 952/952/952 887/887/887 953/953/953
f 888/888/888 953/953/953 887/887/887
f 953/953/953 888/888/888 954/954/954
f 889/889/889 954/954/954 888/888/888
f 954/954/954 889/889/889 955/955/955
f 890/890/890 955/955/955 889/889/889
f 955/955/955 890/890/890 956/956/956
f 891/891/891 956/956/956 890/890/890
f 956/956/956 891/891/891 957/957/957
f 892/892/892 957/957/957 891/891/891
f 957/957/957 892/892/892 958/958/958
f 893/893/893 958/958/958 892/892/892
f 958/958/958 893/893/893 959/959/959
f 894/894/894 959/959/959 893/893/893
f 959/959/959 894/894/894 960/960/960
f 895/895/895 960/960/960 894/894/894
f 960/960/960 895/895/895 961/961/961
f 896/896/896 961/961/961 895/895/895
f 961/961/961 896/896/896 962/962/962
f 897/897/897 962/962/962 896/896/896
f 962/962/962 897/897/897 963/963/963
f 898/898/898 963/963/963 897/897/897
f 963/963/963 898/898/898 964/964/964
f 899/899/899 964/964/964 898/898/898
f 964/964/964 899/899/899 965/965/965
f 900/900/900 965/965/965 899/899/899
f 965/965/965 900/900/900 966/966/966
f 901/901/901 966/966/966 900/900/900
f 966/966/966 901/901/901 967/967/967
f 902/902/902 967/967/967 901/901/901
f 967/967/967 902/902/902 968/968/968
f 903/903/903 968/968/968 902/902/902
f 968/968/968 903/903/903 969/969/969
f 904/904/904 969/969/969 903/903/903
f 969/969/969 904/904/904 970/970/970
f 905/905/905 970/970/970 904/904/904
f 970/970/970 905/905/905 971/971/971
f 906/906/906 971/971/971 905/905/905
f 971/971/971 906/906/906 972/972/972
f 907/907/907 972/972/972 906/906/906
f 972/972/972 907/907/907 973/973/973
f 908/908/908 973/973/973 907/907/907
f 973/973/973 908/908/908 974/974/974
f 909/909/909 974/974/974 908/908/908
f 974/974/974 909/909/909 975/975/975
f 910/910/910 975/975/975 909/909/909
f 976/976/976 911/911/911 977/977/977
f 912/912/912 977/977/977 911/911/911
f 977/977/977 912/912/912 978/978/978
f 913/913/913 978/978/978 912/912/912
f 978/978/978 913/913/913 979/979/979
f 914/914/914 979/979/979 913/913/913
f 979/979/979 914/914/914 980/980/980
f 915/915/915 980/980/980 914/914/914
f 980/980/980 915/915/915 981/981/981
f 916/916/916 981/981/981 915/915/915
f 981/981/981 916/916/916 982/982/982
f 917/917/917 982/982/982 916/916/916
f 982/982/982 917/917/917 983/983/983
f 918/918/918 983/983/983 917/917/917
f 983/983/983 918/918/918 984/984/984
f 919/919/919 984/984/984 918/918/918
f 984/984/984 919/919/919 985/985/985
f 920/920/920 985/985/985 919/919/919
f 985/985/985 920/920/920 986/986/986
f 921/921/921 986/986/986 920/920/920
f 986/986/986 921/921/921 987/987/987
f 922/922/922 987/987/987 921/921/921
f 987/987/987 922/922/922 988/988/988
f 923/923/923 988/988/988 922/922/922
f 988/988/988 923/923/923 989/989/989
f 924/924/924 989/989/989 923/923/923
f 989/989/989 924/924/924 990/990/990
f 925/925/925 990/990/990 924/924/924
f 990/990/990 925/925/925 991/991/991
f 926/926/926 991/991/991 925/925/925
f 991/991/991 926/926/926 992/992/992
f 927/927/927 992/992/992 926/926/926
f 992/992/992 927/927/927 993/993/993
f 928/928/928 993/993/993 927/927/927
f 993/993/993 928/928/928 994/994/994
f 929/929/929 994/994/994 928/928/928
f 994/994/994 929/929/929 995/995/995
f 930/930/930 995/995/995 929/929/929
f 995/995/995 930/930/930 996/996/996
f 931/931/931 996/996/996 930/930/930
f 996/996/996 931/931/931 997/997/997
f 932/932/932 997/997/997 931/931/931
f 997/997/997 932/932/932 998/998/998
f 933/933/933 998/998/998 932/932/932
f 998/998/998 933/933/933 999/999/999
f 934/934/934 999/999/999 933/933/933
f 999/999/999 934/934/934 1000/1000/1000
f 935/935/935 1000/1000/1000 934/934/934
f 1000/1000/1000 935/935/935 1001/1001/1001
f 936/936/936 1001/1001/1001 935/935/935
f 1001/1001/1001 936/936/936 1002/1002/1002
f 937/937/937 1002/1002/1002 936/936/936
f 1002/1002/1002 937/937/937 1003/1003/1003
f 938/938/938 1003/1003/1003 937/937/937
f 1003/1003/1003 938/938/938 1004/1004/1004
f 939/939/939 1004/1004/1004 938/938/938
f 1004/1004/1004 939/939/939 1005/1005/1005
f 940/940/940 1005/1005/1005 939/939/939
f 1005/1005/1005 940/940/940 1006/1006/1006
f 941/941/941 1006/1006/1006 940/940/940
f 1006/1006/1006 941/941/941 1007/1007/1007
f 942/942/942 1007/1007/1007 941/941/941
f 1007/1007/1007 942/942/942 1008/1008/1008
f 943/943/943 1008/1008/1008 942/942/942
f 1008/1008/1008 943/943/943 1009/1009/1009
f 944/944/944 1009/1009/1009 943/943/943
f 1009/1009/1009 944/944/944 1010/1010/1010
f 945/945/945 1010/1010/1010 944/944/944
f 1010/1010/1010 945/945/945 1011/1011/1011
f 946/946/946 1011/1011/1011 945/945/945
f 1011/1011/1011 946/946/946 1012/1012/1012
f 947/947/947 1012/1012/1012 946/946/946
f 1012/1012/1012 947/947/947 1013/1013/1013
f 948/948/948 1013/1013/1013 947/947/947
f 1013/1013/1013 948/948/948 1014/1014/1014
f 949/949/949 1014/1014/1014 948/948/948
f 1014/1014/1014 949/949/949 1015/1015/1015
f 950/950/950 1015/1015/1015 949/949/949
f 1015/1015/1015 950/950/950 1016/1016/1016
f 951/951/951 1016/1016/1016 950/950/950
f 1016/1016/1016 951/951/951 1017/1017/1017
f 952/952/952 1017/1017/1017 951/951/951
f 1017/1017/1017 952/952/952 1018/1018/1018
f 953/953/953 1018/1018/1018 952/952/952
f 1018/1018/1018 953/953/953 1019/1019/1019
f 954/954/954 1019/1019/1019 953/953/953
f 1019/1019/1019 954/954/954 1020/1020/1020
f 955/955/955 1020/1020/1020 954/954/954
f 1020/1020/1020 955/955/955 1021/1021/1021
f 956/956/956 1021/1021/1021 955/955/955
f 1021/1021/1021 956/956/956 1022/1022/1022
f 957/957/957 1022/1022/1022 956/956/956
f 1022/1022/1022 957/957/957 1023/1023/1023
f 958/958/958 1023/1023/1023 957/957/957
f 1023/1023/1023 958/958/958 1024/1024/1024
f 959/959/959 1024/1024/1024 958/958/958
f 1024/1024/1024 959/959/959 1025/1025/1025
f 960/960/960 1025/1025/1025 959/959/959
f 1025/1025/1025 960/960/960 1026/1026/1026
f 961/961/961 1026/1026/1026 960/960/960
f 1026/1026/1026 961/961/961 1027/1027/1027
f 962/962/962 1027/1027/1027 961/961/961
f 1027/1027/1027 962/962/962 1028/1028/1028
f 963/963/963 1028/1028/1028 962/962/962
f 1028/1028/1028 963/963/963 1029/1029/1029
f 964/964/964 1029/1029/1029 963/963/963
f 1029/1029/1029 964/964/964 1030/1030/1030
f 965/965/965 1030/1030/1030 964/964/964
f 1030/1030/1030 965/965/965 1031/1031/1031
f 966/966/966 1031/1031/1031 965/965/965
f 1031/1031/1031 966/966/966 1032/1032/1032
f 967/967/967 1032/1032/1032 966/966/966
f 1032/1032/1032 967/967/967 1033/1033/1033
f 968/968/968 1033/1033/1033 967/967/967
f 1033/1033/1033 968/968/968 1034/1034/1034
f 969/969/969 1034/1034/1034 968/968/968
f 1034/1034/1034 969/969/969 1035/1035/1035
f 970/970/970 1035/1035/1035 969/969/969
f 1035/1035/1035 970/970/970 1036/1036/1036
f 971/971/971 1036/1036/1036 970/970/970
f 1036/1036/1036 971/971/971 1037/1037/1037
f 972/972/972 1037/1037/1037 971/971/971
f 1037/1037/1037 972/972/972 1038/1038/1038
f 973/973/973 1038/1038/1038 972/972/972
f 1038/1038/1038 973/973/973 1039/1039/1039
f 974/974/974 1039/1039/1039 973/973/973
f 1039/1039/1039 974/974/974 1040/1040/1040
f 975/975/975 1040/1040/1040 974/974/974
f 1041/1041/1041 976/976/976 1042/1042/1042
f 977/977/977 1042/1042/1042 976/976/976
f 1042/1042/1042 977/977/977 1043/1043/1043
f 978/978/978 1043/1043/1043 977/977/977
f 1043/1043/1043 978/978/978 1044/1044/1044
f 979/979/979 1044/1044/1044 978/978/978
f 1044/1044/1044 979/979/979 1045/1045/1045
f 980/980/980 1045/1045/1045 979/979/979
f 1045/1045/1045 980/980/980 1046/1046/1046
f 981/981/981 1046/1046/1046 980/980/980
f 1046/1046/1046 981/981/981 1047/1047/1047
f 982/982/982 1047/1047/1047 981/981/981
f 1047/1047/1047 982/982/982 1048/1048/1048
f 983/983/983 1048/1048/1048 982/982/982
f 1048/1048/1048 983/983/983 1049/1049/1049
f 984/984/984 1049/1049/1049 983/983/983
f 1049/1049/1049 984/984/984 1050/1050/1050
f 985/985/985 1050/1050/1050 984/984/984
f 1050/1050/1050 985/985/985 1051/1051/1051
f 986/986/986 1051/1051/1051 985/985/985
f 1051/1051/1051 986/986/986 1052/1052/1052
f 987/987/987 1052/1052/1052 986/986/986
f 1052/1052/1052 987/987/987 1053/1053/1053
f 988/988/988 1053/1053/1053 987/987/987
f 1053/1053/1053 988/988/988 1054/1054/1054
f 989/989/989 1054/1054/1054 988/988/988
f 1054/1054/1054 989/989/989 1055/1055/1055
f 990/990/990 1055/1055/1055 989/989/989
f 1055/1055/1055 990/990/990 1056/1056/1056
f 991/991/991 1056/1056/1056 990/990/990
f 1056/1056/1056 991/991/991 1057/1057/1057
f 992/992/992 1057/1057/1057 991/991/991
f 1057/1057/1057 992/992/992 1058/1058/1058
f 993/993/993 1058/1058/1058 992/992/992
f 1058/1058/1058 993/993/993 1059/1059/1059
f 994/994/994 1059/1059/1059 993/993/993
f 1059/1059/1059 994/994/994 1060/1060/1060
f 995/995/995 1060/1060/1060 994/994/994
f 1060/1060/1060 995/995/995 1061/1061/1061
f 996/996/996 1061/1061/1061 995/995/995
f 1061/1061/1061 996/996/996 1062/1062/1062
f 997/997/997 1062/1062/1062 996/996/996
f 1062/1062/1062 997/997/997 1063/1063/1063
f 998/998/998 1063/1063/1063 997/997/997
f 1063/1063/1063 998/998/998 1064/1064/1064
f 999/999/999 1064/1064/1064 998/998/998
f 1064/1064/1064 999/999/999 1065/1065/1065
f 1000/1000/1000 1065/1065/1065 999/999/999
f 1065/1065/1065 1000/1000/1000 1066/1066/1066
f 1001/1001/1001 1066/1066/1066 1000/1000/1000
f 1066/1066/1066 1001/1001/1001 1067/1067/1067
f 1002/1002/1002 1067/1067/1067 1001/1001/1001
f 1067/1067/1067 1002/1002/1002 1068/1068/1068
f 1003/1003/1003 1068/1068/1068 1002/1002/1002
f 1068/1068/1068 1003/1003/1003 1069/1069/1069
f 1004/1004/1004 1069/1069/1069 1003/1003/1003
f 1069/1069/1069 1004/1004/1004 1070/1070/1070
f 1005/1005/1005 1070/1070/1070 1004/1004/1004
f 1070/1070/1070 1005/1005/1005 1071/1071/1071
f 1006/1006/1006 1071/1071/1071 1005/1005/1005
f 1071/1071/1071 1006/1006/1006 1072/1072/1072
f 1007/1007/1007 1072/1072/1072 1006/1006/1006
f 1072/1072/1072 1007/1007/1007 1073/1073/1073
f 1008/1008/1008 1073/1073/1073 1007/1007/1007
f 1073/1073/1073 1008/1008/1008 1074/1074/1074
f 1009/1009/1009 1074/1074/1074 1008/1008/1008
f 1074/1074/1074 1009/1009/1009 1075/1075/1075
f 1010/1010/1010 1075/1075/1075 1009/1009/1009
f 1075/1075/1075 1010/1010/1010 1076/1076/1076
f 1011/1011/1011 1076/1076/1076 1010/1010/1010
f 1076/1076/1076 1011/1011/1011 1077/1077/1077
f 1012/1012/1012 1077/1077/1077 1011/1011/1011
f 1077/1077/1077 1012/1012/1012 1078/1078/1078
f 1013/1013/1013 1078/1078/1078 1012/1012/1012
f 1078/1078/1078 1013/1013/1013 1079/1079/1079
f 1014/1014/1014 1079/1079/1079 1013/1013/1013
f 1079/1079/1079 1014/1014/1014 1080/1080/1080
f 1015/1015/1015 1080/1080/1080 1014/1014/1014
f 1080/1080/1080 1015/1015/1015 1081/1081/1081
f 1016/1016/1016 1081/1081/1081 1015/1015/1015
f 1081/1081/1081 1016/1016/1016 1082/1082/1082
f 1017/1017/1017 1082/1082/1082 1016/1016/1016
f 1082/1082/1082 1017/1017/1017 1083/1083/1083
f 1018/1018/1018 1083/1083/1083 1017/1017/1017
f 1083/1083/1083 1018/1018/1018 1084/1084/1084
f 1019/1019/1019 1084/1084/1084 1018/1018/1018
f 1084/1084/1084 1019/1019/1019 1085/1085/1085
f 1020/1020/1020 1085/1085/1085 1019/1019/1019
f 1085/1085/1085 1020/1020/1020 1086/1086/1086
f 1021/1021/1021 1086/1086/1086 1020/1020/1020
f 1086/1086/1086 1021/1021/1021 1087/1087/1087
f 1022/1022/1022 1087/1087/1087 1021/1021/1021
f 1087/1087/1087 1022/1022/1022 1088/1088/1088
f 1023/1023/1023 1088/1088/1088 1022/1022/1022
f 1088/1088/1088 1023/1023/1023 1089/1089/1089
f 1024/1024/1024 1089/1089/1089 1023/1023/1023
f 1089/1089/1089 1024/1024/1024 1090/1090/1090
f 1025/1025/1025 1090/1090/1090 1024/1024/1024
f 1090/1090/1090 1025/1025/1025 1091/1091/1091
f 1026/1026/1026 1091/1091/1091 1025/1025/1025
f 1091/1091/1091 1026/1026/1026 1092/1092/1092
f 1027/1027/1027 1092/1092/1092 1026/1026/1026
f 1092/1092/1092 1027/1027/1027 1093/1093/1093
f 1028/1028/1028 1093/1093/1093 1027/1027/1027
f 1093/1093/1093 1028/1028/1028 1094/1094/1094
f 1029/1029/1029 1094/1094/1094 1028/1028/1028
f 1094/1094/1094 1029/1029/1029 1095/1095/1095
f 1030/1030/1030 1095/1095/1095 1029/1029/1029
f 1095/1095/1095 1030/1030/1030 1096/1096/1096
f 1031/1031/1031 1096/1096/1096 1030/1030/1030
f 1096/1096/1096 1031/1031/1031 1097/1097/1097
f 1032/1032/1032 1097/1097/1097 1031/1031/1031
f 1097/1097/1097 1032/1032/1032 1098/1098/1098
f 1033/1033/1033 1098/1098/1098 1032/1032/1032
f 1098/1098/1098 1033/1033/1033 1099/1099/1099
f 1034/1034/1034 1099/1099/1099 1033/1033/1033
f 1099/1099/1099 1034/1034/1034 1100/1100/1100
f 1035/1035/1035 1100/1100/1100 1034/1034/1034
f 1100/1100/1100 1035/1035/1035 1101/1101/1101
f 1036/1036/1036 1101/1101/1101 1035/1035/1035
f 1101/1101/1101 1036/1036/1036 1102/1102/1102
f 1037/1037/1037 1102/1102/1102 1036/1036/1036
f 1102/1102/1102 1037/1037/1037 1103/1103/1103
f 1038/1038/1038 1103/1103/1103 1037/1037/1037
f 1103/1103/1103 1038/1038/1038 1104/1104/1104
f 1039/1039/1039 1104/1104/1104 1038/1038/1038
f 1104/1104/1104 1039/1039/1039 1105/1105/1105
f 1040/1040/1040 1105/1105/1105 1039/1039/1039
f 1106/1106/1106 1041/1041/1041 1107/1107/1107
f 1042/1042/1042 1107/1107/1107 1041/1041/1041
f 1107/1107/1107 1042/1042/1042 1108/1108/1108
f 1043/1043/1043 1108/1108/1108 1042/1042/1042
f 1108/1108/1108 1043/1043/1043 1109/1109/1109
f 1044/1044/1044 1109/1109/1109 1043/1043/1043
f 1109/1109/1109 1044/1044/1044 1110/1110/1110
f 1045/1045/1045 1110/1110/1110 1044/1044/1044
f 1110/1110/1110 1045/1045/1045 1111/1111/1111
f 1046/1046/1046 1111/1111/1111 1045/1045/1045
f 1111/1111/1111 1046/1046/1046 1112/1112/1112
f 1047/1047/1047 1112/1112/1112 1046/1046/1046
f 1112/1112/1112 1047/1047/1047 1113/1113/1113
f 1048/1048/1048 1113/1113/1113 1047/1047/1047
f 1113/1113/1113 1048/1048/1048 1114/1114/1114
f 1049/1049/1049 1114/1114/1114 1048/1048/1048
f 1114/1114/1114 1049/1049/1049 1115/1115/1115
f 1050/1050/1050 1115/1115/1115 1049/1049/1049
f 1115/1115/1115 1050/1050/1050 1116/1116/1116
f 1051/1051/1051 1116/1116/1116 1050/1050/1050
f 1116/1116/1116 1051/1051/1051 1117/1117/1117
f 1052/1052/1052 1117/1117/1117 1051/1051/1051
f 1117/1117/1117 1052/1052/1052 1118/1118/1118
f 1053/1053/1053 1118/1118/1118 1052/1052/1052
f 1118/1118/1118 1053/1053/1053 1119/1119/1119
f 1054/1054/1054 1119/1119/1119 1053/1053/1053
f 1119/1119/1119 1054/1054/1054 1120/1120/1120
f 1055/1055/1055 1120/1120/1120 1054/1054/1054
f 1120/1120/1120 1055/1055/1055 1121/1121/1121
f 1056/1056/1056 1121/1121/1121 1055/1055/1055
f 1121/1121/1121 1056/1056/1056 1122/1122/1122
f 1057/1057/1057 1122/1122/1122 1056/1056/1056
f 1122/1122/1122 1057/1057/1057 1123/1123/1123
f 1058/1058/1058 1123/1123/1123 1057/1057/1057
f 1123/1123/1123 1058/1058/1058 1124/1124/1124
f 1059/1059/1059 1124/1124/1124 1058/1058/1058
f 1124/1124/1124 1059/1059/1059 1125/1125/1125
f 1060/1060/1060 1125/1125/1125 1059/1059/1059
f 1125/1125/1125 1060/1060/1060 1126/1126/1126
f 1061/1061/1061 1126/1126/1126 1060/1060/1060
f 1126/1126/1126 1061/1061/1061 1127/1127/1127
f 1062/1062/1062 1127/1127/1127 1061/1061/1061
f 1127/1127/1127 1062/1062/1062 1128/1128/1128
f 1063/1063/1063 1128/1128/1128 1062/1062/1062
f 1128/1128/1128 1063/1063/1063 1129/1129/1129
f 1064/1064/1064 1129/1129/1129 1063/1063/1063
f 1129/1129/1129 1064/1064/1064 1130/1130/1130
f 1065/1065/1065 1130/1130/1130 1064/1064/1064
f 1130/1130/1130 1065/1065/1065 1131/1131/1131
f 1066/1066/1066 1131/1131/1131 1065/1065/1065
f 1131/1131/1131 1066/1066/1066 1132/1132/1132
f 1067/1067/1067 1132/1132/1132 1066/1066/1066
f 1132/1132/1132 1067/1067/1067 1133/1133/1133
f 1068/1068/1068 1133/1133/1133 1067/1067/1067
f 1133/1133/1133 1068/1068/1068 1134/1134/1134
f 1069/1069/1069 1134/1134/1134 1068/1068/1068
f 1134/1134/1134 1069/1069/1069 1135/1135/1135
f 1070/1070/1070 1135/1135/1135 1069/1069/1069
f 1135/1135/1135 1070/1070/1070 1136/1136/1136
f 1071/1071/1071 1136/1136/1136 1070/1070/1070
f 1136/1136/1136 1071/1071/1071 1137/1137/1137
f 1072/1072/1072 1137/1137/1137 1071/1071/1071
f 1137/1137/1137 1072/1072/1072 1138/1138/1138
f 1073/1073/1073 1138/1138/1138 1072/1072/1072
f 1138/1138/1138 1073/1073/1073 1139/1139/1139
f 1074/1074/1074 1139/1139/1139 1073/1073/1073
f 1139/1139/1139 1074/1074/1074 1140/1140/1140
f 1075/1075/1075 1140/1140/1140 1074/1074/1074
f 1140/1140/1140 1075/1075/1075 1141/1141/1141
f 1076/1076/1076 1141/1141/1141 1075/1075/1075
f 1141/1141/1141 1076/1076/1076 1142/1142/1142
f 1077/1077/1077 1142/1142/1142 1076/1076/1076
f 1142/1142/1142 1077/1077/1077 1143/1143/1143
f 1078/1078/1078 1143/1143/1143 1077/1077/1077
f 1143/1143/1143 1078/1078/1078 1144/1144/1144
f 1079/1079/1079 1144/1144/1144 1078/1078/1078
f 1144/1144/1144 1079/1079/1079 1145/1145/1145
f 1080/1080/1080 1145/1145/1145 1079/1079/1079
f 1145/1145/1145 1080/1080/1080 1146/1146/1146
f 1081/1081/1081 1146/1146/1146 1080/1080/1080
f 1146/1146/1146 1081/1081/1081 1147/1147/1147
f 1082/1082/1082 1147/1147/1147 1081/1081/1081
f 1147/1147/1147 1082/1082/1082 1148/1148/1148
f 1083/1083/1083 1148/1148/1148 1082/1082/1082
f 1148/1148/1148 1083/1083/1083 1149/1149/1149
f 1084/1084/1084 1149/1149/1149 1083/1083/1083
f 1149/1149/1149 1084/1084/1084 1150/1150/1150
f 1085/1085/1085 1150/1150/1150 1084/1084/1084
f 1150/1150/1150 1085/1085/1085 1151/1151/1151
f 1086/1086/1086 1151/1151/1151 1085/1085/1085
f 1151/1151/1151 1086/1086/1086 1152/1152/1152
f 1087/1087/1087 1152/1152/1152 1086/1086/1086
f 1152/1152/1152 1087/1087/1087 1153/1153/1153
f 1088/1088/1088 1153/1153/1153 1087/1087/1087
f 1153/1153/1153 1088/1088/1088 1154/1154/1154
f 1089/1089/1089 1154/1154/1154 1088/1088/1088
f 1154/1154/1154 1089/1089/1089 1155/1155/1155
f 1090/1090/1090 1155/1155/1155 1089/1089/1089
f 1155/1155/1155 1090/1090/1090 1156/1156/1156
f 1091/1091/1091 1156/1156/1156 1090/1090/1090
f 1156/1156/1156 1091/1091/1091 1157/1157/1157
f 1092/1092/1092 1157/1157/1157 1091/1091/1091
f 1157/1157/1157 1092/1092/1092 1158/1158/1158
f 1093/1093/1093 1158/1158/1158 1092/1092/1092
f 1158/1158/1158 1093/1093/1093 1159/1159/1159
f 1094/1094/1094 1159/1159/1159 1093/1093/1093
f 1159/1159/1159 1094/1094/1094 1160/1160/1160
f 1095/1095/1095 1160/1160/1160 1094/1094/1094
f 1160/1160/1160 1095/1095/1095 1161/1161/1161
f 1096/1096/1096 1161/1161/1161 1095/1095/1095
f 1161/1161/1161 1096/1096/1096 1162/1162/1162
f 1097/1097/1097 1162/1162/1162 1096/1096/1096
f 1162/1162/1162 1097/1097/1097 1163/1163/1163
f 1098/1098/1098 1163/1163/1163 1097/1097/1097
f 1163/1163/1163 1098/1098/1098 1164/1164/1164
f 1099/1099/1099 1164/1164/1164 1098/1098/1098
f 1164/1164/1164 1099/1099/1099 1165/1165/1165
f 1100/1100/1100 1165/1165/1165 1099/1099/1099
f 1165/1165/1165 1100/1100/1100 1166/1166/1166
f 1101/1101/1101 1166/1166/1166 1100/1100/1100
f 1166/1166/1166 1101/1101/1101 1167/1167/1167
f 1102/1102/1102 1167/1167/1167 1101/1101/1101
f 1167/1167/1167 1102/1102/1102 1168/1168/1168
f 1103/1103/1103 1168/1168/1168 1102/1102/1102
f 1168/1168/1168 1103/1103/1103 1169/1169/1169
f 1104/1104/1104 1169/1169/1169 1103/1103/1103
f 1169/1169/1169 1104/1104/1104 1170/1170/1170
f 1105/1105/1105 1170/1170/1170 1104/1104/1104
f 1171/1171/1171 1106/1106/1106 1172/1172/1172
f 1107/1107/1107 1172/1172/1172 1106/1106/1106
f 1172/1172/1172 1107/1107/1107 1173/1173/1173
f 1108/1108/1108 1173/1173/1173 1107/1107/1107
f 1173/1173/1173 1108/1108/1108 1174/1174/1174
f 1109/1109/1109 1174/1174/1174 1108/1108/1108
f 1174/1174/1174 1109/1109/1109 1175/1175/1175
f 1110/1110/1110 1175/1175/1175 1109/1109/1109
f 1175/1175/1175 1110/1110/1110 1176/1176/1176
f 1111/1111/1111 1176/1176/1176 1110/1110/1110
f 1176/1176/1176 1111/1111/1111 1177/1177/1177
f 1112/1112/1112 1177/1177/1177 1111/1111/1111
f 1177/1177/1177 1112/1112/1112 1178/1178/1178
f 1113/1113/1113 1178/1178/1178 1112/1112/1112
f 1178/1178/1178 1113/1113/1113 1179/1179/1179
f 1114/1114/1114 1179/1179/1179 1113/1113/1113
f 1179/1179/1179 1114/1114/1114 1180/1180/1180
f 1115/1115/1115 1180/1180/1180 1114/1114/1114
f 1180/1180/1180 1115/1115/1115 1181/1181/1181
f 1116/1116/1116 1181/1181/1181 1115/1115/1115
f 1181/1181/1181 1116/1116/1116 1182/1182/1182
f 1117/1117/1117 1182/1182/1182 1116/1116/1116
f 1182/1182/1182 1117/1117/1117 1183/1183/1183
f 1118/1118/1118 1183/1183/1183 1117/1117/1117
f 1183/1183/1183 1118/1118/1118 1184/1184/1184
f 1119/1119/1119 1184/1184/1184 1118/1118/1118
f 1184/1184/1184 1119/1119/1119 1185/1185/1185
f 1120/1120/1120 1185/1185/1185 1119/1119/1119
f 1185/1185/1185 1120/1120/1120 1186/1186/1186
f 1121/1121/1121 1186/1186/1186 1120/1120/1120
f 1186/1186/1186 1121/1121/1121 1187/1187/1187
f 1122/1122/1122 1187/1187/1187 1121/1121/1121
f 1187/1187/1187 1122/1122/1122 1188/1188/1188
f 1123/1123/1123 1188/1188/1188 1122/1122/1122
f 1188/1188/1188 1123/1123/1123 1189/1189/1189
f 1124/1124/1124 1189/1189/1189 1123/1123/1123
f 1189/1189/1189 1124/1124/1124 1190/1190/1190
f 1125/1125/1125 1190/1190/1190 1124/1124/1124
f 1190/1190/1190 1125/1125/1125 1191/1191/1191
f 1126/1126/1126 1191/1191/1191 1125/1125/1125
f 1191/1191/1191 1126/1126/1126 1192/1192/1192
f 1127/1127/1127 1192/1192/1192 1126/1126/1126
f 1192/1192/1192 1127/1127/1127 1193/1193/1193
f 1128/1128/1128 1193/1193/1193 1127/1127/1127
f 1193/1193/1193 1128/1128/1128 1194/1194/1194
f 1129/1129/1129 1194/1194/1194 1128/1128/1128
f 1194/1194/1194 1129/1129/1129 1195/1195/1195
f 1130/1130/1130 1195/1195/1195 1129/1129/1129
f 1195/1195/1195 1130/1130/1130 1196/1196/1196
f 1131/1131/1131 1196/1196/1196 1130/1130/1130
f 1196/1196/1196 1131/1131/1131 1197/1197/1197
f 1132/1132/1132 1197/1197/1197 1131/1131/1131
f 1197/1197/1197 1132/1132/1132 1198/1198/1198
f 1133/1133/1133 1198/1198/1198 1132/1132/1132
f 1198/1198/1198 1133/1133/1133 1199/1199/1199
f 1134/1134/1134 1199/1199/1199 1133/1133/1133
f 1199/1199/1199 1134/1134/1134 1200/1200/1200
f 1135/1135/1135 1200/1200/1200 1134/1134/1134
f 1200/1200/1200 1135/1135/1135 1201/1201/1201
f 1136/1136/1136 1201/1201/1201 1135/1135/1135
f 1201/1201/1201 1136/1136/1136 1202/1202/1202
f 1137/1137/1137 1202/1202/1202 1136/1136/1136
f 1202/1202/1202 1137/1137/1137 1203/1203/1203
f 1138/1138/1138 1203/1203/1203 1137/1137/1137
f 1203/1203/1203 1138/1138/1138 1204/1204/1204
f 1139/1139/1139 1204/1204/1204 1138/1138/1138
f 1204/1204/1204 1139/1139/1139 1205/1205/1205
f 1140/1140/1140 1205/1205/1205 1139/1139/1139
f 1205/1205/1205 1140/1140/1140 1206/1206/1206
f 1141/1141/1141 1206/1206/1206 1140/1140/1140
f 1206/1206/1206 1141/1141/1141 1207/1207/1207
f 1142/1142/1142 1207/1207/1207 1141/1141/1141
f 1207/1207/1207 1142/1142/1142 1208/1208/1208
f 1143/1143/1143 1208/1208/1208 1142/1142/1142
f 1208/1208/1208 1143/1143/1143 1209/1209/1209
f 1144/1144/1144 1209/1209/1209 1143/1143/1143
f 1209/1209/1209 1144/1144/1144 1210/1210/1210
f 1145/1145/1145 1210/1210/1210 1144/1144/1144
f 1210/1210/1210 1145/1145/1145 1211/1211/1211
f 1146/1146/1146 1211/1211/1211 1145/1145/1145
f 1211/1211/1211 1146/1146/1146 1212/1212/1212
f 1147/1147/1147 1212/1212/1212 1146/1146/1146
f 1212/1212/1212 1147/1147/1147 1213/1213/1213
f 1148/1148/1148 1213/1213/1213 1147/1147/1147
f 1213/1213/1213 1148/1148/1148 1214/1214/1214
f 1149/1149/1149 1214/1214/1214 1148/1148/1148
f 1214/1214/1214 1149/1149/1149 1215/1215/1215
f 1150/1150/1150 1215/1215/1215 1149/1149/1149
f 1215/1215/1215 1150/1150/1150 1216/1216/1216
f 1151/1151/1151 1216/1216/1216 1150/1150/1150
f 1216/1216/1216 1151/1151/1151 1217/1217/1217
f 1152/1152/1152 1217/1217/1217 1151/1151/1151
f 1217/1217/1217 1152/1152/1152 1218/1218/1218
f 1153/1153/1153 1218/1218/1218 1152/1152/1152
f 1218/1218/1218 1153/1153/1153 1219/1219/1219
f 1154/1154/1154 1219/1219/1219 1153/1153/1153
f 1219/1219/1219 1154/1154/1154 1220/1220/1220
f 1155/1155/1155 1220/1220/1220 1154/1154/1154
f 1220/1220/1220 1155/1155/1155 1221/1221/1221
f 1156/1156/1156 1221/1221/1221 1155/1155/1155
f 1221/1221/1221 1156/1156/1156 1222/1222/1222
f 1157/1157/1157 1222/1222/1222 1156/1156/1156
f 1222/1222/1222 1157/1157/1157 1223/1223/1223
f 1158/1158/1158 1223/1223/1223 1157/1157/1157
f 1223/1223/1223 1158/1158/1158 1224/1224/1224
f 1159/1159/1159 1224/1224/1224 1158/1158/1158
f 1224/1224/1224 1159/1159/1159 1225/1225/1225
f 1160/1160/1160 1225/1225/1225 1159/1159/1159
f 1225/1225/1225 1160/1160/1160 1226/1226/1226
f 1161/1161/1161 1226/1226/1226 1160/1160/1160
f 1226/1226/1226 1161/1161/1161 1227/1227/1227
f 1162/1162/1162 1227/1227/1227 1161/1161/1161
f 1227/1227/1227 1162/1162/1162 1228/1228/1228
f 1163/1163/1163 1228/1228/1228 1162/1162/1162
f 1228/1228/1228 1163/1163/1163 1229/1229/1229
f 1164/1164/1164 1229/1229/1229 1163/1163/1163
f 1229/1229/1229 1164/1164/1164 1230/1230/1230
f 1165/1165/1165 1230/1230/1230 1164/1164/1164
f 1230/1230/1230 1165/1165/1165 1231/1231/1231
f 1166/1166/1166 1231/1231/1231 1165/1165/1165
f 1231/1231/1231 1166/1166/1166 1232/1232/1232
f 1167/1167/1167 1232/1232/1232 1166/1166/1166
f 1232/1232/1232 1167/1167/1167 1233/1233/1233
f 1168/1168/1168 1233/1233/1233 1167/1167/1167
f 1233/1233/1233 1168/1168/1168 1234/1234/1234
f 1169/1169/1169 1234/1234/1234 1168/1168/1168
f 1234/1234/1234 1169/1169/1169 1235/1235/1235
f 1170/1170/1170 1235/1235/1235 1169/1169/1169
f 1236/1236/1236 1171/1171/1171 1237/1237/1237
f 1172/1172/1172 1237/1237/1237 1171/1171/1171
f 1237/1237/1237 1172/1172/1172 1238/1238/1238
f 1173/1173/1173 1238/1238/1238 1172/1172/1172
f 1238/1238/1238 1173/1173/1173 1239/1239/1239
f 1174/1174/1174 1239/1239/1239 1173/1173/1173
f 1239/1239/1239 1174/1174/1174 1240/1240/1240
f 1175/1175/1175 1240/1240/1240 1174/1174/1174
f 1240/1240/1240 1175/1175/1175 1241/1241/1241
f 1176/1176/1176 1241/1241/1241 1175/1175/1175
f 1241/1241/1241 1176/1176/1176 1242/1242/1242
f 1177/1177/1177 1242/1242/1242 1176/1176/1176
f 1242/1242/1242 1177/1177/1177 1243/1243/1243
f 1178/1178/1178 1243/1243/1243 1177/1177/1177
f 1243/1243/1243 1178/1178/1178 1244/1244/1244
f 1179/1179/1179 1244/1244/1244 1178/1178/1178
f 1244/1244/1244 1179/1179/1179 1245/1245/1245
f 1180/1180/1180 1245/1245/1245 1179/1179/1179
f 1245/1245/1245 1180/1180/1180 1246/1246/1246
f 1181/1181/1181 1246/1246/1246 1180/1180/1180
f 1246/1246/1246 1181/1181/1181 1247/1247/1247
f 1182/1182/1182 1247/1247/1247 1181/1181/1181
f 1247/1247/1247 1182/1182/1182 1248/1248/1248
f 1183/1183/1183 1248/1248/1248 1182/1182/1182
f 1248/1248/1248 1183/1183/1183 1249/1249/1249
f 1184/1184/1184 1249/1249/1249 1183/1183/1183
f 1249/1249/1249 1184/1184/1184 1250/1250/1250
f 1185/1185/1185 1250/1250/1250 1184/1184/1184
f 1250/1250/1250 1185/1185/1185 1251/1251/1251
f 1186/1186/1186 1251/1251/1251 1185/1185/1185
f 1251/1251/1251 1186/1186/1186 1252/1252/1252
f 1187/1187/1187 1252/1252/1252 1186/1186/1186
f 1252/1252/1252 1187/1187/1187 1253/1253/1253
f 1188/1188/1188 1253/1253/1253 1187/1187/1187
f 1253/1253/1253 1188/1188/1188 1254/1254/1254
f 1189/1189/1189 1254/1254/1254 1188/1188/1188
f 1254/1254/1254 1189/1189/1189 1255/1255/1255
f 1190/1190/1190 1255/1255/1255 1189/1189/1189
f 1255/1255/1255 1190/1190/1190 1256/1256/1256
f 1191/1191/1191 1256/1256/1256 1190/1190/1190
f 1256/1256/1256 1191/1191/1191 1257/1257/1257
f 1192/1192/1192 1257/1257/1257 1191/1191/1191
f 1257/1257/1257 1192/1192/1192 1258/1258/1258
f 1193/1193/1193 1258/1258/1258 1192/1192/1192
f 1258/1258/1258 1193/1193/1193 1259/1259/1259
f 1194/1194/1194 1259/1259/1259 1193/1193/1193
f 1259/1259/1259 1194/1194/1194 1260/1260/1260
f 1195/1195/1195 1260/1260/1260 1194/1194/1194
f 1260/1260/1260 1195/1195/1195 1261/1261/1261
f 1196/1196/1196 1261/1261/1261 1195/1195/1195
f 1261/1261/1261 1196/1196/1196 1262/1262/1262
f 1197/1197/1197 1262/1262/1262 1196/1196/1196
f 1262/1262/1262 1197/1197/1197 1263/1263/1263
f 1198/1198/1198 1263/1263/1263 1197/1197/1197
f 1263/1263/1263 1198/1198/1198 1264/1264/1264
f 1199/1199/1199 1264/1264/1264 1198/1198/1198
f 1264/1264/1264 1199/1199/1199 1265/1265/1265
f 1200/1200/1200 1265/1265/1265 1199/1199/1199
f 1265/1265/1265 1200/1200/1200 1266/1266/1266
f 1201/1201/1201 1266/1266/1266 1200/1200/1200
f 1266/1266/1266 1201/1201/1201 1267/1267/1267
f 1202/1202/1202 1267/1267/1267 1201/1201/1201
f 1267/1267/1267 1202/1202/1202 1268/1268/1268
f 1203/1203/1203 1268/1268/1268 1202/1202/1202
f 1268/1268/1268 1203/1203/1203 1269/1269/1269
f 1204/1204/1204 1269/1269/1269 1203/1203/1203
f 1269/1269/1269 1204/1204/1204 1270/1270/1270
f 1205/1205/1205 1270/1270/1270 1204/1204/1204
f 1270/1270/1270 1205/1205/1205 1271/1271/1271
f 1206/1206/1206 1271/1271/1271 1205/1205/1205
f 1271/1271/1271 1206/1206/1206 1272/1272/1272
f 1207/1207/1207 1272/1272/1272 1206/1206/1206
f 1272/1272/1272 1207/1207/1207 1273/1273/1273
f 1208/1208/1208 1273/1273/1273 1207/1207/1207
f 1273/1273/1273 1208/1208/1208 1274/1274/1274
f 1209/1209/1209 1274/1274/1274 1208/1208/1208
f 1274/1274/1274 1209/1209/1209 1275/1275/1275
f 1210/1210/1210 1275/1275/1275 1209/1209/1209
f 1275/1275/1275 1210/1210/1210 1276/1276/1276
f 1211/1211/1211 1276/1276/1276 1210/1210/1210
f 1276/1276/1276 1211/1211/1211 1277/1277/1277
f 1212/1212/1212 1277/1277/1277 1211/1211/1211
f 1277/1277/1277 1212/1212/1212 1278/1278/1278
f 1213/1213/1213 1278/1278/1278 1212/1212/1212
f 1278/1278/1278 1213/1213/1213 1279/1279/1279
f 1214/1214/1214 1279/1279/1279 1213/1213/1213
f 1279/1279/1279 1214/1214/1214 1280/1280/1280
f 1215/1215/1215 1280/1280/1280 1214/1214/1214
f 1280/1280/1280 1215/1215/1215 1281/1281/1281
f 1216/1216/1216 1281/1281/1281 1215/1215/1215
f 1281/1281/1281 1216/1216/1216 1282/1282/1282
f 1217/1217/1217 1282/1282/1282 1216/1216/1216
f 1282/1282/1282 1217/1217/1217 1283/1283/1283
f 1218/1218/1218 1283/1283/1283 1217/1217/1217
f 1283/1283/1283 1218/1218/1218 1284/1284/1284
f 1219/1219/1219 1284/1284/1284 1218/1218/1218
f 1284/1284/1284 1219/1219/1219 1285/1285/1285
f 1220/1220/1220 1285/1285/1285 1219/1219/1219
f 1285/1285/1285 1220/1220/1220 1286/1286/1286
f 1221/1221/1221 1286/1286/1286 1220/1220/1220
f 1286/1286/1286 1221/1221/1221 1287/1287/1287
f 1222/1222/1222 1287/1287/1287 1221/1221/1221
f 1287/1287/1287 1222/1222/1222 1288/1288/1288
f 1223/1223/1223 1288/1288/1288 1222/1222/1222
f 1288/1288/1288 1223/1223/1223 1289/1289/1289
f 1224/1224/1224 1289/1289/1289 1223/1223/1223
f 1289/1289/1289 1224/1224/1224 1290/1290/1290
f 1225/1225/1225 1290/1290/1290 1224/1224/1224
f 1290/1290/1290 1225/1225/1225 1291/1291/1291
f 1226/1226/1226 1291/1291/1291 1225/1225/1225
f 1291/1291/1291 1226/1226/1226 1292/1292/1292
f 1227/1227/1227 1292/1292/1292 1226/1226/1226
f 1292/1292/1292 1227/1227/1227 1293/1293/1293
f 1228/1228/1228 1293/1293/1293 1227/1227/1227
f 1293/1293/1293 1228/1228/1228 1294/1294/1294
f 1229/1229/1229 1294/1294/1294 1228/1228/1228
f 1294/1294/1294 1229/1229/1229 1295/1295/1295
f 1230/1230/1230 1295/1295/1295 1229/1229/1229
f 1295/1295/1295 1230/1230/1230 1296/1296/1296
f 1231/1231/1231 1296/1296/1296 1230/1230/1230
f 1296/1296/1296 1231/1231/1231 1297/1297/1297
f 1232/1232/1232 1297/1297/1297 1231/1231/1231
f 1297/1297/1297 1232/1232/1232 1298/1298/1298
f 1233/1233/1233 1298/1298/1298 1232/1232/1232
f 1298/1298/1298 1233/1233/1233 1299/1299/1299
f 1234/1234/1234 1299/1299/1299 1233/1233/1233
f 1299/1299/1299 1234/1234/1234 1300/1300/1300
f 1235/1235/1235 1300/1300/1300 1234/1234/1234
f 1301/1301/1301 1236/1236/1236 1302/1302/1302
f 1237/1237/1237 1302/1302/1302 1236/1236/1236
f 1302/1302/1302 1237/1237/1237 1303/1303/1303
f 1238/1238/1238 1303/1303/1303 1237/1237/1237
f 1303/1303/1303 1238/1238/1238 1304/1304/1304
f 1239/1239/1239 1304/1304/1304 1238/1238/1238
f 1304/1304/1304 1239/1239/1239 1305/1305/1305
f 1240/1240/1240 1305/1305/1305 1239/1239/1239
f 1305/1305/1305 1240/1240/1240 1306/1306/1306
f 1241/1241/1241 1306/1306/1306 1240/1240/1240
f 1306/1306/1306 1241/1241/1241 1307/1307/1307
f 1242/1242/1242 1307/1307/1307 1241/1241/1241
f 1307/1307/1307 1242/1242/1242 1308/1308/1308
f 1243/1243/1243 1308/1308/1308 1242/1242/1242
f 1308/1308/1308 1243/1243/1243 1309/1309/1309
f 1244/1244/1244 1309/1309/1309 1243/1243/1243
f 1309/1309/1309 1244/1244/1244 1310/1310/1310
f 1245/1245/1245 1310/1310/1310 1244/1244/1244
f 1310/1310/1310 1245/1245/1245 1311/1311/1311
f 1246/1246/1246 1311/1311/1311 1245/1245/1245
f 1311/1311/1311 1246/1246/1246 1312/1312/1312
f 1247/1247/1247 1312/1312/1312 1246/1246/1246
f 1312/1312/1312 1247/1247/1247 1313/1313/1313
f 1248/1248/1248 1313/1313/1313 1247/1247/1247
f 1313/1313/1313 1248/1248/1248 1314/1314/1314
f 1249/1249/1249 1314/1314/1314 1248/1248/1248
f 1314/1314/1314 1249/1249/1249 1315/1315/1315
f 1250/1250/1250 1315/1315/1315 1249/1249/1249
f 1315/1315/1315 1250/1250/1250 1316/1316/1316
f 1251/1251/1251 1316/1316/1316 1250/1250/1250
f 1316/1316/1316 1251/1251/1251 1317/1317/1317
f 1252/1252/1252 1317/1317/1317 1251/1251/1251
f 1317/1317/1317 1252/1252/1252 1318/1318/1318
f 1253/1253/1253 1318/1318/1318 1252/1252/1252
f 1318/1318/1318 1253/1253/1253 1319/1319/1319
f 1254/1254/1254 1319/1319/1319 1253/1253/1253
f 1319/1319/1319 1254/1254/1254 1320/1320/1320
f 1255/1255/1255 1320/1320/1320 1254/1254/1254
f 1320/1320/1320 1255/1255/1255 1321/1321/1321
f 1256/1256/1256 1321/1321/1321 1255/1255/1255
f 1321/1321/1321 1256/1256/1256 1322/1322/1322
f 1257/1257/1257 1322/1322/1322 1256/1256/1256
f 1322/1322/1322 1257/1257/1257 1323/1323/1323
f 1258/1258/1258 1323/1323/1323 1257/1257/1257
f 1323/1323/1323 1258/1258/1258 1324/1324/1324
f 1259/1259/1259 1324/1324/1324 1258/1258/1258
f 1324/1324/1324 1259/1259/1259 1325/1325/1325
f 1260/1260/1260 1325/1325/1325 1259/1259/1259
f 1325/1325/1325 1260/1260/1260 1326/1326/1326
f 1261/1261/1261 1326/1326/1326 1260/1260/1260
f 1326/1326/1326 1261/1261/1261 1327/1327/1327
f 1262/1262/1262 1327/1327/1327 1261/1261/1261
f 1327/1327/1327 1262/1262/1262 1328/1328/1328
f 1263/1263/1263 1328/1328/1328 1262/1262/1262
f 1328/1328/1328 1263/1263/1263 1329/1329/1329
f 1264/1264/1264 1329/1329/1329 1263/1263/1263
f 1329/1329/1329 1264/1264/1264 1330/1330/1330
f 1265/1265/1265 1330/1330/1330 1264/1264/1264
f 1330/1330/1330 1265/1265/1265 1331/1331/1331
f 1266/1266/1266 1331/1331/1331 1265/1265/1265
f 1331/1331/1331 1266/1266/1266 1332/1332/1332
f 1267/1267/1267 1332/1332/1332 1266/1266/1266
f 1332/1332/1332 1267/1267/1267 1333/1333/1333
f 1268/1268/1268 1333/1333/1333 1267/1267/1267
f 1333/1333/1333 1268/1268/1268 1334/1334/1334
f 1269/1269/1269 1334/1334/1334 1268/1268/1268
f 1334/1334/1334 1269/1269/1269 1335/1335/1335
f 1270/1270/1270 1335/1335/1335 1269/1269/1269
f 1335/1335/1335 1270/1270/1270 1336/1336/1336
f 1271/1271/1271 1336/1336/1336 1270/1270/1270
f 1336/1336/1336 1271/1271/1271 1337/1337/1337
f 1272/1272/1272 1337/1337/1337 1271/1271/1271
f 1337/1337/1337 1272/1272/1272 1338/1338/1338
f 1273/1273/1273 1338/1338/1338 1272/1272/1272
f 1338/1338/1338 1273/1273/1273 1339/1339/1339
f 1274/1274/1274 1339/1339/1339 1273/1273/1273
f 1339/1339/1339 1274/1274/1274 1340/1340/1340
f 1275/1275/1275 1340/1340/1340 1274/1274/1274
f 1340/1340/1340 1275/1275/1275 1341/1341/1341
f 1276/1276/1276 1341/1341/1341 1275/1275/1275
f 1341/1341/1341 1276/1276/1276 1342/1342/1342
f 1277/1277/1277 1342/1342/1342 1276/1276/1276
f 1342/1342/1342 1277/1277/1277 1343/1343/1343
f 1278/1278/1278 1343/1343/1343 1277/1277/1277
f 1343/1343/1343 1278/1278/1278 1344/1344/1344
f 1279/1279/1279 1344/1344/1344 1278/1278/1278
f 1344/1344/1344 1279/1279/1279 1345/1345/1345
f 1280/1280/1280 1345/1345/1345 1279/1279/1279
f 1345/1345/1345 1280/1280/1280 1346/1346/1346
f 1281/1281/1281 1346/1346/1346 1280/1280/1280
f 1346/1346/1346 1281/1281/1281 1347/1347/1347
f 1282/1282/1282 1347/1347/1347 1281/1281/1281
f 1347/1347/1347 1282/1282/1282 1348/1348/1348
f 1283/1283/1283 1348/1348/1348 1282/1282/1282
f 1348/1348/1348 1283/1283/1283 1349/1349/1349
f 1284/1284/1284 1349/1349/1349 1283/1283/1283
f 1349/1349/1349 1284/1284/1284 1350/1350/1350
f 1285/1285/1285 1350/1350/1350 1284/1284/1284
f 1350/1350/1350 1285/1285/1285 1351/1351/1351
f 1286/1286/1286 1351/1351/1351 1285/1285/1285
f 1351/1351/1351 1286/1286/1286 1352/1352/1352
f 1287/1287/1287 1352/1352/1352 1286/1286/1286
f 1352/1352/1352 1287/1287/1287 1353/1353/1353
f 1288/1288/1288 1353/1353/1353 1287/1287/1287
f 1353/1353/1353 1288/1288/1288 1354/1354/1354
f 1289/1289/1289 1354/1354/1354 1288/1288/1288
f 1354/1354/1354 1289/1289/1289 1355/1355/1355
f 1290/1290/1290 1355/1355/1355 1289/1289/1289
f 1355/1355/1355 1290/1290/1290 1356/1356/1356
f 1291/1291/1291 1356/1356/1356 1290/1290/1290
f 1356/1356/1356 1291/1291/1291 1357/1357/1357
f 1292/1292/1292 1357/1357/1357 1291/1291/1291
f 1357/1357/1357 1292/1292/1292 1358/1358/1358
f 1293/1293/1293 1358/1358/1358 1292/1292/1292
f 1358/1358/1358 1293/1293/1293 1359/1359/1359
f 1294/1294/1294 1359/1359/1359 1293/1293/1293
f 1359/1359/1359 1294/1294/1294 1360/1360/1360
f 1295/1295/1295 1360/1360/1360 1294/1294/1294
f 1360/1360/1360 1295/1295/1295 1361/1361/1361
f 1296/1296/1296 1361/1361/1361 1295/1295/1295
f 1361/1361/1361 1296/1296/1296 1362/1362/1362
f 1297/1297/1297 1362/1362/1362 1296/1296/1296
f 1362/1362/1362 1297/1297/1297 1363/1363/1363
f 1298/1298/1298 1363/1363/1363 1297/1297/1297
f 1363/1363/1363 1298/1298/1298 1364/1364/1364
f 1299/1299/1299 1364/1364/1364 1298/1298/1298
f 1364/1364/1364 1299/1299/1299 1365/1365/1365
f 1300/1300/1300 1365/1365/1365 1299/1299/1299
f 1366/1366/1366 1301/1301/1301 1367/1367/1367
f 1302/1302/1302 1367/1367/1367 1301/1301/1301
f 1367/1367/1367 1302/1302/1302 1368/1368/1368
f 1303/1303/1303 1368/1368/1368 1302/1302/1302
f 1368/1368/1368 1303/1303/1303 1369/1369/1369
f 1304/1304/1304 1369/1369/1369 1303/1303/1303
f 1369/1369/1369 1304/1304/1304 1370/1370/1370
f 1305/1305/1305 1370/1370/1370 1304/1304/1304
f 1370/1370/1370 1305/1305/1305 1371/1371/1371
f 1306/1306/1306 1371/1371/1371 1305/1305/1305
f 1371/1371/1371 1306/1306/1306 1372/1372/1372
f 1307/1307/1307 1372/1372/1372 1306/1306/1306
f 1372/1372/1372 1307/1307/1307 1373/1373/1373
f 1308/1308/1308 1373/1373/1373 1307/1307/1307
f 1373/1373/1373 1308/1308/1308 1374/1374/1374
f 1309/1309/1309 1374/1374/1374 1308/1308/1308
f 1374/1374/1374 1309/1309/1309 1375/1375/1375
f 1310/1310/1310 1375/1375/1375 1309/1309/1309
f 1375/1375/1375 1310/1310/1310 1376/1376/1376
f 1311/1311/1311 1376/1376/1376 1310/1310/1310
f 1376/1376/1376 1311/1311/1311 1377/1377/1377
f 1312/1312/1312 1377/1377/1377 1311/1311/1311
f 1377/1377/1377 1312/1312/1312 1378/1378/1378
f 1313/1313/1313 1378/1378/1378 1312/1312/1312
f 1378/1378/1378 1313/1313/1313 1379/1379/1379
f 1314/1314/1314 1379/1379/1379 1313/1313/1313
f 1379/1379/1379 1314/1314/1314 1380/1380/1380
f 1315/1315/1315 1380/1380/1380 1314/1314/1314
f 1380/1380/1380 1315/1315/1315 1381/1381/1381
f 1316/1316/1316 1381/1381/1381 1315/1315/1315
f 1381/1381/1381 1316/1316/1316 1382/1382/1382
f 1317/1317/1317 1382/1382/1382 1316/1316/1316
f 1382/1382/1382 1317/1317/1317 1383/1383/1383
f 1318/1318/1318 1383/1383/1383 1317/1317/1317
f 1383/1383/1383 1318/1318/1318 1384/1384/1384
f 1319/1319/1319 1384/1384/1384 1318/1318/1318
f 1384/1384/1384 1319/1319/1319 1385/1385/1385
f 1320/1320/1320 1385/1385/1385 1319/1319/1319
f 1385/1385/1385 1320/1320/1320 1386/1386/1386
f 1321/1321/1321 1386/1386/1386 1320/1320/1320
f 1386/1386/1386 1321/1321/1321 1387/1387/1387
f 1322/1322/1322 1387/1387/1387 1321/1321/1321
f 1387/1387/1387 1322/1322/1322 1388/1388/1388
f 1323/1323/1323 1388/1388/1388 1322/1322/1322
f 1388/1388/1388 1323/1323/1323 1389/1389/1389
f 1324/1324/1324 1389/1389/1389 1323/1323/1323
f 1389/1389/1389 1324/1324/1324 1390/1390/1390
f 1325/1325/1325 1390/1390/1390 1324/1324/1324
f 1390/1390/1390 1325/1325/1325 1391/1391/1391
f 1326/1326/1326 1391/1391/1391 1325/1325/1325
f 1391/1391/1391 1326/1326/1326 1392/1392/1392
f 1327/1327/1327 1392/1392/1392 1326/1326/1326
f 1392/1392/1392 1327/1327/1327 1393/1393/1393
f 1328/1328/1328 1393/1393/1393 1327/1327/1327
f 1393/1393/1393 1328/1328/1328 1394/1394/1394
f 1329/1329/1329 1394/1394/1394 1328/1328/1328
f 1394/1394/1394 1329/1329/1329 1395/1395/1395
f 1330/1330/1330 1395/1395/1395 1329/1329/1329
f 1395/1395/1395 1330/1330/1330 1396/1396/1396
f 1331/1331/1331 1396/1396/1396 1330/1330/1330
f 1396/1396/1396 1331/1331/1331 1397/1397/1397
f 1332/1332/1332 1397/1397/1397 1331/1331/1331
f 1397/1397/1397 1332/1332/1332 1398/1398/1398
f 1333/1333/1333 1398/1398/1398 1332/1332/1332
f 1398/1398/1398 1333/1333/1333 1399/1399/1399
f 1334/1334/1334 1399/1399/1399 1333/1333/1333
f 1399/1399/1399 1334/1334/1334 1400/1400/1400
f 1335/1335/1335 1400/1400/1400 1334/1334/1334
f 1400/1400/1400 1335/1335/1335 1401/1401/1401
f 1336/1336/1336 1401/1401/1401 1335/1335/1335
f 1401/1401/1401 1336/1336/1336 1402/1402/1402
f 1337/1337/1337 1402/1402/1402 1336/1336/1336
f 1402/1402/1402 1337/1337/1337 1403/1403/1403
f 1338/1338/1338 1403/1403/1403 1337/1337/1337
f 1403/1403/1403 1338/1338/1338 1404/1404/1404
f 1339/1339/1339 1404/1404/1404 1338/1338/1338
f 1404/1404/1404 1339/1339/1339 1405/1405/1405
f 1340/1340/1340 1405/1405/1405 1339/1339/1339
f 1405/1405/1405 1340/1340/1340 1406/1406/1406
f 1341/1341/1341 1406/1406/1406 1340/1340/1340
f 1406/1406/1406 1341/1341/1341 1407/1407/1407
f 1342/1342/1342 1407/1407/1407 1341/1341/1341
f 1407/1407/1407 1342/1342/1342 1408/1408/1408
f 1343/1343/1343 1408/1408/1408 1342/1342/1342
f 1408/1408/1408 1343/1343/1343 1409/1409/1409
f 1344/1344/1344 1409/1409/1409 1343/1343/1343
f 1409/1409/1409 1344/1344/1344 1410/1410/1410
f 1345/1345/1345 1410/1410/1410 1344/1344/1344
f 1410/1410/1410 1345/1345/1345 1411/1411/1411
f 1346/1346/1346 1411/1411/1411 1345/1345/1345
f 1411/1411/1411 1346/1346/1346 1412/1412/1412
f 1347/1347/1347 1412/1412/1412 1346/1346/1346
f 1412/1412/1412 1347/1347/1347 1413/1413/1413
f 1348/1348/1348 1413/1413/1413 1347/1347/1347
f 1413/1413/1413 1348/1348/1348 1414/1414/1414
f 1349/1349/1349 1414/1414/1414 1348/1348/1348
f 1414/1414/1414 1349/1349/1349 1415/1415/1415
f 1350/1350/1350 1415/1415/1415 1349/1349/1349
f 1415/1415/1415 1350/1350/1350 1416/1416/1416
f 1351/1351/1351 1416/1416/1416 1350/1350/1350
f 1416/1416/1416 1351/1351/1351 1417/1417/1417
f 1352/1352/1352 1417/1417/1417 1351/1351/1351
f 1417/1417/1417 1352/1352/1352 1418/1418/1418
f 1353/1353/1353 1418/1418/1418 1352/1352/1352
f 1418/1418/1418 1353/1353/1353 1419/1419/1419
f 1354/1354/1354 1419/1419/1419 1353/1353/1353
f 1419/1419/1419 1354/1354/1354 1420/1420/1420
f 1355/1355/1355 1420/1420/1420 1354/1354/1354
f 1420/1420/1420 1355/1355/1355 1421/1421/1421
f 1356/1356/1356 1421/1421/1421 1355/1355/1355
f 1421/1421/1421 1356/1356/1356 1422/1422/1422
f 1357/1357/1357 1422/1422/1422 1356/1356/1356
f 1422/1422/1422 1357/1357/1357 1423/1423/1423
f 1358/1358/1358 1423/1423/1423 1357/1357/1357
f 1423/1423/1423 1358/1358/1358 1424/1424/1424
f 1359/1359/1359 1424/1424/1424 1358/1358/1358
f 1424/1424/1424 1359/1359/1359 1425/1425/1425
f 1360/1360/1360 1425/1425/1425 1359/1359/1359
f 1425/1425/1425 1360/1360/1360 1426/1426/1426
f 1361/1361/1361 1426/1426/1426 1360/1360/1360
f 1426/1426/1426 1361/1361/1361 1427/1427/1427
f 1362/1362/1362 1427/1427/1427 1361/1361/1361
f 1427/1427/1427 1362/1362/1362 1428/1428/1428
f 1363/1363/1363 1428/1428/1428 1362/1362/1362
f 1428/1428/1428 1363/1363/1363 1429/1429/1429
f 1364/1364/1364 1429/1429/1429 1363/1363/1363
f 1429/1429/1429 1364/1364/1364 1430/1430/1430
f 1365/1365/1365 1430/1430/1430 1364/1364/1364
f 1431/1431/1431 1366/1366/1366 1432/1432/1432
f 1367/1367/1367 1432/1432/1432 1366/1366/1366
f 1432/1432/1432 1367/1367/1367 1433/1433/1433
f 1368/1368/1368 1433/1433/1433 1367/1367/1367
f 1433/1433/1433 1368/1368/1368 1434/1434/1434
f 1369/1369/1369 1434/1434/1434 1368/1368/1368
f 1434/1434/1434 1369/1369/1369 1435/1435/1435
f 1370/1370/1370 1435/1435/1435 1369/1369/1369
f 1435/1435/1435 1370/1370/1370 1436/1436/1436
f 1371/1371/1371 1436/1436/1436 1370/1370/1370
f 1436/1436/1436 1371/1371/1371 1437/1437/1437
f 1372/1372/1372 1437/1437/1437 1371/1371/1371
f 1437/1437/1437 1372/1372/1372 1438/1438/1438
f 1373/1373/1373 1438/1438/1438 1372/1372/1372
f 1438/1438/1438 1373/1373/1373 1439/1439/1439
f 1374/1374/1374 1439/1439/1439 1373/1373/1373
f 1439/1439/1439 1374/1374/1374 1440/1440/1440
f 1375/1375/1375 1440/1440/1440 1374/1374/1374
f 1440/1440/1440 1375/1375/1375 1441/1441/1441
f 1376/1376/1376 1441/1441/1441 1375/1375/1375
f 1441/1441/1441 1376/1376/1376 1442/1442/1442
f 1377/1377/1377 1442/1442/1442 1376/1376/1376
f 1442/1442/1442 1377/1377/1377 1443/1443/1443
f 1378/1378/1378 1443/1443/1443 1377/1377/1377
f 1443/1443/1443 1378/1378/1378 1444/1444/1444
f 1379/1379/1379 1444/1444/1444 1378/1378/1378
f 1444/1444/1444 1379/1379/1379 1445/1445/1445
f 1380/1380/1380 1445/1445/1445 1379/1379/1379
f 1445/1445/1445 1380/1380/1380 1446/1446/1446
f 1381/1381/1381 1446/1446/1446 1380/1380/1380
f 1446/1446/1446 1381/1381/1381 1447/1447/1447
f 1382/1382/1382 1447/1447/1447 1381/1381/1381
f 1447/1447/1447 1382/1382/1382 1448/1448/1448
f 1383/1383/1383 1448/1448/1448 1382/1382/1382
f 1448/1448/1448 1383/1383/1383 1449/1449/1449
f 1384/1384/1384 1449/1449/1449 1383/1383/1383
f 1449/1449/1449 1384/1384/1384 1450/1450/1450
f 1385/1385/1385 1450/1450/1450 1384/1384/1384
f 1450/1450/1450 1385/1385/1385 1451/1451/1451
f 1386/1386/1386 1451/1451/1451 1385/1385/1385
f 1451/1451/1451 1386/1386/1386 1452/1452/1452
f 1387/1387/1387 1452/1452/1452 1386/1386/1386
f 1452/1452/1452 1387/1387/1387 1453/1453/1453
f 1388/1388/1388 1453/1453/1453 1387/1387/1387
f 1453/1453/1453 1388/1388/1388 1454/1454/1454
f 1389/1389/1389 1454/1454/1454 1388/1388/1388
f 1454/1454/1454 1389/1389/1389 1455/1455/1455
f 1390/1390/1390 1455/1455/1455 1389/1389/1389
f 1455/1455/1455 1390/1390/1390 1456/1456/1456
f 1391/1391/1391 1456/1456/1456 1390/1390/1390
f 1456/1456/1456 1391/1391/1391 1457/1457/1457
f 1392/1392/1392 1457/1457/1457 1391/1391/1391
f 1457/1457/1457 1392/1392/1392 1458/1458/1458
f 1393/1393/1393 1458/1458/1458 1392/1392/1392
f 1458/1458/1458 1393/1393/1393 1459/1459/1459
f 1394/1394/1394 1459/1459/1459 1393/1393/1393
f 1459/1459/1459 1394/1394/1394 1460/1460/1460
f 1395/1395/1395 1460/1460/1460 1394/1394/1394
f 1460/1460/1460 1395/1395/1395 1461/1461/1461
f 1396/1396/1396 1461/1461/1461 1395/1395/1395
f 1461/1461/1461 1396/1396/1396 1462/1462/1462
f 1397/1397/1397 1462/1462/1462 1396/1396/1396
f 1462/1462/1462 1397/1397/1397 1463/1463/1463
f 1398/1398/1398 1463/1463/1463 1397/1397/1397
f 1463/1463/1463 1398/1398/1398 1464/1464/1464
f 1399/1399/1399 1464/1464/1464 1398/1398/1398
f 1464/1464/1464 1399/1399/1399 1465/1465/1465
f 1400/1400/1400 1465/1465/1465 1399/1399/1399
f 1465/1465/1465 1400/1400/1400 1466/1466/1466
f 1401/1401/1401 1466/1466/1466 1400/1400/1400
f 1466/1466/1466 1401/1401/1401 1467/1467/1467
f 1402/1402/1402 1467/1467/1467 1401/1401/1401
f 1467/1467/1467 1402/1402/1402 1468/1468/1468
f 1403/1403/1403 1468/1468/1468 1402/1402/1402
f 1468/1468/1468 1403/1403/1403 1469/1469/1469
f 1404/1404/1404 1469/1469/1469 1403/1403/1403
f 1469/1469/1469 1404/1404/1404 1470/1470/1470
f 1405/1405/1405 1470/1470/1470 1404/1404/1404
f 1470/1470/1470 1405/1405/1405 1471/1471/1471
f 1406/1406/1406 1471/1471/1471 1405/1405/1405
f 1471/1471/1471 1406/1406/1406 1472/1472/1472
f 1407/1407/1407 1472/1472/1472 1406/1406/1406
f 1472/1472/1472 1407/1407/1407 1473/1473/1473
f 1408/1408/1408 1473/1473/1473 1407/1407/1407
f 1473/1473/1473 1408/1408/1408 1474/1474/1474
f 1409/1409/1409 1474/1474/1474 1408/1408/1408
f 1474/1474/1474 1409/1409/1409 1475/1475/1475
f 1410/1410/1410 1475/1475/1475 1409/1409/1409
f 1475/1475/1475 1410/1410/1410 1476/1476/1476
f 1411/1411/1411 1476/1476/1476 1410/1410/1410
f 1476/1476/1476 1411/1411/1411 1477/1477/1477
f 1412/1412/1412 1477/1477/1477 1411/1411/1411
f 1477/1477/1477 1412/1412/1412 1478/1478/1478
f 1413/1413/1413 1478/1478/1478 1412/1412/1412
f 1478/1478/1478 1413/1413/1413 1479/1479/1479
f 1414/1414/1414 1479/1479/1479 1413/1413/1413
f 1479/1479/1479 1414/1414/1414 1480/1480/1480
f 1415/1415/1415 1480/1480/1480 1414/1414/1414
f 1480/1480/1480 1415/1415/1415 1481/1481/1481
f 1416/1416/1416 1481/1481/1481 1415/1415/1415
f 1481/1481/1481 1416/1416/1416 1482/1482/1482
f 1417/1417/1417 1482/1482/1482 1416/1416/1416
f 1482/1482/1482 1417/1417/1417 1483/1483/1483
f 1418/1418/1418 1483/1483/1483 1417/1417/1417
f 1483/1483/1483 1418/1418/1418 1484/1484/1484
f 1419/1419/1419 1484/1484/1484 1418/1418/1418
f 1484/1484/1484 1419/1419/1419 1485/1485/1485
f 1420/1420/1420 1485/1485/1485 1419/1419/1419
f 1485/1485/1485 1420/1420/1420 1486/1486/1486
f 1421/1421/1421 1486/1486/1486 1420/1420/1420
f 1486/1486/1486 1421/1421/1421 1487/1487/1487
f 1422/1422/1422 1487/1487/1487 1421/1421/1421
f 1487/1487/1487 1422/1422/1422 1488/1488/1488
f 1423/1423/1423 1488/1488/1488 1422/1422/1422
f 1488/1488/1488 1423/1423/1423 1489/1489/1489
f 1424/1424/1424 1489/1489/1489 1423/1423/1423
f 1489/1489/1489 1424/1424/1424 1490/1490/1490
f 1425/1425/1425 1490/1490/1490 1424/1424/1424
f 1490/1490/1490 1425/1425/1425 1491/1491/1491
f 1426/1426/1426 1491/1491/1491 1425/1425/1425
f 1491/1491/1491 1426/1426/1426 1492/1492/1492
f 1427/1427/1427 1492/1492/1492 1426/1426/1426
f 1492/1492/1492 1427/1427/1427 1493/1493/1493
f 1428/1428/1428 1493/1493/1493 1427/1427/1427
f 1493/1493/1493 1428/1428/1428 1494/1494/1494
f 1429/1429/1429 1494/1494/1494 1428/1428/1428
f 1494/1494/1494 1429/1429/1429 1495/1495/1495
f 1430/1430/1430 1495/1495/1495 1429/1429/1429
f 1496/1496/1496 1431/1431/1431 1497/1497/1497
f 1432/1432/1432 1497/1497/1497 1431/1431/1431
f 1497/1497/1497 1432/1432/1432 1498/1498/1498
f 1433/1433/1433 1498/1498/1498 1432/1432/1432
f 1498/1498/1498 1433/1433/1433 1499/1499/1499
f 1434/1434/1434 1499/1499/1499 1433/1433/1433
f 1499/1499/1499 1434/1434/1434 1500/1500/1500
f 1435/1435/1435 1500/1500/1500 1434/1434/1434
f 1500/1500/1500 1435/1435/1435 1501/1501/1501
f 1436/1436/1436 1501/1501/1501 1435/1435/1435
f 1501/1501/1501 1436/1436/1436 1502/1502/1502
f 1437/1437/1437 1502/1502/1502 1436/1436/1436
f 1502/1502/1502 1437/1437/1437 1503/1503/1503
f 1438/1438/1438 1503/1503/1503 1437/1437/1437
f 1503/1503/1503 1438/1438/1438 1504/1504/1504
f 1439/1439/1439 1504/1504/1504 1438/1438/1438
f 1504/1504/1504 1439/1439/1439 1505/1505/1505
f 1440/1440/1440 1505/1505/1505 1439/1439/1439
f 1505/1505/1505 1440/1440/1440 1506/1506/1506
f 1441/1441/1441 1506/1506/1506 1440/1440/1440
f 1506/1506/1506 1441/1441/1441 1507/1507/1507
f 1442/1442/1442 1507/1507/1507 1441/1441/1441
f 1507/1507/1507 1442/1442/1442 1508/1508/1508
f 1443/1443/1443 1508/1508/1508 1442/1442/1442
f 1508/1508/1508 1443/1443/1443 1509/1509/1509
f 1444/1444/1444 1509/1509/1509 1443/1443/1443
f 1509/1509/1509 1444/1444/1444 1510/1510/1510
f 1445/1445/1445 1510/1510/1510 1444/1444/1444
f 1510/1510/1510 1445/1445/1445 1511/1511/1511
f 1446/1446/1446 1511/1511/1511 1445/1445/1445
f 1511/1511/1511 1446/1446/1446 1512/1512/1512
f 1447/1447/1447 1512/1512/1512 1446/1446/1446
f 1512/1512/1512 1447/1447/1447 1513/1513/1513
f 1448/1448/1448 1513/1513/1513 1447/1447/1447
f 1513/1513/1513 1448/1448/1448 1514/1514/1514
f 1449/1449/1449 1514/1514/1514 1448/1448/1448
f 1514/1514/1514 1449/1449/1449 1515/1515/1515
f 1450/1450/1450 1515/1515/1515 1449/1449/1449
f 1515/1515/1515 1450/1450/1450 1516/1516/1516
f 1451/1451/1451 1516/1516/1516 1450/1450/1450
f 1516/1516/1516 1451/1451/1451 1517/1517/1517
f 1452/1452/1452 1517/1517/1517 1451/1451/1451
f 1517/1517/1517 1452/1452/1452 1518/1518/1518
f 1453/1453/1453 1518/1518/1518 1452/1452/1452
f 1518/1518/1518 1453/1453/1453 1519/1519/1519
f 1454/1454/1454 1519/1519/1519 1453/1453/1453
f 1519/1519/1519 1454/1454/1454 1520/1520/1520
f 1455/1455/1455 1520/1520/1520 1454/1454/1454
f 1520/1520/1520 1455/1455/1455 1521/1521/1521
f 1456/1456/1456 1521/1521/1521 1455/1455/1455
f 1521/1521/1521 1456/1456/1456 1522/1522/1522
f 1457/1457/1457 1522/1522/1522 1456/1456/1456
f 1522/1522/1522 1457/1457/1457 1523/1523/1523
f 1458/1458/1458 1523/1523/1523 1457/1457/1457
f 1523/1523/1523 1458/1458/1458 1524/1524/1524
f 1459/1459/1459 1524/1524/1524 1458/1458/1458
f 1524/1524/1524 1459/1459/1459 1525/1525/1525
f 1460/1460/1460 1525/1525/1525 1459/1459/1459
f 1525/1525/1525 1460/1460/1460 1526/1526/1526
f 1461/1461/1461 1526/1526/1526 1460/1460/1460
f 1526/1526/1526 1461/1461/1461 1527/1527/1527
f 1462/1462/1462 1527/1527/1527 1461/1461/1461
f 1527/1527/1527 1462/1462/1462 1528/1528/1528
f 1463/1463/1463 1528/1528/1528 1462/1462/1462
f 1528/1528/1528 1463/1463/1463 1529/1529/1529
f 1464/1464/1464 1529/1529/1529 1463/1463/1463
f 1529/1529/1529 1464/1464/1464 1530/1530/1530
f 1465/1465/1465 1530/1530/1530 1464/1464/1464
f 1530/1530/1530 1465/1465/1465 1531/1531/1531
f 1466/1466/1466 1531/1531/1531 1465/1465/1465
f 1531/1531/1531 1466/1466/1466 1532/1532/1532
f 1467/1467/1467 1532/1532/1532 1466/1466/1466
f 1532/1532/1532 1467/1467/1467 1533/1533/1533
f 1468/1468/1468 1533/1533/1533 1467/1467/1467
f 1533/1533/1533 1468/1468/1468 1534/1534/1534
f 1469/1469/1469 1534/1534/1534 1468/1468/1468
f 1534/1534/1534 1469/1469/1469 1535/1535/1535
f 1470/1470/1470 1535/1535/1535 1469/1469/1469
f 1535/1535/1535 1470/1470/1470 1536/1536/1536
f 1471/1471/1471 1536/1536/1536 1470/1470/1470
f 1536/1536/1536 1471/1471/1471 1537/1537/1537
f 1472/1472/1472 1537/1537/1537 1471/1471/1471
f 1537/1537/1537 1472/1472/1472 1538/1538/1538
f 1473/1473/1473 1538/1538/1538 1472/1472/1472
f 1538/1538/1538 1473/1473/1473 1539/1539/1539
f 1474/1474/1474 1539/1539/1539 1473/1473/1473
f 1539/1539/1539 1474/1474/1474 1540/1540/1540
f 1475/1475/1475 1540/1540/1540 1474/1474/1474
f 1540/1540/1540 1475/1475/1475 1541/1541/1541
f 1476/1476/1476 1541/1541/1541 1475/1475/1475
f 1541/1541/1541 1476/1476/1476 1542/1542/1542
f 1477/1477/1477 1542/1542/1542 1476/1476/1476
f 1542/1542/1542 1477/1477/1477 1543/1543/1543
f 1478/1478/1478 1543/1543/1543 1477/1477/1477
f 1543/1543/1543 1478/1478/1478 1544/1544/1544
f 1479/1479/1479 1544/1544/1544 1478/1478/1478
f 1544/1544/1544 1479/1479/1479 1545/1545/1545
f 1480/1480/1480 1545/1545/1545 1479/1479/1479
f 1545/1545/1545 1480/1480/1480 1546/1546/1546
f 1481/1481/1481 1546/1546/1546 1480/1480/1480
f 1546/1546/1546 1481/1481/1481 1547/1547/1547
f 1482/1482/1482 1547/1547/1547 1481/1481/1481
f 1547/1547/1547 1482/1482/1482 1548/1548/1548
f 1483/1483/1483 1548/1548/1548 1482/1482/1482
f 1548/1548/1548 1483/1483/1483 1549/1549/1549
f 1484/1484/1484 1549/1549/1549 1483/1483/1483
f 1549/1549/1549 1484/1484/1484 1550/1550/1550
f 1485/1485/1485 1550/1550/1550 1484/1484/1484
f 1550/1550/1550 1485/1485/1485 1551/1551/1551
f 1486/1486/1486 1551/1551/1551 1485/1485/1485
f 1551/1551/1551 1486/1486/1486 1552/1552/1552
f 1487/1487/1487 1552/1552/1552 1486/1486/1486
f 1552/1552/1552 1487/1487/1487 1553/1553/1553
f 1488/1488/1488 1553/1553/1553 1487/1487/1487
f 1553/1553/1553 1488/1488/1488 1554/1554/1554
f 1489/1489/1489 1554/1554/1554 1488/1488/1488
f 1554/1554/1554 1489/1489/1489 1555/1555/1555
f 1490/1490/1490 1555/1555/1555 1489/1489/1489
f 1555/1555/1555 1490/1490/1490 1556/1556/1556
f 1491/1491/1491 1556/1556/1556 1490/1490/1490
f 1556/1556/1556 1491/1491/1491 1557/1557/1557
f 1492/1492/1492 1557/1557/1557 1491/1491/1491
f 1557/1557/1557 1492/1492/1492 1558/1558/1558
f 1493/1493/1493 1558/1558/1558 1492/1492/1492
f 1558/1558/1558 1493/1493/1493 1559/1559/1559
f 1494/1494/1494 1559/1559/1559 1493/1493/1493
f 1559/1559/1559 1494/1494/1494 1560/1560/1560
f 1495/1495/1495 1560/1560/1560 1494/1494/1494
f 1561/1561/1561 1496/1496/1496 1562/1562/1562
f 1497/1497/1497 1562/1562/1562 1496/1496/1496
f 1562/1562/1562 1497/1497/1497 1563/1563/1563
f 1498/1498/1498 1563/1563/1563 1497/1497/1497
f 1563/1563/1563 1498/1498/1498 1564/1564/1564
f 1499/1499/1499 1564/1564/1564 1498/1498/1498
f 1564/1564/1564 1499/1499/1499 1565/1565/1565
f 1500/1500/1500 1565/1565/1565 1499/1499/1499
f 1565/1565/1565 1500/1500/1500 1566/1566/1566
f 1501/1501/1501 1566/1566/1566 1500/1500/1500
f 1566/1566/1566 1501/1501/1501 1567/1567/1567
f 1502/1502/1502 1567/1567/1567 1501/1501/1501
f 1567/1567/1567 1502/1502/1502 1568/1568/1568
f 1503/1503/1503 1568/1568/1568 1502/1502/1502
f 1568/1568/1568 1503/1503/1503 1569/1569/1569
f 1504/1504/1504 1569/1569/1569 1503/1503/1503
f 1569/1569/1569 1504/1504/1504 1570/1570/1570
f 1505/1505/1505 1570/1570/1570 1504/1504/1504
f 1570/1570/1570 1505/1505/1505 1571/1571/1571
f 1506/1506/1506 1571/1571/1571 1505/1505/1505
f 1571/1571/1571 1506/1506/1506 1572/1572/1572
f 1507/1507/1507 1572/1572/1572 1506/1506/1506
f 1572/1572/1572 1507/1507/1507 1573/1573/1573
f 1508/1508/1508 1573/1573/1573 1507/1507/1507
f 1573/1573/1573 1508/1508/1508 1574/1574/1574
f 1509/1509/1509 1574/1574/1574 1508/1508/1508
f 1574/1574/1574 1509/1509/1509 1575/1575/1575
f 1510/1510/1510 1575/1575/1575 1509/1509/1509
f 1575/1575/1575 1510/1510/1510 1576/1576/1576
f 1511/1511/1511 1576/1576/1576 1510/1510/1510
f 1576/1576/1576 1511/1511/1511 1577/1577/1577
f 1512/1512/1512 1577/1577/1577 1511/1511/1511
f 1577/1577/1577 1512/1512/1512 1578/1578/1578
f 1513/1513/1513 1578/1578/1578 1512/1512/1512
f 1578/1578/1578 1513/1513/1513 1579/1579/1579
f 1514/1514/1514 1579/1579/1579 1513/1513/1513
f 1579/1579/1579 1514/1514/1514 1580/1580/1580
f 1515/1515/1515 1580/1580/1580 1514/1514/1514
f 1580/1580/1580 1515/1515/1515 1581/1581/1581
f 1516/1516/1516 1581/1581/1581 1515/1515/1515
f 1581/1581/1581 1516/1516/1516 1582/1582/1582
f 1517/1517/1517 1582/1582/1582 1516/1516/1516
f 1582/1582/1582 1517/1517/1517 1583/1583/1583
f 1518/1518/1518 1583/1583/1583 1517/1517/1517
f 1583/1583/1583 1518/1518/1518 1584/1584/1584
f 1519/1519/1519 1584/1584/1584 1518/1518/1518
f 1584/1584/1584 1519/1519/1519 1585/1585/1585
f 1520/1520/1520 1585/1585/1585 1519/1519/1519
f 1585/1585/1585 1520/1520/1520 1586/1586/1586
f 1521/1521/1521 1586/1586/1586 1520/1520/1520
f 1586/1586/1586 1521/1521/1521 1587/1587/1587
f 1522/1522/1522 1587/1587/1587 1521/1521/1521
f 1587/1587/1587 1522/1522/1522 1588/1588/1588
f 1523/1523/1523 1588/1588/1588 1522/1522/1522
f 1588/1588/1588 1523/1523/1523 1589/1589/1589
f 1524/1524/1524 1589/1589/1589 1523/1523/1523
f 1589/1589/1589 1524/1524/1524 1590/1590/1590
f 1525/1525/1525 1590/1590/1590 1524/1524/1524
f 1590/1590/1590 1525/1525/1525 1591/1591/1591
f 1526/1526/1526 1591/1591/1591 1525/1525/1525
f 1591/1591/1591 1526/1526/1526 1592/1592/1592
f 1527/1527/1527 1592/1592/1592 1526/1526/1526
f 1592/1592/1592 1527/1527/1527 1593/1593/1593
f 1528/1528/1528 1593/1593/1593 1527/1527/1527
f 1593/1593/1593 1528/1528/1528 1594/1594/1594
f 1529/1529/1529 1594/1594/1594 1528/1528/1528
f 1594/1594/1594 1529/1529/1529 1595/1595/1595
f 1530/1530/1530 1595/1595/1595 1529/1529/1529
f 1595/1595/1595 1530/1530/1530 1596/1596/1596
f 1531/1531/1531 1596/1596/1596 1530/1530/1530
f 1596/1596/1596 1531/1531/1531 1597/1597/1597
f 1532/1532/1532 1597/1597/1597 1531/1531/1531
f 1597/1597/1597 1532/1532/1532 1598/1598/1598
f 1533/1533/1533 1598/1598/1598 1532/1532/1532
f 1598/1598/1598 1533/1533/1533 1599/1599/1599
f 1534/1534/1534 1599/1599/1599 1533/1533/1533
f 1599/1599/1599 1534/1534/1534 1600/1600/1600
f 1535/1535/1535 1600/1600/1600 1534/1534/1534
f 1600/1600/1600 1535/1535/1535 1601/1601/1601
f 1536/1536/1536 1601/1601/1601 1535/1535/1535
f 1601/1601/1601 1536/1536/1536 1602/1602/1602
f 1537/1537/1537 1602/1602/1602 1536/1536/1536
f 1602/1602/1602 1537/1537/1537 1603/1603/1603
f 1538/1538/1538 1603/1603/1603 1537/1537/1537
f 1603/1603/1603 1538/1538/1538 1604/1604/1604
f 1539/1539/1539 1604/1604/1604 1538/1538/1538
f 1604/1604/1604 1539/1539/1539 1605/1605/1605
f 1540/1540/1540 1605/1605/1605 1539/1539/1539
f 1605/1605/1605 1540/1540/1540 1606/1606/1606
f 1541/1541/1541 1606/1606/1606 1540/1540/1540
f 1606/1606/1606 1541/1541/1541 1607/1607/1607
f 1542/1542/1542 1607/1607/1607 1541/1541/1541
f 1607/1607/1607 1542/1542/1542 1608/1608/1608
f 1543/1543/1543 1608/1608/1608 1542/1542/1542
f 1608/1608/1608 1543/1543/1543 1609/1609/1609
f 1544/1544/1544 1609/1609/1609 1543/1543/1543
f 1609/1609/1609 1544/1544/1544 1610/1610/1610
f 1545/1545/1545 1610/1610/1610 1544/1544/1544
f 1610/1610/1610 1545/1545/1545 1611/1611/1611
f 1546/1546/1546 1611/1611/1611 1545/1545/1545
f 1611/1611/1611 1546/1546/1546 1612/1612/1612
f 1547/1547/1547 1612/1612/1612 1546/1546/1546
f 1612/1612/1612 1547/1547/1547 1613/1613/1613
f 1548/1548/1548 1613/1613/1613 1547/1547/1547
f 1613/1613/1613 1548/1548/1548 1614/1614/1614
f 1549/1549/1549 1614/1614/1614 1548/1548/1548
f 1614/1614/1614 1549/1549/1549 1615/1615/1615
f 1550/1550/1550 1615/1615/1615 1549/1549/1549
f 1615/1615/1615 1550/1550/1550 1616/1616/1616
f 1551/1551/1551 1616/1616/1616 1550/1550/1550
f 1616/1616/1616 1551/1551/1551 1617/1617/1617
f 1552/1552/1552 1617/1617/1617 1551/1551/1551
f 1617/1617/1617 1552/1552/1552 1618/1618/1618
f 1553/1553/1553 1618/1618/1618 1552/1552/1552
f 1618/1618/1618 1553/1553/1553 1619/1619/1619
f 1554/1554/1554 1619/1619/1619 1553/1553/1553
f 1619/1619/1619 1554/1554/1554 1620/1620/1620
f 1555/1555/1555 1620/1620/1620 1554/1554/1554
f 1620/1620/1620 1555/1555/1555 1621/1621/1621
f 1556/1556/1556 1621/1621/1621 1555/1555/1555
f 1621/1621/1621 1556/1556/1556 1622/1622/1622
f 1557/1557/1557 1622/1622/1622 1556/1556/1556
f 1622/1622/1622 1557/1557/1557 1623/1623/1623
f 1558/1558/1558 1623/1623/1623 1557/1557/1557
f 1623/1623/1623 1558/1558/1558 1624/1624/1624
f 1559/1559/1559 1624/1624/1624 1558/1558/1558
f 1624/1624/1624 1559/1559/1559 1625/1625/1625
f 1560/1560/1560 1625/1625/1625 1559/1559/1559
f 1626/1626/1626 1561/1561/1561 1627/1627/1627
f 1562/1562/1562 1627/1627/1627 1561/1561/1561
f 1627/1627/1627 1562/1562/1562 1628/1628/1628
f 1563/1563/1563 1628/1628/1628 1562/1562/1562
f 1628/1628/1628 1563/1563/1563 1629/1629/1629
f 1564/1564/1564 1629/1629/1629 1563/1563/1563
f 1629/1629/1629 1564/1564/1564 1630/1630/1630
f 1565/1565/1565 1630/1630/1630 1564/1564/1564
f 1630/1630/1630 1565/1565/1565 1631/1631/1631
f 1566/1566/1566 1631/1631/1631 1565/1565/1565
f 1631/1631/1631 1566/1566/1566 1632/1632/1632
f 1567/1567/1567 1632/1632/1632 1566/1566/1566
f 1632/1632/1632 1567/1567/1567 1633/1633/1633
f 1568/1568/1568 1633/1633/1633 1567/1567/1567
f 1633/1633/1633 1568/1568/1568 1634/1634/1634
f 1569/1569/1569 1634/1634/1634 1568/1568/1568
f 1634/1634/1634 1569/1569/1569 1635/1635/1635
f 1570/1570/1570 1635/1635/1635 1569/1569/1569
f 1635/1635/1635 1570/1570/1570 1636/1636/1636
f 1571/1571/1571 1636/1636/1636 1570/1570/1570
f 1636/1636/1636 1571/1571/1571 1637/1637/1637
f 1572/1572/1572 1637/1637/1637 1571/1571/1571
f 1637/1637/1637 1572/1572/1572 1638/1638/1638
f 1573/1573/1573 1638/1638/1638 1572/1572/1572
f 1638/1638/1638 1573/1573/1573 1639/1639/1639
f 1574/1574/1574 1639/1639/1639 1573/1573/1573
f 1639/1639/1639 1574/1574/1574 1640/1640/1640
f 1575/1575/1575 1640/1640/1640 1574/1574/1574
f 1640/1640/1640 1575/1575/1575 1641/1641/1641
f 1576/1576/1576 1641/1641/1641 1575/1575/1575
f 1641/1641/1641 1576/1576/1576 1642/1642/1642
f 1577/1577/1577 1642/1642/1642 1576/1576/1576
f 1642/1642/1642 1577/1577/1577 1643/1643/1643
f 1578/1578/1578 1643/1643/1643 1577/1577/1577
f 1643/1643/1643 1578/1578/1578 1644/1644/1644
f 1579/1579/1579 1644/1644/1644 1578/1578/1578
f 1644/1644/1644 1579/1579/1579 1645/1645/1645
f 1580/1580/1580 1645/1645/1645 1579/1579/1579
f 1645/1645/1645 1580/1580/1580 1646/1646/1646
f 1581/1581/1581 1646/1646/1646 1580/1580/1580
f 1646/1646/1646 1581/1581/1581 1647/1647/1647
f 1582/1582/1582 1647/1647/1647 1581/1581/1581
f 1647/1647/1647 1582/1582/1582 1648/1648/1648
f 1583/1583/1583 1648/1648/1648 1582/1582/1582
f 1648/1648/1648 1583/1583/1583 1649/1649/1649
f 1584/1584/1584 1649/1649/1649 1583/1583/1583
f 1649/1649/1649 1584/1584/1584 1650/1650/1650
f 1585/1585/1585 1650/1650/1650 1584/1584/1584
f 1650/1650/1650 1585/1585/1585 1651/1651/1651
f 1586/1586/1586 1651/1651/1651 1585/1585/1585
f 1651/1651/1651 1586/1586/1586 1652/1652/1652
f 1587/1587/1587 1652/1652/1652 1586/1586/1586
f 1652/1652/1652 1587/1587/1587 1653/1653/1653
f 1588/1588/1588 1653/1653/1653 1587/1587/1587
f 1653/1653/1653 1588/1588/1588 1654/1654/1654
f 1589/1589/1589 1654/1654/1654 1588/1588/1588
f 1654/1654/1654 1589/1589/1589 1655/1655/1655
f 1590/1590/1590 1655/1655/1655 1589/1589/1589
f 1655/1655/1655 1590/1590/1590 1656/1656/1656
f 1591/1591/1591 1656/1656/1656 1590/1590/1590
f 1656/1656/1656 1591/1591/1591 1657/1657/1657
f 1592/1592/1592 1657/1657/1657 1591/1591/1591
f 1657/1657/1657 1592/1592/1592 1658/1658/1658
f 1593/1593/1593 1658/1658/1658 1592/1592/1592
f 1658/1658/1658 1593/1593/1593 1659/1659/1659
f 1594/1594/1594 1659/1659/1659 1593/1593/1593
f 1659/1659/1659 1594/1594/1594 1660/1660/1660
f 1595/1595/1595 1660/1660/1660 1594/1594/1594
f 1660/1660/1660 1595/1595/1595 1661/1661/1661
f 1596/1596/1596 1661/1661/1661 1595/1595/1595
f 1661/1661/1661 1596/1596/1596 1662/1662/1662
f 1597/1597/1597 1662/1662/1662 1596/1596/1596
f 1662/1662/1662 1597/1597/1597 1663/1663/1663
f 1598/1598/1598 1663/1663/1663 1597/1597/1597
f 1663/1663/1663 1598/1598/1598 1664/1664/1664
f 1599/1599/1599 1664/1664/1664 1598/1598/1598
f 1664/1664/1664 1599/1599/1599 1665/1665/1665
f 1600/1600/1600 1665/1665/1665 1599/1599/1599
f 1665/1665/1665 1600/1600/1600 1666/1666/1666
f 1601/1601/1601 1666/1666/1666 1600/1600/1600
f 1666/1666/1666 1601/1601/1601 1667/1667/1667
f 1602/1602/1602 1667/1667/1667 1601/1601/1601
f 1667/1667/1667 1602/1602/1602 1668/1668/1668
f 1603/1603/1603 1668/1668/1668 1602/1602/1602
f 1668/1668/1668 1603/1603/1603 1669/1669/1669
f 1604/1604/1604 1669/1669/1669 1603/1603/1603
f 1669/1669/1669 1604/1604/1604 1670/1670/1670
f 1605/1605/1605 1670/1670/1670 1604/1604/1604
f 1670/1670/1670 1605/1605/1605 1671/1671/1671
f 1606/1606/1606 1671/1671/1671 1605/1605/1605
f 1671/1671/1671 1606/1606/1606 1672/1672/1672
f 1607/1607/1607 1672/1672/1672 1606/1606/1606
f 1672/1672/1672 1607/1607/1607 1673/1673/1673
f 1608/1608/1608 1673/1673/1673 1607/1607/1607
f 1673/1673/1673 1608/1608/1608 1674/1674/1674
f 1609/1609/1609 1674/1674/1674 1608/1608/1608
f 1674/1674/1674 1609/1609/1609 1675/1675/1675
f 1610/1610/1610 1675/1675/1675 1609/1609/1609
f 1675/1675/1675 1610/1610/1610 1676/1676/1676
f 1611/1611/1611 1676/1676/1676 1610/1610/1610
f 1676/1676/1676 1611/1611/1611 1677/1677/1677
f 1612/1612/1612 1677/1677/1677 1611/1611/1611
f 1677/1677/1677 1612/1612/1612 1678/1678/1678
f 1613/1613/1613 1678/1678/1678 1612/1612/1612
f 1678/1678/1678 1613/1613/1613 1679/1679/1679
f 1614/1614/1614 1679/1679/1679 1613/1613/1613
f 1679/1679/1679 1614/1614/1614 1680/1680/1680
f 1615/1615/1615 1680/1680/1680 1614/1614/1614
f 1680/1680/1680 1615/1615/1615 1681/1681/1681
f 1616/1616/1616 1681/1681/1681 1615/1615/1615
f 1681/1681/1681 1616/1616/1616 1682/1682/1682
f 1617/1617/1617 1682/1682/1682 1616/1616/1616
f 1682/1682/1682 1617/1617/1617 1683/1683/1683
f 1618/1618/1618 1683/1683/1683 1617/1617/1617
f 1683/1683/1683 1618/1618/1618 1684/1684/1684
f 1619/1619/1619 1684/1684/1684 1618/1618/1618
f 1684/1684/1684 1619/1619/1619 1685/1685/1685
f 1620/1620/1620 1685/1685/1685 1619/1619/1619
f 1685/1685/1685 1620/1620/1620 1686/1686/1686
f 1621/1621/1621 1686/1686/1686 1620/1620/1620
f 1686/1686/1686 1621/1621/1621 1687/1687/1687
f 1622/1622/1622 1687/1687/1687 1621/1621/1621
f 1687/1687/1687 1622/1622/1622 1688/1688/1688
f 1623/1623/1623 1688/1688/1688 1622/1622/1622
f 1688/1688/1688 1623/1623/1623 1689/1689/1689
f 1624/1624/1624 1689/1689/1689 1623/1623/1623
f 1689/1689/1689 1624/1624/1624 1690/1690/1690
f 1625/1625/1625 1690/1690/1690 1624/1624/1624
f 1691/1691/1691 1626/1626/1626 1692/1692/1692
f 1627/1627/1627 1692/1692/1692 1626/1626/1626
f 1692/1692/1692 1627/1627/1627 1693/1693/1693
f 1628/1628/1628 1693/1693/1693 1627/1627/1627
f 1693/1693/1693 1628/1628/1628 1694/1694/1694
f 1629/1629/1629 1694/1694/1694 1628/1628/1628
f 1694/1694/1694 1629/1629/1629 1695/1695/1695
f 1630/1630/1630 1695/1695/1695 1629/1629/1629
f 1695/1695/1695 1630/1630/1630 1696/1696/1696
f 1631/1631/1631 1696/1696/1696 1630/1630/1630
f 1696/1696/1696 1631/1631/1631 1697/1697/1697
f 1632/1632/1632 1697/1697/1697 1631/1631/1631
f 1697/1697/1697 1632/1632/1632 1698/1698/1698
f 1633/1633/1633 1698/1698/1698 1632/1632/1632
f 1698/1698/1698 1633/1633/1633 1699/1699/1699
f 1634/1634/1634 1699/1699/1699 1633/1633/1633
f 1699/1699/1699 1634/1634/1634 1700/1700/1700
f 1635/1635/1635 1700/1700/1700 1634/1634/1634
f 1700/1700/1700 1635/1635/1635 1701/1701/1701
f 1636/1636/1636 1701/1701/1701 1635/1635/1635
f 1701/1701/1701 1636/1636/1636 1702/1702/1702
f 1637/1637/1637 1702/1702/1702 1636/1636/1636
f 1702/1702/1702 1637/1637/1637 1703/1703/1703
f 1638/1638/1638 1703/1703/1703 1637/1637/1637
f 1703/1703/1703 1638/1638/1638 1704/1704/1704
f 1639/1639/1639 1704/1704/1704 1638/1638/1638
f 1704/1704/1704 1639/1639/1639 1705/1705/1705
f 1640/1640/1640 1705/1705/1705 1639/1639/1639
f 1705/1705/1705 1640/1640/1640 1706/1706/1706
f 1641/1641/1641 1706/1706/1706 1640/1640/1640
f 1706/1706/1706 1641/1641/1641 1707/1707/1707
f 1642/1642/1642 1707/1707/1707 1641/1641/1641
f 1707/1707/1707 1642/1642/1642 1708/1708/1708
f 1643/1643/1643 1708/1708/1708 1642/1642/1642
f 1708/1708/1708 1643/1643/1643 1709/1709/1709
f 1644/1644/1644 1709/1709/1709 1643/1643/1643
f 1709/1709/1709 1644/1644/1644 1710/1710/1710
f 1645/1645/1645 1710/1710/1710 1644/1644/1644
f 1710/1710/1710 1645/1645/1645 1711/1711/1711
f 1646/1646/1646 1711/1711/1711 1645/1645/1645
f 1711/1711/1711 1646/1646/1646 1712/1712/1712
f 1647/1647/1647 1712/1712/1712 1646/1646/1646
f 1712/1712/1712 1647/1647/1647 1713/1713/1713
f 1648/1648/1648 1713/1713/1713 1647/1647/1647
f 1713/1713/1713 1648/1648/1648 1714/1714/1714
f 1649/1649/1649 1714/1714/1714 1648/1648/1648
f 1714/1714/1714 1649/1649/1649 1715/1715/1715
f 1650/1650/1650 1715/1715/1715 1649/1649/1649
f 1715/1715/1715 1650/1650/1650 1716/1716/1716
f 1651/1651/1651 1716/1716/1716 1650/1650/1650
f 1716/1716/1716 1651/1651/1651 1717/1717/1717
f 1652/1652/1652 1717/1717/1717 1651/1651/1651
f 1717/1717/1717 1652/1652/1652 1718/1718/1718
f 1653/1653/1653 1718/1718/1718 1652/1652/1652
f 1718/1718/1718 1653/1653/1653 1719/1719/1719
f 1654/1654/1654 1719/1719/1719 1653/1653/1653
f 1719/1719/1719 1654/1654/1654 1720/1720/1720
f 1655/1655/1655 1720/1720/1720 1654/1654/1654
f 1720/1720/1720 1655/1655/1655 1721/1721/1721
f 1656/1656/1656 1721/1721/1721 1655/1655/1655
f 1721/1721/1721 1656/1656/1656 1722/1722/1722
f 1657/1657/1657 1722/1722/1722 1656/1656/1656
f 1722/1722/1722 1657/1657/1657 1723/1723/1723
f 1658/1658/1658 1723/1723/1723 1657/1657/1657
f 1723/1723/1723 1658/1658/1658 1724/1724/1724
f 1659/1659/1659 1724/1724/1724 1658/1658/1658
f 1724/1724/1724 1659/1659/1659 1725/1725/1725
f 1660/1660/1660 1725/1725/1725 1659/1659/1659
f 1725/1725/1725 1660/1660/1660 1726/1726/1726
f 1661/1661/1661 1726/1726/1726 1660/1660/1660
f 1726/1726/1726 1661/1661/1661 1727/1727/1727
f 1662/1662/1662 1727/1727/1727 1661/1661/1661
f 1727/1727/1727 1662/1662/1662 1728/1728/1728
f 1663/1663/1663 1728/1728/1728 1662/1662/1662
f 1728/1728/1728 1663/1663/1663 1729/1729/1729
f 1664/1664/1664 1729/1729/1729 1663/1663/1663
f 1729/1729/1729 1664/1664/1664 1730/1730/1730
f 1665/1665/1665 1730/1730/1730 1664/1664/1664
f 1730/1730/1730 1665/1665/1665 1731/1731/1731
f 1666/1666/1666 1731/1731/1731 1665/1665/1665
f 1731/1731/1731 1666/1666/1666 1732/1732/1732
f 1667/1667/1667 1732/1732/1732 1666/1666/1666
f 1732/1732/1732 1667/1667/1667 1733/1733/1733
f 1668/1668/1668 1733/1733/1733 1667/1667/1667
f 1733/1733/1733 1668/1668/1668 1734/1734/1734
f 1669/1669/1669 1734/1734/1734 1668/1668/1668
f 1734/1734/1734 1669/1669/1669 1735/1735/1735
f 1670/1670/1670 1735/1735/1735 1669/1669/1669
f 1735/1735/1735 1670/1670/1670 1736/1736/1736
f 1671/1671/1671 1736/1736/1736 1670/1670/1670
f 1736/1736/1736 1671/1671/1671 1737/1737/1737
f 1672/1672/1672 1737/1737/1737 1671/1671/1671
f 1737/1737/1737 1672/1672/1672 1738/1738/1738
f 1673/1673/1673 1738/1738/1738 1672/1672/1672
f 1738/1738/1738 1673/1673/1673 1739/1739/1739
f 1674/1674/1674 1739/1739/1739 1673/1673/1673
f 1739/1739/1739 1674/1674/1674 1740/1740/1740
f 1675/1675/1675 1740/1740/1740 1674/1674/1674
f 1740/1740/1740 1675/1675/1675 1741/1741/1741
f 1676/1676/1676 1741/1741/1741 1675/1675/1675
f 1741/1741/1741 1676/1676/1676 1742/1742/1742
f 1677/1677/1677 1742/1742/1742 1676/1676/1676
f 1742/1742/1742 1677/1677/1677 1743/1743/1743
f 1678/1678/1678 1743/1743/1743 1677/1677/1677
f 1743/1743/1743 1678/1678/1678 1744/1744/1744
f 1679/1679/1679 1744/1744/1744 1678/1678/1678
f 1744/1744/1744 1679/1679/1679 1745/1745/1745
f 1680/1680/1680 1745/1745/1745 1679/1679/1679
f 1745/1745/1745 1680/1680/1680 1746/1746/1746
f 1681/1681/1681 1746/1746/1746 1680/1680/1680
f 1746/1746/1746 1681/1681/1681 1747/1747/1747
f 1682/1682/1682 1747/1747/1747 1681/1681/1681
f 1747/1747/1747 1682/1682/1682 1748/1748/1748
f 1683/1683/1683 1748/1748/1748 1682/1682/1682
f 1748/1748/1748 1683/1683/1683 1749/1749/1749
f 1684/1684/1684 1749/1749/1749 1683/1683/1683
f 1749/1749/1749 1684/1684/1684 1750/1750/1750
f 1685/1685/1685 1750/1750/1750 1684/1684/1684
f 1750/1750/1750 1685/1685/1685 1751/1751/1751
f 1686/1686/1686 1751/1751/1751 1685/1685/1685
f 1751/1751/1751 1686/1686/1686 1752/1752/1752
f 1687/1687/1687 1752/1752/1752 1686/1686/1686
f 1752/1752/1752 1687/1687/1687 1753/1753/1753
f 1688/1688/1688 1753/1753/1753 1687/1687/1687
f 1753/1753/1753 1688/1688/1688 1754/1754/1754
f 1689/1689/1689 1754/1754/1754 1688/1688/1688
f 1754/1754/1754 1689/1689/1689 1755/1755/1755
f 1690/1690/1690 1755/1755/1755 1689/1689/1689
f 1756/1756/1756 1691/1691/1691 1757/1757/1757
f 1692/1692/1692 1757/1757/1757 1691/1691/1691
f 1757/1757/1757 1692/1692/1692 1758/1758/1758
f 1693/1693/1693 1758/1758/1758 1692/1692/1692
f 1758/1758/1758 1693/1693/1693 1759/1759/1759
f 1694/1694/1694 1759/1759/1759 1693/1693/1693
f 1759/1759/1759 1694/1694/1694 1760/1760/1760
f 1695/1695/1695 1760/1760/1760 1694/1694/1694
f 1760/1760/1760 1695/1695/1695 1761/1761/1761
f 1696/1696/1696 1761/1761/1761 1695/1695/1695
f 1761/1761/1761 1696/1696/1696 1762/1762/1762
f 1697/1697/1697 1762/1762/1762 1696/1696/1696
f 1762/1762/1762 1697/1697/1697 1763/1763/1763
f 1698/1698/1698 1763/1763/1763 1697/1697/1697
f 1763/1763/1763 1698/1698/1698 1764/1764/1764
f 1699/1699/1699 1764/1764/1764 1698/1698/1698
f 1764/1764/1764 1699/1699/1699 1765/1765/1765
f 1700/1700/1700 1765/1765/1765 1699/1699/1699
f 1765/1765/1765 1700/1700/1700 1766/1766/1766
f 1701/1701/1701 1766/1766/1766 1700/1700/1700
f 1766/1766/1766 1701/1701/1701 1767/1767/1767
f 1702/1702/1702 1767/1767/1767 1701/1701/1701
f 1767/1767/1767 1702/1702/1702 1768/1768/1768
f 1703/1703/1703 1768/1768/1768 1702/1702/1702
f 1768/1768/1768 1703/1703/1703 1769/1769/1769
f 1704/1704/1704 1769/1769/1769 1703/1703/1703
f 1769/1769/1769 1704/1704/1704 1770/1770/1770
f 1705/1705/1705 1770/1770/1770 1704/1704/1704
f 1770/1770/1770 1705/1705/1705 1771/1771/1771
f 1706/1706/1706 1771/1771/1771 1705/1705/1705
f 1771/1771/1771 1706/1706/1706 1772/1772/1772
f 1707/1707/1707 1772/1772/1772 1706/1706/1706
f 1772/1772/1772 1707/1707/1707 1773/1773/1773
f 1708/1708/1708 1773/1773/1773 1707/1707/1707
f 1773/1773/1773 1708/1708/1708 1774/1774/1774
f 1709/1709/1709 1774/1774/1774 1708/1708/1708
f 1774/1774/1774 1709/1709/1709 1775/1775/1775
f 1710/1710/1710 1775/1775/1775 1709/1709/1709
f 1775/1775/1775 1710/1710/1710 1776/1776/1776
f 1711/1711/1711 1776/1776/1776 1710/1710/1710
f 1776/1776/1776 1711/1711/1711 1777/1777/1777
f 1712/1712/1712 1777/1777/1777 1711/1711/1711
f 1777/1777/1777 1712/1712/1712 1778/1778/1778
f 1713/1713/1713 1778/1778/1778 1712/1712/1712
f 1778/1778/1778 1713/1713/1713 1779/1779/1779
f 1714/1714/1714 1779/1779/1779 1713/1713/1713
f 1779/1779/1779 1714/1714/1714 1780/1780/1780
f 1715/1715/1715 1780/1780/1780 1714/1714/1714
f 1780/1780/1780 1715/1715/1715 1781/1781/1781
f 1716/1716/1716 1781/1781/1781 1715/1715/1715
f 1781/1781/1781 1716/1716/1716 1782/1782/1782
f 1717/1717/1717 1782/1782/1782 1716/1716/1716
f 1782/1782/1782 1717/1717/1717 1783/1783/1783
f 1718/1718/1718 1783/1783/1783 1717/1717/1717
f 1783/1783/1783 1718/1718/1718 1784/1784/1784
f 1719/1719/1719 1784/1784/1784 1718/1718/1718
f 1784/1784/1784 1719/1719/1719 1785/1785/1785
f 1720/1720/1720 1785/1785/1785 1719/1719/1719
f 1785/1785/1785 1720/1720/1720 1786/1786/1786
f 1721/1721/1721 1786/1786/1786 1720/1720/1720
f 1786/1786/1786 1721/1721/1721 1787/1787/1787
f 1722/1722/1722 1787/1787/1787 1721/1721/1721
f 1787/1787/1787 1722/1722/1722 1788/1788/1788
f 1723/1723/1723 1788/1788/1788 1722/1722/1722
f 1788/1788/1788 1723/1723/1723 1789/1789/1789
f 1724/1724/1724 1789/1789/1789 1723/1723/1723
f 1789/1789/1789 1724/1724/1724 1790/1790/1790
f 1725/1725/1725 1790/1790/1790 1724/1724/1724
f 1790/1790/1790 1725/1725/1725 1791/1791/1791
f 1726/1726/1726 1791/1791/1791 1725/1725/1725
f 1791/1791/1791 1726/1726/1726 1792/1792/1792
f 1727/1727/1727 1792/1792/1792 1726/1726/1726
f 1792/1792/1792 1727/1727/1727 1793/1793/1793
f 1728/1728/1728 1793/1793/1793 1727/1727/1727
f 1793/1793/1793 1728/1728/1728 1794/1794/1794
f 1729/1729/1729 1794/1794/1794 1728/1728/1728
f 1794/1794/1794 1729/1729/1729 1795/1795/1795
f 1730/1730/1730 1795/1795/1795 1729/1729/1729
f 1795/1795/1795 1730/1730/1730 1796/1796/1796
f 1731/1731/1731 1796/1796/1796 1730/1730/1730
f 1796/1796/1796 1731/1731/1731 1797/1797/1797
f 1732/1732/1732 1797/1797/1797 1731/1731/1731
f 1797/1797/1797 1732/1732/1732 1798/1798/1798
f 1733/1733/1733 1798/1798/1798 1732/1732/1732
f 1798/1798/1798 1733/1733/1733 1799/1799/1799
f 1734/1734/1734 1799/1799/1799 1733/1733/1733
f 1799/1799/1799 1734/1734/1734 1800/1800/1800
f 1735/1735/1735 1800/1800/1800 1734/1734/1734
f 1800/1800/1800 1735/1735/1735 1801/1801/1801
f 1736/1736/1736 1801/1801/1801 1735/1735/1735
f 1801/1801/1801 1736/1736/1736 1802/1802/1802
f 1737/1737/1737 1802/1802/1802 1736/1736/1736
f 1802/1802/1802 1737/1737/1737 1803/1803/1803
f 1738/1738/1738 1803/1803/1803 1737/1737/1737
f 1803/1803/1803 1738/1738/1738 1804/1804/1804
f 1739/1739/1739 1804/1804/1804 1738/1738/1738
f 1804/1804/1804 1739/1739/1739 1805/1805/1805
f 1740/1740/1740 1805/1805/1805 1739/1739/1739
f 1805/1805/1805 1740/1740/1740 1806/1806/1806
f 1741/1741/1741 1806/1806/1806 1740/1740/1740
f 1806/1806/1806 1741/1741/1741 1807/1807/1807
f 1742/1742/1742 1807/1807/1807 1741/1741/1741
f 1807/1807/1807 1742/1742/1742 1808/1808/1808
f 1743/1743/1743 1808/1808/1808 1742/1742/1742
f 1808/1808/1808 1743/1743/1743 1809/1809/1809
f 1744/1744/1744 1809/1809/1809 1743/1743/1743
f 1809/1809/1809 1744/1744/1744 1810/1810/1810
f 1745/1745/1745 1810/1810/1810 1744/1744/1744
f 1810/1810/1810 1745/1745/1745 1811/1811/1811
f 1746/1746/1746 1811/1811/1811 1745/1745/1745
f 1811/1811/1811 1746/1746/1746 1812/1812/1812
f 1747/1747/1747 1812/1812/1812 1746/1746/1746
f 1812/1812/1812 1747/1747/1747 1813/1813/1813
f 1748/1748/1748 1813/1813/1813 1747/1747/1747
f 1813/1813/1813 1748/1748/1748 1814/1814/1814
f 1749/1749/1749 1814/1814/1814 1748/1748/1748
f 1814/1814/1814 1749/1749/1749 1815/1815/1815
f 1750/1750/1750 1815/1815/1815 1749/1749/1749
f 1815/1815/1815 1750/1750/1750 1816/1816/1816
f 1751/1751/1751 1816/1816/1816 1750/1750/1750
f 1816/1816/1816 1751/1751/1751 1817/1817/1817
f 1752/1752/1752 1817/1817/1817 1751/1751/1751
f 1817/1817/1817 1752/1752/1752 1818/1818/1818
f 1753/1753/1753 1818/1818/1818 1752/1752/1752
f 1818/1818/1818 1753/1753/1753 1819/1819/1819
f 1754/1754/1754 1819/1819/1819 1753/1753/1753
f 1819/1819/1819 1754/1754/1754 1820/1820/1820
f 1755/1755/1755 1820/1820/1820 1754/1754/1754
f 1821/1821/1821 1756/1756/1756 1822/1822/1822
f 1757/1757/1757 1822/1822/1822 1756/1756/1756
f 1822/1822/1822 1757/1757/1757 1823/1823/1823
f 1758/1758/1758 1823/1823/1823 1757/1757/1757
f 1823/1823/1823 1758/1758/1758 1824/1824/1824
f 1759/1759/1759 1824/1824/1824 1758/1758/1758
f 1824/1824/1824 1759/1759/1759 1825/1825/1825
f 1760/1760/1760 1825/1825/1825 1759/1759/1759
f 1825/1825/1825 1760/1760/1760 1826/1826/1826
f 1761/1761/1761 1826/1826/1826 1760/1760/1760
f 1826/1826/1826 1761/1761/1761 1827/1827/1827
f 1762/1762/1762 1827/1827/1827 1761/1761/1761
f 1827/1827/1827 1762/1762/1762 1828/1828/1828
f 1763/1763/1763 1828/1828/1828 1762/1762/1762
f 1828/1828/1828 1763/1763/1763 1829/1829/1829
f 1764/1764/1764 1829/1829/1829 1763/1763/1763
f 1829/1829/1829 1764/1764/1764 1830/1830/1830
f 1765/1765/1765 1830/1830/1830 1764/1764/1764
f 1830/1830/1830 1765/1765/1765 1831/1831/1831
f 1766/1766/1766 1831/1831/1831 1765/1765/1765
f 1831/1831/1831 1766/1766/1766 1832/1832/1832
f 1767/1767/1767 1832/1832/1832 1766/1766/1766
f 1832/1832/1832 1767/1767/1767 1833/1833/1833
f 1768/1768/1768 1833/1833/1833 1767/1767/1767
f 1833/1833/1833 1768/1768/1768 1834/1834/1834
f 1769/1769/1769 1834/1834/1834 1768/1768/1768
f 1834/1834/1834 1769/1769/1769 1835/1835/1835
f 1770/1770/1770 1835/1835/1835 1769/1769/1769
f 1835/1835/1835 1770/1770/1770 1836/1836/1836
f 1771/1771/1771 1836/1836/1836 1770/1770/1770
f 1836/1836/1836 1771/1771/1771 1837/1837/1837
f 1772/1772/1772 1837/1837/1837 1771/1771/1771
f 1837/1837/1837 1772/1772/1772 1838/1838/1838
f 1773/1773/1773 1838/1838/1838 1772/1772/1772
f 1838/1838/1838 1773/1773/1773 1839/1839/1839
f 1774/1774/1774 1839/1839/1839 1773/1773/1773
f 1839/1839/1839 1774/1774/1774 1840/1840/1840
f 1775/1775/1775 1840/1840/1840 1774/1774/1774
f 1840/1840/1840 1775/1775/1775 1841/1841/1841
f 1776/1776/1776 1841/1841/1841 1775/1775/1775
f 1841/1841/1841 1776/1776/1776 1842/1842/1842
f 1777/1777/1777 1842/1842/1842 1776/1776/1776
f 1842/1842/1842 1777/1777/1777 1843/1843/1843
f 1778/1778/1778 1843/1843/1843 1777/1777/1777
f 1843/1843/1843 1778/1778/1778 1844/1844/1844
f 1779/1779/1779 1844/1844/1844 1778/1778/1778
f 1844/1844/1844 1779/1779/1779 1845/1845/1845
f 1780/1780/1780 1845/1845/1845 1779/1779/1779
f 1845/1845/1845 1780/1780/1780 1846/1846/1846
f 1781/1781/1781 1846/1846/1846 1780/1780/1780
f 1846/1846/1846 1781/1781/1781 1847/1847/1847
f 1782/1782/1782 1847/1847/1847 1781/1781/1781
f 1847/1847/1847 1782/1782/1782 1848/1848/1848
f 1783/1783/1783 1848/1848/1848 1782/1782/1782
f 1848/1848/1848 1783/1783/1783 1849/1849/1849
f 1784/1784/1784 1849/1849/1849 1783/1783/1783
f 1849/1849/1849 1784/1784/1784 1850/1850/1850
f 1785/1785/1785 1850/1850/1850 1784/1784/1784
f 1850/1850/1850 1785/1785/1785 1851/1851/1851
f 1786/1786/1786 1851/1851/1851 1785/1785/1785
f 1851/1851/1851 1786/1786/1786 1852/1852/1852
f 1787/1787/1787 1852/1852/1852 1786/1786/1786
f 1852/1852/1852 1787/1787/1787 1853/1853/1853
f 1788/1788/1788 1853/1853/1853 1787/1787/1787
f 1853/1853/1853 1788/1788/1788 1854/1854/1854
f 1789/1789/1789 1854/1854/1854 1788/1788/1788
f 1854/1854/1854 1789/1789/1789 1855/1855/1855
f 1790/1790/1790 1855/1855/1855 1789/1789/1789
f 1855/1855/1855 1790/1790/1790 1856/1856/1856
f 1791/1791/1791 1856/1856/1856 1790/1790/1790
f 1856/1856/1856 1791/1791/1791 1857/1857/1857
f 1792/1792/1792 1857/1857/1857 1791/1791/1791
f 1857/1857/1857 1792/1792/1792 1858/1858/1858
f 1793/1793/1793 1858/1858/1858 1792/1792/1792
f 1858/1858/1858 1793/1793/1793 1859/1859/1859
f 1794/1794/1794 1859/1859/1859 1793/1793/1793
f 1859/1859/1859 1794/1794/1794 1860/1860/1860
f 1795/1795/1795 1860/1860/1860 1794/1794/1794
f 1860/1860/1860 1795/1795/1795 1861/1861/1861
f 1796/1796/1796 1861/1861/1861 1795/1795/1795
f 1861/1861/1861 1796/1796/1796 1862/1862/1862
f 1797/1797/1797 1862/1862/1862 1796/1796/1796
f 1862/1862/1862 1797/1797/1797 1863/1863/1863
f 1798/1798/1798 1863/1863/1863 1797/1797/1797
f 1863/1863/1863 1798/1798/1798 1864/1864/1864
f 1799/1799/1799 1864/1864/1864 1798/1798/1798
f 1864/1864/1864 1799/1799/1799 1865/1865/1865
f 1800/1800/1800 1865/1865/1865 1799/1799/1799
f 1865/1865/1865 1800/1800/1800 1866/1866/1866
f 1801/1801/1801 1866/1866/1866 1800/1800/1800
f 1866/1866/1866 1801/1801/1801 1867/1867/1867
f 1802/1802/1802 1867/1867/1867 1801/1801/1801
f 1867/1867/1867 1802/1802/1802 1868/1868/1868
f 1803/1803/1803 1868/1868/1868 1802/1802/1802
f 1868/1868/1868 1803/1803/1803 1869/1869/1869
f 1804/1804/1804 1869/1869/1869 1803/1803/1803
f 1869/1869/1869 1804/1804/1804 1870/1870/1870
f 1805/1805/1805 1870/1870/1870 1804/1804/1804
f 1870/1870/1870 1805/1805/1805 1871/1871/1871
f 1806/1806/1806 1871/1871/1871 1805/1805/1805
f 1871/1871/1871 1806/1806/1806 1872/1872/1872
f 1807/1807/1807 1872/1872/1872 1806/1806/1806
f 1872/1872/1872 1807/1807/1807 1873/1873/1873
f 1808/1808/1808 1873/1873/1873 1807/1807/1807
f 1873/1873/1873 1808/1808/1808 1874/1874/1874
f 1809/1809/1809 1874/1874/1874 1808/1808/1808
f 1874/1874/1874 1809/1809/1809 1875/1875/1875
f 1810/1810/1810 1875/1875/1875 1809/1809/1809
f 1875/1875/1875 1810/1810/1810 1876/1876/1876
f 1811/1811/1811 1876/1876/1876 1810/1810/1810
f 1876/1876/1876 1811/1811/1811 1877/1877/1877
f 1812/1812/1812 1877/1877/1877 1811/1811/1811
f 1877/1877/1877 1812/1812/1812 1878/1878/1878
f 1813/1813/1813 1878/1878/1878 1812/1812/1812
f 1878/1878/1878 1813/1813/1813 1879/1879/1879
f 1814/1814/1814 1879/1879/1879 1813/1813/1813
f 1879/1879/1879 1814/1814/1814 1880/1880/1880
f 1815/1815/1815 1880/1880/1880 1814/1814/1814
f 1880/1880/1880 1815/1815/1815 1881/1881/1881
f 1816/1816/1816 1881/1881/1881 1815/1815/1815
f 1881/1881/1881 1816/1816/1816 1882/1882/1882
f 1817/1817/1817 1882/1882/1882 1816/1816/1816
f 1882/1882/1882 1817/1817/1817 1883/1883/1883
f 1818/1818/1818 1883/1883/1883 1817/1817/1817
f 1883/1883/1883 1818/1818/1818 1884/1884/1884
f 1819/1819/1819 1884/1884/1884 1818/1818/1818
f 1884/1884/1884 1819/1819/1819 1885/1885/1885
f 1820/1820/1820 1885/1885/1885 1819/1819/1819
f 1886/1886/1886 1821/1821/1821 1887/1887/1887
f 1822/1822/1822 1887/1887/1887 1821/1821/1821
f 1887/1887/1887 1822/1822/1822 1888/1888/1888
f 1823/1823/1823 1888/1888/1888 1822/1822/1822
f 1888/1888/1888 1823/1823/1823 1889/1889/1889
f 1824/1824/1824 1889/1889/1889 1823/1823/1823
f 1889/1889/1889 1824/1824/1824 1890/1890/1890
f 1825/1825/1825 1890/1890/1890 1824/1824/1824
f 1890/1890/1890 1825/1825/1825 1891/1891/1891
f 1826/1826/1826 1891/1891/1891 1825/1825/1825
f 1891/1891/1891 1826/1826/1826 1892/1892/1892
f 1827/1827/1827 1892/1892/1892 1826/1826/1826
f 1892/1892/1892 1827/1827/1827 1893/1893/1893
f 1828/1828/1828 1893/1893/1893 1827/1827/1827
f 1893/1893/1893 1828/1828/1828 1894/1894/1894
f 1829/1829/1829 1894/1894/1894 1828/1828/1828
f 1894/1894/1894 1829/1829/1829 1895/1895/1895
f 1830/1830/1830 1895/1895/1895 1829/1829/1829
f 1895/1895/1895 1830/1830/1830 1896/1896/1896
f 1831/1831/1831 1896/1896/1896 1830/1830/1830
f 1896/1896/1896 1831/1831/1831 1897/1897/1897
f 1832/1832/1832 1897/1897/1897 1831/1831/1831
f 1897/1897/1897 1832/1832/1832 1898/1898/1898
f 1833/1833/1833 1898/1898/1898 1832/1832/1832
f 1898/1898/1898 1833/1833/1833 1899/1899/1899
f 1834/1834/1834 1899/1899/1899 1833/1833/1833
f 1899/1899/1899 1834/1834/1834 1900/1900/1900
f 1835/1835/1835 1900/1900/1900 1834/1834/1834
f 1900/1900/1900 1835/1835/1835 1901/1901/1901
f 1836/1836/1836 1901/1901/1901 1835/1835/1835
f 1901/1901/1901 1836/1836/1836 1902/1902/1902
f 1837/1837/1837 1902/1902/1902 1836/1836/1836
f 1902/1902/1902 1837/1837/1837 1903/1903/1903
f 1838/1838/1838 1903/1903/1903 1837/1837/1837
f 1903/1903/1903 1838/1838/1838 1904/1904/1904
f 1839/1839/1839 1904/1904/1904 1838/1838/1838
f 1904/1904/1904 1839/1839/1839 1905/1905/1905
f 1840/1840/1840 1905/1905/1905 1839/1839/1839
f 1905/1905/1905 1840/1840/1840 1906/1906/1906
f 1841/1841/1841 1906/1906/1906 1840/1840/1840
f 1906/1906/1906 1841/1841/1841 1907/1907/1907
f 1842/1842/1842 1907/1907/1907 1841/1841/1841
f 1907/1907/1907 1842/1842/1842 1908/1908/1908
f 1843/1843/1843 1908/1908/1908 1842/1842/1842
f 1908/1908/1908 1843/1843/1843 1909/1909/1909
f 1844/1844/1844 1909/1909/1909 1843/1843/1843
f 1909/1909/1909 1844/1844/1844 1910/1910/1910
f 1845/1845/1845 1910/1910/1910 1844/1844/1844
f 1910/1910/1910 1845/1845/1845 1911/1911/1911
f 1846/1846/1846 1911/1911/1911 1845/1845/1845
f 1911/1911/1911 1846/1846/1846 1912/1912/1912
f 1847/1847/1847 1912/1912/1912 1846/1846/1846
f 1912/1912/1912 1847/1847/1847 1913/1913/1913
f 1848/1848/1848 1913/1913/1913 1847/1847/1847
f 1913/1913/1913 1848/1848/1848 1914/1914/1914
f 1849/1849/1849 1914/1914/1914 1848/1848/1848
f 1914/1914/1914 1849/1849/1849 1915/1915/1915
f 1850/1850/1850 1915/1915/1915 1849/1849/1849
f 1915/1915/1915 1850/1850/1850 1916/1916/1916
f 1851/1851/1851 1916/1916/1916 1850/1850/1850
f 1916/1916/1916 1851/1851/1851 1917/1917/1917
f 1852/1852/1852 1917/1917/1917 1851/1851/1851
f 1917/1917/1917 1852/1852/1852 1918/1918/1918
f 1853/1853/1853 1918/1918/1918 1852/1852/1852
f 1918/1918/1918 1853/1853/1853 1919/1919/1919
f 1854/1854/1854 1919/1919/1919 1853/1853/1853
f 1919/1919/1919 1854/1854/1854 1920/1920/1920
f 1855/1855/1855 1920/1920/1920 1854/1854/1854
f 1920/1920/1920 1855/1855/1855 1921/1921/1921
f 1856/1856/1856 1921/1921/1921 1855/1855/1855
f 1921/1921/1921 1856/1856/1856 1922/1922/1922
f 1857/1857/1857 1922/1922/1922 1856/1856/1856
f 1922/1922/1922 1857/1857/1857 1923/1923/1923
f 1858/1858/1858 1923/1923/1923 1857/1857/1857
f 1923/1923/1923 1858/1858/1858 1924/1924/1924
f 1859/1859/1859 1924/1924/1924 1858/1858/1858
f 1924/1924/1924 1859/1859/1859 1925/1925/1925
f 1860/1860/1860 1925/1925/1925 1859/1859/1859
f 1925/1925/1925 1860/1860/1860 1926/1926/1926
f 1861/1861/1861 1926/1926/1926 1860/1860/1860
f 1926/1926/1926 1861/1861/1861 1927/1927/1927
f 1862/1862/1862 1927/1927/1927 1861/1861/1861
f 1927/1927/1927 1862/1862/1862 1928/1928/1928
f 1863/1863/1863 1928/1928/1928 1862/1862/1862
f 1928/1928/1928 1863/1863/1863 1929/1929/1929
f 1864/1864/1864 1929/1929/1929 1863/1863/1863
f 1929/1929/1929 1864/1864/1864 1930/1930/1930
f 1865/1865/1865 1930/1930/1930 1864/1864/1864
f 1930/1930/1930 1865/1865/1865 1931/1931/1931
f 1866/1866/1866 1931/1931/1931 1865/1865/1865
f 1931/1931/1931 1866/1866/1866 1932/1932/1932
f 1867/1867/1867 1932/1932/1932 1866/1866/1866
f 1932/1932/1932 1867/1867/1867 1933/1933/1933
f 1868/1868/1868 1933/1933/1933 1867/1867/1867
f 1933/1933/1933 1868/1868/1868 1934/1934/1934
f 1869/1869/1869 1934/1934/1934 1868/1868/1868
f 1934/1934/1934 1869/1869/1869 1935/1935/1935
f 1870/1870/1870 1935/1935/1935 1869/1869/1869
f 1935/1935/1935 1870/1870/1870 1936/1936/1936
f 1871/1871/1871 1936/1936/1936 1870/1870/1870
f 1936/1936/1936 1871/1871/1871 1937/1937/1937
f 1872/1872/1872 1937/1937/1937 1871/1871/1871
f 1937/1937/1937 1872/1872/1872 1938/1938/1938
f 1873/1873/1873 1938/1938/1938 1872/1872/1872
f 1938/1938/1938 1873/1873/1873 1939/1939/1939
f 1874/1874/1874 1939/1939/1939 1873/1873/1873
f 1939/1939/1939 1874/1874/1874 1940/1940/1940
f 1875/1875/1875 1940/1940/1940 1874/1874/1874
f 1940/1940/1940 1875/1875/1875 1941/1941/1941
f 1876/1876/1876 1941/1941/1941 1875/1875/1875
f 1941/1941/1941 1876/1876/1876 1942/1942/1942
f 1877/1877/1877 1942/1942/1942 1876/1876/1876
f 1942/1942/1942 1877/1877/1877 1943/1943/1943
f 1878/1878/1878 1943/1943/1943 1877/1877/1877
f 1943/1943/1943 1878/1878/1878 1944/1944/1944
f 1879/1879/1879 1944/1944/1944 1878/1878/1878
f 1944/1944/1944 1879/1879/1879 1945/1945/1945
f 1880/1880/1880 1945/1945/1945 1879/1879/1879
f 1945/1945/1945 1880/1880/1880 1946/1946/1946
f 1881/1881/1881 1946/1946/1946 1880/1880/1880
f 1946/1946/1946 1881/1881/1881 1947/1947/1947
f 1882/1882/1882 1947/1947/1947 1881/1881/1881
f 1947/1947/1947 1882/1882/1882 1948/1948/1948
f 1883/1883/1883 1948/1948/1948 1882/1882/1882
f 1948/1948/1948 1883/1883/1883 1949/1949/1949
f 1884/1884/1884 1949/1949/1949 1883/1883/1883
f 1949/1949/1949 1884/1884/1884 1950/1950/1950
f 1885/1885/1885 1950/1950/1950 1884/1884/1884
f 1951/1951/1951 1886/1886/1886 1952/1952/1952
f 1887/1887/1887 1952/1952/1952 1886/1886/1886
f 1952/1952/1952 1887/1887/1887 1953/1953/1953
f 1888/1888/1888 1953/1953/1953 1887/1887/1887
f 1953/1953/1953 1888/1888/1888 1954/1954/1954
f 1889/1889/1889 1954/1954/1954 1888/1888/1888
f 1954/1954/1954 1889/1889/1889 1955/1955/1955
f 1890/1890/1890 1955/1955/1955 1889/1889/1889
f 1955/1955/1955 1890/1890/1890 1956/1956/1956
f 1891/1891/1891 1956/1956/1956 1890/1890/1890
f 1956/1956/1956 1891/1891/1891 1957/1957/1957
f 1892/1892/1892 1957/1957/1957 1891/1891/1891
f 1957/1957/1957 1892/1892/1892 1958/1958/1958
f 1893/1893/1893 1958/1958/1958 1892/1892/1892
f 1958/1958/1958 1893/1893/1893 1959/1959/1959
f 1894/1894/1894 1959/1959/1959 1893/1893/1893
f 1959/1959/1959 1894/1894/1894 1960/1960/1960
f 1895/1895/1895 1960/1960/1960 1894/1894/1894
f 1960/1960/1960 1895/1895/1895 1961/1961/1961
f 1896/1896/1896 1961/1961/1961 1895/1895/1895
f 1961/1961/1961 1896/1896/1896 1962/1962/1962
f 1897/1897/1897 1962/1962/1962 1896/1896/1896
f 1962/1962/1962 1897/1897/1897 1963/1963/1963
f 1898/1898/1898 1963/1963/1963 1897/1897/1897
f 1963/1963/1963 1898/1898/1898 1964/1964/1964
f 1899/1899/1899 1964/1964/1964 1898/1898/1898
f 1964/1964/1964 1899/1899/1899 1965/1965/1965
f 1900/1900/1900 1965/1965/1965 1899/1899/1899
f 1965/1965/1965 1900/1900/1900 1966/1966/1966
f 1901/1901/1901 1966/1966/1966 1900/1900/1900
f 1966/1966/1966 1901/1901/1901 1967/1967/1967
f 1902/1902/1902 1967/1967/1967 1901/1901/1901
f 1967/1967/1967 1902/1902/1902 1968/1968/1968
f 1903/1903/1903 1968/1968/1968 1902/1902/1902
f 1968/1968/1968 1903/1903/1903 1969/1969/1969
f 1904/1904/1904 1969/1969/1969 1903/1903/1903
f 1969/1969/1969 1904/1904/1904 1970/1970/1970
f 1905/1905/1905 1970/1970/1970 1904/1904/1904
f 1970/1970/1970 1905/1905/1905 1971/1971/1971
f 1906/1906/1906 1971/1971/1971 1905/1905/1905
f 1971/1971/1971 1906/1906/1906 1972/1972/1972
f 1907/1907/1907 1972/1972/1972 1906/1906/1906
f 1972/1972/1972 1907/1907/1907 1973/1973/1973
f 1908/1908/1908 1973/1973/1973 1907/1907/1907
f 1973/1973/1973 1908/1908/1908 1974/1974/1974
f 1909/1909/1909 1974/1974/1974 1908/1908/1908
f 1974/1974/1974 1909/1909/1909 1975/1975/1975
f 1910/1910/1910 1975/1975/1975 1909/1909/1909
f 1975/1975/1975 1910/1910/1910 1976/1976/1976
f 1911/1911/1911 1976/1976/1976 1910/1910/1910
f 1976/1976/1976 1911/1911/1911 1977/1977/1977
f 1912/1912/1912 1977/1977/1977 1911/1911/1911
f 1977/1977/1977 1912/1912/1912 1978/1978/1978
f 1913/1913/1913 1978/1978/1978 1912/1912/1912
f 1978/1978/1978 1913/1913/1913 1979/1979/1979
f 1914/1914/1914 1979/1979/1979 1913/1913/1913
f 1979/1979/1979 1914/1914/1914 1980/1980/1980
f 1915/1915/1915 1980/1980/1980 1914/1914/1914
f 1980/1980/1980 1915/1915/1915 1981/1981/1981
f 1916/1916/1916 1981/1981/1981 1915/1915/1915
f 1981/1981/1981 1916/1916/1916 1982/1982/1982
f 1917/1917/1917 1982/1982/1982 1916/1916/1916
f 1982/1982/1982 1917/1917/1917 1983/1983/1983
f 1918/1918/1918 1983/1983/1983 1917/1917/1917
f 1983/1983/1983 1918/1918/1918 1984/1984/1984
f 1919/1919/1919 1984/1984/1984 1918/1918/1918
f 1984/1984/1984 1919/1919/1919 1985/1985/1985
f 1920/1920/1920 1985/1985/1985 1919/1919/1919
f 1985/1985/1985 1920/1920/1920 1986/1986/1986
f 1921/1921/1921 1986/1986/1986 1920/1920/1920
f 1986/1986/1986 1921/1921/1921 1987/1987/1987
f 1922/1922/1922 1987/1987/1987 1921/1921/1921
f 1987/1987/1987 1922/1922/1922 1988/1988/1988
f 1923/1923/1923 1988/1988/1988 1922/1922/1922
f 1988/1988/1988 1923/1923/1923 1989/1989/1989
f 1924/1924/1924 1989/1989/1989 1923/1923/1923
f 1989/1989/1989 1924/1924/1924 1990/1990/1990
f 1925/1925/1925 1990/1990/1990 1924/1924/1924
f 1990/1990/1990 1925/1925/1925 1991/1991/1991
f 1926/1926/1926 1991/1991/1991 1925/1925/1925
f 1991/1991/1991 1926/1926/1926 1992/1992/1992
f 1927/1927/1927 1992/1992/1992 1926/1926/1926
f 1992/1992/1992 1927/1927/1927 1993/1993/1993
f 1928/1928/1928 1993/1993/1993 1927/1927/1927
f 1993/1993/1993 1928/1928/1928 1994/1994/1994
f 1929/1929/1929 1994/1994/1994 1928/1928/1928
f 1994/1994/1994 1929/1929/1929 1995/1995/1995
f 1930/1930/1930 1995/1995/1995 1929/1929/1929
f 1995/1995/1995 1930/1930/1930 1996/1996/1996
f 1931/1931/1931 1996/1996/1996 1930/1930/1930
f 1996/1996/1996 1931/1931/1931 1997/1997/1997
f 1932/1932/1932 1997/1997/1997 1931/1931/1931
f 1997/1997/1997 1932/1932/1932 1998/1998/1998
f 1933/1933/1933 1998/1998/1998 1932/1932/1932
f 1998/1998/1998 1933/1933/1933 1999/1999/1999
f 1934/1934/1934 1999/1999/1999 1933/1933/1933
f 1999/1999/1999 1934/1934/1934 2000/2000/2000
f 1935/1935/1935 2000/2000/2000 1934/1934/1934
f 2000/2000/2000 1935/1935/1935 2001/2001/2001
f 1936/1936/1936 2001/2001/2001 1935/1935/1935
f 2001/2001/2001 1936/1936/1936 2002/2002/2002
f 1937/1937/1937 2002/2002/2002 1936/1936/1936
f 2002/2002/2002 1937/1937/1937 2003/2003/2003
f 1938/1938/1938 2003/2003/2003 1937/1937/1937
f 2003/2003/2003 1938/1938/1938 2004/2004/2004
f 1939/1939/1939 2004/2004/2004 1938/1938/1938
f 2004/2004/2004 1939/1939/1939 2005/2005/2005
f 1940/1940/1940 2005/2005/2005 1939/1939/1939
f 2005/2005/2005 1940/1940/1940 2006/2006/2006
f 1941/1941/1941 2006/2006/2006 1940/1940/1940
f 2006/2006/2006 1941/1941/1941 2007/2007/2007
f 1942/1942/1942 2007/2007/2007 1941/1941/1941
f 2007/2007/2007 1942/1942/1942 2008/2008/2008
f 1943/1943/1943 2008/2008/2008 1942/1942/1942
f 2008/2008/2008 1943/1943/1943 2009/2009/2009
f 1944/1944/1944 2009/2009/2009 1943/1943/1943
f 2009/2009/2009 1944/1944/1944 2010/2010/2010
f 1945/1945/1945 2010/2010/2010 1944/1944/1944
f 2010/2010/2010 1945/1945/1945 2011/2011/2011
f 1946/1946/1946 2011/2011/2011 1945/1945/1945
f 2011/2011/2011 1946/1946/1946 2012/2012/2012
f 1947/1947/1947 2012/2012/2012 1946/1946/1946
f 2012/2012/2012 1947/1947/1947 2013/2013/2013
f 1948/1948/1948 2013/2013/2013 1947/1947/1947
f 2013/2013/2013 1948/1948/1948 2014/2014/2014
f 1949/1949/1949 2014/2014/2014 1948/1948/1948
f 2014/2014/2014 1949/1949/1949 2015/2015/2015
f 1950/1950/1950 2015/2015/2015 1949/1949/1949
f 2016/2016/2016 1951/1951/1951 2017/2017/2017
f 1952/1952/1952 2017/2017/2017 1951/1951/1951
f 2017/2017/2017 1952/1952/1952 2018/2018/2018
f 1953/1953/1953 2018/2018/2018 1952/1952/1952
f 2018/2018/2018 1953/1953/1953 2019/2019/2019
f 1954/1954/1954 2019/2019/2019 1953/1953/1953
f 2019/2019/2019 1954/1954/1954 2020/2020/2020
f 1955/1955/1955 2020/2020/2020 1954/1954/1954
f 2020/2020/2020 1955/1955/1955 2021/2021/2021
f 1956/1956/1956 2021/2021/2021 1955/1955/1955
f 2021/2021/2021 1956/1956/1956 2022/2022/2022
f 1957/1957/1957 2022/2022/2022 1956/1956/1956
f 2022/2022/2022 1957/1957/1957 2023/2023/2023
f 1958/1958/1958 2023/2023/2023 1957/1957/1957
f 2023/2023/2023 1958/1958/1958 2024/2024/2024
f 1959/1959/1959 2024/2024/2024 1958/1958/1958
f 2024/2024/2024 1959/1959/1959 2025/2025/2025
f 1960/1960/1960 2025/2025/2025 1959/1959/1959
f 2025/2025/2025 1960/1960/1960 2026/2026/2026
f 1961/1961/1961 2026/2026/2026 1960/1960/1960
f 2026/2026/2026 1961/1961/1961 2027/2027/2027
f 1962/1962/1962 2027/2027/2027 1961/1961/1961
f 2027/2027/2027 1962/1962/1962 2028/2028/2028
f 1963/1963/1963 2028/2028/2028 1962/1962/1962
f 2028/2028/2028 1963/1963/1963 2029/2029/2029
f 1964/1964/1964 2029/2029/2029 1963/1963/1963
f 2029/2029/2029 1964/1964/1964 2030/2030/2030
f 1965/1965/1965 2030/2030/2030 1964/1964/1964
f 2030/2030/2030 1965/1965/1965 2031/2031/2031
f 1966/1966/1966 2031/2031/2031 1965/1965/1965
f 2031/2031/2031 1966/1966/1966 2032/2032/2032
f 1967/1967/1967 2032/2032/2032 1966/1966/1966
f 2032/2032/2032 1967/1967/1967 2033/2033/2033
f 1968/1968/1968 2033/2033/2033 1967/1967/1967
f 2033/2033/2033 1968/1968/1968 2034/2034/2034
f 1969/1969/1969 2034/2034/2034 1968/1968/1968
f 2034/2034/2034 1969/1969/1969 2035/2035/2035
f 1970/1970/1970 2035/2035/2035 1969/1969/1969
f 2035/2035/2035 1970/1970/1970 2036/2036/2036
f 1971/1971/1971 2036/2036/2036 1970/1970/1970
f 2036/2036/2036 1971/1971/1971 2037/2037/2037
f 1972/1972/1972 2037/2037/2037 1971/1971/1971
f 2037/2037/2037 1972/1972/1972 2038/2038/2038
f 1973/1973/1973 2038/2038/2038 1972/1972/1972
f 2038/2038/2038 1973/1973/1973 2039/2039/2039
f 1974/1974/1974 2039/2039/2039 1973/1973/1973
f 2039/2039/2039 1974/1974/1974 2040/2040/2040
f 1975/1975/1975 2040/2040/2040 1974/1974/1974
f 2040/2040/2040 1975/1975/1975 2041/2041/2041
f 1976/1976/1976 2041/2041/2041 1975/1975/1975
f 2041/2041/2041 1976/1976/1976 2042/2042/2042
f 1977/1977/1977 2042/2042/2042 1976/1976/1976
f 2042/2042/2042 1977/1977/1977 2043/2043/2043
f 1978/1978/1978 2043/2043/2043 1977/1977/1977
f 2043/2043/2043 1978/1978/1978 2044/2044/2044
f 1979/1979/1979 2044/2044/2044 1978/1978/1978
f 2044/2044/2044 1979/1979/1979 2045/2045/2045
f 1980/1980/1980 2045/2045/2045 1979/1979/1979
f 2045/2045/2045 1980/1980/1980 2046/2046/2046
f 1981/1981/1981 2046/2046/2046 1980/1980/1980
f 2046/2046/2046 1981/1981/1981 2047/2047/2047
f 1982/1982/1982 2047/2047/2047 1981/1981/1981
f 2047/2047/2047 1982/1982/1982 2048/2048/2048
f 1983/1983/1983 2048/2048/2048 1982/1982/1982
f 2048/2048/2048 1983/1983/1983 2049/2049/2049
f 1984/1984/1984 2049/2049/2049 1983/1983/1983
f 2049/2049/2049 1984/1984/1984 2050/2050/2050
f 1985/1985/1985 2050/2050/2050 1984/1984/1984
f 2050/2050/2050 1985/1985/1985 2051/2051/2051
f 1986/1986/1986 2051/2051/2051 1985/1985/1985
f 2051/2051/2051 1986/1986/1986 2052/2052/2052
f 1987/1987/1987 2052/2052/2052 1986/1986/1986
f 2052/2052/2052 1987/1987/1987 2053/2053/2053
f 1988/1988/1988 2053/2053/2053 1987/1987/1987
f 2053/2053/2053 1988/1988/1988 2054/2054/2054
f 1989/1989/1989 2054/2054/2054 1988/1988/1988
f 2054/2054/2054 1989/1989/1989 2055/2055/2055
f 1990/1990/1990 2055/2055/2055 1989/1989/1989
f 2055/2055/2055 1990/1990/1990 2056/2056/2056
f 1991/1991/1991 2056/2056/2056 1990/1990/1990
f 2056/2056/2056 1991/1991/1991 2057/2057/2057
f 1992/1992/1992 2057/2057/2057 1991/1991/1991
f 2057/2057/2057 1992/1992/1992 2058/2058/2058
f 1993/1993/1993 2058/2058/2058 1992/1992/1992
f 2058/2058/2058 1993/1993/1993 2059/2059/2059
f 1994/1994/1994 2059/2059/2059 1993/1993/1993
f 2059/2059/2059 1994/1994/1994 2060/2060/2060
f 1995/1995/1995 2060/2060/2060 1994/1994/1994
f 2060/2060/2060 1995/1995/1995 2061/2061/2061
f 1996/1996/1996 2061/2061/2061 1995/1995/1995
f 2061/2061/2061 1996/1996/1996 2062/2062/2062
f 1997/1997/1997 2062/2062/2062 1996/1996/1996
f 2062/2062/2062 1997/1997/1997 2063/2063/2063
f 1998/1998/1998 2063/2063/2063 1997/1997/1997
f 2063/2063/2063 1998/1998/1998 2064/2064/2064
f 1999/1999/1999 2064/2064/2064 1998/1998/1998
f 2064/2064/2064 1999/1999/1999 2065/2065/2065
f 2000/2000/2000 2065/2065/2065 1999/1999/1999
f 2065/2065/2065 2000/2000/2000 2066/2066/2066
f 2001/2001/2001 2066/2066/2066 2000/2000/2000
f 2066/2066/2066 2001/2001/2001 2067/2067/2067
f 2002/2002/2002 2067/2067/2067 2001/2001/2001
f 2067/2067/2067 2002/2002/2002 2068/2068/2068
f 2003/2003/2003 2068/2068/2068 2002/2002/2002
f 2068/2068/2068 2003/2003/2003 2069/2069/2069
f 2004/2004/2004 2069/2069/2069 2003/2003/2003
f 2069/2069/2069 2004/2004/2004 2070/2070/2070
f 2005/2005/2005 2070/2070/2070 2004/2004/2004
f 2070/2070/2070 2005/2005/2005 2071/2071/2071
f 2006/2006/2006 2071/2071/2071 2005/2005/2005
f 2071/2071/2071 2006/2006/2006 2072/2072/2072
f 2007/2007/2007 2072/2072/2072 2006/2006/2006
f 2072/2072/2072 2007/2007/2007 2073/2073/2073
f 2008/2008/2008 2073/2073/2073 2007/2007/2007
f 2073/2073/2073 2008/2008/2008 2074/2074/2074
f 2009/2009/2009 2074/2074/2074 2008/2008/2008
f 2074/2074/2074 2009/2009/2009 2075/2075/2075
f 2010/2010/2010 2075/2075/2075 2009/2009/2009
f 2075/2075/2075 2010/2010/2010 2076/2076/2076
f 2011/2011/2011 2076/2076/2076 2010/2010/2010
f 2076/2076/2076 2011/2011/2011 2077/2077/2077
f 2012/2012/2012 2077/2077/2077 2011/2011/2011
f 2077/2077/2077 2012/2012/2012 2078/2078/2078
f 2013/2013/2013 2078/2078/2078 2012/2012/2012
f 2078/2078/2078 2013/2013/2013 2079/2079/2079
f 2014/2014/2014 2079/2079/2079 2013/2013/2013
f 2079/2079/2079 2014/2014/2014 2080/2080/2080
f 2015/2015/2015 2080/2080/2080 2014/2014/2014
f 2081/2081/2081 2016/2016/2016 2082/2082/2082
f 2017/2017/2017 2082/2082/2082 2016/2016/2016
f 2082/2082/2082 2017/2017/2017 2083/2083/2083
f 2018/2018/2018 2083/2083/2083 2017/2017/2017
f 2083/2083/2083 2018/2018/2018 2084/2084/2084
f 2019/2019/2019 2084/2084/2084 2018/2018/2018
f 2084/2084/2084 2019/2019/2019 2085/2085/2085
f 2020/2020/2020 2085/2085/2085 2019/2019/2019
f 2085/2085/2085 2020/2020/2020 2086/2086/2086
f 2021/2021/2021 2086/2086/2086 2020/2020/2020
f 2086/2086/2086 2021/2021/2021 2087/2087/2087
f 2022/2022/2022 2087/2087/2087 2021/2021/2021
f 2087/2087/2087 2022/2022/2022 2088/2088/2088
f 2023/2023/2023 2088/2088/2088 2022/2022/2022
f 2088/2088/2088 2023/2023/2023 2089/2089/2089
f 2024/2024/2024 2089/2089/2089 2023/2023/2023
f 2089/2089/2089 2024/2024/2024 2090/2090/2090
f 2025/2025/2025 2090/2090/2090 2024/2024/2024
f 2090/2090/2090 2025/2025/2025 2091/2091/2091
f 2026/2026/2026 2091/2091/2091 2025/2025/2025
f 2091/2091/2091 2026/2026/2026 2092/2092/2092
f 2027/2027/2027 2092/2092/2092 2026/2026/2026
f 2092/2092/2092 2027/2027/2027 2093/2093/2093
f 2028/2028/2028 2093/2093/2093 2027/2027/2027
f 2093/2093/2093 2028/2028/2028 2094/2094/2094
f 2029/2029/2029 2094/2094/2094 2028/2028/2028
f 2094/2094/2094 2029/2029/2029 2095/2095/2095
f 2030/2030/2030 2095/2095/2095 2029/2029/2029
f 2095/2095/2095 2030/2030/2030 2096/2096/2096
f 2031/2031/2031 2096/2096/2096 2030/2030/2030
f 2096/2096/2096 2031/2031/2031 2097/2097/2097
f 2032/2032/2032 2097/2097/2097 2031/2031/2031
f 2097/2097/2097 2032/2032/2032 2098/2098/2098
f 2033/2033/2033 2098/2098/2098 2032/2032/2032
f 2098/2098/2098 2033/2033/2033 2099/2099/2099
f 2034/2034/2034 2099/2099/2099 2033/2033/2033
f 2099/2099/2099 2034/2034/2034 2100/2100/2100
f 2035/2035/2035 2100/2100/2100 2034/2034/2034
f 2100/2100/2100 2035/2035/2035 2101/2101/2101
f 2036/2036/2036 2101/2101/2101 2035/2035/2035
f 2101/2101/2101 2036/2036/2036 2102/2102/2102
f 2037/2037/2037 2102/2102/2102 2036/2036/2036
f 2102/2102/2102 2037/2037/2037 2103/2103/2103
f 2038/2038/2038 2103/2103/2103 2037/2037/2037
f 2103/2103/2103 2038/2038/2038 2104/2104/2104
f 2039/2039/2039 2104/2104/2104 2038/2038/2038
f 2104/2104/2104 2039/2039/2039 2105/2105/2105
f 2040/2040/2040 2105/2105/2105 2039/2039/2039
f 2105/2105/2105 2040/2040/2040 2106/2106/2106
f 2041/2041/2041 2106/2106/2106 2040/2040/2040
f 2106/2106/2106 2041/2041/2041 2107/2107/2107
f 2042/2042/2042 2107/2107/2107 2041/2041/2041
f 2107/2107/2107 2042/2042/2042 2108/2108/2108
f 2043/2043/2043 2108/2108/2108 2042/2042/2042
f 2108/2108/2108 2043/2043/2043 2109/2109/2109
f 2044/2044/2044 2109/2109/2109 2043/2043/2043
f 2109/2109/2109 2044/2044/2044 2110/2110/2110
f 2045/2045/2045 2110/2110/2110 2044/2044/2044
f 2110/2110/2110 2045/2045/2045 2111/2111/2111
f 2046/2046/2046 2111/2111/2111 2045/2045/2045
f 2111/2111/2111 2046/2046/2046 2112/2112/2112
f 2047/2047/2047 2112/2112/2112 2046/2046/2046
f 2112/2112/2112 2047/2047/2047 2113/2113/2113
f 2048/2048/2048 2113/2113/2113 2047/2047/2047
f 2113/2113/2113 2048/2048/2048 2114/2114/2114
f 2049/2049/2049 2114/2114/2114 2048/2048/2048
f 2114/2114/2114 2049/2049/2049 2115/2115/2115
f 2050/2050/2050 2115/2115/2115 2049/2049/2049
f 2115/2115/2115 2050/2050/2050 2116/2116/2116
f 2051/2051/2051 2116/2116/2116 2050/2050/2050
f 2116/2116/2116 2051/2051/2051 2117/2117/2117
f 2052/2052/2052 2117/2117/2117 2051/2051/2051
f 2117/2117/2117 2052/2052/2052 2118/2118/2118
f 2053/2053/2053 2118/2118/2118 2052/2052/2052
f 2118/2118/2118 2053/2053/2053 2119/2119/2119
f 2054/2054/2054 2119/2119/2119 2053/2053/2053
f 2119/2119/2119 2054/2054/2054 2120/2120/2120
f 2055/2055/2055 2120/2120/2120 2054/2054/2054
f 2120/2120/2120 2055/2055/2055 2121/2121/2121
f 2056/2056/2056 2121/2121/2121 2055/2055/2055
f 2121/2121/2121 2056/2056/2056 2122/2122/2122
f 2057/2057/2057 2122/2122/2122 2056/2056/2056
f 2122/2122/2122 2057/2057/2057 2123/2123/2123
f 2058/2058/2058 2123/2123/2123 2057/2057/2057
f 2123/2123/2123 2058/2058/2058 2124/2124/2124
f 2059/2059/2059 2124/2124/2124 2058/2058/2058
f 2124/2124/2124 2059/2059/2059 2125/2125/2125
f 2060/2060/2060 2125/2125/2125 2059/2059/2059
f 2125/2125/2125 2060/2060/2060 2126/2126/2126
f 2061/2061/2061 2126/2126/2126 2060/2060/2060
f 2126/2126/2126 2061/2061/2061 2127/2127/2127
f 2062/2062/2062 2127/2127/2127 2061/2061/2061
f 2127/2127/2127 2062/2062/2062 2128/2128/2128
f 2063/2063/2063 2128/2128/2128 2062/2062/2062
f 2128/2128/2128 2063/2063/2063 2129/2129/2129
f 2064/2064/2064 2129/2129/2129 2063/2063/2063
f 2129/2129/2129 2064/2064/2064 2130/2130/2130
f 2065/2065/2065 2130/2130/2130 2064/2064/2064
f 2130/2130/2130 2065/2065/2065 2131/2131/2131
f 2066/2066/2066 2131/2131/2131 2065/2065/2065
f 2131/2131/2131 2066/2066/2066 2132/2132/2132
f 2067/2067/2067 2132/2132/2132 2066/2066/2066
f 2132/2132/2132 2067/2067/2067 2133/2133/2133
f 2068/2068/2068 2133/2133/2133 2067/2067/2067
f 2133/2133/2133 2068/2068/2068 2134/2134/2134
f 2069/2069/2069 2134/2134/2134 2068/2068/2068
f 2134/2134/2134 2069/2069/2069 2135/2135/2135
f 2070/2070/2070 2135/2135/2135 2069/2069/2069
f 2135/2135/2135 2070/2070/2070 2136/2136/2136
f 2071/2071/2071 2136/2136/2136 2070/2070/2070
f 2136/2136/2136 2071/2071/2071 2137/2137/2137
f 2072/2072/2072 2137/2137/2137 2071/2071/2071
f 2137/2137/2137 2072/2072/2072 2138/2138/2138
f 2073/2073/2073 2138/2138/2138 2072/2072/2072
f 2138/2138/2138 2073/2073/2073 2139/2139/2139
f 2074/2074/2074 2139/2139/2139 2073/2073/2073
f 2139/2139/2139 2074/2074/2074 2140/2140/2140
f 2075/2075/2075 2140/2140/2140 2074/2074/2074
f 2140/2140/2140 2075/2075/2075 2141/2141/2141
f 2076/2076/2076 2141/2141/2141 2075/2075/2075
f 2141/2141/2141 2076/2076/2076 2142/2142/2142
f 2077/2077/2077 2142/2142/2142 2076/2076/2076
f 2142/2142/2142 2077/2077/2077 2143/2143/2143
f 2078/2078/2078 2143/2143/2143 2077/2077/2077
f 2143/2143/2143 2078/2078/2078 2144/2144/2144
f 2079/2079/2079 2144/2144/2144 2078/2078/2078
f 2144/2144/2144 2079/2079/2079 2145/2145/2145
f 2080/2080/2080 2145/2145/2145 2079/2079/2079
f 2146/2146/2146 2081/2081/2081 2147/2147/2147
f 2082/2082/2082 2147/2147/2147 2081/2081/2081
f 2147/2147/2147 2082/2082/2082 2148/2148/2148
f 2083/2083/2083 2148/2148/2148 2082/2082/2082
f 2148/2148/2148 2083/2083/2083 2149/2149/2149
f 2084/2084/2084 2149/2149/2149 2083/2083/2083
f 2149/2149/2149 2084/2084/2084 2150/2150/2150
f 2085/2085/2085 2150/2150/2150 2084/2084/2084
f 2150/2150/2150 2085/2085/2085 2151/2151/2151
f 2086/2086/2086 2151/2151/2151 2085/2085/2085
f 2151/2151/2151 2086/2086/2086 2152/2152/2152
f 2087/2087/2087 2152/2152/2152 2086/2086/2086
f 2152/2152/2152 2087/2087/2087 2153/2153/2153
f 2088/2088/2088 2153/2153/2153 2087/2087/2087
f 2153/2153/2153 2088/2088/2088 2154/2154/2154
f 2089/2089/2089 2154/2154/2154 2088/2088/2088
f 2154/2154/2154 2089/2089/2089 2155/2155/2155
f 2090/2090/2090 2155/2155/2155 2089/2089/2089
f 2155/2155/2155 2090/2090/2090 2156/2156/2156
f 2091/2091/2091 2156/2156/2156 2090/2090/2090
f 2156/2156/2156 2091/2091/2091 2157/2157/2157
f 2092/2092/2092 2157/2157/2157 2091/2091/2091
f 2157/2157/2157 2092/2092/2092 2158/2158/2158
f 2093/2093/2093 2158/2158/2158 2092/2092/2092
f 2158/2158/2158 2093/2093/2093 2159/2159/2159
f 2094/2094/2094 2159/2159/2159 2093/2093/2093
f 2159/2159/2159 2094/2094/2094 2160/2160/2160
f 2095/2095/2095 2160/2160/2160 2094/2094/2094
f 2160/2160/2160 2095/2095/2095 2161/2161/2161
f 2096/2096/2096 2161/2161/2161 2095/2095/2095
f 2161/2161/2161 2096/2096/2096 2162/2162/2162
f 2097/2097/2097 2162/2162/2162 2096/2096/2096
f 2162/2162/2162 2097/2097/2097 2163/2163/2163
f 2098/2098/2098 2163/2163/2163 2097/2097/2097
f 2163/2163/2163 2098/2098/2098 2164/2164/2164
f 2099/2099/2099 2164/2164/2164 2098/2098/2098
f 2164/2164/2164 2099/2099/2099 2165/2165/2165
f 2100/2100/2100 2165/2165/2165 2099/2099/2099
f 2165/2165/2165 2100/2100/2100 2166/2166/2166
f 2101/2101/2101 2166/2166/2166 2100/2100/2100
f 2166/2166/2166 2101/2101/2101 2167/2167/2167
f 2102/2102/2102 2167/2167/2167 2101/2101/2101
f 2167/2167/2167 2102/2102/2102 2168/2168/2168
f 2103/2103/2103 2168/2168/2168 2102/2102/2102
f 2168/2168/2168 2103/2103/2103 2169/2169/2169
f 2104/2104/2104 2169/2169/2169 2103/2103/2103
f 2169/2169/2169 2104/2104/2104 2170/2170/2170
f 2105/2105/2105 2170/2170/2170 2104/2104/2104
f 2170/2170/2170 2105/2105/2105 2171/2171/2171
f 2106/2106/2106 2171/2171/2171 2105/2105/2105
f 2171/2171/2171 2106/2106/2106 2172/2172/2172
f 2107/2107/2107 2172/2172/2172 2106/2106/2106
f 2172/2172/2172 2107/2107/2107 2173/2173/2173
f 2108/2108/2108 2173/2173/2173 2107/2107/2107
f 2173/2173/2173 2108/2108/2108 2174/2174/2174
f 2109/2109/2109 2174/2174/2174 2108/2108/2108
f 2174/2174/2174 2109/2109/2109 2175/2175/2175
f 2110/2110/2110 2175/2175/2175 2109/2109/2109
f 2175/2175/2175 2110/2110/2110 2176/2176/2176
f 2111/2111/2111 2176/2176/2176 2110/2110/2110
f 2176/2176/2176 2111/2111/2111 2177/2177/2177
f 2112/2112/2112 2177/2177/2177 2111/2111/2111
f 2177/2177/2177 2112/2112/2112 2178/2178/2178
f 2113/2113/2113 2178/2178/2178 2112/2112/2112
f 2178/2178/2178 2113/2113/2113 2179/2179/2179
f 2114/2114/2114 2179/2179/2179 2113/2113/2113
f 2179/2179/2179 2114/2114/2114 2180/2180/2180
f 2115/2115/2115 2180/2180/2180 2114/2114/2114
f 2180/2180/2180 2115/2115/2115 2181/2181/2181
f 2116/2116/2116 2181/2181/2181 2115/2115/2115
f 2181/2181/2181 2116/2116/2116 2182/2182/2182
f 2117/2117/2117 2182/2182/2182 2116/2116/2116
f 2182/2182/2182 2117/2117/2117 2183/2183/2183
f 2118/2118/2118 2183/2183/2183 2117/2117/2117
f 2183/2183/2183 2118/2118/2118 2184/2184/2184
f 2119/2119/2119 2184/2184/2184 2118/2118/2118
f 2184/2184/2184 2119/2119/2119 2185/2185/2185
f 2120/2120/2120 2185/2185/2185 2119/2119/2119
f 2185/2185/2185 2120/2120/2120 2186/2186/2186
f 2121/2121/2121 2186/2186/2186 2120/2120/2120
f 2186/2186/2186 2121/2121/2121 2187/2187/2187
f 2122/2122/2122 2187/2187/2187 2121/2121/2121
f 2187/2187/2187 2122/2122/2122 2188/2188/2188
f 2123/2123/2123 2188/2188/2188 2122/2122/2122
f 2188/2188/2188 2123/2123/2123 2189/2189/2189
f 2124/2124/2124 2189/2189/2189 2123/2123/2123
f 2189/2189/2189 2124/2124/2124 2190/2190/2190
f 2125/2125/2125 2190/2190/2190 2124/2124/2124
f 2190/2190/2190 2125/2125/2125 2191/2191/2191
f 2126/2126/2126 2191/2191/2191 2125/2125/2125
f 2191/2191/2191 2126/2126/2126 2192/2192/2192
f 2127/2127/2127 2192/2192/2192 2126/2126/2126
f 2192/2192/2192 2127/2127/2127 2193/2193/2193
f 2128/2128/2128 2193/2193/2193 2127/2127/2127
f 2193/2193/2193 2128/2128/2128 2194/2194/2194
f 2129/2129/2129 2194/2194/2194 2128/2128/2128
f 2194/2194/2194 2129/2129/2129 2195/2195/2195
f 2130/2130/2130 2195/2195/2195 2129/2129/2129
f 2195/2195/2195 2130/2130/2130 2196/2196/2196
f 2131/2131/2131 2196/2196/2196 2130/2130/2130
f 2196/2196/2196 2131/2131/2131 2197/2197/2197
f 2132/2132/2132 2197/2197/2197 2131/2131/2131
f 2197/2197/2197 2132/2132/2132 2198/2198/2198
f 2133/2133/2133 2198/2198/2198 2132/2132/2132
f 2198/2198/2198 2133/2133/2133 2199/2199/2199
f 2134/2134/2134 2199/2199/2199 2133/2133/2133
f 2199/2199/2199 2134/2134/2134 2200/2200/2200
f 2135/2135/2135 2200/2200/2200 2134/2134/2134
f 2200/2200/2200 2135/2135/2135 2201/2201/2201
f 2136/2136/2136 2201/2201/2201 2135/2135/2135
f 2201/2201/2201 2136/2136/2136 2202/2202/2202
f 2137/2137/2137 2202/2202/2202 2136/2136/2136
f 2202/2202/2202 2137/2137/2137 2203/2203/2203
f 2138/2138/2138 2203/2203/2203 2137/2137/2137
f 2203/2203/2203 2138/2138/2138 2204/2204/2204
f 2139/2139/2139 2204/2204/2204 2138/2138/2138
f 2204/2204/2204 2139/2139/2139 2205/2205/2205
f 2140/2140/2140 2205/2205/2205 2139/2139/2139
f 2205/2205/2205 2140/2140/2140 2206/2206/2206
f 2141/2141/2141 2206/2206/2206 2140/2140/2140
f 2206/2206/2206 2141/2141/2141 2207/2207/2207
f 2142/2142/2142 2207/2207/2207 2141/2141/2141
f 2207/2207/2207 2142/2142/2142 2208/2208/2208
f 2143/2143/2143 2208/2208/2208 2142/2142/2142
f 2208/2208/2208 2143/2143/2143 2209/2209/2209
f 2144/2144/2144 2209/2209/2209 2143/2143/2143
f 2209/2209/2209 2144/2144/2144 2210/2210/2210
f 2145/2145/2145 2210/2210/2210 2144/2144/2144
f 2211/2211/2211 2146/2146/2146 2212/2212/2212
f 2147/2147/2147 2212/2212/2212 2146/2146/2146
f 2212/2212/2212 2147/2147/2147 2213/2213/2213
f 2148/2148/2148 2213/2213/2213 2147/2147/2147
f 2213/2213/2213 2148/2148/2148 2214/2214/2214
f 2149/2149/2149 2214/2214/2214 2148/2148/2148
f 2214/2214/2214 2149/2149/2149 2215/2215/2215
f 2150/2150/2150 2215/2215/2215 2149/2149/2149
f 2215/2215/2215 2150/2150/2150 2216/2216/2216
f 2151/2151/2151 2216/2216/2216 2150/2150/2150
f 2216/2216/2216 2151/2151/2151 2217/2217/2217
f 2152/2152/2152 2217/2217/2217 2151/2151/2151
f 2217/2217/2217 2152/2152/2152 2218/2218/2218
f 2153/2153/2153 2218/2218/2218 2152/2152/2152
f 2218/2218/2218 2153/2153/2153 2219/2219/2219
f 2154/2154/2154 2219/2219/2219 2153/2153/2153
f 2219/2219/2219 2154/2154/2154 2220/2220/2220
f 2155/2155/2155 2220/2220/2220 2154/2154/2154
f 2220/2220/2220 2155/2155/2155 2221/2221/2221
f 2156/2156/2156 2221/2221/2221 2155/2155/2155
f 2221/2221/2221 2156/2156/2156 2222/2222/2222
f 2157/2157/2157 2222/2222/2222 2156/2156/2156
f 2222/2222/2222 2157/2157/2157 2223/2223/2223
f 2158/2158/2158 2223/2223/2223 2157/2157/2157
f 2223/2223/2223 2158/2158/2158 2224/2224/2224
f 2159/2159/2159 2224/2224/2224 2158/2158/2158
f 2224/2224/2224 2159/2159/2159 2225/2225/2225
f 2160/2160/2160 2225/2225/2225 2159/2159/2159
f 2225/2225/2225 2160/2160/2160 2226/2226/2226
f 2161/2161/2161 2226/2226/2226 2160/2160/2160
f 2226/2226/2226 2161/2161/2161 2227/2227/2227
f 2162/2162/2162 2227/2227/2227 2161/2161/2161
f 2227/2227/2227 2162/2162/2162 2228/2228/2228
f 2163/2163/2163 2228/2228/2228 2162/2162/2162
f 2228/2228/2228 2163/2163/2163 2229/2229/2229
f 2164/2164/2164 2229/2229/2229 2163/2163/2163
f 2229/2229/2229 2164/2164/2164 2230/2230/2230
f 2165/2165/2165 2230/2230/2230 2164/2164/2164
f 2230/2230/2230 2165/2165/2165 2231/2231/2231
f 2166/2166/2166 2231/2231/2231 2165/2165/2165
f 2231/2231/2231 2166/2166/2166 2232/2232/2232
f 2167/2167/2167 2232/2232/2232 2166/2166/2166
f 2232/2232/2232 2167/2167/2167 2233/2233/2233
f 2168/2168/2168 2233/2233/2233 2167/2167/2167
f 2233/2233/2233 2168/2168/2168 2234/2234/2234
f 2169/2169/2169 2234/2234/2234 2168/2168/2168
f 2234/2234/2234 2169/2169/2169 2235/2235/2235
f 2170/2170/2170 2235/2235/2235 2169/2169/2169
f 2235/2235/2235 2170/2170/2170 2236/2236/2236
f 2171/2171/2171 2236/2236/2236 2170/2170/2170
f 2236/2236/2236 2171/2171/2171 2237/2237/2237
f 2172/2172/2172 2237/2237/2237 2171/2171/2171
f 2237/2237/2237 2172/2172/2172 2238/2238/2238
f 2173/2173/2173 2238/2238/2238 2172/2172/2172
f 2238/2238/2238 2173/2173/2173 2239/2239/2239
f 2174/2174/2174 2239/2239/2239 2173/2173/2173
f 2239/2239/2239 2174/2174/2174 2240/2240/2240
f 2175/2175/2175 2240/2240/2240 2174/2174/2174
f 2240/2240/2240 2175/2175/2175 2241/2241/2241
f 2176/2176/2176 2241/2241/2241 2175/2175/2175
f 2241/2241/2241 2176/2176/2176 2242/2242/2242
f 2177/2177/2177 2242/2242/2242 2176/2176/2176
f 2242/2242/2242 2177/2177/2177 2243/2243/2243
f 2178/2178/2178 2243/2243/2243 2177/2177/2177
f 2243/2243/2243 2178/2178/2178 2244/2244/2244
f 2179/2179/2179 2244/2244/2244 2178/2178/2178
f 2244/2244/2244 2179/2179/2179 2245/2245/2245
f 2180/2180/2180 2245/2245/2245 2179/2179/2179
f 2245/2245/2245 2180/2180/2180 2246/2246/2246
f 2181/2181/2181 2246/2246/2246 2180/2180/2180
f 2246/2246/2246 2181/2181/2181 2247/2247/2247
f 2182/2182/2182 2247/2247/2247 2181/2181/2181
f 2247/2247/2247 2182/2182/2182 2248/2248/2248
f 2183/2183/2183 2248/2248/2248 2182/2182/2182
f 2248/2248/2248 2183/2183/2183 2249/2249/2249
f 2184/2184/2184 2249/2249/2249 2183/2183/2183
f 2249/2249/2249 2184/2184/2184 2250/2250/2250
f 2185/2185/2185 2250/2250/2250 2184/2184/2184
f 2250/2250/2250 2185/2185/2185 2251/2251/2251
f 2186/2186/2186 2251/2251/2251 2185/2185/2185
f 2251/2251/2251 2186/2186/2186 2252/2252/2252
f 2187/2187/2187 2252/2252/2252 2186/2186/2186
f 2252/2252/2252 2187/2187/2187 2253/2253/2253
f 2188/2188/2188 2253/2253/2253 2187/2187/2187
f 2253/2253/2253 2188/2188/2188 2254/2254/2254
f 2189/2189/2189 2254/2254/2254 2188/2188/2188
f 2254/2254/2254 2189/2189/2189 2255/2255/2255
f 2190/2190/2190 2255/2255/2255 2189/2189/2189
f 2255/2255/2255 2190/2190/2190 2256/2256/2256
f 2191/2191/2191 2256/2256/2256 2190/2190/2190
f 2256/2256/2256 2191/2191/2191 2257/2257/2257
f 2192/2192/2192 2257/2257/2257 2191/2191/2191
f 2257/2257/2257 2192/2192/2192 2258/2258/2258
f 2193/2193/2193 2258/2258/2258 2192/2192/2192
f 2258/2258/2258 2193/2193/2193 2259/2259/2259
f 2194/2194/2194 2259/2259/2259 2193/2193/2193
f 2259/2259/2259 2194/2194/2194 2260/2260/2260
f 2195/2195/2195 2260/2260/2260 2194/2194/2194
f 2260/2260/2260 2195/2195/2195 2261/2261/2261
f 2196/2196/2196 2261/2261/2261 2195/2195/2195
f 2261/2261/2261 2196/2196/2196 2262/2262/2262
f 2197/2197/2197 2262/2262/2262 2196/2196/2196
f 2262/2262/2262 2197/2197/2197 2263/2263/2263
f 2198/2198/2198 2263/2263/2263 2197/2197/2197
f 2263/2263/2263 2198/2198/2198 2264/2264/2264
f 2199/2199/2199 2264/2264/2264 2198/2198/2198
f 2264/2264/2264 2199/2199/2199 2265/2265/2265
f 2200/2200/2200 2265/2265/2265 2199/2199/2199
f 2265/2265/2265 2200/2200/2200 2266/2266/2266
f 2201/2201/2201 2266/2266/2266 2200/2200/2200
f 2266/2266/2266 2201/2201/2201 2267/2267/2267
f 2202/2202/2202 2267/2267/2267 2201/2201/2201
f 2267/2267/2267 2202/2202/2202 2268/2268/2268
f 2203/2203/2203 2268/2268/2268 2202/2202/2202
f 2268/2268/2268 2203/2203/2203 2269/2269/2269
f 2204/2204/2204 2269/2269/2269 2203/2203/2203
f 2269/2269/2269 2204/2204/2204 2270/2270/2270
f 2205/2205/2205 2270/2270/2270 2204/2204/2204
f 2270/2270/2270 2205/2205/2205 2271/2271/2271
f 2206/2206/2206 2271/2271/2271 2205/2205/2205
f 2271/2271/2271 2206/2206/2206 2272/2272/2272
f 2207/2207/2207 2272/2272/2272 2206/2206/2206
f 2272/2272/2272 2207/2207/2207 2273/2273/2273
f 2208/2208/2208 2273/2273/2273 2207/2207/2207
f 2273/2273/2273 2208/2208/2208 2274/2274/2274
f 2209/2209/2209 2274/2274/2274 2208/2208/2208
f 2274/2274/2274 2209/2209/2209 2275/2275/2275
f 2210/2210/2210 2275/2275/2275 2209/2209/2209
f 2276/2276/2276 2211/2211/2211 2277/2277/2277
f 2212/2212/2212 2277/2277/2277 2211/2211/2211
f 2277/2277/2277 2212/2212/2212 2278/2278/2278
f 2213/2213/2213 2278/2278/2278 2212/2212/2212
f 2278/2278/2278 2213/2213/2213 2279/2279/2279
f 2214/2214/2214 2279/2279/2279 2213/2213/2213
f 2279/2279/2279 2214/2214/2214 2280/2280/2280
f 2215/2215/2215 2280/2280/2280 2214/2214/2214
f 2280/2280/2280 2215/2215/2215 2281/2281/2281
f 2216/2216/2216 2281/2281/2281 2215/2215/2215
f 2281/2281/2281 2216/2216/2216 2282/2282/2282
f 2217/2217/2217 2282/2282/2282 2216/2216/2216
f 2282/2282/2282 2217/2217/2217 2283/2283/2283
f 2218/2218/2218 2283/2283/2283 2217/2217/2217
f 2283/2283/2283 2218/2218/2218 2284/2284/2284
f 2219/2219/2219 2284/2284/2284 2218/2218/2218
f 2284/2284/2284 2219/2219/2219 2285/2285/2285
f 2220/2220/2220 2285/2285/2285 2219/2219/2219
f 2285/2285/2285 2220/2220/2220 2286/2286/2286
f 2221/2221/2221 2286/2286/2286 2220/2220/2220
f 2286/2286/2286 2221/2221/2221 2287/2287/2287
f 2222/2222/2222 2287/2287/2287 2221/2221/2221
f 2287/2287/2287 2222/2222/2222 2288/2288/2288
f 2223/2223/2223 2288/2288/2288 2222/2222/2222
f 2288/2288/2288 2223/2223/2223 2289/2289/2289
f 2224/2224/2224 2289/2289/2289 2223/2223/2223
f 2289/2289/2289 2224/2224/2224 2290/2290/2290
f 2225/2225/2225 2290/2290/2290 2224/2224/2224
f 2290/2290/2290 2225/2225/2225 2291/2291/2291
f 2226/2226/2226 2291/2291/2291 2225/2225/2225
f 2291/2291/2291 2226/2226/2226 2292/2292/2292
f 2227/2227/2227 2292/2292/2292 2226/2226/2226
f 2292/2292/2292 2227/2227/2227 2293/2293/2293
f 2228/2228/2228 2293/2293/2293 2227/2227/2227
f 2293/2293/2293 2228/2228/2228 2294/2294/2294
f 2229/2229/2229 2294/2294/2294 2228/2228/2228
f 2294/2294/2294 2229/2229/2229 2295/2295/2295
f 2230/2230/2230 2295/2295/2295 2229/2229/2229
f 2295/2295/2295 2230/2230/2230 2296/2296/2296
f 2231/2231/2231 2296/2296/2296 2230/2230/2230
f 2296/2296/2296 2231/2231/2231 2297/2297/2297
f 2232/2232/2232 2297/2297/2297 2231/2231/2231
f 2297/2297/2297 2232/2232/2232 2298/2298/2298
f 2233/2233/2233 2298/2298/2298 2232/2232/2232
f 2298/2298/2298 2233/2233/2233 2299/2299/2299
f 2234/2234/2234 2299/2299/2299 2233/2233/2233
f 2299/2299/2299 2234/2234/2234 2300/2300/2300
f 2235/2235/2235 2300/2300/2300 2234/2234/2234
f 2300/2300/2300 2235/2235/2235 2301/2301/2301
f 2236/2236/2236 2301/2301/2301 2235/2235/2235
f 2301/2301/2301 2236/2236/2236 2302/2302/2302
f 2237/2237/2237 2302/2302/2302 2236/2236/2236
f 2302/2302/2302 2237/2237/2237 2303/2303/2303
f 2238/2238/2238 2303/2303/2303 2237/2237/2237
f 2303/2303/2303 2238/2238/2238 2304/2304/2304
f 2239/2239/2239 2304/2304/2304 2238/2238/2238
f 2304/2304/2304 2239/2239/2239 2305/2305/2305
f 2240/2240/2240 2305/2305/2305 2239/2239/2239
f 2305/2305/2305 2240/2240/2240 2306/2306/2306
f 2241/2241/2241 2306/2306/2306 2240/2240/2240
f 2306/2306/2306 2241/2241/2241 2307/2307/2307
f 2242/2242/2242 2307/2307/2307 2241/2241/2241
f 2307/2307/2307 2242/2242/2242 2308/2308/2308
f 2243/2243/2243 2308/2308/2308 2242/2242/2242
f 2308/2308/2308 2243/2243/2243 2309/2309/2309
f 2244/2244/2244 2309/2309/2309 2243/2243/2243
f 2309/2309/2309 2244/2244/2244 2310/2310/2310
f 2245/2245/2245 2310/2310/2310 2244/2244/2244
f 2310/2310/2310 2245/2245/2245 2311/2311/2311
f 2246/2246/2246 2311/2311/2311 2245/2245/2245
f 2311/2311/2311 2246/2246/2246 2312/2312/2312
f 2247/2247/2247 2312/2312/2312 2246/2246/2246
f 2312/2312/2312 2247/2247/2247 2313/2313/2313
f 2248/2248/2248 2313/2313/2313 2247/2247/2247
f 2313/2313/2313 2248/2248/2248 2314/2314/2314
f 2249/2249/2249 2314/2314/2314 2248/2248/2248
f 2314/2314/2314 2249/2249/2249 2315/2315/2315
f 2250/2250/2250 2315/2315/2315 2249/2249/2249
f 2315/2315/2315 2250/2250/2250 2316/2316/2316
f 2251/2251/2251 2316/2316/2316 2250/2250/2250
f 2316/2316/2316 2251/2251/2251 2317/2317/2317
f 2252/2252/2252 2317/2317/2317 2251/2251/2251
f 2317/2317/2317 2252/2252/2252 2318/2318/2318
f 2253/2253/2253 2318/2318/2318 2252/2252/2252
f 2318/2318/2318 2253/2253/2253 2319/2319/2319
f 2254/2254/2254 2319/2319/2319 2253/2253/2253
f 2319/2319/2319 2254/2254/2254 2320/2320/2320
f 2255/2255/2255 2320/2320/2320 2254/2254/2254
f 2320/2320/2320 2255/2255/2255 2321/2321/2321
f 2256/2256/2256 2321/2321/2321 2255/2255/2255
f 2321/2321/2321 2256/2256/2256 2322/2322/2322
f 2257/2257/2257 2322/2322/2322 2256/2256/2256
f 2322/2322/2322 2257/2257/2257 2323/2323/2323
f 2258/2258/2258 2323/2323/2323 2257/2257/2257
f 2323/2323/2323 2258/2258/2258 2324/2324/2324
f 2259/2259/2259 2324/2324/2324 2258/2258/2258
f 2324/2324/2324 2259/2259/2259 2325/2325/2325
f 2260/2260/2260 2325/2325/2325 2259/2259/2259
f 2325/2325/2325 2260/2260/2260 2326/2326/2326
f 2261/2261/2261 2326/2326/2326 2260/2260/2260
f 2326/2326/2326 2261/2261/2261 2327/2327/2327
f 2262/2262/2262 2327/2327/2327 2261/2261/2261
f 2327/2327/2327 2262/2262/2262 2328/2328/2328
f 2263/2263/2263 2328/2328/2328 2262/2262/2262
f 2328/2328/2328 2263/2263/2263 2329/2329/2329
f 2264/2264/2264 2329/2329/2329 2263/2263/2263
f 2329/2329/2329 2264/2264/2264 2330/2330/2330
f 2265/2265/2265 2330/2330/2330 2264/2264/2264
f 2330/2330/2330 2265/2265/2265 2331/2331/2331
f 2266/2266/2266 2331/2331/2331 2265/2265/2265
f 2331/2331/2331 2266/2266/2266 2332/2332/2332
f 2267/2267/2267 2332/2332/2332 2266/2266/2266
f 2332/2332/2332 2267/2267/2267 2333/2333/2333
f 2268/2268/2268 2333/2333/2333 2267/2267/2267
f 2333/2333/2333 2268/2268/2268 2334/2334/2334
f 2269/2269/2269 2334/2334/2334 2268/2268/2268
f 2334/2334/2334 2269/2269/2269 2335/2335/2335
f 2270/2270/2270 2335/2335/2335 2269/2269/2269
f 2335/2335/2335 2270/2270/2270 2336/2336/2336
f 2271/2271/2271 2336/2336/2336 2270/2270/2270
f 2336/2336/2336 2271/2271/2271 2337/2337/2337
f 2272/2272/2272 2337/2337/2337 2271/2271/2271
f 2337/2337/2337 2272/2272/2272 2338/2338/2338
f 2273/2273/2273 2338/2338/2338 2272/2272/2272
f 2338/2338/2338 2273/2273/2273 2339/2339/2339
f 2274/2274/2274 2339/2339/2339 2273/2273/2273
f 2339/2339/2339 2274/2274/2274 2340/2340/2340
f 2275/2275/2275 2340/2340/2340 2274/2274/2274
f 2341/2341/2341 2276/2276/2276 2342/2342/2342
f 2277/2277/2277 2342/2342/2342 2276/2276/2276
f 2342/2342/2342 2277/2277/2277 2343/2343/2343
f 2278/2278/2278 2343/2343/2343 2277/2277/2277
f 2343/2343/2343 2278/2278/2278 2344/2344/2344
f 2279/2279/2279 2344/2344/2344 2278/2278/2278
f 2344/2344/2344 2279/2279/2279 2345/2345/2345
f 2280/2280/2280 2345/2345/2345 2279/2279/2279
f 2345/2345/2345 2280/2280/2280 2346/2346/2346
f 2281/2281/2281 2346/2346/2346 2280/2280/2280
f 2346/2346/2346 2281/2281/2281 2347/2347/2347
f 2282/2282/2282 2347/2347/2347 2281/2281/2281
f 2347/2347/2347 2282/2282/2282 2348/2348/2348
f 2283/2283/2283 2348/2348/2348 2282/2282/2282
f 2348/2348/2348 2283/2283/2283 2349/2349/2349
f 2284/2284/2284 2349/2349/2349 2283/2283/2283
f 2349/2349/2349 2284/2284/2284 2350/2350/2350
f 2285/2285/2285 2350/2350/2350 2284/2284/2284
f 2350/2350/2350 2285/2285/2285 2351/2351/2351
f 2286/2286/2286 2351/2351/2351 2285/2285/2285
f 2351/2351/2351 2286/2286/2286 2352/2352/2352
f 2287/2287/2287 2352/2352/2352 2286/2286/2286
f 2352/2352/2352 2287/2287/2287 2353/2353/2353
f 2288/2288/2288 2353/2353/2353 2287/2287/2287
f 2353/2353/2353 2288/2288/2288 2354/2354/2354
f 2289/2289/2289 2354/2354/2354 2288/2288/2288
f 2354/2354/2354 2289/2289/2289 2355/2355/2355
f 2290/2290/2290 2355/2355/2355 2289/2289/2289
f 2355/2355/2355 2290/2290/2290 2356/2356/2356
f 2291/2291/2291 2356/2356/2356 2290/2290/2290
f 2356/2356/2356 2291/2291/2291 2357/2357/2357
f 2292/2292/2292 2357/2357/2357 2291/2291/2291
f 2357/2357/2357 2292/2292/2292 2358/2358/2358
f 2293/2293/2293 2358/2358/2358 2292/2292/2292
f 2358/2358/2358 2293/2293/2293 2359/2359/2359
f 2294/2294/2294 2359/2359/2359 2293/2293/2293
f 2359/2359/2359 2294/2294/2294 2360/2360/2360
f 2295/2295/2295 2360/2360/2360 2294/2294/2294
f 2360/2360/2360 2295/2295/2295 2361/2361/2361
f 2296/2296/2296 2361/2361/2361 2295/2295/2295
f 2361/2361/2361 2296/2296/2296 2362/2362/2362
f 2297/2297/2297 2362/2362/2362 2296/2296/2296
f 2362/2362/2362 2297/2297/2297 2363/2363/2363
f 2298/2298/2298 2363/2363/2363 2297/2297/2297
f 2363/2363/2363 2298/2298/2298 2364/2364/2364
f 2299/2299/2299 2364/2364/2364 2298/2298/2298
f 2364/2364/2364 2299/2299/2299 2365/2365/2365
f 2300/2300/2300 2365/2365/2365 2299/2299/2299
f 2365/2365/2365 2300/2300/2300 2366/2366/2366
f 2301/2301/2301 2366/2366/2366 2300/2300/2300
f 2366/2366/2366 2301/2301/2301 2367/2367/2367
f 2302/2302/2302 2367/2367/2367 2301/2301/2301
f 2367/2367/2367 2302/2302/2302 2368/2368/2368
f 2303/2303/2303 2368/2368/2368 2302/2302/2302
f 2368/2368/2368 2303/2303/2303 2369/2369/2369
f 2304/2304/2304 2369/2369/2369 2303/2303/2303
f 2369/2369/2369 2304/2304/2304 2370/2370/2370
f 2305/2305/2305 2370/2370/2370 2304/2304/2304
f 2370/2370/2370 2305/2305/2305 2371/2371/2371
f 2306/2306/2306 2371/2371/2371 2305/2305/2305
f 2371/2371/2371 2306/2306/2306 2372/2372/2372
f 2307/2307/2307 2372/2372/2372 2306/2306/2306
f 2372/2372/2372 2307/2307/2307 2373/2373/2373
f 2308/2308/2308 2373/2373/2373 2307/2307/2307
f 2373/2373/2373 2308/2308/2308 2374/2374/2374
f 2309/2309/2309 2374/2374/2374 2308/2308/2308
f 2374/2374/2374 2309/2309/2309 2375/2375/2375
f 2310/2310/2310 2375/2375/2375 2309/2309/2309
f 2375/2375/2375 2310/2310/2310 2376/2376/2376
f 2311/2311/2311 2376/2376/2376 2310/2310/2310
f 2376/2376/2376 2311/2311/2311 2377/2377/2377
f 2312/2312/2312 2377/2377/2377 2311/2311/2311
f 2377/2377/2377 2312/2312/2312 2378/2378/2378
f 2313/2313/2313 2378/2378/2378 2312/2312/2312
f 2378/2378/2378 2313/2313/2313 2379/2379/2379
f 2314/2314/2314 2379/2379/2379 2313/2313/2313
f 2379/2379/2379 2314/2314/2314 2380/2380/2380
f 2315/2315/2315 2380/2380/2380 2314/2314/2314
f 2380/2380/2380 2315/2315/2315 2381/2381/2381
f 2316/2316/2316 2381/2381/2381 2315/2315/2315
f 2381/2381/2381 2316/2316/2316 2382/2382/2382
f 2317/2317/2317 2382/2382/2382 2316/2316/2316
f 2382/2382/2382 2317/2317/2317 2383/2383/2383
f 2318/2318/2318 2383/2383/2383 2317/2317/2317
f 2383/2383/2383 2318/2318/2318 2384/2384/2384
f 2319/2319/2319 2384/2384/2384 2318/2318/2318
f 2384/2384/2384 2319/2319/2319 2385/2385/2385
f 2320/2320/2320 2385/2385/2385 2319/2319/2319
f 2385/2385/2385 2320/2320/2320 2386/2386/2386
f 2321/2321/2321 2386/2386/2386 2320/2320/2320
f 2386/2386/2386 2321/2321/2321 2387/2387/2387
f 2322/2322/2322 2387/2387/2387 2321/2321/2321
f 2387/2387/2387 2322/2322/2322 2388/2388/2388
f 2323/2323/2323 2388/2388/2388 2322/2322/2322
f 2388/2388/2388 2323/2323/2323 2389/2389/2389
f 2324/2324/2324 2389/2389/2389 2323/2323/2323
f 2389/2389/2389 2324/2324/2324 2390/2390/2390
f 2325/2325/2325 2390/2390/2390 2324/2324/2324
f 2390/2390/2390 2325/2325/2325 2391/2391/2391
f 2326/2326/2326 2391/2391/2391 2325/2325/2325
f 2391/2391/2391 2326/2326/2326 2392/2392/2392
f 2327/2327/2327 2392/2392/2392 2326/2326/2326
f 2392/2392/2392 2327/2327/2327 2393/2393/2393
f 2328/2328/2328 2393/2393/2393 2327/2327/2327
f 2393/2393/2393 2328/2328/2328 2394/2394/2394
f 2329/2329/2329 2394/2394/2394 2328/2328/2328
f 2394/2394/2394 2329/2329/2329 2395/2395/2395
f 2330/2330/2330 2395/2395/2395 2329/2329/2329
f 2395/2395/2395 2330/2330/2330 2396/2396/2396
f 2331/2331/2331 2396/2396/2396 2330/2330/2330
f 2396/2396/2396 2331/2331/2331 2397/2397/2397
f 2332/2332/2332 2397/2397/2397 2331/2331/2331
f 2397/2397/2397 2332/2332/2332 2398/2398/2398
f 2333/2333/2333 2398/2398/2398 2332/2332/2332
f 2398/2398/2398 2333/2333/2333 2399/2399/2399
f 2334/2334/2334 2399/2399/2399 2333/2333/2333
f 2399/2399/2399 2334/2334/2334 2400/2400/2400
f 2335/2335/2335 2400/2400/2400 2334/2334/2334
f 2400/2400/2400 2335/2335/2335 2401/2401/2401
f 2336/2336/2336 2401/2401/2401 2335/2335/2335
f 2401/2401/2401 2336/2336/2336 2402/2402/2402
f 2337/2337/2337 2402/2402/2402 2336/2336/2336
f 2402/2402/2402 2337/2337/2337 2403/2403/2403
f 2338/2338/2338 2403/2403/2403 2337/2337/2337
f 2403/2403/2403 2338/2338/2338 2404/2404/2404
f 2339/2339/2339 2404/2404/2404 2338/2338/2338
f 2404/2404/2404 2339/2339/2339 2405/2405/2405
f 2340/2340/2340 2405/2405/2405 2339/2339/2339
f 2406/2406/2406 2341/2341/2341 2407/2407/2407
f 2342/2342/2342 2407/2407/2407 2341/2341/2341
f 2407/2407/2407 2342/2342/2342 2408/2408/2408
f 2343/2343/2343 2408/2408/2408 2342/2342/2342
f 2408/2408/2408 2343/2343/2343 2409/2409/2409
f 2344/2344/2344 2409/2409/2409 2343/2343/2343
f 2409/2409/2409 2344/2344/2344 2410/2410/2410
f 2345/2345/2345 2410/2410/2410 2344/2344/2344
f 2410/2410/2410 2345/2345/2345 2411/2411/2411
f 2346/2346/2346 2411/2411/2411 2345/2345/2345
f 2411/2411/2411 2346/2346/2346 2412/2412/2412
f 2347/2347/2347 2412/2412/2412 2346/2346/2346
f 2412/2412/2412 2347/2347/2347 2413/2413/2413
f 2348/2348/2348 2413/2413/2413 2347/2347/2347
f 2413/2413/2413 2348/2348/2348 2414/2414/2414
f 2349/2349/2349 2414/2414/2414 2348/2348/2348
f 2414/2414/2414 2349/2349/2349 2415/2415/2415
f 2350/2350/2350 2415/2415/2415 2349/2349/2349
f 2415/2415/2415 2350/2350/2350 2416/2416/2416
f 2351/2351/2351 2416/2416/2416 2350/2350/2350
f 2416/2416/2416 2351/2351/2351 2417/2417/2417
f 2352/2352/2352 2417/2417/2417 2351/2351/2351
f 2417/2417/2417 2352/2352/2352 2418/2418/2418
f 2353/2353/2353 2418/2418/2418 2352/2352/2352
f 2418/2418/2418 2353/2353/2353 2419/2419/2419
f 2354/2354/2354 2419/2419/2419 2353/2353/2353
f 2419/2419/2419 2354/2354/2354 2420/2420/2420
f 2355/2355/2355 2420/2420/2420 2354/2354/2354
f 2420/2420/2420 2355/2355/2355 2421/2421/2421
f 2356/2356/2356 2421/2421/2421 2355/2355/2355
f 2421/2421/2421 2356/2356/2356 2422/2422/2422
f 2357/2357/2357 2422/2422/2422 2356/2356/2356
f 2422/2422/2422 2357/2357/2357 2423/2423/2423
f 2358/2358/2358 2423/2423/2423 2357/2357/2357
f 2423/2423/2423 2358/2358/2358 2424/2424/2424
f 2359/2359/2359 2424/2424/2424 2358/2358/2358
f 2424/2424/2424 2359/2359/2359 2425/2425/2425
f 2360/2360/2360 2425/2425/2425 2359/2359/2359
f 2425/2425/2425 2360/2360/2360 2426/2426/2426
f 2361/2361/2361 2426/2426/2426 2360/2360/2360
f 2426/2426/2426 2361/2361/2361 2427/2427/2427
f 2362/2362/2362 2427/2427/2427 2361/2361/2361
f 2427/2427/2427 2362/2362/2362 2428/2428/2428
f 2363/2363/2363 2428/2428/2428 2362/2362/2362
f 2428/2428/2428 2363/2363/2363 2429/2429/2429
f 2364/2364/2364 2429/2429/2429 2363/2363/2363
f 2429/2429/2429 2364/2364/2364 2430/2430/2430
f 2365/2365/2365 2430/2430/2430 2364/2364/2364
f 2430/2430/2430 2365/2365/2365 2431/2431/2431
f 2366/2366/2366 2431/2431/2431 2365/2365/2365
f 2431/2431/2431 2366/2366/2366 2432/2432/2432
f 2367/2367/2367 2432/2432/2432 2366/2366/2366
f 2432/2432/2432 2367/2367/2367 2433/2433/2433
f 2368/2368/2368 2433/2433/2433 2367/2367/2367
f 2433/2433/2433 2368/2368/2368 2434/2434/2434
f 2369/2369/2369 2434/2434/2434 2368/2368/2368
f 2434/2434/2434 2369/2369/2369 2435/2435/2435
f 2370/2370/2370 2435/2435/2435 2369/2369/2369
f 2435/2435/2435 2370/2370/2370 2436/2436/2436
f 2371/2371/2371 2436/2436/2436 2370/2370/2370
f 2436/2436/2436 2371/2371/2371 2437/2437/2437
f 2372/2372/2372 2437/2437/2437 2371/2371/2371
f 2437/2437/2437 2372/2372/2372 2438/2438/2438
f 2373/2373/2373 2438/2438/2438 2372/2372/2372
f 2438/2438/2438 2373/2373/2373 2439/2439/2439
f 2374/2374/2374 2439/2439/2439 2373/2373/2373
f 2439/2439/2439 2374/2374/2374 2440/2440/2440
f 2375/2375/2375 2440/2440/2440 2374/2374/2374
f 2440/2440/2440 2375/2375/2375 2441/2441/2441
f 2376/2376/2376 2441/2441/2441 2375/2375/2375
f 2441/2441/2441 2376/2376/2376 2442/2442/2442
f 2377/2377/2377 2442/2442/2442 2376/2376/2376
f 2442/2442/2442 2377/2377/2377 2443/2443/2443
f 2378/2378/2378 2443/2443/2443 2377/2377/2377
f 2443/2443/2443 2378/2378/2378 2444/2444/2444
f 2379/2379/2379 2444/2444/2444 2378/2378/2378
f 2444/2444/2444 2379/2379/2379 2445/2445/2445
f 2380/2380/2380 2445/2445/2445 2379/2379/2379
f 2445/2445/2445 2380/2380/2380 2446/2446/2446
f 2381/2381/2381 2446/2446/2446 2380/2380/2380
f 2446/2446/2446 2381/2381/2381 2447/2447/2447
f 2382/2382/2382 2447/2447/2447 2381/2381/2381
f 2447/2447/2447 2382/2382/2382 2448/2448/2448
f 2383/2383/2383 2448/2448/2448 2382/2382/2382
f 2448/2448/2448 2383/2383/2383 2449/2449/2449
f 2384/2384/2384 2449/2449/2449 2383/2383/2383
f 2449/2449/2449 2384/2384/2384 2450/2450/2450
f 2385/2385/2385 2450/2450/2450 2384/2384/2384
f 2450/2450/2450 2385/2385/2385 2451/2451/2451
f 2386/2386/2386 2451/2451/2451 2385/2385/2385
f 2451/2451/2451 2386/2386/2386 2452/2452/2452
f 2387/2387/2387 2452/2452/2452 2386/2386/2386
f 2452/2452/2452 2387/2387/2387 2453/2453/2453
f 2388/2388/2388 2453/2453/2453 2387/2387/2387
f 2453/2453/2453 2388/2388/2388 2454/2454/2454
f 2389/2389/2389 2454/2454/2454 2388/2388/2388
f 2454/2454/2454 2389/2389/2389 2455/2455/2455
f 2390/2390/2390 2455/2455/2455 2389/2389/2389
f 2455/2455/2455 2390/2390/2390 2456/2456/2456
f 2391/2391/2391 2456/2456/2456 2390/2390/2390
f 2456/2456/2456 2391/2391/2391 2457/2457/2457
f 2392/2392/2392 2457/2457/2457 2391/2391/2391
f 2457/2457/2457 2392/2392/2392 2458/2458/2458
f 2393/2393/2393 2458/2458/2458 2392/2392/2392
f 2458/2458/2458 2393/2393/2393 2459/2459/2459
f 2394/2394/2394 2459/2459/2459 2393/2393/2393
f 2459/2459/2459 2394/2394/2394 2460/2460/2460
f 2395/2395/2395 2460/2460/2460 2394/2394/2394
f 2460/2460/2460 2395/2395/2395 2461/2461/2461
f 2396/2396/2396 2461/2461/2461 2395/2395/2395
f 2461/2461/2461 2396/2396/2396 2462/2462/2462
f 2397/2397/2397 2462/2462/2462 2396/2396/2396
f 2462/2462/2462 2397/2397/2397 2463/2463/2463
f 2398/2398/2398 2463/2463/2463 2397/2397/2397
f 2463/2463/2463 2398/2398/2398 2464/2464/2464
f 2399/2399/2399 2464/2464/2464 2398/2398/2398
f 2464/2464/2464 2399/2399/2399 2465/2465/2465
f 2400/2400/2400 2465/2465/2465 2399/2399/2399
f 2465/2465/2465 2400/2400/2400 2466/2466/2466
f 2401/2401/2401 2466/2466/2466 2400/2400/2400
f 2466/2466/2466 2401/2401/2401 2467/2467/2467
f 2402/2402/2402 2467/2467/2467 2401/2401/2401
f 2467/2467/2467 2402/2402/2402 2468/2468/2468
f 2403/2403/2403 2468/2468/2468 2402/2402/2402
f 2468/2468/2468 2403/2403/2403 2469/2469/2469
f 2404/2404/2404 2469/2469/2469 2403/2403/2403
f 2469/2469/2469 2404/2404/2404 2470/2470/2470
f 2405/2405/2405 2470/2470/2470 2404/2404/2404
f 2471/2471/2471 2406/2406/2406 2472/2472/2472
f 2407/2407/2407 2472/2472/2472 2406/2406/2406
f 2472/2472/2472 2407/2407/2407 2473/2473/2473
f 2408/2408/2408 2473/2473/2473 2407/2407/2407
f 2473/2473/2473 2408/2408/2408 2474/2474/2474
f 2409/2409/2409 2474/2474/2474 2408/2408/2408
f 2474/2474/2474 2409/2409/2409 2475/2475/2475
f 2410/2410/2410 2475/2475/2475 2409/2409/2409
f 2475/2475/2475 2410/2410/2410 2476/2476/2476
f 2411/2411/2411 2476/2476/2476 2410/2410/2410
f 2476/2476/2476 2411/2411/2411 2477/2477/2477
f 2412/2412/2412 2477/2477/2477 2411/2411/2411
f 2477/2477/2477 2412/2412/2412 2478/2478/2478
f 2413/2413/2413 2478/2478/2478 2412/2412/2412
f 2478/2478/2478 2413/2413/2413 2479/2479/2479
f 2414/2414/2414 2479/2479/2479 2413/2413/2413
f 2479/2479/2479 2414/2414/2414 2480/2480/2480
f 2415/2415/2415 2480/2480/2480 2414/2414/2414
f 2480/2480/2480 2415/2415/2415 2481/2481/2481
f 2416/2416/2416 2481/2481/2481 2415/2415/2415
f 2481/2481/2481 2416/2416/2416 2482/2482/2482
f 2417/2417/2417 2482/2482/2482 2416/2416/2416
f 2482/2482/2482 2417/2417/2417 2483/2483/2483
f 2418/2418/2418 2483/2483/2483 2417/2417/2417
f 2483/2483/2483 2418/2418/2418 2484/2484/2484
f 2419/2419/2419 2484/2484/2484 2418/2418/2418
f 2484/2484/2484 2419/2419/2419 2485/2485/2485
f 2420/2420/2420 2485/2485/2485 2419/2419/2419
f 2485/2485/2485 2420/2420/2420 2486/2486/2486
f 2421/2421/2421 2486/2486/2486 2420/2420/2420
f 2486/2486/2486 2421/2421/2421 2487/2487/2487
f 2422/2422/2422 2487/2487/2487 2421/2421/2421
f 2487/2487/2487 2422/2422/2422 2488/2488/2488
f 2423/2423/2423 2488/2488/2488 2422/2422/2422
f 2488/2488/2488 2423/2423/2423 2489/2489/2489
f 2424/2424/2424 2489/2489/2489 2423/2423/2423
f 2489/2489/2489 2424/2424/2424 2490/2490/2490
f 2425/2425/2425 2490/2490/2490 2424/2424/2424
f 2490/2490/2490 2425/2425/2425 2491/2491/2491
f 2426/2426/2426 2491/2491/2491 2425/2425/2425
f 2491/2491/2491 2426/2426/2426 2492/2492/2492
f 2427/2427/2427 2492/2492/2492 2426/2426/2426
f 2492/2492/2492 2427/2427/2427 2493/2493/2493
f 2428/2428/2428 2493/2493/2493 2427/2427/2427
f 2493/2493/2493 2428/2428/2428 2494/2494/2494
f 2429/2429/2429 2494/2494/2494 2428/2428/2428
f 2494/2494/2494 2429/2429/2429 2495/2495/2495
f 2430/2430/2430 2495/2495/2495 2429/2429/2429
f 2495/2495/2495 2430/2430/2430 2496/2496/2496
f 2431/2431/2431 2496/2496/2496 2430/2430/2430
f 2496/2496/2496 2431/2431/2431 2497/2497/2497
f 2432/2432/2432 2497/2497/2497 2431/2431/2431
f 2497/2497/2497 2432/2432/2432 2498/2498/2498
f 2433/2433/2433 2498/2498/2498 2432/2432/2432
f 2498/2498/2498 2433/2433/2433 2499/2499/2499
f 2434/2434/2434 2499/2499/2499 2433/2433/2433
f 2499/2499/2499 2434/2434/2434 2500/2500/2500
f 2435/2435/2435 2500/2500/2500 2434/2434/2434
f 2500/2500/2500 2435/2435/2435 2501/2501/2501
f 2436/2436/2436 2501/2501/2501 2435/2435/2435
f 2501/2501/2501 2436/2436/2436 2502/2502/2502
f 2437/2437/2437 2502/2502/2502 2436/2436/2436
f 2502/2502/2502 2437/2437/2437 2503/2503/2503
f 2438/2438/2438 2503/2503/2503 2437/2437/2437
f 2503/2503/2503 2438/2438/2438 2504/2504/2504
f 2439/2439/2439 2504/2504/2504 2438/2438/2438
f 2504/2504/2504 2439/2439/2439 2505/2505/2505
f 2440/2440/2440 2505/2505/2505 2439/2439/2439
f 2505/2505/2505 2440/2440/2440 2506/2506/2506
f 2441/2441/2441 2506/2506/2506 2440/2440/2440
f 2506/2506/2506 2441/2441/2441 2507/2507/2507
f 2442/2442/2442 2507/2507/2507 2441/2441/2441
f 2507/2507/2507 2442/2442/2442 2508/2508/2508
f 2443/2443/2443 2508/2508/2508 2442/2442/2442
f 2508/2508/2508 2443/2443/2443 2509/2509/2509
f 2444/2444/2444 2509/2509/2509 2443/2443/2443
f 2509/2509/2509 2444/2444/2444 2510/2510/2510
f 2445/2445/2445 2510/2510/2510 2444/2444/2444
f 2510/2510/2510 2445/2445/2445 2511/2511/2511
f 2446/2446/2446 2511/2511/2511 2445/2445/2445
f 2511/2511/2511 2446/2446/2446 2512/2512/2512
f 2447/2447/2447 2512/2512/2512 2446/2446/2446
f 2512/2512/2512 2447/2447/2447 2513/2513/2513
f 2448/2448/2448 2513/2513/2513 2447/2447/2447
f 2513/2513/2513 2448/2448/2448 2514/2514/2514
f 2449/2449/2449 2514/2514/2514 2448/2448/2448
f 2514/2514/2514 2449/2449/2449 2515/2515/2515
f 2450/2450/2450 2515/2515/2515 2449/2449/2449
f 2515/2515/2515 2450/2450/2450 2516/2516/2516
f 2451/2451/2451 2516/2516/2516 2450/2450/2450
f 2516/2516/2516 2451/2451/2451 2517/2517/2517
f 2452/2452/2452 2517/2517/2517 2451/2451/2451
f 2517/2517/2517 2452/2452/2452 2518/2518/2518
f 2453/2453/2453 2518/2518/2518 2452/2452/2452
f 2518/2518/2518 2453/2453/2453 2519/2519/2519
f 2454/2454/2454 2519/2519/2519 2453/2453/2453
f 2519/2519/2519 2454/2454/2454 2520/2520/2520
f 2455/2455/2455 2520/2520/2520 2454/2454/2454
f 2520/2520/2520 2455/2455/2455 2521/2521/2521
f 2456/2456/2456 2521/2521/2521 2455/2455/2455
f 2521/2521/2521 2456/2456/2456 2522/2522/2522
f 2457/2457/2457 2522/2522/2522 2456/2456/2456
f 2522/2522/2522 2457/2457/2457 2523/2523/2523
f 2458/2458/2458 2523/2523/2523 2457/2457/2457
f 2523/2523/2523 2458/2458/2458 2524/2524/2524
f 2459/2459/2459 2524/2524/2524 2458/2458/2458
f 2524/2524/2524 2459/2459/2459 2525/2525/2525
f 2460/2460/2460 2525/2525/2525 2459/2459/2459
f 2525/2525/2525 2460/2460/2460 2526/2526/2526
f 2461/2461/2461 2526/2526/2526 2460/2460/2460
f 2526/2526/2526 2461/2461/2461 2527/2527/2527
f 2462/2462/2462 2527/2527/2527 2461/2461/2461
f 2527/2527/2527 2462/2462/2462 2528/2528/2528
f 2463/2463/2463 2528/2528/2528 2462/2462/2462
f 2528/2528/2528 2463/2463/2463 2529/2529/2529
f 2464/2464/2464 2529/2529/2529 2463/2463/2463
f 2529/2529/2529 2464/2464/2464 2530/2530/2530
f 2465/2465/2465 2530/2530/2530 2464/2464/2464
f 2530/2530/2530 2465/2465/2465 2531/2531/2531
f 2466/2466/2466 2531/2531/2531 2465/2465/2465
f 2531/2531/2531 2466/2466/2466 2532/2532/2532
f 2467/2467/2467 2532/2532/2532 2466/2466/2466
f 2532/2532/2532 2467/2467/2467 2533/2533/2533
f 2468/2468/2468 2533/2533/2533 2467/2467/2467
f 2533/2533/2533 2468/2468/2468 2534/2534/2534
f 2469/2469/2469 2534/2534/2534 2468/2468/2468
f 2534/2534/2534 2469/2469/2469 2535/2535/2535
f 2470/2470/2470 2535/2535/2535 2469/2469/2469
f 2536/2536/2536 2471/2471/2471 2537/2537/2537
f 2472/2472/2472 2537/2537/2537 2471/2471/2471
f 2537/2537/2537 2472/2472/2472 2538/2538/2538
f 2473/2473/2473 2538/2538/2538 2472/2472/2472
f 2538/2538/2538 2473/2473/2473 2539/2539/2539
f 2474/2474/2474 2539/2539/2539 2473/2473/2473
f 2539/2539/2539 2474/2474/2474 2540/2540/2540
f 2475/2475/2475 2540/2540/2540 2474/2474/2474
f 2540/2540/2540 2475/2475/2475 2541/2541/2541
f 2476/2476/2476 2541/2541/2541 2475/2475/2475
f 2541/2541/2541 2476/2476/2476 2542/2542/2542
f 2477/2477/2477 2542/2542/2542 2476/2476/2476
f 2542/2542/2542 2477/2477/2477 2543/2543/2543
f 2478/2478/2478 2543/2543/2543 2477/2477/2477
f 2543/2543/2543 2478/2478/2478 2544/2544/2544
f 2479/2479/2479 2544/2544/2544 2478/2478/2478
f 2544/2544/2544 2479/2479/2479 2545/2545/2545
f 2480/2480/2480 2545/2545/2545 2479/2479/2479
f 2545/2545/2545 2480/2480/2480 2546/2546/2546
f 2481/2481/2481 2546/2546/2546 2480/2480/2480
f 2546/2546/2546 2481/2481/2481 2547/2547/2547
f 2482/2482/2482 2547/2547/2547 2481/2481/2481
f 2547/2547/2547 2482/2482/2482 2548/2548/2548
f 2483/2483/2483 2548/2548/2548 2482/2482/2482
f 2548/2548/2548 2483/2483/2483 2549/2549/2549
f 2484/2484/2484 2549/2549/2549 2483/2483/2483
f 2549/2549/2549 2484/2484/2484 2550/2550/2550
f 2485/2485/2485 2550/2550/2550 2484/2484/2484
f 2550/2550/2550 2485/2485/2485 2551/2551/2551
f 2486/2486/2486 2551/2551/2551 2485/2485/2485
f 2551/2551/2551 2486/2486/2486 2552/2552/2552
f 2487/2487/2487 2552/2552/2552 2486/2486/2486
f 2552/2552/2552 2487/2487/2487 2553/2553/2553
f 2488/2488/2488 2553/2553/2553 2487/2487/2487
f 2553/2553/2553 2488/2488/2488 2554/2554/2554
f 2489/2489/2489 2554/2554/2554 2488/2488/2488
f 2554/2554/2554 2489/2489/2489 2555/2555/2555
f 2490/2490/2490 2555/2555/2555 2489/2489/2489
f 2555/2555/2555 2490/2490/2490 2556/2556/2556
f 2491/2491/2491 2556/2556/2556 2490/2490/2490
f 2556/2556/2556 2491/2491/2491 2557/2557/2557
f 2492/2492/2492 2557/2557/2557 2491/2491/2491
f 2557/2557/2557 2492/2492/2492 2558/2558/2558
f 2493/2493/2493 2558/2558/2558 2492/2492/2492
f 2558/2558/2558 2493/2493/2493 2559/2559/2559
f 2494/2494/2494 2559/2559/2559 2493/2493/2493
f 2559/2559/2559 2494/2494/2494 2560/2560/2560
f 2495/2495/2495 2560/2560/2560 2494/2494/2494
f 2560/2560/2560 2495/2495/2495 2561/2561/2561
f 2496/2496/2496 2561/2561/2561 2495/2495/2495
f 2561/2561/2561 2496/2496/2496 2562/2562/2562
f 2497/2497/2497 2562/2562/2562 2496/2496/2496
f 2562/2562/2562 2497/2497/2497 2563/2563/2563
f 2498/2498/2498 2563/2563/2563 2497/2497/2497
f 2563/2563/2563 2498/2498/2498 2564/2564/2564
f 2499/2499/2499 2564/2564/2564 2498/2498/2498
f 2564/2564/2564 2499/2499/2499 2565/2565/2565
f 2500/2500/2500 2565/2565/2565 2499/2499/2499
f 2565/2565/2565 2500/2500/2500 2566/2566/2566
f 2501/2501/2501 2566/2566/2566 2500/2500/2500
f 2566/2566/2566 2501/2501/2501 2567/2567/2567
f 2502/2502/2502 2567/2567/2567 2501/2501/2501
f 2567/2567/2567 2502/2502/2502 2568/2568/2568
f 2503/2503/2503 2568/2568/2568 2502/2502/2502
f 2568/2568/2568 2503/2503/2503 2569/2569/2569
f 2504/2504/2504 2569/2569/2569 2503/2503/2503
f 2569/2569/2569 2504/2504/2504 2570/2570/2570
f 2505/2505/2505 2570/2570/2570 2504/2504/2504
f 2570/2570/2570 2505/2505/2505 2571/2571/2571
f 2506/2506/2506 2571/2571/2571 2505/2505/2505
f 2571/2571/2571 2506/2506/2506 2572/2572/2572
f 2507/2507/2507 2572/2572/2572 2506/2506/2506
f 2572/2572/2572 2507/2507/2507 2573/2573/2573
f 2508/2508/2508 2573/2573/2573 2507/2507/2507
f 2573/2573/2573 2508/2508/2508 2574/2574/2574
f 2509/2509/2509 2574/2574/2574 2508/2508/2508
f 2574/2574/2574 2509/2509/2509 2575/2575/2575
f 2510/2510/2510 2575/2575/2575 2509/2509/2509
f 2575/2575/2575 2510/2510/2510 2576/2576/2576
f 2511/2511/2511 2576/2576/2576 2510/2510/2510
f 2576/2576/2576 2511/2511/2511 2577/2577/2577
f 2512/2512/2512 2577/2577/2577 2511/2511/2511
f 2577/2577/2577 2512/2512/2512 2578/2578/2578
f 2513/2513/2513 2578/2578/2578 2512/2512/2512
f 2578/2578/2578 2513/2513/2513 2579/2579/2579
f 2514/2514/2514 2579/2579/2579 2513/2513/2513
f 2579/2579/2579 2514/2514/2514 2580/2580/2580
f 2515/2515/2515 2580/2580/2580 2514/2514/2514
f 2580/2580/2580 2515/2515/2515 2581/2581/2581
f 2516/2516/2516 2581/2581/2581 2515/2515/2515
f 2581/2581/2581 2516/2516/2516 2582/2582/2582
f 2517/2517/2517 2582/2582/2582 2516/2516/2516
f 2582/2582/2582 2517/2517/2517 2583/2583/2583
f 2518/2518/2518 2583/2583/2583 2517/2517/2517
f 2583/2583/2583 2518/2518/2518 2584/2584/2584
f 2519/2519/2519 2584/2584/2584 2518/2518/2518
f 2584/2584/2584 2519/2519/2519 2585/2585/2585
f 2520/2520/2520 2585/2585/2585 2519/2519/2519
f 2585/2585/2585 2520/2520/2520 2586/2586/2586
f 2521/2521/2521 2586/2586/2586 2520/2520/2520
f 2586/2586/2586 2521/2521/2521 2587/2587/2587
f 2522/2522/2522 2587/2587/2587 2521/2521/2521
f 2587/2587/2587 2522/2522/2522 2588/2588/2588
f 2523/2523/2523 2588/2588/2588 2522/2522/2522
f 2588/2588/2588 2523/2523/2523 2589/2589/2589
f 2524/2524/2524 2589/2589/2589 2523/2523/2523
f 2589/2589/2589 2524/2524/2524 2590/2590/2590
f 2525/2525/2525 2590/2590/2590 2524/2524/2524
f 2590/2590/2590 2525/2525/2525 2591/2591/2591
f 2526/2526/2526 2591/2591/2591 2525/2525/2525
f 2591/2591/2591 2526/2526/2526 2592/2592/2592
f 2527/2527/2527 2592/2592/2592 2526/2526/2526
f 2592/2592/2592 2527/2527/2527 2593/2593/2593
f 2528/2528/2528 2593/2593/2593 2527/2527/2527
f 2593/2593/2593 2528/2528/2528 2594/2594/2594
f 2529/2529/2529 2594/2594/2594 2528/2528/2528
f 2594/2594/2594 2529/2529/2529 2595/2595/2595
f 2530/2530/2530 2595/2595/2595 2529/2529/2529
f 2595/2595/2595 2530/2530/2530 2596/2596/2596
f 2531/2531/2531 2596/2596/2596 2530/2530/2530
f 2596/2596/2596 2531/2531/2531 2597/2597/2597
f 2532/2532/2532 2597/2597/2597 2531/2531/2531
f 2597/2597/2597 2532/2532/2532 2598/2598/2598
f 2533/2533/2533 2598/2598/2598 2532/2532/2532
f 2598/2598/2598 2533/2533/2533 2599/2599/2599
f 2534/2534/2534 2599/2599/2599 2533/2533/2533
f 2599/2599/2599 2534/2534/2534 2600/2600/2600
f 2535/2535/2535 2600/2600/2600 2534/2534/2534
f 2601/2601/2601 2536/2536/2536 2602/2602/2602
f 2537/2537/2537 2602/2602/2602 2536/2536/2536
f 2602/2602/2602 2537/2537/2537 2603/2603/2603
f 2538/2538/2538 2603/2603/2603 2537/2537/2537
f 2603/2603/2603 2538/2538/2538 2604/2604/2604
f 2539/2539/2539 2604/2604/2604 2538/2538/2538
f 2604/2604/2604 2539/2539/2539 2605/2605/2605
f 2540/2540/2540 2605/2605/2605 2539/2539/2539
f 2605/2605/2605 2540/2540/2540 2606/2606/2606
f 2541/2541/2541 2606/2606/2606 2540/2540/2540
f 2606/2606/2606 2541/2541/2541 2607/2607/2607
f 2542/2542/2542 2607/2607/2607 2541/2541/2541
f 2607/2607/2607 2542/2542/2542 2608/2608/2608
f 2543/2543/2543 2608/2608/2608 2542/2542/2542
f 2608/2608/2608 2543/2543/2543 2609/2609/2609
f 2544/2544/2544 2609/2609/2609 2543/2543/2543
f 2609/2609/2609 2544/2544/2544 2610/2610/2610
f 2545/2545/2545 2610/2610/2610 2544/2544/2544
f 2610/2610/2610 2545/2545/2545 2611/2611/2611
f 2546/2546/2546 2611/2611/2611 2545/2545/2545
f 2611/2611/2611 2546/2546/2546 2612/2612/2612
f 2547/2547/2547 2612/2612/2612 2546/2546/2546
f 2612/2612/2612 2547/2547/2547 2613/2613/2613
f 2548/2548/2548 2613/2613/2613 2547/2547/2547
f 2613/2613/2613 2548/2548/2548 2614/2614/2614
f 2549/2549/2549 2614/2614/2614 2548/2548/2548
f 2614/2614/2614 2549/2549/2549 2615/2615/2615
f 2550/2550/2550 2615/2615/2615 2549/2549/2549
f 2615/2615/2615 2550/2550/2550 2616/2616/2616
f 2551/2551/2551 2616/2616/2616 2550/2550/2550
f 2616/2616/2616 2551/2551/2551 2617/2617/2617
f 2552/2552/2552 2617/2617/2617 2551/2551/2551
f 2617/2617/2617 2552/2552/2552 2618/2618/2618
f 2553/2553/2553 2618/2618/2618 2552/2552/2552
f 2618/2618/2618 2553/2553/2553 2619/2619/2619
f 2554/2554/2554 2619/2619/2619 2553/2553/2553
f 2619/2619/2619 2554/2554/2554 2620/2620/2620
f 2555/2555/2555 2620/2620/2620 2554/2554/2554
f 2620/2620/2620 2555/2555/2555 2621/2621/2621
f 2556/2556/2556 2621/2621/2621 2555/2555/2555
f 2621/2621/2621 2556/2556/2556 2622/2622/2622
f 2557/2557/2557 2622/2622/2622 2556/2556/2556
f 2622/2622/2622 2557/2557/2557 2623/2623/2623
f 2558/2558/2558 2623/2623/2623 2557/2557/2557
f 2623/2623/2623 2558/2558/2558 2624/2624/2624
f 2559/2559/2559 2624/2624/2624 2558/2558/2558
f 2624/2624/2624 2559/2559/2559 2625/2625/2625
f 2560/2560/2560 2625/2625/2625 2559/2559/2559
f 2625/2625/2625 2560/2560/2560 2626/2626/2626
f 2561/2561/2561 2626/2626/2626 2560/2560/2560
f 2626/2626/2626 2561/2561/2561 2627/2627/2627
f 2562/2562/2562 2627/2627/2627 2561/2561/2561
f 2627/2627/2627 2562/2562/2562 2628/2628/2628
f 2563/2563/2563 2628/2628/2628 2562/2562/2562
f 2628/2628/2628 2563/2563/2563 2629/2629/2629
f 2564/2564/2564 2629/2629/2629 2563/2563/2563
f 2629/2629/2629 2564/2564/2564 2630/2630/2630
f 2565/2565/2565 2630/2630/2630 2564/2564/2564
f 2630/2630/2630 2565/2565/2565 2631/2631/2631
f 2566/2566/2566 2631/2631/2631 2565/2565/2565
f 2631/2631/2631 2566/2566/2566 2632/2632/2632
f 2567/2567/2567 2632/2632/2632 2566/2566/2566
f 2632/2632/2632 2567/2567/2567 2633/2633/2633
f 2568/2568/2568 2633/2633/2633 2567/2567/2567
f 2633/2633/2633 2568/2568/2568 2634/2634/2634
f 2569/2569/2569 2634/2634/2634 2568/2568/2568
f 2634/2634/2634 2569/2569/2569 2635/2635/2635
f 2570/2570/2570 2635/2635/2635 2569/2569/2569
f 2635/2635/2635 2570/2570/2570 2636/2636/2636
f 2571/2571/2571 2636/2636/2636 2570/2570/2570
f 2636/2636/2636 2571/2571/2571 2637/2637/2637
f 2572/2572/2572 2637/2637/2637 2571/2571/2571
f 2637/2637/2637 2572/2572/2572 2638/2638/2638
f 2573/2573/2573 2638/2638/2638 2572/2572/2572
f 2638/2638/2638 2573/2573/2573 2639/2639/2639
f 2574/2574/2574 2639/2639/2639 2573/2573/2573
f 2639/2639/2639 2574/2574/2574 2640/2640/2640
f 2575/2575/2575 2640/2640/2640 2574/2574/2574
f 2640/2640/2640 2575/2575/2575 2641/2641/2641
f 2576/2576/2576 2641/2641/2641 2575/2575/2575
f 2641/2641/2641 2576/2576/2576 2642/2642/2642
f 2577/2577/2577 2642/2642/2642 2576/2576/2576
f 2642/2642/2642 2577/2577/2577 2643/2643/2643
f 2578/2578/2578 2643/2643/2643 2577/2577/2577
f 2643/2643/2643 2578/2578/2578 2644/2644/2644
f 2579/2579/2579 2644/2644/2644 2578/2578/2578
f 2644/2644/2644 2579/2579/2579 2645/2645/2645
f 2580/2580/2580 2645/2645/2645 2579/2579/2579
f 2645/2645/2645 2580/2580/2580 2646/2646/2646
f 2581/2581/2581 2646/2646/2646 2580/2580/2580
f 2646/2646/2646 2581/2581/2581 2647/2647/2647
f 2582/2582/2582 2647/2647/2647 2581/2581/2581
f 2647/2647/2647 2582/2582/2582 2648/2648/2648
f 2583/2583/2583 2648/2648/2648 2582/2582/2582
f 2648/2648/2648 2583/2583/2583 2649/2649/2649
f 2584/2584/2584 2649/2649/2649 2583/2583/2583
f 2649/2649/2649 2584/2584/2584 2650/2650/2650
f 2585/2585/2585 2650/2650/2650 2584/2584/2584
f 2650/2650/2650 2585/2585/2585 2651/2651/2651
f 2586/2586/2586 2651/2651/2651 2585/2585/2585
f 2651/2651/2651 2586/2586/2586 2652/2652/2652
f 2587/2587/2587 2652/2652/2652 2586/2586/2586
f 2652/2652/2652 2587/2587/2587 2653/2653/2653
f 2588/2588/2588 2653/2653/2653 2587/2587/2587
f 2653/2653/2653 2588/2588/2588 2654/2654/2654
f 2589/2589/2589 2654/2654/2654 2588/2588/2588
f 2654/2654/2654 2589/2589/2589 2655/2655/2655
f 2590/2590/2590 2655/2655/2655 2589/2589/2589
f 2655/2655/2655 2590/2590/2590 2656/2656/2656
f 2591/2591/2591 2656/2656/2656 2590/2590/2590
f 2656/2656/2656 2591/2591/2591 2657/2657/2657
f 2592/2592/2592 2657/2657/2657 2591/2591/2591
f 2657/2657/2657 2592/2592/2592 2658/2658/2658
f 2593/2593/2593 2658/2658/2658 2592/2592/2592
f 2658/2658/2658 2593/2593/2593 2659/2659/2659
f 2594/2594/2594 2659/2659/2659 2593/2593/2593
f 2659/2659/2659 2594/2594/2594 2660/2660/2660
f 2595/2595/2595 2660/2660/2660 2594/2594/2594
f 2660/2660/2660 2595/2595/2595 2661/2661/2661
f 2596/2596/2596 2661/2661/2661 2595/2595/2595
f 2661/2661/2661 2596/2596/2596 2662/2662/2662
f 2597/2597/2597 2662/2662/2662 2596/2596/2596
f 2662/2662/2662 2597/2597/2597 2663/2663/2663
f 2598/2598/2598 2663/2663/2663 2597/2597/2597
f 2663/2663/2663 2598/2598/2598 2664/2664/2664
f 2599/2599/2599 2664/2664/2664 2598/2598/2598
f 2664/2664/2664 2599/2599/2599 2665/2665/2665
f 2600/2600/2600 2665/2665/2665 2599/2599/2599
f 2666/2666/2666 2601/2601/2601 2667/2667/2667
f 2602/2602/2602 2667/2667/2667 2601/2601/2601
f 2667/2667/2667 2602/2602/2602 2668/2668/2668
f 2603/2603/2603 2668/2668/2668 2602/2602/2602
f 2668/2668/2668 2603/2603/2603 2669/2669/2669
f 2604/2604/2604 2669/2669/2669 2603/2603/2603
f 2669/2669/2669 2604/2604/2604 2670/2670/2670
f 2605/2605/2605 2670/2670/2670 2604/2604/2604
f 2670/2670/2670 2605/2605/2605 2671/2671/2671
f 2606/2606/2606 2671/2671/2671 2605/2605/2605
f 2671/2671/2671 2606/2606/2606 2672/2672/2672
f 2607/2607/2607 2672/2672/2672 2606/2606/2606
f 2672/2672/2672 2607/2607/2607 2673/2673/2673
f 2608/2608/2608 2673/2673/2673 2607/2607/2607
f 2673/2673/2673 2608/2608/2608 2674/2674/2674
f 2609/2609/2609 2674/2674/2674 2608/2608/2608
f 2674/2674/2674 2609/2609/2609 2675/2675/2675
f 2610/2610/2610 2675/2675/2675 2609/2609/2609
f 2675/2675/2675 2610/2610/2610 2676/2676/2676
f 2611/2611/2611 2676/2676/2676 2610/2610/2610
f 2676/2676/2676 2611/2611/2611 2677/2677/2677
f 2612/2612/2612 2677/2677/2677 2611/2611/2611
f 2677/2677/2677 2612/2612/2612 2678/2678/2678
f 2613/2613/2613 2678/2678/2678 2612/2612/2612
f 2678/2678/2678 2613/2613/2613 2679/2679/2679
f 2614/2614/2614 2679/2679/2679 2613/2613/2613
f 2679/2679/2679 2614/2614/2614 2680/2680/2680
f 2615/2615/2615 2680/2680/2680 2614/2614/2614
f 2680/2680/2680 2615/2615/2615 2681/2681/2681
f 2616/2616/2616 2681/2681/2681 2615/2615/2615
f 2681/2681/2681 2616/2616/2616 2682/2682/2682
f 2617/2617/2617 2682/2682/2682 2616/2616/2616
f 2682/2682/2682 2617/2617/2617 2683/2683/2683
f 2618/2618/2618 2683/2683/2683 2617/2617/2617
f 2683/2683/2683 2618/2618/2618 2684/2684/2684
f 2619/2619/2619 2684/2684/2684 2618/2618/2618
f 2684/2684/2684 2619/2619/2619 2685/2685/2685
f 2620/2620/2620 2685/2685/2685 2619/2619/2619
f 2685/2685/2685 2620/2620/2620 2686/2686/2686
f 2621/2621/2621 2686/2686/2686 2620/2620/2620
f 2686/2686/2686 2621/2621/2621 2687/2687/2687
f 2622/2622/2622 2687/2687/2687 2621/2621/2621
f 2687/2687/2687 2622/2622/2622 2688/2688/2688
f 2623/2623/2623 2688/2688/2688 2622/2622/2622
f 2688/2688/2688 2623/2623/2623 2689/2689/2689
f 2624/2624/2624 2689/2689/2689 2623/2623/2623
f 2689/2689/2689 2624/2624/2624 2690/2690/2690
f 2625/2625/2625 2690/2690/2690 2624/2624/2624
f 2690/2690/2690 2625/2625/2625 2691/2691/2691
f 2626/2626/2626 2691/2691/2691 2625/2625/2625
f 2691/2691/2691 2626/2626/2626 2692/2692/2692
f 2627/2627/2627 2692/2692/2692 2626/2626/2626
f 2692/2692/2692 2627/2627/2627 2693/2693/2693
f 2628/2628/2628 2693/2693/2693 2627/2627/2627
f 2693/2693/2693 2628/2628/2628 2694/2694/2694
f 2629/2629/2629 2694/2694/2694 2628/2628/2628
f 2694/2694/2694 2629/2629/2629 2695/2695/2695
f 2630/2630/2630 2695/2695/2695 2629/2629/2629
f 2695/2695/2695 2630/2630/2630 2696/2696/2696
f 2631/2631/2631 2696/2696/2696 2630/2630/2630
f 2696/2696/2696 2631/2631/2631 2697/2697/2697
f 2632/2632/2632 2697/2697/2697 2631/2631/2631
f 2697/2697/2697 2632/2632/2632 2698/2698/2698
f 2633/2633/2633 2698/2698/2698 2632/2632/2632
f 2698/2698/2698 2633/2633/2633 2699/2699/2699
f 2634/2634/2634 2699/2699/2699 2633/2633/2633
f 2699/2699/2699 2634/2634/2634 2700/2700/2700
f 2635/2635/2635 2700/2700/2700 2634/2634/2634
f 2700/2700/2700 2635/2635/2635 2701/2701/2701
f 2636/2636/2636 2701/2701/2701 2635/2635/2635
f 2701/2701/2701 2636/2636/2636 2702/2702/2702
f 2637/2637/2637 2702/2702/2702 2636/2636/2636
f 2702/2702/2702 2637/2637/2637 2703/2703/2703
f 2638/2638/2638 2703/2703/2703 2637/2637/2637
f 2703/2703/2703 2638/2638/2638 2704/2704/2704
f 2639/2639/2639 2704/2704/2704 2638/2638/2638
f 2704/2704/2704 2639/2639/2639 2705/2705/2705
f 2640/2640/2640 2705/2705/2705 2639/2639/2639
f 2705/2705/2705 2640/2640/2640 2706/2706/2706
f 2641/2641/2641 2706/2706/2706 2640/2640/2640
f 2706/2706/2706 2641/2641/2641 2707/2707/2707
f 2642/2642/2642 2707/2707/2707 2641/2641/2641
f 2707/2707/2707 2642/2642/2642 2708/2708/2708
f 2643/2643/2643 2708/2708/2708 2642/2642/2642
f 2708/2708/2708 2643/2643/2643 2709/2709/2709
f 2644/2644/2644 2709/2709/2709 2643/2643/2643
f 2709/2709/2709 2644/2644/2644 2710/2710/2710
f 2645/2645/2645 2710/2710/2710 2644/2644/2644
f 2710/2710/2710 2645/2645/2645 2711/2711/2711
f 2646/2646/2646 2711/2711/2711 2645/2645/2645
f 2711/2711/2711 2646/2646/2646 2712/2712/2712
f 2647/2647/2647 2712/2712/2712 2646/2646/2646
f 2712/2712/2712 2647/2647/2647 2713/2713/2713
f 2648/2648/2648 2713/2713/2713 2647/2647/2647
f 2713/2713/2713 2648/2648/2648 2714/2714/2714
f 2649/2649/2649 2714/2714/2714 2648/2648/2648
f 2714/2714/2714 2649/2649/2649 2715/2715/2715
f 2650/2650/2650 2715/2715/2715 2649/2649/2649
f 2715/2715/2715 2650/2650/2650 2716/2716/2716
f 2651/2651/2651 2716/2716/2716 2650/2650/2650
f 2716/2716/2716 2651/2651/2651 2717/2717/2717
f 2652/2652/2652 2717/2717/2717 2651/2651/2651
f 2717/2717/2717 2652/2652/2652 2718/2718/2718
f 2653/2653/2653 2718/2718/2718 2652/2652/2652
f 2718/2718/2718 2653/2653/2653 2719/2719/2719
f 2654/2654/2654 2719/2719/2719 2653/2653/2653
f 2719/2719/2719 2654/2654/2654 2720/2720/2720
f 2655/2655/2655 2720/2720/2720 2654/2654/2654
f 2720/2720/2720 2655/2655/2655 2721/2721/2721
f 2656/2656/2656 2721/2721/2721 2655/2655/2655
f 2721/2721/2721 2656/2656/2656 2722/2722/2722
f 2657/2657/2657 2722/2722/2722 2656/2656/2656
f 2722/2722/2722 2657/2657/2657 2723/2723/2723
f 2658/2658/2658 2723/2723/2723 2657/2657/2657
f 2723/2723/2723 2658/2658/2658 2724/2724/2724
f 2659/2659/2659 2724/2724/2724 2658/2658/2658
f 2724/2724/2724 2659/2659/2659 2725/2725/2725
f 2660/2660/2660 2725/2725/2725 2659/2659/2659
f 2725/2725/2725 2660/2660/2660 2726/2726/2726
f 2661/2661/2661 2726/2726/2726 2660/2660/2660
f 2726/2726/2726 2661/2661/2661 2727/2727/2727
f 2662/2662/2662 2727/2727/2727 2661/2661/2661
f 2727/2727/2727 2662/2662/2662 2728/2728/2728
f 2663/2663/2663 2728/2728/2728 2662/2662/2662
f 2728/2728/2728 2663/2663/2663 2729/2729/2729
f 2664/2664/2664 2729/2729/2729 2663/2663/2663
f 2729/2729/2729 2664/2664/2664 2730/2730/2730
f 2665/2665/2665 2730/2730/2730 2664/2664/2664
f 2731/2731/2731 2666/2666/2666 2732/2732/2732
f 2667/2667/2667 2732/2732/2732 2666/2666/2666
f 2732/2732/2732 2667/2667/2667 2733/2733/2733
f 2668/2668/2668 2733/2733/2733 2667/2667/2667
f 2733/2733/2733 2668/2668/2668 2734/2734/2734
f 2669/2669/2669 2734/2734/2734 2668/2668/2668
f 2734/2734/2734 2669/2669/2669 2735/2735/2735
f 2670/2670/2670 2735/2735/2735 2669/2669/2669
f 2735/2735/2735 2670/2670/2670 2736/2736/2736
f 2671/2671/2671 2736/2736/2736 2670/2670/2670
f 2736/2736/2736 2671/2671/2671 2737/2737/2737
f 2672/2672/2672 2737/2737/2737 2671/2671/2671
f 2737/2737/2737 2672/2672/2672 2738/2738/2738
f 2673/2673/2673 2738/2738/2738 2672/2672/2672
f 2738/2738/2738 2673/2673/2673 2739/2739/2739
f 2674/2674/2674 2739/2739/2739 2673/2673/2673
f 2739/2739/2739 2674/2674/2674 2740/2740/2740
f 2675/2675/2675 2740/2740/2740 2674/2674/2674
f 2740/2740/2740 2675/2675/2675 2741/2741/2741
f 2676/2676/2676 2741/2741/2741 2675/2675/2675
f 2741/2741/2741 2676/2676/2676 2742/2742/2742
f 2677/2677/2677 2742/2742/2742 2676/2676/2676
f 2742/2742/2742 2677/2677/2677 2743/2743/2743
f 2678/2678/2678 2743/2743/2743 2677/2677/2677
f 2743/2743/2743 2678/2678/2678 2744/2744/2744
f 2679/2679/2679 2744/2744/2744 2678/2678/2678
f 2744/2744/2744 2679/2679/2679 2745/2745/2745
f 2680/2680/2680 2745/2745/2745 2679/2679/2679
f 2745/2745/2745 2680/2680/2680 2746/2746/2746
f 2681/2681/2681 2746/2746/2746 2680/2680/2680
f 2746/2746/2746 2681/2681/2681 2747/2747/2747
f 2682/2682/2682 2747/2747/2747 2681/2681/2681
f 2747/2747/2747 2682/2682/2682 2748/2748/2748
f 2683/2683/2683 2748/2748/2748 2682/2682/2682
f 2748/2748/2748 2683/2683/2683 2749/2749/2749
f 2684/2684/2684 2749/2749/2749 2683/2683/2683
f 2749/2749/2749 2684/2684/2684 2750/2750/2750
f 2685/2685/2685 2750/2750/2750 2684/2684/2684
f 2750/2750/2750 2685/2685/2685 2751/2751/2751
f 2686/2686/2686 2751/2751/2751 2685/2685/2685
f 2751/2751/2751 2686/2686/2686 2752/2752/2752
f 2687/2687/2687 2752/2752/2752 2686/2686/2686
f 2752/2752/2752 2687/2687/2687 2753/2753/2753
f 2688/2688/2688 2753/2753/2753 2687/2687/2687
f 2753/2753/2753 2688/2688/2688 2754/2754/2754
f 2689/2689/2689 2754/2754/2754 2688/2688/2688
f 2754/2754/2754 2689/2689/2689 2755/2755/2755
f 2690/2690/2690 2755/2755/2755 2689/2689/2689
f 2755/2755/2755 2690/2690/2690 2756/2756/2756
f 2691/2691/2691 2756/2756/2756 2690/2690/2690
f 2756/2756/2756 2691/2691/2691 2757/2757/2757
f 2692/2692/2692 2757/2757/2757 2691/2691/2691
f 2757/2757/2757 2692/2692/2692 2758/2758/2758
f 2693/2693/2693 2758/2758/2758 2692/2692/2692
f 2758/2758/2758 2693/2693/2693 2759/2759/2759
f 2694/2694/2694 2759/2759/2759 2693/2693/2693
f 2759/2759/2759 2694/2694/2694 2760/2760/2760
f 2695/2695/2695 2760/2760/2760 2694/2694/2694
f 2760/2760/2760 2695/2695/2695 2761/2761/2761
f 2696/2696/2696 2761/2761/2761 2695/2695/2695
f 2761/2761/2761 2696/2696/2696 2762/2762/2762
f 2697/2697/2697 2762/2762/2762 2696/2696/2696
f 2762/2762/2762 2697/2697/2697 2763/2763/2763
f 2698/2698/2698 2763/2763/2763 2697/2697/2697
f 2763/2763/2763 2698/2698/2698 2764/2764/2764
f 2699/2699/2699 2764/2764/2764 2698/2698/2698
f 2764/2764/2764 2699/2699/2699 2765/2765/2765
f 2700/2700/2700 2765/2765/2765 2699/2699/2699
f 2765/2765/2765 2700/2700/2700 2766/2766/2766
f 2701/2701/2701 2766/2766/2766 2700/2700/2700
f 2766/2766/2766 2701/2701/2701 2767/2767/2767
f 2702/2702/2702 2767/2767/2767 2701/2701/2701
f 2767/2767/2767 2702/2702/2702 2768/2768/2768
f 2703/2703/2703 2768/2768/2768 2702/2702/2702
f 2768/2768/2768 2703/2703/2703 2769/2769/2769
f 2704/2704/2704 2769/2769/2769 2703/2703/2703
f 2769/2769/2769 2704/2704/2704 2770/2770/2770
f 2705/2705/2705 2770/2770/2770 2704/2704/2704
f 2770/2770/2770 2705/2705/2705 2771/2771/2771
f 2706/2706/2706 2771/2771/2771 2705/2705/2705
f 2771/2771/2771 2706/2706/2706 2772/2772/2772
f 2707/2707/2707 2772/2772/2772 2706/2706/2706
f 2772/2772/2772 2707/2707/2707 2773/2773/2773
f 2708/2708/2708 2773/2773/2773 2707/2707/2707
f 2773/2773/2773 2708/2708/2708 2774/2774/2774
f 2709/2709/2709 2774/2774/2774 2708/2708/2708
f 2774/2774/2774 2709/2709/2709 2775/2775/2775
f 2710/2710/2710 2775/2775/2775 2709/2709/2709
f 2775/2775/2775 2710/2710/2710 2776/2776/2776
f 2711/2711/2711 2776/2776/2776 2710/2710/2710
f 2776/2776/2776 2711/2711/2711 2777/2777/2777
f 2712/2712/2712 2777/2777/2777 2711/2711/2711
f 2777/2777/2777 2712/2712/2712 2778/2778/2778
f 2713/2713/2713 2778/2778/2778 2712/2712/2712
f 2778/2778/2778 2713/2713/2713 2779/2779/2779
f 2714/2714/2714 2779/2779/2779 2713/2713/2713
f 2779/2779/2779 2714/2714/2714 2780/2780/2780
f 2715/2715/2715 2780/2780/2780 2714/2714/2714
f 2780/2780/2780 2715/2715/2715 2781/2781/2781
f 2716/2716/2716 2781/2781/2781 2715/2715/2715
f 2781/2781/2781 2716/2716/2716 2782/2782/2782
f 2717/2717/2717 2782/2782/2782 2716/2716/2716
f 2782/2782/2782 2717/2717/2717 2783/2783/2783
f 2718/2718/2718 2783/2783/2783 2717/2717/2717
f 2783/2783/2783 2718/2718/2718 2784/2784/2784
f 2719/2719/2719 2784/2784/2784 2718/2718/2718
f 2784/2784/2784 2719/2719/2719 2785/2785/2785
f 2720/2720/2720 2785/2785/2785 2719/2719/2719
f 2785/2785/2785 2720/2720/2720 2786/2786/2786
f 2721/2721/2721 2786/2786/2786 2720/2720/2720
f 2786/2786/2786 2721/2721/2721 2787/2787/2787
f 2722/2722/2722 2787/2787/2787 2721/2721/2721
f 2787/2787/2787 2722/2722/2722 2788/2788/2788
f 2723/2723/2723 2788/2788/2788 2722/2722/2722
f 2788/2788/2788 2723/2723/2723 2789/2789/2789
f 2724/2724/2724 2789/2789/2789 2723/2723/2723
f 2789/2789/2789 2724/2724/2724 2790/2790/2790
f 2725/2725/2725 2790/2790/2790 2724/2724/2724
f 2790/2790/2790 2725/2725/2725 2791/2791/2791
f 2726/2726/2726 2791/2791/2791 2725/2725/2725
f 2791/2791/2791 2726/2726/2726 2792/2792/2792
f 2727/2727/2727 2792/2792/2792 2726/2726/2726
f 2792/2792/2792 2727/2727/2727 2793/2793/2793
f 2728/2728/2728 2793/2793/2793 2727/2727/2727
f 2793/2793/2793 2728/2728/2728 2794/2794/2794
f 2729/2729/2729 2794/2794/2794 2728/2728/2728
f 2794/2794/2794 2729/2729/2729 2795/2795/2795
f 2730/2730/2730 2795/2795/2795 2729/2729/2729
f 2796/2796/2796 2731/2731/2731 2797/2797/2797
f 2732/2732/2732 2797/2797/2797 2731/2731/2731
f 2797/2797/2797 2732/2732/2732 2798/2798/2798
f 2733/2733/2733 2798/2798/2798 2732/2732/2732
f 2798/2798/2798 2733/2733/2733 2799/2799/2799
f 2734/2734/2734 2799/2799/2799 2733/2733/2733
f 2799/2799/2799 2734/2734/2734 2800/2800/2800
f 2735/2735/2735 2800/2800/2800 2734/2734/2734
f 2800/2800/2800 2735/2735/2735 2801/2801/2801
f 2736/2736/2736 2801/2801/2801 2735/2735/2735
f 2801/2801/2801 2736/2736/2736 2802/2802/2802
f 2737/2737/2737 2802/2802/2802 2736/2736/2736
f 2802/2802/2802 2737/2737/2737 2803/2803/2803
f 2738/2738/2738 2803/2803/2803 2737/2737/2737
f 2803/2803/2803 2738/2738/2738 2804/2804/2804
f 2739/2739/2739 2804/2804/2804 2738/2738/2738
f 2804/2804/2804 2739/2739/2739 2805/2805/2805
f 2740/2740/2740 2805/2805/2805 2739/2739/2739
f 2805/2805/2805 2740/2740/2740 2806/2806/2806
f 2741/2741/2741 2806/2806/2806 2740/2740/2740
f 2806/2806/2806 2741/2741/2741 2807/2807/2807
f 2742/2742/2742 2807/2807/2807 2741/2741/2741
f 2807/2807/2807 2742/2742/2742 2808/2808/2808
f 2743/2743/2743 2808/2808/2808 2742/2742/2742
f 2808/2808/2808 2743/2743/2743 2809/2809/2809
f 2744/2744/2744 2809/2809/2809 2743/2743/2743
f 2809/2809/2809 2744/2744/2744 2810/2810/2810
f 2745/2745/2745 2810/2810/2810 2744/2744/2744
f 2810/2810/2810 2745/2745/2745 2811/2811/2811
f 2746/2746/2746 2811/2811/2811 2745/2745/2745
f 2811/2811/2811 2746/2746/2746 2812/2812/2812
f 2747/2747/2747 2812/2812/2812 2746/2746/2746
f 2812/2812/2812 2747/2747/2747 2813/2813/2813
f 2748/2748/2748 2813/2813/2813 2747/2747/2747
f 2813/2813/2813 2748/2748/2748 2814/2814/2814
f 2749/2749/2749 2814/2814/2814 2748/2748/2748
f 2814/2814/2814 2749/2749/2749 2815/2815/2815
f 2750/2750/2750 2815/2815/2815 2749/2749/2749
f 2815/2815/2815 2750/2750/2750 2816/2816/2816
f 2751/2751/2751 2816/2816/2816 2750/2750/2750
f 2816/2816/2816 2751/2751/2751 2817/2817/2817
f 2752/2752/2752 2817/2817/2817 2751/2751/2751
f 2817/2817/2817 2752/2752/2752 2818/2818/2818
f 2753/2753/2753 2818/2818/2818 2752/2752/2752
f 2818/2818/2818 2753/2753/2753 2819/2819/2819
f 2754/2754/2754 2819/2819/2819 2753/2753/2753
f 2819/2819/2819 2754/2754/2754 2820/2820/2820
f 2755/2755/2755 2820/2820/2820 2754/2754/2754
f 2820/2820/2820 2755/2755/2755 2821/2821/2821
f 2756/2756/2756 2821/2821/2821 2755/2755/2755
f 2821/2821/2821 2756/2756/2756 2822/2822/2822
f 2757/2757/2757 2822/2822/2822 2756/2756/2756
f 2822/2822/2822 2757/2757/2757 2823/2823/2823
f 2758/2758/2758 2823/2823/2823 2757/2757/2757
f 2823/2823/2823 2758/2758/2758 2824/2824/2824
f 2759/2759/2759 2824/2824/2824 2758/2758/2758
f 2824/2824/2824 2759/2759/2759 2825/2825/2825
f 2760/2760/2760 2825/2825/2825 2759/2759/2759
f 2825/2825/2825 2760/2760/2760 2826/2826/2826
f 2761/2761/2761 2826/2826/2826 2760/2760/2760
f 2826/2826/2826 2761/2761/2761 2827/2827/2827
f 2762/2762/2762 2827/2827/2827 2761/2761/2761
f 2827/2827/2827 2762/2762/2762 2828/2828/2828
f 2763/2763/2763 2828/2828/2828 2762/2762/2762
f 2828/2828/2828 2763/2763/2763 2829/2829/2829
f 2764/2764/2764 2829/2829/2829 2763/2763/2763
f 2829/2829/2829 2764/2764/2764 2830/2830/2830
f 2765/2765/2765 2830/2830/2830 2764/2764/2764
f 2830/2830/2830 2765/2765/2765 2831/2831/2831
f 2766/2766/2766 2831/2831/2831 2765/2765/2765
f 2831/2831/2831 2766/2766/2766 2832/2832/2832
f 2767/2767/2767 2832/2832/2832 2766/2766/2766
f 2832/2832/2832 2767/2767/2767 2833/2833/2833
f 2768/2768/2768 2833/2833/2833 2767/2767/2767
f 2833/2833/2833 2768/2768/2768 2834/2834/2834
f 2769/2769/2769 2834/2834/2834 2768/2768/2768
f 2834/2834/2834 2769/2769/2769 2835/2835/2835
f 2770/2770/2770 2835/2835/2835 2769/2769/2769
f 2835/2835/2835 2770/2770/2770 2836/2836/2836
f 2771/2771/2771 2836/2836/2836 2770/2770/2770
f 2836/2836/2836 2771/2771/2771 2837/2837/2837
f 2772/2772/2772 2837/2837/2837 2771/2771/2771
f 2837/2837/2837 2772/2772/2772 2838/2838/2838
f 2773/2773/2773 2838/2838/2838 2772/2772/2772
f 2838/2838/2838 2773/2773/2773 2839/2839/2839
f 2774/2774/2774 2839/2839/2839 2773/2773/2773
f 2839/2839/2839 2774/2774/2774 2840/2840/2840
f 2775/2775/2775 2840/2840/2840 2774/2774/2774
f 2840/2840/2840 2775/2775/2775 2841/2841/2841
f 2776/2776/2776 2841/2841/2841 2775/2775/2775
f 2841/2841/2841 2776/2776/2776 2842/2842/2842
f 2777/2777/2777 2842/2842/2842 2776/2776/2776
f 2842/2842/2842 2777/2777/2777 2843/2843/2843
f 2778/2778/2778 2843/2843/2843 2777/2777/2777
f 2843/2843/2843 2778/2778/2778 2844/2844/2844
f 2779/2779/2779 2844/2844/2844 2778/2778/2778
f 2844/2844/2844 2779/2779/2779 2845/2845/2845
f 2780/2780/2780 2845/2845/2845 2779/2779/2779
f 2845/2845/2845 2780/2780/2780 2846/2846/2846
f 2781/2781/2781 2846/2846/2846 2780/2780/2780
f 2846/2846/2846 2781/2781/2781 2847/2847/2847
f 2782/2782/2782 2847/2847/2847 2781/2781/2781
f 2847/2847/2847 2782/2782/2782 2848/2848/2848
f 2783/2783/2783 2848/2848/2848 2782/2782/2782
f 2848/2848/2848 2783/2783/2783 2849/2849/2849
f 2784/2784/2784 2849/2849/2849 2783/2783/2783
f 2849/2849/2849 2784/2784/2784 2850/2850/2850
f 2785/2785/2785 2850/2850/2850 2784/2784/2784
f 2850/2850/2850 2785/2785/2785 2851/2851/2851
f 2786/2786/2786 2851/2851/2851 2785/2785/2785
f 2851/2851/2851 2786/2786/2786 2852/2852/2852
f 2787/2787/2787 2852/2852/2852 2786/2786/2786
f 2852/2852/2852 2787/2787/2787 2853/2853/2853
f 2788/2788/2788 2853/2853/2853 2787/2787/2787
f 2853/2853/2853 2788/2788/2788 2854/2854/2854
f 2789/2789/2789 2854/2854/2854 2788/2788/2788
f 2854/2854/2854 2789/2789/2789 2855/2855/2855
f 2790/2790/2790 2855/2855/2855 2789/2789/2789
f 2855/2855/2855 2790/2790/2790 2856/2856/2856
f 2791/2791/2791 2856/2856/2856 2790/2790/2790
f 2856/2856/2856 2791/2791/2791 2857/2857/2857
f 2792/2792/2792 2857/2857/2857 2791/2791/2791
f 2857/2857/2857 2792/2792/2792 2858/2858/2858
f 2793/2793/2793 2858/2858/2858 2792/2792/2792
f 2858/2858/2858 2793/2793/2793 2859/2859/2859
f 2794/2794/2794 2859/2859/2859 2793/2793/2793
f 2859/2859/2859 2794/2794/2794 2860/2860/2860
f 2795/2795/2795 2860/2860/2860 2794/2794/2794
f 2861/2861/2861 2796/2796/2796 2862/2862/2862
f 2797/2797/2797 2862/2862/2862 2796/2796/2796
f 2862/2862/2862 2797/2797/2797 2863/2863/2863
f 2798/2798/2798 2863/2863/2863 2797/2797/2797
f 2863/2863/2863 2798/2798/2798 2864/2864/2864
f 2799/2799/2799 2864/2864/2864 2798/2798/2798
f 2864/2864/2864 2799/2799/2799 2865/2865/2865
f 2800/2800/2800 2865/2865/2865 2799/2799/2799
f 2865/2865/2865 2800/2800/2800 2866/2866/2866
f 2801/2801/2801 2866/2866/2866 2800/2800/2800
f 2866/2866/2866 2801/2801/2801 2867/2867/2867
f 2802/2802/2802 2867/2867/2867 2801/2801/2801
f 2867/2867/2867 2802/2802/2802 2868/2868/2868
f 2803/2803/2803 2868/2868/2868 2802/2802/2802
f 2868/2868/2868 2803/2803/2803 2869/2869/2869
f 2804/2804/2804 2869/2869/2869 2803/2803/2803
f 2869/2869/2869 2804/2804/2804 2870/2870/2870
f 2805/2805/2805 2870/2870/2870 2804/2804/2804
f 2870/2870/2870 2805/2805/2805 2871/2871/2871
f 2806/2806/2806 2871/2871/2871 2805/2805/2805
f 2871/2871/2871 2806/2806/2806 2872/2872/2872
f 2807/2807/2807 2872/2872/2872 2806/2806/2806
f 2872/2872/2872 2807/2807/2807 2873/2873/2873
f 2808/2808/2808 2873/2873/2873 2807/2807/2807
f 2873/2873/2873 2808/2808/2808 2874/2874/2874
f 2809/2809/2809 2874/2874/2874 2808/2808/2808
f 2874/2874/2874 2809/2809/2809 2875/2875/2875
f 2810/2810/2810 2875/2875/2875 2809/2809/2809
f 2875/2875/2875 2810/2810/2810 2876/2876/2876
f 2811/2811/2811 2876/2876/2876 2810/2810/2810
f 2876/2876/2876 2811/2811/2811 2877/2877/2877
f 2812/2812/2812 2877/2877/2877 2811/2811/2811
f 2877/2877/2877 2812/2812/2812 2878/2878/2878
f 2813/2813/2813 2878/2878/2878 2812/2812/2812
f 2878/2878/2878 2813/2813/2813 2879/2879/2879
f 2814/2814/2814 2879/2879/2879 2813/2813/2813
f 2879/2879/2879 2814/2814/2814 2880/2880/2880
f 2815/2815/2815 2880/2880/2880 2814/2814/2814
f 2880/2880/2880 2815/2815/2815 2881/2881/2881
f 2816/2816/2816 2881/2881/2881 2815/2815/2815
f 2881/2881/2881 2816/2816/2816 2882/2882/2882
f 2817/2817/2817 2882/2882/2882 2816/2816/2816
f 2882/2882/2882 2817/2817/2817 2883/2883/2883
f 2818/2818/2818 2883/2883/2883 2817/2817/2817
f 2883/2883/2883 2818/2818/2818 2884/2884/2884
f 2819/2819/2819 2884/2884/2884 2818/2818/2818
f 2884/2884/2884 2819/2819/2819 2885/2885/2885
f 2820/2820/2820 2885/2885/2885 2819/2819/2819
f 2885/2885/2885 2820/2820/2820 2886/2886/2886
f 2821/2821/2821 2886/2886/2886 2820/2820/2820
f 2886/2886/2886 2821/2821/2821 2887/2887/2887
f 2822/2822/2822 2887/2887/2887 2821/2821/2821
f 2887/2887/2887 2822/2822/2822 2888/2888/2888
f 2823/2823/2823 2888/2888/2888 2822/2822/2822
f 2888/2888/2888 2823/2823/2823 2889/2889/2889
f 2824/2824/2824 2889/2889/2889 2823/2823/2823
f 2889/2889/2889 2824/2824/2824 2890/2890/2890
f 2825/2825/2825 2890/2890/2890 2824/2824/2824
f 2890/2890/2890 2825/2825/2825 2891/2891/2891
f 2826/2826/2826 2891/2891/2891 2825/2825/2825
f 2891/2891/2891 2826/2826/2826 2892/2892/2892
f 2827/2827/2827 2892/2892/2892 2826/2826/2826
f 2892/2892/2892 2827/2827/2827 2893/2893/2893
f 2828/2828/2828 2893/2893/2893 2827/2827/2827
f 2893/2893/2893 2828/2828/2828 2894/2894/2894
f 2829/2829/2829 2894/2894/2894 2828/2828/2828
f 2894/2894/2894 2829/2829/2829 2895/2895/2895
f 2830/2830/2830 2895/2895/2895 2829/2829/2829
f 2895/2895/2895 2830/2830/2830 2896/2896/2896
f 2831/2831/2831 2896/2896/2896 2830/2830/2830
f 2896/2896/2896 2831/2831/2831 2897/2897/2897
f 2832/2832/2832 2897/2897/2897 2831/2831/2831
f 2897/2897/2897 2832/2832/2832 2898/2898/2898
f 2833/2833/2833 2898/2898/2898 2832/2832/2832
f 2898/2898/2898 2833/2833/2833 2899/2899/2899
f 2834/2834/2834 2899/2899/2899 2833/2833/2833
f 2899/2899/2899 2834/2834/2834 2900/2900/2900
f 2835/2835/2835 2900/2900/2900 2834/2834/2834
f 2900/2900/2900 2835/2835/2835 2901/2901/2901
f 2836/2836/2836 2901/2901/2901 2835/2835/2835
f 2901/2901/2901 2836/2836/2836 2902/2902/2902
f 2837/2837/2837 2902/2902/2902 2836/2836/2836
f 2902/2902/2902 2837/2837/2837 2903/2903/2903
f 2838/2838/2838 2903/2903/2903 2837/2837/2837
f 2903/2903/2903 2838/2838/2838 2904/2904/2904
f 2839/2839/2839 2904/2904/2904 2838/2838/2838
f 2904/2904/2904 2839/2839/2839 2905/2905/2905
f 2840/2840/2840 2905/2905/2905 2839/2839/2839
f 2905/2905/2905 2840/2840/2840 2906/2906/2906
f 2841/2841/2841 2906/2906/2906 2840/2840/2840
f 2906/2906/2906 2841/2841/2841 2907/2907/2907
f 2842/2842/2842 2907/2907/2907 2841/2841/2841
f 2907/2907/2907 2842/2842/2842 2908/2908/2908
f 2843/2843/2843 2908/2908/2908 2842/2842/2842
f 2908/2908/2908 2843/2843/2843 2909/2909/2909
f 2844/2844/2844 2909/2909/2909 2843/2843/2843
f 2909/2909/2909 2844/2844/2844 2910/2910/2910
f 2845/2845/2845 2910/2910/2910 2844/2844/2844
f 2910/2910/2910 2845/2845/2845 2911/2911/2911
f 2846/2846/2846 2911/2911/2911 2845/2845/2845
f 2911/2911/2911 2846/2846/2846 2912/2912/2912
f 2847/2847/2847 2912/2912/2912 2846/2846/2846
f 2912/2912/2912 2847/2847/2847 2913/2913/2913
f 2848/2848/2848 2913/2913/2913 2847/2847/2847
f 2913/2913/2913 2848/2848/2848 2914/2914/2914
f 2849/2849/2849 2914/2914/2914 2848/2848/2848
f 2914/2914/2914 2849/2849/2849 2915/2915/2915
f 2850/2850/2850 2915/2915/2915 2849/2849/2849
f 2915/2915/2915 2850/2850/2850 2916/2916/2916
f 2851/2851/2851 2916/2916/2916 2850/2850/2850
f 2916/2916/2916 2851/2851/2851 2917/2917/2917
f 2852/2852/2852 2917/2917/2917 2851/2851/2851
f 2917/2917/2917 2852/2852/2852 2918/2918/2918
f 2853/2853/2853 2918/2918/2918 2852/2852/2852
f 2918/2918/2918 2853/2853/2853 2919/2919/2919
f 2854/2854/2854 2919/2919/2919 2853/2853/2853
f 2919/2919/2919 2854/2854/2854 2920/2920/2920
f 2855/2855/2855 2920/2920/2920 2854/2854/2854
f 2920/2920/2920 2855/2855/2855 2921/2921/2921
f 2856/2856/2856 2921/2921/2921 2855/2855/2855
f 2921/2921/2921 2856/2856/2856 2922/2922/2922
f 2857/2857/2857 2922/2922/2922 2856/2856/2856
f 2922/2922/2922 2857/2857/2857 2923/2923/2923
f 2858/2858/2858 2923/2923/2923 2857/2857/2857
f 2923/2923/2923 2858/2858/2858 2924/2924/2924
f 2859/2859/2859 2924/2924/2924 2858/2858/2858
f 2924/2924/2924 2859/2859/2859 2925/2925/2925
f 2860/2860/2860 2925/2925/2925 2859/2859/2859
f 2926/2926/2926 2861/2861/2861 2927/2927/2927
f 2862/2862/2862 2927/2927/2927 2861/2861/2861
f 2927/2927/2927 2862/2862/2862 2928/2928/2928
f 2863/2863/2863 2928/2928/2928 2862/2862/2862
f 2928/2928/2928 2863/2863/2863 2929/2929/2929
f 2864/2864/2864 2929/2929/2929 2863/2863/2863
f 2929/2929/2929 2864/2864/2864 2930/2930/2930
f 2865/2865/2865 2930/2930/2930 2864/2864/2864
f 2930/2930/2930 2865/2865/2865 2931/2931/2931
f 2866/2866/2866 2931/2931/2931 2865/2865/2865
f 2931/2931/2931 2866/2866/2866 2932/2932/2932
f 2867/2867/2867 2932/2932/2932 2866/2866/2866
f 2932/2932/2932 2867/2867/2867 2933/2933/2933
f 2868/2868/2868 2933/2933/2933 2867/2867/2867
f 2933/2933/2933 2868/2868/2868 2934/2934/2934
f 2869/2869/2869 2934/2934/2934 2868/2868/2868
f 2934/2934/2934 2869/2869/2869 2935/2935/2935
f 2870/2870/2870 2935/2935/2935 2869/2869/2869
f 2935/2935/2935 2870/2870/2870 2936/2936/2936
f 2871/2871/2871 2936/2936/2936 2870/2870/2870
f 2936/2936/2936 2871/2871/2871 2937/2937/2937
f 2872/2872/2872 2937/2937/2937 2871/2871/2871
f 2937/2937/2937 2872/2872/2872 2938/2938/2938
f 2873/2873/2873 2938/2938/2938 2872/2872/2872
f 2938/2938/2938 2873/2873/2873 2939/2939/2939
f 2874/2874/2874 2939/2939/2939 2873/2873/2873
f 2939/2939/2939 2874/2874/2874 2940/2940/2940
f 2875/2875/2875 2940/2940/2940 2874/2874/2874
f 2940/2940/2940 2875/2875/2875 2941/2941/2941
f 2876/2876/2876 2941/2941/2941 2875/2875/2875
f 2941/2941/2941 2876/2876/2876 2942/2942/2942
f 2877/2877/2877 2942/2942/2942 2876/2876/2876
f 2942/2942/2942 2877/2877/2877 2943/2943/2943
f 2878/2878/2878 2943/2943/2943 2877/2877/2877
f 2943/2943/2943 2878/2878/2878 2944/2944/2944
f 2879/2879/2879 2944/2944/2944 2878/2878/2878
f 2944/2944/2944 2879/2879/2879 2945/2945/2945
f 2880/2880/2880 2945/2945/2945 2879/2879/2879
f 2945/2945/2945 2880/2880/2880 2946/2946/2946
f 2881/2881/2881 2946/2946/2946 2880/2880/2880
f 2946/2946/2946 2881/2881/2881 2947/2947/2947
f 2882/2882/2882 2947/2947/2947 2881/2881/2881
f 2947/2947/2947 2882/2882/2882 2948/2948/2948
f 2883/2883/2883 2948/2948/2948 2882/2882/2882
f 2948/2948/2948 2883/2883/2883 2949/2949/2949
f 2884/2884/2884 2949/2949/2949 2883/2883/2883
f 2949/2949/2949 2884/2884/2884 2950/2950/2950
f 2885/2885/2885 2950/2950/2950 2884/2884/2884
f 2950/2950/2950 2885/2885/2885 2951/2951/2951
f 2886/2886/2886 2951/2951/2951 2885/2885/2885
f 2951/2951/2951 2886/2886/2886 2952/2952/2952
f 2887/2887/2887 2952/2952/2952 2886/2886/2886
f 2952/2952/2952 2887/2887/2887 2953/2953/2953
f 2888/2888/2888 2953/2953/2953 2887/2887/2887
f 2953/2953/2953 2888/2888/2888 2954/2954/2954
f 2889/2889/2889 2954/2954/2954 2888/2888/2888
f 2954/2954/2954 2889/2889/2889 2955/2955/2955
f 2890/2890/2890 2955/2955/2955 2889/2889/2889
f 2955/2955/2955 2890/2890/2890 2956/2956/2956
f 2891/2891/2891 2956/2956/2956 2890/2890/2890
f 2956/2956/2956 2891/2891/2891 2957/2957/2957
f 2892/2892/2892 2957/2957/2957 2891/2891/2891
f 2957/2957/2957 2892/2892/2892 2958/2958/2958
f 2893/2893/2893 2958/2958/2958 2892/2892/2892
f 2958/2958/2958 2893/2893/2893 2959/2959/2959
f 2894/2894/2894 2959/2959/2959 2893/2893/2893
f 2959/2959/2959 2894/2894/2894 2960/2960/2960
f 2895/2895/2895 2960/2960/2960 2894/2894/2894
f 2960/2960/2960 2895/2895/2895 2961/2961/2961
f 2896/2896/2896 2961/2961/2961 2895/2895/2895
f 2961/2961/2961 2896/2896/2896 2962/2962/2962
f 2897/2897/2897 2962/2962/2962 2896/2896/2896
f 2962/2962/2962 2897/2897/2897 2963/2963/2963
f 2898/2898/2898 2963/2963/2963 2897/2897/2897
f 2963/2963/2963 2898/2898/2898 2964/2964/2964
f 2899/2899/2899 2964/2964/2964 2898/2898/2898
f 2964/2964/2964 2899/2899/2899 2965/2965/2965
f 2900/2900/2900 2965/2965/2965 2899/2899/2899
f 2965/2965/2965 2900/2900/2900 2966/2966/2966
f 2901/2901/2901 2966/2966/2966 2900/2900/2900
f 2966/2966/2966 2901/2901/2901 2967/2967/2967
f 2902/2902/2902 2967/2967/2967 2901/2901/2901
f 2967/2967/2967 2902/2902/2902 2968/2968/2968
f 2903/2903/2903 2968/2968/2968 2902/2902/2902
f 2968/2968/2968 2903/2903/2903 2969/2969/2969
f 2904/2904/2904 2969/2969/2969 2903/2903/2903
f 2969/2969/2969 2904/2904/2904 2970/2970/2970
f 2905/2905/2905 2970/2970/2970 2904/2904/2904
f 2970/2970/2970 2905/2905/2905 2971/2971/2971
f 2906/2906/2906 2971/2971/2971 2905/2905/2905
f 2971/2971/2971 2906/2906/2906 2972/2972/2972
f 2907/2907/2907 2972/2972/2972 2906/2906/2906
f 2972/2972/2972 2907/2907/2907 2973/2973/2973
f 2908/2908/2908 2973/2973/2973 2907/2907/2907
f 2973/2973/2973 2908/2908/2908 2974/2974/2974
f 2909/2909/2909 2974/2974/2974 2908/2908/2908
f 2974/2974/2974 2909/2909/2909 2975/2975/2975
f 2910/2910/2910 2975/2975/2975 2909/2909/2909
f 2975/2975/2975 2910/2910/2910 2976/2976/2976
f 2911/2911/2911 2976/2976/2976 2910/2910/2910
f 2976/2976/2976 2911/2911/2911 2977/2977/2977
f 2912/2912/2912 2977/2977/2977 2911/2911/2911
f 2977/2977/2977 2912/2912/2912 2978/2978/2978
f 2913/2913/2913 2978/2978/2978 2912/2912/2912
f 2978/2978/2978 2913/2913/2913 2979/2979/2979
f 2914/2914/2914 2979/2979/2979 2913/2913/2913
f 2979/2979/2979 2914/2914/2914 2980/2980/2980
f 2915/2915/2915 2980/2980/2980 2914/2914/2914
f 2980/2980/2980 2915/2915/2915 2981/2981/2981
f 2916/2916/2916 2981/2981/2981 2915/2915/2915
f 2981/2981/2981 2916/2916/2916 2982/2982/2982
f 2917/2917/2917 2982/2982/2982 2916/2916/2916
f 2982/2982/2982 2917/2917/2917 2983/2983/2983
f 2918/2918/2918 2983/2983/2983 2917/2917/2917
f 2983/2983/2983 2918/2918/2918 2984/2984/2984
f 2919/2919/2919 2984/2984/2984 2918/2918/2918
f 2984/2984/2984 2919/2919/2919 2985/2985/2985
f 2920/2920/2920 2985/2985/2985 2919/2919/2919
f 2985/2985/2985 2920/2920/2920 2986/2986/2986
f 2921/2921/2921 2986/2986/2986 2920/2920/2920
f 2986/2986/2986 2921/2921/2921 2987/2987/2987
f 2922/2922/2922 2987/2987/2987 2921/2921/2921
f 2987/2987/2987 2922/2922/2922 2988/2988/2988
f 2923/2923/2923 2988/2988/2988 2922/2922/2922
f 2988/2988/2988 2923/2923/2923 2989/2989/2989
f 2924/2924/2924 2989/2989/2989 2923/2923/2923
f 2989/2989/2989 2924/2924/2924 2990/2990/2990
f 2925/2925/2925 2990/2990/2990 2924/2924/2924
f 2991/2991/2991 2926/2926/2926 2992/2992/2992
f 2927/2927/2927 2992/2992/2992 2926/2926/2926
f 2992/2992/2992 2927/2927/2927 2993/2993/2993
f 2928/2928/2928 2993/2993/2993 2927/2927/2927
f 2993/2993/2993 2928/2928/2928 2994/2994/2994
f 2929/2929/2929 2994/2994/2994 2928/2928/2928
f 2994/2994/2994 2929/2929/2929 2995/2995/2995
f 2930/2930/2930 2995/2995/2995 2929/2929/2929
f 2995/2995/2995 2930/2930/2930 2996/2996/2996
f 2931/2931/2931 2996/2996/2996 2930/2930/2930
f 2996/2996/2996 2931/2931/2931 2997/2997/2997
f 2932/2932/2932 2997/2997/2997 2931/2931/2931
f 2997/2997/2997 2932/2932/2932 2998/2998/2998
f 2933/2933/2933 2998/2998/2998 2932/2932/2932
f 2998/2998/2998 2933/2933/2933 2999/2999/2999
f 2934/2934/2934 2999/2999/2999 2933/2933/2933
f 2999/2999/2999 2934/2934/2934 3000/3000/3000
f 2935/2935/2935 3000/3000/3000 2934/2934/2934
f 3000/3000/3000 2935/2935/2935 3001/3001/3001
f 2936/2936/2936 3001/3001/3001 2935/2935/2935
f 3001/3001/3001 2936/2936/2936 3002/3002/3002
f 2937/2937/2937 3002/3002/3002 2936/2936/2936
f 3002/3002/3002 2937/2937/2937 3003/3003/3003
f 2938/2938/2938 3003/3003/3003 2937/2937/2937
f 3003/3003/3003 2938/2938/2938 3004/3004/3004
f 2939/2939/2939 3004/3004/3004 2938/2938/2938
f 3004/3004/3004 2939/2939/2939 3005/3005/3005
f 2940/2940/2940 3005/3005/3005 2939/2939/2939
f 3005/3005/3005 2940/2940/2940 3006/3006/3006
f 2941/2941/2941 3006/3006/3006 2940/2940/2940
f 3006/3006/3006 2941/2941/2941 3007/3007/3007
f 2942/2942/2942 3007/3007/3007 2941/2941/2941
f 3007/3007/3007 2942/2942/2942 3008/3008/3008
f 2943/2943/2943 3008/3008/3008 2942/2942/2942
f 3008/3008/3008 2943/2943/2943 3009/3009/3009
f 2944/2944/2944 3009/3009/3009 2943/2943/2943
f 3009/3009/3009 2944/2944/2944 3010/3010/3010
f 2945/2945/2945 3010/3010/3010 2944/2944/2944
f 3010/3010/3010 2945/2945/2945 3011/3011/3011
f 2946/2946/2946 3011/3011/3011 2945/2945/2945
f 3011/3011/3011 2946/2946/2946 3012/3012/3012
f 2947/2947/2947 3012/3012/3012 2946/2946/2946
f 3012/3012/3012 2947/2947/2947 3013/3013/3013
f 2948/2948/2948 3013/3013/3013 2947/2947/2947
f 3013/3013/3013 2948/2948/2948 3014/3014/3014
f 2949/2949/2949 3014/3014/3014 2948/2948/2948
f 3014/3014/3014 2949/2949/2949 3015/3015/3015
f 2950/2950/2950 3015/3015/3015 2949/2949/2949
f 3015/3015/3015 2950/2950/2950 3016/3016/3016
f 2951/2951/2951 3016/3016/3016 2950/2950/2950
f 3016/3016/3016 2951/2951/2951 3017/3017/3017
f 2952/2952/2952 3017/3017/3017 2951/2951/2951
f 3017/3017/3017 2952/2952/2952 3018/3018/3018
f 2953/2953/2953 3018/3018/3018 2952/2952/2952
f 3018/3018/3018 2953/2953/2953 3019/3019/3019
f 2954/2954/2954 3019/3019/3019 2953/2953/2953
f 3019/3019/3019 2954/2954/2954 3020/3020/3020
f 2955/2955/2955 3020/3020/3020 2954/2954/2954
f 3020/3020/3020 2955/2955/2955 3021/3021/3021
f 2956/2956/2956 3021/3021/3021 2955/2955/2955
f 3021/3021/3021 2956/2956/2956 3022/3022/3022
f 2957/2957/2957 3022/3022/3022 2956/2956/2956
f 3022/3022/3022 2957/2957/2957 3023/3023/3023
f 2958/2958/2958 3023/3023/3023 2957/2957/2957
f 3023/3023/3023 2958/2958/2958 3024/3024/3024
f 2959/2959/2959 3024/3024/3024 2958/2958/2958
f 3024/3024/3024 2959/2959/2959 3025/3025/3025
f 2960/2960/2960 3025/3025/3025 2959/2959/2959
f 3025/3025/3025 2960/2960/2960 3026/3026/3026
f 2961/2961/2961 3026/3026/3026 2960/2960/2960
f 3026/3026/3026 2961/2961/2961 3027/3027/3027
f 2962/2962/2962 3027/3027/3027 2961/2961/2961
f 3027/3027/3027 2962/2962/2962 3028/3028/3028
f 2963/2963/2963 3028/3028/3028 2962/2962/2962
f 3028/3028/3028 2963/2963/2963 3029/3029/3029
f 2964/2964/2964 3029/3029/3029 2963/2963/2963
f 3029/3029/3029 2964/2964/2964 3030/3030/3030
f 2965/2965/2965 3030/3030/3030 2964/2964/2964
f 3030/3030/3030 2965/2965/2965 3031/3031/3031
f 2966/2966/2966 3031/3031/3031 2965/2965/2965
f 3031/3031/3031 2966/2966/2966 3032/3032/3032
f 2967/2967/2967 3032/3032/3032 2966/2966/2966
f 3032/3032/3032 2967/2967/2967 3033/3033/3033
f 2968/2968/2968 3033/3033/3033 2967/2967/2967
f 3033/3033/3033 2968/2968/2968 3034/3034/3034
f 2969/2969/2969 3034/3034/3034 2968/2968/2968
f 3034/3034/3034 2969/2969/2969 3035/3035/3035
f 2970/2970/2970 3035/3035/3035 2969/2969/2969
f 3035/3035/3035 2970/2970/2970 3036/3036/3036
f 2971/2971/2971 3036/3036/3036 2970/2970/2970
f 3036/3036/3036 2971/2971/2971 3037/3037/3037
f 2972/2972/2972 3037/3037/3037 2971/2971/2971
f 3037/3037/3037 2972/2972/2972 3038/3038/3038
f 2973/2973/2973 3038/3038/3038 2972/2972/2972
f 3038/3038/3038 2973/2973/2973 3039/3039/3039
f 2974/2974/2974 3039/3039/3039 2973/2973/2973
f 3039/3039/3039 2974/2974/2974 3040/3040/3040
f 2975/2975/2975 3040/3040/3040 2974/2974/2974
f 3040/3040/3040 2975/2975/2975 3041/3041/3041
f 2976/2976/2976 3041/3041/3041 2975/2975/2975
f 3041/3041/3041 2976/2976/2976 3042/3042/3042
f 2977/2977/2977 3042/3042/3042 2976/2976/2976
f 3042/3042/3042 2977/2977/2977 3043/3043/3043
f 2978/2978/2978 3043/3043/3043 2977/2977/2977
f 3043/3043/3043 2978/2978/2978 3044/3044/3044
f 2979/2979/2979 3044/3044/3044 2978/2978/2978
f 3044/3044/3044 2979/2979/2979 3045/3045/3045
f 2980/2980/2980 3045/3045/3045 2979/2979/2979
f 3045/3045/3045 2980/2980/2980 3046/3046/3046
f 2981/2981/2981 3046/3046/3046 2980/2980/2980
f 3046/3046/3046 2981/2981/2981 3047/3047/3047
f 2982/2982/2982 3047/3047/3047 2981/2981/2981
f 3047/3047/3047 2982/2982/2982 3048/3048/3048
f 2983/2983/2983 3048/3048/3048 2982/2982/2982
f 3048/3048/3048 2983/2983/2983 3049/3049/3049
f 2984/2984/2984 3049/3049/3049 2983/2983/2983
f 3049/3049/3049 2984/2984/2984 3050/3050/3050
f 2985/2985/2985 3050/3050/3050 2984/2984/2984
f 3050/3050/3050 2985/2985/2985 3051/3051/3051
f 2986/2986/2986 3051/3051/3051 2985/2985/2985
f 3051/3051/3051 2986/2986/2986 3052/3052/3052
f 2987/2987/2987 3052/3052/3052 2986/2986/2986
f 3052/3052/3052 2987/2987/2987 3053/3053/3053
f 2988/2988/2988 3053/3053/3053 2987/2987/2987
f 3053/3053/3053 2988/2988/2988 3054/3054/3054
f 2989/2989/2989 3054/3054/3054 2988/2988/2988
f 3054/3054/3054 2989/2989/2989 3055/3055/3055
f 2990/2990/2990 3055/3055/3055 2989/2989/2989
f 3056/3056/3056 2991/2991/2991 3057/3057/3057
f 2992/2992/2992 3057/3057/3057 2991/2991/2991
f 3057/3057/3057 2992/2992/2992 3058/3058/3058
f 2993/2993/2993 3058/3058/3058 2992/2992/2992
f 3058/3058/3058 2993/2993/2993 3059/3059/3059
f 2994/2994/2994 3059/3059/3059 2993/2993/2993
f 3059/3059/3059 2994/2994/2994 3060/3060/3060
f 2995/2995/2995 3060/3060/3060 2994/2994/2994
f 3060/3060/3060 2995/2995/2995 3061/3061/3061
f 2996/2996/2996 3061/3061/3061 2995/2995/2995
f 3061/3061/3061 2996/2996/2996 3062/3062/3062
f 2997/2997/2997 3062/3062/3062 2996/2996/2996
f 3062/3062/3062 2997/2997/2997 3063/3063/3063
f 2998/2998/2998 3063/3063/3063 2997/2997/2997
f 3063/3063/3063 2998/2998/2998 3064/3064/3064
f 2999/2999/2999 3064/3064/3064 2998/2998/2998
f 3064/3064/3064 2999/2999/2999 3065/3065/3065
f 3000/3000/3000 3065/3065/3065 2999/2999/2999
f 3065/3065/3065 3000/3000/3000 3066/3066/3066
f 3001/3001/3001 3066/3066/3066 3000/3000/3000
f 3066/3066/3066 3001/3001/3001 3067/3067/3067
f 3002/3002/3002 3067/3067/3067 3001/3001/3001
f 3067/3067/3067 3002/3002/3002 3068/3068/3068
f 3003/3003/3003 3068/3068/3068 3002/3002/3002
f 3068/3068/3068 3003/3003/3003 3069/3069/3069
f 3004/3004/3004 3069/3069/3069 3003/3003/3003
f 3069/3069/3069 3004/3004/3004 3070/3070/3070
f 3005/3005/3005 3070/3070/3070 3004/3004/3004
f 3070/3070/3070 3005/3005/3005 3071/3071/3071
f 3006/3006/3006 3071/3071/3071 3005/3005/3005
f 3071/3071/3071 3006/3006/3006 3072/3072/3072
f 3007/3007/3007 3072/3072/3072 3006/3006/3006
f 3072/3072/3072 3007/3007/3007 3073/3073/3073
f 3008/3008/3008 3073/3073/3073 3007/3007/3007
f 3073/3073/3073 3008/3008/3008 3074/3074/3074
f 3009/3009/3009 3074/3074/3074 3008/3008/3008
f 3074/3074/3074 3009/3009/3009 3075/3075/3075
f 3010/3010/3010 3075/3075/3075 3009/3009/3009
f 3075/3075/3075 3010/3010/3010 3076/3076/3076
f 3011/3011/3011 3076/3076/3076 3010/3010/3010
f 3076/3076/3076 3011/3011/3011 3077/3077/3077
f 3012/3012/3012 3077/3077/3077 3011/3011/3011
f 3077/3077/3077 3012/3012/3012 3078/3078/3078
f 3013/3013/3013 3078/3078/3078 3012/3012/3012
f 3078/3078/3078 3013/3013/3013 3079/3079/3079
f 3014/3014/3014 3079/3079/3079 3013/3013/3013
f 3079/3079/3079 3014/3014/3014 3080/3080/3080
f 3015/3015/3015 3080/3080/3080 3014/3014/3014
f 3080/3080/3080 3015/3015/3015 3081/3081/3081
f 3016/3016/3016 3081/3081/3081 3015/3015/3015
f 3081/3081/3081 3016/3016/3016 3082/3082/3082
f 3017/3017/3017 3082/3082/3082 3016/3016/3016
f 3082/3082/3082 3017/3017/3017 3083/3083/3083
f 3018/3018/3018 3083/3083/3083 3017/3017/3017
f 3083/3083/3083 3018/3018/3018 3084/3084/3084
f 3019/3019/3019 3084/3084/3084 3018/3018/3018
f 3084/3084/3084 3019/3019/3019 3085/3085/3085
f 3020/3020/3020 3085/3085/3085 3019/3019/3019
f 3085/3085/3085 3020/3020/3020 3086/3086/3086
f 3021/3021/3021 3086/3086/3086 3020/3020/3020
f 3086/3086/3086 3021/3021/3021 3087/3087/3087
f 3022/3022/3022 3087/3087/3087 3021/3021/3021
f 3087/3087/3087 3022/3022/3022 3088/3088/3088
f 3023/3023/3023 3088/3088/3088 3022/3022/3022
f 3088/3088/3088 3023/3023/3023 3089/3089/3089
f 3024/3024/3024 3089/3089/3089 3023/3023/3023
f 3089/3089/3089 3024/3024/3024 3090/3090/3090
f 3025/3025/3025 3090/3090/3090 3024/3024/3024
f 3090/3090/3090 3025/3025/3025 3091/3091/3091
f 3026/3026/3026 3091/3091/3091 3025/3025/3025
f 3091/3091/3091 3026/3026/3026 3092/3092/3092
f 3027/3027/3027 3092/3092/3092 3026/3026/3026
f 3092/3092/3092 3027/3027/3027 3093/3093/3093
f 3028/3028/3028 3093/3093/3093 3027/3027/3027
f 3093/3093/3093 3028/3028/3028 3094/3094/3094
f 3029/3029/3029 3094/3094/3094 3028/3028/3028
f 3094/3094/3094 3029/3029/3029 3095/3095/3095
f 3030/3030/3030 3095/3095/3095 3029/3029/3029
f 3095/3095/3095 3030/3030/3030 3096/3096/3096
f 3031/3031/3031 3096/3096/3096 3030/3030/3030
f 3096/3096/3096 3031/3031/3031 3097/3097/3097
f 3032/3032/3032 3097/3097/3097 3031/3031/3031
f 3097/3097/3097 3032/3032/3032 3098/3098/3098
f 3033/3033/3033 3098/3098/3098 3032/3032/3032
f 3098/3098/3098 3033/3033/3033 3099/3099/3099
f 3034/3034/3034 3099/3099/3099 3033/3033/3033
f 3099/3099/3099 3034/3034/3034 3100/3100/3100
f 3035/3035/3035 3100/3100/3100 3034/3034/3034
f 3100/3100/3100 3035/3035/3035 3101/3101/3101
f 3036/3036/3036 3101/3101/3101 3035/3035/3035
f 3101/3101/3101 3036/3036/3036 3102/3102/3102
f 3037/3037/3037 3102/3102/3102 3036/3036/3036
f 3102/3102/3102 3037/3037/3037 3103/3103/3103
f 3038/3038/3038 3103/3103/3103 3037/3037/3037
f 3103/3103/3103 3038/3038/3038 3104/3104/3104
f 3039/3039/3039 3104/3104/3104 3038/3038/3038
f 3104/3104/3104 3039/3039/3039 3105/3105/3105
f 3040/3040/3040 3105/3105/3105 3039/3039/3039
f 3105/3105/3105 3040/3040/3040 3106/3106/3106
f 3041/3041/3041 3106/3106/3106 3040/3040/3040
f 3106/3106/3106 3041/3041/3041 3107/3107/3107
f 3042/3042/3042 3107/3107/3107 3041/3041/3041
f 3107/3107/3107 3042/3042/3042 3108/3108/3108
f 3043/3043/3043 3108/3108/3108 3042/3042/3042
f 3108/3108/3108 3043/3043/3043 3109/3109/3109
f 3044/3044/3044 3109/3109/3109 3043/3043/3043
f 3109/3109/3109 3044/3044/3044 3110/3110/3110
f 3045/3045/3045 3110/3110/3110 3044/3044/3044
f 3110/3110/3110 3045/3045/3045 3111/3111/3111
f 3046/3046/3046 3111/3111/3111 3045/3045/3045
f 3111/3111/3111 3046/3046/3046 3112/3112/3112
f 3047/3047/3047 3112/3112/3112 3046/3046/3046
f 3112/3112/3112 3047/3047/3047 3113/3113/3113
f 3048/3048/3048 3113/3113/3113 3047/3047/3047
f 3113/3113/3113 3048/3048/3048 3114/3114/3114
f 3049/3049/3049 3114/3114/3114 3048/3048/3048
f 3114/3114/3114 3049/3049/3049 3115/3115/3115
f 3050/3050/3050 3115/3115/3115 3049/3049/3049
f 3115/3115/3115 3050/3050/3050 3116/3116/3116
f 3051/3051/3051 3116/3116/3116 3050/3050/3050
f 3116/3116/3116 3051/3051/3051 3117/3117/3117
f 3052/3052/3052 3117/3117/3117 3051/3051/3051
f 3117/3117/3117 3052/3052/3052 3118/3118/3118
f 3053/3053/3053 3118/3118/3118 3052/3052/3052
f 3118/3118/3118 3053/3053/3053 3119/3119/3119
f 3054/3054/3054 3119/3119/3119 3053/3053/3053
f 3119/3119/3119 3054/3054/3054 3120/3120/3120
f 3055/3055/3055 3120/3120/3120 3054/3054/3054
f 3121/3121/3121 3056/3056/3056 3122/3122/3122
f 3057/3057/3057 3122/3122/3122 3056/3056/3056
f 3122/3122/3122 3057/3057/3057 3123/3123/3123
f 3058/3058/3058 3123/3123/3123 3057/3057/3057
f 3123/3123/3123 3058/3058/3058 3124/3124/3124
f 3059/3059/3059 3124/3124/3124 3058/3058/3058
f 3124/3124/3124 3059/3059/3059 3125/3125/3125
f 3060/3060/3060 3125/3125/3125 3059/3059/3059
f 3125/3125/3125 3060/3060/3060 3126/3126/3126
f 3061/3061/3061 3126/3126/3126 3060/3060/3060
f 3126/3126/3126 3061/3061/3061 3127/3127/3127
f 3062/3062/3062 3127/3127/3127 3061/3061/3061
f 3127/3127/3127 3062/3062/3062 3128/3128/3128
f 3063/3063/3063 3128/3128/3128 3062/3062/3062
f 3128/3128/3128 3063/3063/3063 3129/3129/3129
f 3064/3064/3064 3129/3129/3129 3063/3063/3063
f 3129/3129/3129 3064/3064/3064 3130/3130/3130
f 3065/3065/3065 3130/3130/3130 3064/3064/3064
f 3130/3130/3130 3065/3065/3065 3131/3131/3131
f 3066/3066/3066 3131/3131/3131 3065/3065/3065
f 3131/3131/3131 3066/3066/3066 3132/3132/3132
f 3067/3067/3067 3132/3132/3132 3066/3066/3066
f 3132/3132/3132 3067/3067/3067 3133/3133/3133
f 3068/3068/3068 3133/3133/3133 3067/3067/3067
f 3133/3133/3133 3068/3068/3068 3134/3134/3134
f 3069/3069/3069 3134/3134/3134 3068/3068/3068
f 3134/3134/3134 3069/3069/3069 3135/3135/3135
f 3070/3070/3070 3135/3135/3135 3069/3069/3069
f 3135/3135/3135 3070/3070/3070 3136/3136/3136
f 3071/3071/3071 3136/3136/3136 3070/3070/3070
f 3136/3136/3136 3071/3071/3071 3137/3137/3137
f 3072/3072/3072 3137/3137/3137 3071/3071/3071
f 3137/3137/3137 3072/3072/3072 3138/3138/3138
f 3073/3073/3073 3138/3138/3138 3072/3072/3072
f 3138/3138/3138 3073/3073/3073 3139/3139/3139
f 3074/3074/3074 3139/3139/3139 3073/3073/3073
f 3139/3139/3139 3074/3074/3074 3140/3140/3140
f 3075/3075/3075 3140/3140/3140 3074/3074/3074
f 3140/3140/3140 3075/3075/3075 3141/3141/3141
f 3076/3076/3076 3141/3141/3141 3075/3075/3075
f 3141/3141/3141 3076/3076/3076 3142/3142/3142
f 3077/3077/3077 3142/3142/3142 3076/3076/3076
f 3142/3142/3142 3077/3077/3077 3143/3143/3143
f 3078/3078/3078 3143/3143/3143 3077/3077/3077
f 3143/3143/3143 3078/3078/3078 3144/3144/3144
f 3079/3079/3079 3144/3144/3144 3078/3078/3078
f 3144/3144/3144 3079/3079/3079 3145/3145/3145
f 3080/3080/3080 3145/3145/3145 3079/3079/3079
f 3145/3145/3145 3080/3080/3080 3146/3146/3146
f 3081/3081/3081 3146/3146/3146 3080/3080/3080
f 3146/3146/3146 3081/3081/3081 3147/3147/3147
f 3082/3082/3082 3147/3147/3147 3081/3081/3081
f 3147/3147/3147 3082/3082/3082 3148/3148/3148
f 3083/3083/3083 3148/3148/3148 3082/3082/3082
f 3148/3148/3148 3083/3083/3083 3149/3149/3149
f 3084/3084/3084 3149/3149/3149 3083/3083/3083
f 3149/3149/3149 3084/3084/3084 3150/3150/3150
f 3085/3085/3085 3150/3150/3150 3084/3084/3084
f 3150/3150/3150 3085/3085/3085 3151/3151/3151
f 3086/3086/3086 3151/3151/3151 3085/3085/3085
f 3151/3151/3151 3086/3086/3086 3152/3152/3152
f 3087/3087/3087 3152/3152/3152 3086/3086/3086
f 3152/3152/3152 3087/3087/3087 3153/3153/3153
f 3088/3088/3088 3153/3153/3153 3087/3087/3087
f 3153/3153/3153 3088/3088/3088 3154/3154/3154
f 3089/3089/3089 3154/3154/3154 3088/3088/3088
f 3154/3154/3154 3089/3089/3089 3155/3155/3155
f 3090/3090/3090 3155/3155/3155 3089/3089/3089
f 3155/3155/3155 3090/3090/3090 3156/3156/3156
f 3091/3091/3091 3156/3156/3156 3090/3090/3090
f 3156/3156/3156 3091/3091/3091 3157/3157/3157
f 3092/3092/3092 3157/3157/3157 3091/3091/3091
f 3157/3157/3157 3092/3092/3092 3158/3158/3158
f 3093/3093/3093 3158/3158/3158 3092/3092/3092
f 3158/3158/3158 3093/3093/3093 3159/3159/3159
f 3094/3094/3094 3159/3159/3159 3093/3093/3093
f 3159/3159/3159 3094/3094/3094 3160/3160/3160
f 3095/3095/3095 3160/3160/3160 3094/3094/3094
f 3160/3160/3160 3095/3095/3095 3161/3161/3161
f 3096/3096/3096 3161/3161/3161 3095/3095/3095
f 3161/3161/3161 3096/3096/3096 3162/3162/3162
f 3097/3097/3097 3162/3162/3162 3096/3096/3096
f 3162/3162/3162 3097/3097/3097 3163/3163/3163
f 3098/3098/3098 3163/3163/3163 3097/3097/3097
f 3163/3163/3163 3098/3098/3098 3164/3164/3164
f 3099/3099/3099 3164/3164/3164 3098/3098/3098
f 3164/3164/3164 3099/3099/3099 3165/3165/3165
f 3100/3100/3100 3165/3165/3165 3099/3099/3099
f 3165/3165/3165 3100/3100/3100 3166/3166/3166
f 3101/3101/3101 3166/3166/3166 3100/3100/3100
f 3166/3166/3166 3101/3101/3101 3167/3167/3167
f 3102/3102/3102 3167/3167/3167 3101/3101/3101
f 3167/3167/3167 3102/3102/3102 3168/3168/3168
f 3103/3103/3103 3168/3168/3168 3102/3102/3102
f 3168/3168/3168 3103/3103/3103 3169/3169/3169
f 3104/3104/3104 3169/3169/3169 3103/3103/3103
f 3169/3169/3169 3104/3104/3104 3170/3170/3170
f 3105/3105/3105 3170/3170/3170 3104/3104/3104
f 3170/3170/3170 3105/3105/3105 3171/3171/3171
f 3106/3106/3106 3171/3171/3171 3105/3105/3105
f 3171/3171/3171 3106/3106/3106 3172/3172/3172
f 3107/3107/3107 3172/3172/3172 3106/3106/3106
f 3172/3172/3172 3107/3107/3107 3173/3173/3173
f 3108/3108/3108 3173/3173/3173 3107/3107/3107
f 3173/3173/3173 3108/3108/3108 3174/3174/3174
f 3109/3109/3109 3174/3174/3174 3108/3108/3108
f 3174/3174/3174 3109/3109/3109 3175/3175/3175
f 3110/3110/3110 3175/3175/3175 3109/3109/3109
f 3175/3175/3175 3110/3110/3110 3176/3176/3176
f 3111/3111/3111 3176/3176/3176 3110/3110/3110
f 3176/3176/3176 3111/3111/3111 3177/3177/3177
f 3112/3112/3112 3177/3177/3177 3111/3111/3111
f 3177/3177/3177 3112/3112/3112 3178/3178/3178
f 3113/3113/3113 3178/3178/3178 3112/3112/3112
f 3178/3178/3178 3113/3113/3113 3179/3179/3179
f 3114/3114/3114 3179/3179/3179 3113/3113/3113
f 3179/3179/3179 3114/3114/3114 3180/3180/3180
f 3115/3115/3115 3180/3180/3180 3114/3114/3114
f 3180/3180/3180 3115/3115/3115 3181/3181/3181
f 3116/3116/3116 3181/3181/3181 3115/3115/3115
f 3181/3181/3181 3116/3116/3116 3182/3182/3182
f 3117/3117/3117 3182/3182/3182 3116/3116/3116
f 3182/3182/3182 3117/3117/3117 3183/3183/3183
f 3118/3118/3118 3183/3183/3183 3117/3117/3117
f 3183/3183/3183 3118/3118/3118 3184/3184/3184
f 3119/3119/3119 3184/3184/3184 3118/3118/3118
f 3184/3184/3184 3119/3119/3119 3185/3185/3185
f 3120/3120/3120 3185/3185/3185 3119/3119/3119
f 3186/3186/3186 3121/3121/3121 3187/3187/3187
f 3122/3122/3122 3187/3187/3187 3121/3121/3121
f 3187/3187/3187 3122/3122/3122 3188/3188/3188
f 3123/3123/3123 3188/3188/3188 3122/3122/3122
f 3188/3188/3188 3123/3123/3123 3189/3189/3189
f 3124/3124/3124 3189/3189/3189 3123/3123/3123
f 3189/3189/3189 3124/3124/3124 3190/3190/3190
f 3125/3125/3125 3190/3190/3190 3124/3124/3124
f 3190/3190/3190 3125/3125/3125 3191/3191/3191
f 3126/3126/3126 3191/3191/3191 3125/3125/3125
f 3191/3191/3191 3126/3126/3126 3192/3192/3192
f 3127/3127/3127 3192/3192/3192 3126/3126/3126
f 3192/3192/3192 3127/3127/3127 3193/3193/3193
f 3128/3128/3128 3193/3193/3193 3127/3127/3127
f 3193/3193/3193 3128/3128/3128 3194/3194/3194
f 3129/3129/3129 3194/3194/3194 3128/3128/3128
f 3194/3194/3194 3129/3129/3129 3195/3195/3195
f 3130/3130/3130 3195/3195/3195 3129/3129/3129
f 3195/3195/3195 3130/3130/3130 3196/3196/3196
f 3131/3131/3131 3196/3196/3196 3130/3130/3130
f 3196/3196/3196 3131/3131/3131 3197/3197/3197
f 3132/3132/3132 3197/3197/3197 3131/3131/3131
f 3197/3197/3197 3132/3132/3132 3198/3198/3198
f 3133/3133/3133 3198/3198/3198 3132/3132/3132
f 3198/3198/3198 3133/3133/3133 3199/3199/3199
f 3134/3134/3134 3199/3199/3199 3133/3133/3133
f 3199/3199/3199 3134/3134/3134 3200/3200/3200
f 3135/3135/3135 3200/3200/3200 3134/3134/3134
f 3200/3200/3200 3135/3135/3135 3201/3201/3201
f 3136/3136/3136 3201/3201/3201 3135/3135/3135
f 3201/3201/3201 3136/3136/3136 3202/3202/3202
f 3137/3137/3137 3202/3202/3202 3136/3136/3136
f 3202/3202/3202 3137/3137/3137 3203/3203/3203
f 3138/3138/3138 3203/3203/3203 3137/3137/3137
f 3203/3203/3203 3138/3138/3138 3204/3204/3204
f 3139/3139/3139 3204/3204/3204 3138/3138/3138
f 3204/3204/3204 3139/3139/3139 3205/3205/3205
f 3140/3140/3140 3205/3205/3205 3139/3139/3139
f 3205/3205/3205 3140/3140/3140 3206/3206/3206
f 3141/3141/3141 3206/3206/3206 3140/3140/3140
f 3206/3206/3206 3141/3141/3141 3207/3207/3207
f 3142/3142/3142 3207/3207/3207 3141/3141/3141
f 3207/3207/3207 3142/3142/3142 3208/3208/3208
f 3143/3143/3143 3208/3208/3208 3142/3142/3142
f 3208/3208/3208 3143/3143/3143 3209/3209/3209
f 3144/3144/3144 3209/3209/3209 3143/3143/3143
f 3209/3209/3209 3144/3144/3144 3210/3210/3210
f 3145/3145/3145 3210/3210/3210 3144/3144/3144
f 3210/3210/3210 3145/3145/3145 3211/3211/3211
f 3146/3146/3146 3211/3211/3211 3145/3145/3145
f 3211/3211/3211 3146/3146/3146 3212/3212/3212
f 3147/3147/3147 3212/3212/3212 3146/3146/3146
f 3212/3212/3212 3147/3147/3147 3213/3213/3213
f 3148/3148/3148 3213/3213/3213 3147/3147/3147
f 3213/3213/3213 3148/3148/3148 3214/3214/3214
f 3149/3149/3149 3214/3214/3214 3148/3148/3148
f 3214/3214/3214 3149/3149/3149 3215/3215/3215
f 3150/3150/3150 3215/3215/3215 3149/3149/3149
f 3215/3215/3215 3150/3150/3150 3216/3216/3216
f 3151/3151/3151 3216/3216/3216 3150/3150/3150
f 3216/3216/3216 3151/3151/3151 3217/3217/3217
f 3152/3152/3152 3217/3217/3217 3151/3151/3151
f 3217/3217/3217 3152/3152/3152 3218/3218/3218
f 3153/3153/3153 3218/3218/3218 3152/3152/3152
f 3218/3218/3218 3153/3153/3153 3219/3219/3219
f 3154/3154/3154 3219/3219/3219 3153/3153/3153
f 3219/3219/3219 3154/3154/3154 3220/3220/3220
f 3155/3155/3155 3220/3220/3220 3154/3154/3154
f 3220/3220/3220 3155/3155/3155 3221/3221/3221
f 3156/3156/3156 3221/3221/3221 3155/3155/3155
f 3221/3221/3221 3156/3156/3156 3222/3222/3222
f 3157/3157/3157 3222/3222/3222 3156/3156/3156
f 3222/3222/3222 3157/3157/3157 3223/3223/3223
f 3158/3158/3158 3223/3223/3223 3157/3157/3157
f 3223/3223/3223 3158/3158/3158 3224/3224/3224
f 3159/3159/3159 3224/3224/3224 3158/3158/3158
f 3224/3224/3224 3159/3159/3159 3225/3225/3225
f 3160/3160/3160 3225/3225/3225 3159/3159/3159
f 3225/3225/3225 3160/3160/3160 3226/3226/3226
f 3161/3161/3161 3226/3226/3226 3160/3160/3160
f 3226/3226/3226 3161/3161/3161 3227/3227/3227
f 3162/3162/3162 3227/3227/3227 3161/3161/3161
f 3227/3227/3227 3162/3162/3162 3228/3228/3228
f 3163/3163/3163 3228/3228/3228 3162/3162/3162
f 3228/3228/3228 3163/3163/3163 3229/3229/3229
f 3164/3164/3164 3229/3229/3229 3163/3163/3163
f 3229/3229/3229 3164/3164/3164 3230/3230/3230
f 3165/3165/3165 3230/3230/3230 3164/3164/3164
f 3230/3230/3230 3165/3165/3165 3231/3231/3231
f 3166/3166/3166 3231/3231/3231 3165/3165/3165
f 3231/3231/3231 3166/3166/3166 3232/3232/3232
f 3167/3167/3167 3232/3232/3232 3166/3166/3166
f 3232/3232/3232 3167/3167/3167 3233/3233/3233
f 3168/3168/3168 3233/3233/3233 3167/3167/3167
f 3233/3233/3233 3168/3168/3168 3234/3234/3234
f 3169/3169/3169 3234/3234/3234 3168/3168/3168
f 3234/3234/3234 3169/3169/3169 3235/3235/3235
f 3170/3170/3170 3235/3235/3235 3169/3169/3169
f 3235/3235/3235 3170/3170/3170 3236/3236/3236
f 3171/3171/3171 3236/3236/3236 3170/3170/3170
f 3236/3236/3236 3171/3171/3171 3237/3237/3237
f 3172/3172/3172 3237/3237/3237 3171/3171/3171
f 3237/3237/3237 3172/3172/3172 3238/3238/3238
f 3173/3173/3173 3238/3238/3238 3172/3172/3172
f 3238/3238/3238 3173/3173/3173 3239/3239/3239
f 3174/3174/3174 3239/3239/3239 3173/3173/3173
f 3239/3239/3239 3174/3174/3174 3240/3240/3240
f 3175/3175/3175 3240/3240/3240 3174/3174/3174
f 3240/3240/3240 3175/3175/3175 3241/3241/3241
f 3176/3176/3176 3241/3241/3241 3175/3175/3175
f 3241/3241/3241 3176/3176/3176 3242/3242/3242
f 3177/3177/3177 3242/3242/3242 3176/3176/3176
f 3242/3242/3242 3177/3177/3177 3243/3243/3243
f 3178/3178/3178 3243/3243/3243 3177/3177/3177
f 3243/3243/3243 3178/3178/3178 3244/3244/3244
f 3179/3179/3179 3244/3244/3244 3178/3178/3178
f 3244/3244/3244 3179/3179/3179 3245/3245/3245
f 3180/3180/3180 3245/3245/3245 3179/3179/3179
f 3245/3245/3245 3180/3180/3180 3246/3246/3246
f 3181/3181/3181 3246/3246/3246 3180/3180/3180
f 3246/3246/3246 3181/3181/3181 3247/3247/3247
f 3182/3182/3182 3247/3247/3247 3181/3181/3181
f 3247/3247/3247 3182/3182/3182 3248/3248/3248
f 3183/3183/3183 3248/3248/3248 3182/3182/3182
f 3248/3248/3248 3183/3183/3183 3249/3249/3249
f 3184/3184/3184 3249/3249/3249 3183/3183/3183
f 3249/3249/3249 3184/3184/3184 3250/3250/3250
f 3185/3185/3185 3250/3250/3250 3184/3184/3184
f 3251/3251/3251 3186/3186/3186 3252/3252/3252
f 3187/3187/3187 3252/3252/3252 3186/3186/3186
f 3252/3252/3252 3187/3187/3187 3253/3253/3253
f 3188/3188/3188 3253/3253/3253 3187/3187/3187
f 3253/3253/3253 3188/3188/3188 3254/3254/3254
f 3189/3189/3189 3254/3254/3254 3188/3188/3188
f 3254/3254/3254 3189/3189/3189 3255/3255/3255
f 3190/3190/3190 3255/3255/3255 3189/3189/3189
f 3255/3255/3255 3190/3190/3190 3256/3256/3256
f 3191/3191/3191 3256/3256/3256 3190/3190/3190
f 3256/3256/3256 3191/3191/3191 3257/3257/3257
f 3192/3192/3192 3257/3257/3257 3191/3191/3191
f 3257/3257/3257 3192/3192/3192 3258/3258/3258
f 3193/3193/3193 3258/3258/3258 3192/3192/3192
f 3258/3258/3258 3193/3193/3193 3259/3259/3259
f 3194/3194/3194 3259/3259/3259 3193/3193/3193
f 3259/3259/3259 3194/3194/3194 3260/3260/3260
f 3195/3195/3195 3260/3260/3260 3194/3194/3194
f 3260/3260/3260 3195/3195/3195 3261/3261/3261
f 3196/3196/3196 3261/3261/3261 3195/3195/3195
f 3261/3261/3261 3196/3196/3196 3262/3262/3262
f 3197/3197/3197 3262/3262/3262 3196/3196/3196
f 3262/3262/3262 3197/3197/3197 3263/3263/3263
f 3198/3198/3198 3263/3263/3263 3197/3197/3197
f 3263/3263/3263 3198/3198/3198 3264/3264/3264
f 3199/3199/3199 3264/3264/3264 3198/3198/3198
f 3264/3264/3264 3199/3199/3199 3265/3265/3265
f 3200/3200/3200 3265/3265/3265 3199/3199/3199
f 3265/3265/3265 3200/3200/3200 3266/3266/3266
f 3201/3201/3201 3266/3266/3266 3200/3200/3200
f 3266/3266/3266 3201/3201/3201 3267/3267/3267
f 3202/3202/3202 3267/3267/3267 3201/3201/3201
f 3267/3267/3267 3202/3202/3202 3268/3268/3268
f 3203/3203/3203 3268/3268/3268 3202/3202/3202
f 3268/3268/3268 3203/3203/3203 3269/3269/3269
f 3204/3204/3204 3269/3269/3269 3203/3203/3203
f 3269/3269/3269 3204/3204/3204 3270/3270/3270
f 3205/3205/3205 3270/3270/3270 3204/3204/3204
f 3270/3270/3270 3205/3205/3205 3271/3271/3271
f 3206/3206/3206 3271/3271/3271 3205/3205/3205
f 3271/3271/3271 3206/3206/3206 3272/3272/3272
f 3207/3207/3207 3272/3272/3272 3206/3206/3206
f 3272/3272/3272 3207/3207/3207 3273/3273/3273
f 3208/3208/3208 3273/3273/3273 3207/3207/3207
f 3273/3273/3273 3208/3208/3208 3274/3274/3274
f 3209/3209/3209 3274/3274/3274 3208/3208/3208
f 3274/3274/3274 3209/3209/3209 3275/3275/3275
f 3210/3210/3210 3275/3275/3275 3209/3209/3209
f 3275/3275/3275 3210/3210/3210 3276/3276/3276
f 3211/3211/3211 3276/3276/3276 3210/3210/3210
f 3276/3276/3276 3211/3211/3211 3277/3277/3277
f 3212/3212/3212 3277/3277/3277 3211/3211/3211
f 3277/3277/3277 3212/3212/3212 3278/3278/3278
f 3213/3213/3213 3278/3278/3278 3212/3212/3212
f 3278/3278/3278 3213/3213/3213 3279/3279/3279
f 3214/3214/3214 3279/3279/3279 3213/3213/3213
f 3279/3279/3279 3214/3214/3214 3280/3280/3280
f 3215/3215/3215 3280/3280/3280 3214/3214/3214
f 3280/3280/3280 3215/3215/3215 3281/3281/3281
f 3216/3216/3216 3281/3281/3281 3215/3215/3215
f 3281/3281/3281 3216/3216/3216 3282/3282/3282
f 3217/3217/3217 3282/3282/3282 3216/3216/3216
f 3282/3282/3282 3217/3217/3217 3283/3283/3283
f 3218/3218/3218 3283/3283/3283 3217/3217/3217
f 3283/3283/3283 3218/3218/3218 3284/3284/3284
f 3219/3219/3219 3284/3284/3284 3218/3218/3218
f 3284/3284/3284 3219/3219/3219 3285/3285/3285
f 3220/3220/3220 3285/3285/3285 3219/3219/3219
f 3285/3285/3285 3220/3220/3220 3286/3286/3286
f 3221/3221/3221 3286/3286/3286 3220/3220/3220
f 3286/3286/3286 3221/3221/3221 3287/3287/3287
f 3222/3222/3222 3287/3287/3287 3221/3221/3221
f 3287/3287/3287 3222/3222/3222 3288/3288/3288
f 3223/3223/3223 3288/3288/3288 3222/3222/3222
f 3288/3288/3288 3223/3223/3223 3289/3289/3289
f 3224/3224/3224 3289/3289/3289 3223/3223/3223
f 3289/3289/3289 3224/3224/3224 3290/3290/3290
f 3225/3225/3225 3290/3290/3290 3224/3224/3224
f 3290/3290/3290 3225/3225/3225 3291/3291/3291
f 3226/3226/3226 3291/3291/3291 3225/3225/3225
f 3291/3291/3291 3226/3226/3226 3292/3292/3292
f 3227/3227/3227 3292/3292/3292 3226/3226/3226
f 3292/3292/3292 3227/3227/3227 3293/3293/3293
f 3228/3228/3228 3293/3293/3293 3227/3227/3227
f 3293/3293/3293 3228/3228/3228 3294/3294/3294
f 3229/3229/3229 3294/3294/3294 3228/3228/3228
f 3294/3294/3294 3229/3229/3229 3295/3295/3295
f 3230/3230/3230 3295/3295/3295 3229/3229/3229
f 3295/3295/3295 3230/3230/3230 3296/3296/3296
f 3231/3231/3231 3296/3296/3296 3230/3230/3230
f 3296/3296/3296 3231/3231/3231 3297/3297/3297
f 3232/3232/3232 3297/3297/3297 3231/3231/3231
f 3297/3297/3297 3232/3232/3232 3298/3298/3298
f 3233/3233/3233 3298/3298/3298 3232/3232/3232
f 3298/3298/3298 3233/3233/3233 3299/3299/3299
f 3234/3234/3234 3299/3299/3299 3233/3233/3233
f 3299/3299/3299 3234/3234/3234 3300/3300/3300
f 3235/3235/3235 3300/3300/3300 3234/3234/3234
f 3300/3300/3300 3235/3235/3235 3301/3301/3301
f 3236/3236/3236 3301/3301/3301 3235/3235/3235
f 3301/3301/3301 3236/3236/3236 3302/3302/3302
f 3237/3237/3237 3302/3302/3302 3236/3236/3236
f 3302/3302/3302 3237/3237/3237 3303/3303/3303
f 3238/3238/3238 3303/3303/3303 3237/3237/3237
f 3303/3303/3303 3238/3238/3238 3304/3304/3304
f 3239/3239/3239 3304/3304/3304 3238/3238/3238
f 3304/3304/3304 3239/3239/3239 3305/3305/3305
f 3240/3240/3240 3305/3305/3305 3239/3239/3239
f 3305/3305/3305 3240/3240/3240 3306/3306/3306
f 3241/3241/3241 3306/3306/3306 3240/3240/3240
f 3306/3306/3306 3241/3241/3241 3307/3307/3307
f 3242/3242/3242 3307/3307/3307 3241/3241/3241
f 3307/3307/3307 3242/3242/3242 3308/3308/3308
f 3243/3243/3243 3308/3308/3308 3242/3242/3242
f 3308/3308/3308 3243/3243/3243 3309/3309/3309
f 3244/3244/3244 3309/3309/3309 3243/3243/3243
f 3309/3309/3309 3244/3244/3244 3310/3310/3310
f 3245/3245/3245 3310/3310/3310 3244/3244/3244
f 3310/3310/3310 3245/3245/3245 3311/3311/3311
f 3246/3246/3246 3311/3311/3311 3245/3245/3245
f 3311/3311/3311 3246/3246/3246 3312/3312/3312
f 3247/3247/3247 3312/3312/3312 3246/3246/3246
f 3312/3312/3312 3247/3247/3247 3313/3313/3313
f 3248/3248/3248 3313/3313/3313 3247/3247/3247
f 3313/3313/3313 3248/3248/3248 3314/3314/3314
f 3249/3249/3249 3314/3314/3314 3248/3248/3248
f 3314/3314/3314 3249/3249/3249 3315/3315/3315
f 3250/3250/3250 3315/3315/3315 3249/3249/3249
f 3316/3316/3316 3251/3251/3251 3317/3317/3317
f 3252/3252/3252 3317/3317/3317 3251/3251/3251
f 3317/3317/3317 3252/3252/3252 3318/3318/3318
f 3253/3253/3253 3318/3318/3318 3252/3252/3252
f 3318/3318/3318 3253/3253/3253 3319/3319/3319
f 3254/3254/3254 3319/3319/3319 3253/3253/3253
f 3319/3319/3319 3254/3254/3254 3320/3320/3320
f 3255/3255/3255 3320/3320/3320 3254/3254/3254
f 3320/3320/3320 3255/3255/3255 3321/3321/3321
f 3256/3256/3256 3321/3321/3321 3255/3255/3255
f 3321/3321/3321 3256/3256/3256 3322/3322/3322
f 3257/3257/3257 3322/3322/3322 3256/3256/3256
f 3322/3322/3322 3257/3257/3257 3323/3323/3323
f 3258/3258/3258 3323/3323/3323 3257/3257/3257
f 3323/3323/3323 3258/3258/3258 3324/3324/3324
f 3259/3259/3259 3324/3324/3324 3258/3258/3258
f 3324/3324/3324 3259/3259/3259 3325/3325/3325
f 3260/3260/3260 3325/3325/3325 3259/3259/3259
f 3325/3325/3325 3260/3260/3260 3326/3326/3326
f 3261/3261/3261 3326/3326/3326 3260/3260/3260
f 3326/3326/3326 3261/3261/3261 3327/3327/3327
f 3262/3262/3262 3327/3327/3327 3261/3261/3261
f 3327/3327/3327 3262/3262/3262 3328/3328/3328
f 3263/3263/3263 3328/3328/3328 3262/3262/3262
f 3328/3328/3328 3263/3263/3263 3329/3329/3329
f 3264/3264/3264 3329/3329/3329 3263/3263/3263
f 3329/3329/3329 3264/3264/3264 3330/3330/3330
f 3265/3265/3265 3330/3330/3330 3264/3264/3264
f 3330/3330/3330 3265/3265/3265 3331/3331/3331
f 3266/3266/3266 3331/3331/3331 3265/3265/3265
f 3331/3331/3331 3266/3266/3266 3332/3332/3332
f 3267/3267/3267 3332/3332/3332 3266/3266/3266
f 3332/3332/3332 3267/3267/3267 3333/3333/3333
f 3268/3268/3268 3333/3333/3333 3267/3267/3267
f 3333/3333/3333 3268/3268/3268 3334/3334/3334
f 3269/3269/3269 3334/3334/3334 3268/3268/3268
f 3334/3334/3334 3269/3269/3269 3335/3335/3335
f 3270/3270/3270 3335/3335/3335 3269/3269/3269
f 3335/3335/3335 3270/3270/3270 3336/3336/3336
f 3271/3271/3271 3336/3336/3336 3270/3270/3270
f 3336/3336/3336 3271/3271/3271 3337/3337/3337
f 3272/3272/3272 3337/3337/3337 3271/3271/3271
f 3337/3337/3337 3272/3272/3272 3338/3338/3338
f 3273/3273/3273 3338/3338/3338 3272/3272/3272
f 3338/3338/3338 3273/3273/3273 3339/3339/3339
f 3274/3274/3274 3339/3339/3339 3273/3273/3273
f 3339/3339/3339 3274/3274/3274 3340/3340/3340
f 3275/3275/3275 3340/3340/3340 3274/3274/3274
f 3340/3340/3340 3275/3275/3275 3341/3341/3341
f 3276/3276/3276 3341/3341/3341 3275/3275/3275
f 3341/3341/3341 3276/3276/3276 3342/3342/3342
f 3277/3277/3277 3342/3342/3342 3276/3276/3276
f 3342/3342/3342 3277/3277/3277 3343/3343/3343
f 3278/3278/3278 3343/3343/3343 3277/3277/3277
f 3343/3343/3343 3278/3278/3278 3344/3344/3344
f 3279/3279/3279 3344/3344/3344 3278/3278/3278
f 3344/3344/3344 3279/3279/3279 3345/3345/3345
f 3280/3280/3280 3345/3345/3345 3279/3279/3279
f 3345/3345/3345 3280/3280/3280 3346/3346/3346
f 3281/3281/3281 3346/3346/3346 3280/3280/3280
f 3346/3346/3346 3281/3281/3281 3347/3347/3347
f 3282/3282/3282 3347/3347/3347 3281/3281/3281
f 3347/3347/3347 3282/3282/3282 3348/3348/3348
f 3283/3283/3283 3348/3348/3348 3282/3282/3282
f 3348/3348/3348 3283/3283/3283 3349/3349/3349
f 3284/3284/3284 3349/3349/3349 3283/3283/3283
f 3349/3349/3349 3284/3284/3284 3350/3350/3350
f 3285/3285/3285 3350/3350/3350 3284/3284/3284
f 3350/3350/3350 3285/3285/3285 3351/3351/3351
f 3286/3286/3286 3351/3351/3351 3285/3285/3285
f 3351/3351/3351 3286/3286/3286 3352/3352/3352
f 3287/3287/3287 3352/3352/3352 3286/3286/3286
f 3352/3352/3352 3287/3287/3287 3353/3353/3353
f 3288/3288/3288 3353/3353/3353 3287/3287/3287
f 3353/3353/3353 3288/3288/3288 3354/3354/3354
f 3289/3289/3289 3354/3354/3354 3288/3288/3288
f 3354/3354/3354 3289/3289/3289 3355/3355/3355
f 3290/3290/3290 3355/3355/3355 3289/3289/3289
f 3355/3355/3355 3290/3290/3290 3356/3356/3356
f 3291/3291/3291 3356/3356/3356 3290/3290/3290
f 3356/3356/3356 3291/3291/3291 3357/3357/3357
f 3292/3292/3292 3357/3357/3357 3291/3291/3291
f 3357/3357/3357 3292/3292/3292 3358/3358/3358
f 3293/3293/3293 3358/3358/3358 3292/3292/3292
f 3358/3358/3358 3293/3293/3293 3359/3359/3359
f 3294/3294/3294 3359/3359/3359 3293/3293/3293
f 3359/3359/3359 3294/3294/3294 3360/3360/3360
f 3295/3295/3295 3360/3360/3360 3294/3294/3294
f 3360/3360/3360 3295/3295/3295 3361/3361/3361
f 3296/3296/3296 3361/3361/3361 3295/3295/3295
f 3361/3361/3361 3296/3296/3296 3362/3362/3362
f 3297/3297/3297 3362/3362/3362 3296/3296/3296
f 3362/3362/3362 3297/3297/3297 3363/3363/3363
f 3298/3298/3298 3363/3363/3363 3297/3297/3297
f 3363/3363/3363 3298/3298/3298 3364/3364/3364
f 3299/3299/3299 3364/3364/3364 3298/3298/3298
f 3364/3364/3364 3299/3299/3299 3365/3365/3365
f 3300/3300/3300 3365/3365/3365 3299/3299/3299
f 3365/3365/3365 3300/3300/3300 3366/3366/3366
f 3301/3301/3301 3366/3366/3366 3300/3300/3300
f 3366/3366/3366 3301/3301/3301 3367/3367/3367
f 3302/3302/3302 3367/3367/3367 3301/3301/3301
f 3367/3367/3367 3302/3302/3302 3368/3368/3368
f 3303/3303/3303 3368/3368/3368 3302/3302/3302
f 3368/3368/3368 3303/3303/3303 3369/3369/3369
f 3304/3304/3304 3369/3369/3369 3303/3303/3303
f 3369/3369/3369 3304/3304/3304 3370/3370/3370
f 3305/3305/3305 3370/3370/3370 3304/3304/3304
f 3370/3370/3370 3305/3305/3305 3371/3371/3371
f 3306/3306/3306 3371/3371/3371 3305/3305/3305
f 3371/3371/3371 3306/3306/3306 3372/3372/3372
f 3307/3307/3307 3372/3372/3372 3306/3306/3306
f 3372/3372/3372 3307/3307/3307 3373/3373/3373
f 3308/3308/3308 3373/3373/3373 3307/3307/3307
f 3373/3373/3373 3308/3308/3308 3374/3374/3374
f 3309/3309/3309 3374/3374/3374 3308/3308/3308
f 3374/3374/3374 3309/3309/3309 3375/3375/3375
f 3310/3310/3310 3375/3375/3375 3309/3309/3309
f 3375/3375/3375 3310/3310/3310 3376/3376/3376
f 3311/3311/3311 3376/3376/3376 3310/3310/3310
f 3376/3376/3376 3311/3311/3311 3377/3377/3377
f 3312/3312/3312 3377/3377/3377 3311/3311/3311
f 3377/3377/3377 3312/3312/3312 3378/3378/3378
f 3313/3313/3313 3378/3378/3378 3312/3312/3312
f 3378/3378/3378 3313/3313/3313 3379/3379/3379
f 3314/3314/3314 3379/3379/3379 3313/3313/3313
f 3379/3379/3379 3314/3314/3314 3380/3380/3380
f 3315/3315/3315 3380/3380/3380 3314/3314/3314
f 3381/3381/3381 3316/3316/3316 3382/3382/3382
f 3317/3317/3317 3382/3382/3382 3316/3316/3316
f 3382/3382/3382 3317/3317/3317 3383/3383/3383
f 3318/3318/3318 3383/3383/3383 3317/3317/3317
f 3383/3383/3383 3318/3318/3318 3384/3384/3384
f 3319/3319/3319 3384/3384/3384 3318/3318/3318
f 3384/3384/3384 3319/3319/3319 3385/3385/3385
f 3320/3320/3320 3385/3385/3385 3319/3319/3319
f 3385/3385/3385 3320/3320/3320 3386/3386/3386
f 3321/3321/3321 3386/3386/3386 3320/3320/3320
f 3386/3386/3386 3321/3321/3321 3387/3387/3387
f 3322/3322/3322 3387/3387/3387 3321/3321/3321
f 3387/3387/3387 3322/3322/3322 3388/3388/3388
f 3323/3323/3323 3388/3388/3388 3322/3322/3322
f 3388/3388/3388 3323/3323/3323 3389/3389/3389
f 3324/3324/3324 3389/3389/3389 3323/3323/3323
f 3389/3389/3389 3324/3324/3324 3390/3390/3390
f 3325/3325/3325 3390/3390/3390 3324/3324/3324
f 3390/3390/3390 3325/3325/3325 3391/3391/3391
f 3326/3326/3326 3391/3391/3391 3325/3325/3325
f 3391/3391/3391 3326/3326/3326 3392/3392/3392
f 3327/3327/3327 3392/3392/3392 3326/3326/3326
f 3392/3392/3392 3327/3327/3327 3393/3393/3393
f 3328/3328/3328 3393/3393/3393 3327/3327/3327
f 3393/3393/3393 3328/3328/3328 3394/3394/3394
f 3329/3329/3329 3394/3394/3394 3328/3328/3328
f 3394/3394/3394 3329/3329/3329 3395/3395/3395
f 3330/3330/3330 3395/3395/3395 3329/3329/3329
f 3395/3395/3395 3330/3330/3330 3396/3396/3396
f 3331/3331/3331 3396/3396/3396 3330/3330/3330
f 3396/3396/3396 3331/3331/3331 3397/3397/3397
f 3332/3332/3332 3397/3397/3397 3331/3331/3331
f 3397/3397/3397 3332/3332/3332 3398/3398/3398
f 3333/3333/3333 3398/3398/3398 3332/3332/3332
f 3398/3398/3398 3333/3333/3333 3399/3399/3399
f 3334/3334/3334 3399/3399/3399 3333/3333/3333
f 3399/3399/3399 3334/3334/3334 3400/3400/3400
f 3335/3335/3335 3400/3400/3400 3334/3334/3334
f 3400/3400/3400 3335/3335/3335 3401/3401/3401
f 3336/3336/3336 3401/3401/3401 3335/3335/3335
f 3401/3401/3401 3336/3336/3336 3402/3402/3402
f 3337/3337/3337 3402/3402/3402 3336/3336/3336
f 3402/3402/3402 3337/3337/3337 3403/3403/3403
f 3338/3338/3338 3403/3403/3403 3337/3337/3337
f 3403/3403/3403 3338/3338/3338 3404/3404/3404
f 3339/3339/3339 3404/3404/3404 3338/3338/3338
f 3404/3404/3404 3339/3339/3339 3405/3405/3405
f 3340/3340/3340 3405/3405/3405 3339/3339/3339
f 3405/3405/3405 3340/3340/3340 3406/3406/3406
f 3341/3341/3341 3406/3406/3406 3340/3340/3340
f 3406/3406/3406 3341/3341/3341 3407/3407/3407
f 3342/3342/3342 3407/3407/3407 3341/3341/3341
f 3407/3407/3407 3342/3342/3342 3408/3408/3408
f 3343/3343/3343 3408/3408/3408 3342/3342/3342
f 3408/3408/3408 3343/3343/3343 3409/3409/3409
f 3344/3344/3344 3409/3409/3409 3343/3343/3343
f 3409/3409/3409 3344/3344/3344 3410/3410/3410
f 3345/3345/3345 3410/3410/3410 3344/3344/3344
f 3410/3410/3410 3345/3345/3345 3411/3411/3411
f 3346/3346/3346 3411/3411/3411 3345/3345/3345
f 3411/3411/3411 3346/3346/3346 3412/3412/3412
f 3347/3347/3347 3412/3412/3412 3346/3346/3346
f 3412/3412/3412 3347/3347/3347 3413/3413/3413
f 3348/3348/3348 3413/3413/3413 3347/3347/3347
f 3413/3413/3413 3348/3348/3348 3414/3414/3414
f 3349/3349/3349 3414/3414/3414 3348/3348/3348
f 3414/3414/3414 3349/3349/3349 3415/3415/3415
f 3350/3350/3350 3415/3415/3415 3349/3349/3349
f 3415/3415/3415 3350/3350/3350 3416/3416/3416
f 3351/3351/3351 3416/3416/3416 3350/3350/3350
f 3416/3416/3416 3351/3351/3351 3417/3417/3417
f 3352/3352/3352 3417/3417/3417 3351/3351/3351
f 3417/3417/3417 3352/3352/3352 3418/3418/3418
f 3353/3353/3353 3418/3418/3418 3352/3352/3352
f 3418/3418/3418 3353/3353/3353 3419/3419/3419
f 3354/3354/3354 3419/3419/3419 3353/3353/3353
f 3419/3419/3419 3354/3354/3354 3420/3420/3420
f 3355/3355/3355 3420/3420/3420 3354/3354/3354
f 3420/3420/3420 3355/3355/3355 3421/3421/3421
f 3356/3356/3356 3421/3421/3421 3355/3355/3355
f 3421/3421/3421 3356/3356/3356 3422/3422/3422
f 3357/3357/3357 3422/3422/3422 3356/3356/3356
f 3422/3422/3422 3357/3357/3357 3423/3423/3423
f 3358/3358/3358 3423/3423/3423 3357/3357/3357
f 3423/3423/3423 3358/3358/3358 3424/3424/3424
f 3359/3359/3359 3424/3424/3424 3358/3358/3358
f 3424/3424/3424 3359/3359/3359 3425/3425/3425
f 3360/3360/3360 3425/3425/3425 3359/3359/3359
f 3425/3425/3425 3360/3360/3360 3426/3426/3426
f 3361/3361/3361 3426/3426/3426 3360/3360/3360
f 3426/3426/3426 3361/3361/3361 3427/3427/3427
f 3362/3362/3362 3427/3427/3427 3361/3361/3361
f 3427/3427/3427 3362/3362/3362 3428/3428/3428
f 3363/3363/3363 3428/3428/3428 3362/3362/3362
f 3428/3428/3428 3363/3363/3363 3429/3429/3429
f 3364/3364/3364 3429/3429/3429 3363/3363/3363
f 3429/3429/3429 3364/3364/3364 3430/3430/3430
f 3365/3365/3365 3430/3430/3430 3364/3364/3364
f 3430/3430/3430 3365/3365/3365 3431/3431/3431
f 3366/3366/3366 3431/3431/3431 3365/3365/3365
f 3431/3431/3431 3366/3366/3366 3432/3432/3432
f 3367/3367/3367 3432/3432/3432 3366/3366/3366
f 3432/3432/3432 3367/3367/3367 3433/3433/3433
f 3368/3368/3368 3433/3433/3433 3367/3367/3367
f 3433/3433/3433 3368/3368/3368 3434/3434/3434
f 3369/3369/3369 3434/3434/3434 3368/3368/3368
f 3434/3434/3434 3369/3369/3369 3435/3435/3435
f 3370/3370/3370 3435/3435/3435 3369/3369/3369
f 3435/3435/3435 3370/3370/3370 3436/3436/3436
f 3371/3371/3371 3436/3436/3436 3370/3370/3370
f 3436/3436/3436 3371/3371/3371 3437/3437/3437
f 3372/3372/3372 3437/3437/3437 3371/3371/3371
f 3437/3437/3437 3372/3372/3372 3438/3438/3438
f 3373/3373/3373 3438/3438/3438 3372/3372/3372
f 3438/3438/3438 3373/3373/3373 3439/3439/3439
f 3374/3374/3374 3439/3439/3439 3373/3373/3373
f 3439/3439/3439 3374/3374/3374 3440/3440/3440
f 3375/3375/3375 3440/3440/3440 3374/3374/3374
f 3440/3440/3440 3375/3375/3375 3441/3441/3441
f 3376/3376/3376 3441/3441/3441 3375/3375/3375
f 3441/3441/3441 3376/3376/3376 3442/3442/3442
f 3377/3377/3377 3442/3442/3442 3376/3376/3376
f 3442/3442/3442 3377/3377/3377 3443/3443/3443
f 3378/3378/3378 3443/3443/3443 3377/3377/3377
f 3443/3443/3443 3378/3378/3378 3444/3444/3444
f 3379/3379/3379 3444/3444/3444 3378/3378/3378
f 3444/3444/3444 3379/3379/3379 3445/3445/3445
f 3380/3380/3380 3445/3445/3445 3379/3379/3379
f 3446/3446/3446 3381/3381/3381 3447/3447/3447
f 3382/3382/3382 3447/3447/3447 3381/3381/3381
f 3447/3447/3447 3382/3382/3382 3448/3448/3448
f 3383/3383/3383 3448/3448/3448 3382/3382/3382
f 3448/3448/3448 3383/3383/3383 3449/3449/3449
f 3384/3384/3384 3449/3449/3449 3383/3383/3383
f 3449/3449/3449 3384/3384/3384 3450/3450/3450
f 3385/3385/3385 3450/3450/3450 3384/3384/3384
f 3450/3450/3450 3385/3385/3385 3451/3451/3451
f 3386/3386/3386 3451/3451/3451 3385/3385/3385
f 3451/3451/3451 3386/3386/3386 3452/3452/3452
f 3387/3387/3387 3452/3452/3452 3386/3386/3386
f 3452/3452/3452 3387/3387/3387 3453/3453/3453
f 3388/3388/3388 3453/3453/3453 3387/3387/3387
f 3453/3453/3453 3388/3388/3388 3454/3454/3454
f 3389/3389/3389 3454/3454/3454 3388/3388/3388
f 3454/3454/3454 3389/3389/3389 3455/3455/3455
f 3390/3390/3390 3455/3455/3455 3389/3389/3389
f 3455/3455/3455 3390/3390/3390 3456/3456/3456
f 3391/3391/3391 3456/3456/3456 3390/3390/3390
f 3456/3456/3456 3391/3391/3391 3457/3457/3457
f 3392/3392/3392 3457/3457/3457 3391/3391/3391
f 3457/3457/3457 3392/3392/3392 3458/3458/3458
f 3393/3393/3393 3458/3458/3458 3392/3392/3392
f 3458/3458/3458 3393/3393/3393 3459/3459/3459
f 3394/3394/3394 3459/3459/3459 3393/3393/3393
f 3459/3459/3459 3394/3394/3394 3460/3460/3460
f 3395/3395/3395 3460/3460/3460 3394/3394/3394
f 3460/3460/3460 3395/3395/3395 3461/3461/3461
f 3396/3396/3396 3461/3461/3461 3395/3395/3395
f 3461/3461/3461 3396/3396/3396 3462/3462/3462
f 3397/3397/3397 3462/3462/3462 3396/3396/3396
f 3462/3462/3462 3397/3397/3397 3463/3463/3463
f 3398/3398/3398 3463/3463/3463 3397/3397/3397
f 3463/3463/3463 3398/3398/3398 3464/3464/3464
f 3399/3399/3399 3464/3464/3464 3398/3398/3398
f 3464/3464/3464 3399/3399/3399 3465/3465/3465
f 3400/3400/3400 3465/3465/3465 3399/3399/3399
f 3465/3465/3465 3400/3400/3400 3466/3466/3466
f 3401/3401/3401 3466/3466/3466 3400/3400/3400
f 3466/3466/3466 3401/3401/3401 3467/3467/3467
f 3402/3402/3402 3467/3467/3467 3401/3401/3401
f 3467/3467/3467 3402/3402/3402 3468/3468/3468
f 3403/3403/3403 3468/3468/3468 3402/3402/3402
f 3468/3468/3468 3403/3403/3403 3469/3469/3469
f 3404/3404/3404 3469/3469/3469 3403/3403/3403
f 3469/3469/3469 3404/3404/3404 3470/3470/3470
f 3405/3405/3405 3470/3470/3470 3404/3404/3404
f 3470/3470/3470 3405/3405/3405 3471/3471/3471
f 3406/3406/3406 3471/3471/3471 3405/3405/3405
f 3471/3471/3471 3406/3406/3406 3472/3472/3472
f 3407/3407/3407 3472/3472/3472 3406/3406/3406
f 3472/3472/3472 3407/3407/3407 3473/3473/3473
f 3408/3408/3408 3473/3473/3473 3407/3407/3407
f 3473/3473/3473 3408/3408/3408 3474/3474/3474
f 3409/3409/3409 3474/3474/3474 3408/3408/3408
f 3474/3474/3474 3409/3409/3409 3475/3475/3475
f 3410/3410/3410 3475/3475/3475 3409/3409/3409
f 3475/3475/3475 3410/3410/3410 3476/3476/3476
f 3411/3411/3411 3476/3476/3476 3410/3410/3410
f 3476/3476/3476 3411/3411/3411 3477/3477/3477
f 3412/3412/3412 3477/3477/3477 3411/3411/3411
f 3477/3477/3477 3412/3412/3412 3478/3478/3478
f 3413/3413/3413 3478/3478/3478 3412/3412/3412
f 3478/3478/3478 3413/3413/3413 3479/3479/3479
f 3414/3414/3414 3479/3479/3479 3413/3413/3413
f 3479/3479/3479 3414/3414/3414 3480/3480/3480
f 3415/3415/3415 3480/3480/3480 3414/3414/3414
f 3480/3480/3480 3415/3415/3415 3481/3481/3481
f 3416/3416/3416 3481/3481/3481 3415/3415/3415
f 3481/3481/3481 3416/3416/3416 3482/3482/3482
f 3417/3417/3417 3482/3482/3482 3416/3416/3416
f 3482/3482/3482 3417/3417/3417 3483/3483/3483
f 3418/3418/3418 3483/3483/3483 3417/3417/3417
f 3483/3483/3483 3418/3418/3418 3484/3484/3484
f 3419/3419/3419 3484/3484/3484 3418/3418/3418
f 3484/3484/3484 3419/3419/3419 3485/3485/3485
f 3420/3420/3420 3485/3485/3485 3419/3419/3419
f 3485/3485/3485 3420/3420/3420 3486/3486/3486
f 3421/3421/3421 3486/3486/3486 3420/3420/3420
f 3486/3486/3486 3421/3421/3421 3487/3487/3487
f 3422/3422/3422 3487/3487/3487 3421/3421/3421
f 3487/3487/3487 3422/3422/3422 3488/3488/3488
f 3423/3423/3423 3488/3488/3488 3422/3422/3422
f 3488/3488/3488 3423/3423/3423 3489/3489/3489
f 3424/3424/3424 3489/3489/3489 3423/3423/3423
f 3489/3489/3489 3424/3424/3424 3490/3490/3490
f 3425/3425/3425 3490/3490/3490 3424/3424/3424
f 3490/3490/3490 3425/3425/3425 3491/3491/3491
f 3426/3426/3426 3491/3491/3491 3425/3425/3425
f 3491/3491/3491 3426/3426/3426 3492/3492/3492
f 3427/3427/3427 3492/3492/3492 3426/3426/3426
f 3492/3492/3492 3427/3427/3427 3493/3493/3493
f 3428/3428/3428 3493/3493/3493 3427/3427/3427
f 3493/3493/3493 3428/3428/3428 3494/3494/3494
f 3429/3429/3429 3494/3494/3494 3428/3428/3428
f 3494/3494/3494 3429/3429/3429 3495/3495/3495
f 3430/3430/3430 3495/3495/3495 3429/3429/3429
f 3495/3495/3495 3430/3430/3430 3496/3496/3496
f 3431/3431/3431 3496/3496/3496 3430/3430/3430
f 3496/3496/3496 3431/3431/3431 3497/3497/3497
f 3432/3432/3432 3497/3497/3497 3431/3431/3431
f 3497/3497/3497 3432/3432/3432 3498/3498/3498
f 3433/3433/3433 3498/3498/3498 3432/3432/3432
f 3498/3498/3498 3433/3433/3433 3499/3499/3499
f 3434/3434/3434 3499/3499/3499 3433/3433/3433
f 3499/3499/3499 3434/3434/3434 3500/3500/3500
f 3435/3435/3435 3500/3500/3500 3434/3434/3434
f 3500/3500/3500 3435/3435/3435 3501/3501/3501
f 3436/3436/3436 3501/3501/3501 3435/3435/3435
f 3501/3501/3501 3436/3436/3436 3502/3502/3502
f 3437/3437/3437 3502/3502/3502 3436/3436/3436
f 3502/3502/3502 3437/3437/3437 3503/3503/3503
f 3438/3438/3438 3503/3503/3503 3437/3437/3437
f 3503/3503/3503 3438/3438/3438 3504/3504/3504
f 3439/3439/3439 3504/3504/3504 3438/3438/3438
f 3504/3504/3504 3439/3439/3439 3505/3505/3505
f 3440/3440/3440 3505/3505/3505 3439/3439/3439
f 3505/3505/3505 3440/3440/3440 3506/3506/3506
f 3441/3441/3441 3506/3506/3506 3440/3440/3440
f 3506/3506/3506 3441/3441/3441 3507/3507/3507
f 3442/3442/3442 3507/3507/3507 3441/3441/3441
f 3507/3507/3507 3442/3442/3442 3508/3508/3508
f 3443/3443/3443 3508/3508/3508 3442/3442/3442
f 3508/3508/3508 3443/3443/3443 3509/3509/3509
f 3444/3444/3444 3509/3509/3509 3443/3443/3443
f 3509/3509/3509 3444/3444/3444 3510/3510/3510
f 3445/3445/3445 3510/3510/3510 3444/3444/3444
f 3511/3511/3511 3446/3446/3446 3512/3512/3512
f 3447/3447/3447 3512/3512/3512 3446/3446/3446
f 3512/3512/3512 3447/3447/3447 3513/3513/3513
f 3448/3448/3448 3513/3513/3513 3447/3447/3447
f 3513/3513/3513 3448/3448/3448 3514/3514/3514
f 3449/3449/3449 3514/3514/3514 3448/3448/3448
f 3514/3514/3514 3449/3449/3449 3515/3515/3515
f 3450/3450/3450 3515/3515/3515 3449/3449/3449
f 3515/3515/3515 3450/3450/3450 3516/3516/3516
f 3451/3451/3451 3516/3516/3516 3450/3450/3450
f 3516/3516/3516 3451/3451/3451 3517/3517/3517
f 3452/3452/3452 3517/3517/3517 3451/3451/3451
f 3517/3517/3517 3452/3452/3452 3518/3518/3518
f 3453/3453/3453 3518/3518/3518 3452/3452/3452
f 3518/3518/3518 3453/3453/3453 3519/3519/3519
f 3454/3454/3454 3519/3519/3519 3453/3453/3453
f 3519/3519/3519 3454/3454/3454 3520/3520/3520
f 3455/3455/3455 3520/3520/3520 3454/3454/3454
f 3520/3520/3520 3455/3455/3455 3521/3521/3521
f 3456/3456/3456 3521/3521/3521 3455/3455/3455
f 3521/3521/3521 3456/3456/3456 3522/3522/3522
f 3457/3457/3457 3522/3522/3522 3456/3456/3456
f 3522/3522/3522 3457/3457/3457 3523/3523/3523
f 3458/3458/3458 3523/3523/3523 3457/3457/3457
f 3523/3523/3523 3458/3458/3458 3524/3524/3524
f 3459/3459/3459 3524/3524/3524 3458/3458/3458
f 3524/3524/3524 3459/3459/3459 3525/3525/3525
f 3460/3460/3460 3525/3525/3525 3459/3459/3459
f 3525/3525/3525 3460/3460/3460 3526/3526/3526
f 3461/3461/3461 3526/3526/3526 3460/3460/3460
f 3526/3526/3526 3461/3461/3461 3527/3527/3527
f 3462/3462/3462 3527/3527/3527 3461/3461/3461
f 3527/3527/3527 3462/3462/3462 3528/3528/3528
f 3463/3463/3463 3528/3528/3528 3462/3462/3462
f 3528/3528/3528 3463/3463/3463 3529/3529/3529
f 3464/3464/3464 3529/3529/3529 3463/3463/3463
f 3529/3529/3529 3464/3464/3464 3530/3530/3530
f 3465/3465/3465 3530/3530/3530 3464/3464/3464
f 3530/3530/3530 3465/3465/3465 3531/3531/3531
f 3466/3466/3466 3531/3531/3531 3465/3465/3465
f 3531/3531/3531 3466/3466/3466 3532/3532/3532
f 3467/3467/3467 3532/3532/3532 3466/3466/3466
f 3532/3532/3532 3467/3467/3467 3533/3533/3533
f 3468/3468/3468 3533/3533/3533 3467/3467/3467
f 3533/3533/3533 3468/3468/3468 3534/3534/3534
f 3469/3469/3469 3534/3534/3534 3468/3468/3468
f 3534/3534/3534 3469/3469/3469 3535/3535/3535
f 3470/3470/3470 3535/3535/3535 3469/3469/3469
f 3535/3535/3535 3470/3470/3470 3536/3536/3536
f 3471/3471/3471 3536/3536/3536 3470/3470/3470
f 3536/3536/3536 3471/3471/3471 3537/3537/3537
f 3472/3472/3472 3537/3537/3537 3471/3471/3471
f 3537/3537/3537 3472/3472/3472 3538/3538/3538
f 3473/3473/3473 3538/3538/3538 3472/3472/3472
f 3538/3538/3538 3473/3473/3473 3539/3539/3539
f 3474/3474/3474 3539/3539/3539 3473/3473/3473
f 3539/3539/3539 3474/3474/3474 3540/3540/3540
f 3475/3475/3475 3540/3540/3540 3474/3474/3474
f 3540/3540/3540 3475/3475/3475 3541/3541/3541
f 3476/3476/3476 3541/3541/3541 3475/3475/3475
f 3541/3541/3541 3476/3476/3476 3542/3542/3542
f 3477/3477/3477 3542/3542/3542 3476/3476/3476
f 3542/3542/3542 3477/3477/3477 3543/3543/3543
f 3478/3478/3478 3543/3543/3543 3477/3477/3477
f 3543/3543/3543 3478/3478/3478 3544/3544/3544
f 3479/3479/3479 3544/3544/3544 3478/3478/3478
f 3544/3544/3544 3479/3479/3479 3545/3545/3545
f 3480/3480/3480 3545/3545/3545 3479/3479/3479
f 3545/3545/3545 3480/3480/3480 3546/3546/3546
f 3481/3481/3481 3546/3546/3546 3480/3480/3480
f 3546/3546/3546 3481/3481/3481 3547/3547/3547
f 3482/3482/3482 3547/3547/3547 3481/3481/3481
f 3547/3547/3547 3482/3482/3482 3548/3548/3548
f 3483/3483/3483 3548/3548/3548 3482/3482/3482
f 3548/3548/3548 3483/3483/3483 3549/3549/3549
f 3484/3484/3484 3549/3549/3549 3483/3483/3483
f 3549/3549/3549 3484/3484/3484 3550/3550/3550
f 3485/3485/3485 3550/3550/3550 3484/3484/3484
f 3550/3550/3550 3485/3485/3485 3551/3551/3551
f 3486/3486/3486 3551/3551/3551 3485/3485/3485
f 3551/3551/3551 3486/3486/3486 3552/3552/3552
f 3487/3487/3487 3552/3552/3552 3486/3486/3486
f 3552/3552/3552 3487/3487/3487 3553/3553/3553
f 3488/3488/3488 3553/3553/3553 3487/3487/3487
f 3553/3553/3553 3488/3488/3488 3554/3554/3554
f 3489/3489/3489 3554/3554/3554 3488/3488/3488
f 3554/3554/3554 3489/3489/3489 3555/3555/3555
f 3490/3490/3490 3555/3555/3555 3489/3489/3489
f 3555/3555/3555 3490/3490/3490 3556/3556/3556
f 3491/3491/3491 3556/3556/3556 3490/3490/3490
f 3556/3556/3556 3491/3491/3491 3557/3557/3557
f 3492/3492/3492 3557/3557/3557 3491/3491/3491
f 3557/3557/3557 3492/3492/3492 3558/3558/3558
f 3493/3493/3493 3558/3558/3558 3492/3492/3492
f 3558/3558/3558 3493/3493/3493 3559/3559/3559
f 3494/3494/3494 3559/3559/3559 3493/3493/3493
f 3559/3559/3559 3494/3494/3494 3560/3560/3560
f 3495/3495/3495 3560/3560/3560 3494/3494/3494
f 3560/3560/3560 3495/3495/3495 3561/3561/3561
f 3496/3496/3496 3561/3561/3561 3495/3495/3495
f 3561/3561/3561 3496/3496/3496 3562/3562/3562
f 3497/3497/3497 3562/3562/3562 3496/3496/3496
f 3562/3562/3562 3497/3497/3497 3563/3563/3563
f 3498/3498/3498 3563/3563/3563 3497/3497/3497
f 3563/3563/3563 3498/3498/3498 3564/3564/3564
f 3499/3499/3499 3564/3564/3564 3498/3498/3498
f 3564/3564/3564 3499/3499/3499 3565/3565/3565
f 3500/3500/3500 3565/3565/3565 3499/3499/3499
f 3565/3565/3565 3500/3500/3500 3566/3566/3566
f 3501/3501/3501 3566/3566/3566 3500/3500/3500
f 3566/3566/3566 3501/3501/3501 3567/3567/3567
f 3502/3502/3502 3567/3567/3567 3501/3501/3501
f 3567/3567/3567 3502/3502/3502 3568/3568/3568
f 3503/3503/3503 3568/3568/3568 3502/3502/3502
f 3568/3568/3568 3503/3503/3503 3569/3569/3569
f 3504/3504/3504 3569/3569/3569 3503/3503/3503
f 3569/3569/3569 3504/3504/3504 3570/3570/3570
f 3505/3505/3505 3570/3570/3570 3504/3504/3504
f 3570/3570/3570 3505/3505/3505 3571/3571/3571
f 3506/3506/3506 3571/3571/3571 3505/3505/3505
f 3571/3571/3571 3506/3506/3506 3572/3572/3572
f 3507/3507/3507 3572/3572/3572 3506/3506/3506
f 3572/3572/3572 3507/3507/3507 3573/3573/3573
f 3508/3508/3508 3573/3573/3573 3507/3507/3507
f 3573/3573/3573 3508/3508/3508 3574/3574/3574
f 3509/3509/3509 3574/3574/3574 3508/3508/3508
f 3574/3574/3574 3509/3509/3509 3575/3575/3575
f 3510/3510/3510 3575/3575/3575 3509/3509/3509
f 3576/3576/3576 3511/3511/3511 3577/3577/3577
f 3512/3512/3512 3577/3577/3577 3511/3511/3511
f 3577/3577/3577 3512/3512/3512 3578/3578/3578
f 3513/3513/3513 3578/3578/3578 3512/3512/3512
f 3578/3578/3578 3513/3513/3513 3579/3579/3579
f 3514/3514/3514 3579/3579/3579 3513/3513/3513
f 3579/3579/3579 3514/3514/3514 3580/3580/3580
f 3515/3515/3515 3580/3580/3580 3514/3514/3514
f 3580/3580/3580 3515/3515/3515 3581/3581/3581
f 3516/3516/3516 3581/3581/3581 3515/3515/3515
f 3581/3581/3581 3516/3516/3516 3582/3582/3582
f 3517/3517/3517 3582/3582/3582 3516/3516/3516
f 3582/3582/3582 3517/3517/3517 3583/3583/3583
f 3518/3518/3518 3583/3583/3583 3517/3517/3517
f 3583/3583/3583 3518/3518/3518 3584/3584/3584
f 3519/3519/3519 3584/3584/3584 3518/3518/3518
f 3584/3584/3584 3519/3519/3519 3585/3585/3585
f 3520/3520/3520 3585/3585/3585 3519/3519/3519
f 3585/3585/3585 3520/3520/3520 3586/3586/3586
f 3521/3521/3521 3586/3586/3586 3520/3520/3520
f 3586/3586/3586 3521/3521/3521 3587/3587/3587
f 3522/3522/3522 3587/3587/3587 3521/3521/3521
f 3587/3587/3587 3522/3522/3522 3588/3588/3588
f 3523/3523/3523 3588/3588/3588 3522/3522/3522
f 3588/3588/3588 3523/3523/3523 3589/3589/3589
f 3524/3524/3524 3589/3589/3589 3523/3523/3523
f 3589/3589/3589 3524/3524/3524 3590/3590/3590
f 3525/3525/3525 3590/3590/3590 3524/3524/3524
f 3590/3590/3590 3525/3525/3525 3591/3591/3591
f 3526/3526/3526 3591/3591/3591 3525/3525/3525
f 3591/3591/3591 3526/3526/3526 3592/3592/3592
f 3527/3527/3527 3592/3592/3592 3526/3526/3526
f 3592/3592/3592 3527/3527/3527 3593/3593/3593
f 3528/3528/3528 3593/3593/3593 3527/3527/3527
f 3593/3593/3593 3528/3528/3528 3594/3594/3594
f 3529/3529/3529 3594/3594/3594 3528/3528/3528
f 3594/3594/3594 3529/3529/3529 3595/3595/3595
f 3530/3530/3530 3595/3595/3595 3529/3529/3529
f 3595/3595/3595 3530/3530/3530 3596/3596/3596
f 3531/3531/3531 3596/3596/3596 3530/3530/3530
f 3596/3596/3596 3531/3531/3531 3597/3597/3597
f 3532/3532/3532 3597/3597/3597 3531/3531/3531
f 3597/3597/3597 3532/3532/3532 3598/3598/3598
f 3533/3533/3533 3598/3598/3598 3532/3532/3532
f 3598/3598/3598 3533/3533/3533 3599/3599/3599
f 3534/3534/3534 3599/3599/3599 3533/3533/3533
f 3599/3599/3599 3534/3534/3534 3600/3600/3600
f 3535/3535/3535 3600/3600/3600 3534/3534/3534
f 3600/3600/3600 3535/3535/3535 3601/3601/3601
f 3536/3536/3536 3601/3601/3601 3535/3535/3535
f 3601/3601/3601 3536/3536/3536 3602/3602/3602
f 3537/3537/3537 3602/3602/3602 3536/3536/3536
f 3602/3602/3602 3537/3537/3537 3603/3603/3603
f 3538/3538/3538 3603/3603/3603 3537/3537/3537
f 3603/3603/3603 3538/3538/3538 3604/3604/3604
f 3539/3539/3539 3604/3604/3604 3538/3538/3538
f 3604/3604/3604 3539/3539/3539 3605/3605/3605
f 3540/3540/3540 3605/3605/3605 3539/3539/3539
f 3605/3605/3605 3540/3540/3540 3606/3606/3606
f 3541/3541/3541 3606/3606/3606 3540/3540/3540
f 3606/3606/3606 3541/3541/3541 3607/3607/3607
f 3542/3542/3542 3607/3607/3607 3541/3541/3541
f 3607/3607/3607 3542/3542/3542 3608/3608/3608
f 3543/3543/3543 3608/3608/3608 3542/3542/3542
f 3608/3608/3608 3543/3543/3543 3609/3609/3609
f 3544/3544/3544 3609/3609/3609 3543/3543/3543
f 3609/3609/3609 3544/3544/3544 3610/3610/3610
f 3545/3545/3545 3610/3610/3610 3544/3544/3544
f 3610/3610/3610 3545/3545/3545 3611/3611/3611
f 3546/3546/3546 3611/3611/3611 3545/3545/3545
f 3611/3611/3611 3546/3546/3546 3612/3612/3612
f 3547/3547/3547 3612/3612/3612 3546/3546/3546
f 3612/3612/3612 3547/3547/3547 3613/3613/3613
f 3548/3548/3548 3613/3613/3613 3547/3547/3547
f 3613/3613/3613 3548/3548/3548 3614/3614/3614
f 3549/3549/3549 3614/3614/3614 3548/3548/3548
f 3614/3614/3614 3549/3549/3549 3615/3615/3615
f 3550/3550/3550 3615/3615/3615 3549/3549/3549
f 3615/3615/3615 3550/3550/3550 3616/3616/3616
f 3551/3551/3551 3616/3616/3616 3550/3550/3550
f 3616/3616/3616 3551/3551/3551 3617/3617/3617
f 3552/3552/3552 3617/3617/3617 3551/3551/3551
f 3617/3617/3617 3552/3552/3552 3618/3618/3618
f 3553/3553/3553 3618/3618/3618 3552/3552/3552
f 3618/3618/3618 3553/3553/3553 3619/3619/3619
f 3554/3554/3554 3619/3619/3619 3553/3553/3553
f 3619/3619/3619 3554/3554/3554 3620/3620/3620
f 3555/3555/3555 3620/3620/3620 3554/3554/3554
f 3620/3620/3620 3555/3555/3555 3621/3621/3621
f 3556/3556/3556 3621/3621/3621 3555/3555/3555
f 3621/3621/3621 3556/3556/3556 3622/3622/3622
f 3557/3557/3557 3622/3622/3622 3556/3556/3556
f 3622/3622/3622 3557/3557/3557 3623/3623/3623
f 3558/3558/3558 3623/3623/3623 3557/3557/3557
f 3623/3623/3623 3558/3558/3558 3624/3624/3624
f 3559/3559/3559 3624/3624/3624 3558/3558/3558
f 3624/3624/3624 3559/3559/3559 3625/3625/3625
f 3560/3560/3560 3625/3625/3625 3559/3559/3559
f 3625/3625/3625 3560/3560/3560 3626/3626/3626
f 3561/3561/3561 3626/3626/3626 3560/3560/3560
f 3626/3626/3626 3561/3561/3561 3627/3627/3627
f 3562/3562/3562 3627/3627/3627 3561/3561/3561
f 3627/3627/3627 3562/3562/3562 3628/3628/3628
f 3563/3563/3563 3628/3628/3628 3562/3562/3562
f 3628/3628/3628 3563/3563/3563 3629/3629/3629
f 3564/3564/3564 3629/3629/3629 3563/3563/3563
f 3629/3629/3629 3564/3564/3564 3630/3630/3630
f 3565/3565/3565 3630/3630/3630 3564/3564/3564
f 3630/3630/3630 3565/3565/3565 3631/3631/3631
f 3566/3566/3566 3631/3631/3631 3565/3565/3565
f 3631/3631/3631 3566/3566/3566 3632/3632/3632
f 3567/3567/3567 3632/3632/3632 3566/3566/3566
f 3632/3632/3632 3567/3567/3567 3633/3633/3633
f 3568/3568/3568 3633/3633/3633 3567/3567/3567
f 3633/3633/3633 3568/3568/3568 3634/3634/3634
f 3569/3569/3569 3634/3634/3634 3568/3568/3568
f 3634/3634/3634 3569/3569/3569 3635/3635/3635
f 3570/3570/3570 3635/3635/3635 3569/3569/3569
f 3635/3635/3635 3570/3570/3570 3636/3636/3636
f 3571/3571/3571 3636/3636/3636 3570/3570/3570
f 3636/3636/3636 3571/3571/3571 3637/3637/3637
f 3572/3572/3572 3637/3637/3637 3571/3571/3571
f 3637/3637/3637 3572/3572/3572 3638/3638/3638
f 3573/3573/3573 3638/3638/3638 3572/3572/3572
f 3638/3638/3638 3573/3573/3573 3639/3639/3639
f 3574/3574/3574 3639/3639/3639 3573/3573/3573
f 3639/3639/3639 3574/3574/3574 3640/3640/3640
f 3575/3575/3575 3640/3640/3640 3574/3574/3574
f 3641/3641/3641 3576/3576/3576 3642/3642/3642
f 3577/3577/3577 3642/3642/3642 3576/3576/3576
f 3642/3642/3642 3577/3577/3577 3643/3643/3643
f 3578/3578/3578 3643/3643/3643 3577/3577/3577
f 3643/3643/3643 3578/3578/3578 3644/3644/3644
f 3579/3579/3579 3644/3644/3644 3578/3578/3578
f 3644/3644/3644 3579/3579/3579 3645/3645/3645
f 3580/3580/3580 3645/3645/3645 3579/3579/3579
f 3645/3645/3645 3580/3580/3580 3646/3646/3646
f 3581/3581/3581 3646/3646/3646 3580/3580/3580
f 3646/3646/3646 3581/3581/3581 3647/3647/3647
f 3582/3582/3582 3647/3647/3647 3581/3581/3581
f 3647/3647/3647 3582/3582/3582 3648/3648/3648
f 3583/3583/3583 3648/3648/3648 3582/3582/3582
f 3648/3648/3648 3583/3583/3583 3649/3649/3649
f 3584/3584/3584 3649/3649/3649 3583/3583/3583
f 3649/3649/3649 3584/3584/3584 3650/3650/3650
f 3585/3585/3585 3650/3650/3650 3584/3584/3584
f 3650/3650/3650 3585/3585/3585 3651/3651/3651
f 3586/3586/3586 3651/3651/3651 3585/3585/3585
f 3651/3651/3651 3586/3586/3586 3652/3652/3652
f 3587/3587/3587 3652/3652/3652 3586/3586/3586
f 3652/3652/3652 3587/3587/3587 3653/3653/3653
f 3588/3588/3588 3653/3653/3653 3587/3587/3587
f 3653/3653/3653 3588/3588/3588 3654/3654/3654
f 3589/3589/3589 3654/3654/3654 3588/3588/3588
f 3654/3654/3654 3589/3589/3589 3655/3655/3655
f 3590/3590/3590 3655/3655/3655 3589/3589/3589
f 3655/3655/3655 3590/3590/3590 3656/3656/3656
f 3591/3591/3591 3656/3656/3656 3590/3590/3590
f 3656/3656/3656 3591/3591/3591 3657/3657/3657
f 3592/3592/3592 3657/3657/3657 3591/3591/3591
f 3657/3657/3657 3592/3592/3592 3658/3658/3658
f 3593/3593/3593 3658/3658/3658 3592/3592/3592
f 3658/3658/3658 3593/3593/3593 3659/3659/3659
f 3594/3594/3594 3659/3659/3659 3593/3593/3593
f 3659/3659/3659 3594/3594/3594 3660/3660/3660
f 3595/3595/3595 3660/3660/3660 3594/3594/3594
f 3660/3660/3660 3595/3595/3595 3661/3661/3661
f 3596/3596/3596 3661/3661/3661 3595/3595/3595
f 3661/3661/3661 3596/3596/3596 3662/3662/3662
f 3597/3597/3597 3662/3662/3662 3596/3596/3596
f 3662/3662/3662 3597/3597/3597 3663/3663/3663
f 3598/3598/3598 3663/3663/3663 3597/3597/3597
f 3663/3663/3663 3598/3598/3598 3664/3664/3664
f 3599/3599/3599 3664/3664/3664 3598/3598/3598
f 3664/3664/3664 3599/3599/3599 3665/3665/3665
f 3600/3600/3600 3665/3665/3665 3599/3599/3599
f 3665/3665/3665 3600/3600/3600 3666/3666/3666
f 3601/3601/3601 3666/3666/3666 3600/3600/3600
f 3666/3666/3666 3601/3601/3601 3667/3667/3667
f 3602/3602/3602 3667/3667/3667 3601/3601/3601
f 3667/3667/3667 3602/3602/3602 3668/3668/3668
f 3603/3603/3603 3668/3668/3668 3602/3602/3602
f 3668/3668/3668 3603/3603/3603 3669/3669/3669
f 3604/3604/3604 3669/3669/3669 3603/3603/3603
f 3669/3669/3669 3604/3604/3604 3670/3670/3670
f 3605/3605/3605 3670/3670/3670 3604/3604/3604
f 3670/3670/3670 3605/3605/3605 3671/3671/3671
f 3606/3606/3606 3671/3671/3671 3605/3605/3605
f 3671/3671/3671 3606/3606/3606 3672/3672/3672
f 3607/3607/3607 3672/3672/3672 3606/3606/3606
f 3672/3672/3672 3607/3607/3607 3673/3673/3673
f 3608/3608/3608 3673/3673/3673 3607/3607/3607
f 3673/3673/3673 3608/3608/3608 3674/3674/3674
f 3609/3609/3609 3674/3674/3674 3608/3608/3608
f 3674/3674/3674 3609/3609/3609 3675/3675/3675
f 3610/3610/3610 3675/3675/3675 3609/3609/3609
f 3675/3675/3675 3610/3610/3610 3676/3676/3676
f 3611/3611/3611 3676/3676/3676 3610/3610/3610
f 3676/3676/3676 3611/3611/3611 3677/3677/3677
f 3612/3612/3612 3677/3677/3677 3611/3611/3611
f 3677/3677/3677 3612/3612/3612 3678/3678/3678
f 3613/3613/3613 3678/3678/3678 3612/3612/3612
f 3678/3678/3678 3613/3613/3613 3679/3679/3679
f 3614/3614/3614 3679/3679/3679 3613/3613/3613
f 3679/3679/3679 3614/3614/3614 3680/3680/3680
f 3615/3615/3615 3680/3680/3680 3614/3614/3614
f 3680/3680/3680 3615/3615/3615 3681/3681/3681
f 3616/3616/3616 3681/3681/3681 3615/3615/3615
f 3681/3681/3681 3616/3616/3616 3682/3682/3682
f 3617/3617/3617 3682/3682/3682 3616/3616/3616
f 3682/3682/3682 3617/3617/3617 3683/3683/3683
f 3618/3618/3618 3683/3683/3683 3617/3617/3617
f 3683/3683/3683 3618/3618/3618 3684/3684/3684
f 3619/3619/3619 3684/3684/3684 3618/3618/3618
f 3684/3684/3684 3619/3619/3619 3685/3685/3685
f 3620/3620/3620 3685/3685/3685 3619/3619/3619
f 3685/3685/3685 3620/3620/3620 3686/3686/3686
f 3621/3621/3621 3686/3686/3686 3620/3620/3620
f 3686/3686/3686 3621/3621/3621 3687/3687/3687
f 3622/3622/3622 3687/3687/3687 3621/3621/3621
f 3687/3687/3687 3622/3622/3622 3688/3688/3688
f 3623/3623/3623 3688/3688/3688 3622/3622/3622
f 3688/3688/3688 3623/3623/3623 3689/3689/3689
f 3624/3624/3624 3689/3689/3689 3623/3623/3623
f 3689/3689/3689 3624/3624/3624 3690/3690/3690
f 3625/3625/3625 3690/3690/3690 3624/3624/3624
f 3690/3690/3690 3625/3625/3625 3691/3691/3691
f 3626/3626/3626 3691/3691/3691 3625/3625/3625
f 3691/3691/3691 3626/3626/3626 3692/3692/3692
f 3627/3627/3627 3692/3692/3692 3626/3626/3626
f 3692/3692/3692 3627/3627/3627 3693/3693/3693
f 3628/3628/3628 3693/3693/3693 3627/3627/3627
f 3693/3693/3693 3628/3628/3628 3694/3694/3694
f 3629/3629/3629 3694/3694/3694 3628/3628/3628
f 3694/3694/3694 3629/3629/3629 3695/3695/3695
f 3630/3630/3630 3695/3695/3695 3629/3629/3629
f 3695/3695/3695 3630/3630/3630 3696/3696/3696
f 3631/3631/3631 3696/3696/3696 3630/3630/3630
f 3696/3696/3696 3631/3631/3631 3697/3697/3697
f 3632/3632/3632 3697/3697/3697 3631/3631/3631
f 3697/3697/3697 3632/3632/3632 3698/3698/3698
f 3633/3633/3633 3698/3698/3698 3632/3632/3632
f 3698/3698/3698 3633/3633/3633 3699/3699/3699
f 3634/3634/3634 3699/3699/3699 3633/3633/3633
f 3699/3699/3699 3634/3634/3634 3700/3700/3700
f 3635/3635/3635 3700/3700/3700 3634/3634/3634
f 3700/3700/3700 3635/3635/3635 3701/3701/3701
f 3636/3636/3636 3701/3701/3701 3635/3635/3635
f 3701/3701/3701 3636/3636/3636 3702/3702/3702
f 3637/3637/3637 3702/3702/3702 3636/3636/3636
f 3702/3702/3702 3637/3637/3637 3703/3703/3703
f 3638/3638/3638 3703/3703/3703 3637/3637/3637
f 3703/3703/3703 3638/3638/3638 3704/3704/3704
f 3639/3639/3639 3704/3704/3704 3638/3638/3638
f 3704/3704/3704 3639/3639/3639 3705/3705/3705
f 3640/3640/3640 3705/3705/3705 3639/3639/3639
f 3706/3706/3706 3641/3641/3641 3707/3707/3707
f 3642/3642/3642 3707/3707/3707 3641/3641/3641
f 3707/3707/3707 3642/3642/3642 3708/3708/3708
f 3643/3643/3643 3708/3708/3708 3642/3642/3642
f 3708/3708/3708 3643/3643/3643 3709/3709/3709
f 3644/3644/3644 3709/3709/3709 3643/3643/3643
f 3709/3709/3709 3644/3644/3644 3710/3710/3710
f 3645/3645/3645 3710/3710/3710 3644/3644/3644
f 3710/3710/3710 3645/3645/3645 3711/3711/3711
f 3646/3646/3646 3711/3711/3711 3645/3645/3645
f 3711/3711/3711 3646/3646/3646 3712/3712/3712
f 3647/3647/3647 3712/3712/3712 3646/3646/3646
f 3712/3712/3712 3647/3647/3647 3713/3713/3713
f 3648/3648/3648 3713/3713/3713 3647/3647/3647
f 3713/3713/3713 3648/3648/3648 3714/3714/3714
f 3649/3649/3649 3714/3714/3714 3648/3648/3648
f 3714/3714/3714 3649/3649/3649 3715/3715/3715
f 3650/3650/3650 3715/3715/3715 3649/3649/3649
f 3715/3715/3715 3650/3650/3650 3716/3716/3716
f 3651/3651/3651 3716/3716/3716 3650/3650/3650
f 3716/3716/3716 3651/3651/3651 3717/3717/3717
f 3652/3652/3652 3717/3717/3717 3651/3651/3651
f 3717/3717/3717 3652/3652/3652 3718/3718/3718
f 3653/3653/3653 3718/3718/3718 3652/3652/3652
f 3718/3718/3718 3653/3653/3653 3719/3719/3719
f 3654/3654/3654 3719/3719/3719 3653/3653/3653
f 3719/3719/3719 3654/3654/3654 3720/3720/3720
f 3655/3655/3655 3720/3720/3720 3654/3654/3654
f 3720/3720/3720 3655/3655/3655 3721/3721/3721
f 3656/3656/3656 3721/3721/3721 3655/3655/3655
f 3721/3721/3721 3656/3656/3656 3722/3722/3722
f 3657/3657/3657 3722/3722/3722 3656/3656/3656
f 3722/3722/3722 3657/3657/3657 3723/3723/3723
f 3658/3658/3658 3723/3723/3723 3657/3657/3657
f 3723/3723/3723 3658/3658/3658 3724/3724/3724
f 3659/3659/3659 3724/3724/3724 3658/3658/3658
f 3724/3724/3724 3659/3659/3659 3725/3725/3725
f 3660/3660/3660 3725/3725/3725 3659/3659/3659
f 3725/3725/3725 3660/3660/3660 3726/3726/3726
f 3661/3661/3661 3726/3726/3726 3660/3660/3660
f 3726/3726/3726 3661/3661/3661 3727/3727/3727
f 3662/3662/3662 3727/3727/3727 3661/3661/3661
f 3727/3727/3727 3662/3662/3662 3728/3728/3728
f 3663/3663/3663 3728/3728/3728 3662/3662/3662
f 3728/3728/3728 3663/3663/3663 3729/3729/3729
f 3664/3664/3664 3729/3729/3729 3663/3663/3663
f 3729/3729/3729 3664/3664/3664 3730/3730/3730
f 3665/3665/3665 3730/3730/3730 3664/3664/3664
f 3730/3730/3730 3665/3665/3665 3731/3731/3731
f 3666/3666/3666 3731/3731/3731 3665/3665/3665
f 3731/3731/3731 3666/3666/3666 3732/3732/3732
f 3667/3667/3667 3732/3732/3732 3666/3666/3666
f 3732/3732/3732 3667/3667/3667 3733/3733/3733
f 3668/3668/3668 3733/3733/3733 3667/3667/3667
f 3733/3733/3733 3668/3668/3668 3734/3734/3734
f 3669/3669/3669 3734/3734/3734 3668/3668/3668
f 3734/3734/3734 3669/3669/3669 3735/3735/3735
f 3670/3670/3670 3735/3735/3735 3669/3669/3669
f 3735/3735/3735 3670/3670/3670 3736/3736/3736
f 3671/3671/3671 3736/3736/3736 3670/3670/3670
f 3736/3736/3736 3671/3671/3671 3737/3737/3737
f 3672/3672/3672 3737/3737/3737 3671/3671/3671
f 3737/3737/3737 3672/3672/3672 3738/3738/3738
f 3673/3673/3673 3738/3738/3738 3672/3672/3672
f 3738/3738/3738 3673/3673/3673 3739/3739/3739
f 3674/3674/3674 3739/3739/3739 3673/3673/3673
f 3739/3739/3739 3674/3674/3674 3740/3740/3740
f 3675/3675/3675 3740/3740/3740 3674/3674/3674
f 3740/3740/3740 3675/3675/3675 3741/3741/3741
f 3676/3676/3676 3741/3741/3741 3675/3675/3675
f 3741/3741/3741 3676/3676/3676 3742/3742/3742
f 3677/3677/3677 3742/3742/3742 3676/3676/3676
f 3742/3742/3742 3677/3677/3677 3743/3743/3743
f 3678/3678/3678 3743/3743/3743 3677/3677/3677
f 3743/3743/3743 3678/3678/3678 3744/3744/3744
f 3679/3679/3679 3744/3744/3744 3678/3678/3678
f 3744/3744/3744 3679/3679/3679 3745/3745/3745
f 3680/3680/3680 3745/3745/3745 3679/3679/3679
f 3745/3745/3745 3680/3680/3680 3746/3746/3746
f 3681/3681/3681 3746/3746/3746 3680/3680/3680
f 3746/3746/3746 3681/3681/3681 3747/3747/3747
f 3682/3682/3682 3747/3747/3747 3681/3681/3681
f 3747/3747/3747 3682/3682/3682 3748/3748/3748
f 3683/3683/3683 3748/3748/3748 3682/3682/3682
f 3748/3748/3748 3683/3683/3683 3749/3749/3749
f 3684/3684/3684 3749/3749/3749 3683/3683/3683
f 3749/3749/3749 3684/3684/3684 3750/3750/3750
f 3685/3685/3685 3750/3750/3750 3684/3684/3684
f 3750/3750/3750 3685/3685/3685 3751/3751/3751
f 3686/3686/3686 3751/3751/3751 3685/3685/3685
f 3751/3751/3751 3686/3686/3686 3752/3752/3752
f 3687/3687/3687 3752/3752/3752 3686/3686/3686
f 3752/3752/3752 3687/3687/3687 3753/3753/3753
f 3688/3688/3688 3753/3753/3753 3687/3687/3687
f 3753/3753/3753 3688/3688/3688 3754/3754/3754
f 3689/3689/3689 3754/3754/3754 3688/3688/3688
f 3754/3754/3754 3689/3689/3689 3755/3755/3755
f 3690/3690/3690 3755/3755/3755 3689/3689/3689
f 3755/3755/3755 3690/3690/3690 3756/3756/3756
f 3691/3691/3691 3756/3756/3756 3690/3690/3690
f 3756/3756/3756 3691/3691/3691 3757/3757/3757
f 3692/3692/3692 3757/3757/3757 3691/3691/3691
f 3757/3757/3757 3692/3692/3692 3758/3758/3758
f 3693/3693/3693 3758/3758/3758 3692/3692/3692
f 3758/3758/3758 3693/3693/3693 3759/3759/3759
f 3694/3694/3694 3759/3759/3759 3693/3693/3693
f 3759/3759/3759 3694/3694/3694 3760/3760/3760
f 3695/3695/3695 3760/3760/3760 3694/3694/3694
f 3760/3760/3760 3695/3695/3695 3761/3761/3761
f 3696/3696/3696 3761/3761/3761 3695/3695/3695
f 3761/3761/3761 3696/3696/3696 3762/3762/3762
f 3697/3697/3697 3762/3762/3762 3696/3696/3696
f 3762/3762/3762 3697/3697/3697 3763/3763/3763
f 3698/3698/3698 3763/3763/3763 3697/3697/3697
f 3763/3763/3763 3698/3698/3698 3764/3764/3764
f 3699/3699/3699 3764/3764/3764 3698/3698/3698
f 3764/3764/3764 3699/3699/3699 3765/3765/3765
f 3700/3700/3700 3765/3765/3765 3699/3699/3699
f 3765/3765/3765 3700/3700/3700 3766/3766/3766
f 3701/3701/3701 3766/3766/3766 3700/3700/3700
f 3766/3766/3766 3701/3701/3701 3767/3767/3767
f 3702/3702/3702 3767/3767/3767 3701/3701/3701
f 3767/3767/3767 3702/3702/3702 3768/3768/3768
f 3703/3703/3703 3768/3768/3768 3702/3702/3702
f 3768/3768/3768 3703/3703/3703 3769/3769/3769
f 3704/3704/3704 3769/3769/3769 3703/3703/3703
f 3769/3769/3769 3704/3704/3704 3770/3770/3770
f 3705/3705/3705 3770/3770/3770 3704/3704/3704
f 3771/3771/3771 3706/3706/3706 3772/3772/3772
f 3707/3707/3707 3772/3772/3772 3706/3706/3706
f 3772/3772/3772 3707/3707/3707 3773/3773/3773
f 3708/3708/3708 3773/3773/3773 3707/3707/3707
f 3773/3773/3773 3708/3708/3708 3774/3774/3774
f 3709/3709/3709 3774/3774/3774 3708/3708/3708
f 3774/3774/3774 3709/3709/3709 3775/3775/3775
f 3710/3710/3710 3775/3775/3775 3709/3709/3709
f 3775/3775/3775 3710/3710/3710 3776/3776/3776
f 3711/3711/3711 3776/3776/3776 3710/3710/3710
f 3776/3776/3776 3711/3711/3711 3777/3777/3777
f 3712/3712/3712 3777/3777/3777 3711/3711/3711
f 3777/3777/3777 3712/3712/3712 3778/3778/3778
f 3713/3713/3713 3778/3778/3778 3712/3712/3712
f 3778/3778/3778 3713/3713/3713 3779/3779/3779
f 3714/3714/3714 3779/3779/3779 3713/3713/3713
f 3779/3779/3779 3714/3714/3714 3780/3780/3780
f 3715/3715/3715 3780/3780/3780 3714/3714/3714
f 3780/3780/3780 3715/3715/3715 3781/3781/3781
f 3716/3716/3716 3781/3781/3781 3715/3715/3715
f 3781/3781/3781 3716/3716/3716 3782/3782/3782
f 3717/3717/3717 3782/3782/3782 3716/3716/3716
f 3782/3782/3782 3717/3717/3717 3783/3783/3783
f 3718/3718/3718 3783/3783/3783 3717/3717/3717
f 3783/3783/3783 3718/3718/3718 3784/3784/3784
f 3719/3719/3719 3784/3784/3784 3718/3718/3718
f 3784/3784/3784 3719/3719/3719 3785/3785/3785
f 3720/3720/3720 3785/3785/3785 3719/3719/3719
f 3785/3785/3785 3720/3720/3720 3786/3786/3786
f 3721/3721/3721 3786/3786/3786 3720/3720/3720
f 3786/3786/3786 3721/3721/3721 3787/3787/3787
f 3722/3722/3722 3787/3787/3787 3721/3721/3721
f 3787/3787/3787 3722/3722/3722 3788/3788/3788
f 3723/3723/3723 3788/3788/3788 3722/3722/3722
f 3788/3788/3788 3723/3723/3723 3789/3789/3789
f 3724/3724/3724 3789/3789/3789 3723/3723/3723
f 3789/3789/3789 3724/3724/3724 3790/3790/3790
f 3725/3725/3725 3790/3790/3790 3724/3724/3724
f 3790/3790/3790 3725/3725/3725 3791/3791/3791
f 3726/3726/3726 3791/3791/3791 3725/3725/3725
f 3791/3791/3791 3726/3726/3726 3792/3792/3792
f 3727/3727/3727 3792/3792/3792 3726/3726/3726
f 3792/3792/3792 3727/3727/3727 3793/3793/3793
f 3728/3728/3728 3793/3793/3793 3727/3727/3727
f 3793/3793/3793 3728/3728/3728 3794/3794/3794
f 3729/3729/3729 3794/3794/3794 3728/3728/3728
f 3794/3794/3794 3729/3729/3729 3795/3795/3795
f 3730/3730/3730 3795/3795/3795 3729/3729/3729
f 3795/3795/3795 3730/3730/3730 3796/3796/3796
f 3731/3731/3731 3796/3796/3796 3730/3730/3730
f 3796/3796/3796 3731/3731/3731 3797/3797/3797
f 3732/3732/3732 3797/3797/3797 3731/3731/3731
f 3797/3797/3797 3732/3732/3732 3798/3798/3798
f 3733/3733/3733 3798/3798/3798 3732/3732/3732
f 3798/3798/3798 3733/3733/3733 3799/3799/3799
f 3734/3734/3734 3799/3799/3799 3733/3733/3733
f 3799/3799/3799 3734/3734/3734 3800/3800/3800
f 3735/3735/3735 3800/3800/3800 3734/3734/3734
f 3800/3800/3800 3735/3735/3735 3801/3801/3801
f 3736/3736/3736 3801/3801/3801 3735/3735/3735
f 3801/3801/3801 3736/3736/3736 3802/3802/3802
f 3737/3737/3737 3802/3802/3802 3736/3736/3736
f 3802/3802/3802 3737/3737/3737 3803/3803/3803
f 3738/3738/3738 3803/3803/3803 3737/3737/3737
f 3803/3803/3803 3738/3738/3738 3804/3804/3804
f 3739/3739/3739 3804/3804/3804 3738/3738/3738
f 3804/3804/3804 3739/3739/3739 3805/3805/3805
f 3740/3740/3740 3805/3805/3805 3739/3739/3739
f 3805/3805/3805 3740/3740/3740 3806/3806/3806
f 3741/3741/3741 3806/3806/3806 3740/3740/3740
f 3806/3806/3806 3741/3741/3741 3807/3807/3807
f 3742/3742/3742 3807/3807/3807 3741/3741/3741
f 3807/3807/3807 3742/3742/3742 3808/3808/3808
f 3743/3743/3743 3808/3808/3808 3742/3742/3742
f 3808/3808/3808 3743/3743/3743 3809/3809/3809
f 3744/3744/3744 3809/3809/3809 3743/3743/3743
f 3809/3809/3809 3744/3744/3744 3810/3810/3810
f 3745/3745/3745 3810/3810/3810 3744/3744/3744
f 3810/3810/3810 3745/3745/3745 3811/3811/3811
f 3746/3746/3746 3811/3811/3811 3745/3745/3745
f 3811/3811/3811 3746/3746/3746 3812/3812/3812
f 3747/3747/3747 3812/3812/3812 3746/3746/3746
f 3812/3812/3812 3747/3747/3747 3813/3813/3813
f 3748/3748/3748 3813/3813/3813 3747/3747/3747
f 3813/3813/3813 3748/3748/3748 3814/3814/3814
f 3749/3749/3749 3814/3814/3814 3748/3748/3748
f 3814/3814/3814 3749/3749/3749 3815/3815/3815
f 3750/3750/3750 3815/3815/3815 3749/3749/3749
f 3815/3815/3815 3750/3750/3750 3816/3816/3816
f 3751/3751/3751 3816/3816/3816 3750/3750/3750
f 3816/3816/3816 3751/3751/3751 3817/3817/3817
f 3752/3752/3752 3817/3817/3817 3751/3751/3751
f 3817/3817/3817 3752/3752/3752 3818/3818/3818
f 3753/3753/3753 3818/3818/3818 3752/3752/3752
f 3818/3818/3818 3753/3753/3753 3819/3819/3819
f 3754/3754/3754 3819/3819/3819 3753/3753/3753
f 3819/3819/3819 3754/3754/3754 3820/3820/3820
f 3755/3755/3755 3820/3820/3820 3754/3754/3754
f 3820/3820/3820 3755/3755/3755 3821/3821/3821
f 3756/3756/3756 3821/3821/3821 3755/3755/3755
f 3821/3821/3821 3756/3756/3756 3822/3822/3822
f 3757/3757/3757 3822/3822/3822 3756/3756/3756
f 3822/3822/3822 3757/3757/3757 3823/3823/3823
f 3758/3758/3758 3823/3823/3823 3757/3757/3757
f 3823/3823/3823 3758/3758/3758 3824/3824/3824
f 3759/3759/3759 3824/3824/3824 3758/3758/3758
f 3824/3824/3824 3759/3759/3759 3825/3825/3825
f 3760/3760/3760 3825/3825/3825 3759/3759/3759
f 3825/3825/3825 3760/3760/3760 3826/3826/3826
f 3761/3761/3761 3826/3826/3826 3760/3760/3760
f 3826/3826/3826 3761/3761/3761 3827/3827/3827
f 3762/3762/3762 3827/3827/3827 3761/3761/3761
f 3827/3827/3827 3762/3762/3762 3828/3828/3828
f 3763/3763/3763 3828/3828/3828 3762/3762/3762
f 3828/3828/3828 3763/3763/3763 3829/3829/3829
f 3764/3764/3764 3829/3829/3829 3763/3763/3763
f 3829/3829/3829 3764/3764/3764 3830/3830/3830
f 3765/3765/3765 3830/3830/3830 3764/3764/3764
f 3830/3830/3830 3765/3765/3765 3831/3831/3831
f 3766/3766/3766 3831/3831/3831 3765/3765/3765
f 3831/3831/3831 3766/3766/3766 3832/3832/3832
f 3767/3767/3767 3832/3832/3832 3766/3766/3766
f 3832/3832/3832 3767/3767/3767 3833/3833/3833
f 3768/3768/3768 3833/3833/3833 3767/3767/3767
f 3833/3833/3833 3768/3768/3768 3834/3834/3834
f 3769/3769/3769 3834/3834/3834 3768/3768/3768
f 3834/3834/3834 3769/3769/3769 3835/3835/3835
f 3770/3770/3770 3835/3835/3835 3769/3769/3769
f 3836/3836/3836 3771/3771/3771 3837/3837/3837
f 3772/3772/3772 3837/3837/3837 3771/3771/3771
f 3837/3837/3837 3772/3772/3772 3838/3838/3838
f 3773/3773/3773 3838/3838/3838 3772/3772/3772
f 3838/3838/3838 3773/3773/3773 3839/3839/3839
f 3774/3774/3774 3839/3839/3839 3773/3773/3773
f 3839/3839/3839 3774/3774/3774 3840/3840/3840
f 3775/3775/3775 3840/3840/3840 3774/3774/3774
f 3840/3840/3840 3775/3775/3775 3841/3841/3841
f 3776/3776/3776 3841/3841/3841 3775/3775/3775
f 3841/3841/3841 3776/3776/3776 3842/3842/3842
f 3777/3777/3777 3842/3842/3842 3776/3776/3776
f 3842/3842/3842 3777/3777/3777 3843/3843/3843
f 3778/3778/3778 3843/3843/3843 3777/3777/3777
f 3843/3843/3843 3778/3778/3778 3844/3844/3844
f 3779/3779/3779 3844/3844/3844 3778/3778/3778
f 3844/3844/3844 3779/3779/3779 3845/3845/3845
f 3780/3780/3780 3845/3845/3845 3779/3779/3779
f 3845/3845/3845 3780/3780/3780 3846/3846/3846
f 3781/3781/3781 3846/3846/3846 3780/3780/3780
f 3846/3846/3846 3781/3781/3781 3847/3847/3847
f 3782/3782/3782 3847/3847/3847 3781/3781/3781
f 3847/3847/3847 3782/3782/3782 3848/3848/3848
f 3783/3783/3783 3848/3848/3848 3782/3782/3782
f 3848/3848/3848 3783/3783/3783 3849/3849/3849
f 3784/3784/3784 3849/3849/3849 3783/3783/3783
f 3849/3849/3849 3784/3784/3784 3850/3850/3850
f 3785/3785/3785 3850/3850/3850 3784/3784/3784
f 3850/3850/3850 3785/3785/3785 3851/3851/3851
f 3786/3786/3786 3851/3851/3851 3785/3785/3785
f 3851/3851/3851 3786/3786/3786 3852/3852/3852
f 3787/3787/3787 3852/3852/3852 3786/3786/3786
f 3852/3852/3852 3787/3787/3787 3853/3853/3853
f 3788/3788/3788 3853/3853/3853 3787/3787/3787
f 3853/3853/3853 3788/3788/3788 3854/3854/3854
f 3789/3789/3789 3854/3854/3854 3788/3788/3788
f 3854/3854/3854 3789/3789/3789 3855/3855/3855
f 3790/3790/3790 3855/3855/3855 3789/3789/3789
f 3855/3855/3855 3790/3790/3790 3856/3856/3856
f 3791/3791/3791 3856/3856/3856 3790/3790/3790
f 3856/3856/3856 3791/3791/3791 3857/3857/3857
f 3792/3792/3792 3857/3857/3857 3791/3791/3791
f 3857/3857/3857 3792/3792/3792 3858/3858/3858
f 3793/3793/3793 3858/3858/3858 3792/3792/3792
f 3858/3858/3858 3793/3793/3793 3859/3859/3859
f 3794/3794/3794 3859/3859/3859 3793/3793/3793
f 3859/3859/3859 3794/3794/3794 3860/3860/3860
f 3795/3795/3795 3860/3860/3860 3794/3794/3794
f 3860/3860/3860 3795/3795/3795 3861/3861/3861
f 3796/3796/3796 3861/3861/3861 3795/3795/3795
f 3861/3861/3861 3796/3796/3796 3862/3862/3862
f 3797/3797/3797 3862/3862/3862 3796/3796/3796
f 3862/3862/3862 3797/3797/3797 3863/3863/3863
f 3798/3798/3798 3863/3863/3863 3797/3797/3797
f 3863/3863/3863 3798/3798/3798 3864/3864/3864
f 3799/3799/3799 3864/3864/3864 3798/3798/3798
f 3864/3864/3864 3799/3799/3799 3865/3865/3865
f 3800/3800/3800 3865/3865/3865 3799/3799/3799
f 3865/3865/3865 3800/3800/3800 3866/3866/3866
f 3801/3801/3801 3866/3866/3866 3800/3800/3800
f 3866/3866/3866 3801/3801/3801 3867/3867/3867
f 3802/3802/3802 3867/3867/3867 3801/3801/3801
f 3867/3867/3867 3802/3802/3802 3868/3868/3868
f 3803/3803/3803 3868/3868/3868 3802/3802/3802
f 3868/3868/3868 3803/3803/3803 3869/3869/3869
f 3804/3804/3804 3869/3869/3869 3803/3803/3803
f 3869/3869/3869 3804/3804/3804 3870/3870/3870
f 3805/3805/3805 3870/3870/3870 3804/3804/3804
f 3870/3870/3870 3805/3805/3805 3871/3871/3871
f 3806/3806/3806 3871/3871/3871 3805/3805/3805
f 3871/3871/3871 3806/3806/3806 3872/3872/3872
f 3807/3807/3807 3872/3872/3872 3806/3806/3806
f 3872/3872/3872 3807/3807/3807 3873/3873/3873
f 3808/3808/3808 3873/3873/3873 3807/3807/3807
f 3873/3873/3873 3808/3808/3808 3874/3874/3874
f 3809/3809/3809 3874/3874/3874 3808/3808/3808
f 3874/3874/3874 3809/3809/3809 3875/3875/3875
f 3810/3810/3810 3875/3875/3875 3809/3809/3809
f 3875/3875/3875 3810/3810/3810 3876/3876/3876
f 3811/3811/3811 3876/3876/3876 3810/3810/3810
f 3876/3876/3876 3811/3811/3811 3877/3877/3877
f 3812/3812/3812 3877/3877/3877 3811/3811/3811
f 3877/3877/3877 3812/3812/3812 3878/3878/3878
f 3813/3813/3813 3878/3878/3878 3812/3812/3812
f 3878/3878/3878 3813/3813/3813 3879/3879/3879
f 3814/3814/3814 3879/3879/3879 3813/3813/3813
f 3879/3879/3879 3814/3814/3814 3880/3880/3880
f 3815/3815/3815 3880/3880/3880 3814/3814/3814
f 3880/3880/3880 3815/3815/3815 3881/3881/3881
f 3816/3816/3816 3881/3881/3881 3815/3815/3815
f 3881/3881/3881 3816/3816/3816 3882/3882/3882
f 3817/3817/3817 3882/3882/3882 3816/3816/3816
f 3882/3882/3882 3817/3817/3817 3883/3883/3883
f 3818/3818/3818 3883/3883/3883 3817/3817/3817
f 3883/3883/3883 3818/3818/3818 3884/3884/3884
f 3819/3819/3819 3884/3884/3884 3818/3818/3818
f 3884/3884/3884 3819/3819/3819 3885/3885/3885
f 3820/3820/3820 3885/3885/3885 3819/3819/3819
f 3885/3885/3885 3820/3820/3820 3886/3886/3886
f 3821/3821/3821 3886/3886/3886 3820/3820/3820
f 3886/3886/3886 3821/3821/3821 3887/3887/3887
f 3822/3822/3822 3887/3887/3887 3821/3821/3821
f 3887/3887/3887 3822/3822/3822 3888/3888/3888
f 3823/3823/3823 3888/3888/3888 3822/3822/3822
f 3888/3888/3888 3823/3823/3823 3889/3889/3889
f 3824/3824/3824 3889/3889/3889 3823/3823/3823
f 3889/3889/3889 3824/3824/3824 3890/3890/3890
f 3825/3825/3825 3890/3890/3890 3824/3824/3824
f 3890/3890/3890 3825/3825/3825 3891/3891/3891
f 3826/3826/3826 3891/3891/3891 3825/3825/3825
f 3891/3891/3891 3826/3826/3826 3892/3892/3892
f 3827/3827/3827 3892/3892/3892 3826/3826/3826
f 3892/3892/3892 3827/3827/3827 3893/3893/3893
f 3828/3828/3828 3893/3893/3893 3827/3827/3827
f 3893/3893/3893 3828/3828/3828 3894/3894/3894
f 3829/3829/3829 3894/3894/3894 3828/3828/3828
f 3894/3894/3894 3829/3829/3829 3895/3895/3895
f 3830/3830/3830 3895/3895/3895 3829/3829/3829
f 3895/3895/3895 3830/3830/3830 3896/3896/3896
f 3831/3831/3831 3896/3896/3896 3830/3830/3830
f 3896/3896/3896 3831/3831/3831 3897/3897/3897
f 3832/3832/3832 3897/3897/3897 3831/3831/3831
f 3897/3897/3897 3832/3832/3832 3898/3898/3898
f 3833/3833/3833 3898/3898/3898 3832/3832/3832
f 3898/3898/3898 3833/3833/3833 3899/3899/3899
f 3834/3834/3834 3899/3899/3899 3833/3833/3833
f 3899/3899/3899 3834/3834/3834 3900/3900/3900
f 3835/3835/3835 3900/3900/3900 3834/3834/3834
f 3901/3901/3901 3836/3836/3836 3902/3902/3902
f 3837/3837/3837 3902/3902/3902 3836/3836/3836
f 3902/3902/3902 3837/3837/3837 3903/3903/3903
f 3838/3838/3838 3903/3903/3903 3837/3837/3837
f 3903/3903/3903 3838/3838/3838 3904/3904/3904
f 3839/3839/3839 3904/3904/3904 3838/3838/3838
f 3904/3904/3904 3839/3839/3839 3905/3905/3905
f 3840/3840/3840 3905/3905/3905 3839/3839/3839
f 3905/3905/3905 3840/3840/3840 3906/3906/3906
f 3841/3841/3841 3906/3906/3906 3840/3840/3840
f 3906/3906/3906 3841/3841/3841 3907/3907/3907
f 3842/3842/3842 3907/3907/3907 3841/3841/3841
f 3907/3907/3907 3842/3842/3842 3908/3908/3908
f 3843/3843/3843 3908/3908/3908 3842/3842/3842
f 3908/3908/3908 3843/3843/3843 3909/3909/3909
f 3844/3844/3844 3909/3909/3909 3843/3843/3843
f 3909/3909/3909 3844/3844/3844 3910/3910/3910
f 3845/3845/3845 3910/3910/3910 3844/3844/3844
f 3910/3910/3910 3845/3845/3845 3911/3911/3911
f 3846/3846/3846 3911/3911/3911 3845/3845/3845
f 3911/3911/3911 3846/3846/3846 3912/3912/3912
f 3847/3847/3847 3912/3912/3912 3846/3846/3846
f 3912/3912/3912 3847/3847/3847 3913/3913/3913
f 3848/3848/3848 3913/3913/3913 3847/3847/3847
f 3913/3913/3913 3848/3848/3848 3914/3914/3914
f 3849/3849/3849 3914/3914/3914 3848/3848/3848
f 3914/3914/3914 3849/3849/3849 3915/3915/3915
f 3850/3850/3850 3915/3915/3915 3849/3849/3849
f 3915/3915/3915 3850/3850/3850 3916/3916/3916
f 3851/3851/3851 3916/3916/3916 3850/3850/3850
f 3916/3916/3916 3851/3851/3851 3917/3917/3917
f 3852/3852/3852 3917/3917/3917 3851/3851/3851
f 3917/3917/3917 3852/3852/3852 3918/3918/3918
f 3853/3853/3853 3918/3918/3918 3852/3852/3852
f 3918/3918/3918 3853/3853/3853 3919/3919/3919
f 3854/3854/3854 3919/3919/3919 3853/3853/3853
f 3919/3919/3919 3854/3854/3854 3920/3920/3920
f 3855/3855/3855 3920/3920/3920 3854/3854/3854
f 3920/3920/3920 3855/3855/3855 3921/3921/3921
f 3856/3856/3856 3921/3921/3921 3855/3855/3855
f 3921/3921/3921 3856/3856/3856 3922/3922/3922
f 3857/3857/3857 3922/3922/3922 3856/3856/3856
f 3922/3922/3922 3857/3857/3857 3923/3923/3923
f 3858/3858/3858 3923/3923/3923 3857/3857/3857
f 3923/3923/3923 3858/3858/3858 3924/3924/3924
f 3859/3859/3859 3924/3924/3924 3858/3858/3858
f 3924/3924/3924 3859/3859/3859 3925/3925/3925
f 3860/3860/3860 3925/3925/3925 3859/3859/3859
f 3925/3925/3925 3860/3860/3860 3926/3926/3926
f 3861/3861/3861 3926/3926/3926 3860/3860/3860
f 3926/3926/3926 3861/3861/3861 3927/3927/3927
f 3862/3862/3862 3927/3927/3927 3861/3861/3861
f 3927/3927/3927 3862/3862/3862 3928/3928/3928
f 3863/3863/3863 3928/3928/3928 3862/3862/3862
f 3928/3928/3928 3863/3863/3863 3929/3929/3929
f 3864/3864/3864 3929/3929/3929 3863/3863/3863
f 3929/3929/3929 3864/3864/3864 3930/3930/3930
f 3865/3865/3865 3930/3930/3930 3864/3864/3864
f 3930/3930/3930 3865/3865/3865 3931/3931/3931
f 3866/3866/3866 3931/3931/3931 3865/3865/3865
f 3931/3931/3931 3866/3866/3866 3932/3932/3932
f 3867/3867/3867 3932/3932/3932 3866/3866/3866
f 3932/3932/3932 3867/3867/3867 3933/3933/3933
f 3868/3868/3868 3933/3933/3933 3867/3867/3867
f 3933/3933/3933 3868/3868/3868 3934/3934/3934
f 3869/3869/3869 3934/3934/3934 3868/3868/3868
f 3934/3934/3934 3869/3869/3869 3935/3935/3935
f 3870/3870/3870 3935/3935/3935 3869/3869/3869
f 3935/3935/3935 3870/3870/3870 3936/3936/3936
f 3871/3871/3871 3936/3936/3936 3870/3870/3870
f 3936/3936/3936 3871/3871/3871 3937/3937/3937
f 3872/3872/3872 3937/3937/3937 3871/3871/3871
f 3937/3937/3937 3872/3872/3872 3938/3938/3938
f 3873/3873/3873 3938/3938/3938 3872/3872/3872
f 3938/3938/3938 3873/3873/3873 3939/3939/3939
f 3874/3874/3874 3939/3939/3939 3873/3873/3873
f 3939/3939/3939 3874/3874/3874 3940/3940/3940
f 3875/3875/3875 3940/3940/3940 3874/3874/3874
f 3940/3940/3940 3875/3875/3875 3941/3941/3941
f 3876/3876/3876 3941/3941/3941 3875/3875/3875
f 3941/3941/3941 3876/3876/3876 3942/3942/3942
f 3877/3877/3877 3942/3942/3942 3876/3876/3876
f 3942/3942/3942 3877/3877/3877 3943/3943/3943
f 3878/3878/3878 3943/3943/3943 3877/3877/3877
f 3943/3943/3943 3878/3878/3878 3944/3944/3944
f 3879/3879/3879 3944/3944/3944 3878/3878/3878
f 3944/3944/3944 3879/3879/3879 3945/3945/3945
f 3880/3880/3880 3945/3945/3945 3879/3879/3879
f 3945/3945/3945 3880/3880/3880 3946/3946/3946
f 3881/3881/3881 3946/3946/3946 3880/3880/3880
f 3946/3946/3946 3881/3881/3881 3947/3947/3947
f 3882/3882/3882 3947/3947/3947 3881/3881/3881
f 3947/3947/3947 3882/3882/3882 3948/3948/3948
f 3883/3883/3883 3948/3948/3948 3882/3882/3882
f 3948/3948/3948 3883/3883/3883 3949/3949/3949
f 3884/3884/3884 3949/3949/3949 3883/3883/3883
f 3949/3949/3949 3884/3884/3884 3950/3950/3950
f 3885/3885/3885 3950/3950/3950 3884/3884/3884
f 3950/3950/3950 3885/3885/3885 3951/3951/3951
f 3886/3886/3886 3951/3951/3951 3885/3885/3885
f 3951/3951/3951 3886/3886/3886 3952/3952/3952
f 3887/3887/3887 3952/3952/3952 3886/3886/3886
f 3952/3952/3952 3887/3887/3887 3953/3953/3953
f 3888/3888/3888 3953/3953/3953 3887/3887/3887
f 3953/3953/3953 3888/3888/3888 3954/3954/3954
f 3889/3889/3889 3954/3954/3954 3888/3888/3888
f 3954/3954/3954 3889/3889/3889 3955/3955/3955
f 3890/3890/3890 3955/3955/3955 3889/3889/3889
f 3955/3955/3955 3890/3890/3890 3956/3956/3956
f 3891/3891/3891 3956/3956/3956 3890/3890/3890
f 3956/3956/3956 3891/3891/3891 3957/3957/3957
f 3892/3892/3892 3957/3957/3957 3891/3891/3891
f 3957/3957/3957 3892/3892/3892 3958/3958/3958
f 3893/3893/3893 3958/3958/3958 3892/3892/3892
f 3958/3958/3958 3893/3893/3893 3959/3959/3959
f 3894/3894/3894 3959/3959/3959 3893/3893/3893
f 3959/3959/3959 3894/3894/3894 3960/3960/3960
f 3895/3895/3895 3960/3960/3960 3894/3894/3894
f 3960/3960/3960 3895/3895/3895 3961/3961/3961
f 3896/3896/3896 3961/3961/3961 3895/3895/3895
f 3961/3961/3961 3896/3896/3896 3962/3962/3962
f 3897/3897/3897 3962/3962/3962 3896/3896/3896
f 3962/3962/3962 3897/3897/3897 3963/3963/3963
f 3898/3898/3898 3963/3963/3963 3897/3897/3897
f 3963/3963/3963 3898/3898/3898 3964/3964/3964
f 3899/3899/3899 3964/3964/3964 3898/3898/3898
f 3964/3964/3964 3899/3899/3899 3965/3965/3965
f 3900/3900/3900 3965/3965/3965 3899/3899/3899
f 3966/3966/3966 3901/3901/3901 3967/3967/3967
f 3902/3902/3902 3967/3967/3967 3901/3901/3901
f 3967/3967/3967 3902/3902/3902 3968/3968/3968
f 3903/3903/3903 3968/3968/3968 3902/3902/3902
f 3968/3968/3968 3903/3903/3903 3969/3969/3969
f 3904/3904/3904 3969/3969/3969 3903/3903/3903
f 3969/3969/3969 3904/3904/3904 3970/3970/3970
f 3905/3905/3905 3970/3970/3970 3904/3904/3904
f 3970/3970/3970 3905/3905/3905 3971/3971/3971
f 3906/3906/3906 3971/3971/3971 3905/3905/3905
f 3971/3971/3971 3906/3906/3906 3972/3972/3972
f 3907/3907/3907 3972/3972/3972 3906/3906/3906
f 3972/3972/3972 3907/3907/3907 3973/3973/3973
f 3908/3908/3908 3973/3973/3973 3907/3907/3907
f 3973/3973/3973 3908/3908/3908 3974/3974/3974
f 3909/3909/3909 3974/3974/3974 3908/3908/3908
f 3974/3974/3974 3909/3909/3909 3975/3975/3975
f 3910/3910/3910 3975/3975/3975 3909/3909/3909
f 3975/3975/3975 3910/3910/3910 3976/3976/3976
f 3911/3911/3911 3976/3976/3976 3910/3910/3910
f 3976/3976/3976 3911/3911/3911 3977/3977/3977
f 3912/3912/3912 3977/3977/3977 3911/3911/3911
f 3977/3977/3977 3912/3912/3912 3978/3978/3978
f 3913/3913/3913 3978/3978/3978 3912/3912/3912
f 3978/3978/3978 3913/3913/3913 3979/3979/3979
f 3914/3914/3914 3979/3979/3979 3913/3913/3913
f 3979/3979/3979 3914/3914/3914 3980/3980/3980
f 3915/3915/3915 3980/3980/3980 3914/3914/3914
f 3980/3980/3980 3915/3915/3915 3981/3981/3981
f 3916/3916/3916 3981/3981/3981 3915/3915/3915
f 3981/3981/3981 3916/3916/3916 3982/3982/3982
f 3917/3917/3917 3982/3982/3982 3916/3916/3916
f 3982/3982/3982 3917/3917/3917 3983/3983/3983
f 3918/3918/3918 3983/3983/3983 3917/3917/3917
f 3983/3983/3983 3918/3918/3918 3984/3984/3984
f 3919/3919/3919 3984/3984/3984 3918/3918/3918
f 3984/3984/3984 3919/3919/3919 3985/3985/3985
f 3920/3920/3920 3985/3985/3985 3919/3919/3919
f 3985/3985/3985 3920/3920/3920 3986/3986/3986
f 3921/3921/3921 3986/3986/3986 3920/3920/3920
f 3986/3986/3986 3921/3921/3921 3987/3987/3987
f 3922/3922/3922 3987/3987/3987 3921/3921/3921
f 3987/3987/3987 3922/3922/3922 3988/3988/3988
f 3923/3923/3923 3988/3988/3988 3922/3922/3922
f 3988/3988/3988 3923/3923/3923 3989/3989/3989
f 3924/3924/3924 3989/3989/3989 3923/3923/3923
f 3989/3989/3989 3924/3924/3924 3990/3990/3990
f 3925/3925/3925 3990/3990/3990 3924/3924/3924
f 3990/3990/3990 3925/3925/3925 3991/3991/3991
f 3926/3926/3926 3991/3991/3991 3925/3925/3925
f 3991/3991/3991 3926/3926/3926 3992/3992/3992
f 3927/3927/3927 3992/3992/3992 3926/3926/3926
f 3992/3992/3992 3927/3927/3927 3993/3993/3993
f 3928/3928/3928 3993/3993/3993 3927/3927/3927
f 3993/3993/3993 3928/3928/3928 3994/3994/3994
f 3929/3929/3929 3994/3994/3994 3928/3928/3928
f 3994/3994/3994 3929/3929/3929 3995/3995/3995
f 3930/3930/3930 3995/3995/3995 3929/3929/3929
f 3995/3995/3995 3930/3930/3930 3996/3996/3996
f 3931/3931/3931 3996/3996/3996 3930/3930/3930
f 3996/3996/3996 3931/3931/3931 3997/3997/3997
f 3932/3932/3932 3997/3997/3997 3931/3931/3931
f 3997/3997/3997 3932/3932/3932 3998/3998/3998
f 3933/3933/3933 3998/3998/3998 3932/3932/3932
f 3998/3998/3998 3933/3933/3933 3999/3999/3999
f 3934/3934/3934 3999/3999/3999 3933/3933/3933
f 3999/3999/3999 3934/3934/3934 4000/4000/4000
f 3935/3935/3935 4000/4000/4000 3934/3934/3934
f 4000/4000/4000 3935/3935/3935 4001/4001/4001
f 3936/3936/3936 4001/4001/4001 3935/3935/3935
f 4001/4001/4001 3936/3936/3936 4002/4002/4002
f 3937/3937/3937 4002/4002/4002 3936/3936/3936
f 4002/4002/4002 3937/3937/3937 4003/4003/4003
f 3938/3938/3938 4003/4003/4003 3937/3937/3937
f 4003/4003/4003 3938/3938/3938 4004/4004/4004
f 3939/3939/3939 4004/4004/4004 3938/3938/3938
f 4004/4004/4004 3939/3939/3939 4005/4005/4005
f 3940/3940/3940 4005/4005/4005 3939/3939/3939
f 4005/4005/4005 3940/3940/3940 4006/4006/4006
f 3941/3941/3941 4006/4006/4006 3940/3940/3940
f 4006/4006/4006 3941/3941/3941 4007/4007/4007
f 3942/3942/3942 4007/4007/4007 3941/3941/3941
f 4007/4007/4007 3942/3942/3942 4008/4008/4008
f 3943/3943/3943 4008/4008/4008 3942/3942/3942
f 4008/4008/4008 3943/3943/3943 4009/4009/4009
f 3944/3944/3944 4009/4009/4009 3943/3943/3943
f 4009/4009/4009 3944/3944/3944 4010/4010/4010
f 3945/3945/3945 4010/4010/4010 3944/3944/3944
f 4010/4010/4010 3945/3945/3945 4011/4011/4011
f 3946/3946/3946 4011/4011/4011 3945/3945/3945
f 4011/4011/4011 3946/3946/3946 4012/4012/4012
f 3947/3947/3947 4012/4012/4012 3946/3946/3946
f 4012/4012/4012 3947/3947/3947 4013/4013/4013
f 3948/3948/3948 4013/4013/4013 3947/3947/3947
f 4013/4013/4013 3948/3948/3948 4014/4014/4014
f 3949/3949/3949 4014/4014/4014 3948/3948/3948
f 4014/4014/4014 3949/3949/3949 4015/4015/4015
f 3950/3950/3950 4015/4015/4015 3949/3949/3949
f 4015/4015/4015 3950/3950/3950 4016/4016/4016
f 3951/3951/3951 4016/4016/4016 3950/3950/3950
f 4016/4016/4016 3951/3951/3951 4017/4017/4017
f 3952/3952/3952 4017/4017/4017 3951/3951/3951
f 4017/4017/4017 3952/3952/3952 4018/4018/4018
f 3953/3953/3953 4018/4018/4018 3952/3952/3952
f 4018/4018/4018 3953/3953/3953 4019/4019/4019
f 3954/3954/3954 4019/4019/4019 3953/3953/3953
f 4019/4019/4019 3954/3954/3954 4020/4020/4020
f 3955/3955/3955 4020/4020/4020 3954/3954/3954
f 4020/4020/4020 3955/3955/3955 4021/4021/4021
f 3956/3956/3956 4021/4021/4021 3955/3955/3955
f 4021/4021/4021 3956/3956/3956 4022/4022/4022
f 3957/3957/3957 4022/4022/4022 3956/3956/3956
f 4022/4022/4022 3957/3957/3957 4023/4023/4023
f 3958/3958/3958 4023/4023/4023 3957/3957/3957
f 4023/4023/4023 3958/3958/3958 4024/4024/4024
f 3959/3959/3959 4024/4024/4024 3958/3958/3958
f 4024/4024/4024 3959/3959/3959 4025/4025/4025
f 3960/3960/3960 4025/4025/4025 3959/3959/3959
f 4025/4025/4025 3960/3960/3960 4026/4026/4026
f 3961/3961/3961 4026/4026/4026 3960/3960/3960
f 4026/4026/4026 3961/3961/3961 4027/4027/4027
f 3962/3962/3962 4027/4027/4027 3961/3961/3961
f 4027/4027/4027 3962/3962/3962 4028/4028/4028
f 3963/3963/3963 4028/4028/4028 3962/3962/3962
f 4028/4028/4028 3963/3963/3963 4029/4029/4029
f 3964/3964/3964 4029/4029/4029 3963/3963/3963
f 4029/4029/4029 3964/3964/3964 4030/4030/4030
f 3965/3965/3965 4030/4030/4030 3964/3964/3964
f 4031/4031/4031 3966/3966/3966 4032/4032/4032
f 3967/3967/3967 4032/4032/4032 3966/3966/3966
f 4032/4032/4032 3967/3967/3967 4033/4033/4033
f 3968/3968/3968 4033/4033/4033 3967/3967/3967
f 4033/4033/4033 3968/3968/3968 4034/4034/4034
f 3969/3969/3969 4034/4034/4034 3968/3968/3968
f 4034/4034/4034 3969/3969/3969 4035/4035/4035
f 3970/3970/3970 4035/4035/4035 3969/3969/3969
f 4035/4035/4035 3970/3970/3970 4036/4036/4036
f 3971/3971/3971 4036/4036/4036 3970/3970/3970
f 4036/4036/4036 3971/3971/3971 4037/4037/4037
f 3972/3972/3972 4037/4037/4037 3971/3971/3971
f 4037/4037/4037 3972/3972/3972 4038/4038/4038
f 3973/3973/3973 4038/4038/4038 3972/3972/3972
f 4038/4038/4038 3973/3973/3973 4039/4039/4039
f 3974/3974/3974 4039/4039/4039 3973/3973/3973
f 4039/4039/4039 3974/3974/3974 4040/4040/4040
f 3975/3975/3975 4040/4040/4040 3974/3974/3974
f 4040/4040/4040 3975/3975/3975 4041/4041/4041
f 3976/3976/3976 4041/4041/4041 3975/3975/3975
f 4041/4041/4041 3976/3976/3976 4042/4042/4042
f 3977/3977/3977 4042/4042/4042 3976/3976/3976
f 4042/4042/4042 3977/3977/3977 4043/4043/4043
f 3978/3978/3978 4043/4043/4043 3977/3977/3977
f 4043/4043/4043 3978/3978/3978 4044/4044/4044
f 3979/3979/3979 4044/4044/4044 3978/3978/3978
f 4044/4044/4044 3979/3979/3979 4045/4045/4045
f 3980/3980/3980 4045/4045/4045 3979/3979/3979
f 4045/4045/4045 3980/3980/3980 4046/4046/4046
f 3981/3981/3981 4046/4046/4046 3980/3980/3980
f 4046/4046/4046 3981/3981/3981 4047/4047/4047
f 3982/3982/3982 4047/4047/4047 3981/3981/3981
f 4047/4047/4047 3982/3982/3982 4048/4048/4048
f 3983/3983/3983 4048/4048/4048 3982/3982/3982
f 4048/4048/4048 3983/3983/3983 4049/4049/4049
f 3984/3984/3984 4049/4049/4049 3983/3983/3983
f 4049/4049/4049 3984/3984/3984 4050/4050/4050
f 3985/3985/3985 4050/4050/4050 3984/3984/3984
f 4050/4050/4050 3985/3985/3985 4051/4051/4051
f 3986/3986/3986 4051/4051/4051 3985/3985/3985
f 4051/4051/4051 3986/3986/3986 4052/4052/4052
f 3987/3987/3987 4052/4052/4052 3986/3986/3986
f 4052/4052/4052 3987/3987/3987 4053/4053/4053
f 3988/3988/3988 4053/4053/4053 3987/3987/3987
f 4053/4053/4053 3988/3988/3988 4054/4054/4054
f 3989/3989/3989 4054/4054/4054 3988/3988/3988
f 4054/4054/4054 3989/3989/3989 4055/4055/4055
f 3990/3990/3990 4055/4055/4055 3989/3989/3989
f 4055/4055/4055 3990/3990/3990 4056/4056/4056
f 3991/3991/3991 4056/4056/4056 3990/3990/3990
f 4056/4056/4056 3991/3991/3991 4057/4057/4057
f 3992/3992/3992 4057/4057/4057 3991/3991/3991
f 4057/4057/4057 3992/3992/3992 4058/4058/4058
f 3993/3993/3993 4058/4058/4058 3992/3992/3992
f 4058/4058/4058 3993/3993/3993 4059/4059/4059
f 3994/3994/3994 4059/4059/4059 3993/3993/3993
f 4059/4059/4059 3994/3994/3994 4060/4060/4060
f 3995/3995/3995 4060/4060/4060 3994/3994/3994
f 4060/4060/4060 3995/3995/3995 4061/4061/4061
f 3996/3996/3996 4061/4061/4061 3995/3995/3995
f 4061/4061/4061 3996/3996/3996 4062/4062/4062
f 3997/3997/3997 4062/4062/4062 3996/3996/3996
f 4062/4062/4062 3997/3997/3997 4063/4063/4063
f 3998/3998/3998 4063/4063/4063 3997/3997/3997
f 4063/4063/4063 3998/3998/3998 4064/4064/4064
f 3999/3999/3999 4064/4064/4064 3998/3998/3998
f 4064/4064/4064 3999/3999/3999 4065/4065/4065
f 4000/4000/4000 4065/4065/4065 3999/3999/3999
f 4065/4065/4065 4000/4000/4000 4066/4066/4066
f 4001/4001/4001 4066/4066/4066 4000/4000/4000
f 4066/4066/4066 4001/4001/4001 4067/4067/4067
f 4002/4002/4002 4067/4067/4067 4001/4001/4001
f 4067/4067/4067 4002/4002/4002 4068/4068/4068
f 4003/4003/4003 4068/4068/4068 4002/4002/4002
f 4068/4068/4068 4003/4003/4003 4069/4069/4069
f 4004/4004/4004 4069/4069/4069 4003/4003/4003
f 4069/4069/4069 4004/4004/4004 4070/4070/4070
f 4005/4005/4005 4070/4070/4070 4004/4004/4004
f 4070/4070/4070 4005/4005/4005 4071/4071/4071
f 4006/4006/4006 4071/4071/4071 4005/4005/4005
f 4071/4071/4071 4006/4006/4006 4072/4072/4072
f 4007/4007/4007 4072/4072/4072 4006/4006/4006
f 4072/4072/4072 4007/4007/4007 4073/4073/4073
f 4008/4008/4008 4073/4073/4073 4007/4007/4007
f 4073/4073/4073 4008/4008/4008 4074/4074/4074
f 4009/4009/4009 4074/4074/4074 4008/4008/4008
f 4074/4074/4074 4009/4009/4009 4075/4075/4075
f 4010/4010/4010 4075/4075/4075 4009/4009/4009
f 4075/4075/4075 4010/4010/4010 4076/4076/4076
f 4011/4011/4011 4076/4076/4076 4010/4010/4010
f 4076/4076/4076 4011/4011/4011 4077/4077/4077
f 4012/4012/4012 4077/4077/4077 4011/4011/4011
f 4077/4077/4077 4012/4012/4012 4078/4078/4078
f 4013/4013/4013 4078/4078/4078 4012/4012/4012
f 4078/4078/4078 4013/4013/4013 4079/4079/4079
f 4014/4014/4014 4079/4079/4079 4013/4013/4013
f 4079/4079/4079 4014/4014/4014 4080/4080/4080
f 4015/4015/4015 4080/4080/4080 4014/4014/4014
f 4080/4080/4080 4015/4015/4015 4081/4081/4081
f 4016/4016/4016 4081/4081/4081 4015/4015/4015
f 4081/4081/4081 4016/4016/4016 4082/4082/4082
f 4017/4017/4017 4082/4082/4082 4016/4016/4016
f 4082/4082/4082 4017/4017/4017 4083/4083/4083
f 4018/4018/4018 4083/4083/4083 4017/4017/4017
f 4083/4083/4083 4018/4018/4018 4084/4084/4084
f 4019/4019/4019 4084/4084/4084 4018/4018/4018
f 4084/4084/4084 4019/4019/4019 4085/4085/4085
f 4020/4020/4020 4085/4085/4085 4019/4019/4019
f 4085/4085/4085 4020/4020/4020 4086/4086/4086
f 4021/4021/4021 4086/4086/4086 4020/4020/4020
f 4086/4086/4086 4021/4021/4021 4087/4087/4087
f 4022/4022/4022 4087/4087/4087 4021/4021/4021
f 4087/4087/4087 4022/4022/4022 4088/4088/4088
f 4023/4023/4023 4088/4088/4088 4022/4022/4022
f 4088/4088/4088 4023/4023/4023 4089/4089/4089
f 4024/4024/4024 4089/4089/4089 4023/4023/4023
f 4089/4089/4089 4024/4024/4024 4090/4090/4090
f 4025/4025/4025 4090/4090/4090 4024/4024/4024
f 4090/4090/4090 4025/4025/4025 4091/4091/4091
f 4026/4026/4026 4091/4091/4091 4025/4025/4025
f 4091/4091/4091 4026/4026/4026 4092/4092/4092
f 4027/4027/4027 4092/4092/4092 4026/4026/4026
f 4092/4092/4092 4027/4027/4027 4093/4093/4093
f 4028/4028/4028 4093/4093/4093 4027/4027/4027
f 4093/4093/4093 4028/4028/4028 4094/4094/4094
f 4029/4029/4029 4094/4094/4094 4028/4028/4028
f 4094/4094/4094 4029/4029/4029 4095/4095/4095
f 4030/4030/4030 4095/4095/4095 4029/4029/4029
f 4096/4096/4096 4031/4031/4031 4097/4097/4097
f 4032/4032/4032 4097/4097/4097 4031/4031/4031
f 4097/4097/4097 4032/4032/4032 4098/4098/4098
f 4033/4033/4033 4098/4098/4098 4032/4032/4032
f 4098/4098/4098 4033/4033/4033 4099/4099/4099
f 4034/4034/4034 4099/4099/4099 4033/4033/4033
f 4099/4099/4099 4034/4034/4034 4100/4100/4100
f 4035/4035/4035 4100/4100/4100 4034/4034/4034
f 4100/4100/4100 4035/4035/4035 4101/4101/4101
f 4036/4036/4036 4101/4101/4101 4035/4035/4035
f 4101/4101/4101 4036/4036/4036 4102/4102/4102
f 4037/4037/4037 4102/4102/4102 4036/4036/4036
f 4102/4102/4102 4037/4037/4037 4103/4103/4103
f 4038/4038/4038 4103/4103/4103 4037/4037/4037
f 4103/4103/4103 4038/4038/4038 4104/4104/4104
f 4039/4039/4039 4104/4104/4104 4038/4038/4038
f 4104/4104/4104 4039/4039/4039 4105/4105/4105
f 4040/4040/4040 4105/4105/4105 4039/4039/4039
f 4105/4105/4105 4040/4040/4040 4106/4106/4106
f 4041/4041/4041 4106/4106/4106 4040/4040/4040
f 4106/4106/4106 4041/4041/4041 4107/4107/4107
f 4042/4042/4042 4107/4107/4107 4041/4041/4041
f 4107/4107/4107 4042/4042/4042 4108/4108/4108
f 4043/4043/4043 4108/4108/4108 4042/4042/4042
f 4108/4108/4108 4043/4043/4043 4109/4109/4109
f 4044/4044/4044 4109/4109/4109 4043/4043/4043
f 4109/4109/4109 4044/4044/4044 4110/4110/4110
f 4045/4045/4045 4110/4110/4110 4044/4044/4044
f 4110/4110/4110 4045/4045/4045 4111/4111/4111
f 4046/4046/4046 4111/4111/4111 4045/4045/4045
f 4111/4111/4111 4046/4046/4046 4112/4112/4112
f 4047/4047/4047 4112/4112/4112 4046/4046/4046
f 4112/4112/4112 4047/4047/4047 4113/4113/4113
f 4048/4048/4048 4113/4113/4113 4047/4047/4047
f 4113/4113/4113 4048/4048/4048 4114/4114/4114
f 4049/4049/4049 4114/4114/4114 4048/4048/4048
f 4114/4114/4114 4049/4049/4049 4115/4115/4115
f 4050/4050/4050 4115/4115/4115 4049/4049/4049
f 4115/4115/4115 4050/4050/4050 4116/4116/4116
f 4051/4051/4051 4116/4116/4116 4050/4050/4050
f 4116/4116/4116 4051/4051/4051 4117/4117/4117
f 4052/4052/4052 4117/4117/4117 4051/4051/4051
f 4117/4117/4117 4052/4052/4052 4118/4118/4118
f 4053/4053/4053 4118/4118/4118 4052/4052/4052
f 4118/4118/4118 4053/4053/4053 4119/4119/4119
f 4054/4054/4054 4119/4119/4119 4053/4053/4053
f 4119/4119/4119 4054/4054/4054 4120/4120/4120
f 4055/4055/4055 4120/4120/4120 4054/4054/4054
f 4120/4120/4120 4055/4055/4055 4121/4121/4121
f 4056/4056/4056 4121/4121/4121 4055/4055/4055
f 4121/4121/4121 4056/4056/4056 4122/4122/4122
f 4057/4057/4057 4122/4122/4122 4056/4056/4056
f 4122/4122/4122 4057/4057/4057 4123/4123/4123
f 4058/4058/4058 4123/4123/4123 4057/4057/4057
f 4123/4123/4123 4058/4058/4058 4124/4124/4124
f 4059/4059/4059 4124/4124/4124 4058/4058/4058
f 4124/4124/4124 4059/4059/4059 4125/4125/4125
f 4060/4060/4060 4125/4125/4125 4059/4059/4059
f 4125/4125/4125 4060/4060/4060 4126/4126/4126
f 4061/4061/4061 4126/4126/4126 4060/4060/4060
f 4126/4126/4126 4061/4061/4061 4127/4127/4127
f 4062/4062/4062 4127/4127/4127 4061/4061/4061
f 4127/4127/4127 4062/4062/4062 4128/4128/4128
f 4063/4063/4063 4128/4128/4128 4062/4062/4062
f 4128/4128/4128 4063/4063/4063 4129/4129/4129
f 4064/4064/4064 4129/4129/4129 4063/4063/4063
f 4129/4129/4129 4064/4064/4064 4130/4130/4130
f 4065/4065/4065 4130/4130/4130 4064/4064/4064
f 4130/4130/4130 4065/4065/4065 4131/4131/4131
f 4066/4066/4066 4131/4131/4131 4065/4065/4065
f 4131/4131/4131 4066/4066/4066 4132/4132/4132
f 4067/4067/4067 4132/4132/4132 4066/4066/4066
f 4132/4132/4132 4067/4067/4067 4133/4133/4133
f 4068/4068/4068 4133/4133/4133 4067/4067/4067
f 4133/4133/4133 4068/4068/4068 4134/4134/4134
f 4069/4069/4069 4134/4134/4134 4068/4068/4068
f 4134/4134/4134 4069/4069/4069 4135/4135/4135
f 4070/4070/4070 4135/4135/4135 4069/4069/4069
f 4135/4135/4135 4070/4070/4070 4136/4136/4136
f 4071/4071/4071 4136/4136/4136 4070/4070/4070
f 4136/4136/4136 4071/4071/4071 4137/4137/4137
f 4072/4072/4072 4137/4137/4137 4071/4071/4071
f 4137/4137/4137 4072/4072/4072 4138/4138/4138
f 4073/4073/4073 4138/4138/4138 4072/4072/4072
f 4138/4138/4138 4073/4073/4073 4139/4139/4139
f 4074/4074/4074 4139/4139/4139 4073/4073/4073
f 4139/4139/4139 4074/4074/4074 4140/4140/4140
f 4075/4075/4075 4140/4140/4140 4074/4074/4074
f 4140/4140/4140 4075/4075/4075 4141/4141/4141
f 4076/4076/4076 4141/4141/4141 4075/4075/4075
f 4141/4141/4141 4076/4076/4076 4142/4142/4142
f 4077/4077/4077 4142/4142/4142 4076/4076/4076
f 4142/4142/4142 4077/4077/4077 4143/4143/4143
f 4078/4078/4078 4143/4143/4143 4077/4077/4077
f 4143/4143/4143 4078/4078/4078 4144/4144/4144
f 4079/4079/4079 4144/4144/4144 4078/4078/4078
f 4144/4144/4144 4079/4079/4079 4145/4145/4145
f 4080/4080/4080 4145/4145/4145 4079/4079/4079
f 4145/4145/4145 4080/4080/4080 4146/4146/4146
f 4081/4081/4081 4146/4146/4146 4080/4080/4080
f 4146/4146/4146 4081/4081/4081 4147/4147/4147
f 4082/4082/4082 4147/4147/4147 4081/4081/4081
f 4147/4147/4147 4082/4082/4082 4148/4148/4148
f 4083/4083/4083 4148/4148/4148 4082/4082/4082
f 4148/4148/4148 4083/4083/4083 4149/4149/4149
f 4084/4084/4084 4149/4149/4149 4083/4083/4083
f 4149/4149/4149 4084/4084/4084 4150/4150/4150
f 4085/4085/4085 4150/4150/4150 4084/4084/4084
f 4150/4150/4150 4085/4085/4085 4151/4151/4151
f 4086/4086/4086 4151/4151/4151 4085/4085/4085
f 4151/4151/4151 4086/4086/4086 4152/4152/4152
f 4087/4087/4087 4152/4152/4152 4086/4086/4086
f 4152/4152/4152 4087/4087/4087 4153/4153/4153
f 4088/4088/4088 4153/4153/4153 4087/4087/4087
f 4153/4153/4153 4088/4088/4088 4154/4154/4154
f 4089/4089/4089 4154/4154/4154 4088/4088/4088
f 4154/4154/4154 4089/4089/4089 4155/4155/4155
f 4090/4090/4090 4155/4155/4155 4089/4089/4089
f 4155/4155/4155 4090/4090/4090 4156/4156/4156
f 4091/4091/4091 4156/4156/4156 4090/4090/4090
f 4156/4156/4156 4091/4091/4091 4157/4157/4157
f 4092/4092/4092 4157/4157/4157 4091/4091/4091
f 4157/4157/4157 4092/4092/4092 4158/4158/4158
f 4093/4093/4093 4158/4158/4158 4092/4092/4092
f 4158/4158/4158 4093/4093/4093 4159/4159/4159
f 4094/4094/4094 4159/4159/4159 4093/4093/4093
f 4159/4159/4159 4094/4094/4094 4160/4160/4160
f 4095/4095/4095 4160/4160/4160 4094/4094/4094
f 4161/4161/4161 4096/4096/4096 4162/4162/4162
f 4097/4097/4097 4162/4162/4162 4096/4096/4096
f 4162/4162/4162 4097/4097/4097 4163/4163/4163
f 4098/4098/4098 4163/4163/4163 4097/4097/4097
f 4163/4163/4163 4098/4098/4098 4164/4164/4164
f 4099/4099/4099 4164/4164/4164 4098/4098/4098
f 4164/4164/4164 4099/4099/4099 4165/4165/4165
f 4100/4100/4100 4165/4165/4165 4099/4099/4099
f 4165/4165/4165 4100/4100/4100 4166/4166/4166
f 4101/4101/4101 4166/4166/4166 4100/4100/4100
f 4166/4166/4166 4101/4101/4101 4167/4167/4167
f 4102/4102/4102 4167/4167/4167 4101/4101/4101
f 4167/4167/4167 4102/4102/4102 4168/4168/4168
f 4103/4103/4103 4168/4168/4168 4102/4102/4102
f 4168/4168/4168 4103/4103/4103 4169/4169/4169
f 4104/4104/4104 4169/4169/4169 4103/4103/4103
f 4169/4169/4169 4104/4104/4104 4170/4170/4170
f 4105/4105/4105 4170/4170/4170 4104/4104/4104
f 4170/4170/4170 4105/4105/4105 4171/4171/4171
f 4106/4106/4106 4171/4171/4171 4105/4105/4105
f 4171/4171/4171 4106/4106/4106 4172/4172/4172
f 4107/4107/4107 4172/4172/4172 4106/4106/4106
f 4172/4172/4172 4107/4107/4107 4173/4173/4173
f 4108/4108/4108 4173/4173/4173 4107/4107/4107
f 4173/4173/4173 4108/4108/4108 4174/4174/4174
f 4109/4109/4109 4174/4174/4174 4108/4108/4108
f 4174/4174/4174 4109/4109/4109 4175/4175/4175
f 4110/4110/4110 4175/4175/4175 4109/4109/4109
f 4175/4175/4175 4110/4110/4110 4176/4176/4176
f 4111/4111/4111 4176/4176/4176 4110/4110/4110
f 4176/4176/4176 4111/4111/4111 4177/4177/4177
f 4112/4112/4112 4177/4177/4177 4111/4111/4111
f 4177/4177/4177 4112/4112/4112 4178/4178/4178
f 4113/4113/4113 4178/4178/4178 4112/4112/4112
f 4178/4178/4178 4113/4113/4113 4179/4179/4179
f 4114/4114/4114 4179/4179/4179 4113/4113/4113
f 4179/4179/4179 4114/4114/4114 4180/4180/4180
f 4115/4115/4115 4180/4180/4180 4114/4114/4114
f 4180/4180/4180 4115/4115/4115 4181/4181/4181
f 4116/4116/4116 4181/4181/4181 4115/4115/4115
f 4181/4181/4181 4116/4116/4116 4182/4182/4182
f 4117/4117/4117 4182/4182/4182 4116/4116/4116
f 4182/4182/4182 4117/4117/4117 4183/4183/4183
f 4118/4118/4118 4183/4183/4183 4117/4117/4117
f 4183/4183/4183 4118/4118/4118 4184/4184/4184
f 4119/4119/4119 4184/4184/4184 4118/4118/4118
f 4184/4184/4184 4119/4119/4119 4185/4185/4185
f 4120/4120/4120 4185/4185/4185 4119/4119/4119
f 4185/4185/4185 4120/4120/4120 4186/4186/4186
f 4121/4121/4121 4186/4186/4186 4120/4120/4120
f 4186/4186/4186 4121/4121/4121 4187/4187/4187
f 4122/4122/4122 4187/4187/4187 4121/4121/4121
f 4187/4187/4187 4122/4122/4122 4188/4188/4188
f 4123/4123/4123 4188/4188/4188 4122/4122/4122
f 4188/4188/4188 4123/4123/4123 4189/4189/4189
f 4124/4124/4124 4189/4189/4189 4123/4123/4123
f 4189/4189/4189 4124/4124/4124 4190/4190/4190
f 4125/4125/4125 4190/4190/4190 4124/4124/4124
f 4190/4190/4190 4125/4125/4125 4191/4191/4191
f 4126/4126/4126 4191/4191/4191 4125/4125/4125
f 4191/4191/4191 4126/4126/4126 4192/4192/4192
f 4127/4127/4127 4192/4192/4192 4126/4126/4126
f 4192/4192/4192 4127/4127/4127 4193/4193/4193
f 4128/4128/4128 4193/4193/4193 4127/4127/4127
f 4193/4193/4193 4128/4128/4128 4194/4194/4194
f 4129/4129/4129 4194/4194/4194 4128/4128/4128
f 4194/4194/4194 4129/4129/4129 4195/4195/4195
f 4130/4130/4130 4195/4195/4195 4129/4129/4129
f 4195/4195/4195 4130/4130/4130 4196/4196/4196
f 4131/4131/4131 4196/4196/4196 4130/4130/4130
f 4196/4196/4196 4131/4131/4131 4197/4197/4197
f 4132/4132/4132 4197/4197/4197 4131/4131/4131
f 4197/4197/4197 4132/4132/4132 4198/4198/4198
f 4133/4133/4133 4198/4198/4198 4132/4132/4132
f 4198/4198/4198 4133/4133/4133 4199/4199/4199
f 4134/4134/4134 4199/4199/4199 4133/4133/4133
f 4199/4199/4199 4134/4134/4134 4200/4200/4200
f 4135/4135/4135 4200/4200/4200 4134/4134/4134
f 4200/4200/4200 4135/4135/4135 4201/4201/4201
f 4136/4136/4136 4201/4201/4201 4135/4135/4135
f 4201/4201/4201 4136/4136/4136 4202/4202/4202
f 4137/4137/4137 4202/4202/4202 4136/4136/4136
f 4202/4202/4202 4137/4137/4137 4203/4203/4203
f 4138/4138/4138 4203/4203/4203 4137/4137/4137
f 4203/4203/4203 4138/4138/4138 4204/4204/4204
f 4139/4139/4139 4204/4204/4204 4138/4138/4138
f 4204/4204/4204 4139/4139/4139 4205/4205/4205
f 4140/4140/4140 4205/4205/4205 4139/4139/4139
f 4205/4205/4205 4140/4140/4140 4206/4206/4206
f 4141/4141/4141 4206/4206/4206 4140/4140/4140
f 4206/4206/4206 4141/4141/4141 4207/4207/4207
f 4142/4142/4142 4207/4207/4207 4141/4141/4141
f 4207/4207/4207 4142/4142/4142 4208/4208/4208
f 4143/4143/4143 4208/4208/4208 4142/4142/4142
f 4208/4208/4208 4143/4143/4143 4209/4209/4209
f 4144/4144/4144 4209/4209/4209 4143/4143/4143
f 4209/4209/4209 4144/4144/4144 4210/4210/4210
f 4145/4145/4145 4210/4210/4210 4144/4144/4144
f 4210/4210/4210 4145/4145/4145 4211/4211/4211
f 4146/4146/4146 4211/4211/4211 4145/4145/4145
f 4211/4211/4211 4146/4146/4146 4212/4212/4212
f 4147/4147/4147 4212/4212/4212 4146/4146/4146
f 4212/4212/4212 4147/4147/4147 4213/4213/4213
f 4148/4148/4148 4213/4213/4213 4147/4147/4147
f 4213/4213/4213 4148/4148/4148 4214/4214/4214
f 4149/4149/4149 4214/4214/4214 4148/4148/4148
f 4214/4214/4214 4149/4149/4149 4215/4215/4215
f 4150/4150/4150 4215/4215/4215 4149/4149/4149
f 4215/4215/4215 4150/4150/4150 4216/4216/4216
f 4151/4151/4151 4216/4216/4216 4150/4150/4150
f 4216/4216/4216 4151/4151/4151 4217/4217/4217
f 4152/4152/4152 4217/4217/4217 4151/4151/4151
f 4217/4217/4217 4152/4152/4152 4218/4218/4218
f 4153/4153/4153 4218/4218/4218 4152/4152/4152
f 4218/4218/4218 4153/4153/4153 4219/4219/4219
f 4154/4154/4154 4219/4219/4219 4153/4153/4153
f 4219/4219/4219 4154/4154/4154 4220/4220/4220
f 4155/4155/4155 4220/4220/4220 4154/4154/4154
f 4220/4220/4220 4155/4155/4155 4221/4221/4221
f 4156/4156/4156 4221/4221/4221 4155/4155/4155
f 4221/4221/4221 4156/4156/4156 4222/4222/4222
f 4157/4157/4157 4222/4222/4222 4156/4156/4156
f 4222/4222/4222 4157/4157/4157 4223/4223/4223
f 4158/4158/4158 4223/4223/4223 4157/4157/4157
f 4223/4223/4223 4158/4158/4158 4224/4224/4224
f 4159/4159/4159 4224/4224/4224 4158/4158/4158
f 4224/4224/4224 4159/4159/4159 4225/4225/4225
f 4160/4160/4160 4225/4225/4225 4159/4159/4159
# 8192 faces

