rva,id,size,grade,source_file,source_line,source_function,signals,notes
0x000b54a0,phys_fn_004874,76,unmapped,IcePrunable.cpp (NovodeX; absent from OPCODE 1.3),,Prunable::Prunable,vtable@0011b5a4 slot identity; file/line literal 0011b5d4; assert line immediates 0x98/0xAE,"Not OPCODE 1.3: no IcePrunable.* in either pinned tree. NovodeX scene-query prunable base. P4 Task 2b reconstructed it; the grade stays `unmapped` because that is a statement about OPCODE 1.3, which still has no counterpart."
0x000b54f0,phys_fn_004876,40,unmapped,IcePrunable.cpp (NovodeX; absent from OPCODE 1.3),,Prunable::SetFlags(udword) [vslot1],vtable@0011b5a4 slot identity; file/line literal 0011b5d4; assert line immediates 0x98/0xAE,"Not OPCODE 1.3: no IcePrunable.* in either pinned tree. NovodeX scene-query prunable base. P4 Task 2b reconstructed it; the grade stays `unmapped` because that is a statement about OPCODE 1.3, which still has no counterpart."
0x000b5520,phys_fn_004878,45,unmapped,IcePrunable.cpp (NovodeX; absent from OPCODE 1.3),,Prunable::ClearFlags(udword) [vslot2],vtable@0011b5a4 slot identity; file/line literal 0011b5d4; assert line immediates 0x98/0xAE,"Not OPCODE 1.3: no IcePrunable.* in either pinned tree. NovodeX scene-query prunable base. P4 Task 2b reconstructed it; the grade stays `unmapped` because that is a statement about OPCODE 1.3, which still has no counterpart."
0x000b5550,phys_fn_004880,25,unmapped,IcePrunable.cpp (NovodeX; absent from OPCODE 1.3),,Prunable::ToggleFlags(udword) [vslot3],vtable@0011b5a4 slot identity; file/line literal 0011b5d4; assert line immediates 0x98/0xAE,"Not OPCODE 1.3: no IcePrunable.* in either pinned tree. NovodeX scene-query prunable base. P4 Task 2b reconstructed it; the grade stays `unmapped` because that is a statement about OPCODE 1.3, which still has no counterpart."
0x000b5570,phys_fn_004882,27,unmapped,IcePrunable.cpp (NovodeX; absent from OPCODE 1.3),,"Prunable::SetOrClearFlags(udword,bool) [vslot4]",vtable@0011b5a4 slot identity; file/line literal 0011b5d4; assert line immediates 0x98/0xAE,"Not OPCODE 1.3: no IcePrunable.* in either pinned tree. NovodeX scene-query prunable base. P4 Task 2b reconstructed it; the grade stays `unmapped` because that is a statement about OPCODE 1.3, which still has no counterpart."
0x000b5590,phys_fn_004884,29,unmapped,IcePrunable.cpp (NovodeX; absent from OPCODE 1.3),,Prunable::GetWorldAABB (mHandle*24 into pruner array),vtable@0011b5a4 slot identity; file/line literal 0011b5d4; assert line immediates 0x98/0xAE,"Not OPCODE 1.3: no IcePrunable.* in either pinned tree. NovodeX scene-query prunable base. P4 Task 2b reconstructed it; the grade stays `unmapped` because that is a statement about OPCODE 1.3, which still has no counterpart."
0x000b55b0,phys_fn_004886,34,unmapped,IcePrunable.cpp (NovodeX; absent from OPCODE 1.3),,"Prunable::UpdateWorldAABB (global cb [0x128478], sets flag 2)",vtable@0011b5a4 slot identity; file/line literal 0011b5d4; assert line immediates 0x98/0xAE,"Not OPCODE 1.3: no IcePrunable.* in either pinned tree. NovodeX scene-query prunable base. P4 Task 2b reconstructed it; the grade stays `unmapped` because that is a statement about OPCODE 1.3, which still has no counterpart."
0x000b55e0,phys_fn_004888,47,unmapped,IcePrunable.cpp (NovodeX; absent from OPCODE 1.3),152,Prunable::SetPruningType (range<4),vtable@0011b5a4 slot identity; file/line literal 0011b5d4; assert line immediates 0x98/0xAE,"Not OPCODE 1.3: no IcePrunable.* in either pinned tree. NovodeX scene-query prunable base. P4 Task 2b reconstructed it; the grade stays `unmapped` because that is a statement about OPCODE 1.3, which still has no counterpart."
0x000b5610,phys_fn_004890,47,unmapped,IcePrunable.cpp (NovodeX; absent from OPCODE 1.3),174,Prunable::SetPruningSection (range<3),vtable@0011b5a4 slot identity; file/line literal 0011b5d4; assert line immediates 0x98/0xAE,"Not OPCODE 1.3: no IcePrunable.* in either pinned tree. NovodeX scene-query prunable base. P4 Task 2b reconstructed it; the grade stays `unmapped` because that is a statement about OPCODE 1.3, which still has no counterpart."
0x000b5640,phys_fn_004892,39,unmapped,IcePrunable.cpp (NovodeX; absent from OPCODE 1.3),,Prunable::~Prunable,vtable@0011b5a4 slot identity; file/line literal 0011b5d4; assert line immediates 0x98/0xAE,"Not OPCODE 1.3: no IcePrunable.* in either pinned tree. NovodeX scene-query prunable base. P4 Task 2b reconstructed it; the grade stays `unmapped` because that is a statement about OPCODE 1.3, which still has no counterpart."
0x000b5670,phys_fn_004894,83,unmapped,IcePrunable.cpp (NovodeX; absent from OPCODE 1.3),,Prunable::GetUpdatedWorldAABB,vtable@0011b5a4 slot identity; file/line literal 0011b5d4; assert line immediates 0x98/0xAE,"Not OPCODE 1.3: no IcePrunable.* in either pinned tree. NovodeX scene-query prunable base. P4 Task 2b reconstructed it; the grade stays `unmapped` because that is a statement about OPCODE 1.3, which still has no counterpart."
0x000b56d0,phys_fn_004896,64,unmapped,IcePrunable.cpp (NovodeX; absent from OPCODE 1.3),,Prunable::`scalar deleting destructor' [vslot0],vtable@0011b5a4 slot identity; file/line literal 0011b5d4; assert line immediates 0x98/0xAE,"Not OPCODE 1.3: no IcePrunable.* in either pinned tree. NovodeX scene-query prunable base. P4 Task 2b reconstructed it; the grade stays `unmapped` because that is a statement about OPCODE 1.3, which still has no counterpart."
0x000b5710,phys_fn_004897,5,mapped,OPC_Collider.h,173,Collider::InitQuery,exact body mFlags &= ~0xC (OPC_TEMPORAL_CONTACT = OPC_CONTACT|OPC_TEMPORAL_HIT); Collider vtable 0011bbec slot2,
0x000b5720,phys_fn_004899,61,mapped,OPC_RayCollider.cpp,205,RayCollider::RayCollider,vptr=0011b628; mMaxDist=MAX_FLOAT(0x7f7fffff) at +0x84; two bool flags,
0x000b5760,phys_fn_004901,11,mapped,OPC_RayCollider.cpp,226,RayCollider::~RayCollider,vptr=0011b628 then Collider::~Collider,
0x000b5770,phys_fn_004903,91,mapped,OPC_RayCollider.cpp,236,RayCollider::ValidateSettings,references all 5 RayCollider diagnostic literals 0011b638..0011b724; vtable 0011b628 slot1,
0x000b57d0,phys_fn_004905,2980,mapped,OPC_RayCollider.cpp,337,RayCollider::InitQuery,first callee of Collide@000ba6f0 and of Collide(tree)@000ba880; calls InvertPRMatrix,
0x000b6380,phys_fn_004907,13,mapped,OPC_RayCollider.cpp,493,RayCollider::_SegmentStab(const AABBCollisionNode*),"image order == source definition order; Collide@000ba6f0 calls them in the exact reverse dispatch order QNL,NL,Q,C x {_SegmentStab,_RayStab}; quantized>plain and noleaf>leaf byte sizes",
0x000b6390,phys_fn_004909,1379,mapped,OPC_RayCollider.cpp,493,RayCollider::_SegmentStab(const AABBCollisionNode*) [body],"image order == source definition order; Collide@000ba6f0 calls them in the exact reverse dispatch order QNL,NL,Q,C x {_SegmentStab,_RayStab}; quantized>plain and noleaf>leaf byte sizes",
0x000b6900,phys_fn_004911,13,mapped,OPC_RayCollider.cpp,518,RayCollider::_SegmentStab(const AABBQuantizedNode*),"image order == source definition order; Collide@000ba6f0 calls them in the exact reverse dispatch order QNL,NL,Q,C x {_SegmentStab,_RayStab}; quantized>plain and noleaf>leaf byte sizes",
0x000b6910,phys_fn_004913,1503,mapped,OPC_RayCollider.cpp,518,RayCollider::_SegmentStab(const AABBQuantizedNode*) [body],"image order == source definition order; Collide@000ba6f0 calls them in the exact reverse dispatch order QNL,NL,Q,C x {_SegmentStab,_RayStab}; quantized>plain and noleaf>leaf byte sizes",
0x000b6ef0,phys_fn_004915,2446,mapped,OPC_RayCollider.cpp,548,RayCollider::_SegmentStab(const AABBNoLeafNode*),"image order == source definition order; Collide@000ba6f0 calls them in the exact reverse dispatch order QNL,NL,Q,C x {_SegmentStab,_RayStab}; quantized>plain and noleaf>leaf byte sizes",
0x000b7880,phys_fn_004917,2587,mapped,OPC_RayCollider.cpp,574,RayCollider::_SegmentStab(const AABBQuantizedNoLeafNode*),"image order == source definition order; Collide@000ba6f0 calls them in the exact reverse dispatch order QNL,NL,Q,C x {_SegmentStab,_RayStab}; quantized>plain and noleaf>leaf byte sizes",
0x000b82a0,phys_fn_004919,532,mapped,OPC_RayCollider.cpp,606,"RayCollider::_SegmentStab(const AABBTreeNode*, Container&)","image order == source definition order; Collide@000ba6f0 calls them in the exact reverse dispatch order QNL,NL,Q,C x {_SegmentStab,_RayStab}; quantized>plain and noleaf>leaf byte sizes",
0x000b84c0,phys_fn_004921,1418,mapped,OPC_RayCollider.cpp,631,RayCollider::_RayStab(const AABBCollisionNode*),"image order == source definition order; Collide@000ba6f0 calls them in the exact reverse dispatch order QNL,NL,Q,C x {_SegmentStab,_RayStab}; quantized>plain and noleaf>leaf byte sizes",
0x000b8a50,phys_fn_004923,1560,mapped,OPC_RayCollider.cpp,656,RayCollider::_RayStab(const AABBQuantizedNode*),"image order == source definition order; Collide@000ba6f0 calls them in the exact reverse dispatch order QNL,NL,Q,C x {_SegmentStab,_RayStab}; quantized>plain and noleaf>leaf byte sizes",
0x000b9070,phys_fn_004925,2487,mapped,OPC_RayCollider.cpp,686,RayCollider::_RayStab(const AABBNoLeafNode*),"image order == source definition order; Collide@000ba6f0 calls them in the exact reverse dispatch order QNL,NL,Q,C x {_SegmentStab,_RayStab}; quantized>plain and noleaf>leaf byte sizes",
0x000b9a30,phys_fn_004927,2624,mapped,OPC_RayCollider.cpp,712,RayCollider::_RayStab(const AABBQuantizedNoLeafNode*),"image order == source definition order; Collide@000ba6f0 calls them in the exact reverse dispatch order QNL,NL,Q,C x {_SegmentStab,_RayStab}; quantized>plain and noleaf>leaf byte sizes",
0x000ba470,phys_fn_004928,578,mapped,OPC_RayCollider.cpp,744,"RayCollider::_RayStab(const AABBTreeNode*, Container&)","image order == source definition order; Collide@000ba6f0 calls them in the exact reverse dispatch order QNL,NL,Q,C x {_SegmentStab,_RayStab}; quantized>plain and noleaf>leaf byte sizes",
0x000ba6c0,phys_fn_004930,36,mapped,OPC_RayCollider.cpp,226,RayCollider::`scalar deleting destructor',vtable 0011b628 slot0,
0x000ba6f0,phys_fn_004932,398,mapped,OPC_RayCollider.cpp,262,"RayCollider::Collide(const Ray&, const Model&, const Matrix4x4*, udword*)",9 callees = InitQuery + 8 stabbers in exact source dispatch order,
0x000ba880,phys_fn_004934,91,mapped,OPC_RayCollider.cpp,463,"RayCollider::Collide(const Ray&, const AABBTree*, Container&)",3 callees = InitQuery + _SegmentStab(AABBTreeNode) + _RayStab(AABBTreeNode),
0x000ba8e0,phys_fn_004936,3108,mapped,OPC_TriTriOverlap.h,,"CoplanarTriTri(const Point&, const Point&, const Point&, const Point&, const Point&, const Point&, const Point&)",3108B / 668 x87 leaf; called by AABBTreeCollider::PrimTest and by every _Collide/_CollideTriBox/_CollideBoxTri,"Vendored-correspondence Task 3: renamed from ""TriTriOverlap(V0,V1,V2,U0,U1,U2)"". The body opens with fabs of the three normal components (0x000ba8e9..0x000ba8fb), which is CoplanarTriTri (OPC_TriTriOverlap.h:75), and it is reached by a call from the TriTriOverlap that PrimTest inlines (0x000bc4b2), whose six epsilon tests against 1e-6 (.rdata:0x00106880) sit in PrimTest itself."
0x000bb510,phys_fn_004938,57,mapped,OPC_TreeCollider.cpp,45,AABBTreeCollider::AABBTreeCollider,"vptr=0011b750; calls Collider::Collider directly (derives from Collider, not VolumeCollider); mPairs container ctor at +0x10; mFullBoxBoxTest/mFullPrimBoxTest = true at +0x110/+0x111",
0x000bb550,phys_fn_004940,25,mapped,OPC_TreeCollider.cpp,61,AABBTreeCollider::~AABBTreeCollider,vptr=0011b750; container dtor on mPairs; tail-jmp Collider::~Collider,
0x000bb570,phys_fn_004942,20,mapped,OPC_TreeCollider.cpp,71,AABBTreeCollider::ValidateSettings,"literal ""Temporal coherence only works with First contact mode!"" @0011b6ec; vtable 0011b750 slot1; returns null otherwise",
0x000bb590,phys_fn_004944,1933,mapped,OPC_TreeCollider.cpp,235,"AABBTreeCollider::InitQuery(const Matrix4x4*, const Matrix4x4*)","calls InvertPRMatrix; first callee of all four Collide(tree,tree) overloads",
0x000bbd20,phys_fn_004946,58,probable,OPC_TreeCollider.cpp,235,AABBTreeCollider::InitQuery [outlined block],only caller is 000bb590; 58B / 12 x87,outlined fragment; exact source statement not pinned
0x000bbd60,phys_fn_004948,2567,mapped,OPC_TreeCollider.cpp,528,"AABBTreeCollider::PrimTest(udword, udword)","called by all four Collide(tree,tree) overloads (CheckTemporalCoherence :277 inlined); calls TriTriOverlap",
0x000bc770,phys_fn_004950,6842,mapped,OPC_TreeCollider.cpp,602,AABBTreeCollider::_CollideTriBox(const AABBNoLeafNode*),"first helper callee of _Collide(NoLeaf,NoLeaf)@000bfd10; calls TriTriOverlap + mesh accessor",
0x000be230,phys_fn_004952,6873,mapped,OPC_TreeCollider.cpp,624,AABBTreeCollider::_CollideBoxTri(const AABBNoLeafNode*),"second helper callee of _Collide(NoLeaf,NoLeaf)@000bfd10",
0x000bfd10,phys_fn_004954,13042,mapped,OPC_TreeCollider.cpp,657,"AABBTreeCollider::_Collide(const AABBNoLeafNode*, const AABBNoLeafNode*)",calls _CollideTriBox + _CollideBoxTri; reached from Collide(AABBNoLeafTree*)@000d0960,
0x000c3010,phys_fn_004956,2149,mapped,OPC_TreeCollider.cpp,752,"AABBTreeCollider::_Collide(const AABBQuantizedNode*, const AABBQuantizedNode*, const Point&, const Point&, const Point&, const Point&)",reached only from the 522-byte dequantizing Collide@000d09e0; calls PrimTest,
0x000c3880,phys_fn_004958,985,mapped,OPC_TreeCollider.cpp,804,AABBTreeCollider::_CollideTriBox(const AABBQuantizedNoLeafNode*),dequantizes via fild * mCenterCoeff/mExtentsCoeff at this+0xd0..+0xe4; first helper of 000c7060,
0x000c3c60,phys_fn_004960,6151,mapped,OPC_TreeCollider.cpp,804,AABBTreeCollider::_CollideTriBox(const AABBQuantizedNoLeafNode*) [body],continuation of 000c3880 (falls through by jmp; recursion re-enters at 000c38a2),
0x000c5470,phys_fn_004962,986,mapped,OPC_TreeCollider.cpp,830,AABBTreeCollider::_CollideBoxTri(const AABBQuantizedNoLeafNode*),second helper of 000c7060; byte-for-byte mirror of 000c3880,
0x000c5850,phys_fn_004964,6149,mapped,OPC_TreeCollider.cpp,830,AABBTreeCollider::_CollideBoxTri(const AABBQuantizedNoLeafNode*) [body],continuation of 000c5470,
0x000c7060,phys_fn_004966,13632,mapped,OPC_TreeCollider.cpp,856,"AABBTreeCollider::_Collide(const AABBQuantizedNoLeafNode*, const AABBQuantizedNoLeafNode*)",calls the two quantized-noleaf helpers; reached from Collide(AABBQuantizedNoLeafTree*)@000d0bf0,
0x000ca5a0,phys_fn_004967,6315,probable,OPC_TreeCollider.cpp,602,AABBTreeCollider::_CollideTriBox(const AABBNoLeafNode*) [2nd instantiation],size and call-shape twin of 000bc770/000be230/000bfd10 but never calls the mesh-interface accessor 000b4de0,"second instantiation, most plausibly a NovodeX direct-pointer specialisation of the same source"
0x000cbe50,phys_fn_004969,6315,probable,OPC_TreeCollider.cpp,624,AABBTreeCollider::_CollideBoxTri(const AABBNoLeafNode*) [2nd instantiation],size and call-shape twin of 000bc770/000be230/000bfd10 but never calls the mesh-interface accessor 000b4de0,"second instantiation, most plausibly a NovodeX direct-pointer specialisation of the same source"
0x000cd700,phys_fn_004971,12843,probable,OPC_TreeCollider.cpp,657,"AABBTreeCollider::_Collide(const AABBNoLeafNode*, const AABBNoLeafNode*) [2nd instantiation]",size and call-shape twin of 000bc770/000be230/000bfd10 but never calls the mesh-interface accessor 000b4de0,"second instantiation, most plausibly a NovodeX direct-pointer specialisation of the same source"
0x000d0930,phys_fn_004973,46,mapped,OPC_TreeCollider.cpp,61,AABBTreeCollider::`scalar deleting destructor',vtable 0011b750 slot0,
0x000d0960,phys_fn_004975,116,mapped,OPC_TreeCollider.cpp,338,"AABBTreeCollider::Collide(const AABBNoLeafTree*, const AABBNoLeafTree*, const Matrix4x4*, const Matrix4x4*, Pair*)",InitQuery + PrimTest + _Collide(NoLeaf); 116B,
0x000d09e0,phys_fn_004977,522,mapped,OPC_TreeCollider.cpp,366,"AABBTreeCollider::Collide(const AABBQuantizedTree*, const AABBQuantizedTree*, ...)",522B: dequantizes both root boxes before calling the 6-argument _Collide(AABBQuantizedNode...),
0x000d0bf0,phys_fn_004979,224,mapped,OPC_TreeCollider.cpp,409,"AABBTreeCollider::Collide(const AABBQuantizedNoLeafTree*, const AABBQuantizedNoLeafTree*, ...)",InitQuery + PrimTest + _Collide(QNL),
0x000d0cd0,phys_fn_004980,1494,mapped,OPC_TreeCollider.cpp,477,"AABBTreeCollider::_Collide(const AABBCollisionNode*, const AABBCollisionNode*)",calls PrimTest only (no TriBox/BoxTri helpers => leaf tree); reached from Collide(AABBCollisionTree*)@000d1340,
0x000d12b0,phys_fn_004982,140,probable,OPC_TreeCollider.cpp,338,"AABBTreeCollider::Collide(const AABBNoLeafTree*, const AABBNoLeafTree*, ...) [2nd instantiation]",calls InitQuery + 000cd700; not one of the 4 targets of the dispatcher 000d13c0,
0x000d1340,phys_fn_004984,116,mapped,OPC_TreeCollider.cpp,310,"AABBTreeCollider::Collide(const AABBCollisionTree*, const AABBCollisionTree*, ...)",InitQuery + PrimTest + _Collide(AABBCollisionNode),
0x000d13c0,phys_fn_004986,214,mapped,OPC_TreeCollider.cpp,91,"AABBTreeCollider::Collide(BVTCache&, const Matrix4x4*, const Matrix4x4*)","4 callees = the four Collide(tree,tree) overloads, one per HasLeafNodes/IsQuantized combination",
0x000d14a0,phys_fn_004988,13,mapped,OPC_VolumeCollider.h,,VolumeCollider::InitQuery,vtable 0011bc00 slot2; body = Collider::InitQuery + zero the 2 stat counters at +0x2c/+0x30,
0x000d14b0,phys_fn_004990,1141,probable,OPC_LSSTriOverlap.h,,LSSCollider::LSSTriOverlap [outlined block],leaf; only caller is 000d1ed0,
0x000d1930,phys_fn_004992,1432,probable,OPC_LSSTriOverlap.h,,LSSCollider::LSSTriOverlap [outlined block 2],leaf; only caller is 000d1ed0,
0x000d1ed0,phys_fn_004994,5560,mapped,OPC_LSSTriOverlap.h,,"LSSCollider::LSSTriOverlap(const Point&, const Point&, const Point&)","5560B / 702 x87; called from LSSCollider::InitQuery and from every LSS _Collide body; the 21 KB OPC_LSSTriOverlap.h is by far the largest overlap header, and MSVC emitted it out-of-line despite inline_",
0x000d3490,phys_fn_004996,18,mapped,OPC_LSSCollider.cpp,59,LSSCollider::LSSCollider,"vptr=0011b764 after VolumeCollider::VolumeCollider; 18B with NO member initialisation, matching the stock body whose two initialisers are commented out; vtable slot1 = VolumeCollider::ValidateSettings (not overridden)",
0x000d34b0,phys_fn_004998,11,mapped,OPC_LSSCollider.cpp,70,LSSCollider::~LSSCollider,vptr=0011b764; tail-jmp VolumeCollider::~VolumeCollider,
0x000d34c0,phys_fn_005000,1528,mapped,OPC_LSSCollider.cpp,163,"LSSCollider::InitQuery(LSSCache&, const LSS&, const Matrix4x4*, const Matrix4x4*)",first callee of Collide@000d4b90; calls InvertPRMatrix and LSSTriOverlap@000d1ed0,
0x000d3ac0,phys_fn_005002,13,mapped,OPC_LSSCollider.cpp,343,LSSCollider::_Collide(const AABBCollisionNode*),"image order == source definition order; dispatch order in the Collide() entry is the exact reverse (QNL,NL,Q,C x {NoPrimTest,Collide}); _Dump(node-class) call sites agree; the inlined overlap test reads a fat-AABB centre/extents/radius block at this+0x58..+0x70, not the Sphere mCenter/mRadius2 pair at +0x34/+0x40",
0x000d3ad0,phys_fn_005004,451,mapped,OPC_LSSCollider.cpp,343,LSSCollider::_Collide(const AABBCollisionNode*) [body],"image order == source definition order; dispatch order in the Collide() entry is the exact reverse (QNL,NL,Q,C x {NoPrimTest,Collide}); _Dump(node-class) call sites agree; the inlined overlap test reads a fat-AABB centre/extents/radius block at this+0x58..+0x70, not the Sphere mCenter/mRadius2 pair at +0x34/+0x40",
0x000d3ca0,phys_fn_005006,13,mapped,OPC_LSSCollider.cpp,370,LSSCollider::_CollideNoPrimitiveTest(const AABBCollisionNode*),"image order == source definition order; dispatch order in the Collide() entry is the exact reverse (QNL,NL,Q,C x {NoPrimTest,Collide}); _Dump(node-class) call sites agree; the inlined overlap test reads a fat-AABB centre/extents/radius block at this+0x58..+0x70, not the Sphere mCenter/mRadius2 pair at +0x34/+0x40",
0x000d3cb0,phys_fn_005008,371,mapped,OPC_LSSCollider.cpp,370,LSSCollider::_CollideNoPrimitiveTest(const AABBCollisionNode*) [body],"image order == source definition order; dispatch order in the Collide() entry is the exact reverse (QNL,NL,Q,C x {NoPrimTest,Collide}); _Dump(node-class) call sites agree; the inlined overlap test reads a fat-AABB centre/extents/radius block at this+0x58..+0x70, not the Sphere mCenter/mRadius2 pair at +0x34/+0x40",
0x000d3e30,phys_fn_005010,13,mapped,OPC_LSSCollider.cpp,397,LSSCollider::_Collide(const AABBQuantizedNode*),"image order == source definition order; dispatch order in the Collide() entry is the exact reverse (QNL,NL,Q,C x {NoPrimTest,Collide}); _Dump(node-class) call sites agree; the inlined overlap test reads a fat-AABB centre/extents/radius block at this+0x58..+0x70, not the Sphere mCenter/mRadius2 pair at +0x34/+0x40",
0x000d3e40,phys_fn_005012,559,mapped,OPC_LSSCollider.cpp,397,LSSCollider::_Collide(const AABBQuantizedNode*) [body],"image order == source definition order; dispatch order in the Collide() entry is the exact reverse (QNL,NL,Q,C x {NoPrimTest,Collide}); _Dump(node-class) call sites agree; the inlined overlap test reads a fat-AABB centre/extents/radius block at this+0x58..+0x70, not the Sphere mCenter/mRadius2 pair at +0x34/+0x40",
0x000d4070,phys_fn_005014,13,mapped,OPC_LSSCollider.cpp,429,LSSCollider::_CollideNoPrimitiveTest(const AABBQuantizedNode*),"image order == source definition order; dispatch order in the Collide() entry is the exact reverse (QNL,NL,Q,C x {NoPrimTest,Collide}); _Dump(node-class) call sites agree; the inlined overlap test reads a fat-AABB centre/extents/radius block at this+0x58..+0x70, not the Sphere mCenter/mRadius2 pair at +0x34/+0x40",
0x000d4080,phys_fn_005016,479,mapped,OPC_LSSCollider.cpp,429,LSSCollider::_CollideNoPrimitiveTest(const AABBQuantizedNode*) [body],"image order == source definition order; dispatch order in the Collide() entry is the exact reverse (QNL,NL,Q,C x {NoPrimTest,Collide}); _Dump(node-class) call sites agree; the inlined overlap test reads a fat-AABB centre/extents/radius block at this+0x58..+0x70, not the Sphere mCenter/mRadius2 pair at +0x34/+0x40",
0x000d4260,phys_fn_005018,592,mapped,OPC_LSSCollider.cpp,461,LSSCollider::_Collide(const AABBNoLeafNode*),"image order == source definition order; dispatch order in the Collide() entry is the exact reverse (QNL,NL,Q,C x {NoPrimTest,Collide}); _Dump(node-class) call sites agree; the inlined overlap test reads a fat-AABB centre/extents/radius block at this+0x58..+0x70, not the Sphere mCenter/mRadius2 pair at +0x34/+0x40",
0x000d44b0,phys_fn_005019,442,mapped,OPC_LSSCollider.cpp,483,LSSCollider::_CollideNoPrimitiveTest(const AABBNoLeafNode*),"image order == source definition order; dispatch order in the Collide() entry is the exact reverse (QNL,NL,Q,C x {NoPrimTest,Collide}); _Dump(node-class) call sites agree; the inlined overlap test reads a fat-AABB centre/extents/radius block at this+0x58..+0x70, not the Sphere mCenter/mRadius2 pair at +0x34/+0x40",
0x000d4670,phys_fn_005021,700,mapped,OPC_LSSCollider.cpp,505,LSSCollider::_Collide(const AABBQuantizedNoLeafNode*),"image order == source definition order; dispatch order in the Collide() entry is the exact reverse (QNL,NL,Q,C x {NoPrimTest,Collide}); _Dump(node-class) call sites agree; the inlined overlap test reads a fat-AABB centre/extents/radius block at this+0x58..+0x70, not the Sphere mCenter/mRadius2 pair at +0x34/+0x40",
0x000d4930,phys_fn_005023,550,mapped,OPC_LSSCollider.cpp,532,LSSCollider::_CollideNoPrimitiveTest(const AABBQuantizedNoLeafNode*),"image order == source definition order; dispatch order in the Collide() entry is the exact reverse (QNL,NL,Q,C x {NoPrimTest,Collide}); _Dump(node-class) call sites agree; the inlined overlap test reads a fat-AABB centre/extents/radius block at this+0x58..+0x70, not the Sphere mCenter/mRadius2 pair at +0x34/+0x40",
0x000d4b60,phys_fn_005025,36,mapped,OPC_LSSCollider.cpp,70,LSSCollider::`scalar deleting destructor',vtable 0011b764 slot0,
0x000d4b90,phys_fn_005027,361,mapped,OPC_LSSCollider.cpp,90,"LSSCollider::Collide(LSSCache&, const LSS&, const Model&, const Matrix4x4*, const Matrix4x4*)",9 callees = InitQuery + 8 recursive roots in exact source dispatch order,
0x000d4d00,phys_fn_005029,25,mapped,OPC_OBBCollider.cpp,62,OBBCollider::OBBCollider,"vptr=0011b774; sets byte +0x130 = mFullBoxBoxTest(true), the only member the stock ctor initialises",
0x000d4d20,phys_fn_005031,11,mapped,OPC_OBBCollider.cpp,71,OBBCollider::~OBBCollider,vptr=0011b774; tail-jmp VolumeCollider::~VolumeCollider,
0x000d4d30,phys_fn_005033,8397,mapped,OPC_OBBCollider.cpp,177,"OBBCollider::InitQuery(OBBCache&, const OBB&, const Matrix4x4*, const Matrix4x4*)","8397B, by far the largest InitQuery (OBBContainsBox precomputation inlined); calls InvertPRMatrix",
0x000d6e00,phys_fn_005035,569,probable,OPC_OBBCollider.cpp,177,OBBCollider::InitQuery [outlined block],only caller is 000d4d30,
0x000d7040,phys_fn_005037,13,mapped,OPC_OBBCollider.cpp,411,OBBCollider::_Collide(const AABBCollisionNode*),"image order == source definition order; dispatch order in the Collide() entry is the exact reverse (QNL,NL,Q,C x {NoPrimTest,Collide}); _Dump(node-class) call sites agree",
0x000d7050,phys_fn_005039,4084,mapped,OPC_OBBCollider.cpp,411,OBBCollider::_Collide(const AABBCollisionNode*) [body],"image order == source definition order; dispatch order in the Collide() entry is the exact reverse (QNL,NL,Q,C x {NoPrimTest,Collide}); _Dump(node-class) call sites agree",
0x000d8050,phys_fn_005041,13,mapped,OPC_OBBCollider.cpp,438,OBBCollider::_CollideNoPrimitiveTest(const AABBCollisionNode*),"image order == source definition order; dispatch order in the Collide() entry is the exact reverse (QNL,NL,Q,C x {NoPrimTest,Collide}); _Dump(node-class) call sites agree",
0x000d8060,phys_fn_005043,1458,mapped,OPC_OBBCollider.cpp,438,OBBCollider::_CollideNoPrimitiveTest(const AABBCollisionNode*) [body],"image order == source definition order; dispatch order in the Collide() entry is the exact reverse (QNL,NL,Q,C x {NoPrimTest,Collide}); _Dump(node-class) call sites agree",
0x000d8620,phys_fn_005045,13,mapped,OPC_OBBCollider.cpp,465,OBBCollider::_Collide(const AABBQuantizedNode*),"image order == source definition order; dispatch order in the Collide() entry is the exact reverse (QNL,NL,Q,C x {NoPrimTest,Collide}); _Dump(node-class) call sites agree",
0x000d8630,phys_fn_005047,4252,mapped,OPC_OBBCollider.cpp,465,OBBCollider::_Collide(const AABBQuantizedNode*) [body],"image order == source definition order; dispatch order in the Collide() entry is the exact reverse (QNL,NL,Q,C x {NoPrimTest,Collide}); _Dump(node-class) call sites agree",
0x000d96d0,phys_fn_005049,13,mapped,OPC_OBBCollider.cpp,497,OBBCollider::_CollideNoPrimitiveTest(const AABBQuantizedNode*),"image order == source definition order; dispatch order in the Collide() entry is the exact reverse (QNL,NL,Q,C x {NoPrimTest,Collide}); _Dump(node-class) call sites agree",
0x000d96e0,phys_fn_005051,1626,mapped,OPC_OBBCollider.cpp,497,OBBCollider::_CollideNoPrimitiveTest(const AABBQuantizedNode*) [body],"image order == source definition order; dispatch order in the Collide() entry is the exact reverse (QNL,NL,Q,C x {NoPrimTest,Collide}); _Dump(node-class) call sites agree",
0x000d9d40,phys_fn_005053,2554,mapped,OPC_OBBCollider.cpp,529,OBBCollider::_Collide(const AABBNoLeafNode*),"image order == source definition order; dispatch order in the Collide() entry is the exact reverse (QNL,NL,Q,C x {NoPrimTest,Collide}); _Dump(node-class) call sites agree",
0x000da740,phys_fn_005055,4324,mapped,OPC_OBBCollider.cpp,529,OBBCollider::_Collide(const AABBNoLeafNode*) [body],"image order == source definition order; dispatch order in the Collide() entry is the exact reverse (QNL,NL,Q,C x {NoPrimTest,Collide}); _Dump(node-class) call sites agree",
0x000db830,phys_fn_005057,1527,mapped,OPC_OBBCollider.cpp,551,OBBCollider::_CollideNoPrimitiveTest(const AABBNoLeafNode*),"image order == source definition order; dispatch order in the Collide() entry is the exact reverse (QNL,NL,Q,C x {NoPrimTest,Collide}); _Dump(node-class) call sites agree",
0x000dbe30,phys_fn_005059,2745,mapped,OPC_OBBCollider.cpp,573,OBBCollider::_Collide(const AABBQuantizedNoLeafNode*),"image order == source definition order; dispatch order in the Collide() entry is the exact reverse (QNL,NL,Q,C x {NoPrimTest,Collide}); _Dump(node-class) call sites agree",
0x000dc8f0,phys_fn_005061,4344,mapped,OPC_OBBCollider.cpp,573,OBBCollider::_Collide(const AABBQuantizedNoLeafNode*) [body],"image order == source definition order; dispatch order in the Collide() entry is the exact reverse (QNL,NL,Q,C x {NoPrimTest,Collide}); _Dump(node-class) call sites agree",
0x000dd9f0,phys_fn_005063,1699,mapped,OPC_OBBCollider.cpp,600,OBBCollider::_CollideNoPrimitiveTest(const AABBQuantizedNoLeafNode*),"image order == source definition order; dispatch order in the Collide() entry is the exact reverse (QNL,NL,Q,C x {NoPrimTest,Collide}); _Dump(node-class) call sites agree",
0x000de0a0,phys_fn_005065,36,mapped,OPC_OBBCollider.cpp,71,OBBCollider::`scalar deleting destructor',vtable 0011b774 slot0,
0x000de0d0,phys_fn_005067,361,mapped,OPC_OBBCollider.cpp,104,"OBBCollider::Collide(OBBCache&, const OBB&, const Model&, const Matrix4x4*, const Matrix4x4*)",9 callees = InitQuery + 8 recursive roots in exact source dispatch order,
0x000de240,phys_fn_005069,1435,mapped,OPC_SphereTriOverlap.h,,"SphereCollider::SphereTriOverlap(const Point&, const Point&, const Point&)","1435B leaf; SphereTriOverlap is the ONLY overlap member of either sphere/LSS collider declared without inline_, and this is the only out-of-line helper called from both SphereCollider::InitQuery and every sphere _Collide body",
0x000de7e0,phys_fn_005071,32,mapped,OPC_SphereCollider.cpp,63,SphereCollider::SphereCollider,"vptr=0011b784 after VolumeCollider::VolumeCollider; zeroes EXACTLY four consecutive dwords at +0x34..+0x40, i.e. Point mCenter (3) and float mRadius2 (1) - the exact member set of the stock body mCenter.Zero(); mRadius2=0",
0x000de800,phys_fn_005072,11,mapped,OPC_SphereCollider.cpp,74,SphereCollider::~SphereCollider,vptr=0011b784; tail-jmp VolumeCollider::~VolumeCollider,
0x000de810,phys_fn_005074,777,mapped,OPC_SphereCollider.cpp,166,"SphereCollider::InitQuery(SphereCache&, const Sphere&, const Matrix4x4*, const Matrix4x4*)",first callee of Collide@000e1360; calls InvertPRMatrix and SphereTriOverlap@000de240,
0x000deb20,phys_fn_005076,13,mapped,OPC_SphereCollider.cpp,343,SphereCollider::_Collide(const AABBCollisionNode*),"image order == source definition order; dispatch order in the Collide() entry is the exact reverse (QNL,NL,Q,C x {NoPrimTest,Collide}); _Dump(node-class) call sites agree; the inlined SphereAABBOverlap is byte-exact - per axis it forms (mCenter[i]-center[i]) at this+0x34/+0x38/+0x3c, accumulates the squared clearance and compares against mRadius2 at this+0x40",
0x000deb30,phys_fn_005078,1033,mapped,OPC_SphereCollider.cpp,343,SphereCollider::_Collide(const AABBCollisionNode*) [body],"image order == source definition order; dispatch order in the Collide() entry is the exact reverse (QNL,NL,Q,C x {NoPrimTest,Collide}); _Dump(node-class) call sites agree; the inlined SphereAABBOverlap is byte-exact - per axis it forms (mCenter[i]-center[i]) at this+0x34/+0x38/+0x3c, accumulates the squared clearance and compares against mRadius2 at this+0x40",
0x000def40,phys_fn_005080,13,mapped,OPC_SphereCollider.cpp,370,SphereCollider::_CollideNoPrimitiveTest(const AABBCollisionNode*),"image order == source definition order; dispatch order in the Collide() entry is the exact reverse (QNL,NL,Q,C x {NoPrimTest,Collide}); _Dump(node-class) call sites agree; the inlined SphereAABBOverlap is byte-exact - per axis it forms (mCenter[i]-center[i]) at this+0x34/+0x38/+0x3c, accumulates the squared clearance and compares against mRadius2 at this+0x40",
0x000def50,phys_fn_005082,961,mapped,OPC_SphereCollider.cpp,370,SphereCollider::_CollideNoPrimitiveTest(const AABBCollisionNode*) [body],"image order == source definition order; dispatch order in the Collide() entry is the exact reverse (QNL,NL,Q,C x {NoPrimTest,Collide}); _Dump(node-class) call sites agree; the inlined SphereAABBOverlap is byte-exact - per axis it forms (mCenter[i]-center[i]) at this+0x34/+0x38/+0x3c, accumulates the squared clearance and compares against mRadius2 at this+0x40",
0x000df320,phys_fn_005084,13,mapped,OPC_SphereCollider.cpp,397,SphereCollider::_Collide(const AABBQuantizedNode*),"image order == source definition order; dispatch order in the Collide() entry is the exact reverse (QNL,NL,Q,C x {NoPrimTest,Collide}); _Dump(node-class) call sites agree; the inlined SphereAABBOverlap is byte-exact - per axis it forms (mCenter[i]-center[i]) at this+0x34/+0x38/+0x3c, accumulates the squared clearance and compares against mRadius2 at this+0x40",
0x000df330,phys_fn_005086,1170,mapped,OPC_SphereCollider.cpp,397,SphereCollider::_Collide(const AABBQuantizedNode*) [body],"image order == source definition order; dispatch order in the Collide() entry is the exact reverse (QNL,NL,Q,C x {NoPrimTest,Collide}); _Dump(node-class) call sites agree; the inlined SphereAABBOverlap is byte-exact - per axis it forms (mCenter[i]-center[i]) at this+0x34/+0x38/+0x3c, accumulates the squared clearance and compares against mRadius2 at this+0x40",
0x000df7d0,phys_fn_005088,13,mapped,OPC_SphereCollider.cpp,429,SphereCollider::_CollideNoPrimitiveTest(const AABBQuantizedNode*),"image order == source definition order; dispatch order in the Collide() entry is the exact reverse (QNL,NL,Q,C x {NoPrimTest,Collide}); _Dump(node-class) call sites agree; the inlined SphereAABBOverlap is byte-exact - per axis it forms (mCenter[i]-center[i]) at this+0x34/+0x38/+0x3c, accumulates the squared clearance and compares against mRadius2 at this+0x40",
0x000df7e0,phys_fn_005090,1098,mapped,OPC_SphereCollider.cpp,429,SphereCollider::_CollideNoPrimitiveTest(const AABBQuantizedNode*) [body],"image order == source definition order; dispatch order in the Collide() entry is the exact reverse (QNL,NL,Q,C x {NoPrimTest,Collide}); _Dump(node-class) call sites agree; the inlined SphereAABBOverlap is byte-exact - per axis it forms (mCenter[i]-center[i]) at this+0x34/+0x38/+0x3c, accumulates the squared clearance and compares against mRadius2 at this+0x40",
0x000dfc30,phys_fn_005092,1172,mapped,OPC_SphereCollider.cpp,461,SphereCollider::_Collide(const AABBNoLeafNode*),"image order == source definition order; dispatch order in the Collide() entry is the exact reverse (QNL,NL,Q,C x {NoPrimTest,Collide}); _Dump(node-class) call sites agree; the inlined SphereAABBOverlap is byte-exact - per axis it forms (mCenter[i]-center[i]) at this+0x34/+0x38/+0x3c, accumulates the squared clearance and compares against mRadius2 at this+0x40",
0x000e00d0,phys_fn_005094,1035,mapped,OPC_SphereCollider.cpp,483,SphereCollider::_CollideNoPrimitiveTest(const AABBNoLeafNode*),"image order == source definition order; dispatch order in the Collide() entry is the exact reverse (QNL,NL,Q,C x {NoPrimTest,Collide}); _Dump(node-class) call sites agree; the inlined SphereAABBOverlap is byte-exact - per axis it forms (mCenter[i]-center[i]) at this+0x34/+0x38/+0x3c, accumulates the squared clearance and compares against mRadius2 at this+0x40",
0x000e04e0,phys_fn_005096,1309,mapped,OPC_SphereCollider.cpp,505,SphereCollider::_Collide(const AABBQuantizedNoLeafNode*),"image order == source definition order; dispatch order in the Collide() entry is the exact reverse (QNL,NL,Q,C x {NoPrimTest,Collide}); _Dump(node-class) call sites agree; the inlined SphereAABBOverlap is byte-exact - per axis it forms (mCenter[i]-center[i]) at this+0x34/+0x38/+0x3c, accumulates the squared clearance and compares against mRadius2 at this+0x40",
0x000e0a00,phys_fn_005098,1172,mapped,OPC_SphereCollider.cpp,532,SphereCollider::_CollideNoPrimitiveTest(const AABBQuantizedNoLeafNode*),"image order == source definition order; dispatch order in the Collide() entry is the exact reverse (QNL,NL,Q,C x {NoPrimTest,Collide}); _Dump(node-class) call sites agree; the inlined SphereAABBOverlap is byte-exact - per axis it forms (mCenter[i]-center[i]) at this+0x34/+0x38/+0x3c, accumulates the squared clearance and compares against mRadius2 at this+0x40",
0x000e0ea0,phys_fn_005100,13,mapped,OPC_SphereCollider.cpp,559,SphereCollider::_Collide(const AABBTreeNode*),"second callee of Collide(cache,sphere,tree)@000e14d0",
0x000e0eb0,phys_fn_005102,1152,mapped,OPC_SphereCollider.cpp,559,SphereCollider::_Collide(const AABBTreeNode*) [body],continuation of 000e0ea0,
0x000e1330,phys_fn_005103,36,mapped,OPC_SphereCollider.cpp,74,SphereCollider::`scalar deleting destructor',vtable 0011b784 slot0,
0x000e1360,phys_fn_005105,361,mapped,OPC_SphereCollider.cpp,94,"SphereCollider::Collide(SphereCache&, const Sphere&, const Model&, const Matrix4x4*, const Matrix4x4*)",9 callees = InitQuery + 8 recursive roots in exact source dispatch order,
0x000e14d0,phys_fn_005107,59,mapped,OPC_SphereCollider.cpp,284,"SphereCollider::Collide(SphereCache&, const Sphere&, const AABBTree*)",calls InitQuery + _Collide(AABBTreeNode),
0x000e1510,phys_fn_005109,26,mapped,OPC_PlanesCollider.cpp,58,PlanesCollider::PlanesCollider,vptr=0011b794 after VolumeCollider::VolumeCollider,
0x000e1530,phys_fn_005111,22,mapped,OPC_OBBCollider.cpp,81,"OBBCollider::ValidateSettings  [ICF-folded with PlanesCollider::ValidateSettings, OPC_PlanesCollider.cpp:80]",literal 0011b6ec then tail-jmp VolumeCollider::ValidateSettings; occupies slot1 of BOTH vtable 0011b774 and 0011b794,identical source bodies -> /OPT:ICF fold
0x000e1550,phys_fn_005113,1171,mapped,OPC_PlanesCollider.cpp,177,"PlanesCollider::InitQuery(PlanesCache&, const Plane*, udword, const Matrix4x4*)",first callee of Collide@000e2b60; calls InvertPRMatrix and _chkstk (local plane array),
0x000e19f0,phys_fn_005115,503,mapped,OPC_PlanesCollider.cpp,276,"PlanesCollider::_Collide(const AABBCollisionNode*, udword)","image order == source definition order; dispatch order in the Collide() entry is the exact reverse (QNL,NL,Q,C x {NoPrimTest,Collide}); _Dump(node-class) call sites agree",
0x000e1bf0,phys_fn_005117,273,mapped,OPC_PlanesCollider.cpp,305,"PlanesCollider::_CollideNoPrimitiveTest(const AABBCollisionNode*, udword)","image order == source definition order; dispatch order in the Collide() entry is the exact reverse (QNL,NL,Q,C x {NoPrimTest,Collide}); _Dump(node-class) call sites agree",
0x000e1d10,phys_fn_005119,157,mapped,OPC_PlanesCollider.cpp,334,"PlanesCollider::_Collide(const AABBQuantizedNode*, udword)","image order == source definition order; dispatch order in the Collide() entry is the exact reverse (QNL,NL,Q,C x {NoPrimTest,Collide}); _Dump(node-class) call sites agree",
0x000e1db0,phys_fn_005121,477,mapped,OPC_PlanesCollider.cpp,334,"PlanesCollider::_Collide(const AABBQuantizedNode*, udword) [body]","image order == source definition order; dispatch order in the Collide() entry is the exact reverse (QNL,NL,Q,C x {NoPrimTest,Collide}); _Dump(node-class) call sites agree",
0x000e1f90,phys_fn_005123,157,mapped,OPC_PlanesCollider.cpp,368,"PlanesCollider::_CollideNoPrimitiveTest(const AABBQuantizedNode*, udword)","image order == source definition order; dispatch order in the Collide() entry is the exact reverse (QNL,NL,Q,C x {NoPrimTest,Collide}); _Dump(node-class) call sites agree",
0x000e2030,phys_fn_005125,245,mapped,OPC_PlanesCollider.cpp,368,"PlanesCollider::_CollideNoPrimitiveTest(const AABBQuantizedNode*, udword) [body]","image order == source definition order; dispatch order in the Collide() entry is the exact reverse (QNL,NL,Q,C x {NoPrimTest,Collide}); _Dump(node-class) call sites agree",
0x000e2130,phys_fn_005127,13,mapped,OPC_PlanesCollider.cpp,402,"PlanesCollider::_Collide(const AABBNoLeafNode*, udword)","image order == source definition order; dispatch order in the Collide() entry is the exact reverse (QNL,NL,Q,C x {NoPrimTest,Collide}); _Dump(node-class) call sites agree",
0x000e2140,phys_fn_005129,800,mapped,OPC_PlanesCollider.cpp,402,"PlanesCollider::_Collide(const AABBNoLeafNode*, udword) [body]","image order == source definition order; dispatch order in the Collide() entry is the exact reverse (QNL,NL,Q,C x {NoPrimTest,Collide}); _Dump(node-class) call sites agree",
0x000e2460,phys_fn_005130,336,mapped,OPC_PlanesCollider.cpp,426,"PlanesCollider::_CollideNoPrimitiveTest(const AABBNoLeafNode*, udword)","image order == source definition order; dispatch order in the Collide() entry is the exact reverse (QNL,NL,Q,C x {NoPrimTest,Collide}); _Dump(node-class) call sites agree",
0x000e25b0,phys_fn_005131,157,mapped,OPC_PlanesCollider.cpp,450,"PlanesCollider::_Collide(const AABBQuantizedNoLeafNode*, udword)","image order == source definition order; dispatch order in the Collide() entry is the exact reverse (QNL,NL,Q,C x {NoPrimTest,Collide}); _Dump(node-class) call sites agree",
0x000e2650,phys_fn_005133,781,mapped,OPC_PlanesCollider.cpp,450,"PlanesCollider::_Collide(const AABBQuantizedNoLeafNode*, udword) [body]","image order == source definition order; dispatch order in the Collide() entry is the exact reverse (QNL,NL,Q,C x {NoPrimTest,Collide}); _Dump(node-class) call sites agree",
0x000e2960,phys_fn_005135,464,mapped,OPC_PlanesCollider.cpp,479,"PlanesCollider::_CollideNoPrimitiveTest(const AABBQuantizedNoLeafNode*, udword)","image order == source definition order; dispatch order in the Collide() entry is the exact reverse (QNL,NL,Q,C x {NoPrimTest,Collide}); _Dump(node-class) call sites agree",
0x000e2b30,phys_fn_005136,43,mapped,OPC_PlanesCollider.cpp,69,PlanesCollider::~PlanesCollider,vptr path 0011b794; VolumeCollider::~VolumeCollider,
0x000e2b60,phys_fn_005138,379,mapped,OPC_PlanesCollider.cpp,103,"PlanesCollider::Collide(PlanesCache&, const Plane*, udword, const Model&, const Matrix4x4*)",9 callees = InitQuery + 8 recursive roots in exact source dispatch order,
0x000e2ce0,phys_fn_005140,64,mapped,OPC_PlanesCollider.cpp,69,PlanesCollider::`scalar deleting destructor',vtable 0011b794 slot0,
0x000e2d20,phys_fn_005141,291,mapped,Ice/IceAABB.cpp,32,AABB::Add(const AABB&),"the only callee of AABBTreeOfAABBsBuilder::ComputeGlobalBox@000e9600, matching the source exactly",
0x000e2e50,phys_fn_005143,279,probable,Ice/IceAABB.cpp,55,AABB::MakeCube(AABB&),(max-min)*0.5 extents then a 3-way maximum selection,
0x000e2f70,phys_fn_005145,90,mapped,Ice/IceAABB.cpp,85,AABB::IsInside(const AABB&),"exact control-flow shape: three GetMin compares then three GetMax compares, bool result",
0x000e2fd0,phys_fn_005147,433,probable,Ice/IceAABB.cpp,146,AABB::ComputePoints(Point*),expands min/max into 8 corner points,
0x000e3190,phys_fn_005149,6,unmapped,(NovodeX code inside the OPCODE address span),,,,not attributable to any OPCODE 1.3 source function
0x000e31a0,phys_fn_005151,6,unmapped,(NovodeX code inside the OPCODE address span),,,,not attributable to any OPCODE 1.3 source function
0x000e31b0,phys_fn_005153,6,unmapped,(NovodeX code inside the OPCODE address span),,,,not attributable to any OPCODE 1.3 source function
0x000e31c0,phys_fn_005155,245,probable,Ice/IcePlane.cpp,34,"Plane::Set(const Point&, const Point&, const Point&)",(p1-p0)^(p2-p0) cross product followed by a normalise,
0x000e32c0,phys_fn_005157,27,mapped,Ice/IceRevisitedRadix.cpp,170,RadixSort::RadixSort,zeroes mRanks/mRanks2/mCurrentSize/mTotalCalls and sets mDeleteRanks=true (byte +0x14),
0x000e32e0,phys_fn_005159,72,mapped,Ice/IceRevisitedRadix.cpp,186,RadixSort::~RadixSort,frees mRanks2 then mRanks under the mDeleteRanks guard,
0x000e3330,phys_fn_005161,134,mapped,Ice/IceRevisitedRadix.cpp,204,RadixSort::Resize(udword),"same guard, frees both arrays then allocates nb*4 twice; called by SweepAndPrune::Init",
0x000e33c0,phys_fn_005163,829,mapped,Ice/IceRevisitedRadix.cpp,238,"RadixSort::Sort(const udword*, udword, RadixHint)",byte-histogram radix; calls memcpy and Resize,
0x000e3700,phys_fn_005165,457,mapped,Ice/IceRevisitedRadix.cpp,238,"RadixSort::Sort(const udword*, udword, RadixHint) [body]",continuation of 000e33c0,
0x000e38d0,phys_fn_005167,77,mapped,Ice/IceRevisitedRadix.cpp,238,"RadixSort::Sort(const udword*, udword, RadixHint) [pass loop]","continuation; the ""cmp edi,4"" four-pass counter",
0x000e3920,phys_fn_005169,445,mapped,Ice/IceRevisitedRadix.cpp,350,"RadixSort::Sort(const float*, udword)",float variant; in the Scene::simulate closure through SweepAndPrune::Init,
0x000e3ae0,phys_fn_005171,669,mapped,Ice/IceRevisitedRadix.cpp,350,"RadixSort::Sort(const float*, udword) [body]",continuation of 000e3920,
0x000e3d80,phys_fn_005173,233,mapped,Ice/IceRevisitedRadix.cpp,350,"RadixSort::Sort(const float*, udword) [body 2]",continuation,
0x000e3e70,phys_fn_005175,42,mapped,Ice/IceRevisitedRadix.cpp,350,"RadixSort::Sort(const float*, udword) [body 3]",continuation,
0x000e3ea0,phys_fn_005177,36,unmapped,Ice/IceRevisitedRadix.h (NovodeX addition; absent from OPCODE 1.3),,"RadixSort::SetRankBuffers(udword*, udword*)","S5-member-offset(writes mRanks at ecx+4 and mRanks2 at ecx+8, then a BYTE 0 at ecx+0x14, one past the end of the stock 20-byte RadixSort)","Regraded by the Task 1c fix pass. Neither SetRankBuffers nor the ownership byte exists in either pinned tree: stock RadixSort is mCurrentSize+0, mRanks+4, mRanks2+8, mTotalCalls+0xc, mNbHits+0x10 and has no bool member. The ctor 0x000e32c0 sets the same byte to 1 and the dtor 0x000e32e0 frees both arrays only when it is set, so NovodeX added a borrowed-buffer marker to RadixSort exactly as it added one to Container: this is the RadixSort twin of 0x000b4f90, which was classified NovodeX for the same reason. P4 Task 2b reconstructed it; the grade stays `unmapped` because that is a statement about OPCODE 1.3, which still has no counterpart."
0x000e3ed0,phys_fn_005179,126,probable,Ice/IceTriangle.cpp,56,Triangle::Area,cross-product magnitude * 0.5,
0x000e3f50,phys_fn_005181,206,probable,Ice/IceTriangle.cpp,86,Triangle::Compacity,same cross product plus edge-length terms,
0x000e4020,phys_fn_005183,107,mapped,Ice/IceTriangle.cpp,127,Triangle::Center(Point&),exact: (v0+v1+v2) * 0.333333343 (0x3EAAAAAB @001068ec) over a 3 x 12-byte Point layout,
0x000e4090,phys_fn_005185,193,mapped,Ice/IceTriangle.cpp,269,"Triangle::Inflate(float, bool)","calls Triangle::Center, then a 3-iteration loop whose bool argument gates a Normalize",
0x000e4160,phys_fn_005187,58,mapped,Ice/IceIndexedTriangle.cpp,273,"IndexedTriangle::ReplaceVertex(udword, udword)",exact three-way mVRef compare/replace with bool result,
0x000e41a0,phys_fn_005189,92,mapped,Ice/IceIndexedTriangle.cpp,334,"IndexedTriangle::FindEdge(udword, udword)","exact: returns 0/1/2 for the three vertex pairs in either order, else 0xff",
0x000e4200,phys_fn_005191,159,mapped,Ice/IceMatrix4x4.cpp,54,"IceMaths::InvertPRMatrix(Matrix4x4&, const Matrix4x4&)",shared callee of every collider InitQuery except AABBCollider (which takes no matrices),
0x000e42a0,phys_fn_005193,251,mapped,Ice/IceMatrix4x4.cpp,80,"Matrix4x4::CoFactor(udword, udword)","called by Determinant and by Invert, matching the source call graph",
0x000e43a0,phys_fn_005195,83,mapped,Ice/IceMatrix4x4.cpp,93,Matrix4x4::Determinant,calls CoFactor; called by Invert,
0x000e4400,phys_fn_005197,379,mapped,Ice/IceMatrix4x4.cpp,104,Matrix4x4::Invert,calls Determinant then CoFactor,
0x000e4580,phys_fn_005199,851,mapped,Ice/IceOBB.cpp,82,OBB::ComputePlanes(Plane*) const,"S4-control-flow(null check -> false; the six planes from -/+ each rotation row with fchs, d from the centre and extents; ret 4); one caller, 0x0004799b","Vendored-correspondence Task 3: was unmapped (""NovodeX code inside the OPCODE span""); it is stock ICE."
0x000e48e0,phys_fn_005201,960,mapped,Ice/IceOBB.cpp,125,OBB::ComputePoints(Point*) const,"S4-control-flow(null check -> false; Axis0..2 = mRot rows scaled by mExtents, then the eight corners; ret 4); callers 0x00057388, 0x0005739c","Vendored-correspondence Task 3: was unmapped (""NovodeX code inside the OPCODE span""); it is stock ICE."
0x000e4ca0,phys_fn_005202,6,unmapped,(NovodeX code inside the OPCODE address span),,,,not attributable to any OPCODE 1.3 source function
0x000e4cb0,phys_fn_005204,124,mapped,Ice/IceOBB.cpp,243,"OBB::ComputeWorldEdgeNormal(udword, Point&) const","S4-control-flow(this+0x18..0x38 is the OBB's mRot; the first argument indexes the 12-entry static edge-normal table at .data:0x00122520 in 12-byte steps, the product is stored through the second; ret 8); callers 0x00057810, 0x0005783b","Vendored-correspondence Task 3: was ""Point::Mult(const Matrix3x3&, const Point&)"" (MISSING: the candidate inlines that forceinline member). The row is the OBB member that calls it: `world_normal = GetLocalEdgeNormals()[edge_index] * mRot`, with GetLocalEdgeNormals and the product inlined."
0x000e4d30,phys_fn_005206,906,mapped,Ice/IceOBB.cpp,288,OBB::IsInside(const OBB&),"S4-control-flow(converts box.mRot at box+0x18 to a Matrix4x4 through 0x000e9b20, then the stock IsInside body); called once, from OBBCollider::InitQuery's outlined block (0x000d6dba)","Vendored-correspondence Task 3: was unmapped (""NovodeX code inside the OPCODE span""); it is stock ICE. The candidate's OBBCollider::InitQuery calls OBB::IsInside where the oracle calls this row."
0x000e50c0,phys_fn_005208,8,unmapped,(NovodeX code inside the OPCODE address span),,,address range + call graph + vtable shape,"NovodeX pruner family: 9-slot vtables 0011bc18 (base), 0011b9c8, 0011b9f0, 0011bb98, 0011bbc0; slots 5-8 are four query kinds; built on the IcePrunable Prunable base (calls 000b55b0). OPCODE 1.3 has no 9-virtual class."
0x000e50d0,phys_fn_005210,21,unmapped,(NovodeX code inside the OPCODE address span),,,address range + call graph + vtable shape,"NovodeX pruner family: 9-slot vtables 0011bc18 (base), 0011b9c8, 0011b9f0, 0011bb98, 0011bbc0; slots 5-8 are four query kinds; built on the IcePrunable Prunable base (calls 000b55b0). OPCODE 1.3 has no 9-virtual class."
0x000e50f0,phys_fn_005212,8,unmapped,(NovodeX code inside the OPCODE address span),,,address range + call graph + vtable shape,"NovodeX pruner family: 9-slot vtables 0011bc18 (base), 0011b9c8, 0011b9f0, 0011bb98, 0011bbc0; slots 5-8 are four query kinds; built on the IcePrunable Prunable base (calls 000b55b0). OPCODE 1.3 has no 9-virtual class."
0x000e5100,phys_fn_005214,8,unmapped,(NovodeX code inside the OPCODE address span),,,address range + call graph + vtable shape,"NovodeX pruner family: 9-slot vtables 0011bc18 (base), 0011b9c8, 0011b9f0, 0011bb98, 0011bbc0; slots 5-8 are four query kinds; built on the IcePrunable Prunable base (calls 000b55b0). OPCODE 1.3 has no 9-virtual class."
0x000e5110,phys_fn_005216,250,unmapped,(NovodeX code inside the OPCODE address span),,,address range + call graph + vtable shape,"NovodeX pruner family: 9-slot vtables 0011bc18 (base), 0011b9c8, 0011b9f0, 0011bb98, 0011bbc0; slots 5-8 are four query kinds; built on the IcePrunable Prunable base (calls 000b55b0). OPCODE 1.3 has no 9-virtual class."
0x000e5210,phys_fn_005218,56,unmapped,(NovodeX code inside the OPCODE address span),,,address range + call graph + vtable shape,"NovodeX pruner family: 9-slot vtables 0011bc18 (base), 0011b9c8, 0011b9f0, 0011bb98, 0011bbc0; slots 5-8 are four query kinds; built on the IcePrunable Prunable base (calls 000b55b0). OPCODE 1.3 has no 9-virtual class."
0x000e5250,phys_fn_005220,65,unmapped,(NovodeX code inside the OPCODE address span),,,address range + call graph + vtable shape,"NovodeX pruner family: 9-slot vtables 0011bc18 (base), 0011b9c8, 0011b9f0, 0011bb98, 0011bbc0; slots 5-8 are four query kinds; built on the IcePrunable Prunable base (calls 000b55b0). OPCODE 1.3 has no 9-virtual class."
0x000e52a0,phys_fn_005222,48,unmapped,(NovodeX code inside the OPCODE address span),,,address range + call graph + vtable shape,"NovodeX pruner family: 9-slot vtables 0011bc18 (base), 0011b9c8, 0011b9f0, 0011bb98, 0011bbc0; slots 5-8 are four query kinds; built on the IcePrunable Prunable base (calls 000b55b0). OPCODE 1.3 has no 9-virtual class."
0x000e52d0,phys_fn_005223,270,unmapped,(NovodeX code inside the OPCODE address span),,,address range + call graph + vtable shape,"NovodeX pruner family: 9-slot vtables 0011bc18 (base), 0011b9c8, 0011b9f0, 0011bb98, 0011bbc0; slots 5-8 are four query kinds; built on the IcePrunable Prunable base (calls 000b55b0). OPCODE 1.3 has no 9-virtual class."
0x000e53e0,phys_fn_005225,94,unmapped,(NovodeX code inside the OPCODE address span),,,address range + call graph + vtable shape,"NovodeX pruner family: 9-slot vtables 0011bc18 (base), 0011b9c8, 0011b9f0, 0011bb98, 0011bbc0; slots 5-8 are four query kinds; built on the IcePrunable Prunable base (calls 000b55b0). OPCODE 1.3 has no 9-virtual class."
0x000e5440,phys_fn_005227,184,unmapped,(NovodeX code inside the OPCODE address span),,,address range + call graph + vtable shape,"NovodeX pruner family: 9-slot vtables 0011bc18 (base), 0011b9c8, 0011b9f0, 0011bb98, 0011bbc0; slots 5-8 are four query kinds; built on the IcePrunable Prunable base (calls 000b55b0). OPCODE 1.3 has no 9-virtual class."
0x000e5500,phys_fn_005229,133,unmapped,(NovodeX code inside the OPCODE address span),,,address range + call graph + vtable shape,"NovodeX pruner family: 9-slot vtables 0011bc18 (base), 0011b9c8, 0011b9f0, 0011bb98, 0011bbc0; slots 5-8 are four query kinds; built on the IcePrunable Prunable base (calls 000b55b0). OPCODE 1.3 has no 9-virtual class."
0x000e5590,phys_fn_005231,320,unmapped,(NovodeX code inside the OPCODE address span),,,address range + call graph + vtable shape,"NovodeX pruner family: 9-slot vtables 0011bc18 (base), 0011b9c8, 0011b9f0, 0011bb98, 0011bbc0; slots 5-8 are four query kinds; built on the IcePrunable Prunable base (calls 000b55b0). OPCODE 1.3 has no 9-virtual class."
0x000e56d0,phys_fn_005232,108,unmapped,(NovodeX code inside the OPCODE address span),,,address range + call graph + vtable shape,"NovodeX pruner family: 9-slot vtables 0011bc18 (base), 0011b9c8, 0011b9f0, 0011bb98, 0011bbc0; slots 5-8 are four query kinds; built on the IcePrunable Prunable base (calls 000b55b0). OPCODE 1.3 has no 9-virtual class."
0x000e5740,phys_fn_005234,61,unmapped,(NovodeX code inside the OPCODE address span),,,address range + call graph + vtable shape,"NovodeX pruner family: 9-slot vtables 0011bc18 (base), 0011b9c8, 0011b9f0, 0011bb98, 0011bbc0; slots 5-8 are four query kinds; built on the IcePrunable Prunable base (calls 000b55b0). OPCODE 1.3 has no 9-virtual class."
0x000e5780,phys_fn_005236,141,unmapped,(NovodeX code inside the OPCODE address span),,,address range + call graph + vtable shape,"NovodeX pruner family: 9-slot vtables 0011bc18 (base), 0011b9c8, 0011b9f0, 0011bb98, 0011bbc0; slots 5-8 are four query kinds; built on the IcePrunable Prunable base (calls 000b55b0). OPCODE 1.3 has no 9-virtual class."
0x000e5810,phys_fn_005238,86,unmapped,(NovodeX code inside the OPCODE address span),,,address range + call graph + vtable shape,"NovodeX pruner family: 9-slot vtables 0011bc18 (base), 0011b9c8, 0011b9f0, 0011bb98, 0011bbc0; slots 5-8 are four query kinds; built on the IcePrunable Prunable base (calls 000b55b0). OPCODE 1.3 has no 9-virtual class."
0x000e5870,phys_fn_005240,25,unmapped,(NovodeX code inside the OPCODE address span),,,address range + call graph + vtable shape,"NovodeX pruner family: 9-slot vtables 0011bc18 (base), 0011b9c8, 0011b9f0, 0011bb98, 0011bbc0; slots 5-8 are four query kinds; built on the IcePrunable Prunable base (calls 000b55b0). OPCODE 1.3 has no 9-virtual class."
0x000e5890,phys_fn_005242,3,unmapped,(NovodeX code inside the OPCODE address span),,,address range + call graph + vtable shape,"NovodeX pruner family: 9-slot vtables 0011bc18 (base), 0011b9c8, 0011b9f0, 0011bb98, 0011bbc0; slots 5-8 are four query kinds; built on the IcePrunable Prunable base (calls 000b55b0). OPCODE 1.3 has no 9-virtual class."
0x000e58a0,phys_fn_005244,121,unmapped,(NovodeX code inside the OPCODE address span),,,address range + call graph + vtable shape,"NovodeX pruner family: 9-slot vtables 0011bc18 (base), 0011b9c8, 0011b9f0, 0011bb98, 0011bbc0; slots 5-8 are four query kinds; built on the IcePrunable Prunable base (calls 000b55b0). OPCODE 1.3 has no 9-virtual class."
0x000e5920,phys_fn_005246,213,unmapped,(NovodeX code inside the OPCODE address span),,,address range + call graph + vtable shape,"NovodeX pruner family: 9-slot vtables 0011bc18 (base), 0011b9c8, 0011b9f0, 0011bb98, 0011bbc0; slots 5-8 are four query kinds; built on the IcePrunable Prunable base (calls 000b55b0). OPCODE 1.3 has no 9-virtual class."
0x000e5a00,phys_fn_005248,40,unmapped,(NovodeX code inside the OPCODE address span),,,address range + call graph + vtable shape,"NovodeX pruner family: 9-slot vtables 0011bc18 (base), 0011b9c8, 0011b9f0, 0011bb98, 0011bbc0; slots 5-8 are four query kinds; built on the IcePrunable Prunable base (calls 000b55b0). OPCODE 1.3 has no 9-virtual class."
0x000e5a30,phys_fn_005250,93,unmapped,(NovodeX code inside the OPCODE address span),,,address range + call graph + vtable shape,"NovodeX pruner family: 9-slot vtables 0011bc18 (base), 0011b9c8, 0011b9f0, 0011bb98, 0011bbc0; slots 5-8 are four query kinds; built on the IcePrunable Prunable base (calls 000b55b0). OPCODE 1.3 has no 9-virtual class."
0x000e5a90,phys_fn_005252,28,unmapped,(NovodeX code inside the OPCODE address span),,,address range + call graph + vtable shape,"NovodeX pruner family: 9-slot vtables 0011bc18 (base), 0011b9c8, 0011b9f0, 0011bb98, 0011bbc0; slots 5-8 are four query kinds; built on the IcePrunable Prunable base (calls 000b55b0). OPCODE 1.3 has no 9-virtual class."
0x000e5ab0,phys_fn_005254,807,unmapped,(NovodeX code inside the OPCODE address span),,,address range + call graph + vtable shape,"NovodeX pruner family: 9-slot vtables 0011bc18 (base), 0011b9c8, 0011b9f0, 0011bb98, 0011bbc0; slots 5-8 are four query kinds; built on the IcePrunable Prunable base (calls 000b55b0). OPCODE 1.3 has no 9-virtual class."
0x000e5de0,phys_fn_005256,633,unmapped,(NovodeX code inside the OPCODE address span),,,address range + call graph + vtable shape,"NovodeX pruner family: 9-slot vtables 0011bc18 (base), 0011b9c8, 0011b9f0, 0011bb98, 0011bbc0; slots 5-8 are four query kinds; built on the IcePrunable Prunable base (calls 000b55b0). OPCODE 1.3 has no 9-virtual class."
0x000e6060,phys_fn_005258,202,unmapped,(NovodeX code inside the OPCODE address span),,,address range + call graph + vtable shape,"NovodeX pruner family: 9-slot vtables 0011bc18 (base), 0011b9c8, 0011b9f0, 0011bb98, 0011bbc0; slots 5-8 are four query kinds; built on the IcePrunable Prunable base (calls 000b55b0). OPCODE 1.3 has no 9-virtual class."
0x000e6130,phys_fn_005260,252,unmapped,(NovodeX code inside the OPCODE address span),,,address range + call graph + vtable shape,"NovodeX pruner family: 9-slot vtables 0011bc18 (base), 0011b9c8, 0011b9f0, 0011bb98, 0011bbc0; slots 5-8 are four query kinds; built on the IcePrunable Prunable base (calls 000b55b0). OPCODE 1.3 has no 9-virtual class."
0x000e6230,phys_fn_005262,512,unmapped,(NovodeX code inside the OPCODE address span),,,address range + call graph + vtable shape,"NovodeX pruner family: 9-slot vtables 0011bc18 (base), 0011b9c8, 0011b9f0, 0011bb98, 0011bbc0; slots 5-8 are four query kinds; built on the IcePrunable Prunable base (calls 000b55b0). OPCODE 1.3 has no 9-virtual class."
0x000e6430,phys_fn_005263,78,unmapped,(NovodeX code inside the OPCODE address span),,,address range + call graph + vtable shape,"NovodeX pruner family: 9-slot vtables 0011bc18 (base), 0011b9c8, 0011b9f0, 0011bb98, 0011bbc0; slots 5-8 are four query kinds; built on the IcePrunable Prunable base (calls 000b55b0). OPCODE 1.3 has no 9-virtual class."
0x000e6480,phys_fn_005265,331,probable,OPC_SweepAndPrune.cpp,179,"SAP_PairData::GetFreeElem(udword, SAP_Element*, udword*)",sole callee of AddPair; doubles the element pool and remaps,
0x000e65d0,phys_fn_005267,149,probable,OPC_SweepAndPrune.cpp,240,"SAP_PairData::AddPair(udword, udword)",calls GetFreeElem,
0x000e6670,phys_fn_005269,115,probable,OPC_SweepAndPrune.cpp,282,"SAP_PairData::RemovePair(udword, udword)",leaf (FreeElem inlined); called by UpdateObject,
0x000e66f0,phys_fn_005271,89,mapped,OPC_SweepAndPrune.cpp,339,"SAP_PairData::DumpPairs(PairCallback, void*)","exact body: loop i<mNbObjects(+0x10) over mArray(+0x14) linked lists calling callback(i, e->mID, user_data) and following e->mNext; member offsets match the SAP_PairData declaration exactly",
0x000e6750,phys_fn_005273,5,mapped,OPC_SweepAndPrune.cpp,407,"SweepAndPrune::GetPairs(PairCallback, void*)",5-byte jmp thunk to SAP_PairData::DumpPairs (mPairs is the first member); in the Scene::simulate closure,
0x000e6760,phys_fn_005275,397,probable,OPC_SweepAndPrune.cpp,533,"SweepAndPrune::UpdateObject(udword, const AABB&) [entry]","S5-member-offset(mBoxes at this+0x1c behind the 24-byte SAP_PairData, SAP_Box = Min[3] +0 / Max[3] +0xc, SAP_EndPoint = Value +0 / Previous +4 / Next +8 / Data +0xc);S4-control-flow(the Axis=0 min half: Limit==Value fucompp, the Previous walk, Data&1 = IsMax, Data>>1 = GetBoxID, the six-comparison Intersect() inlined, then InsertBefore() inlined)","Re-derived by the Task 1c fix pass. The entry block of UpdateObject, not a helper: it falls through at 0x000e68eb into phys_fn_005277 at 0x000e68f0, which the map already grades as the same function. The earlier ""no exact stock counterpart"" note was wrong."
0x000e68f0,phys_fn_005277,600,probable,OPC_SweepAndPrune.cpp,533,"SweepAndPrune::UpdateObject(udword, const AABB&)",calls both AddPair and RemovePair; 600B for the ~130-line swap loop,
0x000e6b50,phys_fn_005279,186,unmapped,(NovodeX code inside the OPCODE address span),,,,not attributable to any OPCODE 1.3 source function
0x000e6c10,phys_fn_005281,142,mapped,OPC_SweepAndPrune.cpp,141,SAP_PairData::Init(udword),"S4-control-flow(Release inlined: the three counts zeroed, the pool freed at -4 and mArray freed through the allocator getter; zero count -> false; (4n, 0) for mArray, zeroed with rep stos; mNbObjects stored; ret 4); one caller, SweepAndPrune::Init at 0x000e7075","Vendored-correspondence Task 3: was unmapped (""NovodeX code inside the OPCODE span""); it is stock OPCODE with the allocator seam. The row the map had called SAP_PairData::Init, 0x000e70c0, is a block of SweepAndPrune::Init."
0x000e6ca0,phys_fn_005283,266,mapped,OPC_SweepAndPrune.cpp,412,"SweepAndPrune::Init(udword, const AABB**, const bool*) [entry]","S4-control-flow(the NovodeX Init: null tests on the count and the boxes, the previous mBoxes freed and (24n, 0) allocated, _alloca scratch, the axis loop entered at 0x000e6d3e; ret 0xc = three stack arguments); one caller, 0x0004c867","Vendored-correspondence Task 3: was unmapped (""NovodeX code inside the OPCODE span""); it is the entry of SweepAndPrune::Init, which NovodeX modified (OPC_SweepAndPrune.cpp [2] in the overlay)."
0x000e6db0,phys_fn_005285,778,mapped,OPC_SweepAndPrune.cpp,412,"SweepAndPrune::Init(udword, const AABB**, const bool*) [axis loop block]","constructs a stack RadixSort (000e32c0), calls RadixSort::Sort(const float*) (000e3920) and ~RadixSort (000e32e0)","Vendored-correspondence Task 3: continuation of the Init that starts at 0x000e6ca0 (entered by the jmp at 0x000e6da8): the unrolled Data fill, RadixSort, the end-point list build, mPairs.Init, CompleteBoxPruning. Was named SweepAndPrune::Init(udword, const AABB**) as if it were the entry."
0x000e70c0,phys_fn_005287,180,probable,OPC_SweepAndPrune.cpp,144,"SweepAndPrune::Init(udword, const AABB**, const bool*) [pair loop block]",calls AddPair and a container destructor,"Vendored-correspondence Task 3: continuation of the Init that starts at 0x000e6ca0: the starting-pair loop with the inlined AABB::Intersect, the NovodeX byte test and AddPair, then ~Pairs. It is not SAP_PairData::Init (that is 0x000e6c10)."
0x000e7180,phys_fn_005289,37,mapped,OPC_SweepAndPrune.cpp,389,SweepAndPrune::SweepAndPrune,"zeroes exactly the SweepAndPrune layout: the 6 SAP_PairData fields (+0..+0x14, ctor :108 inlined) then mNbObjects/mBoxes/mList[3] at +0x18..+0x28",
0x000e71b0,phys_fn_005291,45,mapped,OPC_SweepAndPrune.cpp,398,SweepAndPrune::~SweepAndPrune,"S4-control-flow(mBoxes and mList[0..2] freed through the allocator getter, then SAP_PairData::Release inlined: counts zeroed, the pool freed at -4, mArray freed)","NovodeX support code: containers, streams, and sweep/overlap dispatchers that switch over four tree types with no SkipPrimitiveTests variant (OPCODE colliders always have eight). Vendored-correspondence Task 3: was unmapped (""NovodeX code inside the OPCODE span""); it is the SweepAndPrune destructor, which NovodeX gave a body (stock leaves it empty)."
0x000e71e0,phys_fn_005293,99,mapped,OPC_SweepAndPrune.cpp,398,SweepAndPrune::~SweepAndPrune [list loop block],"S4-control-flow(the three-list free loop and the inlined SAP_PairData::Release; entered by the jmp at 0x000e71db, ends in the destructor's ret at 0x000e7242)","Vendored-correspondence Task 3: was unmapped (""NovodeX code inside the OPCODE span""); it is the tail of SweepAndPrune::~SweepAndPrune (0x000e71b0), which the census split at the loop head."
0x000e7250,phys_fn_005295,217,unmapped,(NovodeX code inside the OPCODE address span),,,address range + call graph + vtable shape,"NovodeX support code: containers, streams, and sweep/overlap dispatchers that switch over four tree types with no SkipPrimitiveTests variant (OPCODE colliders always have eight)."
0x000e7330,phys_fn_005297,23,unmapped,(NovodeX code inside the OPCODE address span),,,address range + call graph + vtable shape,"NovodeX support code: containers, streams, and sweep/overlap dispatchers that switch over four tree types with no SkipPrimitiveTests variant (OPCODE colliders always have eight). P4 Task 2b reconstructed it; the grade stays `unmapped` because that is a statement about OPCODE 1.3, which still has no counterpart."
0x000e7350,phys_fn_005299,7,unmapped,(NovodeX code inside the OPCODE address span),,,address range + call graph + vtable shape,"NovodeX support code: containers, streams, and sweep/overlap dispatchers that switch over four tree types with no SkipPrimitiveTests variant (OPCODE colliders always have eight). P4 Task 2b reconstructed it; the grade stays `unmapped` because that is a statement about OPCODE 1.3, which still has no counterpart."
0x000e7360,phys_fn_005301,26,unmapped,(NovodeX code inside the OPCODE address span),,,address range + call graph + vtable shape,"NovodeX support code: containers, streams, and sweep/overlap dispatchers that switch over four tree types with no SkipPrimitiveTests variant (OPCODE colliders always have eight)."
0x000e7380,phys_fn_005303,452,unmapped,(NovodeX code inside the OPCODE address span),,,address range + call graph + vtable shape,"NovodeX support code: containers, streams, and sweep/overlap dispatchers that switch over four tree types with no SkipPrimitiveTests variant (OPCODE colliders always have eight)."
0x000e7570,phys_fn_005305,89,unmapped,(NovodeX code inside the OPCODE address span),,,address range + call graph + vtable shape,"NovodeX support code: containers, streams, and sweep/overlap dispatchers that switch over four tree types with no SkipPrimitiveTests variant (OPCODE colliders always have eight)."
0x000e75d0,phys_fn_005307,21,unmapped,(NovodeX code inside the OPCODE address span),,,address range + call graph + vtable shape,"NovodeX support code: containers, streams, and sweep/overlap dispatchers that switch over four tree types with no SkipPrimitiveTests variant (OPCODE colliders always have eight)."
0x000e75f0,phys_fn_005309,117,unmapped,(NovodeX code inside the OPCODE address span),,,address range + call graph + vtable shape,"NovodeX support code: containers, streams, and sweep/overlap dispatchers that switch over four tree types with no SkipPrimitiveTests variant (OPCODE colliders always have eight)."
0x000e7670,phys_fn_005311,31,unmapped,(NovodeX code inside the OPCODE address span),,,address range + call graph + vtable shape,"NovodeX support code: containers, streams, and sweep/overlap dispatchers that switch over four tree types with no SkipPrimitiveTests variant (OPCODE colliders always have eight). P4 Task 2b reconstructed it; the grade stays `unmapped` because that is a statement about OPCODE 1.3, which still has no counterpart."
0x000e7690,phys_fn_005313,33,unmapped,(NovodeX code inside the OPCODE address span),,,address range + call graph + vtable shape,"NovodeX support code: containers, streams, and sweep/overlap dispatchers that switch over four tree types with no SkipPrimitiveTests variant (OPCODE colliders always have eight)."
0x000e76c0,phys_fn_005315,391,unmapped,(NovodeX code inside the OPCODE address span),,,address range + call graph + vtable shape,"NovodeX support code: containers, streams, and sweep/overlap dispatchers that switch over four tree types with no SkipPrimitiveTests variant (OPCODE colliders always have eight)."
0x000e7850,phys_fn_005317,816,unmapped,(NovodeX code inside the OPCODE address span),,,address range + call graph + vtable shape,"NovodeX support code: containers, streams, and sweep/overlap dispatchers that switch over four tree types with no SkipPrimitiveTests variant (OPCODE colliders always have eight)."
0x000e7b80,phys_fn_005318,136,unmapped,(NovodeX code inside the OPCODE address span),,,address range + call graph + vtable shape,"NovodeX support code: containers, streams, and sweep/overlap dispatchers that switch over four tree types with no SkipPrimitiveTests variant (OPCODE colliders always have eight)."
0x000e7c10,phys_fn_005320,44,unmapped,(NovodeX code inside the OPCODE address span),,,address range + call graph + vtable shape,"NovodeX support code: containers, streams, and sweep/overlap dispatchers that switch over four tree types with no SkipPrimitiveTests variant (OPCODE colliders always have eight)."
0x000e7c40,phys_fn_005322,5,unmapped,(NovodeX code inside the OPCODE address span),,,address range + call graph + vtable shape,"NovodeX support code: containers, streams, and sweep/overlap dispatchers that switch over four tree types with no SkipPrimitiveTests variant (OPCODE colliders always have eight)."
0x000e7c50,phys_fn_005324,1314,unmapped,(NovodeX code inside the OPCODE address span),,,address range + call graph + vtable shape,"NovodeX support code: containers, streams, and sweep/overlap dispatchers that switch over four tree types with no SkipPrimitiveTests variant (OPCODE colliders always have eight)."
0x000e8180,phys_fn_005326,282,unmapped,(NovodeX code inside the OPCODE address span),,,address range + call graph + vtable shape,"NovodeX support code: containers, streams, and sweep/overlap dispatchers that switch over four tree types with no SkipPrimitiveTests variant (OPCODE colliders always have eight)."
0x000e82a0,phys_fn_005328,16,unmapped,(NovodeX code inside the OPCODE address span),,,address range + call graph + vtable shape,"NovodeX support code: containers, streams, and sweep/overlap dispatchers that switch over four tree types with no SkipPrimitiveTests variant (OPCODE colliders always have eight)."
0x000e82b0,phys_fn_005329,7,unmapped,(NovodeX code inside the OPCODE address span),,,address range + call graph + vtable shape,"NovodeX support code: containers, streams, and sweep/overlap dispatchers that switch over four tree types with no SkipPrimitiveTests variant (OPCODE colliders always have eight)."
0x000e82c0,phys_fn_005331,31,unmapped,(NovodeX code inside the OPCODE address span),,,address range + call graph + vtable shape,"NovodeX support code: containers, streams, and sweep/overlap dispatchers that switch over four tree types with no SkipPrimitiveTests variant (OPCODE colliders always have eight)."
0x000e82e0,phys_fn_005333,472,unmapped,(NovodeX code inside the OPCODE address span),,,address range + call graph + vtable shape,"NovodeX support code: containers, streams, and sweep/overlap dispatchers that switch over four tree types with no SkipPrimitiveTests variant (OPCODE colliders always have eight)."
0x000e84c0,phys_fn_005335,392,unmapped,(NovodeX code inside the OPCODE address span),,,address range + call graph + vtable shape,"NovodeX support code: containers, streams, and sweep/overlap dispatchers that switch over four tree types with no SkipPrimitiveTests variant (OPCODE colliders always have eight)."
0x000e8650,phys_fn_005337,42,unmapped,(NovodeX code inside the OPCODE address span),,,address range + call graph + vtable shape,"NovodeX support code: containers, streams, and sweep/overlap dispatchers that switch over four tree types with no SkipPrimitiveTests variant (OPCODE colliders always have eight)."
0x000e8680,phys_fn_005339,636,unmapped,(NovodeX code inside the OPCODE address span),,,address range + call graph + vtable shape,"NovodeX support code: containers, streams, and sweep/overlap dispatchers that switch over four tree types with no SkipPrimitiveTests variant (OPCODE colliders always have eight)."
0x000e8900,phys_fn_005341,475,unmapped,(NovodeX code inside the OPCODE address span),,,address range + call graph + vtable shape,"NovodeX support code: containers, streams, and sweep/overlap dispatchers that switch over four tree types with no SkipPrimitiveTests variant (OPCODE colliders always have eight)."
0x000e8ae0,phys_fn_005343,765,unmapped,(NovodeX code inside the OPCODE address span),,,address range + call graph + vtable shape,"NovodeX support code: containers, streams, and sweep/overlap dispatchers that switch over four tree types with no SkipPrimitiveTests variant (OPCODE colliders always have eight)."
0x000e8de0,phys_fn_005345,54,unmapped,(NovodeX code inside the OPCODE address span),,,address range + call graph + vtable shape,"NovodeX support code: containers, streams, and sweep/overlap dispatchers that switch over four tree types with no SkipPrimitiveTests variant (OPCODE colliders always have eight)."
0x000e8e20,phys_fn_005347,54,unmapped,(NovodeX code inside the OPCODE address span),,,address range + call graph + vtable shape,"NovodeX support code: containers, streams, and sweep/overlap dispatchers that switch over four tree types with no SkipPrimitiveTests variant (OPCODE colliders always have eight)."
0x000e8e60,phys_fn_005349,100,unmapped,(NovodeX code inside the OPCODE address span),,,address range + call graph + vtable shape,"NovodeX support code: containers, streams, and sweep/overlap dispatchers that switch over four tree types with no SkipPrimitiveTests variant (OPCODE colliders always have eight)."
0x000e8ed0,phys_fn_005351,100,unmapped,(NovodeX code inside the OPCODE address span),,,address range + call graph + vtable shape,"NovodeX support code: containers, streams, and sweep/overlap dispatchers that switch over four tree types with no SkipPrimitiveTests variant (OPCODE colliders always have eight)."
0x000e8f40,phys_fn_005353,88,unmapped,(NovodeX code inside the OPCODE address span),,,,not attributable to any OPCODE 1.3 source function
0x000e8fa0,phys_fn_005355,16,mapped,OPC_MeshInterface.cpp,128,MeshInterface::MeshInterface,zeroes 4 fields; immediately precedes IsValid/CheckTopology/SetPointers in source order,
0x000e8fb0,phys_fn_005356,32,mapped,OPC_MeshInterface.cpp,160,MeshInterface::IsValid,first callee of Model::Build; 4 null checks,
0x000e8fd0,phys_fn_005357,80,mapped,OPC_MeshInterface.cpp,178,MeshInterface::CheckTopology,"exact: counts triangles whose three vertex POINTERS coincide (verts + idx*12) and returns the count; second callee of Model::Build, matching the source order",
0x000e9020,phys_fn_005358,53,mapped,OPC_MeshInterface.cpp,228,MeshInterface::SetPointers,"literals ""MeshInterface::SetPointers: pointer is null"" @0011ba48 and OPC_MeshInterface.cpp @0011ba74",
0x000e9060,phys_fn_005360,53,mapped,OPC_TreeBuilders.h,,AABBTreeOfTrianglesBuilder::AABBTreeOfTrianglesBuilder,"vptr=0011bab4; mSettings.mLimit(+4)=1, mIMesh(+0x44)=null; stack-constructed inside Model::Build",
0x000e90a0,phys_fn_005362,18,mapped,OPC_Model.cpp,102,Model::Model,calls BaseModel::BaseModel then installs vptr 0011bac8,
0x000e90c0,phys_fn_005364,18,mapped,OPC_Model.cpp,218,Model::GetUsedBytes,vtable 0011bac8 slot2 (purecall in the BaseModel vtable 0011bb5c); forwards to tree vtable slot 7,
0x000e90e0,phys_fn_005366,22,mapped,OPC_Model.cpp,114,Model::~Model,"S4-control-flow(writes vptr .rdata:0x0011bac8 at 0x000e90e3, calls Model::Release 0x000e9480, tail-jumps 0x000e9550 = the BaseModel release path at 0x000e90f1: the complete-object destructor body, identical to the head of the scalar deleting destructor 0x000e9280 up to its flags&1 delete arm)","Corrected by vc Task 1 (was Model::Release, probable). The row is the ~Model body that 0x000e9280 inlines before its delete arm; Model::Release is 0x000e9480, which this row calls. Surfaced by vendored_match.py MAPCHECK (two untagged Model::Release rows)."
0x000e9100,phys_fn_005368,375,mapped,OPC_Model.cpp,139,Model::Build(const OPCODECREATE&),"literal \Epic\...\opcode\OPC_Model.cpp @0011bb24; callees follow the source order IsValid, SetIceError, CheckTopology, AABBTreeOfTrianglesBuilder ctor, allocator, AABBTree ctor, AABBTree::Build, CreateTree, AABBTree dtor; vtable 0011bac8 slot1",
0x000e9280,phys_fn_005370,47,mapped,OPC_Model.cpp,114,Model::~Model / `scalar deleting destructor',vtable 0011bac8 slot0; calls Model::Release then the BaseModel release path,
0x000e92b0,phys_fn_005372,60,mapped,OPC_BaseModel.cpp,40,OPCODECREATE::OPCODECREATE,"mSettings.mRules = 0x22 = SPLIT_COMPLETE(1<<5) | SPLIT_SPLATTER_POINTS(1<<1); mLimit=1; mNoLeaf=1, mQuantized=1, mKeepOriginal=0, mCanRemap=0 as four consecutive bytes",
0x000e92f0,phys_fn_005374,23,mapped,OPC_BaseModel.cpp,59,BaseModel::BaseModel,"vptr=0011bb5c; zeroes exactly mIMesh, mModelCode, mSource, mTree",
0x000e9310,phys_fn_005376,249,mapped,OPC_BaseModel.cpp,92,"BaseModel::CreateTree(bool, bool)","4 callees = the four AABBOptimizedTree subclass constructors in the exact source order QNL, NL, Q, C",
0x000e9410,phys_fn_005378,15,mapped,OPC_BaseModel.cpp,127,BaseModel::Refit,"vtable slot3 in both 0011bb5c and 0011bac8; body is mTree->vtbl[2](mIMesh), which pins tree slot2 = Refit",
0x000e9420,phys_fn_005380,19,unmapped,(NovodeX addition to OPC_BaseModel.h),,BaseModel::getSerialSize [vslot4],forwards to AABBOptimizedTree vtable slot4,no counterpart in stock OPCODE 1.3
0x000e9440,phys_fn_005382,53,unmapped,(NovodeX addition to OPC_BaseModel.h),,BaseModel::save(stream) [vslot5],writes mModelCode then forwards to tree vtable slot5; calls NovodeX stream helper 000b3f00,no counterpart in stock OPCODE 1.3
0x000e9480,phys_fn_005384,61,probable,OPC_Model.cpp,124,Model::Release,frees the tree through the AABBTree destructor and the allocator,
0x000e94c0,phys_fn_005386,133,unmapped,(NovodeX addition to OPC_BaseModel.h),,BaseModel::load(stream) [vslot6],"reads mModelCode via 000b3ac0, calls CreateTree, then forwards to tree vtable slot6",no counterpart in stock OPCODE 1.3
0x000e9550,phys_fn_005388,67,mapped,OPC_BaseModel.cpp,68,BaseModel::~BaseModel [ReleaseBase inlined],called from the Model destructor path,"Vendored-correspondence Task 3: was ""BaseModel::ReleaseBase"". The body stores the BaseModel vptr (.rdata:0x0011bb5c) at 0x000e9559 before the inlined ReleaseBase, and Model::~Model tail-jumps to it (0x000e90f1) the way a derived destructor reaches its base's: it is the complete-object destructor, of which 0x000e95a0 is the deleting form."
0x000e95a0,phys_fn_005390,91,mapped,OPC_BaseModel.cpp,68,BaseModel::~BaseModel / `scalar deleting destructor',vtable 0011bb5c slot0; inlines ReleaseBase (deletes mSource through AABBTree::~AABBTree@000f1500 and mTree through its own vtable slot0),
0x000e9600,phys_fn_005392,126,mapped,OPC_TreeBuilders.cpp,66,AABBTreeOfAABBsBuilder::ComputeGlobalBox,"vtable 00108350 slot1; its only callee is AABB::Add (IceAABB.cpp:32), exactly as in the source",
0x000e9680,phys_fn_005394,33,mapped,OPC_TreeBuilders.cpp,91,"AABBTreeOfAABBsBuilder::GetSplittingValue(udword, udword)",vtable 00108350 slot3 (MSVC emits overloaded virtuals in reverse declaration order); 33-byte centre-of-AABB,
0x000e96b0,phys_fn_005396,569,mapped,OPC_TreeBuilders.cpp,107,AABBTreeOfTrianglesBuilder::ComputeGlobalBox,vtable 0011bab4 slot1,
0x000e98f0,phys_fn_005398,79,mapped,OPC_TreeBuilders.cpp,138,"AABBTreeOfTrianglesBuilder::GetSplittingValue(udword, udword)",vtable 0011bab4 slot3; exact body (v0+v1+v2)[axis] * 0.333333343 fetched through mIMesh at +0x44,
0x000e9940,phys_fn_005400,345,mapped,OPC_TreeBuilders.cpp,170,"AABBTreeOfTrianglesBuilder::GetSplittingValue(const udword*, udword, const AABB&, udword)",vtable 0011bab4 slot2; SPLIT_GEOM_CENTER branch that falls back to the base implementation,
0x000e9aa0,phys_fn_005402,122,probable,OPC_TreeBuilders.cpp,170,AABBTreeOfTrianglesBuilder::GetSplittingValue(...) [outlined loop],only caller is 000e9940,
0x000e9b20,phys_fn_005404,94,mapped,Ice/IceMatrix3x3.cpp,41,Matrix3x3::operator cast [operator Matrix4x4() const],"S4-control-flow(copies the nine floats, zeroes the translation row and column, stores 1.0f at +0x3c; ret 4 with the hidden return pointer)","Vendored-correspondence Task 3: was unmapped (""NovodeX code inside the OPCODE span""); it is stock ICE, called from OBBCollider::InitQuery (0x000d4f29, 0x000d4fd2), OBB::IsInside (0x000e4d4e) and two NovodeX sites (0x00057435, 0x0005765d)."
0x000e9b80,phys_fn_005406,18,mapped,OPC_AABBCollider.cpp,61,AABBCollider::AABBCollider,vptr=0011bb84 after VolumeCollider::VolumeCollider,
0x000e9ba0,phys_fn_005408,11,mapped,OPC_AABBCollider.cpp,70,AABBCollider::~AABBCollider,vptr=0011bb84; tail-jmp VolumeCollider::~VolumeCollider,
0x000e9bb0,phys_fn_005410,4848,mapped,OPC_AABBCollider.cpp,156,"AABBCollider::InitQuery(AABBCache&, const CollisionAABB&)","first callee of Collide@000ef0d0; the only one of the 5 volume-collider InitQuery bodies that does NOT call InvertPRMatrix - matching the signature, which has no world matrices",
0x000eaea0,phys_fn_005411,2435,mapped,OPC_AABBCollider.cpp,316,AABBCollider::_Collide(const AABBCollisionNode*),"image order == source definition order; dispatch order in the Collide() entry is the exact reverse (QNL,NL,Q,C x {NoPrimTest,Collide}); _Dump(node-class) call sites agree",
0x000eb830,phys_fn_005413,337,mapped,OPC_AABBCollider.cpp,343,AABBCollider::_CollideNoPrimitiveTest(const AABBCollisionNode*),"image order == source definition order; dispatch order in the Collide() entry is the exact reverse (QNL,NL,Q,C x {NoPrimTest,Collide}); _Dump(node-class) call sites agree",
0x000eb990,phys_fn_005415,2569,mapped,OPC_AABBCollider.cpp,370,AABBCollider::_Collide(const AABBQuantizedNode*),"image order == source definition order; dispatch order in the Collide() entry is the exact reverse (QNL,NL,Q,C x {NoPrimTest,Collide}); _Dump(node-class) call sites agree",
0x000ec3a0,phys_fn_005417,13,mapped,OPC_AABBCollider.cpp,402,AABBCollider::_CollideNoPrimitiveTest(const AABBQuantizedNode*),"image order == source definition order; dispatch order in the Collide() entry is the exact reverse (QNL,NL,Q,C x {NoPrimTest,Collide}); _Dump(node-class) call sites agree",
0x000ec3b0,phys_fn_005419,459,mapped,OPC_AABBCollider.cpp,402,AABBCollider::_CollideNoPrimitiveTest(const AABBQuantizedNode*) [body],"image order == source definition order; dispatch order in the Collide() entry is the exact reverse (QNL,NL,Q,C x {NoPrimTest,Collide}); _Dump(node-class) call sites agree",
0x000ec580,phys_fn_005421,4686,mapped,OPC_AABBCollider.cpp,434,AABBCollider::_Collide(const AABBNoLeafNode*),"image order == source definition order; dispatch order in the Collide() entry is the exact reverse (QNL,NL,Q,C x {NoPrimTest,Collide}); _Dump(node-class) call sites agree",
0x000ed7d0,phys_fn_005423,13,mapped,OPC_AABBCollider.cpp,456,AABBCollider::_CollideNoPrimitiveTest(const AABBNoLeafNode*),"image order == source definition order; dispatch order in the Collide() entry is the exact reverse (QNL,NL,Q,C x {NoPrimTest,Collide}); _Dump(node-class) call sites agree",
0x000ed7e0,phys_fn_005425,372,mapped,OPC_AABBCollider.cpp,456,AABBCollider::_CollideNoPrimitiveTest(const AABBNoLeafNode*) [body],"image order == source definition order; dispatch order in the Collide() entry is the exact reverse (QNL,NL,Q,C x {NoPrimTest,Collide}); _Dump(node-class) call sites agree",
0x000ed960,phys_fn_005427,4880,mapped,OPC_AABBCollider.cpp,478,AABBCollider::_Collide(const AABBQuantizedNoLeafNode*),"image order == source definition order; dispatch order in the Collide() entry is the exact reverse (QNL,NL,Q,C x {NoPrimTest,Collide}); _Dump(node-class) call sites agree",
0x000eec70,phys_fn_005428,526,mapped,OPC_AABBCollider.cpp,505,AABBCollider::_CollideNoPrimitiveTest(const AABBQuantizedNoLeafNode*),"image order == source definition order; dispatch order in the Collide() entry is the exact reverse (QNL,NL,Q,C x {NoPrimTest,Collide}); _Dump(node-class) call sites agree",
0x000eee80,phys_fn_005430,539,mapped,OPC_AABBCollider.cpp,532,AABBCollider::_Collide(const AABBTreeNode*),"second callee of Collide(cache,box,tree)@000ef230",
0x000ef0a0,phys_fn_005432,36,mapped,OPC_AABBCollider.cpp,70,AABBCollider::`scalar deleting destructor',vtable 0011bb84 slot0,
0x000ef0d0,phys_fn_005434,351,mapped,OPC_AABBCollider.cpp,88,"AABBCollider::Collide(AABBCache&, const CollisionAABB&, const Model&)",9 callees = InitQuery + 8 recursive roots in exact source dispatch order,
0x000ef230,phys_fn_005436,55,mapped,OPC_AABBCollider.cpp,261,"AABBCollider::Collide(AABBCache&, const CollisionAABB&, const AABBTree*)",calls InitQuery + _Collide(AABBTreeNode),
0x000ef270,phys_fn_005438,182,unmapped,(NovodeX code inside the OPCODE address span),,,address range + call graph + vtable shape,NovodeX pruner family (targets of vtables 0011bb98 / 0011bbc0) plus container helpers.
0x000ef330,phys_fn_005440,152,unmapped,(NovodeX code inside the OPCODE address span),,,address range + call graph + vtable shape,NovodeX pruner family (targets of vtables 0011bb98 / 0011bbc0) plus container helpers.
0x000ef3d0,phys_fn_005442,485,unmapped,(NovodeX code inside the OPCODE address span),,,address range + call graph + vtable shape,NovodeX pruner family (targets of vtables 0011bb98 / 0011bbc0) plus container helpers.
0x000ef5c0,phys_fn_005444,146,unmapped,(NovodeX code inside the OPCODE address span),,,address range + call graph + vtable shape,NovodeX pruner family (targets of vtables 0011bb98 / 0011bbc0) plus container helpers.
0x000ef660,phys_fn_005446,14,unmapped,(NovodeX code inside the OPCODE address span),,,address range + call graph + vtable shape,NovodeX pruner family (targets of vtables 0011bb98 / 0011bbc0) plus container helpers.
0x000ef670,phys_fn_005448,29,unmapped,(NovodeX code inside the OPCODE address span),,,address range + call graph + vtable shape,NovodeX pruner family (targets of vtables 0011bb98 / 0011bbc0) plus container helpers.
0x000ef690,phys_fn_005450,50,unmapped,(NovodeX code inside the OPCODE address span),,,address range + call graph + vtable shape,NovodeX pruner family (targets of vtables 0011bb98 / 0011bbc0) plus container helpers.
0x000ef6d0,phys_fn_005452,117,unmapped,(NovodeX code inside the OPCODE address span),,,address range + call graph + vtable shape,NovodeX pruner family (targets of vtables 0011bb98 / 0011bbc0) plus container helpers.
0x000ef750,phys_fn_005454,53,unmapped,(NovodeX code inside the OPCODE address span),,,address range + call graph + vtable shape,NovodeX pruner family (targets of vtables 0011bb98 / 0011bbc0) plus container helpers.
0x000ef790,phys_fn_005456,44,unmapped,(NovodeX code inside the OPCODE address span),,,address range + call graph + vtable shape,NovodeX pruner family (targets of vtables 0011bb98 / 0011bbc0) plus container helpers.
0x000ef7c0,phys_fn_005458,44,unmapped,(NovodeX code inside the OPCODE address span),,,address range + call graph + vtable shape,NovodeX pruner family (targets of vtables 0011bb98 / 0011bbc0) plus container helpers.
0x000ef7f0,phys_fn_005460,39,unmapped,(NovodeX code inside the OPCODE address span),,,address range + call graph + vtable shape,NovodeX pruner family (targets of vtables 0011bb98 / 0011bbc0) plus container helpers.
0x000ef820,phys_fn_005462,39,unmapped,(NovodeX code inside the OPCODE address span),,,address range + call graph + vtable shape,NovodeX pruner family (targets of vtables 0011bb98 / 0011bbc0) plus container helpers.
0x000ef850,phys_fn_005464,18,unmapped,(NovodeX code inside the OPCODE address span),,,address range + call graph + vtable shape,NovodeX pruner family (targets of vtables 0011bb98 / 0011bbc0) plus container helpers.
0x000ef870,phys_fn_005466,536,unmapped,(NovodeX code inside the OPCODE address span),,,address range + call graph + vtable shape,NovodeX pruner family (targets of vtables 0011bb98 / 0011bbc0) plus container helpers.
0x000efa90,phys_fn_005468,503,unmapped,(NovodeX code inside the OPCODE address span),,,address range + call graph + vtable shape,NovodeX pruner family (targets of vtables 0011bb98 / 0011bbc0) plus container helpers.
0x000efc90,phys_fn_005470,208,unmapped,(NovodeX code inside the OPCODE address span),,,address range + call graph + vtable shape,NovodeX pruner family (targets of vtables 0011bb98 / 0011bbc0) plus container helpers.
0x000efd60,phys_fn_005471,273,unmapped,(NovodeX code inside the OPCODE address span),,,address range + call graph + vtable shape,NovodeX pruner family (targets of vtables 0011bb98 / 0011bbc0) plus container helpers.
0x000efe80,phys_fn_005473,40,unmapped,(NovodeX code inside the OPCODE address span),,,address range + call graph + vtable shape,NovodeX pruner family (targets of vtables 0011bb98 / 0011bbc0) plus container helpers.
0x000efeb0,phys_fn_005475,27,unmapped,(NovodeX code inside the OPCODE address span),,,address range + call graph + vtable shape,NovodeX pruner family (targets of vtables 0011bb98 / 0011bbc0) plus container helpers.
0x000efed0,phys_fn_005477,65,unmapped,(NovodeX code inside the OPCODE address span),,,address range + call graph + vtable shape,NovodeX pruner family (targets of vtables 0011bb98 / 0011bbc0) plus container helpers.
0x000eff20,phys_fn_005479,148,unmapped,(NovodeX code inside the OPCODE address span),,,address range + call graph + vtable shape,NovodeX pruner family (targets of vtables 0011bb98 / 0011bbc0) plus container helpers.
0x000effc0,phys_fn_005481,252,unmapped,(NovodeX code inside the OPCODE address span),,,address range + call graph + vtable shape,NovodeX pruner family (targets of vtables 0011bb98 / 0011bbc0) plus container helpers.
0x000f00c0,phys_fn_005483,476,unmapped,(NovodeX code inside the OPCODE address span),,,address range + call graph + vtable shape,NovodeX pruner family (targets of vtables 0011bb98 / 0011bbc0) plus container helpers.
0x000f02a0,phys_fn_005485,622,unmapped,(NovodeX code inside the OPCODE address span),,,address range + call graph + vtable shape,NovodeX pruner family (targets of vtables 0011bb98 / 0011bbc0) plus container helpers.
0x000f0510,phys_fn_005487,20,mapped,OPC_Collider.cpp,40,Collider::Collider,"vptr=0011bbec + exactly 3 zeroed members (mFlags, mCurrentModel, mIMesh)",
0x000f0530,phys_fn_005489,7,mapped,OPC_Collider.cpp,52,Collider::~Collider,vptr store only; tail of every derived destructor,
0x000f0540,phys_fn_005491,31,mapped,OPC_Collider.h,42,Collider::`scalar deleting destructor',vtable 0011bbec slot0; slot1 is purecall (ValidateSettings is pure),
0x000f0560,phys_fn_005493,252,probable,Ice/IceSegment.cpp,29,"Segment::SquareDistance(const Point&, float*) const","S4-control-flow(Diff=point-mP0; Dir=mP1-mP0; fT=Diff|Dir; fT<=0 -> 0.0f; fT>=Dir.SquareMagnitude() -> 1.0f and Diff-=Dir; else fT/=SqrLen and Diff-=fT*Dir; if(t) *t=fT; return Diff.SquareMagnitude(), statement for statement);S5-member-offset(Segment = mP0 +0, mP1 +0xc);S2-constant(0.0f at .rdata:0x001041f0 and 1.0f at .rdata:0x001041ec)","Re-derived by the Task 1c fix pass. The earlier record named no upstream function and cited OPC_LSSAABBOverlap.h, which does not declare it; it is Terdiman's Segment::SquareDistance, reached from LSSCollider::InitQuery@000d34c0."
0x000f0660,phys_fn_005495,29,mapped,OPC_VolumeCollider.cpp,40,VolumeCollider::VolumeCollider,vptr=0011bc00; calls Collider::Collider; zeroes mTouchedPrimitives + 2 stat counters,
0x000f0680,phys_fn_005497,18,mapped,OPC_VolumeCollider.cpp,52,VolumeCollider::~VolumeCollider,vptr=0011bc00; tail-jmp Collider::~Collider. Note 0011bc00 slot0 is purecall (pure virtual dtor),
0x000f06a0,phys_fn_005499,136,mapped,OPC_VolumeCollider.cpp,99,VolumeCollider::_Dump(const AABBNoLeafNode*) [IMPLEMENT_NOLEAFDUMP],call sites = the NoLeaf _CollideNoPrimitiveTest of all 5 volume colliders; 136-byte noleaf size class,
0x000f0730,phys_fn_005501,136,mapped,OPC_VolumeCollider.cpp,100,VolumeCollider::_Dump(const AABBQuantizedNoLeafNode*),"same, quantized-noleaf; image order matches source order 99,100,102,103",
0x000f07c0,phys_fn_005503,90,mapped,OPC_VolumeCollider.cpp,102,VolumeCollider::_Dump(const AABBCollisionNode*) [IMPLEMENT_LEAFDUMP],90-byte leaf size class; call sites are the AABBCollisionNode _CollideNoPrimitiveTest bodies,
0x000f0820,phys_fn_005505,90,mapped,OPC_VolumeCollider.cpp,103,VolumeCollider::_Dump(const AABBQuantizedNode*),90-byte leaf size class; call sites are the AABBQuantizedNode _CollideNoPrimitiveTest bodies,
0x000f0880,phys_fn_005507,14,probable,OPC_AABBTree.cpp,56,AABBTreeNode::AABBTreeNode,"zeroes +0x18/+0x1c/+0x20 (mNodePrimitives, mNbPrimitives, mPos)",
0x000f0890,phys_fn_005509,158,mapped,OPC_AABBTree.cpp,74,AABBTreeNode::`vector deleting destructor' [~AABBTreeNode inlined],"S4-control-flow(test [esp+4],2 at 0x000f0890 selects the array arm: count at [this-4] at 0x000f089b, element stride 0x24 (lea ecx,[eax+eax*8]; [esi+ecx*4]) walked backwards, each element's ~AABBTreeNode body inlined (child delete through a recursive call with flags 3 at 0x000f08c9/0x000f0908); flags&1 frees [this-4] or this through the allocator getter 0x000b4000 slot +0xc)","Corrected by vc Task 1 (was AABBTreeNode::~AABBTreeNode, probable). The flags&2 array arm and the recursive push 3 are the MSVC vector deleting destructor; AABBTreeNode is allocated with new[] (mPos child pairs), so delete[] reaches it. Surfaced by vendored_match.py review."
0x000f0930,phys_fn_005511,115,mapped,OPC_AABBTree.cpp,99,"AABBTreeNode::Split(udword, AABBTreeBuilder*)",exact: one builder->vtbl[8] (4-arg GetSplittingValue) then a per-primitive builder->vtbl[0xc] (2-arg GetSplittingValue) with the index swap; mNodePrimitives at +0x1c and mNbPrimitives at +0x20,
0x000f09b0,phys_fn_005513,1085,mapped,OPC_AABBTree.cpp,150,AABBTreeNode::Subdivide(AABBTreeBuilder*),calls Split; largest body in the TU,
0x000f0df0,phys_fn_005515,167,mapped,OPC_AABBTree.cpp,150,AABBTreeNode::Subdivide(AABBTreeBuilder*) [body],continuation of 000f09b0 (invalid-split fallback path); also calls Split,
0x000f0ea0,phys_fn_005517,442,mapped,OPC_AABBTree.cpp,333,AABBTreeNode::_BuildHierarchy(AABBTreeBuilder*),calls Subdivide then recurses; sole callee of AABBTree::Build,"LOCALLY MODIFIED, found by the P4 Task 2a fix pass. Stock is four statements. 0x000f0ec0-0x000f1026 is a NovodeX block between ComputeGlobalBox and Subdivide: it captures the ROOT node mBV into the builder at +0x20 under the one-shot latch at +0x38 (0x000f0ecc test, 0x000f0ed7 copy, 0x000f0efa clear), extends mBV to mSettings+0x08 along the axis at mSettings+0x0c when that value falls outside the captured box (0x000f0efe, 0x000f0f47), then inflates mBV by the margin at mSettings+0x10 (0x000f0f83 gate, 0x000f0f8e-0x000f1026). Vendored at External/opcode/novodex/OPC_AABBTree.cpp."
0x000f1060,phys_fn_005519,23,probable,OPC_AABBTree.cpp,373,AABBTree::AABBTree,zeroes 6 dwords from +0x18; called directly by Model::Build,
0x000f1080,phys_fn_005521,56,probable,OPC_AABBTree.cpp,392,AABBTree::Release,frees the node pool; called by AABBTree::Build and ~AABBTree,
0x000f10c0,phys_fn_005523,229,mapped,OPC_AABBTree.cpp,405,AABBTree::Build(AABBTreeBuilder*),"calls Release, allocates mIndices, allocates the 2n-1 node pool, then _BuildHierarchy; called by Model::Build","LOCALLY MODIFIED, found by the P4 Task 2a fix pass. 0x000f1187 mov byte ptr [esi+0x38],1 arms the capture latch in the two instructions before the call to _BuildHierarchy; stock has no statement there. Vendored at External/opcode/novodex/OPC_AABBTree.cpp."
0x000f11b0,phys_fn_005525,404,probable,OPC_AABBTree.cpp,466,"AABBTree::Walk(WalkingCallback, void*)","404-byte leaf, iterative walk",
0x000f1350,phys_fn_005527,418,probable,OPC_AABBTree.cpp,514,AABBTree::Refit2(AABBTreeBuilder*),418-byte leaf,
0x000f1500,phys_fn_005529,79,mapped,OPC_AABBTree.cpp,382,AABBTree::~AABBTree,calls Release + allocator; used by BaseModel::ReleaseBase to delete mSource,
0x000f1550,phys_fn_005531,37,unmapped,(NovodeX code inside the OPCODE address span),,,address range + call graph + vtable shape,NovodeX container/stream helpers and pruner base stubs (targets of vtable 0011bc18).
0x000f1580,phys_fn_005533,5,unmapped,(NovodeX code inside the OPCODE address span),,,address range + call graph + vtable shape,NovodeX container/stream helpers and pruner base stubs (targets of vtable 0011bc18).
0x000f1590,phys_fn_005535,5,unmapped,(NovodeX code inside the OPCODE address span),,,address range + call graph + vtable shape,NovodeX container/stream helpers and pruner base stubs (targets of vtable 0011bc18).
0x000f15a0,phys_fn_005537,26,unmapped,(NovodeX code inside the OPCODE address span),,,address range + call graph + vtable shape,NovodeX container/stream helpers and pruner base stubs (targets of vtable 0011bc18).
0x000f15c0,phys_fn_005539,51,unmapped,(NovodeX code inside the OPCODE address span),,,address range + call graph + vtable shape,NovodeX container/stream helpers and pruner base stubs (targets of vtable 0011bc18).
0x000f1600,phys_fn_005541,444,unmapped,(NovodeX code inside the OPCODE address span),,,address range + call graph + vtable shape,NovodeX container/stream helpers and pruner base stubs (targets of vtable 0011bc18).
0x000f17c0,phys_fn_005543,420,unmapped,(NovodeX code inside the OPCODE address span),,,address range + call graph + vtable shape,NovodeX container/stream helpers and pruner base stubs (targets of vtable 0011bc18).
0x000f1970,phys_fn_005545,178,unmapped,(NovodeX code inside the OPCODE address span),,,address range + call graph + vtable shape,NovodeX container/stream helpers and pruner base stubs (targets of vtable 0011bc18).
0x000f1a30,phys_fn_005547,56,unmapped,(NovodeX code inside the OPCODE address span),,,address range + call graph + vtable shape,NovodeX container/stream helpers and pruner base stubs (targets of vtable 0011bc18).
0x000f1a70,phys_fn_005549,80,unmapped,(NovodeX code inside the OPCODE address span),,,address range + call graph + vtable shape,NovodeX container/stream helpers and pruner base stubs (targets of vtable 0011bc18).
0x000f1ac0,phys_fn_005550,412,unmapped,(NovodeX code inside the OPCODE address span),,,address range + call graph + vtable shape,NovodeX container/stream helpers and pruner base stubs (targets of vtable 0011bc18).
0x000f1c60,phys_fn_005552,70,unmapped,(NovodeX code inside the OPCODE address span),,,address range + call graph + vtable shape,NovodeX container/stream helpers and pruner base stubs (targets of vtable 0011bc18).
0x000f1cb0,phys_fn_005554,93,unmapped,(NovodeX code inside the OPCODE address span),,,address range + call graph + vtable shape,NovodeX container/stream helpers and pruner base stubs (targets of vtable 0011bc18).
0x000f1d10,phys_fn_005556,49,unmapped,(NovodeX code inside the OPCODE address span),,,address range + call graph + vtable shape,NovodeX container/stream helpers and pruner base stubs (targets of vtable 0011bc18).
0x000f1d50,phys_fn_005558,93,unmapped,(NovodeX code inside the OPCODE address span),,,address range + call graph + vtable shape,NovodeX container/stream helpers and pruner base stubs (targets of vtable 0011bc18).
0x000f1db0,phys_fn_005560,49,unmapped,(NovodeX code inside the OPCODE address span),,,address range + call graph + vtable shape,NovodeX container/stream helpers and pruner base stubs (targets of vtable 0011bc18).
0x000f1df0,phys_fn_005562,605,unmapped,(NovodeX code inside the OPCODE address span),,,address range + call graph + vtable shape,NovodeX container/stream helpers and pruner base stubs (targets of vtable 0011bc18).
0x000f2050,phys_fn_005564,57,unmapped,(NovodeX code inside the OPCODE address span),,,address range + call graph + vtable shape,NovodeX container/stream helpers and pruner base stubs (targets of vtable 0011bc18).
0x000f2090,phys_fn_005566,199,unmapped,(NovodeX code inside the OPCODE address span),,,address range + call graph + vtable shape,NovodeX container/stream helpers and pruner base stubs (targets of vtable 0011bc18).
0x000f2160,phys_fn_005568,57,unmapped,(NovodeX code inside the OPCODE address span),,,address range + call graph + vtable shape,NovodeX container/stream helpers and pruner base stubs (targets of vtable 0011bc18).
0x000f21a0,phys_fn_005570,35,mapped,OPC_OptimizedTree.h,140,AABBOptimizedTree::`scalar deleting destructor',vtable 0011bc4c slot0; the remaining 7 slots are purecall (stock has only 4 pure virtuals),Source file corrected by the Task 1c fix pass: AABBOptimizedTree is declared in OPC_OptimizedTree.h and does not appear in the .cpp at all.
0x000f21d0,phys_fn_005572,285,mapped,OPC_OptimizedTree.cpp,99,_BuildCollisionTree (file-static),"self-recursive; called only by AABBCollisionTree::Build and AABBQuantizedTree::Build, exactly as in the source",
0x000f22f0,phys_fn_005574,341,mapped,OPC_OptimizedTree.cpp,150,_BuildNoLeafTree (file-static),self-recursive; called only by AABBNoLeafTree::Build and AABBQuantizedNoLeafTree::Build,
0x000f2450,phys_fn_005576,17,mapped,OPC_OptimizedTree.cpp,209,AABBCollisionTree::AABBCollisionTree,vtable 0011bc6c slot identity (ctor and deleting-dtor both name it); node size 28 bytes,
0x000f2470,phys_fn_005578,7,mapped,OPC_OptimizedTree.h,127,AABBCollisionTree::GetUsedBytes [IMPLEMENT_COLLISION_TREE],vtable 0011bc6c slot identity (ctor and deleting-dtor both name it); node size 28 bytes,vtable slot 7 - NovodeX pushed it down by 3; body returns mNbNodes*28 exactly
0x000f2480,phys_fn_005580,171,mapped,OPC_OptimizedTree.cpp,230,AABBCollisionTree::Build,vtable 0011bc6c slot identity (ctor and deleting-dtor both name it); node size 28 bytes,
0x000f2530,phys_fn_005582,60,mapped,OPC_OptimizedTree.cpp,277,AABBCollisionTree::Walk::Local::_Walk,vtable 0011bc6c slot identity (ctor and deleting-dtor both name it); node size 28 bytes,
0x000f2570,phys_fn_005584,10,unmapped,(NovodeX addition to OPC_OptimizedTree.h),,AABBCollisionTree::getSerialSize [vslot4],"returns exactly the byte count that the slot-5 save method writes: 2 dwords + node array, plus 24 for the two quantisation Points on the quantized classes",no counterpart in stock OPCODE 1.3
0x000f2580,phys_fn_005586,43,unmapped,(NovodeX addition to OPC_OptimizedTree.h),,AABBCollisionTree::save(stream) [vslot5],calls NovodeX stream helpers 000b3f00 (store dword) and 000b3f50 (store block); the quantized classes additionally store mCenterCoeff (+0xc..+0x14) and mExtentsCoeff (+0x18..+0x20),no counterpart in stock OPCODE 1.3
0x000f25b0,phys_fn_005588,168,unmapped,(NovodeX addition to OPC_OptimizedTree.h),,AABBCollisionTree::load(stream) [vslot6],calls NovodeX stream helpers 000b3ac0 (read dword) and 000b3b00 (read block) then relocates node pointers,no counterpart in stock OPCODE 1.3
0x000f2660,phys_fn_005590,36,unmapped,(NovodeX addition to OPC_OptimizedTree.h),,AABBCollisionTree::load [pointer-relocation loop],continuation block of the slot-6 loader,no counterpart in stock OPCODE 1.3
0x000f2690,phys_fn_005592,17,mapped,OPC_OptimizedTree.cpp,304,AABBNoLeafTree::AABBNoLeafTree,vtable 0011bc8c slot identity (ctor and deleting-dtor both name it); node size 32 bytes,
0x000f26b0,phys_fn_005594,7,mapped,OPC_OptimizedTree.h,127,AABBNoLeafTree::GetUsedBytes [IMPLEMENT_COLLISION_TREE],vtable 0011bc8c slot identity (ctor and deleting-dtor both name it); node size 32 bytes,vtable slot 7 - NovodeX pushed it down by 3; body returns mNbNodes*32 exactly
0x000f26c0,phys_fn_005596,174,mapped,OPC_OptimizedTree.cpp,325,AABBNoLeafTree::Build,vtable 0011bc8c slot identity (ctor and deleting-dtor both name it); node size 32 bytes,
0x000f2770,phys_fn_005598,73,mapped,OPC_OptimizedTree.cpp,380,AABBNoLeafTree::Refit,vtable 0011bc8c slot identity (ctor and deleting-dtor both name it); node size 32 bytes,
0x000f27c0,phys_fn_005600,1695,mapped,OPC_OptimizedTree.cpp,380,AABBNoLeafTree::Refit [body],vtable 0011bc8c slot identity (ctor and deleting-dtor both name it); node size 32 bytes,
0x000f2e60,phys_fn_005602,65,mapped,OPC_OptimizedTree.cpp,441,AABBNoLeafTree::Walk::Local::_Walk,vtable 0011bc8c slot identity (ctor and deleting-dtor both name it); node size 32 bytes,
0x000f2eb0,phys_fn_005604,10,unmapped,(NovodeX addition to OPC_OptimizedTree.h),,AABBNoLeafTree::getSerialSize [vslot4],"returns exactly the byte count that the slot-5 save method writes: 2 dwords + node array, plus 24 for the two quantisation Points on the quantized classes",no counterpart in stock OPCODE 1.3
0x000f2ec0,phys_fn_005606,43,unmapped,(NovodeX addition to OPC_OptimizedTree.h),,AABBNoLeafTree::save(stream) [vslot5],calls NovodeX stream helpers 000b3f00 (store dword) and 000b3f50 (store block); the quantized classes additionally store mCenterCoeff (+0xc..+0x14) and mExtentsCoeff (+0x18..+0x20),no counterpart in stock OPCODE 1.3
0x000f2ef0,phys_fn_005608,168,unmapped,(NovodeX addition to OPC_OptimizedTree.h),,AABBNoLeafTree::load(stream) [vslot6],calls NovodeX stream helpers 000b3ac0 (read dword) and 000b3b00 (read block) then relocates node pointers,no counterpart in stock OPCODE 1.3
0x000f2fa0,phys_fn_005610,52,unmapped,(NovodeX addition to OPC_OptimizedTree.h),,AABBNoLeafTree::load [pointer-relocation loop],continuation block of the slot-6 loader,no counterpart in stock OPCODE 1.3
0x000f2fe0,phys_fn_005612,17,mapped,OPC_OptimizedTree.cpp,564,AABBQuantizedTree::AABBQuantizedTree,vtable 0011bcac slot identity (ctor and deleting-dtor both name it); node size 16 bytes,
0x000f3000,phys_fn_005614,7,mapped,OPC_OptimizedTree.h,127,AABBQuantizedTree::GetUsedBytes [IMPLEMENT_COLLISION_TREE],vtable 0011bcac slot identity (ctor and deleting-dtor both name it); node size 16 bytes,vtable slot 7 - NovodeX pushed it down by 3; body returns mNbNodes*16 exactly
0x000f3010,phys_fn_005616,1197,mapped,OPC_OptimizedTree.cpp,585,AABBQuantizedTree::Build,vtable 0011bcac slot identity (ctor and deleting-dtor both name it); node size 16 bytes,
0x000f34c0,phys_fn_005618,274,mapped,OPC_OptimizedTree.cpp,585,AABBQuantizedTree::Build [quantisation block],vtable 0011bcac slot identity (ctor and deleting-dtor both name it); node size 16 bytes,
0x000f35e0,phys_fn_005620,60,mapped,OPC_OptimizedTree.cpp,650,AABBQuantizedTree::Walk::Local::_Walk,vtable 0011bcac slot identity (ctor and deleting-dtor both name it); node size 16 bytes,
0x000f3620,phys_fn_005622,10,unmapped,(NovodeX addition to OPC_OptimizedTree.h),,AABBQuantizedTree::getSerialSize [vslot4],"returns exactly the byte count that the slot-5 save method writes: 2 dwords + node array, plus 24 for the two quantisation Points on the quantized classes",no counterpart in stock OPCODE 1.3
0x000f3630,phys_fn_005624,117,unmapped,(NovodeX addition to OPC_OptimizedTree.h),,AABBQuantizedTree::save(stream) [vslot5],calls NovodeX stream helpers 000b3f00 (store dword) and 000b3f50 (store block); the quantized classes additionally store mCenterCoeff (+0xc..+0x14) and mExtentsCoeff (+0x18..+0x20),no counterpart in stock OPCODE 1.3
0x000f36b0,phys_fn_005626,17,mapped,OPC_OptimizedTree.cpp,678,AABBQuantizedNoLeafTree::AABBQuantizedNoLeafTree,vtable 0011bcd0 slot identity (ctor and deleting-dtor both name it); node size 20 bytes,
0x000f36d0,phys_fn_005628,10,mapped,OPC_OptimizedTree.h,127,AABBQuantizedNoLeafTree::GetUsedBytes [IMPLEMENT_COLLISION_TREE],vtable 0011bcd0 slot identity (ctor and deleting-dtor both name it); node size 20 bytes,vtable slot 7 - NovodeX pushed it down by 3; body returns mNbNodes*20 exactly
0x000f36e0,phys_fn_005630,1177,mapped,OPC_OptimizedTree.cpp,699,AABBQuantizedNoLeafTree::Build,vtable 0011bcd0 slot identity (ctor and deleting-dtor both name it); node size 20 bytes,
0x000f3b80,phys_fn_005632,26,mapped,OPC_OptimizedTree.cpp,699,AABBQuantizedNoLeafTree::Build [quantisation block],vtable 0011bcd0 slot identity (ctor and deleting-dtor both name it); node size 20 bytes,
0x000f3ba0,phys_fn_005634,299,mapped,OPC_OptimizedTree.cpp,699,AABBQuantizedNoLeafTree::Build [quantisation block 2],vtable 0011bcd0 slot identity (ctor and deleting-dtor both name it); node size 20 bytes,
0x000f3cd0,phys_fn_005636,5,mapped,OPC_OptimizedTree.cpp,263,AABBCollisionTree::Refit  [ICF-folded with AABBQuantizedTree::Refit :636 and AABBQuantizedNoLeafTree::Refit :752],"occupies slot2 of 0011bc6c, 0011bcac and 0011bcd0; body is ""return false"", the stock ASSERT-and-return-false",three identical source bodies -> /OPT:ICF fold
0x000f3ce0,phys_fn_005638,65,mapped,OPC_OptimizedTree.cpp,766,AABBQuantizedNoLeafTree::Walk::Local::_Walk,vtable 0011bcd0 slot identity (ctor and deleting-dtor both name it); node size 20 bytes,
0x000f3d30,phys_fn_005640,14,unmapped,(NovodeX addition to OPC_OptimizedTree.h),,AABBQuantizedNoLeafTree::getSerialSize [vslot4],"returns exactly the byte count that the slot-5 save method writes: 2 dwords + node array, plus 24 for the two quantisation Points on the quantized classes",no counterpart in stock OPCODE 1.3
0x000f3d40,phys_fn_005642,118,unmapped,(NovodeX addition to OPC_OptimizedTree.h),,AABBQuantizedNoLeafTree::save(stream) [vslot5],calls NovodeX stream helpers 000b3f00 (store dword) and 000b3f50 (store block); the quantized classes additionally store mCenterCoeff (+0xc..+0x14) and mExtentsCoeff (+0x18..+0x20),no counterpart in stock OPCODE 1.3
0x000f3dc0,phys_fn_005644,167,unmapped,(NovodeX addition to OPC_OptimizedTree.h),,AABBQuantizedNoLeafTree::load(stream) [vslot6],calls NovodeX stream helpers 000b3ac0 (read dword) and 000b3b00 (read block) then relocates node pointers,no counterpart in stock OPCODE 1.3
0x000f3e70,phys_fn_005646,116,unmapped,(NovodeX addition to OPC_OptimizedTree.h),,AABBQuantizedNoLeafTree::load [pointer-relocation loop],continuation block of the slot-6 loader,no counterpart in stock OPCODE 1.3
0x000f3ef0,phys_fn_005648,36,mapped,OPC_OptimizedTree.cpp,277,AABBCollisionTree::Walk,vtable 0011bc6c slot identity (ctor and deleting-dtor both name it); node size 28 bytes,
0x000f3f20,phys_fn_005650,36,mapped,OPC_OptimizedTree.cpp,441,AABBNoLeafTree::Walk,vtable 0011bc8c slot identity (ctor and deleting-dtor both name it); node size 32 bytes,
0x000f3f50,phys_fn_005652,36,mapped,OPC_OptimizedTree.cpp,650,AABBQuantizedTree::Walk,vtable 0011bcac slot identity (ctor and deleting-dtor both name it); node size 16 bytes,
0x000f3f80,phys_fn_005654,36,mapped,OPC_OptimizedTree.cpp,766,AABBQuantizedNoLeafTree::Walk,vtable 0011bcd0 slot identity (ctor and deleting-dtor both name it); node size 20 bytes,
0x000f3fb0,phys_fn_005656,73,mapped,OPC_OptimizedTree.cpp,218,AABBCollisionTree::`scalar deleting destructor',vtable 0011bc6c slot identity (ctor and deleting-dtor both name it); node size 28 bytes,
0x000f4000,phys_fn_005658,73,mapped,OPC_OptimizedTree.cpp,313,AABBNoLeafTree::`scalar deleting destructor',vtable 0011bc8c slot identity (ctor and deleting-dtor both name it); node size 32 bytes,
0x000f4050,phys_fn_005660,73,mapped,OPC_OptimizedTree.cpp,573,AABBQuantizedTree::`scalar deleting destructor',vtable 0011bcac slot identity (ctor and deleting-dtor both name it); node size 16 bytes,
0x000f40a0,phys_fn_005662,73,mapped,OPC_OptimizedTree.cpp,687,AABBQuantizedNoLeafTree::`scalar deleting destructor',vtable 0011bcd0 slot identity (ctor and deleting-dtor both name it); node size 20 bytes,
