group/source_function,class,reviewed_by_task,verdict,addresses,note
Collider::InitQuery,MATCH,3,equivalent,oracle 0x000b5710; candidate 0x00088e40,SHAPE only: none
RayCollider::RayCollider,SHAPE,3,equivalent,oracle 0x000b5720; candidate 0x000a4370,SHAPE only: trivial floats +0.0; float 3.4028234663852886e+38 stored as an immediate on the other side; floats counts +0.0 +3.4028234663852886e+38; x87 0->4; float widths + | x87 arithmetic or compares present: execution evidence still required (Task 5)
RayCollider::~RayCollider,MATCH,3,equivalent,oracle 0x000b5760; candidate 0x000a43d0,SHAPE only: none
RayCollider::ValidateSettings,REVIEW,3,equivalent,oracle 0x000b5770; candidate 0x000a5bb0,"fields and bit tests: no residue once lea/add/mov copies are folded into effective offsets and the base class is ignored (the diff_fields/diff_imms tokens are base-class tracing and pointer-copy forms) | one-sided logic/compare immediates: flag-combination test (temporal coherence without first contact; model code bits) (candidate 000a5bce); flag-pair mask compare ((mFlags&3)==3) or index &3 / loop bound 3 (candidate 000a5bcc); single flag or leaf bit tested on a register copy (candidate 000a5bed) | report_jcc +2:jne: compare/branch forms, paired by the categories above | x87 arithmetic or compares present: execution evidence still required (Task 5)"
RayCollider::InitQuery,REVIEW,3,equivalent,oracle 0x000b57d0; candidate 0x000a4740,"stores to +0x1c..0x1f/+0x34..0x37/+0x40..0x4b (mOrigin/mDir/mFDir precomputation) go through spilled `this` copies the fold does not follow (0x000a47e8, 0x000a4876); oracle `test [faces+4],0xfffffffc` (0x000b5d7e, 0x000b6209) is GetNbFaces()!=0, the candidate's `cmp [faces+4],4; jb` the same for an unsigned count; the flags clear `and [this+4],0xfffffff3` is a register read-modify-write in the oracle (0x000b57e3) | one-sided logic/compare immediates: count compare (GetNbFaces()!=0 as >=4, or mLimit==1) (candidate 000a4cf5, candidate 000a5245); deleting-destructor flag / bool argument / leaf-bit test on a register (oracle 000b5e3d); flag-combination test (temporal coherence without first contact; model code bits) (oracle 000b59d0); flag-pair mask compare ((mFlags&3)==3) or index &3 / loop bound 3 (candidate 000a4df5, candidate 000a4df8); mFlags OPC_CONTACT or mModelCode bit tested in memory form (candidate 000a48a0, candidate 000a533f); mFlags set/clear, register versus memory form (oracle 000b57e3, candidate 000a4cd4); single flag or leaf bit tested on a register copy (oracle 000b5e31) | report_jcc +0:je x3 +0:jl x6 +3:jne +4:jb x2: compare/branch forms, paired by the categories above | x87 arithmetic or compares present: execution evidence still required (Task 5)"
RayCollider::_SegmentStab(const AABBCollisionNode*),REVIEW,3,equivalent,oracle 0x000b6380; candidate 0x000a85b0,"oracle `test [faces+4],0xfffffffc` is GetNbFaces()!=0, the candidate's `cmp [faces+4],4; jb` the same for an unsigned count; OPC_CONTACT is set by a register read-modify-write in the oracle and `or [this+4],4` in the candidate; mNbRayPrimTests (+0x64) and the second child's mData (node+0x1c+0x18) are reached through loop-carried or spilled pointers the fold does not follow; the +0x88 culling tolerance matches since the Task 3 fix | one-sided logic/compare immediates: count compare (GetNbFaces()!=0 as >=4, or mLimit==1) (candidate 000a8b03); mFlags set/clear, register versus memory form (candidate 000a8ae4) | report_jcc +0:je +0:jl x3 +4:jb: compare/branch forms, paired by the categories above | x87 arithmetic or compares present: execution evidence still required (Task 5)"
RayCollider::_SegmentStab(const AABBQuantizedNode*),REVIEW,3,equivalent,oracle 0x000b6900; candidate 0x000aa4f0,"oracle `test [faces+4],0xfffffffc` is GetNbFaces()!=0, the candidate's `cmp [faces+4],4; jb` the same for an unsigned count; OPC_CONTACT is set by a register read-modify-write in the oracle and `or [this+4],4` in the candidate; mNbRayPrimTests (+0x64) and the second child's mData (node+0x1c+0x18) are reached through loop-carried or spilled pointers the fold does not follow; the +0x88 culling tolerance matches since the Task 3 fix | one-sided logic/compare immediates: count compare (GetNbFaces()!=0 as >=4, or mLimit==1) (candidate 000aaaba); mFlags set/clear, register versus memory form (candidate 000aaa9b) | report_jcc +0:je +0:jl x3 +4:jb: compare/branch forms, paired by the categories above | x87 arithmetic or compares present: execution evidence still required (Task 5)"
RayCollider::_SegmentStab(const AABBNoLeafNode*),REVIEW,3,equivalent,oracle 0x000b6ef0; candidate 0x000a8c80,"oracle `test [faces+4],0xfffffffc` is GetNbFaces()!=0, the candidate's `cmp [faces+4],4; jb` the same for an unsigned count; OPC_CONTACT is set by a register read-modify-write in the oracle and `or [this+4],4` in the candidate; mNbRayPrimTests (+0x64) and the second child's mData (node+0x1c+0x18) are reached through loop-carried or spilled pointers the fold does not follow; the +0x88 culling tolerance matches since the Task 3 fix | one-sided logic/compare immediates: count compare (GetNbFaces()!=0 as >=4, or mLimit==1) (candidate 000a947a, candidate 000a96e7); deleting-destructor flag / bool argument / leaf-bit test on a register (oracle 000b6fe8, oracle 000b7434); index scaling / strength-reduced division (oracle 000b6ff6, oracle 000b738b, oracle 000b7445); mFlags set/clear, register versus memory form (candidate 000a9457, candidate 000a96c3) | report_jcc +0:je x2 +0:jge +0:jl x5 +4:jb x2: compare/branch forms, paired by the categories above | x87 arithmetic or compares present: execution evidence still required (Task 5)"
RayCollider::_SegmentStab(const AABBQuantizedNoLeafNode*),REVIEW,3,equivalent,oracle 0x000b7880; candidate 0x000a9860,"oracle `test [faces+4],0xfffffffc` is GetNbFaces()!=0, the candidate's `cmp [faces+4],4; jb` the same for an unsigned count; OPC_CONTACT is set by a register read-modify-write in the oracle and `or [this+4],4` in the candidate; mNbRayPrimTests (+0x64) and the second child's mData (node+0x1c+0x18) are reached through loop-carried or spilled pointers the fold does not follow; the +0x88 culling tolerance matches since the Task 3 fix | one-sided logic/compare immediates: count compare (GetNbFaces()!=0 as >=4, or mLimit==1) (candidate 000aa0e4, candidate 000aa357); deleting-destructor flag / bool argument / leaf-bit test on a register (oracle 000b7a05, oracle 000b7e51); index scaling / strength-reduced division (oracle 000b7a13, oracle 000b7da8, oracle 000b7e62); mFlags set/clear, register versus memory form (candidate 000aa0c1, candidate 000aa333) | report_jcc +0:je x2 +0:jge +0:jl x5 +4:jb x2: compare/branch forms, paired by the categories above | x87 arithmetic or compares present: execution evidence still required (Task 5)"
"RayCollider::_SegmentStab(const AABBTreeNode*, Container&)",REVIEW,3,equivalent,oracle 0x000b82a0; candidate 0x000aac40,fields and bit tests: no residue once lea/add/mov copies are folded into effective offsets and the base class is ignored (the diff_fields/diff_imms tokens are base-class tracing and pointer-copy forms) | x87 arithmetic or compares present: execution evidence still required (Task 5)
RayCollider::_RayStab(const AABBCollisionNode*),REVIEW,3,equivalent,oracle 0x000b84c0; candidate 0x000a5c10,"oracle `test [faces+4],0xfffffffc` is GetNbFaces()!=0, the candidate's `cmp [faces+4],4; jb` the same for an unsigned count; OPC_CONTACT is set by a register read-modify-write in the oracle and `or [this+4],4` in the candidate; mNbRayPrimTests (+0x64) and the second child's mData (node+0x1c+0x18) are reached through loop-carried or spilled pointers the fold does not follow; the +0x88 culling tolerance matches since the Task 3 fix | one-sided logic/compare immediates: count compare (GetNbFaces()!=0 as >=4, or mLimit==1) (candidate 000a6186); mFlags set/clear, register versus memory form (candidate 000a6167) | report_jcc +0:je +0:jl x3 +4:jb: compare/branch forms, paired by the categories above | x87 arithmetic or compares present: execution evidence still required (Task 5)"
RayCollider::_RayStab(const AABBQuantizedNode*),REVIEW,3,equivalent,oracle 0x000b8a50; candidate 0x000a7ba0,"oracle `test [faces+4],0xfffffffc` is GetNbFaces()!=0, the candidate's `cmp [faces+4],4; jb` the same for an unsigned count; OPC_CONTACT is set by a register read-modify-write in the oracle and `or [this+4],4` in the candidate; mNbRayPrimTests (+0x64) and the second child's mData (node+0x1c+0x18) are reached through loop-carried or spilled pointers the fold does not follow; the +0x88 culling tolerance matches since the Task 3 fix | one-sided logic/compare immediates: count compare (GetNbFaces()!=0 as >=4, or mLimit==1) (candidate 000a81a8); mFlags set/clear, register versus memory form (candidate 000a8189) | report_jcc +0:je +0:jl x3 +4:jb: compare/branch forms, paired by the categories above | x87 arithmetic or compares present: execution evidence still required (Task 5)"
RayCollider::_RayStab(const AABBNoLeafNode*),REVIEW,3,equivalent,oracle 0x000b9070; candidate 0x000a62f0,"oracle `test [faces+4],0xfffffffc` is GetNbFaces()!=0, the candidate's `cmp [faces+4],4; jb` the same for an unsigned count; OPC_CONTACT is set by a register read-modify-write in the oracle and `or [this+4],4` in the candidate; mNbRayPrimTests (+0x64) and the second child's mData (node+0x1c+0x18) are reached through loop-carried or spilled pointers the fold does not follow; the +0x88 culling tolerance matches since the Task 3 fix | one-sided logic/compare immediates: count compare (GetNbFaces()!=0 as >=4, or mLimit==1) (candidate 000a68a3, candidate 000a6da4); deleting-destructor flag / bool argument / leaf-bit test on a register (oracle 000b91a9, oracle 000b95ec); index scaling / strength-reduced division (oracle 000b91b7, oracle 000b9542, oracle 000b9600); mFlags set/clear, register versus memory form (candidate 000a6872, candidate 000a6d80); x87 status-word test (fnstsw) the tracer took for a field test (oracle 000b90b0, oracle 000b90e3, oracle 000b9116) | report_jcc +0:je x2 +0:jge +0:jl x5 +4:jb x2: compare/branch forms, paired by the categories above | x87 arithmetic or compares present: execution evidence still required (Task 5)"
RayCollider::_RayStab(const AABBQuantizedNoLeafNode*),REVIEW,3,equivalent,oracle 0x000b9a30; candidate 0x000a6ef0,"oracle `test [faces+4],0xfffffffc` is GetNbFaces()!=0, the candidate's `cmp [faces+4],4; jb` the same for an unsigned count; OPC_CONTACT is set by a register read-modify-write in the oracle and `or [this+4],4` in the candidate; mNbRayPrimTests (+0x64) and the second child's mData (node+0x1c+0x18) are reached through loop-carried or spilled pointers the fold does not follow; the +0x88 culling tolerance matches since the Task 3 fix | one-sided logic/compare immediates: count compare (GetNbFaces()!=0 as >=4, or mLimit==1) (candidate 000a7550, candidate 000a7a53); deleting-destructor flag / bool argument / leaf-bit test on a register (oracle 000b9bf2, oracle 000ba035); index scaling / strength-reduced division (oracle 000b9c00, oracle 000b9f8b, oracle 000ba049); mFlags set/clear, register versus memory form (candidate 000a751f, candidate 000a7a2f); x87 status-word test (fnstsw) the tracer took for a field test (oracle 000b9ae9, oracle 000b9b21, oracle 000b9b59) | report_jcc +0:je x2 +0:jge +0:jl x5 +4:jb x2: compare/branch forms, paired by the categories above | x87 arithmetic or compares present: execution evidence still required (Task 5)"
"RayCollider::_RayStab(const AABBTreeNode*, Container&)",REVIEW,3,equivalent,oracle 0x000ba470; candidate 0x000a8320,fields and bit tests: no residue once lea/add/mov copies are folded into effective offsets and the base class is ignored (the diff_fields/diff_imms tokens are base-class tracing and pointer-copy forms) | x87 arithmetic or compares present: execution evidence still required (Task 5)
RayCollider::`scalar deleting destructor',SHAPE,3,equivalent,oracle 0x000ba6c0; candidate 0x000a4440,SHAPE only: n_insn 12->16; ebp frame no->yes; imms +0x90
"RayCollider::Collide(const Ray&, const Model&, const Matrix4x4*, udword*)",REVIEW,3,equivalent,oracle 0x000ba6f0; candidate 0x000a4540,"fields and bit tests: no residue once lea/add/mov copies are folded into effective offsets and the base class is ignored (the diff_fields/diff_imms tokens are base-class tracing and pointer-copy forms) | one-sided logic/compare immediates: deleting-destructor flag / bool argument / leaf-bit test on a register (oracle 000ba74d, oracle 000ba7d2); index scaling / strength-reduced division (oracle 000ba740); single flag or leaf bit tested on a register copy (oracle 000ba744) | report_jcc -2139095039:je x4: compare/branch forms, paired by the categories above"
"RayCollider::Collide(const Ray&, const AABBTree*, Container&)",SHAPE,3,equivalent,oracle 0x000ba880; candidate 0x000a46b0,"report_jcc -2139095039:je: compare/branch forms, paired by the categories above"
"CoplanarTriTri(const Point&, const Point&, const Point&, const Point&, const Point&, const Point&, const Point&)",REVIEW,3,equivalent,oracle 0x000ba8e0; candidate 0x0008a020,"fields and bit tests: no residue once lea/add/mov copies are folded into effective offsets and the base class is ignored (the diff_fields/diff_imms tokens are base-class tracing and pointer-copy forms) | one-sided logic/compare immediates: index scaling / strength-reduced division (oracle 000ba944, oracle 000ba955) | x87 arithmetic or compares present: execution evidence still required (Task 5)"
AABBTreeCollider::AABBTreeCollider,SHAPE,3,equivalent,oracle 0x000bb510; candidate 0x00089080,SHAPE only: n_insn 18->15; imms -0x1 +0x0 x5 +0x101
AABBTreeCollider::~AABBTreeCollider,MATCH,3,equivalent,oracle 0x000bb550; candidate 0x000890d0,SHAPE only: none
AABBTreeCollider::ValidateSettings,REVIEW,3,equivalent,oracle 0x000bb570; candidate 0x0008ea10,"TemporalCoherenceEnabled() && !FirstContactEnabled() as `and cl,3; cmp cl,2` in the candidate (0x0008ea18) and two bit tests in the oracle | one-sided logic/compare immediates: unclassified (candidate 0008ea18)"
"AABBTreeCollider::InitQuery(const Matrix4x4*, const Matrix4x4*)",REVIEW,3,equivalent,oracle 0x000bb590; candidate 0x0008af00,"the candidate's one-sided stores to +0x40..0x7b and +0x88..0x9f (0x0008b7b8..) are the rotation/translation precomputation the oracle writes with rep movs and through spilled pointers (not compared); flags clear -13 is a register read-modify-write in the oracle (0x000bb59e) | one-sided logic/compare immediates: mFlags set/clear, register versus memory form (oracle 000bb59e) | report_jcc +0:je: compare/branch forms, paired by the categories above | x87 arithmetic or compares present: execution evidence still required (Task 5)"
"AABBTreeCollider::PrimTest(udword, udword)",REVIEW,3,equivalent,oracle 0x000bbd60; candidate 0x0008b910,"mFlags OPC_CONTACT set as `or [reg],4` in the candidate through a pointer to this+4 and as a register read-modify-write in the oracle | one-sided logic/compare immediates: index scaling / strength-reduced division (oracle 000bc346) | x87 arithmetic or compares present: execution evidence still required (Task 5)"
AABBTreeCollider::_CollideTriBox(const AABBNoLeafNode*),REVIEW,3,equivalent,oracle 0x000bc770; candidate 0x0009af30,"fields and bit tests: no residue once lea/add/mov copies are folded into effective offsets and the base class is ignored (the diff_fields/diff_imms tokens are base-class tracing and pointer-copy forms) | one-sided logic/compare immediates: index scaling / strength-reduced division (oracle 000bd56d, oracle 000bddfc); loop bound or count compare (unrolled loops, radix buckets, count==1) (oracle 000bcabf) | report_jcc -8:jbe +0:je: compare/branch forms, paired by the categories above | x87 arithmetic or compares present: execution evidence still required (Task 5)"
AABBTreeCollider::_CollideBoxTri(const AABBNoLeafNode*),REVIEW,3,equivalent,oracle 0x000be230; candidate 0x000970b0,"one-sided candidate reads of +0xe8/+0xf4/+0x100 (the cached leaf triangle, 0x00097937, 0x00097b67) are made by the oracle through a pointer walked from +0xe8 (lea edi,[esi+0xe8] style, loop-carried); `cmp reg,8` (0x000be5a1) is the oracle's unrolled-loop bound | one-sided logic/compare immediates: index scaling / strength-reduced division (oracle 000bf054); loop bound or count compare (unrolled loops, radix buckets, count==1) (oracle 000be5a1); x87 status-word test (fnstsw) the tracer took for a field test (oracle 000bed54, oracle 000bed6f, oracle 000bed8a) | report_jcc -8:jbe +0:je: compare/branch forms, paired by the categories above | x87 arithmetic or compares present: execution evidence still required (Task 5)"
"AABBTreeCollider::_Collide(const AABBNoLeafNode*, const AABBNoLeafNode*)",REVIEW,3,equivalent,oracle 0x000bfd10; candidate 0x0008f120,"mFlags OPC_CONTACT set as `or [reg],4` in the candidate through a pointer to this+4 and as a register read-modify-write in the oracle | one-sided logic/compare immediates: index scaling / strength-reduced division (candidate 0008f7f5, candidate 0008f804, candidate 00090de0) | report_jcc +0:je x2 +0:jne x2: compare/branch forms, paired by the categories above | x87 arithmetic or compares present: execution evidence still required (Task 5)"
"AABBTreeCollider::_Collide(const AABBQuantizedNode*, const AABBQuantizedNode*, const Point&, const Point&, const Point&, const Point&)",REVIEW,3,equivalent,oracle 0x000c3010; candidate 0x00096690,"fields and bit tests: no residue once lea/add/mov copies are folded into effective offsets and the base class is ignored (the diff_fields/diff_imms tokens are base-class tracing and pointer-copy forms) | report_jcc +0:jne: compare/branch forms, paired by the categories above | x87 arithmetic or compares present: execution evidence still required (Task 5)"
AABBTreeCollider::_CollideTriBox(const AABBQuantizedNoLeafNode*),REVIEW,3,equivalent,oracle 0x000c3880; candidate 0x0009ce70,"as _CollideBoxTri(const AABBNoLeafNode*): the cached leaf triangle at +0xe8..+0x10b read through a walked pointer in the oracle; `cmp ecx,8` (0x000c3c9f) is an unrolled-loop bound | one-sided logic/compare immediates: index scaling / strength-reduced division (oracle 000c4793); loop bound or count compare (unrolled loops, radix buckets, count==1) (oracle 000c3c9f); x87 status-word test (fnstsw) the tracer took for a field test (oracle 000c4487, oracle 000c44a2, oracle 000c44bd) | report_jcc -8:jbe +0:je: compare/branch forms, paired by the categories above | x87 arithmetic or compares present: execution evidence still required (Task 5)"
AABBTreeCollider::_CollideBoxTri(const AABBQuantizedNoLeafNode*),REVIEW,3,equivalent,oracle 0x000c5470; candidate 0x00098ff0,"fields and bit tests: no residue once lea/add/mov copies are folded into effective offsets and the base class is ignored (the diff_fields/diff_imms tokens are base-class tracing and pointer-copy forms) | one-sided logic/compare immediates: index scaling / strength-reduced division (oracle 000c638b, oracle 000c6c2d); loop bound or count compare (unrolled loops, radix buckets, count==1) (oracle 000c588f) | report_jcc -8:jbe +0:je: compare/branch forms, paired by the categories above | x87 arithmetic or compares present: execution evidence still required (Task 5)"
"AABBTreeCollider::_Collide(const AABBQuantizedNoLeafNode*, const AABBQuantizedNoLeafNode*)",REVIEW,3,equivalent,oracle 0x000c7060; candidate 0x00092b10,"mFlags OPC_CONTACT set as `or [reg],4` in the candidate through a pointer to this+4 and as a register read-modify-write in the oracle | one-sided logic/compare immediates: index scaling / strength-reduced division (candidate 0009334d, candidate 00093359, candidate 00094960) | report_jcc +0:je x2 +0:jne x2: compare/branch forms, paired by the categories above | x87 arithmetic or compares present: execution evidence still required (Task 5)"
AABBTreeCollider::_CollideTriBox(const AABBNoLeafNode*) [2nd instantiation],DIFF,3,novodex-variant-unwritten,oracle 0x000ca5a0; candidate 0x0009af30,"NovodeX variant, not correspondable to stock: a second instantiation of the no-leaf tree-versus-tree code with extra stack arguments (a depth counter and a callback: `call [esp+0xb8]` with the user pointer where stock adds to mPairs, e.g. 0x000cb583) and no mesh-interface call; reached only from 0x000d12b0, whose only caller is NovodeX's unreconstructed mesh-mesh contact (0x00046d1a, phys_fn_001876). The matcher pairs it with the stock overload. Not written: a separate work unit | one-sided logic/compare immediates: index scaling / strength-reduced division (oracle 000cb1ca, oracle 000cba0f); x87 status-word test (fnstsw) the tracer took for a field test (candidate 0009b1a4, candidate 0009b352, candidate 0009b3b0) | report_jcc +0:je +5:je: compare/branch forms, paired by the categories above | x87 arithmetic or compares present: execution evidence still required (Task 5)"
AABBTreeCollider::_CollideBoxTri(const AABBNoLeafNode*) [2nd instantiation],DIFF,3,novodex-variant-unwritten,oracle 0x000cbe50; candidate 0x000970b0,"NovodeX variant, not correspondable to stock: a second instantiation of the no-leaf tree-versus-tree code with extra stack arguments (a depth counter and a callback: `call [esp+0xb8]` with the user pointer where stock adds to mPairs, e.g. 0x000cb583) and no mesh-interface call; reached only from 0x000d12b0, whose only caller is NovodeX's unreconstructed mesh-mesh contact (0x00046d1a, phys_fn_001876). The matcher pairs it with the stock overload. Not written: a separate work unit | one-sided logic/compare immediates: index scaling / strength-reduced division (oracle 000cca7a, oracle 000cd2bf); x87 status-word test (fnstsw) the tracer took for a field test (candidate 00097324, candidate 000974d2, candidate 00097530) | report_jcc +0:je +5:je: compare/branch forms, paired by the categories above | x87 arithmetic or compares present: execution evidence still required (Task 5)"
"AABBTreeCollider::_Collide(const AABBNoLeafNode*, const AABBNoLeafNode*) [2nd instantiation]",DIFF,3,novodex-variant-unwritten,oracle 0x000cd700; candidate 0x0008f120,"NovodeX variant, not correspondable to stock: a second instantiation of the no-leaf tree-versus-tree code with extra stack arguments (a depth counter and a callback: `call [esp+0xb8]` with the user pointer where stock adds to mPairs, e.g. 0x000cb583) and no mesh-interface call; reached only from 0x000d12b0, whose only caller is NovodeX's unreconstructed mesh-mesh contact (0x00046d1a, phys_fn_001876). The matcher pairs it with the stock overload. Not written: a separate work unit | one-sided logic/compare immediates: ContactFound() as (mFlags&5)==5 (candidate 0009039c); deleting-destructor flag / bool argument / leaf-bit test on a register (oracle 000cdc24); index scaling / strength-reduced division (oracle 000cdc40, oracle 000cdc54, oracle 000cddae); leaf bit set or extracted ((index<<1)|1, data&1) (oracle 000cdc1e, oracle 000cdc21); loop bound or count compare (unrolled loops, radix buckets, count==1) (oracle 000cd93f); x87 status-word test (fnstsw) the tracer took for a field test (candidate 0008fc30, candidate 0008fc5a, candidate 0008fe14) | report_jcc +0:je x2 +0:jne x2 +5:je x5: compare/branch forms, paired by the categories above | x87 arithmetic or compares present: execution evidence still required (Task 5)"
AABBTreeCollider::`scalar deleting destructor',SHAPE,3,equivalent,oracle 0x000d0930; candidate 0x00089370,SHAPE only: n_insn 15->19; ebp frame no->yes; imms +0x114
"AABBTreeCollider::Collide(const AABBNoLeafTree*, const AABBNoLeafTree*, const Matrix4x4*, const Matrix4x4*, Pair*)",REVIEW,3,equivalent,oracle 0x000d0960; candidate 0x00089c70,"fields and bit tests: no residue once lea/add/mov copies are folded into effective offsets and the base class is ignored (the diff_fields/diff_imms tokens are base-class tracing and pointer-copy forms) | one-sided logic/compare immediates: flag-pair mask compare ((mFlags&3)==3) or index &3 / loop bound 3 (candidate 00089c90, candidate 00089c93) | report_jcc +3:jne: compare/branch forms, paired by the categories above"
"AABBTreeCollider::Collide(const AABBQuantizedTree*, const AABBQuantizedTree*, ...)",REVIEW,3,equivalent,oracle 0x000d09e0; candidate 0x00089dc0,"mFlags OPC_CONTACT set as `or [reg],4` in the candidate through a pointer to this+4 and as a register read-modify-write in the oracle | one-sided logic/compare immediates: flag-pair mask compare ((mFlags&3)==3) or index &3 / loop bound 3 (candidate 00089de8, candidate 00089deb) | report_jcc +3:jne: compare/branch forms, paired by the categories above | x87 arithmetic or compares present: execution evidence still required (Task 5)"
"AABBTreeCollider::Collide(const AABBQuantizedNoLeafTree*, const AABBQuantizedNoLeafTree*, ...)",REVIEW,3,equivalent,oracle 0x000d0bf0; candidate 0x00089ce0,"fields and bit tests: no residue once lea/add/mov copies are folded into effective offsets and the base class is ignored (the diff_fields/diff_imms tokens are base-class tracing and pointer-copy forms) | one-sided logic/compare immediates: flag-pair mask compare ((mFlags&3)==3) or index &3 / loop bound 3 (candidate 00089d00, candidate 00089d03) | report_jcc +3:jne: compare/branch forms, paired by the categories above"
"AABBTreeCollider::_Collide(const AABBCollisionNode*, const AABBCollisionNode*)",REVIEW,3,equivalent,oracle 0x000d0cd0; candidate 0x0008ea40,"fields and bit tests: no residue once lea/add/mov copies are folded into effective offsets and the base class is ignored (the diff_fields/diff_imms tokens are base-class tracing and pointer-copy forms) | one-sided logic/compare immediates: index scaling / strength-reduced division (candidate 0008f0a4, candidate 0008f0a7); leaf bit set or extracted ((index<<1)|1, data&1) (candidate 0008efdc); loop bound or count compare (unrolled loops, radix buckets, count==1) (candidate 0008ed16); single flag or leaf bit tested on a register copy (candidate 0008efdf) | report_jcc +0:jne: compare/branch forms, paired by the categories above | x87 arithmetic or compares present: execution evidence still required (Task 5)"
"AABBTreeCollider::Collide(const AABBNoLeafTree*, const AABBNoLeafTree*, ...) [2nd instantiation]",DIFF,3,novodex-variant-unwritten,oracle 0x000d12b0; candidate 0x00089c70,"NovodeX variant, not correspondable to stock: a second instantiation of the no-leaf tree-versus-tree code with extra stack arguments (a depth counter and a callback: `call [esp+0xb8]` with the user pointer where stock adds to mPairs, e.g. 0x000cb583) and no mesh-interface call; reached only from 0x000d12b0, whose only caller is NovodeX's unreconstructed mesh-mesh contact (0x00046d1a, phys_fn_001876). The matcher pairs it with the stock overload. Not written: a separate work unit. This is the variant's entry: it stores the two trees' node arrays at +0x20/+0x24, runs InitQuery and calls 0x000cd700 with four arguments; ret 0x18 (six stack arguments where stock has five) | one-sided logic/compare immediates: deleting-destructor flag / bool argument / leaf-bit test on a register (oracle 000d12e1, oracle 000d12e6, oracle 000d12f3); flag-pair mask compare ((mFlags&3)==3) or index &3 / loop bound 3 (candidate 00089c90, candidate 00089c93); index scaling / strength-reduced division (oracle 000d12dd, oracle 000d12ef) | report_jcc +3:jne: compare/branch forms, paired by the categories above"
"AABBTreeCollider::Collide(const AABBCollisionTree*, const AABBCollisionTree*, ...)",REVIEW,3,equivalent,oracle 0x000d1340; candidate 0x00089c00,"fields and bit tests: no residue once lea/add/mov copies are folded into effective offsets and the base class is ignored (the diff_fields/diff_imms tokens are base-class tracing and pointer-copy forms) | one-sided logic/compare immediates: flag-pair mask compare ((mFlags&3)==3) or index &3 / loop bound 3 (candidate 00089c20, candidate 00089c23) | report_jcc +3:jne: compare/branch forms, paired by the categories above"
"AABBTreeCollider::Collide(BVTCache&, const Matrix4x4*, const Matrix4x4*)",REVIEW,3,equivalent,oracle 0x000d13c0; candidate 0x000899e0,"the candidate inlines the cache setup (+0xb8..0xe7, 0x00089ab6..) and PrimTest's first-contact test that the oracle reaches through calls | one-sided logic/compare immediates: flag-pair mask compare ((mFlags&3)==3) or index &3 / loop bound 3 (candidate 00089a90, candidate 00089a93, candidate 00089b39) | report_jcc +3:jne x3: compare/branch forms, paired by the categories above | inlining accounted for: candidate inlines AABBTreeCollider::Collide(const AABBCollisionTree*,const AABBCollisionTree*,const Matrix4x4*,const Matrix4x4*,Pair*), candidate inlines AABBTreeCollider::Collide(const AABBNoLeafTree*,const AABBNoLeafTree*,const Matrix4x4*,const Matrix4x4*,Pair*), candidate inlines AABBTreeCollider::Collide(const AABBQuantizedNoLeafTree*,const AABBQuantizedNoLeafTree*,const Matrix4x4*,const Matrix4x4*,Pair*)"
VolumeCollider::InitQuery,SHAPE,3,equivalent,oracle 0x000d14a0; candidate 0x00088e50,SHAPE only: n_insn 5->4; imms +0x0 x2
"OPC_PointTriangleSqrDist(const Point&, const Point&, const Point&, const Point&)",REVIEW,3,equivalent,oracle 0x000d14b0; candidate 0x000bf7a0,"stock segment/point/triangle distance code of OPC_LSSTriOverlap.h (map row corrected in Task 3); arguments passed in registers by the oracle's whole-program optimisation, so the parameter structures are read through non-`this` bases on both sides | x87 arithmetic or compares present: execution evidence still required (Task 5)"
"OPC_SegmentSegmentSqrDist(const Segment&, const Segment&)",REVIEW,3,equivalent,oracle 0x000d1930; candidate 0x000bfe90,"stock segment/point/triangle distance code of OPC_LSSTriOverlap.h (map row corrected in Task 3); arguments passed in registers by the oracle's whole-program optimisation, so the parameter structures are read through non-`this` bases on both sides | x87 arithmetic or compares present: execution evidence still required (Task 5)"
"OPC_SegmentTriangleSqrDist(const Segment&, const Point&, const Point&, const Point&)",SHAPE,3,equivalent,oracle 0x000d1ed0; candidate 0x000c06a0,"stock segment/point/triangle distance code of OPC_LSSTriOverlap.h (map row corrected in Task 3); arguments passed in registers by the oracle's whole-program optimisation, so the parameter structures are read through non-`this` bases on both sides | x87 arithmetic or compares present: execution evidence still required (Task 5)"
LSSCollider::LSSCollider,MATCH,3,equivalent,oracle 0x000d3490; candidate 0x000be720,SHAPE only: none
LSSCollider::~LSSCollider,MATCH,3,equivalent,oracle 0x000d34b0; candidate 0x000be820,SHAPE only: none
"LSSCollider::InitQuery(LSSCache&, const LSS&, const Matrix4x4*, const Matrix4x4*)",REVIEW,3,equivalent,oracle 0x000d34c0; candidate 0x000bef70,"NovodeX LSSCollider, fixed in Task 3 (OPC_LSSCollider.h/.cpp and OPC_LSSAABBOverlap.h overlays): the radius at +0x70 and mRadius2 at +0x74, the precomputed half direction, its absolute value and the centre at +0x4c/+0x58/+0x64 (InitQuery, 0x000d34e2, 0x000d39ee..0x000d3aa9), and the inflated-box separating-axis test (0x000d3ad3..0x000d3bde) in place of stock's SqrDistance(ray, box); the candidate now reads the same members. The stock candidate had failed this correspondence (DIFF on calls, floats and x87 abs) | report_jcc +0:je x5: compare/branch forms, paired by the categories above | x87 arithmetic or compares present: execution evidence still required (Task 5)"
LSSCollider::_Collide(const AABBCollisionNode*),REVIEW,3,equivalent,oracle 0x000d3ac0; candidate 0x000c1bd0,"NovodeX LSSCollider, fixed in Task 3 (OPC_LSSCollider.h/.cpp and OPC_LSSAABBOverlap.h overlays): the radius at +0x70 and mRadius2 at +0x74, the precomputed half direction, its absolute value and the centre at +0x4c/+0x58/+0x64 (InitQuery, 0x000d34e2, 0x000d39ee..0x000d3aa9), and the inflated-box separating-axis test (0x000d3ad3..0x000d3bde) in place of stock's SqrDistance(ray, box); the candidate now reads the same members. The stock candidate had failed this correspondence (DIFF on calls, floats and x87 abs) | x87 arithmetic or compares present: execution evidence still required (Task 5)"
LSSCollider::_CollideNoPrimitiveTest(const AABBCollisionNode*),SHAPE,3,equivalent,oracle 0x000d3ca0; candidate 0x000c2a40,"NovodeX LSSCollider, fixed in Task 3 (OPC_LSSCollider.h/.cpp and OPC_LSSAABBOverlap.h overlays): the radius at +0x70 and mRadius2 at +0x74, the precomputed half direction, its absolute value and the centre at +0x4c/+0x58/+0x64 (InitQuery, 0x000d34e2, 0x000d39ee..0x000d3aa9), and the inflated-box separating-axis test (0x000d3ad3..0x000d3bde) in place of stock's SqrDistance(ray, box); the candidate now reads the same members. The stock candidate had failed this correspondence (DIFF on calls, floats and x87 abs) | x87 arithmetic or compares present: execution evidence still required (Task 5)"
LSSCollider::_Collide(const AABBQuantizedNode*),REVIEW,3,equivalent,oracle 0x000d3e30; candidate 0x000c24d0,"NovodeX LSSCollider, fixed in Task 3 (OPC_LSSCollider.h/.cpp and OPC_LSSAABBOverlap.h overlays): the radius at +0x70 and mRadius2 at +0x74, the precomputed half direction, its absolute value and the centre at +0x4c/+0x58/+0x64 (InitQuery, 0x000d34e2, 0x000d39ee..0x000d3aa9), and the inflated-box separating-axis test (0x000d3ad3..0x000d3bde) in place of stock's SqrDistance(ray, box); the candidate now reads the same members. The stock candidate had failed this correspondence (DIFF on calls, floats and x87 abs) | x87 arithmetic or compares present: execution evidence still required (Task 5)"
LSSCollider::_CollideNoPrimitiveTest(const AABBQuantizedNode*),SHAPE,3,equivalent,oracle 0x000d4070; candidate 0x000c3150,"NovodeX LSSCollider, fixed in Task 3 (OPC_LSSCollider.h/.cpp and OPC_LSSAABBOverlap.h overlays): the radius at +0x70 and mRadius2 at +0x74, the precomputed half direction, its absolute value and the centre at +0x4c/+0x58/+0x64 (InitQuery, 0x000d34e2, 0x000d39ee..0x000d3aa9), and the inflated-box separating-axis test (0x000d3ad3..0x000d3bde) in place of stock's SqrDistance(ray, box); the candidate now reads the same members. The stock candidate had failed this correspondence (DIFF on calls, floats and x87 abs) | x87 arithmetic or compares present: execution evidence still required (Task 5)"
LSSCollider::_Collide(const AABBNoLeafNode*),REVIEW,3,equivalent,oracle 0x000d4260; candidate 0x000c1e30,"mNbVolumePrimTests (+0x30) and the mRadius2 compare (+0x74, 0x000d43c5) are made through a reloaded `this` in the candidate. NovodeX LSSCollider, fixed in Task 3 (OPC_LSSCollider.h/.cpp and OPC_LSSAABBOverlap.h overlays): the radius at +0x70 and mRadius2 at +0x74, the precomputed half direction, its absolute value and the centre at +0x4c/+0x58/+0x64 (InitQuery, 0x000d34e2, 0x000d39ee..0x000d3aa9), and the inflated-box separating-axis test (0x000d3ad3..0x000d3bde) in place of stock's SqrDistance(ray, box); the candidate now reads the same members. The stock candidate had failed this correspondence (DIFF on calls, floats and x87 abs) | one-sided logic/compare immediates: deleting-destructor flag / bool argument / leaf-bit test on a register (oracle 000d4387, oracle 000d441a); index scaling / strength-reduced division (oracle 000d4394, oracle 000d43e3, oracle 000d442b) | x87 arithmetic or compares present: execution evidence still required (Task 5)"
LSSCollider::_CollideNoPrimitiveTest(const AABBNoLeafNode*),REVIEW,3,equivalent,oracle 0x000d44b0; candidate 0x000c2c40,"NovodeX LSSCollider, fixed in Task 3 (OPC_LSSCollider.h/.cpp and OPC_LSSAABBOverlap.h overlays): the radius at +0x70 and mRadius2 at +0x74, the precomputed half direction, its absolute value and the centre at +0x4c/+0x58/+0x64 (InitQuery, 0x000d34e2, 0x000d39ee..0x000d3aa9), and the inflated-box separating-axis test (0x000d3ad3..0x000d3bde) in place of stock's SqrDistance(ray, box); the candidate now reads the same members. The stock candidate had failed this correspondence (DIFF on calls, floats and x87 abs) | one-sided logic/compare immediates: ContactFound() as (mFlags&5)==5 (candidate 000c2de1, candidate 000c2de4); deleting-destructor flag / bool argument / leaf-bit test on a register (candidate 000c2da0, candidate 000c2df1); index scaling / strength-reduced division (candidate 000c2dae); mFlags set/clear, register versus memory form (candidate 000c2da4, candidate 000c2dfa); x87 status-word test (fnstsw) the tracer took for a field test (candidate 000c2d94) | x87 arithmetic or compares present: execution evidence still required (Task 5)"
LSSCollider::_Collide(const AABBQuantizedNoLeafNode*),REVIEW,3,equivalent,oracle 0x000d4670; candidate 0x000c2150,"NovodeX LSSCollider, fixed in Task 3 (OPC_LSSCollider.h/.cpp and OPC_LSSAABBOverlap.h overlays): the radius at +0x70 and mRadius2 at +0x74, the precomputed half direction, its absolute value and the centre at +0x4c/+0x58/+0x64 (InitQuery, 0x000d34e2, 0x000d39ee..0x000d3aa9), and the inflated-box separating-axis test (0x000d3ad3..0x000d3bde) in place of stock's SqrDistance(ray, box); the candidate now reads the same members. The stock candidate had failed this correspondence (DIFF on calls, floats and x87 abs) | one-sided logic/compare immediates: deleting-destructor flag / bool argument / leaf-bit test on a register (oracle 000d4803, oracle 000d4896); index scaling / strength-reduced division (oracle 000d4810, oracle 000d485f, oracle 000d48a7) | x87 arithmetic or compares present: execution evidence still required (Task 5)"
LSSCollider::_CollideNoPrimitiveTest(const AABBQuantizedNoLeafNode*),REVIEW,3,equivalent,oracle 0x000d4930; candidate 0x000c2e80,"NovodeX LSSCollider, fixed in Task 3 (OPC_LSSCollider.h/.cpp and OPC_LSSAABBOverlap.h overlays): the radius at +0x70 and mRadius2 at +0x74, the precomputed half direction, its absolute value and the centre at +0x4c/+0x58/+0x64 (InitQuery, 0x000d34e2, 0x000d39ee..0x000d3aa9), and the inflated-box separating-axis test (0x000d3ad3..0x000d3bde) in place of stock's SqrDistance(ray, box); the candidate now reads the same members. The stock candidate had failed this correspondence (DIFF on calls, floats and x87 abs) | one-sided logic/compare immediates: ContactFound() as (mFlags&5)==5 (candidate 000c30ad, candidate 000c30b0); deleting-destructor flag / bool argument / leaf-bit test on a register (candidate 000c306a, candidate 000c30bd); index scaling / strength-reduced division (candidate 000c3077); mFlags set/clear, register versus memory form (candidate 000c306e, candidate 000c30c6); x87 status-word test (fnstsw) the tracer took for a field test (candidate 000c3058) | x87 arithmetic or compares present: execution evidence still required (Task 5)"
LSSCollider::`scalar deleting destructor',SHAPE,3,equivalent,oracle 0x000d4b60; candidate 0x000be8a0,SHAPE only: n_insn 12->16; ebp frame no->yes; imms +0x78
"LSSCollider::Collide(LSSCache&, const LSS&, const Model&, const Matrix4x4*, const Matrix4x4*)",REVIEW,3,equivalent,oracle 0x000d4b90; candidate 0x000bec60,"NovodeX LSSCollider, fixed in Task 3 (OPC_LSSCollider.h/.cpp and OPC_LSSAABBOverlap.h overlays): the radius at +0x70 and mRadius2 at +0x74, the precomputed half direction, its absolute value and the centre at +0x4c/+0x58/+0x64 (InitQuery, 0x000d34e2, 0x000d39ee..0x000d3aa9), and the inflated-box separating-axis test (0x000d3ad3..0x000d3bde) in place of stock's SqrDistance(ray, box); the candidate now reads the same members. The stock candidate had failed this correspondence (DIFF on calls, floats and x87 abs) | one-sided logic/compare immediates: deleting-destructor flag / bool argument / leaf-bit test on a register (oracle 000d4bf1, oracle 000d4c75); index scaling / strength-reduced division (oracle 000d4be4); single flag or leaf bit tested on a register copy (oracle 000d4be8)"
OBBCollider::OBBCollider,MATCH,3,equivalent,oracle 0x000d4d00; candidate 0x000af6f0,SHAPE only: none
OBBCollider::~OBBCollider,MATCH,3,equivalent,oracle 0x000d4d20; candidate 0x000af740,SHAPE only: none
"OBBCollider::InitQuery(OBBCache&, const OBB&, const Matrix4x4*, const Matrix4x4*)",REVIEW,3,equivalent,oracle 0x000d4d30; candidate 0x000b2230,"the candidate's one-sided stores to +0x58..0x9f and +0xc4..0xdb (0x000b2acb..) are OBBCollider's precomputed matrices, which the oracle copies with rep movsd (0x000d4dc5, 0x000d4f54, 0x000d4f7c, 0x000d4ff0; not compared); the flags set/clear forms differ only register versus memory | one-sided logic/compare immediates: deleting-destructor flag / bool argument / leaf-bit test on a register (oracle 000d6259); mFlags set/clear, register versus memory form (oracle 000d6ca4, oracle 000d6dcd); single flag or leaf bit tested on a register copy (oracle 000d6250); x87 status-word test (fnstsw) the tracer took for a field test (oracle 000d5c9a, oracle 000d6740) | report_jcc +0:je x5: compare/branch forms, paired by the categories above | x87 arithmetic or compares present: execution evidence still required (Task 5)"
OBBCollider::_Collide(const AABBCollisionNode*),REVIEW,3,equivalent,oracle 0x000d7040; candidate 0x000b5d80,"fields and bit tests: no residue once lea/add/mov copies are folded into effective offsets and the base class is ignored (the diff_fields/diff_imms tokens are base-class tracing and pointer-copy forms) | report_jcc +0:jne: compare/branch forms, paired by the categories above | x87 arithmetic or compares present: execution evidence still required (Task 5)"
OBBCollider::_CollideNoPrimitiveTest(const AABBCollisionNode*),REVIEW,3,equivalent,oracle 0x000d8050; candidate 0x000bc3a0,"the one candidate-only read (0x000bc9d5 mov edi,[edx]) is the touched-primitives Container reached through a reloaded pointer; `or eax,4` then store (0x000bc9d0) is the OPC_CONTACT set | one-sided logic/compare immediates: mFlags set/clear, register versus memory form (candidate 000bc9d0, candidate 000bc9fe) | report_jcc +0:jne: compare/branch forms, paired by the categories above | x87 arithmetic or compares present: execution evidence still required (Task 5)"
OBBCollider::_Collide(const AABBQuantizedNode*),REVIEW,3,equivalent,oracle 0x000d8620; candidate 0x000bb000,"fields and bit tests: no residue once lea/add/mov copies are folded into effective offsets and the base class is ignored (the diff_fields/diff_imms tokens are base-class tracing and pointer-copy forms) | report_jcc +0:jne: compare/branch forms, paired by the categories above | x87 arithmetic or compares present: execution evidence still required (Task 5)"
OBBCollider::_CollideNoPrimitiveTest(const AABBQuantizedNode*),REVIEW,3,equivalent,oracle 0x000d96d0; candidate 0x000bd930,"fields and bit tests: no residue once lea/add/mov copies are folded into effective offsets and the base class is ignored (the diff_fields/diff_imms tokens are base-class tracing and pointer-copy forms) | one-sided logic/compare immediates: mFlags set/clear, register versus memory form (candidate 000be034, candidate 000be062) | report_jcc +0:jne: compare/branch forms, paired by the categories above | x87 arithmetic or compares present: execution evidence still required (Task 5)"
OBBCollider::_Collide(const AABBNoLeafNode*),REVIEW,3,equivalent,oracle 0x000d9d40; candidate 0x000b7090,"fields and bit tests: no residue once lea/add/mov copies are folded into effective offsets and the base class is ignored (the diff_fields/diff_imms tokens are base-class tracing and pointer-copy forms) | one-sided logic/compare immediates: index scaling / strength-reduced division (candidate 000b77a0, candidate 000b77b6, candidate 000b77c2); loop bound or count compare (unrolled loops, radix buckets, count==1) (oracle 000da789, candidate 000b730b); single flag or leaf bit tested on a register copy (candidate 000b7794, candidate 000b83b9) | report_jcc -8:jbe +0:jne: compare/branch forms, paired by the categories above | x87 arithmetic or compares present: execution evidence still required (Task 5)"
OBBCollider::_CollideNoPrimitiveTest(const AABBNoLeafNode*),REVIEW,3,equivalent,oracle 0x000db830; candidate 0x000bca80,"fields and bit tests: no residue once lea/add/mov copies are folded into effective offsets and the base class is ignored (the diff_fields/diff_imms tokens are base-class tracing and pointer-copy forms) | one-sided logic/compare immediates: deleting-destructor flag / bool argument / leaf-bit test on a register (candidate 000bd085); index scaling / strength-reduced division (candidate 000bd093); loop bound or count compare (unrolled loops, radix buckets, count==1) (candidate 000bcc9c); mFlags set/clear, register versus memory form (candidate 000bd065, candidate 000bd089); x87 status-word test (fnstsw) the tracer took for a field test (candidate 000bcf47, candidate 000bcfce, candidate 000bd04f) | report_jcc +0:jne: compare/branch forms, paired by the categories above | x87 arithmetic or compares present: execution evidence still required (Task 5)"
OBBCollider::_Collide(const AABBQuantizedNoLeafNode*),REVIEW,3,equivalent,oracle 0x000dbe30; candidate 0x000b9000,"fields and bit tests: no residue once lea/add/mov copies are folded into effective offsets and the base class is ignored (the diff_fields/diff_imms tokens are base-class tracing and pointer-copy forms) | one-sided logic/compare immediates: deleting-destructor flag / bool argument / leaf-bit test on a register (oracle 000dc456, oracle 000dcf6a); index scaling / strength-reduced division (oracle 000dc46a, oracle 000dcf30, oracle 000dcf81); loop bound or count compare (unrolled loops, radix buckets, count==1) (oracle 000dc06c, oracle 000dc939); x87 status-word test (fnstsw) the tracer took for a field test (oracle 000dc9a7) | report_jcc -8:jbe +0:jne: compare/branch forms, paired by the categories above | x87 arithmetic or compares present: execution evidence still required (Task 5)"
OBBCollider::_CollideNoPrimitiveTest(const AABBQuantizedNoLeafNode*),REVIEW,3,equivalent,oracle 0x000dd9f0; candidate 0x000bd190,"fields and bit tests: no residue once lea/add/mov copies are folded into effective offsets and the base class is ignored (the diff_fields/diff_imms tokens are base-class tracing and pointer-copy forms) | one-sided logic/compare immediates: deleting-destructor flag / bool argument / leaf-bit test on a register (candidate 000bd84f); loop bound or count compare (unrolled loops, radix buckets, count==1) (candidate 000bd455); mFlags set/clear, register versus memory form (candidate 000bd825, candidate 000bd853); x87 status-word test (fnstsw) the tracer took for a field test (candidate 000bd703, candidate 000bd788, candidate 000bd79f) | report_jcc +0:jne: compare/branch forms, paired by the categories above | x87 arithmetic or compares present: execution evidence still required (Task 5)"
OBBCollider::`scalar deleting destructor',SHAPE,3,equivalent,oracle 0x000de0a0; candidate 0x000af790,SHAPE only: n_insn 12->16; ebp frame no->yes; imms +0x134
"OBBCollider::Collide(OBBCache&, const OBB&, const Model&, const Matrix4x4*, const Matrix4x4*)",REVIEW,3,equivalent,oracle 0x000de0d0; candidate 0x000b20f0,"fields and bit tests: no residue once lea/add/mov copies are folded into effective offsets and the base class is ignored (the diff_fields/diff_imms tokens are base-class tracing and pointer-copy forms) | one-sided logic/compare immediates: deleting-destructor flag / bool argument / leaf-bit test on a register (oracle 000de131, oracle 000de1b5); index scaling / strength-reduced division (oracle 000de124); single flag or leaf bit tested on a register copy (oracle 000de128)"
"SphereCollider::SphereTriOverlap(const Point&, const Point&, const Point&)",SHAPE,3,equivalent,oracle 0x000de240; candidate 0x000a1710,SHAPE only: negated trivial float -1.0; floats counts --1.0 x2 -0.0 x11 +1.0; n_insn 451->692; n_jcc 26->29; x87 349->594; fchs 2->6; ebp frame no->yes; float widths -4 x18 | x87 arithmetic or compares present: execution evidence still required (Task 5)
SphereCollider::SphereCollider,SHAPE,3,equivalent,oracle 0x000de7e0; candidate 0x000a09b0,SHAPE only: trivial floats +0.0; floats counts +0.0; x87 0->5 | x87 arithmetic or compares present: execution evidence still required (Task 5)
SphereCollider::~SphereCollider,MATCH,3,equivalent,oracle 0x000de800; candidate 0x000a09f0,SHAPE only: none
"SphereCollider::InitQuery(SphereCache&, const Sphere&, const Matrix4x4*, const Matrix4x4*)",REVIEW,3,equivalent,oracle 0x000de810; candidate 0x000a1000,"+0x1c (mRadius2) stored and read through a reloaded `this` (0x000a12a8, 0x000a12c2); the flag sets `or [this+4],0xc` are register read-modify-writes in the oracle (0x000dea1c, 0x000deaea) | one-sided logic/compare immediates: mFlags set/clear, register versus memory form (oracle 000dea1c, oracle 000deaea) | report_jcc +0:je x5: compare/branch forms, paired by the categories above | x87 arithmetic or compares present: execution evidence still required (Task 5)"
SphereCollider::_Collide(const AABBCollisionNode*),REVIEW,3,equivalent,oracle 0x000deb20; candidate 0x000a1dd0,fields and bit tests: no residue once lea/add/mov copies are folded into effective offsets and the base class is ignored (the diff_fields/diff_imms tokens are base-class tracing and pointer-copy forms) | x87 arithmetic or compares present: execution evidence still required (Task 5)
SphereCollider::_CollideNoPrimitiveTest(const AABBCollisionNode*),REVIEW,3,equivalent,oracle 0x000def40; candidate 0x000a3380,"the one candidate-only read (0x000a36d2 mov edi,[edx]) is the touched-primitives Container through a reloaded pointer | one-sided logic/compare immediates: mFlags set/clear, register versus memory form (candidate 000a36cd, candidate 000a36fb) | x87 arithmetic or compares present: execution evidence still required (Task 5)"
SphereCollider::_Collide(const AABBQuantizedNode*),REVIEW,3,equivalent,oracle 0x000df320; candidate 0x000a2ac0,fields and bit tests: no residue once lea/add/mov copies are folded into effective offsets and the base class is ignored (the diff_fields/diff_imms tokens are base-class tracing and pointer-copy forms) | x87 arithmetic or compares present: execution evidence still required (Task 5)
SphereCollider::_CollideNoPrimitiveTest(const AABBQuantizedNode*),REVIEW,3,equivalent,oracle 0x000df7d0; candidate 0x000a3f20,"fields and bit tests: no residue once lea/add/mov copies are folded into effective offsets and the base class is ignored (the diff_fields/diff_imms tokens are base-class tracing and pointer-copy forms) | one-sided logic/compare immediates: mFlags set/clear, register versus memory form (candidate 000a4319, candidate 000a4348) | x87 arithmetic or compares present: execution evidence still required (Task 5)"
SphereCollider::_Collide(const AABBNoLeafNode*),REVIEW,3,equivalent,oracle 0x000dfc30; candidate 0x000a2190,"fields and bit tests: no residue once lea/add/mov copies are folded into effective offsets and the base class is ignored (the diff_fields/diff_imms tokens are base-class tracing and pointer-copy forms) | one-sided logic/compare immediates: x87 status-word test (fnstsw) the tracer took for a field test (candidate 000a22f6, candidate 000a2372, candidate 000a239d) | x87 arithmetic or compares present: execution evidence still required (Task 5)"
SphereCollider::_CollideNoPrimitiveTest(const AABBNoLeafNode*),REVIEW,3,equivalent,oracle 0x000e00d0; candidate 0x000a3710,"fields and bit tests: no residue once lea/add/mov copies are folded into effective offsets and the base class is ignored (the diff_fields/diff_imms tokens are base-class tracing and pointer-copy forms) | one-sided logic/compare immediates: x87 status-word test (fnstsw) the tracer took for a field test (candidate 000a3750, candidate 000a377f, candidate 000a37b7) | x87 arithmetic or compares present: execution evidence still required (Task 5)"
SphereCollider::_Collide(const AABBQuantizedNoLeafNode*),REVIEW,3,equivalent,oracle 0x000e04e0; candidate 0x000a25d0,"fields and bit tests: no residue once lea/add/mov copies are folded into effective offsets and the base class is ignored (the diff_fields/diff_imms tokens are base-class tracing and pointer-copy forms) | one-sided logic/compare immediates: x87 status-word test (fnstsw) the tracer took for a field test (candidate 000a27eb, candidate 000a2863, candidate 000a2897) | x87 arithmetic or compares present: execution evidence still required (Task 5)"
SphereCollider::_CollideNoPrimitiveTest(const AABBQuantizedNoLeafNode*),REVIEW,3,equivalent,oracle 0x000e0a00; candidate 0x000a3ac0,"fields and bit tests: no residue once lea/add/mov copies are folded into effective offsets and the base class is ignored (the diff_fields/diff_imms tokens are base-class tracing and pointer-copy forms) | one-sided logic/compare immediates: x87 status-word test (fnstsw) the tracer took for a field test (candidate 000a3ba6, candidate 000a3bd5, candidate 000a3c0f) | x87 arithmetic or compares present: execution evidence still required (Task 5)"
SphereCollider::_Collide(const AABBTreeNode*),REVIEW,3,equivalent,oracle 0x000e0ea0; candidate 0x000a2f30,"mFlags OPC_CONTACT set as `or [reg],4` in the candidate through a pointer to this+4 and as a register read-modify-write in the oracle | x87 arithmetic or compares present: execution evidence still required (Task 5)"
SphereCollider::`scalar deleting destructor',SHAPE,3,equivalent,oracle 0x000e1330; candidate 0x000a0a40,SHAPE only: n_insn 12->16; ebp frame no->yes; imms +0x44
"SphereCollider::Collide(SphereCache&, const Sphere&, const Model&, const Matrix4x4*, const Matrix4x4*)",REVIEW,3,equivalent,oracle 0x000e1360; candidate 0x000a0dd0,"fields and bit tests: no residue once lea/add/mov copies are folded into effective offsets and the base class is ignored (the diff_fields/diff_imms tokens are base-class tracing and pointer-copy forms) | one-sided logic/compare immediates: deleting-destructor flag / bool argument / leaf-bit test on a register (oracle 000e13c1, oracle 000e1445); index scaling / strength-reduced division (oracle 000e13b4); single flag or leaf bit tested on a register copy (oracle 000e13b8)"
"SphereCollider::Collide(SphereCache&, const Sphere&, const AABBTree*)",SHAPE,3,equivalent,oracle 0x000e14d0; candidate 0x000a0f10,SHAPE only: n_insn 27->24; ebp frame no->yes
PlanesCollider::PlanesCollider,SHAPE,3,equivalent,oracle 0x000e1510; candidate 0x000aaec0,SHAPE only: n_insn 10->9; imms +0x0 x2
"OBBCollider::ValidateSettings  [ICF-folded with PlanesCollider::ValidateSettings, OPC_PlanesCollider.cpp:80]",DIFF,3,equivalent,oracle 0x000e1530; candidate 0x000b5d60,"/OPT:ICF folded OBBCollider::ValidateSettings with PlanesCollider's and an NxBox row; the oracle inlines VolumeCollider::ValidateSettings | one-sided logic/compare immediates: flag-combination test (temporal coherence without first contact; model code bits) (candidate 000b5d65) | report_jcc +2:jne: compare/branch forms, paired by the categories above | inlining accounted for: oracle inlines VolumeCollider::ValidateSettings"
"PlanesCollider::InitQuery(PlanesCache&, const Plane*, udword, const Matrix4x4*)",REVIEW,3,equivalent,oracle 0x000e1550; candidate 0x000ab7e0,"mFlags OPC_CONTACT set as `or [reg],4` in the candidate through a pointer to this+4 and as a register read-modify-write in the oracle | one-sided logic/compare immediates: flag-pair mask compare ((mFlags&3)==3) or index &3 / loop bound 3 (oracle 000e172c); index scaling / strength-reduced division (oracle 000e1725, candidate 000ab82b, candidate 000ab8ab); mFlags OPC_CONTACT or mModelCode bit tested in memory form (candidate 000ab960, candidate 000abc2d); mFlags set/clear, register versus memory form (oracle 000e156a, oracle 000e1990, candidate 000ab82e); single flag or leaf bit tested on a register copy (oracle 000e1879, oracle 000e1882) | report_jcc +0:je x2: compare/branch forms, paired by the categories above | x87 arithmetic or compares present: execution evidence still required (Task 5)"
"PlanesCollider::_Collide(const AABBCollisionNode*, udword)",REVIEW,3,equivalent,oracle 0x000e19f0; candidate 0x000abf00,fields and bit tests: no residue once lea/add/mov copies are folded into effective offsets and the base class is ignored (the diff_fields/diff_imms tokens are base-class tracing and pointer-copy forms) | x87 arithmetic or compares present: execution evidence still required (Task 5)
"PlanesCollider::_CollideNoPrimitiveTest(const AABBCollisionNode*, udword)",REVIEW,3,equivalent,oracle 0x000e1bf0; candidate 0x000acc70,fields and bit tests: no residue once lea/add/mov copies are folded into effective offsets and the base class is ignored (the diff_fields/diff_imms tokens are base-class tracing and pointer-copy forms) | x87 arithmetic or compares present: execution evidence still required (Task 5)
"PlanesCollider::_Collide(const AABBQuantizedNode*, udword)",REVIEW,3,equivalent,oracle 0x000e1d10; candidate 0x000ac970,fields and bit tests: no residue once lea/add/mov copies are folded into effective offsets and the base class is ignored (the diff_fields/diff_imms tokens are base-class tracing and pointer-copy forms) | x87 arithmetic or compares present: execution evidence still required (Task 5)
"PlanesCollider::_CollideNoPrimitiveTest(const AABBQuantizedNode*, udword)",REVIEW,3,equivalent,oracle 0x000e1f90; candidate 0x000ad170,fields and bit tests: no residue once lea/add/mov copies are folded into effective offsets and the base class is ignored (the diff_fields/diff_imms tokens are base-class tracing and pointer-copy forms) | x87 arithmetic or compares present: execution evidence still required (Task 5)
"PlanesCollider::_Collide(const AABBNoLeafNode*, udword)",REVIEW,3,equivalent,oracle 0x000e2130; candidate 0x000ac160,fields and bit tests: no residue once lea/add/mov copies are folded into effective offsets and the base class is ignored (the diff_fields/diff_imms tokens are base-class tracing and pointer-copy forms) | x87 arithmetic or compares present: execution evidence still required (Task 5)
"PlanesCollider::_CollideNoPrimitiveTest(const AABBNoLeafNode*, udword)",REVIEW,3,equivalent,oracle 0x000e2460; candidate 0x000acdc0,"fields and bit tests: no residue once lea/add/mov copies are folded into effective offsets and the base class is ignored (the diff_fields/diff_imms tokens are base-class tracing and pointer-copy forms) | one-sided logic/compare immediates: ContactFound() as (mFlags&5)==5 (candidate 000acec9, candidate 000acecc); deleting-destructor flag / bool argument / leaf-bit test on a register (candidate 000ace86, candidate 000aced6); index scaling / strength-reduced division (candidate 000ace94); mFlags set/clear, register versus memory form (candidate 000ace8a); x87 status-word test (fnstsw) the tracer took for a field test (candidate 000ace4e, candidate 000ace5d) | x87 arithmetic or compares present: execution evidence still required (Task 5)"
"PlanesCollider::_Collide(const AABBQuantizedNoLeafNode*, udword)",REVIEW,3,equivalent,oracle 0x000e25b0; candidate 0x000ac520,fields and bit tests: no residue once lea/add/mov copies are folded into effective offsets and the base class is ignored (the diff_fields/diff_imms tokens are base-class tracing and pointer-copy forms) | x87 arithmetic or compares present: execution evidence still required (Task 5)
"PlanesCollider::_CollideNoPrimitiveTest(const AABBQuantizedNoLeafNode*, udword)",REVIEW,3,equivalent,oracle 0x000e2960; candidate 0x000acf40,"fields and bit tests: no residue once lea/add/mov copies are folded into effective offsets and the base class is ignored (the diff_fields/diff_imms tokens are base-class tracing and pointer-copy forms) | one-sided logic/compare immediates: deleting-destructor flag / bool argument / leaf-bit test on a register (candidate 000ad0ab); index scaling / strength-reduced division (candidate 000ad0b7, candidate 000ad119); single flag or leaf bit tested on a register copy (candidate 000ad109) | x87 arithmetic or compares present: execution evidence still required (Task 5)"
PlanesCollider::~PlanesCollider,REVIEW,3,equivalent,oracle 0x000e2b30; candidate 0x000aaf40,"fields and bit tests: no residue once lea/add/mov copies are folded into effective offsets and the base class is ignored (the diff_fields/diff_imms tokens are base-class tracing and pointer-copy forms) | one-sided logic/compare immediates: index scaling / strength-reduced division (candidate 000aaf56); mFlags set/clear, register versus memory form (candidate 000aaf59)"
"PlanesCollider::Collide(PlanesCache&, const Plane*, udword, const Model&, const Matrix4x4*)",REVIEW,3,equivalent,oracle 0x000e2b60; candidate 0x000ab660,"fields and bit tests: no residue once lea/add/mov copies are folded into effective offsets and the base class is ignored (the diff_fields/diff_imms tokens are base-class tracing and pointer-copy forms) | one-sided logic/compare immediates: index scaling / strength-reduced division (oracle 000e2bbe); single flag or leaf bit tested on a register copy (oracle 000e2bc3, oracle 000e2bcd, oracle 000e2c54)"
PlanesCollider::`scalar deleting destructor',REVIEW,3,equivalent,oracle 0x000e2ce0; candidate 0x000ab030,"fields and bit tests: no residue once lea/add/mov copies are folded into effective offsets and the base class is ignored (the diff_fields/diff_imms tokens are base-class tracing and pointer-copy forms) | one-sided logic/compare immediates: index scaling / strength-reduced division (candidate 000ab049); mFlags set/clear, register versus memory form (candidate 000ab04c)"
AABB::Add(const AABB&),REVIEW,3,equivalent,oracle 0x000e2d20; candidate 0x00087de0,fields and bit tests: no residue once lea/add/mov copies are folded into effective offsets and the base class is ignored (the diff_fields/diff_imms tokens are base-class tracing and pointer-copy forms) | x87 arithmetic or compares present: execution evidence still required (Task 5)
AABB::MakeCube(AABB&),REVIEW,3,equivalent,oracle 0x000e2e50; candidate 0x00088870,fields and bit tests: no residue once lea/add/mov copies are folded into effective offsets and the base class is ignored (the diff_fields/diff_imms tokens are base-class tracing and pointer-copy forms) | inlining accounted for: candidate inlines census:phys_fn_000923 | x87 arithmetic or compares present: execution evidence still required (Task 5)
AABB::IsInside(const AABB&),SHAPE,3,equivalent,oracle 0x000e2f70; candidate 0x00088800,SHAPE only: n_insn 35->45; x87 18->24; ebp frame no->yes | x87 arithmetic or compares present: execution evidence still required (Task 5)
AABB::ComputePoints(Point*),REVIEW,3,equivalent,oracle 0x000e2fd0; candidate 0x00088640,fields and bit tests: no residue once lea/add/mov copies are folded into effective offsets and the base class is ignored (the diff_fields/diff_imms tokens are base-class tracing and pointer-copy forms) | x87 arithmetic or compares present: execution evidence still required (Task 5)
"Plane::Set(const Point&, const Point&, const Point&)",SHAPE,3,equivalent,oracle 0x000e31c0; candidate 0x000840c0,SHAPE only: n_insn 92->145; x87 73->129; ebp frame no->yes; float widths -4 x2 | x87 arithmetic or compares present: execution evidence still required (Task 5)
RadixSort::RadixSort,SHAPE,3,equivalent,oracle 0x000e32c0; candidate 0x00082e20,SHAPE only: n_insn 9->8; imms +0x0 x4
RadixSort::~RadixSort,REVIEW,3,equivalent,oracle 0x000e32e0; candidate 0x00082e50,"the oracle-only [eax+0] reads are the allocator vtable loads after the getter (0x000e32f9, 0x000e3317): the host seam, which the candidate reaches through opcNovodeXFree | report_jcc +0:je: compare/branch forms, paired by the categories above"
RadixSort::Resize(udword),REVIEW,3,equivalent,oracle 0x000e3330; candidate 0x00082ed0,"the oracle-only [eax+0] reads are the allocator vtable loads after the getter (0x000e334a..0x000e3398): the host seam | report_jcc +0:je: compare/branch forms, paired by the categories above"
"RadixSort::Sort(const udword*, udword, RadixHint)",REVIEW,3,equivalent,oracle 0x000e33c0; candidate 0x00082f70,"the oracle-only +0x14 and +0x200.. accesses are the offset-table pointer walk (`add eax,0x14`, 0x000e3870) and the histogram, both through walked pointers the fold mistakes for `this`; 128/256 compares are radix bucket bounds | one-sided logic/compare immediates: index scaling / strength-reduced division (candidate 0008330c); loop bound or count compare (unrolled loops, radix buckets, count==1) (candidate 00083301, candidate 00083367, candidate 00083396) | report_jcc +0:jge x3 +128:jb +256:jb x2 +4:jb: compare/branch forms, paired by the categories above"
"RadixSort::Sort(const float*, udword)",REVIEW,3,equivalent,oracle 0x000e3920; candidate 0x000834c0,"as Sort(const udword*...): +0x14 is the offset-table walk (0x000e3beb); the 0x7fffffff masks are the candidate's CURRENT_SIZE/VALIDATE_RANKS macros where the oracle tests the sign | one-sided logic/compare immediates: CURRENT_SIZE / VALIDATE_RANKS mask (candidate 000834fe, candidate 0008377e, candidate 0008382c); index scaling / strength-reduced division (oracle 000e3c3f, oracle 000e3d23, oracle 000e3d3a); loop bound or count compare (unrolled loops, radix buckets, count==1) (oracle 000e3cd7, oracle 000e3d63, candidate 000836a1) | report_jcc --128:jb -0:jns x2 -1024:jb -512:jb +-128:jae +0:jge x2 +128:jae x2 +128:jb +256:jb x3 +3:je +4:jb: compare/branch forms, paired by the categories above | x87 arithmetic or compares present: execution evidence still required (Task 5)"
Triangle::Area,SHAPE,3,equivalent,oracle 0x000e3ed0; candidate 0x00081dc0,"SHAPE only: n_insn 45->75; x87 42->69; ebp frame no->yes; float widths -4,+8 | x87 arithmetic or compares present: execution evidence still required (Task 5)"
Triangle::Normal(Point&) const,SHAPE,3,equivalent,oracle 0x000e3f50; candidate 0x00082980,SHAPE only: n_insn 69->107; x87 57->97; ebp frame no->yes; float widths -4 x2 | x87 arithmetic or compares present: execution evidence still required (Task 5)
Triangle::Center(Point&),SHAPE,3,equivalent,oracle 0x000e4020; candidate 0x00081e80,"SHAPE only: floats counts -0.3333333432674408 x2; n_insn 31->39; x87 21->32; ebp frame no->yes; float widths -4 x3,+8 | x87 arithmetic or compares present: execution evidence still required (Task 5)"
"Triangle::Inflate(float, bool)",REVIEW,3,equivalent,oracle 0x000e4090; candidate 0x00082340,"the candidate reads the three vertices (+0xc..+0x23, 0x00082343..) because it inlines Triangle::Center, which the oracle calls | report_jcc +0:jne: compare/branch forms, paired by the categories above | inlining accounted for: candidate inlines Triangle::Center | x87 arithmetic or compares present: execution evidence still required (Task 5)"
"IndexedTriangle::ReplaceVertex(udword, udword)",SHAPE,3,equivalent,oracle 0x000e4160; candidate 0x000876a0,SHAPE only: n_insn 21->27; ebp frame no->yes
"IndexedTriangle::FindEdge(udword, udword)",REVIEW,3,equivalent,oracle 0x000e41a0; candidate 0x00086e10,fields and bit tests: no residue once lea/add/mov copies are folded into effective offsets and the base class is ignored (the diff_fields/diff_imms tokens are base-class tracing and pointer-copy forms) | one-sided logic/compare immediates: flag-pair mask compare ((mFlags&3)==3) or index &3 / loop bound 3 (candidate 00086e73)
"IceMaths::InvertPRMatrix(Matrix4x4&, const Matrix4x4&)",SHAPE,3,equivalent,oracle 0x000e4200; candidate 0x00086130,SHAPE only: trivial floats +0.0 +1.0; floats counts +0.0 +1.0; n_insn 56->60; x87 30->54; ebp frame no->yes; imms -0x3f800000 | x87 arithmetic or compares present: execution evidence still required (Task 5)
"Matrix4x4::CoFactor(udword, udword)",REVIEW,3,equivalent,oracle 0x000e42a0; candidate 0x00085db0,"the oracle's indexed row reads (0x000e4355..) are the (row+k)&3 rotation of CoFactor, which the candidate computes with `and reg,3` | one-sided logic/compare immediates: flag-pair mask compare ((mFlags&3)==3) or index &3 / loop bound 3 (candidate 00085ddb, candidate 00085dea, candidate 00085df0) | x87 arithmetic or compares present: execution evidence still required (Task 5)"
Matrix4x4::Determinant,SHAPE,3,equivalent,oracle 0x000e43a0; candidate 0x00085ec0,SHAPE only: n_insn 31->36; x87 10->12; ebp frame no->yes | x87 arithmetic or compares present: execution evidence still required (Task 5)
Matrix4x4::Invert,REVIEW,3,equivalent,oracle 0x000e4400; candidate 0x00085f20,the candidate reads and writes all sixteen elements through `this`; the oracle does the same through CoFactor calls and a walked pointer | inlining accounted for: candidate inlines Matrix4x4::Determinant | x87 arithmetic or compares present: execution evidence still required (Task 5)
OBB::ComputePlanes(Plane*) const,REVIEW,3,equivalent,oracle 0x000e4580; candidate 0x000848b0,fields and bit tests: no residue once lea/add/mov copies are folded into effective offsets and the base class is ignored (the diff_fields/diff_imms tokens are base-class tracing and pointer-copy forms) | x87 arithmetic or compares present: execution evidence still required (Task 5)
OBB::ComputePoints(Point*) const,REVIEW,3,equivalent,oracle 0x000e48e0; candidate 0x00084c00,fields and bit tests: no residue once lea/add/mov copies are folded into effective offsets and the base class is ignored (the diff_fields/diff_imms tokens are base-class tracing and pointer-copy forms) | x87 arithmetic or compares present: execution evidence still required (Task 5)
"OBB::ComputeWorldEdgeNormal(udword, Point&) const",DIFF,3,equivalent,oracle 0x000e4cb0; candidate 0x00085280,"the candidate addresses the static edge-normal table at +0, +4 and +8 (0x00085280..), the oracle at +0 and +4 and then through a register (lea eax,[..+0x00122520]; [eax+8]); same table (SEEDED_DATA) | x87 arithmetic or compares present: execution evidence still required (Task 5)"
OBB::IsInside(const OBB&),SHAPE,3,equivalent,oracle 0x000e4d30; candidate 0x00085650,SHAPE only: calls counts -memcpy x2; n_insn 257->363; x87 172->302; ebp frame no->yes; imms -0x9 x2 +0x18 | x87 arithmetic or compares present: execution evidence still required (Task 5)
"SAP_PairData::GetFreeElem(udword, SAP_Element*, udword*)",REVIEW,3,equivalent,oracle 0x000e6480; candidate 0x0009fcd0,fields and bit tests: no residue once lea/add/mov copies are folded into effective offsets and the base class is ignored (the diff_fields/diff_imms tokens are base-class tracing and pointer-copy forms) | one-sided logic/compare immediates: index scaling / strength-reduced division (candidate 0009fd61)
"SAP_PairData::AddPair(udword, udword)",SHAPE,3,equivalent,oracle 0x000e65d0; candidate 0x0009fac0,"report_jcc +0:je +0:jne: compare/branch forms, paired by the categories above"
"SAP_PairData::RemovePair(udword, udword)",REVIEW,3,equivalent,oracle 0x000e6670; candidate 0x000a04b0,"fields and bit tests: no residue once lea/add/mov copies are folded into effective offsets and the base class is ignored (the diff_fields/diff_imms tokens are base-class tracing and pointer-copy forms) | report_jcc +0:je +0:jne: compare/branch forms, paired by the categories above"
"SAP_PairData::DumpPairs(PairCallback, void*)",REVIEW,3,equivalent,oracle 0x000e66f0; candidate 0x0009fc40,fields and bit tests: no residue once lea/add/mov copies are folded into effective offsets and the base class is ignored (the diff_fields/diff_imms tokens are base-class tracing and pointer-copy forms)
"SweepAndPrune::GetPairs(PairCallback, void*)",REVIEW,3,equivalent,oracle 0x000e6750; candidate 0x0009fec0,"the candidate inlines DumpPairs into GetPairs (the oracle tail-jumps to 0x000e66f0), hence its mNbObjects/mArray reads | inlining accounted for: candidate inlines SAP_PairData::DumpPairs(fnptr,void*)"
"SweepAndPrune::UpdateObject(udword, const AABB&) [entry]",REVIEW,3,equivalent,oracle 0x000e6760; candidate 0x000a0550,"fields and bit tests: no residue once lea/add/mov copies are folded into effective offsets and the base class is ignored (the diff_fields/diff_imms tokens are base-class tracing and pointer-copy forms) | one-sided logic/compare immediates: deleting-destructor flag / bool argument / leaf-bit test on a register (candidate 000a06ff); index scaling / strength-reduced division (candidate 000a0569, candidate 000a05df, candidate 000a05e1); single flag or leaf bit tested on a register copy (candidate 000a05d3, candidate 000a07d3) | report_jcc +3:jb: compare/branch forms, paired by the categories above | x87 arithmetic or compares present: execution evidence still required (Task 5)"
SAP_PairData::Init(udword),REVIEW,3,equivalent,oracle 0x000e6c10; candidate 0x0009ff20,fields and bit tests: no residue once lea/add/mov copies are folded into effective offsets and the base class is ignored (the diff_fields/diff_imms tokens are base-class tracing and pointer-copy forms) | one-sided logic/compare immediates: flag-pair mask compare ((mFlags&3)==3) or index &3 / loop bound 3 (oracle 000e6c8d); index scaling / strength-reduced division (oracle 000e6c84)
"SweepAndPrune::Init(udword, const AABB**, const bool*) [entry]",REVIEW,3,equivalent,oracle 0x000e6ca0; candidate 0x0009ffb0,"NovodeX Init (Task 3 overlay): the oracle's mList[Axis] accesses go through the walked pointer edi=this+0x20+4*Axis (0x000e6d44); `test byte [ep+0xc],1` (IsMax, 0x000a00f3) is a register test in the oracle | one-sided logic/compare immediates: count>>1 != 0 (GetNbPairs) (oracle 000e70ad); index scaling / strength-reduced division (oracle 000e6d10, oracle 000e6d97, oracle 000e6e84); pointer/alignment mask (oracle 000e6d03); x87 status-word test (fnstsw) the tracer took for a field test (oracle 000e70de, oracle 000e70ea, oracle 000e70f7) | report_jcc -4:jl +0:je x2 +0:jne +3:jb: compare/branch forms, paired by the categories above | inlining accounted for: candidate inlines SAP_PairData::Init | x87 arithmetic or compares present: execution evidence still required (Task 5)"
SweepAndPrune::SweepAndPrune,SHAPE,3,equivalent,oracle 0x000e7180; candidate 0x0009f890,SHAPE only: n_insn 14->13; imms +0x0 x11
SweepAndPrune::~SweepAndPrune,REVIEW,3,equivalent,oracle 0x000e71b0; candidate 0x0009f960,"the list loop walks edi=this+0x20 in the oracle (0x000e71e0) | one-sided logic/compare immediates: flag-pair mask compare ((mFlags&3)==3) or index &3 / loop bound 3 (candidate 0009f99a) | report_jcc +3:jb: compare/branch forms, paired by the categories above"
MeshInterface::MeshInterface,SHAPE,3,equivalent,oracle 0x000e8fa0; candidate 0x000be560,SHAPE only: n_insn 7->6; imms +0x0 x4
MeshInterface::IsValid,SHAPE,3,equivalent,oracle 0x000e8fb0; candidate 0x000be660,"report_jcc +0:je x3: compare/branch forms, paired by the categories above"
MeshInterface::CheckTopology,SHAPE,3,equivalent,oracle 0x000e8fd0; candidate 0x000be5f0,SHAPE only: n_insn 38->48; ebp frame no->yes; imms -0xc
MeshInterface::SetPointers,SHAPE,3,equivalent,oracle 0x000e9020; candidate 0x000be680,SHAPE only: n_insn 16->20; ebp frame no->yes
AABBTreeOfTrianglesBuilder::AABBTreeOfTrianglesBuilder,SHAPE,3,equivalent,oracle 0x000e9060; candidate 0x000be160,SHAPE only: trivial floats +0.0; floats counts +0.0; x87 0->3; imms +0x0 x5 | x87 arithmetic or compares present: execution evidence still required (Task 5)
Model::Model,MATCH,3,equivalent,oracle 0x000e90a0; candidate 0x000be1d0,SHAPE only: none
Model::GetUsedBytes,SHAPE,3,equivalent,oracle 0x000e90c0; candidate 0x000be510,SHAPE only: n_insn 8->7
Model::~Model,DIFF,3,equivalent,oracle 0x000e90e0; candidate 0x000be220,"the oracle calls Model::Release (0x000e9480) and tail-jumps to ~BaseModel; the candidate inlines Model::Release, which is ReleaseBase"
Model::Build(const OPCODECREATE&),DIFF,3,equivalent,oracle 0x000e9100; candidate 0x000be390,"the oracle calls the builder constructor (0x000e9060) and Model::Release out of line, the candidate inlines both (storing the builder vptr itself); the loader dispatch icall[obj]+0x18 and Build's calls match | report_jcc +0:jne x2: compare/branch forms, paired by the categories above"
Model::~Model / `scalar deleting destructor',DIFF,3,equivalent,oracle 0x000e9280; candidate 0x000be340,"as Model::~Model: Model::Release inlined in the candidate; the allocator free of the deleting arm matches | one-sided logic/compare immediates: deleting-destructor flag / bool argument / leaf-bit test on a register (candidate 000be35b, candidate 000be35f) | inlining accounted for: oracle inlines __empty_global_delete"
OPCODECREATE::OPCODECREATE,SHAPE,3,equivalent,oracle 0x000e92b0; candidate 0x000c3460,SHAPE only: trivial floats +0.0; floats counts +0.0; n_insn 17->11; x87 0->3; imms -0x7fffffff +0x0 x2 +0x101 | x87 arithmetic or compares present: execution evidence still required (Task 5)
BaseModel::BaseModel,SHAPE,3,equivalent,oracle 0x000e92f0; candidate 0x000c3430,SHAPE only: n_insn 8->7; imms +0x0 x4
"BaseModel::CreateTree(bool, bool)",REVIEW,3,equivalent,oracle 0x000e9310; candidate 0x000c3560,"fields and bit tests: no residue once lea/add/mov copies are folded into effective offsets and the base class is ignored (the diff_fields/diff_imms tokens are base-class tracing and pointer-copy forms) | one-sided logic/compare immediates: deleting-destructor flag / bool argument / leaf-bit test on a register (oracle 000e9357, oracle 000e93ab); leaf bit set or extracted ((index<<1)|1, data&1) (oracle 000e9348) | report_jcc +0:je: compare/branch forms, paired by the categories above"
BaseModel::Refit,MATCH,3,equivalent,oracle 0x000e9410; candidate 0x000c3670,SHAPE only: none
Model::Release,SHAPE,3,equivalent,oracle 0x000e9480; candidate 0x000be520,inlining accounted for: oracle inlines BaseModel::ReleaseBase
BaseModel::~BaseModel [ReleaseBase inlined],SHAPE,3,equivalent,oracle 0x000e9550; candidate 0x000c34a0,SHAPE only: n_insn 25->23; field bytes -other[0x0..0x3]
BaseModel::~BaseModel / `scalar deleting destructor',REVIEW,3,equivalent,oracle 0x000e95a0; candidate 0x000c34f0,"fields and bit tests: no residue once lea/add/mov copies are folded into effective offsets and the base class is ignored (the diff_fields/diff_imms tokens are base-class tracing and pointer-copy forms) | one-sided logic/compare immediates: deleting-destructor flag / bool argument / leaf-bit test on a register (candidate 000c3532, candidate 000c3536) | inlining accounted for: oracle inlines __empty_global_delete"
AABBTreeOfAABBsBuilder::ComputeGlobalBox,SHAPE,3,equivalent,oracle 0x000e9600; candidate 0x0009eee0,SHAPE only: n_insn 52->59; ebp frame no->yes
"AABBTreeOfAABBsBuilder::GetSplittingValue(udword, udword)",SHAPE,3,equivalent,oracle 0x000e9680; candidate 0x0009f570,"SHAPE only: n_insn 9->14; x87 3->5; ebp frame no->yes; float widths -4,+8 | x87 arithmetic or compares present: execution evidence still required (Task 5)"
AABBTreeOfTrianglesBuilder::ComputeGlobalBox,REVIEW,3,equivalent,oracle 0x000e96b0; candidate 0x0009ef70,"fields and bit tests: no residue once lea/add/mov copies are folded into effective offsets and the base class is ignored (the diff_fields/diff_imms tokens are base-class tracing and pointer-copy forms) | one-sided logic/compare immediates: index scaling / strength-reduced division (candidate 0009efd5, candidate 0009efde) | x87 arithmetic or compares present: execution evidence still required (Task 5)"
"AABBTreeOfTrianglesBuilder::GetSplittingValue(udword, udword)",REVIEW,3,equivalent,oracle 0x000e98f0; candidate 0x0009f5a0,the oracle-only reads at +0/+4 of the VertexPointers array (0x000e9906) are the candidate's inlined GetTriangle through another base | x87 arithmetic or compares present: execution evidence still required (Task 5)
"AABBTreeOfTrianglesBuilder::GetSplittingValue(const udword*, udword, const AABB&, udword)",REVIEW,3,equivalent,oracle 0x000e9940; candidate 0x0009f600,"vertex-pointer reads through a walked pointer (0x000e9990..); SPLIT_GEOM_CENTER loop | one-sided logic/compare immediates: index scaling / strength-reduced division (oracle 000e997d, oracle 000e9988) | report_jcc -4:jl: compare/branch forms, paired by the categories above | x87 arithmetic or compares present: execution evidence still required (Task 5)"
AABBCollider::AABBCollider,MATCH,3,equivalent,oracle 0x000e9b80; candidate 0x000c45d0,SHAPE only: none
AABBCollider::~AABBCollider,MATCH,3,equivalent,oracle 0x000e9ba0; candidate 0x000c4610,SHAPE only: none
"AABBCollider::InitQuery(AABBCache&, const CollisionAABB&)",REVIEW,3,equivalent,oracle 0x000e9bb0; candidate 0x000c6b80,"+0x28 (a dequantisation coefficient) through a reloaded `this` (0x000ca494, 0x000ca694); flag sets are register read-modify-writes in the oracle | one-sided logic/compare immediates: mFlags set/clear, register versus memory form (oracle 000eacc9, oracle 000eae03) | report_jcc +0:je x5: compare/branch forms, paired by the categories above | x87 arithmetic or compares present: execution evidence still required (Task 5)"
AABBCollider::_Collide(const AABBCollisionNode*),REVIEW,3,equivalent,oracle 0x000eaea0; candidate 0x000c8f70,fields and bit tests: no residue once lea/add/mov copies are folded into effective offsets and the base class is ignored (the diff_fields/diff_imms tokens are base-class tracing and pointer-copy forms) | x87 arithmetic or compares present: execution evidence still required (Task 5)
AABBCollider::_CollideNoPrimitiveTest(const AABBCollisionNode*),REVIEW,3,equivalent,oracle 0x000eb830; candidate 0x000cd9d0,"the one candidate-only read (0x000cfe36 mov edi,[edx]) is the touched-primitives Container through a reloaded pointer | one-sided logic/compare immediates: mFlags set/clear, register versus memory form (candidate 000cdb21, candidate 000cdb4f) | x87 arithmetic or compares present: execution evidence still required (Task 5)"
AABBCollider::_Collide(const AABBQuantizedNode*),REVIEW,3,equivalent,oracle 0x000eb990; candidate 0x000cca90,fields and bit tests: no residue once lea/add/mov copies are folded into effective offsets and the base class is ignored (the diff_fields/diff_imms tokens are base-class tracing and pointer-copy forms) | x87 arithmetic or compares present: execution evidence still required (Task 5)
AABBCollider::_CollideNoPrimitiveTest(const AABBQuantizedNode*),REVIEW,3,equivalent,oracle 0x000ec3a0; candidate 0x000cdfb0,"fields and bit tests: no residue once lea/add/mov copies are folded into effective offsets and the base class is ignored (the diff_fields/diff_imms tokens are base-class tracing and pointer-copy forms) | one-sided logic/compare immediates: mFlags set/clear, register versus memory form (candidate 000ce18d, candidate 000ce1bb) | x87 arithmetic or compares present: execution evidence still required (Task 5)"
AABBCollider::_Collide(const AABBNoLeafNode*),REVIEW,3,equivalent,oracle 0x000ec580; candidate 0x000c9ba0,"fields and bit tests: no residue once lea/add/mov copies are folded into effective offsets and the base class is ignored (the diff_fields/diff_imms tokens are base-class tracing and pointer-copy forms) | one-sided logic/compare immediates: index scaling / strength-reduced division (candidate 000c9cfb, candidate 000ca6f7, candidate 000ca7a4); loop bound or count compare (unrolled loops, radix buckets, count==1) (oracle 000ec97c); single flag or leaf bit tested on a register copy (candidate 000c9cef, candidate 000ca798); x87 status-word test (fnstsw) the tracer took for a field test (candidate 000ca27d) | report_jcc -8:jbe: compare/branch forms, paired by the categories above | x87 arithmetic or compares present: execution evidence still required (Task 5)"
AABBCollider::_CollideNoPrimitiveTest(const AABBNoLeafNode*),REVIEW,3,equivalent,oracle 0x000ed7d0; candidate 0x000cdb80,"fields and bit tests: no residue once lea/add/mov copies are folded into effective offsets and the base class is ignored (the diff_fields/diff_imms tokens are base-class tracing and pointer-copy forms) | one-sided logic/compare immediates: ContactFound() as (mFlags&5)==5 (candidate 000cdcf3); deleting-destructor flag / bool argument / leaf-bit test on a register (candidate 000cdc95); index scaling / strength-reduced division (candidate 000cdca3); mFlags set/clear, register versus memory form (candidate 000cdc75, candidate 000cdc99); x87 status-word test (fnstsw) the tracer took for a field test (candidate 000cdc50, candidate 000cdc62, candidate 000cdc70) | x87 arithmetic or compares present: execution evidence still required (Task 5)"
AABBCollider::_Collide(const AABBQuantizedNoLeafNode*),REVIEW,3,equivalent,oracle 0x000ed960; candidate 0x000cb2d0,"fields and bit tests: no residue once lea/add/mov copies are folded into effective offsets and the base class is ignored (the diff_fields/diff_imms tokens are base-class tracing and pointer-copy forms) | one-sided logic/compare immediates: index scaling / strength-reduced division (candidate 000cb4bb, candidate 000cbeaf, candidate 000cbf66); loop bound or count compare (unrolled loops, radix buckets, count==1) (oracle 000ede0c); single flag or leaf bit tested on a register copy (candidate 000cb4af, candidate 000cbf5a); x87 status-word test (fnstsw) the tracer took for a field test (candidate 000cba37) | report_jcc -8:jbe: compare/branch forms, paired by the categories above | x87 arithmetic or compares present: execution evidence still required (Task 5)"
AABBCollider::_CollideNoPrimitiveTest(const AABBQuantizedNoLeafNode*),REVIEW,3,equivalent,oracle 0x000eec70; candidate 0x000cdd50,"fields and bit tests: no residue once lea/add/mov copies are folded into effective offsets and the base class is ignored (the diff_fields/diff_imms tokens are base-class tracing and pointer-copy forms) | one-sided logic/compare immediates: deleting-destructor flag / bool argument / leaf-bit test on a register (candidate 000cdf03); mFlags set/clear, register versus memory form (candidate 000cded3, candidate 000cdf07); x87 status-word test (fnstsw) the tracer took for a field test (candidate 000cde74, candidate 000cde84, candidate 000cdeae) | x87 arithmetic or compares present: execution evidence still required (Task 5)"
AABBCollider::_Collide(const AABBTreeNode*),REVIEW,3,equivalent,oracle 0x000eee80; candidate 0x000cd7a0,"mFlags OPC_CONTACT set as `or [reg],4` in the candidate through a pointer to this+4 and as a register read-modify-write in the oracle | x87 arithmetic or compares present: execution evidence still required (Task 5)"
AABBCollider::`scalar deleting destructor',SHAPE,3,equivalent,oracle 0x000ef0a0; candidate 0x000c4650,SHAPE only: n_insn 12->16; ebp frame no->yes; imms +0x88
"AABBCollider::Collide(AABBCache&, const CollisionAABB&, const Model&)",REVIEW,3,equivalent,oracle 0x000ef0d0; candidate 0x000c4800,"fields and bit tests: no residue once lea/add/mov copies are folded into effective offsets and the base class is ignored (the diff_fields/diff_imms tokens are base-class tracing and pointer-copy forms) | one-sided logic/compare immediates: deleting-destructor flag / bool argument / leaf-bit test on a register (oracle 000ef127, oracle 000ef1ab); index scaling / strength-reduced division (oracle 000ef11a); single flag or leaf bit tested on a register copy (oracle 000ef11e)"
"AABBCollider::Collide(AABBCache&, const CollisionAABB&, const AABBTree*)",SHAPE,3,equivalent,oracle 0x000ef230; candidate 0x000c4940,SHAPE only: n_insn 25->22; ebp frame no->yes
Collider::Collider,SHAPE,3,equivalent,oracle 0x000f0510; candidate 0x000c33d0,SHAPE only: n_insn 7->6; imms +0x0 x3
Collider::~Collider,MATCH,3,equivalent,oracle 0x000f0530; candidate 0x000c33f0,SHAPE only: none
Collider::`scalar deleting destructor',SHAPE,3,equivalent,oracle 0x000f0540; candidate 0x000c3400,SHAPE only: n_insn 11->15; ebp frame no->yes; imms +0x10
"Segment::SquareDistance(const Point&, float*) const",SHAPE,3,equivalent,oracle 0x000f0560; candidate 0x00082d20,SHAPE only: floats counts -0.0; n_insn 90->108; x87 76->91; ebp frame no->yes; float widths -4 x3 | x87 arithmetic or compares present: execution evidence still required (Task 5)
VolumeCollider::VolumeCollider,SHAPE,3,equivalent,oracle 0x000f0660; candidate 0x00088cc0,SHAPE only: n_insn 11->10; imms +0x0 x3
VolumeCollider::~VolumeCollider,MATCH,3,equivalent,oracle 0x000f0680; candidate 0x00088cf0,SHAPE only: none
VolumeCollider::_Dump(const AABBNoLeafNode*) [IMPLEMENT_NOLEAFDUMP],REVIEW,3,equivalent,oracle 0x000f06a0; candidate 0x00088f00,"fields and bit tests: no residue once lea/add/mov copies are folded into effective offsets and the base class is ignored (the diff_fields/diff_imms tokens are base-class tracing and pointer-copy forms) | one-sided logic/compare immediates: ContactFound() as (mFlags&5)==5 (oracle 000f06e9, oracle 000f06ec)"
VolumeCollider::_Dump(const AABBQuantizedNoLeafNode*),REVIEW,3,equivalent,oracle 0x000f0730; candidate 0x00088f90,"fields and bit tests: no residue once lea/add/mov copies are folded into effective offsets and the base class is ignored (the diff_fields/diff_imms tokens are base-class tracing and pointer-copy forms) | one-sided logic/compare immediates: ContactFound() as (mFlags&5)==5 (oracle 000f0779, oracle 000f077c)"
VolumeCollider::_Dump(const AABBCollisionNode*) [IMPLEMENT_LEAFDUMP],SHAPE,3,equivalent,oracle 0x000f07c0; candidate 0x00088ea0,SHAPE only: n_insn 37->38; ebp frame no->yes; imms -0x1c; field bytes -derived[0x35..0x37] +derived[0x18..0x1b]
VolumeCollider::_Dump(const AABBQuantizedNode*),SHAPE,3,equivalent,oracle 0x000f0820; candidate 0x00089020,SHAPE only: n_insn 37->38; ebp frame no->yes; imms -0x10; field bytes -derived[0x1d..0x1f] +derived[0xc..0xf]
AABBTreeNode::AABBTreeNode,SHAPE,3,equivalent,oracle 0x000f0880; candidate 0x000c3700,SHAPE only: n_insn 6->5; imms +0x0 x3
AABBTreeNode::`vector deleting destructor' [~AABBTreeNode inlined],DIFF,3,equivalent,oracle 0x000f0890; candidate 0x000c37c0,"the oracle's vector deleting destructor recurses into itself for children (push 3) and has ~AABBTreeNode inlined; the candidate calls ~AABBTreeNode; both free through the allocator. `test bl,4` is the 2026 ::delete flag | one-sided logic/compare immediates: deleting-destructor flag / bool argument / leaf-bit test on a register (candidate 000c37fa, candidate 000c383a); pointer/alignment mask (oracle 000f08bc, oracle 000f08f9); single flag or leaf bit tested on a register copy (candidate 000c37ca) | inlining accounted for: oracle inlines __empty_global_delete"
"AABBTreeNode::Split(udword, AABBTreeBuilder*)",SHAPE,3,equivalent,oracle 0x000f0930; candidate 0x000c3cd0,SHAPE only: x87 3->7; ebp frame no->yes | x87 arithmetic or compares present: execution evidence still required (Task 5)
AABBTreeNode::Subdivide(AABBTreeBuilder*),REVIEW,3,equivalent,oracle 0x000f09b0; candidate 0x000c3d50,the candidate's stores of 0 to +0x20/+0x40/+0x44 (0x000c653b..) are the inlined AABBTreeNode constructor; the oracle runs it through the vector constructor iterator | one-sided logic/compare immediates: flag-pair mask compare ((mFlags&3)==3) or index &3 / loop bound 3 (candidate 000c41bb) | inlining accounted for: candidate inlines AABBTreeNode::AABBTreeNode | x87 arithmetic or compares present: execution evidence still required (Task 5)
AABBTreeNode::_BuildHierarchy(AABBTreeBuilder*),REVIEW,3,equivalent,oracle 0x000f0ea0; candidate 0x000c4330,"fields and bit tests: no residue once lea/add/mov copies are folded into effective offsets and the base class is ignored (the diff_fields/diff_imms tokens are base-class tracing and pointer-copy forms) | report_jcc +0:je: compare/branch forms, paired by the categories above | x87 arithmetic or compares present: execution evidence still required (Task 5)"
AABBTree::AABBTree,SHAPE,3,equivalent,oracle 0x000f1060; candidate 0x000c36d0,SHAPE only: n_insn 9->8; imms +0x0 x6
AABBTree::Release,DIFF,3,equivalent,oracle 0x000f1080; candidate 0x000c3c40,"the oracle calls the vector deleting destructor (0x000f108c), the candidate inlines the cookie loop calling ~AABBTreeNode; mIndices freed through the allocator on both"
AABBTree::Build(AABBTreeBuilder*),REVIEW,3,equivalent,oracle 0x000f10c0; candidate 0x000c3890,"fields and bit tests: no residue once lea/add/mov copies are folded into effective offsets and the base class is ignored (the diff_fields/diff_imms tokens are base-class tracing and pointer-copy forms) | one-sided logic/compare immediates: count compare (GetNbFaces()!=0 as >=4, or mLimit==1) (candidate 000c38f8) | report_jcc +0:je +1:jne: compare/branch forms, paired by the categories above"
AABBTree::Refit2(AABBTreeBuilder*),REVIEW,3,equivalent,oracle 0x000f11b0; candidate 0x000c3a80,fields and bit tests: no residue once lea/add/mov copies are folded into effective offsets and the base class is ignored (the diff_fields/diff_imms tokens are base-class tracing and pointer-copy forms) | one-sided logic/compare immediates: index scaling / strength-reduced division (oracle 000f11d9) | x87 arithmetic or compares present: execution evidence still required (Task 5)
AABBTree::~AABBTree,DIFF,3,equivalent,oracle 0x000f1500; candidate 0x000c3720,"as AABBTree::Release, inlined into the destructor | inlining accounted for: oracle inlines AABBTree::Release, oracle inlines AABBTreeNode::~AABBTreeNode"
AABBOptimizedTree::`scalar deleting destructor',REVIEW,3,equivalent,oracle 0x000f21a0; candidate 0x000ad810,"fields and bit tests: no residue once lea/add/mov copies are folded into effective offsets and the base class is ignored (the diff_fields/diff_imms tokens are base-class tracing and pointer-copy forms) | one-sided logic/compare immediates: deleting-destructor flag / bool argument / leaf-bit test on a register (candidate 000ad81f, candidate 000ad823) | inlining accounted for: oracle inlines __empty_global_delete"
_BuildCollisionTree (file-static),REVIEW,3,equivalent,oracle 0x000f21d0; candidate 0x000af250,"fields and bit tests: no residue once lea/add/mov copies are folded into effective offsets and the base class is ignored (the diff_fields/diff_imms tokens are base-class tracing and pointer-copy forms) | one-sided logic/compare immediates: index scaling / strength-reduced division (oracle 000f22d9); leaf bit set or extracted ((index<<1)|1, data&1) (oracle 000f22db) | x87 arithmetic or compares present: execution evidence still required (Task 5)"
_BuildNoLeafTree (file-static),REVIEW,3,equivalent,oracle 0x000f22f0; candidate 0x000af410,"the candidate tests `[node+0x18] & ~1` (0x000af4c7, 0x000af50c: a pointer child) where the oracle tests the leaf bit on a register copy | one-sided logic/compare immediates: index scaling / strength-reduced division (oracle 000f232a, oracle 000f23dc, oracle 000f23f1); leaf bit set or extracted ((index<<1)|1, data&1) (oracle 000f23de, oracle 000f2434) | x87 arithmetic or compares present: execution evidence still required (Task 5)"
AABBCollisionTree::AABBCollisionTree,SHAPE,3,equivalent,oracle 0x000f2450; candidate 0x000ad360,SHAPE only: n_insn 6->5; imms +0x0 x2
AABBCollisionTree::GetUsedBytes [IMPLEMENT_COLLISION_TREE],REVIEW,3,equivalent,oracle 0x000f2470; candidate 0x000aea40,fields and bit tests: no residue once lea/add/mov copies are folded into effective offsets and the base class is ignored (the diff_fields/diff_imms tokens are base-class tracing and pointer-copy forms) | one-sided logic/compare immediates: index scaling / strength-reduced division (candidate 000aea4c)
AABBCollisionTree::Build,REVIEW,3,equivalent,oracle 0x000f2480; candidate 0x000ad990,fields and bit tests: no residue once lea/add/mov copies are folded into effective offsets and the base class is ignored (the diff_fields/diff_imms tokens are base-class tracing and pointer-copy forms)
AABBCollisionTree::Walk::Local::_Walk,SHAPE,3,equivalent,oracle 0x000f2530; candidate 0x000af550,SHAPE only: n_insn 29->32; ebp frame no->yes
AABBNoLeafTree::AABBNoLeafTree,SHAPE,3,equivalent,oracle 0x000f2690; candidate 0x000ad390,SHAPE only: n_insn 6->5; imms +0x0 x2
AABBNoLeafTree::GetUsedBytes [IMPLEMENT_COLLISION_TREE],MATCH,3,equivalent,oracle 0x000f26b0; candidate 0x000aea50,SHAPE only: none
AABBNoLeafTree::Build,REVIEW,3,equivalent,oracle 0x000f26c0; candidate 0x000ada50,fields and bit tests: no residue once lea/add/mov copies are folded into effective offsets and the base class is ignored (the diff_fields/diff_imms tokens are base-class tracing and pointer-copy forms) | one-sided logic/compare immediates: index scaling / strength-reduced division (oracle 000f2710)
AABBNoLeafTree::Refit,REVIEW,3,equivalent,oracle 0x000f2770; candidate 0x000aeb10,the oracle-only +0x1c read (0x000f2a51) is a child node's data through a walked pointer | x87 arithmetic or compares present: execution evidence still required (Task 5)
AABBNoLeafTree::Walk::Local::_Walk,SHAPE,3,equivalent,oracle 0x000f2e60; candidate 0x000af590,SHAPE only: n_insn 32->34; ebp frame no->yes
AABBQuantizedTree::AABBQuantizedTree,SHAPE,3,equivalent,oracle 0x000f2fe0; candidate 0x000ad400,SHAPE only: n_insn 6->5; imms +0x0 x2
AABBQuantizedTree::GetUsedBytes [IMPLEMENT_COLLISION_TREE],MATCH,3,equivalent,oracle 0x000f3000; candidate 0x000aea70,SHAPE only: none
AABBQuantizedTree::Build,REVIEW,3,equivalent,oracle 0x000f3010; candidate 0x000ae180,"fields and bit tests: no residue once lea/add/mov copies are folded into effective offsets and the base class is ignored (the diff_fields/diff_imms tokens are base-class tracing and pointer-copy forms) | one-sided logic/compare immediates: deleting-destructor flag / bool argument / leaf-bit test on a register (candidate 000ae74f); index scaling / strength-reduced division (oracle 000f30c3, oracle 000f3572, oracle 000f3575); pointer/alignment mask (candidate 000ae76c) | report_jcc +3:jb: compare/branch forms, paired by the categories above | x87 arithmetic or compares present: execution evidence still required (Task 5)"
AABBQuantizedTree::Walk::Local::_Walk,SHAPE,3,equivalent,oracle 0x000f35e0; candidate 0x000af630,SHAPE only: n_insn 29->32; ebp frame no->yes
AABBQuantizedNoLeafTree::AABBQuantizedNoLeafTree,SHAPE,3,equivalent,oracle 0x000f36b0; candidate 0x000ad3d0,SHAPE only: n_insn 6->5; imms +0x0 x2
AABBQuantizedNoLeafTree::GetUsedBytes [IMPLEMENT_COLLISION_TREE],MATCH,3,equivalent,oracle 0x000f36d0; candidate 0x000aea60,SHAPE only: none
AABBQuantizedNoLeafTree::Build,REVIEW,3,equivalent,oracle 0x000f36e0; candidate 0x000adb10,"fields and bit tests: no residue once lea/add/mov copies are folded into effective offsets and the base class is ignored (the diff_fields/diff_imms tokens are base-class tracing and pointer-copy forms) | one-sided logic/compare immediates: index scaling / strength-reduced division (candidate 000adc2e, candidate 000adf05, candidate 000adf0b); single flag or leaf bit tested on a register copy (candidate 000ae0da); x87 status-word test (fnstsw) the tracer took for a field test (candidate 000add00, candidate 000ae05b, candidate 000ae06a) | report_jcc +3:jb: compare/branch forms, paired by the categories above | x87 arithmetic or compares present: execution evidence still required (Task 5)"
AABBCollisionTree::Refit  [ICF-folded with AABBQuantizedTree::Refit :636 and AABBQuantizedNoLeafTree::Refit :752],MATCH,3,equivalent,oracle 0x000f3cd0; candidate 0x000aeb00,SHAPE only: none
AABBQuantizedNoLeafTree::Walk::Local::_Walk,SHAPE,3,equivalent,oracle 0x000f3ce0; candidate 0x000af5e0,SHAPE only: n_insn 32->34; ebp frame no->yes
AABBCollisionTree::Walk,REVIEW,3,equivalent,oracle 0x000f3ef0; candidate 0x000af130,mNodes (+0x18 of the node) read through the candidate's reloaded pointer
AABBNoLeafTree::Walk,SHAPE,3,equivalent,oracle 0x000f3f20; candidate 0x000af190,SHAPE only: n_insn 14->16; ebp frame no->yes
AABBQuantizedTree::Walk,REVIEW,3,equivalent,oracle 0x000f3f50; candidate 0x000af1f0,mNodes (+0xc) read through the candidate's reloaded pointer
AABBQuantizedNoLeafTree::Walk,SHAPE,3,equivalent,oracle 0x000f3f80; candidate 0x000af1c0,SHAPE only: n_insn 14->16; ebp frame no->yes
AABBCollisionTree::`scalar deleting destructor',REVIEW,3,equivalent,oracle 0x000f3fb0; candidate 0x000ad750,"fields and bit tests: no residue once lea/add/mov copies are folded into effective offsets and the base class is ignored (the diff_fields/diff_imms tokens are base-class tracing and pointer-copy forms) | one-sided logic/compare immediates: deleting-destructor flag / bool argument / leaf-bit test on a register (candidate 000ad77f, candidate 000ad783) | inlining accounted for: oracle inlines __empty_global_delete"
AABBNoLeafTree::`scalar deleting destructor',REVIEW,3,equivalent,oracle 0x000f4000; candidate 0x000ad7b0,"fields and bit tests: no residue once lea/add/mov copies are folded into effective offsets and the base class is ignored (the diff_fields/diff_imms tokens are base-class tracing and pointer-copy forms) | one-sided logic/compare immediates: deleting-destructor flag / bool argument / leaf-bit test on a register (candidate 000ad7df, candidate 000ad7e3) | inlining accounted for: oracle inlines __empty_global_delete"
AABBQuantizedTree::`scalar deleting destructor',REVIEW,3,equivalent,oracle 0x000f4050; candidate 0x000ad8b0,"fields and bit tests: no residue once lea/add/mov copies are folded into effective offsets and the base class is ignored (the diff_fields/diff_imms tokens are base-class tracing and pointer-copy forms) | one-sided logic/compare immediates: deleting-destructor flag / bool argument / leaf-bit test on a register (candidate 000ad8df, candidate 000ad8e3) | inlining accounted for: oracle inlines __empty_global_delete"
AABBQuantizedNoLeafTree::`scalar deleting destructor',REVIEW,3,equivalent,oracle 0x000f40a0; candidate 0x000ad850,"fields and bit tests: no residue once lea/add/mov copies are folded into effective offsets and the base class is ignored (the diff_fields/diff_imms tokens are base-class tracing and pointer-copy forms) | one-sided logic/compare immediates: deleting-destructor flag / bool argument / leaf-bit test on a register (candidate 000ad87f, candidate 000ad883) | inlining accounted for: oracle inlines __empty_global_delete"
"AABBTreeBuilder::GetSplittingValue(const udword*, udword, const AABB&, udword)",SHAPE,3,equivalent,oracle 0x00053880; candidate 0x0009f550,"SHAPE only: n_insn 6->11; x87 3->5; ebp frame no->yes; float widths -4,+8 | x87 arithmetic or compares present: execution evidence still required (Task 5)"
"AABBTreeBuilder::ValidateSubdivision(const udword*, udword, const AABB&)",SHAPE,3,equivalent,oracle 0x000538a0; candidate 0x000be540,SHAPE only: n_insn 5->8; ebp frame no->yes
AABBTreeBuilder::~AABBTreeBuilder / `scalar deleting destructor' [/OPT:ICF-folded with ~AABBTreeOfTrianglesBuilder],REVIEW,3,equivalent,oracle 0x000538b0; candidate 0x000be2c0,"fields and bit tests: no residue once lea/add/mov copies are folded into effective offsets and the base class is ignored (the diff_fields/diff_imms tokens are base-class tracing and pointer-copy forms) | one-sided logic/compare immediates: deleting-destructor flag / bool argument / leaf-bit test on a register (candidate 000be2cf, candidate 000be2d3) | inlining accounted for: oracle inlines __empty_global_delete"
Container::Container(),SHAPE,3,equivalent,oracle 0x000b4d70; candidate 0x00087980,SHAPE only: float 2.0 stored as an immediate on the other side; floats counts +2.0; x87 0->2; float widths +4; imms -0x40000000 +0x0 x3 | x87 arithmetic or compares present: execution evidence still required (Task 5)
Container& Container::Empty(),REVIEW,3,equivalent,oracle 0x000b4d90; candidate 0x00087b20,fields and bit tests: no residue once lea/add/mov copies are folded into effective offsets and the base class is ignored (the diff_fields/diff_imms tokens are base-class tracing and pointer-copy forms) | x87 arithmetic or compares present: execution evidence still required (Task 5)
Container::Resize(udword),REVIEW,3,equivalent,oracle 0x000b4de0; candidate 0x00087c90,fields and bit tests: no residue once lea/add/mov copies are folded into effective offsets and the base class is ignored (the diff_fields/diff_imms tokens are base-class tracing and pointer-copy forms) | x87 arithmetic or compares present: execution evidence still required (Task 5)
Container::SetSize(udword),REVIEW,3,equivalent,oracle 0x000b4e90; candidate 0x00087d50,fields and bit tests: no residue once lea/add/mov copies are folded into effective offsets and the base class is ignored (the diff_fields/diff_imms tokens are base-class tracing and pointer-copy forms) | one-sided logic/compare immediates: index scaling / strength-reduced division (oracle 000b4ee7) | x87 arithmetic or compares present: execution evidence still required (Task 5)
Container::Container(const Container&) [operator=(const Container&) IceContainer.cpp:340 inlined],DIFF,3,equivalent,oracle 0x000b4f00; candidate 0x000878d0,"the oracle calls SetSize (0x000b4f1e), the candidate inlines it; on a freshly constructed Container SetSize's free arm is dead, so the inlined copy has no [getter+0x0c] call | one-sided logic/compare immediates: flag-pair mask compare ((mFlags&3)==3) or index &3 / loop bound 3 (oracle 000b4f37); index scaling / strength-reduced division (oracle 000b4f2b, oracle 000b4f30) | x87 arithmetic or compares present: execution evidence still required (Task 5)"
Container::~Container(),REVIEW,3,equivalent,oracle 0x000b4f50; candidate 0x000879a0,fields and bit tests: no residue once lea/add/mov copies are folded into effective offsets and the base class is ignored (the diff_fields/diff_imms tokens are base-class tracing and pointer-copy forms) | x87 arithmetic or compares present: execution evidence still required (Task 5)
