rva,id,size,grade,source_function,class,compare_class,group_rows,candidate_symbol,candidate_rva,candidate_size,oracle_insns,candidate_insns,diff_causes,diff_calls,diff_strings,diff_floats,diff_data,diff_fields,diff_imms,diff_x87ops,shape,report_jcc,report_stores,notes
0x0005c5c0,phys_fn_002425,490,mapped,qh_distplane,REVIEW,REVIEW,1,_qh_distplane,0x0007f7a0,592,162,204,,,,,,,,+div,halving float 9.313225754828403e-10~2147483646.0; floats counts -9.313225754828403e-10 +2147483646.0; data counts -_qh_qhstat+0x1b0; n_insn 162->204; x87 79->131; ebp frame no->yes; imms +0x1,+0:je +6:ja,,
0x0005c7d0,phys_fn_002428,876,mapped,qh_findbesthorizon,SHAPE,SHAPE,1,_qh_findbesthorizon,0x0007fdf0,848,274,289,,,,,,,,,data counts -_qh_qh+0x88 -_qh_qh+0xb8 -_qh_qhstat+0x2c8 +_qh_qh+0x958; n_insn 274->289; x87 59->73; imms -0x0 x2 +0x1 +0x4; field bytes -derived[0x0..0x3] +derived[0x4..0x7] +derived[0x4c..0x4f],+0:jne x2 +4:jl,-other:0x4=0,
0x0005cb40,phys_fn_002430,869,mapped,qh_findbestnew,DIFF,DIFF,1,_qh_findbestnew,0x00080140,784,275,242,calls,-icall[?]+0x10,,,,,,,floats counts +0.0; data counts -_qh_qh+0x68 -_qh_qh+0x888 -_qh_qhstat+0x2d8 -_qh_qhstat+0x2e8; n_insn 275->242; n_jcc 29->28; x87 34->44; float widths -8; imms +0x0 x3,+0:je +0:jl +2:jl,+other:0x0=0,
0x0005ceb0,phys_fn_002432,237,mapped,qh_backnormal,REVIEW,REVIEW,2,_qh_backnormal,0x0007f5d0,464,179,163,,,,,,+derived[0x8..0x1f],--2 -1073741822 -2 x2,+abs,memory ops -memset; calls counts -memset; floats counts +0.0; n_insn 179->163; n_jcc 14->15; x87 46->52; fchs 1->0; float widths -8 x4; imms -0x2 -0x4 -0x8 x5 +0x10,,+derived:0x0=0,
0x0005cfa0,phys_fn_002434,307,mapped,qh_backnormal,REVIEW,REVIEW,2,_qh_backnormal,0x0007f5d0,464,179,163,,,,,,+derived[0x8..0x1f],--2 -1073741822 -2 x2,+abs,memory ops -memset; calls counts -memset; floats counts +0.0; n_insn 179->163; n_jcc 14->15; x87 46->52; fchs 1->0; float widths -8 x4; imms -0x2 -0x4 -0x8 x5 +0x10,,+derived:0x0=0,
0x0005d0e0,phys_fn_002436,813,mapped,qh_gausselim,REVIEW,REVIEW,1,_qh_gausselim,0x00080450,512,275,177,,,,,,,-4,,floats counts -0.0 x5 +1.0 x2; data counts -_qh_qhstat+0x300; n_insn 275->177; n_jcc 27->17; x87 87->53; fchs 6->2; float widths -8 x9; imms -0x10 -0x4 -0x8 -0xfffffffd +0x1; field bytes -derived[0x0..0x7],-4:jl,,
0x0005d410,phys_fn_002438,142,mapped,qh_getangle,REVIEW,REVIEW,1,_qh_getangle,0x00080650,144,41,44,,,,,,,,+div,halving float 9.313225754828403e-10~2147483646.0; floats counts -9.313225754828403e-10 +2147483646.0; n_insn 41->44; x87 15->18; ebp frame no->yes; float widths -8; imms +0x1,+0:je,,
0x0005d4a0,phys_fn_002440,105,mapped,qh_getcenter,SHAPE,SHAPE,2,_qh_getcenter,0x000806e0,192,66,72,,,,,,,,,n_insn 66->72; x87 11->21; ebp frame no->yes; float widths -8 x2; imms -0x4 -0x8; field bytes -other[0x0..0x3] +derived[0x0..0x3],+2:jge,,
0x0005d510,phys_fn_002442,69,mapped,qh_getcenter,SHAPE,SHAPE,2,_qh_getcenter,0x000806e0,192,66,72,,,,,,,,,n_insn 66->72; x87 11->21; ebp frame no->yes; float widths -8 x2; imms -0x4 -0x8; field bytes -other[0x0..0x3] +derived[0x0..0x3],+2:jge,,
0x0005d560,phys_fn_002444,264,mapped,qh_getdistance,REVIEW,REVIEW,1,_qh_getdistance,0x00080930,856,101,302,,,,,,,+derived:clear@184 +derived:set@184,+div,inlining: candidate inlines qh_distplane; halving float 9.313225754828403e-10~2147483646.0; n_insn 101->302; n_jcc 13->19; x87 23->187; switch 0->1; float widths -8; imms -0x1000000 -0xfeffffff +0x1 +0x8 x2 +0xfffffffe; field bytes -other[0x8..0xf] -other[0x1c..0x33] -other[0x38..0x3f],+0:jne +4:jl x2 +6:ja,,
0x0005d670,phys_fn_002446,770,mapped,qh_normalize2,REVIEW,REVIEW,1,_qh_normalize2,0x00080cd0,640,296,265,,,,,,,-1 -536870911,,memory ops -memset; calls counts -memset; floats counts -0.0; data counts -_qh_qhstat+0x438; n_insn 296->265; n_jcc 25->26; x87 143->131; float widths -8 x6; imms +0x1 x3 +0x8 x2,+0:jne x2 +2:je,,
0x0005d980,phys_fn_002448,107,mapped,qh_projectpoint,SHAPE,SHAPE,1,_qh_projectpoint,0x00080f50,128,39,43,,,,,,,,,n_insn 39->43; x87 4->6; ebp frame no->yes; imms +0x1; field bytes +other[0x0..0x7],,,
0x0005d9f0,phys_fn_002450,1117,mapped,qh_sethyperplane_det,SHAPE,SHAPE,1,_qh_sethyperplane_det,0x00081640,1088,428,435,,,,,,,,,data counts -_qh_qhstat+0x428; call order; n_insn 428->435; x87 294->310; ebp frame no->yes; imms +0x1,+0:je +2:jne +3:jne,+other:0x0=1,
0x0005de50,phys_fn_002452,348,mapped,qh_sethyperplane_gauss,REVIEW,REVIEW,1,_qh_sethyperplane_gauss,0x00081a80,320,129,115,,,,,,,+1,,data counts -_qh_qhstat+0x438 x2; n_insn 129->115; x87 11->13; float widths -8; imms +0x1 +0x8; field bytes +derived[0x0..0x7],+0:je x2,,
0x0005dfb0,phys_fn_002454,1060,mapped,qh_findbest,SHAPE,SHAPE,1,_qh_findbest,0x0007fa10,992,345,303,,,,,,,,,data counts -_qh_qhstat+0x290 -_qh_qhstat+0x2a0 -_qh_qhstat+0x2f8; n_insn 345->303; n_jcc 39->38; x87 32->33; imms -0x4 +0x0 x3; field bytes +derived[0x0..0x3],-4:jl +0:je x3 +0:jne x3,,
0x0005e3e0,phys_fn_002456,140,mapped,qh_getcentrum,SHAPE,SHAPE,1,_qh_getcentrum,0x000807a0,400,51,138,,,,,,,,,"inlining: candidate inlines qh_getcenter, candidate inlines qh_projectpoint; n_insn 51->138; n_jcc 1->10; x87 4->31; ebp frame no->yes; imms +0x0 x2 +0x1 +0x5 +0x8 x3",+2:jge,,
0x0005e470,phys_fn_002458,28,mapped,qh_normalize,SHAPE,SHAPE,1,_qh_normalize,0x00080cb0,32,11,11,,,,,,,,,ebp frame no->yes,,,
0x0005e490,phys_fn_002460,439,mapped,qh_setfacetplane,DIFF,DIFF,2,_qh_setfacetplane,0x00080fd0,1648,450,491,floats,,,--2.0,,+derived[0x18..0x1b] +derived[0x50..0x53],-other:clear@657 +derived:clear@17,+abs,inlining: candidate inlines qh_sethyperplane_gauss; n_insn 450->491; n_jcc 49->61; x87 46->62; fchs 2->3; float widths -8 x2; imms -0x4 x2 +0x0 x5 +0x1 x7 +0x8 x3,+0:je x5 +3:jl,,
0x0005e650,phys_fn_002462,1026,mapped,qh_setfacetplane,DIFF,DIFF,2,_qh_setfacetplane,0x00080fd0,1648,450,491,floats,,,--2.0,,+derived[0x18..0x1b] +derived[0x50..0x53],-other:clear@657 +derived:clear@17,+abs,inlining: candidate inlines qh_sethyperplane_gauss; n_insn 450->491; n_jcc 49->61; x87 46->62; fchs 2->3; float widths -8 x2; imms -0x4 x2 +0x0 x5 +0x1 x7 +0x8 x3,+0:je x5 +3:jl,,
0x0005ea60,phys_fn_002464,96,mapped,qh_copypoints,REVIEW,REVIEW,1,_qh_copypoints,0x0007b8f0,96,40,32,,,,,,-other[0x0..0x3],-2 -3,,calls counts -memcpy; n_insn 40->32; ebp frame no->yes,,,
0x0005eac0,phys_fn_002465,68,mapped,qh_crossproduct,SHAPE,SHAPE,1,_qh_crossproduct,0x0007b950,80,25,28,,,,,,,,,n_insn 25->28; ebp frame no->yes,,,
0x0005eb10,phys_fn_002467,318,mapped,qh_determinant,REVIEW,REVIEW,1,_qh_determinant,0x0007b9a0,272,119,111,,,,,,,,+abs,floats counts -0.0 x2; n_insn 119->111; n_jcc 9->6; x87 42->44; fchs 3->1; float widths -8 x4; imms +0x1,+0:je +2:jge,,
0x0005ec50,phys_fn_002469,61,mapped,qh_detsimplex,REVIEW,REVIEW,3,_qh_detsimplex,0x0007c1a0,480,94,172,,,,,,,,+abs,inlining: candidate inlines qh_determinant; n_insn 94->172; n_jcc 8->14; x87 8->57; fchs 0->1; ebp frame no->yes; imms +0x0 x4 +0x1 x3 +0x4 x2 +0x5 +0x8,+2:jge +3:jne,+other:0x0=0 +other:0x0=1,
0x0005ec90,phys_fn_002471,29,mapped,qh_detsimplex,REVIEW,REVIEW,3,_qh_detsimplex,0x0007c1a0,480,94,172,,,,,,,,+abs,inlining: candidate inlines qh_determinant; n_insn 94->172; n_jcc 8->14; x87 8->57; fchs 0->1; ebp frame no->yes; imms +0x0 x4 +0x1 x3 +0x4 x2 +0x5 +0x8,+2:jge +3:jne,+other:0x0=0 +other:0x0=1,
0x0005ecb0,phys_fn_002473,161,mapped,qh_detsimplex,REVIEW,REVIEW,3,_qh_detsimplex,0x0007c1a0,480,94,172,,,,,,,,+abs,inlining: candidate inlines qh_determinant; n_insn 94->172; n_jcc 8->14; x87 8->57; fchs 0->1; ebp frame no->yes; imms +0x0 x4 +0x1 x3 +0x4 x2 +0x5 +0x8,+2:jge +3:jne,+other:0x0=0 +other:0x0=1,
0x0005ed60,phys_fn_002475,39,mapped,qh_distnorm,SHAPE,SHAPE,1,_qh_distnorm,0x0007c380,48,15,18,,,,,,,,,n_insn 15->18; ebp frame no->yes; imms +0x1 +0x8,,,
0x0005ed90,phys_fn_002477,133,mapped,qh_distround,SHAPE,SHAPE,1,_qh_distround,0x0007c3b0,144,40,48,,,,,,,,,n_insn 40->48; x87 24->30; ebp frame no->yes,,,
0x0005ee20,phys_fn_002479,170,mapped,qh_divzero,REVIEW,REVIEW,1,_qh_divzero,0x0007c440,144,58,61,,,,,,,,+abs,floats counts -0.0 x2; n_insn 58->61; n_jcc 7->5; x87 35->37; fchs 4->1; ebp frame no->yes; float widths -8 x4,,,
0x0005eed0,phys_fn_002481,157,mapped,qh_facetarea_simplex,REVIEW,REVIEW,2,_qh_facetarea_simplex,0x0007c5f0,576,228,201,,,,,,,-1 -536870911,,floats counts -0.0 x4; data counts -_qh_qhstat+0x188 -_qh_qhstat+0x480; n_insn 228->201; x87 42->37; float widths -8 x6; imms -0x10 +0x1 x4 +0x4 x2 +0x8,+0:je,,
0x0005ef70,phys_fn_002483,505,mapped,qh_facetarea_simplex,REVIEW,REVIEW,2,_qh_facetarea_simplex,0x0007c5f0,576,228,201,,,,,,,-1 -536870911,,floats counts -0.0 x4; data counts -_qh_qhstat+0x188 -_qh_qhstat+0x480; n_insn 228->201; x87 42->37; float widths -8 x6; imms -0x10 +0x1 x4 +0x4 x2 +0x8,+0:je,,
0x0005f170,phys_fn_002485,482,mapped,qh_findgooddist,SHAPE,SHAPE,1,_qh_findgooddist,0x0007c8a0,448,157,153,,,,,,,,,data counts -_qh_qhstat+0xa0 x2; n_insn 157->153; x87 14->16; float widths -8; imms -0x0; field bytes -derived[0x50..0x51] -derived[0x53] -other[0x30..0x33] -other[0x3c..0x3f] -other[0x50..0x51] -other[0x53] +derived[0x0..0x3] +derived[0x30..0x33] +derived[0x3c..0x3f] +derived[0x4c..0x4f],,,
0x0005f360,phys_fn_002487,248,mapped,qh_gram_schmidt,SHAPE,SHAPE,1,_qh_gram_schmidt,0x0007ccc0,192,98,82,,,,,,,,,trivial floats -1.0; floats counts -0.0 x2 -1.0; n_insn 98->82; n_jcc 13->9; x87 30->27; ebp frame no->yes; float widths -8 x4; imms -0x4 -0x8 x2 +0x1 x3 +0xfffffff8,,,
0x0005f460,phys_fn_002489,45,mapped,qh_inthresholds,REVIEW,REVIEW,2,_qh_inthresholds,0x0007cd80,272,71,107,,,,,,,,+abs,floats counts -0.0 x2 +-8.988465674311579e+307 +8.988465674311579e+307; data counts +_qh_qh+0x24c +_qh_qh+0x678 +_qh_qh+0x67c; n_insn 71->107; n_jcc 11->13; x87 27->44; fchs 2->0; ebp frame no->yes; float widths -8,,+other:0x0=0,
0x0005f490,phys_fn_002491,150,mapped,qh_inthresholds,REVIEW,REVIEW,2,_qh_inthresholds,0x0007cd80,272,71,107,,,,,,,,+abs,floats counts -0.0 x2 +-8.988465674311579e+307 +8.988465674311579e+307; data counts +_qh_qh+0x24c +_qh_qh+0x678 +_qh_qh+0x67c; n_insn 71->107; n_jcc 11->13; x87 27->44; fchs 2->0; ebp frame no->yes; float widths -8,,+other:0x0=0,
0x0005f530,phys_fn_002493,87,mapped,qh_maxabsval,SHAPE,SHAPE,1,_qh_maxabsval,0x0007d2c0,80,36,34,,,,,,,,,n_insn 36->34; x87 11->12; float widths -8,,,
0x0005f590,phys_fn_002495,98,mapped,qh_maxouter,SHAPE,SHAPE,1,_qh_maxouter,0x0007d550,96,26,33,,,,,,,,,data counts -_qh_qh+0x6a0 x2 -_qh_qh+0x888 x2; n_insn 26->33; x87 11->14; ebp frame no->yes,,,
0x0005f600,phys_fn_002497,473,mapped,qh_maxsimplex,REVIEW,REVIEW,2,_qh_maxsimplex,0x0007d5b0,928,343,316,,,,,,,,+abs,trivial floats -0.0; floats counts -0.0 x2 +1.7976931348623157e+308; data counts -_qh_qhstat+0x600 +_qh_qh+0x68; call order; n_insn 343->316; n_jcc 36->34; x87 45->55; fchs 2->0; float widths -8; imms -0x4 x3 +0x0,+0:je,,
0x0005f7e0,phys_fn_002499,516,mapped,qh_maxsimplex,REVIEW,REVIEW,2,_qh_maxsimplex,0x0007d5b0,928,343,316,,,,,,,,+abs,trivial floats -0.0; floats counts -0.0 x2 +1.7976931348623157e+308; data counts -_qh_qhstat+0x600 +_qh_qh+0x68; call order; n_insn 343->316; n_jcc 36->34; x87 45->55; fchs 2->0; float widths -8; imms -0x4 x3 +0x0,+0:je,,
0x0005f9f0,phys_fn_002501,105,mapped,qh_orientoutside,REVIEW,REVIEW,1,_qh_orientoutside,0x0007d9f0,96,42,39,,,,,,-derived[0x0..0x7],,,n_insn 42->39; float widths -8; imms +0x1,,,
0x0005fa60,phys_fn_002503,258,mapped,qh_outerinner,SHAPE,SHAPE,1,_qh_outerinner,0x0007da50,384,87,130,,,,,,,,,inlining: candidate inlines qh_maxouter; n_insn 87->130; n_jcc 11->13; x87 30->59; float widths +8; field bytes +derived[0x4..0x7],+0:je,,
0x0005fb70,phys_fn_002505,63,mapped,qh_pointdist,SHAPE,SHAPE,1,_qh_pointdist,0x0007dbd0,64,27,23,,,,,,,,,n_insn 27->23; n_jcc 4->3; x87 8->6; ebp frame no->yes; float widths -8; imms +0x1,+0:jle,,
0x0005fbb0,phys_fn_002507,146,mapped,qh_printmatrix,SHAPE,SHAPE,1,_qh_printmatrix,0x0007dc10,112,59,42,,,,,,,,,n_insn 59->42; imms -0x0 +0x1; field bytes -other[0x0..0x3],,,
0x0005fc50,phys_fn_002509,181,mapped,qh_printpoints,REVIEW,REVIEW,1,_qh_printpoints,0x0007dc80,192,71,66,,,,,,-other[0x0..0x3] +other[0x4..0x7],,,"calls counts +icall[host]+0x10; strings counts +str:
; n_insn 71->66; ebp frame no->yes",,,
0x0005fd10,phys_fn_002511,264,mapped,qh_projectpoints,REVIEW,REVIEW,1,_qh_projectpoints,0x0007e050,288,101,113,,,,,,,+2,,n_insn 101->113; n_jcc 12->13; ebp frame no->yes; imms -0x8 x3 +0x1 +0x2; field bytes -other[0x0..0x7] +derived[0x0..0x7],-0:je +1:jne +2:jl,,
0x0005fe20,phys_fn_002513,44,mapped,qh_rand,REVIEW,REVIEW,1,_qh_rand,0x0007e170,64,13,20,,,,,,,+16 +31,,n_insn 13->20; imms +0x834e0b5f,,,
0x0005fe50,phys_fn_002515,43,mapped,qh_srand,SHAPE,SHAPE,1,_qh_srand,0x0007f180,48,10,14,,,,,,,,,n_insn 10->14; ebp frame no->yes,+2147483647:jge,,
0x0005fe80,phys_fn_002517,64,mapped,qh_randomfactor,REVIEW,REVIEW,1,_qh_randomfactor,0x0007e1b0,112,18,31,,,,,,,+16 +31,,n_insn 18->31; x87 3->5; ebp frame no->yes; imms +0x834e0b5f,,,
0x0005fec0,phys_fn_002518,117,mapped,qh_randommatrix,REVIEW,REVIEW,1,_qh_randommatrix,0x0007e220,176,41,59,,,,,,,+16 +31,-mul +add +div,halving float 9.313225750491594e-10~2147483647.0; floats counts -9.313225750491594e-10 +2147483647.0; n_insn 41->59; x87 4->11; ebp frame no->yes; float widths -8; imms +0x1f31d +0x834e0b5f +0xffffffff x2; field bytes +other[0x4..0x7],,,
0x0005ff40,phys_fn_002520,167,mapped,qh_rotatepoints,SHAPE,SHAPE,1,_qh_rotatepoints,0x0007e400,176,67,67,,,,,,,,,n_jcc 9->8; x87 7->9; ebp frame no->yes; float widths -8; imms +0x1 x2 +0x8,+1:jl,,
0x0005fff0,phys_fn_002522,309,mapped,qh_scalelast,DIFF,DIFF,1,_qh_scalelast,0x0007e560,320,97,95,calls,-icall[?]+0x10,,,,-derived[0x0..0x7] +other[0x4..0x7],-3,,data counts +_qh_qh+0x7fc; n_insn 97->95; x87 39->44; imms +0x1 +0xfffffff8,,,
0x00060130,phys_fn_002524,525,mapped,qh_scalepoints,REVIEW,REVIEW,2,_qh_scalepoints,0x0007e6a0,752,247,273,,,,,,,-3 x2,,floats counts +-1.7976931348623157e+308 x2 +-8.988465674311579e+307 +1.7976931348623157e+308 x2 +8.988465674311579e+307; n_insn 247->273; x87 99->146; float widths +8 x6; imms -0x8 +0x0 +0x1; field bytes -other[0x0..0x7],+0:je,,
0x00060340,phys_fn_002526,211,mapped,qh_scalepoints,REVIEW,REVIEW,2,_qh_scalepoints,0x0007e6a0,752,247,273,,,,,,,-3 x2,,floats counts +-1.7976931348623157e+308 x2 +-8.988465674311579e+307 +1.7976931348623157e+308 x2 +8.988465674311579e+307; n_insn 247->273; x87 99->146; float widths +8 x6; imms -0x8 +0x0 +0x1; field bytes -other[0x0..0x7],+0:je,,
0x00060420,phys_fn_002528,162,mapped,qh_setdelaunay,DIFF,DIFF,1,_qh_setdelaunay,0x0007e990,432,62,135,calls,-icall[?]+0x10,,,,-derived[0x0..0x7],-3,,inlining: candidate inlines qh_scalelast; n_insn 62->135; n_jcc 6->11; x87 18->56; fchs 0->1; ebp frame no->yes; imms +0x0 x3 +0x1 x3 +0xffffffff,,,
0x000604d0,phys_fn_002530,277,mapped,qh_sharpnewfacets,REVIEW,REVIEW,1,_qh_sharpnewfacets,0x0007f080,256,97,91,,,,,,+derived[0x0..0x3],,,floats counts -0.0; n_insn 97->91; ebp frame no->yes; float widths -8 x2; imms -0x0 -0x8,,,
0x000605f0,phys_fn_002532,152,mapped,qh_voronoi_center,DIFF,DIFF,4,_qh_voronoi_center,0x0007f1b0,1056,366,362,strings,,-str: %d,,,+derived[0x4..0x7],-2,,inlining: candidate inlines qh_printpoints; n_insn 366->362; n_jcc 38->41; x87 61->59; float widths -8 x2; imms -0x10 -0x8 x2 -0xfffffffc +0x0 +0x1 x3 +0x4,+0:je,,
0x00060690,phys_fn_002534,88,mapped,qh_voronoi_center,DIFF,DIFF,4,_qh_voronoi_center,0x0007f1b0,1056,366,362,strings,,-str: %d,,,+derived[0x4..0x7],-2,,inlining: candidate inlines qh_printpoints; n_insn 366->362; n_jcc 38->41; x87 61->59; float widths -8 x2; imms -0x10 -0x8 x2 -0xfffffffc +0x0 +0x1 x3 +0x4,+0:je,,
0x000606f0,phys_fn_002536,345,mapped,qh_voronoi_center,DIFF,DIFF,4,_qh_voronoi_center,0x0007f1b0,1056,366,362,strings,,-str: %d,,,+derived[0x4..0x7],-2,,inlining: candidate inlines qh_printpoints; n_insn 366->362; n_jcc 38->41; x87 61->59; float widths -8 x2; imms -0x10 -0x8 x2 -0xfffffffc +0x0 +0x1 x3 +0x4,+0:je,,
0x00060850,phys_fn_002538,493,mapped,qh_voronoi_center,DIFF,DIFF,4,_qh_voronoi_center,0x0007f1b0,1056,366,362,strings,,-str: %d,,,+derived[0x4..0x7],-2,,inlining: candidate inlines qh_printpoints; n_insn 366->362; n_jcc 38->41; x87 61->59; float widths -8 x2; imms -0x10 -0x8 x2 -0xfffffffc +0x0 +0x1 x3 +0x4,+0:je,,
0x00060a40,phys_fn_002540,410,mapped,qh_detjoggle,SHAPE,SHAPE,1,_qh_detjoggle,0x0007bab0,352,131,132,,,,,,,,,floats counts --1.7976931348623157e+308 -0.0 -6.661338147750939e-12; data counts -_qh_qh+0x24c; n_insn 131->132; x87 56->60; float widths -8 x4,+0:je x2,,
0x00060be0,phys_fn_002542,1413,mapped,qh_detroundoff,DIFF,DIFF,1,_qh_detroundoff,0x0007bc10,1424,361,392,floats,,,-2.242650509742816e-16; +1.01; +2.0; +2.220446049250313e-16,,-other[0x0..0x3],,,data counts -_qh_qh+0x10 x4 -_qh_qh+0x30 x3 -_qh_qh+0x688 x2 -_qh_qh+0x6a0 x4 -_qh_qh+0x6f8 -_qh_qh+0x700 x2; n_insn 361->392; x87 165->213; float widths -8 x2,-3:jle +0:je x4 +0:jne x6,,
0x00061170,phys_fn_002544,303,mapped,qh_facetarea,SHAPE,SHAPE,1,_qh_facetarea,0x0007c4d0,288,108,98,,,,,,,,,floats counts +0.0; n_insn 108->98; x87 11->15; float widths -8; imms -0x4; field bytes -other[0x0..0x3],-2:jne +0:je,,
0x000612a0,phys_fn_002546,100,mapped,qh_facetcenter,SHAPE,SHAPE,1,_qh_facetcenter,0x0007c830,112,38,40,,,,,,,,,n_insn 38->40; ebp frame no->yes; imms -0x4; field bytes -other[0x0..0x3] +derived[0x0..0x3],,,
0x00061310,phys_fn_002548,378,mapped,qh_getarea,SHAPE,SHAPE,1,_qh_getarea,0x0007ca60,608,108,179,,,,,,,,,inlining: candidate inlines qh_facetarea; n_insn 108->179; n_jcc 13->22; x87 31->44; fchs 0->1; float widths -8 x2; imms +0x0 +0x4; field bytes -other[0x0..0x3],+0:je x4 +0:jne +2:je +2:jne +4:jl,,
0x00061490,phys_fn_002550,747,mapped,qh_joggleinput,REVIEW,REVIEW,1,_qh_joggleinput,0x0007ce90,1072,205,325,,,,,,,+1 +16 +31,+div,inlining: candidate inlines qh_detjoggle; halving float 9.313225754828403e-10~2147483646.0; n_insn 205->325; n_jcc 16->31; x87 48->114; fchs 1->2; imms +0x834e0b5f x2; field bytes +other[0x4..0x7],+0:je x3 +0:jne +1:jle +2:jl,,
0x00061780,phys_fn_002552,519,mapped,qh_maxmin,DIFF,DIFF,1,_qh_maxmin,0x0007d310,576,160,190,strings floats,,-str: %d,-1.7763568394002505e-14; +2.220446049250313e-16; +80.0,,-other[0x0..0x3] +other[0x4..0x7],-3,,inlining: candidate inlines qh_printpoints; n_insn 160->190; n_jcc 19->22; x87 56->53; fchs 3->2; float widths -8 x3; imms +0x0,+0:je,,
0x00061990,phys_fn_002554,616,mapped,qh_projectinput,REVIEW,REVIEW,2,_qh_projectinput,0x0007dd40,784,288,258,,,,,,,-2 -3,,calls counts -memset; floats counts -0.0; data counts -_qh_qh+0x254; n_insn 288->258; x87 33->37; float widths -8 x5; imms +0x0 +0x1 x2,+0:je x5,,
0x00061c00,phys_fn_002556,206,mapped,qh_projectinput,REVIEW,REVIEW,2,_qh_projectinput,0x0007dd40,784,288,258,,,,,,,-2 -3,,calls counts -memset; floats counts -0.0; data counts -_qh_qh+0x254; n_insn 288->258; x87 33->37; float widths -8 x5; imms +0x0 +0x1 x2,+0:je x5,,
0x00061cd0,phys_fn_002558,86,mapped,qh_rotateinput,REVIEW,REVIEW,1,_qh_rotateinput,0x0007e2d0,304,24,103,,,,,,,-2,,"inlining: candidate inlines qh_copypoints, candidate inlines qh_rotatepoints; n_insn 24->103; n_jcc 1->10; x87 0->9; ebp frame no->yes; imms +0x0 x2 +0x1 x2 +0x4 +0x8 x5",,,
0x00061d30,phys_fn_002560,94,mapped,qh_scaleinput,REVIEW,REVIEW,1,_qh_scaleinput,0x0007e4b0,176,26,51,,,,,,-other[0x0..0x3],-2,,inlining: candidate inlines qh_copypoints; n_insn 26->51; n_jcc 1->2; ebp frame no->yes; imms +0x4,,,
0x00061d90,phys_fn_002562,378,mapped,qh_freebuild,REVIEW,REVIEW,2,_qh_freebuild,0x00076950,768,243,227,,,,,,,+derived:bit@651 +derived:clear@120 +other:bit@651 +other:bit@653,,data counts +_qh_qh+0x670 +_qh_qh+0x874; call order; n_insn 243->227; n_jcc 40->39; ebp frame no->yes; imms -0x2000 -0x800 -0xfeffffff +0x0 x9; field bytes -derived[0x50] -derived[0x52..0x53] -other[0x50] -other[0x52..0x53] +other[0x4..0x7],+0:je x7,,
0x00061f10,phys_fn_002564,343,mapped,qh_freebuild,REVIEW,REVIEW,2,_qh_freebuild,0x00076950,768,243,227,,,,,,,+derived:bit@651 +derived:clear@120 +other:bit@651 +other:bit@653,,data counts +_qh_qh+0x670 +_qh_qh+0x874; call order; n_insn 243->227; n_jcc 40->39; ebp frame no->yes; imms -0x2000 -0x800 -0xfeffffff +0x0 x9; field bytes -derived[0x50] -derived[0x52..0x53] -other[0x50] -other[0x52..0x53] +other[0x4..0x7],+0:je x7,,
0x00062070,phys_fn_002566,137,mapped,qh_init_qhull_command,DIFF,DIFF,3,_qh_init_qhull_command,0x000774b0,304,120,111,data,,,,-oracle:0x0010a020; +??_C@_01CLKCMJKC@?5@,+derived[0x0..0x1],,,n_insn 120->111; ebp frame no->yes,,,
0x00062100,phys_fn_002568,61,mapped,qh_init_qhull_command,DIFF,DIFF,3,_qh_init_qhull_command,0x000774b0,304,120,111,data,,,,-oracle:0x0010a020; +??_C@_01CLKCMJKC@?5@,+derived[0x0..0x1],,,n_insn 120->111; ebp frame no->yes,,,
0x00062140,phys_fn_002570,128,mapped,qh_init_qhull_command,DIFF,DIFF,3,_qh_init_qhull_command,0x000774b0,304,120,111,data,,,,-oracle:0x0010a020; +??_C@_01CLKCMJKC@?5@,+derived[0x0..0x1],,,n_insn 120->111; ebp frame no->yes,,,
0x000621c0,phys_fn_002571,211,mapped,qh_initqhull_buffers,REVIEW,REVIEW,2,_qh_initqhull_buffers,0x0007a510,336,79,82,,,,,,,+3,,floats counts --1.7976931348623157e+308 -1.7976931348623157e+308; n_insn 79->82; x87 8->12; float widths -8 x2; imms +0x1 x2 +0xfffffff8,,,
0x000622a0,phys_fn_002573,117,mapped,qh_initqhull_buffers,REVIEW,REVIEW,2,_qh_initqhull_buffers,0x0007a510,336,79,82,,,,,,,+3,,floats counts --1.7976931348623157e+308 -1.7976931348623157e+308; n_insn 79->82; x87 8->12; float widths -8 x2; imms +0x1 x2 +0xfffffff8,,,
0x00062320,phys_fn_002575,123,mapped,qh_initqhull_mem,DIFF,DIFF,1,_qh_initqhull_mem,0x0007b130,128,35,32,calls,-NxFluidAssert,,,,,,,inlining: oracle inlines qh_user_memsizes; n_insn 35->32; imms -0x4,+0:je,,
0x000623a0,phys_fn_002577,447,mapped,qh_initqhull_start,DIFF,DIFF,1,_qh_initqhull_start,0x0007b1b0,384,87,71,data,,,,-oracle:0x0010a040; -oracle:0x0010a044; +??_C@_05PDGFPKPF@qhull@; +??_C@_05PDGFPKPF@qhull@+0x4,-other[0x0] -other[0x2..0x5] +derived[0x0..0x5],--1,,floats counts -0.0 x9 -1.7976931348623157e+308 x10; n_insn 87->71; x87 46->31; ebp frame no->yes; float widths -8 x20; imms -0x258 +0x0 +0x1 x4 +0x960 +0xffffffff x5,,,
0x00062560,phys_fn_002579,243,mapped,qh_option,SHAPE,SHAPE,1,_qh_option,0x0007b730,288,79,96,,,,,,,,,calls counts -strncat; data counts -_qh_qh+0x668; n_insn 79->96; n_jcc 8->7; icall_reg 0->2; ebp frame no->yes; imms +0x0,,,
0x00062660,phys_fn_002581,40,mapped,qh_strtod,SHAPE,SHAPE,1,_qh_strtod,0x0007b850,48,19,18,,,,,,,,,n_insn 19->18; ebp frame no->yes,,,
0x00062690,phys_fn_002583,42,mapped,qh_strtol,SHAPE,SHAPE,1,_qh_strtol,0x0007b880,48,20,19,,,,,,,,,n_insn 20->19; ebp frame no->yes,,,
0x000626c0,phys_fn_002585,47,mapped,qh_init_A,DIFF,DIFF,1,_qh_init_A,0x00076ef0,672,18,182,data,,,,-oracle:0x0010a020; -oracle:0x0010a040; -oracle:0x0010a044; +??_C@_01CLKCMJKC@?5@; +??_C@_05PDGFPKPF@qhull@; +??_C@_05PDGFPKPF@qhull@+0x4,-other[0x4..0x5] +derived[0x0..0x5],--1,,"inlining: candidate inlines qh_init_qhull_command, candidate inlines qh_initqhull_start; n_insn 18->182; n_jcc 0->15; x87 0->31; ebp frame no->yes; float widths +8 x3; imms +0x0 x2 +0x1 x7 +0x100 +0x5c +0x80000000 +0x960 +0xffffffff x5",+256:jae,+other:0x0=0,
0x000626f0,phys_fn_002587,356,mapped,qh_initflags,DIFF,DIFF,26,_qh_initflags,0x000775e0,11276,2707,2745,data,,,,-oracle:0x00122600; -oracle:0x00122620,-other[0x2..0x3] +derived[0x0],+13 +19,,"inlining: candidate inlines qh_strtod, candidate inlines qh_strtol; n_insn 2707->2745; n_jcc 247->303; x87 45->55; icall_reg 0->36; float widths -8 x7; imms +0x0 x2 +0x1 x51 +0xa x15 +0xffffffff x2",-100:jne +0:je x2 +0:jne +100:je +13:je +19:je +1:je +269397064:je +2:jl +32:jne x28 +39:jne +47:ja +50:ja +53:ja +55:ja x2 +58:jne,+other:0x0=0,
0x00062860,phys_fn_002591,68,mapped,qh_initflags,DIFF,DIFF,26,_qh_initflags,0x000775e0,11276,2707,2745,data,,,,-oracle:0x00122600; -oracle:0x00122620,-other[0x2..0x3] +derived[0x0],+13 +19,,"inlining: candidate inlines qh_strtod, candidate inlines qh_strtol; n_insn 2707->2745; n_jcc 247->303; x87 45->55; icall_reg 0->36; float widths -8 x7; imms +0x0 x2 +0x1 x51 +0xa x15 +0xffffffff x2",-100:jne +0:je x2 +0:jne +100:je +13:je +19:je +1:je +269397064:je +2:jl +32:jne x28 +39:jne +47:ja +50:ja +53:ja +55:ja x2 +58:jne,+other:0x0=0,
0x000628b0,phys_fn_002595,68,mapped,qh_initflags,DIFF,DIFF,26,_qh_initflags,0x000775e0,11276,2707,2745,data,,,,-oracle:0x00122600; -oracle:0x00122620,-other[0x2..0x3] +derived[0x0],+13 +19,,"inlining: candidate inlines qh_strtod, candidate inlines qh_strtol; n_insn 2707->2745; n_jcc 247->303; x87 45->55; icall_reg 0->36; float widths -8 x7; imms +0x0 x2 +0x1 x51 +0xa x15 +0xffffffff x2",-100:jne +0:je x2 +0:jne +100:je +13:je +19:je +1:je +269397064:je +2:jl +32:jne x28 +39:jne +47:ja +50:ja +53:ja +55:ja x2 +58:jne,+other:0x0=0,
0x00062900,phys_fn_002599,68,mapped,qh_initflags,DIFF,DIFF,26,_qh_initflags,0x000775e0,11276,2707,2745,data,,,,-oracle:0x00122600; -oracle:0x00122620,-other[0x2..0x3] +derived[0x0],+13 +19,,"inlining: candidate inlines qh_strtod, candidate inlines qh_strtol; n_insn 2707->2745; n_jcc 247->303; x87 45->55; icall_reg 0->36; float widths -8 x7; imms +0x0 x2 +0x1 x51 +0xa x15 +0xffffffff x2",-100:jne +0:je x2 +0:jne +100:je +13:je +19:je +1:je +269397064:je +2:jl +32:jne x28 +39:jne +47:ja +50:ja +53:ja +55:ja x2 +58:jne,+other:0x0=0,
0x00062950,phys_fn_002603,68,mapped,qh_initflags,DIFF,DIFF,26,_qh_initflags,0x000775e0,11276,2707,2745,data,,,,-oracle:0x00122600; -oracle:0x00122620,-other[0x2..0x3] +derived[0x0],+13 +19,,"inlining: candidate inlines qh_strtod, candidate inlines qh_strtol; n_insn 2707->2745; n_jcc 247->303; x87 45->55; icall_reg 0->36; float widths -8 x7; imms +0x0 x2 +0x1 x51 +0xa x15 +0xffffffff x2",-100:jne +0:je x2 +0:jne +100:je +13:je +19:je +1:je +269397064:je +2:jl +32:jne x28 +39:jne +47:ja +50:ja +53:ja +55:ja x2 +58:jne,+other:0x0=0,
0x000629a0,phys_fn_002607,1590,mapped,qh_initflags,DIFF,DIFF,26,_qh_initflags,0x000775e0,11276,2707,2745,data,,,,-oracle:0x00122600; -oracle:0x00122620,-other[0x2..0x3] +derived[0x0],+13 +19,,"inlining: candidate inlines qh_strtod, candidate inlines qh_strtol; n_insn 2707->2745; n_jcc 247->303; x87 45->55; icall_reg 0->36; float widths -8 x7; imms +0x0 x2 +0x1 x51 +0xa x15 +0xffffffff x2",-100:jne +0:je x2 +0:jne +100:je +13:je +19:je +1:je +269397064:je +2:jl +32:jne x28 +39:jne +47:ja +50:ja +53:ja +55:ja x2 +58:jne,+other:0x0=0,
0x00062fe0,phys_fn_002609,68,mapped,qh_initflags,DIFF,DIFF,26,_qh_initflags,0x000775e0,11276,2707,2745,data,,,,-oracle:0x00122600; -oracle:0x00122620,-other[0x2..0x3] +derived[0x0],+13 +19,,"inlining: candidate inlines qh_strtod, candidate inlines qh_strtol; n_insn 2707->2745; n_jcc 247->303; x87 45->55; icall_reg 0->36; float widths -8 x7; imms +0x0 x2 +0x1 x51 +0xa x15 +0xffffffff x2",-100:jne +0:je x2 +0:jne +100:je +13:je +19:je +1:je +269397064:je +2:jl +32:jne x28 +39:jne +47:ja +50:ja +53:ja +55:ja x2 +58:jne,+other:0x0=0,
0x00063030,phys_fn_002613,196,mapped,qh_initflags,DIFF,DIFF,26,_qh_initflags,0x000775e0,11276,2707,2745,data,,,,-oracle:0x00122600; -oracle:0x00122620,-other[0x2..0x3] +derived[0x0],+13 +19,,"inlining: candidate inlines qh_strtod, candidate inlines qh_strtol; n_insn 2707->2745; n_jcc 247->303; x87 45->55; icall_reg 0->36; float widths -8 x7; imms +0x0 x2 +0x1 x51 +0xa x15 +0xffffffff x2",-100:jne +0:je x2 +0:jne +100:je +13:je +19:je +1:je +269397064:je +2:jl +32:jne x28 +39:jne +47:ja +50:ja +53:ja +55:ja x2 +58:jne,+other:0x0=0,
0x00063100,phys_fn_002617,68,mapped,qh_initflags,DIFF,DIFF,26,_qh_initflags,0x000775e0,11276,2707,2745,data,,,,-oracle:0x00122600; -oracle:0x00122620,-other[0x2..0x3] +derived[0x0],+13 +19,,"inlining: candidate inlines qh_strtod, candidate inlines qh_strtol; n_insn 2707->2745; n_jcc 247->303; x87 45->55; icall_reg 0->36; float widths -8 x7; imms +0x0 x2 +0x1 x51 +0xa x15 +0xffffffff x2",-100:jne +0:je x2 +0:jne +100:je +13:je +19:je +1:je +269397064:je +2:jl +32:jne x28 +39:jne +47:ja +50:ja +53:ja +55:ja x2 +58:jne,+other:0x0=0,
0x00063150,phys_fn_002621,68,mapped,qh_initflags,DIFF,DIFF,26,_qh_initflags,0x000775e0,11276,2707,2745,data,,,,-oracle:0x00122600; -oracle:0x00122620,-other[0x2..0x3] +derived[0x0],+13 +19,,"inlining: candidate inlines qh_strtod, candidate inlines qh_strtol; n_insn 2707->2745; n_jcc 247->303; x87 45->55; icall_reg 0->36; float widths -8 x7; imms +0x0 x2 +0x1 x51 +0xa x15 +0xffffffff x2",-100:jne +0:je x2 +0:jne +100:je +13:je +19:je +1:je +269397064:je +2:jl +32:jne x28 +39:jne +47:ja +50:ja +53:ja +55:ja x2 +58:jne,+other:0x0=0,
0x000631a0,phys_fn_002625,68,mapped,qh_initflags,DIFF,DIFF,26,_qh_initflags,0x000775e0,11276,2707,2745,data,,,,-oracle:0x00122600; -oracle:0x00122620,-other[0x2..0x3] +derived[0x0],+13 +19,,"inlining: candidate inlines qh_strtod, candidate inlines qh_strtol; n_insn 2707->2745; n_jcc 247->303; x87 45->55; icall_reg 0->36; float widths -8 x7; imms +0x0 x2 +0x1 x51 +0xa x15 +0xffffffff x2",-100:jne +0:je x2 +0:jne +100:je +13:je +19:je +1:je +269397064:je +2:jl +32:jne x28 +39:jne +47:ja +50:ja +53:ja +55:ja x2 +58:jne,+other:0x0=0,
0x000631f0,phys_fn_002629,132,mapped,qh_initflags,DIFF,DIFF,26,_qh_initflags,0x000775e0,11276,2707,2745,data,,,,-oracle:0x00122600; -oracle:0x00122620,-other[0x2..0x3] +derived[0x0],+13 +19,,"inlining: candidate inlines qh_strtod, candidate inlines qh_strtol; n_insn 2707->2745; n_jcc 247->303; x87 45->55; icall_reg 0->36; float widths -8 x7; imms +0x0 x2 +0x1 x51 +0xa x15 +0xffffffff x2",-100:jne +0:je x2 +0:jne +100:je +13:je +19:je +1:je +269397064:je +2:jl +32:jne x28 +39:jne +47:ja +50:ja +53:ja +55:ja x2 +58:jne,+other:0x0=0,
0x00063280,phys_fn_002633,72,mapped,qh_initflags,DIFF,DIFF,26,_qh_initflags,0x000775e0,11276,2707,2745,data,,,,-oracle:0x00122600; -oracle:0x00122620,-other[0x2..0x3] +derived[0x0],+13 +19,,"inlining: candidate inlines qh_strtod, candidate inlines qh_strtol; n_insn 2707->2745; n_jcc 247->303; x87 45->55; icall_reg 0->36; float widths -8 x7; imms +0x0 x2 +0x1 x51 +0xa x15 +0xffffffff x2",-100:jne +0:je x2 +0:jne +100:je +13:je +19:je +1:je +269397064:je +2:jl +32:jne x28 +39:jne +47:ja +50:ja +53:ja +55:ja x2 +58:jne,+other:0x0=0,
0x000632d0,phys_fn_002635,85,mapped,qh_initflags,DIFF,DIFF,26,_qh_initflags,0x000775e0,11276,2707,2745,data,,,,-oracle:0x00122600; -oracle:0x00122620,-other[0x2..0x3] +derived[0x0],+13 +19,,"inlining: candidate inlines qh_strtod, candidate inlines qh_strtol; n_insn 2707->2745; n_jcc 247->303; x87 45->55; icall_reg 0->36; float widths -8 x7; imms +0x0 x2 +0x1 x51 +0xa x15 +0xffffffff x2",-100:jne +0:je x2 +0:jne +100:je +13:je +19:je +1:je +269397064:je +2:jl +32:jne x28 +39:jne +47:ja +50:ja +53:ja +55:ja x2 +58:jne,+other:0x0=0,
0x00063330,phys_fn_002637,148,mapped,qh_initflags,DIFF,DIFF,26,_qh_initflags,0x000775e0,11276,2707,2745,data,,,,-oracle:0x00122600; -oracle:0x00122620,-other[0x2..0x3] +derived[0x0],+13 +19,,"inlining: candidate inlines qh_strtod, candidate inlines qh_strtol; n_insn 2707->2745; n_jcc 247->303; x87 45->55; icall_reg 0->36; float widths -8 x7; imms +0x0 x2 +0x1 x51 +0xa x15 +0xffffffff x2",-100:jne +0:je x2 +0:jne +100:je +13:je +19:je +1:je +269397064:je +2:jl +32:jne x28 +39:jne +47:ja +50:ja +53:ja +55:ja x2 +58:jne,+other:0x0=0,
0x000633d0,phys_fn_002641,72,mapped,qh_initflags,DIFF,DIFF,26,_qh_initflags,0x000775e0,11276,2707,2745,data,,,,-oracle:0x00122600; -oracle:0x00122620,-other[0x2..0x3] +derived[0x0],+13 +19,,"inlining: candidate inlines qh_strtod, candidate inlines qh_strtol; n_insn 2707->2745; n_jcc 247->303; x87 45->55; icall_reg 0->36; float widths -8 x7; imms +0x0 x2 +0x1 x51 +0xa x15 +0xffffffff x2",-100:jne +0:je x2 +0:jne +100:je +13:je +19:je +1:je +269397064:je +2:jl +32:jne x28 +39:jne +47:ja +50:ja +53:ja +55:ja x2 +58:jne,+other:0x0=0,
0x00063420,phys_fn_002643,136,mapped,qh_initflags,DIFF,DIFF,26,_qh_initflags,0x000775e0,11276,2707,2745,data,,,,-oracle:0x00122600; -oracle:0x00122620,-other[0x2..0x3] +derived[0x0],+13 +19,,"inlining: candidate inlines qh_strtod, candidate inlines qh_strtol; n_insn 2707->2745; n_jcc 247->303; x87 45->55; icall_reg 0->36; float widths -8 x7; imms +0x0 x2 +0x1 x51 +0xa x15 +0xffffffff x2",-100:jne +0:je x2 +0:jne +100:je +13:je +19:je +1:je +269397064:je +2:jl +32:jne x28 +39:jne +47:ja +50:ja +53:ja +55:ja x2 +58:jne,+other:0x0=0,
0x000634b0,phys_fn_002645,84,mapped,qh_initflags,DIFF,DIFF,26,_qh_initflags,0x000775e0,11276,2707,2745,data,,,,-oracle:0x00122600; -oracle:0x00122620,-other[0x2..0x3] +derived[0x0],+13 +19,,"inlining: candidate inlines qh_strtod, candidate inlines qh_strtol; n_insn 2707->2745; n_jcc 247->303; x87 45->55; icall_reg 0->36; float widths -8 x7; imms +0x0 x2 +0x1 x51 +0xa x15 +0xffffffff x2",-100:jne +0:je x2 +0:jne +100:je +13:je +19:je +1:je +269397064:je +2:jl +32:jne x28 +39:jne +47:ja +50:ja +53:ja +55:ja x2 +58:jne,+other:0x0=0,
0x00063510,phys_fn_002649,55,mapped,qh_initflags,DIFF,DIFF,26,_qh_initflags,0x000775e0,11276,2707,2745,data,,,,-oracle:0x00122600; -oracle:0x00122620,-other[0x2..0x3] +derived[0x0],+13 +19,,"inlining: candidate inlines qh_strtod, candidate inlines qh_strtol; n_insn 2707->2745; n_jcc 247->303; x87 45->55; icall_reg 0->36; float widths -8 x7; imms +0x0 x2 +0x1 x51 +0xa x15 +0xffffffff x2",-100:jne +0:je x2 +0:jne +100:je +13:je +19:je +1:je +269397064:je +2:jl +32:jne x28 +39:jne +47:ja +50:ja +53:ja +55:ja x2 +58:jne,+other:0x0=0,
0x00063550,phys_fn_002651,72,mapped,qh_initflags,DIFF,DIFF,26,_qh_initflags,0x000775e0,11276,2707,2745,data,,,,-oracle:0x00122600; -oracle:0x00122620,-other[0x2..0x3] +derived[0x0],+13 +19,,"inlining: candidate inlines qh_strtod, candidate inlines qh_strtol; n_insn 2707->2745; n_jcc 247->303; x87 45->55; icall_reg 0->36; float widths -8 x7; imms +0x0 x2 +0x1 x51 +0xa x15 +0xffffffff x2",-100:jne +0:je x2 +0:jne +100:je +13:je +19:je +1:je +269397064:je +2:jl +32:jne x28 +39:jne +47:ja +50:ja +53:ja +55:ja x2 +58:jne,+other:0x0=0,
0x000635a0,phys_fn_002653,72,mapped,qh_initflags,DIFF,DIFF,26,_qh_initflags,0x000775e0,11276,2707,2745,data,,,,-oracle:0x00122600; -oracle:0x00122620,-other[0x2..0x3] +derived[0x0],+13 +19,,"inlining: candidate inlines qh_strtod, candidate inlines qh_strtol; n_insn 2707->2745; n_jcc 247->303; x87 45->55; icall_reg 0->36; float widths -8 x7; imms +0x0 x2 +0x1 x51 +0xa x15 +0xffffffff x2",-100:jne +0:je x2 +0:jne +100:je +13:je +19:je +1:je +269397064:je +2:jl +32:jne x28 +39:jne +47:ja +50:ja +53:ja +55:ja x2 +58:jne,+other:0x0=0,
0x000635f0,phys_fn_002655,148,mapped,qh_initflags,DIFF,DIFF,26,_qh_initflags,0x000775e0,11276,2707,2745,data,,,,-oracle:0x00122600; -oracle:0x00122620,-other[0x2..0x3] +derived[0x0],+13 +19,,"inlining: candidate inlines qh_strtod, candidate inlines qh_strtol; n_insn 2707->2745; n_jcc 247->303; x87 45->55; icall_reg 0->36; float widths -8 x7; imms +0x0 x2 +0x1 x51 +0xa x15 +0xffffffff x2",-100:jne +0:je x2 +0:jne +100:je +13:je +19:je +1:je +269397064:je +2:jl +32:jne x28 +39:jne +47:ja +50:ja +53:ja +55:ja x2 +58:jne,+other:0x0=0,
0x00063690,phys_fn_002659,58,mapped,qh_initflags,DIFF,DIFF,26,_qh_initflags,0x000775e0,11276,2707,2745,data,,,,-oracle:0x00122600; -oracle:0x00122620,-other[0x2..0x3] +derived[0x0],+13 +19,,"inlining: candidate inlines qh_strtod, candidate inlines qh_strtol; n_insn 2707->2745; n_jcc 247->303; x87 45->55; icall_reg 0->36; float widths -8 x7; imms +0x0 x2 +0x1 x51 +0xa x15 +0xffffffff x2",-100:jne +0:je x2 +0:jne +100:je +13:je +19:je +1:je +269397064:je +2:jl +32:jne x28 +39:jne +47:ja +50:ja +53:ja +55:ja x2 +58:jne,+other:0x0=0,
0x000636d0,phys_fn_002661,1325,mapped,qh_initflags,DIFF,DIFF,26,_qh_initflags,0x000775e0,11276,2707,2745,data,,,,-oracle:0x00122600; -oracle:0x00122620,-other[0x2..0x3] +derived[0x0],+13 +19,,"inlining: candidate inlines qh_strtod, candidate inlines qh_strtol; n_insn 2707->2745; n_jcc 247->303; x87 45->55; icall_reg 0->36; float widths -8 x7; imms +0x0 x2 +0x1 x51 +0xa x15 +0xffffffff x2",-100:jne +0:je x2 +0:jne +100:je +13:je +19:je +1:je +269397064:je +2:jl +32:jne x28 +39:jne +47:ja +50:ja +53:ja +55:ja x2 +58:jne,+other:0x0=0,
0x00063c00,phys_fn_002663,2397,mapped,qh_initflags,DIFF,DIFF,26,_qh_initflags,0x000775e0,11276,2707,2745,data,,,,-oracle:0x00122600; -oracle:0x00122620,-other[0x2..0x3] +derived[0x0],+13 +19,,"inlining: candidate inlines qh_strtod, candidate inlines qh_strtol; n_insn 2707->2745; n_jcc 247->303; x87 45->55; icall_reg 0->36; float widths -8 x7; imms +0x0 x2 +0x1 x51 +0xa x15 +0xffffffff x2",-100:jne +0:je x2 +0:jne +100:je +13:je +19:je +1:je +269397064:je +2:jl +32:jne x28 +39:jne +47:ja +50:ja +53:ja +55:ja x2 +58:jne,+other:0x0=0,
0x00064560,phys_fn_002665,2199,mapped,qh_initflags,DIFF,DIFF,26,_qh_initflags,0x000775e0,11276,2707,2745,data,,,,-oracle:0x00122600; -oracle:0x00122620,-other[0x2..0x3] +derived[0x0],+13 +19,,"inlining: candidate inlines qh_strtod, candidate inlines qh_strtol; n_insn 2707->2745; n_jcc 247->303; x87 45->55; icall_reg 0->36; float widths -8 x7; imms +0x0 x2 +0x1 x51 +0xa x15 +0xffffffff x2",-100:jne +0:je x2 +0:jne +100:je +13:je +19:je +1:je +269397064:je +2:jl +32:jne x28 +39:jne +47:ja +50:ja +53:ja +55:ja x2 +58:jne,+other:0x0=0,
0x00065110,phys_fn_002670,1565,mapped,qh_initqhull_globals,DIFF,DIFF,2,_qh_initqhull_globals,0x0007a660,2768,812,702,calls strings floats data,-sprintf; -strncat,"-str:
; -str:  %s",-9.313225754828403e-10,-_qh_qh+0x10c; -_qh_qh+0x468; -_qh_qh+0x668,-other[0x0..0x3],-80 +1,,reciprocal float 0.001~1000.0; n_insn 812->702; n_jcc 129->125; x87 59->73; ebp frame no->yes; float widths -8 x6; imms -0x1ff -0x4 +0x0 x54 +0x1 x17 +0x1d,-269633412:jne -80:jl +-1:jne x2 +0:je x30 +0:jl +0:jne x29 +1:jg +4:jg +6:jle,,
0x00065730,phys_fn_002672,1291,mapped,qh_initqhull_globals,DIFF,DIFF,2,_qh_initqhull_globals,0x0007a660,2768,812,702,calls strings floats data,-sprintf; -strncat,"-str:
; -str:  %s",-9.313225754828403e-10,-_qh_qh+0x10c; -_qh_qh+0x468; -_qh_qh+0x668,-other[0x0..0x3],-80 +1,,reciprocal float 0.001~1000.0; n_insn 812->702; n_jcc 129->125; x87 59->73; ebp frame no->yes; float widths -8 x6; imms -0x1ff -0x4 +0x0 x54 +0x1 x17 +0x1d,-269633412:jne -80:jl +-1:jne x2 +0:je x30 +0:jl +0:jne x29 +1:jg +4:jg +6:jle,,
0x00065c40,phys_fn_002674,1002,mapped,qh_initthresholds,SHAPE,SHAPE,2,_qh_initthresholds,0x0007b330,1024,363,334,,,,,,,,,floats counts -8.988465674311579e+307; call order; n_insn 363->334; x87 29->31; icall_reg 0->4; float widths -8 x3; imms -0x8 +0x1 x3; field bytes -other[0x1..0x7],-100:jne +100:je +98:jne,,
0x00066030,phys_fn_002676,97,mapped,qh_initthresholds,SHAPE,SHAPE,2,_qh_initthresholds,0x0007b330,1024,363,334,,,,,,,,,floats counts -8.988465674311579e+307; call order; n_insn 363->334; x87 29->31; icall_reg 0->4; float widths -8 x3; imms -0x8 +0x1 x3; field bytes -other[0x1..0x7],-100:jne +100:je +98:jne,,
0x000660a0,phys_fn_002678,183,mapped,qh_init_B,DIFF,DIFF,3,_qh_init_B,0x00077190,800,118,207,calls,-NxFluidAssert,,,,,,,"inlining: candidate inlines qh_initqhull_buffers, candidate inlines qh_initqhull_mem, oracle inlines qh_user_memsizes; n_insn 118->207; n_jcc 11->16; x87 22->26; ebp frame no->yes; float widths -8 x9; imms +0x1 x2 +0x10 +0x10000 +0x12 +0x18 x2 +0x20000 +0x58 +0x8 x2 +0xfffffff8",+0:je x5 +0:jl +0:jne,,
0x00066160,phys_fn_002680,168,mapped,qh_init_B,DIFF,DIFF,3,_qh_init_B,0x00077190,800,118,207,calls,-NxFluidAssert,,,,,,,"inlining: candidate inlines qh_initqhull_buffers, candidate inlines qh_initqhull_mem, oracle inlines qh_user_memsizes; n_insn 118->207; n_jcc 11->16; x87 22->26; ebp frame no->yes; float widths -8 x9; imms +0x1 x2 +0x10 +0x10000 +0x12 +0x18 x2 +0x20000 +0x58 +0x8 x2 +0xfffffff8",+0:je x5 +0:jl +0:jne,,
0x00066210,phys_fn_002682,93,mapped,qh_init_B,DIFF,DIFF,3,_qh_init_B,0x00077190,800,118,207,calls,-NxFluidAssert,,,,,,,"inlining: candidate inlines qh_initqhull_buffers, candidate inlines qh_initqhull_mem, oracle inlines qh_user_memsizes; n_insn 118->207; n_jcc 11->16; x87 22->26; ebp frame no->yes; float widths -8 x9; imms +0x1 x2 +0x10 +0x10000 +0x12 +0x18 x2 +0x20000 +0x58 +0x8 x2 +0xfffffff8",+0:je x5 +0:jl +0:jne,,
0x00066270,phys_fn_002684,74,mapped,qh_compare_facetarea,REVIEW,REVIEW,1,_qh_compare_facetarea,0x0006cd00,80,31,31,,,,,,,+derived:bit@660 x2,,x87 7->8; ebp frame no->yes; imms -0x100000; field bytes -derived[0x50..0x51] -derived[0x53],,,
0x000662c0,phys_fn_002686,32,mapped,qh_compare_facetmerge,SHAPE,SHAPE,1,_qh_compare_facetmerge,0x0006cd50,48,10,13,,,,,,,,,n_insn 10->13; ebp frame no->yes,,,
0x000662e0,phys_fn_002687,39,mapped,qh_compare_facetvisit,SHAPE,SHAPE,1,_qh_compare_facetvisit,0x0006cd80,48,16,19,,,,,,,,,n_insn 16->19; ebp frame no->yes,,,
0x00066310,phys_fn_002689,317,mapped,qh_detvnorm,REVIEW,REVIEW,4,_qh_detvnorm,0x0006cfc0,1600,622,515,,,,,,,-2 x2,,floats counts -0.0 x2 -0.5 x4; data counts -_qh_qhstat+0x1a8 -_qh_qhstat+0x1b8 x2 -_qh_qhstat+0x5a0 -_qh_qhstat+0x5b8 -_qh_qhstat+0x5d0 -_qh_qhstat+0x5e8; n_insn 622->515; n_jcc 48->50; float widths -8 x11; imms -0x10 x2 -0x20 x4 -0x4 -0x8 x2 -0xfffffff0 x2 -0xfffffffc x2 +0x0 x2 +0x1 x2; field bytes -other[0x28..0x2b] -other[0x34..0x37] -other[0x48..0x4b] +derived[0x0..0x7] +derived[0x34..0x37],+0:je x3 +0:jne x2,,
0x00066450,phys_fn_002691,389,mapped,qh_detvnorm,REVIEW,REVIEW,4,_qh_detvnorm,0x0006cfc0,1600,622,515,,,,,,,-2 x2,,floats counts -0.0 x2 -0.5 x4; data counts -_qh_qhstat+0x1a8 -_qh_qhstat+0x1b8 x2 -_qh_qhstat+0x5a0 -_qh_qhstat+0x5b8 -_qh_qhstat+0x5d0 -_qh_qhstat+0x5e8; n_insn 622->515; n_jcc 48->50; float widths -8 x11; imms -0x10 x2 -0x20 x4 -0x4 -0x8 x2 -0xfffffff0 x2 -0xfffffffc x2 +0x0 x2 +0x1 x2; field bytes -other[0x28..0x2b] -other[0x34..0x37] -other[0x48..0x4b] +derived[0x0..0x7] +derived[0x34..0x37],+0:je x3 +0:jne x2,,
0x000665e0,phys_fn_002693,90,mapped,qh_detvnorm,REVIEW,REVIEW,4,_qh_detvnorm,0x0006cfc0,1600,622,515,,,,,,,-2 x2,,floats counts -0.0 x2 -0.5 x4; data counts -_qh_qhstat+0x1a8 -_qh_qhstat+0x1b8 x2 -_qh_qhstat+0x5a0 -_qh_qhstat+0x5b8 -_qh_qhstat+0x5d0 -_qh_qhstat+0x5e8; n_insn 622->515; n_jcc 48->50; float widths -8 x11; imms -0x10 x2 -0x20 x4 -0x4 -0x8 x2 -0xfffffff0 x2 -0xfffffffc x2 +0x0 x2 +0x1 x2; field bytes -other[0x28..0x2b] -other[0x34..0x37] -other[0x48..0x4b] +derived[0x0..0x7] +derived[0x34..0x37],+0:je x3 +0:jne x2,,
0x00066640,phys_fn_002695,1233,mapped,qh_detvnorm,REVIEW,REVIEW,4,_qh_detvnorm,0x0006cfc0,1600,622,515,,,,,,,-2 x2,,floats counts -0.0 x2 -0.5 x4; data counts -_qh_qhstat+0x1a8 -_qh_qhstat+0x1b8 x2 -_qh_qhstat+0x5a0 -_qh_qhstat+0x5b8 -_qh_qhstat+0x5d0 -_qh_qhstat+0x5e8; n_insn 622->515; n_jcc 48->50; float widths -8 x11; imms -0x10 x2 -0x20 x4 -0x4 -0x8 x2 -0xfffffff0 x2 -0xfffffffc x2 +0x0 x2 +0x1 x2; field bytes -other[0x28..0x2b] -other[0x34..0x37] -other[0x48..0x4b] +derived[0x0..0x7] +derived[0x34..0x37],+0:je x3 +0:jne x2,,
0x00066b20,phys_fn_002697,202,mapped,qh_detvridge,REVIEW,REVIEW,1,_qh_detvridge,0x0006d600,192,75,70,,,,,,,+512,,n_insn 75->70; ebp frame no->yes; imms -0x4; field bytes -other[0x0..0x3] +derived[0x0..0x3],+0:je,,
0x00066bf0,phys_fn_002699,269,mapped,qh_detvridge3,DIFF,DIFF,2,_qh_detvridge3,0x0006d6c0,480,176,157,data,,,,-oracle:0x00122640,-other[0x0..0x7] +derived[0xc..0xf],-64 +16384 +512 +derived:bit@655 x3 +derived:clear@655 +derived:set@655 x3,,n_insn 176->157; icall_reg 0->1; ebp frame no->yes; imms -0x0 -0x4 -0x8000 -0xffff7fff +0x2,+0:je x2,,
0x00066d00,phys_fn_002701,219,mapped,qh_detvridge3,DIFF,DIFF,2,_qh_detvridge3,0x0006d6c0,480,176,157,data,,,,-oracle:0x00122640,-other[0x0..0x7] +derived[0xc..0xf],-64 +16384 +512 +derived:bit@655 x3 +derived:clear@655 +derived:set@655 x3,,n_insn 176->157; icall_reg 0->1; ebp frame no->yes; imms -0x0 -0x4 -0x8000 -0xffff7fff +0x2,+0:je x2,,
0x00066de0,phys_fn_002703,621,mapped,qh_eachvoronoi,DIFF,DIFF,2,_qh_eachvoronoi,0x0006d8a0,832,223,261,calls,+icall[?]+0xc,,,,-other[0x14..0x16],+1 +512 +derived:bit@649 +derived:clear@184 +derived:clear@654,,inlining: candidate inlines qh_detvridge; n_insn 223->261; n_jcc 36->43; icall_reg 1->0; ebp frame no->yes; imms -0xfeffffff -0xffffbfff +0x1 +0x4,+0:je x4 +1:je,,
0x00067050,phys_fn_002705,41,mapped,qh_eachvoronoi,DIFF,DIFF,2,_qh_eachvoronoi,0x0006d8a0,832,223,261,calls,+icall[?]+0xc,,,,-other[0x14..0x16],+1 +512 +derived:bit@649 +derived:clear@184 +derived:clear@654,,inlining: candidate inlines qh_detvridge; n_insn 223->261; n_jcc 36->43; icall_reg 1->0; ebp frame no->yes; imms -0xfeffffff -0xffffbfff +0x1 +0x4,+0:je x4 +1:je,,
0x00067080,phys_fn_002707,171,mapped,qh_facet2point,SHAPE,SHAPE,1,_qh_facet2point,0x0006dcd0,160,67,59,,,,,,,,,n_insn 67->59; x87 11->8; field bytes -other[0x50] -other[0x52..0x53],,,
0x00067130,phys_fn_002709,186,mapped,qh_geomplanes,SHAPE,SHAPE,1,_qh_geomplanes,0x0006ded0,192,59,63,,,,,,,,,floats counts -0.0 -0.002; n_insn 59->63; x87 30->31; ebp frame no->yes; float widths -8 x3,+0:je +0:jne x2,+other:0x0=0,
0x000671f0,phys_fn_002711,465,mapped,qh_markkeep,REVIEW,REVIEW,1,_qh_markkeep,0x0006df90,496,165,157,,,,,,,-other:bit@659 +-524289 +derived:bit@659 +derived:clear@659 x2,,n_insn 165->157; n_jcc 28->27; x87 8->12; ebp frame no->yes; imms -0x4 x4 -0xfff7ffff +0x1 x2; field bytes -other[0x0..0x3] +derived[0x0..0x3] +derived[0x30..0x33],+0:je x2,,
0x000673d0,phys_fn_002713,292,mapped,qh_order_vertexneighbors,SHAPE,SHAPE,1,_qh_order_vertexneighbors,0x0006e350,272,105,97,,,,,,,,,call order; n_insn 105->97; ebp frame no->yes; imms +0xc; field bytes -derived[0x4c..0x4f] -other[0x4..0x7] +derived[0x0..0x7] +other[0x4c..0x4f],-4:jl,,
0x00067500,phys_fn_002715,116,mapped,qh_printcenter,REVIEW,REVIEW,2,_qh_printcenter,0x000700b0,352,130,123,,,,,,-other[0x0..0x3],,,calls counts +icall[host]+0x10; floats counts +-10.101; n_insn 130->123; x87 6->8; ebp frame no->yes; float widths +8; imms +0x1,+0:je x3 +0:jne x2 +1:jne,,
0x00067580,phys_fn_002719,253,mapped,qh_printcenter,REVIEW,REVIEW,2,_qh_printcenter,0x000700b0,352,130,123,,,,,,-other[0x0..0x3],,,calls counts +icall[host]+0x10; floats counts +-10.101; n_insn 130->123; x87 6->8; ebp frame no->yes; float widths +8; imms +0x1,+0:je x3 +0:jne x2 +1:jne,,
0x00067680,phys_fn_002721,286,mapped,qh_printfacet2geom_points,SHAPE,SHAPE,1,_qh_printfacet2geom_points,0x00070d50,256,102,87,,,,,,,,,floats counts -0.0; n_insn 102->87; float widths -8 x4,,,
0x000677a0,phys_fn_002723,169,mapped,qh_printfacet2math,SHAPE,SHAPE,1,_qh_printfacet2math,0x00070e50,160,64,50,,,,,,,,,n_insn 64->50,+0:je,,
0x00067850,phys_fn_002725,216,mapped,qh_printfacet3geom_points,DIFF,DIFF,2,_qh_printfacet3geom_points,0x00071140,416,171,142,calls,-icall[getter]+0x10,,,,+derived[0x0..0x3],,,n_insn 171->142; x87 17->18; float widths -8; imms -0x4,,,
0x00067930,phys_fn_002727,255,mapped,qh_printfacet3geom_points,DIFF,DIFF,2,_qh_printfacet3geom_points,0x00071140,416,171,142,calls,-icall[getter]+0x10,,,,+derived[0x0..0x3],,,n_insn 171->142; x87 17->18; float widths -8; imms -0x4,,,
0x00067a30,phys_fn_002729,102,mapped,qh_printfacet3math,DIFF,DIFF,2,_qh_printfacet3math,0x00071510,384,158,126,calls,-icall[getter]+0x10,,,,-other[0x0..0x3],,,data counts -_qh_qhstat+0x1a8; n_insn 158->126; imms -0x4 x2,+13:jne,,
0x00067aa0,phys_fn_002731,360,mapped,qh_printfacet3math,DIFF,DIFF,2,_qh_printfacet3math,0x00071510,384,158,126,calls,-icall[getter]+0x10,,,,-other[0x0..0x3],,,data counts -_qh_qhstat+0x1a8; n_insn 158->126; imms -0x4 x2,+13:jne,,
0x00067c10,phys_fn_002733,130,mapped,qh_printfacet3vertex,REVIEW,REVIEW,1,_qh_printfacet3vertex,0x00071690,160,46,52,,,,,,-other[0x0..0x3] +other[0x4..0x7],,,n_insn 46->52; ebp frame no->yes; imms -0x4,,,
0x00067ca0,phys_fn_002735,339,mapped,qh_printfacetNvertex_nonsimplicial,SHAPE,SHAPE,1,_qh_printfacetNvertex_nonsimplicial,0x00071ac0,304,123,99,,,,,,,,,n_insn 123->99; n_jcc 15->14; ebp frame no->yes; field bytes -other[0x4..0x7] -other[0x50] -other[0x52..0x53],+0:jne,,
0x00067e00,phys_fn_002737,205,mapped,qh_printfacetNvertex_simplicial,REVIEW,REVIEW,2,_qh_printfacetNvertex_simplicial,0x00071bf0,272,102,92,,,,,,-other[0x0..0x3] +derived[0x4..0x7],-other:bit@653 +8192,,"calls counts +icall[host]+0x10; strings counts +str:
; n_insn 102->92; n_jcc 13->12; ebp frame no->yes; imms -0x4 x2",+17:je,,
0x00067ed0,phys_fn_002739,70,mapped,qh_printfacetNvertex_simplicial,REVIEW,REVIEW,2,_qh_printfacetNvertex_simplicial,0x00071bf0,272,102,92,,,,,,-other[0x0..0x3] +derived[0x4..0x7],-other:bit@653 +8192,,"calls counts +icall[host]+0x10; strings counts +str:
; n_insn 102->92; n_jcc 13->12; ebp frame no->yes; imms -0x4 x2",+17:je,,
0x00067f20,phys_fn_002741,105,mapped,qh_printpointid,SHAPE,SHAPE,1,_qh_printpointid,0x000737b0,128,39,41,,,,,,,,,n_insn 39->41; x87 6->12; ebp frame no->yes,,,
0x00067f90,phys_fn_002743,214,mapped,qh_printvdiagram2,DIFF,DIFF,1,_qh_printvdiagram2,0x00073f80,976,83,313,calls,-qsort; +icall[?]+0xc,,,,-other[0x8..0xf] -other[0x14..0x17],-other:set@184 +1 +512 +derived:bit@649 +derived:clear@184 +derived:clear@654 +derived:set@184,,"inlining: candidate inlines qh_eachvoronoi, oracle inlines qsort, candidate inlines qh_detvridge; n_insn 83->313; n_jcc 9->48; ebp frame no->yes; imms -0xfeffffff +0x1 x2 +0x4 x6",+0:je x4 +0:jle +1:je +2:je +4:jne,,
0x00068070,phys_fn_002745,125,mapped,qh_printvertex,REVIEW,REVIEW,2,_qh_printvertex,0x00074350,320,147,111,,,,,,,+31 +5,,n_insn 147->111; imms -0x4 +0x1 +0x51eb851f; field bytes -other[0x0..0x3],+0:je,,
0x000680f0,phys_fn_002747,269,mapped,qh_printvertex,REVIEW,REVIEW,2,_qh_printvertex,0x00074350,320,147,111,,,,,,,+31 +5,,n_insn 147->111; imms -0x4 +0x1 +0x51eb851f; field bytes -other[0x0..0x3],+0:je,,
0x00068200,phys_fn_002749,40,mapped,qh_printvertices,REVIEW,REVIEW,2,_qh_printvertices,0x000744f0,112,48,40,,,,,,-other[0x0..0x3] +other[0x4..0x7],,,n_insn 48->40; ebp frame no->yes,,,
0x00068230,phys_fn_002751,83,mapped,qh_printvertices,REVIEW,REVIEW,2,_qh_printvertices,0x000744f0,112,48,40,,,,,,-other[0x0..0x3] +other[0x4..0x7],,,n_insn 48->40; ebp frame no->yes,,,
0x00068290,phys_fn_002753,223,mapped,qh_printvnorm,REVIEW,REVIEW,1,_qh_printvnorm,0x00074800,176,84,66,,,,,,-other[0x0..0x3],,,n_insn 84->66,,,
0x00068370,phys_fn_002755,156,mapped,qh_printvridge,REVIEW,REVIEW,1,_qh_printvridge,0x00074ce0,128,60,51,,,,,,-other[0x0..0x7] +derived[0x0..0x3],,,call order; n_insn 60->51; ebp frame no->yes; imms -0x2 -0x4 x2,,,
0x00068410,phys_fn_002757,26,mapped,qh_projectdim3,REVIEW,REVIEW,2,_qh_projectdim3,0x00074f80,96,38,38,,,,,,,-1 -1073741822 +3,,memory ops -memset; calls counts -memset; data counts +_qh_qh+0x24c +_qh_qh+0x48; n_jcc 6->7; x87 3->6; ebp frame no->yes; float widths -8; imms -0x3,+3:jge +3:jl,,
0x00068430,phys_fn_002759,75,mapped,qh_projectdim3,REVIEW,REVIEW,2,_qh_projectdim3,0x00074f80,96,38,38,,,,,,,-1 -1073741822 +3,,memory ops -memset; calls counts -memset; data counts +_qh_qh+0x24c +_qh_qh+0x48; n_jcc 6->7; x87 3->6; ebp frame no->yes; float widths -8; imms -0x3,+3:jge +3:jl,,
0x00068480,phys_fn_002761,142,mapped,qh_skipfacet,REVIEW,REVIEW,1,_qh_skipfacet,0x000762a0,160,57,55,,,,,,-derived[0x50..0x51] -derived[0x53] -other[0x0..0x3] +derived[0x4..0x7],+derived:bit@659 +other:bit@659,,n_insn 57->55; ebp frame no->yes; imms -0x80000,+0:je,,
0x00068510,phys_fn_002763,40,mapped,qh_countfacets,REVIEW,REVIEW,2,_qh_countfacets,0x0006cdf0,464,159,155,,,,,,,-derived:bit@653 -derived:bit@668 -other:bit@668 +268435968 x4 +other:bit@653,,n_insn 159->155; n_jcc 22->20; ebp frame no->yes; imms -0x4; field bytes -derived[0x38..0x3f] -derived[0x44..0x47] -derived[0x50] -derived[0x52..0x53] +derived[0x0..0x3],+0:je +0:jne x2 +268435968:jne x2,,
0x00068540,phys_fn_002765,434,mapped,qh_countfacets,REVIEW,REVIEW,2,_qh_countfacets,0x0006cdf0,464,159,155,,,,,,,-derived:bit@653 -derived:bit@668 -other:bit@668 +268435968 x4 +other:bit@653,,n_insn 159->155; n_jcc 22->20; ebp frame no->yes; imms -0x4; field bytes -derived[0x38..0x3f] -derived[0x44..0x47] -derived[0x50] -derived[0x52..0x53] +derived[0x0..0x3],+0:je +0:jne x2 +268435968:jne x2,,
0x00068700,phys_fn_002767,189,mapped,qh_facetvertices,SHAPE,SHAPE,3,_qh_facetvertices,0x0006dd70,352,132,125,,,,,,,,,data counts -_qh_qh+0x8e4; n_insn 132->125; ebp frame no->yes; imms -0x4 x2,+0:je +0:jne,,
0x000687c0,phys_fn_002769,103,mapped,qh_facetvertices,SHAPE,SHAPE,3,_qh_facetvertices,0x0006dd70,352,132,125,,,,,,,,,data counts -_qh_qh+0x8e4; n_insn 132->125; ebp frame no->yes; imms -0x4 x2,+0:je +0:jne,,
0x00068830,phys_fn_002771,54,mapped,qh_facetvertices,SHAPE,SHAPE,3,_qh_facetvertices,0x0006dd70,352,132,125,,,,,,,,,data counts -_qh_qh+0x8e4; n_insn 132->125; ebp frame no->yes; imms -0x4 x2,+0:je +0:jne,,
0x00068870,phys_fn_002773,381,mapped,qh_markvoronoi,REVIEW,REVIEW,2,_qh_markvoronoi,0x0006e180,464,159,151,,,,,,,-32768 -other:bit@640..653 -other:bit@655..671 +derived:bit@657 +derived:clear@654 x2 +derived:set@655 x2 +other:bit@657,,data counts -_qh_qh+0x8c8; n_insn 159->151; n_jcc 30->29; ebp frame no->yes; imms -0x0 -0x20000 -0x4 x3; field bytes -other[0x18..0x1b] -other[0x50..0x51] -other[0x53] +derived[0x0..0x3] +derived[0x18..0x1b] +derived[0x30..0x33],+0:je x3 +0:jne x2,-other:0x48=0 +derived:0x48=0,
0x000689f0,phys_fn_002775,92,mapped,qh_markvoronoi,REVIEW,REVIEW,2,_qh_markvoronoi,0x0006e180,464,159,151,,,,,,,-32768 -other:bit@640..653 -other:bit@655..671 +derived:bit@657 +derived:clear@654 x2 +derived:set@655 x2 +other:bit@657,,data counts -_qh_qh+0x8c8; n_insn 159->151; n_jcc 30->29; ebp frame no->yes; imms -0x0 -0x20000 -0x4 x3; field bytes -other[0x18..0x1b] -other[0x50..0x51] -other[0x53] +derived[0x0..0x3] +derived[0x18..0x1b] +derived[0x30..0x33],+0:je x3 +0:jne x2,-other:0x48=0 +derived:0x48=0,
0x00068a50,phys_fn_002777,644,mapped,qh_printend4geom,DIFF,DIFF,1,_qh_printend4geom,0x00070620,656,206,251,calls host-seam,-icall[?]+0x10; +icall[host]+0x10,,,,,-32 +8192,,floats counts --1.0 x5 -0.5 x2 -1.0 x8; n_insn 206->251; x87 48->95; float widths -8 x16; imms -0x3 x2 -0x4,+0:je +0:jne x2,,
0x00068ce0,phys_fn_002779,255,mapped,qh_printextremes,SHAPE,SHAPE,1,_qh_printextremes,0x000708b0,240,97,86,,,,,,,,,n_insn 97->86; ebp frame no->yes; imms -0x4; field bytes -other[0x0..0x3] +derived[0x0..0x3],,,
0x00068de0,phys_fn_002781,186,mapped,qh_printextremes_2d,SHAPE,SHAPE,2,_qh_printextremes_2d,0x000709a0,368,148,121,,,,,,,,,data counts -_qh_qh+0x8e0; n_insn 148->121; ebp frame no->yes; imms +0x4 x2 +0x8; field bytes -derived[0x4..0x7] -other[0x0..0x3] -other[0x34..0x37] -other[0x3c..0x3f] -other[0x48..0x53] +derived[0x0..0x3] +derived[0x34..0x37] +derived[0x3c..0x3f] +derived[0x48..0x4b] +derived[0x51]; imms base class -other:bit@652 +derived:bit@652,+0:je x2,,
0x00068ea0,phys_fn_002783,246,mapped,qh_printextremes_2d,SHAPE,SHAPE,2,_qh_printextremes_2d,0x000709a0,368,148,121,,,,,,,,,data counts -_qh_qh+0x8e0; n_insn 148->121; ebp frame no->yes; imms +0x4 x2 +0x8; field bytes -derived[0x4..0x7] -other[0x0..0x3] -other[0x34..0x37] -other[0x3c..0x3f] -other[0x48..0x53] +derived[0x0..0x3] +derived[0x34..0x37] +derived[0x3c..0x3f] +derived[0x48..0x4b] +derived[0x51]; imms base class -other:bit@652 +derived:bit@652,+0:je x2,,
0x00068fa0,phys_fn_002785,264,mapped,qh_printextremes_d,SHAPE,SHAPE,1,_qh_printextremes_d,0x00070b10,256,100,92,,,,,,,,,n_insn 100->92; ebp frame no->yes; field bytes -other[0x0..0x3] +derived[0x4..0x7],,,
0x000690b0,phys_fn_002787,264,mapped,qh_printfacet2geom,DIFF,DIFF,1,_qh_printfacet2geom,0x00070c40,272,97,98,floats,,,-0.004; +0.002,,,,+add,call order; n_insn 97->98; x87 13->19; float widths -8; imms +0x1,+0:jne,,
0x000691c0,phys_fn_002789,858,mapped,qh_printhyperplaneintersection,SHAPE,SHAPE,1,_qh_printhyperplaneintersection,0x000731a0,704,274,225,,,,,,,,,calls counts -qh_pointid; floats counts -0.0; data counts -_qh_qh+0x24c -_qh_qhstat+0x1a8; n_insn 274->225; x87 63->68; float widths -8 x4; imms -0x4 -0x8 +0x1,-3:jg +0:je +0:jl x2 +0:jne,,
0x00069520,phys_fn_002791,361,mapped,qh_printline3geom,SHAPE,SHAPE,1,_qh_printline3geom,0x00073460,320,128,114,,,,,,,,,floats counts -0.001 x2; n_insn 128->114; x87 25->28; float widths -8 x2,,,
0x00069690,phys_fn_002793,39,mapped,qh_printpoint,SHAPE,SHAPE,1,_qh_printpoint,0x000736a0,144,16,48,,,,,,,,,inlining: candidate inlines qh_printpointid; n_insn 16->48; n_jcc 0->4; x87 0->12; ebp frame no->yes,+-1:je +3:jne,,
0x000696c0,phys_fn_002795,110,mapped,qh_printpoint3,REVIEW,REVIEW,1,_qh_printpoint3,0x00073730,128,45,44,,,,,,-other[0x0..0x3],,,n_insn 45->44,,,
0x00069730,phys_fn_002797,660,mapped,qh_printpoints_out,DIFF,DIFF,1,_qh_printpoints_out,0x00073830,688,243,233,calls,-icall[?]+0x10,,,,-other[0x0..0x3] +derived[0x44..0x47],,,n_insn 243->233; x87 6->12; ebp frame no->yes; imms -0x4 x4,+0:je x3 +0:jne x2,,
0x000699d0,phys_fn_002799,222,mapped,qh_printpointvect,SHAPE,SHAPE,1,_qh_printpointvect,0x00073ae0,480,85,166,,,,,,,,,inlining: candidate inlines qh_printline3geom; n_insn 85->166; n_jcc 7->14; x87 10->44; imms -0x8 +0x1 x3,+3:jl x2,,
0x00069ab0,phys_fn_002801,147,mapped,qh_printpointvect2,SHAPE,SHAPE,1,_qh_printpointvect2,0x00073cc0,112,50,37,,,,,,,,,floats counts -0.0 x2 -1.0 x2; n_insn 50->37; x87 17->13; ebp frame no->yes; float widths -8 x6,,,
0x00069b50,phys_fn_002803,179,mapped,qh_printridge,SHAPE,SHAPE,1,_qh_printridge,0x00073d30,160,65,49,,,,,,,,,n_insn 65->49; ebp frame no->yes,,,
0x00069c10,phys_fn_002805,182,mapped,qh_printspheres,DIFF,DIFF,1,_qh_printspheres,0x00073dd0,240,65,81,data,,,,-oracle:0x0010c590; +??_C@_0CLP@BDDNMJPK@?$HLappearance?5?$HL?9edge?5?9normal?5norms@,+derived[0x0..0x3],,,inlining: candidate inlines qh_printpoint3; n_insn 65->81; n_jcc 3->4; x87 6->8; ebp frame no->yes; imms -0x4,+3:jl,,
0x00069cd0,phys_fn_002807,206,mapped,qh_printvdiagram,REVIEW,REVIEW,1,_qh_printvdiagram,0x00073ec0,192,77,66,,,,,,-other[0x0..0x3],,,n_insn 77->66; ebp frame no->yes; imms -0x1 -0x2,,,
0x00069da0,phys_fn_002809,100,mapped,qh_printvertexlist,REVIEW,REVIEW,1,_qh_printvertexlist,0x00074490,96,41,39,,,,,,-other[0x0..0x3] +other[0x4..0x7],,,n_insn 41->39; ebp frame no->yes,,,
0x00069e10,phys_fn_002811,706,mapped,qh_printvneighbors,SHAPE,SHAPE,1,_qh_printvneighbors,0x00074560,672,264,243,,,,,,,,,"calls counts +icall[host]+0x10; strings counts +str:1 %d
; n_insn 264->243; ebp frame no->yes; imms -0x4 x2; field bytes -other[0x0..0x3] +derived[0x44..0x47] +other[0x4c..0x4f]",+0:je,,
0x0006a0e0,phys_fn_002813,345,mapped,qh_printvoronoi,DIFF,DIFF,2,_qh_printvoronoi,0x000748b0,1072,412,386,calls,-icall[getter]+0x10,,,,-other[0x0..0x3] +derived[0x4..0x7],,,strings counts -str: %d; floats counts +-10.101 +0.0; n_insn 412->386; x87 4->8; ebp frame no->yes; imms -0x0 -0x4 x3 +0x1 x3,+0:je,,
0x0006a240,phys_fn_002815,772,mapped,qh_printvoronoi,DIFF,DIFF,2,_qh_printvoronoi,0x000748b0,1072,412,386,calls,-icall[getter]+0x10,,,,-other[0x0..0x3] +derived[0x4..0x7],,,strings counts -str: %d; floats counts +-10.101 +0.0; n_insn 412->386; x87 4->8; ebp frame no->yes; imms -0x0 -0x4 x3 +0x1 x3,+0:je,,
0x0006a550,phys_fn_002817,701,mapped,qh_printcentrum,REVIEW,REVIEW,1,_qh_printcentrum,0x00070210,656,224,198,,,,,,-derived[0x18..0x1b] -other[0x0..0x3] -other[0x8..0xb],,,inlining: candidate inlines qh_printpoint3; n_insn 224->198; n_jcc 8->9; float widths -8 x5; imms -0x8 +0x1,+0:je x2 +3:jl,,
0x0006a810,phys_fn_002819,369,mapped,qh_printend,REVIEW,REVIEW,1,_qh_printend,0x000704a0,336,125,111,,,,,,-other[0x0..0x3] +other[0x4..0x7],,,data counts -_qh_qh+0x8e0 +_qh_qh+0x28; n_insn 125->111; n_jcc 14->15; ebp frame no->yes; imms -0x0,+0:je +0:jge +0:jne x3,,
0x0006a9b0,phys_fn_002822,628,mapped,qh_printfacet3geom_nonsimplicial,DIFF,DIFF,1,_qh_printfacet3geom_nonsimplicial,0x00070ef0,592,214,202,floats,,,-0.004; +0.002,,-other[0x50] -other[0x52..0x53],,+add,data counts -_qh_qhstat+0x1a8; call order; n_insn 214->202; x87 27->29; float widths -8 x7; imms -0x4 x2 +0x1,+0:je x3 +0:jne x3,,
0x0006ac30,phys_fn_002824,594,mapped,qh_printfacet3geom_simplicial,DIFF,DIFF,1,_qh_printfacet3geom_simplicial,0x000712e0,560,195,181,floats,,,-0.004; +0.002,,-other[0x50] -other[0x52..0x53] +derived[0x0..0x3],,+add,call order; n_insn 195->181; x87 25->27; float widths -8 x7; imms -0x4 +0x1,+0:je x2 +0:jne x3,,
0x0006ae90,phys_fn_002826,282,mapped,qh_printfacet4geom_nonsimplicial,SHAPE,SHAPE,2,_qh_printfacet4geom_nonsimplicial,0x00071730,480,177,142,,,,,,,,,data counts -_qh_qhstat+0x1a8; n_insn 177->142; field bytes -other[0x50] -other[0x52..0x53],+0:je x2 +0:jl x2 +0:jne x2,,
0x0006afb0,phys_fn_002828,251,mapped,qh_printfacet4geom_nonsimplicial,SHAPE,SHAPE,2,_qh_printfacet4geom_nonsimplicial,0x00071730,480,177,142,,,,,,,,,data counts -_qh_qhstat+0x1a8; n_insn 177->142; field bytes -other[0x50] -other[0x52..0x53],+0:je x2 +0:jl x2 +0:jne x2,,
0x0006b0b0,phys_fn_002830,87,mapped,qh_printfacet4geom_simplicial,SHAPE,SHAPE,3,_qh_printfacet4geom_simplicial,0x00071910,432,161,130,,,,,,,,,n_insn 161->130; imms -0x4; field bytes -derived[0x4..0x7] -other[0x50] -other[0x52..0x53] +derived[0x0..0x3],+0:je x2 +0:jl x2 +0:jne x2,,
0x0006b110,phys_fn_002832,199,mapped,qh_printfacet4geom_simplicial,SHAPE,SHAPE,3,_qh_printfacet4geom_simplicial,0x00071910,432,161,130,,,,,,,,,n_insn 161->130; imms -0x4; field bytes -derived[0x4..0x7] -other[0x50] -other[0x52..0x53] +derived[0x0..0x3],+0:je x2 +0:jl x2 +0:jne x2,,
0x0006b1e0,phys_fn_002834,194,mapped,qh_printfacet4geom_simplicial,SHAPE,SHAPE,3,_qh_printfacet4geom_simplicial,0x00071910,432,161,130,,,,,,,,,n_insn 161->130; imms -0x4; field bytes -derived[0x4..0x7] -other[0x50] -other[0x52..0x53] +derived[0x0..0x3],+0:je x2 +0:jl x2 +0:jne x2,,
0x0006b2b0,phys_fn_002836,1846,mapped,qh_printfacetheader,DIFF,DIFF,1,_qh_printfacetheader,0x00071d00,1792,634,542,strings,,+str: p%d: ,,,,-derived:bit@617 +-1 x2 +1024 +2048 +3 x2 +512,,calls counts -qh_printpoint x2 +fputs x2 +icall[host]+0x10 +icall[host]+0x4 x2 +qh_pointid x2; data counts +_qh_qh+0x24c x2; n_insn 634->542; n_jcc 59->62; x87 19->50; ebp frame no->yes; imms +0x4,+-1:je x2 +0:je x4 +0:jge +3:jne x2,,
0x0006b9f0,phys_fn_002838,234,mapped,qh_printfacetridges,REVIEW,REVIEW,3,_qh_printfacetridges,0x00072400,544,216,184,,,,,,,+derived:bit@120 +derived:clear@120,,n_insn 216->184; ebp frame no->yes; imms -0x1 -0x4 -0xfeffffff +0x0; field bytes -derived[0x38..0x3b] -other[0x50] -other[0x52..0x53],+0:je,,
0x0006bae0,phys_fn_002840,218,mapped,qh_printfacetridges,REVIEW,REVIEW,3,_qh_printfacetridges,0x00072400,544,216,184,,,,,,,+derived:bit@120 +derived:clear@120,,n_insn 216->184; ebp frame no->yes; imms -0x1 -0x4 -0xfeffffff +0x0; field bytes -derived[0x38..0x3b] -other[0x50] -other[0x52..0x53],+0:je,,
0x0006bbc0,phys_fn_002842,112,mapped,qh_printfacetridges,REVIEW,REVIEW,3,_qh_printfacetridges,0x00072400,544,216,184,,,,,,,+derived:bit@120 +derived:clear@120,,n_insn 216->184; ebp frame no->yes; imms -0x1 -0x4 -0xfeffffff +0x0; field bytes -derived[0x38..0x3b] -other[0x50] -other[0x52..0x53],+0:je,,
0x0006bc30,phys_fn_002843,845,mapped,qh_printbegin,DIFF,DIFF,6,_qh_printbegin,0x0006f0f0,3912,1050,1244,calls strings data,-icall[?]+0x10; -icall[getter]+0x10; -qh_printpoint; +qh_projectdim3,"+str: # p%d
; +str:%8.4g ",,-oracle:0x0010c590; +??_C@_0CLP@BDDNMJPK@?$HLappearance?5?$HL?9edge?5?9normal?5norms@,-other[0x50] -other[0x52..0x53],+31 +other:bit@653,,"inlining: candidate inlines qh_printpointvect2, candidate inlines qh_printspheres; n_insn 1050->1244; n_jcc 135->143; x87 77->211; switch 2->1; fchs 0->5; float widths -8 x4; imms -0x14 x2 -0x2000 -0x4 +0x0 x3 +0x66666667 x2",+0:je x24 +0:jne x8 +13:jne +17:je +2:jne x2 +3:jl +3:jne x3 +4:jg +4:jne x5,,
0x0006bf80,phys_fn_002845,295,mapped,qh_printbegin,DIFF,DIFF,6,_qh_printbegin,0x0006f0f0,3912,1050,1244,calls strings data,-icall[?]+0x10; -icall[getter]+0x10; -qh_printpoint; +qh_projectdim3,"+str: # p%d
; +str:%8.4g ",,-oracle:0x0010c590; +??_C@_0CLP@BDDNMJPK@?$HLappearance?5?$HL?9edge?5?9normal?5norms@,-other[0x50] -other[0x52..0x53],+31 +other:bit@653,,"inlining: candidate inlines qh_printpointvect2, candidate inlines qh_printspheres; n_insn 1050->1244; n_jcc 135->143; x87 77->211; switch 2->1; fchs 0->5; float widths -8 x4; imms -0x14 x2 -0x2000 -0x4 +0x0 x3 +0x66666667 x2",+0:je x24 +0:jne x8 +13:jne +17:je +2:jne x2 +3:jl +3:jne x3 +4:jg +4:jne x5,,
0x0006c0b0,phys_fn_002847,664,mapped,qh_printbegin,DIFF,DIFF,6,_qh_printbegin,0x0006f0f0,3912,1050,1244,calls strings data,-icall[?]+0x10; -icall[getter]+0x10; -qh_printpoint; +qh_projectdim3,"+str: # p%d
; +str:%8.4g ",,-oracle:0x0010c590; +??_C@_0CLP@BDDNMJPK@?$HLappearance?5?$HL?9edge?5?9normal?5norms@,-other[0x50] -other[0x52..0x53],+31 +other:bit@653,,"inlining: candidate inlines qh_printpointvect2, candidate inlines qh_printspheres; n_insn 1050->1244; n_jcc 135->143; x87 77->211; switch 2->1; fchs 0->5; float widths -8 x4; imms -0x14 x2 -0x2000 -0x4 +0x0 x3 +0x66666667 x2",+0:je x24 +0:jne x8 +13:jne +17:je +2:jne x2 +3:jl +3:jne x3 +4:jg +4:jne x5,,
0x0006c350,phys_fn_002849,170,mapped,qh_printbegin,DIFF,DIFF,6,_qh_printbegin,0x0006f0f0,3912,1050,1244,calls strings data,-icall[?]+0x10; -icall[getter]+0x10; -qh_printpoint; +qh_projectdim3,"+str: # p%d
; +str:%8.4g ",,-oracle:0x0010c590; +??_C@_0CLP@BDDNMJPK@?$HLappearance?5?$HL?9edge?5?9normal?5norms@,-other[0x50] -other[0x52..0x53],+31 +other:bit@653,,"inlining: candidate inlines qh_printpointvect2, candidate inlines qh_printspheres; n_insn 1050->1244; n_jcc 135->143; x87 77->211; switch 2->1; fchs 0->5; float widths -8 x4; imms -0x14 x2 -0x2000 -0x4 +0x0 x3 +0x66666667 x2",+0:je x24 +0:jne x8 +13:jne +17:je +2:jne x2 +3:jl +3:jne x3 +4:jg +4:jne x5,,
0x0006c400,phys_fn_002851,247,mapped,qh_printbegin,DIFF,DIFF,6,_qh_printbegin,0x0006f0f0,3912,1050,1244,calls strings data,-icall[?]+0x10; -icall[getter]+0x10; -qh_printpoint; +qh_projectdim3,"+str: # p%d
; +str:%8.4g ",,-oracle:0x0010c590; +??_C@_0CLP@BDDNMJPK@?$HLappearance?5?$HL?9edge?5?9normal?5norms@,-other[0x50] -other[0x52..0x53],+31 +other:bit@653,,"inlining: candidate inlines qh_printpointvect2, candidate inlines qh_printspheres; n_insn 1050->1244; n_jcc 135->143; x87 77->211; switch 2->1; fchs 0->5; float widths -8 x4; imms -0x14 x2 -0x2000 -0x4 +0x0 x3 +0x66666667 x2",+0:je x24 +0:jne x8 +13:jne +17:je +2:jne x2 +3:jl +3:jne x3 +4:jg +4:jne x5,,
0x0006c500,phys_fn_002853,976,mapped,qh_printbegin,DIFF,DIFF,6,_qh_printbegin,0x0006f0f0,3912,1050,1244,calls strings data,-icall[?]+0x10; -icall[getter]+0x10; -qh_printpoint; +qh_projectdim3,"+str: # p%d
; +str:%8.4g ",,-oracle:0x0010c590; +??_C@_0CLP@BDDNMJPK@?$HLappearance?5?$HL?9edge?5?9normal?5norms@,-other[0x50] -other[0x52..0x53],+31 +other:bit@653,,"inlining: candidate inlines qh_printpointvect2, candidate inlines qh_printspheres; n_insn 1050->1244; n_jcc 135->143; x87 77->211; switch 2->1; fchs 0->5; float widths -8 x4; imms -0x14 x2 -0x2000 -0x4 +0x0 x3 +0x66666667 x2",+0:je x24 +0:jne x8 +13:jne +17:je +2:jne x2 +3:jl +3:jne x3 +4:jg +4:jne x5,,
0x0006c920,phys_fn_002855,40,mapped,qh_printfacet,SHAPE,SHAPE,1,_qh_printfacet,0x00070c10,48,18,17,,,,,,,,,n_insn 18->17; ebp frame no->yes,+0:je,,
0x0006c950,phys_fn_002857,1018,mapped,qh_printafacet,DIFF,DIFF,2,_qh_printafacet,0x0006e460,3088,805,977,calls host-seam floats,-icall[?]+0x10; -qh_printpoint; +icall[host]+0x4,,-0.004; +0.002,,,+8192,,"inlining: candidate inlines qh_printfacet2geom, candidate inlines qh_printfacet2math, candidate inlines qh_printfacet3vertex, candidate inlines qh_printfacetNvertex_nonsimplicial, candidate inlines qh_printfacetNvertex_simplicial; n_insn 805->977; n_jcc 53->94; x87 55->105; fchs 3->4; float widths -8 x4; imms -0x0 x2 +0x1 x3 +0x3 +0x4 x2 +0x8 x3",+0:je x3 +0:jne x4 +17:je +25:ja +25:jne x2 +2:jle +2:jne +3:jne x2,,
0x0006cd50,phys_fn_002859,1081,mapped,qh_printafacet,DIFF,DIFF,2,_qh_printafacet,0x0006e460,3088,805,977,calls host-seam floats,-icall[?]+0x10; -qh_printpoint; +icall[host]+0x4,,-0.004; +0.002,,,+8192,,"inlining: candidate inlines qh_printfacet2geom, candidate inlines qh_printfacet2math, candidate inlines qh_printfacet3vertex, candidate inlines qh_printfacetNvertex_nonsimplicial, candidate inlines qh_printfacetNvertex_simplicial; n_insn 805->977; n_jcc 53->94; x87 55->105; fchs 3->4; float widths -8 x4; imms -0x0 x2 +0x1 x3 +0x3 +0x4 x2 +0x8 x3",+0:je x3 +0:jne x4 +17:je +25:ja +25:jne x2 +2:jle +2:jne +3:jne x2,,
0x0006d200,phys_fn_002862,1260,mapped,qh_printfacets,DIFF,DIFF,1,_qh_printfacets,0x00072620,2080,443,703,calls strings data,-qh_printextremes_2d; +qh_errexit2,"+str:qh_printextremes_2d: loop in facet list.  facet %d nextfacet %d
",,+_qh_qh+0x8e0; +_qh_qh+0x8e4,+derived[0x4..0x7] +derived[0x10..0x13] +derived[0x34..0x37] +derived[0x3c..0x3f] +derived[0x48..0x4f] +derived[0x51],+derived:bit@652,,"inlining: candidate inlines qh_printextremes, candidate inlines qh_printextremes_d, candidate inlines qh_printvdiagram; n_insn 443->703; n_jcc 30->63; x87 14->24; ebp frame no->yes; imms -0x7 +0x0 x5 +0x1 x4 +0x4 x3 +0x5 +0x8",+0:je x4 +0:jne +12:jne +21:jne +26:jne +9:jne,,
0x0006d6f0,phys_fn_002864,263,mapped,qh_printneighborhood,SHAPE,SHAPE,1,_qh_printneighborhood,0x000735a0,256,96,88,,,,,,,,,n_insn 96->88; n_jcc 10->9; ebp frame no->yes; imms -0x0; field bytes -other[0x0..0x3] +derived[0x0..0x3],+0:je,,
0x0006d800,phys_fn_002866,566,mapped,qh_produce_output,DIFF,DIFF,1,_qh_produce_output,0x00074d60,544,175,134,data,,,,-_qh_qh+0x180,-other[0x0..0x3],+29,,n_insn 175->134; x87 6->7; imms -0x4,-269633528:jl +0:je x9 +0:jg +0:jle +0:jne x4 +29:jl,,
0x0006da40,phys_fn_002868,13,mapped,qh_intcompare,SHAPE,SHAPE,1,_qh_intcompare,0x0006c540,16,5,8,,,,,,,,,n_insn 5->8; ebp frame no->yes,,,
0x0006da50,phys_fn_002870,442,mapped,qh_memalloc,SHAPE,SHAPE,1,_qh_memalloc,0x0006c550,368,141,112,,,,,,,,,data counts -_qhmem+0x40 -_qhmem+0x44 -_qhmem+0x48 -_qhmem+0x54; n_insn 141->112; ebp frame no->yes,+0:jne,,
0x0006dc10,phys_fn_002872,143,mapped,qh_memfree,SHAPE,SHAPE,1,_qh_memfree,0x0006c6c0,112,47,39,,,,,,,,,data counts -_qhmem+0x4c -_qhmem+0x50 -_qhmem+0x58; n_insn 47->39; ebp frame no->yes,,,
0x0006dca0,phys_fn_002874,26,mapped,qh_meminit,SHAPE,SHAPE,1,_qh_meminit,0x0006c7c0,32,9,11,,,,,,,,,n_insn 9->11; ebp frame no->yes; imms -0x1a +0x0 +0x68,,,
0x0006dcc0,phys_fn_002876,218,mapped,qh_meminitbuffers,DIFF,DIFF,1,_qh_meminitbuffers,0x0006c7e0,160,70,47,strings,,"-str:qhull internal error (qh_meminit): memory alignment %d is not a power of 2
",,,-other[0x0..0x3],,,calls counts -icall[host]+0x10 -qh_errexit; data counts -_qhmem+0x34; n_insn 70->47; n_jcc 4->3; ebp frame no->yes; imms -0x0 x2 -0x5,+0:je,,
0x0006dda0,phys_fn_002878,258,mapped,qh_memsetup,SHAPE,SHAPE,1,_qh_memsetup,0x0006c880,256,84,76,,,,,,,,,data counts -_qhmem+0x20; n_insn 84->76; imms +0x1; field bytes -other[0x0..0x3] +derived[0x0..0x3],,,
0x0006deb0,phys_fn_002880,151,mapped,qh_memsize,REVIEW,REVIEW,1,_qh_memsize,0x0006c980,144,55,49,,,,,,-other[0x0..0x3],,,data counts -_qhmem+0x8; n_insn 55->49; ebp frame no->yes,+0:je,,
0x0006df50,phys_fn_002882,345,mapped,qh_memstatistics,DIFF,DIFF,1,_qh_memstatistics,0x0006ca10,320,126,103,calls,-icall[?]+0x10,,,,-other[0x0..0x3],,,data counts +_qhmem+0x60; n_insn 126->103; x87 3->7; ebp frame no->yes; imms -0x4,+0:je,,
0x0006e0b0,phys_fn_002884,393,mapped,qh_appendmergeset,REVIEW,REVIEW,1,_qh_appendmergeset,0x000662a0,384,143,130,,,,,,,+-2147483648 +6 x2 +7 +derived:set@31,,n_insn 143->130; ebp frame no->yes,+0:je +0:jge,,
0x0006e240,phys_fn_002886,58,mapped,qh_basevertices,SHAPE,SHAPE,2,_qh_basevertices,0x00066420,192,72,66,,,,,,,,,n_insn 72->66; ebp frame no->yes; field bytes -derived[0x14..0x16] -other[0x0..0x7] -other[0x52] +derived[0x0..0x3] +derived[0x34..0x37] +derived[0x52]; imms base class -other:bit@662 +derived:bit@662,,,
0x0006e280,phys_fn_002888,145,mapped,qh_basevertices,SHAPE,SHAPE,2,_qh_basevertices,0x00066420,192,72,66,,,,,,,,,n_insn 72->66; ebp frame no->yes; field bytes -derived[0x14..0x16] -other[0x0..0x7] -other[0x52] +derived[0x0..0x3] +derived[0x34..0x37] +derived[0x52]; imms base class -other:bit@662 +derived:bit@662,,,
0x0006e320,phys_fn_002890,93,mapped,qh_checkzero,REVIEW,REVIEW,2,_qh_checkzero,0x000665b0,736,236,234,,,,,,,+derived:bit@653,,data counts -_qh_qh+0x6a0 x2 -_qh_qhstat+0x1c8 x2; n_insn 236->234; n_jcc 35->33; x87 16->27; imms -0x1 -0x2000 -0x4 x2; field bytes -derived[0x50] -derived[0x52..0x53] +derived[0x0..0x3] +derived[0x34..0x37] +derived[0x4c..0x4f],+0:je x4,,
0x0006e380,phys_fn_002892,668,mapped,qh_checkzero,REVIEW,REVIEW,2,_qh_checkzero,0x000665b0,736,236,234,,,,,,,+derived:bit@653,,data counts -_qh_qh+0x6a0 x2 -_qh_qhstat+0x1c8 x2; n_insn 236->234; n_jcc 35->33; x87 16->27; imms -0x1 -0x2000 -0x4 x2; field bytes -derived[0x50] -derived[0x52..0x53] +derived[0x0..0x3] +derived[0x34..0x37] +derived[0x4c..0x4f],+0:je x4,,
0x0006e620,phys_fn_002894,33,mapped,qh_compareangle,SHAPE,SHAPE,1,_qh_compareangle,0x00066890,48,13,17,,,,,,,,,n_insn 13->17; ebp frame no->yes,,,
0x0006e650,phys_fn_002896,23,mapped,qh_comparemerge,SHAPE,SHAPE,1,_qh_comparemerge,0x000668c0,32,9,10,,,,,,,,,n_insn 9->10; ebp frame no->yes,,,
0x0006e670,phys_fn_002898,125,mapped,qh_copynonconvex,SHAPE,SHAPE,1,_qh_copynonconvex,0x00066900,128,50,51,,,,,,,,,n_insn 50->51; ebp frame no->yes; field bytes -other[0x0..0x3],+4:jl,,
0x0006e6f0,phys_fn_002900,74,mapped,qh_degen_redundant_facet,REVIEW,REVIEW,2,_qh_degen_redundant_facet,0x00066980,496,164,149,,,,,,,-derived:bit@670..671 +6 +other:bit@670 +other:set@671,,n_insn 164->149; n_jcc 20->21; ebp frame no->yes; imms -0x4 -0x80000000; field bytes -derived[0x3c..0x3f] -derived[0x50..0x53] +other[0x34..0x37] +other[0x50..0x52],+0:jl +6:je,+other:0x10=6,
0x0006e740,phys_fn_002902,440,mapped,qh_degen_redundant_facet,REVIEW,REVIEW,2,_qh_degen_redundant_facet,0x00066980,496,164,149,,,,,,,-derived:bit@670..671 +6 +other:bit@670 +other:set@671,,n_insn 164->149; n_jcc 20->21; ebp frame no->yes; imms -0x4 -0x80000000; field bytes -derived[0x3c..0x3f] -derived[0x50..0x53] +other[0x34..0x37] +other[0x50..0x52],+0:jl +6:je,+other:0x10=6,
0x0006e900,phys_fn_002904,375,mapped,qh_degen_redundant_neighbors,REVIEW,REVIEW,2,_qh_degen_redundant_neighbors,0x00066b70,816,247,237,,,,,,,-derived:bit@670..671 -other:bit@670..671 +6 +derived:bit@670 +derived:set@671 +other:bit@670,,n_insn 247->237; n_jcc 33->35; ebp frame no->yes; imms +0x4 +0x6; field bytes +other[0x50..0x52],+0:jl +6:je,+other:0x10=6,
0x0006ea80,phys_fn_002906,421,mapped,qh_degen_redundant_neighbors,REVIEW,REVIEW,2,_qh_degen_redundant_neighbors,0x00066b70,816,247,237,,,,,,,-derived:bit@670..671 -other:bit@670..671 +6 +derived:bit@670 +derived:set@671 +other:bit@670,,n_insn 247->237; n_jcc 33->35; ebp frame no->yes; imms +0x4 +0x6; field bytes +other[0x50..0x52],+0:jl +6:je,+other:0x10=6,
0x0006ec30,phys_fn_002908,186,mapped,qh_findbest_test,SHAPE,SHAPE,1,_qh_findbest_test,0x000672a0,176,66,74,,,,,,,,,floats counts -0.0 x2; data counts -_qh_qhstat+0x80; n_insn 66->74; x87 23->32; ebp frame no->yes; float widths -8 x3,,,
0x0006ecf0,phys_fn_002910,424,mapped,qh_findbestneighbor,SHAPE,SHAPE,1,_qh_findbestneighbor,0x00067350,400,153,141,,,,,,,,,n_insn 153->141; ebp frame no->yes; imms -0x0 -0x4 -0xf; field bytes -derived[0xc..0xe],,,
0x0006eea0,phys_fn_002912,75,mapped,qh_hashridge,SHAPE,SHAPE,1,_qh_hashridge,0x00067d40,96,32,38,,,,,,,,,n_insn 32->38; n_jcc 4->3; ebp frame no->yes,,,
0x0006eef0,phys_fn_002914,181,mapped,qh_hashridge_find,SHAPE,SHAPE,1,_qh_hashridge_find,0x00067da0,160,72,63,,,,,,,,,data counts -_qh_qhstat+0x318 -_qh_qhstat+0x320; n_insn 72->63; n_jcc 6->5; ebp frame no->yes,,,
0x0006efb0,phys_fn_002916,141,mapped,qh_makeridges,REVIEW,REVIEW,2,_qh_makeridges,0x00067e40,352,128,118,,,,,,,-64 +2 +derived:bit@654 +derived:clear@654,,n_insn 128->118; ebp frame no->yes; imms -0xffffbfff +0x0; field bytes -derived[0x50] -derived[0x52..0x53],+0:je,,
0x0006f040,phys_fn_002918,206,mapped,qh_makeridges,REVIEW,REVIEW,2,_qh_makeridges,0x00067e40,352,128,118,,,,,,,-64 +2 +derived:bit@654 +derived:clear@654,,n_insn 128->118; ebp frame no->yes; imms -0xffffbfff +0x0; field bytes -derived[0x50] -derived[0x52..0x53],+0:je,,
0x0006f110,phys_fn_002920,432,mapped,qh_mark_dupridges,REVIEW,REVIEW,1,_qh_mark_dupridges,0x00067fa0,448,138,138,,,,,,,+other:set@662..663,,ebp frame no->yes; imms -0x0 +0x4,-5:jne,,
0x0006f2c0,phys_fn_002921,72,mapped,qh_maydropneighbor,REVIEW,REVIEW,3,_qh_maydropneighbor,0x00068160,688,206,189,,,,,,,-derived:bit@670..671 -other:bit@670..671 +6 +derived:bit@670 +other:bit@670,,data counts -_qh_qh+0x8e0; n_insn 206->189; n_jcc 23->25; ebp frame no->yes; imms +0x4 x2; field bytes +derived[0x50..0x52] +other[0x50..0x52],+0:je x3 +6:je,+other:0x10=6,
0x0006f310,phys_fn_002923,61,mapped,qh_maydropneighbor,REVIEW,REVIEW,3,_qh_maydropneighbor,0x00068160,688,206,189,,,,,,,-derived:bit@670..671 -other:bit@670..671 +6 +derived:bit@670 +other:bit@670,,data counts -_qh_qh+0x8e0; n_insn 206->189; n_jcc 23->25; ebp frame no->yes; imms +0x4 x2; field bytes +derived[0x50..0x52] +other[0x50..0x52],+0:je x3 +6:je,+other:0x10=6,
0x0006f350,phys_fn_002925,552,mapped,qh_maydropneighbor,REVIEW,REVIEW,3,_qh_maydropneighbor,0x00068160,688,206,189,,,,,,,-derived:bit@670..671 -other:bit@670..671 +6 +derived:bit@670 +other:bit@670,,data counts -_qh_qh+0x8e0; n_insn 206->189; n_jcc 23->25; ebp frame no->yes; imms +0x4 x2; field bytes +derived[0x50..0x52] +other[0x50..0x52],+0:je x3 +6:je,+other:0x10=6,
0x0006f580,phys_fn_002927,583,mapped,qh_mergecycle_neighbors,REVIEW,REVIEW,1,_qh_mergecycle_neighbors,0x00068f60,560,195,180,,,,,,,+4 x2 +derived:bit@651,,n_insn 195->180; ebp frame no->yes; imms -0x800 +0x0 x2 +0x3c +0x4; field bytes -derived[0x50] -derived[0x52..0x53],+4:jl x2,+other:0x0=0,
0x0006f7d0,phys_fn_002929,168,mapped,qh_mergecycle_ridges,REVIEW,REVIEW,2,_qh_mergecycle_ridges,0x00069190,688,241,223,,,,,,,+4 x2 +derived:bit@653,,data counts -_qhmem+0x18 -_qhmem+0x20 -_qhmem+0x4c x3; n_insn 241->223; ebp frame no->yes; imms -0x38 x2 +0x0; field bytes -other[0x38..0x3b],+4:jl,+other:0x0=0,
0x0006f880,phys_fn_002931,562,mapped,qh_mergecycle_ridges,REVIEW,REVIEW,2,_qh_mergecycle_ridges,0x00069190,688,241,223,,,,,,,+4 x2 +derived:bit@653,,data counts -_qhmem+0x18 -_qhmem+0x20 -_qhmem+0x4c x3; n_insn 241->223; ebp frame no->yes; imms -0x38 x2 +0x0; field bytes -other[0x38..0x3b],+4:jl,+other:0x0=0,
0x0006fac0,phys_fn_002933,373,mapped,qh_mergecycle_vneighbors,REVIEW,REVIEW,1,_qh_mergecycle_vneighbors,0x00069440,544,123,165,,,,,,-other[0xc..0xf] -other[0x14..0x17] -other[0x52] +derived[0x34..0x37] +derived[0x52],,,inlining: candidate inlines qh_basevertices; n_insn 123->165; n_jcc 11->20; ebp frame no->yes; imms +0x4 x3; imms base class -other:bit@160..183 -other:bit@662 -other:set@186 -other:set@187 +derived:bit@160..183 +derived:bit@662 +derived:set@186 +derived:set@187,-3:jl +0:jne +2:jl +4:jl,+other:0x0=0,
0x0006fc40,phys_fn_002935,334,mapped,qh_mergefacet2d,REVIEW,REVIEW,1,_qh_mergefacet2d,0x0006a170,288,118,98,,,,,,,-4096 x2 +derived:bit@160..183 +other:flip@652 x2,,n_insn 118->98; ebp frame no->yes; field bytes -other[0x50] -other[0x52..0x53] +derived[0x3c..0x3f] +derived[0x4c..0x4f],,,
0x0006fd90,phys_fn_002937,258,mapped,qh_mergeneighbors,SHAPE,SHAPE,1,_qh_mergeneighbors,0x0006a290,256,100,88,,,,,,,,,n_insn 100->88; ebp frame no->yes; imms +0x4 x2; field bytes -derived[0x50] -derived[0x52..0x53],,,
0x0006fea0,phys_fn_002939,202,mapped,qh_mergeridges,REVIEW,REVIEW,1,_qh_mergeridges,0x0006a390,192,80,75,,,,,,,+derived:set@186,,n_insn 80->75; ebp frame no->yes; imms -0x4000000; field bytes -derived[0x14..0x16] -derived[0x38..0x3b],,,
0x0006ff70,phys_fn_002941,113,mapped,qh_mergevertex_del,SHAPE,SHAPE,1,_qh_mergevertex_del,0x0006a8e0,112,37,33,,,,,,,,,data counts -_qh_qhstat+0x410; n_insn 37->33; ebp frame no->yes,,,
0x0006fff0,phys_fn_002943,154,mapped,qh_mergevertex_neighbors,SHAPE,SHAPE,2,_qh_mergevertex_neighbors,0x0006a950,336,96,101,,,,,,,,,inlining: candidate inlines qh_mergevertex_del; n_insn 96->101; n_jcc 8->9; ebp frame no->yes; imms +0x4; field bytes -other[0x14..0x17] +derived[0x14..0x17]; imms base class -other:bit@160..183 -other:set@187 +derived:bit@160..183 +derived:set@187,+0:jne +2:jl,,
0x00070090,phys_fn_002945,104,mapped,qh_mergevertex_neighbors,SHAPE,SHAPE,2,_qh_mergevertex_neighbors,0x0006a950,336,96,101,,,,,,,,,inlining: candidate inlines qh_mergevertex_del; n_insn 96->101; n_jcc 8->9; ebp frame no->yes; imms +0x4; field bytes -other[0x14..0x17] +derived[0x14..0x17]; imms base class -other:bit@160..183 -other:set@187 +derived:bit@160..183 +derived:set@187,+0:jne +2:jl,,
0x00070100,phys_fn_002947,253,mapped,qh_mergevertices,REVIEW,REVIEW,2,_qh_mergevertices,0x0006aaa0,336,127,113,,,,,,-other[0x4..0x7] +other[0x14..0x17],,,calls counts -qh_setappend; n_insn 127->113; ebp frame no->yes; imms -0x4 x2; imms base class -derived:bit@160..183 x2 +other:bit@160..183 x2,+0:je +0:jne x2,,
0x00070200,phys_fn_002949,104,mapped,qh_mergevertices,REVIEW,REVIEW,2,_qh_mergevertices,0x0006aaa0,336,127,113,,,,,,-other[0x4..0x7] +other[0x14..0x17],,,calls counts -qh_setappend; n_insn 127->113; ebp frame no->yes; imms -0x4 x2; imms base class -derived:bit@160..183 x2 +other:bit@160..183 x2,+0:je +0:jne x2,,
0x00070270,phys_fn_002951,29,mapped,qh_neighbor_intersections,REVIEW,REVIEW,2,_qh_neighbor_intersections,0x0006abf0,320,117,113,,,,,,,-16777215 +derived:bit@653 +other:bit@160..183,,data counts -_qh_qhstat+0x340; n_insn 117->113; ebp frame no->yes; imms -0x2000 -0x4; field bytes -derived[0x50] -derived[0x52..0x53] -other[0x0..0x3] +derived[0x4..0xb],-2:jl +0:je +2:jb,,
0x00070290,phys_fn_002953,277,mapped,qh_neighbor_intersections,REVIEW,REVIEW,2,_qh_neighbor_intersections,0x0006abf0,320,117,113,,,,,,,-16777215 +derived:bit@653 +other:bit@160..183,,data counts -_qh_qhstat+0x340; n_insn 117->113; ebp frame no->yes; imms -0x2000 -0x4; field bytes -derived[0x50] -derived[0x52..0x53] -other[0x0..0x3] +derived[0x4..0xb],-2:jl +0:je +2:jb,,
0x000703b0,phys_fn_002955,57,mapped,qh_newvertices,REVIEW,REVIEW,1,_qh_newvertices,0x0006ad30,80,24,27,,,,,,-derived[0x14..0x16] -other[0x4..0x7] +derived[0x0..0x3],,,n_insn 24->27; ebp frame no->yes,,,
0x000703f0,phys_fn_002957,413,mapped,qh_remove_extravertices,REVIEW,REVIEW,1,_qh_remove_extravertices,0x0006b460,368,144,117,,,,,,,+derived:bit@184 +derived:clear@184 +derived:set@184,,data counts -_qh_qhstat+0x568 -_qh_qhstat+0x570; n_insn 144->117; ebp frame no->yes; imms -0x1000000 -0xfeffffff,+2:jl,,
0x00070590,phys_fn_002959,280,mapped,qh_renameridgevertex,REVIEW,REVIEW,1,_qh_renameridgevertex,0x0006b7c0,384,105,130,,,,,,,--2 --2147483647 +1,,inlining: candidate inlines qh_copynonconvex; n_insn 105->130; n_jcc 10->16; ebp frame no->yes; imms +0x4,+4:jl,,
0x000706b0,phys_fn_002961,555,mapped,qh_renamevertex,SHAPE,SHAPE,1,_qh_renamevertex,0x0006b940,512,195,170,,,,,,,,,data counts -_qh_qhstat+0x578 -_qh_qhstat+0x580 -_qh_qhstat+0x588; n_insn 195->170; ebp frame no->yes; imms -0x4 +0x0 +0x1,+0:je x2 +0:jne,,
0x000708e0,phys_fn_002963,766,mapped,qh_test_appendmerge,DIFF,DIFF,1,_qh_test_appendmerge,0x0006bb40,944,246,285,host-seam calls strings data,-icall[host]+0x10; -qh_errexit2; -qh_setaddnth; -qh_setequal; -qh_setlast,"-str:qhull error (qh_appendmergeset): facet f%d or f%d is already a mirrored facet
; -str:qhull error (qh_appendmergeset): mirrored facets f%d and f%d do not have the same vertices
",,-_qh_qh+0x8f4,-other[0x34..0x37],-6 -other:bit@670 -other:set@670 -other:set@671,,inlining: candidate inlines qh_appendmergeset; n_insn 246->285; n_jcc 22->31; x87 42->54; float widths -8; imms +0x1 +0x18 x3,+0:je x5 +0:jl x2 +0:jne,+other:0x10=1 +other:0x10=2 +other:0x10=3,
0x00070be0,phys_fn_002965,105,mapped,qh_test_vneighbors,REVIEW,REVIEW,2,_qh_test_vneighbors,0x0006bef0,352,115,106,,,,,,,+derived:bit@654 +derived:clear@654 +other:set@654,,data counts -_qh_qhstat+0x610; n_insn 115->106; n_jcc 21->20; ebp frame no->yes; imms -0x4 -0xffffbfff; field bytes -derived[0x50] -derived[0x52..0x53] -other[0x50] -other[0x52..0x53] +derived[0x30..0x33],+0:je +1:jl,,
0x00070c50,phys_fn_002967,224,mapped,qh_test_vneighbors,REVIEW,REVIEW,2,_qh_test_vneighbors,0x0006bef0,352,115,106,,,,,,,+derived:bit@654 +derived:clear@654 +other:set@654,,data counts -_qh_qhstat+0x610; n_insn 115->106; n_jcc 21->20; ebp frame no->yes; imms -0x4 -0xffffbfff; field bytes -derived[0x50] -derived[0x52..0x53] -other[0x50] -other[0x52..0x53] +derived[0x30..0x33],+0:je +1:jl,,
0x00070d30,phys_fn_002968,343,mapped,qh_tracemerge,REVIEW,REVIEW,1,_qh_tracemerge,0x0006c050,336,113,102,,,,,,-other[0x0..0x3],,,data counts +_qh_qh+0x82c; n_insn 113->102; ebp frame no->yes,+0:je x2 +0:jne,,
0x00070e90,phys_fn_002970,190,mapped,qh_tracemerging,REVIEW,REVIEW,1,_qh_tracemerging,0x0006c1a0,176,60,52,,,,,,,,-mul +div,reciprocal float 0.001~1000.0; floats counts -0.001 +1000.0; n_insn 60->52; x87 6->8; ebp frame no->yes,,,
0x00070f50,phys_fn_002972,221,mapped,qh_updatetested,REVIEW,REVIEW,1,_qh_updatetested,0x0006c250,240,76,75,,,,,,,-other:bit@668 +268435456 +derived:clear@121 x2,,data counts +_qh_qh+0x24c; n_insn 76->75; ebp frame no->yes; imms -0xfdffffff; field bytes -derived[0xc..0xe] -other[0x0..0x3],+0:je x2,,
0x00071030,phys_fn_002974,132,mapped,qh_vertexridges_facet,SHAPE,SHAPE,1,_qh_vertexridges_facet,0x0006c480,128,57,50,,,,,,,,,data counts -_qh_qh+0x8e0; n_insn 57->50; ebp frame no->yes,,,
0x000710c0,phys_fn_002976,54,mapped,qh_willdelete,SHAPE,SHAPE,1,_qh_willdelete,0x0006c500,64,16,17,,,,,,,,,data counts -_qh_qh+0x824; n_insn 16->17; ebp frame no->yes,,,
0x00071100,phys_fn_002978,464,mapped,qh_getmergeset,REVIEW,REVIEW,1,_qh_getmergeset,0x00067a10,448,144,127,,,,,,,-134217728 +derived:bit@654 +derived:set@654 +other:set@667,,data counts -_qh_qh+0x8e0 -_qh_qhstat+0x3f0; n_insn 144->127; ebp frame no->yes; field bytes -derived[0x50] -derived[0x52..0x53] -other[0x0..0x3],+0:je x2,,
0x000712d0,phys_fn_002979,364,mapped,qh_getmergeset_initial,REVIEW,REVIEW,1,_qh_getmergeset_initial,0x00067bd0,368,125,115,,,,,,,+derived:set@121,,data counts -_qh_qh+0x8e0 -_qh_qhstat+0x3c8; n_insn 125->115; ebp frame no->yes; imms -0x4; field bytes -derived[0xc..0xe] -other[0x0..0x3] -other[0x50..0x52],+0:je x2,,
0x00071440,phys_fn_002981,244,mapped,qh_mergecycle_facets,REVIEW,REVIEW,1,_qh_mergecycle_facets,0x00068e70,240,80,69,,,,,,,-536871936 -other:bit@640..652 -other:bit@654..671 -other:set@651 +-8193 +1024 +536870912 +derived:set@651,,data counts -_qh_qh+0x824; n_insn 80->69; ebp frame no->yes; field bytes +derived[0x20..0x23] +derived[0x51],+0:je,,
0x00071540,phys_fn_002983,733,mapped,qh_mergesimplex,REVIEW,REVIEW,2,_qh_mergesimplex,0x0006a450,1168,363,379,,,,,,,-other:bit@160..183 -other:set@187 +derived:clear@184 +derived:set@184 +derived:set@186 +derived:set@187,,inlining: candidate inlines qh_mergevertex_del; n_insn 363->379; n_jcc 48->53; ebp frame no->yes; imms -0x34 -0x38 x2 -0x3c x2 -0x5000000 -0xfeffffff -0xffffffff +0x0 x2 +0x4 x2; field bytes -derived[0x50] -derived[0x52..0x53] -other[0x14..0x17] -other[0x3c..0x3f] -other[0x50] -other[0x52..0x53],+0:jne x2 +2:jl,-other:0x4=0 +derived:0x4=0,
0x00071820,phys_fn_002985,313,mapped,qh_mergesimplex,REVIEW,REVIEW,2,_qh_mergesimplex,0x0006a450,1168,363,379,,,,,,,-other:bit@160..183 -other:set@187 +derived:clear@184 +derived:set@184 +derived:set@186 +derived:set@187,,inlining: candidate inlines qh_mergevertex_del; n_insn 363->379; n_jcc 48->53; ebp frame no->yes; imms -0x34 -0x38 x2 -0x3c x2 -0x5000000 -0xfeffffff -0xffffffff +0x0 x2 +0x4 x2; field bytes -derived[0x50] -derived[0x52..0x53] -other[0x14..0x17] -other[0x3c..0x3f] -other[0x50] -other[0x52..0x53],+0:jne x2 +2:jl,-other:0x4=0 +derived:0x4=0,
0x00071960,phys_fn_002987,56,mapped,qh_vertexridges,DIFF,DIFF,2,_qh_vertexridges,0x0006c340,320,82,109,calls,-qh_vertexridges_facet; +qh_setappend; +qh_setin,,,,+derived[0x8..0xb] +derived[0x38..0x3b],,,data counts -_qh_qhstat+0x698 -_qh_qhstat+0x6a0 +_qh_qh+0x8e0; n_insn 82->109; n_jcc 11->17; ebp frame no->yes; imms +0x4 x2,+0:je x2 +0:jne,,
0x000719a0,phys_fn_002989,186,mapped,qh_vertexridges,DIFF,DIFF,2,_qh_vertexridges,0x0006c340,320,82,109,calls,-qh_vertexridges_facet; +qh_setappend; +qh_setin,,,,+derived[0x8..0xb] +derived[0x38..0x3b],,,data counts -_qh_qhstat+0x698 -_qh_qhstat+0x6a0 +_qh_qh+0x8e0; n_insn 82->109; n_jcc 11->17; ebp frame no->yes; imms +0x4 x2,+0:je x2 +0:jne,,
0x00071a60,phys_fn_002991,685,mapped,qh_find_newvertex,DIFF,DIFF,2,_qh_find_newvertex,0x00066ea0,1024,325,336,data,,,,-fnptr:qh_comparemerge; +fnptr:qh_comparevisit,-other[0x10..0x13] +derived[0x4..0x7] +derived[0x14..0x17],-16777215 +derived:bit@160..183,,"inlining: candidate inlines qh_hashridge, candidate inlines qh_hashridge_find; n_insn 325->336; n_jcc 38->44; ebp frame no->yes; imms -0x4 x6 +0x0 x3",+0:je x2 +0:jne,+derived:0x10=0,
0x00071d10,phys_fn_002993,247,mapped,qh_find_newvertex,DIFF,DIFF,2,_qh_find_newvertex,0x00066ea0,1024,325,336,data,,,,-fnptr:qh_comparemerge; +fnptr:qh_comparevisit,-other[0x10..0x13] +derived[0x4..0x7] +derived[0x14..0x17],-16777215 +derived:bit@160..183,,"inlining: candidate inlines qh_hashridge, candidate inlines qh_hashridge_find; n_insn 325->336; n_jcc 38->44; ebp frame no->yes; imms -0x4 x6 +0x0 x3",+0:je x2 +0:jne,+derived:0x10=0,
0x00071e10,phys_fn_002995,583,mapped,qh_mergecycle,DIFF,DIFF,1,_qh_mergecycle,0x00068930,832,188,235,calls,-qh_newvertices; +qh_appendvertex; +qh_removevertex,,,,-other[0x0..0x3] -other[0x4c..0x4f] +derived[0x17] +derived[0x51],-536871936 -other:bit@640..652 -other:bit@654..671 -other:set@651 +-8193 +1024 +536870912 +derived:bit@188 +derived:set@651,,inlining: candidate inlines qh_mergecycle_facets; n_insn 188->235; n_jcc 17->27; ebp frame no->yes; imms +0x0 x4 +0x4 +0x5,+0:je x2 +0:jne x2 +2:jl +4:jl x3,+other:0x28=0,
0x00072060,phys_fn_002997,1320,mapped,qh_mergefacet,REVIEW,REVIEW,1,_qh_mergefacet,0x00069660,2832,417,862,,,,,,,-4096 -other:bit@640..660 -other:bit@640..666 -other:bit@650 -other:bit@662..671 -other:bit@664 -other:bit@668..671 -other:clear@649 -other:clear@667 -other:clear@668 -other:set@187 -other:set@651 +-134217729 +-2097153 +-513 +derived:bit@650 +derived:bit@664 +derived:clear@121 +derived:set@186 +derived:set@187 +derived:set@651 +other:bit@649 +other:bit@651 +other:flip@652,,"inlining: candidate inlines qh_mergefacet2d, candidate inlines qh_mergeneighbors, candidate inlines qh_mergeridges, candidate inlines qh_mergevertex_neighbors, candidate inlines qh_mergevertices, candidate inlines qh_newvertices, candidate inlines qh_updatetested, oracle inlines qh_setdelsorted, candidate inlines qh_mergevertex_del, candidate inlines qh_setdelsorted; n_insn 417->862; n_jcc 45->114; x87 49->52; ebp frame no->yes; float widths -8; imms -0x200 -0x800 +0x0 x11 +0x1 +0x4 x18 +0x5 x3; field bytes -other[0x20..0x23] +derived[0x20..0x23] +derived[0x34..0x37] +derived[0x4c..0x4f]",-2:jle -511:jl +0:je x4 +0:jne x7 +2:jl +2:jne +4:jl x3 +511:jb,+other:0x28=0,
0x00072590,phys_fn_002999,148,mapped,qh_redundant_vertex,REVIEW,REVIEW,1,_qh_redundant_vertex,0x0006b2a0,448,54,155,,,,,,,-16777215 +derived:bit@653,,inlining: candidate inlines qh_neighbor_intersections; n_insn 54->155; n_jcc 3->15; ebp frame no->yes; imms +0x0 x2; field bytes -derived[0x50] -derived[0x52..0x53] -other[0x0..0x3] -other[0x8..0xb] +derived[0x4..0xb],+0:je +2:jb,,
0x00072630,phys_fn_003001,103,mapped,qh_rename_sharedvertex,REVIEW,REVIEW,2,_qh_rename_sharedvertex,0x0006b5d0,496,175,171,,,,,,-other[0x4..0x7] -other[0x14..0x17] -other[0x4c..0x4f] +derived[0x0..0x3],-other:bit@160..183 x2 +derived:bit@0..23 x2,,data counts -_qh_qh+0x8e0; call order; n_insn 175->171; ebp frame no->yes; imms -0x0 x4 -0x4 x2 +0x4c,,,
0x000726a0,phys_fn_003003,385,mapped,qh_rename_sharedvertex,REVIEW,REVIEW,2,_qh_rename_sharedvertex,0x0006b5d0,496,175,171,,,,,,-other[0x4..0x7] -other[0x14..0x17] -other[0x4c..0x4f] +derived[0x0..0x3],-other:bit@160..183 x2 +derived:bit@0..23 x2,,data counts -_qh_qh+0x8e0; call order; n_insn 175->171; ebp frame no->yes; imms -0x0 x4 -0x4 x2 +0x4c,,,
0x00072830,phys_fn_003005,621,mapped,qh_forcedmerges,REVIEW,REVIEW,2,_qh_forcedmerges,0x00067740,720,240,224,,,,,,,+derived:bit@651 x4,,calls counts -qh_mergefacet; data counts -_qh_qhstat+0x248 -_qh_qhstat+0x3b8; n_insn 240->224; x87 19->20; imms -0x4 -0x800; field bytes -derived[0x50] -derived[0x53] +derived[0x0..0x7],-5:jne x2 +0:je,,
0x00072aa0,phys_fn_003007,108,mapped,qh_forcedmerges,REVIEW,REVIEW,2,_qh_forcedmerges,0x00067740,720,240,224,,,,,,,+derived:bit@651 x4,,calls counts -qh_mergefacet; data counts -_qh_qhstat+0x248 -_qh_qhstat+0x3b8; n_insn 240->224; x87 19->20; imms -0x4 -0x800; field bytes -derived[0x50] -derived[0x53] +derived[0x0..0x7],-5:jne x2 +0:je,,
0x00072b10,phys_fn_003009,42,mapped,qh_merge_degenredundant,REVIEW,REVIEW,2,_qh_merge_degenredundant,0x00068410,704,249,207,,,,,,,-derived:clear@670..671 +1073741823,,data counts -_qh_qh+0x824 -_qh_qhstat+0x148 -_qh_qhstat+0x160 -_qh_qhstat+0x168; n_insn 249->207; x87 10->12; imms +0x4,+0:jne x2 +2:jl,,
0x00072b40,phys_fn_003011,728,mapped,qh_merge_degenredundant,REVIEW,REVIEW,2,_qh_merge_degenredundant,0x00068410,704,249,207,,,,,,,-derived:clear@670..671 +1073741823,,data counts -_qh_qh+0x824 -_qh_qhstat+0x148 -_qh_qhstat+0x160 -_qh_qhstat+0x168; n_insn 249->207; x87 10->12; imms +0x4,+0:jne x2 +2:jl,,
0x00072e20,phys_fn_003013,652,mapped,qh_merge_nonconvex,SHAPE,SHAPE,1,_qh_merge_nonconvex,0x000686d0,608,218,191,,,,,,,,,calls counts -qh_mergefacet x2; data counts -_qh_qhstat -_qh_qhstat+0x58 -_qh_qhstat+0xb0 -_qh_qhstat+0xd8; n_insn 218->191; x87 51->55; imms -0x0 x2; field bytes -other[0x50] -other[0x52..0x53],+0:je +3:jl,,
0x000730b0,phys_fn_003015,173,mapped,qh_mergecycle_all,SHAPE,SHAPE,3,_qh_mergecycle_all,0x00068c70,512,166,157,,,,,,,,,data counts -_qh_qhstat+0x130 -_qh_qhstat+0x138; n_insn 166->157; ebp frame no->yes; imms -0x4; field bytes -other[0x50..0x52] +derived[0x30..0x33]; imms base class -other:bit@666 +derived:bit@666,+0:je +0:jne,-other:0x20=0 +derived:0x20=0,
0x00073160,phys_fn_003017,58,mapped,qh_mergecycle_all,SHAPE,SHAPE,3,_qh_mergecycle_all,0x00068c70,512,166,157,,,,,,,,,data counts -_qh_qhstat+0x130 -_qh_qhstat+0x138; n_insn 166->157; ebp frame no->yes; imms -0x4; field bytes -other[0x50..0x52] +derived[0x30..0x33]; imms base class -other:bit@666 +derived:bit@666,+0:je +0:jne,-other:0x20=0 +derived:0x20=0,
0x000731a0,phys_fn_003019,286,mapped,qh_mergecycle_all,SHAPE,SHAPE,3,_qh_mergecycle_all,0x00068c70,512,166,157,,,,,,,,,data counts -_qh_qhstat+0x130 -_qh_qhstat+0x138; n_insn 166->157; ebp frame no->yes; imms -0x4; field bytes -other[0x50..0x52] +derived[0x30..0x33]; imms base class -other:bit@666 +derived:bit@666,+0:je +0:jne,-other:0x20=0 +derived:0x20=0,
0x000732c0,phys_fn_003021,58,mapped,qh_reducevertices,REVIEW,REVIEW,2,_qh_reducevertices,0x0006b110,400,136,134,,,,,,-derived[0x14..0x16] +derived[0x4..0x7],+4,,n_insn 136->134; n_jcc 25->24; ebp frame no->yes; imms -0x1 +0x4,-1:jl +0:je x2 +0:jne +4:jl,,
0x00073300,phys_fn_003023,340,mapped,qh_reducevertices,REVIEW,REVIEW,2,_qh_reducevertices,0x0006b110,400,136,134,,,,,,-derived[0x14..0x16] +derived[0x4..0x7],+4,,n_insn 136->134; n_jcc 25->24; ebp frame no->yes; imms -0x1 +0x4,-1:jl +0:je x2 +0:jne +4:jl,,
0x00073460,phys_fn_003025,137,mapped,qh_all_merges,REVIEW,REVIEW,2,_qh_all_merges,0x00065ff0,688,202,194,,,,,,,-4 -other:set@186 +1024 +5 x2 +derived:set@186,,data counts -_qhmem+0x4c; n_insn 202->194; n_jcc 38->37; ebp frame no->yes; imms -0x5 x2 +0x0 x4; field bytes -other[0x17] +derived[0x0..0x3] +derived[0x17],+0:je x8 +0:jne x2 +1:jl +5:jg x2,,
0x000734f0,phys_fn_003027,544,mapped,qh_all_merges,REVIEW,REVIEW,2,_qh_all_merges,0x00065ff0,688,202,194,,,,,,,-4 -other:set@186 +1024 +5 x2 +derived:set@186,,data counts -_qhmem+0x4c; n_insn 202->194; n_jcc 38->37; ebp frame no->yes; imms -0x5 x2 +0x0 x4; field bytes -other[0x17] +derived[0x0..0x3] +derived[0x17],+0:je x8 +0:jne x2 +1:jl +5:jg x2,,
0x00073710,phys_fn_003028,620,mapped,qh_flippedmerges,REVIEW,REVIEW,1,_qh_flippedmerges,0x000674e0,608,199,183,,,,,,,--2147481600 -other:bit@656 +4 x2 +65536 +67584 +derived:bit@651 x2,,data counts -_qh_qhstat+0x270; n_insn 199->183; x87 11->12; imms -0x0 -0x800; field bytes -derived[0x50] -derived[0x52..0x53],+65536:jne,+other:0x10=4,
0x00073980,phys_fn_003030,432,mapped,qh_premerge,REVIEW,REVIEW,1,_qh_premerge,0x0006af60,432,123,120,,,,,,+derived[0x0..0x3],,,n_insn 123->120; x87 8->11; ebp frame no->yes,+0:je x2,,
0x00073b30,phys_fn_003031,494,mapped,qh_postmerge,REVIEW,REVIEW,1,_qh_postmerge,0x0006ad80,480,143,120,,,,,,,-32 +8192 +derived:set@186 +derived:set@188 +other:set@650,,n_insn 143->120; n_jcc 20->18; ebp frame no->yes; imms -0x10000000 -0x400 -0x4000000; field bytes -other[0x14..0x17] +derived[0x17],+0:je x4 +0:jne x3 +2:jl,,
0x00073d20,phys_fn_003033,117,mapped,qh_appendfacet,SHAPE,SHAPE,1,_qh_appendfacet,0x00064060,112,33,30,,,,,,,,,data counts -_qh_qh+0x844; n_insn 33->30; ebp frame no->yes,+4:jl,,
0x00073da0,phys_fn_003035,112,mapped,qh_appendvertex,SHAPE,SHAPE,1,_qh_appendvertex,0x000640d0,112,32,30,,,,,,,,,data counts -_qh_qh+0x848; n_insn 32->30; ebp frame no->yes,+4:jl,,
0x00073e10,phys_fn_003036,269,mapped,qh_attachnewfacets,REVIEW,REVIEW,2,_qh_attachnewfacets,0x00064140,672,217,209,,,,,,,+8192 +derived:bit@651 x2 +other:bit@651 x2,,data counts +_qh_qhstat+0x330; n_insn 217->209; ebp frame no->yes; imms -0x0 -0x4 x3; field bytes -other[0x4..0x7] -other[0x50] -other[0x52..0x53] +derived[0x0..0x3],+0:jne +3:jl,,
0x00073f20,phys_fn_003038,367,mapped,qh_attachnewfacets,REVIEW,REVIEW,2,_qh_attachnewfacets,0x00064140,672,217,209,,,,,,,+8192 +derived:bit@651 x2 +other:bit@651 x2,,data counts +_qh_qhstat+0x330; n_insn 217->209; ebp frame no->yes; imms -0x0 -0x4 x3; field bytes -other[0x4..0x7] -other[0x50] -other[0x52..0x53] +derived[0x0..0x3],+0:jne +3:jl,,
0x00074090,phys_fn_003040,217,mapped,qh_checkflipped,SHAPE,SHAPE,1,_qh_checkflipped,0x000643e0,224,69,73,,,,,,,,,calls counts +qh_precision; strings counts +str:flipped facet; data counts -_qh_qhstat+0x190 -_qh_qhstat+0x288; n_insn 69->73; x87 11->12; ebp frame no->yes; float widths -8,+0:je x2,,
0x00074170,phys_fn_003042,379,mapped,qh_facetintersect,REVIEW,REVIEW,1,_qh_facetintersect,0x00064900,320,139,114,,,,,,+derived[0x8..0xf],,,n_insn 139->114; ebp frame no->yes; imms -0x0 -0x4 x10 +0x10 x2,,-other:0x0=0,
0x000742f0,phys_fn_003044,281,mapped,qh_gethash,SHAPE,SHAPE,1,_qh_gethash,0x00064a40,244,123,108,,,,,,,,,n_insn 123->108; ebp frame no->yes; imms -0x20 +0xffffffe3,+5:ja,,
0x00074430,phys_fn_003047,13,mapped,qh_makenewplanes,REVIEW,REVIEW,2,_qh_makenewplanes,0x00065110,112,33,32,,,,,,+derived[0x0..0x3],,,n_insn 33->32; x87 10->9,,,
0x00074440,phys_fn_003049,85,mapped,qh_makenewplanes,REVIEW,REVIEW,2,_qh_makenewplanes,0x00065110,112,33,32,,,,,,+derived[0x0..0x3],,,n_insn 33->32; x87 10->9,,,
0x000744a0,phys_fn_003051,187,mapped,qh_matchvertices,REVIEW,REVIEW,1,_qh_matchvertices,0x00065940,192,74,74,,,,,,-derived[0x4..0x7] -other[0x14..0x17],,,ebp frame no->yes; imms +0x4; imms base class -other:bit@160..183 +derived:bit@160..183,+0:jne,,
0x00074560,phys_fn_003053,210,mapped,qh_newfacet,SHAPE,SHAPE,1,_qh_newfacet,0x00065a00,192,63,52,,,,,,,,,data counts -_qh_qh+0x854; n_insn 63->52; float widths -8; imms -0x16 +0x0 +0x58; field bytes -other[0x50] -other[0x53],+0:je x2,,
0x00074640,phys_fn_003055,201,mapped,qh_newridge,REVIEW,REVIEW,1,_qh_newridge,0x00065ac0,176,62,50,,,,,,,+other:bit@120..127,,data counts -_qh_qh+0x858 -_qh_qhstat+0x640; n_insn 62->50; imms -0xffffff,+16777215:jne +4:jl,,
0x00074710,phys_fn_003057,104,mapped,qh_pointid,SHAPE,SHAPE,1,_qh_pointid,0x00065b70,112,38,39,,,,,,,,,data counts +_qh_qh+0x24c; n_insn 38->39; ebp frame no->yes,,,
0x00074780,phys_fn_003059,121,mapped,qh_removefacet,SHAPE,SHAPE,1,_qh_removefacet,0x00065be0,112,33,31,,,,,,,,,data counts -_qh_qh+0x844; n_insn 33->31; ebp frame no->yes; imms -0x0,+4:jl,-derived:0x2c=0,
0x00074800,phys_fn_003061,103,mapped,qh_removevertex,SHAPE,SHAPE,1,_qh_removevertex,0x00065c50,96,29,28,,,,,,,,,data counts -_qh_qh+0x848; n_insn 29->28; ebp frame no->yes,+4:jl,,
0x00074870,phys_fn_003063,205,mapped,qh_updatevertices,SHAPE,SHAPE,3,_qh_updatevertices,0x00065cb0,832,223,251,,,,,,,,,inlining: candidate inlines qh_pointid; n_insn 223->251; n_jcc 40->45; ebp frame no->yes; imms +0x0 +0xfffffffe; field bytes -derived[0x50] -derived[0x52..0x53] -other[0x4..0x7] -other[0x50] -other[0x52..0x53],+-1:je +0:je x2,+other:0x0=0,
0x00074940,phys_fn_003065,39,mapped,qh_updatevertices,SHAPE,SHAPE,3,_qh_updatevertices,0x00065cb0,832,223,251,,,,,,,,,inlining: candidate inlines qh_pointid; n_insn 223->251; n_jcc 40->45; ebp frame no->yes; imms +0x0 +0xfffffffe; field bytes -derived[0x50] -derived[0x52..0x53] -other[0x4..0x7] -other[0x50] -other[0x52..0x53],+-1:je +0:je x2,+other:0x0=0,
0x00074970,phys_fn_003067,418,mapped,qh_updatevertices,SHAPE,SHAPE,3,_qh_updatevertices,0x00065cb0,832,223,251,,,,,,,,,inlining: candidate inlines qh_pointid; n_insn 223->251; n_jcc 40->45; ebp frame no->yes; imms +0x0 +0xfffffffe; field bytes -derived[0x50] -derived[0x52..0x53] -other[0x4..0x7] -other[0x50] -other[0x52..0x53],+-1:je +0:je x2,+other:0x0=0,
0x00074b20,phys_fn_003069,341,mapped,qh_delfacet,REVIEW,REVIEW,1,_qh_delfacet,0x00064760,416,102,114,,,,,,-other[0x38..0x3b] -other[0x40..0x43],-other:bit@668 +268435456,,inlining: candidate inlines qh_removefacet; n_insn 102->114; n_jcc 12->16; ebp frame no->yes,+0:je x4 +4:jl,,
0x00074c80,phys_fn_003071,234,mapped,qh_deletevisible,REVIEW,REVIEW,2,_qh_deletevisible,0x000644c0,672,90,187,,,,,,-other[0x38..0x3b] -other[0x40..0x43],-other:bit@668 +268435456,,"inlining: candidate inlines qh_delfacet, candidate inlines qh_removefacet; n_insn 90->187; n_jcc 10->26; ebp frame no->yes; imms -0x4 +0x0 x2",-1:jl +0:je x4 +4:jl x2,,
0x00074d70,phys_fn_003073,39,mapped,qh_deletevisible,REVIEW,REVIEW,2,_qh_deletevisible,0x000644c0,672,90,187,,,,,,-other[0x38..0x3b] -other[0x40..0x43],-other:bit@668 +268435456,,"inlining: candidate inlines qh_delfacet, candidate inlines qh_removefacet; n_insn 90->187; n_jcc 10->26; ebp frame no->yes; imms -0x4 +0x0 x2",-1:jl +0:je x4 +4:jl x2,,
0x00074da0,phys_fn_003075,125,mapped,qh_makenewfacet,REVIEW,REVIEW,1,_qh_makenewfacet,0x00064ec0,592,49,162,,,,,,-other[0x14..0x17] -other[0x3c..0x3f],,,"inlining: candidate inlines qh_appendfacet, candidate inlines qh_appendvertex, candidate inlines qh_newfacet, candidate inlines qh_removevertex; n_insn 49->162; n_jcc 5->20; x87 0->5; ebp frame no->yes; imms -0x4 +0x0 x2 +0x58 x2; imms base class -other:bit@160..183 -other:set@188 +derived:bit@160..183 +derived:set@188",+0:je x2 +4:jl x4,+derived:0x4=0,
0x00074e20,phys_fn_003077,584,mapped,qh_makenew_nonsimplicial,REVIEW,REVIEW,1,_qh_makenew_nonsimplicial,0x00064b50,560,197,170,,,,,,,-derived:bit@653 -derived:bit@654 +16384 +8192,,data counts -_qhmem+0x4c; n_insn 197->170; ebp frame no->yes,+0:jne x2,,
0x00075070,phys_fn_003079,42,mapped,qh_makenew_simplicial,REVIEW,REVIEW,2,_qh_makenew_simplicial,0x00064d80,320,117,102,,,,,,,+1,,n_insn 117->102; ebp frame no->yes; field bytes -other[0x50..0x52],+0:je +0:jne,,
0x000750a0,phys_fn_003081,282,mapped,qh_makenew_simplicial,REVIEW,REVIEW,2,_qh_makenew_simplicial,0x00064d80,320,117,102,,,,,,,+1,,n_insn 117->102; ebp frame no->yes; field bytes -other[0x50..0x52],+0:je +0:jne,,
0x000751c0,phys_fn_003083,883,mapped,qh_matchneighbor,DIFF,DIFF,1,_qh_matchneighbor,0x00065180,1156,305,371,calls,-qh_gethash,,,,-other[0x14..0x17] +derived[0x8..0x13] +derived[0x18..0x1b] +derived[0x3c..0x3f] +derived[0x4c..0x53],-other:bit@160..183 +32 +5 +derived:set@661,,inlining: candidate inlines qh_matchvertices; n_insn 305->371; n_jcc 23->33; switch 0->1; ebp frame no->yes; imms -0x1 x2 +0x20 +0x3 x2 +0x4 x4 +0x8 x2 +0xffffffe3 +0xfffffffe,+0:jne x8 +32:jl +5:ja,,
0x00075540,phys_fn_003085,793,mapped,qh_matchnewfacets,REVIEW,REVIEW,1,_qh_matchnewfacets,0x00065620,800,263,246,,,,,,,+1 +other:set@656,,calls counts +qh_precision; strings counts +str:flipped facet; data counts -_qh_qhstat+0x190 -_qh_qhstat+0x288; n_insn 263->246; x87 6->9; imms -0x10000 -0x4 +0x0; field bytes -other[0x0..0x3] -other[0x50..0x51] -other[0x53],-2:jl +0:je x5 +0:jne x2,,
0x00075860,phys_fn_003087,73,mapped,qh_addhash,SHAPE,SHAPE,1,_qh_addhash,0x0005e1b0,64,31,28,,,,,,,,,n_insn 31->28; n_jcc 4->3; ebp frame no->yes,,,
0x000758b0,phys_fn_003089,1301,mapped,qh_checkconvex,REVIEW,REVIEW,1,_qh_checkconvex,0x0005eee0,1248,387,356,,,,,,,+1 +512 x3 +8192 +derived:bit@653 +other:bit@653,,calls counts +icall[host]+0x10; data counts -_qh_qh+0x7fc -_qh_qhstat+0x118 x3 -_qh_qhstat+0x198 -_qh_qhstat+0xc8 x2; n_insn 387->356; x87 28->42; float widths -8 x2; imms -0x0 -0x200 -0x2000 -0x4 x2 +0x1 x2; field bytes +derived[0x0..0x3],+0:je x5 +0:jne,,
0x00075dd0,phys_fn_003091,215,mapped,qh_checkflipped_all,REVIEW,REVIEW,1,_qh_checkflipped_all,0x0005fbf0,208,78,66,,,,,,-other[0x0..0x3],,,n_insn 78->66,+0:je x2 +0:jne,,
0x00075eb0,phys_fn_003093,300,mapped,qh_checkvertex,SHAPE,SHAPE,1,_qh_checkvertex,0x00060260,288,104,93,,,,,,,,,n_insn 104->93; ebp frame no->yes; imms +0x4; field bytes -other[0x0..0x3] +derived[0x0..0x3],,,
0x00075fe0,phys_fn_003095,131,mapped,qh_clearcenters,SHAPE,SHAPE,1,_qh_clearcenters,0x00060380,144,46,44,,,,,,,,,n_insn 46->44; ebp frame no->yes; imms +0x0,+0:je,+other:0x28=0,
0x00076070,phys_fn_003097,77,mapped,qh_delridge,SHAPE,SHAPE,1,_qh_delridge,0x00060590,80,27,26,,,,,,,,,data counts -_qhmem+0x4c; n_insn 27->26; ebp frame no->yes,,,
0x000760c0,phys_fn_003099,52,mapped,qh_delvertex,SHAPE,SHAPE,1,_qh_delvertex,0x000605e0,64,17,19,,,,,,,,,n_insn 17->19; ebp frame no->yes,,,
0x00076100,phys_fn_003101,207,mapped,qh_furthestout,SHAPE,SHAPE,1,_qh_furthestout,0x00061180,208,74,72,,,,,,,,,data counts -_qh_qhstat+0xa8; n_insn 74->72; x87 9->10; field bytes +derived[0x0..0x3],,,
0x000761d0,phys_fn_003103,41,mapped,qh_infiniteloop,REVIEW,REVIEW,1,_qh_infiniteloop,0x00061250,48,14,12,,,,,,-other[0x0..0x3],,,n_insn 14->12; ebp frame no->yes,,,
0x00076200,phys_fn_003105,42,mapped,qh_isvertex,REVIEW,REVIEW,1,_qh_isvertex,0x00062110,48,19,19,,,,,,-other[0x0..0x3] +other[0x4..0x7],,,ebp frame no->yes,,,
0x00076230,phys_fn_003107,221,mapped,qh_matchduplicates,SHAPE,SHAPE,2,_qh_matchduplicates,0x000622a0,896,318,277,,,,,,,,,data counts -_qh_qh+0x8e0 x3 -_qh_qhstat+0x328 -_qh_qhstat+0x430; n_insn 318->277; x87 15->14; imms -0x0; field bytes -derived[0x0..0x3],+0:je x2 +0:jne,,
0x00076310,phys_fn_003109,767,mapped,qh_matchduplicates,SHAPE,SHAPE,2,_qh_matchduplicates,0x000622a0,896,318,277,,,,,,,,,data counts -_qh_qh+0x8e0 x3 -_qh_qhstat+0x328 -_qh_qhstat+0x430; n_insn 318->277; x87 15->14; imms -0x0; field bytes -derived[0x0..0x3],+0:je x2 +0:jne,,
0x00076610,phys_fn_003111,282,mapped,qh_nearcoplanar,REVIEW,REVIEW,1,_qh_nearcoplanar,0x00062620,336,106,107,,,,,,+derived[0x4..0x7],,,data counts +_qh_qh+0x74; n_insn 106->107; x87 11->13; imms +0x0 x3 +0x4 +0x44,+0:je +0:jne x3,+other:0x0=0,
0x00076730,phys_fn_003113,428,mapped,qh_nearvertex,REVIEW,REVIEW,1,_qh_nearvertex,0x00062770,432,153,144,,,,,,,-16777215 +derived:bit@160..183,,n_insn 153->144; x87 11->14; ebp frame no->yes; imms -0x4; field bytes -other[0x14..0x17] -other[0x50] -other[0x52..0x53] +derived[0x14..0x17],+0:je +0:jne,,
0x000768e0,phys_fn_003115,76,mapped,qh_newhashtable,REVIEW,REVIEW,1,_qh_newhashtable,0x00062920,112,30,39,,,,,,,+1 +31 x2,,n_insn 30->39; ebp frame no->yes; imms -0x3 -0x5 +0x55555556 +0x66666667,,,
0x00076930,phys_fn_003117,210,mapped,qh_newvertex,REVIEW,REVIEW,1,_qh_newvertex,0x00062990,192,64,56,,,,,,,+other:bit@184..191,,data counts -_qh_qh+0x85c -_qh_qhstat+0x648; n_insn 64->56; ebp frame no->yes; imms -0xffffff,,,
0x00076a10,phys_fn_003119,110,mapped,qh_nextridge3d,SHAPE,SHAPE,1,_qh_nextridge3d,0x00062a50,128,53,55,,,,,,,,,n_insn 53->55; n_jcc 8->7; ebp frame no->yes,,,
0x00076a80,phys_fn_003121,184,mapped,qh_outcoplanar,SHAPE,SHAPE,1,_qh_outcoplanar,0x00062ad0,192,70,64,,,,,,,,,data counts -_qh_qh+0x84c -_qh_qhstat+0x520; n_insn 70->64; field bytes -other[0x0..0x3] +derived[0x0..0x3],+0:je +0:jne +1:jl,,
0x00076b40,phys_fn_003123,73,mapped,qh_point,SHAPE,SHAPE,1,_qh_point,0x00062b90,80,27,30,,,,,,,,,n_insn 27->30; ebp frame no->yes,,,
0x00076b90,phys_fn_003125,147,mapped,qh_point_add,SHAPE,SHAPE,1,_qh_point_add,0x00062be0,144,56,49,,,,,,,,,n_insn 56->49; ebp frame no->yes,,,
0x00076c30,phys_fn_003127,237,mapped,qh_pointfacet,DIFF,DIFF,1,_qh_pointfacet,0x00062c70,352,92,123,host-seam calls strings data,+icall[host]+0x10; +qh_errexit; +qh_pointid,"+str:qhull internal errror (point_add): point p%d is out of bounds (%d)
; +str:qhull internal warning (point_add): unknown point %p id %d
",,+_qh_qh+0x7fc,+derived[0x4..0x7],,,n_insn 92->123; n_jcc 13->16; ebp frame no->yes; imms +0x0 x2 +0x4 +0x5,,,
0x00076d20,phys_fn_003129,83,mapped,qh_pointvertex,SHAPE,SHAPE,1,_qh_pointvertex,0x00062dd0,192,34,74,,,,,,,,,inlining: candidate inlines qh_point_add; n_insn 34->74; n_jcc 3->6; ebp frame no->yes; imms +0x0 x2 +0x5,,,
0x00076d80,phys_fn_003131,138,mapped,qh_prependfacet,SHAPE,SHAPE,1,_qh_prependfacet,0x00062e90,144,46,46,,,,,,,,,data counts -_qh_qh+0x844 +_qh_qh+0x814; ebp frame no->yes; field bytes -derived[0x2c..0x2f],-0:jne,,
0x00076e10,phys_fn_003133,184,mapped,qh_printhashtable,SHAPE,SHAPE,2,_qh_printhashtable,0x00062f20,416,145,140,,,,,,,,,n_insn 145->140; ebp frame no->yes; imms -0xfffffffd -0xfffffffe; field bytes -other[0x0..0x3] -other[0x4c..0x4f],,,
0x00076ed0,phys_fn_003135,220,mapped,qh_printhashtable,SHAPE,SHAPE,2,_qh_printhashtable,0x00062f20,416,145,140,,,,,,,,,n_insn 145->140; ebp frame no->yes; imms -0xfffffffd -0xfffffffe; field bytes -other[0x0..0x3] -other[0x4c..0x4f],,,
0x00076fb0,phys_fn_003137,360,mapped,qh_printlists,REVIEW,REVIEW,1,_qh_printlists,0x000630c0,336,130,108,,,,,,,+31 x2 +5 x2,,n_insn 130->108; imms +0x51eb851f x2,+0:je,,
0x00077120,phys_fn_003139,29,mapped,qh_resetlists,REVIEW,REVIEW,2,_qh_resetlists,0x00063210,272,83,78,,,,,,,+derived:clear@188 +derived:clear@650,,data counts -_qh_qhstat+0x458; n_insn 83->78; n_jcc 19->15; ebp frame no->yes; imms -0xefffffff -0xfffffbff +0x0 x6; field bytes -other[0x14..0x17] +derived[0x17] +derived[0x30..0x33] +derived[0x51],,+other:0x20=0,
0x00077140,phys_fn_003141,216,mapped,qh_resetlists,REVIEW,REVIEW,2,_qh_resetlists,0x00063210,272,83,78,,,,,,,+derived:clear@188 +derived:clear@650,,data counts -_qh_qhstat+0x458; n_insn 83->78; n_jcc 19->15; ebp frame no->yes; imms -0xefffffff -0xfffffbff +0x0 x6; field bytes -other[0x14..0x17] +derived[0x17] +derived[0x30..0x33] +derived[0x51],,+other:0x20=0,
0x00077220,phys_fn_003143,640,mapped,qh_triangulate_facet,REVIEW,REVIEW,1,_qh_triangulate_facet,0x00063920,624,203,174,,,,,,,-other:bit@640..669 -other:bit@671 -other:clear@188 +-1073741825 +2 +derived:clear@188 +derived:clear@650 +derived:clear@654 +derived:clear@664,,data counts -_qh_qhstat+0x658 -_qh_qhstat+0x668; n_insn 203->174; n_jcc 22->20; x87 14->13; float widths -8; imms -0x2 -0xfeffbfff -0xfffffbff +0x0 x9; field bytes -derived[0x50] -derived[0x52] +derived[0x17] +derived[0x30..0x33],+0:je x2 +0:jne x2 +2:jne +3:jl,+derived:0x4=0,
0x000774a0,phys_fn_003144,212,mapped,qh_triangulate_link,SHAPE,SHAPE,1,_qh_triangulate_link,0x00063b90,256,86,95,,,,,,,,,n_insn 86->95; ebp frame no->yes; imms +0x4c x2; field bytes +derived[0x0..0x3],,,
0x00077580,phys_fn_003146,143,mapped,qh_triangulate_mirror,REVIEW,REVIEW,1,_qh_triangulate_mirror,0x00063c90,416,57,139,,,,,,-other[0x4c..0x4f] +derived[0x0..0x3] +derived[0x3c..0x3f],,,inlining: candidate inlines qh_triangulate_link; n_insn 57->139; n_jcc 5->9; ebp frame no->yes; imms +0x0 +0x4c +0x5 +0x8,,,
0x00077610,phys_fn_003148,45,mapped,qh_vertexintersect_new,SHAPE,SHAPE,2,_qh_vertexintersect_new,0x00063eb0,128,45,49,,,,,,,,,n_insn 45->49; ebp frame no->yes; field bytes +derived[0x14..0x17]; imms base class -other:bit@160..183 +derived:bit@160..183,+0:je,,
0x00077640,phys_fn_003150,71,mapped,qh_vertexintersect_new,SHAPE,SHAPE,2,_qh_vertexintersect_new,0x00063eb0,128,45,49,,,,,,,,,n_insn 45->49; ebp frame no->yes; field bytes +derived[0x14..0x17]; imms base class -other:bit@160..183 +derived:bit@160..183,+0:je,,
0x00077690,phys_fn_003152,176,mapped,qh_vertexneighbors,REVIEW,REVIEW,1,_qh_vertexneighbors,0x00063f30,208,59,62,,,,,,-derived[0xc..0xf] -other[0x0..0x3] -other[0x50] -other[0x52..0x53] +derived[0x0..0x3],,,n_insn 59->62; ebp frame no->yes; imms -0xc,+0:jne,,
0x00077740,phys_fn_003153,520,mapped,qh_check_maxout,REVIEW,REVIEW,2,_qh_check_maxout,0x0005e510,1360,332,423,,,,,,,-other:bit@160..183 +1 +derived:bit@160..183,,"inlining: candidate inlines qh_nearcoplanar, candidate inlines qh_pointvertex; n_insn 332->423; n_jcc 44->62; x87 62->85; float widths -8; imms -0x1 +0x0 x3 +0x4 x2 +0x44; field bytes -other[0x14..0x17] +derived[0x8..0xb] +derived[0x14..0x17]",+0:je x4 +0:jne x8 +1:jl x2,+other:0x0=0,
0x00077950,phys_fn_003155,594,mapped,qh_check_maxout,REVIEW,REVIEW,2,_qh_check_maxout,0x0005e510,1360,332,423,,,,,,,-other:bit@160..183 +1 +derived:bit@160..183,,"inlining: candidate inlines qh_nearcoplanar, candidate inlines qh_pointvertex; n_insn 332->423; n_jcc 44->62; x87 62->85; float widths -8; imms -0x1 +0x0 x3 +0x4 x2 +0x44; field bytes -other[0x14..0x17] +derived[0x8..0xb] +derived[0x14..0x17]",+0:je x4 +0:jne x8 +1:jl x2,+other:0x0=0,
0x00077bb0,phys_fn_003157,2154,mapped,qh_checkfacet,REVIEW,REVIEW,2,_qh_checkfacet,0x0005f3c0,2096,764,612,,,,,,,--1073741824 x2 -16777215 x2 -other:bit@670..671 +1073741824 x3 +derived:bit@653 +derived:bit@654 +derived:bit@96..119 x2 +derived:clear@120 +derived:set@184,,data counts +_qh_qh+0x24c x2; n_insn 764->612; n_jcc 86->87; ebp frame no->yes; imms -0x1000000 -0x4 x6 +0x0 x3 +0x1 x7; field bytes -derived[0x50] -derived[0x52..0x53],+0:je x2 +0:jne x6,,
0x00078420,phys_fn_003159,198,mapped,qh_checkfacet,REVIEW,REVIEW,2,_qh_checkfacet,0x0005f3c0,2096,764,612,,,,,,,--1073741824 x2 -16777215 x2 -other:bit@670..671 +1073741824 x3 +derived:bit@653 +derived:bit@654 +derived:bit@96..119 x2 +derived:clear@120 +derived:set@184,,data counts +_qh_qh+0x24c x2; n_insn 764->612; n_jcc 86->87; ebp frame no->yes; imms -0x1000000 -0x4 x6 +0x0 x3 +0x1 x7; field bytes -derived[0x50] -derived[0x52..0x53],+0:je x2 +0:jne x6,,
0x000784f0,phys_fn_003161,845,mapped,qh_checkpolygon,REVIEW,REVIEW,2,_qh_checkpolygon,0x0005fcc0,1440,370,423,,,,,,,-other:bit@653 +31 +5 +8192 +derived:clear@184 +other:bit@187,,inlining: candidate inlines qh_printlists; n_insn 370->423; n_jcc 47->59; ebp frame no->yes; imms -0x8000000 -0xfeffffff +0x0 x2 +0x1 x5 +0x51eb851f x2 +0x64 x2; field bytes -other[0x10..0x13] +derived[0x0..0x3],+0:je x3,-other:0x10=0 +derived:0x10=0,
0x00078840,phys_fn_003163,304,mapped,qh_checkpolygon,REVIEW,REVIEW,2,_qh_checkpolygon,0x0005fcc0,1440,370,423,,,,,,,-other:bit@653 +31 +5 +8192 +derived:clear@184 +other:bit@187,,inlining: candidate inlines qh_printlists; n_insn 370->423; n_jcc 47->59; ebp frame no->yes; imms -0x8000000 -0xfeffffff +0x0 x2 +0x1 x5 +0x51eb851f x2 +0x64 x2; field bytes -other[0x10..0x13] +derived[0x0..0x3],+0:je x3,-other:0x10=0 +derived:0x10=0,
0x00078970,phys_fn_003164,285,mapped,qh_createsimplex,REVIEW,REVIEW,2,_qh_createsimplex,0x00060410,384,126,116,,,,,,,-1,,n_insn 126->116; ebp frame no->yes; imms -0x4 x2 +0x0 x4,+0:je x2,,
0x00078a90,phys_fn_003166,99,mapped,qh_createsimplex,REVIEW,REVIEW,2,_qh_createsimplex,0x00060410,384,126,116,,,,,,,-1,,n_insn 126->116; ebp frame no->yes; imms -0x4 x2 +0x0 x4,+0:je x2,,
0x00078b00,phys_fn_003168,336,mapped,qh_facet3vertex,SHAPE,SHAPE,1,_qh_facet3vertex,0x00060620,384,130,145,,,,,,,,,inlining: candidate inlines qh_nextridge3d; n_insn 130->145; n_jcc 9->12; ebp frame no->yes; imms +0x4; field bytes -other[0x0..0x7] -other[0x50] -other[0x52..0x53],,,
0x00078c50,phys_fn_003169,202,mapped,qh_findbestlower,SHAPE,SHAPE,2,_qh_findbestlower,0x00060920,368,145,129,,,,,,,,,data counts -_qh_qhstat+0x88 -_qh_qhstat+0x90; n_insn 145->129; x87 16->18; field bytes -derived[0x50..0x51] -derived[0x53] +derived[0x0..0x3],,,
0x00078d20,phys_fn_003171,199,mapped,qh_findbestlower,SHAPE,SHAPE,2,_qh_findbestlower,0x00060920,368,145,129,,,,,,,,,data counts -_qh_qhstat+0x88 -_qh_qhstat+0x90; n_insn 145->129; x87 16->18; field bytes -derived[0x50..0x51] -derived[0x53] +derived[0x0..0x3],,,
0x00078df0,phys_fn_003173,708,mapped,qh_findgood,REVIEW,REVIEW,1,_qh_findgood,0x00060b70,688,238,226,,,,,,-other[0x0..0x3] -other[0x34..0x37] -other[0x50] -other[0x53] +derived[0x4..0x7] +derived[0x30..0x37] +derived[0x52],,,floats counts +1.7976931348623157e+308; data counts -_qh_qh+0x60 -_qh_qhstat+0x1a0 -_qh_qhstat+0x308; call order; n_insn 238->226; n_jcc 48->45; x87 15->23; imms +0x1; imms base class -other:bit@659 -other:clear@659 +derived:bit@659 +derived:clear@659,+0:je x4 +0:jle +0:jne +2:jl,,
0x000790c0,phys_fn_003175,185,mapped,qh_findgood_all,REVIEW,REVIEW,2,_qh_findgood_all,0x00060e20,592,219,186,,,,,,-other[0x0..0x3] -other[0x50..0x51] -other[0x53] +derived[0x4..0x7] +derived[0x30..0x33] +derived[0x4c..0x4f] +derived[0x52],,,data counts +_qh_qh+0x5c; call order; n_insn 219->186; n_jcc 35->34; x87 9->10; imms +0x1; imms base class -other:bit@659 +derived:bit@659,+0:je x2,,
0x00079180,phys_fn_003177,464,mapped,qh_findgood_all,REVIEW,REVIEW,2,_qh_findgood_all,0x00060e20,592,219,186,,,,,,-other[0x0..0x3] -other[0x50..0x51] -other[0x53] +derived[0x4..0x7] +derived[0x30..0x33] +derived[0x4c..0x4f] +derived[0x52],,,data counts +_qh_qh+0x5c; call order; n_insn 219->186; n_jcc 35->34; x87 9->10; imms +0x1; imms base class -other:bit@659 +derived:bit@659,+0:je x2,,
0x00079350,phys_fn_003178,148,mapped,qh_furthestnext,SHAPE,SHAPE,1,_qh_furthestnext,0x00061070,272,54,88,,,,,,,,,inlining: candidate inlines qh_prependfacet; n_insn 54->88; n_jcc 7->11; x87 9->12; field bytes -derived[0x2c..0x2f] -derived[0x4c..0x4f],-1:jl +0:je +4:jl,,
0x000793f0,phys_fn_003180,710,mapped,qh_initialhull,REVIEW,REVIEW,2,_qh_initialhull,0x000618e0,1056,258,312,,,,,,,+derived:flip@652 +other:flip@652,,inlining: candidate inlines qh_createsimplex; n_insn 258->312; n_jcc 31->41; x87 21->23; float widths -8; imms +0x0 x5 +0x1; field bytes -other[0x0..0x3] +derived[0x4..0x7] +derived[0x30..0x33] +derived[0x51],+0:je x5 +0:jne x2 +1:jl,,
0x000796c0,phys_fn_003182,83,mapped,qh_initialhull,REVIEW,REVIEW,2,_qh_initialhull,0x000618e0,1056,258,312,,,,,,,+derived:flip@652 +other:flip@652,,inlining: candidate inlines qh_createsimplex; n_insn 258->312; n_jcc 31->41; x87 21->23; float widths -8; imms +0x0 x5 +0x1; field bytes -other[0x0..0x3] +derived[0x4..0x7] +derived[0x30..0x33] +derived[0x51],+0:je x5 +0:jne x2 +1:jl,,
0x00079720,phys_fn_003184,1111,mapped,qh_initialvertices,REVIEW,REVIEW,1,_qh_initialvertices,0x00061d00,1040,388,353,,,,,,,,+div,inlining: oracle inlines floor; reciprocal float 4.656612875245797e-10~2147483647.0; n_insn 388->353; x87 10->11; imms -0x4 x3; field bytes -other[0x0..0x3],+0:je +0:jne +6:jl,,
0x00079b80,phys_fn_003186,353,mapped,qh_makenewfacets,SHAPE,SHAPE,1,_qh_makenewfacets,0x00062140,352,114,108,,,,,,,,,data counts -_qh_qh+0x8e0; n_insn 114->108; ebp frame no->yes; imms +0x0 x2; field bytes -derived[0x50] -derived[0x52..0x53] -other[0x0..0x3] -other[0x50] -other[0x52..0x53],+0:je,+derived:0x4=0,
0x00079cf0,phys_fn_003188,264,mapped,qh_triangulate,REVIEW,REVIEW,4,_qh_triangulate,0x00063380,1440,442,409,,,,,,,-other:bit@670 +1 x2 +2 x5 +512 +9 +derived:bit@670 +derived:clear@188 +derived:clear@650,,calls counts +qh_delfacet; data counts -_qh_qh+0x824 x2 -_qh_qh+0x8e0 -_qh_qhstat+0x678 -_qh_qhstat+0x680; n_insn 442->409; n_jcc 64->60; ebp frame no->yes; imms -0x2 x2 -0xefffffff -0xfffffbff +0x0 x11 +0x1; field bytes -other[0x0..0x3] -other[0x18..0x1b] -other[0x20..0x23] -other[0x28..0x2b] -other[0x40..0x47] +derived[0x0..0x3] +derived[0x17..0x1b] +derived[0x28..0x2b] +derived[0x30..0x33] +derived[0x40..0x47] +derived[0x4c..0x4f],+2:je +2:jl x3 +3:jl,+derived:0x18=0 +derived:0x28=0 +derived:0x40=0 +derived:0x44=0,
0x00079e00,phys_fn_003190,429,mapped,qh_triangulate,REVIEW,REVIEW,4,_qh_triangulate,0x00063380,1440,442,409,,,,,,,-other:bit@670 +1 x2 +2 x5 +512 +9 +derived:bit@670 +derived:clear@188 +derived:clear@650,,calls counts +qh_delfacet; data counts -_qh_qh+0x824 x2 -_qh_qh+0x8e0 -_qh_qhstat+0x678 -_qh_qhstat+0x680; n_insn 442->409; n_jcc 64->60; ebp frame no->yes; imms -0x2 x2 -0xefffffff -0xfffffbff +0x0 x11 +0x1; field bytes -other[0x0..0x3] -other[0x18..0x1b] -other[0x20..0x23] -other[0x28..0x2b] -other[0x40..0x47] +derived[0x0..0x3] +derived[0x17..0x1b] +derived[0x28..0x2b] +derived[0x30..0x33] +derived[0x40..0x47] +derived[0x4c..0x4f],+2:je +2:jl x3 +3:jl,+derived:0x18=0 +derived:0x28=0 +derived:0x40=0 +derived:0x44=0,
0x00079fb0,phys_fn_003192,157,mapped,qh_triangulate,REVIEW,REVIEW,4,_qh_triangulate,0x00063380,1440,442,409,,,,,,,-other:bit@670 +1 x2 +2 x5 +512 +9 +derived:bit@670 +derived:clear@188 +derived:clear@650,,calls counts +qh_delfacet; data counts -_qh_qh+0x824 x2 -_qh_qh+0x8e0 -_qh_qhstat+0x678 -_qh_qhstat+0x680; n_insn 442->409; n_jcc 64->60; ebp frame no->yes; imms -0x2 x2 -0xefffffff -0xfffffbff +0x0 x11 +0x1; field bytes -other[0x0..0x3] -other[0x18..0x1b] -other[0x20..0x23] -other[0x28..0x2b] -other[0x40..0x47] +derived[0x0..0x3] +derived[0x17..0x1b] +derived[0x28..0x2b] +derived[0x30..0x33] +derived[0x40..0x47] +derived[0x4c..0x4f],+2:je +2:jl x3 +3:jl,+derived:0x18=0 +derived:0x28=0 +derived:0x40=0 +derived:0x44=0,
0x0007a050,phys_fn_003194,540,mapped,qh_triangulate,REVIEW,REVIEW,4,_qh_triangulate,0x00063380,1440,442,409,,,,,,,-other:bit@670 +1 x2 +2 x5 +512 +9 +derived:bit@670 +derived:clear@188 +derived:clear@650,,calls counts +qh_delfacet; data counts -_qh_qh+0x824 x2 -_qh_qh+0x8e0 -_qh_qhstat+0x678 -_qh_qhstat+0x680; n_insn 442->409; n_jcc 64->60; ebp frame no->yes; imms -0x2 x2 -0xefffffff -0xfffffbff +0x0 x11 +0x1; field bytes -other[0x0..0x3] -other[0x18..0x1b] -other[0x20..0x23] -other[0x28..0x2b] -other[0x40..0x47] +derived[0x0..0x3] +derived[0x17..0x1b] +derived[0x28..0x2b] +derived[0x30..0x33] +derived[0x40..0x47] +derived[0x4c..0x4f],+2:je +2:jl x3 +3:jl,+derived:0x18=0 +derived:0x28=0 +derived:0x40=0 +derived:0x44=0,
0x0007a270,phys_fn_003196,41,mapped,qh_vertexintersect,SHAPE,SHAPE,1,_qh_vertexintersect,0x00063e80,48,18,19,,,,,,,,,n_insn 18->19; ebp frame no->yes,,,
0x0007a2a0,phys_fn_003198,137,mapped,qh_check_output,SHAPE,SHAPE,1,_qh_check_output,0x0005ea60,144,44,38,,,,,,,,,n_insn 44->38; ebp frame no->yes,+0:jne x2,,
0x0007a330,phys_fn_003200,1274,mapped,qh_initbuild,DIFF,DIFF,1,_qh_initbuild,0x00061280,1632,374,434,calls floats data,+qh_setsize,,--2.0,-_qh_qh+0x10c; +_qh_qh+0x108; +_qh_qh+0x8fc,-derived[0x2c..0x2f] -derived[0x4c..0x4f],+7,-mul,"inlining: candidate inlines qh_furthestnext, candidate inlines qh_isvertex, candidate inlines qh_prependfacet; n_insn 374->434; n_jcc 43->62; x87 21->34; fchs 0->1; ebp frame no->yes; imms -0x7 +0x0 x19 +0x4",+0:je x6 +0:jle x2 +0:jne x6 +4:jl +7:jne,,
0x0007a830,phys_fn_003202,848,mapped,qh_buildtracing,DIFF,DIFF,1,_qh_buildtracing,0x0005c160,800,263,229,calls,-icall[?]+0x10,,,,-other[0x10..0x13] -other[0x30..0x33] -other[0x48..0x4b] +derived[0x10..0x13] +derived[0x30..0x33] +derived[0x48..0x4b],+2147483647 x2,-mul +div,"reciprocal float 0.0010000000474974513~1000.0; floats counts -0.0010000000474974513 x3 +1000.0 x3; data counts -_qh_qhstat+0x1a8; n_insn 263->229; n_jcc 20->18; x87 25->33; float widths -4 x3,+8 x2; imms -0x7fffffff +0x0",+2147483647:jbe,,
0x0007ab80,phys_fn_003203,48,mapped,qh_errexit2,SHAPE,SHAPE,1,_qh_errexit2,0x0005c480,48,12,13,,,,,,,,,n_insn 12->13; ebp frame no->yes,,,
0x0007abb0,phys_fn_003204,622,mapped,qh_nextfurthest,REVIEW,REVIEW,1,_qh_nextfurthest,0x0005c890,624,218,206,,,,,,,,+div,inlining: oracle inlines floor; reciprocal float 4.656612875245797e-10~2147483647.0; n_insn 218->206; x87 12->14,+0:je +0:jne,,
0x0007ae20,phys_fn_003206,93,mapped,qh_precision,SHAPE,SHAPE,1,_qh_precision,0x0005d620,96,28,26,,,,,,,,,n_insn 28->26; ebp frame no->yes,+0:je x2 +0:jne x2,,
0x0007ae80,phys_fn_003208,109,mapped,qh_printsummary,DIFF,DIFF,2,_qh_printsummary,0x0005d680,2224,838,654,calls floats,-icall[getter]+0x10,,+2.0,,-other[0x0..0x3] +derived[0x0..0x3],-268435456 +-1 +268435968 x2 +8192,,"reciprocal float 0.0010000000474974513~1000.0; data counts -_qh_qh+0x50 -_qh_qh+0x5c -_qh_qh+0x700 -_qh_qh+0x878 -_qh_qh+0x8d0 -_qh_qh+0x8d8; n_insn 838->654; n_jcc 73->72; x87 63->87; ebp frame no->yes; float widths -4,+8",+0:je x8 +0:jne x4 +268435968:jne,,
0x0007aef0,phys_fn_003210,2490,mapped,qh_printsummary,DIFF,DIFF,2,_qh_printsummary,0x0005d680,2224,838,654,calls floats,-icall[getter]+0x10,,+2.0,,-other[0x0..0x3] +derived[0x0..0x3],-268435456 +-1 +268435968 x2 +8192,,"reciprocal float 0.0010000000474974513~1000.0; data counts -_qh_qh+0x50 -_qh_qh+0x5c -_qh_qh+0x700 -_qh_qh+0x878 -_qh_qh+0x8d0 -_qh_qh+0x8d8; n_insn 838->654; n_jcc 73->72; x87 63->87; ebp frame no->yes; float widths -4,+8",+0:je x8 +0:jne x4 +268435968:jne,,
0x0007b8b0,phys_fn_003212,1087,mapped,qh_findhorizon,REVIEW,REVIEW,1,_qh_findhorizon,0x0005c4b0,992,317,276,,,,,,,-derived:clear@664 -other:bit@649 +-16777217 +512,,calls counts +qh_errprint; data counts -_qh_qh+0x824 -_qh_qh+0x8e0 -_qh_qhstat+0x100 -_qh_qhstat+0x620 -_qh_qhstat+0x650 x2; n_insn 317->276; x87 37->34; float widths -8; imms +0x0 x15 +0x4,-4:jl +0:je x3 +0:jne x3 +1:jl,+derived:0x20=0,
0x0007bcf0,phys_fn_003214,754,mapped,qh_partitionpoint,SHAPE,SHAPE,1,_qh_partitionpoint,0x0005d190,672,260,217,,,,,,,,,calls counts -qh_partitioncoplanar x2; data counts -_qh_qh+0x84c -_qh_qhstat+0x110 -_qh_qhstat+0x518 -_qh_qhstat+0x520 -_qh_qhstat+0x530 -_qh_qhstat+0x638; n_insn 260->217; n_jcc 23->24; x87 27->38; fchs 4->5,+0:je +0:jne x2 +4:jl,,
0x0007bff0,phys_fn_003216,89,mapped,qh_partitionall,SHAPE,SHAPE,3,_qh_partitionall,0x0005cb00,896,298,280,,,,,,,,,data counts -_qh_qh+0x84c -_qh_qh+0x888 -_qh_qhstat+0x528 x2; n_insn 298->280; x87 23->27; imms -0x4 x2 +0x0 x7 +0x1,-4:jl +0:je x2 +0:jne x5,,
0x0007c050,phys_fn_003218,333,mapped,qh_partitionall,SHAPE,SHAPE,3,_qh_partitionall,0x0005cb00,896,298,280,,,,,,,,,data counts -_qh_qh+0x84c -_qh_qh+0x888 -_qh_qhstat+0x528 x2; n_insn 298->280; x87 23->27; imms -0x4 x2 +0x0 x7 +0x1,-4:jl +0:je x2 +0:jne x5,,
0x0007c1a0,phys_fn_003220,514,mapped,qh_partitionall,SHAPE,SHAPE,3,_qh_partitionall,0x0005cb00,896,298,280,,,,,,,,,data counts -_qh_qh+0x84c -_qh_qh+0x888 -_qh_qhstat+0x528 x2; n_insn 298->280; x87 23->27; imms -0x4 x2 +0x0 x7 +0x1,-4:jl +0:je x2 +0:jne x5,,
0x0007c3b0,phys_fn_003222,835,mapped,qh_partitioncoplanar,SHAPE,SHAPE,1,_qh_partitioncoplanar,0x0005ce80,784,269,250,,,,,,,,,data counts -_qh_qhstat+0x500 -_qh_qhstat+0x508; n_insn 269->250; x87 33->40,+0:je +0:jne x2 +2:jl +4:jl,,
0x0007c700,phys_fn_003224,333,mapped,qh_partitionvisible,REVIEW,REVIEW,2,_qh_partitionvisible,0x0005d430,496,175,160,,,,,,-derived[0x50] -derived[0x52..0x53] -other[0x50] -other[0x52..0x53] +derived[0x4..0x7] +other[0x4..0x7],,,data counts -_qh_qh+0x890; n_insn 175->160; ebp frame no->yes,+0:je x2 +0:jne,,
0x0007c850,phys_fn_003226,174,mapped,qh_partitionvisible,REVIEW,REVIEW,2,_qh_partitionvisible,0x0005d430,496,175,160,,,,,,-derived[0x50] -derived[0x52..0x53] -other[0x50] -other[0x52..0x53] +derived[0x4..0x7] +other[0x4..0x7],,,data counts -_qh_qh+0x890; n_insn 175->160; ebp frame no->yes,+0:je x2 +0:jne,,
0x0007c900,phys_fn_003228,1143,mapped,qh_addpoint,REVIEW,REVIEW,1,_qh_addpoint,0x0005b930,1104,342,318,,,,,,,+50 x2 +derived:bit@653 +other:set@658,,data counts -_qh_qhstat+0x4a0 -_qh_qhstat+0x520 -_qh_qhstat+0x538 -_qh_qhstat+0x560; call order; n_insn 342->318; n_jcc 34->33; x87 36->48; imms -0x2000 -0x32 +0x0 x11; field bytes -other[0x0..0x3] -other[0x50..0x51] -other[0x53] +derived[0x0..0x3] +derived[0x30..0x33] +derived[0x51],+0:je x4 +0:jne x3 +50:jg +50:jge,,
0x0007cd80,phys_fn_003230,504,mapped,qh_buildhull,SHAPE,SHAPE,1,_qh_buildhull,0x0005bf70,496,163,149,,,,,,,,,data counts -_qh_qh+0x84c +_qh_qh+0x810; n_insn 163->149; ebp frame no->yes; field bytes -other[0x50] -other[0x52..0x53],+0:je x2,,
0x0007cf80,phys_fn_003232,509,mapped,qh_build_withrestart,SHAPE,SHAPE,1,_qh_build_withrestart,0x0005bd80,496,137,125,,,,,,,,,data counts -_qh_qh+0x868 -_qh_qh+0x878 x3 -_qh_qhstat+0x590; n_insn 137->125; imms +0x0 x9; field bytes -other[0x1..0x3],+0:je +0:jne,+derived:0x100eae48=0,
0x0007d180,phys_fn_003234,657,mapped,qh_qhull,REVIEW,REVIEW,1,_qh_qhull,0x0005df30,624,181,151,,,,,,-other[0x0..0x3],,,n_insn 181->151,+0:je x4 +0:jne x6,,
0x0007ed50,phys_fn_003281,89,mapped,qh_setdel,SHAPE,SHAPE,1,_qh_setdel,0x0005a620,112,40,46,,,,,,,,,n_insn 40->46; ebp frame no->yes,-0:je x2,-derived:0x0=0,
0x0007edb0,phys_fn_003283,63,mapped,qh_setdellast,SHAPE,SHAPE,1,_qh_setdellast,0x0005a690,80,23,29,,,,,,,,,n_insn 23->29; ebp frame no->yes,+0:je,,
0x0007edf0,phys_fn_003285,92,mapped,qh_setdelsorted,SHAPE,SHAPE,1,_qh_setdelsorted,0x0005a7f0,112,41,47,,,,,,,,,n_insn 41->47; ebp frame no->yes; imms -0x4 x2,-0:je,,
0x0007ee50,phys_fn_003287,86,mapped,qh_setequal,DIFF,DIFF,1,_qh_setequal,0x0005a950,144,41,65,calls,-memcmp,,,,,+-1 +-2 +-3 +-4 +2,,n_insn 41->65; n_jcc 4->15; ebp frame no->yes; imms +0x4 x6,+-1:je +-2:je +-3:je +-4:je,,
0x0007eeb0,phys_fn_003289,115,mapped,qh_setequal_except,SHAPE,SHAPE,1,_qh_setequal_except,0x0005a9e0,112,55,55,,,,,,,,,ebp frame no->yes; imms -0x1,,,
0x0007ef30,phys_fn_003291,86,mapped,qh_setequal_skip,SHAPE,SHAPE,1,_qh_setequal_skip,0x0005aa50,96,39,43,,,,,,,,,n_insn 39->43; n_jcc 4->5; ebp frame no->yes; imms +0x4,,,
0x0007ef90,phys_fn_003293,89,mapped,qh_setfree,SHAPE,SHAPE,1,_qh_setfree,0x0005aab0,96,30,33,,,,,,,,,n_insn 30->33; ebp frame no->yes,,,
0x0007eff0,phys_fn_003295,48,mapped,qh_setfreelong,SHAPE,SHAPE,1,_qh_setfreelong,0x0005aba0,64,17,19,,,,,,,,,n_insn 17->19; ebp frame no->yes,,,
0x0007f020,phys_fn_003296,43,mapped,qh_setin,REVIEW,REVIEW,1,_qh_setin,0x0005abe0,48,18,22,,,,,,-other[0x0..0x3] +other[0x4..0x7],,,n_insn 18->22; ebp frame no->yes,,,
0x0007f050,phys_fn_003298,68,mapped,qh_setindex,SHAPE,SHAPE,1,_qh_setindex,0x0005ac10,80,31,41,,,,,,,,,n_insn 31->41; ebp frame no->yes; imms -0x4,,,
0x0007f0a0,phys_fn_003300,36,mapped,qh_setlast,SHAPE,SHAPE,1,_qh_setlast,0x0005ad50,48,16,21,,,,,,,,,n_insn 16->21; ebp frame no->yes,,,
0x0007f0d0,phys_fn_003302,156,mapped,qh_setnew,SHAPE,SHAPE,1,_qh_setnew,0x0005ad80,160,49,51,,,,,,,,,n_insn 49->51; ebp frame no->yes; imms -0x0 -0x1,,-other:0x4=0,
0x0007f170,phys_fn_003304,165,mapped,qh_setprint,SHAPE,SHAPE,1,_qh_setprint,0x0005afe0,144,69,56,,,,,,,,,n_insn 69->56; ebp frame no->yes; imms -0x4 x2,,,
0x0007f220,phys_fn_003306,122,mapped,qh_setreplace,SHAPE,SHAPE,1,_qh_setreplace,0x0005b070,128,38,38,,,,,,,,,ebp frame no->yes,-0:je x2,,
0x0007f2a0,phys_fn_003308,98,mapped,qh_setsize,SHAPE,SHAPE,1,_qh_setsize,0x0005b0f0,96,43,43,,,,,,,,,ebp frame no->yes,,,
0x0007f310,phys_fn_003310,106,mapped,qh_settempfree_all,REVIEW,REVIEW,1,_qh_settempfree_all,0x0005b490,208,37,56,,,,,,+other[0x4..0x7],,,inlining: candidate inlines qh_setfree; n_insn 37->56; n_jcc 5->6; imms -0x4 +0x0 x2,,,
0x0007f380,phys_fn_003312,188,mapped,qh_settemppop,SHAPE,SHAPE,1,_qh_settemppop,0x0005b560,320,63,107,,,,,,,,,inlining: candidate inlines qh_setsize; n_insn 63->107; n_jcc 5->11; ebp frame no->yes; imms +0x0 x4 +0x5 x2; field bytes -derived[0x0..0x3],+0:je,,
0x0007f440,phys_fn_003314,93,mapped,qh_settruncate,SHAPE,SHAPE,1,_qh_settruncate,0x0005b7c0,96,33,31,,,,,,,,,n_insn 33->31; ebp frame no->yes,,,
0x0007f4a0,phys_fn_003316,125,mapped,qh_setzero,REVIEW,REVIEW,1,_qh_setzero,0x0005b8a0,128,48,45,,,,,,,-2 -3,,calls counts -memset; n_insn 48->45; ebp frame no->yes; imms +0x0,,,
0x0007f520,phys_fn_003318,158,mapped,qh_setcheck,SHAPE,SHAPE,1,_qh_setcheck,0x0005a470,176,57,54,,,,,,,,,calls counts +icall[host]+0x10; data counts +_qhmem+0x34; n_insn 57->54; n_jcc 5->6; ebp frame no->yes; imms +0x1,,,
0x0007f5c0,phys_fn_003320,76,mapped,qh_setcompact,SHAPE,SHAPE,1,_qh_setcompact,0x0005a520,160,36,59,,,,,,,,,inlining: candidate inlines qh_settruncate; n_insn 36->59; n_jcc 4->6; ebp frame no->yes; imms -0x4 +0x0 x3 +0x5,,,
0x0007f610,phys_fn_003322,82,mapped,qh_setcopy,REVIEW,REVIEW,1,_qh_setcopy,0x0005a5c0,96,33,40,,,,,,,-2 -3,,calls counts -memcpy; n_insn 33->40; n_jcc 2->1; ebp frame no->yes,,,
0x0007f670,phys_fn_003324,121,mapped,qh_setdelnth,REVIEW,REVIEW,1,_qh_setdelnth,0x0005a6e0,128,46,45,,,,,,+derived[0x4..0x7],,,n_insn 46->45; ebp frame no->yes,,,
0x0007f6f0,phys_fn_003326,139,mapped,qh_setdelnthsorted,SHAPE,SHAPE,1,_qh_setdelnthsorted,0x0005a760,144,54,55,,,,,,,,,n_insn 54->55; ebp frame no->yes; imms -0x4 x2,,,
0x0007f780,phys_fn_003328,185,mapped,qh_setlarger,REVIEW,REVIEW,1,_qh_setlarger,0x0005ac60,240,72,97,,,,,,,-2 -3,,inlining: candidate inlines qh_setfree; n_insn 72->97; n_jcc 6->8; ebp frame no->yes; imms -0x4,,,
0x0007f840,phys_fn_003330,325,mapped,qh_setnew_delnthsorted,REVIEW,REVIEW,1,_qh_setnew_delnthsorted,0x0005ae20,404,124,153,,,,,,+other[0x8..0xf],-2 x2 -3 x2,,calls counts -memcpy x2; n_insn 124->153; ebp frame no->yes; imms -0x4 x12 +0x0 x2 +0x10 x3 +0x8 x3 +0xc x3 +0xffffffff,+4:ja,+other:0x0=0 x2,
0x0007f9b0,phys_fn_003332,171,mapped,qh_setaddnth,REVIEW,REVIEW,1,_qh_setaddnth,0x0005a150,160,72,63,,,,,,+derived[0x4..0x7],,,n_insn 72->63; ebp frame no->yes; imms -0x4 +0x1 x2,-0:jne,,
0x0007fa60,phys_fn_003334,70,mapped,qh_setappend,REVIEW,REVIEW,1,_qh_setappend,0x0005a2c0,80,28,32,,,,,,-derived[0x4..0x7],,,n_insn 28->32; ebp frame no->yes,,-derived:0x4=0,
0x0007fab0,phys_fn_003336,159,mapped,qh_setappend_set,REVIEW,REVIEW,1,_qh_setappend_set,0x0005a360,272,67,107,,,,,,,-2 -3,,inlining: candidate inlines qh_setcopy; n_insn 67->107; n_jcc 6->7; ebp frame no->yes; imms +0x4,-0:jne,,
0x0007fb50,phys_fn_003338,73,mapped,qh_setappend2ndlast,SHAPE,SHAPE,1,_qh_setappend2ndlast,0x0005a310,80,26,33,,,,,,,,,n_insn 26->33; ebp frame no->yes,-0:jne,,
0x0007fba0,phys_fn_003340,145,mapped,qh_settemp,REVIEW,REVIEW,1,_qh_settemp,0x0005b150,208,49,74,,,,,,-derived[0x4..0x7],,,inlining: candidate inlines qh_setsize; n_insn 49->74; n_jcc 4->7; ebp frame no->yes; imms +0x0 x2 +0x5,-0:jne,-derived:0x4=0,
0x0007fc40,phys_fn_003342,145,mapped,qh_settemppush,REVIEW,REVIEW,1,_qh_settemppush,0x0005b6a0,288,48,98,,,,,,-derived[0x4..0x7],,,inlining: candidate inlines qh_setsize; n_insn 48->98; n_jcc 4->10; ebp frame no->yes; imms +0x0 x4 +0x5 x2,,-derived:0x4=0,
0x0007fce0,phys_fn_003344,58,mapped,qh_setunique,SHAPE,SHAPE,1,_qh_setunique,0x0005b820,128,26,52,,,,,,,,,inlining: candidate inlines qh_setappend; n_insn 26->52; n_jcc 4->7; ebp frame no->yes; imms +0x0 +0x4,,,
0x0007fd20,phys_fn_003346,128,mapped,qh_settempfree,REVIEW,REVIEW,1,_qh_settempfree,0x0005b220,624,50,214,,,,,,-derived[0x4..0x7],,,"inlining: candidate inlines qh_setsize, candidate inlines qh_settemppush, candidate inlines qh_setsize; n_insn 50->214; n_jcc 2->21; ebp frame no->yes; imms +0x0 x11 +0x5 x5",,,
0x000814f0,phys_fn_003372,776,mapped,qh_allstatA,SHAPE,SHAPE,1,_qh_allstatA,0x00056d00,784,129,129,,,,,,,,,imms +0x1 x10,,-other:0x10125b78=-113 -other:0x10125b78=-114 -other:0x10125b78=-115 -other:0x10125b78=-121 -other:0x10125b78=-122 -other:0x10125b78=-123 -other:0x10125b78=-125 -other:0x10125b78=-46 -other:0x10125b78=-47 -other:0x10125b78=14 -other:0x10125b78=25 -other:0x10125b78=32 -other:0x10125b78=34 -other:0x10125b78=35 -other:0x10125b78=59 -other:0x10125b78=60,
0x00081800,phys_fn_003374,1197,mapped,qh_allstatB,SHAPE,SHAPE,1,_qh_allstatB,0x00057010,1184,209,199,,,,,,,,,data counts -_qh_qhstat+0xf00; n_insn 209->199; imms +0x1 x8 +0x2 x4 +0x3 x6 +0x7 +0x8 x2 +0x9a,,-other:0x10125b78=-101 -other:0x10125b78=-103 -other:0x10125b78=-104 -other:0x10125b78=-105 -other:0x10125b78=-106 -other:0x10125b78=-110 -other:0x10125b78=-111 -other:0x10125b78=-42 -other:0x10125b78=-55 -other:0x10125b78=-56 -other:0x10125b78=-63 -other:0x10125b78=-86 -other:0x10125b78=-99 -other:0x10125b78=10 -other:0x10125b78=108 -other:0x10125b78=111,
0x00081cb0,phys_fn_003376,1298,mapped,qh_allstatC,SHAPE,SHAPE,1,_qh_allstatC,0x000574b0,1280,223,214,,,,,,,,,strings counts +str:  standard deviation; data counts -_qh_qhstat+0xf00; n_insn 223->214; imms -0xa7 +0x1 x16 +0x3 x3 +0x6 x3 +0xac +0xc3,,-other:0x10125b78=-100 -other:0x10125b78=-107 -other:0x10125b78=-108 -other:0x10125b78=-109 -other:0x10125b78=-112 -other:0x10125b78=-116 -other:0x10125b78=-117 -other:0x10125b78=-118 -other:0x10125b78=-119 -other:0x10125b78=-38 -other:0x10125b78=-39 -other:0x10125b78=-40 -other:0x10125b78=-41 -other:0x10125b78=-54 -other:0x10125b78=-60 -other:0x10125b78=-64,
0x000821d0,phys_fn_003378,832,mapped,qh_allstatD,SHAPE,SHAPE,1,_qh_allstatD,0x000579b0,832,147,137,,,,,,,,,strings counts +str: ave. facets tested x2; data counts -_qh_qhstat+0xf00; n_insn 147->137; imms -0x52 -0x5b +0x1 x8 +0x2 x4 +0x3 x3 +0x57,,-other:0x10125b78=-94 -other:0x10125b78=-95 -other:0x10125b78=-97 -other:0x10125b78=47 -other:0x10125b78=48 -other:0x10125b78=61 -other:0x10125b78=82 -other:0x10125b78=83 -other:0x10125b78=84 -other:0x10125b78=85 -other:0x10125b78=87 -other:0x10125b78=88 -other:0x10125b78=89 -other:0x10125b78=90 -other:0x10125b78=91 -other:0x10125b78=92,
0x00082510,phys_fn_003379,761,mapped,qh_allstatE,SHAPE,SHAPE,1,_qh_allstatE,0x00057cf0,784,128,127,,,,,,,,,n_insn 128->127; imms +0x1 x16,,-other:0x10125b78=-57 -other:0x10125b78=-58 -other:0x10125b78=-90 -other:0x10125b78=-91 -other:0x10125b78=-92 -other:0x10125b78=-93 -other:0x10125b78=-96 -other:0x10125b78=109 -other:0x10125b78=17 -other:0x10125b78=18 -other:0x10125b78=21 -other:0x10125b78=33 -other:0x10125b78=50 -other:0x10125b78=51 -other:0x10125b78=52 -other:0x10125b78=53,
0x00082810,phys_fn_003381,682,mapped,qh_allstatE2,SHAPE,SHAPE,1,_qh_allstatE2,0x00058000,688,114,115,,,,,,,,,n_insn 114->115; imms +0x1 x13,,-other:0x10125b78=100 -other:0x10125b78=101 -other:0x10125b78=15 -other:0x10125b78=16 -other:0x10125b78=19 -other:0x10125b78=26 -other:0x10125b78=30 -other:0x10125b78=31 -other:0x10125b78=57 -other:0x10125b78=62 -other:0x10125b78=63 -other:0x10125b78=7 -other:0x10125b78=72 -other:0x10125b78=77 -other:0x10125b78=98 -other:0x10125b78=99,
0x00082ac0,phys_fn_003383,1166,mapped,qh_allstatF,SHAPE,SHAPE,1,_qh_allstatF,0x000582b0,1152,200,192,,,,,,,,,data counts -_qh_qhstat+0xf00; n_insn 200->192; imms +0x1 x14 +0x2 x7 +0x27 +0xab,,-other:0x10125b78=-120 -other:0x10125b78=-124 -other:0x10125b78=-126 -other:0x10125b78=-127 -other:0x10125b78=-128 -other:0x10125b78=-36 -other:0x10125b78=-37 -other:0x10125b78=-59 -other:0x10125b78=-62 -other:0x10125b78=-98 -other:0x10125b78=110 -other:0x10125b78=119 -other:0x10125b78=120 -other:0x10125b78=121 -other:0x10125b78=122 -other:0x10125b78=123,
0x00082f50,phys_fn_003385,878,mapped,qh_allstatG,SHAPE,SHAPE,1,_qh_allstatG,0x00058730,928,164,155,,,,,,,,,strings counts +str:  average merge distance x6 +str:  maximum merge distance x6; data counts -_qh_qhstat+0xf00; n_insn 164->155; imms +0x0 +0x1 x7 +0x6 x6 +0x7 x6,,-other:0x10125b78=11 -other:0x10125b78=12 -other:0x10125b78=13 -other:0x10125b78=2 -other:0x10125b78=22 -other:0x10125b78=23 -other:0x10125b78=24 -other:0x10125b78=27 -other:0x10125b78=28 -other:0x10125b78=29 -other:0x10125b78=41 -other:0x10125b78=42 -other:0x10125b78=43 -other:0x10125b78=73 -other:0x10125b78=74 -other:0x10125b78=75,
0x000832c0,phys_fn_003387,1068,mapped,qh_allstatH,SHAPE,SHAPE,1,_qh_allstatH,0x00058ad0,1088,180,178,,,,,,,,,n_insn 180->178; imms +0x1 x14 +0x2 x5,,-other:0x10125b78=-43 -other:0x10125b78=-44 -other:0x10125b78=-45 -other:0x10125b78=-79 -other:0x10125b78=-80 -other:0x10125b78=-81 -other:0x10125b78=-82 -other:0x10125b78=-83 -other:0x10125b78=103 -other:0x10125b78=104 -other:0x10125b78=105 -other:0x10125b78=106 -other:0x10125b78=107 -other:0x10125b78=115 -other:0x10125b78=116 -other:0x10125b78=117,
0x000836f0,phys_fn_003389,880,mapped,qh_allstatI,SHAPE,SHAPE,1,_qh_allstatI,0x00058f10,880,148,147,,,,,,,,,n_insn 148->147; imms +0x1 x7 +0x7 x3 +0xb4 +0xcb,,-other:0x10125b78=-48 -other:0x10125b78=-49 -other:0x10125b78=-50 -other:0x10125b78=-51 -other:0x10125b78=-52 -other:0x10125b78=-65 -other:0x10125b78=-66 -other:0x10125b78=-67 -other:0x10125b78=-68 -other:0x10125b78=-69 -other:0x10125b78=-70 -other:0x10125b78=-71 -other:0x10125b78=-72 -other:0x10125b78=-73 -other:0x10125b78=-74 -other:0x10125b78=-75,
0x00083a60,phys_fn_003390,17,mapped,qh_allstatistics,SHAPE,SHAPE,1,_qh_allstatistics,0x00059280,32,6,6,,,,,,,,,imms +0x0 +0x1,,+other:0x100ec11b=0,
0x00083a80,phys_fn_003392,378,mapped,qh_collectstatistics,REVIEW,REVIEW,2,_qh_collectstatistics,0x000592a0,1136,343,297,,,,,,-other[0x14..0x16] +derived[0x4..0x7] +derived[0x30..0x33],-1 -2 +1073741823 +derived:bit@654 +derived:clear@654 +derived:set@654 +other:bit@187 +other:bit@654,,data counts -_qh_qh+0x1a0 x2 -_qh_qh+0x888 -_qh_qh+0x898 -_qh_qh+0x948 x2 -_qh_qhstat+0x18 -_qh_qhstat+0x1b8; n_insn 343->297; n_jcc 52->50; x87 37->33; float widths -8; imms -0x4000 -0x8000000 -0xffffbfff +0x0 x12 +0x18 +0x4 +0x68 +0x8 x2,+0:je x4 +0:jne,,
0x00083c00,phys_fn_003394,805,mapped,qh_collectstatistics,REVIEW,REVIEW,2,_qh_collectstatistics,0x000592a0,1136,343,297,,,,,,-other[0x14..0x16] +derived[0x4..0x7] +derived[0x30..0x33],-1 -2 +1073741823 +derived:bit@654 +derived:clear@654 +derived:set@654 +other:bit@187 +other:bit@654,,data counts -_qh_qh+0x1a0 x2 -_qh_qh+0x888 -_qh_qh+0x898 -_qh_qh+0x948 x2 -_qh_qhstat+0x18 -_qh_qhstat+0x1b8; n_insn 343->297; n_jcc 52->50; x87 37->33; float widths -8; imms -0x4000 -0x8000000 -0xffffbfff +0x0 x12 +0x18 +0x4 +0x68 +0x8 x2,+0:je x4 +0:jne,,
0x00083f30,phys_fn_003396,689,mapped,qh_initstatistics,DIFF,DIFF,1,_qh_initstatistics,0x00059720,240,159,49,data,,,,-_qh_qhstat+0x10; -_qh_qhstat+0x18; -_qh_qhstat+0x20; -_qh_qhstat+0x28; -_qh_qhstat+0x30; -_qh_qhstat+0x38; -_qh_qhstat+0x6e8; -_qh_qhstat+0x8; -_qh_qhstat+0xcff; -_qh_qhstat+0xd00; -_qh_qhstat+0xd01; -_qh_qhstat+0xd02; -_qh_qhstat+0xd03; -_qh_qhstat+0xd04; -_qh_qhstat+0xd05,-derived[0x0] -other[0x0..0x7],-214 -5 x8,,n_insn 159->49; n_jcc 22->4; x87 24->8; float widths -8; imms -0x8 x2,-214:jl -221:jge -269638520:jl -5:jle x8 +221:jl,,
0x000841f0,phys_fn_003398,74,probable,qh_nostatistic,REVIEW,REVIEW,1,_qh_nostatistic,0x000598c0,80,21,27,,,,,,,-5 +3,,n_insn 21->27; n_jcc 4->3; ebp frame no->yes,-5:jge,,
0x00084240,phys_fn_003400,401,mapped,qh_printstatlevel,REVIEW,REVIEW,1,_qh_printstatlevel,0x00059dd0,336,116,91,,,,,,-other[0x0..0x3],-5 x3 +-1 x2,,calls counts -icall[host]+0x10; data counts -_qh_qhstat -_qh_qhstat+0xb44 x2; n_insn 116->91; n_jcc 15->10; x87 8->14; ebp frame no->yes,--1:je -5:jge x2 -5:jl x2 +0:jne x3,-other:0x1012626b=1 +other:0x100ec11b=1,
0x000843e0,phys_fn_003402,39,mapped,qh_newstats,REVIEW,REVIEW,2,_qh_newstats,0x00059810,176,62,62,,,,,,,-5,,ebp frame no->yes,-5:jge +0:jne,,
0x00084410,phys_fn_003404,130,mapped,qh_newstats,REVIEW,REVIEW,2,_qh_newstats,0x00059810,176,62,62,,,,,,,-5,,ebp frame no->yes,-5:jge +0:jne,,
0x000844a0,phys_fn_003406,103,mapped,qh_printstats,REVIEW,REVIEW,1,_qh_printstats,0x00059f20,512,42,140,,,,,,,+-1,,"inlining: candidate inlines qh_newstats, candidate inlines qh_printstatlevel; n_insn 42->140; n_jcc 4->23; x87 0->18; ebp frame no->yes; imms -0x0 +0x1 x2",+-1:je +-1:jne x2 +0:jne x3 +221:jae +5:jl +5:jle,+other:0x100ec11b=1,
0x00084510,phys_fn_003408,566,mapped,qh_printstatistics,DIFF,DIFF,2,_qh_printstatistics,0x00059b80,592,204,165,calls,-icall[?]+0x10; -icall[obj]+0x10,,,,-other[0x0..0x3],,,trivial floats -1.0; floats counts -0.0 -1.0 x2; data counts -_qh_qh+0x30 -_qh_qh+0x38 -_qh_qhstat+0x548; n_insn 204->165; x87 66->65; float widths -8 x4,+0:je x3,,
0x00084750,phys_fn_003410,116,mapped,qh_printstatistics,DIFF,DIFF,2,_qh_printstatistics,0x00059b80,592,204,165,calls,-icall[?]+0x10; -icall[obj]+0x10,,,,-other[0x0..0x3],,,trivial floats -1.0; floats counts -0.0 -1.0 x2; data counts -_qh_qh+0x30 -_qh_qh+0x38 -_qh_qhstat+0x548; n_insn 204->165; x87 66->65; float widths -8 x4,+0:je x3,,
0x000847d0,phys_fn_003412,48,mapped,qh_printallstatistics,DIFF,DIFF,1,_qh_printallstatistics,0x00059910,624,17,173,calls,-icall[?]+0x10; -icall[obj]+0x10,,,,-other[0x0..0x3],,,inlining: candidate inlines qh_printstatistics; trivial floats -1.0; n_insn 17->173; n_jcc 1->11; x87 0->65; ebp frame no->yes; float widths +8 x3; imms +0x0 +0x1,+0:je x3,+other:0x100ec11b=0,
0x00084800,phys_fn_003413,17,mapped,qh_errexit,REVIEW,REVIEW,1,_qh_errexit,0x00056960,16,6,7,,,,,,-other[0x0..0x3],,,n_insn 6->7; ebp frame no->yes,,,
0x00084820,phys_fn_003415,390,mapped,qh_errprint,DIFF,DIFF,1,_qh_errprint,0x00056970,368,143,113,data,,,,-_qh_qh+0x180,-other[0x0..0x3],+29,,n_insn 143->113; ebp frame no->yes; imms -0x4,-269633528:jl +0:je x2 +0:jne x2 +29:jl,,
0x000849b0,phys_fn_003417,148,mapped,qh_printfacetlist,SHAPE,SHAPE,1,_qh_printfacetlist,0x00056c50,160,63,60,,,,,,,,,n_insn 63->60; ebp frame no->yes; imms -0x4; field bytes -other[0x0..0x3] +derived[0x0..0x3],,,
