group/source_function,class,reviewed_by_task,verdict,addresses,note
qh_distplane,REVIEW,2,equivalent-option-gated,oracle 0x0005c5c0; candidate 0x0007f7a0,"x87 div/mul: division by the constant qh_RANDOMmax (or 1000) is a reciprocal multiply in the oracle; only on RANDOMdist / QJ / Qr / QRn / timing paths, none enabled by the NovodeX driver (option string ""o"", .rdata:0x0011363c) | one-sided cmp/jcc predicates: +eq0: oracle test reg,reg; je/jne at 0x0005c6df; +ult7: oracle the same compare with its jcc one or two instructions later (the matcher pairs only an adjacent jcc) at 0x0005c5d1 | other immediates (sizes/offsets/stores) differ; report_stores shows no field stored with a different value | x87 arithmetic present: execution evidence still required (Task 5)"
qh_findbesthorizon,SHAPE,2,equivalent,oracle 0x0005c7d0; candidate 0x0007fdf0,"one-sided cmp/jcc predicates: +eq0: oracle test reg,reg; je/jne at 0x0005c8cd; +lt4: oracle the same compare with its jcc one or two instructions later (the matcher pairs only an adjacent jcc) at 0x0005c8c0 | other immediates (sizes/offsets/stores) differ; report_stores shows no field stored with a different value | x87 arithmetic present: execution evidence still required (Task 5)"
qh_findbestnew,DIFF,2,equivalent,oracle 0x0005cb40; candidate 0x00080140,DIFF [calls]: unattributed host fprintf base (icall[?]+0x10) | x87 arithmetic present: execution evidence still required (Task 5)
qh_backnormal,REVIEW,2,equivalent,oracle 0x0005ceb0 0x0005cfa0; candidate 0x0007f5d0; read 0x0007f65f 0x0005d0ba 0x0005cf55,"realT array element as field vs walked pointer; element-size scaling by shift vs lea/imul; inline memcpy/memset split (shr 2 / and 3) vs call | and ecx,0x3ffffffe (0x0005d0c4) is loop-count arithmetic of the unrolled back-substitution | x87 abs: the candidate compiles qhull's fabs_ ternary ((a)<0?-(a):(a)) to fabs; they differ only in the sign of a zero or NaN result; every use here feeds a comparison or a magnitude (checked in the source) | other immediates (sizes/offsets/stores) differ; report_stores shows no field stored with a different value | x87 arithmetic present: execution evidence still required (Task 5)"
qh_gausselim,REVIEW,2,equivalent,oracle 0x0005d0e0; candidate 0x00080450,"FIXED in Task 2: geom.c NOVODEX [B1]: 1/pivot reciprocal as in the oracle (0x0005d363) | oracle cmp edx,4 (0x0005d14f) is its 4-way unrolled inner loop count; not a source compare | one-sided cmp/jcc predicates: -lt4: candidate the same compare with its jcc one or two instructions later (the matcher pairs only an adjacent jcc) at 0x0008050e | other immediates (sizes/offsets/stores) differ; report_stores shows no field stored with a different value | x87 arithmetic present: execution evidence still required (Task 5)"
qh_getangle,REVIEW,2,equivalent-option-gated,oracle 0x0005d410; candidate 0x00080650,"x87 div/mul: division by the constant qh_RANDOMmax (or 1000) is a reciprocal multiply in the oracle; only on RANDOMdist / QJ / Qr / QRn / timing paths, none enabled by the NovodeX driver (option string ""o"", .rdata:0x0011363c) | one-sided cmp/jcc predicates: +eq0: oracle test reg,reg; je/jne at 0x0005d41f | other immediates (sizes/offsets/stores) differ; report_stores shows no field stored with a different value | x87 arithmetic present: execution evidence still required (Task 5)"
qh_getcenter,SHAPE,2,equivalent,oracle 0x0005d4a0 0x0005d510; candidate 0x000806e0,FIXED in Task 2: geom.c NOVODEX [B2]: 1/count reciprocal as in the oracle (0x0005d501) | one-sided cmp/jcc predicates: +lt2: oracle the same compare with its jcc one or two instructions later (the matcher pairs only an adjacent jcc) at 0x0005d4b0 | other immediates (sizes/offsets/stores) differ; report_stores shows no field stored with a different value | x87 arithmetic present: execution evidence still required (Task 5)
qh_getdistance,REVIEW,2,equivalent-option-gated,oracle 0x0005d560; candidate 0x00080930; read 0x0005d57f 0x0005d57f,"bit mask held in a register x2 | x87 div/mul: division by the constant qh_RANDOMmax (or 1000) is a reciprocal multiply in the oracle; only on RANDOMdist / QJ / Qr / QRn / timing paths, none enabled by the NovodeX driver (option string ""o"", .rdata:0x0011363c) | inlining: candidate inlines qh_distplane | one-sided cmp/jcc predicates: +eq0: oracle test reg,reg; je/jne at 0x0005d571; +lt4: oracle dec/sub/add then branch (switch-like chain) at 0x0005d5e8; +ult7: oracle dec/sub/add then branch (switch-like chain) at 0x0005d5e8"
qh_normalize2,REVIEW,2,equivalent,oracle 0x0005d670; candidate 0x00080cd0; read 0x0005d91b,"FIXED in Task 2: geom.c NOVODEX [B3]: 1/norm reciprocal as in the oracle (0x0005d7d0) -- was a real low-bit divergence on every facet normal | element-size scaling by shift vs lea/imul | and ecx,0x1fffffff; shl ecx,1 (0x0005d91d) is index*8 address arithmetic in the zerodiv arm | one-sided cmp/jcc predicates: +eq0: oracle test reg,reg; je/jne at 0x0005d761; +eq2: oracle the same compare with its jcc one or two instructions later (the matcher pairs only an adjacent jcc) at 0x0005d68c | other immediates (sizes/offsets/stores) differ; report_stores shows no field stored with a different value | x87 arithmetic present: execution evidence still required (Task 5)"
qh_projectpoint,SHAPE,2,equivalent,oracle 0x0005d980; candidate 0x00080f50,other immediates (sizes/offsets/stores) differ; report_stores shows no field stored with a different value | x87 arithmetic present: execution evidence still required (Task 5)
qh_sethyperplane_det,SHAPE,2,equivalent,oracle 0x0005d9f0; candidate 0x00081640,"one-sided cmp/jcc predicates: +eq0: oracle test reg,reg; je/jne at 0x0005db5f; +eq2: oracle the same compare with its jcc one or two instructions later (the matcher pairs only an adjacent jcc) at 0x0005d9f7; +eq3: oracle the same compare with its jcc one or two instructions later (the matcher pairs only an adjacent jcc) at 0x0005da59 | other immediates (sizes/offsets/stores) differ; report_stores shows no field stored with a different value | x87 arithmetic present: execution evidence still required (Task 5)"
qh_sethyperplane_gauss,REVIEW,2,equivalent,oracle 0x0005de50; candidate 0x00081a80; read 0x0005dea6,"same bit tested by a register/narrowed form | one-sided cmp/jcc predicates: +eq0: oracle test reg,reg; je/jne at 0x0005de8a | other immediates (sizes/offsets/stores) differ; report_stores shows no field stored with a different value | x87 arithmetic present: execution evidence still required (Task 5)"
qh_findbest,SHAPE,2,equivalent,oracle 0x0005dfb0; candidate 0x0007fa10,"one-sided cmp/jcc predicates: -lt4: candidate the same compare with its jcc one or two instructions later (the matcher pairs only an adjacent jcc) at 0x0007fba0; +eq0: oracle test reg,reg; je/jne at 0x0005e0ff | other immediates (sizes/offsets/stores) differ; report_stores shows no field stored with a different value"
qh_getcentrum,SHAPE,2,equivalent,oracle 0x0005e3e0; candidate 0x000807a0,"inlining: candidate inlines qh_getcenter, candidate inlines qh_projectpoint | one-sided cmp/jcc predicates: +lt2: oracle dec/sub/add then branch (switch-like chain) at 0x0005e42c"
qh_normalize,SHAPE,2,equivalent,oracle 0x0005e470; candidate 0x00080cb0,no classifying difference; shape only
qh_setfacetplane,DIFF,2,equivalent,oracle 0x0005e490 0x0005e650; candidate 0x00080fd0,"DIFF [floats]: -2*qh ANGLEround: oracle fmul -2.0 (0x0005e7fe), candidate fchs; fadd st,st (0x00081402) -- exact; fabs_ -> fabs (comparison only) | x87 arithmetic present: execution evidence still required (Task 5)"
qh_copypoints,REVIEW,2,equivalent,oracle 0x0005ea60; candidate 0x0007b8f0; read 0x0005ea80 0x0005eaa6 0x0005ea67,host vptr read before an inline virtual dispatch (candidate calls the seam wrapper); inline memcpy/memset split (shr 2 / and 3) vs call x2
qh_crossproduct,SHAPE,2,equivalent,oracle 0x0005eac0; candidate 0x0007b950,no classifying difference; shape only | x87 arithmetic present: execution evidence still required (Task 5)
qh_determinant,REVIEW,2,equivalent,oracle 0x0005eb10; candidate 0x0007b9a0,"x87 abs: the candidate compiles qhull's fabs_ ternary ((a)<0?-(a):(a)) to fabs; they differ only in the sign of a zero or NaN result; every use here feeds a comparison or a magnitude (checked in the source) | one-sided cmp/jcc predicates: +eq0: oracle test reg,reg; je/jne at 0x0005ec2d; +lt2: oracle dec/sub/add then branch (switch-like chain) at 0x0005ec2a | other immediates (sizes/offsets/stores) differ; report_stores shows no field stored with a different value | x87 arithmetic present: execution evidence still required (Task 5)"
qh_detsimplex,REVIEW,2,equivalent,oracle 0x0005ec50 0x0005ec90 0x0005ecb0; candidate 0x0007c1a0,x87 abs: the candidate compiles qhull's fabs_ ternary ((a)<0?-(a):(a)) to fabs; they differ only in the sign of a zero or NaN result; every use here feeds a comparison or a magnitude (checked in the source) | inlining: candidate inlines qh_determinant | one-sided cmp/jcc predicates: +eq3: oracle dec/sub/add then branch (switch-like chain) at 0x0005ec90; +lt2: oracle the same compare with its jcc one or two instructions later (the matcher pairs only an adjacent jcc) at 0x0005ed10 | x87 arithmetic present: execution evidence still required (Task 5)
qh_distnorm,SHAPE,2,equivalent,oracle 0x0005ed60; candidate 0x0007c380,other immediates (sizes/offsets/stores) differ; report_stores shows no field stored with a different value | x87 arithmetic present: execution evidence still required (Task 5)
qh_distround,SHAPE,2,equivalent,oracle 0x0005ed90; candidate 0x0007c3b0,no classifying difference; shape only | x87 arithmetic present: execution evidence still required (Task 5)
qh_divzero,REVIEW,2,equivalent,oracle 0x0005ee20; candidate 0x0007c440,x87 abs: the candidate compiles qhull's fabs_ ternary ((a)<0?-(a):(a)) to fabs; they differ only in the sign of a zero or NaN result; every use here feeds a comparison or a magnitude (checked in the source) | x87 arithmetic present: execution evidence still required (Task 5)
qh_facetarea_simplex,REVIEW,2,equivalent,oracle 0x0005eed0 0x0005ef70; candidate 0x0007c5f0; read 0x0005f09b,"element-size scaling by shift vs lea/imul | and ecx,0x1fffffff (0x0005f09d) is index*8 address arithmetic | one-sided cmp/jcc predicates: +eq0: oracle test reg,reg; je/jne at 0x0005ef04 | other immediates (sizes/offsets/stores) differ; report_stores shows no field stored with a different value | x87 arithmetic present: execution evidence still required (Task 5)"
qh_findgooddist,SHAPE,2,equivalent,oracle 0x0005f170; candidate 0x0007c8a0,other immediates (sizes/offsets/stores) differ; report_stores shows no field stored with a different value
qh_gram_schmidt,SHAPE,2,equivalent,oracle 0x0005f360; candidate 0x0007ccc0,other immediates (sizes/offsets/stores) differ; report_stores shows no field stored with a different value | x87 arithmetic present: execution evidence still required (Task 5)
qh_inthresholds,REVIEW,2,equivalent,oracle 0x0005f460 0x0005f490; candidate 0x0007cd80,x87 abs: the candidate compiles qhull's fabs_ ternary ((a)<0?-(a):(a)) to fabs; they differ only in the sign of a zero or NaN result; every use here feeds a comparison or a magnitude (checked in the source) | x87 arithmetic present: execution evidence still required (Task 5)
qh_maxabsval,SHAPE,2,equivalent,oracle 0x0005f530; candidate 0x0007d2c0,no classifying difference; shape only
qh_maxouter,SHAPE,2,equivalent,oracle 0x0005f590; candidate 0x0007d550,no classifying difference; shape only | x87 arithmetic present: execution evidence still required (Task 5)
qh_maxsimplex,REVIEW,2,equivalent,oracle 0x0005f600 0x0005f7e0; candidate 0x0007d5b0,"x87 abs: the candidate compiles qhull's fabs_ ternary ((a)<0?-(a):(a)) to fabs; they differ only in the sign of a zero or NaN result; every use here feeds a comparison or a magnitude (checked in the source) | one-sided cmp/jcc predicates: +eq0: oracle test reg,reg; je/jne at 0x0005f654 | other immediates (sizes/offsets/stores) differ; report_stores shows no field stored with a different value"
qh_orientoutside,REVIEW,2,equivalent,oracle 0x0005f9f0; candidate 0x0007d9f0; read 0x0005fa37,realT array element as field vs walked pointer | other immediates (sizes/offsets/stores) differ; report_stores shows no field stored with a different value
qh_outerinner,SHAPE,2,equivalent,oracle 0x0005fa60; candidate 0x0007da50,"inlining: candidate inlines qh_maxouter | one-sided cmp/jcc predicates: +eq0: oracle test reg,reg; je/jne at 0x0005fa6e | x87 arithmetic present: execution evidence still required (Task 5)"
qh_pointdist,SHAPE,2,equivalent,oracle 0x0005fb70; candidate 0x0007dbd0,"one-sided cmp/jcc predicates: +lt1: oracle test reg,reg with a sign/<=0 branch at 0x0005fb7b | other immediates (sizes/offsets/stores) differ; report_stores shows no field stored with a different value | x87 arithmetic present: execution evidence still required (Task 5)"
qh_printmatrix,SHAPE,2,equivalent,oracle 0x0005fbb0; candidate 0x0007dc10,other immediates (sizes/offsets/stores) differ; report_stores shows no field stored with a different value
qh_printpoints,REVIEW,2,equivalent,oracle 0x0005fc50; candidate 0x0007dc80; read 0x0005fc5d 0x0007dca1,host vptr read before an inline virtual dispatch (candidate calls the seam wrapper); set iteration: e[0] at +4 vs walked element pointer at +0
qh_projectpoints,REVIEW,2,equivalent,oracle 0x0005fd10; candidate 0x0007e050,"candidate cmp [ebp+0xc],2 (n==2 arm, 0x0007e06c); the oracle compares against a register | one-sided cmp/jcc predicates: -eq0: candidate test reg,reg; je/jne at 0x0007e10d; +eq1: oracle the same compare with its jcc one or two instructions later (the matcher pairs only an adjacent jcc) at 0x0005fd96; +lt2: oracle dec/sub/add then branch (switch-like chain) at 0x0005fd38 | other immediates (sizes/offsets/stores) differ; report_stores shows no field stored with a different value"
qh_rand,REVIEW,2,equivalent,oracle 0x0005fe20; candidate 0x0007e170; read 0x0007e17c 0x0007e180,division by a constant via magic multiply vs idiv x2 | other immediates (sizes/offsets/stores) differ; report_stores shows no field stored with a different value
qh_srand,SHAPE,2,equivalent,oracle 0x0005fe50; candidate 0x0007f180,one-sided cmp/jcc predicates: +lt2147483647: oracle the same compare with its jcc one or two instructions later (the matcher pairs only an adjacent jcc) at 0x0005fe64
qh_randomfactor,REVIEW,2,equivalent,oracle 0x0005fe80; candidate 0x0007e1b0; read 0x0007e1c2 0x0007e1c6,division by a constant via magic multiply vs idiv x2 | other immediates (sizes/offsets/stores) differ; report_stores shows no field stored with a different value | x87 arithmetic present: execution evidence still required (Task 5)
qh_randommatrix,REVIEW,2,equivalent-option-gated,oracle 0x0005fec0; candidate 0x0007e220; read 0x0007e25e 0x0007e25e,"division by a constant via magic multiply vs idiv x2 | x87 div/mul: division by the constant qh_RANDOMmax (or 1000) is a reciprocal multiply in the oracle; only on RANDOMdist / QJ / Qr / QRn / timing paths, none enabled by the NovodeX driver (option string ""o"", .rdata:0x0011363c) | other immediates (sizes/offsets/stores) differ; report_stores shows no field stored with a different value | x87 arithmetic present: execution evidence still required (Task 5)"
qh_rotatepoints,SHAPE,2,equivalent,oracle 0x0005ff40; candidate 0x0007e400,"one-sided cmp/jcc predicates: +lt1: oracle test reg,reg with a sign/<=0 branch at 0x0005ff89 | other immediates (sizes/offsets/stores) differ; report_stores shows no field stored with a different value | x87 arithmetic present: execution evidence still required (Task 5)"
qh_scalelast,DIFF,2,equivalent,oracle 0x0005fff0; candidate 0x0007e560,DIFF [calls]: unattributed host fprintf base | x87 arithmetic present: execution evidence still required (Task 5)
qh_scalepoints,REVIEW,2,equivalent,oracle 0x00060130 0x00060340; candidate 0x0007e6a0; read 0x000601c8,"element-size scaling by shift vs lea/imul | one-sided cmp/jcc predicates: +eq0: oracle test reg,reg; je/jne at 0x00060236 | other immediates (sizes/offsets/stores) differ; report_stores shows no field stored with a different value | x87 arithmetic present: execution evidence still required (Task 5)"
qh_setdelaunay,DIFF,2,equivalent,oracle 0x00060420; candidate 0x0007e990,DIFF [calls]: unattributed host fprintf base | x87 arithmetic present: execution evidence still required (Task 5)
qh_sharpnewfacets,REVIEW,2,equivalent,oracle 0x000604d0; candidate 0x0007f080; read 0x0007f123,set iteration: e[0] at +4 vs walked element pointer at +0 | other immediates (sizes/offsets/stores) differ; report_stores shows no field stored with a different value
qh_voronoi_center,DIFF,2,equivalent,oracle 0x000605f0 0x00060690 0x000606f0 0x00060850; candidate 0x0007f1b0,"DIFF [strings]: the oracle inlines qh_printpoints with both arms ("" %d"" literal); the candidate keeps only the string arm | x87 arithmetic present: execution evidence still required (Task 5)"
qh_detjoggle,SHAPE,2,equivalent,oracle 0x00060a40; candidate 0x0007bab0,"one-sided cmp/jcc predicates: +eq0: oracle test reg,reg; je/jne at 0x00060a7b | x87 arithmetic present: execution evidence still required (Task 5)"
qh_detroundoff,DIFF,2,equivalent,oracle 0x00060be0; candidate 0x0007bc10,DIFF [floats]: constant folding 1.01*REALepsilon (2.2426e-16) vs (1.01*dim)*eps; eps is 2^-52 so both are exact scalings (checked for dim 2..4) | x87 arithmetic present: execution evidence still required (Task 5)
qh_facetarea,SHAPE,2,equivalent,oracle 0x00061170; candidate 0x0007c4d0,"one-sided cmp/jcc predicates: -eq2: candidate the same compare with its jcc one or two instructions later (the matcher pairs only an adjacent jcc) at 0x0007c51c; +eq0: oracle test reg,reg; je/jne at 0x000611e6 | other immediates (sizes/offsets/stores) differ; report_stores shows no field stored with a different value | x87 arithmetic present: execution evidence still required (Task 5)"
qh_facetcenter,SHAPE,2,equivalent,oracle 0x000612a0; candidate 0x0007c830,other immediates (sizes/offsets/stores) differ; report_stores shows no field stored with a different value
qh_getarea,SHAPE,2,equivalent,oracle 0x00061310; candidate 0x0007ca60,"inlining: candidate inlines qh_facetarea | one-sided cmp/jcc predicates: +eq0: oracle test reg,reg; je/jne at 0x0006131e; +eq2: oracle dec/sub/add then branch (switch-like chain) at 0x0006133a; +lt4: oracle dec/sub/add then branch (switch-like chain) at 0x0006133a | x87 arithmetic present: execution evidence still required (Task 5)"
qh_joggleinput,REVIEW,2,equivalent-option-gated,oracle 0x00061490; candidate 0x0007ce90; read 0x0007d161 0x0007d165 0x000614a3,"division by a constant via magic multiply vs idiv x2; compare constant held in a register | x87 div/mul: division by the constant qh_RANDOMmax (or 1000) is a reciprocal multiply in the oracle; only on RANDOMdist / QJ / Qr / QRn / timing paths, none enabled by the NovodeX driver (option string ""o"", .rdata:0x0011363c) | inlining: candidate inlines qh_detjoggle | one-sided cmp/jcc predicates: +eq0: oracle test reg,reg; je/jne at 0x000614dc; +lt2: oracle constant held in a register at 0x000615cb | x87 arithmetic present: execution evidence still required (Task 5)"
qh_maxmin,DIFF,2,equivalent,oracle 0x00061780; candidate 0x0007d310,"DIFF [strings floats]: 80*MAXsumcoord*REALepsilon folded to 1.776e-14 (exact: eps is 2^-52); the oracle inlines qh_printpoints ("" %d"") | x87 arithmetic present: execution evidence still required (Task 5)"
qh_projectinput,REVIEW,2,equivalent,oracle 0x00061990 0x00061c00; candidate 0x0007dd40; read 0x000619be 0x000619c9,"inline memcpy/memset split (shr 2 / and 3) vs call x2 | one-sided cmp/jcc predicates: +eq0: oracle test reg,reg; je/jne at 0x00061a23 | other immediates (sizes/offsets/stores) differ; report_stores shows no field stored with a different value | x87 arithmetic present: execution evidence still required (Task 5)"
qh_rotateinput,REVIEW,2,equivalent,oracle 0x00061cd0; candidate 0x0007e2d0,"the candidate inlines qh_copypoints/qh_rotatepoints | inlining: candidate inlines qh_copypoints, candidate inlines qh_rotatepoints"
qh_scaleinput,REVIEW,2,equivalent,oracle 0x00061d30; candidate 0x0007e4b0,the candidate inlines qh_copypoints (its memcpy split and set walk) | inlining: candidate inlines qh_copypoints
qh_freebuild,REVIEW,2,equivalent,oracle 0x00061d90 0x00061f10; candidate 0x00076950; read 0x00061ed2 0x00061e97 0x00061e97 0x00061fb8,"same bit tested by a register/narrowed form; bit mask held in a register x3 | one-sided cmp/jcc predicates: +eq0: oracle test reg,reg; je/jne at 0x00061ef7 | other immediates (sizes/offsets/stores) differ; report_stores shows no field stored with a different value"
qh_init_qhull_command,DIFF,2,equivalent,oracle 0x00062070 0x00062100 0x00062140; candidate 0x000774b0,"DIFF [data]: strstr is census row phys_fn_005732 (now identified); strcat of "" "" inlined from the literal 0x1010a020"
qh_initqhull_buffers,REVIEW,2,equivalent,oracle 0x000621c0 0x000622a0; candidate 0x0007a510; read 0x0007a559,element-size scaling by shift vs lea/imul | other immediates (sizes/offsets/stores) differ; report_stores shows no field stored with a different value
qh_initqhull_mem,DIFF,2,equivalent,oracle 0x00062320; candidate 0x0007b130,DIFF [calls]: the empty qh_user_memsizes is folded (ICF) with NxFluidAssert at 0x0002ea70
qh_initqhull_start,DIFF,2,equivalent,oracle 0x000623a0; candidate 0x0007b1b0,"DIFF [data]: strcpy(qh qhull_command,""qhull"") inlined as dword+byte loads of the literal (0x1010a040/0x1010a044)"
qh_option,SHAPE,2,equivalent,oracle 0x00062560; candidate 0x0007b730,other immediates (sizes/offsets/stores) differ; report_stores shows no field stored with a different value
qh_strtod,SHAPE,2,equivalent,oracle 0x00062660; candidate 0x0007b850,no classifying difference; shape only
qh_strtol,SHAPE,2,equivalent,oracle 0x00062690; candidate 0x0007b880,no classifying difference; shape only
qh_init_A,DIFF,2,equivalent,oracle 0x000626c0; candidate 0x00076ef0,DIFF [data]: strstr/strcat/strcpy literals as data (0x1010a020/0x1010a040/0x1010a044)
qh_initflags,DIFF,2,equivalent,oracle 0x000626f0 0x00062860 0x000628b0 0x00062900 0x00062950 0x000629a0 0x00062fe0 0x00063030 0x00063100 0x00063150 0x000631a0 0x000631f0 0x00063280 0x000632d0 0x00063330 0x000633d0 0x00063420 0x000634b0 0x00063510 0x00063550 0x000635a0 0x000635f0 0x00063690 0x000636d0 0x00063c00 0x00064560; candidate 0x000775e0,"DIFF [data]: CRT: oracle pushes &_iob[0]/[1] (0x10122600 stdin, 0x10122620 stdout) for freopen; the UCRT candidate calls __acrt_iob_func"
qh_initqhull_globals,DIFF,2,equivalent-option-gated,oracle 0x00065110 0x00065730; candidate 0x0007a660,"DIFF [calls strings floats data]: oracle inlines qh_option (sprintf/strncat, qh qhull_options); RANDOMa = RANDOMfactor*(2/RANDOMmax) reciprocal at 0x000657f8 vs 2*f/RANDOMmax (differs in ~0.6% of values, only under R/Qr); 0.001 vs /1000 in a warning check | x87 arithmetic present: execution evidence still required (Task 5)"
qh_initthresholds,SHAPE,2,equivalent,oracle 0x00065c40 0x00066030; candidate 0x0007b330,one-sided cmp/jcc predicates: +eq98: oracle the same compare with its jcc one or two instructions later (the matcher pairs only an adjacent jcc) at 0x00065e51 | other immediates (sizes/offsets/stores) differ; report_stores shows no field stored with a different value | x87 arithmetic present: execution evidence still required (Task 5)
qh_init_B,DIFF,2,equivalent,oracle 0x000660a0 0x00066160 0x00066210; candidate 0x00077190,DIFF [calls]: the empty qh_user_memsizes is folded (ICF) with NxFluidAssert at 0x0002ea70
qh_compare_facetarea,REVIEW,2,equivalent,oracle 0x00066270; candidate 0x0006cd00; read 0x00066280,bit mask held in a register | other immediates (sizes/offsets/stores) differ; report_stores shows no field stored with a different value
qh_compare_facetmerge,SHAPE,2,equivalent,oracle 0x000662c0; candidate 0x0006cd50,no classifying difference; shape only
qh_compare_facetvisit,SHAPE,2,equivalent,oracle 0x000662e0; candidate 0x0006cd80,no classifying difference; shape only
qh_detvnorm,REVIEW,2,equivalent,oracle 0x00066310 0x00066450 0x000665e0 0x00066640; candidate 0x0006cfc0; read 0x0006638b,"inline memcpy/memset split (shr 2 / and 3) vs call | one-sided cmp/jcc predicates: +eq0: oracle test reg,reg; je/jne at 0x00066472 | other immediates (sizes/offsets/stores) differ; report_stores shows no field stored with a different value | x87 arithmetic present: execution evidence still required (Task 5)"
qh_detvridge,REVIEW,2,equivalent,oracle 0x00066b20; candidate 0x0006d600; read 0x00066b74,"same bit tested by a register/narrowed form | one-sided cmp/jcc predicates: +eq0: oracle test reg,reg; je/jne at 0x00066b4d | other immediates (sizes/offsets/stores) differ; report_stores shows no field stored with a different value"
qh_detvridge3,DIFF,2,equivalent,oracle 0x00066bf0 0x00066d00; candidate 0x0006d6c0,DIFF [data]: CRT: fprintf(stderr) with &_iob[2] (0x10122640) vs __acrt_iob_func
qh_eachvoronoi,DIFF,2,equivalent,oracle 0x00066de0 0x00067050; candidate 0x0006d8a0,DIFF [calls]: printvridge callback called as call ebx (oracle) vs call [ebp+0xc] (candidate); the candidate inlines qh_detvridge
qh_facet2point,SHAPE,2,equivalent,oracle 0x00067080; candidate 0x0006dcd0,no classifying difference; shape only
qh_geomplanes,SHAPE,2,equivalent,oracle 0x00067130; candidate 0x0006ded0,"one-sided cmp/jcc predicates: +eq0: oracle test reg,reg; je/jne at 0x00067135 | x87 arithmetic present: execution evidence still required (Task 5)"
qh_markkeep,REVIEW,2,equivalent,oracle 0x000671f0; candidate 0x0006df90; read 0x00067250 0x0006e156 0x00067255 0x00067255,"same bits, different pointer class x2; same bit tested by a register/narrowed form x2 | one-sided cmp/jcc predicates: +eq0: oracle test reg,reg; je/jne at 0x0006723f | other immediates (sizes/offsets/stores) differ; report_stores shows no field stored with a different value"
qh_order_vertexneighbors,SHAPE,2,equivalent,oracle 0x000673d0; candidate 0x0006e350,one-sided cmp/jcc predicates: -lt4: candidate dec/sub/add then branch (switch-like chain) at 0x0006e3b1 | other immediates (sizes/offsets/stores) differ; report_stores shows no field stored with a different value
qh_printcenter,REVIEW,2,equivalent,oracle 0x00067500 0x00067580; candidate 0x000700b0; read 0x00067522,"host vptr read before an inline virtual dispatch (candidate calls the seam wrapper) | one-sided cmp/jcc predicates: +eq0: oracle test reg,reg; je/jne at 0x00067552; +eq1: oracle the same compare with its jcc one or two instructions later (the matcher pairs only an adjacent jcc) at 0x00067505 | other immediates (sizes/offsets/stores) differ; report_stores shows no field stored with a different value"
qh_printfacet2geom_points,SHAPE,2,equivalent,oracle 0x00067680; candidate 0x00070d50,no classifying difference; shape only
qh_printfacet2math,SHAPE,2,equivalent,oracle 0x000677a0; candidate 0x00070e50,"one-sided cmp/jcc predicates: +eq0: oracle test reg,reg; je/jne at 0x000677cd"
qh_printfacet3geom_points,DIFF,2,equivalent,oracle 0x00067850 0x00067930; candidate 0x00071140,DIFF [calls]: unattributed host fprintf base
qh_printfacet3math,DIFF,2,equivalent,oracle 0x00067a30 0x00067aa0; candidate 0x00071510,DIFF [calls]: unattributed host fprintf base
qh_printfacet3vertex,REVIEW,2,equivalent,oracle 0x00067c10; candidate 0x00071690; read 0x00067c54 0x000716cc,"FIXED in Task 2: io.c NOVODEX [2]: (count, ids) to host slot +0x08 | same bytes through the other pointer class; set iteration: e[0] at +4 vs walked element pointer at +0 | other immediates (sizes/offsets/stores) differ; report_stores shows no field stored with a different value"
qh_printfacetNvertex_nonsimplicial,SHAPE,2,equivalent,oracle 0x00067ca0; candidate 0x00071ac0,"one-sided cmp/jcc predicates: +eq0: oracle test reg,reg; je/jne at 0x00067cb3"
qh_printfacetNvertex_simplicial,REVIEW,2,equivalent,oracle 0x00067e00 0x00067ed0; candidate 0x00071bf0; read 0x00067e19 0x00071cab 0x00071c33 0x00067e4e,host vptr read before an inline virtual dispatch (candidate calls the seam wrapper); set iteration: e[0] at +4 vs walked element pointer at +0; same bit tested by a register/narrowed form x2 | cmp/jcc +eq17: format == qh_PRINToff (17) || qh_PRINTtriangles (25): the oracle uses a subtract chain | other immediates (sizes/offsets/stores) differ; report_stores shows no field stored with a different value
qh_printpointid,SHAPE,2,equivalent,oracle 0x00067f20; candidate 0x000737b0,FIXED in Task 2: io.c NOVODEX [1]: 3-d point to host slot +0x04 | no classifying difference; shape only
qh_printvdiagram2,DIFF,2,equivalent,oracle 0x00067f90; candidate 0x00073f80,DIFF [calls]: the oracle calls qh_eachvoronoi out of line where the candidate inlines it (qsort and the printvridge callback move)
qh_printvertex,REVIEW,2,equivalent,oracle 0x00068070 0x000680f0; candidate 0x00074350; read 0x00074444 0x0007443f,"division by a constant via magic multiply vs idiv x2 | one-sided cmp/jcc predicates: +eq0: oracle test reg,reg; je/jne at 0x000680da | other immediates (sizes/offsets/stores) differ; report_stores shows no field stored with a different value"
qh_printvertices,REVIEW,2,equivalent,oracle 0x00068200 0x00068230; candidate 0x000744f0; read 0x00068233 0x00074508,host vptr read before an inline virtual dispatch (candidate calls the seam wrapper); set iteration: e[0] at +4 vs walked element pointer at +0
qh_printvnorm,REVIEW,2,equivalent,oracle 0x00068290; candidate 0x00074800; read 0x000682b8,set iteration: e[0] at +4 vs walked element pointer at +0
qh_printvridge,REVIEW,2,equivalent,oracle 0x00068370; candidate 0x00074ce0; read 0x00068377 0x00074d28,host vptr read before an inline virtual dispatch (candidate calls the seam wrapper); same bytes through the other pointer class | other immediates (sizes/offsets/stores) differ; report_stores shows no field stored with a different value
qh_projectdim3,REVIEW,2,equivalent,oracle 0x00068410 0x00068430; candidate 0x00074f80; read 0x00068457 0x00068457,"element-size scaling by shift vs lea/imul; compare constant held in a register | and ecx,0x3ffffffe (0x00068463) is index arithmetic | one-sided cmp/jcc predicates: +lt3: oracle the same compare with its jcc one or two instructions later (the matcher pairs only an adjacent jcc) at 0x00068451 | other immediates (sizes/offsets/stores) differ; report_stores shows no field stored with a different value"
qh_skipfacet,REVIEW,2,equivalent,oracle 0x00068480; candidate 0x000762a0; read 0x000684b4 0x000684b4 0x000684be 0x000762c8,"same bytes through the other pointer class x3; set iteration: e[0] at +4 vs walked element pointer at +0; bit mask held in a register x2 | one-sided cmp/jcc predicates: +eq0: oracle test reg,reg; je/jne at 0x00068485 | other immediates (sizes/offsets/stores) differ; report_stores shows no field stored with a different value"
qh_countfacets,REVIEW,2,equivalent,oracle 0x00068510 0x00068540; candidate 0x0006cdf0; read 0x00068646 0x0006ce6e 0x0006ce7e 0x0006ce7e,"same bits, different pointer class x2; same bit tested by a register/narrowed form x2 | keepcentrum && tricoplanar: oracle test eax,0x10000000 then test ah,2 (0x00068599/0x000685a4); candidate (flags&0x10000200)==0x10000200 (0x0006ce7e) | one-sided cmp/jcc predicates: +eq0: oracle test reg,reg; je/jne at 0x00068543 | cmp/jcc +eq268435968: eq 0x10000200 is the keepcentrum&&tricoplanar mask compare (see RESIDUE) | other immediates (sizes/offsets/stores) differ; report_stores shows no field stored with a different value"
qh_facetvertices,SHAPE,2,equivalent,oracle 0x00068700 0x000687c0 0x00068830; candidate 0x0006dd70,"one-sided cmp/jcc predicates: +eq0: oracle test reg,reg; je/jne at 0x00068725 | other immediates (sizes/offsets/stores) differ; report_stores shows no field stored with a different value"
qh_markvoronoi,REVIEW,2,equivalent,oracle 0x00068870 0x000689f0; candidate 0x0006e180; read 0x0006898a 0x0006e242 0x0006e1fa 0x0006e28c,"same bits, different pointer class x3; same bit tested by a register/narrowed form x3 | oracle clears seen with a register RMW (and esi,0xffffbfff 0x00068990) stored later; candidate memory form | one-sided cmp/jcc predicates: +eq0: oracle test reg,reg; je/jne at 0x000688a5 | other immediates (sizes/offsets/stores) differ; report_stores shows no field stored with a different value"
qh_printend4geom,DIFF,2,equivalent,oracle 0x00068a50; candidate 0x00070620,DIFF [calls host-seam]: host fprintf base attributed on one side only | x87 arithmetic present: execution evidence still required (Task 5)
qh_printextremes,SHAPE,2,equivalent,oracle 0x00068ce0; candidate 0x000708b0,other immediates (sizes/offsets/stores) differ; report_stores shows no field stored with a different value
qh_printextremes_2d,SHAPE,2,equivalent,oracle 0x00068de0 0x00068ea0; candidate 0x000709a0,"one-sided cmp/jcc predicates: +eq0: oracle test reg,reg; je/jne at 0x00068e5a | other immediates (sizes/offsets/stores) differ; report_stores shows no field stored with a different value"
qh_printextremes_d,SHAPE,2,equivalent,oracle 0x00068fa0; candidate 0x00070b10,no classifying difference; shape only
qh_printfacet2geom,DIFF,2,equivalent,oracle 0x000690b0; candidate 0x00070c40,DIFF [floats]: 2*MAXabs*qh_GEOMepsilon: 0.004 folded vs 2*x*0.002 (exact) | x87 arithmetic present: execution evidence still required (Task 5)
qh_printhyperplaneintersection,SHAPE,2,equivalent,oracle 0x000691c0; candidate 0x000731a0,"one-sided cmp/jcc predicates: -lt4: candidate the same compare with its jcc one or two instructions later (the matcher pairs only an adjacent jcc) at 0x00073349; +eq0: oracle test reg,reg; je/jne at 0x0006927c; +lt0: oracle test reg,reg with a sign/<=0 branch at 0x0006922e | other immediates (sizes/offsets/stores) differ; report_stores shows no field stored with a different value | x87 arithmetic present: execution evidence still required (Task 5)"
qh_printline3geom,SHAPE,2,equivalent,oracle 0x00069520; candidate 0x00073460,no classifying difference; shape only | x87 arithmetic present: execution evidence still required (Task 5)
qh_printpoint,SHAPE,2,equivalent,oracle 0x00069690; candidate 0x000736a0,inlining: candidate inlines qh_printpointid | cmp/jcc +eq-1 +eq3: id != -1 and dim == 3 are the inlined qh_printpointid tests; the oracle calls qh_printpointid
qh_printpoint3,REVIEW,2,equivalent,oracle 0x000696c0; candidate 0x00073730; read 0x000696e2,host vptr read before an inline virtual dispatch (candidate calls the seam wrapper)
qh_printpoints_out,DIFF,2,equivalent,oracle 0x00069730; candidate 0x00073830,DIFF [calls]: unattributed host fprintf base; the NovodeX +0x04 point dispatch now matches (io.c NOVODEX [1])
qh_printpointvect,SHAPE,2,equivalent,oracle 0x000699d0; candidate 0x00073ae0,inlining: candidate inlines qh_printline3geom | one-sided cmp/jcc predicates: +lt3: oracle dec/sub/add then branch (switch-like chain) at 0x000699ff | x87 arithmetic present: execution evidence still required (Task 5)
qh_printpointvect2,SHAPE,2,equivalent,oracle 0x00069ab0; candidate 0x00073cc0,no classifying difference; shape only
qh_printridge,SHAPE,2,equivalent,oracle 0x00069b50; candidate 0x00073d30,no classifying difference; shape only
qh_printspheres,DIFF,2,equivalent,oracle 0x00069c10; candidate 0x00073dd0,DIFF [data]: oracle 0x0010c590 is the same appearance literal referenced as data; the candidate inlines qh_printpoint3
qh_printvdiagram,REVIEW,2,equivalent,oracle 0x00069cd0; candidate 0x00073ec0; read 0x00069d0a,host vptr read before an inline virtual dispatch (candidate calls the seam wrapper) | other immediates (sizes/offsets/stores) differ; report_stores shows no field stored with a different value
qh_printvertexlist,REVIEW,2,equivalent,oracle 0x00069da0; candidate 0x00074490; read 0x00069de2 0x000744ba,same bytes through the other pointer class; set iteration: e[0] at +4 vs walked element pointer at +0
qh_printvneighbors,SHAPE,2,equivalent,oracle 0x00069e10; candidate 0x00074560,"one-sided cmp/jcc predicates: +eq0: oracle test reg,reg; je/jne at 0x00069ebd | other immediates (sizes/offsets/stores) differ; report_stores shows no field stored with a different value"
qh_printvoronoi,DIFF,2,equivalent,oracle 0x0006a0e0 0x0006a240; candidate 0x000748b0,DIFF [calls]: unattributed host fprintf base (icall[getter]+0x10)
qh_printcentrum,REVIEW,2,equivalent,oracle 0x0006a550; candidate 0x00070210; read 0x0006a7c8 0x0006a5c5 0x0006a627,"same bytes through the other pointer class x2; set iteration: e[0] at +4 vs walked element pointer at +0 | inlining: candidate inlines qh_printpoint3 | one-sided cmp/jcc predicates: +eq0: oracle test reg,reg; je/jne at 0x0006a595; +lt3: oracle dec/sub/add then branch (switch-like chain) at 0x0006a5d6 | x87 arithmetic present: execution evidence still required (Task 5)"
qh_printend,REVIEW,2,equivalent,oracle 0x0006a810; candidate 0x000704a0; read 0x0006a819 0x00070544,"host vptr read before an inline virtual dispatch (candidate calls the seam wrapper); set iteration: e[0] at +4 vs walked element pointer at +0 | one-sided cmp/jcc predicates: +eq0: oracle test reg,reg; je/jne at 0x0006a815; +lt0: oracle test reg,reg with a sign/<=0 branch at 0x0006a863 | other immediates (sizes/offsets/stores) differ; report_stores shows no field stored with a different value"
qh_printfacet3geom_nonsimplicial,DIFF,2,equivalent,oracle 0x0006a9b0; candidate 0x00070ef0,DIFF [floats]: 2*MAXabs*qh_GEOMepsilon: 0.004 folded vs 2*x*0.002 (exact) | x87 arithmetic present: execution evidence still required (Task 5)
qh_printfacet3geom_simplicial,DIFF,2,equivalent,oracle 0x0006ac30; candidate 0x000712e0,DIFF [floats]: 2*MAXabs*qh_GEOMepsilon: 0.004 folded vs 2*x*0.002 (exact) | x87 arithmetic present: execution evidence still required (Task 5)
qh_printfacet4geom_nonsimplicial,SHAPE,2,equivalent,oracle 0x0006ae90 0x0006afb0; candidate 0x00071730,"one-sided cmp/jcc predicates: +eq0: oracle test reg,reg; je/jne at 0x0006aeac; +lt0: oracle constant held in a register at 0x0006b02b"
qh_printfacet4geom_simplicial,SHAPE,2,equivalent,oracle 0x0006b0b0 0x0006b110 0x0006b1e0; candidate 0x00071910,"one-sided cmp/jcc predicates: +eq0: oracle test reg,reg; je/jne at 0x0006b0cb; +lt0: oracle constant held in a register at 0x0006b224 | other immediates (sizes/offsets/stores) differ; report_stores shows no field stored with a different value"
qh_printfacetheader,DIFF,2,equivalent,oracle 0x0006b2b0; candidate 0x00071d00,"DIFF [strings]: oracle drops the id!=-1 "" p%d: "" arm of the inlined qh_printpointid (constant-propagated -1); the candidate keeps the literal"
qh_printfacetridges,REVIEW,2,equivalent,oracle 0x0006b9f0 0x0006bae0 0x0006bbc0; candidate 0x00072400; read 0x0006bae3 0x0006bae3,"same bit tested by a register/narrowed form x2 | one-sided cmp/jcc predicates: +eq0: oracle test reg,reg; je/jne at 0x0006ba0c | other immediates (sizes/offsets/stores) differ; report_stores shows no field stored with a different value"
qh_printbegin,DIFF,2,equivalent,oracle 0x0006bc30 0x0006bf80 0x0006c0b0 0x0006c350 0x0006c400 0x0006c500; candidate 0x0006f0f0,DIFF [calls strings data]: inlining (candidate inlines qh_printpoint3/qh_projectdim3; oracle calls qh_printpoint); unattributed host fprintf bases (icall[?]/[getter]+0x10); oracle 0x0010c590 is the same appearance literal | x87 arithmetic present: execution evidence still required (Task 5)
qh_printfacet,SHAPE,2,equivalent,oracle 0x0006c920; candidate 0x00070c10,"one-sided cmp/jcc predicates: +eq0: oracle test reg,reg; je/jne at 0x0006c937"
qh_printafacet,DIFF,2,equivalent,oracle 0x0006c950 0x0006cd50; candidate 0x0006e460,DIFF [calls host-seam floats]: the candidate inlines qh_printpoint (host +0x04 via qh_printpointid); 2*MAXabs*0.002 folded to 0.004 (exact: power-of-two factor); unattributed host fprintf base | x87 arithmetic present: execution evidence still required (Task 5)
qh_printfacets,DIFF,2,equivalent,oracle 0x0006d200; candidate 0x00072620,DIFF [calls strings data]: the candidate inlines qh_printextremes_2d (its strings and qh_errexit2)
qh_printneighborhood,SHAPE,2,equivalent,oracle 0x0006d6f0; candidate 0x000735a0,"one-sided cmp/jcc predicates: +eq0: oracle test reg,reg; je/jne at 0x0006d6f5 | other immediates (sizes/offsets/stores) differ; report_stores shows no field stored with a different value"
qh_produce_output,DIFF,2,equivalent,oracle 0x0006d800; candidate 0x00074d60,"DIFF [data]: loop over qh PRINTout[] bounded by the address &PRINTout[qh_PRINTEND] (0x101247f8) in the oracle, by an index in the candidate"
qh_intcompare,SHAPE,2,equivalent,oracle 0x0006da40; candidate 0x0006c540,no classifying difference; shape only
qh_memalloc,SHAPE,2,equivalent,oracle 0x0006da50; candidate 0x0006c550,"one-sided cmp/jcc predicates: +eq0: oracle test reg,reg; je/jne at 0x0006da7c"
qh_memfree,SHAPE,2,equivalent,oracle 0x0006dc10; candidate 0x0006c6c0,no classifying difference; shape only
qh_meminit,SHAPE,2,equivalent,oracle 0x0006dca0; candidate 0x0006c7c0,other immediates (sizes/offsets/stores) differ; report_stores shows no field stored with a different value
qh_meminitbuffers,DIFF,2,equivalent,oracle 0x0006dcc0; candidate 0x0006c7e0,"DIFF [strings]: upstream tests ALIGNmask & ~ALIGNmask, always 0; the 2003 compiler kept the dead error arm (0x0006dce6), the 2026 one removes it"
qh_memsetup,SHAPE,2,equivalent,oracle 0x0006dda0; candidate 0x0006c880,other immediates (sizes/offsets/stores) differ; report_stores shows no field stored with a different value
qh_memsize,REVIEW,2,equivalent,oracle 0x0006deb0; candidate 0x0006c980; read 0x0006deb9,"host vptr read before an inline virtual dispatch (candidate calls the seam wrapper) | one-sided cmp/jcc predicates: +eq0: oracle test reg,reg; je/jne at 0x0006deb5"
qh_memstatistics,DIFF,2,equivalent,oracle 0x0006df50; candidate 0x0006ca10,DIFF [calls]: unattributed host fprintf base | x87 arithmetic present: execution evidence still required (Task 5)
qh_appendmergeset,REVIEW,2,equivalent,oracle 0x0006e0b0; candidate 0x000662a0; read 0x0006e18a 0x0006e18a,"same bit tested by a register/narrowed form x2 | mergetype compares: both sides compare with MRGdegen 6 (oracle cmp ebp,6 at 0x0006e0cc/0x0006e12b); the candidate adds cmp ebx,6/7 for the else-if chain the oracle lays out with jge | one-sided cmp/jcc predicates: +eq0: oracle test reg,reg; je/jne at 0x0006e0e9; +lt0: oracle test reg,reg with a sign/<=0 branch at 0x0006e0b8"
qh_basevertices,SHAPE,2,equivalent,oracle 0x0006e240 0x0006e280; candidate 0x00066420,other immediates (sizes/offsets/stores) differ; report_stores shows no field stored with a different value
qh_checkzero,REVIEW,2,equivalent,oracle 0x0006e320 0x0006e380; candidate 0x000665b0; read 0x0006e3b4,"bit mask held in a register | one-sided cmp/jcc predicates: +eq0: oracle test reg,reg; je/jne at 0x0006e339 | other immediates (sizes/offsets/stores) differ; report_stores shows no field stored with a different value"
qh_compareangle,SHAPE,2,equivalent,oracle 0x0006e620; candidate 0x00066890,no classifying difference; shape only
qh_comparemerge,SHAPE,2,equivalent,oracle 0x0006e650; candidate 0x000668c0,no classifying difference; shape only
qh_copynonconvex,SHAPE,2,equivalent,oracle 0x0006e670; candidate 0x00066900,one-sided cmp/jcc predicates: +lt4: oracle the same compare with its jcc one or two instructions later (the matcher pairs only an adjacent jcc) at 0x0006e6bb
qh_degen_redundant_facet,REVIEW,2,equivalent,oracle 0x0006e6f0 0x0006e740; candidate 0x00066980; read 0x0006e7e4 0x00066a5f 0x0006e7ec 0x0006e88c,"same bits, different pointer class x2; same bit tested by a register/narrowed form; compare constant held in a register | one-sided cmp/jcc predicates: +eq6: oracle constant held in a register at 0x0006e8ad | cmp/jcc +lt0: cmp [edi+0x50],0; jl is the sign test of bit 31 (redundant); the oracle tests the loaded flags word | other immediates (sizes/offsets/stores) differ; report_stores shows no field stored with a different value"
qh_degen_redundant_neighbors,REVIEW,2,equivalent,oracle 0x0006e900 0x0006ea80; candidate 0x00066b70; read 0x0006eb57 0x0006e94d 0x00066dcb 0x00066bc4,"same bits, different pointer class x4; same bit tested by a register/narrowed form; compare constant held in a register | one-sided cmp/jcc predicates: +eq6: oracle constant held in a register at 0x0006e9b7 | cmp/jcc +lt0: cmp [x+0x50],0; jl is the sign test of bit 31 (redundant) | other immediates (sizes/offsets/stores) differ; report_stores shows no field stored with a different value"
qh_findbest_test,SHAPE,2,equivalent,oracle 0x0006ec30; candidate 0x000672a0,no classifying difference; shape only | x87 arithmetic present: execution evidence still required (Task 5)
qh_findbestneighbor,SHAPE,2,equivalent,oracle 0x0006ecf0; candidate 0x00067350,other immediates (sizes/offsets/stores) differ; report_stores shows no field stored with a different value
qh_hashridge,SHAPE,2,equivalent,oracle 0x0006eea0; candidate 0x00067d40,no classifying difference; shape only
qh_hashridge_find,SHAPE,2,equivalent,oracle 0x0006eef0; candidate 0x00067da0,no classifying difference; shape only
qh_makeridges,REVIEW,2,equivalent,oracle 0x0006efb0 0x0006f040; candidate 0x00067e40; read 0x0006f051 0x0006f051,"same bit tested by a register/narrowed form x2 | oracle test ch,0x40 (seen, 0x0006f088) on a flags word loaded earlier; candidate cmp ecx,2 is the dimension/loop compare the oracle holds in a register | one-sided cmp/jcc predicates: +eq0: oracle test reg,reg; je/jne at 0x0006f0f3 | other immediates (sizes/offsets/stores) differ; report_stores shows no field stored with a different value"
qh_mark_dupridges,REVIEW,2,equivalent,oracle 0x0006f110; candidate 0x00067fa0; read 0x0006f144,bit mask held in a register | one-sided cmp/jcc predicates: -eq5: candidate the same compare with its jcc one or two instructions later (the matcher pairs only an adjacent jcc) at 0x00068110 | other immediates (sizes/offsets/stores) differ; report_stores shows no field stored with a different value
qh_maydropneighbor,REVIEW,2,equivalent,oracle 0x0006f2c0 0x0006f310 0x0006f350; candidate 0x00068160; read 0x0006f3c0 0x0006f4ab 0x00068260 0x0006834e,"same bits, different pointer class x4; compare constant held in a register | one-sided cmp/jcc predicates: +eq0: oracle test reg,reg; je/jne at 0x0006f2f9; +eq6: oracle constant held in a register at 0x0006f52e | other immediates (sizes/offsets/stores) differ; report_stores shows no field stored with a different value"
qh_mergecycle_neighbors,REVIEW,2,equivalent,oracle 0x0006f580; candidate 0x00068f60; read 0x0006f5ee 0x0006f5ad,compare constant held in a register; bit mask held in a register | one-sided cmp/jcc predicates: +lt4: oracle constant held in a register at 0x0006f5f3 | other immediates (sizes/offsets/stores) differ; report_stores shows no field stored with a different value
qh_mergecycle_ridges,REVIEW,2,equivalent,oracle 0x0006f7d0 0x0006f880; candidate 0x00069190; read 0x0006f9b4 0x0006f7dd,same bit tested by a register/narrowed form; compare constant held in a register | one-sided cmp/jcc predicates: +lt4: oracle constant held in a register at 0x0006f84f | other immediates (sizes/offsets/stores) differ; report_stores shows no field stored with a different value
qh_mergecycle_vneighbors,REVIEW,2,equivalent,oracle 0x0006fac0; candidate 0x00069440; read 0x0006fb29 0x000694a4 0x000694a0,"same bytes through the other pointer class x3; flag word +0x50 loaded once and tested in a register | oracle reads [esi+0xc] (0x0006fb34) where the candidate inlines qh_basevertices and reads the same field through another base register | inlining: candidate inlines qh_basevertices | one-sided cmp/jcc predicates: -lt3: candidate dec/sub/add then branch (switch-like chain) at 0x00069443; +eq0: oracle test reg,reg; je/jne at 0x0006fb19; +lt2: oracle the same compare with its jcc one or two instructions later (the matcher pairs only an adjacent jcc) at 0x0006fb93; +lt4: oracle the same compare with its jcc one or two instructions later (the matcher pairs only an adjacent jcc) at 0x0006fac8"
qh_mergefacet2d,REVIEW,2,equivalent,oracle 0x0006fc40; candidate 0x0006a170; read 0x0006a204 0x0006fcbf 0x0006fce8,same bit tested by a register/narrowed form x3
qh_mergeneighbors,SHAPE,2,equivalent,oracle 0x0006fd90; candidate 0x0006a290,other immediates (sizes/offsets/stores) differ; report_stores shows no field stored with a different value
qh_mergeridges,REVIEW,2,equivalent,oracle 0x0006fea0; candidate 0x0006a390; read 0x0006fee5,bit mask held in a register | other immediates (sizes/offsets/stores) differ; report_stores shows no field stored with a different value
qh_mergevertex_del,SHAPE,2,equivalent,oracle 0x0006ff70; candidate 0x0006a8e0,no classifying difference; shape only
qh_mergevertex_neighbors,SHAPE,2,equivalent,oracle 0x0006fff0 0x00070090; candidate 0x0006a950,"inlining: candidate inlines qh_mergevertex_del | one-sided cmp/jcc predicates: +eq0: oracle test reg,reg; je/jne at 0x00070025; +lt2: oracle dec/sub/add then branch (switch-like chain) at 0x0007001c"
qh_mergevertices,REVIEW,2,equivalent,oracle 0x00070100 0x00070200; candidate 0x0006aaa0; read 0x00070195 0x0006abbe,"set iteration: e[0] at +4 vs walked element pointer at +0; same bytes through the other pointer class | one-sided cmp/jcc predicates: +eq0: oracle test reg,reg; je/jne at 0x0007013c | other immediates (sizes/offsets/stores) differ; report_stores shows no field stored with a different value"
qh_neighbor_intersections,REVIEW,2,equivalent,oracle 0x00070270 0x00070290; candidate 0x0006abf0; read 0x0006acd9 0x00070357 0x00070286,"same bit tested by a register/narrowed form x2; bit mask held in a register | one-sided cmp/jcc predicates: -lt2: candidate the same threshold with the other signedness (the operand is non-negative: a bitfield, count or index) at 0x0006ac97; +eq0: oracle test reg,reg; je/jne at 0x00070278; +ult2: oracle the same threshold with the other signedness (the operand is non-negative: a bitfield, count or index) at 0x00070314 | other immediates (sizes/offsets/stores) differ; report_stores shows no field stored with a different value"
qh_newvertices,REVIEW,2,equivalent,oracle 0x000703b0; candidate 0x0006ad30; read 0x000703b6 0x0006ad63,"set iteration: e[0] at +4 vs walked element pointer at +0; same bytes through the other pointer class | vertex->newlist (bit 28 of +0x14): oracle mov eax,[esi+0x14]; test eax,0x10000000 (0x000703c4/0x000703ca); candidate test dword [esi+0x14],0x10000000 (0x0006ad50) -- same bit; the oracle load also covers the id bytes"
qh_remove_extravertices,REVIEW,2,equivalent,oracle 0x000703f0; candidate 0x0006b460; read 0x00070430 0x00070430 0x00070430,bit mask held in a register x3 | one-sided cmp/jcc predicates: +lt2: oracle the same compare with its jcc one or two instructions later (the matcher pairs only an adjacent jcc) at 0x00070517 | other immediates (sizes/offsets/stores) differ; report_stores shows no field stored with a different value
qh_renameridgevertex,REVIEW,2,equivalent,oracle 0x00070590; candidate 0x0006b7c0; read 0x0006b82e 0x00070607,"same bit tested by a register/narrowed form x2 | and eax,0x80000001 (0x000705ff) is the signed %2 idiom for the ridge-orientation parity | inlining: candidate inlines qh_copynonconvex | one-sided cmp/jcc predicates: +lt4: oracle dec/sub/add then branch (switch-like chain) at 0x000705b8"
qh_renamevertex,SHAPE,2,equivalent,oracle 0x000706b0; candidate 0x0006b940,"one-sided cmp/jcc predicates: +eq0: oracle test reg,reg; je/jne at 0x000706f0 | other immediates (sizes/offsets/stores) differ; report_stores shows no field stored with a different value"
qh_test_appendmerge,DIFF,2,equivalent,oracle 0x000708e0; candidate 0x0006bb40,DIFF [host-seam calls strings data]: the oracle inlines qh_appendmergeset | x87 arithmetic present: execution evidence still required (Task 5)
qh_test_vneighbors,REVIEW,2,equivalent,oracle 0x00070be0 0x00070c50; candidate 0x0006bef0; read 0x00070c1d 0x00070c1d 0x00070c1d,"bit mask held in a register x3 | one-sided cmp/jcc predicates: +eq0: oracle test reg,reg; je/jne at 0x00070c0a; +lt1: oracle the same compare with its jcc one or two instructions later (the matcher pairs only an adjacent jcc) at 0x00070be9 | other immediates (sizes/offsets/stores) differ; report_stores shows no field stored with a different value"
qh_tracemerge,REVIEW,2,equivalent,oracle 0x00070d30; candidate 0x0006c050; read 0x00070d79,"host vptr read before an inline virtual dispatch (candidate calls the seam wrapper) | one-sided cmp/jcc predicates: +eq0: oracle test reg,reg; je/jne at 0x00070d68"
qh_tracemerging,REVIEW,2,equivalent-option-gated,oracle 0x00070e90; candidate 0x0006c1a0,"x87 div/mul: division by the constant qh_RANDOMmax (or 1000) is a reciprocal multiply in the oracle; only on RANDOMdist / QJ / Qr / QRn / timing paths, none enabled by the NovodeX driver (option string ""o"", .rdata:0x0011363c) | x87 arithmetic present: execution evidence still required (Task 5)"
qh_updatetested,REVIEW,2,equivalent,oracle 0x00070f50; candidate 0x0006c250; read 0x0006c29d 0x00070fa8 0x00070f67,"same bit tested by a register/narrowed form x2; bit mask held in a register | one-sided cmp/jcc predicates: +eq0: oracle test reg,reg; je/jne at 0x00070f64 | other immediates (sizes/offsets/stores) differ; report_stores shows no field stored with a different value"
qh_vertexridges_facet,SHAPE,2,equivalent,oracle 0x00071030; candidate 0x0006c480,no classifying difference; shape only
qh_willdelete,SHAPE,2,equivalent,oracle 0x000710c0; candidate 0x0006c500,no classifying difference; shape only
qh_getmergeset,REVIEW,2,equivalent,oracle 0x00071100; candidate 0x00067a10; read 0x00067a64 0x00071193 0x00071193 0x0007115e,"same bit tested by a register/narrowed form x4 | one-sided cmp/jcc predicates: +eq0: oracle test reg,reg; je/jne at 0x00071139"
qh_getmergeset_initial,REVIEW,2,equivalent,oracle 0x000712d0; candidate 0x00067bd0; read 0x000712ee,"bit mask held in a register | one-sided cmp/jcc predicates: +eq0: oracle test reg,reg; je/jne at 0x000712db | other immediates (sizes/offsets/stores) differ; report_stores shows no field stored with a different value"
qh_mergecycle_facets,REVIEW,2,equivalent,oracle 0x00071440; candidate 0x00068e70; read 0x000714ae 0x00068ee0 0x00071476,"same bits, different pointer class x2; same bit tested by a register/narrowed form | clear simplicial, set newfacet|newmerge: oracle and ecx,0xffffdfff; or ecx,0x20000400 (0x00071476/0x0007147c); candidate or 0x400; and 0xffffdfff; or 0x20000000 (0x00068eaa..0x00068eb4) | one-sided cmp/jcc predicates: +eq0: oracle test reg,reg; je/jne at 0x0007148b"
qh_mergesimplex,REVIEW,2,equivalent,oracle 0x00071540 0x00071820; candidate 0x0006a450; read 0x0006a70a 0x0006a577 0x000715cc 0x000715cc,"same bits, different pointer class x2; same bit tested by a register/narrowed form; bit mask held in a register x2 | oracle sets the vertex flags 0x5000000 with a register-held mask (shape: imms -0x5000000); candidate or dword [ecx+0x14],0x5000000 (0x0006a520) in the inlined qh_mergevertex_del | inlining: candidate inlines qh_mergevertex_del | one-sided cmp/jcc predicates: +eq0: oracle test reg,reg; je/jne at 0x00071758; +lt2: oracle dec/sub/add then branch (switch-like chain) at 0x000715f5"
qh_vertexridges,DIFF,2,equivalent,oracle 0x00071960 0x000719a0; candidate 0x0006c340,DIFF [calls]: the candidate inlines qh_vertexridges_facet
qh_find_newvertex,DIFF,2,equivalent,oracle 0x00071a60 0x00071d10; candidate 0x00066ea0,DIFF [data]: qsort comparator: /OPT:ICF folded qh_comparevisit into qh_comparemerge at 0x0006e650 (qhull_map.csv)
qh_mergecycle,DIFF,2,equivalent,oracle 0x00071e10; candidate 0x00068930,"DIFF [calls]: inlining: oracle calls qh_newvertices, candidate inlines it and calls qh_appendvertex/qh_removevertex"
qh_mergefacet,REVIEW,2,equivalent,oracle 0x00072060; candidate 0x00069660; read 0x000723ff 0x00072534 0x000724b7 0x000723ff,"same bits, different pointer class x13; same bit tested by a register/narrowed form x6; bit mask held in a register | oracle clears tested/sets newfacet by register RMW stored 3 insns later (0x0007253c-0x0007254a); the candidate inlines qh_updatetested/qh_mergeridges/qh_mergevertex_neighbors/qh_mergefacet2d whose ridge->tested clear, vertex flag set and toporient flip (0x000699f0, 0x00069eb4, 0x00069bb2) the oracle performs in those out-of-line rows with masks held in registers (e.g. qh_updatetested 0x00070f67 mov edi,0xfdffffff) | inlining: candidate inlines qh_mergefacet2d, candidate inlines qh_mergeneighbors, candidate inlines qh_mergeridges, candidate inlines qh_mergevertex_neighbors, candidate inlines qh_mergevertices, candidate inlines qh_newvertices, candidate inlines qh_updatetested, oracle inlines qh_setdelsorted, candidate inlines qh_mergevertex_del, candidate inlines qh_setdelsorted | one-sided cmp/jcc predicates: -lt3: candidate the same compare with its jcc one or two instructions later (the matcher pairs only an adjacent jcc) at 0x00069ab0; -lt511: candidate the same threshold with the other signedness (the operand is non-negative: a bitfield, count or index) at 0x000699ad; +eq0: oracle test reg,reg; je/jne at 0x0007210f; +eq2: oracle the same compare with its jcc one or two instructions later (the matcher pairs only an adjacent jcc) at 0x00072482; +lt2: oracle the same compare with its jcc one or two instructions later (the matcher pairs only an adjacent jcc) at 0x000721f2; +lt4: oracle the same compare with its jcc one or two instructions later (the matcher pairs only an adjacent jcc) at 0x00072316; +ult511: oracle the same threshold with the other signedness (the operand is non-negative: a bitfield, count or index) at 0x000723e1"
qh_redundant_vertex,REVIEW,2,equivalent,oracle 0x00072590; candidate 0x0006b2a0; read 0x0006b2b6,"same bit tested by a register/narrowed form | the candidate inlines qh_neighbor_intersections (test [eax+0x50],0x2000 at 0x0006b2e0); the oracle row 0x00070286 holds the mask in edx (mov edx,0x2000; test edx,esi) | inlining: candidate inlines qh_neighbor_intersections | one-sided cmp/jcc predicates: +eq0: oracle test reg,reg; je/jne at 0x000725cb; +ult2: oracle dec/sub/add then branch (switch-like chain) at 0x000725c8"
qh_rename_sharedvertex,REVIEW,2,equivalent,oracle 0x00072630 0x000726a0; candidate 0x0006b5d0; read 0x00072687 0x000726ea 0x0006b649 0x0006b65c,"same bytes through the other pointer class x3; same bit tested by a register/narrowed form x2 | vertex->id read: oracle mov edx,[esi+0x14] (0x000726f9); candidate hoists lea eax,[esi+0x14] and reads [eax] (0x0006b76a/0x0006b77a) | other immediates (sizes/offsets/stores) differ; report_stores shows no field stored with a different value"
qh_forcedmerges,REVIEW,2,equivalent,oracle 0x00072830 0x00072aa0; candidate 0x00067740; read 0x000728dd,"bit mask held in a register | one-sided cmp/jcc predicates: -eq5: candidate the same compare with its jcc one or two instructions later (the matcher pairs only an adjacent jcc) at 0x000677d6; +eq0: oracle test reg,reg; je/jne at 0x000728b8 | other immediates (sizes/offsets/stores) differ; report_stores shows no field stored with a different value | x87 arithmetic present: execution evidence still required (Task 5)"
qh_merge_degenredundant,REVIEW,2,equivalent,oracle 0x00072b10 0x00072b40; candidate 0x00068410; read 0x00068459 0x00072b60,"same bit tested by a register/narrowed form x2 | one-sided cmp/jcc predicates: +eq0: oracle test reg,reg; je/jne at 0x00072b30; +lt2: oracle the same compare with its jcc one or two instructions later (the matcher pairs only an adjacent jcc) at 0x00072bef | other immediates (sizes/offsets/stores) differ; report_stores shows no field stored with a different value | x87 arithmetic present: execution evidence still required (Task 5)"
qh_merge_nonconvex,SHAPE,2,equivalent,oracle 0x00072e20; candidate 0x000686d0,"one-sided cmp/jcc predicates: +eq0: oracle test reg,reg; je/jne at 0x00072ef4; +lt3: oracle the same compare with its jcc one or two instructions later (the matcher pairs only an adjacent jcc) at 0x00072e4b | other immediates (sizes/offsets/stores) differ; report_stores shows no field stored with a different value | x87 arithmetic present: execution evidence still required (Task 5)"
qh_mergecycle_all,SHAPE,2,equivalent,oracle 0x000730b0 0x00073160 0x000731a0; candidate 0x00068c70,"one-sided cmp/jcc predicates: +eq0: oracle test reg,reg; je/jne at 0x000730dc | other immediates (sizes/offsets/stores) differ; report_stores shows no field stored with a different value"
qh_reducevertices,REVIEW,2,equivalent,oracle 0x000732c0 0x00073300; candidate 0x0006b110; read 0x00073387 0x0006b1c1 0x000732f2,"same bytes through the other pointer class; set iteration: e[0] at +4 vs walked element pointer at +0; compare constant held in a register | one-sided cmp/jcc predicates: -lt1: candidate the same compare with its jcc one or two instructions later (the matcher pairs only an adjacent jcc) at 0x0006b265; +eq0: oracle test reg,reg; je/jne at 0x000732e4; +lt4: oracle constant held in a register at 0x000733e3 | other immediates (sizes/offsets/stores) differ; report_stores shows no field stored with a different value"
qh_all_merges,REVIEW,2,equivalent,oracle 0x00073460 0x000734f0; candidate 0x00065ff0; read 0x00073615 0x000661a6 0x0007352f 0x000734a8,"same bits, different pointer class x2; same bit tested by a register/narrowed form; compare constant held in a register | oracle test ch,4 (0x0007353b) is bit 10 (newfacet) of a flags word combined in a register; the candidate tests 0x400 directly | one-sided cmp/jcc predicates: +eq0: oracle test reg,reg; je/jne at 0x000734c1; +lt1: oracle constant held in a register at 0x00073551; +lt6: oracle constant held in a register at 0x000735b3 | other immediates (sizes/offsets/stores) differ; report_stores shows no field stored with a different value"
qh_flippedmerges,REVIEW,2,equivalent,oracle 0x00073710; candidate 0x000674e0; read 0x0006751b 0x0007375a 0x00073761 0x00073721,"same bit tested by a register/narrowed form x3; compare constant held in a register | flipped && !visible && !redundant: oracle test eax,0x10000 then test eax,0x80000800 (0x0007375a/0x00073761); candidate (flags&0x10800)==0x10000 then test ecx,ecx; js (0x0006751b-0x00067529) -- same predicate | cmp/jcc +eq65536: eq 0x10000 is the (flags&0x10800)==flipped compare (see RESIDUE) | other immediates (sizes/offsets/stores) differ; report_stores shows no field stored with a different value | x87 arithmetic present: execution evidence still required (Task 5)"
qh_premerge,REVIEW,2,equivalent,oracle 0x00073980; candidate 0x0006af60; read 0x0006b075,"set iteration: e[0] at +4 vs walked element pointer at +0 | one-sided cmp/jcc predicates: +eq0: oracle test reg,reg; je/jne at 0x00073986"
qh_postmerge,REVIEW,2,equivalent,oracle 0x00073b30; candidate 0x0006ad80; read 0x00073c4c 0x00073ca1 0x00073c78 0x00073c37,"same bit tested by a register/narrowed form; bit mask held in a register x3 | oracle or ecx,edx (edx=0x400 newfacet) then test ch,0x20 (simplicial, 0x00073c4c); candidate or 0x400 / test 0x2000 (0x0006ae7f/0x0006ae88) -- same bits | one-sided cmp/jcc predicates: +eq0: oracle test reg,reg; je/jne at 0x00073b35; +lt2: oracle the same compare with its jcc one or two instructions later (the matcher pairs only an adjacent jcc) at 0x00073ba7 | other immediates (sizes/offsets/stores) differ; report_stores shows no field stored with a different value"
qh_appendfacet,SHAPE,2,equivalent,oracle 0x00073d20; candidate 0x00064060,one-sided cmp/jcc predicates: +lt4: oracle the same compare with its jcc one or two instructions later (the matcher pairs only an adjacent jcc) at 0x00073d71
qh_appendvertex,SHAPE,2,equivalent,oracle 0x00073da0; candidate 0x000640d0,one-sided cmp/jcc predicates: +lt4: oracle the same compare with its jcc one or two instructions later (the matcher pairs only an adjacent jcc) at 0x00073de7
qh_attachnewfacets,REVIEW,2,equivalent,oracle 0x00073e10 0x00073f20; candidate 0x00064140; read 0x00073e9f 0x00073f5c 0x00073f5c,"same bit tested by a register/narrowed form x3 | one-sided cmp/jcc predicates: +eq0: oracle test reg,reg; je/jne at 0x00073e48; +lt3: oracle the same compare with its jcc one or two instructions later (the matcher pairs only an adjacent jcc) at 0x00073e11 | other immediates (sizes/offsets/stores) differ; report_stores shows no field stored with a different value"
qh_checkflipped,SHAPE,2,equivalent,oracle 0x00074090; candidate 0x000643e0,"one-sided cmp/jcc predicates: +eq0: oracle test reg,reg; je/jne at 0x000740a3"
qh_facetintersect,REVIEW,2,equivalent,oracle 0x00074170; candidate 0x00064900,set elements e[1]/e[2] read at +8/+0xc by the candidate (0x00064924/0x00064937); the oracle walks the element pointer | other immediates (sizes/offsets/stores) differ; report_stores shows no field stored with a different value
qh_gethash,SHAPE,2,equivalent,oracle 0x000742f0; candidate 0x00064a40,one-sided cmp/jcc predicates: +ult6: oracle the same compare with its jcc one or two instructions later (the matcher pairs only an adjacent jcc) at 0x00074308 | other immediates (sizes/offsets/stores) differ; report_stores shows no field stored with a different value
qh_makenewplanes,REVIEW,2,equivalent,oracle 0x00074430 0x00074440; candidate 0x00065110; read 0x00065133,set iteration: e[0] at +4 vs walked element pointer at +0
qh_matchvertices,REVIEW,2,equivalent,oracle 0x000744a0; candidate 0x00065940; read 0x000744db 0x00074523,"set iteration: e[0] at +4 vs walked element pointer at +0; same bytes through the other pointer class | one-sided cmp/jcc predicates: +eq0: oracle test reg,reg; je/jne at 0x000744d3 | other immediates (sizes/offsets/stores) differ; report_stores shows no field stored with a different value"
qh_newfacet,SHAPE,2,equivalent,oracle 0x00074560; candidate 0x00065a00,"one-sided cmp/jcc predicates: +eq0: oracle test reg,reg; je/jne at 0x00074577 | other immediates (sizes/offsets/stores) differ; report_stores shows no field stored with a different value"
qh_newridge,REVIEW,2,equivalent,oracle 0x00074640; candidate 0x00065ac0; read 0x000746c6,same bit tested by a register/narrowed form | one-sided cmp/jcc predicates: +eq16777215: oracle the same compare with its jcc one or two instructions later (the matcher pairs only an adjacent jcc) at 0x0007468d; +lt4: oracle the same compare with its jcc one or two instructions later (the matcher pairs only an adjacent jcc) at 0x000746dd | other immediates (sizes/offsets/stores) differ; report_stores shows no field stored with a different value
qh_pointid,SHAPE,2,equivalent,oracle 0x00074710; candidate 0x00065b70,no classifying difference; shape only
qh_removefacet,SHAPE,2,equivalent,oracle 0x00074780; candidate 0x00065be0,one-sided cmp/jcc predicates: +lt4: oracle the same compare with its jcc one or two instructions later (the matcher pairs only an adjacent jcc) at 0x000747d5 | other immediates (sizes/offsets/stores) differ; report_stores shows no field stored with a different value
qh_removevertex,SHAPE,2,equivalent,oracle 0x00074800; candidate 0x00065c50,one-sided cmp/jcc predicates: +lt4: oracle the same compare with its jcc one or two instructions later (the matcher pairs only an adjacent jcc) at 0x0007483e
qh_updatevertices,SHAPE,2,equivalent,oracle 0x00074870 0x00074940 0x00074970; candidate 0x00065cb0,"inlining: candidate inlines qh_pointid | one-sided cmp/jcc predicates: +eq-1: oracle the same compare with its jcc one or two instructions later (the matcher pairs only an adjacent jcc) at 0x00074a29; +eq0: oracle test reg,reg; je/jne at 0x000748a3"
qh_delfacet,REVIEW,2,equivalent,oracle 0x00074b20; candidate 0x00064760; read 0x00064819 0x00074b7b,"same bit tested by a register/narrowed form x2 | oracle reads facet->ridges/neighbors-area fields (+0x38/+0x40, 0x00074c05/0x00074c24) as qh_setfree arguments; candidate passes their addresses and inlines qh_removefacet | inlining: candidate inlines qh_removefacet | one-sided cmp/jcc predicates: +eq0: oracle test reg,reg; je/jne at 0x00074b85; +lt4: oracle the same compare with its jcc one or two instructions later (the matcher pairs only an adjacent jcc) at 0x00074b20"
qh_deletevisible,REVIEW,2,equivalent,oracle 0x00074c80 0x00074d70; candidate 0x000644c0; read 0x000645d3,"same bit tested by a register/narrowed form | the candidate inlines qh_delfacet/qh_removefacet (tricoplanar && !keepcentrum at 0x000645cc/0x000645d3); the oracle does it in the out-of-line qh_delfacet | inlining: candidate inlines qh_delfacet, candidate inlines qh_removefacet | one-sided cmp/jcc predicates: -lt1: candidate the same compare with its jcc one or two instructions later (the matcher pairs only an adjacent jcc) at 0x000644d9; +eq0: oracle test reg,reg; je/jne at 0x00074cc0; +lt4: oracle dec/sub/add then branch (switch-like chain) at 0x00074c97"
qh_makenewfacet,REVIEW,2,equivalent,oracle 0x00074da0; candidate 0x00064ec0,"same bytes through the other pointer class | the candidate inlines qh_appendfacet/qh_appendvertex/qh_newfacet/qh_removevertex; the field reads move with them | inlining: candidate inlines qh_appendfacet, candidate inlines qh_appendvertex, candidate inlines qh_newfacet, candidate inlines qh_removevertex | one-sided cmp/jcc predicates: +eq0: oracle test reg,reg; je/jne at 0x00074da5; +lt4: oracle dec/sub/add then branch (switch-like chain) at 0x00074db8"
qh_makenew_nonsimplicial,REVIEW,2,equivalent,oracle 0x00074e20; candidate 0x00064b50; read 0x00064c65 0x00064c3c 0x00074f18 0x00074f3d,"same bit tested by a register/narrowed form x4 | one-sided cmp/jcc predicates: +eq0: oracle test reg,reg; je/jne at 0x00074e2d"
qh_makenew_simplicial,REVIEW,2,equivalent,oracle 0x00075070 0x000750a0; candidate 0x00064d80; read 0x000750e3,"same bit tested by a register/narrowed form | one-sided cmp/jcc predicates: +eq0: oracle test reg,reg; je/jne at 0x0007507c"
qh_matchneighbor,DIFF,2,equivalent,oracle 0x000751c0; candidate 0x00065180,DIFF [calls]: the candidate inlines qh_gethash
qh_matchnewfacets,REVIEW,2,equivalent,oracle 0x00075540; candidate 0x00065620; read 0x000757ba 0x000755f7,"same bit tested by a register/narrowed form; compare constant held in a register | one-sided cmp/jcc predicates: -lt2: candidate constant held in a register at 0x000656db; +eq0: oracle test reg,reg; je/jne at 0x0007558b | other immediates (sizes/offsets/stores) differ; report_stores shows no field stored with a different value"
qh_addhash,SHAPE,2,equivalent,oracle 0x00075860; candidate 0x0005e1b0,no classifying difference; shape only
qh_checkconvex,REVIEW,2,equivalent,oracle 0x000758b0; candidate 0x0005eee0; read 0x00075977 0x0007596e 0x0007596e 0x0007596e,"same bit tested by a register/narrowed form x4; compare constant held in a register | one-sided cmp/jcc predicates: +eq0: oracle test reg,reg; je/jne at 0x00075995 | other immediates (sizes/offsets/stores) differ; report_stores shows no field stored with a different value"
qh_checkflipped_all,REVIEW,2,equivalent,oracle 0x00075dd0; candidate 0x0005fbf0; read 0x00075e1d,"host vptr read before an inline virtual dispatch (candidate calls the seam wrapper) | one-sided cmp/jcc predicates: +eq0: oracle test reg,reg; je/jne at 0x00075def"
qh_checkvertex,SHAPE,2,equivalent,oracle 0x00075eb0; candidate 0x00060260,other immediates (sizes/offsets/stores) differ; report_stores shows no field stored with a different value
qh_clearcenters,SHAPE,2,equivalent,oracle 0x00075fe0; candidate 0x00060380,one-sided cmp/jcc predicates: +eq0: oracle constant held in a register at 0x00075ff8 | other immediates (sizes/offsets/stores) differ; report_stores shows no field stored with a different value
qh_delridge,SHAPE,2,equivalent,oracle 0x00076070; candidate 0x00060590,no classifying difference; shape only
qh_delvertex,SHAPE,2,equivalent,oracle 0x000760c0; candidate 0x000605e0,no classifying difference; shape only
qh_furthestout,SHAPE,2,equivalent,oracle 0x00076100; candidate 0x00061180,no classifying difference; shape only
qh_infiniteloop,REVIEW,2,equivalent,oracle 0x000761d0; candidate 0x00061250; read 0x000761d0,host vptr read before an inline virtual dispatch (candidate calls the seam wrapper)
qh_isvertex,REVIEW,2,equivalent,oracle 0x00076200; candidate 0x00062110; read 0x0007621c 0x00062116,same bytes through the other pointer class; set iteration: e[0] at +4 vs walked element pointer at +0
qh_matchduplicates,SHAPE,2,equivalent,oracle 0x00076230 0x00076310; candidate 0x000622a0,"one-sided cmp/jcc predicates: +eq0: oracle test reg,reg; je/jne at 0x000762ff | other immediates (sizes/offsets/stores) differ; report_stores shows no field stored with a different value"
qh_nearcoplanar,REVIEW,2,equivalent,oracle 0x00076610; candidate 0x00062620; read 0x000626ef,set iteration: e[0] at +4 vs walked element pointer at +0 | one-sided cmp/jcc predicates: +eq0: oracle constant held in a register at 0x00076623 | other immediates (sizes/offsets/stores) differ; report_stores shows no field stored with a different value | x87 arithmetic present: execution evidence still required (Task 5)
qh_nearvertex,REVIEW,2,equivalent,oracle 0x00076730; candidate 0x00062770; read 0x000628e1 0x000768b1,"same bit tested by a register/narrowed form x2 | one-sided cmp/jcc predicates: +eq0: oracle test reg,reg; je/jne at 0x0007674b | other immediates (sizes/offsets/stores) differ; report_stores shows no field stored with a different value | x87 arithmetic present: execution evidence still required (Task 5)"
qh_newhashtable,REVIEW,2,equivalent,oracle 0x000768e0; candidate 0x00062920; read 0x00062924 0x00062938,element-size scaling by shift vs lea/imul; division by a constant via magic multiply vs idiv | other immediates (sizes/offsets/stores) differ; report_stores shows no field stored with a different value
qh_newvertex,REVIEW,2,equivalent,oracle 0x00076930; candidate 0x00062990; read 0x000769ae,same bit tested by a register/narrowed form | other immediates (sizes/offsets/stores) differ; report_stores shows no field stored with a different value
qh_nextridge3d,SHAPE,2,equivalent,oracle 0x00076a10; candidate 0x00062a50,no classifying difference; shape only
qh_outcoplanar,SHAPE,2,equivalent,oracle 0x00076a80; candidate 0x00062ad0,"one-sided cmp/jcc predicates: +eq0: oracle test reg,reg; je/jne at 0x00076aaf; +lt1: oracle dec/sub/add then branch (switch-like chain) at 0x00076aa6"
qh_point,SHAPE,2,equivalent,oracle 0x00076b40; candidate 0x00062b90,no classifying difference; shape only
qh_point_add,SHAPE,2,equivalent,oracle 0x00076b90; candidate 0x00062be0,no classifying difference; shape only
qh_pointfacet,DIFF,2,equivalent,oracle 0x00076c30; candidate 0x00062c70,DIFF [host-seam calls strings data]: the candidate inlines qh_point_add
qh_pointvertex,SHAPE,2,equivalent,oracle 0x00076d20; candidate 0x00062dd0,inlining: candidate inlines qh_point_add
qh_prependfacet,SHAPE,2,equivalent,oracle 0x00076d80; candidate 0x00062e90,"one-sided cmp/jcc predicates: -eq0: candidate test reg,reg; je/jne at 0x00062ea6"
qh_printhashtable,SHAPE,2,equivalent,oracle 0x00076e10 0x00076ed0; candidate 0x00062f20,other immediates (sizes/offsets/stores) differ; report_stores shows no field stored with a different value
qh_printlists,REVIEW,2,equivalent,oracle 0x00076fb0; candidate 0x000630c0; read 0x000630f2 0x000630ee,"division by a constant via magic multiply vs idiv x2 | one-sided cmp/jcc predicates: +eq0: oracle test reg,reg; je/jne at 0x00076fd4 | other immediates (sizes/offsets/stores) differ; report_stores shows no field stored with a different value"
qh_resetlists,REVIEW,2,equivalent,oracle 0x00077120 0x00077140; candidate 0x00063210; read 0x00077197 0x000771be,bit mask held in a register x2 | other immediates (sizes/offsets/stores) differ; report_stores shows no field stored with a different value
qh_triangulate_facet,REVIEW,2,equivalent,oracle 0x00077220; candidate 0x00063920; read 0x00077456 0x00063b3a 0x0007733e 0x000772bd,"same bits, different pointer class x2; same bit tested by a register/narrowed form x2; compare constant held in a register | oracle clears degenerate by register RMW (and eax,0xbfffffff 0x0007733e) and clears seen|coplanar with a register-held mask (shape: imms -0xfeffbfff); candidate uses memory forms (0x00063980) | one-sided cmp/jcc predicates: +eq0: oracle test reg,reg; je/jne at 0x00077333; +eq2: oracle constant held in a register at 0x0007739b; +lt3: oracle dec/sub/add then branch (switch-like chain) at 0x00077252 | other immediates (sizes/offsets/stores) differ; report_stores shows no field stored with a different value | x87 arithmetic present: execution evidence still required (Task 5)"
qh_triangulate_link,SHAPE,2,equivalent,oracle 0x000774a0; candidate 0x00063b90,other immediates (sizes/offsets/stores) differ; report_stores shows no field stored with a different value
qh_triangulate_mirror,REVIEW,2,equivalent,oracle 0x00077580; candidate 0x00063c90; read 0x00063cb0 0x00063d59,set iteration: e[0] at +4 vs walked element pointer at +0; same bytes through the other pointer class | facet->id read (+0x4c) for the trace; the candidate inlines qh_triangulate_link and reads it through another base register | inlining: candidate inlines qh_triangulate_link
qh_vertexintersect_new,SHAPE,2,equivalent,oracle 0x00077610 0x00077640; candidate 0x00063eb0,"one-sided cmp/jcc predicates: +eq0: oracle test reg,reg; je/jne at 0x00077633 | other immediates (sizes/offsets/stores) differ; report_stores shows no field stored with a different value"
qh_vertexneighbors,REVIEW,2,equivalent,oracle 0x00077690; candidate 0x00063f30; read 0x00077716 0x000776d6 0x000776d6 0x00063fba,"same bytes through the other pointer class x2; flag word +0x50 loaded once and tested in a register x2 | store of vertex->neighbors (+0xc) through another base register | one-sided cmp/jcc predicates: +eq0: oracle test reg,reg; je/jne at 0x00077695 | other immediates (sizes/offsets/stores) differ; report_stores shows no field stored with a different value"
qh_check_maxout,REVIEW,2,equivalent,oracle 0x00077740 0x00077950; candidate 0x0005e510; read 0x000778b3 0x0005e6b6 0x00077751,"same bits, different pointer class x2; compare constant held in a register | inlining: candidate inlines qh_nearcoplanar, candidate inlines qh_pointvertex | one-sided cmp/jcc predicates: +eq0: oracle test reg,reg; je/jne at 0x000777a4; +lt1: oracle constant held in a register at 0x000777de | x87 arithmetic present: execution evidence still required (Task 5)"
qh_checkfacet,REVIEW,2,equivalent,oracle 0x00077bb0 0x00078420; candidate 0x0005f3c0; read 0x0005f4b0 0x00077d5c 0x00077ea5 0x00077cbb,"same bit tested by a register/narrowed form x6 | degenerate||redundant: oracle test eax,0xc0000000 (0x00077d74, 0x00077e2a); candidate tests bit 30 with test edx,0x40000000 and bit 31 with test edx,edx; js (0x0005f556/0x0005f562) -- same predicate | one-sided cmp/jcc predicates: +eq0: oracle test reg,reg; je/jne at 0x00077c97 | other immediates (sizes/offsets/stores) differ; report_stores shows no field stored with a different value"
qh_checkpolygon,REVIEW,2,equivalent,oracle 0x000784f0 0x00078840; candidate 0x0005fcc0; read 0x0005fe47 0x0005fe43 0x0005ffe2 0x000786b7,"division by a constant via magic multiply vs idiv x2; same bit tested by a register/narrowed form x3; bit mask held in a register | inlining: candidate inlines qh_printlists | one-sided cmp/jcc predicates: +eq0: oracle test reg,reg; je/jne at 0x00078548"
qh_createsimplex,REVIEW,2,equivalent,oracle 0x00078970 0x00078a90; candidate 0x00060410; read 0x000604f3,same bit tested by a register/narrowed form | one-sided cmp/jcc predicates: +eq0: oracle constant held in a register at 0x000789d1 | other immediates (sizes/offsets/stores) differ; report_stores shows no field stored with a different value
qh_facet3vertex,SHAPE,2,equivalent,oracle 0x00078b00; candidate 0x00060620,inlining: candidate inlines qh_nextridge3d
qh_findbestlower,SHAPE,2,equivalent,oracle 0x00078c50 0x00078d20; candidate 0x00060920,no classifying difference; shape only
qh_findgood,REVIEW,2,equivalent,oracle 0x00078df0; candidate 0x00060b70; read 0x00078e73 0x00078e58 0x00078f69 0x00078f69,"same bytes through the other pointer class x4; flag word +0x50 loaded once and tested in a register x2; set iteration: e[0] at +4 vs walked element pointer at +0 | one-sided cmp/jcc predicates: +eq0: oracle test reg,reg; je/jne at 0x00078e0a; +lt1: oracle constant held in a register at 0x00079072; +lt2: oracle the same compare with its jcc one or two instructions later (the matcher pairs only an adjacent jcc) at 0x00079019 | other immediates (sizes/offsets/stores) differ; report_stores shows no field stored with a different value"
qh_findgood_all,REVIEW,2,equivalent,oracle 0x000790c0 0x00079180; candidate 0x00060e20; read 0x000791aa 0x00079271 0x00079271 0x00060ee0,"same bytes through the other pointer class x4; flag word +0x50 loaded once and tested in a register x2; set iteration: e[0] at +4 vs walked element pointer at +0 | one-sided cmp/jcc predicates: +eq0: oracle test reg,reg; je/jne at 0x000790f3 | other immediates (sizes/offsets/stores) differ; report_stores shows no field stored with a different value"
qh_furthestnext,SHAPE,2,equivalent,oracle 0x00079350; candidate 0x00061070,"inlining: candidate inlines qh_prependfacet | one-sided cmp/jcc predicates: -lt1: candidate the same compare with its jcc one or two instructions later (the matcher pairs only an adjacent jcc) at 0x00061143; +eq0: oracle test reg,reg; je/jne at 0x0007936c; +lt4: oracle dec/sub/add then branch (switch-like chain) at 0x000793b5"
qh_initialhull,REVIEW,2,equivalent,oracle 0x000793f0 0x000796c0; candidate 0x000618e0; read 0x00079482 0x00079482,"FIXED in Task 2: poly2.c NOVODEX [1]: narrow-hull warning to host slot +0x1c | same bit tested by a register/narrowed form x2 | inlining: candidate inlines qh_createsimplex | one-sided cmp/jcc predicates: +eq0: oracle test reg,reg; je/jne at 0x0007946e; +lt1: oracle test reg,reg with a sign/<=0 branch at 0x000796b0 | x87 arithmetic present: execution evidence still required (Task 5)"
qh_initialvertices,REVIEW,2,equivalent-option-gated,oracle 0x00079720; candidate 0x00061d00,"x87 div/mul: division by the constant qh_RANDOMmax (or 1000) is a reciprocal multiply in the oracle; only on RANDOMdist / QJ / Qr / QRn / timing paths, none enabled by the NovodeX driver (option string ""o"", .rdata:0x0011363c) | inlining: oracle inlines floor | one-sided cmp/jcc predicates: +eq0: oracle test reg,reg; je/jne at 0x00079757; +lt6: oracle constant held in a register at 0x000799b3 | x87 arithmetic present: execution evidence still required (Task 5)"
qh_makenewfacets,SHAPE,2,equivalent,oracle 0x00079b80; candidate 0x00062140,one-sided cmp/jcc predicates: +eq0: oracle constant held in a register at 0x00079bca | other immediates (sizes/offsets/stores) differ; report_stores shows no field stored with a different value
qh_triangulate,REVIEW,2,equivalent,oracle 0x00079cf0 0x00079e00 0x00079fb0 0x0007a050; candidate 0x00063380; read 0x0007a1a5 0x00063842 0x0007a109 0x0007a1b4,"same bits, different pointer class x2; same bit tested by a register/narrowed form x2; compare constant held in a register x2; bit mask held in a register | tricoplanar (bit 9 of +0x50): oracle test ah,2 (0x0007a109); candidate extracts it with shr ecx,9; and ecx,1 (0x000636f7) -- same bit | one-sided cmp/jcc predicates: +eq2: oracle constant held in a register at 0x00079d3c; +lt2: oracle constant held in a register at 0x00079dc5; +lt3: oracle the same compare with its jcc one or two instructions later (the matcher pairs only an adjacent jcc) at 0x00079e75 | other immediates (sizes/offsets/stores) differ; report_stores shows no field stored with a different value"
qh_vertexintersect,SHAPE,2,equivalent,oracle 0x0007a270; candidate 0x00063e80,no classifying difference; shape only
qh_check_output,SHAPE,2,equivalent,oracle 0x0007a2a0; candidate 0x0005ea60,"one-sided cmp/jcc predicates: +eq0: oracle test reg,reg; je/jne at 0x0007a2a6"
qh_initbuild,DIFF,2,equivalent,oracle 0x0007a330; candidate 0x00061280,DIFF [calls floats data]: candidate inlines qh_point (+qh_setsize); PRINTout[] loop addressed from +4 in the oracle (0x0007a506); -2*ANGLEround as fmul -2.0 vs fchs/fadd | x87 arithmetic present: execution evidence still required (Task 5)
qh_buildtracing,DIFF,2,equivalent,oracle 0x0007a830; candidate 0x0005c160,DIFF [calls]: unattributed host fprintf base; CPU time printed as *0.001f vs /1000 | x87 arithmetic present: execution evidence still required (Task 5)
qh_errexit2,SHAPE,2,equivalent,oracle 0x0007ab80; candidate 0x0005c480,no classifying difference; shape only
qh_nextfurthest,REVIEW,2,equivalent-option-gated,oracle 0x0007abb0; candidate 0x0005c890,"x87 div/mul: division by the constant qh_RANDOMmax (or 1000) is a reciprocal multiply in the oracle; only on RANDOMdist / QJ / Qr / QRn / timing paths, none enabled by the NovodeX driver (option string ""o"", .rdata:0x0011363c) | inlining: oracle inlines floor | one-sided cmp/jcc predicates: +eq0: oracle test reg,reg; je/jne at 0x0007abd3 | x87 arithmetic present: execution evidence still required (Task 5)"
qh_precision,SHAPE,2,equivalent,oracle 0x0007ae20; candidate 0x0005d620,"one-sided cmp/jcc predicates: +eq0: oracle test reg,reg; je/jne at 0x0007ae25"
qh_printsummary,DIFF,2,equivalent,oracle 0x0007ae80 0x0007aef0; candidate 0x0005d680,DIFF [calls floats]: timing printed as clock*0.001f vs /1000; unattributed host fprintf base; 2*x as fadd vs fmul 2.0 (exact) | x87 arithmetic present: execution evidence still required (Task 5)
qh_findhorizon,REVIEW,2,equivalent,oracle 0x0007b8b0; candidate 0x0005c4b0; read 0x0005c685 0x0005c57e 0x0007baa2 0x0007b990,same bit tested by a register/narrowed form x4 | one-sided cmp/jcc predicates: -lt4: candidate the same compare with its jcc one or two instructions later (the matcher pairs only an adjacent jcc) at 0x0005c534; +eq0: oracle constant held in a register at 0x0007b96a; +lt1: oracle the same compare with its jcc one or two instructions later (the matcher pairs only an adjacent jcc) at 0x0007bc9b | other immediates (sizes/offsets/stores) differ; report_stores shows no field stored with a different value
qh_partitionpoint,SHAPE,2,equivalent,oracle 0x0007bcf0; candidate 0x0005d190,"one-sided cmp/jcc predicates: +eq0: oracle test reg,reg; je/jne at 0x0007bd6e; +lt4: oracle the same compare with its jcc one or two instructions later (the matcher pairs only an adjacent jcc) at 0x0007be53"
qh_partitionall,SHAPE,2,equivalent,oracle 0x0007bff0 0x0007c050 0x0007c1a0; candidate 0x0005cb00,"one-sided cmp/jcc predicates: -lt4: candidate dec/sub/add then branch (switch-like chain) at 0x0005cb60; +eq0: oracle test reg,reg; je/jne at 0x0007c1f0 | other immediates (sizes/offsets/stores) differ; report_stores shows no field stored with a different value | x87 arithmetic present: execution evidence still required (Task 5)"
qh_partitioncoplanar,SHAPE,2,equivalent,oracle 0x0007c3b0; candidate 0x0005ce80,"one-sided cmp/jcc predicates: +eq0: oracle test reg,reg; je/jne at 0x0007c433; +lt2: oracle the same compare with its jcc one or two instructions later (the matcher pairs only an adjacent jcc) at 0x0007c57e; +lt4: oracle the same compare with its jcc one or two instructions later (the matcher pairs only an adjacent jcc) at 0x0007c47a"
qh_partitionvisible,REVIEW,2,equivalent,oracle 0x0007c700 0x0007c850; candidate 0x0005d430; read 0x0007c773 0x0007c773 0x0007c74c 0x0007c74c,"flag word +0x50 loaded once and tested in a register x4; set iteration: e[0] at +4 vs walked element pointer at +0 x2 | one-sided cmp/jcc predicates: +eq0: oracle test reg,reg; je/jne at 0x0007c706"
qh_addpoint,REVIEW,2,equivalent,oracle 0x0007c900; candidate 0x0005b930; read 0x0007c9ac 0x0007cb86 0x0007ccb4,"same bit tested by a register/narrowed form; compare constant held in a register; bit mask held in a register | one-sided cmp/jcc predicates: +eq0: oracle test reg,reg; je/jne at 0x0007cae0; +lt50: oracle constant held in a register at 0x0007cce7; +lt51: oracle constant held in a register at 0x0007cc9f | other immediates (sizes/offsets/stores) differ; report_stores shows no field stored with a different value | x87 arithmetic present: execution evidence still required (Task 5)"
qh_buildhull,SHAPE,2,equivalent,oracle 0x0007cd80; candidate 0x0005bf70,"one-sided cmp/jcc predicates: +eq0: oracle test reg,reg; je/jne at 0x0007cda4"
qh_build_withrestart,SHAPE,2,equivalent,oracle 0x0007cf80; candidate 0x0005bd80,one-sided cmp/jcc predicates: +eq0: oracle constant held in a register at 0x0007cfa1 | other immediates (sizes/offsets/stores) differ; report_stores shows no field stored with a different value
qh_qhull,REVIEW,2,equivalent,oracle 0x0007d180; candidate 0x0005df30; read 0x0007d355,"host vptr read before an inline virtual dispatch (candidate calls the seam wrapper) | one-sided cmp/jcc predicates: +eq0: oracle test reg,reg; je/jne at 0x0007d197"
qh_setdel,SHAPE,2,equivalent,oracle 0x0007ed50; candidate 0x0005a620,"one-sided cmp/jcc predicates: -eq0: candidate test reg,reg; je/jne at 0x0005a628"
qh_setdellast,SHAPE,2,equivalent,oracle 0x0007edb0; candidate 0x0005a690,"one-sided cmp/jcc predicates: +eq0: oracle test reg,reg; je/jne at 0x0007edb4"
qh_setdelsorted,SHAPE,2,equivalent,oracle 0x0007edf0; candidate 0x0005a7f0,"one-sided cmp/jcc predicates: -eq0: candidate test reg,reg; je/jne at 0x0005a7f8 | other immediates (sizes/offsets/stores) differ; report_stores shows no field stored with a different value"
qh_setequal,DIFF,2,equivalent,oracle 0x0007ee50; candidate 0x0005a950,DIFF [calls]: the candidate compiles memcmp inline
qh_setequal_except,SHAPE,2,equivalent,oracle 0x0007eeb0; candidate 0x0005a9e0,other immediates (sizes/offsets/stores) differ; report_stores shows no field stored with a different value
qh_setequal_skip,SHAPE,2,equivalent,oracle 0x0007ef30; candidate 0x0005aa50,other immediates (sizes/offsets/stores) differ; report_stores shows no field stored with a different value
qh_setfree,SHAPE,2,equivalent,oracle 0x0007ef90; candidate 0x0005aab0,no classifying difference; shape only
qh_setfreelong,SHAPE,2,equivalent,oracle 0x0007eff0; candidate 0x0005aba0,no classifying difference; shape only
qh_setin,REVIEW,2,equivalent,oracle 0x0007f020; candidate 0x0005abe0; read 0x0007f038 0x0005abe6,same bytes through the other pointer class; set iteration: e[0] at +4 vs walked element pointer at +0
qh_setindex,SHAPE,2,equivalent,oracle 0x0007f050; candidate 0x0005ac10,other immediates (sizes/offsets/stores) differ; report_stores shows no field stored with a different value
qh_setlast,SHAPE,2,equivalent,oracle 0x0007f0a0; candidate 0x0005ad50,no classifying difference; shape only
qh_setnew,SHAPE,2,equivalent,oracle 0x0007f0d0; candidate 0x0005ad80,other immediates (sizes/offsets/stores) differ; report_stores shows no field stored with a different value
qh_setprint,SHAPE,2,equivalent,oracle 0x0007f170; candidate 0x0005afe0,other immediates (sizes/offsets/stores) differ; report_stores shows no field stored with a different value
qh_setreplace,SHAPE,2,equivalent,oracle 0x0007f220; candidate 0x0005b070,"one-sided cmp/jcc predicates: -eq0: candidate test reg,reg; je/jne at 0x0005b086"
qh_setsize,SHAPE,2,equivalent,oracle 0x0007f2a0; candidate 0x0005b0f0,no classifying difference; shape only
qh_settempfree_all,REVIEW,2,equivalent,oracle 0x0007f310; candidate 0x0005b490; read 0x0005b496,set iteration: e[0] at +4 vs walked element pointer at +0 | inlining: candidate inlines qh_setfree
qh_settemppop,SHAPE,2,equivalent,oracle 0x0007f380; candidate 0x0005b560,"inlining: candidate inlines qh_setsize | one-sided cmp/jcc predicates: +eq0: oracle test reg,reg; je/jne at 0x0007f385"
qh_settruncate,SHAPE,2,equivalent,oracle 0x0007f440; candidate 0x0005b7c0,no classifying difference; shape only
qh_setzero,REVIEW,2,equivalent,oracle 0x0007f4a0; candidate 0x0005b8a0; read 0x0007f505 0x0007f510,inline memcpy/memset split (shr 2 / and 3) vs call x2 | other immediates (sizes/offsets/stores) differ; report_stores shows no field stored with a different value
qh_setcheck,SHAPE,2,equivalent,oracle 0x0007f520; candidate 0x0005a470,other immediates (sizes/offsets/stores) differ; report_stores shows no field stored with a different value
qh_setcompact,SHAPE,2,equivalent,oracle 0x0007f5c0; candidate 0x0005a520,inlining: candidate inlines qh_settruncate
qh_setcopy,REVIEW,2,equivalent,oracle 0x0007f610; candidate 0x0005a5c0; read 0x0007f64d 0x0007f655,inline memcpy/memset split (shr 2 / and 3) vs call x2
qh_setdelnth,REVIEW,2,equivalent,oracle 0x0007f670; candidate 0x0005a6e0; read 0x0005a6ee,set iteration: e[0] at +4 vs walked element pointer at +0
qh_setdelnthsorted,SHAPE,2,equivalent,oracle 0x0007f6f0; candidate 0x0005a760,other immediates (sizes/offsets/stores) differ; report_stores shows no field stored with a different value
qh_setlarger,REVIEW,2,equivalent,oracle 0x0007f780; candidate 0x0005ac60; read 0x0007f7c6 0x0007f7d8,inline memcpy/memset split (shr 2 / and 3) vs call x2 | inlining: candidate inlines qh_setfree
qh_setnew_delnthsorted,REVIEW,2,equivalent,oracle 0x0007f840; candidate 0x0005ae20; read 0x0007f8ee 0x0007f8fb,inline memcpy/memset split (shr 2 / and 3) vs call x2 | candidate copies set elements with unrolled moves (0x0005aebd..); oracle calls memcpy twice | one-sided cmp/jcc predicates: +ult5: oracle the same compare with its jcc one or two instructions later (the matcher pairs only an adjacent jcc) at 0x0007f8a9 | other immediates (sizes/offsets/stores) differ; report_stores shows no field stored with a different value
qh_setaddnth,REVIEW,2,equivalent,oracle 0x0007f9b0; candidate 0x0005a150; read 0x0005a1d2,"set iteration: e[0] at +4 vs walked element pointer at +0 | one-sided cmp/jcc predicates: -eq0: candidate test reg,reg; je/jne at 0x0005a15b | other immediates (sizes/offsets/stores) differ; report_stores shows no field stored with a different value"
qh_setappend,REVIEW,2,equivalent,oracle 0x0007fa60; candidate 0x0005a2c0; read 0x0007fa9c,set iteration: e[0] at +4 vs walked element pointer at +0
qh_setappend_set,REVIEW,2,equivalent,oracle 0x0007fab0; candidate 0x0005a360; read 0x0007fb31 0x0007fb41,"inline memcpy/memset split (shr 2 / and 3) vs call x2 | inlining: candidate inlines qh_setcopy | one-sided cmp/jcc predicates: -eq0: candidate test reg,reg; je/jne at 0x0005a36a"
qh_setappend2ndlast,SHAPE,2,equivalent,oracle 0x0007fb50; candidate 0x0005a310,"one-sided cmp/jcc predicates: -eq0: candidate test reg,reg; je/jne at 0x0005a31a"
qh_settemp,REVIEW,2,equivalent,oracle 0x0007fba0; candidate 0x0005b150; read 0x0007fbe7,"set iteration: e[0] at +4 vs walked element pointer at +0 | inlining: candidate inlines qh_setsize | one-sided cmp/jcc predicates: -eq0: candidate test reg,reg; je/jne at 0x0005b161"
qh_settemppush,REVIEW,2,equivalent,oracle 0x0007fc40; candidate 0x0005b6a0; read 0x0007fc7f,set iteration: e[0] at +4 vs walked element pointer at +0 | inlining: candidate inlines qh_setsize
qh_setunique,SHAPE,2,equivalent,oracle 0x0007fce0; candidate 0x0005b820,inlining: candidate inlines qh_setappend
qh_settempfree,REVIEW,2,equivalent,oracle 0x0007fd20; candidate 0x0005b220,"the candidate inlines qh_setsize/qh_settemppush; set->e[0] read differs only in addressing | inlining: candidate inlines qh_setsize, candidate inlines qh_settemppush, candidate inlines qh_setsize"
qh_allstatA,SHAPE,2,equivalent,oracle 0x000814f0; candidate 0x00056d00,other immediates (sizes/offsets/stores) differ; report_stores shows no field stored with a different value
qh_allstatB,SHAPE,2,equivalent,oracle 0x00081800; candidate 0x00057010,other immediates (sizes/offsets/stores) differ; report_stores shows no field stored with a different value
qh_allstatC,SHAPE,2,equivalent,oracle 0x00081cb0; candidate 0x000574b0,other immediates (sizes/offsets/stores) differ; report_stores shows no field stored with a different value
qh_allstatD,SHAPE,2,equivalent,oracle 0x000821d0; candidate 0x000579b0,other immediates (sizes/offsets/stores) differ; report_stores shows no field stored with a different value
qh_allstatE,SHAPE,2,equivalent,oracle 0x00082510; candidate 0x00057cf0,other immediates (sizes/offsets/stores) differ; report_stores shows no field stored with a different value
qh_allstatE2,SHAPE,2,equivalent,oracle 0x00082810; candidate 0x00058000,other immediates (sizes/offsets/stores) differ; report_stores shows no field stored with a different value
qh_allstatF,SHAPE,2,equivalent,oracle 0x00082ac0; candidate 0x000582b0,other immediates (sizes/offsets/stores) differ; report_stores shows no field stored with a different value
qh_allstatG,SHAPE,2,equivalent,oracle 0x00082f50; candidate 0x00058730,other immediates (sizes/offsets/stores) differ; report_stores shows no field stored with a different value
qh_allstatH,SHAPE,2,equivalent,oracle 0x000832c0; candidate 0x00058ad0,other immediates (sizes/offsets/stores) differ; report_stores shows no field stored with a different value
qh_allstatI,SHAPE,2,equivalent,oracle 0x000836f0; candidate 0x00058f10,other immediates (sizes/offsets/stores) differ; report_stores shows no field stored with a different value
qh_allstatistics,SHAPE,2,equivalent,oracle 0x00083a60; candidate 0x00059280,other immediates (sizes/offsets/stores) differ; report_stores shows no field stored with a different value
qh_collectstatistics,REVIEW,2,equivalent,oracle 0x00083a80 0x00083c00; candidate 0x000592a0; read 0x000595a9 0x000593ce 0x00083bd0 0x00083d14,"set iteration: e[0] at +4 vs walked element pointer at +0; same bytes through the other pointer class; element-size scaling by shift vs lea/imul x2; same bit tested by a register/narrowed form x4; bit mask held in a register | vertex->deleted (bit 27 of +0x14): oracle mov edi,0x8000000; test [esi+0x14],edi (0x00083e93/0x00083e9c); candidate test dword [esi+0x14],0x8000000 (0x000596b5); candidate and ecx,0x3fffffff (0x0005953a) is size arithmetic | one-sided cmp/jcc predicates: +eq0: oracle constant held in a register at 0x00083b29 | other immediates (sizes/offsets/stores) differ; report_stores shows no field stored with a different value | x87 arithmetic present: execution evidence still required (Task 5)"
qh_initstatistics,DIFF,2,equivalent,oracle 0x00083f30; candidate 0x00059720,DIFF [data]: the oracle inlines qh_allstatA..I; qhstat init[]/type[] stores addressed differently
qh_nostatistic,REVIEW,2,equivalent,oracle 0x000841f0; candidate 0x000598c0; read 0x000598c6,"element-size scaling by shift vs lea/imul | cmp cl,5 (zdoc) multiplicity; statistics only | cmp/jcc -lt5: cmp cl,5 (zdoc) layout; statistics only"
qh_printstatlevel,REVIEW,2,equivalent,oracle 0x00084240; candidate 0x00059dd0; read 0x00084269,"host vptr read before an inline virtual dispatch (candidate calls the seam wrapper) | type compares (cmp cl,5 zdoc) and cmp dx,-1 appear with different multiplicities after the candidate inlines qh_newstats/qh_nostatistic; statistics printing only | one-sided cmp/jcc predicates: -eq-1: candidate the same compare with its jcc one or two instructions later (the matcher pairs only an adjacent jcc) at 0x00059e4b; -lt5: candidate the same compare with its jcc one or two instructions later (the matcher pairs only an adjacent jcc) at 0x00059e71; +eq0: oracle test reg,reg; je/jne at 0x00084257 | x87 arithmetic present: execution evidence still required (Task 5)"
qh_newstats,REVIEW,2,equivalent,oracle 0x000843e0 0x00084410; candidate 0x00059810,"cmp dl,5 (zdoc) multiplicity; statistics printing only | one-sided cmp/jcc predicates: +eq0: oracle test reg,reg; je/jne at 0x000843f6 | cmp/jcc -lt5: cmp dl,5 (zdoc) layout; statistics only"
qh_printstats,REVIEW,2,equivalent,oracle 0x000844a0; candidate 0x00059f20,"the candidate inlines qh_newstats/qh_printstatlevel; statistics printing only | inlining: candidate inlines qh_newstats, candidate inlines qh_printstatlevel | one-sided cmp/jcc predicates: +eq0: oracle test reg,reg; je/jne at 0x000844b9; +lt5: oracle dec/sub/add then branch (switch-like chain) at 0x000844b6; +lt6: oracle dec/sub/add then branch (switch-like chain) at 0x000844b6 | cmp/jcc +eq-1 +ult221: the candidate inlines qh_newstats/qh_printstatlevel (their compares and the id-table bound); statistics only"
qh_printstatistics,DIFF,2,equivalent,oracle 0x00084510 0x00084750; candidate 0x00059b80,DIFF [calls]: unattributed host fprintf bases; the oracle forms 1/count once (0x00084548) for printed averages -- printing only | x87 arithmetic present: execution evidence still required (Task 5)
qh_printallstatistics,DIFF,2,equivalent,oracle 0x000847d0; candidate 0x00059910,DIFF [calls]: unattributed host fprintf bases (statistics printing)
qh_errexit,REVIEW,2,equivalent,oracle 0x00084800; candidate 0x00056960; read 0x0008480a,set iteration: e[0] at +4 vs walked element pointer at +0
qh_errprint,DIFF,2,equivalent,oracle 0x00084820; candidate 0x00056970,DIFF [data]: loop bound &qh PRINTout[qh_PRINTEND] (0x101247f8) vs index
qh_printfacetlist,SHAPE,2,equivalent,oracle 0x000849b0; candidate 0x00056c50,other immediates (sizes/offsets/stores) differ; report_stores shows no field stored with a different value
