library,group_rva,source_function,side,site_rva,grouping,terms
opcode,0x000b57d0,RayCollider::InitQuery,oracle,0x000b589d,(x+y)+z,12|16/20
opcode,0x000b57d0,RayCollider::InitQuery,oracle,0x000b58be,(x+y)+z,12|16/20
opcode,0x000b57d0,RayCollider::InitQuery,oracle,0x000b58e4,(x+y)+z,12|16/20
opcode,0x000b57d0,RayCollider::InitQuery,oracle,0x000b5914,(x+z)+y,0|8/4
opcode,0x000b57d0,RayCollider::InitQuery,oracle,0x000b5937,(x+z)+y,0|8/4
opcode,0x000b57d0,RayCollider::InitQuery,oracle,0x000b596c,(x+z)+y,0|8/4
opcode,0x000b57d0,RayCollider::InitQuery,oracle,0x000b5a96,(x+z)+y,"0,0,0,4,4,4,8,8|0,0,4,4,4,8,8,8/0,0,0,4,4,8,8,8"
opcode,0x000b57d0,RayCollider::InitQuery,oracle,0x000b5ae9,(y+z)+x,"0,0,0,4,4,4,8,8|0,0,0,4,4,8,8,8/0,0,4,4,4,8,8,8"
opcode,0x000b57d0,RayCollider::InitQuery,oracle,0x000b5b8a,(y+z)+x,"0,0,0,0,4,4,4,4,8|0,0,0,0,4,8,8,8,8/0,4,4,4,4,8,8,8,8"
opcode,0x000b57d0,RayCollider::InitQuery,oracle,0x000b5bcf,(x+z)+y,"0,0,0,0,4,4,4,4,8,8|0,0,4,4,4,4,8,8,8,8/0,0,0,0,4,4,8,8,8,8"
opcode,0x000b57d0,RayCollider::InitQuery,oracle,0x000b5c6b,(y+z)+x,"0,0,0,0,4,4,4,4,8,8|0,0,0,0,4,4,8,8,8,8/0,0,4,4,4,4,8,8,8,8"
opcode,0x000b57d0,RayCollider::InitQuery,oracle,0x000b5ce5,(y+z)+x,"0,0,0,0,4,4,4,4,8|0,0,0,0,4,8,8,8,8/0,4,4,4,4,8,8,8,8"
opcode,0x000b57d0,RayCollider::InitQuery,oracle,0x000b5d2c,(x+z)+y,"0,0,0,0,4,4,4,4,8,8|0,0,4,4,4,4,8,8,8,8/0,0,0,0,4,4,8,8,8,8"
opcode,0x000b57d0,RayCollider::InitQuery,oracle,0x000b5f1c,(y+z)+x,"0,0,0,4,4,4,8,8|0,0,0,4,4,8,8,8/0,0,4,4,4,8,8,8"
opcode,0x000b57d0,RayCollider::InitQuery,oracle,0x000b5f6f,(y+z)+x,"0,0,0,4,4,4,8,8|0,0,0,4,4,8,8,8/0,0,4,4,4,8,8,8"
opcode,0x000b57d0,RayCollider::InitQuery,oracle,0x000b6010,(y+z)+x,"0,0,0,0,4,4,4,4,8|0,0,0,0,4,8,8,8,8/0,4,4,4,4,8,8,8,8"
opcode,0x000b57d0,RayCollider::InitQuery,oracle,0x000b6055,(y+z)+x,"0,0,0,0,4,4,4,4,8,8|0,0,0,0,4,4,8,8,8,8/0,0,4,4,4,4,8,8,8,8"
opcode,0x000b57d0,RayCollider::InitQuery,oracle,0x000b60f1,(y+z)+x,"0,0,0,0,4,4,4,4,8,8|0,0,0,0,4,4,8,8,8,8/0,0,4,4,4,4,8,8,8,8"
opcode,0x000b57d0,RayCollider::InitQuery,oracle,0x000b616b,(y+z)+x,"0,0,0,0,4,4,4,4,8|0,0,0,0,4,8,8,8,8/0,4,4,4,4,8,8,8,8"
opcode,0x000b57d0,RayCollider::InitQuery,oracle,0x000b61b2,(y+z)+x,"0,0,0,0,4,4,4,4,8,8|0,0,0,0,4,4,8,8,8,8/0,0,4,4,4,4,8,8,8,8"
opcode,0x000b57d0,RayCollider::InitQuery,candidate,0x000a472b,(x+y)+z,"12,16|16,20/20,24"
opcode,0x000b57d0,RayCollider::InitQuery,candidate,0x000a4741,(x+y)+z,"12,32|16,36/20,40"
opcode,0x000b57d0,RayCollider::InitQuery,candidate,0x000a4756,(x+z)+y,"0,12|20,8/16,4"
opcode,0x000b57d0,RayCollider::InitQuery,candidate,0x000a478a,(x+y)+z,0|4/8
opcode,0x000b57d0,RayCollider::InitQuery,candidate,0x000a47a5,(x+y)+z,0|4/8
opcode,0x000b57d0,RayCollider::InitQuery,candidate,0x000a499c,?,"0,0i,0i,0i,28,4,8|0,28,28,32,36,4,4i,4i,4i,4i,8/0,0i,0i,32,4,4i,4i,4i,8,8i,8i"
opcode,0x000b57d0,RayCollider::InitQuery,candidate,0x000a4a41,(x+y)+z,"0,0,0,0,0i,0i,0i,0i,0i,0i,0i,0i,28,32,4,4,4,4,4i,4i,4i,8,8,8,8,8i,8i|0,28,28,4,4i,4i,8/0,36,4,4i,4i,4i,4i,4i,8"
opcode,0x000b57d0,RayCollider::InitQuery,candidate,0x000a4b39,?,"0,28,4,4i,8|28,32,36,4i,4i/0,0,0,0i,0i,0i,0i,0i,0i,0i,0i,0i,28,28,28,28,32,32,32,32,36,36,36,4,4,4,4i,4i,4i,4i,4i,4i,4i,4i,4i,4i,4i,8,8,8,8i,8i,8i,8i,8i,8i,8i,8i,8i"
opcode,0x000b57d0,RayCollider::InitQuery,candidate,0x000a4bba,?,"0i,0i,0i,0i,28,32,32,32,36,36,4i,4i,4i,4i,4i,4i,4i,4i,8i,8i,8i,8i,8i,8i,8i|28/0,136,36,4,8"
opcode,0x000b57d0,RayCollider::InitQuery,candidate,0x000a4ef8,?,"0,0,0,4,4,4i,4i,4i,4i,8,8|0,0,0i,0i,0i,4,8/0,0i,0i,4,4,4i,4i,4i,8,8i,8i"
opcode,0x000b57d0,RayCollider::InitQuery,candidate,0x000a4f9f,?,"0,0,0,0,0,0i,0i,0i,0i,0i,0i,0i,0i,32,4,4,4,4,4i,4i,4i,8,8,8,8,8i,8i|0,0,0,4,4i,4i,8/0,36,4,4i,4i,4i,4i,4i,8"
opcode,0x000b57d0,RayCollider::InitQuery,candidate,0x000a509f,?,"0,0,4,4i,8|0,4,4i,4i,8/0,0i,0i,0i,0i,136,4,4,4i,4i,4i,4i,8,8,8i,8i,8i,8i,8i,8i,8i"
opcode,0x000b57d0,RayCollider::InitQuery,candidate,0x000a5120,?,"0|0,0i,0i,0i,0i,4,4,4,4i,4i,4i,4i,4i,4i,4i,4i,8,8,8i,8i,8i,8i,8i,8i,8i/0,0,0,0,0,0,0,0i,0i,0i,0i,0i,4,4,4,4,4,4,4i,4i,4i,4i,4i,4i,4i,8,8,8,8,8,8,8i,8i"
opcode,0x000b6380,RayCollider::_SegmentStab(const AABBCollisionNode*),oracle,0x000b6560,(y+z)+x,"0,0,28,32,4,4,8,8|0,0,28,36,4,4,8,8/0,0,32,36,4,4,8,8"
opcode,0x000b6380,RayCollider::_SegmentStab(const AABBCollisionNode*),oracle,0x000b65b8,(x+z)+y,"0,0,24,28,32,4,4,8|0,16,32,36,4,4,8,8/0,0,20,28,36,4,8,8"
opcode,0x000b6380,RayCollider::_SegmentStab(const AABBCollisionNode*),oracle,0x000b665a,(y+z)+x,"0,0,0,16,20,36,4,4,4|0,0,0,16,24,32,8,8,8/20,24,28,4,4,4,8,8,8"
opcode,0x000b6380,RayCollider::_SegmentStab(const AABBCollisionNode*),oracle,0x000b669f,(y+z)+x,"0,0,0,16,20,4,4,4,8,8|0,0,0,16,24,4,4,8,8,8/0,0,20,24,4,4,4,8,8,8"
opcode,0x000b6380,RayCollider::_SegmentStab(const AABBCollisionNode*),oracle,0x000b6740,(x+z)+y,"0,0,0,16,20,24,4,4,4,8|0,16,20,24,4,4,4,8,8,8/0,0,0,16,20,24,4,8,8,8"
opcode,0x000b6380,RayCollider::_SegmentStab(const AABBCollisionNode*),oracle,0x000b67bb,(y+z)+x,"0,0,0,16,20,36,4,4,4|0,0,0,16,24,32,8,8,8/20,24,28,4,4,4,8,8,8"
opcode,0x000b6380,RayCollider::_SegmentStab(const AABBCollisionNode*),oracle,0x000b6802,(y+z)+x,"0,0,0,16,20,4,4,4,8,8|0,0,0,16,24,4,4,8,8,8/0,0,20,24,4,4,4,8,8,8"
opcode,0x000b6380,RayCollider::_SegmentStab(const AABBCollisionNode*),candidate,0x000a8a06,?,"0i,0i,0i,0i,0i,16,28,28,32,32,36,4i,4i,4i,4i,8i,8i,8i,8i,8i|20,28,32,36,4i,4i,4i/0i,0i,0i,24,32,4i,4i,8i,8i,8i"
opcode,0x000b6380,RayCollider::_SegmentStab(const AABBCollisionNode*),candidate,0x000a8a9c,?,"0i,0i,0i,0i,0i,0i,0i,16,20,24,28,32,32,32,36,4i,4i,4i,4i,4i,8i,8i,8i,8i,8i,8i,8i|20,28,4i/0i,0i,0i,0i,0i,16,24,28,32,32,36,36,4i,4i,4i,4i,4i,4i,4i,4i,8i,8i,8i,8i,8i,8i,8i"
opcode,0x000b6380,RayCollider::_SegmentStab(const AABBCollisionNode*),candidate,0x000a8b85,?,"20,28,4i|28,32,36,4i,4i/136,136"
opcode,0x000b6380,RayCollider::_SegmentStab(const AABBCollisionNode*),candidate,0x000a8bfa,?,"136,20,32,4i,4i,4i,4i,4i,8i|28/0i,0i,0i,0i,0i,0i,0i,0i,16,16,20,24,28,28,28,32,32,32,32,36,36,36,4i,4i,4i,4i,4i,4i,4i,4i,4i,8i,8i,8i,8i,8i,8i,8i,8i"
opcode,0x000b6900,RayCollider::_SegmentStab(const AABBQuantizedNode*),oracle,0x000b6b65,(x+z)+y,"0,0,28,32,4,4,8,8|0,0,32,36,4,4,8,8/0,0,28,36,4,4,8,8"
opcode,0x000b6900,RayCollider::_SegmentStab(const AABBQuantizedNode*),oracle,0x000b6bbd,(x+z)+y,"0,0,24,28,32,4,4,8|0,16,32,36,4,4,8,8/0,0,20,28,36,4,8,8"
opcode,0x000b6900,RayCollider::_SegmentStab(const AABBQuantizedNode*),oracle,0x000b6c5f,(y+z)+x,"0,0,0,16,20,36,4,4,4|0,0,0,16,24,32,8,8,8/20,24,28,4,4,4,8,8,8"
opcode,0x000b6900,RayCollider::_SegmentStab(const AABBQuantizedNode*),oracle,0x000b6ca4,(x+z)+y,"0,0,0,16,20,4,4,4,8,8|0,0,20,24,4,4,4,8,8,8/0,0,0,16,24,4,4,8,8,8"
opcode,0x000b6900,RayCollider::_SegmentStab(const AABBQuantizedNode*),oracle,0x000b6d47,(x+z)+y,"0,0,0,16,20,24,4,4,4,8|0,16,20,24,4,4,4,8,8,8/0,0,0,16,20,24,4,8,8,8"
opcode,0x000b6900,RayCollider::_SegmentStab(const AABBQuantizedNode*),oracle,0x000b6dc2,(y+z)+x,"0,0,0,16,20,36,4,4,4|0,0,0,16,24,32,8,8,8/20,24,28,4,4,4,8,8,8"
opcode,0x000b6900,RayCollider::_SegmentStab(const AABBQuantizedNode*),oracle,0x000b6e09,(x+z)+y,"0,0,0,16,20,4,4,4,8,8|0,0,20,24,4,4,4,8,8,8/0,0,0,16,24,4,4,8,8,8"
opcode,0x000b6900,RayCollider::_SegmentStab(const AABBQuantizedNode*),candidate,0x000aa9fd,?,"0i,0i,20,28,28,32,36,4i,4i,4i|0i,16,36/24,8i,8i,8i"
opcode,0x000b6900,RayCollider::_SegmentStab(const AABBQuantizedNode*),candidate,0x000aaa98,?,"0i,0i,0i,0i,0i,0i,0i,0i,16,16,20,20,20,24,28,28,28,32,36,36,4i,4i,4i,4i,4i,8i,8i,8i,8i,8i|0i,0i,0i,16,20,24,28,28,32,32,36,36,4i,4i,4i,4i,4i,4i,4i,8i,8i,8i/0i,16,36"
opcode,0x000b6900,RayCollider::_SegmentStab(const AABBQuantizedNode*),candidate,0x000aab81,?,"20,24,4i,8i|36/136,136"
opcode,0x000b6900,RayCollider::_SegmentStab(const AABBQuantizedNode*),candidate,0x000aabf9,?,"136|136,32,4i,4i,4i,4i/0i,16,36"
opcode,0x000b6ef0,RayCollider::_SegmentStab(const AABBNoLeafNode*),oracle,0x000b70b5,(x+z)+y,"0,0,28,32,4,4,8,8|0,0,32,36,4,4,8,8/0,0,28,36,4,4,8,8"
opcode,0x000b6ef0,RayCollider::_SegmentStab(const AABBNoLeafNode*),oracle,0x000b710d,(x+z)+y,"0,0,24,28,32,4,4,8|0,16,32,36,4,4,8,8/0,0,20,28,36,4,8,8"
opcode,0x000b6ef0,RayCollider::_SegmentStab(const AABBNoLeafNode*),oracle,0x000b71af,(y+z)+x,"0,0,0,16,20,36,4,4,4|0,0,0,16,24,32,8,8,8/20,24,28,4,4,4,8,8,8"
opcode,0x000b6ef0,RayCollider::_SegmentStab(const AABBNoLeafNode*),oracle,0x000b71f4,(x+z)+y,"0,0,0,16,20,4,4,4,8,8|0,0,20,24,4,4,4,8,8,8/0,0,0,16,24,4,4,8,8,8"
opcode,0x000b6ef0,RayCollider::_SegmentStab(const AABBNoLeafNode*),oracle,0x000b7290,(x+z)+y,"0,0,24,28,32,4,4,8|0,16,32,36,4,4,8,8/0,0,20,28,36,4,8,8"
opcode,0x000b6ef0,RayCollider::_SegmentStab(const AABBNoLeafNode*),oracle,0x000b730b,(y+z)+x,"0,0,0,16,20,36,4,4,4|0,0,0,16,24,32,8,8,8/20,24,28,4,4,4,8,8,8"
opcode,0x000b6ef0,RayCollider::_SegmentStab(const AABBNoLeafNode*),oracle,0x000b7352,(x+z)+y,"0,0,0,16,20,4,4,4,8,8|0,0,20,24,4,4,4,8,8,8/0,0,0,16,24,4,4,8,8,8"
opcode,0x000b6ef0,RayCollider::_SegmentStab(const AABBNoLeafNode*),oracle,0x000b7503,(y+z)+x,"0,0,28,32,4,4,8,8|0,0,28,36,4,4,8,8/0,0,32,36,4,4,8,8"
opcode,0x000b6ef0,RayCollider::_SegmentStab(const AABBNoLeafNode*),oracle,0x000b7557,(y+z)+x,"0,0,20,28,36,4,8,8|0,0,24,28,32,4,4,8/0,16,32,36,4,4,8,8"
opcode,0x000b6ef0,RayCollider::_SegmentStab(const AABBNoLeafNode*),oracle,0x000b75f9,(y+z)+x,"0,0,0,16,20,36,4,4,4|0,0,0,16,24,32,8,8,8/20,24,28,4,4,4,8,8,8"
opcode,0x000b6ef0,RayCollider::_SegmentStab(const AABBNoLeafNode*),oracle,0x000b763e,(y+z)+x,"0,0,0,16,20,4,4,4,8,8|0,0,0,16,24,4,4,8,8,8/0,0,20,24,4,4,4,8,8,8"
opcode,0x000b6ef0,RayCollider::_SegmentStab(const AABBNoLeafNode*),oracle,0x000b76db,(y+z)+x,"0,0,20,28,36,4,8,8|0,0,24,28,32,4,4,8/0,16,32,36,4,4,8,8"
opcode,0x000b6ef0,RayCollider::_SegmentStab(const AABBNoLeafNode*),oracle,0x000b7756,(y+z)+x,"0,0,0,16,20,36,4,4,4|0,0,0,16,24,32,8,8,8/20,24,28,4,4,4,8,8,8"
opcode,0x000b6ef0,RayCollider::_SegmentStab(const AABBNoLeafNode*),oracle,0x000b779d,(y+z)+x,"0,0,0,16,20,4,4,4,8,8|0,0,0,16,24,4,4,8,8,8/0,0,20,24,4,4,4,8,8,8"
opcode,0x000b6ef0,RayCollider::_SegmentStab(const AABBNoLeafNode*),candidate,0x000a90c1,?,"20,28,4i|24,28,28,32,36,4i,4i,4i,4i/0i,0i,0i,16,32,36,4i,4i,8i,8i,8i,8i"
opcode,0x000b6ef0,RayCollider::_SegmentStab(const AABBNoLeafNode*),candidate,0x000a9372,?,"0i,0i,0i,0i,0i,0i,24,28,28,32,32,32,36,36,36,4i,4i,4i,4i,4i,4i,8i,8i,8i,8i,8i,8i,8i|20,28,4i/0i,0i,0i,0i,0i,16,32,36,4i,4i,8i,8i,8i,8i"
opcode,0x000b6ef0,RayCollider::_SegmentStab(const AABBNoLeafNode*),candidate,0x000a9408,?,"0i,0i,0i,0i,0i,0i,0i,0i,0i,0i,0i,16,20,24,28,32,32,32,36,36,4i,4i,4i,4i,4i,8i,8i,8i,8i,8i,8i,8i,8i|0i,0i,0i,0i,0i,0i,24,28,28,32,32,36,36,4i,4i,4i,4i,8i,8i,8i,8i,8i,8i,8i/0i,16,20,36,4i,4i,4i,4i,4i,8i"
opcode,0x000b6ef0,RayCollider::_SegmentStab(const AABBNoLeafNode*),candidate,0x000a94ee,?,"20,28,4i|36/32"
opcode,0x000b6ef0,RayCollider::_SegmentStab(const AABBNoLeafNode*),candidate,0x000a9762,?,"136,20,28|28,32,36,4i,4i/0i,136,16"
opcode,0x000b6ef0,RayCollider::_SegmentStab(const AABBNoLeafNode*),candidate,0x000a97d8,?,"0i,0i,0i,0i,0i,136,16,20,32,8i|28/0i,136,16,20,36,4i,4i,4i,4i,8i"
opcode,0x000b7880,RayCollider::_SegmentStab(const AABBQuantizedNoLeafNode*),oracle,0x000b7ad2,(x+z)+y,"0,0,28,32,4,4,8,8|0,0,32,36,4,4,8,8/0,0,28,36,4,4,8,8"
opcode,0x000b7880,RayCollider::_SegmentStab(const AABBQuantizedNoLeafNode*),oracle,0x000b7b2a,(x+z)+y,"0,0,24,28,32,4,4,8|0,16,32,36,4,4,8,8/0,0,20,28,36,4,8,8"
opcode,0x000b7880,RayCollider::_SegmentStab(const AABBQuantizedNoLeafNode*),oracle,0x000b7bcc,(y+z)+x,"0,0,0,16,20,36,4,4,4|0,0,0,16,24,32,8,8,8/20,24,28,4,4,4,8,8,8"
opcode,0x000b7880,RayCollider::_SegmentStab(const AABBQuantizedNoLeafNode*),oracle,0x000b7c11,(x+z)+y,"0,0,0,16,20,4,4,4,8,8|0,0,20,24,4,4,4,8,8,8/0,0,0,16,24,4,4,8,8,8"
opcode,0x000b7880,RayCollider::_SegmentStab(const AABBQuantizedNoLeafNode*),oracle,0x000b7cad,(x+z)+y,"0,0,24,28,32,4,4,8|0,16,32,36,4,4,8,8/0,0,20,28,36,4,8,8"
opcode,0x000b7880,RayCollider::_SegmentStab(const AABBQuantizedNoLeafNode*),oracle,0x000b7d28,(y+z)+x,"0,0,0,16,20,36,4,4,4|0,0,0,16,24,32,8,8,8/20,24,28,4,4,4,8,8,8"
opcode,0x000b7880,RayCollider::_SegmentStab(const AABBQuantizedNoLeafNode*),oracle,0x000b7d6f,(y+z)+x,"0,0,0,16,20,4,4,4,8,8|0,0,0,16,24,4,4,8,8,8/0,0,20,24,4,4,4,8,8,8"
opcode,0x000b7880,RayCollider::_SegmentStab(const AABBQuantizedNoLeafNode*),oracle,0x000b7f20,(y+z)+x,"0,0,28,32,4,4,8,8|0,0,28,36,4,4,8,8/0,0,32,36,4,4,8,8"
opcode,0x000b7880,RayCollider::_SegmentStab(const AABBQuantizedNoLeafNode*),oracle,0x000b7f74,(y+z)+x,"0,0,20,28,36,4,8,8|0,0,24,28,32,4,4,8/0,16,32,36,4,4,8,8"
opcode,0x000b7880,RayCollider::_SegmentStab(const AABBQuantizedNoLeafNode*),oracle,0x000b8016,(y+z)+x,"0,0,0,16,20,36,4,4,4|0,0,0,16,24,32,8,8,8/20,24,28,4,4,4,8,8,8"
opcode,0x000b7880,RayCollider::_SegmentStab(const AABBQuantizedNoLeafNode*),oracle,0x000b805b,(y+z)+x,"0,0,0,16,20,4,4,4,8,8|0,0,0,16,24,4,4,8,8,8/0,0,20,24,4,4,4,8,8,8"
opcode,0x000b7880,RayCollider::_SegmentStab(const AABBQuantizedNoLeafNode*),oracle,0x000b80f8,(y+z)+x,"0,0,20,28,36,4,8,8|0,0,24,28,32,4,4,8/0,16,32,36,4,4,8,8"
opcode,0x000b7880,RayCollider::_SegmentStab(const AABBQuantizedNoLeafNode*),oracle,0x000b8173,(y+z)+x,"0,0,0,16,20,36,4,4,4|0,0,0,16,24,32,8,8,8/20,24,28,4,4,4,8,8,8"
opcode,0x000b7880,RayCollider::_SegmentStab(const AABBQuantizedNoLeafNode*),oracle,0x000b81ba,(y+z)+x,"0,0,0,16,20,4,4,4,8,8|0,0,0,16,24,4,4,8,8,8/0,0,20,24,4,4,4,8,8,8"
opcode,0x000b7880,RayCollider::_SegmentStab(const AABBQuantizedNoLeafNode*),candidate,0x000a9e3c,?,"0i,0i,28,32,36,36,4i,4i,4i,4i,8i,8i|28,4i,4i/32,8i,8i,8i"
opcode,0x000b7880,RayCollider::_SegmentStab(const AABBQuantizedNoLeafNode*),candidate,0x000a9e93,?,"0i,0i,24,28,28,32,32,32,36,36,4i,4i,4i,4i,4i,4i,8i,8i,8i,8i,8i,8i,8i|20,28,4i/0i,16,32,8i,8i"
opcode,0x000b7880,RayCollider::_SegmentStab(const AABBQuantizedNoLeafNode*),candidate,0x000a9f2c,?,"0i,0i,0i,16,20,20,24,28,28,32,32,32,32,36,4i,4i,4i,4i,8i,8i,8i,8i,8i,8i,8i,8i,8i|0i,0i,24,28,28,28,32,32,36,36,4i,4i,4i,4i,4i,4i,8i,8i,8i,8i,8i/0i,16,20,36,4i,4i,4i,4i,4i,8i"
opcode,0x000b7880,RayCollider::_SegmentStab(const AABBQuantizedNoLeafNode*),candidate,0x000a9fe2,?,"36|4i,4i/0i,16,4i,4i"
opcode,0x000b7880,RayCollider::_SegmentStab(const AABBQuantizedNoLeafNode*),candidate,0x000aa192,?,|36/
opcode,0x000b7880,RayCollider::_SegmentStab(const AABBQuantizedNoLeafNode*),candidate,0x000aa40c,?,"0i,0i,136,36,8i,8i|0i,0i,20,28,36,8i,8i/0i,136,16"
opcode,0x000b7880,RayCollider::_SegmentStab(const AABBQuantizedNoLeafNode*),candidate,0x000aa488,?,"0i,0i,0i,0i,0i,0i,0i,16,20,32,36,8i,8i,8i|28/0i,0i,0i,16,20,36,36,8i,8i,8i"
opcode,0x000b84c0,RayCollider::_RayStab(const AABBCollisionNode*),oracle,0x000b86e1,(y+z)+x,"0,0,28,32,4,4,8,8|0,0,28,36,4,4,8,8/0,0,32,36,4,4,8,8"
opcode,0x000b84c0,RayCollider::_RayStab(const AABBCollisionNode*),oracle,0x000b8735,(y+z)+x,"0,0,20,28,36,4,8,8|0,0,24,28,32,4,4,8/0,16,32,36,4,4,8,8"
opcode,0x000b84c0,RayCollider::_RayStab(const AABBCollisionNode*),oracle,0x000b87d7,(y+z)+x,"0,0,0,16,20,36,4,4,4|0,0,0,16,24,32,8,8,8/20,24,28,4,4,4,8,8,8"
opcode,0x000b84c0,RayCollider::_RayStab(const AABBCollisionNode*),oracle,0x000b881c,(y+z)+x,"0,0,0,16,20,4,4,4,8,8|0,0,0,16,24,4,4,8,8,8/0,0,20,24,4,4,4,8,8,8"
opcode,0x000b84c0,RayCollider::_RayStab(const AABBCollisionNode*),oracle,0x000b88b9,(y+z)+x,"0,0,0,16,20,24,4,4,4,8|0,0,0,16,20,24,4,8,8,8/0,16,20,24,4,4,4,8,8,8"
opcode,0x000b84c0,RayCollider::_RayStab(const AABBCollisionNode*),oracle,0x000b8934,(y+z)+x,"0,0,0,16,20,36,4,4,4|0,0,0,16,24,32,8,8,8/20,24,28,4,4,4,8,8,8"
opcode,0x000b84c0,RayCollider::_RayStab(const AABBCollisionNode*),oracle,0x000b897b,(y+z)+x,"0,0,0,16,20,4,4,4,8,8|0,0,0,16,24,4,4,8,8,8/0,0,20,24,4,4,4,8,8,8"
opcode,0x000b84c0,RayCollider::_RayStab(const AABBCollisionNode*),candidate,0x000a5fc0,?,"0i,0i,0i,0i,0i,28,28,32,32,36,36,4i,4i,4i,4i,4i,4i,8i,8i,8i,8i,8i|0i,0i,20,24,24,32,4i,4i,4i,4i,4i,8i,8i,8i/0i,0i,0i,0i,0i,0i,0i,0i,0i,20,24,24,28,32,32,36,36,36,4i,4i,4i,4i,4i,4i,4i,8i,8i,8i,8i,8i,8i,8i,8i"
opcode,0x000b84c0,RayCollider::_RayStab(const AABBCollisionNode*),candidate,0x000a60a8,?,"0i,0i,28,32,4i,4i|28/136,136"
opcode,0x000b84c0,RayCollider::_RayStab(const AABBCollisionNode*),candidate,0x000a611d,?,"136,32,4i,4i,4i,4i,8i|28/20,36,4i"
opcode,0x000b8a50,RayCollider::_RayStab(const AABBQuantizedNode*),oracle,0x000b8cf2,(x+z)+y,"0,0,28,32,4,4,8,8|0,0,32,36,4,4,8,8/0,0,28,36,4,4,8,8"
opcode,0x000b8a50,RayCollider::_RayStab(const AABBQuantizedNode*),oracle,0x000b8d4a,(x+z)+y,"0,0,24,28,32,4,4,8|0,16,32,36,4,4,8,8/0,0,20,28,36,4,8,8"
opcode,0x000b8a50,RayCollider::_RayStab(const AABBQuantizedNode*),oracle,0x000b8dec,(y+z)+x,"0,0,0,16,20,36,4,4,4|0,0,0,16,24,32,8,8,8/20,24,28,4,4,4,8,8,8"
opcode,0x000b8a50,RayCollider::_RayStab(const AABBQuantizedNode*),oracle,0x000b8e31,(x+z)+y,"0,0,0,16,20,4,4,4,8,8|0,0,20,24,4,4,4,8,8,8/0,0,0,16,24,4,4,8,8,8"
opcode,0x000b8a50,RayCollider::_RayStab(const AABBQuantizedNode*),oracle,0x000b8ed4,(x+z)+y,"0,0,0,16,20,24,4,4,4,8|0,16,20,24,4,4,4,8,8,8/0,0,0,16,20,24,4,8,8,8"
opcode,0x000b8a50,RayCollider::_RayStab(const AABBQuantizedNode*),oracle,0x000b8f4f,(y+z)+x,"0,0,0,16,20,36,4,4,4|0,0,0,16,24,32,8,8,8/20,24,28,4,4,4,8,8,8"
opcode,0x000b8a50,RayCollider::_RayStab(const AABBQuantizedNode*),oracle,0x000b8f96,(x+z)+y,"0,0,0,16,20,4,4,4,8,8|0,0,20,24,4,4,4,8,8,8/0,0,0,16,24,4,4,8,8,8"
opcode,0x000b8a50,RayCollider::_RayStab(const AABBQuantizedNode*),candidate,0x000a80ad,?,"0i,0i,20,28,28,32,36,4i,4i,4i|0i,16,36/24,8i,8i,8i"
opcode,0x000b8a50,RayCollider::_RayStab(const AABBQuantizedNode*),candidate,0x000a8148,?,"0i,0i,0i,0i,0i,0i,0i,0i,16,16,20,20,20,24,28,28,28,32,36,36,4i,4i,4i,4i,4i,8i,8i,8i,8i,8i|0i,0i,0i,16,20,24,28,28,32,32,36,36,4i,4i,4i,4i,4i,4i,4i,8i,8i,8i/0i,16,36"
opcode,0x000b8a50,RayCollider::_RayStab(const AABBQuantizedNode*),candidate,0x000a8234,?,"20,24,4i,8i|36/136,136"
opcode,0x000b8a50,RayCollider::_RayStab(const AABBQuantizedNode*),candidate,0x000a82ac,?,"136|136,32,4i,4i,4i,4i/0i,16,36"
opcode,0x000b9070,RayCollider::_RayStab(const AABBNoLeafNode*),oracle,0x000b9276,(x+z)+y,"0,0,28,32,4,4,8,8|0,0,32,36,4,4,8,8/0,0,28,36,4,4,8,8"
opcode,0x000b9070,RayCollider::_RayStab(const AABBNoLeafNode*),oracle,0x000b92ce,(x+z)+y,"0,0,24,28,32,4,4,8|0,16,32,36,4,4,8,8/0,0,20,28,36,4,8,8"
opcode,0x000b9070,RayCollider::_RayStab(const AABBNoLeafNode*),oracle,0x000b9370,(y+z)+x,"0,0,0,16,20,36,4,4,4|0,0,0,16,24,32,8,8,8/20,24,28,4,4,4,8,8,8"
opcode,0x000b9070,RayCollider::_RayStab(const AABBNoLeafNode*),oracle,0x000b93b5,(x+z)+y,"0,0,0,16,20,4,4,4,8,8|0,0,20,24,4,4,4,8,8,8/0,0,0,16,24,4,4,8,8,8"
opcode,0x000b9070,RayCollider::_RayStab(const AABBNoLeafNode*),oracle,0x000b9456,(x+z)+y,"0,0,24,28,32,4,4,8|0,16,32,36,4,4,8,8/0,0,20,28,36,4,8,8"
opcode,0x000b9070,RayCollider::_RayStab(const AABBNoLeafNode*),oracle,0x000b94d1,(y+z)+x,"0,0,0,16,20,36,4,4,4|0,0,0,16,24,32,8,8,8/20,24,28,4,4,4,8,8,8"
opcode,0x000b9070,RayCollider::_RayStab(const AABBNoLeafNode*),oracle,0x000b9518,(x+z)+y,"0,0,0,16,20,4,4,4,8,8|0,0,20,24,4,4,4,8,8,8/0,0,0,16,24,4,4,8,8,8"
opcode,0x000b9070,RayCollider::_RayStab(const AABBNoLeafNode*),oracle,0x000b96bb,(y+z)+x,"0,0,28,32,4,4,8,8|0,0,28,36,4,4,8,8/0,0,32,36,4,4,8,8"
opcode,0x000b9070,RayCollider::_RayStab(const AABBNoLeafNode*),oracle,0x000b970f,(y+z)+x,"0,0,20,28,36,4,8,8|0,0,24,28,32,4,4,8/0,16,32,36,4,4,8,8"
opcode,0x000b9070,RayCollider::_RayStab(const AABBNoLeafNode*),oracle,0x000b97b1,(y+z)+x,"0,0,0,16,20,36,4,4,4|0,0,0,16,24,32,8,8,8/20,24,28,4,4,4,8,8,8"
opcode,0x000b9070,RayCollider::_RayStab(const AABBNoLeafNode*),oracle,0x000b97f6,(y+z)+x,"0,0,0,16,20,4,4,4,8,8|0,0,0,16,24,4,4,8,8,8/0,0,20,24,4,4,4,8,8,8"
opcode,0x000b9070,RayCollider::_RayStab(const AABBNoLeafNode*),oracle,0x000b9893,(y+z)+x,"0,0,20,28,36,4,8,8|0,0,24,28,32,4,4,8/0,16,32,36,4,4,8,8"
opcode,0x000b9070,RayCollider::_RayStab(const AABBNoLeafNode*),oracle,0x000b990e,(y+z)+x,"0,0,0,16,20,36,4,4,4|0,0,0,16,24,32,8,8,8/20,24,28,4,4,4,8,8,8"
opcode,0x000b9070,RayCollider::_RayStab(const AABBNoLeafNode*),oracle,0x000b9955,(y+z)+x,"0,0,0,16,20,4,4,4,8,8|0,0,0,16,24,4,4,8,8,8/0,0,20,24,4,4,4,8,8,8"
opcode,0x000b9070,RayCollider::_RayStab(const AABBNoLeafNode*),candidate,0x000a6608,?,"0,28,36,4i,4i|0,28,4i/0,0i,0i,0i,16,36,4i,4i,8i,8i,8i,8i"
opcode,0x000b9070,RayCollider::_RayStab(const AABBNoLeafNode*),candidate,0x000a66c1,?,0|28/36
opcode,0x000b9070,RayCollider::_RayStab(const AABBNoLeafNode*),candidate,0x000a688e,?,"0,28,36,4i,4i|0,4i/"
opcode,0x000b9070,RayCollider::_RayStab(const AABBNoLeafNode*),candidate,0x000a6bcd,?,"0i,0i,0i,0i,0i,0i,24,28,28,32,32,32,36,36,36,4i,4i,4i,4i,4i,4i,8i,8i,8i,8i,8i,8i,8i|20,28,4i/0i,0i,0i,0i,0i,16,32,36,4i,4i,8i,8i,8i,8i"
opcode,0x000b9070,RayCollider::_RayStab(const AABBNoLeafNode*),candidate,0x000a6c68,?,"0,0i,0i,0i,0i,0i,0i,0i,0i,0i,0i,0i,16,20,24,28,32,32,36,36,4i,4i,4i,4i,4i,8i,8i,8i,8i,8i,8i,8i,8i|0i,0i,0i,0i,0i,0i,24,28,28,32,32,36,36,4i,4i,4i,4i,8i,8i,8i,8i,8i,8i,8i/0i,16,20,36,4i,4i,4i,4i,4i,8i"
opcode,0x000b9070,RayCollider::_RayStab(const AABBNoLeafNode*),candidate,0x000a6d4d,?,"136,20,28|28,32,36,4i,4i/0i,136,16"
opcode,0x000b9070,RayCollider::_RayStab(const AABBNoLeafNode*),candidate,0x000a6dc6,?,"0i,0i,0i,0i,0i,136,16,20,32,8i|28/0i,136,16,20,36,4i,4i,4i,4i,8i"
opcode,0x000b9a30,RayCollider::_RayStab(const AABBQuantizedNoLeafNode*),oracle,0x000b9cbf,(x+z)+y,"0,0,28,32,4,4,8,8|0,0,32,36,4,4,8,8/0,0,28,36,4,4,8,8"
opcode,0x000b9a30,RayCollider::_RayStab(const AABBQuantizedNoLeafNode*),oracle,0x000b9d17,(x+z)+y,"0,0,24,28,32,4,4,8|0,16,32,36,4,4,8,8/0,0,20,28,36,4,8,8"
opcode,0x000b9a30,RayCollider::_RayStab(const AABBQuantizedNoLeafNode*),oracle,0x000b9db9,(y+z)+x,"0,0,0,16,20,36,4,4,4|0,0,0,16,24,32,8,8,8/20,24,28,4,4,4,8,8,8"
opcode,0x000b9a30,RayCollider::_RayStab(const AABBQuantizedNoLeafNode*),oracle,0x000b9dfe,(x+z)+y,"0,0,0,16,20,4,4,4,8,8|0,0,20,24,4,4,4,8,8,8/0,0,0,16,24,4,4,8,8,8"
opcode,0x000b9a30,RayCollider::_RayStab(const AABBQuantizedNoLeafNode*),oracle,0x000b9e9f,(x+z)+y,"0,0,24,28,32,4,4,8|0,16,32,36,4,4,8,8/0,0,20,28,36,4,8,8"
opcode,0x000b9a30,RayCollider::_RayStab(const AABBQuantizedNoLeafNode*),oracle,0x000b9f1a,(y+z)+x,"0,0,0,16,20,36,4,4,4|0,0,0,16,24,32,8,8,8/20,24,28,4,4,4,8,8,8"
opcode,0x000b9a30,RayCollider::_RayStab(const AABBQuantizedNoLeafNode*),oracle,0x000b9f61,(x+z)+y,"0,0,0,16,20,4,4,4,8,8|0,0,20,24,4,4,4,8,8,8/0,0,0,16,24,4,4,8,8,8"
opcode,0x000b9a30,RayCollider::_RayStab(const AABBQuantizedNoLeafNode*),oracle,0x000ba104,(y+z)+x,"0,0,28,32,4,4,8,8|0,0,28,36,4,4,8,8/0,0,32,36,4,4,8,8"
opcode,0x000b9a30,RayCollider::_RayStab(const AABBQuantizedNoLeafNode*),oracle,0x000ba158,(y+z)+x,"0,0,20,28,36,4,8,8|0,0,24,28,32,4,4,8/0,16,32,36,4,4,8,8"
opcode,0x000b9a30,RayCollider::_RayStab(const AABBQuantizedNoLeafNode*),oracle,0x000ba1fa,(y+z)+x,"0,0,0,16,20,36,4,4,4|0,0,0,16,24,32,8,8,8/20,24,28,4,4,4,8,8,8"
opcode,0x000b9a30,RayCollider::_RayStab(const AABBQuantizedNoLeafNode*),oracle,0x000ba23f,(y+z)+x,"0,0,0,16,20,4,4,4,8,8|0,0,0,16,24,4,4,8,8,8/0,0,20,24,4,4,4,8,8,8"
opcode,0x000b9a30,RayCollider::_RayStab(const AABBQuantizedNoLeafNode*),oracle,0x000ba2dc,(y+z)+x,"0,0,20,28,36,4,8,8|0,0,24,28,32,4,4,8/0,16,32,36,4,4,8,8"
opcode,0x000b9a30,RayCollider::_RayStab(const AABBQuantizedNoLeafNode*),oracle,0x000ba357,(y+z)+x,"0,0,0,16,20,36,4,4,4|0,0,0,16,24,32,8,8,8/20,24,28,4,4,4,8,8,8"
opcode,0x000b9a30,RayCollider::_RayStab(const AABBQuantizedNoLeafNode*),oracle,0x000ba39e,(y+z)+x,"0,0,0,16,20,4,4,4,8,8|0,0,0,16,24,4,4,8,8,8/0,0,20,24,4,4,4,8,8,8"
opcode,0x000b9a30,RayCollider::_RayStab(const AABBQuantizedNoLeafNode*),candidate,0x000a735a,?,"0,28,36,4i,4i|0,28,4i/0,0i,0i,0i,16,36,4i,4i,8i,8i,8i,8i"
opcode,0x000b9a30,RayCollider::_RayStab(const AABBQuantizedNoLeafNode*),candidate,0x000a7413,?,0|28/36
opcode,0x000b9a30,RayCollider::_RayStab(const AABBQuantizedNoLeafNode*),candidate,0x000a75e0,?,"0,28|0,28,36,4i,4i/136"
opcode,0x000b9a30,RayCollider::_RayStab(const AABBQuantizedNoLeafNode*),candidate,0x000a78ca,?,"0i,0i,28,32,36,36,4i,4i,4i,4i,8i,8i|28,4i,4i/32,8i,8i,8i"
opcode,0x000b9a30,RayCollider::_RayStab(const AABBQuantizedNoLeafNode*),candidate,0x000a7921,?,"0i,0i,24,28,28,32,32,32,36,36,4i,4i,4i,4i,4i,4i,8i,8i,8i,8i,8i,8i,8i|20,28,4i/0i,16,32,8i,8i"
opcode,0x000b9a30,RayCollider::_RayStab(const AABBQuantizedNoLeafNode*),candidate,0x000a79bc,?,"0,0i,0i,0i,16,20,20,24,28,28,32,32,32,36,4i,4i,4i,4i,8i,8i,8i,8i,8i,8i,8i,8i,8i|0i,0i,24,28,28,28,32,32,36,36,4i,4i,4i,4i,4i,4i,8i,8i,8i,8i,8i/0i,16,20,36,4i,4i,4i,4i,4i,8i"
opcode,0x000b9a30,RayCollider::_RayStab(const AABBQuantizedNoLeafNode*),candidate,0x000a7aa6,?,"0i,0i,136,36,8i,8i|20,28,4i/0i,136,16"
opcode,0x000b9a30,RayCollider::_RayStab(const AABBQuantizedNoLeafNode*),candidate,0x000a7b1f,?,"0i,0i,0i,0i,0i,16,20,32,4i,8i|28/0i,16,20,36,4i,4i,4i,4i,4i,8i"
opcode,0x000bb590,"AABBTreeCollider::InitQuery(const Matrix4x4*, const Matrix4x4*)",oracle,0x000bb670,(y+z)+x,4|8/0
opcode,0x000bb590,"AABBTreeCollider::InitQuery(const Matrix4x4*, const Matrix4x4*)",oracle,0x000bb699,(x+y)+z,4|8/12
opcode,0x000bb590,"AABBTreeCollider::InitQuery(const Matrix4x4*, const Matrix4x4*)",oracle,0x000bb6c1,(x+y)+z,4|8/12
opcode,0x000bb590,"AABBTreeCollider::InitQuery(const Matrix4x4*, const Matrix4x4*)",oracle,0x000bb6e9,(x+y)+z,4|8/12
opcode,0x000bb590,"AABBTreeCollider::InitQuery(const Matrix4x4*, const Matrix4x4*)",oracle,0x000bb711,?,16|28/20
opcode,0x000bb590,"AABBTreeCollider::InitQuery(const Matrix4x4*, const Matrix4x4*)",oracle,0x000bb73a,(y+z)+x,24|28/20
opcode,0x000bb590,"AABBTreeCollider::InitQuery(const Matrix4x4*, const Matrix4x4*)",oracle,0x000bb763,(x+z)+y,20|28/24
opcode,0x000bb590,"AABBTreeCollider::InitQuery(const Matrix4x4*, const Matrix4x4*)",oracle,0x000bb78c,(x+z)+y,20|28/24
opcode,0x000bb590,"AABBTreeCollider::InitQuery(const Matrix4x4*, const Matrix4x4*)",oracle,0x000bb7b5,?,32|44/36
opcode,0x000bb590,"AABBTreeCollider::InitQuery(const Matrix4x4*, const Matrix4x4*)",oracle,0x000bb7de,(y+z)+x,40|44/36
opcode,0x000bb590,"AABBTreeCollider::InitQuery(const Matrix4x4*, const Matrix4x4*)",oracle,0x000bb807,(x+z)+y,36|44/40
opcode,0x000bb590,"AABBTreeCollider::InitQuery(const Matrix4x4*, const Matrix4x4*)",oracle,0x000bb830,(x+z)+y,36|44/40
opcode,0x000bb590,"AABBTreeCollider::InitQuery(const Matrix4x4*, const Matrix4x4*)",oracle,0x000bb859,?,48|60/52
opcode,0x000bb590,"AABBTreeCollider::InitQuery(const Matrix4x4*, const Matrix4x4*)",oracle,0x000bb882,(y+z)+x,56|60/52
opcode,0x000bb590,"AABBTreeCollider::InitQuery(const Matrix4x4*, const Matrix4x4*)",oracle,0x000bb8ab,(x+z)+y,52|60/56
opcode,0x000bb590,"AABBTreeCollider::InitQuery(const Matrix4x4*, const Matrix4x4*)",oracle,0x000bb8d4,(x+z)+y,52|60/56
opcode,0x000bb590,"AABBTreeCollider::InitQuery(const Matrix4x4*, const Matrix4x4*)",oracle,0x000bb923,(x+z)+y,12|4/8
opcode,0x000bb590,"AABBTreeCollider::InitQuery(const Matrix4x4*, const Matrix4x4*)",oracle,0x000bb94d,?,0|12/8
opcode,0x000bb590,"AABBTreeCollider::InitQuery(const Matrix4x4*, const Matrix4x4*)",oracle,0x000bb978,?,0|12/4
opcode,0x000bb590,"AABBTreeCollider::InitQuery(const Matrix4x4*, const Matrix4x4*)",oracle,0x000bb9a3,?,0|12/4
opcode,0x000bb590,"AABBTreeCollider::InitQuery(const Matrix4x4*, const Matrix4x4*)",oracle,0x000bb9cf,(x+y)+z,20|24/28
opcode,0x000bb590,"AABBTreeCollider::InitQuery(const Matrix4x4*, const Matrix4x4*)",oracle,0x000bb9f8,(x+z)+y,16|24/20
opcode,0x000bb590,"AABBTreeCollider::InitQuery(const Matrix4x4*, const Matrix4x4*)",oracle,0x000bba24,(x+y)+z,16|20/24
opcode,0x000bb590,"AABBTreeCollider::InitQuery(const Matrix4x4*, const Matrix4x4*)",oracle,0x000bba50,(x+y)+z,16|20/24
opcode,0x000bb590,"AABBTreeCollider::InitQuery(const Matrix4x4*, const Matrix4x4*)",oracle,0x000bba7f,(x+y)+z,36|40/44
opcode,0x000bb590,"AABBTreeCollider::InitQuery(const Matrix4x4*, const Matrix4x4*)",oracle,0x000bbaa8,(x+z)+y,32|40/36
opcode,0x000bb590,"AABBTreeCollider::InitQuery(const Matrix4x4*, const Matrix4x4*)",oracle,0x000bbad4,(x+y)+z,32|36/40
opcode,0x000bb590,"AABBTreeCollider::InitQuery(const Matrix4x4*, const Matrix4x4*)",oracle,0x000bbb00,(x+y)+z,32|36/40
opcode,0x000bb590,"AABBTreeCollider::InitQuery(const Matrix4x4*, const Matrix4x4*)",oracle,0x000bbb2f,(x+y)+z,52|56/60
opcode,0x000bb590,"AABBTreeCollider::InitQuery(const Matrix4x4*, const Matrix4x4*)",oracle,0x000bbb5f,(x+z)+y,48|56/52
opcode,0x000bb590,"AABBTreeCollider::InitQuery(const Matrix4x4*, const Matrix4x4*)",oracle,0x000bbb8b,(x+y)+z,48|52/56
opcode,0x000bb590,"AABBTreeCollider::InitQuery(const Matrix4x4*, const Matrix4x4*)",oracle,0x000bbbb7,(x+y)+z,48|52/56
opcode,0x000bb590,"AABBTreeCollider::InitQuery(const Matrix4x4*, const Matrix4x4*)",candidate,0x0008b09f,(x+y)+z,0|4/8
opcode,0x000bb590,"AABBTreeCollider::InitQuery(const Matrix4x4*, const Matrix4x4*)",candidate,0x0008b0e9,(x+y)+z,0|4/8
opcode,0x000bb590,"AABBTreeCollider::InitQuery(const Matrix4x4*, const Matrix4x4*)",candidate,0x0008b133,(x+y)+z,0|4/8
opcode,0x000bb590,"AABBTreeCollider::InitQuery(const Matrix4x4*, const Matrix4x4*)",candidate,0x0008b1b3,(x+y)+z,16|20/24
opcode,0x000bb590,"AABBTreeCollider::InitQuery(const Matrix4x4*, const Matrix4x4*)",candidate,0x0008b1d7,(x+y)+z,16|20/24
opcode,0x000bb590,"AABBTreeCollider::InitQuery(const Matrix4x4*, const Matrix4x4*)",candidate,0x0008b20b,(x+y)+z,16|20/24
opcode,0x000bb590,"AABBTreeCollider::InitQuery(const Matrix4x4*, const Matrix4x4*)",candidate,0x0008b27b,(x+y)+z,32|36/40
opcode,0x000bb590,"AABBTreeCollider::InitQuery(const Matrix4x4*, const Matrix4x4*)",candidate,0x0008b29f,(x+y)+z,32|36/40
opcode,0x000bb590,"AABBTreeCollider::InitQuery(const Matrix4x4*, const Matrix4x4*)",candidate,0x0008b2d3,(x+y)+z,32|36/40
opcode,0x000bb590,"AABBTreeCollider::InitQuery(const Matrix4x4*, const Matrix4x4*)",candidate,0x0008b343,(x+y)+z,48|52/56
opcode,0x000bb590,"AABBTreeCollider::InitQuery(const Matrix4x4*, const Matrix4x4*)",candidate,0x0008b367,(x+y)+z,48|52/56
opcode,0x000bb590,"AABBTreeCollider::InitQuery(const Matrix4x4*, const Matrix4x4*)",candidate,0x0008b39b,(x+y)+z,48|52/56
opcode,0x000bb590,"AABBTreeCollider::InitQuery(const Matrix4x4*, const Matrix4x4*)",candidate,0x0008b453,(x+y)+z,0|4/8
opcode,0x000bb590,"AABBTreeCollider::InitQuery(const Matrix4x4*, const Matrix4x4*)",candidate,0x0008b49d,(x+y)+z,0|4/8
opcode,0x000bb590,"AABBTreeCollider::InitQuery(const Matrix4x4*, const Matrix4x4*)",candidate,0x0008b4e7,(x+y)+z,0|4/8
opcode,0x000bb590,"AABBTreeCollider::InitQuery(const Matrix4x4*, const Matrix4x4*)",candidate,0x0008b567,(x+y)+z,16|20/24
opcode,0x000bb590,"AABBTreeCollider::InitQuery(const Matrix4x4*, const Matrix4x4*)",candidate,0x0008b58b,(x+y)+z,16|20/24
opcode,0x000bb590,"AABBTreeCollider::InitQuery(const Matrix4x4*, const Matrix4x4*)",candidate,0x0008b5bf,(x+y)+z,16|20/24
opcode,0x000bb590,"AABBTreeCollider::InitQuery(const Matrix4x4*, const Matrix4x4*)",candidate,0x0008b62f,(x+y)+z,32|36/40
opcode,0x000bb590,"AABBTreeCollider::InitQuery(const Matrix4x4*, const Matrix4x4*)",candidate,0x0008b653,(x+y)+z,32|36/40
opcode,0x000bb590,"AABBTreeCollider::InitQuery(const Matrix4x4*, const Matrix4x4*)",candidate,0x0008b687,(x+y)+z,32|36/40
opcode,0x000bb590,"AABBTreeCollider::InitQuery(const Matrix4x4*, const Matrix4x4*)",candidate,0x0008b6f7,(x+y)+z,48|52/56
opcode,0x000bb590,"AABBTreeCollider::InitQuery(const Matrix4x4*, const Matrix4x4*)",candidate,0x0008b71b,(x+y)+z,48|52/56
opcode,0x000bb590,"AABBTreeCollider::InitQuery(const Matrix4x4*, const Matrix4x4*)",candidate,0x0008b74f,(x+y)+z,48|52/56
opcode,0x000bbd60,"AABBTreeCollider::PrimTest(udword, udword)",oracle,0x000bbdef,?,"136,4|148,8i/0,124"
opcode,0x000bbd60,"AABBTreeCollider::PrimTest(udword, udword)",oracle,0x000bbe17,(y+z)+x,"140,4|152,8/0,128"
opcode,0x000bbd60,"AABBTreeCollider::PrimTest(udword, udword)",oracle,0x000bbe3f,(y+z)+x,"144,4|156,8/0,132"
opcode,0x000bbd60,"AABBTreeCollider::PrimTest(udword, udword)",oracle,0x000bbe64,(y+z)+x,"136,4|148,8/0,124"
opcode,0x000bbd60,"AABBTreeCollider::PrimTest(udword, udword)",oracle,0x000bbe93,(x+z)+y,"0,128|152,8/140,4"
opcode,0x000bbd60,"AABBTreeCollider::PrimTest(udword, udword)",oracle,0x000bbec5,(x+z)+y,"0,132|156,8/144,4"
opcode,0x000bbd60,"AABBTreeCollider::PrimTest(udword, udword)",oracle,0x000bbeed,(y+z)+x,"136,4|148,8/0,124"
opcode,0x000bbd60,"AABBTreeCollider::PrimTest(udword, udword)",oracle,0x000bbf18,(x+z)+y,"0,128|152,8/140,4"
opcode,0x000bbd60,"AABBTreeCollider::PrimTest(udword, udword)",oracle,0x000bbf43,(x+z)+y,"0,132|156,8/144,4"
opcode,0x000bbd60,"AABBTreeCollider::PrimTest(udword, udword)",oracle,0x000bbfed,(x+z)+y,"0,0,0,0,0,132,144,156,180,4,4,4,4,4,8|0,124,136,148,172,4,4,4,4,4,8,8,8,8,8i/0,0,0,0,0,128,140,152,176,4,8,8,8,8,8"
opcode,0x000bbd60,"AABBTreeCollider::PrimTest(udword, udword)",oracle,0x000bc018,(x+z)+y,"0,0,0,0,0,132,144,156,180,4,4,4,4,4,8|0,124,136,148,172,4,4,4,4,4,8,8,8,8,8/0,0,0,0,0,128,140,152,176,4,8,8,8,8,8"
opcode,0x000bbd60,"AABBTreeCollider::PrimTest(udword, udword)",oracle,0x000bc043,(x+z)+y,"0,0,0,0,0,132,144,156,180,4,4,4,4,4,8|0,124,136,148,172,4,4,4,4,4,8,8,8,8,8/0,0,0,0,0,128,140,152,176,4,8,8,8,8,8"
opcode,0x000bbd60,"AABBTreeCollider::PrimTest(udword, udword)",oracle,0x000bc1f6,(x+y)+z,"0,0,4|0,4,4/0,0,4,4,8"
opcode,0x000bbd60,"AABBTreeCollider::PrimTest(udword, udword)",oracle,0x000bc214,(y+z)+x,"0,0,4|0,0,4,4,8/0,4,4"
opcode,0x000bbd60,"AABBTreeCollider::PrimTest(udword, udword)",oracle,0x000bc232,(y+z)+x,"0,0,4|0,0,4,4,8/0,4,4"
opcode,0x000bbd60,"AABBTreeCollider::PrimTest(udword, udword)",candidate,0x0008bc92,?,"0,0,0,0,0,0,4,4,4,4,4,4,4,4,8,8,8,8,8,8|0,0,0,4/8,8,8"
opcode,0x000bbd60,"AABBTreeCollider::PrimTest(udword, udword)",candidate,0x0008bd1a,?,"0i,0i,0i,0i,124,124,124,132,132,132,136,144,144,144,144,148,156,156,172,4i,4i,4i,4i,4i,8i,8i,8i,8i,8i|0i,0i,0i,0i,124,124,128,132,132,132,140,144,144,144,144,152,156,156,176,4i,4i,4i,4i,4i,8,8,8i,8i,8i,8i,8i/0,0,0,0,0,0,0i,128,140,152,176,4,4,4,4,4,4,4,4i,8,8,8,8,8,8,8i"
opcode,0x000bbd60,"AABBTreeCollider::PrimTest(udword, udword)",candidate,0x0008bed4,?,"0,0i,124,136,136,148,148,172,172,4i,4i,8i,8i|0i,0i,0i,0i,0i,0i,0i,0i,124,128,128,128,128,128,132,132,136,136,136,140,140,140,140,140,148,148,148,152,152,152,152,152,172,172,172,176,176,176,176,176,180,180,4,4i,4i,4i,4i,4i,4i,4i,4i,8,8i,8i,8i,8i,8i/0i,0i,0i,0i,0i,0i,0i,0i,0i,0i,124,124,124,128,128,128,128,128,132,132,136,140,140,140,140,140,148,152,152,152,152,152,172,176,176,176,176,176,180,180,4i,4i,4i,4i,4i,4i,8,8i,8i,8i,8i,8i,8i"
opcode,0x000bc770,AABBTreeCollider::_CollideTriBox(const AABBNoLeafNode*),oracle,0x000bcaf0,(x+z)+y,"0,0,0,0,0,0,236,248,248,260,4,4,4,4|236,240,248,248,252,252,260,264,4,4,4,4,8,8,8,8/0,0,0,0,0,0,240,252,252,264,8,8,8,8"
opcode,0x000bc770,AABBTreeCollider::_CollideTriBox(const AABBNoLeafNode*),oracle,0x000bcb31,(x+z)+y,"0,0,0,0,0,0,236,248,248,260,4,4,4,4|236,240,248,248,252,252,260,264,4,4,4,4,8,8,8,8/0,0,0,0,0,0,240,252,252,264,8,8,8,8"
opcode,0x000bc770,AABBTreeCollider::_CollideTriBox(const AABBNoLeafNode*),oracle,0x000bd20c,(x+y)+z,"0,0,0,4,8,8,8|0,4,4,4,8,8,8/0,0,0,4,4,4,8"
opcode,0x000bc770,AABBTreeCollider::_CollideTriBox(const AABBNoLeafNode*),oracle,0x000bd22a,(x+y)+z,"0,0,0,4,8,8,8|0,4,4,4,8,8,8/0,0,0,4,4,4,8"
opcode,0x000bc770,AABBTreeCollider::_CollideTriBox(const AABBNoLeafNode*),oracle,0x000bd248,(y+z)+x,"0,0,0,4,4,4,8|0,0,0,4,8,8,8/0,4,4,4,8,8,8"
opcode,0x000bc770,AABBTreeCollider::_CollideTriBox(const AABBNoLeafNode*),oracle,0x000bd408,(y+z)+x,"0,0,4|0,0,4,4,8/0,4,4"
opcode,0x000bc770,AABBTreeCollider::_CollideTriBox(const AABBNoLeafNode*),oracle,0x000bd427,(x+y)+z,"0,0|4,4/0,0,4,4"
opcode,0x000bc770,AABBTreeCollider::_CollideTriBox(const AABBNoLeafNode*),oracle,0x000bd445,(x+z)+y,"0,0,4,4,8|0,4,4/0,0,4"
opcode,0x000bc770,AABBTreeCollider::_CollideTriBox(const AABBNoLeafNode*),oracle,0x000bda8a,(y+z)+x,"0,0,0,4,4,4,8|0,0,0,4,8,8,8/0,4,4,4,8,8,8"
opcode,0x000bc770,AABBTreeCollider::_CollideTriBox(const AABBNoLeafNode*),oracle,0x000bdaa8,(x+z)+y,"0,0,0,4,4,4,8|0,4,4,4,8,8,8/0,0,0,4,8,8,8"
opcode,0x000bc770,AABBTreeCollider::_CollideTriBox(const AABBNoLeafNode*),oracle,0x000bdac6,(y+z)+x,"0,0,0,4,4,4,8|0,0,0,4,8,8,8/0,4,4,4,8,8,8"
opcode,0x000bc770,AABBTreeCollider::_CollideTriBox(const AABBNoLeafNode*),oracle,0x000bdc8c,(y+z)+x,"0,0,4|0,0,4,4,8/0,4,4"
opcode,0x000bc770,AABBTreeCollider::_CollideTriBox(const AABBNoLeafNode*),oracle,0x000bdcab,(y+z)+x,"0,0|0,0,4,4/4,4"
opcode,0x000bc770,AABBTreeCollider::_CollideTriBox(const AABBNoLeafNode*),oracle,0x000bdcc9,(x+z)+y,"0,0,4,4,8|0,4,4/0,0,4"
opcode,0x000bc770,AABBTreeCollider::_CollideTriBox(const AABBNoLeafNode*),candidate,0x0009b2cc,?,"0,0,0,0,236,240,252,4,8,8|0,0,252,264,8,8/0,0,0,0,236,236,236,240,240,240,240,248,248,248,248,252,252,252,252,260,264,4,4,4,4,4,4,4,4,8,8,8,8,8,8,8,8,8"
opcode,0x000bc770,AABBTreeCollider::_CollideTriBox(const AABBNoLeafNode*),candidate,0x0009b39b,?,"0,0,0,0,12,240,252,8,8|252,264,8,8/0,0,0,0,20,236,236,236,240,240,240,248,248,248,248,252,252,252,252,260,264,4,4,4,4,4,4,4,4,8,8,8,8,8,8,8,8"
opcode,0x000bc770,AABBTreeCollider::_CollideTriBox(const AABBNoLeafNode*),candidate,0x0009bb50,?,"0,232,232,232,236,240,240,248,252|232,232,232,232,236,236,236,236,240,240,240,244,244,248,248,252,256,256,260,260,264,264,4/240,252,8"
opcode,0x000bc770,AABBTreeCollider::_CollideTriBox(const AABBNoLeafNode*),candidate,0x0009bd5f,?,"0,0,0,0,0,0,0,0,232,4,4,4,4,8,8,8,8|0,0,236/0,0,0,0,0,240,4,4,4,4,4,4,4,4,4,8,8,8,8,8,8,8"
opcode,0x000bc770,AABBTreeCollider::_CollideTriBox(const AABBNoLeafNode*),candidate,0x0009bd80,?,"0,0,0,0,0,0,0,0,244,4,4,4,4,8,8,8,8|0,0,248/0,0,0,0,0,252,4,4,4,4,4,4,4,4,4,8,8,8,8,8,8,8"
opcode,0x000bc770,AABBTreeCollider::_CollideTriBox(const AABBNoLeafNode*),candidate,0x0009c244,?,"0i,0i,232i,232i,256i,256i|232i,232i,232i,256i,256i,256i/0i,0i,232i,232i,232i,256i,256i,256i"
opcode,0x000bc770,AABBTreeCollider::_CollideTriBox(const AABBNoLeafNode*),candidate,0x0009c559,?,"0,232,232,232,236,240,240,248,252|232,232,232,232,236,236,236,236,240,240,240,244,244,248,248,252,256,256,260,260,264,264,4/240,252,8"
opcode,0x000bc770,AABBTreeCollider::_CollideTriBox(const AABBNoLeafNode*),candidate,0x0009c77a,?,"0,0,0,0,0,0,0,0,232,4,4,4,4,8,8,8,8|0,0,236/0,0,0,0,0,240,4,4,4,4,4,4,4,4,4,8,8,8,8,8,8,8"
opcode,0x000bc770,AABBTreeCollider::_CollideTriBox(const AABBNoLeafNode*),candidate,0x0009c7a4,?,"0,0,0,0,0,0,0,0,244,4,4,4,4,8,8,8,8|0,0,248/0,0,0,0,0,252,4,4,4,4,4,4,4,4,4,8,8,8,8,8,8,8"
opcode,0x000bc770,AABBTreeCollider::_CollideTriBox(const AABBNoLeafNode*),candidate,0x0009cc61,?,"0i,0i,232i,232i,256i,256i|232i,232i,232i,256i,256i,256i/0i,0i,232i,232i,232i,256i,256i,256i"
opcode,0x000be230,AABBTreeCollider::_CollideBoxTri(const AABBNoLeafNode*),oracle,0x000be5d2,(x+z)+y,"0,0,0,0,0,0,0,0,4,4,4,4|4,4,4,4,8,8,8,8/0,0,0,0,0,0,0,0,8,8,8,8"
opcode,0x000be230,AABBTreeCollider::_CollideBoxTri(const AABBNoLeafNode*),oracle,0x000be613,(x+z)+y,"0,0,0,0,0,0,0,0,4,4,4,4|4,4,4,4,8,8,8,8/0,0,0,0,0,0,0,0,8,8,8,8"
opcode,0x000be230,AABBTreeCollider::_CollideBoxTri(const AABBNoLeafNode*),oracle,0x000bed00,(x+y)+z,"0,0,0,0,4,8,8,8,8|0,4,4,4,4,8,8,8,8/0,0,0,0,4,4,4,4,8"
opcode,0x000be230,AABBTreeCollider::_CollideBoxTri(const AABBNoLeafNode*),oracle,0x000bed1e,(x+y)+z,"0,0,0,0,4,8,8,8,8|0,4,4,4,4,8,8,8,8/0,0,0,0,4,4,4,4,8"
opcode,0x000be230,AABBTreeCollider::_CollideBoxTri(const AABBNoLeafNode*),oracle,0x000bed3c,(y+z)+x,"0,0,0,0,4,4,4,4,8|0,0,0,0,4,8,8,8,8/0,4,4,4,4,8,8,8,8"
opcode,0x000be230,AABBTreeCollider::_CollideBoxTri(const AABBNoLeafNode*),oracle,0x000bef00,(y+z)+x,"0,0,4|0,0,4,4,8/0,4,4"
opcode,0x000be230,AABBTreeCollider::_CollideBoxTri(const AABBNoLeafNode*),oracle,0x000bef1e,(x+y)+z,"0,0,4|0,4,4/0,0,4,4,8"
opcode,0x000be230,AABBTreeCollider::_CollideBoxTri(const AABBNoLeafNode*),oracle,0x000bef3c,(x+z)+y,"0,0,4,4,8|0,4,4/0,0,4"
opcode,0x000be230,AABBTreeCollider::_CollideBoxTri(const AABBNoLeafNode*),oracle,0x000bf566,(y+z)+x,"0,0,0,0,4,4,4,4,8|0,0,0,0,4,8,8,8,8/0,4,4,4,4,8,8,8,8"
opcode,0x000be230,AABBTreeCollider::_CollideBoxTri(const AABBNoLeafNode*),oracle,0x000bf584,(x+z)+y,"0,0,0,0,4,4,4,4,8|0,4,4,4,4,8,8,8,8/0,0,0,0,4,8,8,8,8"
opcode,0x000be230,AABBTreeCollider::_CollideBoxTri(const AABBNoLeafNode*),oracle,0x000bf5a2,(y+z)+x,"0,0,0,0,4,4,4,4,8|0,0,0,0,4,8,8,8,8/0,4,4,4,4,8,8,8,8"
opcode,0x000be230,AABBTreeCollider::_CollideBoxTri(const AABBNoLeafNode*),oracle,0x000bf766,(y+z)+x,"0,0,4|0,0,4,4,8/0,4,4"
opcode,0x000be230,AABBTreeCollider::_CollideBoxTri(const AABBNoLeafNode*),oracle,0x000bf784,(y+z)+x,"0,0,4|0,0,4,4,8/0,4,4"
opcode,0x000be230,AABBTreeCollider::_CollideBoxTri(const AABBNoLeafNode*),oracle,0x000bf7a2,(x+z)+y,"0,0,4,4,8|0,4,4/0,0,4"
opcode,0x000be230,AABBTreeCollider::_CollideBoxTri(const AABBNoLeafNode*),candidate,0x0009744c,?,"0,0,0,0,236,240,252,4,8,8|0,0,252,264,8,8/0,0,0,0,236,236,236,240,240,240,240,248,248,248,248,252,252,252,252,260,264,4,4,4,4,4,4,4,4,8,8,8,8,8,8,8,8,8"
opcode,0x000be230,AABBTreeCollider::_CollideBoxTri(const AABBNoLeafNode*),candidate,0x0009751b,?,"0,0,0,0,12,240,252,8,8|252,264,8,8/0,0,0,0,20,236,236,236,240,240,240,248,248,248,248,252,252,252,252,260,264,4,4,4,4,4,4,4,4,8,8,8,8,8,8,8,8"
opcode,0x000be230,AABBTreeCollider::_CollideBoxTri(const AABBNoLeafNode*),candidate,0x00097cd0,?,"0,232,232,232,236,240,240,248,252|232,232,232,232,236,236,236,236,240,240,240,244,244,248,248,252,256,256,260,260,264,264,4/240,252,8"
opcode,0x000be230,AABBTreeCollider::_CollideBoxTri(const AABBNoLeafNode*),candidate,0x00097edf,?,"0,0,0,0,0,0,0,0,232,4,4,4,4,8,8,8,8|0,0,236/0,0,0,0,0,240,4,4,4,4,4,4,4,4,4,8,8,8,8,8,8,8"
opcode,0x000be230,AABBTreeCollider::_CollideBoxTri(const AABBNoLeafNode*),candidate,0x00097f00,?,"0,0,0,0,0,0,0,0,244,4,4,4,4,8,8,8,8|0,0,248/0,0,0,0,0,252,4,4,4,4,4,4,4,4,4,8,8,8,8,8,8,8"
opcode,0x000be230,AABBTreeCollider::_CollideBoxTri(const AABBNoLeafNode*),candidate,0x000983c4,?,"0i,0i,232i,232i,256i,256i|232i,232i,232i,256i,256i,256i/0i,0i,232i,232i,232i,256i,256i,256i"
opcode,0x000be230,AABBTreeCollider::_CollideBoxTri(const AABBNoLeafNode*),candidate,0x000986d9,?,"0,232,232,232,236,240,240,248,252|232,232,232,232,236,236,236,236,240,240,240,244,244,248,248,252,256,256,260,260,264,264,4/240,252,8"
opcode,0x000be230,AABBTreeCollider::_CollideBoxTri(const AABBNoLeafNode*),candidate,0x000988fa,?,"0,0,0,0,0,0,0,0,232,4,4,4,4,8,8,8,8|0,0,236/0,0,0,0,0,240,4,4,4,4,4,4,4,4,4,8,8,8,8,8,8,8"
opcode,0x000be230,AABBTreeCollider::_CollideBoxTri(const AABBNoLeafNode*),candidate,0x00098924,?,"0,0,0,0,0,0,0,0,244,4,4,4,4,8,8,8,8|0,0,248/0,0,0,0,0,252,4,4,4,4,4,4,4,4,4,8,8,8,8,8,8,8"
opcode,0x000be230,AABBTreeCollider::_CollideBoxTri(const AABBNoLeafNode*),candidate,0x00098de1,?,"0i,0i,232i,232i,256i,256i|232i,232i,232i,256i,256i,256i/0i,0i,232i,232i,232i,256i,256i,256i"
opcode,0x000bfd10,"AABBTreeCollider::_Collide(const AABBNoLeafNode*, const AABBNoLeafNode*)",oracle,0x000bfd4a,(x+z)+y,"0,124|148,8/136,4"
opcode,0x000bfd10,"AABBTreeCollider::_Collide(const AABBNoLeafNode*, const AABBNoLeafNode*)",oracle,0x000bfd76,(x+y)+z,"12,52|16,64/20,76"
opcode,0x000bfd10,"AABBTreeCollider::_Collide(const AABBNoLeafNode*, const AABBNoLeafNode*)",oracle,0x000bfda5,(x+y)+z,"0,128|140,4/152,8"
opcode,0x000bfd10,"AABBTreeCollider::_Collide(const AABBNoLeafNode*, const AABBNoLeafNode*)",oracle,0x000bfdd2,(x+y)+z,"12,56|16,68/20,80"
opcode,0x000bfd10,"AABBTreeCollider::_Collide(const AABBNoLeafNode*, const AABBNoLeafNode*)",oracle,0x000bfe01,(y+z)+x,"144,4|156,8/0,132"
opcode,0x000bfd10,"AABBTreeCollider::_Collide(const AABBNoLeafNode*, const AABBNoLeafNode*)",oracle,0x000bfe2e,(x+z)+y,"12,60|20,84/16,72"
opcode,0x000bfd10,"AABBTreeCollider::_Collide(const AABBNoLeafNode*, const AABBNoLeafNode*)",oracle,0x000bfe5e,(x+y)+z,"0,0,124,124,136,148,172,4,8|0,128,128,140,152,176,4,4,8/0,132,132,144,156,180,4,8,8"
opcode,0x000bfd10,"AABBTreeCollider::_Collide(const AABBNoLeafNode*, const AABBNoLeafNode*)",oracle,0x000bfe82,(y+z)+x,"16,56|20,60/12,52"
opcode,0x000bfd10,"AABBTreeCollider::_Collide(const AABBNoLeafNode*, const AABBNoLeafNode*)",oracle,0x000bfeb5,(x+z)+y,"0,0,124,136,136,148,172,4,8|0,132,144,144,156,180,4,8,8/0,128,140,140,152,176,4,4,8"
opcode,0x000bfd10,"AABBTreeCollider::_Collide(const AABBNoLeafNode*, const AABBNoLeafNode*)",oracle,0x000bfed9,(x+y)+z,"12,64|16,68/20,72"
opcode,0x000bfd10,"AABBTreeCollider::_Collide(const AABBNoLeafNode*, const AABBNoLeafNode*)",oracle,0x000bff0c,(x+z)+y,"0,0,124,136,148,148,172,4,8|0,132,144,156,156,180,4,8,8/0,128,140,152,152,176,4,4,8"
opcode,0x000bfd10,"AABBTreeCollider::_Collide(const AABBNoLeafNode*, const AABBNoLeafNode*)",oracle,0x000bff30,(x+y)+z,"12,76|16,80/20,84"
opcode,0x000bfd10,"AABBTreeCollider::_Collide(const AABBNoLeafNode*, const AABBNoLeafNode*)",oracle,0x000bff8e,?,"16,60|16,76/20,56"
opcode,0x000bfd10,"AABBTreeCollider::_Collide(const AABBNoLeafNode*, const AABBNoLeafNode*)",oracle,0x000bffde,?,"20,52|20,68/16,72"
opcode,0x000bfd10,"AABBTreeCollider::_Collide(const AABBNoLeafNode*, const AABBNoLeafNode*)",oracle,0x000c002e,?,"16,84|20,80/16,52"
opcode,0x000bfd10,"AABBTreeCollider::_Collide(const AABBNoLeafNode*, const AABBNoLeafNode*)",oracle,0x000c007b,?,"16,80|20,68/20,52"
opcode,0x000bfd10,"AABBTreeCollider::_Collide(const AABBNoLeafNode*, const AABBNoLeafNode*)",oracle,0x000c00cb,?,"12,72|20,64/20,56"
opcode,0x000bfd10,"AABBTreeCollider::_Collide(const AABBNoLeafNode*, const AABBNoLeafNode*)",oracle,0x000c011b,?,"12,68|12,84/20,76"
opcode,0x000bfd10,"AABBTreeCollider::_Collide(const AABBNoLeafNode*, const AABBNoLeafNode*)",oracle,0x000c0168,?,"16,52|20,72/16,84"
opcode,0x000bfd10,"AABBTreeCollider::_Collide(const AABBNoLeafNode*, const AABBNoLeafNode*)",oracle,0x000c01b8,?,"12,84|20,60/16,64"
opcode,0x000bfd10,"AABBTreeCollider::_Collide(const AABBNoLeafNode*, const AABBNoLeafNode*)",oracle,0x000c0208,?,"16,60|16,76/12,72"
opcode,0x000bfd10,"AABBTreeCollider::_Collide(const AABBNoLeafNode*, const AABBNoLeafNode*)",oracle,0x000c02a4,?,"100,4i|112,8/0,88"
opcode,0x000bfd10,"AABBTreeCollider::_Collide(const AABBNoLeafNode*, const AABBNoLeafNode*)",oracle,0x000c02c1,(x+y)+z,"0,92|104,4/116,8"
opcode,0x000bfd10,"AABBTreeCollider::_Collide(const AABBNoLeafNode*, const AABBNoLeafNode*)",oracle,0x000c02df,(x+y)+z,"0,96|108,4/120,8"
opcode,0x000bfd10,"AABBTreeCollider::_Collide(const AABBNoLeafNode*, const AABBNoLeafNode*)",oracle,0x000c02fd,(y+z)+x,"100,4|112,8/0,88"
opcode,0x000bfd10,"AABBTreeCollider::_Collide(const AABBNoLeafNode*, const AABBNoLeafNode*)",oracle,0x000c031b,(y+z)+x,"104,4|116,8/0,92"
opcode,0x000bfd10,"AABBTreeCollider::_Collide(const AABBNoLeafNode*, const AABBNoLeafNode*)",oracle,0x000c0339,(y+z)+x,"108,4|120,8/0,96"
opcode,0x000bfd10,"AABBTreeCollider::_Collide(const AABBNoLeafNode*, const AABBNoLeafNode*)",oracle,0x000c035d,(y+z)+x,"100,4|112,8/0,88"
opcode,0x000bfd10,"AABBTreeCollider::_Collide(const AABBNoLeafNode*, const AABBNoLeafNode*)",oracle,0x000c037e,(x+y)+z,"0,92|104,4/116,8"
opcode,0x000bfd10,"AABBTreeCollider::_Collide(const AABBNoLeafNode*, const AABBNoLeafNode*)",oracle,0x000c039f,(x+y)+z,"0,96|108,4/120,8"
opcode,0x000bfd10,"AABBTreeCollider::_Collide(const AABBNoLeafNode*, const AABBNoLeafNode*)",oracle,0x000c04d2,(x+y)+z,"0,0,0,0,0,0,0,0,0,104,104,104,104,108,108,108,108,116,116,116,116,120,120,120,120,164,164,164,164,168,168,168,168,4,4,4,4,4,4,4,4,8,8,8,8,8,8,8,8,92,92,92,92,96,96,96,96|0,0,0,0,0,0,0,0,100,100,100,100,108,108,108,108,112,112,112,112,120,120,120,120,160,160,160,160,168,168,168,168,4,4,4,4,4,4,4,4i,4i,8,8,8,8,8,8,8,8,88,88,88,88,96,96,96,96/0,0,0,0,0,0,0,0,100,100,100,100,104,104,104,104,112,112,112,112,116,116,116,116,160,160,160,160,164,164,164,164,4,4,4,4,4,4,4i,4i,8,8,8,8,8,8,8,8,8,88,88,88,88,92,92,92,92"
opcode,0x000bfd10,"AABBTreeCollider::_Collide(const AABBNoLeafNode*, const AABBNoLeafNode*)",oracle,0x000c0500,(y+z)+x,"0,0,0,0,0,0,0,0,100,100,100,100,104,104,104,104,112,112,112,112,116,116,116,116,160,160,160,160,164,164,164,164,4,4,4,4,4,4,4i,4i,8,8,8,8,8,8,8,8,8,88,88,88,88,92,92,92,92|0,0,0,0,0,0,0,0,100,100,100,100,108,108,108,108,112,112,112,112,120,120,120,120,160,160,160,160,168,168,168,168,4,4,4,4,4,4,4,4i,4i,8,8,8,8,8,8,8,8,88,88,88,88,96,96,96,96/0,0,0,0,0,0,0,0,0,104,104,104,104,108,108,108,108,116,116,116,116,120,120,120,120,164,164,164,164,168,168,168,168,4,4,4,4,4,4,4,4,8,8,8,8,8,8,8,8,92,92,92,92,96,96,96,96"
opcode,0x000bfd10,"AABBTreeCollider::_Collide(const AABBNoLeafNode*, const AABBNoLeafNode*)",oracle,0x000c0527,(x+y)+z,"0,0,0,0,0,0,0,0,0,104,104,104,104,108,108,108,108,116,116,116,116,120,120,120,120,164,164,164,164,168,168,168,168,4,4,4,4,4,4,4,4,8,8,8,8,8,8,8,8,92,92,92,92,96,96,96,96|0,0,0,0,0,0,0,0,100,100,100,100,108,108,108,108,112,112,112,112,120,120,120,120,160,160,160,160,168,168,168,168,4,4,4,4,4,4,4,4i,4i,8,8,8,8,8,8,8,8,88,88,88,88,96,96,96,96/0,0,0,0,0,0,0,0,100,100,100,100,104,104,104,104,112,112,112,112,116,116,116,116,160,160,160,160,164,164,164,164,4,4,4,4,4,4,4i,4i,8,8,8,8,8,8,8,8,8,88,88,88,88,92,92,92,92"
opcode,0x000bfd10,"AABBTreeCollider::_Collide(const AABBNoLeafNode*, const AABBNoLeafNode*)",oracle,0x000c0724,(x+y)+z,"0,0,0,100,100,104,112,112,116,160,160,164,4,4,4i,8,8,8,88,88,92|0,0,0,100,104,104,112,116,116,160,164,164,4,4,4i,8,8,8,88,92,92/0,0,0,0,0,100,100,104,104,108,112,112,116,116,120,160,160,164,164,168,4,4,4,4,4i,8,8,8,8,8,88,88,92,92,96"
opcode,0x000bfd10,"AABBTreeCollider::_Collide(const AABBNoLeafNode*, const AABBNoLeafNode*)",oracle,0x000c074c,(x+z)+y,"0,0,0,0,0,100,100,104,104,108,112,112,116,116,120,160,160,164,164,168,4,4,4,4,4i,8,8,8,8,8,88,88,92,92,96|0,0,0,100,104,104,112,116,116,160,164,164,4,4,4,8,8,8,88,92,92/0,0,0,100,100,104,112,112,116,160,160,164,4,4,4i,8,8,8,88,88,92"
opcode,0x000bfd10,"AABBTreeCollider::_Collide(const AABBNoLeafNode*, const AABBNoLeafNode*)",oracle,0x000c077d,(x+z)+y,"0,0,0,0,0,100,100,104,104,108,112,112,116,116,120,160,160,164,164,168,4,4,4,4,4i,8,8,8,8,8,88,88,92,92,96|0,0,0,100,104,104,112,116,116,160,164,164,4,4,4,8,8,8,88,92,92/0,0,0,100,100,104,112,112,116,160,160,164,4,4,4i,8,8,8,88,88,92"
opcode,0x000bfd10,"AABBTreeCollider::_Collide(const AABBNoLeafNode*, const AABBNoLeafNode*)",oracle,0x000c0e0a,(y+z)+x,"0,0,0,0,0,0,0,0,100,100,100,100,104,104,104,104,112,112,112,112,116,116,116,116,160,160,160,160,164,164,164,164,4,4,4,4,4,4,4i,4i,8,8,8,8,8,8,8,8,8,88,88,88,88,92,92,92,92|0,0,0,0,0,0,0,0,100,100,100,100,108,108,108,108,112,112,112,112,120,120,120,120,160,160,160,160,168,168,168,168,4,4,4,4,4,4,4,4i,4i,8,8,8,8,8,8,8,8,88,88,88,88,96,96,96,96/0,0,0,0,0,0,0,0,0,104,104,104,104,108,108,108,108,116,116,116,116,120,120,120,120,164,164,164,164,168,168,168,168,4,4,4,4,4,4,4,4,8,8,8,8,8,8,8,8,92,92,92,92,96,96,96,96"
opcode,0x000bfd10,"AABBTreeCollider::_Collide(const AABBNoLeafNode*, const AABBNoLeafNode*)",oracle,0x000c0e2f,(x+y)+z,"0,0,0,0,0,0,0,0,0,104,104,104,104,108,108,108,108,116,116,116,116,120,120,120,120,164,164,164,164,168,168,168,168,4,4,4,4,4,4,4,4,8,8,8,8,8,8,8,8,92,92,92,92,96,96,96,96|0,0,0,0,0,0,0,0,100,100,100,100,108,108,108,108,112,112,112,112,120,120,120,120,160,160,160,160,168,168,168,168,4,4,4,4,4,4,4,4i,4i,8,8,8,8,8,8,8,8,88,88,88,88,96,96,96,96/0,0,0,0,0,0,0,0,100,100,100,100,104,104,104,104,112,112,112,112,116,116,116,116,160,160,160,160,164,164,164,164,4,4,4,4,4,4,4i,4i,8,8,8,8,8,8,8,8,8,88,88,88,88,92,92,92,92"
opcode,0x000bfd10,"AABBTreeCollider::_Collide(const AABBNoLeafNode*, const AABBNoLeafNode*)",oracle,0x000c0e4d,(x+z)+y,"0,0,0,0,0,0,0,0,0,104,104,104,104,108,108,108,108,116,116,116,116,120,120,120,120,164,164,164,164,168,168,168,168,4,4,4,4,4,4,4,4,8,8,8,8,8,8,8,8,92,92,92,92,96,96,96,96|0,0,0,0,0,0,0,0,100,100,100,100,104,104,104,104,112,112,112,112,116,116,116,116,160,160,160,160,164,164,164,164,4,4,4,4,4,4,4i,4i,8,8,8,8,8,8,8,8,8,88,88,88,88,92,92,92,92/0,0,0,0,0,0,0,0,100,100,100,100,108,108,108,108,112,112,112,112,120,120,120,120,160,160,160,160,168,168,168,168,4,4,4,4,4,4,4,4i,4i,8,8,8,8,8,8,8,8,88,88,88,88,96,96,96,96"
opcode,0x000bfd10,"AABBTreeCollider::_Collide(const AABBNoLeafNode*, const AABBNoLeafNode*)",oracle,0x000c1016,(y+z)+x,"0,0,0,0,0,100,100,104,104,108,112,112,116,116,120,160,160,164,164,168,4,4,4,4,4i,8,8,8,8,8,88,88,92,92,96|0,0,0,100,100,104,112,112,116,160,160,164,4,4,4i,8,8,8,88,88,92/0,0,0,100,104,104,112,116,116,160,164,164,4,4,4i,8,8,8,88,92,92"
opcode,0x000bfd10,"AABBTreeCollider::_Collide(const AABBNoLeafNode*, const AABBNoLeafNode*)",oracle,0x000c1035,(x+z)+y,"0,0,0,0,0,100,100,104,104,108,112,112,116,116,120,160,160,164,164,168,4,4,4,4,4i,8,8,8,8,8,88,88,92,92,96|0,0,0,100,104,104,112,116,116,160,164,164,4,4,4,8,8,8,88,92,92/0,0,0,100,100,104,112,112,116,160,160,164,4,4,4i,8,8,8,88,88,92"
opcode,0x000bfd10,"AABBTreeCollider::_Collide(const AABBNoLeafNode*, const AABBNoLeafNode*)",oracle,0x000c105d,(y+z)+x,"0,0,0,0,0,100,100,104,104,108,112,112,116,116,120,160,160,164,164,168,4,4,4,4,4i,8,8,8,8,8,88,88,92,92,96|0,0,0,100,100,104,112,112,116,160,160,164,4,4,4i,8,8,8,88,88,92/0,0,0,100,104,104,112,116,116,160,164,164,4,4,4,8,8,8,88,92,92"
opcode,0x000bfd10,"AABBTreeCollider::_Collide(const AABBNoLeafNode*, const AABBNoLeafNode*)",oracle,0x000c15f6,?,"136,4i|148,8/0,124"
opcode,0x000bfd10,"AABBTreeCollider::_Collide(const AABBNoLeafNode*, const AABBNoLeafNode*)",oracle,0x000c1620,(x+y)+z,"0,128|140,4/152,8"
opcode,0x000bfd10,"AABBTreeCollider::_Collide(const AABBNoLeafNode*, const AABBNoLeafNode*)",oracle,0x000c164a,(x+y)+z,"0,132|144,4/156,8"
opcode,0x000bfd10,"AABBTreeCollider::_Collide(const AABBNoLeafNode*, const AABBNoLeafNode*)",oracle,0x000c1671,(y+z)+x,"136,4|148,8/0,124"
opcode,0x000bfd10,"AABBTreeCollider::_Collide(const AABBNoLeafNode*, const AABBNoLeafNode*)",oracle,0x000c169b,(y+z)+x,"140,4|152,8/0,128"
opcode,0x000bfd10,"AABBTreeCollider::_Collide(const AABBNoLeafNode*, const AABBNoLeafNode*)",oracle,0x000c16c5,(y+z)+x,"144,4|156,8/0,132"
opcode,0x000bfd10,"AABBTreeCollider::_Collide(const AABBNoLeafNode*, const AABBNoLeafNode*)",oracle,0x000c16f5,(y+z)+x,"136,4|148,8/0,124"
opcode,0x000bfd10,"AABBTreeCollider::_Collide(const AABBNoLeafNode*, const AABBNoLeafNode*)",oracle,0x000c171f,(x+y)+z,"0,128|140,4/152,8"
opcode,0x000bfd10,"AABBTreeCollider::_Collide(const AABBNoLeafNode*, const AABBNoLeafNode*)",oracle,0x000c1749,(x+y)+z,"0,132|144,4/156,8"
opcode,0x000bfd10,"AABBTreeCollider::_Collide(const AABBNoLeafNode*, const AABBNoLeafNode*)",oracle,0x000c17e3,?,"136,4i|148,8/0,124"
opcode,0x000bfd10,"AABBTreeCollider::_Collide(const AABBNoLeafNode*, const AABBNoLeafNode*)",oracle,0x000c180d,(y+z)+x,"140,4|152,8/0,128"
opcode,0x000bfd10,"AABBTreeCollider::_Collide(const AABBNoLeafNode*, const AABBNoLeafNode*)",oracle,0x000c1837,(y+z)+x,"144,4|156,8/0,132"
opcode,0x000bfd10,"AABBTreeCollider::_Collide(const AABBNoLeafNode*, const AABBNoLeafNode*)",oracle,0x000c185e,(y+z)+x,"136,4|148,8/0,124"
opcode,0x000bfd10,"AABBTreeCollider::_Collide(const AABBNoLeafNode*, const AABBNoLeafNode*)",oracle,0x000c1888,(y+z)+x,"140,4|152,8/0,128"
opcode,0x000bfd10,"AABBTreeCollider::_Collide(const AABBNoLeafNode*, const AABBNoLeafNode*)",oracle,0x000c18b2,(y+z)+x,"144,4|156,8/0,132"
opcode,0x000bfd10,"AABBTreeCollider::_Collide(const AABBNoLeafNode*, const AABBNoLeafNode*)",oracle,0x000c18db,(y+z)+x,"136,4|148,8/0,124"
opcode,0x000bfd10,"AABBTreeCollider::_Collide(const AABBNoLeafNode*, const AABBNoLeafNode*)",oracle,0x000c1905,(x+y)+z,"0,128|140,4/152,8"
opcode,0x000bfd10,"AABBTreeCollider::_Collide(const AABBNoLeafNode*, const AABBNoLeafNode*)",oracle,0x000c192f,(x+y)+z,"0,132|144,4/156,8"
opcode,0x000bfd10,"AABBTreeCollider::_Collide(const AABBNoLeafNode*, const AABBNoLeafNode*)",oracle,0x000c19de,?,"136,4|148,8i/0,124"
opcode,0x000bfd10,"AABBTreeCollider::_Collide(const AABBNoLeafNode*, const AABBNoLeafNode*)",oracle,0x000c1a08,(x+z)+y,"0,128|152,8/140,4"
opcode,0x000bfd10,"AABBTreeCollider::_Collide(const AABBNoLeafNode*, const AABBNoLeafNode*)",oracle,0x000c1a32,(x+z)+y,"0,132|156,8/144,4"
opcode,0x000bfd10,"AABBTreeCollider::_Collide(const AABBNoLeafNode*, const AABBNoLeafNode*)",oracle,0x000c1a59,(y+z)+x,"136,4|148,8/0,124"
opcode,0x000bfd10,"AABBTreeCollider::_Collide(const AABBNoLeafNode*, const AABBNoLeafNode*)",oracle,0x000c1a83,(x+z)+y,"0,128|152,8/140,4"
opcode,0x000bfd10,"AABBTreeCollider::_Collide(const AABBNoLeafNode*, const AABBNoLeafNode*)",oracle,0x000c1aad,(x+z)+y,"0,132|156,8/144,4"
opcode,0x000bfd10,"AABBTreeCollider::_Collide(const AABBNoLeafNode*, const AABBNoLeafNode*)",oracle,0x000c1add,(y+z)+x,"136,4|148,8/0,124"
opcode,0x000bfd10,"AABBTreeCollider::_Collide(const AABBNoLeafNode*, const AABBNoLeafNode*)",oracle,0x000c1b07,(x+z)+y,"0,128|152,8/140,4"
opcode,0x000bfd10,"AABBTreeCollider::_Collide(const AABBNoLeafNode*, const AABBNoLeafNode*)",oracle,0x000c1b31,(x+z)+y,"0,132|156,8/144,4"
opcode,0x000bfd10,"AABBTreeCollider::_Collide(const AABBNoLeafNode*, const AABBNoLeafNode*)",oracle,0x000c1be6,?,"100,4i|112,8/0,88"
opcode,0x000bfd10,"AABBTreeCollider::_Collide(const AABBNoLeafNode*, const AABBNoLeafNode*)",oracle,0x000c1c03,(y+z)+x,"104,4|116,8/0,92"
opcode,0x000bfd10,"AABBTreeCollider::_Collide(const AABBNoLeafNode*, const AABBNoLeafNode*)",oracle,0x000c1c21,(y+z)+x,"108,4|120,8/0,96"
opcode,0x000bfd10,"AABBTreeCollider::_Collide(const AABBNoLeafNode*, const AABBNoLeafNode*)",oracle,0x000c1c3f,(y+z)+x,"100,4|112,8/0,88"
opcode,0x000bfd10,"AABBTreeCollider::_Collide(const AABBNoLeafNode*, const AABBNoLeafNode*)",oracle,0x000c1c5d,(y+z)+x,"104,4|116,8/0,92"
opcode,0x000bfd10,"AABBTreeCollider::_Collide(const AABBNoLeafNode*, const AABBNoLeafNode*)",oracle,0x000c1c7b,(y+z)+x,"108,4|120,8/0,96"
opcode,0x000bfd10,"AABBTreeCollider::_Collide(const AABBNoLeafNode*, const AABBNoLeafNode*)",oracle,0x000c1c9f,(y+z)+x,"100,4|112,8/0,88"
opcode,0x000bfd10,"AABBTreeCollider::_Collide(const AABBNoLeafNode*, const AABBNoLeafNode*)",oracle,0x000c1cc0,(x+y)+z,"0,92|104,4/116,8"
opcode,0x000bfd10,"AABBTreeCollider::_Collide(const AABBNoLeafNode*, const AABBNoLeafNode*)",oracle,0x000c1ce1,(x+y)+z,"0,96|108,4/120,8"
opcode,0x000bfd10,"AABBTreeCollider::_Collide(const AABBNoLeafNode*, const AABBNoLeafNode*)",oracle,0x000c1def,(y+z)+x,"0,0,0,0,0,0,0,0,100,100,100,100,104,104,104,104,112,112,112,112,116,116,116,116,160,160,160,160,164,164,164,164,4,4,4,4,4,4,4i,4i,8,8,8,8,8,8,8,8,8,88,88,88,88,92,92,92,92|0,0,0,0,0,0,0,0,100,100,100,100,108,108,108,108,112,112,112,112,120,120,120,120,160,160,160,160,168,168,168,168,4,4,4,4,4,4,4,4i,4i,8,8,8,8,8,8,8,8,88,88,88,88,96,96,96,96/0,0,0,0,0,0,0,0,0,104,104,104,104,108,108,108,108,116,116,116,116,120,120,120,120,164,164,164,164,168,168,168,168,4,4,4,4,4,4,4,4,8,8,8,8,8,8,8,8,92,92,92,92,96,96,96,96"
opcode,0x000bfd10,"AABBTreeCollider::_Collide(const AABBNoLeafNode*, const AABBNoLeafNode*)",oracle,0x000c1e14,(x+y)+z,"0,0,0,0,0,0,0,0,0,104,104,104,104,108,108,108,108,116,116,116,116,120,120,120,120,164,164,164,164,168,168,168,168,4,4,4,4,4,4,4,4,8,8,8,8,8,8,8,8,92,92,92,92,96,96,96,96|0,0,0,0,0,0,0,0,100,100,100,100,108,108,108,108,112,112,112,112,120,120,120,120,160,160,160,160,168,168,168,168,4,4,4,4,4,4,4,4i,4i,8,8,8,8,8,8,8,8,88,88,88,88,96,96,96,96/0,0,0,0,0,0,0,0,100,100,100,100,104,104,104,104,112,112,112,112,116,116,116,116,160,160,160,160,164,164,164,164,4,4,4,4,4,4,4i,4i,8,8,8,8,8,8,8,8,8,88,88,88,88,92,92,92,92"
opcode,0x000bfd10,"AABBTreeCollider::_Collide(const AABBNoLeafNode*, const AABBNoLeafNode*)",oracle,0x000c1e32,(x+z)+y,"0,0,0,0,0,0,0,0,0,104,104,104,104,108,108,108,108,116,116,116,116,120,120,120,120,164,164,164,164,168,168,168,168,4,4,4,4,4,4,4,4,8,8,8,8,8,8,8,8,92,92,92,92,96,96,96,96|0,0,0,0,0,0,0,0,100,100,100,100,104,104,104,104,112,112,112,112,116,116,116,116,160,160,160,160,164,164,164,164,4,4,4,4,4,4,4i,4i,8,8,8,8,8,8,8,8,8,88,88,88,88,92,92,92,92/0,0,0,0,0,0,0,0,100,100,100,100,108,108,108,108,112,112,112,112,120,120,120,120,160,160,160,160,168,168,168,168,4,4,4,4,4,4,4,4i,4i,8,8,8,8,8,8,8,8,88,88,88,88,96,96,96,96"
opcode,0x000bfd10,"AABBTreeCollider::_Collide(const AABBNoLeafNode*, const AABBNoLeafNode*)",oracle,0x000c1ff9,(x+z)+y,"0,0,0,0,0,100,100,104,104,108,112,112,116,116,120,160,160,164,164,168,4,4,4,4,4i,8,8,8,8,8,88,88,92,92,96|0,0,0,100,104,104,112,116,116,160,164,164,4,4,4i,8,8,8,88,92,92/0,0,0,100,100,104,112,112,116,160,160,164,4,4,4i,8,8,8,88,88,92"
opcode,0x000bfd10,"AABBTreeCollider::_Collide(const AABBNoLeafNode*, const AABBNoLeafNode*)",oracle,0x000c2018,(x+y)+z,"0,0,0,100,100,104,112,112,116,160,160,164,4,4,4i,8,8,8,88,88,92|0,0,0,100,104,104,112,116,116,160,164,164,4,4,4,8,8,8,88,92,92/0,0,0,0,0,100,100,104,104,108,112,112,116,116,120,160,160,164,164,168,4,4,4,4,4i,8,8,8,8,8,88,88,92,92,96"
opcode,0x000bfd10,"AABBTreeCollider::_Collide(const AABBNoLeafNode*, const AABBNoLeafNode*)",oracle,0x000c2040,(x+z)+y,"0,0,0,0,0,100,100,104,104,108,112,112,116,116,120,160,160,164,164,168,4,4,4,4,4i,8,8,8,8,8,88,88,92,92,96|0,0,0,100,104,104,112,116,116,160,164,164,4,4,4,8,8,8,88,92,92/0,0,0,100,100,104,112,112,116,160,160,164,4,4,4i,8,8,8,88,88,92"
opcode,0x000bfd10,"AABBTreeCollider::_Collide(const AABBNoLeafNode*, const AABBNoLeafNode*)",oracle,0x000c2691,(x+z)+y,"0,0,0,0,0,0,0,0,0,104,104,104,104,108,108,108,108,116,116,116,116,120,120,120,120,164,164,164,164,168,168,168,168,4,4,4,4,4,4,4,4,8,8,8,8,8,8,8,8,92,92,92,92,96,96,96,96|0,0,0,0,0,0,0,0,100,100,100,100,104,104,104,104,112,112,112,112,116,116,116,116,160,160,160,160,164,164,164,164,4,4,4,4,4,4,4i,4i,8,8,8,8,8,8,8,8,8,88,88,88,88,92,92,92,92/0,0,0,0,0,0,0,0,100,100,100,100,108,108,108,108,112,112,112,112,120,120,120,120,160,160,160,160,168,168,168,168,4,4,4,4,4,4,4,4i,4i,8,8,8,8,8,8,8,8,88,88,88,88,96,96,96,96"
opcode,0x000bfd10,"AABBTreeCollider::_Collide(const AABBNoLeafNode*, const AABBNoLeafNode*)",oracle,0x000c26af,(x+z)+y,"0,0,0,0,0,0,0,0,0,104,104,104,104,108,108,108,108,116,116,116,116,120,120,120,120,164,164,164,164,168,168,168,168,4,4,4,4,4,4,4,4,8,8,8,8,8,8,8,8,92,92,92,92,96,96,96,96|0,0,0,0,0,0,0,0,100,100,100,100,104,104,104,104,112,112,112,112,116,116,116,116,160,160,160,160,164,164,164,164,4,4,4,4,4,4,4i,4i,8,8,8,8,8,8,8,8,8,88,88,88,88,92,92,92,92/0,0,0,0,0,0,0,0,100,100,100,100,108,108,108,108,112,112,112,112,120,120,120,120,160,160,160,160,168,168,168,168,4,4,4,4,4,4,4,4i,4i,8,8,8,8,8,8,8,8,88,88,88,88,96,96,96,96"
opcode,0x000bfd10,"AABBTreeCollider::_Collide(const AABBNoLeafNode*, const AABBNoLeafNode*)",oracle,0x000c26cd,(x+z)+y,"0,0,0,0,0,0,0,0,0,104,104,104,104,108,108,108,108,116,116,116,116,120,120,120,120,164,164,164,164,168,168,168,168,4,4,4,4,4,4,4,4,8,8,8,8,8,8,8,8,92,92,92,92,96,96,96,96|0,0,0,0,0,0,0,0,100,100,100,100,104,104,104,104,112,112,112,112,116,116,116,116,160,160,160,160,164,164,164,164,4,4,4,4,4,4,4i,4i,8,8,8,8,8,8,8,8,8,88,88,88,88,92,92,92,92/0,0,0,0,0,0,0,0,100,100,100,100,108,108,108,108,112,112,112,112,120,120,120,120,160,160,160,160,168,168,168,168,4,4,4,4,4,4,4,4i,4i,8,8,8,8,8,8,8,8,88,88,88,88,96,96,96,96"
opcode,0x000bfd10,"AABBTreeCollider::_Collide(const AABBNoLeafNode*, const AABBNoLeafNode*)",oracle,0x000c288d,(x+z)+y,"0,0,0,0,0,100,100,104,104,108,112,112,116,116,120,160,160,164,164,168,4,4,4,4,4i,8,8,8,8,8,88,88,92,92,96|0,0,0,100,104,104,112,116,116,160,164,164,4,4,4i,8,8,8,88,92,92/0,0,0,100,100,104,112,112,116,160,160,164,4,4,4i,8,8,8,88,88,92"
opcode,0x000bfd10,"AABBTreeCollider::_Collide(const AABBNoLeafNode*, const AABBNoLeafNode*)",oracle,0x000c28ac,(x+y)+z,"0,0,0,100,100,104,112,112,116,160,160,164,4,4,4i,8,8,8,88,88,92|0,0,0,100,104,104,112,116,116,160,164,164,4,4,4,8,8,8,88,92,92/0,0,0,0,0,100,100,104,104,108,112,112,116,116,120,160,160,164,164,168,4,4,4,4,4i,8,8,8,8,8,88,88,92,92,96"
opcode,0x000bfd10,"AABBTreeCollider::_Collide(const AABBNoLeafNode*, const AABBNoLeafNode*)",oracle,0x000c28d4,(x+z)+y,"0,0,0,0,0,100,100,104,104,108,112,112,116,116,120,160,160,164,164,168,4,4,4,4,4i,8,8,8,8,8,88,88,92,92,96|0,0,0,100,104,104,112,116,116,160,164,164,4,4,4,8,8,8,88,92,92/0,0,0,100,100,104,112,112,116,160,160,164,4,4,4i,8,8,8,88,88,92"
opcode,0x000bfd10,"AABBTreeCollider::_Collide(const AABBNoLeafNode*, const AABBNoLeafNode*)",oracle,0x000c2e81,?,"136,4i|148,8/0,124"
opcode,0x000bfd10,"AABBTreeCollider::_Collide(const AABBNoLeafNode*, const AABBNoLeafNode*)",oracle,0x000c2eab,(x+y)+z,"0,128|140,4/152,8"
opcode,0x000bfd10,"AABBTreeCollider::_Collide(const AABBNoLeafNode*, const AABBNoLeafNode*)",oracle,0x000c2ed5,(x+y)+z,"0,132|144,4/156,8"
opcode,0x000bfd10,"AABBTreeCollider::_Collide(const AABBNoLeafNode*, const AABBNoLeafNode*)",oracle,0x000c2efc,(y+z)+x,"136,4|148,8/0,124"
opcode,0x000bfd10,"AABBTreeCollider::_Collide(const AABBNoLeafNode*, const AABBNoLeafNode*)",oracle,0x000c2f26,(y+z)+x,"140,4|152,8/0,128"
opcode,0x000bfd10,"AABBTreeCollider::_Collide(const AABBNoLeafNode*, const AABBNoLeafNode*)",oracle,0x000c2f50,(y+z)+x,"144,4|156,8/0,132"
opcode,0x000bfd10,"AABBTreeCollider::_Collide(const AABBNoLeafNode*, const AABBNoLeafNode*)",oracle,0x000c2f79,(y+z)+x,"136,4|148,8/0,124"
opcode,0x000bfd10,"AABBTreeCollider::_Collide(const AABBNoLeafNode*, const AABBNoLeafNode*)",oracle,0x000c2fa3,(x+y)+z,"0,128|140,4/152,8"
opcode,0x000bfd10,"AABBTreeCollider::_Collide(const AABBNoLeafNode*, const AABBNoLeafNode*)",oracle,0x000c2fcd,(x+y)+z,"0,132|144,4/156,8"
opcode,0x000bfd10,"AABBTreeCollider::_Collide(const AABBNoLeafNode*, const AABBNoLeafNode*)",candidate,0x0008f37f,?,"0,0,124,124,136,148,172,4,8|0,128,128,140,152,176,4,8/132"
opcode,0x000bfd10,"AABBTreeCollider::_Collide(const AABBNoLeafNode*, const AABBNoLeafNode*)",candidate,0x0008f3da,?,"0,0,124,136,136,148,172,4,8|0,128,140,140,152,176,4,8/144"
opcode,0x000bfd10,"AABBTreeCollider::_Collide(const AABBNoLeafNode*, const AABBNoLeafNode*)",candidate,0x0008f3fb,?,64|68/72
opcode,0x000bfd10,"AABBTreeCollider::_Collide(const AABBNoLeafNode*, const AABBNoLeafNode*)",candidate,0x0008f435,?,"0,0,124,136,148,148,172,4,8|0,128,140,152,152,176,4,8/156"
opcode,0x000bfd10,"AABBTreeCollider::_Collide(const AABBNoLeafNode*, const AABBNoLeafNode*)",candidate,0x0008f4b6,?,56|60/76
opcode,0x000bfd10,"AABBTreeCollider::_Collide(const AABBNoLeafNode*, const AABBNoLeafNode*)",candidate,0x0008f50b,?,68|72/76
opcode,0x000bfd10,"AABBTreeCollider::_Collide(const AABBNoLeafNode*, const AABBNoLeafNode*)",candidate,0x0008f5b2,?,52|60/80
opcode,0x000bfd10,"AABBTreeCollider::_Collide(const AABBNoLeafNode*, const AABBNoLeafNode*)",candidate,0x0008f6d2,?,52|56/84
opcode,0x000bfd10,"AABBTreeCollider::_Collide(const AABBNoLeafNode*, const AABBNoLeafNode*)",candidate,0x0008f72b,?,64|68/84
opcode,0x000bfd10,"AABBTreeCollider::_Collide(const AABBNoLeafNode*, const AABBNoLeafNode*)",candidate,0x0008fd91,?,"0,0,0i,100,112,160,4,4i,8,8,88,8i|0,0,116,164,8i/120"
opcode,0x000bfd10,"AABBTreeCollider::_Collide(const AABBNoLeafNode*, const AABBNoLeafNode*)",candidate,0x0008fdaf,?,"0,0,0i,0i,104,104,116,164,4i,4i,8i,92,92|0,0,0i,100,112,160,4,4i,8,8,88,8i/0i,0i,108,108,120,168,168,4i,4i,8i,8i,96,96"
opcode,0x000bfd10,"AABBTreeCollider::_Collide(const AABBNoLeafNode*, const AABBNoLeafNode*)",candidate,0x0008fdd3,?,"0,0,0i,100,112,160,4,4i,8,8,88,8i|0,0,108/0i,0i,0i,0i,104,104,108,116,120,164,168,168,4i,4i,4i,4i,8i,8i,8i,92,92,96,96"
opcode,0x000bfd10,"AABBTreeCollider::_Collide(const AABBNoLeafNode*, const AABBNoLeafNode*)",candidate,0x0009026f,?,"0i,0i,232i,232i,232i,244i,244i,244i,244i,256i,256i,256i,256i,256i,4,4,4,4,4,4,4,4,4,4|232i,256i/232i,256i"
opcode,0x000bfd10,"AABBTreeCollider::_Collide(const AABBNoLeafNode*, const AABBNoLeafNode*)",candidate,0x00090787,?,"0,0i,0i,100,100,112,112,160,160,4i,4i,88,88,8i,8i|0,0i,100,112,116,160,164,4i,88,8i,8i/0i,100,112,120,160,4,4,4,4,4i,8,8,88,8i"
opcode,0x000bfd10,"AABBTreeCollider::_Collide(const AABBNoLeafNode*, const AABBNoLeafNode*)",candidate,0x000907ab,?,"0,0i,0i,0i,100,104,104,112,116,160,164,4i,4i,4i,88,8i,8i,92,92|0,0i,0i,100,100,112,112,160,160,4i,4i,88,88,8i,8i/0i,0i,0i,100,108,108,112,120,160,168,168,4,4,4,4,4i,4i,4i,8,8,88,8i,8i,8i,96,96"
opcode,0x000bfd10,"AABBTreeCollider::_Collide(const AABBNoLeafNode*, const AABBNoLeafNode*)",candidate,0x00090b80,?,"0i,0i,0i,0i,0i,0i,0i,0i,232i,232i,232i,232i,256i,256i,256i,256i|0i,0i,0i,0i,232i,256i/0i,0i,0i,0i,232i,256i"
opcode,0x000bfd10,"AABBTreeCollider::_Collide(const AABBNoLeafNode*, const AABBNoLeafNode*)",candidate,0x00091950,?,"0,0i,0i,0i,0i,0i,100,100,100,104,108,108,112,112,112,116,120,120,160,160,160,164,168,168,4,4i,4i,4i,4i,4i,4i,8,88,88,88,8i,8i,8i,8i,8i,8i,92,96|0i,0i,0i,0i,0i,0i,0i,0i,0i,0i,0i,0i,0i,0i,0i,0i,0i,100,100,100,100,100,100,104,104,104,104,104,104,108,108,108,108,108,112,112,112,112,112,112,116,116,116,116,116,116,120,120,120,120,120,124,124,136,136,148,148,160,160,160,160,160,160,164,164,164,164,164,164,168,168,168,168,168,172,172,4,4,4,4i,4i,4i,4i,4i,4i,4i,4i,4i,4i,4i,4i,4i,4i,4i,4i,4i,4i,4i,8,88,88,88,88,88,88,8i,8i,8i,8i,8i,8i,8i,8i,8i,8i,8i,8i,8i,8i,8i,8i,8i,8i,8i,92,92,92,92,92,92,96,96,96/0i,108,120,168,4i,8,8,8i,96"
opcode,0x000bfd10,"AABBTreeCollider::_Collide(const AABBNoLeafNode*, const AABBNoLeafNode*)",candidate,0x00091b6d,?,"0,0,0i,100,112,160,4,4,4,4,4i,8,8,8,8,88,8i|0,0,0i,104,116,164,4i,8i,92/0,0,0,0,0,0,0i,108,120,168,4,4,4,4,4i,8,8,8,8,8i,96"
opcode,0x000bfd10,"AABBTreeCollider::_Collide(const AABBNoLeafNode*, const AABBNoLeafNode*)",candidate,0x00091b8b,?,"0,0,0i,124,136,148,172,4,4,4,4,4i,8,8,8,8,8i|0,0,4/0,0,0,0,0,0,4,4,4,4,8,8,8,8,8"
opcode,0x000bfd10,"AABBTreeCollider::_Collide(const AABBNoLeafNode*, const AABBNoLeafNode*)",candidate,0x00091baf,?,"0,0,0i,100,112,160,4,4,4,4,4i,8,8,8,8,88,8i|0,0,0i,104,116,164,4i,8i,92/0,0,0,0,0,0,0i,108,120,168,4,4,4,4,4i,8,8,8,8,8i,96"
opcode,0x000bfd10,"AABBTreeCollider::_Collide(const AABBNoLeafNode*, const AABBNoLeafNode*)",candidate,0x00092017,?,"0i,0i,0i,0i,0i,0i,232i,232i,232i,256i,256i,256i,256i,256i|232i,256i/232i,256i"
opcode,0x000bfd10,"AABBTreeCollider::_Collide(const AABBNoLeafNode*, const AABBNoLeafNode*)",candidate,0x000922ee,?,"0i,0i,124,124,136,136,148,148,172,172,232,232,232,232,236,236,236,236,240,240,240,256,256,260,260,264,264,4,4,4,4i,4i,8,8i,8i|0i,124,136,148,172,232,232,232,236,240,240,4,4i,8,8i/240,8,8"
opcode,0x000bfd10,"AABBTreeCollider::_Collide(const AABBNoLeafNode*, const AABBNoLeafNode*)",candidate,0x0009251d,?,"0,0i,124,136,148,172,232,4,4,4,4,4i,8,8,8,8,8i|0,0i,124,136,148,172,236,4i,8i/0,0,0,0i,0i,0i,124,124,124,136,136,136,148,148,148,172,172,172,240,4,4,4,4,4i,4i,4i,8,8,8,8,8i,8i,8i"
opcode,0x000bfd10,"AABBTreeCollider::_Collide(const AABBNoLeafNode*, const AABBNoLeafNode*)",candidate,0x0009253e,?,"0,0i,0i,124,124,136,136,148,148,172,172,4,4,4,4,4i,4i,8,8,8,8,8i,8i|0,0i,124,136,148,172,4,4i,8i/0,0,0,0i,0i,0i,124,124,124,136,136,136,148,148,148,172,172,172,4,4,4,4,4i,4i,4i,8,8,8,8,8,8i,8i,8i"
opcode,0x000bfd10,"AABBTreeCollider::_Collide(const AABBNoLeafNode*, const AABBNoLeafNode*)",candidate,0x0009255c,?,"0,0i,124,136,148,172,256,4,4,4,4,4i,8,8,8,8,8i|0,0i,124,136,148,172,260,4i,8i/0,0,0,0i,0i,0i,124,124,124,136,136,136,148,148,148,172,172,172,264,4,4,4,4,4i,4i,4i,8,8,8,8,8i,8i,8i"
opcode,0x000bfd10,"AABBTreeCollider::_Collide(const AABBNoLeafNode*, const AABBNoLeafNode*)",candidate,0x000929ce,?,"0i,0i,0i,0i,0i,0i,232i,232i,232i,256i,256i,256i,256i,256i|232i,256i/232i,256i"
opcode,0x000c3010,"AABBTreeCollider::_Collide(const AABBQuantizedNode*, const AABBQuantizedNode*, const Point&, const Point&, const Point&, const Point&)",oracle,0x000c304c,(y+z)+x,136|148/124
opcode,0x000c3010,"AABBTreeCollider::_Collide(const AABBQuantizedNode*, const AABBQuantizedNode*, const Point&, const Point&, const Point&, const Point&)",oracle,0x000c3077,(x+z)+y,"0,52|76,8/4,64"
opcode,0x000c3010,"AABBTreeCollider::_Collide(const AABBQuantizedNode*, const AABBQuantizedNode*, const Point&, const Point&, const Point&, const Point&)",oracle,0x000c30a6,(y+z)+x,140|152/128
opcode,0x000c3010,"AABBTreeCollider::_Collide(const AABBQuantizedNode*, const AABBQuantizedNode*, const Point&, const Point&, const Point&, const Point&)",oracle,0x000c30d2,(x+z)+y,"0,56|8,80/4,68"
opcode,0x000c3010,"AABBTreeCollider::_Collide(const AABBQuantizedNode*, const AABBQuantizedNode*, const Point&, const Point&, const Point&, const Point&)",oracle,0x000c3102,(x+z)+y,132|156/144
opcode,0x000c3010,"AABBTreeCollider::_Collide(const AABBQuantizedNode*, const AABBQuantizedNode*, const Point&, const Point&, const Point&, const Point&)",oracle,0x000c312d,(x+y)+z,"0,60|4,72/8,84"
opcode,0x000c3010,"AABBTreeCollider::_Collide(const AABBQuantizedNode*, const AABBQuantizedNode*, const Point&, const Point&, const Point&, const Point&)",oracle,0x000c315d,(x+y)+z,"0,124,124,136,148,172|128,128,140,152,176,4/132,132,144,156,180,8"
opcode,0x000c3010,"AABBTreeCollider::_Collide(const AABBQuantizedNode*, const AABBQuantizedNode*, const Point&, const Point&, const Point&, const Point&)",oracle,0x000c3180,(x+z)+y,"0,52|60,8/4,56"
opcode,0x000c3010,"AABBTreeCollider::_Collide(const AABBQuantizedNode*, const AABBQuantizedNode*, const Point&, const Point&, const Point&, const Point&)",oracle,0x000c31b2,(x+y)+z,"0,124,136,136,148,172|128,140,140,152,176,4/132,144,144,156,180,8"
opcode,0x000c3010,"AABBTreeCollider::_Collide(const AABBQuantizedNode*, const AABBQuantizedNode*, const Point&, const Point&, const Point&, const Point&)",oracle,0x000c31d4,(y+z)+x,"4,68|72,8/0,64"
opcode,0x000c3010,"AABBTreeCollider::_Collide(const AABBQuantizedNode*, const AABBQuantizedNode*, const Point&, const Point&, const Point&, const Point&)",oracle,0x000c3207,(y+z)+x,"128,140,152,152,176,4|132,144,156,156,180,8/0,124,136,148,148,172"
opcode,0x000c3010,"AABBTreeCollider::_Collide(const AABBQuantizedNode*, const AABBQuantizedNode*, const Point&, const Point&, const Point&, const Point&)",oracle,0x000c322a,(x+y)+z,"0,76|4,80/8,84"
opcode,0x000c3010,"AABBTreeCollider::_Collide(const AABBQuantizedNode*, const AABBQuantizedNode*, const Point&, const Point&, const Point&, const Point&)",oracle,0x000c3287,?,"4,60|56,8/4,76"
opcode,0x000c3010,"AABBTreeCollider::_Collide(const AABBQuantizedNode*, const AABBQuantizedNode*, const Point&, const Point&, const Point&, const Point&)",oracle,0x000c32d7,?,"4,72|52,8/68,8"
opcode,0x000c3010,"AABBTreeCollider::_Collide(const AABBQuantizedNode*, const AABBQuantizedNode*, const Point&, const Point&, const Point&, const Point&)",oracle,0x000c3325,?,"0,64|4,84/8,80"
opcode,0x000c3010,"AABBTreeCollider::_Collide(const AABBQuantizedNode*, const AABBQuantizedNode*, const Point&, const Point&, const Point&, const Point&)",oracle,0x000c3370,?,"52,8|68,8/0,60"
opcode,0x000c3010,"AABBTreeCollider::_Collide(const AABBQuantizedNode*, const AABBQuantizedNode*, const Point&, const Point&, const Point&, const Point&)",oracle,0x000c33bf,?,"0,80|64,8/56,8"
opcode,0x000c3010,"AABBTreeCollider::_Collide(const AABBQuantizedNode*, const AABBQuantizedNode*, const Point&, const Point&, const Point&, const Point&)",oracle,0x000c340d,?,"0,68|4,56/76,8"
opcode,0x000c3010,"AABBTreeCollider::_Collide(const AABBQuantizedNode*, const AABBQuantizedNode*, const Point&, const Point&, const Point&, const Point&)",oracle,0x000c3457,?,"4,84|72,8/0,56"
opcode,0x000c3010,"AABBTreeCollider::_Collide(const AABBQuantizedNode*, const AABBQuantizedNode*, const Point&, const Point&, const Point&, const Point&)",oracle,0x000c34a5,?,"0,68|60,8/0,84"
opcode,0x000c3010,"AABBTreeCollider::_Collide(const AABBQuantizedNode*, const AABBQuantizedNode*, const Point&, const Point&, const Point&, const Point&)",oracle,0x000c34f3,(y+z)+x,"0,80|4,76/0,72"
opcode,0x000c3010,"AABBTreeCollider::_Collide(const AABBQuantizedNode*, const AABBQuantizedNode*, const Point&, const Point&, const Point&, const Point&)",candidate,0x000968ca,?,"0,0,124,124,136,148,172,4,8|0,128,128,140,152,176,4,4,8/0,132,132,144,156,180,4,8,8"
opcode,0x000c3010,"AABBTreeCollider::_Collide(const AABBQuantizedNode*, const AABBQuantizedNode*, const Point&, const Point&, const Point&, const Point&)",candidate,0x000968f5,?,"0,0,56,56,60,72,8,8,84|0,4,52,76/60,8"
opcode,0x000c3010,"AABBTreeCollider::_Collide(const AABBQuantizedNode*, const AABBQuantizedNode*, const Point&, const Point&, const Point&, const Point&)",candidate,0x0009691e,?,"0,0,124,136,136,148,172,4,8|0,128,140,140,152,176,4,4,8/0,132,144,144,156,180,4,8,8"
opcode,0x000c3010,"AABBTreeCollider::_Collide(const AABBQuantizedNode*, const AABBQuantizedNode*, const Point&, const Point&, const Point&, const Point&)",candidate,0x00096972,?,"0,0,0,0,124,128,132,136,136,140,140,144,144,148,152,152,156,172,176,180,4,4,4,4,8,8,8,8|0,0,124,136,148,148,172,4,8/0,132,144,156,156,180,4,8,8"
opcode,0x000c3010,"AABBTreeCollider::_Collide(const AABBQuantizedNode*, const AABBQuantizedNode*, const Point&, const Point&, const Point&, const Point&)",candidate,0x00096994,?,"0,0,4,64,76|0,0,56,60,72,8,8,80,84/0,0,0,0,0,0,0,124,124,128,132,132,136,136,136,140,140,144,144,144,148,148,148,152,152,156,156,156,172,172,176,180,180,4,4,4,4,4,4,8,8,8,8,8,8,8,84"
opcode,0x000c3010,"AABBTreeCollider::_Collide(const AABBQuantizedNode*, const AABBQuantizedNode*, const Point&, const Point&, const Point&, const Point&)",candidate,0x000969ec,?,"0,0,0,0,0,0,0,124,124,128,132,132,136,136,136,140,140,144,144,144,148,148,148,152,152,156,156,156,172,172,176,180,180,4,4,4,4,4,4,56,8,8,8,8,8,8,8|0,0,56,60,60,72,8,8,84/0,4,64"
opcode,0x000c3010,"AABBTreeCollider::_Collide(const AABBQuantizedNode*, const AABBQuantizedNode*, const Point&, const Point&, const Point&, const Point&)",candidate,0x00096a37,?,"0,0,0,0,0,0,0,124,124,128,132,132,136,136,136,140,140,144,144,144,148,148,148,152,152,156,156,156,172,172,176,180,180,4,4,4,4,4,4,68,8,8,8,8,8,8,8|0,0,56,60,72,72,8,8,84/0,0,64"
opcode,0x000c3010,"AABBTreeCollider::_Collide(const AABBQuantizedNode*, const AABBQuantizedNode*, const Point&, const Point&, const Point&, const Point&)",candidate,0x00096a8d,?,"0,0,0,0,0,132,136,144,144,148,152,152,156,156,156,172,180,180,4,52,56,60,64,68,72,72,8,8,8,8,8,8,80,84|0,0,56,60,72,8,8,84,84/0,64"
opcode,0x000c3010,"AABBTreeCollider::_Collide(const AABBQuantizedNode*, const AABBQuantizedNode*, const Point&, const Point&, const Point&, const Point&)",candidate,0x00096adf,?,"0,0,0,0,0,132,136,144,144,148,152,152,156,156,156,172,180,180,4,52,52,56,60,64,68,72,72,8,8,8,8,8,8,84|0,4,60,76/4,80"
opcode,0x000c3010,"AABBTreeCollider::_Collide(const AABBQuantizedNode*, const AABBQuantizedNode*, const Point&, const Point&, const Point&, const Point&)",candidate,0x00096b2b,?,"0,0,0,0,0,132,136,144,144,148,152,152,156,156,156,172,180,180,4,52,56,60,64,64,68,72,72,8,8,8,8,8,8,84|0,4,72,76/0,80"
opcode,0x000c3010,"AABBTreeCollider::_Collide(const AABBQuantizedNode*, const AABBQuantizedNode*, const Point&, const Point&, const Point&, const Point&)",candidate,0x00096b80,?,"0,0,0,0,0,0,132,136,144,144,148,152,152,156,156,156,172,180,180,4,52,56,60,64,64,68,72,72,8,8,8,8,8,8,84|0,4,76,84/0,68"
opcode,0x000c3010,"AABBTreeCollider::_Collide(const AABBQuantizedNode*, const AABBQuantizedNode*, const Point&, const Point&, const Point&, const Point&)",candidate,0x00096bce,?,"0,0,52,56,60,72,8,8,84|0,4,56,76/0,0,0,0,0,0,132,144,152,156,156,156,180,4,4,52,64,64,68,68,72,72,76,8,8,8,8,84,84"
opcode,0x000c3010,"AABBTreeCollider::_Collide(const AABBQuantizedNode*, const AABBQuantizedNode*, const Point&, const Point&, const Point&, const Point&)",candidate,0x00096c15,?,"0,0,56,60,64,72,8,8,84|0,4,68,76/0,84"
opcode,0x000c3010,"AABBTreeCollider::_Collide(const AABBQuantizedNode*, const AABBQuantizedNode*, const Point&, const Point&, const Point&, const Point&)",candidate,0x00096c60,?,"0,0,0,0,124,136,148,152,172,4,4,56,60,72,8,8,8,84|0,4,76,80/0,72"
opcode,0x000c3880,AABBTreeCollider::_CollideTriBox(const AABBQuantizedNoLeafNode*),oracle,0x000c3cd0,(x+z)+y,|/
opcode,0x000c3880,AABBTreeCollider::_CollideTriBox(const AABBQuantizedNoLeafNode*),oracle,0x000c3d11,(x+z)+y,|/
opcode,0x000c3880,AABBTreeCollider::_CollideTriBox(const AABBQuantizedNoLeafNode*),oracle,0x000c4433,(x+z)+y,"0,0,0,0,4,4,4,4,8|0,4,4,4,4,8,8,8,8/0,0,0,0,4,8,8,8,8"
opcode,0x000c3880,AABBTreeCollider::_CollideTriBox(const AABBQuantizedNoLeafNode*),oracle,0x000c4451,(x+z)+y,"0,0,0,0,4,4,4,4,8|0,4,4,4,4,8,8,8,8/0,0,0,0,4,8,8,8,8"
opcode,0x000c3880,AABBTreeCollider::_CollideTriBox(const AABBQuantizedNoLeafNode*),oracle,0x000c446f,(y+z)+x,"0,0,0,0,4,4,4,4,8|0,0,0,0,4,8,8,8,8/0,4,4,4,4,8,8,8,8"
opcode,0x000c3880,AABBTreeCollider::_CollideTriBox(const AABBQuantizedNoLeafNode*),oracle,0x000c463c,(y+z)+x,"0,0,4|0,0,4,4,8/0,4,4"
opcode,0x000c3880,AABBTreeCollider::_CollideTriBox(const AABBQuantizedNoLeafNode*),oracle,0x000c465a,(x+y)+z,"0,0,4|0,4,4/0,0,4,4,8"
opcode,0x000c3880,AABBTreeCollider::_CollideTriBox(const AABBQuantizedNoLeafNode*),oracle,0x000c4678,(x+z)+y,"0,0,4,4,8|0,4,4/0,0,4"
opcode,0x000c3880,AABBTreeCollider::_CollideTriBox(const AABBQuantizedNoLeafNode*),oracle,0x000c4cc8,(x+z)+y,"0,0,0,0,4,4,4,4,8|0,4,4,4,4,8,8,8,8/0,0,0,0,4,8,8,8,8"
opcode,0x000c3880,AABBTreeCollider::_CollideTriBox(const AABBQuantizedNoLeafNode*),oracle,0x000c4ced,(x+y)+z,"0,0,0,0,4,8,8,8,8|0,4,4,4,4,8,8,8,8/0,0,0,0,4,4,4,4,8"
opcode,0x000c3880,AABBTreeCollider::_CollideTriBox(const AABBQuantizedNoLeafNode*),oracle,0x000c4d0b,(x+z)+y,"0,0,0,0,4,4,4,4,8|0,4,4,4,4,8,8,8,8/0,0,0,0,4,8,8,8,8"
opcode,0x000c3880,AABBTreeCollider::_CollideTriBox(const AABBQuantizedNoLeafNode*),oracle,0x000c4ed0,(y+z)+x,"0,0,4|0,0,4,4,8/0,4,4"
opcode,0x000c3880,AABBTreeCollider::_CollideTriBox(const AABBQuantizedNoLeafNode*),oracle,0x000c4eee,(x+z)+y,"0,0,4,4,8|0,4,4/0,0,4"
opcode,0x000c3880,AABBTreeCollider::_CollideTriBox(const AABBQuantizedNoLeafNode*),oracle,0x000c4f0c,(x+z)+y,"0,0,4,4,8|0,4,4/0,0,4"
opcode,0x000c3880,AABBTreeCollider::_CollideTriBox(const AABBQuantizedNoLeafNode*),candidate,0x0009d2c0,?,"0,0,208,208,212,216,216,236,240,252|0,208,216,216,252,264/0,0,208,208,212,212,212,212,212,212,212,212,216,216,216,216,216,216,216,216,216,236,236,236,240,240,240,240,248,248,248,248,252,252,252,252,260,264"
opcode,0x000c3880,AABBTreeCollider::_CollideTriBox(const AABBQuantizedNoLeafNode*),candidate,0x0009d357,(y+z)+x,"216,216,224,252,264|220,224,228/0,0,208,208,212,212,212,212,212,212,212,212,216,216,216,216,216,216,216,216,224,228,236,236,236,240,240,240,248,248,248,248,252,252,252,252,260,264"
opcode,0x000c3880,AABBTreeCollider::_CollideTriBox(const AABBQuantizedNoLeafNode*),candidate,0x0009db0e,?,"0,232,232,232,236,240,240,248,252|232,232,232,232,236,236,236,236,240,240,240,244,244,248,248,252,256,256,260,260,264,264,4/240,252,8"
opcode,0x000c3880,AABBTreeCollider::_CollideTriBox(const AABBQuantizedNoLeafNode*),candidate,0x0009dd11,?,"0,0,0,0,0,0,0,0,232,4,4,4,4,8,8,8,8|0,0,236/0,0,0,0,0,240,4,4,4,4,4,4,4,4,4,8,8,8,8,8,8,8"
opcode,0x000c3880,AABBTreeCollider::_CollideTriBox(const AABBQuantizedNoLeafNode*),candidate,0x0009dd38,?,"0,0,0,0,0,0,0,0,244,4,4,4,4,8,8,8,8|0,0,248/0,0,0,0,0,252,4,4,4,4,4,4,4,4,4,8,8,8,8,8,8,8"
opcode,0x000c3880,AABBTreeCollider::_CollideTriBox(const AABBQuantizedNoLeafNode*),candidate,0x0009e1d8,?,"0i,0i,232i,232i,256i,256i|232i,232i,232i,256i,256i,256i/0i,0i,232i,232i,232i,256i,256i,256i"
opcode,0x000c3880,AABBTreeCollider::_CollideTriBox(const AABBQuantizedNoLeafNode*),candidate,0x0009e4e6,?,"0,232,232,232,236,240,240,248,252|232,232,232,232,236,236,236,236,240,240,240,244,244,248,248,252,256,256,260,260,264,264,4/240,252,8"
opcode,0x000c3880,AABBTreeCollider::_CollideTriBox(const AABBQuantizedNoLeafNode*),candidate,0x0009e709,?,"0,0,232,4,4,4,4,8,8,8,8|0,0,236/0,0,0,0,0,0,240,4,4,4,4,8,8,8,8"
opcode,0x000c3880,AABBTreeCollider::_CollideTriBox(const AABBQuantizedNoLeafNode*),candidate,0x0009e730,?,"0,0,244,4,4,4,4,8,8,8,8|0,0,248/0,0,0,0,0,0,252,4,4,4,4,8,8,8,8"
opcode,0x000c3880,AABBTreeCollider::_CollideTriBox(const AABBQuantizedNoLeafNode*),candidate,0x0009e757,?,"0,0,256,4,4,4,4,8,8,8,8|0,0,260/0,0,0,0,0,0,264,4,4,4,4,8,8,8,8"
opcode,0x000c3880,AABBTreeCollider::_CollideTriBox(const AABBQuantizedNoLeafNode*),candidate,0x0009ebb5,?,"0i,0i,232i,232i,232i,244i,244i,244i,256i,256i,256i,256i|232i,244i,244i,256i,256i,256i/0i,0i,232i,232i,232i,244i,244i,244i,244i,256i,256i,256i,256i,256i"
opcode,0x000c5470,AABBTreeCollider::_CollideBoxTri(const AABBQuantizedNoLeafNode*),oracle,0x000c58c0,(x+z)+y,|/
opcode,0x000c5470,AABBTreeCollider::_CollideBoxTri(const AABBQuantizedNoLeafNode*),oracle,0x000c5901,(x+z)+y,|/
opcode,0x000c5470,AABBTreeCollider::_CollideBoxTri(const AABBQuantizedNoLeafNode*),oracle,0x000c6021,(x+z)+y,"0,0,0,4,4,4,8|0,4,4,4,8,8,8/0,0,0,4,8,8,8"
opcode,0x000c5470,AABBTreeCollider::_CollideBoxTri(const AABBQuantizedNoLeafNode*),oracle,0x000c603f,(x+z)+y,"0,0,0,4,4,4,8|0,4,4,4,8,8,8/0,0,0,4,8,8,8"
opcode,0x000c5470,AABBTreeCollider::_CollideBoxTri(const AABBQuantizedNoLeafNode*),oracle,0x000c605d,(y+z)+x,"0,0,0,4,4,4,8|0,0,0,4,8,8,8/0,4,4,4,8,8,8"
opcode,0x000c5470,AABBTreeCollider::_CollideBoxTri(const AABBQuantizedNoLeafNode*),oracle,0x000c6233,(y+z)+x,"0,0,4|0,0,4,4,8/0,4,4"
opcode,0x000c5470,AABBTreeCollider::_CollideBoxTri(const AABBQuantizedNoLeafNode*),oracle,0x000c6252,(x+y)+z,"0,0|4,4/0,0,4,4"
opcode,0x000c5470,AABBTreeCollider::_CollideBoxTri(const AABBQuantizedNoLeafNode*),oracle,0x000c6270,(x+z)+y,"0,0,4,4,8|0,4,4/0,0,4"
opcode,0x000c5470,AABBTreeCollider::_CollideBoxTri(const AABBQuantizedNoLeafNode*),oracle,0x000c68b8,(x+z)+y,"0,0,0,4,4,4,8|0,4,4,4,8,8,8/0,0,0,4,8,8,8"
opcode,0x000c5470,AABBTreeCollider::_CollideBoxTri(const AABBQuantizedNoLeafNode*),oracle,0x000c68dd,(x+y)+z,"0,0,0,4,8,8,8|0,4,4,4,8,8,8/0,0,0,4,4,4,8"
opcode,0x000c5470,AABBTreeCollider::_CollideBoxTri(const AABBQuantizedNoLeafNode*),oracle,0x000c68fb,(x+z)+y,"0,0,0,4,4,4,8|0,4,4,4,8,8,8/0,0,0,4,8,8,8"
opcode,0x000c5470,AABBTreeCollider::_CollideBoxTri(const AABBQuantizedNoLeafNode*),oracle,0x000c6ac9,(y+z)+x,"0,0,4|0,0,4,4,8/0,4,4"
opcode,0x000c5470,AABBTreeCollider::_CollideBoxTri(const AABBQuantizedNoLeafNode*),oracle,0x000c6ae8,(x+z)+y,"0,0,4,4|4,4/0,0"
opcode,0x000c5470,AABBTreeCollider::_CollideBoxTri(const AABBQuantizedNoLeafNode*),oracle,0x000c6b06,(x+z)+y,"0,0,4,4,8|0,4,4/0,0,4"
opcode,0x000c5470,AABBTreeCollider::_CollideBoxTri(const AABBQuantizedNoLeafNode*),candidate,0x00099440,?,"0,0,184,184,188,192,192,236,240,252|0,184,192,192,252,264/0,0,184,184,188,188,188,188,188,188,188,188,192,192,192,192,192,192,192,192,192,236,236,236,240,240,240,240,248,248,248,248,252,252,252,252,260,264"
opcode,0x000c5470,AABBTreeCollider::_CollideBoxTri(const AABBQuantizedNoLeafNode*),candidate,0x000994d7,(y+z)+x,"192,192,200,252,264|196,200,204/0,0,184,184,188,188,188,188,188,188,188,188,192,192,192,192,192,192,192,192,200,204,236,236,236,240,240,240,248,248,248,248,252,252,252,252,260,264"
opcode,0x000c5470,AABBTreeCollider::_CollideBoxTri(const AABBQuantizedNoLeafNode*),candidate,0x00099c8e,?,"0,232,232,232,236,240,240,248,252|232,232,232,232,236,236,236,236,240,240,240,244,244,248,248,252,256,256,260,260,264,264,4/240,252,8"
opcode,0x000c5470,AABBTreeCollider::_CollideBoxTri(const AABBQuantizedNoLeafNode*),candidate,0x00099e91,?,"0,0,0,0,0,0,0,0,232,4,4,4,4,8,8,8,8|0,0,236/0,0,0,0,0,240,4,4,4,4,4,4,4,4,4,8,8,8,8,8,8,8"
opcode,0x000c5470,AABBTreeCollider::_CollideBoxTri(const AABBQuantizedNoLeafNode*),candidate,0x00099eb8,?,"0,0,0,0,0,0,0,0,244,4,4,4,4,8,8,8,8|0,0,248/0,0,0,0,0,252,4,4,4,4,4,4,4,4,4,8,8,8,8,8,8,8"
opcode,0x000c5470,AABBTreeCollider::_CollideBoxTri(const AABBQuantizedNoLeafNode*),candidate,0x0009a358,?,"0i,0i,232i,232i,256i,256i|232i,232i,232i,256i,256i,256i/0i,0i,232i,232i,232i,256i,256i,256i"
opcode,0x000c5470,AABBTreeCollider::_CollideBoxTri(const AABBQuantizedNoLeafNode*),candidate,0x0009a666,?,"0,232,232,232,236,240,240,248,252|232,232,232,232,236,236,236,236,240,240,240,244,244,248,248,252,256,256,260,260,264,264,4/240,252,8"
opcode,0x000c5470,AABBTreeCollider::_CollideBoxTri(const AABBQuantizedNoLeafNode*),candidate,0x0009a889,?,"0,0,232,4,4,4,4,8,8,8,8|0,0,236/0,0,0,0,0,0,240,4,4,4,4,8,8,8,8"
opcode,0x000c5470,AABBTreeCollider::_CollideBoxTri(const AABBQuantizedNoLeafNode*),candidate,0x0009a8b0,?,"0,0,244,4,4,4,4,8,8,8,8|0,0,248/0,0,0,0,0,0,252,4,4,4,4,8,8,8,8"
opcode,0x000c5470,AABBTreeCollider::_CollideBoxTri(const AABBQuantizedNoLeafNode*),candidate,0x0009a8d7,?,"0,0,256,4,4,4,4,8,8,8,8|0,0,260/0,0,0,0,0,0,264,4,4,4,4,8,8,8,8"
opcode,0x000c5470,AABBTreeCollider::_CollideBoxTri(const AABBQuantizedNoLeafNode*),candidate,0x0009ad35,?,"0i,0i,232i,232i,232i,244i,244i,244i,256i,256i,256i,256i|232i,244i,244i,256i,256i,256i/0i,0i,232i,232i,232i,244i,244i,244i,244i,256i,256i,256i,256i,256i"
opcode,0x000c7060,"AABBTreeCollider::_Collide(const AABBQuantizedNoLeafNode*, const AABBQuantizedNoLeafNode*)",oracle,0x000c71ca,(x+z)+y,"124,208|148,216/136,212"
opcode,0x000c7060,"AABBTreeCollider::_Collide(const AABBQuantizedNoLeafNode*, const AABBQuantizedNoLeafNode*)",oracle,0x000c7204,(x+z)+y,"220,52|228,76/224,64"
opcode,0x000c7060,"AABBTreeCollider::_Collide(const AABBQuantizedNoLeafNode*, const AABBQuantizedNoLeafNode*)",oracle,0x000c7244,(x+y)+z,"128,208|140,212/152,216"
opcode,0x000c7060,"AABBTreeCollider::_Collide(const AABBQuantizedNoLeafNode*, const AABBQuantizedNoLeafNode*)",oracle,0x000c7281,(x+y)+z,"220,56|224,68/228,80"
opcode,0x000c7060,"AABBTreeCollider::_Collide(const AABBQuantizedNoLeafNode*, const AABBQuantizedNoLeafNode*)",oracle,0x000c72c1,(x+y)+z,"132,208|144,212/156,216"
opcode,0x000c7060,"AABBTreeCollider::_Collide(const AABBQuantizedNoLeafNode*, const AABBQuantizedNoLeafNode*)",oracle,0x000c72fe,(x+y)+z,"220,60|224,72/228,84"
opcode,0x000c7060,"AABBTreeCollider::_Collide(const AABBQuantizedNoLeafNode*, const AABBQuantizedNoLeafNode*)",oracle,0x000c7332,(x+y)+z,"124,124,136,148,172,184,208,212,216|128,128,140,152,176,188,208,212,216/132,132,144,156,180,192,208,212,216"
opcode,0x000c7060,"AABBTreeCollider::_Collide(const AABBQuantizedNoLeafNode*, const AABBQuantizedNoLeafNode*)",oracle,0x000c7362,(x+z)+y,"196,52|204,60/200,56"
opcode,0x000c7060,"AABBTreeCollider::_Collide(const AABBQuantizedNoLeafNode*, const AABBQuantizedNoLeafNode*)",oracle,0x000c7399,(y+z)+x,"128,140,140,152,176,188,208,212,216|132,144,144,156,180,192,208,212,216/124,136,136,148,172,184,208,212,216"
opcode,0x000c7060,"AABBTreeCollider::_Collide(const AABBQuantizedNoLeafNode*, const AABBQuantizedNoLeafNode*)",oracle,0x000c73c9,(x+z)+y,"196,64|204,72/200,68"
opcode,0x000c7060,"AABBTreeCollider::_Collide(const AABBQuantizedNoLeafNode*, const AABBQuantizedNoLeafNode*)",oracle,0x000c7400,(x+y)+z,"124,136,148,148,172,184,208,212,216|128,140,152,152,176,188,208,212,216/132,144,156,156,180,192,208,212,216"
opcode,0x000c7060,"AABBTreeCollider::_Collide(const AABBQuantizedNoLeafNode*, const AABBQuantizedNoLeafNode*)",oracle,0x000c7430,(x+z)+y,"196,76|204,84/200,80"
opcode,0x000c7060,"AABBTreeCollider::_Collide(const AABBQuantizedNoLeafNode*, const AABBQuantizedNoLeafNode*)",oracle,0x000c749e,?,"200,60|224,76/228,64"
opcode,0x000c7060,"AABBTreeCollider::_Collide(const AABBQuantizedNoLeafNode*, const AABBQuantizedNoLeafNode*)",oracle,0x000c74fe,?,"220,76|228,52/200,72"
opcode,0x000c7060,"AABBTreeCollider::_Collide(const AABBQuantizedNoLeafNode*, const AABBQuantizedNoLeafNode*)",oracle,0x000c755e,?,"220,64|224,52/200,84"
opcode,0x000c7060,"AABBTreeCollider::_Collide(const AABBQuantizedNoLeafNode*, const AABBQuantizedNoLeafNode*)",oracle,0x000c75bb,?,"196,60|204,52/228,68"
opcode,0x000c7060,"AABBTreeCollider::_Collide(const AABBQuantizedNoLeafNode*, const AABBQuantizedNoLeafNode*)",oracle,0x000c761b,?,"196,72|220,80/228,56"
opcode,0x000c7060,"AABBTreeCollider::_Collide(const AABBQuantizedNoLeafNode*, const AABBQuantizedNoLeafNode*)",oracle,0x000c767b,?,"204,76|220,68/196,84"
opcode,0x000c7060,"AABBTreeCollider::_Collide(const AABBQuantizedNoLeafNode*, const AABBQuantizedNoLeafNode*)",oracle,0x000c76d8,(x+z)+y,"200,52|228,72/196,56"
opcode,0x000c7060,"AABBTreeCollider::_Collide(const AABBQuantizedNoLeafNode*, const AABBQuantizedNoLeafNode*)",oracle,0x000c7738,?,"196,68|220,84/228,60"
opcode,0x000c7060,"AABBTreeCollider::_Collide(const AABBQuantizedNoLeafNode*, const AABBQuantizedNoLeafNode*)",oracle,0x000c7798,(x+y)+z,"200,76|220,72/196,80"
opcode,0x000c7060,"AABBTreeCollider::_Collide(const AABBQuantizedNoLeafNode*, const AABBQuantizedNoLeafNode*)",oracle,0x000c7839,?,"100,4i|112,8/0,88"
opcode,0x000c7060,"AABBTreeCollider::_Collide(const AABBQuantizedNoLeafNode*, const AABBQuantizedNoLeafNode*)",oracle,0x000c7856,(x+y)+z,"0,92|104,4/116,8"
opcode,0x000c7060,"AABBTreeCollider::_Collide(const AABBQuantizedNoLeafNode*, const AABBQuantizedNoLeafNode*)",oracle,0x000c7874,(x+y)+z,"0,96|108,4/120,8"
opcode,0x000c7060,"AABBTreeCollider::_Collide(const AABBQuantizedNoLeafNode*, const AABBQuantizedNoLeafNode*)",oracle,0x000c7892,(y+z)+x,"100,4|112,8/0,88"
opcode,0x000c7060,"AABBTreeCollider::_Collide(const AABBQuantizedNoLeafNode*, const AABBQuantizedNoLeafNode*)",oracle,0x000c78af,(x+y)+z,"0,92|104,4/116,8"
opcode,0x000c7060,"AABBTreeCollider::_Collide(const AABBQuantizedNoLeafNode*, const AABBQuantizedNoLeafNode*)",oracle,0x000c78cd,(x+y)+z,"0,96|108,4/120,8"
opcode,0x000c7060,"AABBTreeCollider::_Collide(const AABBQuantizedNoLeafNode*, const AABBQuantizedNoLeafNode*)",oracle,0x000c78f7,(y+z)+x,"100,4|112,8/0,88"
opcode,0x000c7060,"AABBTreeCollider::_Collide(const AABBQuantizedNoLeafNode*, const AABBQuantizedNoLeafNode*)",oracle,0x000c7915,(x+y)+z,"0,92|104,4/116,8"
opcode,0x000c7060,"AABBTreeCollider::_Collide(const AABBQuantizedNoLeafNode*, const AABBQuantizedNoLeafNode*)",oracle,0x000c793a,(x+y)+z,"0,96|108,4/120,8"
opcode,0x000c7060,"AABBTreeCollider::_Collide(const AABBQuantizedNoLeafNode*, const AABBQuantizedNoLeafNode*)",oracle,0x000c7a60,(x+z)+y,"0,0,0,0,0,0,0,0,0,104,104,104,104,108,108,108,108,116,116,116,116,120,120,120,120,164,164,164,164,168,168,168,168,4,4,4,4,4,4,4,4,8,8,8,8,8,8,8,8,92,92,92,92,96,96,96,96|0,0,0,0,0,0,0,0,100,100,100,100,104,104,104,104,112,112,112,112,116,116,116,116,160,160,160,160,164,164,164,164,4,4,4,4,4,4,4i,4i,8,8,8,8,8,8,8,8,8,88,88,88,88,92,92,92,92/0,0,0,0,0,0,0,0,100,100,100,100,108,108,108,108,112,112,112,112,120,120,120,120,160,160,160,160,168,168,168,168,4,4,4,4,4,4,4,4i,4i,8,8,8,8,8,8,8,8,88,88,88,88,96,96,96,96"
opcode,0x000c7060,"AABBTreeCollider::_Collide(const AABBQuantizedNoLeafNode*, const AABBQuantizedNoLeafNode*)",oracle,0x000c7a8e,(x+y)+z,"0,0,0,0,0,0,0,0,0,104,104,104,104,108,108,108,108,116,116,116,116,120,120,120,120,164,164,164,164,168,168,168,168,4,4,4,4,4,4,4,4,8,8,8,8,8,8,8,8,92,92,92,92,96,96,96,96|0,0,0,0,0,0,0,0,100,100,100,100,108,108,108,108,112,112,112,112,120,120,120,120,160,160,160,160,168,168,168,168,4,4,4,4,4,4,4,4i,4i,8,8,8,8,8,8,8,8,88,88,88,88,96,96,96,96/0,0,0,0,0,0,0,0,100,100,100,100,104,104,104,104,112,112,112,112,116,116,116,116,160,160,160,160,164,164,164,164,4,4,4,4,4,4,4i,4i,8,8,8,8,8,8,8,8,8,88,88,88,88,92,92,92,92"
opcode,0x000c7060,"AABBTreeCollider::_Collide(const AABBQuantizedNoLeafNode*, const AABBQuantizedNoLeafNode*)",oracle,0x000c7ab5,(y+z)+x,"0,0,0,0,0,0,0,0,100,100,100,100,104,104,104,104,112,112,112,112,116,116,116,116,160,160,160,160,164,164,164,164,4,4,4,4,4,4,4i,4i,8,8,8,8,8,8,8,8,8,88,88,88,88,92,92,92,92|0,0,0,0,0,0,0,0,100,100,100,100,108,108,108,108,112,112,112,112,120,120,120,120,160,160,160,160,168,168,168,168,4,4,4,4,4,4,4,4i,4i,8,8,8,8,8,8,8,8,88,88,88,88,96,96,96,96/0,0,0,0,0,0,0,0,0,104,104,104,104,108,108,108,108,116,116,116,116,120,120,120,120,164,164,164,164,168,168,168,168,4,4,4,4,4,4,4,4,8,8,8,8,8,8,8,8,92,92,92,92,96,96,96,96"
opcode,0x000c7060,"AABBTreeCollider::_Collide(const AABBQuantizedNoLeafNode*, const AABBQuantizedNoLeafNode*)",oracle,0x000c7cb0,(x+y)+z,"0,0,0,100,100,104,112,112,116,160,160,164,4,4,4i,8,8,8,88,88,92|0,0,0,100,104,104,112,116,116,160,164,164,4,4,4i,8,8,8,88,92,92/0,0,0,0,0,100,100,104,104,108,112,112,116,116,120,160,160,164,164,168,4,4,4,4,4i,8,8,8,8,8,88,88,92,92,96"
opcode,0x000c7060,"AABBTreeCollider::_Collide(const AABBQuantizedNoLeafNode*, const AABBQuantizedNoLeafNode*)",oracle,0x000c7cd7,(x+z)+y,"0,0,0,0,0,100,100,104,104,108,112,112,116,116,120,160,160,164,164,168,4,4,4,4,4i,8,8,8,8,8,88,88,92,92,96|0,0,0,100,104,104,112,116,116,160,164,164,4,4,4,8,8,8,88,92,92/0,0,0,100,100,104,112,112,116,160,160,164,4,4,4i,8,8,8,88,88,92"
opcode,0x000c7060,"AABBTreeCollider::_Collide(const AABBQuantizedNoLeafNode*, const AABBQuantizedNoLeafNode*)",oracle,0x000c7cff,(x+z)+y,"0,0,0,0,0,100,100,104,104,108,112,112,116,116,120,160,160,164,164,168,4,4,4,4,4i,8,8,8,8,8,88,88,92,92,96|0,0,0,100,104,104,112,116,116,160,164,164,4,4,4,8,8,8,88,92,92/0,0,0,100,100,104,112,112,116,160,160,164,4,4,4i,8,8,8,88,88,92"
opcode,0x000c7060,"AABBTreeCollider::_Collide(const AABBQuantizedNoLeafNode*, const AABBQuantizedNoLeafNode*)",oracle,0x000c837d,(y+z)+x,"0,0,0,0,0,0,0,0,100,100,100,100,104,104,104,104,112,112,112,112,116,116,116,116,160,160,160,160,164,164,164,164,4,4,4,4,4,4,4i,4i,8,8,8,8,8,8,8,8,8,88,88,88,88,92,92,92,92|0,0,0,0,0,0,0,0,100,100,100,100,108,108,108,108,112,112,112,112,120,120,120,120,160,160,160,160,168,168,168,168,4,4,4,4,4,4,4,4i,4i,8,8,8,8,8,8,8,8,88,88,88,88,96,96,96,96/0,0,0,0,0,0,0,0,0,104,104,104,104,108,108,108,108,116,116,116,116,120,120,120,120,164,164,164,164,168,168,168,168,4,4,4,4,4,4,4,4,8,8,8,8,8,8,8,8,92,92,92,92,96,96,96,96"
opcode,0x000c7060,"AABBTreeCollider::_Collide(const AABBQuantizedNoLeafNode*, const AABBQuantizedNoLeafNode*)",oracle,0x000c83a2,(y+z)+x,"0,0,0,0,0,0,0,0,100,100,100,100,104,104,104,104,112,112,112,112,116,116,116,116,160,160,160,160,164,164,164,164,4,4,4,4,4,4,4i,4i,8,8,8,8,8,8,8,8,8,88,88,88,88,92,92,92,92|0,0,0,0,0,0,0,0,100,100,100,100,108,108,108,108,112,112,112,112,120,120,120,120,160,160,160,160,168,168,168,168,4,4,4,4,4,4,4,4i,4i,8,8,8,8,8,8,8,8,88,88,88,88,96,96,96,96/0,0,0,0,0,0,0,0,0,104,104,104,104,108,108,108,108,116,116,116,116,120,120,120,120,164,164,164,164,168,168,168,168,4,4,4,4,4,4,4,4,8,8,8,8,8,8,8,8,92,92,92,92,96,96,96,96"
opcode,0x000c7060,"AABBTreeCollider::_Collide(const AABBQuantizedNoLeafNode*, const AABBQuantizedNoLeafNode*)",oracle,0x000c83c0,(x+z)+y,"0,0,0,0,0,0,0,0,0,104,104,104,104,108,108,108,108,116,116,116,116,120,120,120,120,164,164,164,164,168,168,168,168,4,4,4,4,4,4,4,4,8,8,8,8,8,8,8,8,92,92,92,92,96,96,96,96|0,0,0,0,0,0,0,0,100,100,100,100,104,104,104,104,112,112,112,112,116,116,116,116,160,160,160,160,164,164,164,164,4,4,4,4,4,4,4i,4i,8,8,8,8,8,8,8,8,8,88,88,88,88,92,92,92,92/0,0,0,0,0,0,0,0,100,100,100,100,108,108,108,108,112,112,112,112,120,120,120,120,160,160,160,160,168,168,168,168,4,4,4,4,4,4,4,4i,4i,8,8,8,8,8,8,8,8,88,88,88,88,96,96,96,96"
opcode,0x000c7060,"AABBTreeCollider::_Collide(const AABBQuantizedNoLeafNode*, const AABBQuantizedNoLeafNode*)",oracle,0x000c8589,(y+z)+x,"0,0,0,0,0,100,100,104,104,108,112,112,116,116,120,160,160,164,164,168,4,4,4,4,4i,8,8,8,8,8,88,88,92,92,96|0,0,0,100,100,104,112,112,116,160,160,164,4,4,4i,8,8,8,88,88,92/0,0,0,100,104,104,112,116,116,160,164,164,4,4,4i,8,8,8,88,92,92"
opcode,0x000c7060,"AABBTreeCollider::_Collide(const AABBQuantizedNoLeafNode*, const AABBQuantizedNoLeafNode*)",oracle,0x000c85a7,(y+z)+x,"0,0,0,0,0,100,100,104,104,108,112,112,116,116,120,160,160,164,164,168,4,4,4,4,4i,8,8,8,8,8,88,88,92,92,96|0,0,0,100,100,104,112,112,116,160,160,164,4,4,4i,8,8,8,88,88,92/0,0,0,100,104,104,112,116,116,160,164,164,4,4,4,8,8,8,88,92,92"
opcode,0x000c7060,"AABBTreeCollider::_Collide(const AABBQuantizedNoLeafNode*, const AABBQuantizedNoLeafNode*)",oracle,0x000c85c6,(y+z)+x,"0,0,0,0,0,100,100,104,104,108,112,112,116,116,120,160,160,164,164,168,4,4,4,4,4i,8,8,8,8,8,88,88,92,92,96|0,0,0,100,100,104,112,112,116,160,160,164,4,4,4i,8,8,8,88,88,92/0,0,0,100,104,104,112,116,116,160,164,164,4,4,4,8,8,8,88,92,92"
opcode,0x000c7060,"AABBTreeCollider::_Collide(const AABBQuantizedNoLeafNode*, const AABBQuantizedNoLeafNode*)",oracle,0x000c8b67,?,"136,4i|148,8/0,124"
opcode,0x000c7060,"AABBTreeCollider::_Collide(const AABBQuantizedNoLeafNode*, const AABBQuantizedNoLeafNode*)",oracle,0x000c8b91,(x+y)+z,"0,128|140,4/152,8"
opcode,0x000c7060,"AABBTreeCollider::_Collide(const AABBQuantizedNoLeafNode*, const AABBQuantizedNoLeafNode*)",oracle,0x000c8bbb,(x+y)+z,"0,132|144,4/156,8"
opcode,0x000c7060,"AABBTreeCollider::_Collide(const AABBQuantizedNoLeafNode*, const AABBQuantizedNoLeafNode*)",oracle,0x000c8be2,(y+z)+x,"136,4|148,8/0,124"
opcode,0x000c7060,"AABBTreeCollider::_Collide(const AABBQuantizedNoLeafNode*, const AABBQuantizedNoLeafNode*)",oracle,0x000c8c0c,(x+y)+z,"0,128|140,4/152,8"
opcode,0x000c7060,"AABBTreeCollider::_Collide(const AABBQuantizedNoLeafNode*, const AABBQuantizedNoLeafNode*)",oracle,0x000c8c36,(x+y)+z,"0,132|144,4/156,8"
opcode,0x000c7060,"AABBTreeCollider::_Collide(const AABBQuantizedNoLeafNode*, const AABBQuantizedNoLeafNode*)",oracle,0x000c8c66,(y+z)+x,"136,4|148,8/0,124"
opcode,0x000c7060,"AABBTreeCollider::_Collide(const AABBQuantizedNoLeafNode*, const AABBQuantizedNoLeafNode*)",oracle,0x000c8c90,(x+y)+z,"0,128|140,4/152,8"
opcode,0x000c7060,"AABBTreeCollider::_Collide(const AABBQuantizedNoLeafNode*, const AABBQuantizedNoLeafNode*)",oracle,0x000c8cba,(x+y)+z,"0,132|144,4/156,8"
opcode,0x000c7060,"AABBTreeCollider::_Collide(const AABBQuantizedNoLeafNode*, const AABBQuantizedNoLeafNode*)",oracle,0x000c8d5b,?,"136,4i|148,8/0,124"
opcode,0x000c7060,"AABBTreeCollider::_Collide(const AABBQuantizedNoLeafNode*, const AABBQuantizedNoLeafNode*)",oracle,0x000c8d85,(x+y)+z,"0,128|140,4/152,8"
opcode,0x000c7060,"AABBTreeCollider::_Collide(const AABBQuantizedNoLeafNode*, const AABBQuantizedNoLeafNode*)",oracle,0x000c8daf,(x+y)+z,"0,132|144,4/156,8"
opcode,0x000c7060,"AABBTreeCollider::_Collide(const AABBQuantizedNoLeafNode*, const AABBQuantizedNoLeafNode*)",oracle,0x000c8dd6,(y+z)+x,"136,4|148,8/0,124"
opcode,0x000c7060,"AABBTreeCollider::_Collide(const AABBQuantizedNoLeafNode*, const AABBQuantizedNoLeafNode*)",oracle,0x000c8e00,(x+y)+z,"0,128|140,4/152,8"
opcode,0x000c7060,"AABBTreeCollider::_Collide(const AABBQuantizedNoLeafNode*, const AABBQuantizedNoLeafNode*)",oracle,0x000c8e2a,(x+y)+z,"0,132|144,4/156,8"
opcode,0x000c7060,"AABBTreeCollider::_Collide(const AABBQuantizedNoLeafNode*, const AABBQuantizedNoLeafNode*)",oracle,0x000c8e53,(y+z)+x,"136,4|148,8/0,124"
opcode,0x000c7060,"AABBTreeCollider::_Collide(const AABBQuantizedNoLeafNode*, const AABBQuantizedNoLeafNode*)",oracle,0x000c8e7d,(x+y)+z,"0,128|140,4/152,8"
opcode,0x000c7060,"AABBTreeCollider::_Collide(const AABBQuantizedNoLeafNode*, const AABBQuantizedNoLeafNode*)",oracle,0x000c8ea7,(x+y)+z,"0,132|144,4/156,8"
opcode,0x000c7060,"AABBTreeCollider::_Collide(const AABBQuantizedNoLeafNode*, const AABBQuantizedNoLeafNode*)",oracle,0x000c8f5d,?,"136,4i|148,8/0,124"
opcode,0x000c7060,"AABBTreeCollider::_Collide(const AABBQuantizedNoLeafNode*, const AABBQuantizedNoLeafNode*)",oracle,0x000c8f87,(x+y)+z,"0,128|140,4/152,8"
opcode,0x000c7060,"AABBTreeCollider::_Collide(const AABBQuantizedNoLeafNode*, const AABBQuantizedNoLeafNode*)",oracle,0x000c8fb1,(x+y)+z,"0,132|144,4/156,8"
opcode,0x000c7060,"AABBTreeCollider::_Collide(const AABBQuantizedNoLeafNode*, const AABBQuantizedNoLeafNode*)",oracle,0x000c8fd8,(y+z)+x,"136,4|148,8/0,124"
opcode,0x000c7060,"AABBTreeCollider::_Collide(const AABBQuantizedNoLeafNode*, const AABBQuantizedNoLeafNode*)",oracle,0x000c9002,(x+y)+z,"0,128|140,4/152,8"
opcode,0x000c7060,"AABBTreeCollider::_Collide(const AABBQuantizedNoLeafNode*, const AABBQuantizedNoLeafNode*)",oracle,0x000c902c,(x+y)+z,"0,132|144,4/156,8"
opcode,0x000c7060,"AABBTreeCollider::_Collide(const AABBQuantizedNoLeafNode*, const AABBQuantizedNoLeafNode*)",oracle,0x000c905c,(y+z)+x,"136,4|148,8/0,124"
opcode,0x000c7060,"AABBTreeCollider::_Collide(const AABBQuantizedNoLeafNode*, const AABBQuantizedNoLeafNode*)",oracle,0x000c9086,(x+y)+z,"0,128|140,4/152,8"
opcode,0x000c7060,"AABBTreeCollider::_Collide(const AABBQuantizedNoLeafNode*, const AABBQuantizedNoLeafNode*)",oracle,0x000c90b0,(x+y)+z,"0,132|144,4/156,8"
opcode,0x000c7060,"AABBTreeCollider::_Collide(const AABBQuantizedNoLeafNode*, const AABBQuantizedNoLeafNode*)",oracle,0x000c917a,?,"100,4i|112,8/0,88"
opcode,0x000c7060,"AABBTreeCollider::_Collide(const AABBQuantizedNoLeafNode*, const AABBQuantizedNoLeafNode*)",oracle,0x000c9197,(x+y)+z,"0,92|104,4/116,8"
opcode,0x000c7060,"AABBTreeCollider::_Collide(const AABBQuantizedNoLeafNode*, const AABBQuantizedNoLeafNode*)",oracle,0x000c91b5,(x+y)+z,"0,96|108,4/120,8"
opcode,0x000c7060,"AABBTreeCollider::_Collide(const AABBQuantizedNoLeafNode*, const AABBQuantizedNoLeafNode*)",oracle,0x000c91d3,(y+z)+x,"100,4|112,8/0,88"
opcode,0x000c7060,"AABBTreeCollider::_Collide(const AABBQuantizedNoLeafNode*, const AABBQuantizedNoLeafNode*)",oracle,0x000c91f0,(x+y)+z,"0,92|104,4/116,8"
opcode,0x000c7060,"AABBTreeCollider::_Collide(const AABBQuantizedNoLeafNode*, const AABBQuantizedNoLeafNode*)",oracle,0x000c920e,(x+y)+z,"0,96|108,4/120,8"
opcode,0x000c7060,"AABBTreeCollider::_Collide(const AABBQuantizedNoLeafNode*, const AABBQuantizedNoLeafNode*)",oracle,0x000c9238,(y+z)+x,"100,4|112,8/0,88"
opcode,0x000c7060,"AABBTreeCollider::_Collide(const AABBQuantizedNoLeafNode*, const AABBQuantizedNoLeafNode*)",oracle,0x000c9256,(x+y)+z,"0,92|104,4/116,8"
opcode,0x000c7060,"AABBTreeCollider::_Collide(const AABBQuantizedNoLeafNode*, const AABBQuantizedNoLeafNode*)",oracle,0x000c9274,(x+y)+z,"0,96|108,4/120,8"
opcode,0x000c7060,"AABBTreeCollider::_Collide(const AABBQuantizedNoLeafNode*, const AABBQuantizedNoLeafNode*)",oracle,0x000c937c,(y+z)+x,"0,0,0,0,0,0,0,0,100,100,100,100,104,104,104,104,112,112,112,112,116,116,116,116,160,160,160,160,164,164,164,164,4,4,4,4,4,4,4i,4i,8,8,8,8,8,8,8,8,8,88,88,88,88,92,92,92,92|0,0,0,0,0,0,0,0,100,100,100,100,108,108,108,108,112,112,112,112,120,120,120,120,160,160,160,160,168,168,168,168,4,4,4,4,4,4,4,4i,4i,8,8,8,8,8,8,8,8,88,88,88,88,96,96,96,96/0,0,0,0,0,0,0,0,0,104,104,104,104,108,108,108,108,116,116,116,116,120,120,120,120,164,164,164,164,168,168,168,168,4,4,4,4,4,4,4,4,8,8,8,8,8,8,8,8,92,92,92,92,96,96,96,96"
opcode,0x000c7060,"AABBTreeCollider::_Collide(const AABBQuantizedNoLeafNode*, const AABBQuantizedNoLeafNode*)",oracle,0x000c93a1,(x+z)+y,"0,0,0,0,0,0,0,0,0,104,104,104,104,108,108,108,108,116,116,116,116,120,120,120,120,164,164,164,164,168,168,168,168,4,4,4,4,4,4,4,4,8,8,8,8,8,8,8,8,92,92,92,92,96,96,96,96|0,0,0,0,0,0,0,0,100,100,100,100,104,104,104,104,112,112,112,112,116,116,116,116,160,160,160,160,164,164,164,164,4,4,4,4,4,4,4i,4i,8,8,8,8,8,8,8,8,8,88,88,88,88,92,92,92,92/0,0,0,0,0,0,0,0,100,100,100,100,108,108,108,108,112,112,112,112,120,120,120,120,160,160,160,160,168,168,168,168,4,4,4,4,4,4,4,4i,4i,8,8,8,8,8,8,8,8,88,88,88,88,96,96,96,96"
opcode,0x000c7060,"AABBTreeCollider::_Collide(const AABBQuantizedNoLeafNode*, const AABBQuantizedNoLeafNode*)",oracle,0x000c93bf,(x+z)+y,"0,0,0,0,0,0,0,0,0,104,104,104,104,108,108,108,108,116,116,116,116,120,120,120,120,164,164,164,164,168,168,168,168,4,4,4,4,4,4,4,4,8,8,8,8,8,8,8,8,92,92,92,92,96,96,96,96|0,0,0,0,0,0,0,0,100,100,100,100,104,104,104,104,112,112,112,112,116,116,116,116,160,160,160,160,164,164,164,164,4,4,4,4,4,4,4i,4i,8,8,8,8,8,8,8,8,8,88,88,88,88,92,92,92,92/0,0,0,0,0,0,0,0,100,100,100,100,108,108,108,108,112,112,112,112,120,120,120,120,160,160,160,160,168,168,168,168,4,4,4,4,4,4,4,4i,4i,8,8,8,8,8,8,8,8,88,88,88,88,96,96,96,96"
opcode,0x000c7060,"AABBTreeCollider::_Collide(const AABBQuantizedNoLeafNode*, const AABBQuantizedNoLeafNode*)",oracle,0x000c9588,(x+z)+y,"0,0,0,0,0,100,100,104,104,108,112,112,116,116,120,160,160,164,164,168,4,4,4,4,4i,8,8,8,8,8,88,88,92,92,96|0,0,0,100,104,104,112,116,116,160,164,164,4,4,4i,8,8,8,88,92,92/0,0,0,100,100,104,112,112,116,160,160,164,4,4,4i,8,8,8,88,88,92"
opcode,0x000c7060,"AABBTreeCollider::_Collide(const AABBQuantizedNoLeafNode*, const AABBQuantizedNoLeafNode*)",oracle,0x000c95a6,(x+y)+z,"0,0,0,100,100,104,112,112,116,160,160,164,4,4,4i,8,8,8,88,88,92|0,0,0,100,104,104,112,116,116,160,164,164,4,4,4,8,8,8,88,92,92/0,0,0,0,0,100,100,104,104,108,112,112,116,116,120,160,160,164,164,168,4,4,4,4,4i,8,8,8,8,8,88,88,92,92,96"
opcode,0x000c7060,"AABBTreeCollider::_Collide(const AABBQuantizedNoLeafNode*, const AABBQuantizedNoLeafNode*)",oracle,0x000c95c5,(x+z)+y,"0,0,0,0,0,100,100,104,104,108,112,112,116,116,120,160,160,164,164,168,4,4,4,4,4i,8,8,8,8,8,88,88,92,92,96|0,0,0,100,104,104,112,116,116,160,164,164,4,4,4,8,8,8,88,92,92/0,0,0,100,100,104,112,112,116,160,160,164,4,4,4i,8,8,8,88,88,92"
opcode,0x000c7060,"AABBTreeCollider::_Collide(const AABBQuantizedNoLeafNode*, const AABBQuantizedNoLeafNode*)",oracle,0x000c9c25,(x+z)+y,"0,0,0,0,0,0,0,0,0,104,104,104,104,108,108,108,108,116,116,116,116,120,120,120,120,164,164,164,164,168,168,168,168,4,4,4,4,4,4,4,4,8,8,8,8,8,8,8,8,92,92,92,92,96,96,96,96|0,0,0,0,0,0,0,0,100,100,100,100,104,104,104,104,112,112,112,112,116,116,116,116,160,160,160,160,164,164,164,164,4,4,4,4,4,4,4i,4i,8,8,8,8,8,8,8,8,8,88,88,88,88,92,92,92,92/0,0,0,0,0,0,0,0,100,100,100,100,108,108,108,108,112,112,112,112,120,120,120,120,160,160,160,160,168,168,168,168,4,4,4,4,4,4,4,4i,4i,8,8,8,8,8,8,8,8,88,88,88,88,96,96,96,96"
opcode,0x000c7060,"AABBTreeCollider::_Collide(const AABBQuantizedNoLeafNode*, const AABBQuantizedNoLeafNode*)",oracle,0x000c9c4a,(y+z)+x,"0,0,0,0,0,0,0,0,100,100,100,100,104,104,104,104,112,112,112,112,116,116,116,116,160,160,160,160,164,164,164,164,4,4,4,4,4,4,4i,4i,8,8,8,8,8,8,8,8,8,88,88,88,88,92,92,92,92|0,0,0,0,0,0,0,0,100,100,100,100,108,108,108,108,112,112,112,112,120,120,120,120,160,160,160,160,168,168,168,168,4,4,4,4,4,4,4,4i,4i,8,8,8,8,8,8,8,8,88,88,88,88,96,96,96,96/0,0,0,0,0,0,0,0,0,104,104,104,104,108,108,108,108,116,116,116,116,120,120,120,120,164,164,164,164,168,168,168,168,4,4,4,4,4,4,4,4,8,8,8,8,8,8,8,8,92,92,92,92,96,96,96,96"
opcode,0x000c7060,"AABBTreeCollider::_Collide(const AABBQuantizedNoLeafNode*, const AABBQuantizedNoLeafNode*)",oracle,0x000c9c68,(x+z)+y,"0,0,0,0,0,0,0,0,0,104,104,104,104,108,108,108,108,116,116,116,116,120,120,120,120,164,164,164,164,168,168,168,168,4,4,4,4,4,4,4,4,8,8,8,8,8,8,8,8,92,92,92,92,96,96,96,96|0,0,0,0,0,0,0,0,100,100,100,100,104,104,104,104,112,112,112,112,116,116,116,116,160,160,160,160,164,164,164,164,4,4,4,4,4,4,4i,4i,8,8,8,8,8,8,8,8,8,88,88,88,88,92,92,92,92/0,0,0,0,0,0,0,0,100,100,100,100,108,108,108,108,112,112,112,112,120,120,120,120,160,160,160,160,168,168,168,168,4,4,4,4,4,4,4,4i,4i,8,8,8,8,8,8,8,8,88,88,88,88,96,96,96,96"
opcode,0x000c7060,"AABBTreeCollider::_Collide(const AABBQuantizedNoLeafNode*, const AABBQuantizedNoLeafNode*)",oracle,0x000c9e2d,(x+z)+y,"0,0,0,0,0,100,100,104,104,108,112,112,116,116,120,160,160,164,164,168,4,4,4,4,4i,8,8,8,8,8,88,88,92,92,96|0,0,0,100,104,104,112,116,116,160,164,164,4,4,4i,8,8,8,88,92,92/0,0,0,100,100,104,112,112,116,160,160,164,4,4,4i,8,8,8,88,88,92"
opcode,0x000c7060,"AABBTreeCollider::_Collide(const AABBQuantizedNoLeafNode*, const AABBQuantizedNoLeafNode*)",oracle,0x000c9e4b,(x+y)+z,"0,0,0,100,100,104,112,112,116,160,160,164,4,4,4i,8,8,8,88,88,92|0,0,0,100,104,104,112,116,116,160,164,164,4,4,4,8,8,8,88,92,92/0,0,0,0,0,100,100,104,104,108,112,112,116,116,120,160,160,164,164,168,4,4,4,4,4i,8,8,8,8,8,88,88,92,92,96"
opcode,0x000c7060,"AABBTreeCollider::_Collide(const AABBQuantizedNoLeafNode*, const AABBQuantizedNoLeafNode*)",oracle,0x000c9e6a,(x+z)+y,"0,0,0,0,0,100,100,104,104,108,112,112,116,116,120,160,160,164,164,168,4,4,4,4,4i,8,8,8,8,8,88,88,92,92,96|0,0,0,100,104,104,112,116,116,160,164,164,4,4,4,8,8,8,88,92,92/0,0,0,100,100,104,112,112,116,160,160,164,4,4,4i,8,8,8,88,88,92"
opcode,0x000c7060,"AABBTreeCollider::_Collide(const AABBQuantizedNoLeafNode*, const AABBQuantizedNoLeafNode*)",oracle,0x000ca41f,?,"136,4i|148,8/0,124"
opcode,0x000c7060,"AABBTreeCollider::_Collide(const AABBQuantizedNoLeafNode*, const AABBQuantizedNoLeafNode*)",oracle,0x000ca449,(x+y)+z,"0,128|140,4/152,8"
opcode,0x000c7060,"AABBTreeCollider::_Collide(const AABBQuantizedNoLeafNode*, const AABBQuantizedNoLeafNode*)",oracle,0x000ca473,(x+y)+z,"0,132|144,4/156,8"
opcode,0x000c7060,"AABBTreeCollider::_Collide(const AABBQuantizedNoLeafNode*, const AABBQuantizedNoLeafNode*)",oracle,0x000ca49a,(y+z)+x,"136,4|148,8/0,124"
opcode,0x000c7060,"AABBTreeCollider::_Collide(const AABBQuantizedNoLeafNode*, const AABBQuantizedNoLeafNode*)",oracle,0x000ca4c4,(x+y)+z,"0,128|140,4/152,8"
opcode,0x000c7060,"AABBTreeCollider::_Collide(const AABBQuantizedNoLeafNode*, const AABBQuantizedNoLeafNode*)",oracle,0x000ca4ee,(x+y)+z,"0,132|144,4/156,8"
opcode,0x000c7060,"AABBTreeCollider::_Collide(const AABBQuantizedNoLeafNode*, const AABBQuantizedNoLeafNode*)",oracle,0x000ca517,(y+z)+x,"136,4|148,8/0,124"
opcode,0x000c7060,"AABBTreeCollider::_Collide(const AABBQuantizedNoLeafNode*, const AABBQuantizedNoLeafNode*)",oracle,0x000ca541,(x+y)+z,"0,128|140,4/152,8"
opcode,0x000c7060,"AABBTreeCollider::_Collide(const AABBQuantizedNoLeafNode*, const AABBQuantizedNoLeafNode*)",oracle,0x000ca56b,(x+y)+z,"0,132|144,4/156,8"
opcode,0x000c7060,"AABBTreeCollider::_Collide(const AABBQuantizedNoLeafNode*, const AABBQuantizedNoLeafNode*)",candidate,0x00092dcf,?,"200|228,80/224,68"
opcode,0x000c7060,"AABBTreeCollider::_Collide(const AABBQuantizedNoLeafNode*, const AABBQuantizedNoLeafNode*)",candidate,0x00092e82,?,"204|228,84/224,72"
opcode,0x000c7060,"AABBTreeCollider::_Collide(const AABBQuantizedNoLeafNode*, const AABBQuantizedNoLeafNode*)",candidate,0x00092ecb,?,"124,124,136,148,172,184,208,212,216|128,128,140,152,176,188,208,212,216/132,132,144,156,180,192,208,212,216"
opcode,0x000c7060,"AABBTreeCollider::_Collide(const AABBQuantizedNoLeafNode*, const AABBQuantizedNoLeafNode*)",candidate,0x00092eed,?,"196|200,56/204,60"
opcode,0x000c7060,"AABBTreeCollider::_Collide(const AABBQuantizedNoLeafNode*, const AABBQuantizedNoLeafNode*)",candidate,0x00092f28,?,"124,136,136,148,172,184,208,212,216|128,140,140,152,176,188,208,212,216/144"
opcode,0x000c7060,"AABBTreeCollider::_Collide(const AABBQuantizedNoLeafNode*, const AABBQuantizedNoLeafNode*)",candidate,0x00092f4e,?,"196|200,68/204,72"
opcode,0x000c7060,"AABBTreeCollider::_Collide(const AABBQuantizedNoLeafNode*, const AABBQuantizedNoLeafNode*)",candidate,0x00092f86,?,"124,136,148,148,172,184,208,212,216|128,140,152,152,176,188,208,212,216/156"
opcode,0x000c7060,"AABBTreeCollider::_Collide(const AABBQuantizedNoLeafNode*, const AABBQuantizedNoLeafNode*)",candidate,0x00092faf,?,"204|204,84/228"
opcode,0x000c7060,"AABBTreeCollider::_Collide(const AABBQuantizedNoLeafNode*, const AABBQuantizedNoLeafNode*)",candidate,0x00093106,?,"|196,60/224,80"
opcode,0x000c7060,"AABBTreeCollider::_Collide(const AABBQuantizedNoLeafNode*, const AABBQuantizedNoLeafNode*)",candidate,0x00093162,?,"|196,72/220,80"
opcode,0x000c7060,"AABBTreeCollider::_Collide(const AABBQuantizedNoLeafNode*, const AABBQuantizedNoLeafNode*)",candidate,0x000931c4,?,"196|196,84/220,68"
opcode,0x000c7060,"AABBTreeCollider::_Collide(const AABBQuantizedNoLeafNode*, const AABBQuantizedNoLeafNode*)",candidate,0x0009321e,?,"124,124,128,128,136,140,148,152,172,176,184,188,208,208,212,212,216,216|56/224,84"
opcode,0x000c7060,"AABBTreeCollider::_Collide(const AABBQuantizedNoLeafNode*, const AABBQuantizedNoLeafNode*)",candidate,0x000938ff,?,"0,0,0i,100,112,160,4i,88,8i|0,0,164/0,120,4,4,4,4,8,8"
opcode,0x000c7060,"AABBTreeCollider::_Collide(const AABBQuantizedNoLeafNode*, const AABBQuantizedNoLeafNode*)",candidate,0x00093920,?,"0,0,0i,100,112,160,4i,88,8i|0,0,104,104,116,4i,8i/0,0i,0i,104,116,164,4,4,4,4,4i,8,8,8i,92,92"
opcode,0x000c7060,"AABBTreeCollider::_Collide(const AABBQuantizedNoLeafNode*, const AABBQuantizedNoLeafNode*)",candidate,0x00093d00,?,"0i,0i,0i,0i,0i,0i,0i,0i,0i,0i,0i,0i,232i,232i,232i,256i,256i,256i|0i,0i,0i,0i,232i,256i/0i,0i,0i,0i,232i,256i"
opcode,0x000c7060,"AABBTreeCollider::_Collide(const AABBQuantizedNoLeafNode*, const AABBQuantizedNoLeafNode*)",candidate,0x00094301,?,"0,0i,0i,100,100,112,112,160,160,4,4i,4i,8,8,88,88,8i,8i|0,0i,100,112,160,164,4i,88,8i/120"
opcode,0x000c7060,"AABBTreeCollider::_Collide(const AABBQuantizedNoLeafNode*, const AABBQuantizedNoLeafNode*)",candidate,0x00094328,?,"0,0i,0i,100,100,112,112,160,160,4,4i,4i,8,8,88,88,8i,8i|0,0i,100,104,104,112,116,160,4i,4i,88,8i,8i/0i,0i,104,116,164,4i,8i,92,92"
opcode,0x000c7060,"AABBTreeCollider::_Collide(const AABBQuantizedNoLeafNode*, const AABBQuantizedNoLeafNode*)",candidate,0x00094352,?,"0,0i,0i,0i,100,108,108,108,112,116,120,160,168,168,4i,4i,4i,4i,88,8i,8i,8i,8i,96,96|0,0i,0i,100,100,112,112,160,160,4,4i,4i,8,8,88,88,8i,8i/0i,0i,0i,0i,104,108,116,120,164,168,168,4i,4i,4i,8i,8i,8i,92,92,96,96"
opcode,0x000c7060,"AABBTreeCollider::_Collide(const AABBQuantizedNoLeafNode*, const AABBQuantizedNoLeafNode*)",candidate,0x000947fd,?,"0i,0i,232i,232i,232i,244i,244i,244i,244i,256i,256i,256i,256i,256i,4,4,4,4,4,4,4,4,4,4|232i,256i/232i,256i"
opcode,0x000c7060,"AABBTreeCollider::_Collide(const AABBQuantizedNoLeafNode*, const AABBQuantizedNoLeafNode*)",candidate,0x000954c5,?,"0,0i,0i,0i,0i,0i,0i,0i,0i,0i,0i,0i,0i,0i,0i,0i,0i,0i,0i,100,100,100,100,100,104,104,104,104,104,104,104,108,108,108,108,108,108,108,112,112,112,112,112,116,116,116,116,116,116,116,120,120,120,120,120,120,120,124,124,136,136,148,148,160,160,160,160,160,164,164,164,164,164,164,164,168,168,168,168,168,168,168,172,172,4,4i,4i,4i,4i,4i,4i,4i,4i,4i,4i,4i,4i,4i,4i,4i,4i,4i,4i,4i,4i,4i,8,8,88,88,88,88,88,8i,8i,8i,8i,8i,8i,8i,8i,8i,8i,8i,8i,8i,8i,8i,8i,8i,8i,8i,8i,8i,92,92,92,92,92,92,92,96,96,96,96|0i,0i,0i,0i,100,100,100,100,112,112,112,112,160,160,160,160,4,4,4,4i,4i,4i,4i,88,88,88,88,8i,8i,8i,8i/0i,108,120,168,4i,8,8,8i,96"
opcode,0x000c7060,"AABBTreeCollider::_Collide(const AABBQuantizedNoLeafNode*, const AABBQuantizedNoLeafNode*)",candidate,0x000956f2,?,"0,0,0i,100,112,160,4,4,4,4,4i,8,8,8,8,88,8i|0,0,0i,104,116,164,4i,8i,92/0,0,0,0,0,0,0i,108,120,168,4,4,4,4,4i,8,8,8,8,8i,96"
opcode,0x000c7060,"AABBTreeCollider::_Collide(const AABBQuantizedNoLeafNode*, const AABBQuantizedNoLeafNode*)",candidate,0x00095710,?,"0,0,0i,124,136,148,172,4,4,4,4,4i,8,8,8,8,8i|0,0,4/0,0,0,0,0,0,4,4,4,4,8,8,8,8,8"
opcode,0x000c7060,"AABBTreeCollider::_Collide(const AABBQuantizedNoLeafNode*, const AABBQuantizedNoLeafNode*)",candidate,0x00095731,?,"0,0,0i,100,112,160,4,4,4,4,4i,8,8,8,8,88,8i|0,0,0i,104,116,164,4i,8i,92/0,0,0,0,0,0,0i,108,120,168,4,4,4,4,4i,8,8,8,8,8i,96"
opcode,0x000c7060,"AABBTreeCollider::_Collide(const AABBQuantizedNoLeafNode*, const AABBQuantizedNoLeafNode*)",candidate,0x00095b9c,?,"0i,0i,0i,0i,0i,0i,232i,232i,232i,256i,256i,256i,256i,256i|232i,256i/232i,256i"
opcode,0x000c7060,"AABBTreeCollider::_Collide(const AABBQuantizedNoLeafNode*, const AABBQuantizedNoLeafNode*)",candidate,0x00095e73,?,"0i,0i,124,124,136,136,148,148,172,172,232,232,232,232,236,236,236,236,240,240,240,256,256,260,260,264,264,4,4,4,4i,4i,8,8i,8i|0i,124,136,148,172,232,232,232,236,240,240,4,4i,8,8i/240,8,8"
opcode,0x000c7060,"AABBTreeCollider::_Collide(const AABBQuantizedNoLeafNode*, const AABBQuantizedNoLeafNode*)",candidate,0x000960a2,?,"0,0i,124,136,148,172,232,4,4,4,4,4i,8,8,8,8,8i|0,0i,124,136,148,172,236,4i,8i/0,0,0,0i,0i,0i,124,124,124,136,136,136,148,148,148,172,172,172,240,4,4,4,4,4i,4i,4i,8,8,8,8,8i,8i,8i"
opcode,0x000c7060,"AABBTreeCollider::_Collide(const AABBQuantizedNoLeafNode*, const AABBQuantizedNoLeafNode*)",candidate,0x000960c3,?,"0,0i,0i,124,124,136,136,148,148,172,172,4,4,4,4,4i,4i,8,8,8,8,8i,8i|0,0i,124,136,148,172,4,4i,8i/0,0,0,0i,0i,0i,124,124,124,136,136,136,148,148,148,172,172,172,4,4,4,4,4i,4i,4i,8,8,8,8,8,8i,8i,8i"
opcode,0x000c7060,"AABBTreeCollider::_Collide(const AABBQuantizedNoLeafNode*, const AABBQuantizedNoLeafNode*)",candidate,0x000960e1,?,"0,0i,124,136,148,172,256,4,4,4,4,4i,8,8,8,8,8i|0,0i,124,136,148,172,260,4i,8i/0,0,0,0i,0i,0i,124,124,124,136,136,136,148,148,148,172,172,172,264,4,4,4,4,4i,4i,4i,8,8,8,8,8i,8i,8i"
opcode,0x000c7060,"AABBTreeCollider::_Collide(const AABBQuantizedNoLeafNode*, const AABBQuantizedNoLeafNode*)",candidate,0x00096553,?,"0i,0i,0i,0i,0i,0i,232i,232i,232i,256i,256i,256i,256i,256i|232i,256i/232i,256i"
opcode,0x000ca5a0,AABBTreeCollider::_CollideTriBox(const AABBNoLeafNode*) [2nd instantiation],oracle,0x000ca8b6,(x+z)+y,"0,0,0,0,0,20,232,236,248,248,260,4,4,4,4|12,236,240,248,248,252,252,260,264,4,4,4,4,8,8,8,8/0,0,0,0,0,16,232,240,252,252,264,8,8,8,8"
opcode,0x000ca5a0,AABBTreeCollider::_CollideTriBox(const AABBNoLeafNode*) [2nd instantiation],oracle,0x000cae9b,(x+z)+y,"0,0,0,4,4,4,8|0,4,4,4,8,8,8/0,0,0,4,8,8,8"
opcode,0x000ca5a0,AABBTreeCollider::_CollideTriBox(const AABBNoLeafNode*) [2nd instantiation],oracle,0x000caeb9,(y+z)+x,"0,0,0,4,4,4,8|0,0,0,4,8,8,8/0,4,4,4,8,8,8"
opcode,0x000ca5a0,AABBTreeCollider::_CollideTriBox(const AABBNoLeafNode*) [2nd instantiation],oracle,0x000caed7,(y+z)+x,"0,0,0,4,4,4,8|0,0,0,4,8,8,8/0,4,4,4,8,8,8"
opcode,0x000ca5a0,AABBTreeCollider::_CollideTriBox(const AABBNoLeafNode*) [2nd instantiation],oracle,0x000cb072,(x+z)+y,"0,0,12,16,4,4,8|0,16,20,240,252,4,4,8,8/0,0,12,20,240,252,4,8,8"
opcode,0x000ca5a0,AABBTreeCollider::_CollideTriBox(const AABBNoLeafNode*) [2nd instantiation],oracle,0x000cb091,(x+y)+z,"0,0,12,20,240,252,8,8|16,20,240,252,4,4,8,8/0,0,12,16,4,4"
opcode,0x000ca5a0,AABBTreeCollider::_CollideTriBox(const AABBNoLeafNode*) [2nd instantiation],oracle,0x000cb0af,(y+z)+x,"0,0,12,16,4,4,8|0,0,12,20,240,252,4,8,8/0,16,20,240,252,4,4,8,8"
opcode,0x000ca5a0,AABBTreeCollider::_CollideTriBox(const AABBNoLeafNode*) [2nd instantiation],oracle,0x000cb6b8,(y+z)+x,"0,0,0,4,4,4,8|0,0,0,4,8,8,8/0,4,4,4,8,8,8"
opcode,0x000ca5a0,AABBTreeCollider::_CollideTriBox(const AABBNoLeafNode*) [2nd instantiation],oracle,0x000cb6d6,(y+z)+x,"0,0,0,4,4,4,8|0,0,0,4,8,8,8/0,4,4,4,8,8,8"
opcode,0x000ca5a0,AABBTreeCollider::_CollideTriBox(const AABBNoLeafNode*) [2nd instantiation],oracle,0x000cb6f4,(x+z)+y,"0,0,0,4,4,4,8|0,4,4,4,8,8,8/0,0,0,4,8,8,8"
opcode,0x000ca5a0,AABBTreeCollider::_CollideTriBox(const AABBNoLeafNode*) [2nd instantiation],oracle,0x000cb8b7,(x+y)+z,"0,0,12,20,240,252,4,8,8|0,16,20,240,252,4,4,8,8/0,0,12,16,4,4,8"
opcode,0x000ca5a0,AABBTreeCollider::_CollideTriBox(const AABBNoLeafNode*) [2nd instantiation],oracle,0x000cb8d6,(y+z)+x,"0,0,12,16,4,4|0,0,12,20,240,252,8,8/16,20,240,252,4,4,8,8"
opcode,0x000ca5a0,AABBTreeCollider::_CollideTriBox(const AABBNoLeafNode*) [2nd instantiation],oracle,0x000cb8f4,(y+z)+x,"0,0,12,16,4,4,8|0,0,12,20,240,252,4,8,8/0,16,20,240,252,4,4,8,8"
opcode,0x000ca5a0,AABBTreeCollider::_CollideTriBox(const AABBNoLeafNode*) [2nd instantiation],candidate,0x0009b2cc,?,"0,0,0,0,236,240,252,4,8,8|0,0,252,264,8,8/0,0,0,0,236,236,236,240,240,240,240,248,248,248,248,252,252,252,252,260,264,4,4,4,4,4,4,4,4,8,8,8,8,8,8,8,8,8"
opcode,0x000ca5a0,AABBTreeCollider::_CollideTriBox(const AABBNoLeafNode*) [2nd instantiation],candidate,0x0009b39b,?,"0,0,0,0,12,240,252,8,8|252,264,8,8/0,0,0,0,20,236,236,236,240,240,240,248,248,248,248,252,252,252,252,260,264,4,4,4,4,4,4,4,4,8,8,8,8,8,8,8,8"
opcode,0x000ca5a0,AABBTreeCollider::_CollideTriBox(const AABBNoLeafNode*) [2nd instantiation],candidate,0x0009bb50,?,"0,232,232,232,236,240,240,248,252|232,232,232,232,236,236,236,236,240,240,240,244,244,248,248,252,256,256,260,260,264,264,4/240,252,8"
opcode,0x000ca5a0,AABBTreeCollider::_CollideTriBox(const AABBNoLeafNode*) [2nd instantiation],candidate,0x0009bd5f,?,"0,0,0,0,0,0,0,0,232,4,4,4,4,8,8,8,8|0,0,236/0,0,0,0,0,240,4,4,4,4,4,4,4,4,4,8,8,8,8,8,8,8"
opcode,0x000ca5a0,AABBTreeCollider::_CollideTriBox(const AABBNoLeafNode*) [2nd instantiation],candidate,0x0009bd80,?,"0,0,0,0,0,0,0,0,244,4,4,4,4,8,8,8,8|0,0,248/0,0,0,0,0,252,4,4,4,4,4,4,4,4,4,8,8,8,8,8,8,8"
opcode,0x000ca5a0,AABBTreeCollider::_CollideTriBox(const AABBNoLeafNode*) [2nd instantiation],candidate,0x0009c244,?,"0i,0i,232i,232i,256i,256i|232i,232i,232i,256i,256i,256i/0i,0i,232i,232i,232i,256i,256i,256i"
opcode,0x000ca5a0,AABBTreeCollider::_CollideTriBox(const AABBNoLeafNode*) [2nd instantiation],candidate,0x0009c559,?,"0,232,232,232,236,240,240,248,252|232,232,232,232,236,236,236,236,240,240,240,244,244,248,248,252,256,256,260,260,264,264,4/240,252,8"
opcode,0x000ca5a0,AABBTreeCollider::_CollideTriBox(const AABBNoLeafNode*) [2nd instantiation],candidate,0x0009c77a,?,"0,0,0,0,0,0,0,0,232,4,4,4,4,8,8,8,8|0,0,236/0,0,0,0,0,240,4,4,4,4,4,4,4,4,4,8,8,8,8,8,8,8"
opcode,0x000ca5a0,AABBTreeCollider::_CollideTriBox(const AABBNoLeafNode*) [2nd instantiation],candidate,0x0009c7a4,?,"0,0,0,0,0,0,0,0,244,4,4,4,4,8,8,8,8|0,0,248/0,0,0,0,0,252,4,4,4,4,4,4,4,4,4,8,8,8,8,8,8,8"
opcode,0x000ca5a0,AABBTreeCollider::_CollideTriBox(const AABBNoLeafNode*) [2nd instantiation],candidate,0x0009cc61,?,"0i,0i,232i,232i,256i,256i|232i,232i,232i,256i,256i,256i/0i,0i,232i,232i,232i,256i,256i,256i"
opcode,0x000cbe50,AABBTreeCollider::_CollideBoxTri(const AABBNoLeafNode*) [2nd instantiation],oracle,0x000cc166,(x+z)+y,"0,0,0,0,0,20,232,236,248,248,260,4,4,4,4|12,236,240,248,248,252,252,260,264,4,4,4,4,8,8,8,8/0,0,0,0,0,16,232,240,252,252,264,8,8,8,8"
opcode,0x000cbe50,AABBTreeCollider::_CollideBoxTri(const AABBNoLeafNode*) [2nd instantiation],oracle,0x000cc74b,(x+z)+y,"0,0,0,4,4,4,8|0,4,4,4,8,8,8/0,0,0,4,8,8,8"
opcode,0x000cbe50,AABBTreeCollider::_CollideBoxTri(const AABBNoLeafNode*) [2nd instantiation],oracle,0x000cc769,(y+z)+x,"0,0,0,4,4,4,8|0,0,0,4,8,8,8/0,4,4,4,8,8,8"
opcode,0x000cbe50,AABBTreeCollider::_CollideBoxTri(const AABBNoLeafNode*) [2nd instantiation],oracle,0x000cc787,(y+z)+x,"0,0,0,4,4,4,8|0,0,0,4,8,8,8/0,4,4,4,8,8,8"
opcode,0x000cbe50,AABBTreeCollider::_CollideBoxTri(const AABBNoLeafNode*) [2nd instantiation],oracle,0x000cc922,(x+z)+y,"0,0,12,16,4,4,8|0,16,20,240,252,4,4,8,8/0,0,12,20,240,252,4,8,8"
opcode,0x000cbe50,AABBTreeCollider::_CollideBoxTri(const AABBNoLeafNode*) [2nd instantiation],oracle,0x000cc941,(x+y)+z,"0,0,12,20,240,252,8,8|16,20,240,252,4,4,8,8/0,0,12,16,4,4"
opcode,0x000cbe50,AABBTreeCollider::_CollideBoxTri(const AABBNoLeafNode*) [2nd instantiation],oracle,0x000cc95f,(y+z)+x,"0,0,12,16,4,4,8|0,0,12,20,240,252,4,8,8/0,16,20,240,252,4,4,8,8"
opcode,0x000cbe50,AABBTreeCollider::_CollideBoxTri(const AABBNoLeafNode*) [2nd instantiation],oracle,0x000ccf68,(y+z)+x,"0,0,0,4,4,4,8|0,0,0,4,8,8,8/0,4,4,4,8,8,8"
opcode,0x000cbe50,AABBTreeCollider::_CollideBoxTri(const AABBNoLeafNode*) [2nd instantiation],oracle,0x000ccf86,(y+z)+x,"0,0,0,4,4,4,8|0,0,0,4,8,8,8/0,4,4,4,8,8,8"
opcode,0x000cbe50,AABBTreeCollider::_CollideBoxTri(const AABBNoLeafNode*) [2nd instantiation],oracle,0x000ccfa4,(x+z)+y,"0,0,0,4,4,4,8|0,4,4,4,8,8,8/0,0,0,4,8,8,8"
opcode,0x000cbe50,AABBTreeCollider::_CollideBoxTri(const AABBNoLeafNode*) [2nd instantiation],oracle,0x000cd167,(x+y)+z,"0,0,12,20,240,252,4,8,8|0,16,20,240,252,4,4,8,8/0,0,12,16,4,4,8"
opcode,0x000cbe50,AABBTreeCollider::_CollideBoxTri(const AABBNoLeafNode*) [2nd instantiation],oracle,0x000cd186,(y+z)+x,"0,0,12,16,4,4|0,0,12,20,240,252,8,8/16,20,240,252,4,4,8,8"
opcode,0x000cbe50,AABBTreeCollider::_CollideBoxTri(const AABBNoLeafNode*) [2nd instantiation],oracle,0x000cd1a4,(y+z)+x,"0,0,12,16,4,4,8|0,0,12,20,240,252,4,8,8/0,16,20,240,252,4,4,8,8"
opcode,0x000cbe50,AABBTreeCollider::_CollideBoxTri(const AABBNoLeafNode*) [2nd instantiation],candidate,0x0009744c,?,"0,0,0,0,236,240,252,4,8,8|0,0,252,264,8,8/0,0,0,0,236,236,236,240,240,240,240,248,248,248,248,252,252,252,252,260,264,4,4,4,4,4,4,4,4,8,8,8,8,8,8,8,8,8"
opcode,0x000cbe50,AABBTreeCollider::_CollideBoxTri(const AABBNoLeafNode*) [2nd instantiation],candidate,0x0009751b,?,"0,0,0,0,12,240,252,8,8|252,264,8,8/0,0,0,0,20,236,236,236,240,240,240,248,248,248,248,252,252,252,252,260,264,4,4,4,4,4,4,4,4,8,8,8,8,8,8,8,8"
opcode,0x000cbe50,AABBTreeCollider::_CollideBoxTri(const AABBNoLeafNode*) [2nd instantiation],candidate,0x00097cd0,?,"0,232,232,232,236,240,240,248,252|232,232,232,232,236,236,236,236,240,240,240,244,244,248,248,252,256,256,260,260,264,264,4/240,252,8"
opcode,0x000cbe50,AABBTreeCollider::_CollideBoxTri(const AABBNoLeafNode*) [2nd instantiation],candidate,0x00097edf,?,"0,0,0,0,0,0,0,0,232,4,4,4,4,8,8,8,8|0,0,236/0,0,0,0,0,240,4,4,4,4,4,4,4,4,4,8,8,8,8,8,8,8"
opcode,0x000cbe50,AABBTreeCollider::_CollideBoxTri(const AABBNoLeafNode*) [2nd instantiation],candidate,0x00097f00,?,"0,0,0,0,0,0,0,0,244,4,4,4,4,8,8,8,8|0,0,248/0,0,0,0,0,252,4,4,4,4,4,4,4,4,4,8,8,8,8,8,8,8"
opcode,0x000cbe50,AABBTreeCollider::_CollideBoxTri(const AABBNoLeafNode*) [2nd instantiation],candidate,0x000983c4,?,"0i,0i,232i,232i,256i,256i|232i,232i,232i,256i,256i,256i/0i,0i,232i,232i,232i,256i,256i,256i"
opcode,0x000cbe50,AABBTreeCollider::_CollideBoxTri(const AABBNoLeafNode*) [2nd instantiation],candidate,0x000986d9,?,"0,232,232,232,236,240,240,248,252|232,232,232,232,236,236,236,236,240,240,240,244,244,248,248,252,256,256,260,260,264,264,4/240,252,8"
opcode,0x000cbe50,AABBTreeCollider::_CollideBoxTri(const AABBNoLeafNode*) [2nd instantiation],candidate,0x000988fa,?,"0,0,0,0,0,0,0,0,232,4,4,4,4,8,8,8,8|0,0,236/0,0,0,0,0,240,4,4,4,4,4,4,4,4,4,8,8,8,8,8,8,8"
opcode,0x000cbe50,AABBTreeCollider::_CollideBoxTri(const AABBNoLeafNode*) [2nd instantiation],candidate,0x00098924,?,"0,0,0,0,0,0,0,0,244,4,4,4,4,8,8,8,8|0,0,248/0,0,0,0,0,252,4,4,4,4,4,4,4,4,4,8,8,8,8,8,8,8"
opcode,0x000cbe50,AABBTreeCollider::_CollideBoxTri(const AABBNoLeafNode*) [2nd instantiation],candidate,0x00098de1,?,"0i,0i,232i,232i,256i,256i|232i,232i,232i,256i,256i,256i/0i,0i,232i,232i,232i,256i,256i,256i"
opcode,0x000cd700,"AABBTreeCollider::_Collide(const AABBNoLeafNode*, const AABBNoLeafNode*) [2nd instantiation]",oracle,0x000cd73a,(y+z)+x,136|148/124
opcode,0x000cd700,"AABBTreeCollider::_Collide(const AABBNoLeafNode*, const AABBNoLeafNode*) [2nd instantiation]",oracle,0x000cd766,(y+z)+x,64|76/52
opcode,0x000cd700,"AABBTreeCollider::_Collide(const AABBNoLeafNode*, const AABBNoLeafNode*) [2nd instantiation]",oracle,0x000cd796,(x+y)+z,128|140/152
opcode,0x000cd700,"AABBTreeCollider::_Collide(const AABBNoLeafNode*, const AABBNoLeafNode*) [2nd instantiation]",oracle,0x000cd7c3,(y+z)+x,68|80/56
opcode,0x000cd700,"AABBTreeCollider::_Collide(const AABBNoLeafNode*, const AABBNoLeafNode*) [2nd instantiation]",oracle,0x000cd7f3,(x+z)+y,132|156/144
opcode,0x000cd700,"AABBTreeCollider::_Collide(const AABBNoLeafNode*, const AABBNoLeafNode*) [2nd instantiation]",oracle,0x000cd820,(y+z)+x,72|84/60
opcode,0x000cd700,"AABBTreeCollider::_Collide(const AABBNoLeafNode*, const AABBNoLeafNode*) [2nd instantiation]",oracle,0x000cd850,(x+z)+y,"0,124,124,136,148,172|132,132,144,156,180,8/128,128,140,152,176,4"
opcode,0x000cd700,"AABBTreeCollider::_Collide(const AABBNoLeafNode*, const AABBNoLeafNode*) [2nd instantiation]",oracle,0x000cd874,(x+z)+y,"12,52|20,60/16,56"
opcode,0x000cd700,"AABBTreeCollider::_Collide(const AABBNoLeafNode*, const AABBNoLeafNode*) [2nd instantiation]",oracle,0x000cd8a7,(x+y)+z,"0,124,136,136,148,172|128,140,140,152,176,4/132,144,144,156,180,8"
opcode,0x000cd700,"AABBTreeCollider::_Collide(const AABBNoLeafNode*, const AABBNoLeafNode*) [2nd instantiation]",oracle,0x000cd8cb,(x+y)+z,"12,64|16,68/20,72"
opcode,0x000cd700,"AABBTreeCollider::_Collide(const AABBNoLeafNode*, const AABBNoLeafNode*) [2nd instantiation]",oracle,0x000cd8fe,(y+z)+x,"128,140,152,152,176,4|132,144,156,156,180,8/0,124,136,148,148,172"
opcode,0x000cd700,"AABBTreeCollider::_Collide(const AABBNoLeafNode*, const AABBNoLeafNode*) [2nd instantiation]",oracle,0x000cd922,(y+z)+x,"16,80|20,84/12,76"
opcode,0x000cd700,"AABBTreeCollider::_Collide(const AABBNoLeafNode*, const AABBNoLeafNode*) [2nd instantiation]",oracle,0x000cd980,?,"16,60|76/20,56"
opcode,0x000cd700,"AABBTreeCollider::_Collide(const AABBNoLeafNode*, const AABBNoLeafNode*) [2nd instantiation]",oracle,0x000cd9d0,?,"20,68|76/52"
opcode,0x000cd700,"AABBTreeCollider::_Collide(const AABBNoLeafNode*, const AABBNoLeafNode*) [2nd instantiation]",oracle,0x000cda20,?,"16,84|20,80/64"
opcode,0x000cd700,"AABBTreeCollider::_Collide(const AABBNoLeafNode*, const AABBNoLeafNode*) [2nd instantiation]",oracle,0x000cda6d,?,"12,60|80/68"
opcode,0x000cd700,"AABBTreeCollider::_Collide(const AABBNoLeafNode*, const AABBNoLeafNode*) [2nd instantiation]",oracle,0x000cdabd,?,"20,64|56/12,72"
opcode,0x000cd700,"AABBTreeCollider::_Collide(const AABBNoLeafNode*, const AABBNoLeafNode*) [2nd instantiation]",oracle,0x000cdb0d,?,"20,76|56/12,84"
opcode,0x000cd700,"AABBTreeCollider::_Collide(const AABBNoLeafNode*, const AABBNoLeafNode*) [2nd instantiation]",oracle,0x000cdb5a,?,"12,56|16,52/72"
opcode,0x000cd700,"AABBTreeCollider::_Collide(const AABBNoLeafNode*, const AABBNoLeafNode*) [2nd instantiation]",oracle,0x000cdbaa,?,"12,68|84/60"
opcode,0x000cd700,"AABBTreeCollider::_Collide(const AABBNoLeafNode*, const AABBNoLeafNode*) [2nd instantiation]",oracle,0x000cdbfa,?,"60|72/12,80"
opcode,0x000cd700,"AABBTreeCollider::_Collide(const AABBNoLeafNode*, const AABBNoLeafNode*) [2nd instantiation]",oracle,0x000cdc94,?,"100,4i|112,8/0,88"
opcode,0x000cd700,"AABBTreeCollider::_Collide(const AABBNoLeafNode*, const AABBNoLeafNode*) [2nd instantiation]",oracle,0x000cdcb1,(x+y)+z,"0,92|104,4/116,8"
opcode,0x000cd700,"AABBTreeCollider::_Collide(const AABBNoLeafNode*, const AABBNoLeafNode*) [2nd instantiation]",oracle,0x000cdccf,(x+y)+z,"0,96|108,4/120,8"
opcode,0x000cd700,"AABBTreeCollider::_Collide(const AABBNoLeafNode*, const AABBNoLeafNode*) [2nd instantiation]",oracle,0x000cdced,(y+z)+x,"100,4|112,8/0,88"
opcode,0x000cd700,"AABBTreeCollider::_Collide(const AABBNoLeafNode*, const AABBNoLeafNode*) [2nd instantiation]",oracle,0x000cdd0a,(x+y)+z,"0,92|104,4/116,8"
opcode,0x000cd700,"AABBTreeCollider::_Collide(const AABBNoLeafNode*, const AABBNoLeafNode*) [2nd instantiation]",oracle,0x000cdd28,(x+y)+z,"0,96|108,4/120,8"
opcode,0x000cd700,"AABBTreeCollider::_Collide(const AABBNoLeafNode*, const AABBNoLeafNode*) [2nd instantiation]",oracle,0x000cdd4f,(y+z)+x,"100,4|112,8/0,88"
opcode,0x000cd700,"AABBTreeCollider::_Collide(const AABBNoLeafNode*, const AABBNoLeafNode*) [2nd instantiation]",oracle,0x000cdd70,(x+y)+z,"0,92|104,4/116,8"
opcode,0x000cd700,"AABBTreeCollider::_Collide(const AABBNoLeafNode*, const AABBNoLeafNode*) [2nd instantiation]",oracle,0x000cdd91,(x+y)+z,"0,96|108,4/120,8"
opcode,0x000cd700,"AABBTreeCollider::_Collide(const AABBNoLeafNode*, const AABBNoLeafNode*) [2nd instantiation]",oracle,0x000cde91,(y+z)+x,"0,0,0,0,0,0,0,0,100,100,100,100,104,104,104,104,112,112,112,112,116,116,116,116,160,160,160,160,164,164,164,164,4,4,4,4,4,4,4i,4i,8,8,8,8,8,8,8,8,8,88,88,88,88,92,92,92,92|0,0,0,0,0,0,0,0,100,100,100,100,108,108,108,108,112,112,112,112,120,120,120,120,160,160,160,160,168,168,168,168,4,4,4,4,4,4,4,4i,4i,8,8,8,8,8,8,8,8,88,88,88,88,96,96,96,96/0,0,0,0,0,0,0,0,0,104,104,104,104,108,108,108,108,116,116,116,116,120,120,120,120,164,164,164,164,168,168,168,168,4,4,4,4,4,4,4,4,8,8,8,8,8,8,8,8,92,92,92,92,96,96,96,96"
opcode,0x000cd700,"AABBTreeCollider::_Collide(const AABBNoLeafNode*, const AABBNoLeafNode*) [2nd instantiation]",oracle,0x000cdeb6,(x+y)+z,"0,0,0,0,0,0,0,0,0,104,104,104,104,108,108,108,108,116,116,116,116,120,120,120,120,164,164,164,164,168,168,168,168,4,4,4,4,4,4,4,4,8,8,8,8,8,8,8,8,92,92,92,92,96,96,96,96|0,0,0,0,0,0,0,0,100,100,100,100,108,108,108,108,112,112,112,112,120,120,120,120,160,160,160,160,168,168,168,168,4,4,4,4,4,4,4,4i,4i,8,8,8,8,8,8,8,8,88,88,88,88,96,96,96,96/0,0,0,0,0,0,0,0,100,100,100,100,104,104,104,104,112,112,112,112,116,116,116,116,160,160,160,160,164,164,164,164,4,4,4,4,4,4,4i,4i,8,8,8,8,8,8,8,8,8,88,88,88,88,92,92,92,92"
opcode,0x000cd700,"AABBTreeCollider::_Collide(const AABBNoLeafNode*, const AABBNoLeafNode*) [2nd instantiation]",oracle,0x000cded4,(y+z)+x,"0,0,0,0,0,0,0,0,100,100,100,100,104,104,104,104,112,112,112,112,116,116,116,116,160,160,160,160,164,164,164,164,4,4,4,4,4,4,4i,4i,8,8,8,8,8,8,8,8,8,88,88,88,88,92,92,92,92|0,0,0,0,0,0,0,0,100,100,100,100,108,108,108,108,112,112,112,112,120,120,120,120,160,160,160,160,168,168,168,168,4,4,4,4,4,4,4,4i,4i,8,8,8,8,8,8,8,8,88,88,88,88,96,96,96,96/0,0,0,0,0,0,0,0,0,104,104,104,104,108,108,108,108,116,116,116,116,120,120,120,120,164,164,164,164,168,168,168,168,4,4,4,4,4,4,4,4,8,8,8,8,8,8,8,8,92,92,92,92,96,96,96,96"
opcode,0x000cd700,"AABBTreeCollider::_Collide(const AABBNoLeafNode*, const AABBNoLeafNode*) [2nd instantiation]",oracle,0x000ce073,(y+z)+x,"0,0,0,0,0,100,100,104,104,108,112,112,116,116,120,160,160,164,164,168,4,4,4,4,4i,8,8,8,8,8,88,88,92,92,96|0,0,0,100,100,104,112,112,116,160,160,164,4,4,4i,8,8,8,88,88,92/0,0,0,100,104,104,112,116,116,160,164,164,4,4,4i,8,8,8,88,92,92"
opcode,0x000cd700,"AABBTreeCollider::_Collide(const AABBNoLeafNode*, const AABBNoLeafNode*) [2nd instantiation]",oracle,0x000ce091,(x+z)+y,"0,0,0,0,0,100,100,104,104,108,112,112,116,116,120,160,160,164,164,168,4,4,4,4,4i,8,8,8,8,8,88,88,92,92,96|0,0,0,100,104,104,112,116,116,160,164,164,4,4,4,8,8,8,88,92,92/0,0,0,100,100,104,112,112,116,160,160,164,4,4,4i,8,8,8,88,88,92"
opcode,0x000cd700,"AABBTreeCollider::_Collide(const AABBNoLeafNode*, const AABBNoLeafNode*) [2nd instantiation]",oracle,0x000ce0b9,(x+z)+y,"0,0,0,0,0,100,100,104,104,108,112,112,116,116,120,160,160,164,164,168,4,4,4,4,4i,8,8,8,8,8,88,88,92,92,96|0,0,0,100,104,104,112,116,116,160,164,164,4,4,4,8,8,8,88,92,92/0,0,0,100,100,104,112,112,116,160,160,164,4,4,4i,8,8,8,88,88,92"
opcode,0x000cd700,"AABBTreeCollider::_Collide(const AABBNoLeafNode*, const AABBNoLeafNode*) [2nd instantiation]",oracle,0x000ce6cf,(y+z)+x,"0,0,0,0,0,0,0,0,100,100,100,100,104,104,104,104,112,112,112,112,116,116,116,116,160,160,160,160,164,164,164,164,4,4,4,4,4,4,4i,4i,8,8,8,8,8,8,8,8,8,88,88,88,88,92,92,92,92|0,0,0,0,0,0,0,0,100,100,100,100,108,108,108,108,112,112,112,112,120,120,120,120,160,160,160,160,168,168,168,168,4,4,4,4,4,4,4,4i,4i,8,8,8,8,8,8,8,8,88,88,88,88,96,96,96,96/0,0,0,0,0,0,0,0,0,104,104,104,104,108,108,108,108,116,116,116,116,120,120,120,120,164,164,164,164,168,168,168,168,4,4,4,4,4,4,4,4,8,8,8,8,8,8,8,8,92,92,92,92,96,96,96,96"
opcode,0x000cd700,"AABBTreeCollider::_Collide(const AABBNoLeafNode*, const AABBNoLeafNode*) [2nd instantiation]",oracle,0x000ce6ed,(x+y)+z,"0,0,0,0,0,0,0,0,0,104,104,104,104,108,108,108,108,116,116,116,116,120,120,120,120,164,164,164,164,168,168,168,168,4,4,4,4,4,4,4,4,8,8,8,8,8,8,8,8,92,92,92,92,96,96,96,96|0,0,0,0,0,0,0,0,100,100,100,100,108,108,108,108,112,112,112,112,120,120,120,120,160,160,160,160,168,168,168,168,4,4,4,4,4,4,4,4i,4i,8,8,8,8,8,8,8,8,88,88,88,88,96,96,96,96/0,0,0,0,0,0,0,0,100,100,100,100,104,104,104,104,112,112,112,112,116,116,116,116,160,160,160,160,164,164,164,164,4,4,4,4,4,4,4i,4i,8,8,8,8,8,8,8,8,8,88,88,88,88,92,92,92,92"
opcode,0x000cd700,"AABBTreeCollider::_Collide(const AABBNoLeafNode*, const AABBNoLeafNode*) [2nd instantiation]",oracle,0x000ce70b,(x+z)+y,"0,0,0,0,0,0,0,0,0,104,104,104,104,108,108,108,108,116,116,116,116,120,120,120,120,164,164,164,164,168,168,168,168,4,4,4,4,4,4,4,4,8,8,8,8,8,8,8,8,92,92,92,92,96,96,96,96|0,0,0,0,0,0,0,0,100,100,100,100,104,104,104,104,112,112,112,112,116,116,116,116,160,160,160,160,164,164,164,164,4,4,4,4,4,4,4i,4i,8,8,8,8,8,8,8,8,8,88,88,88,88,92,92,92,92/0,0,0,0,0,0,0,0,100,100,100,100,108,108,108,108,112,112,112,112,120,120,120,120,160,160,160,160,168,168,168,168,4,4,4,4,4,4,4,4i,4i,8,8,8,8,8,8,8,8,88,88,88,88,96,96,96,96"
opcode,0x000cd700,"AABBTreeCollider::_Collide(const AABBNoLeafNode*, const AABBNoLeafNode*) [2nd instantiation]",oracle,0x000ce8ce,(x+z)+y,"0,0,0,0,0,100,100,104,104,108,112,112,116,116,120,160,160,164,164,168,4,4,4,4,4i,8,8,8,8,8,88,88,92,92,96|0,0,0,100,104,104,112,116,116,160,164,164,4,4,4i,8,8,8,88,92,92/0,0,0,100,100,104,112,112,116,160,160,164,4,4,4i,8,8,8,88,88,92"
opcode,0x000cd700,"AABBTreeCollider::_Collide(const AABBNoLeafNode*, const AABBNoLeafNode*) [2nd instantiation]",oracle,0x000ce8ec,(x+y)+z,"0,0,0,100,100,104,112,112,116,160,160,164,4,4,4i,8,8,8,88,88,92|0,0,0,100,104,104,112,116,116,160,164,164,4,4,4,8,8,8,88,92,92/0,0,0,0,0,100,100,104,104,108,112,112,116,116,120,160,160,164,164,168,4,4,4,4,4i,8,8,8,8,8,88,88,92,92,96"
opcode,0x000cd700,"AABBTreeCollider::_Collide(const AABBNoLeafNode*, const AABBNoLeafNode*) [2nd instantiation]",oracle,0x000ce914,(y+z)+x,"0,0,0,0,0,100,100,104,104,108,112,112,116,116,120,160,160,164,164,168,4,4,4,4,4i,8,8,8,8,8,88,88,92,92,96|0,0,0,100,100,104,112,112,116,160,160,164,4,4,4i,8,8,8,88,88,92/0,0,0,100,104,104,112,116,116,160,164,164,4,4,4,8,8,8,88,92,92"
opcode,0x000cd700,"AABBTreeCollider::_Collide(const AABBNoLeafNode*, const AABBNoLeafNode*) [2nd instantiation]",oracle,0x000cee94,?,"136,4i|148,8/0,124"
opcode,0x000cd700,"AABBTreeCollider::_Collide(const AABBNoLeafNode*, const AABBNoLeafNode*) [2nd instantiation]",oracle,0x000ceebe,(x+y)+z,"0,128|140,4/152,8"
opcode,0x000cd700,"AABBTreeCollider::_Collide(const AABBNoLeafNode*, const AABBNoLeafNode*) [2nd instantiation]",oracle,0x000ceee8,(x+y)+z,"0,132|144,4/156,8"
opcode,0x000cd700,"AABBTreeCollider::_Collide(const AABBNoLeafNode*, const AABBNoLeafNode*) [2nd instantiation]",oracle,0x000cef0f,(y+z)+x,"136,4|148,8/0,124"
opcode,0x000cd700,"AABBTreeCollider::_Collide(const AABBNoLeafNode*, const AABBNoLeafNode*) [2nd instantiation]",oracle,0x000cef39,(x+y)+z,"0,128|140,4/152,8"
opcode,0x000cd700,"AABBTreeCollider::_Collide(const AABBNoLeafNode*, const AABBNoLeafNode*) [2nd instantiation]",oracle,0x000cef63,(x+y)+z,"0,132|144,4/156,8"
opcode,0x000cd700,"AABBTreeCollider::_Collide(const AABBNoLeafNode*, const AABBNoLeafNode*) [2nd instantiation]",oracle,0x000cefa3,(y+z)+x,"136,4|148,8/0,124"
opcode,0x000cd700,"AABBTreeCollider::_Collide(const AABBNoLeafNode*, const AABBNoLeafNode*) [2nd instantiation]",oracle,0x000cefcd,(x+y)+z,"0,128|140,4/152,8"
opcode,0x000cd700,"AABBTreeCollider::_Collide(const AABBNoLeafNode*, const AABBNoLeafNode*) [2nd instantiation]",oracle,0x000ceff7,(x+y)+z,"0,132|144,4/156,8"
opcode,0x000cd700,"AABBTreeCollider::_Collide(const AABBNoLeafNode*, const AABBNoLeafNode*) [2nd instantiation]",oracle,0x000cf0ab,?,"136,4i|148,8/0,124"
opcode,0x000cd700,"AABBTreeCollider::_Collide(const AABBNoLeafNode*, const AABBNoLeafNode*) [2nd instantiation]",oracle,0x000cf0d5,(x+y)+z,"0,128|140,4/152,8"
opcode,0x000cd700,"AABBTreeCollider::_Collide(const AABBNoLeafNode*, const AABBNoLeafNode*) [2nd instantiation]",oracle,0x000cf0ff,(x+y)+z,"0,132|144,4/156,8"
opcode,0x000cd700,"AABBTreeCollider::_Collide(const AABBNoLeafNode*, const AABBNoLeafNode*) [2nd instantiation]",oracle,0x000cf126,(y+z)+x,"136,4|148,8/0,124"
opcode,0x000cd700,"AABBTreeCollider::_Collide(const AABBNoLeafNode*, const AABBNoLeafNode*) [2nd instantiation]",oracle,0x000cf150,(x+y)+z,"0,128|140,4/152,8"
opcode,0x000cd700,"AABBTreeCollider::_Collide(const AABBNoLeafNode*, const AABBNoLeafNode*) [2nd instantiation]",oracle,0x000cf17a,(x+y)+z,"0,132|144,4/156,8"
opcode,0x000cd700,"AABBTreeCollider::_Collide(const AABBNoLeafNode*, const AABBNoLeafNode*) [2nd instantiation]",oracle,0x000cf1b2,(y+z)+x,"136,4|148,8/0,124"
opcode,0x000cd700,"AABBTreeCollider::_Collide(const AABBNoLeafNode*, const AABBNoLeafNode*) [2nd instantiation]",oracle,0x000cf1dc,(x+y)+z,"0,128|140,4/152,8"
opcode,0x000cd700,"AABBTreeCollider::_Collide(const AABBNoLeafNode*, const AABBNoLeafNode*) [2nd instantiation]",oracle,0x000cf206,(x+y)+z,"0,132|144,4/156,8"
opcode,0x000cd700,"AABBTreeCollider::_Collide(const AABBNoLeafNode*, const AABBNoLeafNode*) [2nd instantiation]",oracle,0x000cf2e2,?,"100,4i|112,8/0,88"
opcode,0x000cd700,"AABBTreeCollider::_Collide(const AABBNoLeafNode*, const AABBNoLeafNode*) [2nd instantiation]",oracle,0x000cf2ff,(x+y)+z,"0,92|104,4/116,8"
opcode,0x000cd700,"AABBTreeCollider::_Collide(const AABBNoLeafNode*, const AABBNoLeafNode*) [2nd instantiation]",oracle,0x000cf31d,(x+y)+z,"0,96|108,4/120,8"
opcode,0x000cd700,"AABBTreeCollider::_Collide(const AABBNoLeafNode*, const AABBNoLeafNode*) [2nd instantiation]",oracle,0x000cf33b,(y+z)+x,"100,4|112,8/0,88"
opcode,0x000cd700,"AABBTreeCollider::_Collide(const AABBNoLeafNode*, const AABBNoLeafNode*) [2nd instantiation]",oracle,0x000cf358,(x+y)+z,"0,92|104,4/116,8"
opcode,0x000cd700,"AABBTreeCollider::_Collide(const AABBNoLeafNode*, const AABBNoLeafNode*) [2nd instantiation]",oracle,0x000cf376,(x+y)+z,"0,96|108,4/120,8"
opcode,0x000cd700,"AABBTreeCollider::_Collide(const AABBNoLeafNode*, const AABBNoLeafNode*) [2nd instantiation]",oracle,0x000cf39d,(y+z)+x,"100,4|112,8/0,88"
opcode,0x000cd700,"AABBTreeCollider::_Collide(const AABBNoLeafNode*, const AABBNoLeafNode*) [2nd instantiation]",oracle,0x000cf3be,(x+y)+z,"0,92|104,4/116,8"
opcode,0x000cd700,"AABBTreeCollider::_Collide(const AABBNoLeafNode*, const AABBNoLeafNode*) [2nd instantiation]",oracle,0x000cf3df,(x+y)+z,"0,96|108,4/120,8"
opcode,0x000cd700,"AABBTreeCollider::_Collide(const AABBNoLeafNode*, const AABBNoLeafNode*) [2nd instantiation]",oracle,0x000cf4df,(x+y)+z,"0,0,0,0,0,0,0,0,0,104,104,104,104,108,108,108,108,116,116,116,116,120,120,120,120,164,164,164,164,168,168,168,168,4,4,4,4,4,4,4,4,8,8,8,8,8,8,8,8,92,92,92,92,96,96,96,96|0,0,0,0,0,0,0,0,100,100,100,100,108,108,108,108,112,112,112,112,120,120,120,120,160,160,160,160,168,168,168,168,4,4,4,4,4,4,4,4i,4i,8,8,8,8,8,8,8,8,88,88,88,88,96,96,96,96/0,0,0,0,0,0,0,0,100,100,100,100,104,104,104,104,112,112,112,112,116,116,116,116,160,160,160,160,164,164,164,164,4,4,4,4,4,4,4i,4i,8,8,8,8,8,8,8,8,8,88,88,88,88,92,92,92,92"
opcode,0x000cd700,"AABBTreeCollider::_Collide(const AABBNoLeafNode*, const AABBNoLeafNode*) [2nd instantiation]",oracle,0x000cf504,(y+z)+x,"0,0,0,0,0,0,0,0,100,100,100,100,104,104,104,104,112,112,112,112,116,116,116,116,160,160,160,160,164,164,164,164,4,4,4,4,4,4,4i,4i,8,8,8,8,8,8,8,8,8,88,88,88,88,92,92,92,92|0,0,0,0,0,0,0,0,100,100,100,100,108,108,108,108,112,112,112,112,120,120,120,120,160,160,160,160,168,168,168,168,4,4,4,4,4,4,4,4i,4i,8,8,8,8,8,8,8,8,88,88,88,88,96,96,96,96/0,0,0,0,0,0,0,0,0,104,104,104,104,108,108,108,108,116,116,116,116,120,120,120,120,164,164,164,164,168,168,168,168,4,4,4,4,4,4,4,4,8,8,8,8,8,8,8,8,92,92,92,92,96,96,96,96"
opcode,0x000cd700,"AABBTreeCollider::_Collide(const AABBNoLeafNode*, const AABBNoLeafNode*) [2nd instantiation]",oracle,0x000cf522,(y+z)+x,"0,0,0,0,0,0,0,0,100,100,100,100,104,104,104,104,112,112,112,112,116,116,116,116,160,160,160,160,164,164,164,164,4,4,4,4,4,4,4i,4i,8,8,8,8,8,8,8,8,8,88,88,88,88,92,92,92,92|0,0,0,0,0,0,0,0,100,100,100,100,108,108,108,108,112,112,112,112,120,120,120,120,160,160,160,160,168,168,168,168,4,4,4,4,4,4,4,4i,4i,8,8,8,8,8,8,8,8,88,88,88,88,96,96,96,96/0,0,0,0,0,0,0,0,0,104,104,104,104,108,108,108,108,116,116,116,116,120,120,120,120,164,164,164,164,168,168,168,168,4,4,4,4,4,4,4,4,8,8,8,8,8,8,8,8,92,92,92,92,96,96,96,96"
opcode,0x000cd700,"AABBTreeCollider::_Collide(const AABBNoLeafNode*, const AABBNoLeafNode*) [2nd instantiation]",oracle,0x000cf6d7,(x+y)+z,"0,0,0,100,100,104,112,112,116,160,160,164,4,4,4i,8,8,8,88,88,92|0,0,0,100,104,104,112,116,116,160,164,164,4,4,4i,8,8,8,88,92,92/0,0,0,0,0,100,100,104,104,108,112,112,116,116,120,160,160,164,164,168,4,4,4,4,4i,8,8,8,8,8,88,88,92,92,96"
opcode,0x000cd700,"AABBTreeCollider::_Collide(const AABBNoLeafNode*, const AABBNoLeafNode*) [2nd instantiation]",oracle,0x000cf6f5,(x+y)+z,"0,0,0,100,100,104,112,112,116,160,160,164,4,4,4i,8,8,8,88,88,92|0,0,0,100,104,104,112,116,116,160,164,164,4,4,4,8,8,8,88,92,92/0,0,0,0,0,100,100,104,104,108,112,112,116,116,120,160,160,164,164,168,4,4,4,4,4i,8,8,8,8,8,88,88,92,92,96"
opcode,0x000cd700,"AABBTreeCollider::_Collide(const AABBNoLeafNode*, const AABBNoLeafNode*) [2nd instantiation]",oracle,0x000cf71d,(y+z)+x,"0,0,0,0,0,100,100,104,104,108,112,112,116,116,120,160,160,164,164,168,4,4,4,4,4i,8,8,8,8,8,88,88,92,92,96|0,0,0,100,100,104,112,112,116,160,160,164,4,4,4i,8,8,8,88,88,92/0,0,0,100,104,104,112,116,116,160,164,164,4,4,4,8,8,8,88,92,92"
opcode,0x000cd700,"AABBTreeCollider::_Collide(const AABBNoLeafNode*, const AABBNoLeafNode*) [2nd instantiation]",oracle,0x000cfd5e,(y+z)+x,"0,0,0,0,0,0,0,0,100,100,100,100,104,104,104,104,112,112,112,112,116,116,116,116,160,160,160,160,164,164,164,164,4,4,4,4,4,4,4i,4i,8,8,8,8,8,8,8,8,8,88,88,88,88,92,92,92,92|0,0,0,0,0,0,0,0,100,100,100,100,108,108,108,108,112,112,112,112,120,120,120,120,160,160,160,160,168,168,168,168,4,4,4,4,4,4,4,4i,4i,8,8,8,8,8,8,8,8,88,88,88,88,96,96,96,96/0,0,0,0,0,0,0,0,0,104,104,104,104,108,108,108,108,116,116,116,116,120,120,120,120,164,164,164,164,168,168,168,168,4,4,4,4,4,4,4,4,8,8,8,8,8,8,8,8,92,92,92,92,96,96,96,96"
opcode,0x000cd700,"AABBTreeCollider::_Collide(const AABBNoLeafNode*, const AABBNoLeafNode*) [2nd instantiation]",oracle,0x000cfd83,(y+z)+x,"0,0,0,0,0,0,0,0,100,100,100,100,104,104,104,104,112,112,112,112,116,116,116,116,160,160,160,160,164,164,164,164,4,4,4,4,4,4,4i,4i,8,8,8,8,8,8,8,8,8,88,88,88,88,92,92,92,92|0,0,0,0,0,0,0,0,100,100,100,100,108,108,108,108,112,112,112,112,120,120,120,120,160,160,160,160,168,168,168,168,4,4,4,4,4,4,4,4i,4i,8,8,8,8,8,8,8,8,88,88,88,88,96,96,96,96/0,0,0,0,0,0,0,0,0,104,104,104,104,108,108,108,108,116,116,116,116,120,120,120,120,164,164,164,164,168,168,168,168,4,4,4,4,4,4,4,4,8,8,8,8,8,8,8,8,92,92,92,92,96,96,96,96"
opcode,0x000cd700,"AABBTreeCollider::_Collide(const AABBNoLeafNode*, const AABBNoLeafNode*) [2nd instantiation]",oracle,0x000cfda1,(x+z)+y,"0,0,0,0,0,0,0,0,0,104,104,104,104,108,108,108,108,116,116,116,116,120,120,120,120,164,164,164,164,168,168,168,168,4,4,4,4,4,4,4,4,8,8,8,8,8,8,8,8,92,92,92,92,96,96,96,96|0,0,0,0,0,0,0,0,100,100,100,100,104,104,104,104,112,112,112,112,116,116,116,116,160,160,160,160,164,164,164,164,4,4,4,4,4,4,4i,4i,8,8,8,8,8,8,8,8,8,88,88,88,88,92,92,92,92/0,0,0,0,0,0,0,0,100,100,100,100,108,108,108,108,112,112,112,112,120,120,120,120,160,160,160,160,168,168,168,168,4,4,4,4,4,4,4,4i,4i,8,8,8,8,8,8,8,8,88,88,88,88,96,96,96,96"
opcode,0x000cd700,"AABBTreeCollider::_Collide(const AABBNoLeafNode*, const AABBNoLeafNode*) [2nd instantiation]",oracle,0x000cff54,(x+z)+y,"0,0,0,0,0,100,100,104,104,108,112,112,116,116,120,160,160,164,164,168,4,4,4,4,4i,8,8,8,8,8,88,88,92,92,96|0,0,0,100,104,104,112,116,116,160,164,164,4,4,4i,8,8,8,88,92,92/0,0,0,100,100,104,112,112,116,160,160,164,4,4,4i,8,8,8,88,88,92"
opcode,0x000cd700,"AABBTreeCollider::_Collide(const AABBNoLeafNode*, const AABBNoLeafNode*) [2nd instantiation]",oracle,0x000cff72,(x+y)+z,"0,0,0,100,100,104,112,112,116,160,160,164,4,4,4i,8,8,8,88,88,92|0,0,0,100,104,104,112,116,116,160,164,164,4,4,4,8,8,8,88,92,92/0,0,0,0,0,100,100,104,104,108,112,112,116,116,120,160,160,164,164,168,4,4,4,4,4i,8,8,8,8,8,88,88,92,92,96"
opcode,0x000cd700,"AABBTreeCollider::_Collide(const AABBNoLeafNode*, const AABBNoLeafNode*) [2nd instantiation]",oracle,0x000cff9a,(x+z)+y,"0,0,0,0,0,100,100,104,104,108,112,112,116,116,120,160,160,164,164,168,4,4,4,4,4i,8,8,8,8,8,88,88,92,92,96|0,0,0,100,104,104,112,116,116,160,164,164,4,4,4,8,8,8,88,92,92/0,0,0,100,100,104,112,112,116,160,160,164,4,4,4i,8,8,8,88,88,92"
opcode,0x000cd700,"AABBTreeCollider::_Collide(const AABBNoLeafNode*, const AABBNoLeafNode*) [2nd instantiation]",oracle,0x000d052c,?,"136,4|148,8i/0,124"
opcode,0x000cd700,"AABBTreeCollider::_Collide(const AABBNoLeafNode*, const AABBNoLeafNode*) [2nd instantiation]",oracle,0x000d0556,(y+z)+x,"140,4|152,8/0,128"
opcode,0x000cd700,"AABBTreeCollider::_Collide(const AABBNoLeafNode*, const AABBNoLeafNode*) [2nd instantiation]",oracle,0x000d0580,(y+z)+x,"144,4|156,8/0,132"
opcode,0x000cd700,"AABBTreeCollider::_Collide(const AABBNoLeafNode*, const AABBNoLeafNode*) [2nd instantiation]",oracle,0x000d05a7,(y+z)+x,"136,4|148,8/0,124"
opcode,0x000cd700,"AABBTreeCollider::_Collide(const AABBNoLeafNode*, const AABBNoLeafNode*) [2nd instantiation]",oracle,0x000d05d1,(y+z)+x,"140,4|152,8/0,128"
opcode,0x000cd700,"AABBTreeCollider::_Collide(const AABBNoLeafNode*, const AABBNoLeafNode*) [2nd instantiation]",oracle,0x000d05fb,(y+z)+x,"144,4|156,8/0,132"
opcode,0x000cd700,"AABBTreeCollider::_Collide(const AABBNoLeafNode*, const AABBNoLeafNode*) [2nd instantiation]",oracle,0x000d063b,(y+z)+x,"136,4|148,8/0,124"
opcode,0x000cd700,"AABBTreeCollider::_Collide(const AABBNoLeafNode*, const AABBNoLeafNode*) [2nd instantiation]",oracle,0x000d0665,(x+z)+y,"0,128|152,8/140,4"
opcode,0x000cd700,"AABBTreeCollider::_Collide(const AABBNoLeafNode*, const AABBNoLeafNode*) [2nd instantiation]",oracle,0x000d068f,(x+z)+y,"0,132|156,8/144,4"
opcode,0x000cd700,"AABBTreeCollider::_Collide(const AABBNoLeafNode*, const AABBNoLeafNode*) [2nd instantiation]",oracle,0x000d0764,?,"136,4|148,8i/0,124"
opcode,0x000cd700,"AABBTreeCollider::_Collide(const AABBNoLeafNode*, const AABBNoLeafNode*) [2nd instantiation]",oracle,0x000d078e,(y+z)+x,"140,4|152,8/0,128"
opcode,0x000cd700,"AABBTreeCollider::_Collide(const AABBNoLeafNode*, const AABBNoLeafNode*) [2nd instantiation]",oracle,0x000d07b8,(y+z)+x,"144,4|156,8/0,132"
opcode,0x000cd700,"AABBTreeCollider::_Collide(const AABBNoLeafNode*, const AABBNoLeafNode*) [2nd instantiation]",oracle,0x000d07df,(y+z)+x,"136,4|148,8/0,124"
opcode,0x000cd700,"AABBTreeCollider::_Collide(const AABBNoLeafNode*, const AABBNoLeafNode*) [2nd instantiation]",oracle,0x000d0809,(x+y)+z,"0,128|140,4/152,8"
opcode,0x000cd700,"AABBTreeCollider::_Collide(const AABBNoLeafNode*, const AABBNoLeafNode*) [2nd instantiation]",oracle,0x000d0833,(x+y)+z,"0,132|144,4/156,8"
opcode,0x000cd700,"AABBTreeCollider::_Collide(const AABBNoLeafNode*, const AABBNoLeafNode*) [2nd instantiation]",oracle,0x000d0863,(y+z)+x,"136,4|148,8/0,124"
opcode,0x000cd700,"AABBTreeCollider::_Collide(const AABBNoLeafNode*, const AABBNoLeafNode*) [2nd instantiation]",oracle,0x000d088d,(x+y)+z,"0,128|140,4/152,8"
opcode,0x000cd700,"AABBTreeCollider::_Collide(const AABBNoLeafNode*, const AABBNoLeafNode*) [2nd instantiation]",oracle,0x000d08bf,(x+y)+z,"0,132|144,4/156,8"
opcode,0x000cd700,"AABBTreeCollider::_Collide(const AABBNoLeafNode*, const AABBNoLeafNode*) [2nd instantiation]",candidate,0x0008f37f,?,"0,0,124,124,136,148,172,4,8|0,128,128,140,152,176,4,8/132"
opcode,0x000cd700,"AABBTreeCollider::_Collide(const AABBNoLeafNode*, const AABBNoLeafNode*) [2nd instantiation]",candidate,0x0008f3da,?,"0,0,124,136,136,148,172,4,8|0,128,140,140,152,176,4,8/144"
opcode,0x000cd700,"AABBTreeCollider::_Collide(const AABBNoLeafNode*, const AABBNoLeafNode*) [2nd instantiation]",candidate,0x0008f3fb,?,64|68/72
opcode,0x000cd700,"AABBTreeCollider::_Collide(const AABBNoLeafNode*, const AABBNoLeafNode*) [2nd instantiation]",candidate,0x0008f435,?,"0,0,124,136,148,148,172,4,8|0,128,140,152,152,176,4,8/156"
opcode,0x000cd700,"AABBTreeCollider::_Collide(const AABBNoLeafNode*, const AABBNoLeafNode*) [2nd instantiation]",candidate,0x0008f4b6,?,56|60/76
opcode,0x000cd700,"AABBTreeCollider::_Collide(const AABBNoLeafNode*, const AABBNoLeafNode*) [2nd instantiation]",candidate,0x0008f50b,?,68|72/76
opcode,0x000cd700,"AABBTreeCollider::_Collide(const AABBNoLeafNode*, const AABBNoLeafNode*) [2nd instantiation]",candidate,0x0008f5b2,?,52|60/80
opcode,0x000cd700,"AABBTreeCollider::_Collide(const AABBNoLeafNode*, const AABBNoLeafNode*) [2nd instantiation]",candidate,0x0008f6d2,?,52|56/84
opcode,0x000cd700,"AABBTreeCollider::_Collide(const AABBNoLeafNode*, const AABBNoLeafNode*) [2nd instantiation]",candidate,0x0008f72b,?,64|68/84
opcode,0x000cd700,"AABBTreeCollider::_Collide(const AABBNoLeafNode*, const AABBNoLeafNode*) [2nd instantiation]",candidate,0x0008fd91,?,"0,0,0i,100,112,160,4,4i,8,8,88,8i|0,0,116,164,8i/120"
opcode,0x000cd700,"AABBTreeCollider::_Collide(const AABBNoLeafNode*, const AABBNoLeafNode*) [2nd instantiation]",candidate,0x0008fdaf,?,"0,0,0i,0i,104,104,116,164,4i,4i,8i,92,92|0,0,0i,100,112,160,4,4i,8,8,88,8i/0i,0i,108,108,120,168,168,4i,4i,8i,8i,96,96"
opcode,0x000cd700,"AABBTreeCollider::_Collide(const AABBNoLeafNode*, const AABBNoLeafNode*) [2nd instantiation]",candidate,0x0008fdd3,?,"0,0,0i,100,112,160,4,4i,8,8,88,8i|0,0,108/0i,0i,0i,0i,104,104,108,116,120,164,168,168,4i,4i,4i,4i,8i,8i,8i,92,92,96,96"
opcode,0x000cd700,"AABBTreeCollider::_Collide(const AABBNoLeafNode*, const AABBNoLeafNode*) [2nd instantiation]",candidate,0x0009026f,?,"0i,0i,232i,232i,232i,244i,244i,244i,244i,256i,256i,256i,256i,256i,4,4,4,4,4,4,4,4,4,4|232i,256i/232i,256i"
opcode,0x000cd700,"AABBTreeCollider::_Collide(const AABBNoLeafNode*, const AABBNoLeafNode*) [2nd instantiation]",candidate,0x00090787,?,"0,0i,0i,100,100,112,112,160,160,4i,4i,88,88,8i,8i|0,0i,100,112,116,160,164,4i,88,8i,8i/0i,100,112,120,160,4,4,4,4,4i,8,8,88,8i"
opcode,0x000cd700,"AABBTreeCollider::_Collide(const AABBNoLeafNode*, const AABBNoLeafNode*) [2nd instantiation]",candidate,0x000907ab,?,"0,0i,0i,0i,100,104,104,112,116,160,164,4i,4i,4i,88,8i,8i,92,92|0,0i,0i,100,100,112,112,160,160,4i,4i,88,88,8i,8i/0i,0i,0i,100,108,108,112,120,160,168,168,4,4,4,4,4i,4i,4i,8,8,88,8i,8i,8i,96,96"
opcode,0x000cd700,"AABBTreeCollider::_Collide(const AABBNoLeafNode*, const AABBNoLeafNode*) [2nd instantiation]",candidate,0x00090b80,?,"0i,0i,0i,0i,0i,0i,0i,0i,232i,232i,232i,232i,256i,256i,256i,256i|0i,0i,0i,0i,232i,256i/0i,0i,0i,0i,232i,256i"
opcode,0x000cd700,"AABBTreeCollider::_Collide(const AABBNoLeafNode*, const AABBNoLeafNode*) [2nd instantiation]",candidate,0x00091950,?,"0,0i,0i,0i,0i,0i,100,100,100,104,108,108,112,112,112,116,120,120,160,160,160,164,168,168,4,4i,4i,4i,4i,4i,4i,8,88,88,88,8i,8i,8i,8i,8i,8i,92,96|0i,0i,0i,0i,0i,0i,0i,0i,0i,0i,0i,0i,0i,0i,0i,0i,0i,100,100,100,100,100,100,104,104,104,104,104,104,108,108,108,108,108,112,112,112,112,112,112,116,116,116,116,116,116,120,120,120,120,120,124,124,136,136,148,148,160,160,160,160,160,160,164,164,164,164,164,164,168,168,168,168,168,172,172,4,4,4,4i,4i,4i,4i,4i,4i,4i,4i,4i,4i,4i,4i,4i,4i,4i,4i,4i,4i,4i,8,88,88,88,88,88,88,8i,8i,8i,8i,8i,8i,8i,8i,8i,8i,8i,8i,8i,8i,8i,8i,8i,8i,8i,92,92,92,92,92,92,96,96,96/0i,108,120,168,4i,8,8,8i,96"
opcode,0x000cd700,"AABBTreeCollider::_Collide(const AABBNoLeafNode*, const AABBNoLeafNode*) [2nd instantiation]",candidate,0x00091b6d,?,"0,0,0i,100,112,160,4,4,4,4,4i,8,8,8,8,88,8i|0,0,0i,104,116,164,4i,8i,92/0,0,0,0,0,0,0i,108,120,168,4,4,4,4,4i,8,8,8,8,8i,96"
opcode,0x000cd700,"AABBTreeCollider::_Collide(const AABBNoLeafNode*, const AABBNoLeafNode*) [2nd instantiation]",candidate,0x00091b8b,?,"0,0,0i,124,136,148,172,4,4,4,4,4i,8,8,8,8,8i|0,0,4/0,0,0,0,0,0,4,4,4,4,8,8,8,8,8"
opcode,0x000cd700,"AABBTreeCollider::_Collide(const AABBNoLeafNode*, const AABBNoLeafNode*) [2nd instantiation]",candidate,0x00091baf,?,"0,0,0i,100,112,160,4,4,4,4,4i,8,8,8,8,88,8i|0,0,0i,104,116,164,4i,8i,92/0,0,0,0,0,0,0i,108,120,168,4,4,4,4,4i,8,8,8,8,8i,96"
opcode,0x000cd700,"AABBTreeCollider::_Collide(const AABBNoLeafNode*, const AABBNoLeafNode*) [2nd instantiation]",candidate,0x00092017,?,"0i,0i,0i,0i,0i,0i,232i,232i,232i,256i,256i,256i,256i,256i|232i,256i/232i,256i"
opcode,0x000cd700,"AABBTreeCollider::_Collide(const AABBNoLeafNode*, const AABBNoLeafNode*) [2nd instantiation]",candidate,0x000922ee,?,"0i,0i,124,124,136,136,148,148,172,172,232,232,232,232,236,236,236,236,240,240,240,256,256,260,260,264,264,4,4,4,4i,4i,8,8i,8i|0i,124,136,148,172,232,232,232,236,240,240,4,4i,8,8i/240,8,8"
opcode,0x000cd700,"AABBTreeCollider::_Collide(const AABBNoLeafNode*, const AABBNoLeafNode*) [2nd instantiation]",candidate,0x0009251d,?,"0,0i,124,136,148,172,232,4,4,4,4,4i,8,8,8,8,8i|0,0i,124,136,148,172,236,4i,8i/0,0,0,0i,0i,0i,124,124,124,136,136,136,148,148,148,172,172,172,240,4,4,4,4,4i,4i,4i,8,8,8,8,8i,8i,8i"
opcode,0x000cd700,"AABBTreeCollider::_Collide(const AABBNoLeafNode*, const AABBNoLeafNode*) [2nd instantiation]",candidate,0x0009253e,?,"0,0i,0i,124,124,136,136,148,148,172,172,4,4,4,4,4i,4i,8,8,8,8,8i,8i|0,0i,124,136,148,172,4,4i,8i/0,0,0,0i,0i,0i,124,124,124,136,136,136,148,148,148,172,172,172,4,4,4,4,4i,4i,4i,8,8,8,8,8,8i,8i,8i"
opcode,0x000cd700,"AABBTreeCollider::_Collide(const AABBNoLeafNode*, const AABBNoLeafNode*) [2nd instantiation]",candidate,0x0009255c,?,"0,0i,124,136,148,172,256,4,4,4,4,4i,8,8,8,8,8i|0,0i,124,136,148,172,260,4i,8i/0,0,0,0i,0i,0i,124,124,124,136,136,136,148,148,148,172,172,172,264,4,4,4,4,4i,4i,4i,8,8,8,8,8i,8i,8i"
opcode,0x000cd700,"AABBTreeCollider::_Collide(const AABBNoLeafNode*, const AABBNoLeafNode*) [2nd instantiation]",candidate,0x000929ce,?,"0i,0i,0i,0i,0i,0i,232i,232i,232i,256i,256i,256i,256i,256i|232i,256i/232i,256i"
opcode,0x000d0cd0,"AABBTreeCollider::_Collide(const AABBCollisionNode*, const AABBCollisionNode*)",oracle,0x000d0d00,(x+z)+y,"0,124|148,8/136,4"
opcode,0x000d0cd0,"AABBTreeCollider::_Collide(const AABBCollisionNode*, const AABBCollisionNode*)",oracle,0x000d0d2c,(y+z)+x,"16,64|20,76/12,52"
opcode,0x000d0cd0,"AABBTreeCollider::_Collide(const AABBCollisionNode*, const AABBCollisionNode*)",oracle,0x000d0d5b,(x+y)+z,"0,128|140,4/152,8"
opcode,0x000d0cd0,"AABBTreeCollider::_Collide(const AABBCollisionNode*, const AABBCollisionNode*)",oracle,0x000d0d88,(y+z)+x,"16,68|20,80/12,56"
opcode,0x000d0cd0,"AABBTreeCollider::_Collide(const AABBCollisionNode*, const AABBCollisionNode*)",oracle,0x000d0db7,(y+z)+x,"144,4|156,8/0,132"
opcode,0x000d0cd0,"AABBTreeCollider::_Collide(const AABBCollisionNode*, const AABBCollisionNode*)",oracle,0x000d0de4,(x+z)+y,"12,60|20,84/16,72"
opcode,0x000d0cd0,"AABBTreeCollider::_Collide(const AABBCollisionNode*, const AABBCollisionNode*)",oracle,0x000d0e14,(x+z)+y,"0,0,124,124,136,148,172,4,8|0,132,132,144,156,180,4,8,8/0,128,128,140,152,176,4,4,8"
opcode,0x000d0cd0,"AABBTreeCollider::_Collide(const AABBCollisionNode*, const AABBCollisionNode*)",oracle,0x000d0e38,(x+z)+y,"12,52|20,60/16,56"
opcode,0x000d0cd0,"AABBTreeCollider::_Collide(const AABBCollisionNode*, const AABBCollisionNode*)",oracle,0x000d0e6b,(y+z)+x,"0,128,140,140,152,176,4,4,8|0,132,144,144,156,180,4,8,8/0,0,124,136,136,148,172,4,8"
opcode,0x000d0cd0,"AABBTreeCollider::_Collide(const AABBCollisionNode*, const AABBCollisionNode*)",oracle,0x000d0e8f,(y+z)+x,"16,68|20,72/12,64"
opcode,0x000d0cd0,"AABBTreeCollider::_Collide(const AABBCollisionNode*, const AABBCollisionNode*)",oracle,0x000d0ec2,(y+z)+x,"0,128,140,152,152,176,4,4,8|0,132,144,156,156,180,4,8,8/0,0,124,136,148,148,172,4,8"
opcode,0x000d0cd0,"AABBTreeCollider::_Collide(const AABBCollisionNode*, const AABBCollisionNode*)",oracle,0x000d0ee6,(y+z)+x,"16,80|20,84/12,76"
opcode,0x000d0cd0,"AABBTreeCollider::_Collide(const AABBCollisionNode*, const AABBCollisionNode*)",oracle,0x000d0f43,?,"16,60|16,76/20,56"
opcode,0x000d0cd0,"AABBTreeCollider::_Collide(const AABBCollisionNode*, const AABBCollisionNode*)",oracle,0x000d0f93,?,"20,52|20,68/12,76"
opcode,0x000d0cd0,"AABBTreeCollider::_Collide(const AABBCollisionNode*, const AABBCollisionNode*)",oracle,0x000d0fe3,?,"12,64|20,80/16,84"
opcode,0x000d0cd0,"AABBTreeCollider::_Collide(const AABBCollisionNode*, const AABBCollisionNode*)",oracle,0x000d102f,?,"12,60|16,80/20,68"
opcode,0x000d0cd0,"AABBTreeCollider::_Collide(const AABBCollisionNode*, const AABBCollisionNode*)",oracle,0x000d107f,?,"20,56|20,64/12,80"
opcode,0x000d0cd0,"AABBTreeCollider::_Collide(const AABBCollisionNode*, const AABBCollisionNode*)",oracle,0x000d10cf,?,"12,68|20,76/16,56"
opcode,0x000d0cd0,"AABBTreeCollider::_Collide(const AABBCollisionNode*, const AABBCollisionNode*)",oracle,0x000d111b,?,"12,56|16,52/20,72"
opcode,0x000d0cd0,"AABBTreeCollider::_Collide(const AABBCollisionNode*, const AABBCollisionNode*)",oracle,0x000d116b,?,"12,68|20,60/12,84"
opcode,0x000d0cd0,"AABBTreeCollider::_Collide(const AABBCollisionNode*, const AABBCollisionNode*)",oracle,0x000d11bb,?,"12,80|16,60/12,72"
opcode,0x000d0cd0,"AABBTreeCollider::_Collide(const AABBCollisionNode*, const AABBCollisionNode*)",candidate,0x0008ec3d,?,"0,0,124,124,136,148,172,4,8|0,128,128,140,152,176,4,4,8/0,132,132,144,156,180,4,8,8"
opcode,0x000d0cd0,"AABBTreeCollider::_Collide(const AABBCollisionNode*, const AABBCollisionNode*)",candidate,0x0008ec5c,?,"12,52|16,56/12,12,16,16,20,20,56,60,60,64,72,84"
opcode,0x000d0cd0,"AABBTreeCollider::_Collide(const AABBCollisionNode*, const AABBCollisionNode*)",candidate,0x0008ec89,?,"0,0,124,136,136,148,172,4,8|0,128,140,140,152,176,4,4,8/0,132,144,144,156,180,4,8,8"
opcode,0x000d0cd0,"AABBTreeCollider::_Collide(const AABBCollisionNode*, const AABBCollisionNode*)",candidate,0x0008ecab,?,"12,64|16,68/12,12,16,16,20,20,56,60,64,72,72,84"
opcode,0x000d0cd0,"AABBTreeCollider::_Collide(const AABBCollisionNode*, const AABBCollisionNode*)",candidate,0x0008ecd7,?,"0,0,124,136,148,148,172,4,8|0,128,140,152,152,176,4,4,8/0,132,144,156,156,180,4,8,8"
opcode,0x000d0cd0,"AABBTreeCollider::_Collide(const AABBCollisionNode*, const AABBCollisionNode*)",candidate,0x0008ecfd,?,"0,0,0,0,124,128,132,136,140,144,148,148,152,152,156,156,172,176,180,4,4,4,4,76,8,8,8,8|16,80/12,12,16,16,20,20,56,60,64,72,84,84"
opcode,0x000d0cd0,"AABBTreeCollider::_Collide(const AABBCollisionNode*, const AABBCollisionNode*)",candidate,0x0008ed4f,?,"12,12,16,16,20,20,56,56,60,64,72,84|16,60/16,76"
opcode,0x000d0cd0,"AABBTreeCollider::_Collide(const AABBCollisionNode*, const AABBCollisionNode*)",candidate,0x0008ed98,?,"12,12,16,16,20,20,56,60,64,68,72,84|16,72/12,76"
opcode,0x000d0cd0,"AABBTreeCollider::_Collide(const AABBCollisionNode*, const AABBCollisionNode*)",candidate,0x0008ede1,?,"12,12,16,16,20,20,56,60,64,72,80,84|16,84/12,64"
opcode,0x000d0cd0,"AABBTreeCollider::_Collide(const AABBCollisionNode*, const AABBCollisionNode*)",candidate,0x0008ee2c,?,"12,12,16,16,20,20,52,56,60,64,72,84|12,60/16,80"
opcode,0x000d0cd0,"AABBTreeCollider::_Collide(const AABBCollisionNode*, const AABBCollisionNode*)",candidate,0x0008ee7d,?,"12,12,16,16,20,20,56,60,64,64,72,84|12,72/12,80"
opcode,0x000d0cd0,"AABBTreeCollider::_Collide(const AABBCollisionNode*, const AABBCollisionNode*)",candidate,0x0008eecc,?,"12,12,16,16,20,20,56,60,64,72,76,84|12,84/12,68"
opcode,0x000d0cd0,"AABBTreeCollider::_Collide(const AABBCollisionNode*, const AABBCollisionNode*)",candidate,0x0008ef14,?,"12,12,12,12,16,16,16,20,20,56,56,56,60,64,68,72,76,84,84|16,52/16,84"
opcode,0x000d0cd0,"AABBTreeCollider::_Collide(const AABBCollisionNode*, const AABBCollisionNode*)",candidate,0x0008ef62,?,"12,68|16,64/12,84"
opcode,0x000d0cd0,"AABBTreeCollider::_Collide(const AABBCollisionNode*, const AABBCollisionNode*)",candidate,0x0008efb2,?,"12,12,12,148,16,16,16,16,20,52,56,56,60,64,68,72,76,80,84,84|16,76/12,12,16,20,60,64,72"
opcode,0x000d14b0,"OPC_PointTriangleSqrDist(const Point&, const Point&, const Point&, const Point&)",oracle,0x000d1509,?,"0,0,0,0|8,8,8,8/4,4,4,4"
opcode,0x000d14b0,"OPC_PointTriangleSqrDist(const Point&, const Point&, const Point&, const Point&)",oracle,0x000d1523,(x+z)+y,"0,0,0,0|8,8,8,8/4,4,4,4"
opcode,0x000d14b0,"OPC_PointTriangleSqrDist(const Point&, const Point&, const Point&, const Point&)",oracle,0x000d1543,(y+z)+x,"4,4,4,4|8,8,8,8/0,0,0,0"
opcode,0x000d14b0,"OPC_PointTriangleSqrDist(const Point&, const Point&, const Point&, const Point&)",oracle,0x000d155d,(x+z)+y,"0,0,0,0|8,8,8,8/4,4,4,4"
opcode,0x000d14b0,"OPC_PointTriangleSqrDist(const Point&, const Point&, const Point&, const Point&)",oracle,0x000d1583,(y+z)+x,"4,4,4,4|8,8,8,8/0,0,0,0"
opcode,0x000d14b0,"OPC_PointTriangleSqrDist(const Point&, const Point&, const Point&, const Point&)",oracle,0x000d15a2,(y+z)+x,"4,4,4,4|8,8,8,8/0,0,0,0"
opcode,0x000d14b0,"OPC_PointTriangleSqrDist(const Point&, const Point&, const Point&, const Point&)",candidate,0x000bfa10,?,"0,0,4,4|0,0,8,8/4,4,8,8"
opcode,0x000d14b0,"OPC_PointTriangleSqrDist(const Point&, const Point&, const Point&, const Point&)",candidate,0x000bfa50,?,"0,0,0,0|4,4,4,4/0,0,0,0"
opcode,0x000d14b0,"OPC_PointTriangleSqrDist(const Point&, const Point&, const Point&, const Point&)",candidate,0x000bfa72,?,"0,0,0,0|4,4,4,4/8,8,8,8"
opcode,0x000d1930,"OPC_SegmentSegmentSqrDist(const Segment&, const Segment&)",oracle,0x000d198b,?,"0,0,12,12|16,16,4,4/20,20,8,8"
opcode,0x000d1930,"OPC_SegmentSegmentSqrDist(const Segment&, const Segment&)",oracle,0x000d19a5,(x+y)+z,"0,0,12,12|16,16,4,4/20,20,8,8"
opcode,0x000d1930,"OPC_SegmentSegmentSqrDist(const Segment&, const Segment&)",oracle,0x000d19c7,(y+z)+x,"16,16,4,4|20,20,8,8/0,0,12,12"
opcode,0x000d1930,"OPC_SegmentSegmentSqrDist(const Segment&, const Segment&)",oracle,0x000d19e1,(x+y)+z,"0,0,0,12|16,4,4,4/20,8,8,8"
opcode,0x000d1930,"OPC_SegmentSegmentSqrDist(const Segment&, const Segment&)",oracle,0x000d1a06,(y+z)+x,"4,4,4,4|8,8,8,8/0,0,0,0"
opcode,0x000d1930,"OPC_SegmentSegmentSqrDist(const Segment&, const Segment&)",oracle,0x000d1a4b,(y+z)+x,"16,4,4,4|20,8,8,8/0,0,0,12"
opcode,0x000d1930,"OPC_SegmentSegmentSqrDist(const Segment&, const Segment&)",oracle,0x000d1dfe,(y+z)+x,"16,4,4,4|20,8,8,8/0,0,0,12"
opcode,0x000d1930,"OPC_SegmentSegmentSqrDist(const Segment&, const Segment&)",oracle,0x000d1e8d,(y+z)+x,"16,4,4,4|20,8,8,8/0,0,0,12"
opcode,0x000d1930,"OPC_SegmentSegmentSqrDist(const Segment&, const Segment&)",candidate,0x000c00e1,(x+z)+y,"0,0,12,12|16,16,4,4/20,20,8,8"
opcode,0x000d1930,"OPC_SegmentSegmentSqrDist(const Segment&, const Segment&)",candidate,0x000c0147,?,"4,4,8,8|4,4,8,8/4,4,8,8"
opcode,0x000d1930,"OPC_SegmentSegmentSqrDist(const Segment&, const Segment&)",candidate,0x000c015f,?,"0,0,12,12|16,16,4,4/20,20,8,8"
opcode,0x000d1930,"OPC_SegmentSegmentSqrDist(const Segment&, const Segment&)",candidate,0x000c0178,?,"0,0,0,0,0,0,0,0,12,12,12,12,12,12,12,12,16,16,16,16,16,16,16,16,20,20,20,20,20,20,20,20,4,4,4,4,4,4,4,4,8,8,8,8,8,8,8,8|0,0,16,4/0,0,12,12,20,20,4,4,8,8,8,8"
opcode,0x000d1930,"OPC_SegmentSegmentSqrDist(const Segment&, const Segment&)",candidate,0x000c01cb,?,"0,12,4,8|16,4,4,8/20,4,8,8"
opcode,0x000d1ed0,"OPC_SegmentTriangleSqrDist(const Segment&, const Point&, const Point&, const Point&)",oracle,0x000d1f64,(x+z)+y,"0,0,12,12|20,20,8,8/16,16,4,4"
opcode,0x000d1ed0,"OPC_SegmentTriangleSqrDist(const Segment&, const Point&, const Point&, const Point&)",oracle,0x000d1f87,(x+z)+y,"0,0,0,12|20,8,8,8/16,4,4,4"
opcode,0x000d1ed0,"OPC_SegmentTriangleSqrDist(const Segment&, const Point&, const Point&, const Point&)",oracle,0x000d1fac,(x+z)+y,"0,0,0,12|20,8,8,8/16,4,4,4"
opcode,0x000d1ed0,"OPC_SegmentTriangleSqrDist(const Segment&, const Point&, const Point&, const Point&)",oracle,0x000d1fce,(x+z)+y,"0,0,0,0|8,8,8,8/4,4,4,4"
opcode,0x000d1ed0,"OPC_SegmentTriangleSqrDist(const Segment&, const Point&, const Point&, const Point&)",oracle,0x000d1ff1,(x+z)+y,"0,0,0,0|8,8,8,8/4,4,4,4"
opcode,0x000d1ed0,"OPC_SegmentTriangleSqrDist(const Segment&, const Point&, const Point&, const Point&)",oracle,0x000d2014,(x+z)+y,"0,0,0,0|8,8,8,8/4,4,4,4"
opcode,0x000d1ed0,"OPC_SegmentTriangleSqrDist(const Segment&, const Point&, const Point&, const Point&)",oracle,0x000d2037,(x+z)+y,"0,0,0,12|20,8,8,8/16,4,4,4"
opcode,0x000d1ed0,"OPC_SegmentTriangleSqrDist(const Segment&, const Point&, const Point&, const Point&)",oracle,0x000d205c,(x+z)+y,"0,0,0,0|8,8,8,8/4,4,4,4"
opcode,0x000d1ed0,"OPC_SegmentTriangleSqrDist(const Segment&, const Point&, const Point&, const Point&)",oracle,0x000d207f,(x+z)+y,"0,0,0,0|8,8,8,8/4,4,4,4"
opcode,0x000d1ed0,"OPC_SegmentTriangleSqrDist(const Segment&, const Point&, const Point&, const Point&)",oracle,0x000d20fc,?,"0,0,0,0,0,0,0,0,0,0,0,0,0,0,0,0,0,12,12,12,16,16,16,20,20,20,4,4,4,4,4,4,4,4,4,4,4,4,4,4,4,4,4,8,8,8,8,8,8,8,8,8,8,8,8,8,8,8,8,8|0,0,0,0,0,0,0,0,0,0,0,0,0,0,0,0,0,12,12,12,16,16,16,20,20,20,4,4,4,4,4,4,4,4,4,4,4,4,4,4,4,4,4,8,8,8,8,8,8,8,8,8,8,8,8,8,8,8,8,8/0,0,0,0,0,0,0,0,0,0,0,0,0,0,0,0,0,0,12,12,16,16,20,20,4,4,4,4,4,4,4,4,4,4,4,4,4,4,4,4,4,4,8,8,8,8,8,8,8,8,8,8,8,8,8,8,8,8,8,8"
opcode,0x000d1ed0,"OPC_SegmentTriangleSqrDist(const Segment&, const Point&, const Point&, const Point&)",oracle,0x000d2187,?,"0,0,0,0,0,0,0,0,0,0,0,0,0,0,0,0,0,0,0,0,0,0,0,0,0,0,0,0,0,0,0,0,0,0,0,0,0,0,0,0,0,0,12,12,12,12,12,12,16,16,16,16,16,16,20,20,20,20,20,20,4,4,4,4,4,4,4,4,4,4,4,4,4,4,4,4,4,4,4,4,4,4,4,4,4,4,4,4,4,4,4,4,4,4,4,4,4,4,4,4,4,4,4,4,4,4,4,4,4,4,4,4,4,4,4,4,4,4,8,8,8,8,8,8,8,8,8,8,8,8,8,8,8,8,8,8,8,8,8,8,8,8,8,8,8,8,8,8,8,8,8,8,8,8,8,8,8,8,8,8|0,0,0,0,0,0,0,0,0,0,0,0,0,0,0,0,0,0,0,0,0,0,0,0,0,0,0,0,0,0,0,0,0,0,0,0,0,0,0,0,0,0,12,12,12,12,12,12,16,16,16,16,16,16,20,20,20,20,20,20,4,4,4,4,4,4,4,4,4,4,4,4,4,4,4,4,4,4,4,4,4,4,4,4,4,4,4,4,4,4,4,4,4,4,4,4,4,4,4,4,4,4,4,4,4,4,4,4,4,4,4,4,4,4,4,4,4,4,8,8,8,8,8,8,8,8,8,8,8,8,8,8,8,8,8,8,8,8,8,8,8,8,8,8,8,8,8,8,8,8,8,8,8,8,8,8,8,8,8,8/0,0,0,0,0,0,0,0,0,0,0,0,0,0,0,0,0,0,0,0,0,0,0,0,0,0,0,0,0,0,0,0,0,0,0,0,0,0,0,0,0,0,0,12,12,12,12,12,16,16,16,16,16,20,20,20,20,20,4,4,4,4,4,4,4,4,4,4,4,4,4,4,4,4,4,4,4,4,4,4,4,4,4,4,4,4,4,4,4,4,4,4,4,4,4,4,4,4,4,4,4,4,4,4,4,4,4,4,4,4,4,4,4,4,4,4,4,8,8,8,8,8,8,8,8,8,8,8,8,8,8,8,8,8,8,8,8,8,8,8,8,8,8,8,8,8,8,8,8,8,8,8,8,8,8,8,8,8,8,8"
opcode,0x000d1ed0,"OPC_SegmentTriangleSqrDist(const Segment&, const Point&, const Point&, const Point&)",oracle,0x000d21c0,?,"0,0,0,0,0,0,0,0,0,0,0,0,0,0,0,0,0,0,0,0,0,0,0,0,0,0,0,0,0,0,0,0,0,0,0,0,0,0,0,0,12,12,12,12,12,12,12,12,16,16,16,16,16,16,16,16,20,20,20,20,20,20,20,20,4,4,4,4,4,4,4,4,4,4,4,4,4,4,4,4,4,4,4,4,4,4,4,4,4,4,4,4,4,4,4,4,4,4,4,4,4,4,4,4,4,4,4,4,4,4,4,4,4,4,4,4,4,4,4,4,8,8,8,8,8,8,8,8,8,8,8,8,8,8,8,8,8,8,8,8,8,8,8,8,8,8,8,8,8,8,8,8,8,8,8,8,8,8,8,8|0,0,0,0,0,0,0,0,0,0,0,0,0,0,0,0,0,0,0,0,0,0,0,0,0,0,0,0,0,0,0,0,0,0,0,0,0,0,0,0,12,12,12,12,12,12,12,12,16,16,16,16,16,16,16,16,20,20,20,20,20,20,20,20,4,4,4,4,4,4,4,4,4,4,4,4,4,4,4,4,4,4,4,4,4,4,4,4,4,4,4,4,4,4,4,4,4,4,4,4,4,4,4,4,4,4,4,4,4,4,4,4,4,4,4,4,4,4,4,4,8,8,8,8,8,8,8,8,8,8,8,8,8,8,8,8,8,8,8,8,8,8,8,8,8,8,8,8,8,8,8,8,8,8,8,8,8,8,8,8/0,0,0,0,0,0,0,0,0,0,0,0,0,0,0,0,0,0,0,0,0,0,0,0,0,0,0,0,0,0,0,0,0,0,0,0,0,0,0,0,0,12,12,12,12,12,12,12,16,16,16,16,16,16,16,20,20,20,20,20,20,20,4,4,4,4,4,4,4,4,4,4,4,4,4,4,4,4,4,4,4,4,4,4,4,4,4,4,4,4,4,4,4,4,4,4,4,4,4,4,4,4,4,4,4,4,4,4,4,4,4,4,4,4,4,4,4,4,4,8,8,8,8,8,8,8,8,8,8,8,8,8,8,8,8,8,8,8,8,8,8,8,8,8,8,8,8,8,8,8,8,8,8,8,8,8,8,8,8,8"
opcode,0x000d1ed0,"OPC_SegmentTriangleSqrDist(const Segment&, const Point&, const Point&, const Point&)",oracle,0x000d21fa,?,"0,0,0,0,0,0,0,0,0,0,0,0,0,0,0,0,0,0,0,0,0,0,0,0,0,0,0,0,0,0,0,0,0,0,0,0,0,0,0,0,12,12,12,12,12,12,12,12,16,16,16,16,16,16,16,16,20,20,20,20,20,20,20,20,4,4,4,4,4,4,4,4,4,4,4,4,4,4,4,4,4,4,4,4,4,4,4,4,4,4,4,4,4,4,4,4,4,4,4,4,4,4,4,4,4,4,4,4,4,4,4,4,4,4,4,4,4,4,4,4,8,8,8,8,8,8,8,8,8,8,8,8,8,8,8,8,8,8,8,8,8,8,8,8,8,8,8,8,8,8,8,8,8,8,8,8,8,8,8,8|0,0,0,0,0,0,0,0,0,0,0,0,0,0,0,0,0,0,0,0,0,0,0,0,0,0,0,0,0,0,0,0,0,0,0,0,0,0,0,0,12,12,12,12,12,12,12,12,16,16,16,16,16,16,16,16,20,20,20,20,20,20,20,20,4,4,4,4,4,4,4,4,4,4,4,4,4,4,4,4,4,4,4,4,4,4,4,4,4,4,4,4,4,4,4,4,4,4,4,4,4,4,4,4,4,4,4,4,4,4,4,4,4,4,4,4,4,4,4,4,8,8,8,8,8,8,8,8,8,8,8,8,8,8,8,8,8,8,8,8,8,8,8,8,8,8,8,8,8,8,8,8,8,8,8,8,8,8,8,8/0,0,0,0,0,0,0,0,0,0,0,0,0,0,0,0,0,0,0,0,0,0,0,0,0,0,0,0,0,0,0,0,0,0,0,0,0,0,0,0,0,12,12,12,12,12,12,12,16,16,16,16,16,16,16,20,20,20,20,20,20,20,4,4,4,4,4,4,4,4,4,4,4,4,4,4,4,4,4,4,4,4,4,4,4,4,4,4,4,4,4,4,4,4,4,4,4,4,4,4,4,4,4,4,4,4,4,4,4,4,4,4,4,4,4,4,4,4,4,8,8,8,8,8,8,8,8,8,8,8,8,8,8,8,8,8,8,8,8,8,8,8,8,8,8,8,8,8,8,8,8,8,8,8,8,8,8,8,8,8"
opcode,0x000d1ed0,"OPC_SegmentTriangleSqrDist(const Segment&, const Point&, const Point&, const Point&)",oracle,0x000d2815,?,"0,0,0,0,4,4,4,4,8,8,8,8|0,0,0,12,16,20,4,4,4,8,8,8/0,0,0,0,0,0,0,0,0,0,0,0,0,0,0,0,0,0,0,0,0,0,0,0,0,0,0,12,12,12,12,12,16,16,16,16,16,20,20,20,20,20,4,4,4,4,4,4,4,4,4,4,4,4,4,4,4,4,4,4,4,4,4,4,4,4,4,4,4,4,4,4,4,4,4,4,4,4,4,4,4,4,4,4,4,8,8,8,8,8,8,8,8,8,8,8,8,8,8,8,8,8,8,8,8,8,8,8,8,8,8,8"
opcode,0x000d1ed0,"OPC_SegmentTriangleSqrDist(const Segment&, const Point&, const Point&, const Point&)",oracle,0x000d2848,?,"0,0,0,0,4,4,4,4,8,8,8,8|0,0,0,12,16,20,4,4,4,8,8,8/0,0,0,0,0,0,0,0,0,0,0,0,0,0,0,0,0,0,0,0,0,0,0,0,0,0,0,12,12,12,12,12,16,16,16,16,16,20,20,20,20,20,4,4,4,4,4,4,4,4,4,4,4,4,4,4,4,4,4,4,4,4,4,4,4,4,4,4,4,4,4,4,4,4,4,4,4,4,4,4,4,4,4,4,4,8,8,8,8,8,8,8,8,8,8,8,8,8,8,8,8,8,8,8,8,8,8,8,8,8,8,8"
opcode,0x000d1ed0,"OPC_SegmentTriangleSqrDist(const Segment&, const Point&, const Point&, const Point&)",oracle,0x000d287c,?,"|0,0,0,0,0,0,0,0,0,0,0,0,0,0,0,0,0,0,0,0,0,0,0,0,0,0,0,0,12,12,12,12,16,16,16,16,16,16,20,20,20,20,4,4,4,4,4,4,4,4,4,4,4,4,4,4,4,4,4,4,4,4,4,4,4,4,4,4,4,4,4,4,4,4,4,4,8,8,8,8,8,8,8,8,8,8,8,8,8,8,8,8,8,8,8,8,8,8,8,8,8,8,8,8/0,0,0,0,0,0,0,0,0,0,0,0,0,0,0,0,0,0,0,0,0,0,0,0,0,0,0,0,0,0,0,0,0,0,0,0,0,0,0,0,0,0,0,0,0,0,0,0,0,0,0,0,0,0,0,0,0,0,0,0,0,0,0,0,0,0,0,0,0,0,0,0,0,0,0,0,0,0,0,0,0,0,0,0,12,12,12,12,12,12,12,12,12,12,12,12,16,16,16,16,16,16,16,16,16,16,16,16,16,16,16,16,20,20,20,20,20,20,20,20,20,20,20,20,4,4,4,4,4,4,4,4,4,4,4,4,4,4,4,4,4,4,4,4,4,4,4,4,4,4,4,4,4,4,4,4,4,4,4,4,4,4,4,4,4,4,4,4,4,4,4,4,4,4,4,4,4,4,4,4,4,4,4,4,4,4,4,4,4,4,4,4,4,4,4,4,4,4,4,4,4,4,4,4,4,4,4,4,4,4,4,4,4,4,4,4,4,4,4,4,4,4,4,4,4,4,4,4,8,8,8,8,8,8,8,8,8,8,8,8,8,8,8,8,8,8,8,8,8,8,8,8,8,8,8,8,8,8,8,8,8,8,8,8,8,8,8,8,8,8,8,8,8,8,8,8,8,8,8,8,8,8,8,8,8,8,8,8,8,8,8,8,8,8,8,8,8,8,8,8,8,8,8,8,8,8,8,8,8,8,8,8"
opcode,0x000d1ed0,"OPC_SegmentTriangleSqrDist(const Segment&, const Point&, const Point&, const Point&)",candidate,0x000c097a,?,"0,12,8,8|16,4,8,8/0,0,20,8"
opcode,0x000d1ed0,"OPC_SegmentTriangleSqrDist(const Segment&, const Point&, const Point&, const Point&)",candidate,0x000c09ca,?,"0,0,0,0|0,0,0,12,16,20,4,8,8,8,8,8,8,8/0,0,4,4"
opcode,0x000d1ed0,"OPC_SegmentTriangleSqrDist(const Segment&, const Point&, const Point&, const Point&)",candidate,0x000c09dd,?,"0,0,0,0|0,0,0,0,0,0,12,12,16,16,20,20,4,4,8,8,8,8,8,8,8,8,8,8/4,4,4,4"
opcode,0x000d1ed0,"OPC_SegmentTriangleSqrDist(const Segment&, const Point&, const Point&, const Point&)",candidate,0x000c09f9,?,"0,0,0,0|4,4,4,4/0,0,0,0,0,0,0,0,4,4,4,4,8,8,8,8"
opcode,0x000d1ed0,"OPC_SegmentTriangleSqrDist(const Segment&, const Point&, const Point&, const Point&)",candidate,0x000c0a15,?,"0,0,0,0|0,0,0,12,16,20,4,4,4,8,8,8,8,8/0,0,0,0,4,4,4,4,8,8"
opcode,0x000d1ed0,"OPC_SegmentTriangleSqrDist(const Segment&, const Point&, const Point&, const Point&)",candidate,0x000c0a5a,?,"0,0,0,12|0,0,0,12,16,16,16,20,4,4,4,8,8,8,8,8/0,0,0,12,16,4,4,4"
opcode,0x000d1ed0,"OPC_SegmentTriangleSqrDist(const Segment&, const Point&, const Point&, const Point&)",candidate,0x000c0b75,?,"0,0,0,0,0,0,0,0,0,0,0,0,0,0,0,0,0,0,0,0,0,0,0,0,0,0,0,0,0,0,0,0,0,0,0,0,0,0,0,0,0,0,0,0,0,0,0,0,0,0,0,0,0,0,0,0,0,0,0,0,0,0,0,0,0,0,0,0,0,0,0,0,0,0,0,0,0,0,0,0,0,0,0,0,0,12,12,12,12,12,12,12,16,16,16,20,20,20,20,20,20,20,20,20,20,4,4,4,4,4,4,4,4,4,4,4,4,4,4,4,4,4,4,4,4,4,4,4,4,4,4,4,4,4,4,4,4,4,4,4,4,4,4,4,4,4,4,4,4,4,4,4,4,4,4,4,8,8,8,8,8,8,8,8,8,8,8,8,8,8,8,8,8,8,8,8,8,8,8,8,8,8,8,8,8,8,8,8,8,8,8,8,8,8|0,0,0,0,0,0,0,0,0,0,0,0,0,0,0,0,0,0,0,0,0,0,0,0,0,0,0,0,0,0,0,0,0,0,0,0,0,0,0,0,0,0,0,0,0,0,0,0,0,0,0,0,0,0,0,0,0,0,0,0,0,0,0,0,0,0,0,0,0,0,0,12,12,12,12,12,16,20,20,20,20,20,20,20,20,4,4,4,4,4,4,4,4,4,4,4,4,4,4,4,4,4,4,4,4,4,4,4,4,4,4,4,4,4,4,4,4,4,4,4,4,4,4,4,4,4,4,4,8,8,8,8,8,8,8,8,8,8,8,8,8,8,8,8,8,8,8,8,8,8,8,8,8,8,8,8,8,8/0,0,0,0,0,0,0,0,0,0,0,0,0,0,0,0,0,0,0,0,0,0,0,0,0,0,0,0,0,0,0,0,0,0,0,0,0,0,0,0,0,0,0,0,0,0,0,0,0,0,0,0,0,0,0,0,0,0,0,0,0,0,0,0,0,0,0,12,12,12,12,12,16,20,20,20,20,20,20,20,20,4,4,4,4,4,4,4,4,4,4,4,4,4,4,4,4,4,4,4,4,4,4,4,4,4,4,4,4,4,4,4,4,4,4,4,4,4,4,4,4,4,4,4,8,8,8,8,8,8,8,8,8,8,8,8,8,8,8,8,8,8,8,8,8,8,8,8"
opcode,0x000d1ed0,"OPC_SegmentTriangleSqrDist(const Segment&, const Point&, const Point&, const Point&)",candidate,0x000c0bcc,?,"0,0,0,0,0,0,0,0,0,0,0,0,0,0,0,0,0,0,0,0,0,0,0,0,0,0,0,0,0,0,0,0,0,0,0,0,0,0,0,0,0,0,0,0,0,0,0,0,0,0,0,0,0,0,0,0,0,0,0,0,0,0,0,0,0,0,0,0,0,0,0,0,0,0,0,0,0,0,0,0,0,0,0,0,0,0,0,0,0,0,0,0,0,0,0,0,0,0,0,12,12,12,12,12,12,12,12,12,16,16,16,16,16,20,20,20,20,20,20,20,20,20,20,20,20,4,4,4,4,4,4,4,4,4,4,4,4,4,4,4,4,4,4,4,4,4,4,4,4,4,4,4,4,4,4,4,4,4,4,4,4,4,4,4,4,4,4,4,4,4,4,4,4,4,4,4,4,4,4,4,4,4,8,8,8,8,8,8,8,8,8,8,8,8,8,8,8,8,8,8,8,8,8,8,8,8,8,8,8,8,8,8,8,8,8,8,8,8,8,8,8,8,8,8,8,8,8,8,8,8,8,8,8,8|0,0,0,0,0,0,0,0,0,0,0,0,0,0,0,0,0,0,0,0,0,0,0,0,0,0,0,0,0,0,0,0,0,0,0,0,0,0,0,0,0,0,0,0,0,0,0,0,0,0,0,0,0,0,0,0,0,0,0,0,0,0,0,0,0,0,0,0,0,0,0,0,0,0,0,0,0,0,12,12,12,12,12,12,16,16,20,20,20,20,20,20,20,20,20,4,4,4,4,4,4,4,4,4,4,4,4,4,4,4,4,4,4,4,4,4,4,4,4,4,4,4,4,4,4,4,4,4,4,4,4,4,4,4,4,4,4,4,4,4,4,8,8,8,8,8,8,8,8,8,8,8,8,8,8,8,8,8,8,8,8,8,8,8,8,8,8,8,8,8,8,8,8,8/0,0,0,0,0,0,0,0,0,0,0,0,0,0,0,0,0,0,0,0,0,0,0,0,0,0,0,0,0,0,0,0,0,0,0,0,0,0,0,0,0,0,0,0,0,0,0,0,0,0,0,0,0,0,0,0,0,0,0,0,0,0,0,0,0,0,0,0,0,0,0,0,0,0,0,0,0,0,12,12,12,12,12,12,16,16,20,20,20,20,20,20,20,20,20,4,4,4,4,4,4,4,4,4,4,4,4,4,4,4,4,4,4,4,4,4,4,4,4,4,4,4,4,4,4,4,4,4,4,4,4,4,4,4,4,4,4,4,4,4,4,4,4,8,8,8,8,8,8,8,8,8,8,8,8,8,8,8,8,8,8,8,8,8,8,8,8,8,8,8,8,8,8,8,8,8"
opcode,0x000d1ed0,"OPC_SegmentTriangleSqrDist(const Segment&, const Point&, const Point&, const Point&)",candidate,0x000c0bfa,?,"0,0,0,0,0,0,0,0,0,0,0,0,0,0,0,0,0,0,0,0,0,0,0,0,0,0,0,0,0,0,0,0,0,0,0,0,0,0,0,0,0,0,0,0,0,0,0,0,0,0,0,0,0,0,0,0,0,0,0,0,0,0,0,0,0,0,0,0,0,0,0,0,0,0,0,0,0,0,0,0,0,0,0,0,0,0,12,12,12,12,12,12,16,16,20,20,20,20,20,20,20,20,20,4,4,4,4,4,4,4,4,4,4,4,4,4,4,4,4,4,4,4,4,4,4,4,4,4,4,4,4,4,4,4,4,4,4,4,4,4,4,4,4,4,4,4,4,4,4,4,4,4,4,4,4,8,8,8,8,8,8,8,8,8,8,8,8,8,8,8,8,8,8,8,8,8,8,8,8,8,8,8,8,8,8,8,8,8|0,0,0,0,0,0,0,0,0,0,0,0,0,0,0,0,0,0,0,0,0,0,0,0,0,0,0,0,0,0,0,0,0,0,0,0,0,0,0,0,0,0,0,0,0,0,0,0,0,0,0,0,0,0,0,0,0,0,0,0,0,0,0,0,0,0,0,0,0,0,0,0,0,0,0,0,0,0,0,0,12,12,12,12,12,12,16,16,20,20,20,20,20,20,20,20,20,4,4,4,4,4,4,4,4,4,4,4,4,4,4,4,4,4,4,4,4,4,4,4,4,4,4,4,4,4,4,4,4,4,4,4,4,4,4,4,4,4,4,4,4,4,4,8,8,8,8,8,8,8,8,8,8,8,8,8,8,8,8,8,8,8,8,8,8,8,8,8,8,8,8,8,8,8,8,8,8,8,8,8/0,0,0,0,0,0,0,0,0,0,0,0,0,0,0,0,0,0,0,0,0,0,0,0,0,0,0,0,0,0,0,0,0,0,0,0,0,0,0,0,0,0,0,0,0,0,0,0,0,0,0,0,0,0,0,0,0,0,0,0,0,0,0,0,0,0,0,0,0,0,0,0,0,0,0,0,12,12,12,12,12,12,16,16,20,20,20,20,20,20,20,20,20,4,4,4,4,4,4,4,4,4,4,4,4,4,4,4,4,4,4,4,4,4,4,4,4,4,4,4,4,4,4,4,4,4,4,4,4,4,4,4,4,4,4,4,4,8,8,8,8,8,8,8,8,8,8,8,8,8,8,8,8,8,8,8,8,8,8,8,8,8,8,8,8,8,8,8"
opcode,0x000d1ed0,"OPC_SegmentTriangleSqrDist(const Segment&, const Point&, const Point&, const Point&)",candidate,0x000c12ce,?,"0,0,0,0|8,8,8,8/0,0,0,0"
opcode,0x000d1ed0,"OPC_SegmentTriangleSqrDist(const Segment&, const Point&, const Point&, const Point&)",candidate,0x000c12f9,?,"0,0,0,0,0,0,0,0,0,0,0,0,0,0,0,0,0,0,0,0,0,0,0,0,0,0,0,0,0,0,0,0,0,0,0,0,0,0,0,0,0,0,0,0,0,0,0,0,0,0,0,0,0,0,0,0,0,0,0,0,0,0,0,0,0,0,0,0,0,0,0,0,0,0,0,0,0,0,0,0,0,0,0,0,0,0,0,0,0,0,0,0,0,0,0,0,0,0,0,0,0,0,0,0,0,0,0,0,0,0,0,0,0,0,0,0,0,0,0,0,0,0,0,0,12,12,12,12,12,12,16,16,16,16,20,20,20,20,20,20,4,4,4,4,4,4,4,4,4,4,4,4,4,4,4,4,4,4,4,4,4,4,4,4,4,4,4,4,4,4,4,4,4,4,4,4,4,4,4,4,4,4,4,4,4,4,4,4,4,4,4,4,4,4,4,4,4,4,4,4,4,4,4,4,4,4,4,4,4,4,4,4,4,4,4,4,4,4,4,4,4,4,8,8,8,8,8,8,8,8,8,8,8,8,8,8,8,8,8,8,8,8,8,8,8,8,8,8,8,8,8,8,8,8,8,8,8,8,8,8,8,8,8,8,8,8,8,8,8,8,8,8|0,0,0,0,4,4,8,8/0,0,0,0,0,0,0,0,0,0,0,0,0,0,0,0,0,0,0,0,0,0,0,0,0,0,0,0,0,0,0,0,0,0,0,0,0,0,0,0,0,0,0,0,0,0,0,0,0,0,0,0,0,0,0,0,0,0,0,0,0,0,0,0,0,0,0,0,0,0,0,0,0,0,0,0,0,0,0,0,0,0,0,0,0,0,0,0,0,0,0,0,0,0,0,0,0,0,0,0,0,0,0,0,0,0,0,0,0,0,0,0,0,0,0,0,12,12,12,12,12,12,16,16,16,16,20,20,20,20,20,20,4,4,4,4,4,4,4,4,4,4,4,4,4,4,4,4,4,4,4,4,4,4,4,4,4,4,4,4,4,4,4,4,4,4,4,4,4,4,4,4,4,4,4,4,4,4,4,4,4,4,4,4,4,4,4,4,4,4,4,4,4,4,4,4,4,4,4,4,4,4,4,4,4,4,8,8,8,8,8,8,8,8,8,8,8,8,8,8,8,8,8,8,8,8,8,8,8,8,8,8,8,8,8,8,8,8,8,8,8,8,8,8,8,8,8,8,8,8,8,8"
opcode,0x000d1ed0,"OPC_SegmentTriangleSqrDist(const Segment&, const Point&, const Point&, const Point&)",candidate,0x000c1324,?,"0,0,0,0,0,0,0,0,0,0,0,0,0,0,0,0,0,0,0,0,0,0,0,0,0,0,0,0,0,0,0,0,0,0,0,0,0,0,0,0,0,0,0,0,0,0,0,0,0,0,0,0,0,0,0,0,0,0,0,0,0,0,0,0,0,0,0,0,0,0,0,0,0,0,0,0,0,0,0,0,0,0,0,0,0,0,0,0,0,0,0,0,0,0,0,0,0,0,0,0,0,0,0,0,0,0,0,0,0,0,0,0,0,0,0,12,12,12,12,12,16,16,16,20,20,20,20,20,4,4,4,4,4,4,4,4,4,4,4,4,4,4,4,4,4,4,4,4,4,4,4,4,4,4,4,4,4,4,4,4,4,4,4,4,4,4,4,4,4,4,4,4,4,4,4,4,4,4,4,4,4,4,4,4,4,4,4,4,4,4,4,4,4,4,4,4,4,4,4,4,4,4,4,8,8,8,8,8,8,8,8,8,8,8,8,8,8,8,8,8,8,8,8,8,8,8,8,8,8,8,8,8,8,8,8,8,8,8,8,8,8,8,8,8,8,8|0,0,0,0,0,0,0,0,0,0,0,0,0,0,0,0,12,12,16,16,20,20,4,4,4,4,4,4,4,4,8,8,8,8,8,8,8,8,8,8,8,8/0,0,0,0,4,4,4,4,8,8"
opcode,0x000d1ed0,"OPC_SegmentTriangleSqrDist(const Segment&, const Point&, const Point&, const Point&)",candidate,0x000c1350,?,"0,0|0,0,0,0,0,0,0,0,0,0,0,0,0,0,0,0,0,0,0,0,0,0,0,0,0,0,0,0,0,0,0,0,0,0,0,0,0,0,0,0,0,0,0,0,0,0,0,0,0,0,0,0,0,0,0,0,0,0,0,0,0,0,0,0,0,0,0,0,0,0,0,0,0,0,0,0,0,0,0,0,0,0,0,0,0,0,0,0,0,0,0,0,0,0,0,0,0,0,0,0,0,0,0,0,0,0,0,0,0,0,0,0,0,0,0,0,0,0,0,0,0,0,0,0,0,12,12,12,12,12,16,16,16,20,20,20,20,20,4,4,4,4,4,4,4,4,4,4,4,4,4,4,4,4,4,4,4,4,4,4,4,4,4,4,4,4,4,4,4,4,4,4,4,4,4,4,4,4,4,4,4,4,4,4,4,4,4,4,4,4,4,4,4,4,4,4,4,4,4,4,4,4,4,4,4,4,4,4,4,4,4,4,4,4,4,4,4,4,4,4,4,8,8,8,8,8,8,8,8,8,8,8,8,8,8,8,8,8,8,8,8,8,8,8,8,8,8,8,8,8,8,8,8,8,8,8,8,8,8,8,8,8,8,8,8,8,8,8/0,0,0,0,0,0,0,0,0,0,0,0,0,0,0,0,0,0,0,0,0,0,0,0,0,0,0,0,0,0,0,0,0,0,0,0,0,0,0,0,0,0,0,0,0,0,0,0,0,0,0,0,0,0,0,0,0,0,0,0,0,0,0,0,0,0,0,0,0,0,0,0,0,0,0,0,0,0,0,0,0,0,0,0,0,0,0,0,0,0,0,0,0,0,0,0,0,0,0,0,0,0,0,0,0,0,0,0,0,0,0,0,0,0,0,0,0,12,12,12,12,12,16,16,16,20,20,20,20,20,4,4,4,4,4,4,4,4,4,4,4,4,4,4,4,4,4,4,4,4,4,4,4,4,4,4,4,4,4,4,4,4,4,4,4,4,4,4,4,4,4,4,4,4,4,4,4,4,4,4,4,4,4,4,4,4,4,4,4,4,4,4,4,4,4,4,4,4,4,4,4,4,4,4,4,8,8,8,8,8,8,8,8,8,8,8,8,8,8,8,8,8,8,8,8,8,8,8,8,8,8,8,8,8,8,8,8,8,8,8,8,8,8,8,8,8,8,8"
opcode,0x000d34c0,"LSSCollider::InitQuery(LSSCache&, const LSS&, const Matrix4x4*, const Matrix4x4*)",oracle,0x000d3547,(y+z)+x,20|36/4
opcode,0x000d34c0,"LSSCollider::InitQuery(LSSCache&, const LSS&, const Matrix4x4*, const Matrix4x4*)",oracle,0x000d3560,(y+z)+x,24|40/8
opcode,0x000d34c0,"LSSCollider::InitQuery(LSSCache&, const LSS&, const Matrix4x4*, const Matrix4x4*)",oracle,0x000d3578,(x+y)+z,0|16/32
opcode,0x000d34c0,"LSSCollider::InitQuery(LSSCache&, const LSS&, const Matrix4x4*, const Matrix4x4*)",oracle,0x000d359b,(y+z)+x,"20,4|36,8/0,4"
opcode,0x000d34c0,"LSSCollider::InitQuery(LSSCache&, const LSS&, const Matrix4x4*, const Matrix4x4*)",oracle,0x000d35b3,(x+y)+z,"0,8|24,4/40,8"
opcode,0x000d34c0,"LSSCollider::InitQuery(LSSCache&, const LSS&, const Matrix4x4*, const Matrix4x4*)",oracle,0x000d35ca,(y+z)+x,"16,4|32,8/0,0"
opcode,0x000d34c0,"LSSCollider::InitQuery(LSSCache&, const LSS&, const Matrix4x4*, const Matrix4x4*)",oracle,0x000d3613,(x+y)+z,"0,16,32,48|24,40,56,8/20,36,4,52"
opcode,0x000d34c0,"LSSCollider::InitQuery(LSSCache&, const LSS&, const Matrix4x4*, const Matrix4x4*)",oracle,0x000d3639,(x+y)+z,"0,16,32,48|24,40,56,8/20,36,4,52"
opcode,0x000d34c0,"LSSCollider::InitQuery(LSSCache&, const LSS&, const Matrix4x4*, const Matrix4x4*)",oracle,0x000d365c,(x+y)+z,"0,16,32,48|24,40,56,8/20,36,4,52"
opcode,0x000d34c0,"LSSCollider::InitQuery(LSSCache&, const LSS&, const Matrix4x4*, const Matrix4x4*)",oracle,0x000d368c,(x+z)+y,"0,0,16,32,4,48,8|0,20,36,4,4,52,8/0,24,4,40,56,8,8"
opcode,0x000d34c0,"LSSCollider::InitQuery(LSSCache&, const LSS&, const Matrix4x4*, const Matrix4x4*)",oracle,0x000d36b1,(x+z)+y,"0,0,16,32,4,48,8|0,20,36,4,4,52,8/0,24,4,40,56,8,8"
opcode,0x000d34c0,"LSSCollider::InitQuery(LSSCache&, const LSS&, const Matrix4x4*, const Matrix4x4*)",oracle,0x000d36d3,(x+z)+y,"0,0,16,32,4,48,8|0,20,36,4,4,52,8/0,24,4,40,56,8,8"
opcode,0x000d34c0,"LSSCollider::InitQuery(LSSCache&, const LSS&, const Matrix4x4*, const Matrix4x4*)",candidate,0x000bf1d0,(x+y)+z,"0,4|20,4/36,8"
opcode,0x000d34c0,"LSSCollider::InitQuery(LSSCache&, const LSS&, const Matrix4x4*, const Matrix4x4*)",candidate,0x000bf1eb,(x+y)+z,"0,8|24,4/40,8"
opcode,0x000d34c0,"LSSCollider::InitQuery(LSSCache&, const LSS&, const Matrix4x4*, const Matrix4x4*)",candidate,0x000bf236,(x+y)+z,"20,68|4,64/36,72"
opcode,0x000d34c0,"LSSCollider::InitQuery(LSSCache&, const LSS&, const Matrix4x4*, const Matrix4x4*)",candidate,0x000bf251,(x+y)+z,"24,68|64,8/40,72"
opcode,0x000d34c0,"LSSCollider::InitQuery(LSSCache&, const LSS&, const Matrix4x4*, const Matrix4x4*)",candidate,0x000bf30f,(x+y)+z,"0,0,16,32,4,48,8|0,20,36,4,4,52,8/0,24,4,40,56,8,8"
opcode,0x000d34c0,"LSSCollider::InitQuery(LSSCache&, const LSS&, const Matrix4x4*, const Matrix4x4*)",candidate,0x000bf356,(x+y)+z,"0,0,16,20,32,36,4,4,48,52,64,68,72,8|20,36,4,52,64,68,72/24,40,56,64,68,72,8"
opcode,0x000d34c0,"LSSCollider::InitQuery(LSSCache&, const LSS&, const Matrix4x4*, const Matrix4x4*)",candidate,0x000bf375,?,"0,0,16,24,32,4,40,48,56,64,68,72,8,8|20,36,4,52,64,68,72/0,0,16,20,20,24,32,36,36,4,4,4,40,48,52,52,56,64,64,64,68,68,68,72,72,72,8,8"
opcode,0x000d34c0,"LSSCollider::InitQuery(LSSCache&, const LSS&, const Matrix4x4*, const Matrix4x4*)",candidate,0x000bf38f,?,"0,0,16,24,32,4,40,48,56,64,68,72,8,8|20,36,4,52,64,68,72/0,0,16,20,20,24,32,36,36,4,4,4,40,48,52,52,56,64,64,64,68,68,68,72,72,72,8,8"
opcode,0x000d4d30,"OBBCollider::InitQuery(OBBCache&, const OBB&, const Matrix4x4*, const Matrix4x4*)",oracle,0x000d4de7,(y+z)+x,28|32/24
opcode,0x000d4d30,"OBBCollider::InitQuery(OBBCache&, const OBB&, const Matrix4x4*, const Matrix4x4*)",oracle,0x000d4e0d,(x+y)+z,24|28/32
opcode,0x000d4d30,"OBBCollider::InitQuery(OBBCache&, const OBB&, const Matrix4x4*, const Matrix4x4*)",oracle,0x000d4e33,(x+y)+z,24|28/32
opcode,0x000d4d30,"OBBCollider::InitQuery(OBBCache&, const OBB&, const Matrix4x4*, const Matrix4x4*)",oracle,0x000d4e59,(y+z)+x,40|44/36
opcode,0x000d4d30,"OBBCollider::InitQuery(OBBCache&, const OBB&, const Matrix4x4*, const Matrix4x4*)",oracle,0x000d4e7f,(y+z)+x,40|44/36
opcode,0x000d4d30,"OBBCollider::InitQuery(OBBCache&, const OBB&, const Matrix4x4*, const Matrix4x4*)",oracle,0x000d4ea5,(y+z)+x,40|44/36
opcode,0x000d4d30,"OBBCollider::InitQuery(OBBCache&, const OBB&, const Matrix4x4*, const Matrix4x4*)",oracle,0x000d4ed7,(y+z)+x,52|56/48
opcode,0x000d4d30,"OBBCollider::InitQuery(OBBCache&, const OBB&, const Matrix4x4*, const Matrix4x4*)",oracle,0x000d4efd,(y+z)+x,52|56/48
opcode,0x000d4d30,"OBBCollider::InitQuery(OBBCache&, const OBB&, const Matrix4x4*, const Matrix4x4*)",oracle,0x000d4f23,(y+z)+x,52|56/48
opcode,0x000d4d30,"OBBCollider::InitQuery(OBBCache&, const OBB&, const Matrix4x4*, const Matrix4x4*)",oracle,0x000d4f5c,(y+z)+x,"16,4|32,8/0,0"
opcode,0x000d4d30,"OBBCollider::InitQuery(OBBCache&, const OBB&, const Matrix4x4*, const Matrix4x4*)",oracle,0x000d4f89,(x+y)+z,"0,4|20,4/36,8"
opcode,0x000d4d30,"OBBCollider::InitQuery(OBBCache&, const OBB&, const Matrix4x4*, const Matrix4x4*)",oracle,0x000d4fa1,(x+z)+y,"0,8|40,8/24,4"
opcode,0x000d4d30,"OBBCollider::InitQuery(OBBCache&, const OBB&, const Matrix4x4*, const Matrix4x4*)",oracle,0x000d5061,?,"|24,28,32/48,52,56"
opcode,0x000d4d30,"OBBCollider::InitQuery(OBBCache&, const OBB&, const Matrix4x4*, const Matrix4x4*)",oracle,0x000d5093,(y+z)+x,"|48,52,56/36,40,44"
opcode,0x000d4d30,"OBBCollider::InitQuery(OBBCache&, const OBB&, const Matrix4x4*, const Matrix4x4*)",oracle,0x000d50c8,(y+z)+x,|/
opcode,0x000d4d30,"OBBCollider::InitQuery(OBBCache&, const OBB&, const Matrix4x4*, const Matrix4x4*)",oracle,0x000d5101,?,"|24,28,32/48,52,56"
opcode,0x000d4d30,"OBBCollider::InitQuery(OBBCache&, const OBB&, const Matrix4x4*, const Matrix4x4*)",oracle,0x000d513a,(y+z)+x,"|48,52,56/36,40,44"
opcode,0x000d4d30,"OBBCollider::InitQuery(OBBCache&, const OBB&, const Matrix4x4*, const Matrix4x4*)",oracle,0x000d5176,(y+z)+x,|/
opcode,0x000d4d30,"OBBCollider::InitQuery(OBBCache&, const OBB&, const Matrix4x4*, const Matrix4x4*)",oracle,0x000d51af,?,"|24,28,32/48,52,56"
opcode,0x000d4d30,"OBBCollider::InitQuery(OBBCache&, const OBB&, const Matrix4x4*, const Matrix4x4*)",oracle,0x000d51e8,(y+z)+x,"|48,52,56/36,40,44"
opcode,0x000d4d30,"OBBCollider::InitQuery(OBBCache&, const OBB&, const Matrix4x4*, const Matrix4x4*)",oracle,0x000d5224,(y+z)+x,|/
opcode,0x000d4d30,"OBBCollider::InitQuery(OBBCache&, const OBB&, const Matrix4x4*, const Matrix4x4*)",oracle,0x000d525d,?,"|0,20,24,28,32,36,4,4,52,8/48,52,56"
opcode,0x000d4d30,"OBBCollider::InitQuery(OBBCache&, const OBB&, const Matrix4x4*, const Matrix4x4*)",oracle,0x000d5296,(y+z)+x,"|48,52,56/0,0,16,32,36,4,40,44,48,8"
opcode,0x000d4d30,"OBBCollider::InitQuery(OBBCache&, const OBB&, const Matrix4x4*, const Matrix4x4*)",oracle,0x000d52d2,(y+z)+x,"|/0,0,16,32,4,48,8"
opcode,0x000d4d30,"OBBCollider::InitQuery(OBBCache&, const OBB&, const Matrix4x4*, const Matrix4x4*)",oracle,0x000d5307,(y+z)+x,4|8/0
opcode,0x000d4d30,"OBBCollider::InitQuery(OBBCache&, const OBB&, const Matrix4x4*, const Matrix4x4*)",oracle,0x000d5334,(x+y)+z,0|4/8
opcode,0x000d4d30,"OBBCollider::InitQuery(OBBCache&, const OBB&, const Matrix4x4*, const Matrix4x4*)",oracle,0x000d5361,(x+y)+z,0|4/8
opcode,0x000d4d30,"OBBCollider::InitQuery(OBBCache&, const OBB&, const Matrix4x4*, const Matrix4x4*)",oracle,0x000d5396,(y+z)+x,20|24/16
opcode,0x000d4d30,"OBBCollider::InitQuery(OBBCache&, const OBB&, const Matrix4x4*, const Matrix4x4*)",oracle,0x000d53cb,(y+z)+x,20|24/16
opcode,0x000d4d30,"OBBCollider::InitQuery(OBBCache&, const OBB&, const Matrix4x4*, const Matrix4x4*)",oracle,0x000d5400,(y+z)+x,20|24/16
opcode,0x000d4d30,"OBBCollider::InitQuery(OBBCache&, const OBB&, const Matrix4x4*, const Matrix4x4*)",oracle,0x000d5435,(x+z)+y,36|44/40
opcode,0x000d4d30,"OBBCollider::InitQuery(OBBCache&, const OBB&, const Matrix4x4*, const Matrix4x4*)",oracle,0x000d546a,?,32|44/36
opcode,0x000d4d30,"OBBCollider::InitQuery(OBBCache&, const OBB&, const Matrix4x4*, const Matrix4x4*)",oracle,0x000d54d5,?,32|44/36
opcode,0x000d4d30,"OBBCollider::InitQuery(OBBCache&, const OBB&, const Matrix4x4*, const Matrix4x4*)",oracle,0x000d552b,(x+y)+z,48|52/56
opcode,0x000d4d30,"OBBCollider::InitQuery(OBBCache&, const OBB&, const Matrix4x4*, const Matrix4x4*)",oracle,0x000d5567,(x+y)+z,48|52/56
opcode,0x000d4d30,"OBBCollider::InitQuery(OBBCache&, const OBB&, const Matrix4x4*, const Matrix4x4*)",oracle,0x000d559c,(x+y)+z,48|52/56
opcode,0x000d4d30,"OBBCollider::InitQuery(OBBCache&, const OBB&, const Matrix4x4*, const Matrix4x4*)",oracle,0x000d5817,?,"12,4|24,8i/0,0"
opcode,0x000d4d30,"OBBCollider::InitQuery(OBBCache&, const OBB&, const Matrix4x4*, const Matrix4x4*)",oracle,0x000d5838,(x+z)+y,"0,4|28,8/16,4"
opcode,0x000d4d30,"OBBCollider::InitQuery(OBBCache&, const OBB&, const Matrix4x4*, const Matrix4x4*)",oracle,0x000d5859,(x+z)+y,"0,8|32,8/20,4"
opcode,0x000d4d30,"OBBCollider::InitQuery(OBBCache&, const OBB&, const Matrix4x4*, const Matrix4x4*)",oracle,0x000d5879,(y+z)+x,"12,4|24,8/0,0"
opcode,0x000d4d30,"OBBCollider::InitQuery(OBBCache&, const OBB&, const Matrix4x4*, const Matrix4x4*)",oracle,0x000d589a,(x+z)+y,"0,4|28,8/16,4"
opcode,0x000d4d30,"OBBCollider::InitQuery(OBBCache&, const OBB&, const Matrix4x4*, const Matrix4x4*)",oracle,0x000d58bb,(x+z)+y,"0,8|32,8/20,4"
opcode,0x000d4d30,"OBBCollider::InitQuery(OBBCache&, const OBB&, const Matrix4x4*, const Matrix4x4*)",oracle,0x000d58db,(y+z)+x,"12,4|24,8/0,0"
opcode,0x000d4d30,"OBBCollider::InitQuery(OBBCache&, const OBB&, const Matrix4x4*, const Matrix4x4*)",oracle,0x000d58fc,(x+z)+y,"0,4|28,8/16,4"
opcode,0x000d4d30,"OBBCollider::InitQuery(OBBCache&, const OBB&, const Matrix4x4*, const Matrix4x4*)",oracle,0x000d591d,(x+z)+y,"0,8|32,8/20,4"
opcode,0x000d4d30,"OBBCollider::InitQuery(OBBCache&, const OBB&, const Matrix4x4*, const Matrix4x4*)",oracle,0x000d5c8a,(x+z)+y,"0,0,0,0,0,0,0,0,0,0,0,0,12,12,12,12,16,16,16,16,24,24,24,24,28,28,28,28,4,4,4,4,4,4,4,4,4,4,4,4,8,8,8,8,8,8,8,8i|0,0,0,0,0,0,0,0,16,16,16,16,20,20,20,20,28,28,28,28,32,32,32,32,4,4,4,4,4,4,4,4,4,4,4,4,8,8,8,8,8,8,8,8,8,8,8,8/0,0,0,0,0,0,0,0,0,0,0,0,12,12,12,12,20,20,20,20,24,24,24,24,32,32,32,32,4,4,4,4,4,4,4,4,8,8,8,8,8,8,8,8,8,8,8,8i"
opcode,0x000d4d30,"OBBCollider::InitQuery(OBBCache&, const OBB&, const Matrix4x4*, const Matrix4x4*)",oracle,0x000d62bd,?,"12,4|24,8i/0,0"
opcode,0x000d4d30,"OBBCollider::InitQuery(OBBCache&, const OBB&, const Matrix4x4*, const Matrix4x4*)",oracle,0x000d62de,(x+z)+y,"0,4|28,8/16,4"
opcode,0x000d4d30,"OBBCollider::InitQuery(OBBCache&, const OBB&, const Matrix4x4*, const Matrix4x4*)",oracle,0x000d62ff,(x+z)+y,"0,8|32,8/20,4"
opcode,0x000d4d30,"OBBCollider::InitQuery(OBBCache&, const OBB&, const Matrix4x4*, const Matrix4x4*)",oracle,0x000d631f,(y+z)+x,"12,4|24,8/0,0"
opcode,0x000d4d30,"OBBCollider::InitQuery(OBBCache&, const OBB&, const Matrix4x4*, const Matrix4x4*)",oracle,0x000d6340,(x+z)+y,"0,4|28,8/16,4"
opcode,0x000d4d30,"OBBCollider::InitQuery(OBBCache&, const OBB&, const Matrix4x4*, const Matrix4x4*)",oracle,0x000d6361,(x+z)+y,"0,8|32,8/20,4"
opcode,0x000d4d30,"OBBCollider::InitQuery(OBBCache&, const OBB&, const Matrix4x4*, const Matrix4x4*)",oracle,0x000d6381,(y+z)+x,"12,4|24,8/0,0"
opcode,0x000d4d30,"OBBCollider::InitQuery(OBBCache&, const OBB&, const Matrix4x4*, const Matrix4x4*)",oracle,0x000d63a2,(x+z)+y,"0,4|28,8/16,4"
opcode,0x000d4d30,"OBBCollider::InitQuery(OBBCache&, const OBB&, const Matrix4x4*, const Matrix4x4*)",oracle,0x000d63c3,(x+z)+y,"0,8|32,8/20,4"
opcode,0x000d4d30,"OBBCollider::InitQuery(OBBCache&, const OBB&, const Matrix4x4*, const Matrix4x4*)",oracle,0x000d672e,(x+z)+y,"0,0,0,0,0,0,0,0,0,0,0,0,12,12,12,12,16,16,16,16,24,24,24,24,28,28,28,28,4,4,4,4,4,4,4,4,4,4,4,4,8,8,8,8,8,8,8,8i|0,0,0,0,0,0,0,0,16,16,16,16,20,20,20,20,28,28,28,28,32,32,32,32,4,4,4,4,4,4,4,4,4,4,4,4,8,8,8,8,8,8,8,8,8,8,8,8/0,0,0,0,0,0,0,0,0,0,0,0,12,12,12,12,20,20,20,20,24,24,24,24,32,32,32,32,4,4,4,4,4,4,4,4,8,8,8,8,8,8,8,8,8,8,8,8i"
opcode,0x000d4d30,"OBBCollider::InitQuery(OBBCache&, const OBB&, const Matrix4x4*, const Matrix4x4*)",oracle,0x000d6ef0,(y+z)+x,|/0
opcode,0x000d4d30,"OBBCollider::InitQuery(OBBCache&, const OBB&, const Matrix4x4*, const Matrix4x4*)",oracle,0x000d6f15,(y+z)+x,|/
opcode,0x000d4d30,"OBBCollider::InitQuery(OBBCache&, const OBB&, const Matrix4x4*, const Matrix4x4*)",oracle,0x000d6f3a,(y+z)+x,|/
opcode,0x000d4d30,"OBBCollider::InitQuery(OBBCache&, const OBB&, const Matrix4x4*, const Matrix4x4*)",candidate,0x000b24d4,?,"16,28,32,36|24,4/20,28"
opcode,0x000d4d30,"OBBCollider::InitQuery(OBBCache&, const OBB&, const Matrix4x4*, const Matrix4x4*)",candidate,0x000b2524,(x+y)+z,"0,36|16,40/32,44"
opcode,0x000d4d30,"OBBCollider::InitQuery(OBBCache&, const OBB&, const Matrix4x4*, const Matrix4x4*)",candidate,0x000b2543,(x+y)+z,"20,40|36,4/36,44"
opcode,0x000d4d30,"OBBCollider::InitQuery(OBBCache&, const OBB&, const Matrix4x4*, const Matrix4x4*)",candidate,0x000b255e,(y+z)+x,"24,28,40,44,8|24,40/36,8"
opcode,0x000d4d30,"OBBCollider::InitQuery(OBBCache&, const OBB&, const Matrix4x4*, const Matrix4x4*)",candidate,0x000b2590,(x+y)+z,"0,48|16,52/32,56"
opcode,0x000d4d30,"OBBCollider::InitQuery(OBBCache&, const OBB&, const Matrix4x4*, const Matrix4x4*)",candidate,0x000b25af,(x+y)+z,"20,52|4,48/36,56"
opcode,0x000d4d30,"OBBCollider::InitQuery(OBBCache&, const OBB&, const Matrix4x4*, const Matrix4x4*)",candidate,0x000b25c6,(x+y)+z,"24,52|48,8/24,28,40,56,8"
opcode,0x000d4d30,"OBBCollider::InitQuery(OBBCache&, const OBB&, const Matrix4x4*, const Matrix4x4*)",candidate,0x000b2607,(x+y)+z,"0,0|16,4/32,8"
opcode,0x000d4d30,"OBBCollider::InitQuery(OBBCache&, const OBB&, const Matrix4x4*, const Matrix4x4*)",candidate,0x000b2625,(x+y)+z,"0,4|20,4/36,8"
opcode,0x000d4d30,"OBBCollider::InitQuery(OBBCache&, const OBB&, const Matrix4x4*, const Matrix4x4*)",candidate,0x000b2822,(x+y)+z,"|/16,20,24,28,28,32,36,4"
opcode,0x000d4d30,"OBBCollider::InitQuery(OBBCache&, const OBB&, const Matrix4x4*, const Matrix4x4*)",candidate,0x000b2846,(x+y)+z,"|/16,24,28,32,40"
opcode,0x000d4d30,"OBBCollider::InitQuery(OBBCache&, const OBB&, const Matrix4x4*, const Matrix4x4*)",candidate,0x000b28bc,(x+y)+z,"|/16,20,24,28,28,32,36,4"
opcode,0x000d4d30,"OBBCollider::InitQuery(OBBCache&, const OBB&, const Matrix4x4*, const Matrix4x4*)",candidate,0x000b28e0,(x+y)+z,"|/16,24,28,32,40"
opcode,0x000d4d30,"OBBCollider::InitQuery(OBBCache&, const OBB&, const Matrix4x4*, const Matrix4x4*)",candidate,0x000b295c,(x+y)+z,"0|4/16,20,24,28,28,32,36,4,8"
opcode,0x000d4d30,"OBBCollider::InitQuery(OBBCache&, const OBB&, const Matrix4x4*, const Matrix4x4*)",candidate,0x000b2980,(x+y)+z,"0|4/16,24,28,32,40,8"
opcode,0x000d4d30,"OBBCollider::InitQuery(OBBCache&, const OBB&, const Matrix4x4*, const Matrix4x4*)",candidate,0x000b2a17,(x+y)+z,0|4/8
opcode,0x000d4d30,"OBBCollider::InitQuery(OBBCache&, const OBB&, const Matrix4x4*, const Matrix4x4*)",candidate,0x000b2a6d,(x+y)+z,0|4/8
opcode,0x000d4d30,"OBBCollider::InitQuery(OBBCache&, const OBB&, const Matrix4x4*, const Matrix4x4*)",candidate,0x000b2af9,(x+y)+z,16|20/24
opcode,0x000d4d30,"OBBCollider::InitQuery(OBBCache&, const OBB&, const Matrix4x4*, const Matrix4x4*)",candidate,0x000b2b1d,(x+y)+z,16|20/24
opcode,0x000d4d30,"OBBCollider::InitQuery(OBBCache&, const OBB&, const Matrix4x4*, const Matrix4x4*)",candidate,0x000b2b93,(x+y)+z,32|36/40
opcode,0x000d4d30,"OBBCollider::InitQuery(OBBCache&, const OBB&, const Matrix4x4*, const Matrix4x4*)",candidate,0x000b2bb7,(x+y)+z,32|36/40
opcode,0x000d4d30,"OBBCollider::InitQuery(OBBCache&, const OBB&, const Matrix4x4*, const Matrix4x4*)",candidate,0x000b2c2d,(x+y)+z,48|52/56
opcode,0x000d4d30,"OBBCollider::InitQuery(OBBCache&, const OBB&, const Matrix4x4*, const Matrix4x4*)",candidate,0x000b2c51,(x+y)+z,48|52/56
opcode,0x000d4d30,"OBBCollider::InitQuery(OBBCache&, const OBB&, const Matrix4x4*, const Matrix4x4*)",candidate,0x000b35fa,(x+y)+z,"188,276,288|284,296/268,268,280,280"
opcode,0x000d4d30,"OBBCollider::InitQuery(OBBCache&, const OBB&, const Matrix4x4*, const Matrix4x4*)",candidate,0x000b4571,?,"0i,0i,4i,4i,8i,8i|0i,188,4i,8i/0i,0i,0i,0i,0i,0i,0i,0i,0i,0i,0i,0i,0i,0i,0i,0i,0i,0i,0i,0i,0i,0i,0i,0i,0i,0i,4i,4i,4i,4i,4i,4i,4i,4i,4i,4i,4i,4i,4i,4i,4i,4i,4i,4i,4i,4i,4i,4i,4i,4i,4i,4i,8i,8i,8i,8i,8i,8i,8i,8i,8i,8i,8i,8i,8i,8i,8i,8i,8i,8i,8i,8i,8i,8i,8i,8i,8i,8i"
opcode,0x000d4d30,"OBBCollider::InitQuery(OBBCache&, const OBB&, const Matrix4x4*, const Matrix4x4*)",candidate,0x000b51c4,?,"192,80|192,80/184,80"
opcode,0x000d7040,OBBCollider::_Collide(const AABBCollisionNode*),oracle,0x000d7103,(y+z)+x,"128,176,4|132,180,8/0,124,172"
opcode,0x000d7040,OBBCollider::_Collide(const AABBCollisionNode*),oracle,0x000d7127,(y+z)+x,"16,56|20,60/12,52"
opcode,0x000d7040,OBBCollider::_Collide(const AABBCollisionNode*),oracle,0x000d715d,(x+z)+y,"0,136,172|144,180,8/140,176,4"
opcode,0x000d7040,OBBCollider::_Collide(const AABBCollisionNode*),oracle,0x000d7181,(y+z)+x,"16,68|20,72/12,64"
opcode,0x000d7040,OBBCollider::_Collide(const AABBCollisionNode*),oracle,0x000d71b7,(x+z)+y,"0,148,172|156,180,8/152,176,4"
opcode,0x000d7040,OBBCollider::_Collide(const AABBCollisionNode*),oracle,0x000d71db,(y+z)+x,"16,80|20,84/12,76"
opcode,0x000d7040,OBBCollider::_Collide(const AABBCollisionNode*),oracle,0x000d7484,(y+z)+x,"100,4|112,8/0,88"
opcode,0x000d7040,OBBCollider::_Collide(const AABBCollisionNode*),oracle,0x000d74eb,(y+z)+x,"104,4|116,8/0,92"
opcode,0x000d7040,OBBCollider::_Collide(const AABBCollisionNode*),oracle,0x000d754e,(y+z)+x,"108,4|120,8/0,96"
opcode,0x000d7040,OBBCollider::_Collide(const AABBCollisionNode*),oracle,0x000d761d,?,"100,4|112,8i/0,88"
opcode,0x000d7040,OBBCollider::_Collide(const AABBCollisionNode*),oracle,0x000d763e,(y+z)+x,"104,4|116,8/0,92"
opcode,0x000d7040,OBBCollider::_Collide(const AABBCollisionNode*),oracle,0x000d765f,(y+z)+x,"108,4|120,8/0,96"
opcode,0x000d7040,OBBCollider::_Collide(const AABBCollisionNode*),oracle,0x000d7680,(y+z)+x,"100,4|112,8/0,88"
opcode,0x000d7040,OBBCollider::_Collide(const AABBCollisionNode*),oracle,0x000d76a1,(x+z)+y,"0,92|116,8/104,4"
opcode,0x000d7040,OBBCollider::_Collide(const AABBCollisionNode*),oracle,0x000d76c2,(x+z)+y,"0,96|120,8/108,4"
opcode,0x000d7040,OBBCollider::_Collide(const AABBCollisionNode*),oracle,0x000d76e3,(y+z)+x,"100,4|112,8/0,88"
opcode,0x000d7040,OBBCollider::_Collide(const AABBCollisionNode*),oracle,0x000d7704,(x+z)+y,"0,92|116,8/104,4"
opcode,0x000d7040,OBBCollider::_Collide(const AABBCollisionNode*),oracle,0x000d7725,(x+z)+y,"0,96|120,8/108,4"
opcode,0x000d7040,OBBCollider::_Collide(const AABBCollisionNode*),oracle,0x000d7a8e,(x+z)+y,"0,0,0,0,0,0,0,0,100,100,100,100,104,104,104,104,112,112,112,112,116,116,116,116,160,160,160,160,164,164,164,164,192,4,4,4,4,4,4,4,4,8,8,8,8,8,8,8,88,88,88,88,8i,92,92,92,92|0,0,0,0,0,0,0,0,104,104,104,104,108,108,108,108,116,116,116,116,120,120,120,120,164,164,164,164,168,168,168,168,184,4,4,4,4,4,4,4,4,8,8,8,8,8,8,8,8,92,92,92,92,96,96,96,96/0,0,0,0,0,0,0,0,100,100,100,100,108,108,108,108,112,112,112,112,120,120,120,120,160,160,160,160,168,168,168,168,188,4,4,4,4,4,4,4,4,8,8,8,8,8,8,8,88,88,88,88,8i,96,96,96,96"
opcode,0x000d7040,OBBCollider::_Collide(const AABBCollisionNode*),candidate,0x000b6090,?,184|56/60
opcode,0x000d7040,OBBCollider::_Collide(const AABBCollisionNode*),candidate,0x000b6114,?,188|68/72
opcode,0x000d7040,OBBCollider::_Collide(const AABBCollisionNode*),candidate,0x000b61a1,?,192|80/84
opcode,0x000d7040,OBBCollider::_Collide(const AABBCollisionNode*),candidate,0x000b6ba4,(x+z)+y,"0i,0i,104,104,116,116,164,164,4i,4i,8i,8i,92,92|0i,108,120,168,188,4i,8i,96/0i,0i,0i,0i,0i,0i,0i,0i,0i,0i,0i,0i,0i,0i,0i,0i,0i,0i,0i,0i,0i,0i,0i,0i,100,100,100,100,100,100,104,104,104,104,104,104,108,108,108,108,108,108,108,108,108,108,108,108,112,112,112,112,112,112,116,116,116,116,116,116,120,120,120,120,120,120,120,120,120,120,120,120,160,160,160,160,160,160,164,164,164,164,164,164,168,168,168,168,168,168,168,168,168,168,168,168,184,4i,4i,4i,4i,4i,4i,4i,4i,4i,4i,4i,4i,4i,4i,4i,4i,4i,4i,4i,4i,4i,4i,4i,4i,88,88,88,88,88,88,8i,8i,8i,8i,8i,8i,8i,8i,8i,8i,8i,8i,8i,8i,8i,8i,8i,8i,8i,8i,8i,8i,8i,8i,92,92,92,92,92,92,96,96,96,96,96,96,96,96,96,96,96,96"
opcode,0x000d8050,OBBCollider::_CollideNoPrimitiveTest(const AABBCollisionNode*),oracle,0x000d810d,(y+z)+x,"128,176,4|132,180,8/0,124,172"
opcode,0x000d8050,OBBCollider::_CollideNoPrimitiveTest(const AABBCollisionNode*),oracle,0x000d8131,(x+z)+y,"12,52|20,60/16,56"
opcode,0x000d8050,OBBCollider::_CollideNoPrimitiveTest(const AABBCollisionNode*),oracle,0x000d8167,(x+z)+y,"0,136,172|144,180,8/140,176,4"
opcode,0x000d8050,OBBCollider::_CollideNoPrimitiveTest(const AABBCollisionNode*),oracle,0x000d818b,(x+z)+y,"12,64|20,72/16,68"
opcode,0x000d8050,OBBCollider::_CollideNoPrimitiveTest(const AABBCollisionNode*),oracle,0x000d81c1,(x+z)+y,"0,148,172|156,180,8/152,176,4"
opcode,0x000d8050,OBBCollider::_CollideNoPrimitiveTest(const AABBCollisionNode*),oracle,0x000d81e5,(x+z)+y,"12,76|20,84/16,80"
opcode,0x000d8050,OBBCollider::_CollideNoPrimitiveTest(const AABBCollisionNode*),oracle,0x000d848e,(y+z)+x,"100,4|112,8/0,88"
opcode,0x000d8050,OBBCollider::_CollideNoPrimitiveTest(const AABBCollisionNode*),oracle,0x000d84f5,(y+z)+x,"104,4|116,8/0,92"
opcode,0x000d8050,OBBCollider::_CollideNoPrimitiveTest(const AABBCollisionNode*),oracle,0x000d8558,(y+z)+x,"108,4|120,8/0,96"
opcode,0x000d8050,OBBCollider::_CollideNoPrimitiveTest(const AABBCollisionNode*),candidate,0x000bc68b,?,"0,124,128,132,172,180,20,56,8|12,184/176,4,60"
opcode,0x000d8050,OBBCollider::_CollideNoPrimitiveTest(const AABBCollisionNode*),candidate,0x000bca1c,?,"0,88|100,112,16,20,4,88/112,8"
opcode,0x000d8050,OBBCollider::_CollideNoPrimitiveTest(const AABBCollisionNode*),candidate,0x000bcaa7,?,"0,92|104,116,16,20,92/116,8"
opcode,0x000d8620,OBBCollider::_Collide(const AABBQuantizedNode*),oracle,0x000d875b,(y+z)+x,"128,176,24|132,180,28/124,172,20"
opcode,0x000d8620,OBBCollider::_Collide(const AABBQuantizedNode*),oracle,0x000d8782,(x+z)+y,"32,52|40,60/36,56"
opcode,0x000d8620,OBBCollider::_Collide(const AABBQuantizedNode*),oracle,0x000d87b8,(x+z)+y,"136,172,20|144,180,28/140,176,24"
opcode,0x000d8620,OBBCollider::_Collide(const AABBQuantizedNode*),oracle,0x000d87df,(y+z)+x,"36,68|40,72/32,64"
opcode,0x000d8620,OBBCollider::_Collide(const AABBQuantizedNode*),oracle,0x000d8815,(x+z)+y,"148,172,20|156,180,28/152,176,24"
opcode,0x000d8620,OBBCollider::_Collide(const AABBQuantizedNode*),oracle,0x000d883c,(y+z)+x,"36,80|40,84/32,76"
opcode,0x000d8620,OBBCollider::_Collide(const AABBQuantizedNode*),oracle,0x000d8afb,(x+z)+y,"112,28|20,88/100,24"
opcode,0x000d8620,OBBCollider::_Collide(const AABBQuantizedNode*),oracle,0x000d8b69,(y+z)+x,"104,24|116,28/20,92"
opcode,0x000d8620,OBBCollider::_Collide(const AABBQuantizedNode*),oracle,0x000d8bd3,(x+z)+y,"120,28|20,96/108,24"
opcode,0x000d8620,OBBCollider::_Collide(const AABBQuantizedNode*),oracle,0x000d8ca5,?,"100,4i|112,8/0,88"
opcode,0x000d8620,OBBCollider::_Collide(const AABBQuantizedNode*),oracle,0x000d8cc6,(x+y)+z,"0,92|104,4/116,8"
opcode,0x000d8620,OBBCollider::_Collide(const AABBQuantizedNode*),oracle,0x000d8ce7,(x+y)+z,"0,96|108,4/120,8"
opcode,0x000d8620,OBBCollider::_Collide(const AABBQuantizedNode*),oracle,0x000d8d08,(y+z)+x,"100,4|112,8/0,88"
opcode,0x000d8620,OBBCollider::_Collide(const AABBQuantizedNode*),oracle,0x000d8d29,(x+y)+z,"0,92|104,4/116,8"
opcode,0x000d8620,OBBCollider::_Collide(const AABBQuantizedNode*),oracle,0x000d8d4a,(x+y)+z,"0,96|108,4/120,8"
opcode,0x000d8620,OBBCollider::_Collide(const AABBQuantizedNode*),oracle,0x000d8d6b,(y+z)+x,"100,4|112,8/0,88"
opcode,0x000d8620,OBBCollider::_Collide(const AABBQuantizedNode*),oracle,0x000d8d8c,(y+z)+x,"104,4|116,8/0,92"
opcode,0x000d8620,OBBCollider::_Collide(const AABBQuantizedNode*),oracle,0x000d8dad,(y+z)+x,"108,4|120,8/0,96"
opcode,0x000d8620,OBBCollider::_Collide(const AABBQuantizedNode*),oracle,0x000d9116,(x+z)+y,"0,0,0,0,0,0,0,0,100,100,100,100,104,104,104,104,112,112,112,112,116,116,116,116,160,160,160,160,164,164,164,164,192,4,4,4,4,4,4,4,4i,8,8,8,8,8,8,8,8,88,88,88,88,92,92,92,92|0,0,0,0,0,0,0,0,104,104,104,104,108,108,108,108,116,116,116,116,120,120,120,120,164,164,164,164,168,168,168,168,184,4,4,4,4,4,4,4,4,8,8,8,8,8,8,8,8,92,92,92,92,96,96,96,96/0,0,0,0,0,0,0,0,100,100,100,100,108,108,108,108,112,112,112,112,120,120,120,120,160,160,160,160,168,168,168,168,188,4,4,4,4,4,4,4,4i,8,8,8,8,8,8,8,8,88,88,88,88,96,96,96,96"
opcode,0x000d8620,OBBCollider::_Collide(const AABBQuantizedNode*),candidate,0x000bb389,?,"124,172,20|128,176,24/132,24"
opcode,0x000d8620,OBBCollider::_Collide(const AABBQuantizedNode*),candidate,0x000bb413,?,"136,172,20|140,176,24/144,180,28"
opcode,0x000d8620,OBBCollider::_Collide(const AABBQuantizedNode*),candidate,0x000bb490,(x+z)+y,"148,172,20|156,180,28/152,176,24"
opcode,0x000d8620,OBBCollider::_Collide(const AABBQuantizedNode*),candidate,0x000bb878,?,"116,28|20,92/104"
opcode,0x000d8620,OBBCollider::_Collide(const AABBQuantizedNode*),candidate,0x000bbea8,?,"0i,0i,104,104,116,116,164,164,4i,4i,8i,8i,92,92|0i,108,120,168,188,4i,8i,96/0i,0i,0i,0i,0i,0i,0i,0i,0i,0i,0i,0i,0i,0i,0i,0i,0i,0i,0i,0i,0i,0i,100,100,100,100,104,104,104,104,104,104,108,108,108,108,108,108,108,108,108,108,108,108,112,112,112,112,116,116,116,116,116,116,120,120,120,120,120,120,120,120,120,120,120,120,160,160,160,160,164,164,164,164,164,164,168,168,168,168,168,168,168,168,168,168,168,168,184,4i,4i,4i,4i,4i,4i,4i,4i,4i,4i,4i,4i,4i,4i,4i,4i,4i,4i,4i,4i,4i,4i,88,88,88,88,8i,8i,8i,8i,8i,8i,8i,8i,8i,8i,8i,8i,8i,8i,8i,8i,8i,8i,8i,8i,8i,8i,92,92,92,92,92,92,96,96,96,96,96,96,96,96,96,96,96,96"
opcode,0x000d96d0,OBBCollider::_CollideNoPrimitiveTest(const AABBQuantizedNode*),oracle,0x000d9805,(y+z)+x,"128,176,24|132,180,28/124,172,20"
opcode,0x000d96d0,OBBCollider::_CollideNoPrimitiveTest(const AABBQuantizedNode*),oracle,0x000d982c,(y+z)+x,"36,56|40,60/32,52"
opcode,0x000d96d0,OBBCollider::_CollideNoPrimitiveTest(const AABBQuantizedNode*),oracle,0x000d9862,(x+z)+y,"136,172,20|144,180,28/140,176,24"
opcode,0x000d96d0,OBBCollider::_CollideNoPrimitiveTest(const AABBQuantizedNode*),oracle,0x000d9889,(y+z)+x,"36,68|40,72/32,64"
opcode,0x000d96d0,OBBCollider::_CollideNoPrimitiveTest(const AABBQuantizedNode*),oracle,0x000d98bf,(x+z)+y,"148,172,20|156,180,28/152,176,24"
opcode,0x000d96d0,OBBCollider::_CollideNoPrimitiveTest(const AABBQuantizedNode*),oracle,0x000d98e6,(y+z)+x,"36,80|40,84/32,76"
opcode,0x000d96d0,OBBCollider::_CollideNoPrimitiveTest(const AABBQuantizedNode*),oracle,0x000d9ba5,(y+z)+x,"100,24|112,28/20,88"
opcode,0x000d96d0,OBBCollider::_CollideNoPrimitiveTest(const AABBQuantizedNode*),oracle,0x000d9c13,(y+z)+x,"104,24|116,28/20,92"
opcode,0x000d96d0,OBBCollider::_CollideNoPrimitiveTest(const AABBQuantizedNode*),oracle,0x000d9c7d,(y+z)+x,"108,24|120,28/20,96"
opcode,0x000d96d0,OBBCollider::_CollideNoPrimitiveTest(const AABBQuantizedNode*),candidate,0x000bdd83,(x+z)+y,"148,172,20|156,180,28/152,176,24"
opcode,0x000d96d0,OBBCollider::_CollideNoPrimitiveTest(const AABBQuantizedNode*),candidate,0x000bddb8,?,"28,32,76|28,36,80/132,136,140,144,172,176,180,180,192,20,24,28,28"
opcode,0x000d96d0,OBBCollider::_CollideNoPrimitiveTest(const AABBQuantizedNode*),candidate,0x000be10a,?,"104,24|116,28/20,92"
opcode,0x000d9d40,OBBCollider::_Collide(const AABBNoLeafNode*),oracle,0x000d9e02,(y+z)+x,"128,176,4|132,180,8/0,124,172"
opcode,0x000d9d40,OBBCollider::_Collide(const AABBNoLeafNode*),oracle,0x000d9e26,(y+z)+x,"16,56|20,60/12,52"
opcode,0x000d9d40,OBBCollider::_Collide(const AABBNoLeafNode*),oracle,0x000d9e5c,(x+z)+y,"0,136,172|144,180,8/140,176,4"
opcode,0x000d9d40,OBBCollider::_Collide(const AABBNoLeafNode*),oracle,0x000d9e80,(x+z)+y,"12,64|20,72/16,68"
opcode,0x000d9d40,OBBCollider::_Collide(const AABBNoLeafNode*),oracle,0x000d9eb6,(x+z)+y,"0,148,172|156,180,8/152,176,4"
opcode,0x000d9d40,OBBCollider::_Collide(const AABBNoLeafNode*),oracle,0x000d9eda,(x+z)+y,"12,76|20,84/16,80"
opcode,0x000d9d40,OBBCollider::_Collide(const AABBNoLeafNode*),oracle,0x000da183,(y+z)+x,"100,4|112,8/0,88"
opcode,0x000d9d40,OBBCollider::_Collide(const AABBNoLeafNode*),oracle,0x000da1ea,(y+z)+x,"104,4|116,8/0,92"
opcode,0x000d9d40,OBBCollider::_Collide(const AABBNoLeafNode*),oracle,0x000da24d,(y+z)+x,"108,4|120,8/0,96"
opcode,0x000d9d40,OBBCollider::_Collide(const AABBNoLeafNode*),oracle,0x000da301,?,"100,4|112,8i/0,88"
opcode,0x000d9d40,OBBCollider::_Collide(const AABBNoLeafNode*),oracle,0x000da322,(y+z)+x,"104,4|116,8/0,92"
opcode,0x000d9d40,OBBCollider::_Collide(const AABBNoLeafNode*),oracle,0x000da343,(y+z)+x,"108,4|120,8/0,96"
opcode,0x000d9d40,OBBCollider::_Collide(const AABBNoLeafNode*),oracle,0x000da364,(y+z)+x,"100,4|112,8/0,88"
opcode,0x000d9d40,OBBCollider::_Collide(const AABBNoLeafNode*),oracle,0x000da385,(x+z)+y,"0,92|116,8/104,4"
opcode,0x000d9d40,OBBCollider::_Collide(const AABBNoLeafNode*),oracle,0x000da3a6,(x+z)+y,"0,96|120,8/108,4"
opcode,0x000d9d40,OBBCollider::_Collide(const AABBNoLeafNode*),oracle,0x000da3c7,(y+z)+x,"100,4|112,8/0,88"
opcode,0x000d9d40,OBBCollider::_Collide(const AABBNoLeafNode*),oracle,0x000da3e8,(y+z)+x,"104,4|116,8/0,92"
opcode,0x000d9d40,OBBCollider::_Collide(const AABBNoLeafNode*),oracle,0x000da409,(y+z)+x,"108,4|120,8/0,96"
opcode,0x000d9d40,OBBCollider::_Collide(const AABBNoLeafNode*),oracle,0x000da7b1,(x+z)+y,|/
opcode,0x000d9d40,OBBCollider::_Collide(const AABBNoLeafNode*),oracle,0x000da7e9,(x+z)+y,|/
opcode,0x000d9d40,OBBCollider::_Collide(const AABBNoLeafNode*),oracle,0x000dadf5,?,"100,4i|112,8/0,88"
opcode,0x000d9d40,OBBCollider::_Collide(const AABBNoLeafNode*),oracle,0x000dae16,(x+y)+z,"0,92|104,4/116,8"
opcode,0x000d9d40,OBBCollider::_Collide(const AABBNoLeafNode*),oracle,0x000dae37,(x+y)+z,"0,96|108,4/120,8"
opcode,0x000d9d40,OBBCollider::_Collide(const AABBNoLeafNode*),oracle,0x000dae58,(y+z)+x,"100,4|112,8/0,88"
opcode,0x000d9d40,OBBCollider::_Collide(const AABBNoLeafNode*),oracle,0x000dae79,(x+y)+z,"0,92|104,4/116,8"
opcode,0x000d9d40,OBBCollider::_Collide(const AABBNoLeafNode*),oracle,0x000dae9a,(x+y)+z,"0,96|108,4/120,8"
opcode,0x000d9d40,OBBCollider::_Collide(const AABBNoLeafNode*),oracle,0x000daebb,(y+z)+x,"100,4|112,8/0,88"
opcode,0x000d9d40,OBBCollider::_Collide(const AABBNoLeafNode*),oracle,0x000daedc,(x+y)+z,"0,92|104,4/116,8"
opcode,0x000d9d40,OBBCollider::_Collide(const AABBNoLeafNode*),oracle,0x000daefd,(x+y)+z,"0,96|108,4/120,8"
opcode,0x000d9d40,OBBCollider::_Collide(const AABBNoLeafNode*),oracle,0x000db266,(x+z)+y,"0,0,0,0,0,0,0,0,100,100,100,100,104,104,104,104,112,112,112,112,116,116,116,116,160,160,160,160,164,164,164,164,192,4,4,4,4,4,4,4,4i,8,8,8,8,8,8,8,8,88,88,88,88,92,92,92,92|0,0,0,0,0,0,0,0,104,104,104,104,108,108,108,108,116,116,116,116,120,120,120,120,164,164,164,164,168,168,168,168,184,4,4,4,4,4,4,4,4,8,8,8,8,8,8,8,8,92,92,92,92,96,96,96,96/0,0,0,0,0,0,0,0,100,100,100,100,108,108,108,108,112,112,112,112,120,120,120,120,160,160,160,160,168,168,168,168,188,4,4,4,4,4,4,4,4i,8,8,8,8,8,8,8,8,88,88,88,88,96,96,96,96"
opcode,0x000d9d40,OBBCollider::_Collide(const AABBNoLeafNode*),candidate,0x000b73a4,?,184|56/60
opcode,0x000d9d40,OBBCollider::_Collide(const AABBNoLeafNode*),candidate,0x000b742e,?,188|68/72
opcode,0x000d9d40,OBBCollider::_Collide(const AABBNoLeafNode*),candidate,0x000b74bb,?,192|80/84
opcode,0x000d9d40,OBBCollider::_Collide(const AABBNoLeafNode*),candidate,0x000b7881,?,"104|116,8/0,92"
opcode,0x000d9d40,OBBCollider::_Collide(const AABBNoLeafNode*),candidate,0x000b7e22,?,"268,284,296|272,276/268,268,272,276,276,280,280,280,284,284,288,288,288,288,288,292,296,300,300,300,300"
opcode,0x000d9d40,OBBCollider::_Collide(const AABBNoLeafNode*),candidate,0x000b7ef5,?,"188,276|284,292,296/184,192"
opcode,0x000d9d40,OBBCollider::_Collide(const AABBNoLeafNode*),candidate,0x000b8ad0,?,"0i,0i,108,108,120,120,168,168,188,4i,4i,8i,8i,96,96|0i,0i,108,108,120,120,168,168,4i,4i,8i,8i,96,96/0i,0i,0i,0i,0i,0i,0i,0i,0i,0i,0i,0i,0i,0i,0i,0i,0i,100,100,100,100,104,104,104,104,104,104,104,104,104,104,104,104,104,104,108,108,108,108,108,108,108,112,112,112,112,116,116,116,116,116,116,116,116,116,116,116,116,116,116,120,120,120,120,120,120,120,160,160,160,160,164,164,164,164,164,164,164,164,164,164,164,164,164,164,168,168,168,168,168,168,168,184,4i,4i,4i,4i,4i,4i,4i,4i,4i,4i,4i,4i,4i,4i,4i,4i,4i,4i,4i,4i,4i,4i,4i,4i,4i,88,88,8i,8i,8i,8i,8i,8i,8i,8i,8i,8i,8i,8i,8i,8i,8i,8i,8i,8i,8i,8i,8i,8i,8i,8i,8i,92,92,92,92,92,92,92,92,92,92,96,96,96,96,96"
opcode,0x000db830,OBBCollider::_CollideNoPrimitiveTest(const AABBNoLeafNode*),oracle,0x000db8ef,(y+z)+x,"128,176,4|132,180,8/0,124,172"
opcode,0x000db830,OBBCollider::_CollideNoPrimitiveTest(const AABBNoLeafNode*),oracle,0x000db913,(x+z)+y,"12,52|20,60/16,56"
opcode,0x000db830,OBBCollider::_CollideNoPrimitiveTest(const AABBNoLeafNode*),oracle,0x000db949,(x+z)+y,"0,136,172|144,180,8/140,176,4"
opcode,0x000db830,OBBCollider::_CollideNoPrimitiveTest(const AABBNoLeafNode*),oracle,0x000db96d,(x+z)+y,"12,64|20,72/16,68"
opcode,0x000db830,OBBCollider::_CollideNoPrimitiveTest(const AABBNoLeafNode*),oracle,0x000db9a3,(x+z)+y,"0,148,172|156,180,8/152,176,4"
opcode,0x000db830,OBBCollider::_CollideNoPrimitiveTest(const AABBNoLeafNode*),oracle,0x000db9c7,(x+z)+y,"12,76|20,84/16,80"
opcode,0x000db830,OBBCollider::_CollideNoPrimitiveTest(const AABBNoLeafNode*),oracle,0x000dbc70,(y+z)+x,"100,4|112,8/0,88"
opcode,0x000db830,OBBCollider::_CollideNoPrimitiveTest(const AABBNoLeafNode*),oracle,0x000dbcd7,(y+z)+x,"104,4|116,8/0,92"
opcode,0x000db830,OBBCollider::_CollideNoPrimitiveTest(const AABBNoLeafNode*),oracle,0x000dbd3a,(y+z)+x,"108,4|120,8/0,96"
opcode,0x000db830,OBBCollider::_CollideNoPrimitiveTest(const AABBNoLeafNode*),candidate,0x000bcd6e,?,"0,124,128,132,172,180,20,56,8|12,184/176,4,60"
opcode,0x000db830,OBBCollider::_CollideNoPrimitiveTest(const AABBNoLeafNode*),candidate,0x000bd186,?,"0,92|116,4/0,100,104,112,116,16,20,20,4,8,88,88,92"
opcode,0x000dbe30,OBBCollider::_Collide(const AABBQuantizedNoLeafNode*),oracle,0x000dbf6b,(y+z)+x,"128,176,24|132,180,28/124,172,20"
opcode,0x000dbe30,OBBCollider::_Collide(const AABBQuantizedNoLeafNode*),oracle,0x000dbf92,(x+z)+y,"32,52|40,60/36,56"
opcode,0x000dbe30,OBBCollider::_Collide(const AABBQuantizedNoLeafNode*),oracle,0x000dbfc8,(x+z)+y,"136,172,20|144,180,28/140,176,24"
opcode,0x000dbe30,OBBCollider::_Collide(const AABBQuantizedNoLeafNode*),oracle,0x000dbfef,(y+z)+x,"36,68|40,72/32,64"
opcode,0x000dbe30,OBBCollider::_Collide(const AABBQuantizedNoLeafNode*),oracle,0x000dc025,(x+z)+y,"148,172,20|156,180,28/152,176,24"
opcode,0x000dbe30,OBBCollider::_Collide(const AABBQuantizedNoLeafNode*),oracle,0x000dc04c,(y+z)+x,"36,80|40,84/32,76"
opcode,0x000dbe30,OBBCollider::_Collide(const AABBQuantizedNoLeafNode*),oracle,0x000dc30b,(x+z)+y,"112,28|20,88/100,24"
opcode,0x000dbe30,OBBCollider::_Collide(const AABBQuantizedNoLeafNode*),oracle,0x000dc379,(y+z)+x,"104,24|116,28/20,92"
opcode,0x000dbe30,OBBCollider::_Collide(const AABBQuantizedNoLeafNode*),oracle,0x000dc3e7,(x+z)+y,"120,28|20,96/108,24"
opcode,0x000dbe30,OBBCollider::_Collide(const AABBQuantizedNoLeafNode*),oracle,0x000dc49e,?,"100,4i|112,8/0,88"
opcode,0x000dbe30,OBBCollider::_Collide(const AABBQuantizedNoLeafNode*),oracle,0x000dc4bf,(x+y)+z,"0,92|104,4/116,8"
opcode,0x000dbe30,OBBCollider::_Collide(const AABBQuantizedNoLeafNode*),oracle,0x000dc4e0,(x+y)+z,"0,96|108,4/120,8"
opcode,0x000dbe30,OBBCollider::_Collide(const AABBQuantizedNoLeafNode*),oracle,0x000dc501,(y+z)+x,"100,4|112,8/0,88"
opcode,0x000dbe30,OBBCollider::_Collide(const AABBQuantizedNoLeafNode*),oracle,0x000dc522,(x+y)+z,"0,92|104,4/116,8"
opcode,0x000dbe30,OBBCollider::_Collide(const AABBQuantizedNoLeafNode*),oracle,0x000dc543,(x+y)+z,"0,96|108,4/120,8"
opcode,0x000dbe30,OBBCollider::_Collide(const AABBQuantizedNoLeafNode*),oracle,0x000dc564,(y+z)+x,"100,4|112,8/0,88"
opcode,0x000dbe30,OBBCollider::_Collide(const AABBQuantizedNoLeafNode*),oracle,0x000dc585,(x+y)+z,"0,92|104,4/116,8"
opcode,0x000dbe30,OBBCollider::_Collide(const AABBQuantizedNoLeafNode*),oracle,0x000dc5a6,(x+y)+z,"0,96|108,4/120,8"
opcode,0x000dbe30,OBBCollider::_Collide(const AABBQuantizedNoLeafNode*),oracle,0x000dc961,(y+z)+x,|/
opcode,0x000dbe30,OBBCollider::_Collide(const AABBQuantizedNoLeafNode*),oracle,0x000dc999,(y+z)+x,|/
opcode,0x000dbe30,OBBCollider::_Collide(const AABBQuantizedNoLeafNode*),oracle,0x000dcfb7,?,"100,4|112,8i/0,88"
opcode,0x000dbe30,OBBCollider::_Collide(const AABBQuantizedNoLeafNode*),oracle,0x000dcfd8,(x+z)+y,"0,92|116,8/104,4"
opcode,0x000dbe30,OBBCollider::_Collide(const AABBQuantizedNoLeafNode*),oracle,0x000dcff9,(x+z)+y,"0,96|120,8/108,4"
opcode,0x000dbe30,OBBCollider::_Collide(const AABBQuantizedNoLeafNode*),oracle,0x000dd01a,(y+z)+x,"100,4|112,8/0,88"
opcode,0x000dbe30,OBBCollider::_Collide(const AABBQuantizedNoLeafNode*),oracle,0x000dd03b,(y+z)+x,"104,4|116,8/0,92"
opcode,0x000dbe30,OBBCollider::_Collide(const AABBQuantizedNoLeafNode*),oracle,0x000dd05c,(y+z)+x,"108,4|120,8/0,96"
opcode,0x000dbe30,OBBCollider::_Collide(const AABBQuantizedNoLeafNode*),oracle,0x000dd07d,(y+z)+x,"100,4|112,8/0,88"
opcode,0x000dbe30,OBBCollider::_Collide(const AABBQuantizedNoLeafNode*),oracle,0x000dd09e,(x+z)+y,"0,92|116,8/104,4"
opcode,0x000dbe30,OBBCollider::_Collide(const AABBQuantizedNoLeafNode*),oracle,0x000dd0bf,(x+z)+y,"0,96|120,8/108,4"
opcode,0x000dbe30,OBBCollider::_Collide(const AABBQuantizedNoLeafNode*),oracle,0x000dd42a,(x+z)+y,"0,0,0,0,0,0,0,0,100,100,100,100,104,104,104,104,112,112,112,112,116,116,116,116,160,160,160,160,164,164,164,164,192,4,4,4,4,4,4,4,4,8,8,8,8,8,8,8,88,88,88,88,8i,92,92,92,92|0,0,0,0,0,0,0,0,104,104,104,104,108,108,108,108,116,116,116,116,120,120,120,120,164,164,164,164,168,168,168,168,184,4,4,4,4,4,4,4,4,8,8,8,8,8,8,8,8,92,92,92,92,96,96,96,96/0,0,0,0,0,0,0,0,100,100,100,100,108,108,108,108,112,112,112,112,120,120,120,120,160,160,160,160,168,168,168,168,188,4,4,4,4,4,4,4,4,8,8,8,8,8,8,8,88,88,88,88,8i,96,96,96,96"
opcode,0x000dbe30,OBBCollider::_Collide(const AABBQuantizedNoLeafNode*),candidate,0x000b940a,?,"136|140/144,180,28"
opcode,0x000dbe30,OBBCollider::_Collide(const AABBQuantizedNoLeafNode*),candidate,0x000b9489,(x+z)+y,"148|156,180,28/152"
opcode,0x000dbe30,OBBCollider::_Collide(const AABBQuantizedNoLeafNode*),candidate,0x000b9890,?,"104,116,28,40,92|20,92/28,92"
opcode,0x000dbe30,OBBCollider::_Collide(const AABBQuantizedNoLeafNode*),candidate,0x000b9e46,?,"268,284,296|272,276/268,268,272,276,276,280,280,280,284,284,288,288,288,288,288,292,296,300,300,300,300"
opcode,0x000dbe30,OBBCollider::_Collide(const AABBQuantizedNoLeafNode*),candidate,0x000b9f16,?,"188,276|284,292,296/184,192"
opcode,0x000dbe30,OBBCollider::_Collide(const AABBQuantizedNoLeafNode*),candidate,0x000bab00,?,"0i,0i,108,108,120,120,168,168,188,4i,4i,8i,8i,96,96|0i,0i,108,108,120,120,168,168,4i,4i,8i,8i,96,96/0i,0i,0i,0i,0i,0i,0i,0i,0i,0i,0i,0i,0i,0i,0i,0i,0i,100,100,100,100,104,104,104,104,104,104,104,104,104,104,104,104,104,104,108,108,108,108,108,108,108,112,112,112,112,116,116,116,116,116,116,116,116,116,116,116,116,116,116,120,120,120,120,120,120,120,160,160,160,160,164,164,164,164,164,164,164,164,164,164,164,164,164,164,168,168,168,168,168,168,168,184,4i,4i,4i,4i,4i,4i,4i,4i,4i,4i,4i,4i,4i,4i,4i,4i,4i,4i,4i,4i,4i,4i,4i,4i,4i,88,88,8i,8i,8i,8i,8i,8i,8i,8i,8i,8i,8i,8i,8i,8i,8i,8i,8i,8i,8i,8i,8i,8i,8i,8i,8i,92,92,92,92,92,92,92,92,92,92,96,96,96,96,96"
opcode,0x000dd9f0,OBBCollider::_CollideNoPrimitiveTest(const AABBQuantizedNoLeafNode*),oracle,0x000ddb27,(y+z)+x,"128,176,24|132,180,28/124,172,20"
opcode,0x000dd9f0,OBBCollider::_CollideNoPrimitiveTest(const AABBQuantizedNoLeafNode*),oracle,0x000ddb4e,(y+z)+x,"36,56|40,60/32,52"
opcode,0x000dd9f0,OBBCollider::_CollideNoPrimitiveTest(const AABBQuantizedNoLeafNode*),oracle,0x000ddb84,(x+z)+y,"136,172,20|144,180,28/140,176,24"
opcode,0x000dd9f0,OBBCollider::_CollideNoPrimitiveTest(const AABBQuantizedNoLeafNode*),oracle,0x000ddbab,(y+z)+x,"36,68|40,72/32,64"
opcode,0x000dd9f0,OBBCollider::_CollideNoPrimitiveTest(const AABBQuantizedNoLeafNode*),oracle,0x000ddbe1,(x+z)+y,"148,172,20|156,180,28/152,176,24"
opcode,0x000dd9f0,OBBCollider::_CollideNoPrimitiveTest(const AABBQuantizedNoLeafNode*),oracle,0x000ddc08,(y+z)+x,"36,80|40,84/32,76"
opcode,0x000dd9f0,OBBCollider::_CollideNoPrimitiveTest(const AABBQuantizedNoLeafNode*),oracle,0x000ddec7,(y+z)+x,"100,24|112,28/20,88"
opcode,0x000dd9f0,OBBCollider::_CollideNoPrimitiveTest(const AABBQuantizedNoLeafNode*),oracle,0x000ddf35,(y+z)+x,"104,24|116,28/20,92"
opcode,0x000dd9f0,OBBCollider::_CollideNoPrimitiveTest(const AABBQuantizedNoLeafNode*),oracle,0x000ddfa3,(y+z)+x,"108,24|120,28/20,96"
opcode,0x000dd9f0,OBBCollider::_CollideNoPrimitiveTest(const AABBQuantizedNoLeafNode*),candidate,0x000bd93f,?,"104,24|116,28/20,92"
opcode,0x000de240,"SphereCollider::SphereTriOverlap(const Point&, const Point&, const Point&)",oracle,0x000de26e,?,"4,4,56,56|60,60,8,8/0,0,52,52"
opcode,0x000de240,"SphereCollider::SphereTriOverlap(const Point&, const Point&, const Point&)",oracle,0x000de2e0,(y+z)+x,|/
opcode,0x000de240,"SphereCollider::SphereTriOverlap(const Point&, const Point&, const Point&)",oracle,0x000de33f,(y+z)+x,|/
opcode,0x000de240,"SphereCollider::SphereTriOverlap(const Point&, const Point&, const Point&)",oracle,0x000de394,?,"4,4,4,4|8,8,8,8/0,0,0,0"
opcode,0x000de240,"SphereCollider::SphereTriOverlap(const Point&, const Point&, const Point&)",oracle,0x000de3ae,(y+z)+x,"4,4,4,4|8,8,8,8/0,0,0,0"
opcode,0x000de240,"SphereCollider::SphereTriOverlap(const Point&, const Point&, const Point&)",oracle,0x000de3ce,(y+z)+x,"4,4,4,4|8,8,8,8/0,0,0,0"
opcode,0x000de240,"SphereCollider::SphereTriOverlap(const Point&, const Point&, const Point&)",oracle,0x000de406,(y+z)+x,"4,4|8,8/0,0"
opcode,0x000de240,"SphereCollider::SphereTriOverlap(const Point&, const Point&, const Point&)",candidate,0x000a1896,(y+z)+x,"0,4|0,4,56/4,52,8,8"
opcode,0x000de240,"SphereCollider::SphereTriOverlap(const Point&, const Point&, const Point&)",candidate,0x000a18ae,?,"0,4,4,4,56|4,8,8/0,0,4,4,4,4,52,52,56,8,8,8"
opcode,0x000de240,"SphereCollider::SphereTriOverlap(const Point&, const Point&, const Point&)",candidate,0x000a18c1,?,"4,4,4,4,4,4|8,8,8,8/0,0,0,0,4,4,4,4,4,4,52,52,56,56,8,8,8,8"
opcode,0x000de240,"SphereCollider::SphereTriOverlap(const Point&, const Point&, const Point&)",candidate,0x000a18dd,?,"0,0|4,4/8,8"
opcode,0x000de240,"SphereCollider::SphereTriOverlap(const Point&, const Point&, const Point&)",candidate,0x000a18f4,?,"0,0,0,4,4,8,8|4,4,4,8,8/0,0,4,4,4,52,56,8,8,8"
opcode,0x000de240,"SphereCollider::SphereTriOverlap(const Point&, const Point&, const Point&)",candidate,0x000a1a79,?,"0,0,0,0,0,0,0,0,0,0,0,0,0,0,0,0,0,0,0,0,0,0,0,0,0,0,0,0,0,0,0,0,0,0,0,0,0,4,4,4,4,4,4,4,4,4,4,4,4,4,4,4,4,4,4,4,4,4,4,4,4,4,4,4,4,4,4,4,4,4,4,4,4,4,4,4,4,4,4,4,4,4,4,4,4,4,4,4,4,4,4,4,4,4,4,4,4,4,4,4,4,4,4,4,4,4,4,4,4,4,4,52,52,52,52,52,52,52,52,52,52,52,52,56,56,56,56,56,56,56,56,56,56,56,56,8,8,8,8,8,8,8,8,8,8,8,8,8,8,8,8,8,8,8,8,8,8,8,8,8,8,8,8,8,8,8,8,8,8,8,8,8,8,8,8,8,8,8,8,8,8,8,8,8,8,8,8,8,8,8|0,0,0,0,0,0,0,0,0,0,0,0,0,0,0,0,0,0,0,0,0,0,0,0,0,0,0,0,0,0,0,0,0,0,0,0,0,4,4,4,4,4,4,4,4,4,4,4,4,4,4,4,4,4,4,4,4,4,4,4,4,4,4,4,4,4,4,4,4,4,4,4,4,4,4,4,4,4,4,4,4,4,4,4,4,4,4,4,4,4,4,4,4,4,4,4,4,4,4,4,4,4,4,4,4,4,4,4,4,4,4,52,52,52,52,52,52,52,52,52,52,52,52,56,56,56,56,56,56,56,56,56,56,56,56,8,8,8,8,8,8,8,8,8,8,8,8,8,8,8,8,8,8,8,8,8,8,8,8,8,8,8,8,8,8,8,8,8,8,8,8,8,8,8,8,8,8,8,8,8,8,8,8,8,8,8,8,8,8,8/0,0,0,0,0,0,0,0,0,0,0,0,4,4,4,4,4,4,4,4,4,4,4,4,4,4,4,4,4,4,4,4,4,52,52,52,56,56,56,8,8,8,8,8,8,8,8,8,8,8,8,8,8,8,8"
opcode,0x000de810,"SphereCollider::InitQuery(SphereCache&, const Sphere&, const Matrix4x4*, const Matrix4x4*)",oracle,0x000de86a,(x+y)+z,"0,4|20,4/36,8"
opcode,0x000de810,"SphereCollider::InitQuery(SphereCache&, const Sphere&, const Matrix4x4*, const Matrix4x4*)",oracle,0x000de882,(x+y)+z,"0,8|24,4/40,8"
opcode,0x000de810,"SphereCollider::InitQuery(SphereCache&, const Sphere&, const Matrix4x4*, const Matrix4x4*)",oracle,0x000de899,(y+z)+x,"16,4|32,8/0,0"
opcode,0x000de810,"SphereCollider::InitQuery(SphereCache&, const Sphere&, const Matrix4x4*, const Matrix4x4*)",oracle,0x000de8d4,(x+z)+y,"0,0,16,32,4,48,8|0,20,36,4,4,52,8/0,24,4,40,56,8,8"
opcode,0x000de810,"SphereCollider::InitQuery(SphereCache&, const Sphere&, const Matrix4x4*, const Matrix4x4*)",oracle,0x000de8f0,(x+z)+y,"0,0,16,32,4,48,8|0,20,36,4,4,52,8/0,24,4,40,56,8,8"
opcode,0x000de810,"SphereCollider::InitQuery(SphereCache&, const Sphere&, const Matrix4x4*, const Matrix4x4*)",oracle,0x000de90c,(x+z)+y,"0,0,16,32,4,48,8|0,20,36,4,4,52,8/0,24,4,40,56,8,8"
opcode,0x000de810,"SphereCollider::InitQuery(SphereCache&, const Sphere&, const Matrix4x4*, const Matrix4x4*)",oracle,0x000deacc,?,"0,0,0,0,0,0,0,0,12,12,16,16,20,20,24,24,32,32,36,36,4,4,4,4,4,4,4,4,40,40,48,48,52,52,56,56,8,8,8,8,8,8,8,8|0,0,0,0,0,0,0,0,16,16,20,20,24,24,32,32,36,36,4,4,4,4,4,4,4,4,40,40,48,48,52,52,56,56,8,8,8,8,8,8,8,8,8,8/0,0,0,0,0,0,0,0,16,16,16,16,20,20,24,24,32,32,36,36,4,4,4,4,4,4,4,4,40,40,48,48,52,52,56,56,8,8,8,8,8,8,8,8"
opcode,0x000de810,"SphereCollider::InitQuery(SphereCache&, const Sphere&, const Matrix4x4*, const Matrix4x4*)",candidate,0x000a1070,(x+y)+z,"20,56|4,52/36,60"
opcode,0x000de810,"SphereCollider::InitQuery(SphereCache&, const Sphere&, const Matrix4x4*, const Matrix4x4*)",candidate,0x000a108b,(x+y)+z,"24,56|52,8/40,60"
opcode,0x000de810,"SphereCollider::InitQuery(SphereCache&, const Sphere&, const Matrix4x4*, const Matrix4x4*)",candidate,0x000a10e8,(x+y)+z,"0,16,32,48,52,56,60|20,36,4,52,52,56,60/24,40,52,56,56,60,8"
opcode,0x000de810,"SphereCollider::InitQuery(SphereCache&, const Sphere&, const Matrix4x4*, const Matrix4x4*)",candidate,0x000a1103,(x+y)+z,"0,16,32,48,52,56,60|20,36,4,52,52,56,60/24,40,52,56,56,60,8"
opcode,0x000deb20,SphereCollider::_Collide(const AABBCollisionNode*),oracle,0x000dec98,?,"20,20,60,60,8,8|56,56/0,0,12,12,52,52"
opcode,0x000deb20,SphereCollider::_Collide(const AABBCollisionNode*),oracle,0x000decda,?,"0,0,12,12,52,52|56,56/20,20,60,60,8,8"
opcode,0x000deb20,SphereCollider::_Collide(const AABBCollisionNode*),oracle,0x000ded29,?,"0,0,12,12,52,52|56,56/20,20,60,60,8,8"
opcode,0x000deb20,SphereCollider::_Collide(const AABBCollisionNode*),oracle,0x000ded66,?,"0,0,12,12,52,52|56,56/20,20,60,60,8,8"
opcode,0x000deb20,SphereCollider::_Collide(const AABBCollisionNode*),oracle,0x000dedb5,?,"0,0,12,12,52,52|56,56/20,20,60,60,8,8"
opcode,0x000deb20,SphereCollider::_Collide(const AABBCollisionNode*),oracle,0x000dedf2,?,"0,0,12,12,52,52|56,56/20,20,60,60,8,8"
opcode,0x000deb20,SphereCollider::_Collide(const AABBCollisionNode*),oracle,0x000dee31,?,"0,0,12,12,52,52|56,56/20,20,60,60,8,8"
opcode,0x000deb20,SphereCollider::_Collide(const AABBCollisionNode*),oracle,0x000dee6a,?,"0,0,12,12,52,52|56,56/20,20,60,60,8,8"
opcode,0x000deb20,SphereCollider::_Collide(const AABBCollisionNode*),candidate,0x000a1f10,?,"16,16,4,4,56,56|52,52/20,20,60,60,8,8"
opcode,0x000deb20,SphereCollider::_Collide(const AABBCollisionNode*),candidate,0x000a1f3c,?,"|16,16,4,4,56,56/20,20,60,60,8,8"
opcode,0x000deb20,SphereCollider::_Collide(const AABBCollisionNode*),candidate,0x000a1f6d,?,"52,52|60,60/20,20,60,60,8,8"
opcode,0x000deb20,SphereCollider::_Collide(const AABBCollisionNode*),candidate,0x000a1fb6,?,"16,16,4,4,56,56|52,52/52,52,52,52,60,60,60,60"
opcode,0x000def40,SphereCollider::_CollideNoPrimitiveTest(const AABBCollisionNode*),oracle,0x000df0b8,?,"0,0,12,12,52,52|56,56/20,20,60,60,8,8"
opcode,0x000def40,SphereCollider::_CollideNoPrimitiveTest(const AABBCollisionNode*),oracle,0x000df0fa,?,"0,0,12,12,52,52|56,56/20,20,60,60,8,8"
opcode,0x000def40,SphereCollider::_CollideNoPrimitiveTest(const AABBCollisionNode*),oracle,0x000df149,?,"0,0,12,12,52,52|56,56/20,20,60,60,8,8"
opcode,0x000def40,SphereCollider::_CollideNoPrimitiveTest(const AABBCollisionNode*),oracle,0x000df186,?,"0,0,12,12,52,52|56,56/20,20,60,60,8,8"
opcode,0x000def40,SphereCollider::_CollideNoPrimitiveTest(const AABBCollisionNode*),oracle,0x000df1d5,?,"0,0,12,12,52,52|56,56/20,20,60,60,8,8"
opcode,0x000def40,SphereCollider::_CollideNoPrimitiveTest(const AABBCollisionNode*),oracle,0x000df212,?,"0,0,12,12,52,52|56,56/20,20,60,60,8,8"
opcode,0x000def40,SphereCollider::_CollideNoPrimitiveTest(const AABBCollisionNode*),oracle,0x000df251,?,"0,0,12,12,52,52|56,56/20,20,60,60,8,8"
opcode,0x000def40,SphereCollider::_CollideNoPrimitiveTest(const AABBCollisionNode*),oracle,0x000df28a,?,"0,0,12,12,52,52|56,56/20,20,60,60,8,8"
opcode,0x000def40,SphereCollider::_CollideNoPrimitiveTest(const AABBCollisionNode*),candidate,0x000a34bf,?,"16,16,4,4,56,56|52,52/20,20,60,60,8,8"
opcode,0x000df320,SphereCollider::_Collide(const AABBQuantizedNode*),oracle,0x000df51a,?,"20,20,32,32,52,52|28,28,40,40,60,60/56,56"
opcode,0x000df320,SphereCollider::_Collide(const AABBQuantizedNode*),oracle,0x000df55f,?,"20,20,32,32,52,52|28,28,40,40,60,60/56,56"
opcode,0x000df320,SphereCollider::_Collide(const AABBQuantizedNode*),oracle,0x000df5b0,?,"20,20,32,32,52,52|28,28,40,40,60,60/56,56"
opcode,0x000df320,SphereCollider::_Collide(const AABBQuantizedNode*),oracle,0x000df5ed,?,"20,20,32,32,52,52|28,28,40,40,60,60/56,56"
opcode,0x000df320,SphereCollider::_Collide(const AABBQuantizedNode*),oracle,0x000df63e,?,"20,20,32,32,52,52|28,28,40,40,60,60/56,56"
opcode,0x000df320,SphereCollider::_Collide(const AABBQuantizedNode*),oracle,0x000df67b,?,"20,20,32,32,52,52|28,28,40,40,60,60/56,56"
opcode,0x000df320,SphereCollider::_Collide(const AABBQuantizedNode*),oracle,0x000df6ba,?,"20,20,32,32,52,52|28,28,40,40,60,60/56,56"
opcode,0x000df320,SphereCollider::_Collide(const AABBQuantizedNode*),oracle,0x000df6f3,?,"20,20,32,32,52,52|28,28,40,40,60,60/56,56"
opcode,0x000df320,SphereCollider::_Collide(const AABBQuantizedNode*),candidate,0x000a2d16,?,"24,24,24,24,24,24,24,24,24,24,24,24,24,24,24,24,28,28,28,28,28,28,28,28,28,28,28,28,28,28,28,28,36,36,36,36,36,36,36,36|24,24,24,24,24,24,24,24,28,28,28,28,28,28,28,28,36,36,36,36/24,24,24,24,28,28,36,36,40,40,56,56,60,60"
opcode,0x000df7d0,SphereCollider::_CollideNoPrimitiveTest(const AABBQuantizedNode*),oracle,0x000df9ca,?,"20,20,32,32,52,52|56,56/28,28,40,40,60,60"
opcode,0x000df7d0,SphereCollider::_CollideNoPrimitiveTest(const AABBQuantizedNode*),oracle,0x000dfa0f,?,"20,20,32,32,52,52|56,56/28,28,40,40,60,60"
opcode,0x000df7d0,SphereCollider::_CollideNoPrimitiveTest(const AABBQuantizedNode*),oracle,0x000dfa60,?,"20,20,32,32,52,52|56,56/28,28,40,40,60,60"
opcode,0x000df7d0,SphereCollider::_CollideNoPrimitiveTest(const AABBQuantizedNode*),oracle,0x000dfa9d,?,"20,20,32,32,52,52|56,56/28,28,40,40,60,60"
opcode,0x000df7d0,SphereCollider::_CollideNoPrimitiveTest(const AABBQuantizedNode*),oracle,0x000dfaee,?,"20,20,32,32,52,52|56,56/28,28,40,40,60,60"
opcode,0x000df7d0,SphereCollider::_CollideNoPrimitiveTest(const AABBQuantizedNode*),oracle,0x000dfb2b,?,"20,20,32,32,52,52|56,56/28,28,40,40,60,60"
opcode,0x000df7d0,SphereCollider::_CollideNoPrimitiveTest(const AABBQuantizedNode*),oracle,0x000dfb6a,?,"20,20,32,32,52,52|56,56/28,28,40,40,60,60"
opcode,0x000df7d0,SphereCollider::_CollideNoPrimitiveTest(const AABBQuantizedNode*),oracle,0x000dfba3,?,"20,20,32,32,52,52|56,56/28,28,40,40,60,60"
opcode,0x000dfc30,SphereCollider::_Collide(const AABBNoLeafNode*),oracle,0x000dfdaa,?,"0,0,12,12,52,52|56,56/20,20,60,60,8,8"
opcode,0x000dfc30,SphereCollider::_Collide(const AABBNoLeafNode*),oracle,0x000dfdec,?,"0,0,12,12,52,52|56,56/20,20,60,60,8,8"
opcode,0x000dfc30,SphereCollider::_Collide(const AABBNoLeafNode*),oracle,0x000dfe3b,?,"0,0,12,12,52,52|56,56/20,20,60,60,8,8"
opcode,0x000dfc30,SphereCollider::_Collide(const AABBNoLeafNode*),oracle,0x000dfe78,?,"0,0,12,12,52,52|56,56/20,20,60,60,8,8"
opcode,0x000dfc30,SphereCollider::_Collide(const AABBNoLeafNode*),oracle,0x000dfec7,?,"0,0,12,12,52,52|56,56/20,20,60,60,8,8"
opcode,0x000dfc30,SphereCollider::_Collide(const AABBNoLeafNode*),oracle,0x000dff04,?,"0,0,12,12,52,52|56,56/20,20,60,60,8,8"
opcode,0x000dfc30,SphereCollider::_Collide(const AABBNoLeafNode*),oracle,0x000dff43,?,"0,0,12,12,52,52|56,56/20,20,60,60,8,8"
opcode,0x000dfc30,SphereCollider::_Collide(const AABBNoLeafNode*),oracle,0x000dff7c,?,"0,0,12,12,52,52|56,56/20,20,60,60,8,8"
opcode,0x000dfc30,SphereCollider::_Collide(const AABBNoLeafNode*),candidate,0x000a22d2,?,"16,16,4,4,56,56|52,52/20,20,60,60,8,8"
opcode,0x000dfc30,SphereCollider::_Collide(const AABBNoLeafNode*),candidate,0x000a22fe,?,"|16,16,4,4,56,56/20,20,60,60,8,8"
opcode,0x000dfc30,SphereCollider::_Collide(const AABBNoLeafNode*),candidate,0x000a232f,?,"52,52|60,60/20,20,60,60,8,8"
opcode,0x000dfc30,SphereCollider::_Collide(const AABBNoLeafNode*),candidate,0x000a2378,?,"16,16,4,4,56,56|52,52/52,52,52,52,60,60,60,60"
opcode,0x000e00d0,SphereCollider::_CollideNoPrimitiveTest(const AABBNoLeafNode*),oracle,0x000e024a,?,"20,20,60,60,8,8|56,56/0,0,12,12,52,52"
opcode,0x000e00d0,SphereCollider::_CollideNoPrimitiveTest(const AABBNoLeafNode*),oracle,0x000e028c,?,"0,0,12,12,52,52|56,56/20,20,60,60,8,8"
opcode,0x000e00d0,SphereCollider::_CollideNoPrimitiveTest(const AABBNoLeafNode*),oracle,0x000e02db,?,"0,0,12,12,52,52|56,56/20,20,60,60,8,8"
opcode,0x000e00d0,SphereCollider::_CollideNoPrimitiveTest(const AABBNoLeafNode*),oracle,0x000e0318,?,"0,0,12,12,52,52|56,56/20,20,60,60,8,8"
opcode,0x000e00d0,SphereCollider::_CollideNoPrimitiveTest(const AABBNoLeafNode*),oracle,0x000e0367,?,"0,0,12,12,52,52|56,56/20,20,60,60,8,8"
opcode,0x000e00d0,SphereCollider::_CollideNoPrimitiveTest(const AABBNoLeafNode*),oracle,0x000e03a4,?,"0,0,12,12,52,52|56,56/20,20,60,60,8,8"
opcode,0x000e00d0,SphereCollider::_CollideNoPrimitiveTest(const AABBNoLeafNode*),oracle,0x000e03e3,?,"0,0,12,12,52,52|56,56/20,20,60,60,8,8"
opcode,0x000e00d0,SphereCollider::_CollideNoPrimitiveTest(const AABBNoLeafNode*),oracle,0x000e041c,?,"0,0,12,12,52,52|56,56/20,20,60,60,8,8"
opcode,0x000e00d0,SphereCollider::_CollideNoPrimitiveTest(const AABBNoLeafNode*),candidate,0x000a384f,?,"16,16,4,4,56,56|52,52/20,20,60,60,8,8"
opcode,0x000e00d0,SphereCollider::_CollideNoPrimitiveTest(const AABBNoLeafNode*),candidate,0x000a387b,?,"|16,16,4,4,56,56/20,20,60,60,8,8"
opcode,0x000e00d0,SphereCollider::_CollideNoPrimitiveTest(const AABBNoLeafNode*),candidate,0x000a38ac,?,"52,52|60,60/20,20,60,60,8,8"
opcode,0x000e00d0,SphereCollider::_CollideNoPrimitiveTest(const AABBNoLeafNode*),candidate,0x000a38f5,?,"16,16,4,4,56,56|52,52/52,52,52,52,60,60,60,60"
opcode,0x000e04e0,SphereCollider::_Collide(const AABBQuantizedNoLeafNode*),oracle,0x000e06dc,?,"20,20,32,32,52,52|56,56/28,28,40,40,60,60"
opcode,0x000e04e0,SphereCollider::_Collide(const AABBQuantizedNoLeafNode*),oracle,0x000e0721,?,"20,20,32,32,52,52|56,56/28,28,40,40,60,60"
opcode,0x000e04e0,SphereCollider::_Collide(const AABBQuantizedNoLeafNode*),oracle,0x000e0772,?,"20,20,32,32,52,52|56,56/28,28,40,40,60,60"
opcode,0x000e04e0,SphereCollider::_Collide(const AABBQuantizedNoLeafNode*),oracle,0x000e07af,?,"20,20,32,32,52,52|56,56/28,28,40,40,60,60"
opcode,0x000e04e0,SphereCollider::_Collide(const AABBQuantizedNoLeafNode*),oracle,0x000e0800,?,"20,20,32,32,52,52|56,56/28,28,40,40,60,60"
opcode,0x000e04e0,SphereCollider::_Collide(const AABBQuantizedNoLeafNode*),oracle,0x000e083d,?,"20,20,32,32,52,52|56,56/28,28,40,40,60,60"
opcode,0x000e04e0,SphereCollider::_Collide(const AABBQuantizedNoLeafNode*),oracle,0x000e087c,?,"20,20,32,32,52,52|56,56/28,28,40,40,60,60"
opcode,0x000e04e0,SphereCollider::_Collide(const AABBQuantizedNoLeafNode*),oracle,0x000e08b5,?,"20,20,32,32,52,52|56,56/28,28,40,40,60,60"
opcode,0x000e04e0,SphereCollider::_Collide(const AABBQuantizedNoLeafNode*),candidate,0x000a2829,?,"24,24,24,24,24,24,24,24,24,24,24,24,24,24,24,24,28,28,28,28,28,28,28,28,28,28,28,28,28,28,28,28,36,36,36,36,36,36,36,36|24,24,24,24,24,24,24,24,28,28,28,28,28,28,28,28,36,36,36,36/24,24,24,24,28,28,36,36,40,40,56,56,60,60"
opcode,0x000e0a00,SphereCollider::_CollideNoPrimitiveTest(const AABBQuantizedNoLeafNode*),oracle,0x000e0bfc,?,"20,20,32,32,52,52|56,56/28,28,40,40,60,60"
opcode,0x000e0a00,SphereCollider::_CollideNoPrimitiveTest(const AABBQuantizedNoLeafNode*),oracle,0x000e0c41,?,"20,20,32,32,52,52|56,56/28,28,40,40,60,60"
opcode,0x000e0a00,SphereCollider::_CollideNoPrimitiveTest(const AABBQuantizedNoLeafNode*),oracle,0x000e0c92,?,"20,20,32,32,52,52|56,56/28,28,40,40,60,60"
opcode,0x000e0a00,SphereCollider::_CollideNoPrimitiveTest(const AABBQuantizedNoLeafNode*),oracle,0x000e0ccf,?,"20,20,32,32,52,52|56,56/28,28,40,40,60,60"
opcode,0x000e0a00,SphereCollider::_CollideNoPrimitiveTest(const AABBQuantizedNoLeafNode*),oracle,0x000e0d20,?,"20,20,32,32,52,52|56,56/28,28,40,40,60,60"
opcode,0x000e0a00,SphereCollider::_CollideNoPrimitiveTest(const AABBQuantizedNoLeafNode*),oracle,0x000e0d5d,?,"20,20,32,32,52,52|56,56/28,28,40,40,60,60"
opcode,0x000e0a00,SphereCollider::_CollideNoPrimitiveTest(const AABBQuantizedNoLeafNode*),oracle,0x000e0d9c,?,"20,20,32,32,52,52|56,56/28,28,40,40,60,60"
opcode,0x000e0a00,SphereCollider::_CollideNoPrimitiveTest(const AABBQuantizedNoLeafNode*),oracle,0x000e0dd5,?,"20,20,32,32,52,52|56,56/28,28,40,40,60,60"
opcode,0x000e0a00,SphereCollider::_CollideNoPrimitiveTest(const AABBQuantizedNoLeafNode*),candidate,0x000a3d14,?,"24,24,24,24,24,24,24,24,24,24,24,24,24,24,24,24,28,28,28,28,28,28,28,28,28,28,28,28,28,28,28,28,36,36,36,36,36,36,36,36|24,24,24,24,24,24,24,24,28,28,28,28,28,28,28,28,36,36,36,36/24,24,24,24,28,28,36,36,40,40,56,56,60,60"
opcode,0x000e0ea0,SphereCollider::_Collide(const AABBTreeNode*),oracle,0x000e10da,?,"52,52|56,56/60,60"
opcode,0x000e0ea0,SphereCollider::_Collide(const AABBTreeNode*),oracle,0x000e111f,?,"52,52|56,56/60,60"
opcode,0x000e0ea0,SphereCollider::_Collide(const AABBTreeNode*),oracle,0x000e1170,?,"52,52|56,56/60,60"
opcode,0x000e0ea0,SphereCollider::_Collide(const AABBTreeNode*),oracle,0x000e11ad,?,"52,52|56,56/60,60"
opcode,0x000e0ea0,SphereCollider::_Collide(const AABBTreeNode*),oracle,0x000e11fe,?,"52,52|56,56/60,60"
opcode,0x000e0ea0,SphereCollider::_Collide(const AABBTreeNode*),oracle,0x000e123b,?,"52,52|56,56/60,60"
opcode,0x000e0ea0,SphereCollider::_Collide(const AABBTreeNode*),oracle,0x000e1278,?,"52,52|56,56/60,60"
opcode,0x000e0ea0,SphereCollider::_Collide(const AABBTreeNode*),oracle,0x000e12b1,?,"52,52|56,56/60,60"
opcode,0x000e0ea0,SphereCollider::_Collide(const AABBTreeNode*),candidate,0x000a31a2,?,"4,4,4,4,4,4,4,4,8,8,8,8,8,8,8,8|4,4,4,4,8,8,8,8/16,16,16,16,20,20,4,4,4,4,56,56,60,60,8,8"
opcode,0x000e1550,"PlanesCollider::InitQuery(PlanesCache&, const Plane*, udword, const Matrix4x4*)",oracle,0x000e1681,(x+y)+z,-4|0/4
opcode,0x000e1550,"PlanesCollider::InitQuery(PlanesCache&, const Plane*, udword, const Matrix4x4*)",oracle,0x000e16a7,(x+y)+z,-16|-20/-12
opcode,0x000e1550,"PlanesCollider::InitQuery(PlanesCache&, const Plane*, udword, const Matrix4x4*)",oracle,0x000e16cd,(x+z)+y,-12|-20/-16
opcode,0x000e1550,"PlanesCollider::InitQuery(PlanesCache&, const Plane*, udword, const Matrix4x4*)",oracle,0x000e1702,(y+z)+x,4|8/0
opcode,0x000e1550,"PlanesCollider::InitQuery(PlanesCache&, const Plane*, udword, const Matrix4x4*)",oracle,0x000e17d7,(y+z)+x,"4,4|8,8/0,0"
opcode,0x000e1550,"PlanesCollider::InitQuery(PlanesCache&, const Plane*, udword, const Matrix4x4*)",oracle,0x000e17fb,(y+z)+x,"4,4|8,8/0,0"
opcode,0x000e1550,"PlanesCollider::InitQuery(PlanesCache&, const Plane*, udword, const Matrix4x4*)",oracle,0x000e181f,(y+z)+x,"4,4|8,8/0,0"
opcode,0x000e1550,"PlanesCollider::InitQuery(PlanesCache&, const Plane*, udword, const Matrix4x4*)",oracle,0x000e191f,(y+z)+x,"4,4|8,8/0,0"
opcode,0x000e1550,"PlanesCollider::InitQuery(PlanesCache&, const Plane*, udword, const Matrix4x4*)",oracle,0x000e1943,(y+z)+x,"4,4|8,8/0,0"
opcode,0x000e1550,"PlanesCollider::InitQuery(PlanesCache&, const Plane*, udword, const Matrix4x4*)",oracle,0x000e1967,(y+z)+x,"4,4|8,8/0,0"
opcode,0x000e1550,"PlanesCollider::InitQuery(PlanesCache&, const Plane*, udword, const Matrix4x4*)",candidate,0x000aba9b,(x+y)+z,0i|4i/8i
opcode,0x000e1550,"PlanesCollider::InitQuery(PlanesCache&, const Plane*, udword, const Matrix4x4*)",candidate,0x000abab1,(x+y)+z,0i|4i/8i
opcode,0x000e1550,"PlanesCollider::InitQuery(PlanesCache&, const Plane*, udword, const Matrix4x4*)",candidate,0x000abbca,(x+y)+z,"0,0|4,4/8,8"
opcode,0x000e1550,"PlanesCollider::InitQuery(PlanesCache&, const Plane*, udword, const Matrix4x4*)",candidate,0x000abbfa,(x+y)+z,"0,0|4,4/8,8"
opcode,0x000e1550,"PlanesCollider::InitQuery(PlanesCache&, const Plane*, udword, const Matrix4x4*)",candidate,0x000abd4c,(x+y)+z,"0,0|4,4/8,8"
opcode,0x000e1550,"PlanesCollider::InitQuery(PlanesCache&, const Plane*, udword, const Matrix4x4*)",candidate,0x000abd79,(x+y)+z,"0,0|4,4/8,8"
opcode,0x000e19f0,"PlanesCollider::_Collide(const AABBCollisionNode*, udword)",oracle,0x000e1a45,(y+z)+x,"16,4|20,8/0,12"
opcode,0x000e19f0,"PlanesCollider::_Collide(const AABBCollisionNode*, udword)",oracle,0x000e1a59,(y+z)+x,"4,4|8,8/0,0"
opcode,0x000e19f0,"PlanesCollider::_Collide(const AABBCollisionNode*, udword)",oracle,0x000e1b3c,(y+z)+x,"4,4|8,8/0,0"
opcode,0x000e19f0,"PlanesCollider::_Collide(const AABBCollisionNode*, udword)",oracle,0x000e1b63,(y+z)+x,"4,4|8,8/0,0"
opcode,0x000e19f0,"PlanesCollider::_Collide(const AABBCollisionNode*, udword)",oracle,0x000e1b88,(y+z)+x,4|8/0
opcode,0x000e19f0,"PlanesCollider::_Collide(const AABBCollisionNode*, udword)",candidate,0x000ac14c,(x+y)+z,"0,12,4,4|0,16,20,4,8/8,8"
opcode,0x000e19f0,"PlanesCollider::_Collide(const AABBCollisionNode*, udword)",candidate,0x000ac249,(x+y)+z,"0,0|4,4/8,8"
opcode,0x000e19f0,"PlanesCollider::_Collide(const AABBCollisionNode*, udword)",candidate,0x000ac279,(x+y)+z,"0,0|4,4/8,8"
opcode,0x000e1bf0,"PlanesCollider::_CollideNoPrimitiveTest(const AABBCollisionNode*, udword)",oracle,0x000e1c45,(y+z)+x,"16,4|20,8/0,12"
opcode,0x000e1bf0,"PlanesCollider::_CollideNoPrimitiveTest(const AABBCollisionNode*, udword)",oracle,0x000e1c59,(y+z)+x,"4,4|8,8/0,0"
opcode,0x000e1bf0,"PlanesCollider::_CollideNoPrimitiveTest(const AABBCollisionNode*, udword)",candidate,0x000acec7,(x+y)+z,"0,12,4,4|0,16,20,4,8/8,8"
opcode,0x000e1d10,"PlanesCollider::_Collide(const AABBQuantizedNode*, udword)",oracle,0x000e1dd8,(y+z)+x,4|8/0
opcode,0x000e1d10,"PlanesCollider::_Collide(const AABBQuantizedNode*, udword)",oracle,0x000e1df0,(x+y)+z,0|4/8
opcode,0x000e1d10,"PlanesCollider::_Collide(const AABBQuantizedNode*, udword)",oracle,0x000e1edc,(y+z)+x,"4,4|8,8/0,0"
opcode,0x000e1d10,"PlanesCollider::_Collide(const AABBQuantizedNode*, udword)",oracle,0x000e1f03,(y+z)+x,"4,4|8,8/0,0"
opcode,0x000e1d10,"PlanesCollider::_Collide(const AABBQuantizedNode*, udword)",oracle,0x000e1f28,(y+z)+x,4|8/0
opcode,0x000e1d10,"PlanesCollider::_Collide(const AABBQuantizedNode*, udword)",candidate,0x000acd59,(x+y)+z,"0,0|4,4/8,8"
opcode,0x000e1d10,"PlanesCollider::_Collide(const AABBQuantizedNode*, udword)",candidate,0x000acd89,(x+y)+z,"0,0|4,4/8,8"
opcode,0x000e1f90,"PlanesCollider::_CollideNoPrimitiveTest(const AABBQuantizedNode*, udword)",oracle,0x000e2058,(y+z)+x,4|8/0
opcode,0x000e1f90,"PlanesCollider::_CollideNoPrimitiveTest(const AABBQuantizedNode*, udword)",oracle,0x000e2070,(x+y)+z,0|4/8
opcode,0x000e2130,"PlanesCollider::_Collide(const AABBNoLeafNode*, udword)",oracle,0x000e2189,(y+z)+x,"16,4|20,8/0,12"
opcode,0x000e2130,"PlanesCollider::_Collide(const AABBNoLeafNode*, udword)",oracle,0x000e219d,(y+z)+x,"4,4|8,8/0,0"
opcode,0x000e2130,"PlanesCollider::_Collide(const AABBNoLeafNode*, udword)",oracle,0x000e2257,(y+z)+x,"4,4|8,8/0,0"
opcode,0x000e2130,"PlanesCollider::_Collide(const AABBNoLeafNode*, udword)",oracle,0x000e227b,(y+z)+x,"4,4|8,8/0,0"
opcode,0x000e2130,"PlanesCollider::_Collide(const AABBNoLeafNode*, udword)",oracle,0x000e22a0,(y+z)+x,4|8/0
opcode,0x000e2130,"PlanesCollider::_Collide(const AABBNoLeafNode*, udword)",oracle,0x000e23b2,(y+z)+x,"4,4|8,8/0,0"
opcode,0x000e2130,"PlanesCollider::_Collide(const AABBNoLeafNode*, udword)",oracle,0x000e23d6,(y+z)+x,"4,4|8,8/0,0"
opcode,0x000e2130,"PlanesCollider::_Collide(const AABBNoLeafNode*, udword)",oracle,0x000e23fb,(y+z)+x,4|8/0
opcode,0x000e2130,"PlanesCollider::_Collide(const AABBNoLeafNode*, udword)",candidate,0x000ac3b7,(x+y)+z,"0,12,4,4|0,16,20,4,8/8,8"
opcode,0x000e2130,"PlanesCollider::_Collide(const AABBNoLeafNode*, udword)",candidate,0x000ac48e,(x+y)+z,"0,0|4,4/8,8"
opcode,0x000e2130,"PlanesCollider::_Collide(const AABBNoLeafNode*, udword)",candidate,0x000ac4be,(x+y)+z,"0,0|4,4/8,8"
opcode,0x000e2130,"PlanesCollider::_Collide(const AABBNoLeafNode*, udword)",candidate,0x000ac603,(x+y)+z,"0,0|4,4/8,8"
opcode,0x000e2130,"PlanesCollider::_Collide(const AABBNoLeafNode*, udword)",candidate,0x000ac634,(x+y)+z,"0,0|4,4/8,8"
opcode,0x000e2460,"PlanesCollider::_CollideNoPrimitiveTest(const AABBNoLeafNode*, udword)",oracle,0x000e24b5,(y+z)+x,"16,4|20,8/0,12"
opcode,0x000e2460,"PlanesCollider::_CollideNoPrimitiveTest(const AABBNoLeafNode*, udword)",oracle,0x000e24c9,(y+z)+x,"4,4|8,8/0,0"
opcode,0x000e2460,"PlanesCollider::_CollideNoPrimitiveTest(const AABBNoLeafNode*, udword)",candidate,0x000ad00c,(x+y)+z,"0,12,4,4|0,16,20,4,8/8,8"
opcode,0x000e25b0,"PlanesCollider::_Collide(const AABBQuantizedNoLeafNode*, udword)",oracle,0x000e2678,(y+z)+x,4|8/0
opcode,0x000e25b0,"PlanesCollider::_Collide(const AABBQuantizedNoLeafNode*, udword)",oracle,0x000e2690,(x+y)+z,0|4/8
opcode,0x000e25b0,"PlanesCollider::_Collide(const AABBQuantizedNoLeafNode*, udword)",oracle,0x000e274c,(y+z)+x,"4,4|8,8/0,0"
opcode,0x000e25b0,"PlanesCollider::_Collide(const AABBQuantizedNoLeafNode*, udword)",oracle,0x000e2773,(y+z)+x,"4,4|8,8/0,0"
opcode,0x000e25b0,"PlanesCollider::_Collide(const AABBQuantizedNoLeafNode*, udword)",oracle,0x000e2798,(y+z)+x,4|8/0
opcode,0x000e25b0,"PlanesCollider::_Collide(const AABBQuantizedNoLeafNode*, udword)",oracle,0x000e28ac,(y+z)+x,"4,4|8,8/0,0"
opcode,0x000e25b0,"PlanesCollider::_Collide(const AABBQuantizedNoLeafNode*, udword)",oracle,0x000e28d3,(y+z)+x,"4,4|8,8/0,0"
opcode,0x000e25b0,"PlanesCollider::_Collide(const AABBQuantizedNoLeafNode*, udword)",oracle,0x000e28f8,(y+z)+x,4|8/0
opcode,0x000e25b0,"PlanesCollider::_Collide(const AABBQuantizedNoLeafNode*, udword)",candidate,0x000ac8e9,(x+y)+z,"0,0|4,4/8,8"
opcode,0x000e25b0,"PlanesCollider::_Collide(const AABBQuantizedNoLeafNode*, udword)",candidate,0x000ac919,(x+y)+z,"0,0|4,4/8,8"
opcode,0x000e25b0,"PlanesCollider::_Collide(const AABBQuantizedNoLeafNode*, udword)",candidate,0x000aca5f,(x+y)+z,"0,0|4,4/8,8"
opcode,0x000e25b0,"PlanesCollider::_Collide(const AABBQuantizedNoLeafNode*, udword)",candidate,0x000aca90,(x+y)+z,"0,0|4,4/8,8"
opcode,0x000e2960,"PlanesCollider::_CollideNoPrimitiveTest(const AABBQuantizedNoLeafNode*, udword)",oracle,0x000e2a28,(y+z)+x,"36,4|40,8/0,32"
opcode,0x000e2960,"PlanesCollider::_CollideNoPrimitiveTest(const AABBQuantizedNoLeafNode*, udword)",oracle,0x000e2a40,(x+y)+z,"0,20|24,4/28,8"
opcode,0x000e31c0,"Plane::Set(const Point&, const Point&, const Point&)",oracle,0x000e325b,(x+y)+z,"0,0|4,4/8,8"
opcode,0x000e31c0,"Plane::Set(const Point&, const Point&, const Point&)",oracle,0x000e32a8,(x+z)+y,"0,0,0,0,4,4,8,8|0,0,4,4,8,8,8,8/0,0,4,4,4,4,8,8"
opcode,0x000e31c0,"Plane::Set(const Point&, const Point&, const Point&)",candidate,0x0008418d,(y+z)+x,"4,4,4,4,4,4,4,4,8,8,8,8,8,8,8,8|4,4,4,4,4,4,4,4,8,8,8,8,8,8,8,8/8,8,8,8"
opcode,0x000e31c0,"Plane::Set(const Point&, const Point&, const Point&)",candidate,0x00084214,(x+z)+y,"0,4,4,4,4,4,4,4,4,4,4,4,4,8,8,8,8,8,8,8,8,8,8,8,8,8,8,8,8|4,8,8/8,8,8"
opcode,0x000e3ed0,Triangle::Area,oracle,0x000e3f40,?,"0,0,0,0,12,12,16,16,24,24,28,28,4,4,4,4|0,0,0,0,12,12,20,20,24,24,32,32,8,8,8,8/16,16,20,20,28,28,32,32,4,4,4,4,8,8,8,8"
opcode,0x000e3f50,Triangle::Normal(Point&) const,oracle,0x000e3fc8,(y+z)+x,"0,0,0,0,12,12,16,16,24,24,28,28,4,4,4,4|0,0,0,0,12,12,20,20,24,24,32,32,8,8,8,8/16,16,20,20,28,28,32,32,4,4,4,4,8,8,8,8"
opcode,0x000e3f50,Triangle::Normal(Point&) const,candidate,0x00082a1f,(x+y)+z,"16,16,20,20,28,28,32,32,4,4,4,4,8,8,8,8|32,32,8,8/0,0,0,0,0,0,0,0,12,12,12,12,16,16,20,20,24,24,24,24,28,28,4,4,4,4,8,8"
opcode,0x000e4090,"Triangle::Inflate(float, bool)",oracle,0x000e40de,?,"-4,-4|0,0/-8,-8"
opcode,0x000e4090,"Triangle::Inflate(float, bool)",candidate,0x00082585,?,"0,0,0,0,0,0,0,0,0,0,0,0,0,0,0,0,0,0,0,0,0,0,12,12,16,16,16,16,16,16,24,24,24,24,28,28,28,28,28,28,28,28,32,32,32,32,4,4,4,4,4,4,4,4,8,8,8,8,8,8|0,0,0,0,0,0,0,0,0,0,0,0,0,0,12,12,12,12,12,12,12,12,12,12,16,16,16,16,20,20,20,20,20,20,20,20,24,24,24,24,24,24,24,24,28,28,28,28,28,28,28,28,32,32,32,32,32,32,32,32,32,32,4,4,4,4,4,4,4,4,4,4,4,4,4,4,4,4,8,8,8,8,8,8/0,0,12,12,20,20,24,24,32,32,4,4,4,4,8,8"
opcode,0x000e4090,"Triangle::Inflate(float, bool)",candidate,0x0008263a,?,"0,0,0,0,0,0,0,0,0,0,0,0,0,0,0,0,0,0,0,0,0,0,12,12,16,16,16,16,16,16,16,16,16,16,24,24,24,24,28,28,28,28,28,28,28,28,32,32,32,32,4,4,4,4,4,4,4,4,4,4,8,8,8,8|24,24,4,4/0,0,0,0,0,0,0,0,0,0,0,0,0,0,12,12,12,12,12,12,12,12,12,12,12,12,12,12,16,16,20,20,20,20,20,20,20,20,20,20,20,20,20,20,24,24,24,24,24,24,24,24,28,28,28,28,28,28,32,32,32,32,32,32,32,32,32,32,32,32,4,4,4,4,4,4,4,4,4,4,4,4,4,4,4,4,8,8,8,8,8,8"
opcode,0x000e4090,"Triangle::Inflate(float, bool)",candidate,0x000826eb,?,"0,0,0,0,0,0,0,0,0,0,0,0,0,0,0,0,0,0,12,12,16,16,16,16,16,16,24,24,24,24,24,24,28,28,28,28,28,28,28,28,28,28,32,32,32,32,4,4,4,4,4,4,4,4,4,4,8,8,8,8|0,0,0,0,0,0,0,0,0,0,12,12,12,12,20,20,24,24,28,28,28,28,32,32,32,32,4,4,8,8/0,0,0,0,0,0,0,0,0,0,0,0,12,12,12,12,12,12,12,12,12,12,12,12,16,16,20,20,20,20,20,20,20,20,24,24,24,24,24,24,28,28,28,28,28,28,32,32,32,32,32,32,32,32,32,32,32,32,4,4,4,4,4,4,4,4,4,4,4,4,4,4,4,4,4,4,8,8,8,8"
opcode,0x000e4200,"IceMaths::InvertPRMatrix(Matrix4x4&, const Matrix4x4&)",oracle,0x000e422b,(x+y)+z,"0,48|4,52/56,8"
opcode,0x000e4200,"IceMaths::InvertPRMatrix(Matrix4x4&, const Matrix4x4&)",oracle,0x000e4258,(x+z)+y,"16,48|24,56/20,52"
opcode,0x000e4200,"IceMaths::InvertPRMatrix(Matrix4x4&, const Matrix4x4&)",oracle,0x000e428d,(x+z)+y,"32,48|40,56/36,52"
opcode,0x000e4200,"IceMaths::InvertPRMatrix(Matrix4x4&, const Matrix4x4&)",candidate,0x0008615c,(x+y)+z,"0,48|4,52/56,8"
opcode,0x000e4200,"IceMaths::InvertPRMatrix(Matrix4x4&, const Matrix4x4&)",candidate,0x00086189,(x+y)+z,"16,48|20,52/24,56"
opcode,0x000e4200,"IceMaths::InvertPRMatrix(Matrix4x4&, const Matrix4x4&)",candidate,0x000861b6,(x+y)+z,"32,48|36,52/40,56"
opcode,0x000e42a0,"Matrix4x4::CoFactor(udword, udword)",oracle,0x000e436c,?,"0,0,0|0i,0i,0i/0,0"
opcode,0x000e42a0,"Matrix4x4::CoFactor(udword, udword)",oracle,0x000e438f,?,"0,0,0|0,0,0/0,0"
opcode,0x000e42a0,"Matrix4x4::CoFactor(udword, udword)",candidate,0x00085e7f,?,"0i,0i,0i|0i,0i,0i/0i,0i,0i"
opcode,0x000e4580,OBB::ComputePlanes(Plane*) const,oracle,0x000e484a,(y+z)+x,"12,4,4|12,8,8/0,0,12"
opcode,0x000e4580,OBB::ComputePlanes(Plane*) const,oracle,0x000e4867,(y+z)+x,"16,4,4|16,8,8/0,0,16"
opcode,0x000e4580,OBB::ComputePlanes(Plane*) const,oracle,0x000e4887,(y+z)+x,"16,4,4|16,8,8/0,0,16"
opcode,0x000e4580,OBB::ComputePlanes(Plane*) const,oracle,0x000e48a6,(y+z)+x,"0,12,68|12,4,72/20,64,8"
opcode,0x000e4580,OBB::ComputePlanes(Plane*) const,oracle,0x000e48c4,(y+z)+x,"0,16,84|16,4,88/16,8,80"
opcode,0x000e4580,OBB::ComputePlanes(Plane*) const,candidate,0x00084b5d,?,"0,0,16,16,16,36,36,36,40,44,44,8|4,40/44,8"
opcode,0x000e4580,OBB::ComputePlanes(Plane*) const,candidate,0x00084ba4,(x+y)+z,"20,48,52,68|20,64/40,72"
opcode,0x000e4cb0,"OBB::ComputeWorldEdgeNormal(udword, Point&) const",oracle,0x000e4cd8,?,"269624612i,36|48,8/0,24"
opcode,0x000e4cb0,"OBB::ComputeWorldEdgeNormal(udword, Point&) const",oracle,0x000e4cf0,(x+y)+z,"0,28|4,40/52,8"
opcode,0x000e4cb0,"OBB::ComputeWorldEdgeNormal(udword, Point&) const",oracle,0x000e4d19,(x+y)+z,"0,32|4,44/56,8"
opcode,0x000e4cb0,"OBB::ComputeWorldEdgeNormal(udword, Point&) const",candidate,0x000852b3,(x+y)+z,"269386376i,28|269386380i,40/269386384i,52"
opcode,0x000e4cb0,"OBB::ComputeWorldEdgeNormal(udword, Point&) const",candidate,0x000852c9,(x+y)+z,"269386376i,32|269386380i,44/269386384i,56"
opcode,0x000e4cb0,"OBB::ComputeWorldEdgeNormal(udword, Point&) const",candidate,0x000852df,(x+z)+y,"24,269386376i|269386384i,48/269386380i,36"
opcode,0x000e4d30,OBB::IsInside(const OBB&),oracle,0x000e4dab,(x+y)+z,0|4/8
opcode,0x000e4d30,OBB::IsInside(const OBB&),oracle,0x000e4df4,(x+y)+z,0|4/8
opcode,0x000e4d30,OBB::IsInside(const OBB&),oracle,0x000e4e42,(x+y)+z,0|4/8
opcode,0x000e4d30,OBB::IsInside(const OBB&),oracle,0x000e4e99,(x+y)+z,24|28/32
opcode,0x000e4d30,OBB::IsInside(const OBB&),oracle,0x000e4eb9,(x+y)+z,24|28/32
opcode,0x000e4d30,OBB::IsInside(const OBB&),oracle,0x000e4ed9,(x+y)+z,24|28/32
opcode,0x000e4d30,OBB::IsInside(const OBB&),oracle,0x000e4ef9,(y+z)+x,40|44/36
opcode,0x000e4d30,OBB::IsInside(const OBB&),oracle,0x000e4f19,(y+z)+x,40|44/36
opcode,0x000e4d30,OBB::IsInside(const OBB&),oracle,0x000e4f39,(y+z)+x,40|44/36
opcode,0x000e4d30,OBB::IsInside(const OBB&),oracle,0x000e4f59,(y+z)+x,52|56/48
opcode,0x000e4d30,OBB::IsInside(const OBB&),oracle,0x000e4f79,(y+z)+x,52|56/48
opcode,0x000e4d30,OBB::IsInside(const OBB&),oracle,0x000e4fa9,(y+z)+x,52|56/48
opcode,0x000e4d30,OBB::IsInside(const OBB&),candidate,0x00085841,?,"24,4|28,8/32"
opcode,0x000e4d30,OBB::IsInside(const OBB&),candidate,0x0008589e,?,"36,4|8/0,28,36,40,40,44"
opcode,0x000e4d30,OBB::IsInside(const OBB&),candidate,0x000858d1,(x+y)+z,48|52/56
opcode,0x000e4d30,OBB::IsInside(const OBB&),candidate,0x0008597b,?,"24,52|28/32,4,56"
opcode,0x000e4d30,OBB::IsInside(const OBB&),candidate,0x00085a1e,?,0|4/8
opcode,0x000e9bb0,"AABBCollider::InitQuery(AABBCache&, const CollisionAABB&)",oracle,0x000e9f50,(y+z)+x,"0,0,0,0,0,0,0,104,116,116,124,128,4,4,4,4,72|0,0,0,0,0,0,0,108,120,120,124,132,68,8,8,8,8/104,108,116,116,120,120,128,132,4,4,4,4,64,8,8,8,8"
opcode,0x000e9bb0,"AABBCollider::InitQuery(AABBCache&, const CollisionAABB&)",oracle,0x000ea7de,(x+z)+y,"0,0,0,0,0,0,0,104,116,116,124,128,4,4,4,4,72|104,108,116,116,120,120,128,132,4,4,4,4,64,8,8,8,8/0,0,0,0,0,0,0,108,120,120,124,132,68,8,8,8,8"
opcode,0x000e9bb0,"AABBCollider::InitQuery(AABBCache&, const CollisionAABB&)",candidate,0x000c715f,?,"100,104,104,108,108,112,112,116,116,120,120,120,124,128,132,52,52,52,52,56,56,56,56,56,60,60,60,60,60,60|100,108,120,52,60,60/108,116,128,56,56,60"
opcode,0x000e9bb0,"AABBCollider::InitQuery(AABBCache&, const CollisionAABB&)",candidate,0x000c720c,(x+y)+z,"108,120,60,60|68,72/116,128,56,56,72"
opcode,0x000e9bb0,"AABBCollider::InitQuery(AABBCache&, const CollisionAABB&)",candidate,0x000c7bbf,?,"100,104,104,108,108,112,112,116,116,120,120,120,124,128,132,52,52,52,52,56,56,56,56,56,60,60,60,60,60,60|100,108,120,52,60,60/108,116,128,56,56,60"
opcode,0x000e9bb0,"AABBCollider::InitQuery(AABBCache&, const CollisionAABB&)",candidate,0x000c7c72,?,"108,120,60,60|68,72/116,128,56,56,72"
opcode,0x000eaea0,AABBCollider::_Collide(const AABBCollisionNode*),oracle,0x000eb2f8,(y+z)+x,"104,116,116,128,56,56,56,56,72|108,120,120,132,60,60,60,60,68/104,108,116,116,120,120,128,132,56,56,56,56,60,60,60,60,64"
opcode,0x000eaea0,AABBCollider::_Collide(const AABBCollisionNode*),candidate,0x000c960f,?,"100,104,104,108,108,112,112,116,116,120,120,120,128,132,56,56,56,56,56,60,60,60,60,60,60|100,108,120,60,60/108,116,128,56,56,60"
opcode,0x000eaea0,AABBCollider::_Collide(const AABBCollisionNode*),candidate,0x000c96bf,?,"108,120,60,60|68,72/116,128,56,56,72"
opcode,0x000eb990,AABBCollider::_Collide(const AABBQuantizedNode*),oracle,0x000ebe6e,(y+z)+x,"104,116,116,128,32,56,56,56,56,72|108,120,120,132,32,60,60,60,60,68/104,108,116,116,120,120,128,132,56,56,56,56,60,60,60,60,64"
opcode,0x000eb990,AABBCollider::_Collide(const AABBQuantizedNode*),candidate,0x000cd216,?,"100,104,104,108,108,112,112,116,120,120,120,120,132,132,56,56,56,60,60,60,60,60,60,60,60|100,108,120,60,60/104,108,116,56,56,60"
opcode,0x000eb990,AABBCollider::_Collide(const AABBQuantizedNode*),candidate,0x000cd2c4,?,"100,104,108,108,112,112,116,120,120,120,120,132,132,56,56,60,60,60,60,60,60,60,60,68|108,120,60,60/104,116,56,56,72"
opcode,0x000eb990,AABBCollider::_Collide(const AABBQuantizedNode*),candidate,0x000cd358,?,"108,120,60,60,64|116,128,56,56,68/104,116,56,56,72"
opcode,0x000ec580,AABBCollider::_Collide(const AABBNoLeafNode*),oracle,0x000ec9a4,(x+z)+y,"0,0,0,0,104,116,116,128,52,52,52,52,56,56,56,56|104,108,116,116,120,120,128,132,56,56,56,56,60,60,60,60/0,0,0,0,108,120,120,132,52,52,52,52,60,60,60,60"
opcode,0x000ec580,AABBCollider::_Collide(const AABBNoLeafNode*),oracle,0x000ec9dc,(x+z)+y,"0,0,0,0,104,116,116,128,52,52,52,52,56,56,56,56|104,108,116,116,120,120,128,132,56,56,56,56,60,60,60,60/0,0,0,0,108,120,120,132,52,52,52,52,60,60,60,60"
opcode,0x000ec580,AABBCollider::_Collide(const AABBNoLeafNode*),oracle,0x000ed29b,(x+z)+y,"0,0,0,104,116,116,124,128,52,52,52,52,56,56,56,56,72|104,108,116,116,120,120,128,132,56,56,56,56,60,60,60,60,64/0,0,0,108,120,120,124,132,52,52,52,52,60,60,60,60,68"
opcode,0x000ec580,AABBCollider::_Collide(const AABBNoLeafNode*),candidate,0x000ca282,?,"100,108,120,52,60,60|104,120,132,56,60,60/108,116,128,56,56,60"
opcode,0x000ec580,AABBCollider::_Collide(const AABBNoLeafNode*),candidate,0x000ca326,?,"100,104,108,108,116,120,120,128,132,52,56,56,56,60,60,60,60,60|68,72/120,132,60,60,72"
opcode,0x000ec580,AABBCollider::_Collide(const AABBNoLeafNode*),candidate,0x000cadd2,?,"116,128,56,56,68|64,72/108,120,60,60,72"
opcode,0x000ec580,AABBCollider::_Collide(const AABBNoLeafNode*),candidate,0x000cae6b,?,"100,104,104,112,116,116,52,52,56,56,56,56,68|108,108,120,120,60,60,60,60/100,100,104,104,104,104,104,108,108,112,112,116,116,116,116,120,120,120,128,132,132,52,52,52,52,56,56,56,56,56,56,56,56,56,56,60,60,60,60,60,60,60"
opcode,0x000ed960,AABBCollider::_Collide(const AABBQuantizedNoLeafNode*),oracle,0x000ede3a,(y+z)+x,"0,0,0,0,104,116,116,128,52,52,52,52,56,56,56,56|0,0,0,0,108,120,120,132,52,52,52,52,60,60,60,60/104,108,116,116,120,120,128,132,56,56,56,56,60,60,60,60"
opcode,0x000ed960,AABBCollider::_Collide(const AABBQuantizedNoLeafNode*),oracle,0x000ede78,(y+z)+x,"0,0,0,0,104,116,116,128,52,52,52,52,56,56,56,56|0,0,0,0,108,120,120,132,52,52,52,52,60,60,60,60/104,108,116,116,120,120,128,132,56,56,56,56,60,60,60,60"
opcode,0x000ed960,AABBCollider::_Collide(const AABBQuantizedNoLeafNode*),oracle,0x000ee73d,(y+z)+x,"0,0,0,104,116,116,124,128,52,52,52,52,56,56,56,56,72|0,0,0,108,120,120,124,132,52,52,52,52,60,60,60,60,68/104,108,116,116,120,120,128,132,56,56,56,56,60,60,60,60,64"
opcode,0x000ed960,AABBCollider::_Collide(const AABBQuantizedNoLeafNode*),candidate,0x000cba3c,?,"100,108,120,52,60,60|104,120,132,56,60,60/108,116,128,56,56,60"
opcode,0x000ed960,AABBCollider::_Collide(const AABBQuantizedNoLeafNode*),candidate,0x000cbae0,?,"100,104,108,108,116,120,120,128,132,52,56,56,56,60,60,60,60,60|68,72/120,132,60,60,72"
opcode,0x000ed960,AABBCollider::_Collide(const AABBQuantizedNoLeafNode*),candidate,0x000cc58e,?,"116,128,56,56,68|64,72/108,120,60,60,72"
opcode,0x000ed960,AABBCollider::_Collide(const AABBQuantizedNoLeafNode*),candidate,0x000cc627,?,"100,104,104,112,116,116,52,52,56,56,56,56,68|108,108,120,120,60,60,60,60/100,100,104,104,104,104,104,108,108,112,112,116,116,116,116,120,120,120,128,132,132,52,52,52,52,56,56,56,56,56,56,56,56,56,56,60,60,60,60,60,60,60"
opcode,0x000f0560,"Segment::SquareDistance(const Point&, float*) const",oracle,0x000f05a2,?,"0,0,0,12|20,8,8,8/16,4,4,4"
opcode,0x000f0560,"Segment::SquareDistance(const Point&, float*) const",oracle,0x000f05d5,(y+z)+x,"16,16,4,4|20,20,8,8/0,0,12,12"
opcode,0x000f0560,"Segment::SquareDistance(const Point&, float*) const",oracle,0x000f064e,?,"0,0,0,0|8,8,8,8/0,0,0,0,0,0,0,0,0,0,12,12,12,12,12,12,16,16,16,16,20,20,20,20,4,4,4,4,4,4,4,4,4,4,4,4,8,8,8,8,8,8,8,8"
opcode,0x000f0560,"Segment::SquareDistance(const Point&, float*) const",candidate,0x00082da0,?,"8,8,8,8|8,8,8,8/16,16,4,4"
qhull,0x0005c5c0,qh_distplane,oracle,0x0005c61b,?,"16,16|8,8/0,0"
qhull,0x0005c5c0,qh_distplane,oracle,0x0005c643,?,"16,16|24,24/8,8"
qhull,0x0005c5c0,qh_distplane,oracle,0x0005c671,?,"24,24|32,32/16,16"
qhull,0x0005c5c0,qh_distplane,oracle,0x0005c6c0,?,"48,48|56,56/40,40"
qhull,0x0005d670,qh_normalize2,oracle,0x0005d6ca,?,"16,16|8,8/0,0"
qhull,0x0005d670,qh_normalize2,oracle,0x0005d6fb,?,"16,16|24,24/8,8"
qhull,0x0005d670,qh_normalize2,oracle,0x0005d736,?,"16,16|24,24/8,8"
qhull,0x0005d9f0,qh_sethyperplane_det,oracle,0x0005db0b,?,"0,0,0,0,0,0,16,16,16,16,8,8,8,8|0,0,0,0,0,0,16,8,8,8,8,8,8,8/0,0,0,16,16,16,16,8,8,8,8,8,8,8"
qhull,0x0005d9f0,qh_sethyperplane_det,oracle,0x0005db3b,?,"0,0,0,0,0,0,16,16,16,16,8,8,8,8|0,0,0,0,0,0,16,8,8,8,8,8,8,8/0,16,16,16,16,8,8,8,8"
qhull,0x0005d9f0,qh_sethyperplane_det,oracle,0x0005ddd1,?,"0,0,0,0,0,0,0,16,16,16,16,16,16,16,16,16,16,16,16,16,24,24,24,24,24,24,24,24,24,24,24,24,8,8,8,8,8|16,16,24/0,0,0,0,0,0,0,16,24,24,24,24,24,24,24,24,24,24,24,24,8,8,8,8,8,8,8,8,8,8,8,8,8,8,8"
qhull,0x0005d9f0,qh_sethyperplane_det,oracle,0x0005de0d,?,"0,0,0,0,0,0,0,16,16,16,16,16,16,16,16,16,16,16,16,16,24,24,24,24,24,24,24,24,24,24,24,24,8,8,8,8,8|16,16,24/0,0,0,0,0,0,0,16,24,24,24,24,24,24,24,24,24,24,24,24,8,8,8,8,8,8,8,8,8,8,8,8,8,8,8"
qhull,0x0005d9f0,qh_sethyperplane_det,candidate,0x0008175d,?,"0,0,0,0,0,0,0,0,16,16,16,16,8,8,8,8,8,8,8|0,16,16,16,16,8,8,8,8/0,0,0,0,0,0,0,0,16,8,8,8,8,8,8,8,8,8,8"
qhull,0x0005d9f0,qh_sethyperplane_det,candidate,0x00081788,?,"0,0,0,0,0,0,0,0,0,0,0,0,0,0,0,16,16,16,16,16,16,16,16,16,16,16,16,16,8,8,8,8,8,8,8,8,8,8,8,8,8,8,8,8,8,8,8,8,8,8,8|0,0,0,0,0,0,0,0,16,16,16,16,8,8,8,8,8,8,8/0,0,0,0,0,0,0,0,16,8,8,8,8,8,8,8,8,8,8"
qhull,0x0005d9f0,qh_sethyperplane_det,candidate,0x000819c5,?,"0,0,0,0,0,0,0,0,0,0,0,0,0,0,0,0,0,16,16,16,16,16,16,16,16,16,16,16,16,16,16,16,16,16,16,16,16,16,16,16,16,16,16,16,16,16,24,24,24,24,24,24,24,24,24,24,24,24,8,8,8,8,8,8,8,8,8,8,8,8,8,8,8,8,8,8,8,8,8,8,8,8,8,8,8,8,8,8,8,8,8|0,0,0,0,0,0,0,16,16,16,16,16,16,16,16,16,16,16,16,16,16,24,24,24,24,24,24,24,24,24,24,24,24,8,8,8,8,8,8,8,8,8,8,8,8,8/0,0,0,0,0,0,0,0,0,0,0,0,0,16,16,16,16,16,16,16,16,16,16,16,16,16,16,16,16,16,16,16,16,16,16,16,16,24,24,24,24,24,24,24,24,24,24,24,24,8,8,8,8,8,8,8,8,8,8,8,8,8,8,8,8,8,8,8,8,8,8,8,8,8"
qhull,0x0005d9f0,qh_sethyperplane_det,candidate,0x000819f2,?,"0,0,0,0,0,0,0,0,0,0,0,0,0,0,0,0,0,16,16,16,16,16,16,16,16,16,16,16,16,16,16,16,16,16,16,16,16,16,16,16,16,16,16,16,16,16,16,16,16,16,16,16,16,16,16,16,16,16,16,16,16,16,16,16,16,24,24,24,24,24,24,24,24,24,24,24,24,24,24,24,24,24,24,24,24,24,24,24,24,24,24,24,24,24,24,24,24,24,24,24,24,24,24,24,24,24,24,24,8,8,8,8,8,8,8,8,8,8,8,8,8,8,8,8,8,8,8,8,8,8,8,8,8,8,8,8,8,8,8,8,8,8,8,8,8,8,8,8,8,8,8,8,8,8|0,0,0,0,0,0,0,0,0,0,0,0,0,0,0,0,0,16,16,16,16,16,16,16,16,16,16,16,16,16,16,16,16,16,16,16,16,16,16,16,16,16,16,16,16,16,24,24,24,24,24,24,24,24,24,24,24,24,8,8,8,8,8,8,8,8,8,8,8,8,8,8,8,8,8,8,8,8,8,8,8,8,8,8,8,8,8,8,8,8,8/0,0,0,0,0,0,0,0,0,0,0,0,0,16,16,16,16,16,16,16,16,16,16,16,16,16,16,16,16,16,16,16,16,16,16,16,16,24,24,24,24,24,24,24,24,24,24,24,24,8,8,8,8,8,8,8,8,8,8,8,8,8,8,8,8,8,8,8,8,8,8,8,8,8"
