library,rva,class,candidate_symbol,x87,identity,hits,outcome,differential,source_function
qhull,0x0005c5c0,REVIEW,_qh_distplane,79,thirdparty:same;asset:absent,5+,exact+divergent,thirdparty:qhull_hull=exact+qhull_hull_x87=divergent+qhull_hull_rotated=divergent,qh_distplane
qhull,0x0005c7d0,SHAPE,_qh_findbesthorizon,59,thirdparty:same;asset:absent,5+,exact+divergent,thirdparty:qhull_hull=exact+qhull_hull_x87=divergent+qhull_hull_rotated=divergent,qh_findbesthorizon
qhull,0x0005cb40,DIFF,_qh_findbestnew,34,thirdparty:same;asset:absent,5+,exact+divergent,thirdparty:qhull_hull=exact+qhull_hull_x87=divergent+qhull_hull_rotated=divergent,qh_findbestnew
qhull,0x0005ceb0,REVIEW,_qh_backnormal,46,thirdparty:same;asset:absent,5+,exact+divergent,thirdparty:qhull_hull=exact+qhull_hull_x87=divergent+qhull_hull_rotated=divergent,qh_backnormal
qhull,0x0005d0e0,REVIEW,_qh_gausselim,87,thirdparty:same;asset:absent,5+,exact+divergent,thirdparty:qhull_hull=exact+qhull_hull_x87=divergent+qhull_hull_rotated=divergent,qh_gausselim
qhull,0x0005d410,REVIEW,_qh_getangle,15,thirdparty:same;asset:absent,5+,exact+divergent,thirdparty:qhull_hull=exact+qhull_hull_x87=divergent+qhull_hull_rotated=divergent,qh_getangle
qhull,0x0005d4a0,SHAPE,_qh_getcenter,11,thirdparty:same;asset:absent,5+,exact+divergent,thirdparty:qhull_hull=exact+qhull_hull_x87=divergent+qhull_hull_rotated=divergent,qh_getcenter
qhull,0x0005d560,REVIEW,_qh_getdistance,23,thirdparty:same;asset:absent,0,none,,qh_getdistance
qhull,0x0005d670,REVIEW,_qh_normalize2,143,thirdparty:same;asset:absent,5+,exact+divergent,thirdparty:qhull_hull=exact+qhull_hull_x87=divergent+qhull_hull_rotated=divergent,qh_normalize2
qhull,0x0005d980,SHAPE,_qh_projectpoint,4,thirdparty:same;asset:absent,0,none,,qh_projectpoint
qhull,0x0005d9f0,SHAPE,_qh_sethyperplane_det,294,thirdparty:same;asset:absent,5+,exact+divergent,thirdparty:qhull_hull=exact+qhull_hull_x87=divergent+qhull_hull_rotated=divergent,qh_sethyperplane_det
qhull,0x0005de50,REVIEW,_qh_sethyperplane_gauss,11,thirdparty:same;asset:absent,0,none,,qh_sethyperplane_gauss
qhull,0x0005dfb0,SHAPE,_qh_findbest,32,thirdparty:same;asset:absent,5+,exact+divergent,thirdparty:qhull_hull=exact+qhull_hull_x87=divergent+qhull_hull_rotated=divergent,qh_findbest
qhull,0x0005e3e0,SHAPE,_qh_getcentrum,4,thirdparty:same;asset:absent,5+,exact+divergent,thirdparty:qhull_hull=exact+qhull_hull_x87=divergent+qhull_hull_rotated=divergent,qh_getcentrum
qhull,0x0005e470,SHAPE,_qh_normalize,0,thirdparty:same;asset:absent,0,none,,qh_normalize
qhull,0x0005e490,DIFF,_qh_setfacetplane,46,thirdparty:same;asset:absent,5+,exact+divergent,thirdparty:qhull_hull=exact+qhull_hull_x87=divergent+qhull_hull_rotated=divergent,qh_setfacetplane
qhull,0x0005ea60,REVIEW,_qh_copypoints,0,thirdparty:same;asset:absent,0,none,,qh_copypoints
qhull,0x0005eac0,SHAPE,_qh_crossproduct,19,thirdparty:same;asset:absent,5+,exact,thirdparty:qh_crossproduct=exact,qh_crossproduct
qhull,0x0005eb10,REVIEW,_qh_determinant,42,thirdparty:same;asset:absent,5+,exact+divergent,thirdparty:qhull_hull=exact+qhull_hull_x87=divergent+qhull_hull_rotated=divergent,qh_determinant
qhull,0x0005ec50,REVIEW,_qh_detsimplex,8,thirdparty:same;asset:absent,5+,exact+divergent,thirdparty:qhull_hull=exact+qhull_hull_x87=divergent+qhull_hull_rotated=divergent,qh_detsimplex
qhull,0x0005ed60,SHAPE,_qh_distnorm,4,thirdparty:same;asset:absent,0,none,,qh_distnorm
qhull,0x0005ed90,SHAPE,_qh_distround,24,thirdparty:same;asset:absent,5+,exact+divergent,thirdparty:qhull_hull=exact+qhull_hull_x87=divergent+qhull_hull_rotated=divergent,qh_distround
qhull,0x0005ee20,REVIEW,_qh_divzero,35,thirdparty:same;asset:absent,5+,exact+divergent,thirdparty:qhull_hull=exact+qhull_hull_x87=divergent+qhull_hull_rotated=divergent,qh_divzero
qhull,0x0005eed0,REVIEW,_qh_facetarea_simplex,42,thirdparty:same;asset:absent,5+,exact+divergent,thirdparty:qhull_hull=exact+qhull_hull_x87=divergent+qhull_hull_rotated=divergent,qh_facetarea_simplex
qhull,0x0005f170,SHAPE,_qh_findgooddist,14,thirdparty:same;asset:absent,0,none,,qh_findgooddist
qhull,0x0005f360,SHAPE,_qh_gram_schmidt,30,thirdparty:same;asset:absent,5+,exact+divergent,thirdparty:qhull_hull=exact+qhull_hull_x87=divergent+qhull_hull_rotated=divergent,qh_gram_schmidt
qhull,0x0005f460,REVIEW,_qh_inthresholds,27,thirdparty:same;asset:absent,5+,exact+divergent,thirdparty:qhull_hull=exact+qhull_hull_x87=divergent+qhull_hull_rotated=divergent,qh_inthresholds
qhull,0x0005f530,SHAPE,_qh_maxabsval,11,thirdparty:same;asset:absent,5+,exact,thirdparty:qh_maxabsval=exact,qh_maxabsval
qhull,0x0005f590,SHAPE,_qh_maxouter,11,thirdparty:absent;asset:absent,0,none,,qh_maxouter
qhull,0x0005f600,REVIEW,_qh_maxsimplex,45,thirdparty:same;asset:absent,5+,exact+divergent,thirdparty:qhull_hull=exact+qhull_hull_x87=divergent+qhull_hull_rotated=divergent,qh_maxsimplex
qhull,0x0005f9f0,REVIEW,_qh_orientoutside,9,thirdparty:same;asset:absent,5+,exact+divergent,thirdparty:qhull_hull=exact+qhull_hull_x87=divergent+qhull_hull_rotated=divergent,qh_orientoutside
qhull,0x0005fa60,SHAPE,_qh_outerinner,30,thirdparty:same;asset:absent,0,none,,qh_outerinner
qhull,0x0005fb70,SHAPE,_qh_pointdist,8,thirdparty:same;asset:absent,5+,exact,thirdparty:qh_pointdist=exact,qh_pointdist
qhull,0x0005fbb0,SHAPE,_qh_printmatrix,2,thirdparty:same;asset:absent,0,none,,qh_printmatrix
qhull,0x0005fc50,REVIEW,_qh_printpoints,0,thirdparty:same;asset:absent,0,none,,qh_printpoints
qhull,0x0005fd10,REVIEW,_qh_projectpoints,2,thirdparty:same;asset:absent,0,none,,qh_projectpoints
qhull,0x0005fe20,REVIEW,_qh_rand,0,thirdparty:same;asset:absent,10+,exact+divergent,thirdparty:qh_rand=exact;thirdparty:qhull_hull=exact+qhull_hull_x87=divergent+qhull_hull_rotated=divergent,qh_rand
qhull,0x0005fe50,SHAPE,_qh_srand,0,thirdparty:same;asset:absent,10+,exact+divergent,thirdparty:qh_rand=exact;thirdparty:qhull_hull=exact+qhull_hull_x87=divergent+qhull_hull_rotated=divergent,qh_srand
qhull,0x0005fe80,REVIEW,_qh_randomfactor,3,thirdparty:same;asset:absent,0,none,,qh_randomfactor
qhull,0x0005fec0,REVIEW,_qh_randommatrix,4,thirdparty:same;asset:absent,5+,exact+divergent,thirdparty:qhull_hull=exact+qhull_hull_x87=divergent+qhull_hull_rotated=divergent,qh_randommatrix
qhull,0x0005ff40,SHAPE,_qh_rotatepoints,7,thirdparty:absent;asset:absent,0,none,,qh_rotatepoints
qhull,0x0005fff0,DIFF,_qh_scalelast,39,thirdparty:same;asset:absent,5+,exact+divergent,thirdparty:qhull_hull=exact+qhull_hull_x87=divergent+qhull_hull_rotated=divergent,qh_scalelast
qhull,0x00060130,REVIEW,_qh_scalepoints,99,thirdparty:same;asset:absent,5+,exact+divergent,thirdparty:qhull_hull=exact+qhull_hull_x87=divergent+qhull_hull_rotated=divergent,qh_scalepoints
qhull,0x00060420,DIFF,_qh_setdelaunay,18,thirdparty:same;asset:absent,0,none,,qh_setdelaunay
qhull,0x000604d0,REVIEW,_qh_sharpnewfacets,6,thirdparty:same;asset:absent,5+,exact+divergent,thirdparty:qhull_hull=exact+qhull_hull_x87=divergent+qhull_hull_rotated=divergent,qh_sharpnewfacets
qhull,0x000605f0,DIFF,_qh_voronoi_center,61,thirdparty:same;asset:absent,0,none,,qh_voronoi_center
qhull,0x00060a40,SHAPE,_qh_detjoggle,56,thirdparty:absent;asset:absent,0,none,,qh_detjoggle
qhull,0x00060be0,DIFF,_qh_detroundoff,165,thirdparty:same;asset:absent,5+,exact+divergent,thirdparty:qhull_hull=exact+qhull_hull_x87=divergent+qhull_hull_rotated=divergent,qh_detroundoff
qhull,0x00061170,SHAPE,_qh_facetarea,11,thirdparty:absent;asset:absent,0,none,,qh_facetarea
qhull,0x000612a0,SHAPE,_qh_facetcenter,0,thirdparty:same;asset:absent,0,none,,qh_facetcenter
qhull,0x00061310,SHAPE,_qh_getarea,31,thirdparty:same;asset:absent,5+,exact+divergent,thirdparty:qhull_hull=exact+qhull_hull_x87=divergent+qhull_hull_rotated=divergent,qh_getarea
qhull,0x00061490,REVIEW,_qh_joggleinput,48,thirdparty:same;asset:absent,0,none,,qh_joggleinput
qhull,0x00061780,DIFF,_qh_maxmin,56,thirdparty:same;asset:absent,5+,exact+divergent,thirdparty:qhull_hull=exact+qhull_hull_x87=divergent+qhull_hull_rotated=divergent,qh_maxmin
qhull,0x00061990,REVIEW,_qh_projectinput,33,thirdparty:same;asset:absent,0,none,,qh_projectinput
qhull,0x00061cd0,REVIEW,_qh_rotateinput,0,thirdparty:same;asset:absent,5+,exact+divergent,thirdparty:qhull_hull=exact+qhull_hull_x87=divergent+qhull_hull_rotated=divergent,qh_rotateinput
qhull,0x00061d30,REVIEW,_qh_scaleinput,0,thirdparty:same;asset:absent,5+,exact+divergent,thirdparty:qhull_hull=exact+qhull_hull_x87=divergent+qhull_hull_rotated=divergent,qh_scaleinput
qhull,0x00061d90,REVIEW,_qh_freebuild,0,thirdparty:same;asset:absent,0,none,,qh_freebuild
qhull,0x00062070,DIFF,_qh_init_qhull_command,0,thirdparty:absent;asset:absent,0,none,,qh_init_qhull_command
qhull,0x000621c0,REVIEW,_qh_initqhull_buffers,8,thirdparty:absent;asset:absent,0,none,,qh_initqhull_buffers
qhull,0x00062320,DIFF,_qh_initqhull_mem,0,thirdparty:absent;asset:absent,0,none,,qh_initqhull_mem
qhull,0x000623a0,DIFF,_qh_initqhull_start,46,thirdparty:absent;asset:absent,0,none,,qh_initqhull_start
qhull,0x00062560,SHAPE,_qh_option,2,thirdparty:same;asset:absent,5+,exact+divergent,thirdparty:qhull_hull=exact+qhull_hull_x87=divergent+qhull_hull_rotated=divergent,qh_option
qhull,0x00062660,SHAPE,_qh_strtod,0,thirdparty:absent;asset:absent,0,none,,qh_strtod
qhull,0x00062690,SHAPE,_qh_strtol,0,thirdparty:absent;asset:absent,0,none,,qh_strtol
qhull,0x000626c0,DIFF,_qh_init_A,0,thirdparty:same;asset:absent,5+,exact+divergent,thirdparty:qhull_hull=exact+qhull_hull_x87=divergent+qhull_hull_rotated=divergent,qh_init_A
qhull,0x000626f0,DIFF,_qh_initflags,45,thirdparty:same;asset:absent,5+,exact+divergent,thirdparty:qhull_hull=exact+qhull_hull_x87=divergent+qhull_hull_rotated=divergent,qh_initflags
qhull,0x00065110,DIFF,_qh_initqhull_globals,59,thirdparty:same;asset:absent,5+,exact+divergent,thirdparty:qhull_hull=exact+qhull_hull_x87=divergent+qhull_hull_rotated=divergent,qh_initqhull_globals
qhull,0x00065c40,SHAPE,_qh_initthresholds,29,thirdparty:same;asset:absent,5+,exact+divergent,thirdparty:qhull_hull=exact+qhull_hull_x87=divergent+qhull_hull_rotated=divergent,qh_initthresholds
qhull,0x000660a0,DIFF,_qh_init_B,22,thirdparty:same;asset:absent,5+,exact+divergent,thirdparty:qhull_hull=exact+qhull_hull_x87=divergent+qhull_hull_rotated=divergent,qh_init_B
qhull,0x00066270,REVIEW,_qh_compare_facetarea,7,thirdparty:same;asset:absent,0,none,,qh_compare_facetarea
qhull,0x000662c0,SHAPE,_qh_compare_facetmerge,0,thirdparty:same;asset:absent,0,none,,qh_compare_facetmerge
qhull,0x000662e0,SHAPE,_qh_compare_facetvisit,0,thirdparty:same;asset:absent,0,none,,qh_compare_facetvisit
qhull,0x00066310,REVIEW,_qh_detvnorm,102,thirdparty:same;asset:absent,0,none,,qh_detvnorm
qhull,0x00066b20,REVIEW,_qh_detvridge,0,thirdparty:absent;asset:absent,0,none,,qh_detvridge
qhull,0x00066bf0,DIFF,_qh_detvridge3,0,thirdparty:same;asset:absent,0,none,,qh_detvridge3
qhull,0x00066de0,DIFF,_qh_eachvoronoi,0,thirdparty:absent;asset:absent,0,none,,qh_eachvoronoi
qhull,0x00067080,SHAPE,_qh_facet2point,11,thirdparty:same;asset:absent,0,none,,qh_facet2point
qhull,0x00067130,SHAPE,_qh_geomplanes,30,thirdparty:same;asset:absent,0,none,,qh_geomplanes
qhull,0x000671f0,REVIEW,_qh_markkeep,8,thirdparty:same;asset:absent,0,none,,qh_markkeep
qhull,0x000673d0,SHAPE,_qh_order_vertexneighbors,0,thirdparty:same;asset:absent,0,none,,qh_order_vertexneighbors
qhull,0x00067500,REVIEW,_qh_printcenter,6,thirdparty:same;asset:absent,0,none,,qh_printcenter
qhull,0x00067680,SHAPE,_qh_printfacet2geom_points,32,thirdparty:same;asset:absent,0,none,,qh_printfacet2geom_points
qhull,0x000677a0,SHAPE,_qh_printfacet2math,8,thirdparty:absent;asset:absent,0,none,,qh_printfacet2math
qhull,0x00067850,DIFF,_qh_printfacet3geom_points,17,thirdparty:same;asset:absent,0,none,,qh_printfacet3geom_points
qhull,0x00067a30,DIFF,_qh_printfacet3math,8,thirdparty:same;asset:absent,0,none,,qh_printfacet3math
qhull,0x00067c10,REVIEW,_qh_printfacet3vertex,0,thirdparty:absent;asset:absent,0,none,,qh_printfacet3vertex
qhull,0x00067ca0,SHAPE,_qh_printfacetNvertex_nonsimplicial,0,thirdparty:absent;asset:absent,0,none,,qh_printfacetNvertex_nonsimplicial
qhull,0x00067e00,REVIEW,_qh_printfacetNvertex_simplicial,0,thirdparty:absent;asset:absent,0,none,,qh_printfacetNvertex_simplicial
qhull,0x00067f20,SHAPE,_qh_printpointid,6,thirdparty:absent;asset:absent,0,none,,qh_printpointid
qhull,0x00067f90,DIFF,_qh_printvdiagram2,0,thirdparty:same;asset:absent,0,none,,qh_printvdiagram2
qhull,0x00068070,REVIEW,_qh_printvertex,2,thirdparty:same;asset:absent,0,none,,qh_printvertex
qhull,0x00068200,REVIEW,_qh_printvertices,0,thirdparty:same;asset:absent,0,none,,qh_printvertices
qhull,0x00068290,REVIEW,_qh_printvnorm,4,thirdparty:same;asset:absent,0,none,,qh_printvnorm
qhull,0x00068370,REVIEW,_qh_printvridge,0,thirdparty:same;asset:absent,0,none,,qh_printvridge
qhull,0x00068410,REVIEW,_qh_projectdim3,3,thirdparty:same;asset:absent,0,none,,qh_projectdim3
qhull,0x00068480,REVIEW,_qh_skipfacet,0,thirdparty:same;asset:absent,5+,exact+divergent,thirdparty:qhull_hull=exact+qhull_hull_x87=divergent+qhull_hull_rotated=divergent,qh_skipfacet
qhull,0x00068510,REVIEW,_qh_countfacets,0,thirdparty:same;asset:absent,5+,exact+divergent,thirdparty:qhull_hull=exact+qhull_hull_x87=divergent+qhull_hull_rotated=divergent,qh_countfacets
qhull,0x00068700,SHAPE,_qh_facetvertices,0,thirdparty:same;asset:absent,0,none,,qh_facetvertices
qhull,0x00068870,REVIEW,_qh_markvoronoi,0,thirdparty:same;asset:absent,0,none,,qh_markvoronoi
qhull,0x00068a50,DIFF,_qh_printend4geom,48,thirdparty:same;asset:absent,0,none,,qh_printend4geom
qhull,0x00068ce0,SHAPE,_qh_printextremes,0,thirdparty:absent;asset:absent,0,none,,qh_printextremes
qhull,0x00068de0,SHAPE,_qh_printextremes_2d,0,thirdparty:absent;asset:absent,0,none,,qh_printextremes_2d
qhull,0x00068fa0,SHAPE,_qh_printextremes_d,0,thirdparty:absent;asset:absent,0,none,,qh_printextremes_d
qhull,0x000690b0,DIFF,_qh_printfacet2geom,13,thirdparty:absent;asset:absent,0,none,,qh_printfacet2geom
qhull,0x000691c0,SHAPE,_qh_printhyperplaneintersection,63,thirdparty:same;asset:absent,0,none,,qh_printhyperplaneintersection
qhull,0x00069520,SHAPE,_qh_printline3geom,25,thirdparty:same;asset:absent,0,none,,qh_printline3geom
qhull,0x00069690,SHAPE,_qh_printpoint,0,thirdparty:same;asset:absent,0,none,,qh_printpoint
qhull,0x000696c0,REVIEW,_qh_printpoint3,2,thirdparty:same;asset:absent,0,none,,qh_printpoint3
qhull,0x00069730,DIFF,_qh_printpoints_out,6,thirdparty:same;asset:absent,0,none,,qh_printpoints_out
qhull,0x000699d0,SHAPE,_qh_printpointvect,10,thirdparty:same;asset:absent,0,none,,qh_printpointvect
qhull,0x00069ab0,SHAPE,_qh_printpointvect2,17,thirdparty:absent;asset:absent,0,none,,qh_printpointvect2
qhull,0x00069b50,SHAPE,_qh_printridge,0,thirdparty:same;asset:absent,0,none,,qh_printridge
qhull,0x00069c10,DIFF,_qh_printspheres,6,thirdparty:absent;asset:absent,0,none,,qh_printspheres
qhull,0x00069cd0,REVIEW,_qh_printvdiagram,0,thirdparty:absent;asset:absent,0,none,,qh_printvdiagram
qhull,0x00069da0,REVIEW,_qh_printvertexlist,0,thirdparty:same;asset:absent,0,none,,qh_printvertexlist
qhull,0x00069e10,SHAPE,_qh_printvneighbors,0,thirdparty:same;asset:absent,0,none,,qh_printvneighbors
qhull,0x0006a0e0,DIFF,_qh_printvoronoi,4,thirdparty:same;asset:absent,0,none,,qh_printvoronoi
qhull,0x0006a550,REVIEW,_qh_printcentrum,37,thirdparty:same;asset:absent,0,none,,qh_printcentrum
qhull,0x0006a810,REVIEW,_qh_printend,0,thirdparty:same;asset:absent,5+,exact+divergent,thirdparty:qhull_hull=exact+qhull_hull_x87=divergent+qhull_hull_rotated=divergent,qh_printend
qhull,0x0006a9b0,DIFF,_qh_printfacet3geom_nonsimplicial,27,thirdparty:same;asset:absent,0,none,,qh_printfacet3geom_nonsimplicial
qhull,0x0006ac30,DIFF,_qh_printfacet3geom_simplicial,25,thirdparty:same;asset:absent,0,none,,qh_printfacet3geom_simplicial
qhull,0x0006ae90,SHAPE,_qh_printfacet4geom_nonsimplicial,10,thirdparty:same;asset:absent,0,none,,qh_printfacet4geom_nonsimplicial
qhull,0x0006b0b0,SHAPE,_qh_printfacet4geom_simplicial,8,thirdparty:same;asset:absent,0,none,,qh_printfacet4geom_simplicial
qhull,0x0006b2b0,DIFF,_qh_printfacetheader,19,thirdparty:same;asset:absent,0,none,,qh_printfacetheader
qhull,0x0006b9f0,REVIEW,_qh_printfacetridges,0,thirdparty:same;asset:absent,0,none,,qh_printfacetridges
qhull,0x0006bc30,DIFF,_qh_printbegin,77,thirdparty:same;asset:absent,5+,exact+divergent,thirdparty:qhull_hull=exact+qhull_hull_x87=divergent+qhull_hull_rotated=divergent,qh_printbegin
qhull,0x0006c920,SHAPE,_qh_printfacet,0,thirdparty:same;asset:absent,0,none,,qh_printfacet
qhull,0x0006c950,DIFF,_qh_printafacet,55,thirdparty:same;asset:absent,5+,exact+divergent,thirdparty:qhull_hull=exact+qhull_hull_x87=divergent+qhull_hull_rotated=divergent,qh_printafacet
qhull,0x0006d200,DIFF,_qh_printfacets,14,thirdparty:same;asset:absent,5+,exact+divergent,thirdparty:qhull_hull=exact+qhull_hull_x87=divergent+qhull_hull_rotated=divergent,qh_printfacets
qhull,0x0006d6f0,SHAPE,_qh_printneighborhood,0,thirdparty:same;asset:absent,0,none,,qh_printneighborhood
qhull,0x0006d800,DIFF,_qh_produce_output,6,thirdparty:same;asset:absent,5+,exact+divergent,thirdparty:qhull_hull=exact+qhull_hull_x87=divergent+qhull_hull_rotated=divergent,qh_produce_output
qhull,0x0006da40,SHAPE,_qh_intcompare,0,thirdparty:same;asset:absent,5+,exact+divergent,thirdparty:qhull_hull=exact+qhull_hull_x87=divergent+qhull_hull_rotated=divergent,qh_intcompare
qhull,0x0006da50,SHAPE,_qh_memalloc,0,thirdparty:same;asset:absent,5+,exact+divergent,thirdparty:qhull_hull=exact+qhull_hull_x87=divergent+qhull_hull_rotated=divergent,qh_memalloc
qhull,0x0006dc10,SHAPE,_qh_memfree,0,thirdparty:same;asset:absent,5+,exact+divergent,thirdparty:qhull_hull=exact+qhull_hull_x87=divergent+qhull_hull_rotated=divergent,qh_memfree
qhull,0x0006dca0,SHAPE,_qh_meminit,0,thirdparty:same;asset:absent,5+,exact+divergent,thirdparty:qhull_hull=exact+qhull_hull_x87=divergent+qhull_hull_rotated=divergent,qh_meminit
qhull,0x0006dcc0,DIFF,_qh_meminitbuffers,0,thirdparty:same;asset:absent,5+,exact+divergent,thirdparty:qhull_hull=exact+qhull_hull_x87=divergent+qhull_hull_rotated=divergent,qh_meminitbuffers
qhull,0x0006dda0,SHAPE,_qh_memsetup,0,thirdparty:same;asset:absent,5+,exact+divergent,thirdparty:qhull_hull=exact+qhull_hull_x87=divergent+qhull_hull_rotated=divergent,qh_memsetup
qhull,0x0006deb0,REVIEW,_qh_memsize,0,thirdparty:same;asset:absent,5+,exact+divergent,thirdparty:qhull_hull=exact+qhull_hull_x87=divergent+qhull_hull_rotated=divergent,qh_memsize
qhull,0x0006df50,DIFF,_qh_memstatistics,3,thirdparty:same;asset:absent,0,none,,qh_memstatistics
qhull,0x0006e0b0,REVIEW,_qh_appendmergeset,2,thirdparty:same;asset:absent,0,none,,qh_appendmergeset
qhull,0x0006e240,SHAPE,_qh_basevertices,0,thirdparty:absent;asset:absent,0,none,,qh_basevertices
qhull,0x0006e320,REVIEW,_qh_checkzero,16,thirdparty:same;asset:absent,5+,exact+divergent,thirdparty:qhull_hull=exact+qhull_hull_x87=divergent+qhull_hull_rotated=divergent,qh_checkzero
qhull,0x0006e620,SHAPE,_qh_compareangle,3,thirdparty:same;asset:absent,0,none,,qh_compareangle
qhull,0x0006e650,SHAPE,_qh_comparemerge,0,thirdparty:same;asset:absent,1,exact+divergent,thirdparty:qhull_hull=exact+qhull_hull_x87=divergent+qhull_hull_rotated=divergent,qh_comparemerge
qhull,0x0006e670,SHAPE,_qh_copynonconvex,0,thirdparty:absent;asset:absent,0,none,,qh_copynonconvex
qhull,0x0006e6f0,REVIEW,_qh_degen_redundant_facet,0,thirdparty:same;asset:absent,0,none,,qh_degen_redundant_facet
qhull,0x0006e900,REVIEW,_qh_degen_redundant_neighbors,0,thirdparty:same;asset:absent,5+,exact+divergent,thirdparty:qhull_hull=exact+qhull_hull_x87=divergent+qhull_hull_rotated=divergent,qh_degen_redundant_neighbors
qhull,0x0006ec30,SHAPE,_qh_findbest_test,23,thirdparty:same;asset:absent,0,none,,qh_findbest_test
qhull,0x0006ecf0,SHAPE,_qh_findbestneighbor,9,thirdparty:same;asset:absent,0,none,,qh_findbestneighbor
qhull,0x0006eea0,SHAPE,_qh_hashridge,0,thirdparty:absent;asset:absent,0,none,,qh_hashridge
qhull,0x0006eef0,SHAPE,_qh_hashridge_find,0,thirdparty:absent;asset:absent,0,none,,qh_hashridge_find
qhull,0x0006efb0,REVIEW,_qh_makeridges,0,thirdparty:same;asset:absent,5+,exact+divergent,thirdparty:qhull_hull=exact+qhull_hull_x87=divergent+qhull_hull_rotated=divergent,qh_makeridges
qhull,0x0006f110,REVIEW,_qh_mark_dupridges,0,thirdparty:same;asset:absent,5+,exact+divergent,thirdparty:qhull_hull=exact+qhull_hull_x87=divergent+qhull_hull_rotated=divergent,qh_mark_dupridges
qhull,0x0006f2c0,REVIEW,_qh_maydropneighbor,4,thirdparty:same;asset:absent,0,none,,qh_maydropneighbor
qhull,0x0006f580,REVIEW,_qh_mergecycle_neighbors,0,thirdparty:same;asset:absent,0,none,,qh_mergecycle_neighbors
qhull,0x0006f7d0,REVIEW,_qh_mergecycle_ridges,0,thirdparty:same;asset:absent,0,none,,qh_mergecycle_ridges
qhull,0x0006fac0,REVIEW,_qh_mergecycle_vneighbors,0,thirdparty:same;asset:absent,0,none,,qh_mergecycle_vneighbors
qhull,0x0006fc40,REVIEW,_qh_mergefacet2d,0,thirdparty:absent;asset:absent,0,none,,qh_mergefacet2d
qhull,0x0006fd90,SHAPE,_qh_mergeneighbors,0,thirdparty:absent;asset:absent,0,none,,qh_mergeneighbors
qhull,0x0006fea0,REVIEW,_qh_mergeridges,0,thirdparty:absent;asset:absent,0,none,,qh_mergeridges
qhull,0x0006ff70,SHAPE,_qh_mergevertex_del,0,thirdparty:absent;asset:absent,0,none,,qh_mergevertex_del
qhull,0x0006fff0,SHAPE,_qh_mergevertex_neighbors,0,thirdparty:absent;asset:absent,0,none,,qh_mergevertex_neighbors
qhull,0x00070100,REVIEW,_qh_mergevertices,0,thirdparty:absent;asset:absent,0,none,,qh_mergevertices
qhull,0x00070270,REVIEW,_qh_neighbor_intersections,0,thirdparty:absent;asset:absent,0,none,,qh_neighbor_intersections
qhull,0x000703b0,REVIEW,_qh_newvertices,0,thirdparty:same;asset:absent,5+,exact+divergent,thirdparty:qhull_hull=exact+qhull_hull_x87=divergent+qhull_hull_rotated=divergent,qh_newvertices
qhull,0x000703f0,REVIEW,_qh_remove_extravertices,0,thirdparty:same;asset:absent,5+,exact+divergent,thirdparty:qhull_hull=exact+qhull_hull_x87=divergent+qhull_hull_rotated=divergent,qh_remove_extravertices
qhull,0x00070590,REVIEW,_qh_renameridgevertex,0,thirdparty:same;asset:absent,2,exact+divergent,thirdparty:qhull_hull=exact+qhull_hull_x87=divergent+qhull_hull_rotated=divergent,qh_renameridgevertex
qhull,0x000706b0,SHAPE,_qh_renamevertex,0,thirdparty:same;asset:absent,1,exact+divergent,thirdparty:qhull_hull=exact+qhull_hull_x87=divergent+qhull_hull_rotated=divergent,qh_renamevertex
qhull,0x000708e0,DIFF,_qh_test_appendmerge,42,thirdparty:same;asset:absent,5+,exact+divergent,thirdparty:qhull_hull=exact+qhull_hull_x87=divergent+qhull_hull_rotated=divergent,qh_test_appendmerge
qhull,0x00070be0,REVIEW,_qh_test_vneighbors,0,thirdparty:same;asset:absent,0,none,,qh_test_vneighbors
qhull,0x00070d30,REVIEW,_qh_tracemerge,0,thirdparty:same;asset:absent,5+,exact+divergent,thirdparty:qhull_hull=exact+qhull_hull_x87=divergent+qhull_hull_rotated=divergent,qh_tracemerge
qhull,0x00070e90,REVIEW,_qh_tracemerging,6,thirdparty:same;asset:absent,0,none,,qh_tracemerging
qhull,0x00070f50,REVIEW,_qh_updatetested,0,thirdparty:absent;asset:absent,0,none,,qh_updatetested
qhull,0x00071030,SHAPE,_qh_vertexridges_facet,0,thirdparty:same;asset:absent,1,exact+divergent,thirdparty:qhull_hull=exact+qhull_hull_x87=divergent+qhull_hull_rotated=divergent,qh_vertexridges_facet
qhull,0x000710c0,SHAPE,_qh_willdelete,0,thirdparty:same;asset:absent,5+,exact+divergent,thirdparty:qhull_hull=exact+qhull_hull_x87=divergent+qhull_hull_rotated=divergent,qh_willdelete
qhull,0x00071100,REVIEW,_qh_getmergeset,0,thirdparty:same;asset:absent,0,none,,qh_getmergeset
qhull,0x000712d0,REVIEW,_qh_getmergeset_initial,0,thirdparty:same;asset:absent,5+,exact+divergent,thirdparty:qhull_hull=exact+qhull_hull_x87=divergent+qhull_hull_rotated=divergent,qh_getmergeset_initial
qhull,0x00071440,REVIEW,_qh_mergecycle_facets,0,thirdparty:absent;asset:absent,0,none,,qh_mergecycle_facets
qhull,0x00071540,REVIEW,_qh_mergesimplex,0,thirdparty:same;asset:absent,5+,exact+divergent,thirdparty:qhull_hull=exact+qhull_hull_x87=divergent+qhull_hull_rotated=divergent,qh_mergesimplex
qhull,0x00071960,DIFF,_qh_vertexridges,0,thirdparty:same;asset:absent,1,exact+divergent,thirdparty:qhull_hull=exact+qhull_hull_x87=divergent+qhull_hull_rotated=divergent,qh_vertexridges
qhull,0x00071a60,DIFF,_qh_find_newvertex,0,thirdparty:same;asset:absent,1,exact+divergent,thirdparty:qhull_hull=exact+qhull_hull_x87=divergent+qhull_hull_rotated=divergent,qh_find_newvertex
qhull,0x00071e10,DIFF,_qh_mergecycle,0,thirdparty:same;asset:absent,0,none,,qh_mergecycle
qhull,0x00072060,REVIEW,_qh_mergefacet,49,thirdparty:same;asset:absent,5+,exact+divergent,thirdparty:qhull_hull=exact+qhull_hull_x87=divergent+qhull_hull_rotated=divergent,qh_mergefacet
qhull,0x00072590,REVIEW,_qh_redundant_vertex,0,thirdparty:same;asset:absent,0,none,,qh_redundant_vertex
qhull,0x00072630,REVIEW,_qh_rename_sharedvertex,0,thirdparty:same;asset:absent,5+,exact+divergent,thirdparty:qhull_hull=exact+qhull_hull_x87=divergent+qhull_hull_rotated=divergent,qh_rename_sharedvertex
qhull,0x00072830,REVIEW,_qh_forcedmerges,19,thirdparty:same;asset:absent,5+,exact+divergent,thirdparty:qhull_hull=exact+qhull_hull_x87=divergent+qhull_hull_rotated=divergent,qh_forcedmerges
qhull,0x00072b10,REVIEW,_qh_merge_degenredundant,10,thirdparty:same;asset:absent,5+,exact+divergent,thirdparty:qhull_hull=exact+qhull_hull_x87=divergent+qhull_hull_rotated=divergent,qh_merge_degenredundant
qhull,0x00072e20,SHAPE,_qh_merge_nonconvex,51,thirdparty:same;asset:absent,0,none,,qh_merge_nonconvex
qhull,0x000730b0,SHAPE,_qh_mergecycle_all,0,thirdparty:same;asset:absent,5+,exact+divergent,thirdparty:qhull_hull=exact+qhull_hull_x87=divergent+qhull_hull_rotated=divergent,qh_mergecycle_all
qhull,0x000732c0,REVIEW,_qh_reducevertices,0,thirdparty:same;asset:absent,5+,exact+divergent,thirdparty:qhull_hull=exact+qhull_hull_x87=divergent+qhull_hull_rotated=divergent,qh_reducevertices
qhull,0x00073460,REVIEW,_qh_all_merges,0,thirdparty:same;asset:absent,5+,exact+divergent,thirdparty:qhull_hull=exact+qhull_hull_x87=divergent+qhull_hull_rotated=divergent,qh_all_merges
qhull,0x00073710,REVIEW,_qh_flippedmerges,11,thirdparty:same;asset:absent,5+,exact+divergent,thirdparty:qhull_hull=exact+qhull_hull_x87=divergent+qhull_hull_rotated=divergent,qh_flippedmerges
qhull,0x00073980,REVIEW,_qh_premerge,8,thirdparty:same;asset:absent,5+,exact+divergent,thirdparty:qhull_hull=exact+qhull_hull_x87=divergent+qhull_hull_rotated=divergent,qh_premerge
qhull,0x00073b30,REVIEW,_qh_postmerge,8,thirdparty:same;asset:absent,3,exact+divergent,thirdparty:qhull_hull=exact+qhull_hull_x87=divergent+qhull_hull_rotated=divergent,qh_postmerge
qhull,0x00073d20,SHAPE,_qh_appendfacet,0,thirdparty:same;asset:absent,5+,exact+divergent,thirdparty:qhull_hull=exact+qhull_hull_x87=divergent+qhull_hull_rotated=divergent,qh_appendfacet
qhull,0x00073da0,SHAPE,_qh_appendvertex,0,thirdparty:same;asset:absent,5+,exact+divergent,thirdparty:qhull_hull=exact+qhull_hull_x87=divergent+qhull_hull_rotated=divergent,qh_appendvertex
qhull,0x00073e10,REVIEW,_qh_attachnewfacets,0,thirdparty:same;asset:absent,0,none,,qh_attachnewfacets
qhull,0x00074090,SHAPE,_qh_checkflipped,11,thirdparty:same;asset:absent,5+,exact+divergent,thirdparty:qhull_hull=exact+qhull_hull_x87=divergent+qhull_hull_rotated=divergent,qh_checkflipped
qhull,0x00074170,REVIEW,_qh_facetintersect,0,thirdparty:same;asset:absent,5+,exact+divergent,thirdparty:qhull_hull=exact+qhull_hull_x87=divergent+qhull_hull_rotated=divergent,qh_facetintersect
qhull,0x000742f0,SHAPE,_qh_gethash,0,thirdparty:same;asset:absent,5+,exact+divergent,thirdparty:qhull_hull=exact+qhull_hull_x87=divergent+qhull_hull_rotated=divergent,qh_gethash
qhull,0x00074430,REVIEW,_qh_makenewplanes,10,thirdparty:same;asset:absent,5+,exact+divergent,thirdparty:qhull_hull=exact+qhull_hull_x87=divergent+qhull_hull_rotated=divergent,qh_makenewplanes
qhull,0x000744a0,REVIEW,_qh_matchvertices,0,thirdparty:same;asset:absent,0,none,,qh_matchvertices
qhull,0x00074560,SHAPE,_qh_newfacet,5,thirdparty:same;asset:absent,5+,exact+divergent,thirdparty:qhull_hull=exact+qhull_hull_x87=divergent+qhull_hull_rotated=divergent,qh_newfacet
qhull,0x00074640,REVIEW,_qh_newridge,0,thirdparty:same;asset:absent,5+,exact+divergent,thirdparty:qhull_hull=exact+qhull_hull_x87=divergent+qhull_hull_rotated=divergent,qh_newridge
qhull,0x00074710,SHAPE,_qh_pointid,0,thirdparty:same;asset:absent,5+,exact+divergent,thirdparty:qhull_hull=exact+qhull_hull_x87=divergent+qhull_hull_rotated=divergent,qh_pointid
qhull,0x00074780,SHAPE,_qh_removefacet,0,thirdparty:same;asset:absent,5+,exact+divergent,thirdparty:qhull_hull=exact+qhull_hull_x87=divergent+qhull_hull_rotated=divergent,qh_removefacet
qhull,0x00074800,SHAPE,_qh_removevertex,0,thirdparty:same;asset:absent,5+,exact+divergent,thirdparty:qhull_hull=exact+qhull_hull_x87=divergent+qhull_hull_rotated=divergent,qh_removevertex
qhull,0x00074870,SHAPE,_qh_updatevertices,0,thirdparty:same;asset:absent,5+,exact+divergent,thirdparty:qhull_hull=exact+qhull_hull_x87=divergent+qhull_hull_rotated=divergent,qh_updatevertices
qhull,0x00074b20,REVIEW,_qh_delfacet,0,thirdparty:same;asset:absent,5+,exact+divergent,thirdparty:qhull_hull=exact+qhull_hull_x87=divergent+qhull_hull_rotated=divergent,qh_delfacet
qhull,0x00074c80,REVIEW,_qh_deletevisible,0,thirdparty:same;asset:absent,5+,exact+divergent,thirdparty:qhull_hull=exact+qhull_hull_x87=divergent+qhull_hull_rotated=divergent,qh_deletevisible
qhull,0x00074da0,REVIEW,_qh_makenewfacet,0,thirdparty:same;asset:absent,5+,exact+divergent,thirdparty:qhull_hull=exact+qhull_hull_x87=divergent+qhull_hull_rotated=divergent,qh_makenewfacet
qhull,0x00074e20,REVIEW,_qh_makenew_nonsimplicial,0,thirdparty:same;asset:absent,5+,exact+divergent,thirdparty:qhull_hull=exact+qhull_hull_x87=divergent+qhull_hull_rotated=divergent,qh_makenew_nonsimplicial
qhull,0x00075070,REVIEW,_qh_makenew_simplicial,0,thirdparty:same;asset:absent,5+,exact+divergent,thirdparty:qhull_hull=exact+qhull_hull_x87=divergent+qhull_hull_rotated=divergent,qh_makenew_simplicial
qhull,0x000751c0,DIFF,_qh_matchneighbor,0,thirdparty:same;asset:absent,5+,exact+divergent,thirdparty:qhull_hull=exact+qhull_hull_x87=divergent+qhull_hull_rotated=divergent,qh_matchneighbor
qhull,0x00075540,REVIEW,_qh_matchnewfacets,6,thirdparty:same;asset:absent,5+,exact+divergent,thirdparty:qhull_hull=exact+qhull_hull_x87=divergent+qhull_hull_rotated=divergent,qh_matchnewfacets
qhull,0x00075860,SHAPE,_qh_addhash,0,thirdparty:same;asset:absent,0,none,,qh_addhash
qhull,0x000758b0,REVIEW,_qh_checkconvex,28,thirdparty:same;asset:absent,5+,exact+divergent,thirdparty:qhull_hull=exact+qhull_hull_x87=divergent+qhull_hull_rotated=divergent,qh_checkconvex
qhull,0x00075dd0,REVIEW,_qh_checkflipped_all,5,thirdparty:same;asset:absent,5+,exact+divergent,thirdparty:qhull_hull=exact+qhull_hull_x87=divergent+qhull_hull_rotated=divergent,qh_checkflipped_all
qhull,0x00075eb0,SHAPE,_qh_checkvertex,0,thirdparty:same;asset:absent,0,none,,qh_checkvertex
qhull,0x00075fe0,SHAPE,_qh_clearcenters,0,thirdparty:same;asset:absent,0,none,,qh_clearcenters
qhull,0x00076070,SHAPE,_qh_delridge,0,thirdparty:same;asset:absent,1,exact+divergent,thirdparty:qhull_hull=exact+qhull_hull_x87=divergent+qhull_hull_rotated=divergent,qh_delridge
qhull,0x000760c0,SHAPE,_qh_delvertex,0,thirdparty:same;asset:absent,5+,exact+divergent,thirdparty:qhull_hull=exact+qhull_hull_x87=divergent+qhull_hull_rotated=divergent,qh_delvertex
qhull,0x00076100,SHAPE,_qh_furthestout,9,thirdparty:same;asset:absent,0,none,,qh_furthestout
qhull,0x000761d0,REVIEW,_qh_infiniteloop,0,thirdparty:same;asset:absent,0,none,,qh_infiniteloop
qhull,0x00076200,REVIEW,_qh_isvertex,0,thirdparty:absent;asset:absent,0,none,,qh_isvertex
qhull,0x00076230,SHAPE,_qh_matchduplicates,15,thirdparty:same;asset:absent,0,none,,qh_matchduplicates
qhull,0x00076610,REVIEW,_qh_nearcoplanar,11,thirdparty:same;asset:absent,5+,exact+divergent,thirdparty:qhull_hull=exact+qhull_hull_x87=divergent+qhull_hull_rotated=divergent,qh_nearcoplanar
qhull,0x00076730,REVIEW,_qh_nearvertex,11,thirdparty:same;asset:absent,0,none,,qh_nearvertex
qhull,0x000768e0,REVIEW,_qh_newhashtable,0,thirdparty:same;asset:absent,5+,exact+divergent,thirdparty:qhull_hull=exact+qhull_hull_x87=divergent+qhull_hull_rotated=divergent,qh_newhashtable
qhull,0x00076930,REVIEW,_qh_newvertex,0,thirdparty:same;asset:absent,5+,exact+divergent,thirdparty:qhull_hull=exact+qhull_hull_x87=divergent+qhull_hull_rotated=divergent,qh_newvertex
qhull,0x00076a10,SHAPE,_qh_nextridge3d,0,thirdparty:same;asset:absent,0,none,,qh_nextridge3d
qhull,0x00076a80,SHAPE,_qh_outcoplanar,0,thirdparty:same;asset:absent,1,exact+divergent,thirdparty:qhull_hull=exact+qhull_hull_x87=divergent+qhull_hull_rotated=divergent,qh_outcoplanar
qhull,0x00076b40,SHAPE,_qh_point,0,thirdparty:same;asset:absent,0,none,,qh_point
qhull,0x00076b90,SHAPE,_qh_point_add,0,thirdparty:same;asset:absent,5+,exact+divergent,thirdparty:qhull_hull=exact+qhull_hull_x87=divergent+qhull_hull_rotated=divergent,qh_point_add
qhull,0x00076c30,DIFF,_qh_pointfacet,0,thirdparty:same;asset:absent,5+,exact+divergent,thirdparty:qhull_hull=exact+qhull_hull_x87=divergent+qhull_hull_rotated=divergent,qh_pointfacet
qhull,0x00076d20,SHAPE,_qh_pointvertex,0,thirdparty:same;asset:absent,0,none,,qh_pointvertex
qhull,0x00076d80,SHAPE,_qh_prependfacet,0,thirdparty:same;asset:absent,5+,exact+divergent,thirdparty:qhull_hull=exact+qhull_hull_x87=divergent+qhull_hull_rotated=divergent,qh_prependfacet
qhull,0x00076e10,SHAPE,_qh_printhashtable,0,thirdparty:same;asset:absent,0,none,,qh_printhashtable
qhull,0x00076fb0,REVIEW,_qh_printlists,0,thirdparty:same;asset:absent,0,none,,qh_printlists
qhull,0x00077120,REVIEW,_qh_resetlists,0,thirdparty:same;asset:absent,5+,exact+divergent,thirdparty:qhull_hull=exact+qhull_hull_x87=divergent+qhull_hull_rotated=divergent,qh_resetlists
qhull,0x00077220,REVIEW,_qh_triangulate_facet,14,thirdparty:same;asset:absent,5+,exact+divergent,thirdparty:qhull_hull=exact+qhull_hull_x87=divergent+qhull_hull_rotated=divergent,qh_triangulate_facet
qhull,0x000774a0,SHAPE,_qh_triangulate_link,0,thirdparty:same;asset:absent,5+,exact+divergent,thirdparty:qhull_hull=exact+qhull_hull_x87=divergent+qhull_hull_rotated=divergent,qh_triangulate_link
qhull,0x00077580,REVIEW,_qh_triangulate_mirror,0,thirdparty:same;asset:absent,0,none,,qh_triangulate_mirror
qhull,0x00077610,SHAPE,_qh_vertexintersect_new,0,thirdparty:same;asset:absent,5+,exact+divergent,thirdparty:qhull_hull=exact+qhull_hull_x87=divergent+qhull_hull_rotated=divergent,qh_vertexintersect_new
qhull,0x00077690,REVIEW,_qh_vertexneighbors,0,thirdparty:same;asset:absent,5+,exact+divergent,thirdparty:qhull_hull=exact+qhull_hull_x87=divergent+qhull_hull_rotated=divergent,qh_vertexneighbors
qhull,0x00077740,REVIEW,_qh_check_maxout,62,thirdparty:same;asset:absent,5+,exact+divergent,thirdparty:qhull_hull=exact+qhull_hull_x87=divergent+qhull_hull_rotated=divergent,qh_check_maxout
qhull,0x00077bb0,REVIEW,_qh_checkfacet,0,thirdparty:same;asset:absent,5+,exact+divergent,thirdparty:qhull_hull=exact+qhull_hull_x87=divergent+qhull_hull_rotated=divergent,qh_checkfacet
qhull,0x000784f0,REVIEW,_qh_checkpolygon,3,thirdparty:same;asset:absent,5+,exact+divergent,thirdparty:qhull_hull=exact+qhull_hull_x87=divergent+qhull_hull_rotated=divergent,qh_checkpolygon
qhull,0x00078970,REVIEW,_qh_createsimplex,0,thirdparty:absent;asset:absent,0,none,,qh_createsimplex
qhull,0x00078b00,SHAPE,_qh_facet3vertex,0,thirdparty:same;asset:absent,5+,exact+divergent,thirdparty:qhull_hull=exact+qhull_hull_x87=divergent+qhull_hull_rotated=divergent,qh_facet3vertex
qhull,0x00078c50,SHAPE,_qh_findbestlower,16,thirdparty:same;asset:absent,0,none,,qh_findbestlower
qhull,0x00078df0,REVIEW,_qh_findgood,15,thirdparty:same;asset:absent,0,none,,qh_findgood
qhull,0x000790c0,REVIEW,_qh_findgood_all,9,thirdparty:same;asset:absent,5+,exact+divergent,thirdparty:qhull_hull=exact+qhull_hull_x87=divergent+qhull_hull_rotated=divergent,qh_findgood_all
qhull,0x00079350,SHAPE,_qh_furthestnext,9,thirdparty:same;asset:absent,0,none,,qh_furthestnext
qhull,0x000793f0,REVIEW,_qh_initialhull,21,thirdparty:same;asset:absent,5+,exact+divergent,thirdparty:qhull_hull=exact+qhull_hull_x87=divergent+qhull_hull_rotated=divergent,qh_initialhull
qhull,0x00079720,REVIEW,_qh_initialvertices,10,thirdparty:same;asset:absent,5+,exact+divergent,thirdparty:qhull_hull=exact+qhull_hull_x87=divergent+qhull_hull_rotated=divergent,qh_initialvertices
qhull,0x00079b80,SHAPE,_qh_makenewfacets,0,thirdparty:same;asset:absent,5+,exact+divergent,thirdparty:qhull_hull=exact+qhull_hull_x87=divergent+qhull_hull_rotated=divergent,qh_makenewfacets
qhull,0x00079cf0,REVIEW,_qh_triangulate,0,thirdparty:same;asset:absent,5+,exact+divergent,thirdparty:qhull_hull=exact+qhull_hull_x87=divergent+qhull_hull_rotated=divergent,qh_triangulate
qhull,0x0007a270,SHAPE,_qh_vertexintersect,0,thirdparty:same;asset:absent,0,none,,qh_vertexintersect
qhull,0x0007a2a0,SHAPE,_qh_check_output,0,thirdparty:same;asset:absent,5+,exact+divergent,thirdparty:qhull_hull=exact+qhull_hull_x87=divergent+qhull_hull_rotated=divergent,qh_check_output
qhull,0x0007a330,DIFF,_qh_initbuild,21,thirdparty:same;asset:absent,5+,exact+divergent,thirdparty:qhull_hull=exact+qhull_hull_x87=divergent+qhull_hull_rotated=divergent,qh_initbuild
qhull,0x0007a830,DIFF,_qh_buildtracing,25,thirdparty:same;asset:absent,5+,exact+divergent,thirdparty:qhull_hull=exact+qhull_hull_x87=divergent+qhull_hull_rotated=divergent,qh_buildtracing
qhull,0x0007ab80,SHAPE,_qh_errexit2,0,thirdparty:same;asset:absent,0,none,,qh_errexit2
qhull,0x0007abb0,REVIEW,_qh_nextfurthest,12,thirdparty:same;asset:absent,5+,exact+divergent,thirdparty:qhull_hull=exact+qhull_hull_x87=divergent+qhull_hull_rotated=divergent,qh_nextfurthest
qhull,0x0007ae20,SHAPE,_qh_precision,3,thirdparty:same;asset:absent,5+,exact+divergent,thirdparty:qhull_hull=exact+qhull_hull_x87=divergent+qhull_hull_rotated=divergent,qh_precision
qhull,0x0007ae80,DIFF,_qh_printsummary,63,thirdparty:same;asset:absent,0,none,,qh_printsummary
qhull,0x0007b8b0,REVIEW,_qh_findhorizon,37,thirdparty:same;asset:absent,5+,exact+divergent,thirdparty:qhull_hull=exact+qhull_hull_x87=divergent+qhull_hull_rotated=divergent,qh_findhorizon
qhull,0x0007bcf0,SHAPE,_qh_partitionpoint,27,thirdparty:same;asset:absent,5+,exact+divergent,thirdparty:qhull_hull=exact+qhull_hull_x87=divergent+qhull_hull_rotated=divergent,qh_partitionpoint
qhull,0x0007bff0,SHAPE,_qh_partitionall,23,thirdparty:same;asset:absent,5+,exact+divergent,thirdparty:qhull_hull=exact+qhull_hull_x87=divergent+qhull_hull_rotated=divergent,qh_partitionall
qhull,0x0007c3b0,SHAPE,_qh_partitioncoplanar,33,thirdparty:same;asset:absent,5+,exact+divergent,thirdparty:qhull_hull=exact+qhull_hull_x87=divergent+qhull_hull_rotated=divergent,qh_partitioncoplanar
qhull,0x0007c700,REVIEW,_qh_partitionvisible,5,thirdparty:same;asset:absent,5+,exact+divergent,thirdparty:qhull_hull=exact+qhull_hull_x87=divergent+qhull_hull_rotated=divergent,qh_partitionvisible
qhull,0x0007c900,REVIEW,_qh_addpoint,36,thirdparty:same;asset:absent,5+,exact+divergent,thirdparty:qhull_hull=exact+qhull_hull_x87=divergent+qhull_hull_rotated=divergent,qh_addpoint
qhull,0x0007cd80,SHAPE,_qh_buildhull,0,thirdparty:same;asset:absent,5+,exact+divergent,thirdparty:qhull_hull=exact+qhull_hull_x87=divergent+qhull_hull_rotated=divergent,qh_buildhull
qhull,0x0007cf80,SHAPE,_qh_build_withrestart,19,thirdparty:same;asset:absent,0,none,,qh_build_withrestart
qhull,0x0007d180,REVIEW,_qh_qhull,15,thirdparty:same;asset:absent,5+,exact+divergent,thirdparty:qhull_hull=exact+qhull_hull_x87=divergent+qhull_hull_rotated=divergent,qh_qhull
qhull,0x0007ed50,SHAPE,_qh_setdel,0,thirdparty:same;asset:absent,5+,exact+divergent,thirdparty:qhull_hull=exact+qhull_hull_x87=divergent+qhull_hull_rotated=divergent,qh_setdel
qhull,0x0007edb0,SHAPE,_qh_setdellast,0,thirdparty:same;asset:absent,5+,exact+divergent,thirdparty:qhull_hull=exact+qhull_hull_x87=divergent+qhull_hull_rotated=divergent,qh_setdellast
qhull,0x0007edf0,SHAPE,_qh_setdelsorted,0,thirdparty:same;asset:absent,2,exact+divergent,thirdparty:qhull_hull=exact+qhull_hull_x87=divergent+qhull_hull_rotated=divergent,qh_setdelsorted
qhull,0x0007ee50,DIFF,_qh_setequal,0,thirdparty:same;asset:absent,5+,exact,thirdparty:qh_set=exact,qh_setequal
qhull,0x0007eeb0,SHAPE,_qh_setequal_except,0,thirdparty:same;asset:absent,0,none,,qh_setequal_except
qhull,0x0007ef30,SHAPE,_qh_setequal_skip,0,thirdparty:same;asset:absent,5+,exact+divergent,thirdparty:qhull_hull=exact+qhull_hull_x87=divergent+qhull_hull_rotated=divergent,qh_setequal_skip
qhull,0x0007ef90,SHAPE,_qh_setfree,0,thirdparty:same;asset:absent,5+,exact+divergent,thirdparty:qhull_hull=exact+qhull_hull_x87=divergent+qhull_hull_rotated=divergent,qh_setfree
qhull,0x0007eff0,SHAPE,_qh_setfreelong,0,thirdparty:same;asset:absent,0,none,,qh_setfreelong
qhull,0x0007f020,REVIEW,_qh_setin,0,thirdparty:same;asset:absent,10+,exact+divergent,thirdparty:qh_set=exact;thirdparty:qhull_hull=exact+qhull_hull_x87=divergent+qhull_hull_rotated=divergent,qh_setin
qhull,0x0007f050,SHAPE,_qh_setindex,0,thirdparty:same;asset:absent,5+,exact+divergent,thirdparty:qhull_hull=exact+qhull_hull_x87=divergent+qhull_hull_rotated=divergent,qh_setindex
qhull,0x0007f0a0,SHAPE,_qh_setlast,0,thirdparty:same;asset:absent,10+,exact+divergent,thirdparty:qh_set=exact;thirdparty:qhull_hull=exact+qhull_hull_x87=divergent+qhull_hull_rotated=divergent,qh_setlast
qhull,0x0007f0d0,SHAPE,_qh_setnew,0,thirdparty:same;asset:absent,5+,exact+divergent,thirdparty:qhull_hull=exact+qhull_hull_x87=divergent+qhull_hull_rotated=divergent,qh_setnew
qhull,0x0007f170,SHAPE,_qh_setprint,0,thirdparty:same;asset:absent,0,none,,qh_setprint
qhull,0x0007f220,SHAPE,_qh_setreplace,0,thirdparty:same;asset:absent,5+,exact+divergent,thirdparty:qhull_hull=exact+qhull_hull_x87=divergent+qhull_hull_rotated=divergent,qh_setreplace
qhull,0x0007f2a0,SHAPE,_qh_setsize,0,thirdparty:same;asset:absent,10+,exact+divergent,thirdparty:qh_set=exact;thirdparty:qhull_hull=exact+qhull_hull_x87=divergent+qhull_hull_rotated=divergent,qh_setsize
qhull,0x0007f310,REVIEW,_qh_settempfree_all,0,thirdparty:same;asset:absent,0,none,,qh_settempfree_all
qhull,0x0007f380,SHAPE,_qh_settemppop,0,thirdparty:same;asset:absent,5+,exact+divergent,thirdparty:qhull_hull=exact+qhull_hull_x87=divergent+qhull_hull_rotated=divergent,qh_settemppop
qhull,0x0007f440,SHAPE,_qh_settruncate,0,thirdparty:same;asset:absent,5+,exact+divergent,thirdparty:qhull_hull=exact+qhull_hull_x87=divergent+qhull_hull_rotated=divergent,qh_settruncate
qhull,0x0007f4a0,REVIEW,_qh_setzero,0,thirdparty:same;asset:absent,5+,exact+divergent,thirdparty:qhull_hull=exact+qhull_hull_x87=divergent+qhull_hull_rotated=divergent,qh_setzero
qhull,0x0007f520,SHAPE,_qh_setcheck,0,thirdparty:same;asset:absent,5+,exact+divergent,thirdparty:qhull_hull=exact+qhull_hull_x87=divergent+qhull_hull_rotated=divergent,qh_setcheck
qhull,0x0007f5c0,SHAPE,_qh_setcompact,0,thirdparty:same;asset:absent,5+,exact+divergent,thirdparty:qhull_hull=exact+qhull_hull_x87=divergent+qhull_hull_rotated=divergent,qh_setcompact
qhull,0x0007f610,REVIEW,_qh_setcopy,0,thirdparty:same;asset:absent,0,none,,qh_setcopy
qhull,0x0007f670,REVIEW,_qh_setdelnth,0,thirdparty:same;asset:absent,0,none,,qh_setdelnth
qhull,0x0007f6f0,SHAPE,_qh_setdelnthsorted,0,thirdparty:same;asset:absent,2,exact+divergent,thirdparty:qhull_hull=exact+qhull_hull_x87=divergent+qhull_hull_rotated=divergent,qh_setdelnthsorted
qhull,0x0007f780,REVIEW,_qh_setlarger,0,thirdparty:same;asset:absent,5+,exact+divergent,thirdparty:qhull_hull=exact+qhull_hull_x87=divergent+qhull_hull_rotated=divergent,qh_setlarger
qhull,0x0007f840,REVIEW,_qh_setnew_delnthsorted,0,thirdparty:same;asset:absent,5+,exact+divergent,thirdparty:qhull_hull=exact+qhull_hull_x87=divergent+qhull_hull_rotated=divergent,qh_setnew_delnthsorted
qhull,0x0007f9b0,REVIEW,_qh_setaddnth,0,thirdparty:same;asset:absent,5+,exact+divergent,thirdparty:qhull_hull=exact+qhull_hull_x87=divergent+qhull_hull_rotated=divergent,qh_setaddnth
qhull,0x0007fa60,REVIEW,_qh_setappend,0,thirdparty:same;asset:absent,5+,exact+divergent,thirdparty:qhull_hull=exact+qhull_hull_x87=divergent+qhull_hull_rotated=divergent,qh_setappend
qhull,0x0007fab0,REVIEW,_qh_setappend_set,0,thirdparty:same;asset:absent,5+,exact+divergent,thirdparty:qhull_hull=exact+qhull_hull_x87=divergent+qhull_hull_rotated=divergent,qh_setappend_set
qhull,0x0007fb50,SHAPE,_qh_setappend2ndlast,0,thirdparty:same;asset:absent,5+,exact+divergent,thirdparty:qhull_hull=exact+qhull_hull_x87=divergent+qhull_hull_rotated=divergent,qh_setappend2ndlast
qhull,0x0007fba0,REVIEW,_qh_settemp,0,thirdparty:same;asset:absent,5+,exact+divergent,thirdparty:qhull_hull=exact+qhull_hull_x87=divergent+qhull_hull_rotated=divergent,qh_settemp
qhull,0x0007fc40,REVIEW,_qh_settemppush,0,thirdparty:same;asset:absent,5+,exact+divergent,thirdparty:qhull_hull=exact+qhull_hull_x87=divergent+qhull_hull_rotated=divergent,qh_settemppush
qhull,0x0007fce0,SHAPE,_qh_setunique,0,thirdparty:same;asset:absent,5+,exact+divergent,thirdparty:qhull_hull=exact+qhull_hull_x87=divergent+qhull_hull_rotated=divergent,qh_setunique
qhull,0x0007fd20,REVIEW,_qh_settempfree,0,thirdparty:same;asset:absent,5+,exact+divergent,thirdparty:qhull_hull=exact+qhull_hull_x87=divergent+qhull_hull_rotated=divergent,qh_settempfree
qhull,0x000814f0,SHAPE,_qh_allstatA,0,thirdparty:same;asset:absent,5+,exact+divergent,thirdparty:qhull_hull=exact+qhull_hull_x87=divergent+qhull_hull_rotated=divergent,qh_allstatA
qhull,0x00081800,SHAPE,_qh_allstatB,0,thirdparty:same;asset:absent,5+,exact+divergent,thirdparty:qhull_hull=exact+qhull_hull_x87=divergent+qhull_hull_rotated=divergent,qh_allstatB
qhull,0x00081cb0,SHAPE,_qh_allstatC,0,thirdparty:same;asset:absent,5+,exact+divergent,thirdparty:qhull_hull=exact+qhull_hull_x87=divergent+qhull_hull_rotated=divergent,qh_allstatC
qhull,0x000821d0,SHAPE,_qh_allstatD,0,thirdparty:same;asset:absent,5+,exact+divergent,thirdparty:qhull_hull=exact+qhull_hull_x87=divergent+qhull_hull_rotated=divergent,qh_allstatD
qhull,0x00082510,SHAPE,_qh_allstatE,0,thirdparty:same;asset:absent,5+,exact+divergent,thirdparty:qhull_hull=exact+qhull_hull_x87=divergent+qhull_hull_rotated=divergent,qh_allstatE
qhull,0x00082810,SHAPE,_qh_allstatE2,0,thirdparty:same;asset:absent,5+,exact+divergent,thirdparty:qhull_hull=exact+qhull_hull_x87=divergent+qhull_hull_rotated=divergent,qh_allstatE2
qhull,0x00082ac0,SHAPE,_qh_allstatF,0,thirdparty:same;asset:absent,5+,exact+divergent,thirdparty:qhull_hull=exact+qhull_hull_x87=divergent+qhull_hull_rotated=divergent,qh_allstatF
qhull,0x00082f50,SHAPE,_qh_allstatG,0,thirdparty:same;asset:absent,5+,exact+divergent,thirdparty:qhull_hull=exact+qhull_hull_x87=divergent+qhull_hull_rotated=divergent,qh_allstatG
qhull,0x000832c0,SHAPE,_qh_allstatH,0,thirdparty:same;asset:absent,5+,exact+divergent,thirdparty:qhull_hull=exact+qhull_hull_x87=divergent+qhull_hull_rotated=divergent,qh_allstatH
qhull,0x000836f0,SHAPE,_qh_allstatI,0,thirdparty:same;asset:absent,5+,exact+divergent,thirdparty:qhull_hull=exact+qhull_hull_x87=divergent+qhull_hull_rotated=divergent,qh_allstatI
qhull,0x00083a60,SHAPE,_qh_allstatistics,0,thirdparty:same;asset:absent,5+,exact+divergent,thirdparty:qhull_hull=exact+qhull_hull_x87=divergent+qhull_hull_rotated=divergent,qh_allstatistics
qhull,0x00083a80,REVIEW,_qh_collectstatistics,37,thirdparty:same;asset:absent,0,none,,qh_collectstatistics
qhull,0x00083f30,DIFF,_qh_initstatistics,24,thirdparty:same;asset:absent,5+,exact+divergent,thirdparty:qhull_hull=exact+qhull_hull_x87=divergent+qhull_hull_rotated=divergent,qh_initstatistics
qhull,0x000841f0,REVIEW,_qh_nostatistic,4,thirdparty:same;asset:absent,0,none,,qh_nostatistic
qhull,0x00084240,REVIEW,_qh_printstatlevel,8,thirdparty:absent;asset:absent,0,none,,qh_printstatlevel
qhull,0x000843e0,REVIEW,_qh_newstats,4,thirdparty:same;asset:absent,0,none,,qh_newstats
qhull,0x000844a0,REVIEW,_qh_printstats,0,thirdparty:same;asset:absent,0,none,,qh_printstats
qhull,0x00084510,DIFF,_qh_printstatistics,66,thirdparty:same;asset:absent,0,none,,qh_printstatistics
qhull,0x000847d0,DIFF,_qh_printallstatistics,0,thirdparty:same;asset:absent,0,none,,qh_printallstatistics
qhull,0x00084800,REVIEW,_qh_errexit,0,thirdparty:same;asset:absent,3,exact+divergent,thirdparty:qhull_hull=exact+qhull_hull_x87=divergent+qhull_hull_rotated=divergent,qh_errexit
qhull,0x00084820,DIFF,_qh_errprint,0,thirdparty:same;asset:absent,0,none,,qh_errprint
qhull,0x000849b0,SHAPE,_qh_printfacetlist,0,thirdparty:same;asset:absent,0,none,,qh_printfacetlist
opcode,0x00053880,SHAPE,?GetSplittingValue@AABBTreeBuilder@Opcode@@UBEMPBIIABVAABB@IceMaths@@I@Z,3,thirdparty:same (exe copy from PhysicsThirdPartyTests.obj);asset:absent,0,none,,"AABBTreeBuilder::GetSplittingValue(const udword*, udword, const AABB&, udword)"
opcode,0x000538a0,SHAPE,?ValidateSubdivision@AABBTreeBuilder@Opcode@@UAEHPBIIABVAABB@IceMaths@@@Z,0,thirdparty:same (exe copy from PhysicsThirdPartyTests.obj);asset:absent,15+,exact+divergent,thirdparty:layout;thirdparty:opcode_model_build=exact+opcode_model_build_x87=divergent;thirdparty:opcode_aabbtree=exact,"AABBTreeBuilder::ValidateSubdivision(const udword*, udword, const AABB&)"
opcode,0x000538b0,REVIEW,??_GAABBTreeBuilder@Opcode@@UAEPAXI@Z,0,"thirdparty:DIFFERS +3: mov eax, dword ptr [ebp + 8] / push -1 (exe copy from PhysicsThirdPartyTests.obj);asset:absent",0,none,,AABBTreeBuilder::~AABBTreeBuilder / `scalar deleting destructor' [/OPT:ICF-folded with ~AABBTreeOfTrianglesBuilder]
opcode,0x000b4d70,SHAPE,??0Container@IceCore@@QAE@XZ,0,thirdparty:same;asset:same,69+,exact+divergent,thirdparty:container=exact;thirdparty:complete_pruning=exact;thirdparty:opcode_ray=exact+opcode_ray_x87=divergent+opcode_ray_boundary=divergent;thirdparty:opcode_sphere=exact;thirdparty:opcode_obb=exact;thirdparty:opcode_aabb=exact;thirdparty:opcode_lss=exact;thirdparty:opcode_planes=exact;thirdparty:opcode_treecollider=exact+opcode_treecollider_boundary=divergent;thirdparty:opcode_ray_vanilla=exact;thirdparty:opcode_sphere_vanilla=exact;thirdparty:opcode_aabb_vanilla=exact;thirdparty:opcode_sap=exact;asset:asset=exact,Container::Container()
opcode,0x000b4d90,REVIEW,?Empty@Container@IceCore@@QAEAAV12@XZ,3,thirdparty:same;asset:absent,5+,exact,thirdparty:container=exact,Container& Container::Empty()
opcode,0x000b4de0,REVIEW,?Resize@Container@IceCore@@AAE_NI@Z,6,thirdparty:same;asset:same,70+,exact+divergent,thirdparty:container=exact;thirdparty:complete_pruning=exact;thirdparty:opcode_ray=exact+opcode_ray_x87=divergent+opcode_ray_boundary=divergent;thirdparty:opcode_sphere=exact;thirdparty:opcode_obb=exact;thirdparty:opcode_aabb=exact;thirdparty:opcode_lss=exact;thirdparty:opcode_planes=exact;thirdparty:opcode_treecollider=exact+opcode_treecollider_boundary=divergent;thirdparty:opcode_ray_vanilla=exact;thirdparty:opcode_sphere_vanilla=exact;thirdparty:opcode_aabb_vanilla=exact;thirdparty:opcode_sap=exact;asset:asset=exact,Container::Resize(udword)
opcode,0x000b4e90,REVIEW,?SetSize@Container@IceCore@@QAE_NI@Z,3,thirdparty:same;asset:absent,5+,exact,thirdparty:container=exact,Container::SetSize(udword)
opcode,0x000b4f00,DIFF,??0Container@IceCore@@QAE@ABV01@@Z,0,thirdparty:same;asset:absent,5+,exact,thirdparty:container_copy=exact,Container::Container(const Container&) [operator=(const Container&) IceContainer.cpp:340 inlined]
opcode,0x000b4f50,REVIEW,??1Container@IceCore@@QAE@XZ,3,thirdparty:same;asset:same,74+,exact+divergent,thirdparty:container=exact;thirdparty:container_copy=exact;thirdparty:complete_pruning=exact;thirdparty:opcode_ray=exact+opcode_ray_x87=divergent+opcode_ray_boundary=divergent;thirdparty:opcode_sphere=exact;thirdparty:opcode_obb=exact;thirdparty:opcode_aabb=exact;thirdparty:opcode_lss=exact;thirdparty:opcode_planes=exact;thirdparty:opcode_treecollider=exact+opcode_treecollider_boundary=divergent;thirdparty:opcode_ray_vanilla=exact;thirdparty:opcode_sphere_vanilla=exact;thirdparty:opcode_aabb_vanilla=exact;thirdparty:opcode_sap=exact;asset:asset=exact,Container::~Container()
opcode,0x000b5710,MATCH,?InitQuery@Collider@Opcode@@MAEXXZ,0,thirdparty:same (exe copy from NxOpcode:OPC_TreeCollider.obj);asset:absent,0,none,,Collider::InitQuery
opcode,0x000b5720,SHAPE,??0RayCollider@Opcode@@QAE@XZ,0,thirdparty:same;asset:absent,10+,exact+divergent,thirdparty:opcode_ray=exact+opcode_ray_x87=divergent+opcode_ray_boundary=divergent;thirdparty:opcode_ray_vanilla=exact,RayCollider::RayCollider
opcode,0x000b5760,MATCH,??1RayCollider@Opcode@@UAE@XZ,0,thirdparty:absent;asset:absent,0,none,,RayCollider::~RayCollider
opcode,0x000b5770,REVIEW,?ValidateSettings@RayCollider@Opcode@@UAEPBDXZ,3,thirdparty:same;asset:absent,5+,exact+divergent,thirdparty:opcode_ray=exact+opcode_ray_x87=divergent+opcode_ray_boundary=divergent,RayCollider::ValidateSettings
opcode,0x000b57d0,REVIEW,?InitQuery@RayCollider@Opcode@@IAEHABVRay@IceMaths@@PBVMatrix4x4@4@PAI@Z,498,thirdparty:same;asset:absent,10+,exact+divergent,thirdparty:opcode_ray=exact+opcode_ray_x87=divergent+opcode_ray_boundary=divergent;thirdparty:opcode_ray_vanilla=exact,RayCollider::InitQuery
opcode,0x000b6380,REVIEW,?_SegmentStab@RayCollider@Opcode@@IAEXPBVAABBCollisionNode@2@@Z,265,thirdparty:same;asset:absent,5+,exact+divergent,thirdparty:opcode_ray=exact+opcode_ray_x87=divergent+opcode_ray_boundary=divergent,RayCollider::_SegmentStab(const AABBCollisionNode*)
opcode,0x000b6900,REVIEW,?_SegmentStab@RayCollider@Opcode@@IAEXPBVAABBQuantizedNode@2@@Z,286,thirdparty:same;asset:absent,5+,exact+divergent,thirdparty:opcode_ray=exact+opcode_ray_x87=divergent+opcode_ray_boundary=divergent,RayCollider::_SegmentStab(const AABBQuantizedNode*)
opcode,0x000b6ef0,REVIEW,?_SegmentStab@RayCollider@Opcode@@IAEXPBVAABBNoLeafNode@2@@Z,464,thirdparty:same;asset:absent,5+,exact+divergent,thirdparty:opcode_ray=exact+opcode_ray_x87=divergent+opcode_ray_boundary=divergent,RayCollider::_SegmentStab(const AABBNoLeafNode*)
opcode,0x000b7880,REVIEW,?_SegmentStab@RayCollider@Opcode@@IAEXPBVAABBQuantizedNoLeafNode@2@@Z,483,thirdparty:same;asset:absent,5+,exact+divergent,thirdparty:opcode_ray=exact+opcode_ray_x87=divergent+opcode_ray_boundary=divergent,RayCollider::_SegmentStab(const AABBQuantizedNoLeafNode*)
opcode,0x000b82a0,REVIEW,?_SegmentStab@RayCollider@Opcode@@IAEXPBVAABBTreeNode@2@AAVContainer@IceCore@@@Z,94,thirdparty:same;asset:absent,5+,exact,thirdparty:opcode_ray_vanilla=exact,"RayCollider::_SegmentStab(const AABBTreeNode*, Container&)"
opcode,0x000b84c0,REVIEW,?_RayStab@RayCollider@Opcode@@IAEXPBVAABBCollisionNode@2@@Z,259,thirdparty:same;asset:absent,5+,exact+divergent,thirdparty:opcode_ray=exact+opcode_ray_x87=divergent+opcode_ray_boundary=divergent,RayCollider::_RayStab(const AABBCollisionNode*)
opcode,0x000b8a50,REVIEW,?_RayStab@RayCollider@Opcode@@IAEXPBVAABBQuantizedNode@2@@Z,281,thirdparty:same;asset:absent,5+,exact+divergent,thirdparty:opcode_ray=exact+opcode_ray_x87=divergent+opcode_ray_boundary=divergent,RayCollider::_RayStab(const AABBQuantizedNode*)
opcode,0x000b9070,REVIEW,?_RayStab@RayCollider@Opcode@@IAEXPBVAABBNoLeafNode@2@@Z,461,thirdparty:same;asset:absent,5+,exact+divergent,thirdparty:opcode_ray=exact+opcode_ray_x87=divergent+opcode_ray_boundary=divergent,RayCollider::_RayStab(const AABBNoLeafNode*)
opcode,0x000b9a30,REVIEW,?_RayStab@RayCollider@Opcode@@IAEXPBVAABBQuantizedNoLeafNode@2@@Z,479,thirdparty:same;asset:absent,5+,exact+divergent,thirdparty:opcode_ray=exact+opcode_ray_x87=divergent+opcode_ray_boundary=divergent,RayCollider::_RayStab(const AABBQuantizedNoLeafNode*)
opcode,0x000ba470,REVIEW,?_RayStab@RayCollider@Opcode@@IAEXPBVAABBTreeNode@2@AAVContainer@IceCore@@@Z,90,thirdparty:same;asset:absent,5+,exact,thirdparty:opcode_ray_vanilla=exact,"RayCollider::_RayStab(const AABBTreeNode*, Container&)"
opcode,0x000ba6c0,SHAPE,??_GRayCollider@Opcode@@UAEPAXI@Z,0,thirdparty:same;asset:absent,10+,exact+divergent,thirdparty:opcode_ray=exact+opcode_ray_x87=divergent+opcode_ray_boundary=divergent;thirdparty:opcode_ray_vanilla=exact,RayCollider::`scalar deleting destructor'
opcode,0x000ba6f0,REVIEW,?Collide@RayCollider@Opcode@@QAE_NABVRay@IceMaths@@ABVModel@2@PBVMatrix4x4@4@PAI@Z,0,thirdparty:same;asset:absent,5+,exact+divergent,thirdparty:opcode_ray=exact+opcode_ray_x87=divergent+opcode_ray_boundary=divergent,"RayCollider::Collide(const Ray&, const Model&, const Matrix4x4*, udword*)"
opcode,0x000ba880,SHAPE,?Collide@RayCollider@Opcode@@QAE_NABVRay@IceMaths@@PBVAABBTree@2@AAVContainer@IceCore@@@Z,0,thirdparty:same;asset:absent,5+,exact,thirdparty:opcode_ray_vanilla=exact,"RayCollider::Collide(const Ray&, const AABBTree*, Container&)"
opcode,0x000ba8e0,REVIEW,?CoplanarTriTri@@YAHABVPoint@IceMaths@@000000@Z,668,thirdparty:same;asset:absent,5+,exact+divergent,thirdparty:opcode_treecollider=exact+opcode_treecollider_boundary=divergent,"CoplanarTriTri(const Point&, const Point&, const Point&, const Point&, const Point&, const Point&, const Point&)"
opcode,0x000bb510,SHAPE,??0AABBTreeCollider@Opcode@@QAE@XZ,0,thirdparty:same;asset:absent,5+,exact+divergent,thirdparty:opcode_treecollider=exact+opcode_treecollider_boundary=divergent,AABBTreeCollider::AABBTreeCollider
opcode,0x000bb550,MATCH,??1AABBTreeCollider@Opcode@@UAE@XZ,0,thirdparty:absent;asset:absent,0,none,,AABBTreeCollider::~AABBTreeCollider
opcode,0x000bb570,REVIEW,?ValidateSettings@AABBTreeCollider@Opcode@@UAEPBDXZ,0,thirdparty:same;asset:absent,0,none,,AABBTreeCollider::ValidateSettings
opcode,0x000bb590,REVIEW,?InitQuery@AABBTreeCollider@Opcode@@IAEXPBVMatrix4x4@IceMaths@@0@Z,396,thirdparty:same;asset:absent,5+,exact+divergent,thirdparty:opcode_treecollider=exact+opcode_treecollider_boundary=divergent,"AABBTreeCollider::InitQuery(const Matrix4x4*, const Matrix4x4*)"
opcode,0x000bbd60,REVIEW,?PrimTest@AABBTreeCollider@Opcode@@IAEXII@Z,524,thirdparty:same;asset:absent,5+,exact+divergent,thirdparty:opcode_treecollider=exact+opcode_treecollider_boundary=divergent,"AABBTreeCollider::PrimTest(udword, udword)"
opcode,0x000bc770,REVIEW,?_CollideTriBox@AABBTreeCollider@Opcode@@IAEXPBVAABBNoLeafNode@2@@Z,1327,thirdparty:same;asset:absent,5+,exact+divergent,thirdparty:opcode_treecollider=exact+opcode_treecollider_boundary=divergent,AABBTreeCollider::_CollideTriBox(const AABBNoLeafNode*)
opcode,0x000be230,REVIEW,?_CollideBoxTri@AABBTreeCollider@Opcode@@IAEXPBVAABBNoLeafNode@2@@Z,1327,thirdparty:same;asset:absent,5+,exact+divergent,thirdparty:opcode_treecollider=exact+opcode_treecollider_boundary=divergent,AABBTreeCollider::_CollideBoxTri(const AABBNoLeafNode*)
opcode,0x000bfd10,REVIEW,?_Collide@AABBTreeCollider@Opcode@@IAEXPBVAABBNoLeafNode@2@0@Z,2567,thirdparty:same;asset:absent,5+,exact+divergent,thirdparty:opcode_treecollider=exact+opcode_treecollider_boundary=divergent,"AABBTreeCollider::_Collide(const AABBNoLeafNode*, const AABBNoLeafNode*)"
opcode,0x000c3010,REVIEW,?_Collide@AABBTreeCollider@Opcode@@IAEXPBVAABBQuantizedNode@2@0ABVPoint@IceMaths@@111@Z,354,thirdparty:same;asset:absent,5+,exact+divergent,thirdparty:opcode_treecollider=exact+opcode_treecollider_boundary=divergent,"AABBTreeCollider::_Collide(const AABBQuantizedNode*, const AABBQuantizedNode*, const Point&, const Point&, const Point&, const Point&)"
opcode,0x000c3880,REVIEW,?_CollideTriBox@AABBTreeCollider@Opcode@@IAEXPBVAABBQuantizedNoLeafNode@2@@Z,1346,thirdparty:same;asset:absent,5+,exact+divergent,thirdparty:opcode_treecollider=exact+opcode_treecollider_boundary=divergent,AABBTreeCollider::_CollideTriBox(const AABBQuantizedNoLeafNode*)
opcode,0x000c5470,REVIEW,?_CollideBoxTri@AABBTreeCollider@Opcode@@IAEXPBVAABBQuantizedNoLeafNode@2@@Z,1346,thirdparty:same;asset:absent,5+,exact+divergent,thirdparty:opcode_treecollider=exact+opcode_treecollider_boundary=divergent,AABBTreeCollider::_CollideBoxTri(const AABBQuantizedNoLeafNode*)
opcode,0x000c7060,REVIEW,?_Collide@AABBTreeCollider@Opcode@@IAEXPBVAABBQuantizedNoLeafNode@2@0@Z,2602,thirdparty:same;asset:absent,5+,exact+divergent,thirdparty:opcode_treecollider=exact+opcode_treecollider_boundary=divergent,"AABBTreeCollider::_Collide(const AABBQuantizedNoLeafNode*, const AABBQuantizedNoLeafNode*)"
opcode,0x000ca5a0,DIFF,?_CollideTriBox@AABBTreeCollider@Opcode@@IAEXPBVAABBNoLeafNode@2@@Z,1345,thirdparty:same;asset:absent,no candidate body of its own,none,,AABBTreeCollider::_CollideTriBox(const AABBNoLeafNode*) [2nd instantiation]
opcode,0x000cbe50,DIFF,?_CollideBoxTri@AABBTreeCollider@Opcode@@IAEXPBVAABBNoLeafNode@2@@Z,1345,thirdparty:same;asset:absent,no candidate body of its own,none,,AABBTreeCollider::_CollideBoxTri(const AABBNoLeafNode*) [2nd instantiation]
opcode,0x000cd700,DIFF,?_Collide@AABBTreeCollider@Opcode@@IAEXPBVAABBNoLeafNode@2@0@Z,2567,thirdparty:same;asset:absent,no candidate body of its own,none,,"AABBTreeCollider::_Collide(const AABBNoLeafNode*, const AABBNoLeafNode*) [2nd instantiation]"
opcode,0x000d0930,SHAPE,??_GAABBTreeCollider@Opcode@@UAEPAXI@Z,0,thirdparty:same;asset:absent,5+,exact+divergent,thirdparty:opcode_treecollider=exact+opcode_treecollider_boundary=divergent,AABBTreeCollider::`scalar deleting destructor'
opcode,0x000d0960,REVIEW,?Collide@AABBTreeCollider@Opcode@@QAE_NPBVAABBNoLeafTree@2@0PBVMatrix4x4@IceMaths@@1PAUPair@IceCore@@@Z,0,thirdparty:absent;asset:absent,0,none,,"AABBTreeCollider::Collide(const AABBNoLeafTree*, const AABBNoLeafTree*, const Matrix4x4*, const Matrix4x4*, Pair*)"
opcode,0x000d09e0,REVIEW,?Collide@AABBTreeCollider@Opcode@@QAE_NPBVAABBQuantizedTree@2@0PBVMatrix4x4@IceMaths@@1PAUPair@IceCore@@@Z,36,thirdparty:same;asset:absent,5+,exact+divergent,thirdparty:opcode_treecollider=exact+opcode_treecollider_boundary=divergent,"AABBTreeCollider::Collide(const AABBQuantizedTree*, const AABBQuantizedTree*, ...)"
opcode,0x000d0bf0,REVIEW,?Collide@AABBTreeCollider@Opcode@@QAE_NPBVAABBQuantizedNoLeafTree@2@0PBVMatrix4x4@IceMaths@@1PAUPair@IceCore@@@Z,0,thirdparty:absent;asset:absent,0,none,,"AABBTreeCollider::Collide(const AABBQuantizedNoLeafTree*, const AABBQuantizedNoLeafTree*, ...)"
opcode,0x000d0cd0,REVIEW,?_Collide@AABBTreeCollider@Opcode@@IAEXPBVAABBCollisionNode@2@0@Z,282,thirdparty:same;asset:absent,5+,exact+divergent,thirdparty:opcode_treecollider=exact+opcode_treecollider_boundary=divergent,"AABBTreeCollider::_Collide(const AABBCollisionNode*, const AABBCollisionNode*)"
opcode,0x000d12b0,DIFF,?Collide@AABBTreeCollider@Opcode@@QAE_NPBVAABBNoLeafTree@2@0PBVMatrix4x4@IceMaths@@1PAUPair@IceCore@@@Z,0,thirdparty:absent;asset:absent,no candidate body of its own,none,,"AABBTreeCollider::Collide(const AABBNoLeafTree*, const AABBNoLeafTree*, ...) [2nd instantiation]"
opcode,0x000d1340,REVIEW,?Collide@AABBTreeCollider@Opcode@@QAE_NPBVAABBCollisionTree@2@0PBVMatrix4x4@IceMaths@@1PAUPair@IceCore@@@Z,0,thirdparty:absent;asset:absent,0,none,,"AABBTreeCollider::Collide(const AABBCollisionTree*, const AABBCollisionTree*, ...)"
opcode,0x000d13c0,REVIEW,?Collide@AABBTreeCollider@Opcode@@QAE_NAAUBVTCache@2@PBVMatrix4x4@IceMaths@@1@Z,0,thirdparty:same;asset:absent,5+,exact+divergent,thirdparty:opcode_treecollider=exact+opcode_treecollider_boundary=divergent,"AABBTreeCollider::Collide(BVTCache&, const Matrix4x4*, const Matrix4x4*)"
opcode,0x000d14a0,SHAPE,?InitQuery@VolumeCollider@Opcode@@MAEXXZ,0,thirdparty:same (exe copy from NxOpcode:OPC_SphereCollider.obj);asset:absent,0,none,,VolumeCollider::InitQuery
opcode,0x000d14b0,REVIEW,?OPC_PointTriangleSqrDist@@YAMABVPoint@IceMaths@@000@Z,306,thirdparty:same;asset:absent,5+,exact,thirdparty:opcode_lss=exact,"OPC_PointTriangleSqrDist(const Point&, const Point&, const Point&, const Point&)"
opcode,0x000d1930,REVIEW,?OPC_SegmentSegmentSqrDist@@YAMABVSegment@IceMaths@@0@Z,367,thirdparty:same;asset:absent,5+,exact,thirdparty:opcode_lss=exact,"OPC_SegmentSegmentSqrDist(const Segment&, const Segment&)"
opcode,0x000d1ed0,SHAPE,?OPC_SegmentTriangleSqrDist@@YAMABVSegment@IceMaths@@ABVPoint@2@11@Z,702,thirdparty:same;asset:absent,5+,exact,thirdparty:opcode_lss=exact,"OPC_SegmentTriangleSqrDist(const Segment&, const Point&, const Point&, const Point&)"
opcode,0x000d3490,MATCH,??0LSSCollider@Opcode@@QAE@XZ,0,thirdparty:same;asset:absent,5+,exact,thirdparty:opcode_lss=exact,LSSCollider::LSSCollider
opcode,0x000d34b0,MATCH,??1LSSCollider@Opcode@@UAE@XZ,0,thirdparty:absent;asset:absent,0,none,,LSSCollider::~LSSCollider
opcode,0x000d34c0,REVIEW,?InitQuery@LSSCollider@Opcode@@IAEHAAULSSCache@2@ABVLSS@IceMaths@@PBVMatrix4x4@5@2@Z,196,thirdparty:same;asset:absent,5+,exact,thirdparty:opcode_lss=exact,"LSSCollider::InitQuery(LSSCache&, const LSS&, const Matrix4x4*, const Matrix4x4*)"
opcode,0x000d3ac0,REVIEW,?_Collide@LSSCollider@Opcode@@IAEXPBVAABBCollisionNode@2@@Z,77,thirdparty:same;asset:absent,5+,exact,thirdparty:opcode_lss=exact,LSSCollider::_Collide(const AABBCollisionNode*)
opcode,0x000d3ca0,SHAPE,?_CollideNoPrimitiveTest@LSSCollider@Opcode@@IAEXPBVAABBCollisionNode@2@@Z,75,thirdparty:same;asset:absent,5+,exact,thirdparty:opcode_lss=exact,LSSCollider::_CollideNoPrimitiveTest(const AABBCollisionNode*)
opcode,0x000d3e30,REVIEW,?_Collide@LSSCollider@Opcode@@IAEXPBVAABBQuantizedNode@2@@Z,93,thirdparty:same;asset:absent,5+,exact,thirdparty:opcode_lss=exact,LSSCollider::_Collide(const AABBQuantizedNode*)
opcode,0x000d4070,SHAPE,?_CollideNoPrimitiveTest@LSSCollider@Opcode@@IAEXPBVAABBQuantizedNode@2@@Z,91,thirdparty:same;asset:absent,5+,exact,thirdparty:opcode_lss=exact,LSSCollider::_CollideNoPrimitiveTest(const AABBQuantizedNode*)
opcode,0x000d4260,REVIEW,?_Collide@LSSCollider@Opcode@@IAEXPBVAABBNoLeafNode@2@@Z,79,thirdparty:same;asset:absent,5+,exact,thirdparty:opcode_lss=exact,LSSCollider::_Collide(const AABBNoLeafNode*)
opcode,0x000d44b0,REVIEW,?_CollideNoPrimitiveTest@LSSCollider@Opcode@@IAEXPBVAABBNoLeafNode@2@@Z,75,thirdparty:same;asset:absent,5+,exact,thirdparty:opcode_lss=exact,LSSCollider::_CollideNoPrimitiveTest(const AABBNoLeafNode*)
opcode,0x000d4670,REVIEW,?_Collide@LSSCollider@Opcode@@IAEXPBVAABBQuantizedNoLeafNode@2@@Z,95,thirdparty:same;asset:absent,5+,exact,thirdparty:opcode_lss=exact,LSSCollider::_Collide(const AABBQuantizedNoLeafNode*)
opcode,0x000d4930,REVIEW,?_CollideNoPrimitiveTest@LSSCollider@Opcode@@IAEXPBVAABBQuantizedNoLeafNode@2@@Z,91,thirdparty:same;asset:absent,5+,exact,thirdparty:opcode_lss=exact,LSSCollider::_CollideNoPrimitiveTest(const AABBQuantizedNoLeafNode*)
opcode,0x000d4b60,SHAPE,??_GLSSCollider@Opcode@@UAEPAXI@Z,0,thirdparty:same;asset:absent,5+,exact,thirdparty:opcode_lss=exact,LSSCollider::`scalar deleting destructor'
opcode,0x000d4b90,REVIEW,?Collide@LSSCollider@Opcode@@QAE_NAAULSSCache@2@ABVLSS@IceMaths@@ABVModel@2@PBVMatrix4x4@5@3@Z,0,thirdparty:same;asset:absent,5+,exact,thirdparty:opcode_lss=exact,"LSSCollider::Collide(LSSCache&, const LSS&, const Model&, const Matrix4x4*, const Matrix4x4*)"
opcode,0x000d4d00,MATCH,??0OBBCollider@Opcode@@QAE@XZ,0,thirdparty:same;asset:absent,5+,exact,thirdparty:opcode_obb=exact,OBBCollider::OBBCollider
opcode,0x000d4d20,MATCH,??1OBBCollider@Opcode@@UAE@XZ,0,thirdparty:absent;asset:absent,0,none,,OBBCollider::~OBBCollider
opcode,0x000d4d30,REVIEW,?InitQuery@OBBCollider@Opcode@@IAEHAAUOBBCache@2@ABVOBB@IceMaths@@PBVMatrix4x4@5@2@Z,1623,thirdparty:same;asset:absent,5+,exact,thirdparty:opcode_obb=exact,"OBBCollider::InitQuery(OBBCache&, const OBB&, const Matrix4x4*, const Matrix4x4*)"
opcode,0x000d7040,REVIEW,?_Collide@OBBCollider@Opcode@@IAEXPBVAABBCollisionNode@2@@Z,831,thirdparty:same;asset:absent,5+,exact,thirdparty:opcode_obb=exact,OBBCollider::_Collide(const AABBCollisionNode*)
opcode,0x000d8050,REVIEW,?_CollideNoPrimitiveTest@OBBCollider@Opcode@@IAEXPBVAABBCollisionNode@2@@Z,290,thirdparty:same;asset:absent,5+,exact,thirdparty:opcode_obb=exact,OBBCollider::_CollideNoPrimitiveTest(const AABBCollisionNode*)
opcode,0x000d8620,REVIEW,?_Collide@OBBCollider@Opcode@@IAEXPBVAABBQuantizedNode@2@@Z,849,thirdparty:same;asset:absent,5+,exact,thirdparty:opcode_obb=exact,OBBCollider::_Collide(const AABBQuantizedNode*)
opcode,0x000d96d0,REVIEW,?_CollideNoPrimitiveTest@OBBCollider@Opcode@@IAEXPBVAABBQuantizedNode@2@@Z,308,thirdparty:same;asset:absent,5+,exact,thirdparty:opcode_obb=exact,OBBCollider::_CollideNoPrimitiveTest(const AABBQuantizedNode*)
opcode,0x000d9d40,REVIEW,?_Collide@OBBCollider@Opcode@@IAEXPBVAABBNoLeafNode@2@@Z,1355,thirdparty:same;asset:absent,5+,exact,thirdparty:opcode_obb=exact,OBBCollider::_Collide(const AABBNoLeafNode*)
opcode,0x000db830,REVIEW,?_CollideNoPrimitiveTest@OBBCollider@Opcode@@IAEXPBVAABBNoLeafNode@2@@Z,290,thirdparty:same;asset:absent,5+,exact,thirdparty:opcode_obb=exact,OBBCollider::_CollideNoPrimitiveTest(const AABBNoLeafNode*)
opcode,0x000dbe30,REVIEW,?_Collide@OBBCollider@Opcode@@IAEXPBVAABBQuantizedNoLeafNode@2@@Z,1374,thirdparty:same;asset:absent,5+,exact,thirdparty:opcode_obb=exact,OBBCollider::_Collide(const AABBQuantizedNoLeafNode*)
opcode,0x000dd9f0,REVIEW,?_CollideNoPrimitiveTest@OBBCollider@Opcode@@IAEXPBVAABBQuantizedNoLeafNode@2@@Z,308,thirdparty:same;asset:absent,5+,exact,thirdparty:opcode_obb=exact,OBBCollider::_CollideNoPrimitiveTest(const AABBQuantizedNoLeafNode*)
opcode,0x000de0a0,SHAPE,??_GOBBCollider@Opcode@@UAEPAXI@Z,0,thirdparty:same;asset:absent,5+,exact,thirdparty:opcode_obb=exact,OBBCollider::`scalar deleting destructor'
opcode,0x000de0d0,REVIEW,?Collide@OBBCollider@Opcode@@QAE_NAAUOBBCache@2@ABVOBB@IceMaths@@ABVModel@2@PBVMatrix4x4@5@3@Z,0,thirdparty:same;asset:absent,5+,exact,thirdparty:opcode_obb=exact,"OBBCollider::Collide(OBBCache&, const OBB&, const Model&, const Matrix4x4*, const Matrix4x4*)"
opcode,0x000de240,DIFF,?SphereTriOverlap@SphereCollider@Opcode@@IAEHABVPoint@IceMaths@@00@Z,349,thirdparty:same;asset:absent,5+,exact,thirdparty:opcode_sphere=exact,"SphereCollider::SphereTriOverlap(const Point&, const Point&, const Point&)"
opcode,0x000de7e0,SHAPE,??0SphereCollider@Opcode@@QAE@XZ,0,thirdparty:same;asset:absent,10+,exact,thirdparty:opcode_sphere=exact;thirdparty:opcode_sphere_vanilla=exact,SphereCollider::SphereCollider
opcode,0x000de800,MATCH,??1SphereCollider@Opcode@@UAE@XZ,0,thirdparty:absent;asset:absent,0,none,,SphereCollider::~SphereCollider
opcode,0x000de810,REVIEW,?InitQuery@SphereCollider@Opcode@@IAEHAAUSphereCache@2@ABVSphere@IceMaths@@PBVMatrix4x4@5@2@Z,96,thirdparty:same;asset:absent,10+,exact,thirdparty:opcode_sphere=exact;thirdparty:opcode_sphere_vanilla=exact,"SphereCollider::InitQuery(SphereCache&, const Sphere&, const Matrix4x4*, const Matrix4x4*)"
opcode,0x000deb20,REVIEW,?_Collide@SphereCollider@Opcode@@IAEXPBVAABBCollisionNode@2@@Z,251,thirdparty:same;asset:absent,5+,exact,thirdparty:opcode_sphere=exact,SphereCollider::_Collide(const AABBCollisionNode*)
opcode,0x000def40,REVIEW,?_CollideNoPrimitiveTest@SphereCollider@Opcode@@IAEXPBVAABBCollisionNode@2@@Z,251,thirdparty:same;asset:absent,5+,exact,thirdparty:opcode_sphere=exact,SphereCollider::_CollideNoPrimitiveTest(const AABBCollisionNode*)
opcode,0x000df320,REVIEW,?_Collide@SphereCollider@Opcode@@IAEXPBVAABBQuantizedNode@2@@Z,269,thirdparty:same;asset:absent,5+,exact,thirdparty:opcode_sphere=exact,SphereCollider::_Collide(const AABBQuantizedNode*)
opcode,0x000df7d0,REVIEW,?_CollideNoPrimitiveTest@SphereCollider@Opcode@@IAEXPBVAABBQuantizedNode@2@@Z,269,thirdparty:same;asset:absent,5+,exact,thirdparty:opcode_sphere=exact,SphereCollider::_CollideNoPrimitiveTest(const AABBQuantizedNode*)
opcode,0x000dfc30,REVIEW,?_Collide@SphereCollider@Opcode@@IAEXPBVAABBNoLeafNode@2@@Z,251,thirdparty:same;asset:absent,5+,exact,thirdparty:opcode_sphere=exact,SphereCollider::_Collide(const AABBNoLeafNode*)
opcode,0x000e00d0,REVIEW,?_CollideNoPrimitiveTest@SphereCollider@Opcode@@IAEXPBVAABBNoLeafNode@2@@Z,251,thirdparty:same;asset:absent,5+,exact,thirdparty:opcode_sphere=exact,SphereCollider::_CollideNoPrimitiveTest(const AABBNoLeafNode*)
opcode,0x000e04e0,REVIEW,?_Collide@SphereCollider@Opcode@@IAEXPBVAABBQuantizedNoLeafNode@2@@Z,269,thirdparty:same;asset:absent,5+,exact,thirdparty:opcode_sphere=exact,SphereCollider::_Collide(const AABBQuantizedNoLeafNode*)
opcode,0x000e0a00,REVIEW,?_CollideNoPrimitiveTest@SphereCollider@Opcode@@IAEXPBVAABBQuantizedNoLeafNode@2@@Z,269,thirdparty:same;asset:absent,5+,exact,thirdparty:opcode_sphere=exact,SphereCollider::_CollideNoPrimitiveTest(const AABBQuantizedNoLeafNode*)
opcode,0x000e0ea0,REVIEW,?_Collide@SphereCollider@Opcode@@IAEXPBVAABBTreeNode@2@@Z,281,thirdparty:same;asset:absent,5+,exact,thirdparty:opcode_sphere_vanilla=exact,SphereCollider::_Collide(const AABBTreeNode*)
opcode,0x000e1330,SHAPE,??_GSphereCollider@Opcode@@UAEPAXI@Z,0,thirdparty:same;asset:absent,10+,exact,thirdparty:opcode_sphere=exact;thirdparty:opcode_sphere_vanilla=exact,SphereCollider::`scalar deleting destructor'
opcode,0x000e1360,REVIEW,?Collide@SphereCollider@Opcode@@QAE_NAAUSphereCache@2@ABVSphere@IceMaths@@ABVModel@2@PBVMatrix4x4@5@3@Z,0,thirdparty:same;asset:absent,5+,exact,thirdparty:opcode_sphere=exact,"SphereCollider::Collide(SphereCache&, const Sphere&, const Model&, const Matrix4x4*, const Matrix4x4*)"
opcode,0x000e14d0,SHAPE,?Collide@SphereCollider@Opcode@@QAE_NAAUSphereCache@2@ABVSphere@IceMaths@@PBVAABBTree@2@@Z,0,thirdparty:same;asset:absent,5+,exact,thirdparty:opcode_sphere_vanilla=exact,"SphereCollider::Collide(SphereCache&, const Sphere&, const AABBTree*)"
opcode,0x000e1510,SHAPE,??0PlanesCollider@Opcode@@QAE@XZ,0,thirdparty:same;asset:absent,5+,exact,thirdparty:opcode_planes=exact,PlanesCollider::PlanesCollider
opcode,0x000e1530,DIFF,?ValidateSettings@OBBCollider@Opcode@@UAEPBDXZ,0,thirdparty:same;asset:absent,0,none,,"OBBCollider::ValidateSettings  [ICF-folded with PlanesCollider::ValidateSettings, OPC_PlanesCollider.cpp:80]"
opcode,0x000e1550,REVIEW,?InitQuery@PlanesCollider@Opcode@@IAEHAAUPlanesCache@2@PBVPlane@IceMaths@@IPBVMatrix4x4@5@@Z,103,thirdparty:same;asset:absent,5+,exact,thirdparty:opcode_planes=exact,"PlanesCollider::InitQuery(PlanesCache&, const Plane*, udword, const Matrix4x4*)"
opcode,0x000e19f0,REVIEW,?_Collide@PlanesCollider@Opcode@@IAEXPBVAABBCollisionNode@2@I@Z,66,thirdparty:same;asset:absent,5+,exact,thirdparty:opcode_planes=exact,"PlanesCollider::_Collide(const AABBCollisionNode*, udword)"
opcode,0x000e1bf0,REVIEW,?_CollideNoPrimitiveTest@PlanesCollider@Opcode@@IAEXPBVAABBCollisionNode@2@I@Z,33,thirdparty:same;asset:absent,5+,exact,thirdparty:opcode_planes=exact,"PlanesCollider::_CollideNoPrimitiveTest(const AABBCollisionNode*, udword)"
opcode,0x000e1d10,REVIEW,?_Collide@PlanesCollider@Opcode@@IAEXPBVAABBQuantizedNode@2@I@Z,84,thirdparty:same;asset:absent,5+,exact,thirdparty:opcode_planes=exact,"PlanesCollider::_Collide(const AABBQuantizedNode*, udword)"
opcode,0x000e1f90,REVIEW,?_CollideNoPrimitiveTest@PlanesCollider@Opcode@@IAEXPBVAABBQuantizedNode@2@I@Z,51,thirdparty:same;asset:absent,5+,exact,thirdparty:opcode_planes=exact,"PlanesCollider::_CollideNoPrimitiveTest(const AABBQuantizedNode*, udword)"
opcode,0x000e2130,REVIEW,?_Collide@PlanesCollider@Opcode@@IAEXPBVAABBNoLeafNode@2@I@Z,99,thirdparty:same;asset:absent,5+,exact,thirdparty:opcode_planes=exact,"PlanesCollider::_Collide(const AABBNoLeafNode*, udword)"
opcode,0x000e2460,REVIEW,?_CollideNoPrimitiveTest@PlanesCollider@Opcode@@IAEXPBVAABBNoLeafNode@2@I@Z,33,thirdparty:same;asset:absent,5+,exact,thirdparty:opcode_planes=exact,"PlanesCollider::_CollideNoPrimitiveTest(const AABBNoLeafNode*, udword)"
opcode,0x000e25b0,REVIEW,?_Collide@PlanesCollider@Opcode@@IAEXPBVAABBQuantizedNoLeafNode@2@I@Z,117,thirdparty:same;asset:absent,5+,exact,thirdparty:opcode_planes=exact,"PlanesCollider::_Collide(const AABBQuantizedNoLeafNode*, udword)"
opcode,0x000e2960,REVIEW,?_CollideNoPrimitiveTest@PlanesCollider@Opcode@@IAEXPBVAABBQuantizedNoLeafNode@2@I@Z,51,thirdparty:same;asset:absent,5+,exact,thirdparty:opcode_planes=exact,"PlanesCollider::_CollideNoPrimitiveTest(const AABBQuantizedNoLeafNode*, udword)"
opcode,0x000e2b30,REVIEW,??1PlanesCollider@Opcode@@UAE@XZ,0,thirdparty:absent;asset:absent,0,none,,PlanesCollider::~PlanesCollider
opcode,0x000e2b60,REVIEW,?Collide@PlanesCollider@Opcode@@QAE_NAAUPlanesCache@2@PBVPlane@IceMaths@@IABVModel@2@PBVMatrix4x4@5@@Z,0,thirdparty:same;asset:absent,5+,exact,thirdparty:opcode_planes=exact,"PlanesCollider::Collide(PlanesCache&, const Plane*, udword, const Model&, const Matrix4x4*)"
opcode,0x000e2ce0,REVIEW,??_GPlanesCollider@Opcode@@UAEPAXI@Z,0,thirdparty:same;asset:absent,5+,exact,thirdparty:opcode_planes=exact,PlanesCollider::`scalar deleting destructor'
opcode,0x000e2d20,REVIEW,?Add@AABB@IceMaths@@QAEAAV12@ABV12@@Z,18,thirdparty:same;asset:absent,5+,exact,thirdparty:ice_aabb=exact,AABB::Add(const AABB&)
opcode,0x000e2e50,REVIEW,?MakeCube@AABB@IceMaths@@QBEMAAV12@@Z,50,thirdparty:same;asset:absent,5+,exact,thirdparty:ice_aabb=exact,AABB::MakeCube(AABB&)
opcode,0x000e2f70,SHAPE,?IsInside@AABB@IceMaths@@QBE_NABV12@@Z,18,thirdparty:same;asset:absent,5+,exact,thirdparty:ice_aabb=exact,AABB::IsInside(const AABB&)
opcode,0x000e2fd0,REVIEW,?ComputePoints@AABB@IceMaths@@QBE_NPAVPoint@2@@Z,0,thirdparty:same;asset:absent,5+,exact,thirdparty:ice_aabb=exact,AABB::ComputePoints(Point*)
opcode,0x000e31c0,SHAPE,?Set@Plane@IceMaths@@QAEAAV12@ABVPoint@2@00@Z,73,thirdparty:same;asset:absent,5+,divergent,thirdparty:ice_plane_triangle=divergent,"Plane::Set(const Point&, const Point&, const Point&)"
opcode,0x000e32c0,SHAPE,??0RadixSort@IceCore@@QAE@XZ,0,thirdparty:same;asset:same,20+,exact,thirdparty:radixsort=exact;thirdparty:complete_pruning=exact;thirdparty:radix_setrankbuffers=exact;thirdparty:opcode_sap=exact;asset:asset=exact,RadixSort::RadixSort
opcode,0x000e32e0,REVIEW,??1RadixSort@IceCore@@QAE@XZ,0,thirdparty:same;asset:same,19+,exact,thirdparty:radixsort=exact;thirdparty:radix_setrankbuffers=exact;thirdparty:opcode_sap=exact;asset:asset=exact,RadixSort::~RadixSort
opcode,0x000e3330,REVIEW,?Resize@RadixSort@IceCore@@AAE_NI@Z,0,thirdparty:same;asset:same,23+,exact,thirdparty:radixsort=exact;thirdparty:complete_pruning=exact;thirdparty:radix_setrankbuffers=exact;thirdparty:opcode_sap=exact;asset:asset=exact,RadixSort::Resize(udword)
opcode,0x000e33c0,REVIEW,?Sort@RadixSort@IceCore@@QAEAAV12@PBIIW4RadixHint@2@@Z,0,thirdparty:same;asset:same,13+,exact,thirdparty:radixsort=exact;thirdparty:radix_setrankbuffers=exact;asset:asset=exact,"RadixSort::Sort(const udword*, udword, RadixHint)"
opcode,0x000e3920,REVIEW,?Sort@RadixSort@IceCore@@QAEAAV12@PBMI@Z,11,thirdparty:same;asset:absent,15+,exact,thirdparty:radixsort=exact;thirdparty:complete_pruning=exact;thirdparty:opcode_sap=exact,"RadixSort::Sort(const float*, udword)"
opcode,0x000e3ed0,SHAPE,?Area@Triangle@IceMaths@@QBEMXZ,42,thirdparty:same;asset:absent,5+,divergent,thirdparty:ice_plane_triangle=divergent,Triangle::Area
opcode,0x000e3f50,SHAPE,?Normal@Triangle@IceMaths@@QBEXAAVPoint@2@@Z,57,thirdparty:same;asset:absent,5+,divergent,thirdparty:ice_plane_triangle=divergent,Triangle::Normal(Point&) const
opcode,0x000e4020,SHAPE,?Center@Triangle@IceMaths@@QBEXAAVPoint@2@@Z,21,thirdparty:same;asset:absent,5+,divergent,thirdparty:ice_plane_triangle=divergent,Triangle::Center(Point&)
opcode,0x000e4090,REVIEW,?Inflate@Triangle@IceMaths@@QAEXM_N@Z,45,thirdparty:same;asset:absent,5+,divergent,thirdparty:ice_plane_triangle=divergent,"Triangle::Inflate(float, bool)"
opcode,0x000e4160,SHAPE,?ReplaceVertex@IndexedTriangle@IceMaths@@QAE_NII@Z,0,thirdparty:same;asset:absent,5+,exact,thirdparty:ice_indexedtriangle=exact,"IndexedTriangle::ReplaceVertex(udword, udword)"
opcode,0x000e41a0,REVIEW,?FindEdge@IndexedTriangle@IceMaths@@QBEEII@Z,0,thirdparty:same;asset:absent,5+,exact,thirdparty:ice_indexedtriangle=exact,"IndexedTriangle::FindEdge(udword, udword)"
opcode,0x000e4200,SHAPE,?InvertPRMatrix@IceMaths@@YAXAAVMatrix4x4@1@ABV21@@Z,30,thirdparty:same;asset:absent,40+,exact+divergent,thirdparty:opcode_ray=exact+opcode_ray_x87=divergent+opcode_ray_boundary=divergent;thirdparty:opcode_sphere=exact;thirdparty:opcode_obb=exact;thirdparty:opcode_lss=exact;thirdparty:opcode_planes=exact;thirdparty:opcode_treecollider=exact+opcode_treecollider_boundary=divergent;thirdparty:ice_matrix4x4=divergent;thirdparty:ice_obb=divergent,"IceMaths::InvertPRMatrix(Matrix4x4&, const Matrix4x4&)"
opcode,0x000e42a0,REVIEW,?CoFactor@Matrix4x4@IceMaths@@QBEMII@Z,26,thirdparty:same;asset:absent,5+,divergent,thirdparty:ice_matrix4x4=divergent,"Matrix4x4::CoFactor(udword, udword)"
opcode,0x000e43a0,SHAPE,?Determinant@Matrix4x4@IceMaths@@QBEMXZ,10,thirdparty:same;asset:absent,5+,divergent,thirdparty:ice_matrix4x4=divergent,Matrix4x4::Determinant
opcode,0x000e4400,REVIEW,?Invert@Matrix4x4@IceMaths@@QAEAAV12@XZ,41,thirdparty:same;asset:absent,5+,divergent,thirdparty:ice_matrix4x4=divergent,Matrix4x4::Invert
opcode,0x000e4580,REVIEW,?ComputePlanes@OBB@IceMaths@@QBE_NPAVPlane@2@@Z,197,thirdparty:same;asset:absent,5+,divergent,thirdparty:ice_obb=divergent,OBB::ComputePlanes(Plane*) const
opcode,0x000e48e0,REVIEW,?ComputePoints@OBB@IceMaths@@QBE_NPAVPoint@2@@Z,204,thirdparty:same;asset:absent,5+,divergent,thirdparty:ice_obb=divergent,OBB::ComputePoints(Point*) const
opcode,0x000e4cb0,DIFF,?ComputeWorldEdgeNormal@OBB@IceMaths@@QBEXIAAVPoint@2@@Z,27,thirdparty:same;asset:absent,5+,divergent,thirdparty:ice_obb=divergent,"OBB::ComputeWorldEdgeNormal(udword, Point&) const"
opcode,0x000e4d30,SHAPE,?IsInside@OBB@IceMaths@@QBEHABV12@@Z,172,thirdparty:same;asset:absent,10+,exact+divergent,thirdparty:opcode_obb=exact;thirdparty:ice_obb=divergent,OBB::IsInside(const OBB&)
opcode,0x000e6480,REVIEW,?GetFreeElem@SAP_PairData@Opcode@@AAEPAVSAP_Element@2@IPAV32@PAI@Z,0,thirdparty:same;asset:absent,5+,exact,thirdparty:opcode_sap=exact,"SAP_PairData::GetFreeElem(udword, SAP_Element*, udword*)"
opcode,0x000e65d0,SHAPE,?AddPair@SAP_PairData@Opcode@@QAEXII@Z,0,thirdparty:same;asset:absent,5+,exact,thirdparty:opcode_sap=exact,"SAP_PairData::AddPair(udword, udword)"
opcode,0x000e6670,REVIEW,?RemovePair@SAP_PairData@Opcode@@QAEXII@Z,0,thirdparty:same;asset:absent,5+,exact,thirdparty:opcode_sap=exact,"SAP_PairData::RemovePair(udword, udword)"
opcode,0x000e66f0,REVIEW,?DumpPairs@SAP_PairData@Opcode@@QBEXP6AHIIPAX@Z0@Z,0,thirdparty:absent;asset:absent,0,none,,"SAP_PairData::DumpPairs(PairCallback, void*)"
opcode,0x000e6750,REVIEW,?GetPairs@SweepAndPrune@Opcode@@QBEXP6AHIIPAX@Z0@Z,0,thirdparty:same;asset:absent,5+,exact,thirdparty:opcode_sap=exact,"SweepAndPrune::GetPairs(PairCallback, void*)"
opcode,0x000e6760,REVIEW,?UpdateObject@SweepAndPrune@Opcode@@QAE_NIABVAABB@IceMaths@@@Z,66,thirdparty:same;asset:absent,5+,exact,thirdparty:opcode_sap=exact,"SweepAndPrune::UpdateObject(udword, const AABB&) [entry]"
opcode,0x000e6c10,REVIEW,?Init@SAP_PairData@Opcode@@QAE_NI@Z,0,thirdparty:absent;asset:absent,0,none,,SAP_PairData::Init(udword)
opcode,0x000e6ca0,REVIEW,?Init@SweepAndPrune@Opcode@@QAE_NIPAPBVAABB@IceMaths@@PB_N@Z,28,thirdparty:same;asset:absent,4,exact,thirdparty:opcode_sap=exact,"SweepAndPrune::Init(udword, const AABB**, const bool*) [entry]"
opcode,0x000e7180,SHAPE,??0SweepAndPrune@Opcode@@QAE@XZ,0,thirdparty:same;asset:absent,4,exact,thirdparty:opcode_sap=exact,SweepAndPrune::SweepAndPrune
opcode,0x000e71b0,REVIEW,??1SweepAndPrune@Opcode@@QAE@XZ,0,thirdparty:same;asset:absent,4,exact,thirdparty:opcode_sap=exact,SweepAndPrune::~SweepAndPrune
opcode,0x000e8fa0,SHAPE,??0MeshInterface@Opcode@@QAE@XZ,0,thirdparty:same;asset:absent,15+,exact,thirdparty:layout;thirdparty:mesh_topology=exact;thirdparty:opcode_aabbtree=exact,MeshInterface::MeshInterface
opcode,0x000e8fb0,SHAPE,?IsValid@MeshInterface@Opcode@@QBE_NXZ,0,thirdparty:same;asset:absent,5+,exact+divergent,thirdparty:opcode_model_build=exact+opcode_model_build_x87=divergent,MeshInterface::IsValid
opcode,0x000e8fd0,SHAPE,?CheckTopology@MeshInterface@Opcode@@QBEIXZ,0,thirdparty:same;asset:absent,10+,exact+divergent,thirdparty:mesh_topology=exact;thirdparty:opcode_model_build=exact+opcode_model_build_x87=divergent,MeshInterface::CheckTopology
opcode,0x000e9020,SHAPE,?SetPointers@MeshInterface@Opcode@@QAE_NPBVIndexedTriangle@IceMaths@@PBVPoint@4@@Z,0,thirdparty:same;asset:absent,15+,exact+divergent,thirdparty:mesh_topology=exact;thirdparty:opcode_model_build=exact+opcode_model_build_x87=divergent;thirdparty:opcode_aabbtree=exact,MeshInterface::SetPointers
opcode,0x000e9060,SHAPE,??0AABBTreeOfTrianglesBuilder@Opcode@@QAE@XZ,0,thirdparty:absent;asset:absent,0,none,,AABBTreeOfTrianglesBuilder::AABBTreeOfTrianglesBuilder
opcode,0x000e90a0,MATCH,??0Model@Opcode@@QAE@XZ,0,thirdparty:same;asset:absent,6+,exact+divergent,thirdparty:layout;thirdparty:opcode_model_build=exact+opcode_model_build_x87=divergent,Model::Model
opcode,0x000e90c0,SHAPE,?GetUsedBytes@Model@Opcode@@UBEIXZ,0,thirdparty:same;asset:absent,7+,exact+divergent,thirdparty:layout;thirdparty:opcode_model_build=exact+opcode_model_build_x87=divergent,Model::GetUsedBytes
opcode,0x000e90e0,DIFF,??1Model@Opcode@@UAE@XZ,0,thirdparty:same;asset:absent,1,layout,thirdparty:layout,Model::~Model
opcode,0x000e9100,DIFF,?Build@Model@Opcode@@UAE_NABUOPCODECREATE@2@@Z,0,thirdparty:same;asset:absent,5+,exact+divergent,thirdparty:opcode_model_build=exact+opcode_model_build_x87=divergent,Model::Build(const OPCODECREATE&)
opcode,0x000e9280,DIFF,??_GModel@Opcode@@UAEPAXI@Z,0,thirdparty:same;asset:absent,5+,exact,thirdparty:opcode_sap=exact,Model::~Model / `scalar deleting destructor'
opcode,0x000e92b0,SHAPE,??0OPCODECREATE@Opcode@@QAE@XZ,0,thirdparty:same;asset:absent,5+,exact+divergent,thirdparty:opcode_model_build=exact+opcode_model_build_x87=divergent,OPCODECREATE::OPCODECREATE
opcode,0x000e92f0,SHAPE,??0BaseModel@Opcode@@QAE@XZ,0,thirdparty:same;asset:same,11+,exact+divergent,thirdparty:layout;thirdparty:opcode_model_build=exact+opcode_model_build_x87=divergent;asset:asset=exact,BaseModel::BaseModel
opcode,0x000e9310,REVIEW,?CreateTree@BaseModel@Opcode@@IAE_N_N0@Z,0,thirdparty:same;asset:absent,5+,exact+divergent,thirdparty:opcode_model_build=exact+opcode_model_build_x87=divergent,"BaseModel::CreateTree(bool, bool)"
opcode,0x000e9410,MATCH,?Refit@BaseModel@Opcode@@UAE_NXZ,0,thirdparty:same;asset:same,5+,exact,thirdparty:opcode_refit=exact,BaseModel::Refit
opcode,0x000e9480,SHAPE,?Release@Model@Opcode@@AAEXXZ,0,thirdparty:absent;asset:absent,0,none,,Model::Release
opcode,0x000e9550,SHAPE,??1BaseModel@Opcode@@UAE@XZ,0,thirdparty:same;asset:same,11+,exact,thirdparty:layout;thirdparty:opcode_sap=exact;asset:asset=exact,BaseModel::~BaseModel [ReleaseBase inlined]
opcode,0x000e95a0,REVIEW,??_GBaseModel@Opcode@@UAEPAXI@Z,0,thirdparty:same;asset:same,0,none,,BaseModel::~BaseModel / `scalar deleting destructor'
opcode,0x000e9600,SHAPE,?ComputeGlobalBox@AABBTreeOfAABBsBuilder@Opcode@@UBE_NPBIIAAVAABB@IceMaths@@@Z,0,thirdparty:absent;asset:absent,0,none,,AABBTreeOfAABBsBuilder::ComputeGlobalBox
opcode,0x000e9680,SHAPE,?GetSplittingValue@AABBTreeOfAABBsBuilder@Opcode@@UBEMII@Z,3,thirdparty:absent;asset:absent,0,none,,"AABBTreeOfAABBsBuilder::GetSplittingValue(udword, udword)"
opcode,0x000e96b0,REVIEW,?ComputeGlobalBox@AABBTreeOfTrianglesBuilder@Opcode@@UBE_NPBIIAAVAABB@IceMaths@@@Z,60,thirdparty:same;asset:absent,15+,exact+divergent,thirdparty:opcode_model_build=exact+opcode_model_build_x87=divergent;thirdparty:opcode_aabbtree=exact;thirdparty:opcode_aabbtree_refit=exact,AABBTreeOfTrianglesBuilder::ComputeGlobalBox
opcode,0x000e98f0,REVIEW,?GetSplittingValue@AABBTreeOfTrianglesBuilder@Opcode@@UBEMII@Z,4,thirdparty:same;asset:absent,10+,exact+divergent,thirdparty:opcode_model_build=exact+opcode_model_build_x87=divergent;thirdparty:opcode_aabbtree=exact,"AABBTreeOfTrianglesBuilder::GetSplittingValue(udword, udword)"
opcode,0x000e9940,REVIEW,?GetSplittingValue@AABBTreeOfTrianglesBuilder@Opcode@@UBEMPBIIABVAABB@IceMaths@@I@Z,22,thirdparty:same;asset:absent,10+,exact+divergent,thirdparty:opcode_model_build=exact+opcode_model_build_x87=divergent;thirdparty:opcode_aabbtree=exact,"AABBTreeOfTrianglesBuilder::GetSplittingValue(const udword*, udword, const AABB&, udword)"
opcode,0x000e9b80,MATCH,??0AABBCollider@Opcode@@QAE@XZ,0,thirdparty:same;asset:absent,10+,exact,thirdparty:opcode_aabb=exact;thirdparty:opcode_aabb_vanilla=exact,AABBCollider::AABBCollider
opcode,0x000e9ba0,MATCH,??1AABBCollider@Opcode@@UAE@XZ,0,thirdparty:absent;asset:absent,0,none,,AABBCollider::~AABBCollider
opcode,0x000e9bb0,REVIEW,?InitQuery@AABBCollider@Opcode@@IAEHAAUAABBCache@2@ABVCollisionAABB@2@@Z,1019,thirdparty:same;asset:absent,10+,exact,thirdparty:opcode_aabb=exact;thirdparty:opcode_aabb_vanilla=exact,"AABBCollider::InitQuery(AABBCache&, const CollisionAABB&)"
opcode,0x000eaea0,REVIEW,?_Collide@AABBCollider@Opcode@@IAEXPBVAABBCollisionNode@2@@Z,520,thirdparty:same;asset:absent,5+,exact,thirdparty:opcode_aabb=exact,AABBCollider::_Collide(const AABBCollisionNode*)
opcode,0x000eb830,REVIEW,?_CollideNoPrimitiveTest@AABBCollider@Opcode@@IAEXPBVAABBCollisionNode@2@@Z,42,thirdparty:same;asset:absent,5+,exact,thirdparty:opcode_aabb=exact,AABBCollider::_CollideNoPrimitiveTest(const AABBCollisionNode*)
opcode,0x000eb990,REVIEW,?_Collide@AABBCollider@Opcode@@IAEXPBVAABBQuantizedNode@2@@Z,538,thirdparty:same;asset:absent,5+,exact,thirdparty:opcode_aabb=exact,AABBCollider::_Collide(const AABBQuantizedNode*)
opcode,0x000ec3a0,REVIEW,?_CollideNoPrimitiveTest@AABBCollider@Opcode@@IAEXPBVAABBQuantizedNode@2@@Z,60,thirdparty:same;asset:absent,5+,exact,thirdparty:opcode_aabb=exact,AABBCollider::_CollideNoPrimitiveTest(const AABBQuantizedNode*)
opcode,0x000ec580,REVIEW,?_Collide@AABBCollider@Opcode@@IAEXPBVAABBNoLeafNode@2@@Z,980,thirdparty:same;asset:absent,5+,exact,thirdparty:opcode_aabb=exact,AABBCollider::_Collide(const AABBNoLeafNode*)
opcode,0x000ed7d0,REVIEW,?_CollideNoPrimitiveTest@AABBCollider@Opcode@@IAEXPBVAABBNoLeafNode@2@@Z,42,thirdparty:same;asset:absent,5+,exact,thirdparty:opcode_aabb=exact,AABBCollider::_CollideNoPrimitiveTest(const AABBNoLeafNode*)
opcode,0x000ed960,REVIEW,?_Collide@AABBCollider@Opcode@@IAEXPBVAABBQuantizedNoLeafNode@2@@Z,998,thirdparty:same;asset:absent,5+,exact,thirdparty:opcode_aabb=exact,AABBCollider::_Collide(const AABBQuantizedNoLeafNode*)
opcode,0x000eec70,REVIEW,?_CollideNoPrimitiveTest@AABBCollider@Opcode@@IAEXPBVAABBQuantizedNoLeafNode@2@@Z,60,thirdparty:same;asset:absent,5+,exact,thirdparty:opcode_aabb=exact,AABBCollider::_CollideNoPrimitiveTest(const AABBQuantizedNoLeafNode*)
opcode,0x000eee80,REVIEW,?_Collide@AABBCollider@Opcode@@IAEXPBVAABBTreeNode@2@@Z,72,thirdparty:same;asset:absent,5+,exact,thirdparty:opcode_aabb_vanilla=exact,AABBCollider::_Collide(const AABBTreeNode*)
opcode,0x000ef0a0,SHAPE,??_GAABBCollider@Opcode@@UAEPAXI@Z,0,thirdparty:same;asset:absent,10+,exact,thirdparty:opcode_aabb=exact;thirdparty:opcode_aabb_vanilla=exact,AABBCollider::`scalar deleting destructor'
opcode,0x000ef0d0,REVIEW,?Collide@AABBCollider@Opcode@@QAE_NAAUAABBCache@2@ABVCollisionAABB@2@ABVModel@2@@Z,0,thirdparty:same;asset:absent,5+,exact,thirdparty:opcode_aabb=exact,"AABBCollider::Collide(AABBCache&, const CollisionAABB&, const Model&)"
opcode,0x000ef230,SHAPE,?Collide@AABBCollider@Opcode@@QAE_NAAUAABBCache@2@ABVCollisionAABB@2@PBVAABBTree@2@@Z,0,thirdparty:same;asset:absent,5+,exact,thirdparty:opcode_aabb_vanilla=exact,"AABBCollider::Collide(AABBCache&, const CollisionAABB&, const AABBTree*)"
opcode,0x000f0510,SHAPE,??0Collider@Opcode@@QAE@XZ,0,thirdparty:same;asset:absent,50+,exact+divergent,thirdparty:opcode_ray=exact+opcode_ray_x87=divergent+opcode_ray_boundary=divergent;thirdparty:opcode_sphere=exact;thirdparty:opcode_obb=exact;thirdparty:opcode_aabb=exact;thirdparty:opcode_lss=exact;thirdparty:opcode_planes=exact;thirdparty:opcode_treecollider=exact+opcode_treecollider_boundary=divergent;thirdparty:opcode_ray_vanilla=exact;thirdparty:opcode_sphere_vanilla=exact;thirdparty:opcode_aabb_vanilla=exact,Collider::Collider
opcode,0x000f0530,MATCH,??1Collider@Opcode@@UAE@XZ,0,thirdparty:same;asset:absent,50+,exact+divergent,thirdparty:opcode_ray=exact+opcode_ray_x87=divergent+opcode_ray_boundary=divergent;thirdparty:opcode_sphere=exact;thirdparty:opcode_obb=exact;thirdparty:opcode_aabb=exact;thirdparty:opcode_lss=exact;thirdparty:opcode_planes=exact;thirdparty:opcode_treecollider=exact+opcode_treecollider_boundary=divergent;thirdparty:opcode_ray_vanilla=exact;thirdparty:opcode_sphere_vanilla=exact;thirdparty:opcode_aabb_vanilla=exact,Collider::~Collider
opcode,0x000f0540,SHAPE,??_GCollider@Opcode@@UAEPAXI@Z,0,thirdparty:same;asset:absent,0,none,,Collider::`scalar deleting destructor'
opcode,0x000f0560,SHAPE,?SquareDistance@Segment@IceMaths@@QBEMABVPoint@2@PAM@Z,76,thirdparty:same;asset:absent,15+,exact,thirdparty:segment_sqrdist.grid=exact;thirdparty:segment_sqrdist.wide=exact;thirdparty:opcode_lss=exact,"Segment::SquareDistance(const Point&, float*) const"
opcode,0x000f0660,SHAPE,??0VolumeCollider@Opcode@@QAE@XZ,0,thirdparty:same;asset:absent,35+,exact,thirdparty:opcode_sphere=exact;thirdparty:opcode_obb=exact;thirdparty:opcode_aabb=exact;thirdparty:opcode_lss=exact;thirdparty:opcode_planes=exact;thirdparty:opcode_sphere_vanilla=exact;thirdparty:opcode_aabb_vanilla=exact,VolumeCollider::VolumeCollider
opcode,0x000f0680,MATCH,??1VolumeCollider@Opcode@@UAE@XZ,0,thirdparty:same;asset:absent,35+,exact,thirdparty:opcode_sphere=exact;thirdparty:opcode_obb=exact;thirdparty:opcode_aabb=exact;thirdparty:opcode_lss=exact;thirdparty:opcode_planes=exact;thirdparty:opcode_sphere_vanilla=exact;thirdparty:opcode_aabb_vanilla=exact,VolumeCollider::~VolumeCollider
opcode,0x000f06a0,REVIEW,?_Dump@VolumeCollider@Opcode@@IAEXPBVAABBNoLeafNode@2@@Z,0,thirdparty:same;asset:absent,20+,exact,thirdparty:opcode_sphere=exact;thirdparty:opcode_obb=exact;thirdparty:opcode_aabb=exact;thirdparty:opcode_planes=exact,VolumeCollider::_Dump(const AABBNoLeafNode*) [IMPLEMENT_NOLEAFDUMP]
opcode,0x000f0730,REVIEW,?_Dump@VolumeCollider@Opcode@@IAEXPBVAABBQuantizedNoLeafNode@2@@Z,0,thirdparty:same;asset:absent,20+,exact,thirdparty:opcode_sphere=exact;thirdparty:opcode_obb=exact;thirdparty:opcode_aabb=exact;thirdparty:opcode_planes=exact,VolumeCollider::_Dump(const AABBQuantizedNoLeafNode*)
opcode,0x000f07c0,SHAPE,?_Dump@VolumeCollider@Opcode@@IAEXPBVAABBCollisionNode@2@@Z,0,thirdparty:same;asset:absent,20+,exact,thirdparty:opcode_sphere=exact;thirdparty:opcode_obb=exact;thirdparty:opcode_aabb=exact;thirdparty:opcode_planes=exact,VolumeCollider::_Dump(const AABBCollisionNode*) [IMPLEMENT_LEAFDUMP]
opcode,0x000f0820,SHAPE,?_Dump@VolumeCollider@Opcode@@IAEXPBVAABBQuantizedNode@2@@Z,0,thirdparty:same;asset:absent,20+,exact,thirdparty:opcode_sphere=exact;thirdparty:opcode_obb=exact;thirdparty:opcode_aabb=exact;thirdparty:opcode_planes=exact,VolumeCollider::_Dump(const AABBQuantizedNode*)
opcode,0x000f0880,SHAPE,??0AABBTreeNode@Opcode@@QAE@XZ,0,thirdparty:same;asset:absent,15+,exact+divergent,thirdparty:layout;thirdparty:opcode_model_build=exact+opcode_model_build_x87=divergent;thirdparty:opcode_aabbtree=exact,AABBTreeNode::AABBTreeNode
opcode,0x000f0890,DIFF,??_EAABBTreeNode@Opcode@@QAEPAXI@Z,0,thirdparty:absent;asset:absent,0,none,,AABBTreeNode::`vector deleting destructor' [~AABBTreeNode inlined]
opcode,0x000f0930,SHAPE,?Split@AABBTreeNode@Opcode@@IAEIIPAVAABBTreeBuilder@2@@Z,3,thirdparty:same;asset:absent,15+,exact+divergent,thirdparty:layout;thirdparty:opcode_model_build=exact+opcode_model_build_x87=divergent;thirdparty:opcode_aabbtree=exact,"AABBTreeNode::Split(udword, AABBTreeBuilder*)"
opcode,0x000f09b0,REVIEW,?Subdivide@AABBTreeNode@Opcode@@IAE_NPAVAABBTreeBuilder@2@@Z,134,thirdparty:same;asset:absent,15+,exact+divergent,thirdparty:layout;thirdparty:opcode_model_build=exact+opcode_model_build_x87=divergent;thirdparty:opcode_aabbtree=exact,AABBTreeNode::Subdivide(AABBTreeBuilder*)
opcode,0x000f0ea0,REVIEW,?_BuildHierarchy@AABBTreeNode@Opcode@@IAEXPAVAABBTreeBuilder@2@@Z,26,thirdparty:same;asset:absent,15+,exact+divergent,thirdparty:layout;thirdparty:opcode_model_build=exact+opcode_model_build_x87=divergent;thirdparty:opcode_aabbtree=exact,AABBTreeNode::_BuildHierarchy(AABBTreeBuilder*)
opcode,0x000f1060,SHAPE,??0AABBTree@Opcode@@QAE@XZ,0,thirdparty:same;asset:absent,13+,exact+divergent,thirdparty:layout;thirdparty:opcode_model_build=exact+opcode_model_build_x87=divergent;thirdparty:opcode_aabbtree=exact,AABBTree::AABBTree
opcode,0x000f1080,DIFF,?Release@AABBTree@Opcode@@QAEXXZ,0,thirdparty:same;asset:same,23+,exact+divergent,thirdparty:layout;thirdparty:opcode_model_build=exact+opcode_model_build_x87=divergent;thirdparty:opcode_aabbtree=exact;thirdparty:opcode_refit=exact;thirdparty:opcode_sap=exact,AABBTree::Release
opcode,0x000f10c0,REVIEW,?Build@AABBTree@Opcode@@QAE_NPAVAABBTreeBuilder@2@@Z,0,thirdparty:same;asset:absent,13+,exact+divergent,thirdparty:layout;thirdparty:opcode_model_build=exact+opcode_model_build_x87=divergent;thirdparty:opcode_aabbtree=exact,AABBTree::Build(AABBTreeBuilder*)
opcode,0x000f11b0,REVIEW,?Refit2@AABBTree@Opcode@@QAE_NPAVAABBTreeBuilder@2@@Z,18,thirdparty:same;asset:absent,2,exact,thirdparty:opcode_aabbtree_refit=exact,AABBTree::Refit2(AABBTreeBuilder*)
opcode,0x000f1500,DIFF,??1AABBTree@Opcode@@QAE@XZ,0,thirdparty:same;asset:same,16+,exact+divergent,thirdparty:layout;thirdparty:opcode_model_build=exact+opcode_model_build_x87=divergent;thirdparty:opcode_refit=exact;thirdparty:opcode_sap=exact,AABBTree::~AABBTree
opcode,0x000f21a0,REVIEW,??_GAABBOptimizedTree@Opcode@@UAEPAXI@Z,0,thirdparty:same;asset:absent,0,none,,AABBOptimizedTree::`scalar deleting destructor'
opcode,0x000f21d0,REVIEW,?_BuildCollisionTree@@YAXPAVAABBCollisionNode@Opcode@@IAAIPBVAABBTreeNode@2@@Z,30,thirdparty:same;asset:absent,5+,exact+divergent,thirdparty:opcode_model_build=exact+opcode_model_build_x87=divergent,_BuildCollisionTree (file-static)
opcode,0x000f22f0,REVIEW,?_BuildNoLeafTree@@YAXPAVAABBNoLeafNode@Opcode@@IAAIPBVAABBTreeNode@2@@Z,30,thirdparty:same;asset:absent,5+,exact+divergent,thirdparty:opcode_model_build=exact+opcode_model_build_x87=divergent,_BuildNoLeafTree (file-static)
opcode,0x000f2450,SHAPE,??0AABBCollisionTree@Opcode@@QAE@XZ,0,thirdparty:same;asset:absent,6+,exact+divergent,thirdparty:layout;thirdparty:opcode_model_build=exact+opcode_model_build_x87=divergent,AABBCollisionTree::AABBCollisionTree
opcode,0x000f2470,REVIEW,?GetUsedBytes@AABBCollisionTree@Opcode@@UBEIXZ,0,thirdparty:same (exe copy from PhysicsThirdPartyTests.obj);asset:absent,8+,exact+divergent,thirdparty:layout;thirdparty:opcode_model_build=exact+opcode_model_build_x87=divergent,AABBCollisionTree::GetUsedBytes [IMPLEMENT_COLLISION_TREE]
opcode,0x000f2480,REVIEW,?Build@AABBCollisionTree@Opcode@@UAE_NPAVAABBTree@2@@Z,0,thirdparty:same;asset:absent,5+,exact+divergent,thirdparty:opcode_model_build=exact+opcode_model_build_x87=divergent,AABBCollisionTree::Build
opcode,0x000f2530,SHAPE,?_Walk@Local@?1??Walk@AABBCollisionTree@Opcode@@UBE_NP6A_NPBXPAX@Z1@Z@SAXPBVAABBCollisionNode@4@21@Z,0,thirdparty:same;asset:absent,0,none,,AABBCollisionTree::Walk::Local::_Walk
opcode,0x000f2690,SHAPE,??0AABBNoLeafTree@Opcode@@QAE@XZ,0,thirdparty:same;asset:absent,5+,exact+divergent,thirdparty:opcode_model_build=exact+opcode_model_build_x87=divergent,AABBNoLeafTree::AABBNoLeafTree
opcode,0x000f26b0,MATCH,?GetUsedBytes@AABBNoLeafTree@Opcode@@UBEIXZ,0,thirdparty:same;asset:absent,5+,exact+divergent,thirdparty:opcode_model_build=exact+opcode_model_build_x87=divergent,AABBNoLeafTree::GetUsedBytes [IMPLEMENT_COLLISION_TREE]
opcode,0x000f26c0,REVIEW,?Build@AABBNoLeafTree@Opcode@@UAE_NPAVAABBTree@2@@Z,0,thirdparty:same;asset:absent,5+,exact+divergent,thirdparty:opcode_model_build=exact+opcode_model_build_x87=divergent,AABBNoLeafTree::Build
opcode,0x000f2770,REVIEW,?Refit@AABBNoLeafTree@Opcode@@UAE_NPBVMeshInterface@2@@Z,210,thirdparty:same;asset:absent,5+,exact,thirdparty:opcode_refit=exact,AABBNoLeafTree::Refit
opcode,0x000f2e60,SHAPE,?_Walk@Local@?1??Walk@AABBNoLeafTree@Opcode@@UBE_NP6A_NPBXPAX@Z1@Z@SAXPBVAABBNoLeafNode@4@21@Z,0,thirdparty:same;asset:absent,0,none,,AABBNoLeafTree::Walk::Local::_Walk
opcode,0x000f2fe0,SHAPE,??0AABBQuantizedTree@Opcode@@QAE@XZ,0,thirdparty:same;asset:absent,5+,exact+divergent,thirdparty:opcode_model_build=exact+opcode_model_build_x87=divergent,AABBQuantizedTree::AABBQuantizedTree
opcode,0x000f3000,MATCH,?GetUsedBytes@AABBQuantizedTree@Opcode@@UBEIXZ,0,thirdparty:same;asset:absent,5+,exact+divergent,thirdparty:opcode_model_build=exact+opcode_model_build_x87=divergent,AABBQuantizedTree::GetUsedBytes [IMPLEMENT_COLLISION_TREE]
opcode,0x000f3010,REVIEW,?Build@AABBQuantizedTree@Opcode@@UAE_NPAVAABBTree@2@@Z,177,thirdparty:same;asset:absent,5+,exact+divergent,thirdparty:opcode_model_build=exact+opcode_model_build_x87=divergent,AABBQuantizedTree::Build
opcode,0x000f35e0,SHAPE,?_Walk@Local@?1??Walk@AABBQuantizedTree@Opcode@@UBE_NP6A_NPBXPAX@Z1@Z@SAXPBVAABBQuantizedNode@4@21@Z,0,thirdparty:same;asset:absent,0,none,,AABBQuantizedTree::Walk::Local::_Walk
opcode,0x000f36b0,SHAPE,??0AABBQuantizedNoLeafTree@Opcode@@QAE@XZ,0,thirdparty:same;asset:absent,5+,exact+divergent,thirdparty:opcode_model_build=exact+opcode_model_build_x87=divergent,AABBQuantizedNoLeafTree::AABBQuantizedNoLeafTree
opcode,0x000f36d0,MATCH,?GetUsedBytes@AABBQuantizedNoLeafTree@Opcode@@UBEIXZ,0,thirdparty:same;asset:absent,5+,exact+divergent,thirdparty:opcode_model_build=exact+opcode_model_build_x87=divergent,AABBQuantizedNoLeafTree::GetUsedBytes [IMPLEMENT_COLLISION_TREE]
opcode,0x000f36e0,REVIEW,?Build@AABBQuantizedNoLeafTree@Opcode@@UAE_NPAVAABBTree@2@@Z,177,thirdparty:same;asset:absent,5+,exact+divergent,thirdparty:opcode_model_build=exact+opcode_model_build_x87=divergent,AABBQuantizedNoLeafTree::Build
opcode,0x000f3cd0,MATCH,?Refit@AABBCollisionTree@Opcode@@UAE_NPBVMeshInterface@2@@Z,0,thirdparty:same;asset:absent,5+,exact,thirdparty:opcode_refit=exact,AABBCollisionTree::Refit  [ICF-folded with AABBQuantizedTree::Refit :636 and AABBQuantizedNoLeafTree::Refit :752]
opcode,0x000f3ce0,SHAPE,?_Walk@Local@?1??Walk@AABBQuantizedNoLeafTree@Opcode@@UBE_NP6A_NPBXPAX@Z1@Z@SAXPBVAABBQuantizedNoLeafNode@4@21@Z,0,thirdparty:same;asset:absent,0,none,,AABBQuantizedNoLeafTree::Walk::Local::_Walk
opcode,0x000f3ef0,REVIEW,?Walk@AABBCollisionTree@Opcode@@UBE_NP6A_NPBXPAX@Z1@Z,0,thirdparty:same;asset:absent,0,none,,AABBCollisionTree::Walk
opcode,0x000f3f20,SHAPE,?Walk@AABBNoLeafTree@Opcode@@UBE_NP6A_NPBXPAX@Z1@Z,0,thirdparty:same;asset:absent,0,none,,AABBNoLeafTree::Walk
opcode,0x000f3f50,REVIEW,?Walk@AABBQuantizedTree@Opcode@@UBE_NP6A_NPBXPAX@Z1@Z,0,thirdparty:same;asset:absent,0,none,,AABBQuantizedTree::Walk
opcode,0x000f3f80,SHAPE,?Walk@AABBQuantizedNoLeafTree@Opcode@@UBE_NP6A_NPBXPAX@Z1@Z,0,thirdparty:same;asset:absent,0,none,,AABBQuantizedNoLeafTree::Walk
opcode,0x000f3fb0,REVIEW,??_GAABBCollisionTree@Opcode@@UAEPAXI@Z,0,thirdparty:same;asset:absent,5+,exact,thirdparty:opcode_sap=exact,AABBCollisionTree::`scalar deleting destructor'
opcode,0x000f4000,REVIEW,??_GAABBNoLeafTree@Opcode@@UAEPAXI@Z,0,thirdparty:same;asset:absent,5+,exact,thirdparty:opcode_sap=exact,AABBNoLeafTree::`scalar deleting destructor'
opcode,0x000f4050,REVIEW,??_GAABBQuantizedTree@Opcode@@UAEPAXI@Z,0,thirdparty:same;asset:absent,5+,exact,thirdparty:opcode_sap=exact,AABBQuantizedTree::`scalar deleting destructor'
opcode,0x000f40a0,REVIEW,??_GAABBQuantizedNoLeafTree@Opcode@@UAEPAXI@Z,0,thirdparty:same;asset:absent,5+,exact,thirdparty:opcode_sap=exact,AABBQuantizedNoLeafTree::`scalar deleting destructor'
