v -0.690142 -0.048000 -1.589576
v -0.712871 -0.032848 -1.602698
v -0.686626 -0.032848 -1.587546
v -0.699748 -0.059092 -1.595121
v -0.712871 -0.063153 -1.602698
v -0.725993 -0.059092 -1.610274
v -0.735600 -0.048000 -1.615820
v -0.739116 -0.032848 -1.617851
v -0.735600 -0.017695 -1.615820
v -0.725993 -0.006603 -1.610274
v -0.712871 -0.002542 -1.602698
v -0.699748 -0.006603 -1.595121
v -0.690142 -0.017695 -1.589576
v 2.307411 0.581741 0.367570
v 2.340000 0.385422 0.386385
v 1.998581 0.287263 0.098284
v 1.755013 0.434502 -0.142425
v 2.416136 0.360882 0.430342
v 2.030459 0.005053 0.116689
v 2.236276 0.041863 0.326500
v -0.660667 1.035730 -1.136269
v -0.746543 0.434502 -1.576487
v -1.688686 0.422232 -2.030541
v -0.383152 1.109351 -0.905279
v -0.438287 0.434502 -1.398746
v 0.318927 1.133891 -0.501680
v 0.518345 0.434502 -0.847086
v 1.021631 0.716711 -0.320024
v 1.125035 0.434502 -0.499127
v 1.664522 0.649227 0.023773
v -0.468398 0.262723 -1.346591
v 0.493802 0.256588 -0.804576
v -0.418292 -0.068567 -1.261597
v 0.463882 -0.068567 -0.752751
v 1.105340 0.250452 -0.465014
v 1.069776 -0.068567 -0.403415
v 1.250831 -0.068567 -0.299832
v 1.393316 0.238182 -0.325765
v -1.603677 0.679902 -1.981462
v -1.066164 0.201372 -1.734545
v -1.699312 0.213643 -2.036677
v -1.094522 -0.019487 -1.759048
v -1.635555 0.115483 -1.999867
v 1.903159 0.041863 1.097923
v 2.236276 0.041863 0.326500
v 2.416136 0.360882 0.430342
v 2.105056 0.360882 1.214487
v 1.581511 0.360882 1.875968
v 1.401651 0.041863 1.772127
v 2.340000 0.385422 0.386385
v 2.041299 0.385422 1.177677
v 2.307411 0.581741 0.367570
v 2.020046 0.581741 1.165408
v 2.020046 0.581741 1.165408
v 1.472786 0.581741 1.813196
v 2.041299 0.385422 1.177677
v 1.505375 0.385422 1.832012
v 1.505375 0.385422 1.832012
v 1.472786 0.581741 1.813196
v 1.085160 0.287263 1.680387
v 0.754917 0.434502 1.589809
v 1.581511 0.360882 1.875968
v 1.117039 0.005053 1.698793
v 1.401651 0.041863 1.772127
v -1.737807 0.434502 0.140448
v -1.313630 1.035730 -0.005293
v -2.602107 0.422232 -0.448438
v -0.974829 1.109350 0.119545
v -1.429748 0.434502 0.318533
v -0.274259 1.133891 0.525757
v -0.473677 0.434502 0.871162
v 0.234415 0.716711 1.043486
v 0.131012 0.434502 1.222589
v 0.853601 0.649226 1.428341
v -2.517097 0.679902 -0.399358
v -2.612733 0.213642 -0.454572
v -2.034502 0.201372 -0.057322
v -2.069900 -0.019487 -0.069628
v -2.548976 0.115483 -0.417763
v -1.399637 0.262722 0.266377
v -0.449134 0.256588 0.828651
v -1.300977 -0.068567 0.267273
v -0.419214 -0.068567 0.776829
v 0.150707 0.250452 1.188474
v 0.186270 -0.068567 1.126875
v 0.366505 -0.068567 1.231880
v 0.415289 0.238182 1.368243
v -0.606182 -0.032848 -1.181535
v -0.868567 -0.032848 -1.333022
v -0.641335 -0.184336 -1.201831
v -0.737375 -0.295233 -1.257277
v -0.868567 -0.335824 -1.333022
v -0.999760 -0.295232 -1.408766
v -1.095800 -0.184336 -1.464213
v -1.130953 -0.032848 -1.484509
v -1.095800 0.118640 -1.464213
v -0.999760 0.229537 -1.408766
v -0.868567 0.270128 -1.333022
v -0.737375 0.229537 -1.257277
v -0.641335 0.118640 -1.201831
v -0.987148 1.035731 -0.570781
v -1.313630 1.035730 -0.005293
v -0.678990 1.109351 -0.392867
v -0.660667 1.035730 -1.136269
v -0.383152 1.109351 -0.905279
v 0.022334 1.133891 0.012038
v 0.318927 1.133891 -0.501680
v -0.974829 1.109350 0.119544
v -0.274259 1.133891 0.525757
v -1.603677 0.679902 -1.981462
v -2.060387 0.679902 -1.190410
v -2.517097 0.679902 -0.399358
v 0.628023 0.716712 0.361730
v 1.021631 0.716711 -0.320024
v 0.318927 1.133891 -0.501680
v 0.022334 1.133891 0.012038
v -0.274259 1.133891 0.525757
v 0.234415 0.716711 1.043485
v 1.324035 0.649226 0.763569
v 1.664522 0.649227 0.023773
v 2.020046 0.581741 1.165408
v 2.307411 0.581741 0.367570
v 0.853601 0.649226 1.428341
v 1.472786 0.581741 1.813196
v -2.156022 0.213642 -1.245625
v -1.699312 0.213643 -2.036677
v -1.635555 0.115483 -1.999867
v -2.092266 0.115483 -1.208816
v -2.548976 0.115483 -0.417763
v -2.612733 0.213642 -0.454572
v -1.603677 0.679902 -1.981462
v -1.688686 0.422232 -2.030541
v -2.145396 0.422232 -1.239490
v -2.060387 0.679902 -1.190410
v -2.517097 0.679902 -0.399358
v -2.602107 0.422232 -0.448438
v 1.573749 0.005053 0.907740
v 2.030459 0.005053 0.116689
v 2.236276 0.041863 0.326500
v 1.903159 0.041863 1.097923
v 1.401651 0.041863 1.772127
v 1.117039 0.005053 1.698793
v 1.541871 0.287263 0.889335
v 1.998581 0.287263 0.098284
v 1.085160 0.287263 1.680387
v 1.254965 0.434502 0.723692
v 1.755013 0.434502 -0.142425
v 0.754917 0.434502 1.589809
v 0.904303 0.238182 0.521238
v 1.393316 0.238182 -0.325765
v 0.415289 0.238182 1.368243
v 0.808668 -0.068567 0.466024
v 1.250831 -0.068567 -0.299832
v 0.366505 -0.068567 1.231880
v 0.628023 -0.068567 0.361730
v 1.069776 -0.068567 -0.403415
v 0.186270 -0.068567 1.126875
v 0.022334 -0.068567 0.012038
v 0.463882 -0.068567 -0.752751
v -0.859635 -0.068567 -0.497162
v -0.418292 -0.068567 -1.261597
v -0.419214 -0.068567 0.776829
v -1.300977 -0.068567 0.267273
v -0.934018 0.262722 -0.540106
v -0.468398 0.262723 -1.346591
v -1.399637 0.262722 0.266377
v -1.242175 0.434502 -0.718019
v -0.746543 0.434502 -1.576487
v -1.737807 0.434502 0.140448
v -1.550333 0.201372 -0.895933
v -1.066164 0.201372 -1.734545
v -2.034502 0.201372 -0.057322
v -1.582211 -0.019487 -0.914338
v -1.094522 -0.019487 -1.759048
v -2.069900 -0.019487 -0.069628
v -2.092266 0.115483 -1.208816
v -1.635555 0.115483 -1.999867
v -2.548976 0.115483 -0.417763
v 1.761923 -0.048000 -0.173888
v 1.739195 -0.032848 -0.187011
v 1.765439 -0.032848 -0.171858
v 1.752317 -0.059092 -0.179434
v 1.739195 -0.063153 -0.187011
v 1.726072 -0.059092 -0.194587
v 1.716466 -0.048000 -0.200133
v 1.712949 -0.032848 -0.202164
v 1.716466 -0.017695 -0.200133
v 1.726072 -0.006603 -0.194587
v 1.739195 -0.002542 -0.187011
v 1.752317 -0.006603 -0.179434
v 1.761923 -0.017695 -0.173888
v 1.845883 -0.032848 0.234153
v 1.583498 -0.032848 0.082665
v 1.810730 -0.184336 0.213857
v 1.714691 -0.295233 0.158409
v 1.583498 -0.335824 0.082666
v 1.452305 -0.295232 0.006922
v 1.356265 -0.184336 -0.048525
v 1.321112 -0.032848 -0.068821
v 1.356265 0.118640 -0.048525
v 1.452305 0.229537 0.006922
v 1.583498 0.270128 0.082666
v 1.714690 0.229537 0.158409
v 1.810730 0.118640 0.213858
v 0.707903 -0.032848 1.599254
v 0.730632 -0.048000 1.612376
v 0.734148 -0.032848 1.614407
v 0.721025 -0.059093 1.606831
v 0.707903 -0.063153 1.599254
v 0.694780 -0.059093 1.591678
v 0.685174 -0.048000 1.586132
v 0.681658 -0.032848 1.584103
v 0.685174 -0.017695 1.586132
v 0.694780 -0.006603 1.591678
v 0.707903 -0.002543 1.599254
v 0.721025 -0.006603 1.606831
v 0.730632 -0.017695 1.612376
v -1.744162 -0.032848 0.183567
v -1.721433 -0.048000 0.196689
v -1.717917 -0.032848 0.198719
v -1.731040 -0.059093 0.191143
v -1.744162 -0.063153 0.183567
v -1.757285 -0.059093 0.175990
v -1.766891 -0.048000 0.170444
v -1.770407 -0.032848 0.168414
v -1.766891 -0.017695 0.170444
v -1.757285 -0.006603 0.175990
v -1.744162 -0.002543 0.183567
v -1.731040 -0.006603 0.191143
v -1.721433 -0.017695 0.196689
v -1.588466 -0.032848 -0.086111
v -1.326080 -0.032848 0.065377
v -1.361233 -0.184336 0.045081
v -1.457273 -0.295233 -0.010366
v -1.588466 -0.335824 -0.086111
v -1.719659 -0.295233 -0.161854
v -1.815699 -0.184336 -0.217301
v -1.850852 -0.032848 -0.237597
v -1.815699 0.118640 -0.217301
v -1.719659 0.229537 -0.161854
v -1.588466 0.270128 -0.086111
v -1.457273 0.229537 -0.010366
v -1.361233 0.118640 0.045081
v 0.863599 -0.032848 1.329577
v 1.125985 -0.032848 1.481064
v 1.090832 -0.184336 1.460769
v 0.994792 -0.295233 1.405321
v 0.863599 -0.335824 1.329577
v 0.732407 -0.295233 1.253834
v 0.636367 -0.184336 1.198386
v 0.601214 -0.032848 1.178090
v 0.636367 0.118640 1.198386
v 0.732407 0.229537 1.253834
v 0.863599 0.270128 1.329577
v 0.994792 0.229537 1.405321
v 1.090832 0.118640 1.460769
v -0.578781 -0.216395 -1.199121
v -0.429424 -0.032848 -1.359454
v -0.536189 -0.032848 -1.174531
v -0.472016 -0.216395 -1.384045
v -0.472016 0.150699 -1.384045
v -0.578781 0.150699 -1.199121
v -0.588381 0.285065 -1.451227
v -0.695145 0.285065 -1.266303
v -1.013059 -0.350760 -1.449850
v -0.747066 -0.399942 -1.543469
v -0.854102 -0.399942 -1.358077
v -0.906294 -0.350760 -1.634772
v -1.129423 -0.216395 -1.517032
v -1.022658 -0.216395 -1.701955
v -1.172016 -0.032848 -1.541621
v -1.065251 -0.032848 -1.726545
v -1.129423 0.150699 -1.517032
v -1.022659 0.150700 -1.701955
v -1.013059 0.285065 -1.449849
v -0.906294 0.285065 -1.634772
v -0.854102 0.334246 -1.358076
v -0.747337 0.334246 -1.543000
v -0.695145 -0.350760 -1.266303
v -0.588381 -0.350760 -1.451227
v -0.854102 -0.399942 -1.358077
v -0.747066 -0.399942 -1.543469
v 1.873284 -0.216395 0.216567
v 2.022641 -0.032848 0.056234
v 1.915877 -0.032848 0.241157
v 1.980049 -0.216395 0.031643
v 1.980049 0.150699 0.031643
v 1.873284 0.150699 0.216567
v 1.863684 0.285065 -0.035540
v 1.756920 0.285065 0.149385
v 1.439006 -0.350760 -0.034162
v 1.704999 -0.399942 -0.127783
v 1.597963 -0.399942 0.057611
v 1.545771 -0.350760 -0.219085
v 1.322642 -0.216395 -0.101344
v 1.429407 -0.216395 -0.286267
v 1.280049 -0.032848 -0.125934
v 1.386814 -0.032848 -0.310858
v 1.322642 0.150699 -0.101343
v 1.429407 0.150700 -0.286267
v 1.439006 0.285065 -0.034162
v 1.545771 0.285065 -0.219085
v 1.597963 0.334246 0.057611
v 1.704728 0.334246 -0.127313
v 1.756920 -0.350760 0.149385
v 1.863684 -0.350760 -0.035540
v 1.597963 -0.399942 0.057611
v 1.704999 -0.399942 -0.127783
v -1.391782 -0.032848 0.307414
v -1.327610 -0.216395 0.097900
v -1.285017 -0.032848 0.122490
v -1.434374 -0.216395 0.282823
v -1.434374 0.150699 0.282823
v -1.327610 0.150699 0.097899
v -1.550739 0.285065 0.215641
v -1.443974 0.285065 0.030718
v -1.709967 -0.399942 0.124338
v -1.761888 -0.350761 -0.152829
v -1.602931 -0.399942 -0.061056
v -1.868652 -0.350761 0.032095
v -1.878252 -0.216395 -0.220011
v -1.985017 -0.216395 -0.035087
v -1.920844 -0.032848 -0.244602
v -2.027609 -0.032848 -0.059678
v -1.878252 0.150699 -0.220011
v -1.985017 0.150699 -0.035087
v -1.761888 0.285065 -0.152829
v -1.868652 0.285065 0.032095
v -1.602931 0.334246 -0.061056
v -1.709695 0.334246 0.123868
v -1.443974 -0.350761 0.030718
v -1.550739 -0.350761 0.215641
v -1.602931 -0.399942 -0.061056
v -1.709967 -0.399942 0.124338
v 1.060283 -0.032848 1.723102
v 1.124456 -0.216395 1.513587
v 1.167048 -0.032848 1.538177
v 1.017691 -0.216395 1.698511
v 1.017691 0.150699 1.698511
v 1.124456 0.150699 1.513587
v 0.901327 0.285065 1.631329
v 1.008091 0.285065 1.446404
v 0.742098 -0.399942 1.540025
v 0.690178 -0.350761 1.262858
v 0.849134 -0.399942 1.354632
v 0.583413 -0.350761 1.447783
v 0.573813 -0.216395 1.195676
v 0.467048 -0.216395 1.380600
v 0.531221 -0.032848 1.171085
v 0.424456 -0.032848 1.356009
v 0.573813 0.150699 1.195676
v 0.467048 0.150699 1.380600
v 0.690178 0.285065 1.262858
v 0.583413 0.285065 1.447783
v 0.849134 0.334246 1.354632
v 0.742370 0.334246 1.539555
v 1.008091 -0.350761 1.446404
v 0.901326 -0.350761 1.631329
v 0.849134 -0.399942 1.354632
v 0.742098 -0.399942 1.540025
v -0.686626 -0.032848 -1.587546
v -0.690142 -0.017695 -1.589576
v -0.579733 -0.032848 -1.479044
v -0.579733 -0.032848 -1.479044
v -0.600284 -0.121412 -1.490909
v -0.686626 -0.032848 -1.587546
v -0.690142 -0.048000 -1.589576
v -0.686626 -0.032848 -1.587546
v -0.600284 -0.121412 -1.490909
v -0.600284 -0.121412 -1.490909
v -0.656432 -0.186245 -1.523325
v -0.690142 -0.048000 -1.589576
v -0.699748 -0.059092 -1.595121
v -0.690142 -0.048000 -1.589576
v -0.656432 -0.186245 -1.523325
v -0.656432 -0.186245 -1.523325
v -0.733131 -0.209975 -1.567607
v -0.699748 -0.059092 -1.595121
v -0.712871 -0.063153 -1.602698
v -0.699748 -0.059092 -1.595121
v -0.733131 -0.209975 -1.567607
v -0.733131 -0.209975 -1.567607
v -0.809829 -0.186245 -1.611889
v -0.712871 -0.063153 -1.602698
v -0.725993 -0.059092 -1.610274
v -0.712871 -0.063153 -1.602698
v -0.809829 -0.186245 -1.611889
v -0.809829 -0.186245 -1.611889
v -0.865977 -0.121412 -1.644305
v -0.725993 -0.059092 -1.610274
v -0.735600 -0.048000 -1.615820
v -0.725993 -0.059092 -1.610274
v -0.865977 -0.121412 -1.644305
v -0.865977 -0.121412 -1.644305
v -0.886528 -0.032848 -1.656171
v -0.735600 -0.048000 -1.615820
v -0.739116 -0.032848 -1.617851
v -0.735600 -0.048000 -1.615820
v -0.886528 -0.032848 -1.656171
v -0.886528 -0.032848 -1.656171
v -0.865977 0.055716 -1.644305
v -0.739116 -0.032848 -1.617851
v -0.735600 -0.017695 -1.615820
v -0.739116 -0.032848 -1.617851
v -0.865977 0.055716 -1.644305
v -0.865977 0.055716 -1.644305
v -0.809829 0.120550 -1.611889
v -0.735600 -0.017695 -1.615820
v -0.725993 -0.006603 -1.610274
v -0.735600 -0.017695 -1.615820
v -0.809829 0.120550 -1.611889
v -0.809829 0.120550 -1.611889
v -0.733131 0.144280 -1.567606
v -0.725993 -0.006603 -1.610274
v -0.712871 -0.002542 -1.602698
v -0.725993 -0.006603 -1.610274
v -0.733131 0.144280 -1.567606
v -0.733131 0.144280 -1.567606
v -0.656432 0.120550 -1.523325
v -0.712871 -0.002542 -1.602698
v -0.699748 -0.006603 -1.595121
v -0.712871 -0.002542 -1.602698
v -0.656432 0.120550 -1.523325
v -0.656432 0.120550 -1.523325
v -0.600284 0.055716 -1.490909
v -0.699748 -0.006603 -1.595121
v -0.690142 -0.017695 -1.589576
v -0.699748 -0.006603 -1.595121
v -0.600284 0.055716 -1.490909
v -0.600284 0.055716 -1.490909
v -0.579733 -0.032848 -1.479044
v -0.690142 -0.017695 -1.589576
v -1.172016 -0.032848 -1.541621
v -1.129423 -0.216395 -1.517032
v -1.130953 -0.032848 -1.484509
v -1.095800 -0.184336 -1.464213
v -1.130953 -0.032848 -1.484509
v -1.129423 -0.216395 -1.517032
v -0.641335 0.118640 -1.201831
v -0.606182 -0.032848 -1.181535
v -0.578781 0.150699 -1.199121
v -0.695145 0.285065 -1.266303
v -0.854102 0.334246 -1.358076
v -0.737375 0.229537 -1.257277
v -0.868567 0.270128 -1.333022
v -0.737375 0.229537 -1.257277
v -0.854102 0.334246 -1.358076
v -1.013059 0.285065 -1.449849
v -1.129423 0.150699 -1.517031
v -0.999760 0.229537 -1.408766
v -1.095800 0.118640 -1.464213
v -0.999760 0.229537 -1.408766
v -1.129423 0.150699 -1.517031
v -0.695146 -0.350761 -1.266303
v -0.578781 -0.216395 -1.199121
v -0.737375 -0.295233 -1.257277
v -0.641335 -0.184336 -1.201831
v -0.737375 -0.295233 -1.257277
v -0.578781 -0.216395 -1.199121
v -0.536189 -0.032848 -1.174530
v -0.578781 0.150699 -1.199121
v -0.606182 -0.032848 -1.181535
v -1.013059 -0.350761 -1.449849
v -0.854102 -0.399942 -1.358076
v -0.999760 -0.295232 -1.408766
v -0.868567 -0.335824 -1.333022
v -0.999760 -0.295232 -1.408766
v -0.854102 -0.399942 -1.358076
v -0.578781 0.150699 -1.199121
v -0.695145 0.285065 -1.266303
v -0.641335 0.118640 -1.201831
v -0.737375 0.229537 -1.257277
v -0.641335 0.118640 -1.201831
v -0.695145 0.285065 -1.266303
v -0.854102 0.334246 -1.358076
v -1.013059 0.285065 -1.449849
v -0.868567 0.270128 -1.333022
v -0.999760 0.229537 -1.408766
v -0.868567 0.270128 -1.333022
v -1.013059 0.285065 -1.449849
v -1.129423 0.150699 -1.517031
v -1.172016 -0.032848 -1.541621
v -1.095800 0.118640 -1.464213
v -1.130953 -0.032848 -1.484509
v -1.095800 0.118640 -1.464213
v -1.172016 -0.032848 -1.541621
v -1.129423 -0.216395 -1.517032
v -1.013059 -0.350761 -1.449849
v -1.095800 -0.184336 -1.464213
v -0.999760 -0.295232 -1.408766
v -1.095800 -0.184336 -1.464213
v -1.013059 -0.350761 -1.449849
v -0.854102 -0.399942 -1.358076
v -0.695146 -0.350761 -1.266303
v -0.868567 -0.335824 -1.333022
v -0.737375 -0.295233 -1.257277
v -0.868567 -0.335824 -1.333022
v -0.695146 -0.350761 -1.266303
v -0.578781 -0.216395 -1.199121
v -0.536189 -0.032848 -1.174530
v -0.641335 -0.184336 -1.201831
v -0.606182 -0.032848 -1.181535
v -0.641335 -0.184336 -1.201831
v -0.536189 -0.032848 -1.174530
v -0.429424 -0.032848 -1.359454
v -0.472016 -0.216395 -1.384045
v -0.470253 -0.032848 -1.416972
v -0.505406 -0.184336 -1.437267
v -0.470253 -0.032848 -1.416972
v -0.472016 -0.216395 -1.384045
v -0.472016 -0.216395 -1.384045
v -0.588381 -0.350760 -1.451227
v -0.505406 -0.184336 -1.437267
v -0.601446 -0.295232 -1.492716
v -0.505406 -0.184336 -1.437267
v -0.588381 -0.350760 -1.451227
v -0.747066 -0.399942 -1.543469
v -0.906294 -0.350760 -1.634772
v -0.732639 -0.335824 -1.568460
v -0.863831 -0.295232 -1.644202
v -0.732639 -0.335824 -1.568460
v -0.906294 -0.350760 -1.634772
v -0.906294 -0.350760 -1.634772
v -1.022658 -0.216395 -1.701955
v -0.863831 -0.295232 -1.644202
v -0.959871 -0.184336 -1.699652
v -0.863831 -0.295232 -1.644202
v -1.022658 -0.216395 -1.701955
v -1.022658 -0.216395 -1.701955
v -1.065251 -0.032848 -1.726545
v -0.959871 -0.184336 -1.699652
v -0.995024 -0.032848 -1.719946
v -0.959871 -0.184336 -1.699652
v -1.065251 -0.032848 -1.726545
v -1.065251 -0.032848 -1.726545
v -1.022658 0.150699 -1.701955
v -0.995024 -0.032848 -1.719946
v -0.959871 0.118640 -1.699652
v -0.995024 -0.032848 -1.719946
v -1.022658 0.150699 -1.701955
v -1.022658 0.150699 -1.701955
v -0.906294 0.285065 -1.634772
v -0.959871 0.118640 -1.699652
v -0.863831 0.229537 -1.644202
v -0.959871 0.118640 -1.699652
v -0.906294 0.285065 -1.634772
v -0.906294 0.285065 -1.634772
v -0.747337 0.334246 -1.543000
v -0.863831 0.229537 -1.644202
v -0.732639 0.270128 -1.568460
v -0.863831 0.229537 -1.644202
v -0.747337 0.334246 -1.543000
v -0.747337 0.334246 -1.543000
v -0.588381 0.285065 -1.451227
v -0.732639 0.270128 -1.568460
v -0.601446 0.229537 -1.492716
v -0.732639 0.270128 -1.568460
v -0.588381 0.285065 -1.451227
v -0.588381 0.285065 -1.451227
v -0.472016 0.150699 -1.384045
v -0.601446 0.229537 -1.492716
v -0.505406 0.118640 -1.437267
v -0.601446 0.229537 -1.492716
v -0.472016 0.150699 -1.384045
v -0.472016 0.150699 -1.384045
v -0.429424 -0.032848 -1.359454
v -0.505406 0.118640 -1.437267
v -0.470253 -0.032848 -1.416972
v -0.505406 0.118640 -1.437267
v -0.429424 -0.032848 -1.359454
v -0.505406 0.118640 -1.437267
v -0.470253 -0.032848 -1.416972
v -0.573931 0.066204 -1.500224
v -0.573931 0.066204 -1.500224
v -0.636728 0.138714 -1.536479
v -0.505406 0.118640 -1.437267
v -0.601446 0.229537 -1.492716
v -0.505406 0.118640 -1.437267
v -0.636728 0.138714 -1.536479
v -0.636728 0.138714 -1.536479
v -0.722509 0.165255 -1.586004
v -0.601446 0.229537 -1.492716
v -0.732639 0.270128 -1.568460
v -0.601446 0.229537 -1.492716
v -0.722509 0.165255 -1.586004
v -0.722509 0.165255 -1.586004
v -0.808290 0.138714 -1.635530
v -0.732639 0.270128 -1.568460
v -0.863831 0.229537 -1.644202
v -0.732639 0.270128 -1.568460
v -0.808290 0.138714 -1.635530
v -0.808290 0.138714 -1.635530
v -0.871086 0.066204 -1.671785
v -0.863831 0.229537 -1.644202
v -0.959871 0.118640 -1.699652
v -0.863831 0.229537 -1.644202
v -0.871086 0.066204 -1.671785
v -0.871086 0.066204 -1.671785
v -0.894071 -0.032848 -1.685056
v -0.959871 0.118640 -1.699652
v -0.995024 -0.032848 -1.719946
v -0.959871 0.118640 -1.699652
v -0.894071 -0.032848 -1.685056
v -0.894071 -0.032848 -1.685056
v -0.871086 -0.131899 -1.671785
v -0.995024 -0.032848 -1.719946
v -0.959871 -0.184336 -1.699652
v -0.995024 -0.032848 -1.719946
v -0.871086 -0.131899 -1.671785
v -0.871086 -0.131899 -1.671785
v -0.808290 -0.204409 -1.635530
v -0.959871 -0.184336 -1.699652
v -0.863831 -0.295232 -1.644202
v -0.959871 -0.184336 -1.699652
v -0.808290 -0.204409 -1.635530
v -0.808290 -0.204409 -1.635530
v -0.722509 -0.230950 -1.586004
v -0.863831 -0.295232 -1.644202
v -0.732639 -0.335824 -1.568460
v -0.863831 -0.295232 -1.644202
v -0.722509 -0.230950 -1.586004
v -0.636728 -0.204409 -1.536479
v -0.573931 -0.131899 -1.500224
v -0.601446 -0.295232 -1.492716
v -0.505406 -0.184336 -1.437267
v -0.601446 -0.295232 -1.492716
v -0.573931 -0.131899 -1.500224
v -0.573931 -0.131899 -1.500224
v -0.550946 -0.032848 -1.486954
v -0.505406 -0.184336 -1.437267
v -0.470253 -0.032848 -1.416972
v -0.505406 -0.184336 -1.437267
v -0.550946 -0.032848 -1.486954
v -0.550946 -0.032848 -1.486954
v -0.573931 0.066204 -1.500224
v -0.470253 -0.032848 -1.416972
v -0.588381 -0.350760 -1.451227
v -0.747066 -0.399942 -1.543469
v -0.601446 -0.295232 -1.492716
v -0.732639 -0.335824 -1.568460
v -0.601446 -0.295232 -1.492716
v -0.747066 -0.399942 -1.543469
v -0.722509 -0.230950 -1.586004
v -0.636728 -0.204409 -1.536479
v -0.732639 -0.335824 -1.568460
v -0.601446 -0.295232 -1.492716
v -0.732639 -0.335824 -1.568460
v -0.636728 -0.204409 -1.536479
v -0.550947 -0.032848 -1.486955
v -0.573932 -0.131899 -1.500224
v -0.579733 -0.032848 -1.479044
v -0.600285 -0.121412 -1.490909
v -0.579733 -0.032848 -1.479044
v -0.573932 -0.131899 -1.500224
v -0.573932 -0.131899 -1.500224
v -0.636728 -0.204410 -1.536479
v -0.600285 -0.121412 -1.490909
v -0.656432 -0.186245 -1.523325
v -0.600285 -0.121412 -1.490909
v -0.636728 -0.204410 -1.536479
v -0.636728 -0.204410 -1.536479
v -0.722509 -0.230951 -1.586004
v -0.656432 -0.186245 -1.523325
v -0.733131 -0.209975 -1.567607
v -0.656432 -0.186245 -1.523325
v -0.722509 -0.230951 -1.586004
v -0.722509 -0.230951 -1.586004
v -0.808290 -0.204410 -1.635530
v -0.733131 -0.209975 -1.567607
v -0.809830 -0.186245 -1.611889
v -0.733131 -0.209975 -1.567607
v -0.808290 -0.204410 -1.635530
v -0.808290 -0.204410 -1.635530
v -0.871086 -0.131899 -1.671785
v -0.809830 -0.186245 -1.611889
v -0.865977 -0.121412 -1.644305
v -0.809830 -0.186245 -1.611889
v -0.871086 -0.131899 -1.671785
v -0.871086 -0.131899 -1.671785
v -0.894071 -0.032848 -1.685056
v -0.865977 -0.121412 -1.644305
v -0.886528 -0.032848 -1.656171
v -0.865977 -0.121412 -1.644305
v -0.894071 -0.032848 -1.685056
v -0.894071 -0.032848 -1.685056
v -0.871086 0.066204 -1.671785
v -0.886528 -0.032848 -1.656171
v -0.865977 0.055716 -1.644305
v -0.886528 -0.032848 -1.656171
v -0.871086 0.066204 -1.671785
v -0.871086 0.066204 -1.671785
v -0.808290 0.138714 -1.635530
v -0.865977 0.055716 -1.644305
v -0.809830 0.120550 -1.611889
v -0.865977 0.055716 -1.644305
v -0.808290 0.138714 -1.635530
v -0.722509 0.165255 -1.586004
v -0.636728 0.138714 -1.536479
v -0.733131 0.144280 -1.567607
v -0.656432 0.120550 -1.523325
v -0.733131 0.144280 -1.567607
v -0.636728 0.138714 -1.536479
v -0.636728 0.138714 -1.536479
v -0.573932 0.066204 -1.500224
v -0.656432 0.120550 -1.523325
v -0.600284 0.055716 -1.490909
v -0.656432 0.120550 -1.523325
v -0.573932 0.066204 -1.500224
v -0.573932 0.066204 -1.500224
v -0.550947 -0.032848 -1.486955
v -0.600284 0.055716 -1.490909
v -0.579733 -0.032848 -1.479044
v -0.600284 0.055716 -1.490909
v -0.550947 -0.032848 -1.486955
v -0.808290 0.138714 -1.635530
v -0.722509 0.165255 -1.586004
v -0.809830 0.120550 -1.611889
v -0.733131 0.144280 -1.567607
v -0.809830 0.120550 -1.611889
v -0.722509 0.165255 -1.586004
v 1.765439 -0.032848 -0.171858
v 1.761923 -0.017695 -0.173888
v 1.872332 -0.032848 -0.063356
v 1.872332 -0.032848 -0.063356
v 1.851781 -0.121412 -0.075220
v 1.765439 -0.032848 -0.171858
v 1.761923 -0.048000 -0.173888
v 1.765439 -0.032848 -0.171858
v 1.851781 -0.121412 -0.075220
v 1.851781 -0.121412 -0.075220
v 1.795633 -0.186245 -0.107637
v 1.761923 -0.048000 -0.173888
v 1.752317 -0.059092 -0.179434
v 1.761923 -0.048000 -0.173888
v 1.795633 -0.186245 -0.107637
v 1.795633 -0.186245 -0.107637
v 1.718935 -0.209975 -0.151919
v 1.752317 -0.059092 -0.179434
v 1.739195 -0.063153 -0.187011
v 1.752317 -0.059092 -0.179434
v 1.718935 -0.209975 -0.151919
v 1.718935 -0.209975 -0.151919
v 1.642236 -0.186245 -0.196200
v 1.739195 -0.063153 -0.187011
v 1.726072 -0.059092 -0.194587
v 1.739195 -0.063153 -0.187011
v 1.642236 -0.186245 -0.196200
v 1.642236 -0.186245 -0.196200
v 1.586088 -0.121412 -0.228618
v 1.726072 -0.059092 -0.194587
v 1.716466 -0.048000 -0.200133
v 1.726072 -0.059092 -0.194587
v 1.586088 -0.121412 -0.228618
v 1.586088 -0.121412 -0.228618
v 1.565537 -0.032848 -0.240482
v 1.716466 -0.048000 -0.200133
v 1.712949 -0.032848 -0.202164
v 1.716466 -0.048000 -0.200133
v 1.565537 -0.032848 -0.240482
v 1.565537 -0.032848 -0.240482
v 1.586088 0.055716 -0.228618
v 1.712949 -0.032848 -0.202164
v 1.716466 -0.017695 -0.200133
v 1.712949 -0.032848 -0.202164
v 1.586088 0.055716 -0.228618
v 1.586088 0.055716 -0.228618
v 1.642236 0.120550 -0.196200
v 1.716466 -0.017695 -0.200133
v 1.726072 -0.006603 -0.194587
v 1.716466 -0.017695 -0.200133
v 1.642236 0.120550 -0.196200
v 1.642236 0.120550 -0.196200
v 1.718935 0.144280 -0.151919
v 1.726072 -0.006603 -0.194587
v 1.739195 -0.002542 -0.187011
v 1.726072 -0.006603 -0.194587
v 1.718935 0.144280 -0.151919
v 1.718935 0.144280 -0.151919
v 1.795633 0.120550 -0.107637
v 1.739195 -0.002542 -0.187011
v 1.752317 -0.006603 -0.179434
v 1.739195 -0.002542 -0.187011
v 1.795633 0.120550 -0.107637
v 1.795633 0.120550 -0.107637
v 1.851781 0.055716 -0.075220
v 1.752317 -0.006603 -0.179434
v 1.761923 -0.017695 -0.173888
v 1.752317 -0.006603 -0.179434
v 1.851781 0.055716 -0.075220
v 1.851781 0.055716 -0.075220
v 1.872332 -0.032848 -0.063356
v 1.761923 -0.017695 -0.173888
v 1.901119 -0.032848 -0.071266
v 1.878133 -0.131899 -0.084537
v 1.872332 -0.032848 -0.063356
v 1.851781 -0.121412 -0.075221
v 1.872332 -0.032848 -0.063356
v 1.878133 -0.131899 -0.084537
v 1.878133 -0.131899 -0.084537
v 1.815337 -0.204410 -0.120791
v 1.851781 -0.121412 -0.075221
v 1.795633 -0.186245 -0.107637
v 1.851781 -0.121412 -0.075221
v 1.815337 -0.204410 -0.120791
v 1.815337 -0.204410 -0.120791
v 1.729556 -0.230951 -0.170317
v 1.795633 -0.186245 -0.107637
v 1.718934 -0.209975 -0.151919
v 1.795633 -0.186245 -0.107637
v 1.729556 -0.230951 -0.170317
v 1.729556 -0.230951 -0.170317
v 1.643775 -0.204410 -0.219842
v 1.718934 -0.209975 -0.151919
v 1.642236 -0.186245 -0.196200
v 1.718934 -0.209975 -0.151919
v 1.643775 -0.204410 -0.219842
v 1.643775 -0.204410 -0.219842
v 1.580979 -0.131899 -0.256097
v 1.642236 -0.186245 -0.196200
v 1.586088 -0.121412 -0.228618
v 1.642236 -0.186245 -0.196200
v 1.580979 -0.131899 -0.256097
v 1.580979 -0.131899 -0.256097
v 1.557994 -0.032848 -0.269368
v 1.586088 -0.121412 -0.228618
v 1.565537 -0.032848 -0.240482
v 1.586088 -0.121412 -0.228618
v 1.557994 -0.032848 -0.269368
v 1.557994 -0.032848 -0.269368
v 1.580979 0.066204 -0.256097
v 1.565537 -0.032848 -0.240482
v 1.586088 0.055716 -0.228618
v 1.565537 -0.032848 -0.240482
v 1.580979 0.066204 -0.256097
v 1.580979 0.066204 -0.256097
v 1.643775 0.138714 -0.219842
v 1.586088 0.055716 -0.228618
v 1.642236 0.120550 -0.196200
v 1.586088 0.055716 -0.228618
v 1.643775 0.138714 -0.219842
v 1.729556 0.165255 -0.170317
v 1.815337 0.138714 -0.120791
v 1.718934 0.144280 -0.151919
v 1.795633 0.120550 -0.107637
v 1.718934 0.144280 -0.151919
v 1.815337 0.138714 -0.120791
v 1.815337 0.138714 -0.120791
v 1.878133 0.066204 -0.084537
v 1.795633 0.120550 -0.107637
v 1.851781 0.055716 -0.075220
v 1.795633 0.120550 -0.107637
v 1.878133 0.066204 -0.084537
v 1.878133 0.066204 -0.084537
v 1.901119 -0.032848 -0.071266
v 1.851781 0.055716 -0.075220
v 1.872332 -0.032848 -0.063356
v 1.851781 0.055716 -0.075220
v 1.901119 -0.032848 -0.071266
v 1.643775 0.138714 -0.219842
v 1.729556 0.165255 -0.170317
v 1.642236 0.120550 -0.196200
v 1.718934 0.144280 -0.151919
v 1.642236 0.120550 -0.196200
v 1.729556 0.165255 -0.170317
v 2.022641 -0.032848 0.056234
v 1.980049 -0.216395 0.031643
v 1.981812 -0.032848 -0.001285
v 1.946659 -0.184336 -0.021580
v 1.981812 -0.032848 -0.001285
v 1.980049 -0.216395 0.031643
v 1.980049 -0.216395 0.031643
v 1.863684 -0.350760 -0.035540
v 1.946659 -0.184336 -0.021580
v 1.850619 -0.295232 -0.077028
v 1.946659 -0.184336 -0.021580
v 1.863684 -0.350760 -0.035540
v 1.704999 -0.399942 -0.127783
v 1.545771 -0.350760 -0.219085
v 1.719427 -0.335824 -0.152772
v 1.588234 -0.295232 -0.228515
v 1.719427 -0.335824 -0.152772
v 1.545771 -0.350760 -0.219085
v 1.545771 -0.350760 -0.219085
v 1.429407 -0.216395 -0.286267
v 1.588234 -0.295232 -0.228515
v 1.492194 -0.184336 -0.283963
v 1.588234 -0.295232 -0.228515
v 1.429407 -0.216395 -0.286267
v 1.429407 -0.216395 -0.286267
v 1.386814 -0.032848 -0.310858
v 1.492194 -0.184336 -0.283963
v 1.457041 -0.032848 -0.304258
v 1.492194 -0.184336 -0.283963
v 1.386814 -0.032848 -0.310858
v 1.386814 -0.032848 -0.310858
v 1.429407 0.150699 -0.286267
v 1.457041 -0.032848 -0.304258
v 1.492194 0.118640 -0.283963
v 1.457041 -0.032848 -0.304258
v 1.429407 0.150699 -0.286267
v 1.429407 0.150699 -0.286267
v 1.545771 0.285065 -0.219085
v 1.492194 0.118640 -0.283963
v 1.588234 0.229537 -0.228515
v 1.492194 0.118640 -0.283963
v 1.545771 0.285065 -0.219085
v 1.545771 0.285065 -0.219085
v 1.704728 0.334246 -0.127313
v 1.588234 0.229537 -0.228515
v 1.719426 0.270128 -0.152771
v 1.588234 0.229537 -0.228515
v 1.704728 0.334246 -0.127313
v 1.704728 0.334246 -0.127313
v 1.863684 0.285065 -0.035540
v 1.719426 0.270128 -0.152771
v 1.850619 0.229537 -0.077028
v 1.719426 0.270128 -0.152771
v 1.863684 0.285065 -0.035540
v 1.863684 0.285065 -0.035540
v 1.980049 0.150699 0.031643
v 1.850619 0.229537 -0.077028
v 1.946659 0.118640 -0.021580
v 1.850619 0.229537 -0.077028
v 1.980049 0.150699 0.031643
v 1.980049 0.150699 0.031643
v 2.022641 -0.032848 0.056234
v 1.946659 0.118640 -0.021580
v 1.981812 -0.032848 -0.001285
v 1.946659 0.118640 -0.021580
v 2.022641 -0.032848 0.056234
v 1.946659 0.118640 -0.021580
v 1.981812 -0.032848 -0.001285
v 1.878134 0.066204 -0.084537
v 1.878134 0.066204 -0.084537
v 1.815338 0.138714 -0.120791
v 1.946659 0.118640 -0.021580
v 1.850619 0.229537 -0.077028
v 1.946659 0.118640 -0.021580
v 1.815338 0.138714 -0.120791
v 1.815338 0.138714 -0.120791
v 1.729556 0.165255 -0.170317
v 1.850619 0.229537 -0.077028
v 1.719426 0.270128 -0.152771
v 1.850619 0.229537 -0.077028
v 1.729556 0.165255 -0.170317
v 1.729556 0.165255 -0.170317
v 1.643775 0.138714 -0.219842
v 1.719426 0.270128 -0.152771
v 1.588234 0.229537 -0.228515
v 1.719426 0.270128 -0.152771
v 1.643775 0.138714 -0.219842
v 1.643775 0.138714 -0.219842
v 1.580979 0.066204 -0.256097
v 1.588234 0.229537 -0.228515
v 1.492194 0.118640 -0.283963
v 1.588234 0.229537 -0.228515
v 1.580979 0.066204 -0.256097
v 1.580979 0.066204 -0.256097
v 1.557994 -0.032848 -0.269368
v 1.492194 0.118640 -0.283963
v 1.457041 -0.032848 -0.304258
v 1.492194 0.118640 -0.283963
v 1.557994 -0.032848 -0.269368
v 1.557994 -0.032848 -0.269368
v 1.580979 -0.131899 -0.256097
v 1.457041 -0.032848 -0.304258
v 1.492194 -0.184336 -0.283963
v 1.457041 -0.032848 -0.304258
v 1.580979 -0.131899 -0.256097
v 1.580979 -0.131899 -0.256097
v 1.643775 -0.204409 -0.219842
v 1.492194 -0.184336 -0.283963
v 1.588234 -0.295232 -0.228515
v 1.492194 -0.184336 -0.283963
v 1.643775 -0.204409 -0.219842
v 1.643775 -0.204409 -0.219842
v 1.729556 -0.230950 -0.170317
v 1.588234 -0.295232 -0.228515
v 1.719427 -0.335824 -0.152772
v 1.588234 -0.295232 -0.228515
v 1.729556 -0.230950 -0.170317
v 1.815338 -0.204409 -0.120791
v 1.878134 -0.131899 -0.084537
v 1.850619 -0.295232 -0.077028
v 1.946659 -0.184336 -0.021580
v 1.850619 -0.295232 -0.077028
v 1.878134 -0.131899 -0.084537
v 1.878134 -0.131899 -0.084537
v 1.901119 -0.032848 -0.071266
v 1.946659 -0.184336 -0.021580
v 1.981812 -0.032848 -0.001285
v 1.946659 -0.184336 -0.021580
v 1.901119 -0.032848 -0.071266
v 1.901119 -0.032848 -0.071266
v 1.878134 0.066204 -0.084537
v 1.981812 -0.032848 -0.001285
v 1.863684 -0.350760 -0.035540
v 1.704999 -0.399942 -0.127783
v 1.850619 -0.295232 -0.077028
v 1.719427 -0.335824 -0.152772
v 1.850619 -0.295232 -0.077028
v 1.704999 -0.399942 -0.127783
v 1.729556 -0.230950 -0.170317
v 1.815338 -0.204409 -0.120791
v 1.719427 -0.335824 -0.152772
v 1.850619 -0.295232 -0.077028
v 1.719427 -0.335824 -0.152772
v 1.815338 -0.204409 -0.120791
v 1.280049 -0.032848 -0.125934
v 1.322642 -0.216395 -0.101343
v 1.321112 -0.032848 -0.068821
v 1.356265 -0.184336 -0.048525
v 1.321112 -0.032848 -0.068821
v 1.322642 -0.216395 -0.101343
v 1.810730 0.118640 0.213858
v 1.845883 -0.032848 0.234153
v 1.873284 0.150699 0.216567
v 1.756920 0.285065 0.149385
v 1.597963 0.334246 0.057611
v 1.714690 0.229537 0.158409
v 1.583498 0.270128 0.082666
v 1.714690 0.229537 0.158409
v 1.597963 0.334246 0.057611
v 1.439006 0.285065 -0.034162
v 1.322641 0.150699 -0.101343
v 1.452305 0.229537 0.006922
v 1.356265 0.118640 -0.048525
v 1.452305 0.229537 0.006922
v 1.322641 0.150699 -0.101343
v 1.756920 -0.350761 0.149385
v 1.873284 -0.216395 0.216567
v 1.714691 -0.295233 0.158409
v 1.810730 -0.184336 0.213857
v 1.714691 -0.295233 0.158409
v 1.873284 -0.216395 0.216567
v 1.915877 -0.032848 0.241157
v 1.873284 0.150699 0.216567
v 1.845883 -0.032848 0.234153
v 1.439006 -0.350761 -0.034162
v 1.597963 -0.399942 0.057611
v 1.452305 -0.295232 0.006922
v 1.583498 -0.335824 0.082666
v 1.452305 -0.295232 0.006922
v 1.597963 -0.399942 0.057611
v 1.873284 0.150699 0.216567
v 1.756920 0.285065 0.149385
v 1.810730 0.118640 0.213858
v 1.714690 0.229537 0.158409
v 1.810730 0.118640 0.213858
v 1.756920 0.285065 0.149385
v 1.597963 0.334246 0.057611
v 1.439006 0.285065 -0.034162
v 1.583498 0.270128 0.082666
v 1.452305 0.229537 0.006922
v 1.583498 0.270128 0.082666
v 1.439006 0.285065 -0.034162
v 1.322641 0.150699 -0.101343
v 1.280049 -0.032848 -0.125934
v 1.356265 0.118640 -0.048525
v 1.321112 -0.032848 -0.068821
v 1.356265 0.118640 -0.048525
v 1.280049 -0.032848 -0.125934
v 1.322642 -0.216395 -0.101343
v 1.439006 -0.350761 -0.034162
v 1.356265 -0.184336 -0.048525
v 1.452305 -0.295232 0.006922
v 1.356265 -0.184336 -0.048525
v 1.439006 -0.350761 -0.034162
v 1.597963 -0.399942 0.057611
v 1.756920 -0.350761 0.149385
v 1.583498 -0.335824 0.082666
v 1.714691 -0.295233 0.158409
v 1.583498 -0.335824 0.082666
v 1.756920 -0.350761 0.149385
v 1.873284 -0.216395 0.216567
v 1.915877 -0.032848 0.241157
v 1.810730 -0.184336 0.213857
v 1.845883 -0.032848 0.234153
v 1.810730 -0.184336 0.213857
v 1.915877 -0.032848 0.241157
v 0.730632 -0.017695 1.612376
v 0.734148 -0.032848 1.614407
v 0.881560 -0.032848 1.652726
v 0.861009 -0.121412 1.640861
v 0.881560 -0.032848 1.652726
v 0.734148 -0.032848 1.614407
v 0.734148 -0.032848 1.614407
v 0.730632 -0.048000 1.612376
v 0.861009 -0.121412 1.640861
v 0.804862 -0.186245 1.608444
v 0.861009 -0.121412 1.640861
v 0.730632 -0.048000 1.612376
v 0.730632 -0.048000 1.612376
v 0.721025 -0.059093 1.606831
v 0.804862 -0.186245 1.608444
v 0.728163 -0.209976 1.564162
v 0.804862 -0.186245 1.608444
v 0.721025 -0.059093 1.606831
v 0.721025 -0.059093 1.606831
v 0.707903 -0.063153 1.599254
v 0.728163 -0.209976 1.564162
v 0.651464 -0.186245 1.519881
v 0.728163 -0.209976 1.564162
v 0.707903 -0.063153 1.599254
v 0.707903 -0.063153 1.599254
v 0.694780 -0.059093 1.591678
v 0.651464 -0.186245 1.519881
v 0.595317 -0.121412 1.487465
v 0.651464 -0.186245 1.519881
v 0.694780 -0.059093 1.591678
v 0.694780 -0.059093 1.591678
v 0.685174 -0.048000 1.586132
v 0.595317 -0.121412 1.487465
v 0.574765 -0.032848 1.475599
v 0.595317 -0.121412 1.487465
v 0.685174 -0.048000 1.586132
v 0.685174 -0.048000 1.586132
v 0.681658 -0.032848 1.584103
v 0.574765 -0.032848 1.475599
v 0.595317 0.055716 1.487465
v 0.574765 -0.032848 1.475599
v 0.681658 -0.032848 1.584103
v 0.681658 -0.032848 1.584103
v 0.685174 -0.017695 1.586132
v 0.595317 0.055716 1.487465
v 0.651464 0.120549 1.519881
v 0.595317 0.055716 1.487465
v 0.685174 -0.017695 1.586132
v 0.685174 -0.017695 1.586132
v 0.694780 -0.006603 1.591678
v 0.651464 0.120549 1.519881
v 0.728163 0.144280 1.564162
v 0.651464 0.120549 1.519881
v 0.694780 -0.006603 1.591678
v 0.694780 -0.006603 1.591678
v 0.707903 -0.002543 1.599254
v 0.728163 0.144280 1.564162
v 0.804862 0.120549 1.608445
v 0.728163 0.144280 1.564162
v 0.707903 -0.002543 1.599254
v 0.707903 -0.002543 1.599254
v 0.721025 -0.006603 1.606831
v 0.804862 0.120549 1.608445
v 0.861009 0.055716 1.640861
v 0.804862 0.120549 1.608445
v 0.721025 -0.006603 1.606831
v 0.721025 -0.006603 1.606831
v 0.730632 -0.017695 1.612376
v 0.861009 0.055716 1.640861
v 0.881560 -0.032848 1.652726
v 0.861009 0.055716 1.640861
v 0.730632 -0.017695 1.612376
v -1.721433 -0.017695 0.196689
v -1.717917 -0.032848 0.198719
v -1.570505 -0.032848 0.237038
v -1.591056 -0.121412 0.225173
v -1.570505 -0.032848 0.237038
v -1.717917 -0.032848 0.198719
v -1.717917 -0.032848 0.198719
v -1.721433 -0.048000 0.196689
v -1.591056 -0.121412 0.225173
v -1.647204 -0.186245 0.192757
v -1.591056 -0.121412 0.225173
v -1.721433 -0.048000 0.196689
v -1.721433 -0.048000 0.196689
v -1.731040 -0.059093 0.191143
v -1.647204 -0.186245 0.192757
v -1.723902 -0.209976 0.148475
v -1.647204 -0.186245 0.192757
v -1.731040 -0.059093 0.191143
v -1.731040 -0.059093 0.191143
v -1.744162 -0.063153 0.183567
v -1.723902 -0.209976 0.148475
v -1.800601 -0.186245 0.104193
v -1.723902 -0.209976 0.148475
v -1.744162 -0.063153 0.183567
v -1.744162 -0.063153 0.183567
v -1.757285 -0.059093 0.175990
v -1.800601 -0.186245 0.104193
v -1.856749 -0.121412 0.071777
v -1.800601 -0.186245 0.104193
v -1.757285 -0.059093 0.175990
v -1.757285 -0.059093 0.175990
v -1.766891 -0.048000 0.170444
v -1.856749 -0.121412 0.071777
v -1.877300 -0.032848 0.059912
v -1.856749 -0.121412 0.071777
v -1.766891 -0.048000 0.170444
v -1.766891 -0.048000 0.170444
v -1.770407 -0.032848 0.168414
v -1.877300 -0.032848 0.059912
v -1.856749 0.055716 0.071777
v -1.877300 -0.032848 0.059912
v -1.770407 -0.032848 0.168414
v -1.770407 -0.032848 0.168414
v -1.766891 -0.017695 0.170444
v -1.856749 0.055716 0.071777
v -1.800601 0.120549 0.104193
v -1.856749 0.055716 0.071777
v -1.766891 -0.017695 0.170444
v -1.766891 -0.017695 0.170444
v -1.757285 -0.006603 0.175990
v -1.800601 0.120549 0.104193
v -1.723902 0.144280 0.148475
v -1.800601 0.120549 0.104193
v -1.757285 -0.006603 0.175990
v -1.757285 -0.006603 0.175990
v -1.744162 -0.002543 0.183567
v -1.723902 0.144280 0.148475
v -1.647204 0.120549 0.192757
v -1.723902 0.144280 0.148475
v -1.744162 -0.002543 0.183567
v -1.744162 -0.002543 0.183567
v -1.731040 -0.006603 0.191143
v -1.647204 0.120549 0.192757
v -1.591056 0.055716 0.225173
v -1.647204 0.120549 0.192757
v -1.731040 -0.006603 0.191143
v -1.731040 -0.006603 0.191143
v -1.721433 -0.017695 0.196689
v -1.591056 0.055716 0.225173
v -1.570505 -0.032848 0.237038
v -1.591056 0.055716 0.225173
v -1.721433 -0.017695 0.196689
v -1.585947 -0.131899 0.252653
v -1.562962 -0.032848 0.265924
v -1.570505 -0.032848 0.237038
v -1.570505 -0.032848 0.237038
v -1.591056 -0.121412 0.225173
v -1.585947 -0.131899 0.252653
v -1.648743 -0.204410 0.216398
v -1.585947 -0.131899 0.252653
v -1.591056 -0.121412 0.225173
v -1.591056 -0.121412 0.225173
v -1.647204 -0.186245 0.192757
v -1.648743 -0.204410 0.216398
v -1.734524 -0.230951 0.166873
v -1.648743 -0.204410 0.216398
v -1.647204 -0.186245 0.192757
v -1.647204 -0.186245 0.192757
v -1.723902 -0.209976 0.148475
v -1.734524 -0.230951 0.166873
v -1.820305 -0.204410 0.117348
v -1.734524 -0.230951 0.166873
v -1.723902 -0.209976 0.148475
v -1.723902 -0.209976 0.148475
v -1.800601 -0.186245 0.104193
v -1.820305 -0.204410 0.117348
v -1.883102 -0.131899 0.081093
v -1.820305 -0.204410 0.117348
v -1.800601 -0.186245 0.104193
v -1.800601 -0.186245 0.104193
v -1.856749 -0.121412 0.071777
v -1.883102 -0.131899 0.081093
v -1.906087 -0.032848 0.067822
v -1.883102 -0.131899 0.081093
v -1.856749 -0.121412 0.071777
v -1.856749 -0.121412 0.071777
v -1.877300 -0.032848 0.059912
v -1.906087 -0.032848 0.067822
v -1.883102 0.066204 0.081093
v -1.906087 -0.032848 0.067822
v -1.877300 -0.032848 0.059912
v -1.877300 -0.032848 0.059912
v -1.856749 0.055716 0.071777
v -1.883102 0.066204 0.081093
v -1.820305 0.138714 0.117348
v -1.883102 0.066204 0.081093
v -1.856749 0.055716 0.071777
v -1.856749 0.055716 0.071777
v -1.800601 0.120549 0.104193
v -1.820305 0.138714 0.117348
v -1.648743 0.138714 0.216398
v -1.734524 0.165255 0.166873
v -1.723902 0.144280 0.148475
v -1.723902 0.144280 0.148475
v -1.647204 0.120549 0.192757
v -1.648743 0.138714 0.216398
v -1.585947 0.066204 0.252653
v -1.648743 0.138714 0.216398
v -1.647204 0.120549 0.192757
v -1.647204 0.120549 0.192757
v -1.591056 0.055716 0.225173
v -1.585947 0.066204 0.252653
v -1.562962 -0.032848 0.265924
v -1.585947 0.066204 0.252653
v -1.591056 0.055716 0.225173
v -1.591056 0.055716 0.225173
v -1.570505 -0.032848 0.237038
v -1.562962 -0.032848 0.265924
v -1.734524 0.165255 0.166873
v -1.820305 0.138714 0.117348
v -1.800601 0.120549 0.104193
v -1.800601 0.120549 0.104193
v -1.723902 0.144280 0.148475
v -1.734524 0.165255 0.166873
v 0.866118 -0.131899 1.668341
v 0.889103 -0.032848 1.681612
v 0.881560 -0.032848 1.652726
v 0.881560 -0.032848 1.652726
v 0.861009 -0.121412 1.640861
v 0.866118 -0.131899 1.668341
v 0.803322 -0.204410 1.632086
v 0.866118 -0.131899 1.668341
v 0.861009 -0.121412 1.640861
v 0.861009 -0.121412 1.640861
v 0.804862 -0.186245 1.608444
v 0.803322 -0.204410 1.632086
v 0.717541 -0.230951 1.582561
v 0.803322 -0.204410 1.632086
v 0.804862 -0.186245 1.608444
v 0.804862 -0.186245 1.608444
v 0.728163 -0.209976 1.564162
v 0.717541 -0.230951 1.582561
v 0.631760 -0.204410 1.533035
v 0.717541 -0.230951 1.582561
v 0.728163 -0.209976 1.564162
v 0.728163 -0.209976 1.564162
v 0.651464 -0.186245 1.519881
v 0.631760 -0.204410 1.533035
v 0.568964 -0.131899 1.496780
v 0.631760 -0.204410 1.533035
v 0.651464 -0.186245 1.519881
v 0.651464 -0.186245 1.519881
v 0.595317 -0.121412 1.487465
v 0.568964 -0.131899 1.496780
v 0.545979 -0.032848 1.483510
v 0.568964 -0.131899 1.496780
v 0.595317 -0.121412 1.487465
v 0.595317 -0.121412 1.487465
v 0.574765 -0.032848 1.475599
v 0.545979 -0.032848 1.483510
v 0.568964 0.066204 1.496780
v 0.545979 -0.032848 1.483510
v 0.574765 -0.032848 1.475599
v 0.574765 -0.032848 1.475599
v 0.595317 0.055716 1.487465
v 0.568964 0.066204 1.496780
v 0.631760 0.138714 1.533035
v 0.568964 0.066204 1.496780
v 0.595317 0.055716 1.487465
v 0.595317 0.055716 1.487465
v 0.651464 0.120549 1.519881
v 0.631760 0.138714 1.533035
v 0.803322 0.138714 1.632086
v 0.717541 0.165255 1.582561
v 0.728163 0.144280 1.564162
v 0.728163 0.144280 1.564162
v 0.804862 0.120549 1.608444
v 0.803322 0.138714 1.632086
v 0.866118 0.066204 1.668341
v 0.803322 0.138714 1.632086
v 0.804862 0.120549 1.608444
v 0.804862 0.120549 1.608444
v 0.861009 0.055716 1.640861
v 0.866118 0.066204 1.668341
v 0.889103 -0.032848 1.681612
v 0.866118 0.066204 1.668341
v 0.861009 0.055716 1.640861
v 0.861009 0.055716 1.640861
v 0.881560 -0.032848 1.652726
v 0.889103 -0.032848 1.681612
v 0.717541 0.165255 1.582561
v 0.631760 0.138714 1.533035
v 0.651464 0.120549 1.519881
v 0.651464 0.120549 1.519881
v 0.728163 0.144280 1.564162
v 0.717541 0.165255 1.582561
v -1.878252 -0.216395 -0.220011
v -1.920845 -0.032848 -0.244602
v -1.850852 -0.032848 -0.237597
v -1.850852 -0.032848 -0.237597
v -1.815699 -0.184336 -0.217301
v -1.878252 -0.216395 -0.220011
v -1.326080 -0.032848 0.065377
v -1.361233 0.118640 0.045081
v -1.327609 0.150699 0.097900
v -1.602931 0.334246 -0.061056
v -1.443974 0.285065 0.030718
v -1.457273 0.229537 -0.010366
v -1.457273 0.229537 -0.010366
v -1.588466 0.270128 -0.086111
v -1.602931 0.334246 -0.061056
v -1.878252 0.150699 -0.220011
v -1.761888 0.285065 -0.152829
v -1.719659 0.229537 -0.161854
v -1.719659 0.229537 -0.161854
v -1.815699 0.118640 -0.217301
v -1.878252 0.150699 -0.220011
v -1.327610 -0.216395 0.097899
v -1.443974 -0.350761 0.030718
v -1.457273 -0.295233 -0.010366
v -1.457273 -0.295233 -0.010366
v -1.361233 -0.184336 0.045081
v -1.327610 -0.216395 0.097899
v -1.327609 0.150699 0.097900
v -1.285017 -0.032848 0.122490
v -1.326080 -0.032848 0.065377
v -1.602931 -0.399942 -0.061056
v -1.761888 -0.350761 -0.152829
v -1.719659 -0.295233 -0.161854
v -1.719659 -0.295233 -0.161854
v -1.588466 -0.335824 -0.086111
v -1.602931 -0.399942 -0.061056
v -1.443974 0.285065 0.030718
v -1.327609 0.150699 0.097900
v -1.361233 0.118640 0.045081
v -1.361233 0.118640 0.045081
v -1.457273 0.229537 -0.010366
v -1.443974 0.285065 0.030718
v -1.761888 0.285065 -0.152829
v -1.602931 0.334246 -0.061056
v -1.588466 0.270128 -0.086111
v -1.588466 0.270128 -0.086111
v -1.719659 0.229537 -0.161854
v -1.761888 0.285065 -0.152829
v -1.920845 -0.032848 -0.244602
v -1.878252 0.150699 -0.220011
v -1.815699 0.118640 -0.217301
v -1.815699 0.118640 -0.217301
v -1.850852 -0.032848 -0.237597
v -1.920845 -0.032848 -0.244602
v -1.761888 -0.350761 -0.152829
v -1.878252 -0.216395 -0.220011
v -1.815699 -0.184336 -0.217301
v -1.815699 -0.184336 -0.217301
v -1.719659 -0.295233 -0.161854
v -1.761888 -0.350761 -0.152829
v -1.443974 -0.350761 0.030718
v -1.602931 -0.399942 -0.061056
v -1.588466 -0.335824 -0.086111
v -1.588466 -0.335824 -0.086111
v -1.457273 -0.295233 -0.010366
v -1.443974 -0.350761 0.030718
v -1.285017 -0.032848 0.122490
v -1.327610 -0.216395 0.097899
v -1.361233 -0.184336 0.045081
v -1.361233 -0.184336 0.045081
v -1.326080 -0.032848 0.065377
v -1.285017 -0.032848 0.122490
v 1.017691 -0.216395 1.698511
v 1.060283 -0.032848 1.723102
v 0.990056 -0.032848 1.716502
v 0.990056 -0.032848 1.716502
v 0.954903 -0.184336 1.696207
v 1.017691 -0.216395 1.698511
v 0.901326 -0.350761 1.631329
v 1.017691 -0.216395 1.698511
v 0.954903 -0.184336 1.696207
v 0.954903 -0.184336 1.696207
v 0.858863 -0.295233 1.640759
v 0.901326 -0.350761 1.631329
v 0.583413 -0.350761 1.447783
v 0.742098 -0.399942 1.540025
v 0.727671 -0.335824 1.565014
v 0.727671 -0.335824 1.565014
v 0.596478 -0.295233 1.489271
v 0.583413 -0.350761 1.447783
v 0.467048 -0.216395 1.380600
v 0.583413 -0.350761 1.447783
v 0.596478 -0.295233 1.489271
v 0.596478 -0.295233 1.489271
v 0.500438 -0.184336 1.433823
v 0.467048 -0.216395 1.380600
v 0.424456 -0.032848 1.356009
v 0.467048 -0.216395 1.380600
v 0.500438 -0.184336 1.433823
v 0.500438 -0.184336 1.433823
v 0.465285 -0.032848 1.413527
v 0.424456 -0.032848 1.356009
v 0.467049 0.150699 1.380600
v 0.424456 -0.032848 1.356009
v 0.465285 -0.032848 1.413527
v 0.465285 -0.032848 1.413527
v 0.500438 0.118640 1.433823
v 0.467049 0.150699 1.380600
v 0.583413 0.285065 1.447783
v 0.467049 0.150699 1.380600
v 0.500438 0.118640 1.433823
v 0.500438 0.118640 1.433823
v 0.596478 0.229537 1.489271
v 0.583413 0.285065 1.447783
v 0.742370 0.334246 1.539555
v 0.583413 0.285065 1.447783
v 0.596478 0.229537 1.489271
v 0.596478 0.229537 1.489271
v 0.727671 0.270128 1.565014
v 0.742370 0.334246 1.539555
v 0.901327 0.285065 1.631329
v 0.742370 0.334246 1.539555
v 0.727671 0.270128 1.565014
v 0.727671 0.270128 1.565014
v 0.858864 0.229537 1.640759
v 0.901327 0.285065 1.631329
v 1.017691 0.150699 1.698511
v 0.901327 0.285065 1.631329
v 0.858864 0.229537 1.640759
v 0.858864 0.229537 1.640759
v 0.954903 0.118640 1.696207
v 1.017691 0.150699 1.698511
v 1.060283 -0.032848 1.723102
v 1.017691 0.150699 1.698511
v 0.954903 0.118640 1.696207
v 0.954903 0.118640 1.696207
v 0.990056 -0.032848 1.716502
v 1.060283 -0.032848 1.723102
v 0.990056 -0.032848 1.716502
v 0.954903 0.118640 1.696207
v 0.866118 0.066204 1.668341
v 0.803322 0.138714 1.632086
v 0.866118 0.066204 1.668341
v 0.954903 0.118640 1.696207
v 0.954903 0.118640 1.696207
v 0.858864 0.229537 1.640759
v 0.803322 0.138714 1.632086
v 0.717541 0.165255 1.582561
v 0.803322 0.138714 1.632086
v 0.858864 0.229537 1.640759
v 0.858864 0.229537 1.640759
v 0.727671 0.270128 1.565014
v 0.717541 0.165255 1.582561
v 0.631760 0.138714 1.533035
v 0.717541 0.165255 1.582561
v 0.727671 0.270128 1.565014
v 0.727671 0.270128 1.565014
v 0.596478 0.229537 1.489271
v 0.631760 0.138714 1.533035
v 0.568964 0.066204 1.496780
v 0.631760 0.138714 1.533035
v 0.596478 0.229537 1.489271
v 0.596478 0.229537 1.489271
v 0.500438 0.118640 1.433823
v 0.568964 0.066204 1.496780
v 0.545979 -0.032848 1.483510
v 0.568964 0.066204 1.496780
v 0.500438 0.118640 1.433823
v 0.500438 0.118640 1.433823
v 0.465285 -0.032848 1.413527
v 0.545979 -0.032848 1.483510
v 0.568964 -0.131899 1.496780
v 0.545979 -0.032848 1.483510
v 0.465285 -0.032848 1.413527
v 0.465285 -0.032848 1.413527
v 0.500438 -0.184336 1.433823
v 0.568964 -0.131899 1.496780
v 0.631760 -0.204410 1.533035
v 0.568964 -0.131899 1.496780
v 0.500438 -0.184336 1.433823
v 0.500438 -0.184336 1.433823
v 0.596478 -0.295233 1.489271
v 0.631760 -0.204410 1.533035
v 0.717541 -0.230951 1.582561
v 0.631760 -0.204410 1.533035
v 0.596478 -0.295233 1.489271
v 0.596478 -0.295233 1.489271
v 0.727671 -0.335824 1.565014
v 0.717541 -0.230951 1.582561
v 0.866118 -0.131899 1.668341
v 0.803322 -0.204410 1.632086
v 0.858863 -0.295233 1.640759
v 0.858863 -0.295233 1.640759
v 0.954903 -0.184336 1.696207
v 0.866118 -0.131899 1.668341
v 0.889103 -0.032848 1.681612
v 0.866118 -0.131899 1.668341
v 0.954903 -0.184336 1.696207
v 0.954903 -0.184336 1.696207
v 0.990056 -0.032848 1.716502
v 0.889103 -0.032848 1.681612
v 0.866118 0.066204 1.668341
v 0.889103 -0.032848 1.681612
v 0.990056 -0.032848 1.716502
v 0.742098 -0.399942 1.540025
v 0.901326 -0.350761 1.631329
v 0.858863 -0.295233 1.640759
v 0.858863 -0.295233 1.640759
v 0.727671 -0.335824 1.565014
v 0.742098 -0.399942 1.540025
v 0.803322 -0.204410 1.632086
v 0.717541 -0.230951 1.582561
v 0.727671 -0.335824 1.565014
v 0.727671 -0.335824 1.565014
v 0.858863 -0.295233 1.640759
v 0.803322 -0.204410 1.632086
v 0.573813 -0.216395 1.195676
v 0.531221 -0.032848 1.171085
v 0.601214 -0.032848 1.178090
v 0.601214 -0.032848 1.178090
v 0.636367 -0.184336 1.198386
v 0.573813 -0.216395 1.195676
v 1.125985 -0.032848 1.481064
v 1.090832 0.118640 1.460769
v 1.124456 0.150699 1.513587
v 0.849134 0.334246 1.354632
v 1.008091 0.285065 1.446404
v 0.994792 0.229537 1.405321
v 0.994792 0.229537 1.405321
v 0.863599 0.270128 1.329577
v 0.849134 0.334246 1.354632
v 0.573813 0.150699 1.195676
v 0.690177 0.285065 1.262858
v 0.732407 0.229537 1.253834
v 0.732407 0.229537 1.253834
v 0.636367 0.118640 1.198386
v 0.573813 0.150699 1.195676
v 1.124456 -0.216395 1.513587
v 1.008091 -0.350761 1.446404
v 0.994792 -0.295233 1.405321
v 0.994792 -0.295233 1.405321
v 1.090832 -0.184336 1.460769
v 1.124456 -0.216395 1.513587
v 1.124456 0.150699 1.513587
v 1.167048 -0.032848 1.538177
v 1.125985 -0.032848 1.481064
v 0.849134 -0.399942 1.354632
v 0.690178 -0.350761 1.262858
v 0.732407 -0.295233 1.253834
v 0.732407 -0.295233 1.253834
v 0.863599 -0.335824 1.329577
v 0.849134 -0.399942 1.354632
v 1.008091 0.285065 1.446404
v 1.124456 0.150699 1.513587
v 1.090832 0.118640 1.460769
v 1.090832 0.118640 1.460769
v 0.994792 0.229537 1.405321
v 1.008091 0.285065 1.446404
v 0.690177 0.285065 1.262858
v 0.849134 0.334246 1.354632
v 0.863599 0.270128 1.329577
v 0.863599 0.270128 1.329577
v 0.732407 0.229537 1.253834
v 0.690177 0.285065 1.262858
v 0.531221 -0.032848 1.171085
v 0.573813 0.150699 1.195676
v 0.636367 0.118640 1.198386
v 0.636367 0.118640 1.198386
v 0.601214 -0.032848 1.178090
v 0.531221 -0.032848 1.171085
v 0.690178 -0.350761 1.262858
v 0.573813 -0.216395 1.195676
v 0.636367 -0.184336 1.198386
v 0.636367 -0.184336 1.198386
v 0.732407 -0.295233 1.253834
v 0.690178 -0.350761 1.262858
v 1.008091 -0.350761 1.446404
v 0.849134 -0.399942 1.354632
v 0.863599 -0.335824 1.329577
v 0.863599 -0.335824 1.329577
v 0.994792 -0.295233 1.405321
v 1.008091 -0.350761 1.446404
v 1.167048 -0.032848 1.538177
v 1.124456 -0.216395 1.513587
v 1.090832 -0.184336 1.460769
v 1.090832 -0.184336 1.460769
v 1.125985 -0.032848 1.481064
v 1.167048 -0.032848 1.538177
v -1.434374 -0.216395 0.282823
v -1.391782 -0.032848 0.307414
v -1.462009 -0.032848 0.300815
v -1.462009 -0.032848 0.300815
v -1.497162 -0.184336 0.280518
v -1.434374 -0.216395 0.282823
v -1.550739 -0.350761 0.215641
v -1.434374 -0.216395 0.282823
v -1.497162 -0.184336 0.280518
v -1.497162 -0.184336 0.280518
v -1.593202 -0.295233 0.225070
v -1.550739 -0.350761 0.215641
v -1.868652 -0.350761 0.032095
v -1.709967 -0.399942 0.124338
v -1.724394 -0.335824 0.149328
v -1.724394 -0.335824 0.149328
v -1.855587 -0.295233 0.073584
v -1.868652 -0.350761 0.032095
v -1.985017 -0.216395 -0.035087
v -1.868652 -0.350761 0.032095
v -1.855587 -0.295233 0.073584
v -1.855587 -0.295233 0.073584
v -1.951627 -0.184336 0.018136
v -1.985017 -0.216395 -0.035087
v -2.027609 -0.032848 -0.059678
v -1.985017 -0.216395 -0.035087
v -1.951627 -0.184336 0.018136
v -1.951627 -0.184336 0.018136
v -1.986780 -0.032848 -0.002160
v -2.027609 -0.032848 -0.059678
v -1.985017 0.150699 -0.035087
v -2.027609 -0.032848 -0.059678
v -1.986780 -0.032848 -0.002160
v -1.986780 -0.032848 -0.002160
v -1.951627 0.118640 0.018136
v -1.985017 0.150699 -0.035087
v -1.868652 0.285065 0.032095
v -1.985017 0.150699 -0.035087
v -1.951627 0.118640 0.018136
v -1.951627 0.118640 0.018136
v -1.855587 0.229537 0.073584
v -1.868652 0.285065 0.032095
v -1.709695 0.334246 0.123868
v -1.868652 0.285065 0.032095
v -1.855587 0.229537 0.073584
v -1.855587 0.229537 0.073584
v -1.724394 0.270128 0.149328
v -1.709695 0.334246 0.123868
v -1.550739 0.285065 0.215641
v -1.709695 0.334246 0.123868
v -1.724394 0.270128 0.149328
v -1.724394 0.270128 0.149328
v -1.593201 0.229537 0.225070
v -1.550739 0.285065 0.215641
v -1.434374 0.150699 0.282823
v -1.550739 0.285065 0.215641
v -1.593201 0.229537 0.225070
v -1.593201 0.229537 0.225070
v -1.497162 0.118640 0.280519
v -1.434374 0.150699 0.282823
v -1.391782 -0.032848 0.307414
v -1.434374 0.150699 0.282823
v -1.497162 0.118640 0.280519
v -1.497162 0.118640 0.280519
v -1.462009 -0.032848 0.300815
v -1.391782 -0.032848 0.307414
v -1.462009 -0.032848 0.300815
v -1.497162 0.118640 0.280519
v -1.585947 0.066204 0.252653
v -1.648743 0.138714 0.216398
v -1.585947 0.066204 0.252653
v -1.497162 0.118640 0.280519
v -1.497162 0.118640 0.280519
v -1.593201 0.229537 0.225070
v -1.648743 0.138714 0.216398
v -1.734524 0.165255 0.166873
v -1.648743 0.138714 0.216398
v -1.593201 0.229537 0.225070
v -1.593201 0.229537 0.225070
v -1.724394 0.270128 0.149328
v -1.734524 0.165255 0.166873
v -1.820305 0.138714 0.117348
v -1.734524 0.165255 0.166873
v -1.724394 0.270128 0.149328
v -1.724394 0.270128 0.149328
v -1.855587 0.229537 0.073584
v -1.820305 0.138714 0.117348
v -1.883101 0.066204 0.081093
v -1.820305 0.138714 0.117348
v -1.855587 0.229537 0.073584
v -1.855587 0.229537 0.073584
v -1.951627 0.118640 0.018136
v -1.883101 0.066204 0.081093
v -1.906087 -0.032848 0.067823
v -1.883101 0.066204 0.081093
v -1.951627 0.118640 0.018136
v -1.951627 0.118640 0.018136
v -1.986780 -0.032848 -0.002160
v -1.906087 -0.032848 0.067823
v -1.883101 -0.131899 0.081093
v -1.906087 -0.032848 0.067823
v -1.986780 -0.032848 -0.002160
v -1.986780 -0.032848 -0.002160
v -1.951627 -0.184336 0.018136
v -1.883101 -0.131899 0.081093
v -1.820305 -0.204410 0.117348
v -1.883101 -0.131899 0.081093
v -1.951627 -0.184336 0.018136
v -1.951627 -0.184336 0.018136
v -1.855587 -0.295233 0.073584
v -1.820305 -0.204410 0.117348
v -1.734524 -0.230951 0.166873
v -1.820305 -0.204410 0.117348
v -1.855587 -0.295233 0.073584
v -1.855587 -0.295233 0.073584
v -1.724394 -0.335824 0.149328
v -1.734524 -0.230951 0.166873
v -1.585947 -0.131899 0.252653
v -1.648743 -0.204410 0.216398
v -1.593202 -0.295233 0.225070
v -1.593202 -0.295233 0.225070
v -1.497162 -0.184336 0.280518
v -1.585947 -0.131899 0.252653
v -1.562962 -0.032848 0.265924
v -1.585947 -0.131899 0.252653
v -1.497162 -0.184336 0.280518
v -1.497162 -0.184336 0.280518
v -1.462009 -0.032848 0.300815
v -1.562962 -0.032848 0.265924
v -1.585947 0.066204 0.252653
v -1.562962 -0.032848 0.265924
v -1.462009 -0.032848 0.300815
v -1.709967 -0.399942 0.124338
v -1.550739 -0.350761 0.215641
v -1.593202 -0.295233 0.225070
v -1.593202 -0.295233 0.225070
v -1.724394 -0.335824 0.149328
v -1.709967 -0.399942 0.124338
v -1.648743 -0.204410 0.216398
v -1.734524 -0.230951 0.166873
v -1.724394 -0.335824 0.149328
v -1.724394 -0.335824 0.149328
v -1.593202 -0.295233 0.225070
v -1.648743 -0.204410 0.216398
# 1800 vertices

vt 0.320233 1.857076
vt 0.323432 1.857901
vt 0.320249 1.858786
vt 0.321074 1.855587
vt 0.322547 1.854718
vt 0.324257 1.854702
vt 0.325746 1.855543
vt 0.326615 1.857016
vt 0.326631 1.858726
vt 0.325790 1.860215
vt 0.324317 1.861084
vt 0.322607 1.861100
vt 0.321092 1.860124
vt 0.367708 1.081667
vt 0.361610 1.102588
vt 0.409044 1.117962
vt 0.447740 1.105551
vt 0.351869 1.104620
vt 0.402261 1.148238
vt 0.370654 1.141624
vt 0.729067 1.027204
vt 0.762068 1.102026
vt 0.876002 1.097546
vt 0.690103 1.017425
vt 0.723279 1.102525
vt 0.601785 1.016322
vt 0.602902 1.104088
vt 0.526068 1.067276
vt 0.526662 1.105030
vt 0.447191 1.074353
vt 0.723548 1.122368
vt 0.603165 1.124206
vt 0.714598 1.158974
vt 0.603581 1.160247
vt 0.526918 1.125513
vt 0.527341 1.161143
vt 0.504751 1.161486
vt 0.492041 1.126758
vt 0.866202 1.069129
vt 0.802183 1.125429
vt 0.878495 1.120189
vt 0.807349 1.149298
vt 0.871079 1.131321
vt 0.617181 1.709365
vt 0.708653 1.714287
vt 0.708263 1.672790
vt 0.616526 1.666295
vt 0.525028 1.675578
vt 0.525901 1.717068
vt 0.710349 1.663060
vt 0.618280 1.658019
vt 0.712203 1.641347
vt 0.619882 1.636509
vt 0.612265 1.636625
vt 0.520133 1.644270
vt 0.614520 1.658076
vt 0.522647 1.665916
vt 0.902147 1.367038
vt 0.895320 1.346343
vt 0.855281 1.384064
vt 0.816174 1.373016
vt 0.911953 1.368727
vt 0.863121 1.414084
vt 0.894476 1.406367
vt 0.501916 1.380500
vt 0.532292 1.304565
vt 0.387893 1.379997
vt 0.570884 1.293439
vt 0.540698 1.379646
vt 0.659110 1.289256
vt 0.661048 1.376585
vt 0.736564 1.337528
vt 0.737283 1.375261
vt 0.815630 1.341819
vt 0.396696 1.351255
vt 0.386191 1.402712
vt 0.462640 1.405288
vt 0.458310 1.429322
vt 0.393992 1.413579
vt 0.541124 1.399486
vt 0.661497 1.397106
vt 0.551351 1.435755
vt 0.662344 1.433139
vt 0.737744 1.395741
vt 0.738569 1.431364
vt 0.761159 1.430915
vt 0.772643 1.395762
vt 0.452378 1.641218
vt 0.444388 1.673267
vt 0.435283 1.641516
vt 0.420628 1.650322
vt 0.412339 1.665276
vt 0.412637 1.682371
vt 0.421443 1.697026
vt 0.436397 1.705315
vt 0.453492 1.705017
vt 0.468147 1.696211
vt 0.476436 1.681257
vt 0.476138 1.664162
vt 0.467332 1.649507
vt 0.180220 1.842390
vt 0.251403 1.842912
vt 0.180510 1.802778
vt 0.109036 1.841868
vt 0.116008 1.802305
vt 0.181158 1.714455
vt 0.116492 1.713981
vt 0.245012 1.803251
vt 0.245824 1.714930
vt 0.079611 1.982216
vt 0.179188 1.982947
vt 0.278765 1.983677
vt 0.836057 1.723454
vt 0.921868 1.722183
vt 0.899404 1.633726
vt 0.834743 1.634684
vt 0.770082 1.635641
vt 0.750251 1.724718
vt 0.837358 1.811368
vt 0.925636 1.801913
vt 0.838657 1.899282
vt 0.929406 1.881642
vt 0.748840 1.804524
vt 0.747426 1.884330
vt 0.606833 1.906418
vt 0.507268 1.908157
vt 0.507502 1.921531
vt 0.607066 1.919793
vt 0.706631 1.918054
vt 0.706397 1.904680
vt 0.506346 1.855326
vt 0.506871 1.885381
vt 0.606435 1.883643
vt 0.605910 1.853587
vt 0.705475 1.851849
vt 0.706000 1.881904
vt 0.186156 1.620228
vt 0.086590 1.621871
vt 0.095692 1.652853
vt 0.186851 1.661883
vt 0.277658 1.649818
vt 0.285722 1.618549
vt 0.185633 1.589207
vt 0.086077 1.590849
vt 0.285198 1.587528
vt 0.184992 1.549689
vt 0.075974 1.551488
vt 0.293980 1.547851
vt 0.184179 1.500638
vt 0.077564 1.502398
vt 0.290747 1.498842
vt 0.183586 1.465102
vt 0.087149 1.466740
vt 0.279934 1.463477
vt 0.183157 1.442366
vt 0.086852 1.443989
vt 0.279461 1.440742
vt 0.181871 1.366131
vt 0.085611 1.367754
vt 0.179999 1.255122
vt 0.083784 1.256745
vt 0.278131 1.364508
vt 0.276215 1.253500
vt 0.179370 1.217817
vt 0.077863 1.219529
vt 0.280878 1.216105
vt 0.178644 1.174748
vt 0.070594 1.176570
vt 0.286695 1.172926
vt 0.177862 1.128379
vt 0.072311 1.130158
vt 0.283414 1.126599
vt 0.177451 1.103972
vt 0.071132 1.105765
vt 0.283770 1.102179
vt 0.176340 1.038111
vt 0.076775 1.039789
vt 0.275905 1.036432
vt 0.326615 1.857016
vt 0.323432 1.857901
vt 0.325746 1.855543
vt 0.326631 1.858726
vt 0.325790 1.860215
vt 0.324317 1.861084
vt 0.322607 1.861100
vt 0.321118 1.860259
vt 0.320249 1.858786
vt 0.320233 1.857076
vt 0.321074 1.855587
vt 0.322547 1.854718
vt 0.324347 1.854806
vt 0.452378 1.641218
vt 0.444388 1.673266
vt 0.435283 1.641516
vt 0.420628 1.650322
vt 0.412339 1.665276
vt 0.412637 1.682371
vt 0.421443 1.697026
vt 0.436397 1.705315
vt 0.453492 1.705017
vt 0.468147 1.696211
vt 0.476436 1.681257
vt 0.476138 1.664162
vt 0.467332 1.649507
vt 0.323432 1.857901
vt 0.322607 1.861100
vt 0.324317 1.861084
vt 0.321118 1.860259
vt 0.320249 1.858786
vt 0.320233 1.857076
vt 0.321074 1.855587
vt 0.322547 1.854718
vt 0.324257 1.854702
vt 0.325746 1.855543
vt 0.326615 1.857016
vt 0.326631 1.858726
vt 0.325655 1.860241
vt 0.323432 1.857901
vt 0.322607 1.861100
vt 0.324317 1.861084
vt 0.321118 1.860259
vt 0.320249 1.858786
vt 0.320233 1.857076
vt 0.321074 1.855587
vt 0.322547 1.854718
vt 0.324257 1.854702
vt 0.325746 1.855543
vt 0.326615 1.857016
vt 0.326631 1.858726
vt 0.325655 1.860241
vt 0.444388 1.673266
vt 0.412339 1.665276
vt 0.412637 1.682371
vt 0.421443 1.697026
vt 0.436397 1.705315
vt 0.453492 1.705017
vt 0.468147 1.696211
vt 0.476436 1.681257
vt 0.476138 1.664162
vt 0.467332 1.649507
vt 0.452378 1.641218
vt 0.435283 1.641516
vt 0.420628 1.650322
vt 0.444388 1.673266
vt 0.412339 1.665276
vt 0.412637 1.682371
vt 0.421443 1.697026
vt 0.436397 1.705315
vt 0.453492 1.705017
vt 0.468147 1.696211
vt 0.476436 1.681257
vt 0.476138 1.664162
vt 0.467332 1.649507
vt 0.452378 1.641218
vt 0.435283 1.641516
vt 0.420628 1.650322
vt 0.699933 1.539625
vt 0.679627 1.563262
vt 0.679220 1.539987
vt 0.700339 1.562900
vt 0.658914 1.563623
vt 0.658508 1.540348
vt 0.638202 1.563985
vt 0.637795 1.540710
vt 0.513520 1.542880
vt 0.493215 1.566576
vt 0.492807 1.543241
vt 0.513926 1.566155
vt 0.534232 1.542518
vt 0.534639 1.565793
vt 0.554945 1.542156
vt 0.555351 1.565432
vt 0.575657 1.541795
vt 0.576064 1.565070
vt 0.596370 1.541433
vt 0.596776 1.564708
vt 0.617083 1.541072
vt 0.617489 1.564347
vt 0.720645 1.539264
vt 0.721052 1.562539
vt 0.741358 1.538902
vt 0.741765 1.562236
vt 0.534640 1.565852
vt 0.554946 1.542216
vt 0.555352 1.565491
vt 0.534233 1.542577
vt 0.575659 1.541854
vt 0.576065 1.565129
vt 0.596371 1.541492
vt 0.596777 1.564767
vt 0.721053 1.562598
vt 0.741358 1.538902
vt 0.741766 1.562236
vt 0.720647 1.539323
vt 0.700340 1.562959
vt 0.699934 1.539684
vt 0.679628 1.563321
vt 0.679222 1.540046
vt 0.658915 1.563683
vt 0.658509 1.540408
vt 0.638203 1.564044
vt 0.637796 1.540769
vt 0.617490 1.564406
vt 0.617084 1.541131
vt 0.513927 1.566214
vt 0.513521 1.542939
vt 0.493215 1.566576
vt 0.492807 1.543241
vt 0.679627 1.563262
vt 0.699933 1.539625
vt 0.679221 1.539986
vt 0.700340 1.562900
vt 0.658914 1.563623
vt 0.658508 1.540348
vt 0.638202 1.563985
vt 0.637795 1.540710
vt 0.493215 1.566576
vt 0.513520 1.542880
vt 0.492807 1.543242
vt 0.513926 1.566155
vt 0.534232 1.542518
vt 0.534639 1.565793
vt 0.554945 1.542157
vt 0.555351 1.565432
vt 0.575658 1.541795
vt 0.576064 1.565070
vt 0.596370 1.541433
vt 0.596777 1.564708
vt 0.617083 1.541071
vt 0.617489 1.564347
vt 0.720646 1.539263
vt 0.721052 1.562538
vt 0.741358 1.538902
vt 0.741766 1.562236
vt 0.679627 1.563262
vt 0.699933 1.539625
vt 0.679220 1.539987
vt 0.700339 1.562900
vt 0.658914 1.563623
vt 0.658508 1.540348
vt 0.638202 1.563985
vt 0.637795 1.540710
vt 0.493214 1.566576
vt 0.513520 1.542880
vt 0.492807 1.543241
vt 0.513926 1.566155
vt 0.534232 1.542518
vt 0.534639 1.565793
vt 0.554945 1.542156
vt 0.555351 1.565432
vt 0.575657 1.541795
vt 0.576064 1.565070
vt 0.596370 1.541433
vt 0.596776 1.564708
vt 0.617083 1.541072
vt 0.617489 1.564347
vt 0.720646 1.539263
vt 0.721052 1.562539
vt 0.741358 1.538902
vt 0.741765 1.562236
vt 0.320249 1.858786
vt 0.321092 1.860124
vt 0.304295 1.863388
vt 0.304295 1.863388
vt 0.304115 1.853085
vt 0.320249 1.858786
vt 0.320233 1.857076
vt 0.320249 1.858786
vt 0.304115 1.853085
vt 0.304115 1.853085
vt 0.309111 1.844072
vt 0.320233 1.857076
vt 0.321074 1.855587
vt 0.320233 1.857076
vt 0.309111 1.844072
vt 0.309111 1.844072
vt 0.317945 1.838764
vt 0.321074 1.855587
vt 0.322547 1.854718
vt 0.321074 1.855587
vt 0.317945 1.838764
vt 0.317945 1.838764
vt 0.328248 1.838584
vt 0.322547 1.854718
vt 0.324257 1.854702
vt 0.322547 1.854718
vt 0.328248 1.838584
vt 0.328248 1.838584
vt 0.337262 1.843580
vt 0.324257 1.854702
vt 0.325746 1.855543
vt 0.324257 1.854702
vt 0.337262 1.843580
vt 0.337262 1.843580
vt 0.342569 1.852413
vt 0.325746 1.855543
vt 0.326615 1.857016
vt 0.325746 1.855543
vt 0.342569 1.852413
vt 0.342569 1.852413
vt 0.342749 1.862717
vt 0.326615 1.857016
vt 0.326631 1.858726
vt 0.326615 1.857016
vt 0.342749 1.862717
vt 0.342749 1.862717
vt 0.337753 1.871730
vt 0.326631 1.858726
vt 0.325790 1.860215
vt 0.326631 1.858726
vt 0.337753 1.871730
vt 0.337753 1.871730
vt 0.328920 1.877038
vt 0.325790 1.860215
vt 0.324317 1.861084
vt 0.325790 1.860215
vt 0.328920 1.877038
vt 0.328920 1.877038
vt 0.318616 1.877218
vt 0.324317 1.861084
vt 0.322607 1.861100
vt 0.324317 1.861084
vt 0.318616 1.877218
vt 0.318616 1.877218
vt 0.309603 1.872222
vt 0.322607 1.861100
vt 0.321092 1.860124
vt 0.322607 1.861100
vt 0.309603 1.872222
vt 0.309603 1.872222
vt 0.304295 1.863388
vt 0.321092 1.860124
vt 0.434367 1.712710
vt 0.416248 1.702667
vt 0.436397 1.705315
vt 0.421443 1.697026
vt 0.436397 1.705315
vt 0.416248 1.702667
vt 0.467332 1.649507
vt 0.452378 1.641218
vt 0.472527 1.643866
vt 0.483557 1.662223
vt 0.483919 1.682936
vt 0.476138 1.664162
vt 0.476436 1.681257
vt 0.476138 1.664162
vt 0.483919 1.682936
vt 0.473536 1.701667
vt 0.455779 1.712336
vt 0.468147 1.696211
vt 0.453492 1.705017
vt 0.468147 1.696211
vt 0.455779 1.712336
vt 0.415239 1.644866
vt 0.432996 1.634197
vt 0.420628 1.650322
vt 0.435283 1.641516
vt 0.420628 1.650322
vt 0.432996 1.634197
vt 0.454409 1.633823
vt 0.472527 1.643866
vt 0.452378 1.641218
vt 0.405218 1.684310
vt 0.404856 1.663597
vt 0.412637 1.682371
vt 0.412339 1.665276
vt 0.412637 1.682371
vt 0.404856 1.663597
vt 0.472788 1.644118
vt 0.483457 1.661875
vt 0.467332 1.649507
vt 0.476138 1.664162
vt 0.467332 1.649507
vt 0.483457 1.661875
vt 0.483831 1.683287
vt 0.473788 1.701406
vt 0.476436 1.681257
vt 0.468147 1.696211
vt 0.476436 1.681257
vt 0.473788 1.701406
vt 0.455431 1.712436
vt 0.434718 1.712798
vt 0.453492 1.705017
vt 0.436397 1.705315
vt 0.453492 1.705017
vt 0.434718 1.712798
vt 0.415987 1.702415
vt 0.405318 1.684658
vt 0.421443 1.697026
vt 0.412637 1.682371
vt 0.421443 1.697026
vt 0.405318 1.684658
vt 0.404944 1.663245
vt 0.414987 1.645127
vt 0.412339 1.665276
vt 0.420628 1.650322
vt 0.412339 1.665276
vt 0.414987 1.645127
vt 0.433344 1.634097
vt 0.454057 1.633735
vt 0.435283 1.641516
vt 0.452378 1.641218
vt 0.435283 1.641516
vt 0.454057 1.633735
vt 0.411467 1.811715
vt 0.427907 1.799110
vt 0.417612 1.816508
vt 0.431019 1.806142
vt 0.417612 1.816508
vt 0.427907 1.799110
vt 0.427907 1.799110
vt 0.448291 1.795419
vt 0.431019 1.806142
vt 0.447967 1.803205
vt 0.431019 1.806142
vt 0.448291 1.795419
vt 0.472539 1.809098
vt 0.482993 1.826982
vt 0.467015 1.814412
vt 0.475624 1.829183
vt 0.467015 1.814412
vt 0.482993 1.826982
vt 0.482993 1.826982
vt 0.483359 1.847984
vt 0.475624 1.829183
vt 0.475861 1.846279
vt 0.475624 1.829183
vt 0.483359 1.847984
vt 0.483359 1.847984
vt 0.473355 1.866454
vt 0.475861 1.846279
vt 0.467664 1.861283
vt 0.475861 1.846279
vt 0.473355 1.866454
vt 0.473355 1.866454
vt 0.455564 1.877621
vt 0.467664 1.861283
vt 0.453150 1.870320
vt 0.467664 1.861283
vt 0.455564 1.877621
vt 0.455564 1.877621
vt 0.434582 1.878600
vt 0.453150 1.870320
vt 0.436068 1.871055
vt 0.453150 1.870320
vt 0.434582 1.878600
vt 0.434582 1.878600
vt 0.415828 1.869138
vt 0.436068 1.871055
vt 0.420831 1.863299
vt 0.436068 1.871055
vt 0.415828 1.869138
vt 0.415828 1.869138
vt 0.404148 1.851681
vt 0.420831 1.863299
vt 0.411375 1.849054
vt 0.420831 1.863299
vt 0.404148 1.851681
vt 0.404148 1.851681
vt 0.402557 1.830736
vt 0.411375 1.849054
vt 0.410215 1.832006
vt 0.411375 1.849054
vt 0.402557 1.830736
vt 0.402557 1.830736
vt 0.411467 1.811715
vt 0.410215 1.832006
vt 0.417612 1.816508
vt 0.410215 1.832006
vt 0.411467 1.811715
vt 0.410215 1.832006
vt 0.417612 1.816508
vt 0.421588 1.834141
vt 0.421588 1.834141
vt 0.422394 1.845291
vt 0.410215 1.832006
vt 0.411375 1.849054
vt 0.410215 1.832006
vt 0.422394 1.845291
vt 0.422394 1.845291
vt 0.428577 1.854604
vt 0.411375 1.849054
vt 0.420831 1.863299
vt 0.411375 1.849054
vt 0.428577 1.854604
vt 0.428577 1.854604
vt 0.438540 1.859676
vt 0.420831 1.863299
vt 0.436068 1.871055
vt 0.420831 1.863299
vt 0.438540 1.859676
vt 0.438540 1.859676
vt 0.449709 1.859195
vt 0.436068 1.871055
vt 0.453150 1.870320
vt 0.436068 1.871055
vt 0.449709 1.859195
vt 0.449709 1.859195
vt 0.459199 1.853287
vt 0.453150 1.870320
vt 0.467664 1.861283
vt 0.453150 1.870320
vt 0.459199 1.853287
vt 0.459199 1.853287
vt 0.464559 1.843476
vt 0.467664 1.861283
vt 0.475861 1.846279
vt 0.467664 1.861283
vt 0.464559 1.843476
vt 0.464559 1.843476
vt 0.464404 1.832298
vt 0.475861 1.846279
vt 0.475624 1.829183
vt 0.475861 1.846279
vt 0.464404 1.832298
vt 0.464404 1.832298
vt 0.458775 1.822639
vt 0.475624 1.829183
vt 0.467015 1.814412
vt 0.475624 1.829183
vt 0.458775 1.822639
vt 0.447389 1.814731
vt 0.435937 1.816697
vt 0.447967 1.803205
vt 0.431019 1.806142
vt 0.447967 1.803205
vt 0.435937 1.816697
vt 0.435937 1.816697
vt 0.426651 1.823682
vt 0.431019 1.806142
vt 0.417612 1.816508
vt 0.431019 1.806142
vt 0.426651 1.823682
vt 0.426651 1.823682
vt 0.421588 1.834141
vt 0.417612 1.816508
vt 0.448291 1.795419
vt 0.468100 1.801484
vt 0.447967 1.803205
vt 0.464197 1.808081
vt 0.447967 1.803205
vt 0.468100 1.801484
vt 0.458083 1.817991
vt 0.447389 1.814731
vt 0.464197 1.808081
vt 0.447967 1.803205
vt 0.464197 1.808081
vt 0.447389 1.814731
vt 0.327193 1.683970
vt 0.338326 1.684980
vt 0.327493 1.687211
vt 0.337448 1.688114
vt 0.327493 1.687211
vt 0.338326 1.684980
vt 0.338326 1.684980
vt 0.348363 1.689904
vt 0.337448 1.688114
vt 0.346421 1.692517
vt 0.337448 1.688114
vt 0.348363 1.689904
vt 0.348363 1.689904
vt 0.355974 1.698093
vt 0.346421 1.692517
vt 0.353227 1.699838
vt 0.346421 1.692517
vt 0.355974 1.698093
vt 0.355974 1.698093
vt 0.360153 1.708461
vt 0.353227 1.699838
vt 0.356964 1.709109
vt 0.353227 1.699838
vt 0.360153 1.708461
vt 0.360153 1.708461
vt 0.360349 1.719639
vt 0.356964 1.709109
vt 0.357138 1.719103
vt 0.356964 1.709109
vt 0.360349 1.719639
vt 0.360349 1.719639
vt 0.356534 1.730147
vt 0.357138 1.719103
vt 0.353727 1.728498
vt 0.357138 1.719103
vt 0.356534 1.730147
vt 0.356534 1.730147
vt 0.349213 1.738596
vt 0.353727 1.728498
vt 0.347182 1.736053
vt 0.353727 1.728498
vt 0.349213 1.738596
vt 0.349213 1.738596
vt 0.339355 1.743868
vt 0.347182 1.736053
vt 0.338367 1.740767
vt 0.347182 1.736053
vt 0.339355 1.743868
vt 0.301497 1.703141
vt 0.307474 1.693694
vt 0.304518 1.704352
vt 0.309862 1.695905
vt 0.304518 1.704352
vt 0.307474 1.693694
vt 0.307474 1.693694
vt 0.316434 1.687009
vt 0.309862 1.695905
vt 0.317874 1.689928
vt 0.309862 1.695905
vt 0.316434 1.687009
vt 0.316434 1.687009
vt 0.327193 1.683970
vt 0.317874 1.689928
vt 0.327493 1.687211
vt 0.317874 1.689928
vt 0.327193 1.683970
vt 0.339355 1.743868
vt 0.328263 1.745266
vt 0.338367 1.740767
vt 0.328450 1.742016
vt 0.338367 1.740767
vt 0.328263 1.745266
vt 0.325746 1.855543
vt 0.324347 1.854806
vt 0.337262 1.843580
vt 0.337262 1.843580
vt 0.342569 1.852413
vt 0.325746 1.855543
vt 0.326615 1.857016
vt 0.325746 1.855543
vt 0.342569 1.852413
vt 0.342569 1.852413
vt 0.342749 1.862717
vt 0.326615 1.857016
vt 0.326631 1.858726
vt 0.326615 1.857016
vt 0.342749 1.862717
vt 0.342749 1.862717
vt 0.337753 1.871730
vt 0.326631 1.858726
vt 0.325790 1.860215
vt 0.326631 1.858726
vt 0.337753 1.871730
vt 0.337753 1.871730
vt 0.328920 1.877038
vt 0.325790 1.860215
vt 0.324317 1.861084
vt 0.325790 1.860215
vt 0.328920 1.877038
vt 0.328920 1.877038
vt 0.318616 1.877218
vt 0.324317 1.861084
vt 0.322607 1.861100
vt 0.324317 1.861084
vt 0.318616 1.877218
vt 0.318616 1.877218
vt 0.309603 1.872222
vt 0.322607 1.861100
vt 0.321118 1.860259
vt 0.322607 1.861100
vt 0.309603 1.872222
vt 0.309603 1.872222
vt 0.304295 1.863388
vt 0.321118 1.860259
vt 0.320249 1.858786
vt 0.321118 1.860259
vt 0.304295 1.863388
vt 0.304295 1.863388
vt 0.304115 1.853085
vt 0.320249 1.858786
vt 0.320233 1.857076
vt 0.320249 1.858786
vt 0.304115 1.853085
vt 0.304115 1.853085
vt 0.309111 1.844072
vt 0.320233 1.857076
vt 0.321074 1.855587
vt 0.320233 1.857076
vt 0.309111 1.844072
vt 0.309111 1.844072
vt 0.317944 1.838764
vt 0.321074 1.855587
vt 0.322547 1.854718
vt 0.321074 1.855587
vt 0.317944 1.838764
vt 0.317944 1.838764
vt 0.328248 1.838584
vt 0.322547 1.854718
vt 0.324347 1.854806
vt 0.322547 1.854718
vt 0.328248 1.838584
vt 0.328248 1.838584
vt 0.337262 1.843580
vt 0.324347 1.854806
vt 0.327193 1.683970
vt 0.338326 1.684980
vt 0.327493 1.687211
vt 0.337448 1.688114
vt 0.327493 1.687211
vt 0.338326 1.684980
vt 0.338326 1.684980
vt 0.348363 1.689904
vt 0.337448 1.688114
vt 0.346421 1.692517
vt 0.337448 1.688114
vt 0.348363 1.689904
vt 0.348363 1.689904
vt 0.355974 1.698092
vt 0.346421 1.692517
vt 0.353227 1.699838
vt 0.346421 1.692517
vt 0.355974 1.698092
vt 0.355974 1.698092
vt 0.360153 1.708461
vt 0.353227 1.699838
vt 0.356964 1.709109
vt 0.353227 1.699838
vt 0.360153 1.708461
vt 0.360153 1.708461
vt 0.360349 1.719639
vt 0.356964 1.709109
vt 0.357138 1.719103
vt 0.356964 1.709109
vt 0.360349 1.719639
vt 0.360349 1.719639
vt 0.356534 1.730147
vt 0.357138 1.719103
vt 0.353727 1.728498
vt 0.357138 1.719103
vt 0.356534 1.730147
vt 0.356534 1.730147
vt 0.349213 1.738596
vt 0.353727 1.728498
vt 0.347182 1.736053
vt 0.353727 1.728498
vt 0.349213 1.738596
vt 0.349213 1.738596
vt 0.339355 1.743868
vt 0.347182 1.736053
vt 0.338367 1.740766
vt 0.347182 1.736053
vt 0.339355 1.743868
vt 0.301497 1.703141
vt 0.307474 1.693694
vt 0.304518 1.704352
vt 0.309862 1.695905
vt 0.304518 1.704352
vt 0.307474 1.693694
vt 0.307474 1.693694
vt 0.316434 1.687009
vt 0.309862 1.695905
vt 0.317874 1.689928
vt 0.309862 1.695905
vt 0.316434 1.687009
vt 0.316434 1.687009
vt 0.327193 1.683970
vt 0.317874 1.689928
vt 0.327493 1.687211
vt 0.317874 1.689928
vt 0.327193 1.683970
vt 0.339355 1.743868
vt 0.328263 1.745266
vt 0.338367 1.740766
vt 0.328450 1.742016
vt 0.338367 1.740766
vt 0.328263 1.745266
vt 0.404485 1.850636
vt 0.402189 1.830048
vt 0.411764 1.847853
vt 0.409818 1.831018
vt 0.411764 1.847853
vt 0.402189 1.830048
vt 0.402189 1.830048
vt 0.409563 1.810689
vt 0.409818 1.831018
vt 0.416061 1.814991
vt 0.409818 1.831018
vt 0.409563 1.810689
vt 0.433803 1.796998
vt 0.454517 1.797290
vt 0.435498 1.804474
vt 0.452594 1.804736
vt 0.435498 1.804474
vt 0.454517 1.797290
vt 0.454517 1.797290
vt 0.472687 1.807829
vt 0.452594 1.804736
vt 0.467352 1.813367
vt 0.452594 1.804736
vt 0.472687 1.807829
vt 0.472687 1.807829
vt 0.483330 1.825938
vt 0.467352 1.813367
vt 0.475962 1.828139
vt 0.467352 1.813367
vt 0.483330 1.825938
vt 0.483330 1.825938
vt 0.483697 1.846940
vt 0.475962 1.828139
vt 0.476199 1.845234
vt 0.475962 1.828139
vt 0.483697 1.846940
vt 0.483697 1.846940
vt 0.473693 1.865409
vt 0.476199 1.845234
vt 0.468001 1.860239
vt 0.476199 1.845234
vt 0.473693 1.865409
vt 0.473693 1.865409
vt 0.455902 1.876576
vt 0.468001 1.860239
vt 0.453487 1.869275
vt 0.468001 1.860239
vt 0.455902 1.876576
vt 0.455902 1.876576
vt 0.434920 1.877555
vt 0.453487 1.869275
vt 0.436406 1.870011
vt 0.453487 1.869275
vt 0.434920 1.877555
vt 0.434920 1.877555
vt 0.416166 1.868094
vt 0.436406 1.870011
vt 0.421211 1.862194
vt 0.436406 1.870011
vt 0.416166 1.868094
vt 0.416166 1.868094
vt 0.404485 1.850636
vt 0.421211 1.862194
vt 0.411764 1.847853
vt 0.421211 1.862194
vt 0.404485 1.850636
vt 0.421211 1.862194
vt 0.411764 1.847853
vt 0.428915 1.853560
vt 0.428915 1.853560
vt 0.438878 1.858632
vt 0.421211 1.862194
vt 0.436406 1.870011
vt 0.421211 1.862194
vt 0.438878 1.858632
vt 0.438878 1.858632
vt 0.450047 1.858151
vt 0.436406 1.870011
vt 0.453487 1.869275
vt 0.436406 1.870011
vt 0.450047 1.858151
vt 0.450047 1.858151
vt 0.459537 1.852242
vt 0.453487 1.869275
vt 0.468001 1.860239
vt 0.453487 1.869275
vt 0.459537 1.852242
vt 0.459537 1.852242
vt 0.464897 1.842432
vt 0.468001 1.860239
vt 0.476199 1.845234
vt 0.468001 1.860239
vt 0.464897 1.842432
vt 0.464897 1.842432
vt 0.464742 1.831253
vt 0.476199 1.845234
vt 0.475962 1.828139
vt 0.476199 1.845234
vt 0.464742 1.831253
vt 0.464742 1.831253
vt 0.459112 1.821595
vt 0.475962 1.828139
vt 0.467352 1.813367
vt 0.475962 1.828139
vt 0.459112 1.821595
vt 0.459112 1.821595
vt 0.449462 1.815951
vt 0.467352 1.813367
vt 0.452594 1.804736
vt 0.467352 1.813367
vt 0.449462 1.815951
vt 0.449462 1.815951
vt 0.438284 1.815780
vt 0.452594 1.804736
vt 0.435498 1.804474
vt 0.452594 1.804736
vt 0.438284 1.815780
vt 0.425631 1.821441
vt 0.421395 1.832261
vt 0.416061 1.814991
vt 0.409818 1.831018
vt 0.416061 1.814991
vt 0.421395 1.832261
vt 0.421395 1.832261
vt 0.422577 1.843821
vt 0.409818 1.831018
vt 0.411764 1.847853
vt 0.409818 1.831018
vt 0.422577 1.843821
vt 0.422577 1.843821
vt 0.428915 1.853560
vt 0.411764 1.847853
vt 0.409563 1.810689
vt 0.424991 1.796864
vt 0.416061 1.814991
vt 0.428622 1.803615
vt 0.416061 1.814991
vt 0.424991 1.796864
vt 0.433947 1.813970
vt 0.425631 1.821441
vt 0.428622 1.803615
vt 0.416061 1.814991
vt 0.428622 1.803615
vt 0.425631 1.821441
vt 0.434366 1.712710
vt 0.416248 1.702667
vt 0.436397 1.705315
vt 0.421443 1.697026
vt 0.436397 1.705315
vt 0.416248 1.702667
vt 0.467332 1.649507
vt 0.452378 1.641218
vt 0.472527 1.643866
vt 0.483557 1.662223
vt 0.483919 1.682936
vt 0.476138 1.664162
vt 0.476436 1.681257
vt 0.476138 1.664162
vt 0.483919 1.682936
vt 0.473536 1.701667
vt 0.455779 1.712336
vt 0.468147 1.696211
vt 0.453492 1.705017
vt 0.468147 1.696211
vt 0.455779 1.712336
vt 0.415239 1.644866
vt 0.432996 1.634197
vt 0.420628 1.650322
vt 0.435283 1.641516
vt 0.420628 1.650322
vt 0.432996 1.634197
vt 0.454409 1.633823
vt 0.472527 1.643866
vt 0.452378 1.641218
vt 0.405218 1.684310
vt 0.404856 1.663597
vt 0.412637 1.682371
vt 0.412339 1.665276
vt 0.412637 1.682371
vt 0.404856 1.663597
vt 0.472788 1.644118
vt 0.483457 1.661875
vt 0.467332 1.649507
vt 0.476138 1.664162
vt 0.467332 1.649507
vt 0.483457 1.661875
vt 0.483831 1.683288
vt 0.473788 1.701406
vt 0.476436 1.681257
vt 0.468147 1.696211
vt 0.476436 1.681257
vt 0.473788 1.701406
vt 0.455431 1.712436
vt 0.434718 1.712798
vt 0.453492 1.705017
vt 0.436397 1.705315
vt 0.453492 1.705017
vt 0.434718 1.712798
vt 0.415987 1.702415
vt 0.405318 1.684658
vt 0.421443 1.697026
vt 0.412637 1.682371
vt 0.421443 1.697026
vt 0.405318 1.684658
vt 0.404944 1.663245
vt 0.414987 1.645127
vt 0.412339 1.665276
vt 0.420628 1.650322
vt 0.412339 1.665276
vt 0.414987 1.645127
vt 0.433344 1.634097
vt 0.454057 1.633735
vt 0.435283 1.641516
vt 0.452378 1.641218
vt 0.435283 1.641516
vt 0.454057 1.633735
vt 0.325655 1.860241
vt 0.324317 1.861084
vt 0.328920 1.877038
vt 0.318616 1.877218
vt 0.328920 1.877038
vt 0.324317 1.861084
vt 0.324317 1.861084
vt 0.322607 1.861100
vt 0.318616 1.877218
vt 0.309603 1.872222
vt 0.318616 1.877218
vt 0.322607 1.861100
vt 0.322607 1.861100
vt 0.321118 1.860259
vt 0.309603 1.872222
vt 0.304295 1.863389
vt 0.309603 1.872222
vt 0.321118 1.860259
vt 0.321118 1.860259
vt 0.320249 1.858786
vt 0.304295 1.863389
vt 0.304115 1.853085
vt 0.304295 1.863389
vt 0.320249 1.858786
vt 0.320249 1.858786
vt 0.320233 1.857076
vt 0.304115 1.853085
vt 0.309111 1.844072
vt 0.304115 1.853085
vt 0.320233 1.857076
vt 0.320233 1.857076
vt 0.321074 1.855587
vt 0.309111 1.844072
vt 0.317944 1.838764
vt 0.309111 1.844072
vt 0.321074 1.855587
vt 0.321074 1.855587
vt 0.322547 1.854718
vt 0.317944 1.838764
vt 0.328248 1.838584
vt 0.317944 1.838764
vt 0.322547 1.854718
vt 0.322547 1.854718
vt 0.324257 1.854702
vt 0.328248 1.838584
vt 0.337262 1.843580
vt 0.328248 1.838584
vt 0.324257 1.854702
vt 0.324257 1.854702
vt 0.325746 1.855543
vt 0.337262 1.843580
vt 0.342569 1.852413
vt 0.337262 1.843580
vt 0.325746 1.855543
vt 0.325746 1.855543
vt 0.326615 1.857016
vt 0.342569 1.852413
vt 0.342749 1.862717
vt 0.342569 1.852413
vt 0.326615 1.857016
vt 0.326615 1.857016
vt 0.326631 1.858726
vt 0.342749 1.862717
vt 0.337753 1.871730
vt 0.342749 1.862717
vt 0.326631 1.858726
vt 0.326631 1.858726
vt 0.325655 1.860241
vt 0.337753 1.871730
vt 0.328920 1.877038
vt 0.337753 1.871730
vt 0.325655 1.860241
vt 0.325655 1.860241
vt 0.324317 1.861084
vt 0.328920 1.877038
vt 0.318616 1.877218
vt 0.328920 1.877038
vt 0.324317 1.861084
vt 0.324317 1.861084
vt 0.322607 1.861100
vt 0.318616 1.877218
vt 0.309603 1.872222
vt 0.318616 1.877218
vt 0.322607 1.861100
vt 0.322607 1.861100
vt 0.321118 1.860259
vt 0.309603 1.872222
vt 0.304295 1.863389
vt 0.309603 1.872222
vt 0.321118 1.860259
vt 0.321118 1.860259
vt 0.320249 1.858786
vt 0.304295 1.863389
vt 0.304115 1.853085
vt 0.304295 1.863389
vt 0.320249 1.858786
vt 0.320249 1.858786
vt 0.320233 1.857076
vt 0.304115 1.853085
vt 0.309111 1.844072
vt 0.304115 1.853085
vt 0.320233 1.857076
vt 0.320233 1.857076
vt 0.321074 1.855587
vt 0.309111 1.844072
vt 0.317944 1.838764
vt 0.309111 1.844072
vt 0.321074 1.855587
vt 0.321074 1.855587
vt 0.322547 1.854718
vt 0.317944 1.838764
vt 0.328248 1.838584
vt 0.317944 1.838764
vt 0.322547 1.854718
vt 0.322547 1.854718
vt 0.324257 1.854702
vt 0.328248 1.838584
vt 0.337262 1.843580
vt 0.328248 1.838584
vt 0.324257 1.854702
vt 0.324257 1.854702
vt 0.325746 1.855543
vt 0.337262 1.843580
vt 0.342569 1.852413
vt 0.337262 1.843580
vt 0.325746 1.855543
vt 0.325746 1.855543
vt 0.326615 1.857016
vt 0.342569 1.852413
vt 0.342749 1.862717
vt 0.342569 1.852413
vt 0.326615 1.857016
vt 0.326615 1.857016
vt 0.326631 1.858726
vt 0.342749 1.862717
vt 0.337753 1.871730
vt 0.342749 1.862717
vt 0.326631 1.858726
vt 0.326631 1.858726
vt 0.325655 1.860241
vt 0.337753 1.871730
vt 0.328920 1.877038
vt 0.337753 1.871730
vt 0.325655 1.860241
vt 0.340519 1.741960
vt 0.350377 1.736688
vt 0.348346 1.734145
vt 0.348346 1.734145
vt 0.339531 1.738859
vt 0.340519 1.741960
vt 0.329427 1.743358
vt 0.340519 1.741960
vt 0.339531 1.738859
vt 0.339531 1.738859
vt 0.329614 1.740109
vt 0.329427 1.743358
vt 0.318569 1.740697
vt 0.329427 1.743358
vt 0.329614 1.740109
vt 0.329614 1.740109
vt 0.319906 1.737729
vt 0.318569 1.740697
vt 0.309381 1.734329
vt 0.318569 1.740697
vt 0.319906 1.737729
vt 0.319906 1.737729
vt 0.311691 1.732035
vt 0.309381 1.734329
vt 0.303078 1.725096
vt 0.309381 1.734329
vt 0.311691 1.732035
vt 0.311691 1.732035
vt 0.306055 1.723780
vt 0.303078 1.725096
vt 0.300494 1.714219
vt 0.303078 1.725096
vt 0.306055 1.723780
vt 0.306055 1.723780
vt 0.303744 1.714055
vt 0.300494 1.714219
vt 0.301970 1.703138
vt 0.300494 1.714219
vt 0.303744 1.714055
vt 0.303744 1.714055
vt 0.305064 1.704147
vt 0.301970 1.703138
vt 0.307311 1.693317
vt 0.301970 1.703138
vt 0.305064 1.704147
vt 0.305064 1.704147
vt 0.309840 1.695366
vt 0.307311 1.693317
vt 0.361513 1.717731
vt 0.361318 1.706554
vt 0.358128 1.707201
vt 0.358128 1.707201
vt 0.358303 1.717196
vt 0.361513 1.717731
vt 0.357698 1.728240
vt 0.361513 1.717731
vt 0.358303 1.717196
vt 0.358303 1.717196
vt 0.354891 1.726591
vt 0.357698 1.728240
vt 0.350377 1.736688
vt 0.357698 1.728240
vt 0.354891 1.726591
vt 0.354891 1.726591
vt 0.348346 1.734145
vt 0.350377 1.736688
vt 0.315811 1.686056
vt 0.307311 1.693317
vt 0.309840 1.695366
vt 0.309840 1.695366
vt 0.317440 1.688874
vt 0.315811 1.686056
vt 0.340519 1.741960
vt 0.350377 1.736688
vt 0.348346 1.734145
vt 0.348346 1.734145
vt 0.339532 1.738859
vt 0.340519 1.741960
vt 0.329427 1.743358
vt 0.340519 1.741960
vt 0.339532 1.738859
vt 0.339532 1.738859
vt 0.329614 1.740109
vt 0.329427 1.743358
vt 0.318570 1.740697
vt 0.329427 1.743358
vt 0.329614 1.740109
vt 0.329614 1.740109
vt 0.319906 1.737730
vt 0.318570 1.740697
vt 0.309381 1.734329
vt 0.318570 1.740697
vt 0.319906 1.737730
vt 0.319906 1.737730
vt 0.311691 1.732036
vt 0.309381 1.734329
vt 0.303078 1.725096
vt 0.309381 1.734329
vt 0.311691 1.732036
vt 0.311691 1.732036
vt 0.306055 1.723780
vt 0.303078 1.725096
vt 0.300493 1.714220
vt 0.303078 1.725096
vt 0.306055 1.723780
vt 0.306055 1.723780
vt 0.303744 1.714056
vt 0.300493 1.714220
vt 0.301969 1.703138
vt 0.300493 1.714220
vt 0.303744 1.714056
vt 0.303744 1.714056
vt 0.305063 1.704147
vt 0.301969 1.703138
vt 0.307310 1.693317
vt 0.301969 1.703138
vt 0.305063 1.704147
vt 0.305063 1.704147
vt 0.309839 1.695366
vt 0.307310 1.693317
vt 0.361513 1.717731
vt 0.361318 1.706554
vt 0.358128 1.707201
vt 0.358128 1.707201
vt 0.358303 1.717195
vt 0.361513 1.717731
vt 0.357698 1.728239
vt 0.361513 1.717731
vt 0.358303 1.717195
vt 0.358303 1.717195
vt 0.354892 1.726591
vt 0.357698 1.728239
vt 0.350377 1.736688
vt 0.357698 1.728239
vt 0.354892 1.726591
vt 0.354892 1.726591
vt 0.348346 1.734145
vt 0.350377 1.736688
vt 0.315810 1.686056
vt 0.307310 1.693317
vt 0.309839 1.695366
vt 0.309839 1.695366
vt 0.317438 1.688874
vt 0.315810 1.686056
vt 0.473788 1.701406
vt 0.483831 1.683288
vt 0.476436 1.681257
vt 0.476436 1.681257
vt 0.468147 1.696211
vt 0.473788 1.701406
vt 0.412339 1.665276
vt 0.420628 1.650322
vt 0.414987 1.645127
vt 0.454057 1.633735
vt 0.433344 1.634097
vt 0.435283 1.641516
vt 0.435283 1.641516
vt 0.452378 1.641218
vt 0.454057 1.633735
vt 0.483457 1.661875
vt 0.472788 1.644118
vt 0.467332 1.649507
vt 0.467332 1.649507
vt 0.476138 1.664162
vt 0.483457 1.661875
vt 0.405318 1.684658
vt 0.415987 1.702415
vt 0.421443 1.697026
vt 0.421443 1.697026
vt 0.412637 1.682371
vt 0.405318 1.684658
vt 0.414987 1.645127
vt 0.404944 1.663245
vt 0.412339 1.665276
vt 0.434718 1.712798
vt 0.455431 1.712436
vt 0.453492 1.705017
vt 0.453492 1.705017
vt 0.436397 1.705315
vt 0.434718 1.712798
vt 0.432996 1.634197
vt 0.415239 1.644866
vt 0.420628 1.650322
vt 0.420628 1.650322
vt 0.435283 1.641516
vt 0.432996 1.634197
vt 0.472527 1.643866
vt 0.454409 1.633823
vt 0.452378 1.641218
vt 0.452378 1.641218
vt 0.467332 1.649507
vt 0.472527 1.643866
vt 0.483919 1.682936
vt 0.483557 1.662223
vt 0.476138 1.664162
vt 0.476138 1.664162
vt 0.476436 1.681257
vt 0.483919 1.682936
vt 0.455779 1.712336
vt 0.473536 1.701667
vt 0.468147 1.696211
vt 0.468147 1.696211
vt 0.453492 1.705017
vt 0.455779 1.712336
vt 0.416248 1.702667
vt 0.434366 1.712710
vt 0.436397 1.705315
vt 0.436397 1.705315
vt 0.421443 1.697026
vt 0.416248 1.702667
vt 0.404856 1.663597
vt 0.405218 1.684310
vt 0.412637 1.682371
vt 0.412637 1.682371
vt 0.412339 1.665276
vt 0.404856 1.663597
vt 0.417477 1.868694
vt 0.436290 1.877367
vt 0.437668 1.869697
vt 0.437668 1.869697
vt 0.422249 1.862664
vt 0.417477 1.868694
vt 0.404714 1.852377
vt 0.417477 1.868694
vt 0.422249 1.862664
vt 0.422249 1.862664
vt 0.411754 1.849036
vt 0.404714 1.852377
vt 0.416472 1.806966
vt 0.405518 1.824549
vt 0.412794 1.826961
vt 0.412794 1.826961
vt 0.421852 1.812461
vt 0.416472 1.806966
vt 0.434884 1.796856
vt 0.416472 1.806966
vt 0.421852 1.812461
vt 0.421852 1.812461
vt 0.436869 1.804285
vt 0.434884 1.796856
vt 0.455888 1.797102
vt 0.434884 1.796856
vt 0.436869 1.804285
vt 0.436869 1.804285
vt 0.453964 1.804547
vt 0.455888 1.797102
vt 0.474058 1.807641
vt 0.455888 1.797102
vt 0.453964 1.804547
vt 0.453964 1.804547
vt 0.468723 1.813179
vt 0.474058 1.807641
vt 0.484701 1.825750
vt 0.474058 1.807641
vt 0.468723 1.813179
vt 0.468723 1.813179
vt 0.477333 1.827950
vt 0.484701 1.825750
vt 0.485067 1.846752
vt 0.484701 1.825750
vt 0.477333 1.827950
vt 0.477333 1.827950
vt 0.477569 1.845046
vt 0.485067 1.846752
vt 0.475063 1.865221
vt 0.485067 1.846752
vt 0.477569 1.845046
vt 0.477569 1.845046
vt 0.469372 1.860050
vt 0.475063 1.865221
vt 0.457272 1.876388
vt 0.475063 1.865221
vt 0.469372 1.860050
vt 0.469372 1.860050
vt 0.454828 1.869020
vt 0.457272 1.876388
vt 0.436290 1.877367
vt 0.457272 1.876388
vt 0.454828 1.869020
vt 0.454828 1.869020
vt 0.437668 1.869697
vt 0.436290 1.877367
vt 0.437668 1.869697
vt 0.454828 1.869020
vt 0.451417 1.857962
vt 0.460907 1.852054
vt 0.451417 1.857962
vt 0.454828 1.869020
vt 0.454828 1.869020
vt 0.469372 1.860050
vt 0.460907 1.852054
vt 0.466267 1.842243
vt 0.460907 1.852054
vt 0.469372 1.860050
vt 0.469372 1.860050
vt 0.477569 1.845046
vt 0.466267 1.842243
vt 0.466112 1.831065
vt 0.466267 1.842243
vt 0.477569 1.845046
vt 0.477569 1.845046
vt 0.477333 1.827950
vt 0.466112 1.831065
vt 0.460483 1.821406
vt 0.466112 1.831065
vt 0.477333 1.827950
vt 0.477333 1.827950
vt 0.468723 1.813179
vt 0.460483 1.821406
vt 0.450833 1.815763
vt 0.460483 1.821406
vt 0.468723 1.813179
vt 0.468723 1.813179
vt 0.453964 1.804547
vt 0.450833 1.815763
vt 0.439655 1.815592
vt 0.450833 1.815763
vt 0.453964 1.804547
vt 0.453964 1.804547
vt 0.436869 1.804285
vt 0.439655 1.815592
vt 0.429836 1.820937
vt 0.439655 1.815592
vt 0.436869 1.804285
vt 0.436869 1.804285
vt 0.421852 1.812461
vt 0.429836 1.820937
vt 0.423914 1.830418
vt 0.429836 1.820937
vt 0.421852 1.812461
vt 0.421852 1.812461
vt 0.412794 1.826961
vt 0.423914 1.830418
vt 0.429297 1.853394
vt 0.422222 1.844177
vt 0.411754 1.849036
vt 0.411754 1.849036
vt 0.422249 1.862664
vt 0.429297 1.853394
vt 0.439804 1.858356
vt 0.429297 1.853394
vt 0.422249 1.862664
vt 0.422249 1.862664
vt 0.437668 1.869697
vt 0.439804 1.858356
vt 0.451417 1.857962
vt 0.439804 1.858356
vt 0.437668 1.869697
vt 0.400850 1.832025
vt 0.404714 1.852377
vt 0.411754 1.849036
vt 0.411754 1.849036
vt 0.408506 1.832404
vt 0.400850 1.832025
vt 0.422222 1.844177
vt 0.420123 1.833196
vt 0.408506 1.832404
vt 0.408506 1.832404
vt 0.411754 1.849036
vt 0.422222 1.844177
vt 0.473788 1.701406
vt 0.483831 1.683288
vt 0.476436 1.681257
vt 0.476436 1.681257
vt 0.468147 1.696211
vt 0.473788 1.701406
vt 0.412339 1.665276
vt 0.420628 1.650322
vt 0.414987 1.645127
vt 0.454057 1.633735
vt 0.433344 1.634097
vt 0.435283 1.641516
vt 0.435283 1.641516
vt 0.452378 1.641218
vt 0.454057 1.633735
vt 0.483457 1.661875
vt 0.472788 1.644118
vt 0.467332 1.649507
vt 0.467332 1.649507
vt 0.476138 1.664162
vt 0.483457 1.661875
vt 0.405318 1.684658
vt 0.415987 1.702415
vt 0.421443 1.697026
vt 0.421443 1.697026
vt 0.412637 1.682371
vt 0.405318 1.684658
vt 0.414987 1.645127
vt 0.404944 1.663245
vt 0.412339 1.665276
vt 0.434718 1.712798
vt 0.455431 1.712436
vt 0.453492 1.705017
vt 0.453492 1.705017
vt 0.436397 1.705315
vt 0.434718 1.712798
vt 0.432996 1.634197
vt 0.415239 1.644866
vt 0.420628 1.650322
vt 0.420628 1.650322
vt 0.435283 1.641516
vt 0.432996 1.634197
vt 0.472527 1.643866
vt 0.454409 1.633823
vt 0.452378 1.641218
vt 0.452378 1.641218
vt 0.467332 1.649507
vt 0.472527 1.643866
vt 0.483919 1.682936
vt 0.483557 1.662223
vt 0.476138 1.664162
vt 0.476138 1.664162
vt 0.476436 1.681257
vt 0.483919 1.682936
vt 0.455779 1.712336
vt 0.473536 1.701667
vt 0.468147 1.696211
vt 0.468147 1.696211
vt 0.453492 1.705017
vt 0.455779 1.712336
vt 0.416248 1.702667
vt 0.434366 1.712710
vt 0.436397 1.705315
vt 0.436397 1.705315
vt 0.421443 1.697026
vt 0.416248 1.702667
vt 0.404856 1.663597
vt 0.405218 1.684310
vt 0.412637 1.682371
vt 0.412637 1.682371
vt 0.412339 1.665276
vt 0.404856 1.663597
vt 0.410691 1.812406
vt 0.402570 1.831463
vt 0.410277 1.832617
vt 0.410277 1.832617
vt 0.416857 1.817000
vt 0.410691 1.812406
vt 0.426628 1.799172
vt 0.410691 1.812406
vt 0.416857 1.817000
vt 0.416857 1.817000
vt 0.430173 1.806112
vt 0.426628 1.799172
vt 0.472362 1.809601
vt 0.454467 1.799165
vt 0.452269 1.806508
vt 0.452269 1.806508
vt 0.467027 1.815139
vt 0.472362 1.809601
vt 0.483005 1.827710
vt 0.472362 1.809601
vt 0.467027 1.815139
vt 0.467027 1.815139
vt 0.475637 1.829911
vt 0.483005 1.827710
vt 0.483372 1.848712
vt 0.483005 1.827710
vt 0.475637 1.829911
vt 0.475637 1.829911
vt 0.475874 1.847007
vt 0.483372 1.848712
vt 0.473368 1.867182
vt 0.483372 1.848712
vt 0.475874 1.847007
vt 0.475874 1.847007
vt 0.467676 1.862011
vt 0.473368 1.867182
vt 0.455577 1.878349
vt 0.473368 1.867182
vt 0.467676 1.862011
vt 0.467676 1.862011
vt 0.453162 1.871048
vt 0.455577 1.878349
vt 0.434594 1.879327
vt 0.455577 1.878349
vt 0.453162 1.871048
vt 0.453162 1.871048
vt 0.436081 1.871783
vt 0.434594 1.879327
vt 0.415841 1.869866
vt 0.434594 1.879327
vt 0.436081 1.871783
vt 0.436081 1.871783
vt 0.420844 1.864026
vt 0.415841 1.869866
vt 0.404160 1.852408
vt 0.415841 1.869866
vt 0.420844 1.864026
vt 0.420844 1.864026
vt 0.411454 1.849750
vt 0.404160 1.852408
vt 0.402570 1.831463
vt 0.404160 1.852408
vt 0.411454 1.849750
vt 0.411454 1.849750
vt 0.410277 1.832617
vt 0.402570 1.831463
vt 0.410277 1.832617
vt 0.411454 1.849750
vt 0.422407 1.846018
vt 0.428590 1.855332
vt 0.422407 1.846018
vt 0.411454 1.849750
vt 0.411454 1.849750
vt 0.420844 1.864026
vt 0.428590 1.855332
vt 0.438553 1.860404
vt 0.428590 1.855332
vt 0.420844 1.864026
vt 0.420844 1.864026
vt 0.436081 1.871783
vt 0.438553 1.860404
vt 0.449722 1.859923
vt 0.438553 1.860404
vt 0.436081 1.871783
vt 0.436081 1.871783
vt 0.453162 1.871048
vt 0.449722 1.859923
vt 0.459212 1.854014
vt 0.449722 1.859923
vt 0.453162 1.871048
vt 0.453162 1.871048
vt 0.467676 1.862011
vt 0.459212 1.854014
vt 0.464572 1.844204
vt 0.459212 1.854014
vt 0.467676 1.862011
vt 0.467676 1.862011
vt 0.475874 1.847007
vt 0.464572 1.844204
vt 0.464417 1.833026
vt 0.464572 1.844204
vt 0.475874 1.847007
vt 0.475874 1.847007
vt 0.475637 1.829911
vt 0.464417 1.833026
vt 0.458787 1.823367
vt 0.464417 1.833026
vt 0.475637 1.829911
vt 0.475637 1.829911
vt 0.467027 1.815139
vt 0.458787 1.823367
vt 0.449137 1.817724
vt 0.458787 1.823367
vt 0.467027 1.815139
vt 0.467027 1.815139
vt 0.452269 1.806508
vt 0.449137 1.817724
vt 0.426328 1.823774
vt 0.435335 1.816433
vt 0.430173 1.806112
vt 0.430173 1.806112
vt 0.416857 1.817000
vt 0.426328 1.823774
vt 0.421675 1.834422
vt 0.426328 1.823774
vt 0.416857 1.817000
vt 0.416857 1.817000
vt 0.410277 1.832617
vt 0.421675 1.834422
vt 0.422407 1.846018
vt 0.421675 1.834422
vt 0.410277 1.832617
vt 0.446859 1.794716
vt 0.426628 1.799172
vt 0.430173 1.806112
vt 0.430173 1.806112
vt 0.446704 1.802380
vt 0.446859 1.794716
vt 0.435335 1.816433
vt 0.446250 1.814016
vt 0.446704 1.802380
vt 0.446704 1.802380
vt 0.430173 1.806112
vt 0.435335 1.816433
# 1800 texture vertices

g Material_0
f 1/1 2/2 3/3
f 4/4 2/2 1/1
f 5/5 2/2 4/4
f 6/6 2/2 5/5
f 7/7 2/2 6/6
f 8/8 2/2 7/7
f 9/9 2/2 8/8
f 10/10 2/2 9/9
f 11/11 2/2 10/10
f 12/12 2/2 11/11
f 13/13 2/2 12/12
f 3/3 2/2 13/13
f 14/14 15/15 16/16
f 14/14 16/16 17/17
f 16/16 15/15 18/18
f 18/18 19/19 16/16
f 18/18 20/20 19/19
f 21/21 22/22 23/23
f 22/22 21/21 24/24
f 24/24 25/25 22/22
f 25/25 24/24 26/26
f 26/26 27/27 25/25
f 27/27 26/26 28/28
f 28/28 29/29 27/27
f 29/29 28/28 30/30
f 30/30 17/17 29/29
f 17/17 30/30 14/14
f 31/31 22/22 25/25
f 32/32 31/31 25/25
f 33/33 31/31 32/32
f 32/32 34/34 33/33
f 34/34 32/32 35/35
f 35/35 36/36 34/34
f 37/37 36/36 35/35
f 35/35 38/38 37/37
f 38/38 35/35 29/29
f 29/29 17/17 38/38
f 29/29 35/35 32/32
f 32/32 27/27 29/29
f 25/25 27/27 32/32
f 23/23 39/39 21/21
f 40/40 41/41 23/23
f 23/23 22/22 40/40
f 41/41 40/40 42/42
f 42/42 43/43 41/41
f 44/44 45/45 46/46
f 46/46 47/47 44/44
f 47/47 48/48 44/44
f 49/49 44/44 48/48
f 47/47 46/46 50/50
f 50/50 51/51 47/47
f 51/51 50/50 52/52
f 52/52 53/53 51/51
f 54/54 55/55 56/56
f 57/57 56/56 55/55
f 56/56 57/57 47/47
f 48/48 47/47 57/57
f 58/58 59/59 60/60
f 60/60 59/59 61/61
f 58/58 60/60 62/62
f 63/63 62/62 60/60
f 64/64 62/62 63/63
f 65/65 66/66 67/67
f 66/66 65/65 68/68
f 69/69 68/68 65/65
f 68/68 69/69 70/70
f 71/71 70/70 69/69
f 70/70 71/71 72/72
f 73/73 72/72 71/71
f 72/72 73/73 74/74
f 61/61 74/74 73/73
f 74/74 61/61 59/59
f 75/75 67/67 66/66
f 76/76 77/77 67/67
f 65/65 67/67 77/77
f 77/77 76/76 78/78
f 79/79 78/78 76/76
f 65/65 80/80 69/69
f 80/80 81/81 69/69
f 80/80 82/82 81/81
f 83/83 81/81 82/82
f 81/81 83/83 84/84
f 85/85 84/84 83/83
f 85/85 86/86 84/84
f 87/87 84/84 86/86
f 84/84 87/87 73/73
f 61/61 73/73 87/87
f 84/84 73/73 81/81
f 71/71 81/81 73/73
f 71/71 69/69 81/81
f 88/88 89/89 90/90
f 90/90 89/89 91/91
f 91/91 89/89 92/92
f 92/92 89/89 93/93
f 93/93 89/89 94/94
f 94/94 89/89 95/95
f 95/95 89/89 96/96
f 96/96 89/89 97/97
f 97/97 89/89 98/98
f 98/98 89/89 99/99
f 99/99 89/89 100/100
f 100/100 89/89 88/88
f 101/101 102/102 103/103
f 104/104 101/101 103/103
f 103/103 105/105 104/104
f 105/105 103/103 106/106
f 106/106 107/107 105/105
f 103/103 108/108 106/106
f 108/108 103/103 102/102
f 109/109 106/106 108/108
f 101/101 104/104 110/110
f 110/110 111/111 101/101
f 111/111 112/112 101/101
f 102/102 101/101 112/112
f 113/113 114/114 115/115
f 115/115 116/116 113/113
f 116/116 117/117 113/113
f 118/118 113/113 117/117
f 113/113 118/118 119/119
f 114/114 113/113 119/119
f 119/119 120/120 114/114
f 120/120 119/119 121/121
f 121/121 122/122 120/120
f 119/119 123/123 121/121
f 123/123 119/119 118/118
f 124/124 121/121 123/123
f 125/125 126/126 127/127
f 127/127 128/128 125/125
f 128/128 129/129 125/125
f 130/130 125/125 129/129
f 131/131 132/132 133/133
f 133/133 134/134 131/131
f 134/134 133/133 135/135
f 136/136 135/135 133/133
f 136/136 133/133 130/130
f 125/125 130/130 133/133
f 126/126 125/125 133/133
f 133/133 132/132 126/126
f 137/137 138/138 139/139
f 139/139 140/140 137/137
f 140/140 141/141 137/137
f 142/142 137/137 141/141
f 143/143 144/144 138/138
f 138/138 137/137 143/143
f 137/137 142/142 143/143
f 145/145 143/143 142/142
f 146/146 147/147 144/144
f 144/144 143/143 146/146
f 143/143 145/145 146/146
f 148/148 146/146 145/145
f 149/149 150/150 147/147
f 147/147 146/146 149/149
f 146/146 148/148 149/149
f 151/151 149/149 148/148
f 152/152 153/153 150/150
f 150/150 149/149 152/152
f 149/149 151/151 152/152
f 154/154 152/152 151/151
f 155/155 156/156 153/153
f 153/153 152/152 155/155
f 152/152 154/154 155/155
f 157/157 155/155 154/154
f 155/155 157/157 158/158
f 156/156 155/155 158/158
f 158/158 159/159 156/156
f 159/159 158/158 160/160
f 160/160 161/161 159/159
f 158/158 162/162 160/160
f 162/162 158/158 157/157
f 163/163 160/160 162/162
f 164/164 165/165 161/161
f 161/161 160/160 164/164
f 160/160 163/163 164/164
f 166/166 164/164 163/163
f 167/167 168/168 165/165
f 165/165 164/164 167/167
f 164/164 166/166 167/167
f 169/169 167/167 166/166
f 170/170 171/171 168/168
f 168/168 167/167 170/170
f 167/167 169/169 170/170
f 172/172 170/170 169/169
f 173/173 174/174 171/171
f 171/171 170/170 173/173
f 170/170 172/172 173/173
f 175/175 173/173 172/172
f 176/176 177/177 174/174
f 174/174 173/173 176/176
f 173/173 175/175 176/176
f 178/178 176/176 175/175
f 179/179 180/180 181/181
f 182/182 180/180 179/179
f 183/183 180/180 182/182
f 184/184 180/180 183/183
f 185/185 180/180 184/184
f 186/186 180/180 185/185
f 187/187 180/180 186/186
f 188/188 180/180 187/187
f 189/189 180/180 188/188
f 190/190 180/180 189/189
f 191/191 180/180 190/190
f 181/181 180/180 191/191
f 192/192 193/193 194/194
f 194/194 193/193 195/195
f 195/195 193/193 196/196
f 196/196 193/193 197/197
f 197/197 193/193 198/198
f 198/198 193/193 199/199
f 199/199 193/193 200/200
f 200/200 193/193 201/201
f 201/201 193/193 202/202
f 202/202 193/193 203/203
f 203/203 193/193 204/204
f 204/204 193/193 192/192
f 205/205 206/206 207/207
f 205/205 208/208 206/206
f 205/205 209/209 208/208
f 205/205 210/210 209/209
f 205/205 211/211 210/210
f 205/205 212/212 211/211
f 205/205 213/213 212/212
f 205/205 214/214 213/213
f 205/205 215/215 214/214
f 205/205 216/216 215/215
f 205/205 217/217 216/216
f 205/205 207/207 217/217
f 218/218 219/219 220/220
f 218/218 221/221 219/219
f 218/218 222/222 221/221
f 218/218 223/223 222/222
f 218/218 224/224 223/223
f 218/218 225/225 224/224
f 218/218 226/226 225/225
f 218/218 227/227 226/226
f 218/218 228/228 227/227
f 218/218 229/229 228/228
f 218/218 230/230 229/229
f 218/218 220/220 230/230
f 231/231 232/232 233/233
f 231/231 233/233 234/234
f 231/231 234/234 235/235
f 231/231 235/235 236/236
f 231/231 236/236 237/237
f 231/231 237/237 238/238
f 231/231 238/238 239/239
f 231/231 239/239 240/240
f 231/231 240/240 241/241
f 231/231 241/241 242/242
f 231/231 242/242 243/243
f 231/231 243/243 232/232
f 244/244 245/245 246/246
f 244/244 246/246 247/247
f 244/244 247/247 248/248
f 244/244 248/248 249/249
f 244/244 249/249 250/250
f 244/244 250/250 251/251
f 244/244 251/251 252/252
f 244/244 252/252 253/253
f 244/244 253/253 254/254
f 244/244 254/254 255/255
f 244/244 255/255 256/256
f 244/244 256/256 245/245
f 257/257 258/258 259/259
f 260/260 258/258 257/257
f 258/258 261/261 259/259
f 259/259 261/261 262/262
f 261/261 263/263 262/262
f 262/262 263/263 264/264
f 265/265 266/266 267/267
f 268/268 266/266 265/265
f 269/269 268/268 265/265
f 270/270 268/268 269/269
f 271/271 270/270 269/269
f 272/272 270/270 271/271
f 273/273 272/272 271/271
f 274/274 272/272 273/273
f 275/275 274/274 273/273
f 276/276 274/274 275/275
f 277/277 276/276 275/275
f 278/278 276/276 277/277
f 264/264 278/278 277/277
f 263/263 278/278 264/264
f 279/279 260/260 257/257
f 280/280 260/260 279/279
f 281/281 280/280 279/279
f 282/282 280/280 281/281
f 283/283 284/284 285/285
f 286/286 284/284 283/283
f 284/284 287/287 285/285
f 285/285 287/287 288/288
f 287/287 289/289 288/288
f 288/288 289/289 290/290
f 291/291 292/292 293/293
f 294/294 292/292 291/291
f 295/295 294/294 291/291
f 296/296 294/294 295/295
f 297/297 296/296 295/295
f 298/298 296/296 297/297
f 299/299 298/298 297/297
f 300/300 298/298 299/299
f 301/301 300/300 299/299
f 302/302 300/300 301/301
f 303/303 302/302 301/301
f 304/304 302/302 303/303
f 290/290 304/304 303/303
f 289/289 304/304 290/290
f 305/305 286/286 283/283
f 306/306 286/286 305/305
f 307/307 306/306 305/305
f 308/308 306/306 307/307
f 309/309 310/310 311/311
f 309/309 312/312 310/310
f 313/313 309/309 311/311
f 313/313 311/311 314/314
f 315/315 313/313 314/314
f 315/315 314/314 316/316
f 317/317 318/318 319/319
f 317/317 320/320 318/318
f 320/320 321/321 318/318
f 320/320 322/322 321/321
f 322/322 323/323 321/321
f 322/322 324/324 323/323
f 324/324 325/325 323/323
f 324/324 326/326 325/325
f 326/326 327/327 325/325
f 326/326 328/328 327/327
f 328/328 329/329 327/327
f 328/328 330/330 329/329
f 330/330 316/316 329/329
f 330/330 315/315 316/316
f 312/312 331/331 310/310
f 312/312 332/332 331/331
f 332/332 333/333 331/331
f 332/332 334/334 333/333
f 335/335 336/336 337/337
f 335/335 338/338 336/336
f 339/339 335/335 337/337
f 339/339 337/337 340/340
f 341/341 339/339 340/340
f 341/341 340/340 342/342
f 343/343 344/344 345/345
f 343/343 346/346 344/344
f 346/346 347/347 344/344
f 346/346 348/348 347/347
f 348/348 349/349 347/347
f 348/348 350/350 349/349
f 350/350 351/351 349/349
f 350/350 352/352 351/351
f 352/352 353/353 351/351
f 352/352 354/354 353/353
f 354/354 355/355 353/353
f 354/354 356/356 355/355
f 356/356 342/342 355/355
f 356/356 341/341 342/342
f 338/338 357/357 336/336
f 338/338 358/358 357/357
f 358/358 359/359 357/357
f 358/358 360/360 359/359
f 361/361 362/362 363/363
f 364/364 365/365 366/366
f 367/367 368/368 369/369
f 370/370 371/371 372/372
f 373/373 374/374 375/375
f 376/376 377/377 378/378
f 379/379 380/380 381/381
f 382/382 383/383 384/384
f 385/385 386/386 387/387
f 388/388 389/389 390/390
f 391/391 392/392 393/393
f 394/394 395/395 396/396
f 397/397 398/398 399/399
f 400/400 401/401 402/402
f 403/403 404/404 405/405
f 406/406 407/407 408/408
f 409/409 410/410 411/411
f 412/412 413/413 414/414
f 415/415 416/416 417/417
f 418/418 419/419 420/420
f 421/421 422/422 423/423
f 424/424 425/425 426/426
f 427/427 428/428 429/429
f 430/430 431/431 432/432
f 433/433 434/434 435/435
f 436/436 437/437 438/438
f 439/439 440/440 441/441
f 442/442 443/443 444/444
f 445/445 446/446 447/447
f 448/448 449/449 450/450
f 451/451 452/452 453/453
f 454/454 455/455 456/456
f 457/457 458/458 459/459
f 460/460 461/461 462/462
f 463/463 464/464 465/465
f 466/466 467/467 468/468
f 469/469 470/470 471/471
f 472/472 473/473 474/474
f 475/475 476/476 477/477
f 478/478 479/479 480/480
f 481/481 482/482 483/483
f 484/484 485/485 486/486
f 487/487 488/488 489/489
f 490/490 491/491 492/492
f 493/493 494/494 495/495
f 496/496 497/497 498/498
f 499/499 500/500 501/501
f 502/502 503/503 504/504
f 505/505 506/506 507/507
f 508/508 509/509 510/510
f 511/511 512/512 513/513
f 514/514 515/515 516/516
f 517/517 518/518 519/519
f 520/520 521/521 522/522
f 523/523 524/524 525/525
f 526/526 527/527 528/528
f 529/529 530/530 531/531
f 532/532 533/533 534/534
f 535/535 536/536 537/537
f 538/538 539/539 540/540
f 541/541 542/542 543/543
f 544/544 545/545 546/546
f 547/547 548/548 549/549
f 550/550 551/551 552/552
f 553/553 554/554 555/555
f 556/556 557/557 558/558
f 559/559 560/560 561/561
f 562/562 563/563 564/564
f 565/565 566/566 567/567
f 568/568 569/569 570/570
f 571/571 572/572 573/573
f 574/574 575/575 576/576
f 577/577 578/578 579/579
f 580/580 581/581 582/582
f 583/583 584/584 585/585
f 586/586 587/587 588/588
f 589/589 590/590 591/591
f 592/592 593/593 594/594
f 595/595 596/596 597/597
f 598/598 599/599 600/600
f 601/601 602/602 603/603
f 604/604 605/605 606/606
f 607/607 608/608 609/609
f 610/610 611/611 612/612
f 613/613 614/614 615/615
f 616/616 617/617 618/618
f 619/619 620/620 621/621
f 622/622 623/623 624/624
f 625/625 626/626 627/627
f 628/628 629/629 630/630
f 631/631 632/632 633/633
f 634/634 635/635 636/636
f 637/637 638/638 639/639
f 640/640 641/641 642/642
f 643/643 644/644 645/645
f 646/646 647/647 648/648
f 649/649 650/650 651/651
f 652/652 653/653 654/654
f 655/655 656/656 657/657
f 658/658 659/659 660/660
f 661/661 662/662 663/663
f 664/664 665/665 666/666
f 667/667 668/668 669/669
f 670/670 671/671 672/672
f 673/673 674/674 675/675
f 676/676 677/677 678/678
f 679/679 680/680 681/681
f 682/682 683/683 684/684
f 685/685 686/686 687/687
f 688/688 689/689 690/690
f 691/691 692/692 693/693
f 694/694 695/695 696/696
f 697/697 698/698 699/699
f 700/700 701/701 702/702
f 703/703 704/704 705/705
f 706/706 707/707 708/708
f 709/709 710/710 711/711
f 712/712 713/713 714/714
f 715/715 716/716 717/717
f 718/718 719/719 720/720
f 721/721 722/722 723/723
f 724/724 725/725 726/726
f 727/727 728/728 729/729
f 730/730 731/731 732/732
f 733/733 734/734 735/735
f 736/736 737/737 738/738
f 739/739 740/740 741/741
f 742/742 743/743 744/744
f 745/745 746/746 747/747
f 748/748 749/749 750/750
f 751/751 752/752 753/753
f 754/754 755/755 756/756
f 757/757 758/758 759/759
f 760/760 761/761 762/762
f 763/763 764/764 765/765
f 766/766 767/767 768/768
f 769/769 770/770 771/771
f 772/772 773/773 774/774
f 775/775 776/776 777/777
f 778/778 779/779 780/780
f 781/781 782/782 783/783
f 784/784 785/785 786/786
f 787/787 788/788 789/789
f 790/790 791/791 792/792
f 793/793 794/794 795/795
f 796/796 797/797 798/798
f 799/799 800/800 801/801
f 802/802 803/803 804/804
f 805/805 806/806 807/807
f 808/808 809/809 810/810
f 811/811 812/812 813/813
f 814/814 815/815 816/816
f 817/817 818/818 819/819
f 820/820 821/821 822/822
f 823/823 824/824 825/825
f 826/826 827/827 828/828
f 829/829 830/830 831/831
f 832/832 833/833 834/834
f 835/835 836/836 837/837
f 838/838 839/839 840/840
f 841/841 842/842 843/843
f 844/844 845/845 846/846
f 847/847 848/848 849/849
f 850/850 851/851 852/852
f 853/853 854/854 855/855
f 856/856 857/857 858/858
f 859/859 860/860 861/861
f 862/862 863/863 864/864
f 865/865 866/866 867/867
f 868/868 869/869 870/870
f 871/871 872/872 873/873
f 874/874 875/875 876/876
f 877/877 878/878 879/879
f 880/880 881/881 882/882
f 883/883 884/884 885/885
f 886/886 887/887 888/888
f 889/889 890/890 891/891
f 892/892 893/893 894/894
f 895/895 896/896 897/897
f 898/898 899/899 900/900
f 901/901 902/902 903/903
f 904/904 905/905 906/906
f 907/907 908/908 909/909
f 910/910 911/911 912/912
f 913/913 914/914 915/915
f 916/916 917/917 918/918
f 919/919 920/920 921/921
f 922/922 923/923 924/924
f 925/925 926/926 927/927
f 928/928 929/929 930/930
f 931/931 932/932 933/933
f 934/934 935/935 936/936
f 937/937 938/938 939/939
f 940/940 941/941 942/942
f 943/943 944/944 945/945
f 946/946 947/947 948/948
f 949/949 950/950 951/951
f 952/952 953/953 954/954
f 955/955 956/956 957/957
f 958/958 959/959 960/960
f 961/961 962/962 963/963
f 964/964 965/965 966/966
f 967/967 968/968 969/969
f 970/970 971/971 972/972
f 973/973 974/974 975/975
f 976/976 977/977 978/978
f 979/979 980/980 981/981
f 982/982 983/983 984/984
f 985/985 986/986 987/987
f 988/988 989/989 990/990
f 991/991 992/992 993/993
f 994/994 995/995 996/996
f 997/997 998/998 999/999
f 1000/1000 1001/1001 1002/1002
f 1003/1003 1004/1004 1005/1005
f 1006/1006 1007/1007 1008/1008
f 1009/1009 1010/1010 1011/1011
f 1012/1012 1013/1013 1014/1014
f 1015/1015 1016/1016 1017/1017
f 1018/1018 1019/1019 1020/1020
f 1021/1021 1022/1022 1023/1023
f 1024/1024 1025/1025 1026/1026
f 1027/1027 1028/1028 1029/1029
f 1030/1030 1031/1031 1032/1032
f 1033/1033 1034/1034 1035/1035
f 1036/1036 1037/1037 1038/1038
f 1039/1039 1040/1040 1041/1041
f 1042/1042 1043/1043 1044/1044
f 1045/1045 1046/1046 1047/1047
f 1048/1048 1049/1049 1050/1050
f 1051/1051 1052/1052 1053/1053
f 1054/1054 1055/1055 1056/1056
f 1057/1057 1058/1058 1059/1059
f 1060/1060 1061/1061 1062/1062
f 1063/1063 1064/1064 1065/1065
f 1066/1066 1067/1067 1068/1068
f 1069/1069 1070/1070 1071/1071
f 1072/1072 1073/1073 1074/1074
f 1075/1075 1076/1076 1077/1077
f 1078/1078 1079/1079 1080/1080
f 1081/1081 1082/1082 1083/1083
f 1084/1084 1085/1085 1086/1086
f 1087/1087 1088/1088 1089/1089
f 1090/1090 1091/1091 1092/1092
f 1093/1093 1094/1094 1095/1095
f 1096/1096 1097/1097 1098/1098
f 1099/1099 1100/1100 1101/1101
f 1102/1102 1103/1103 1104/1104
f 1105/1105 1106/1106 1107/1107
f 1108/1108 1109/1109 1110/1110
f 1111/1111 1112/1112 1113/1113
f 1114/1114 1115/1115 1116/1116
f 1117/1117 1118/1118 1119/1119
f 1120/1120 1121/1121 1122/1122
f 1123/1123 1124/1124 1125/1125
f 1126/1126 1127/1127 1128/1128
f 1129/1129 1130/1130 1131/1131
f 1132/1132 1133/1133 1134/1134
f 1135/1135 1136/1136 1137/1137
f 1138/1138 1139/1139 1140/1140
f 1141/1141 1142/1142 1143/1143
f 1144/1144 1145/1145 1146/1146
f 1147/1147 1148/1148 1149/1149
f 1150/1150 1151/1151 1152/1152
f 1153/1153 1154/1154 1155/1155
f 1156/1156 1157/1157 1158/1158
f 1159/1159 1160/1160 1161/1161
f 1162/1162 1163/1163 1164/1164
f 1165/1165 1166/1166 1167/1167
f 1168/1168 1169/1169 1170/1170
f 1171/1171 1172/1172 1173/1173
f 1174/1174 1175/1175 1176/1176
f 1177/1177 1178/1178 1179/1179
f 1180/1180 1181/1181 1182/1182
f 1183/1183 1184/1184 1185/1185
f 1186/1186 1187/1187 1188/1188
f 1189/1189 1190/1190 1191/1191
f 1192/1192 1193/1193 1194/1194
f 1195/1195 1196/1196 1197/1197
f 1198/1198 1199/1199 1200/1200
f 1201/1201 1202/1202 1203/1203
f 1204/1204 1205/1205 1206/1206
f 1207/1207 1208/1208 1209/1209
f 1210/1210 1211/1211 1212/1212
f 1213/1213 1214/1214 1215/1215
f 1216/1216 1217/1217 1218/1218
f 1219/1219 1220/1220 1221/1221
f 1222/1222 1223/1223 1224/1224
f 1225/1225 1226/1226 1227/1227
f 1228/1228 1229/1229 1230/1230
f 1231/1231 1232/1232 1233/1233
f 1234/1234 1235/1235 1236/1236
f 1237/1237 1238/1238 1239/1239
f 1240/1240 1241/1241 1242/1242
f 1243/1243 1244/1244 1245/1245
f 1246/1246 1247/1247 1248/1248
f 1249/1249 1250/1250 1251/1251
f 1252/1252 1253/1253 1254/1254
f 1255/1255 1256/1256 1257/1257
f 1258/1258 1259/1259 1260/1260
f 1261/1261 1262/1262 1263/1263
f 1264/1264 1265/1265 1266/1266
f 1267/1267 1268/1268 1269/1269
f 1270/1270 1271/1271 1272/1272
f 1273/1273 1274/1274 1275/1275
f 1276/1276 1277/1277 1278/1278
f 1279/1279 1280/1280 1281/1281
f 1282/1282 1283/1283 1284/1284
f 1285/1285 1286/1286 1287/1287
f 1288/1288 1289/1289 1290/1290
f 1291/1291 1292/1292 1293/1293
f 1294/1294 1295/1295 1296/1296
f 1297/1297 1298/1298 1299/1299
f 1300/1300 1301/1301 1302/1302
f 1303/1303 1304/1304 1305/1305
f 1306/1306 1307/1307 1308/1308
f 1309/1309 1310/1310 1311/1311
f 1312/1312 1313/1313 1314/1314
f 1315/1315 1316/1316 1317/1317
f 1318/1318 1319/1319 1320/1320
f 1321/1321 1322/1322 1323/1323
f 1324/1324 1325/1325 1326/1326
f 1327/1327 1328/1328 1329/1329
f 1330/1330 1331/1331 1332/1332
f 1333/1333 1334/1334 1335/1335
f 1336/1336 1337/1337 1338/1338
f 1339/1339 1340/1340 1341/1341
f 1342/1342 1343/1343 1344/1344
f 1345/1345 1346/1346 1347/1347
f 1348/1348 1349/1349 1350/1350
f 1351/1351 1352/1352 1353/1353
f 1354/1354 1355/1355 1356/1356
f 1357/1357 1358/1358 1359/1359
f 1360/1360 1361/1361 1362/1362
f 1363/1363 1364/1364 1365/1365
f 1366/1366 1367/1367 1368/1368
f 1369/1369 1370/1370 1371/1371
f 1372/1372 1373/1373 1374/1374
f 1375/1375 1376/1376 1377/1377
f 1378/1378 1379/1379 1380/1380
f 1381/1381 1382/1382 1383/1383
f 1384/1384 1385/1385 1386/1386
f 1387/1387 1388/1388 1389/1389
f 1390/1390 1391/1391 1392/1392
f 1393/1393 1394/1394 1395/1395
f 1396/1396 1397/1397 1398/1398
f 1399/1399 1400/1400 1401/1401
f 1402/1402 1403/1403 1404/1404
f 1405/1405 1406/1406 1407/1407
f 1408/1408 1409/1409 1410/1410
f 1411/1411 1412/1412 1413/1413
f 1414/1414 1415/1415 1416/1416
f 1417/1417 1418/1418 1419/1419
f 1420/1420 1421/1421 1422/1422
f 1423/1423 1424/1424 1425/1425
f 1426/1426 1427/1427 1428/1428
f 1429/1429 1430/1430 1431/1431
f 1432/1432 1433/1433 1434/1434
f 1435/1435 1436/1436 1437/1437
f 1438/1438 1439/1439 1440/1440
f 1441/1441 1442/1442 1443/1443
f 1444/1444 1445/1445 1446/1446
f 1447/1447 1448/1448 1449/1449
f 1450/1450 1451/1451 1452/1452
f 1453/1453 1454/1454 1455/1455
f 1456/1456 1457/1457 1458/1458
f 1459/1459 1460/1460 1461/1461
f 1462/1462 1463/1463 1464/1464
f 1465/1465 1466/1466 1467/1467
f 1468/1468 1469/1469 1470/1470
f 1471/1471 1472/1472 1473/1473
f 1474/1474 1475/1475 1476/1476
f 1477/1477 1478/1478 1479/1479
f 1480/1480 1481/1481 1482/1482
f 1483/1483 1484/1484 1485/1485
f 1486/1486 1487/1487 1488/1488
f 1489/1489 1490/1490 1491/1491
f 1492/1492 1493/1493 1494/1494
f 1495/1495 1496/1496 1497/1497
f 1498/1498 1499/1499 1500/1500
f 1501/1501 1502/1502 1503/1503
f 1504/1504 1505/1505 1506/1506
f 1507/1507 1508/1508 1509/1509
f 1510/1510 1511/1511 1512/1512
f 1513/1513 1514/1514 1515/1515
f 1516/1516 1517/1517 1518/1518
f 1519/1519 1520/1520 1521/1521
f 1522/1522 1523/1523 1524/1524
f 1525/1525 1526/1526 1527/1527
f 1528/1528 1529/1529 1530/1530
f 1531/1531 1532/1532 1533/1533
f 1534/1534 1535/1535 1536/1536
f 1537/1537 1538/1538 1539/1539
f 1540/1540 1541/1541 1542/1542
f 1543/1543 1544/1544 1545/1545
f 1546/1546 1547/1547 1548/1548
f 1549/1549 1550/1550 1551/1551
f 1552/1552 1553/1553 1554/1554
f 1555/1555 1556/1556 1557/1557
f 1558/1558 1559/1559 1560/1560
f 1561/1561 1562/1562 1563/1563
f 1564/1564 1565/1565 1566/1566
f 1567/1567 1568/1568 1569/1569
f 1570/1570 1571/1571 1572/1572
f 1573/1573 1574/1574 1575/1575
f 1576/1576 1577/1577 1578/1578
f 1579/1579 1580/1580 1581/1581
f 1582/1582 1583/1583 1584/1584
f 1585/1585 1586/1586 1587/1587
f 1588/1588 1589/1589 1590/1590
f 1591/1591 1592/1592 1593/1593
f 1594/1594 1595/1595 1596/1596
f 1597/1597 1598/1598 1599/1599
f 1600/1600 1601/1601 1602/1602
f 1603/1603 1604/1604 1605/1605
f 1606/1606 1607/1607 1608/1608
f 1609/1609 1610/1610 1611/1611
f 1612/1612 1613/1613 1614/1614
f 1615/1615 1616/1616 1617/1617
f 1618/1618 1619/1619 1620/1620
f 1621/1621 1622/1622 1623/1623
f 1624/1624 1625/1625 1626/1626
f 1627/1627 1628/1628 1629/1629
f 1630/1630 1631/1631 1632/1632
f 1633/1633 1634/1634 1635/1635
f 1636/1636 1637/1637 1638/1638
f 1639/1639 1640/1640 1641/1641
f 1642/1642 1643/1643 1644/1644
f 1645/1645 1646/1646 1647/1647
f 1648/1648 1649/1649 1650/1650
f 1651/1651 1652/1652 1653/1653
f 1654/1654 1655/1655 1656/1656
f 1657/1657 1658/1658 1659/1659
f 1660/1660 1661/1661 1662/1662
f 1663/1663 1664/1664 1665/1665
f 1666/1666 1667/1667 1668/1668
f 1669/1669 1670/1670 1671/1671
f 1672/1672 1673/1673 1674/1674
f 1675/1675 1676/1676 1677/1677
f 1678/1678 1679/1679 1680/1680
f 1681/1681 1682/1682 1683/1683
f 1684/1684 1685/1685 1686/1686
f 1687/1687 1688/1688 1689/1689
f 1690/1690 1691/1691 1692/1692
f 1693/1693 1694/1694 1695/1695
f 1696/1696 1697/1697 1698/1698
f 1699/1699 1700/1700 1701/1701
f 1702/1702 1703/1703 1704/1704
f 1705/1705 1706/1706 1707/1707
f 1708/1708 1709/1709 1710/1710
f 1711/1711 1712/1712 1713/1713
f 1714/1714 1715/1715 1716/1716
f 1717/1717 1718/1718 1719/1719
f 1720/1720 1721/1721 1722/1722
f 1723/1723 1724/1724 1725/1725
f 1726/1726 1727/1727 1728/1728
f 1729/1729 1730/1730 1731/1731
f 1732/1732 1733/1733 1734/1734
f 1735/1735 1736/1736 1737/1737
f 1738/1738 1739/1739 1740/1740
f 1741/1741 1742/1742 1743/1743
f 1744/1744 1745/1745 1746/1746
f 1747/1747 1748/1748 1749/1749
f 1750/1750 1751/1751 1752/1752
f 1753/1753 1754/1754 1755/1755
f 1756/1756 1757/1757 1758/1758
f 1759/1759 1760/1760 1761/1761
f 1762/1762 1763/1763 1764/1764
f 1765/1765 1766/1766 1767/1767
f 1768/1768 1769/1769 1770/1770
f 1771/1771 1772/1772 1773/1773
f 1774/1774 1775/1775 1776/1776
f 1777/1777 1778/1778 1779/1779
f 1780/1780 1781/1781 1782/1782
f 1783/1783 1784/1784 1785/1785
f 1786/1786 1787/1787 1788/1788
f 1789/1789 1790/1790 1791/1791
f 1792/1792 1793/1793 1794/1794
f 1795/1795 1796/1796 1797/1797
f 1798/1798 1799/1799 1800/1800
# 838 faces

