v 0.017446 -1.094200 -0.284377
v -0.191096 -1.094200 -0.291654
v 0.017446 -1.055034 -0.284377
v -0.188695 -1.094200 0.285658
v 0.020875 -1.094200 0.278381
v 0.020875 -1.055034 0.278381
v 0.061609 -1.055034 0.269879
v 0.061609 -1.094200 0.269879
v 0.091498 -1.055034 0.247786
v 0.091498 -1.094200 0.247786
v 0.091498 -1.094200 0.247786
v 0.110333 -1.055034 0.217222
v 0.091498 -1.055034 0.247786
v 0.110333 -1.094200 0.217222
v 0.117908 -1.055034 0.183308
v 0.117908 -1.094200 0.183308
v 0.125185 -1.055034 -0.003831
v 0.125185 -1.094200 -0.003831
v 0.123366 -1.055034 -0.081645
v 0.123366 -1.094200 -0.081645
v 0.117908 -1.055034 -0.185388
v 0.117908 -1.094200 -0.185388
v 0.109914 -1.055034 -0.219856
v 0.109914 -1.094200 -0.219856
v 0.090173 -1.055034 -0.251772
v 0.090173 -1.094200 -0.251772
v 0.090173 -1.094200 -0.251772
v 0.059184 -1.055034 -0.275244
v 0.090173 -1.055034 -0.251772
v 0.059184 -1.094200 -0.275244
v 0.017119 -1.094200 -0.271768
v 0.053822 -1.055034 -0.263757
v 0.017119 -1.055034 -0.271768
v 0.053822 -1.094200 -0.263757
v 0.081017 -1.055034 -0.243143
v 0.081017 -1.094200 -0.243143
v 0.081017 -1.094200 -0.243143
v 0.098313 -1.055034 -0.215053
v 0.081017 -1.055034 -0.243143
v 0.098313 -1.094200 -0.215053
v 0.105318 -1.055034 -0.184616
v 0.105318 -1.094200 -0.184616
v 0.110752 -1.055034 -0.081331
v 0.110752 -1.094200 -0.081331
v 0.112564 -1.055034 -0.003845
v 0.112564 -1.094200 -0.003845
v 0.105316 -1.055034 0.182569
v 0.105316 -1.094200 0.182569
v 0.098692 -1.055034 0.212130
v 0.098692 -1.094200 0.212130
v 0.082219 -1.055034 0.238891
v 0.082219 -1.094200 0.238891
v 0.082219 -1.094200 0.238891
v 0.056102 -1.055034 0.258291
v 0.082219 -1.055034 0.238891
v 0.056102 -1.094200 0.258291
v 0.020548 -1.055034 0.265771
v 0.020548 -1.094200 0.265771
v -0.188581 -1.094200 0.273027
v -0.362819 -0.252084 0.287274
v -0.191169 -1.094200 -0.279025
v -0.386634 -1.094200 -0.284377
v -0.375736 -0.676021 -0.292417
v -0.419215 -0.676021 -0.283022
v -0.427111 -1.094200 -0.275244
v -0.451320 -0.676021 -0.258880
v -0.457000 -1.094200 -0.251772
v -0.457000 -1.094200 -0.251772
v -0.471688 -0.676021 -0.226052
v -0.451320 -0.676021 -0.258880
v -0.475963 -1.094200 -0.219856
v -0.479958 -0.676021 -0.190599
v -0.483661 -1.094200 -0.185388
v -0.490938 -1.094200 -0.003831
v -0.474708 0.138046 0.084783
v -0.479958 -0.676021 0.188631
v -0.476086 -1.094200 0.217222
v -0.471821 -0.676021 0.223514
v -0.451590 -0.676021 0.254951
v -0.457252 -1.094200 0.247786
v -0.457252 -1.094200 0.247786
v -0.419486 -0.676021 0.277675
v -0.451590 -0.676021 0.254951
v -0.427364 -1.094200 0.269879
v -0.375730 -0.676021 0.286420
v -0.386628 -1.094200 0.278381
v 0.061987 -0.676021 0.286420
v 0.105742 -0.676021 0.277675
v 0.137846 -0.676021 0.254951
v 0.158078 -0.676021 0.223514
v 0.137846 -0.676021 0.254951
v 0.166214 -0.676020 -0.190599
v 0.157628 -0.676020 -0.226052
v 0.136423 -0.676021 -0.258880
v 0.103137 -0.676020 -0.283022
v 0.136423 -0.676021 -0.258880
v 0.058304 -0.676021 -0.292417
v 0.097377 -0.676020 -0.271207
v 0.057953 -0.676020 -0.279447
v 0.126589 -0.676021 -0.250004
v 0.145166 -0.676020 -0.221112
v 0.126589 -0.676021 -0.250004
v 0.152689 -0.676021 0.187871
v 0.145574 -0.676021 0.218277
v 0.127879 -0.676021 0.245802
v 0.099826 -0.676021 0.265757
v 0.127879 -0.676021 0.245802
v -0.375357 -0.676021 0.273451
v -0.421891 -1.094200 0.258363
v -0.413607 -0.676021 0.265830
v -0.441654 -0.676021 0.245997
v -0.448002 -1.094200 0.239081
v -0.448002 -1.094200 0.239081
v -0.459321 -0.676021 0.218496
v -0.441654 -0.676021 0.245997
v -0.464449 -1.094200 0.212344
v -0.466432 -0.676021 0.187871
v -0.471071 -1.094200 -0.184618
v -0.472272 -0.676021 -0.083527
v -0.466434 -0.676021 -0.189807
v -0.459175 -0.676021 -0.220848
v -0.464313 -1.094200 -0.214797
v -0.441316 -0.676021 -0.249769
v -0.447686 -1.094200 -0.242915
v -0.447686 -1.094200 -0.242915
v -0.413247 -0.676021 -0.271120
v -0.441316 -0.676021 -0.249769
v -0.421555 -1.094200 -0.263672
v -0.375359 -0.676021 -0.279448
v -0.386283 -1.094200 -0.271769
v -0.363220 -0.252084 -0.306888
v -0.409147 -0.252084 -0.297024
v -0.443060 -0.252084 -0.271674
v -0.464576 -0.252084 -0.237205
v -0.443060 -0.252084 -0.271674
v -0.473311 -0.252084 -0.199979
v -0.473311 -0.252084 0.198213
v -0.464717 -0.252084 0.234840
v -0.443346 -0.252084 0.267849
v -0.409434 -0.252084 0.291709
v -0.443346 -0.252084 0.267849
v 0.099159 -0.252084 0.300891
v 0.145379 -0.252084 0.291709
v 0.179292 -0.252084 0.267849
v 0.200663 -0.252084 0.234840
v 0.179292 -0.252084 0.267849
v 0.209258 -0.252084 -0.199979
v 0.200188 -0.252084 -0.237205
v 0.177789 -0.252084 -0.271674
v 0.142627 -0.252084 -0.297024
v 0.177789 -0.252084 -0.271674
v 0.136543 -0.252084 -0.284618
v 0.094898 -0.252084 -0.293270
v 0.167400 -0.252084 -0.262354
v 0.187024 -0.252084 -0.232017
v 0.167400 -0.252084 -0.262354
v 0.187455 -0.252084 0.229341
v 0.168763 -0.252084 0.258242
v 0.139130 -0.252084 0.279195
v 0.168763 -0.252084 0.258242
v -0.403224 -0.252084 0.279272
v -0.432850 -0.252084 0.258447
v -0.451513 -0.252084 0.229571
v -0.432850 -0.252084 0.258447
v -0.459024 -0.252084 0.197415
v -0.459026 -0.252084 -0.199147
v -0.451358 -0.252084 -0.231741
v -0.432493 -0.252084 -0.262108
v -0.402843 -0.252084 -0.284526
v -0.432493 -0.252084 -0.262108
v -0.362822 -0.252084 -0.293270
v -0.130909 0.138046 -0.326293
v 0.109665 0.138046 -0.318143
v -0.356481 0.138046 -0.318143
v -0.403176 0.138046 -0.307913
v -0.437656 0.138046 -0.281625
v -0.459531 0.138046 -0.245879
v -0.437656 0.138046 -0.281625
v -0.468412 0.138046 -0.207275
v -0.474708 0.138046 -0.091083
v -0.468412 0.138046 0.205665
v -0.459674 0.138046 0.243649
v -0.437947 0.138046 0.277880
v -0.403468 0.138046 0.302624
v -0.437947 0.138046 0.277880
v -0.356474 0.138046 0.312146
v -0.128139 0.138046 0.320297
v 0.113620 0.138046 0.312146
v 0.160612 0.138046 0.302624
v 0.195091 0.138046 0.277880
v 0.216819 0.138046 0.243649
v 0.195091 0.138046 0.277880
v 0.225558 0.138046 0.205665
v 0.233953 0.138046 -0.003931
v 0.216336 0.138046 -0.245879
v 0.193563 0.138046 -0.281625
v 0.157814 0.138046 -0.307913
v 0.193563 0.138046 -0.281625
v 0.151629 0.138046 -0.295048
v 0.109288 0.138046 -0.304020
v 0.183001 0.138046 -0.271960
v 0.202953 0.138046 -0.240500
v 0.183001 0.138046 -0.271960
v 0.203391 0.138046 0.237946
v 0.184387 0.138046 0.267918
v 0.154259 0.138046 0.289646
v 0.184387 0.138046 0.267918
v -0.128007 0.138046 0.306150
v -0.397154 0.138046 0.289726
v -0.427275 0.138046 0.268130
v -0.446249 0.138046 0.238185
v -0.427275 0.138046 0.268130
v -0.453886 0.138046 0.204837
v -0.460155 0.138046 0.084486
v -0.453888 0.138046 -0.206412
v -0.446092 0.138046 -0.240213
v -0.426912 0.138046 -0.271705
v -0.396767 0.138046 -0.294953
v -0.426912 0.138046 -0.271705
v -0.130993 0.138046 -0.312148
v -0.464449 -1.064737 0.212344
v -0.448002 -1.064737 0.239081
v -0.448002 -1.055034 0.239081
v -0.464449 -1.055034 0.212344
v -0.548770 0.082470 -0.280010
v -0.548770 0.082470 0.281612
v -0.548770 0.121281 0.281612
v -0.548770 0.121281 -0.280010
v -0.406433 0.137888 0.300494
v -0.407178 0.021575 0.301239
v -0.416097 0.021575 0.292320
v -0.407178 0.021574 -0.302443
v -0.406433 0.137888 -0.301698
v -0.416097 0.021574 -0.293524
v 0.376923 0.145921 0.215107
v 0.375454 0.156496 0.215107
v 0.375454 0.156496 0.232572
v 0.376769 0.146666 0.232572
v 0.376923 0.145921 0.032138
v 0.375454 0.156496 0.032138
v 0.375454 0.156496 0.049603
v 0.376769 0.146666 0.049603
v 0.376923 0.145921 -0.046471
v 0.375454 0.156496 -0.046471
v 0.375454 0.156496 -0.029006
v 0.376769 0.146666 -0.029006
v 0.376923 0.145921 -0.229569
v 0.375454 0.156496 -0.229569
v 0.375454 0.156496 -0.212104
v 0.376769 0.146666 -0.212104
v 0.126052 0.099028 -0.348502
v -0.491989 0.099028 -0.348502
v 0.126052 0.146883 -0.348502
v -0.491989 0.146883 -0.348502
v 0.153673 0.099028 -0.347419
v 0.153673 0.146883 -0.347419
v 0.176857 0.099028 -0.344155
v 0.176857 0.146883 -0.344155
v 0.195985 0.099028 -0.338692
v 0.195985 0.146883 -0.338692
v 0.211443 0.099028 -0.331011
v 0.211443 0.146883 -0.331011
v 0.223611 0.099028 -0.321093
v 0.223612 0.146883 -0.321093
v 0.232875 0.099028 -0.308919
v 0.232875 0.146883 -0.308919
v 0.239617 0.099028 -0.294469
v 0.232875 0.099028 -0.308919
v 0.239617 0.146883 -0.294469
v 0.232875 0.146883 -0.308919
v 0.244220 0.099028 -0.277724
v 0.244220 0.146883 -0.277724
v 0.247068 0.099028 -0.258666
v 0.247068 0.146883 -0.258666
v 0.249029 0.099028 -0.213532
v 0.249029 0.146883 -0.213532
v 0.249029 0.099028 0.216900
v 0.249029 0.146883 0.216900
v 0.244336 0.099028 0.280327
v 0.244336 0.146883 0.280327
v 0.239793 0.099028 0.296533
v 0.239793 0.146883 0.296533
v 0.233107 0.099028 0.310376
v 0.233107 0.146883 0.310376
v 0.223887 0.099028 0.321918
v 0.233107 0.099028 0.310376
v 0.223887 0.146883 0.321918
v 0.233107 0.146883 0.310376
v 0.211740 0.099028 0.331221
v 0.211740 0.146883 0.331221
v 0.196274 0.099028 0.338349
v 0.196274 0.146883 0.338349
v 0.177098 0.099028 0.343362
v 0.177098 0.146883 0.343362
v 0.153819 0.099028 0.346324
v 0.153819 0.146883 0.346324
v 0.126045 0.099028 0.347298
v -0.495991 0.099028 0.347298
v -0.495991 0.146883 0.347298
v -0.508835 0.099028 0.346762
v -0.508835 0.146883 0.346762
v -0.519021 0.099028 0.344937
v -0.519021 0.146883 0.344937
v -0.526854 0.099028 0.341498
v -0.526854 0.146883 0.341498
v -0.532639 0.099028 0.336120
v -0.532639 0.146883 0.336120
v -0.536680 0.099028 0.328479
v -0.532639 0.099028 0.336120
v -0.536680 0.146883 0.328479
v -0.532639 0.146883 0.336120
v -0.539281 0.099028 0.318249
v -0.539281 0.146883 0.318249
v -0.541353 0.099028 0.216900
v -0.541353 0.146883 0.216900
v -0.541353 0.099028 -0.213532
v -0.537996 0.099028 -0.316792
v -0.539874 0.146883 -0.303041
v -0.537996 0.146883 -0.316792
v -0.534942 0.099028 -0.327654
v -0.534942 0.146883 -0.327654
v -0.530425 0.099028 -0.335910
v -0.530425 0.146883 -0.335910
v -0.524157 0.099028 -0.341841
v -0.530425 0.099028 -0.335910
v -0.524157 0.146883 -0.341841
v -0.530425 0.146883 -0.335910
v -0.515853 0.099028 -0.345730
v -0.515853 0.146883 -0.345730
v -0.505226 0.099028 -0.347856
v -0.505226 0.146883 -0.347856
v -0.387335 0.137847 -0.297666
v -0.372507 0.137847 -0.301294
v -0.387335 0.146883 -0.297666
v -0.372507 0.146883 -0.301294
v -0.400765 0.137847 -0.291958
v -0.400765 0.146883 -0.291958
v -0.412778 0.137847 -0.284446
v -0.412778 0.146883 -0.284446
v -0.423353 0.137847 -0.275409
v -0.423352 0.146883 -0.275409
v -0.432466 0.137847 -0.265123
v -0.432466 0.146883 -0.265122
v -0.440099 0.137847 -0.253864
v -0.432466 0.137847 -0.265123
v -0.440099 0.146883 -0.253864
v -0.432466 0.146883 -0.265122
v -0.446230 0.137847 -0.241910
v -0.446229 0.146883 -0.241910
v -0.450836 0.137847 -0.229539
v -0.450836 0.146883 -0.229539
v -0.453898 0.137847 -0.217026
v -0.453898 0.146883 -0.217026
v -0.455395 0.137847 -0.204649
v -0.455395 0.146883 -0.204649
v -0.461853 0.137847 -0.079956
v -0.458086 0.146883 -0.157170
v -0.460239 0.146883 -0.116095
v -0.461853 0.146883 -0.079956
v -0.462930 0.137847 -0.047282
v -0.462930 0.146883 -0.047282
v -0.463468 0.137847 -0.016603
v -0.463469 0.137847 0.013550
v -0.463469 0.146883 0.013550
v -0.462930 0.137847 0.044647
v -0.461854 0.137847 0.078160
v -0.461854 0.146883 0.078160
v -0.460239 0.137847 0.115556
v -0.455393 0.137847 0.207883
v -0.455393 0.146883 0.207883
v -0.453982 0.137847 0.220001
v -0.453982 0.146883 0.220001
v -0.451088 0.137847 0.232133
v -0.451088 0.146883 0.232133
v -0.446722 0.137847 0.244035
v -0.446722 0.146883 0.244035
v -0.440896 0.137847 0.255459
v -0.440896 0.146883 0.255459
v -0.433621 0.137847 0.266159
v -0.433621 0.146883 0.266159
v -0.424907 0.137847 0.275888
v -0.433621 0.137847 0.266159
v -0.424907 0.146883 0.275888
v -0.433621 0.146883 0.266159
v -0.414767 0.137847 0.284402
v -0.414767 0.146883 0.284401
v -0.403210 0.137847 0.291452
v -0.403210 0.146883 0.291452
v -0.390249 0.137847 0.296792
v -0.390249 0.146883 0.296792
v -0.375894 0.137847 0.300177
v -0.375894 0.146883 0.300177
v -0.360156 0.137847 0.301361
v -0.360156 0.146883 0.301361
v -0.298140 0.137847 0.304054
v -0.246495 0.137847 0.306209
v -0.203010 0.146883 0.307826
v -0.203010 0.137847 0.307826
v -0.165476 0.137847 0.308905
v -0.165476 0.146883 0.308905
v -0.131682 0.137847 0.309445
v -0.131682 0.146883 0.309445
v -0.099418 0.137847 0.309445
v -0.099418 0.146883 0.309445
v -0.066473 0.137848 0.308907
v -0.066473 0.146883 0.308907
v -0.030636 0.137848 0.307830
v -0.030636 0.146883 0.307830
v 0.010301 0.146883 0.306213
v 0.116322 0.137848 0.301361
v 0.058550 0.146883 0.304057
v 0.116322 0.146883 0.301361
v 0.132093 0.137848 0.300191
v 0.132093 0.146883 0.300191
v 0.146469 0.137848 0.296839
v 0.146469 0.146883 0.296839
v 0.159440 0.137848 0.291544
v 0.159440 0.146883 0.291544
v 0.170998 0.137848 0.284545
v 0.170998 0.146883 0.284545
v 0.181133 0.137848 0.276081
v 0.181133 0.146883 0.276081
v 0.189838 0.137848 0.266389
v 0.189838 0.146883 0.266389
v 0.197102 0.137848 0.255710
v 0.189838 0.137848 0.266389
v 0.197102 0.146883 0.255710
v 0.189838 0.146883 0.266389
v 0.202918 0.137848 0.244281
v 0.202918 0.146883 0.244281
v 0.207275 0.137848 0.232341
v 0.207275 0.146883 0.232341
v 0.210166 0.137848 0.220128
v 0.210166 0.146883 0.220128
v 0.211582 0.137848 0.207883
v 0.211582 0.146883 0.207883
v 0.218040 0.137848 0.078231
v 0.218040 0.146883 0.078231
v 0.219117 0.137848 0.044725
v 0.219655 0.137848 0.013628
v 0.219655 0.146883 0.013628
v 0.219656 0.137848 -0.016530
v 0.219656 0.146883 -0.016530
v 0.219118 0.137848 -0.047219
v 0.219118 0.146883 -0.047219
v 0.218042 0.137848 -0.079906
v 0.218042 0.146883 -0.079906
v 0.216428 0.146883 -0.116062
v 0.211584 0.137848 -0.204652
v 0.214275 0.146883 -0.157154
v 0.211584 0.146883 -0.204652
v 0.210131 0.137848 -0.216874
v 0.210131 0.146883 -0.216874
v 0.207178 0.137848 -0.229290
v 0.207178 0.146883 -0.229290
v 0.202745 0.137848 -0.241615
v 0.202745 0.146883 -0.241615
v 0.196850 0.137848 -0.253562
v 0.196850 0.146883 -0.253562
v 0.189513 0.137848 -0.264845
v 0.189513 0.146883 -0.264845
v 0.180755 0.137848 -0.275178
v 0.189513 0.137848 -0.264845
v 0.180755 0.146883 -0.275178
v 0.189513 0.146883 -0.264845
v 0.170595 0.137848 -0.284274
v 0.170595 0.146883 -0.284274
v 0.159052 0.137848 -0.291847
v 0.159052 0.146883 -0.291847
v 0.146146 0.137848 -0.297611
v 0.146146 0.146883 -0.297611
v 0.131897 0.137848 -0.301279
v 0.131897 0.146883 -0.301279
v 0.116324 0.137848 -0.302566
v 0.116324 0.146883 -0.302566
v -0.029619 0.137847 -0.309032
v -0.029619 0.146883 -0.309032
v -0.064732 0.137847 -0.310111
v -0.096897 0.137847 -0.310651
v -0.096897 0.146883 -0.310651
v -0.128405 0.137847 -0.310651
v -0.128405 0.146883 -0.310651
v -0.161548 0.137847 -0.310113
v -0.161548 0.146883 -0.310113
v -0.198618 0.137847 -0.309036
v -0.198618 0.146883 -0.309036
v -0.241906 0.137847 -0.307418
v -0.241906 0.146883 -0.307418
v -0.293704 0.137847 -0.305262
v -0.293704 0.146883 -0.305262
v -0.356304 0.137847 -0.302565
v -0.356304 0.146883 -0.302565
v -0.482277 0.099028 -0.338335
v 0.117762 0.099028 -0.338335
v -0.482277 0.137951 -0.338335
v 0.117762 0.137951 -0.338335
v 0.144579 0.099028 -0.337283
v 0.144579 0.137951 -0.337283
v 0.167087 0.099028 -0.334115
v 0.167087 0.137951 -0.334115
v 0.185659 0.099028 -0.328811
v 0.185659 0.137951 -0.328811
v 0.200666 0.099028 -0.321354
v 0.200666 0.137951 -0.321354
v 0.212480 0.099028 -0.311725
v 0.212480 0.137951 -0.311725
v 0.221474 0.099028 -0.299905
v 0.221474 0.137951 -0.299905
v 0.221474 0.099028 -0.299905
v 0.228020 0.099028 -0.285876
v 0.221474 0.137951 -0.299905
v 0.228020 0.137951 -0.285876
v 0.232489 0.099028 -0.269619
v 0.232489 0.137951 -0.269619
v 0.235253 0.099028 -0.251116
v 0.235253 0.137951 -0.251116
v 0.237157 0.099028 -0.207296
v 0.237157 0.137951 -0.207296
v 0.237157 0.099028 0.210599
v 0.237157 0.137951 0.210599
v 0.235312 0.099028 0.254088
v 0.235312 0.137951 0.254088
v 0.232601 0.099028 0.272178
v 0.232601 0.137951 0.272178
v 0.228190 0.099028 0.287913
v 0.228190 0.137951 0.287913
v 0.221699 0.099028 0.301353
v 0.221699 0.137951 0.301353
v 0.221699 0.099028 0.301353
v 0.212748 0.099028 0.312558
v 0.221699 0.137951 0.301353
v 0.212748 0.137951 0.312558
v 0.200954 0.099028 0.321591
v 0.200954 0.137951 0.321591
v 0.185939 0.099028 0.328510
v 0.185939 0.137951 0.328510
v 0.167321 0.099028 0.333377
v 0.167321 0.137951 0.333377
v 0.144720 0.099028 0.336253
v 0.144720 0.137951 0.336253
v 0.117755 0.099028 0.337198
v 0.117755 0.137951 0.337199
v -0.486163 0.099028 0.337199
v -0.486164 0.137951 0.337199
v -0.498633 0.099028 0.336678
v -0.498633 0.137951 0.336678
v -0.508522 0.099028 0.334906
v -0.508522 0.137951 0.334906
v -0.516128 0.099028 0.331568
v -0.516128 0.137951 0.331568
v -0.521744 0.099028 0.326347
v -0.521744 0.137951 0.326347
v -0.521744 0.099028 0.326347
v -0.525667 0.099028 0.318928
v -0.521744 0.137951 0.326347
v -0.525667 0.137951 0.318928
v -0.528193 0.099028 0.308996
v -0.528193 0.137951 0.308996
v -0.529616 0.137951 0.296236
v -0.530340 0.099028 0.260968
v -0.530204 0.099028 0.210599
v -0.530204 0.099028 -0.207296
v -0.528768 0.137951 -0.294199
v -0.528768 0.099028 -0.294199
v -0.526945 0.099028 -0.307548
v -0.526945 0.137951 -0.307548
v -0.523980 0.099028 -0.318094
v -0.523980 0.137951 -0.318094
v -0.519594 0.099028 -0.326110
v -0.519594 0.137951 -0.326110
v -0.519594 0.099028 -0.326110
v -0.513509 0.099028 -0.331869
v -0.519594 0.137951 -0.326110
v -0.513509 0.137951 -0.331869
v -0.505447 0.099028 -0.335644
v -0.505447 0.137951 -0.335644
v -0.495129 0.099028 -0.337708
v -0.495129 0.137951 -0.337708
v -0.286481 0.198330 0.300435
v -0.293632 0.210315 0.169964
v -0.385547 0.196458 0.292272
v -0.455996 0.194315 0.226929
v -0.337673 0.209445 0.142737
v -0.421737 0.194868 0.284582
v 0.228931 0.191950 0.119385
v 0.237269 0.176234 0.138598
v 0.238750 0.180788 -0.001213
v 0.228931 0.191950 0.119385
v 0.214823 0.198659 0.120249
v 0.218607 0.198673 0.138975
v 0.228705 0.183169 0.223098
v 0.218607 0.198673 0.138975
v 0.214849 0.197656 0.223933
v 0.203741 0.191980 0.264778
v 0.174532 0.181204 0.299911
v 0.207813 0.181758 0.269629
v 0.197725 0.198964 0.258220
v 0.173015 0.198065 0.280561
v 0.151773 0.181740 0.310276
v 0.151578 0.148182 0.316504
v 0.175134 0.148182 0.306152
v 0.151757 0.191041 0.302703
v 0.151757 0.191041 0.302703
v 0.173015 0.198065 0.280561
v 0.117906 0.191708 0.310785
v -0.037999 0.192271 0.316006
v -0.038057 0.182324 0.324407
v 0.117887 0.182425 0.318119
v 0.117906 0.191708 0.310785
v -0.037611 0.199811 0.302339
v -0.211693 0.191437 0.315313
v -0.214131 0.182504 0.323315
v -0.211693 0.191437 0.315313
v -0.037611 0.199811 0.302339
v -0.289818 0.193071 0.310128
v -0.292188 0.184818 0.318260
v -0.391930 0.191550 0.301217
v -0.395128 0.183401 0.310209
v -0.422432 0.148182 0.314142
v -0.417060 0.183234 0.304914
v -0.431883 0.183059 0.297509
v -0.413945 0.190777 0.297401
v -0.413945 0.190777 0.297401
v -0.457450 0.188546 0.261923
v -0.470553 0.179669 0.264970
v -0.457450 0.188546 0.261923
v -0.487029 0.178817 0.229929
v -0.470553 0.179669 0.264970
v -0.421740 0.194870 -0.286979
v -0.347836 0.210533 -0.124140
v -0.337673 0.209445 -0.145161
v -0.473704 0.187665 -0.230918
v 0.240130 0.148182 -0.134073
v 0.240842 0.148182 0.113483
v 0.232753 0.180767 -0.197124
v 0.228931 0.191950 -0.121808
v 0.207813 0.181758 -0.272053
v 0.175134 0.148182 -0.308576
v 0.174532 0.181204 -0.302335
v 0.197725 0.198964 -0.260644
v 0.203741 0.191980 -0.267202
v 0.173015 0.198065 -0.282985
v 0.151578 0.148182 -0.318929
v 0.151774 0.181740 -0.312700
v 0.151757 0.191041 -0.305127
v 0.173015 0.198065 -0.282985
v 0.151757 0.191041 -0.305127
v 0.117906 0.191708 -0.313209
v -0.204721 0.148182 -0.333599
v -0.038056 0.182324 -0.326831
v 0.115819 0.148182 -0.326325
v 0.117906 0.191708 -0.313209
v 0.117888 0.182425 -0.320543
v -0.130345 0.182232 -0.326720
v -0.037999 0.192271 -0.318430
v -0.422432 0.148182 -0.316567
v -0.256351 0.183747 -0.323558
v -0.417059 0.183235 -0.307338
v -0.431884 0.183059 -0.299933
v -0.413914 0.190780 -0.299810
v -0.395112 0.183402 -0.312630
v -0.381144 0.196883 -0.293595
v -0.413914 0.190780 -0.299810
v -0.470553 0.179669 -0.267394
v -0.457451 0.188546 -0.264347
v -0.487030 0.178817 -0.232354
v -0.457451 0.188546 -0.264347
v -0.470553 0.179669 -0.267394
v 0.121142 0.210600 0.170487
v 0.153700 0.204491 0.215883
v 0.197725 0.198964 0.258220
v 0.039429 0.214585 0.170717
v -0.048870 0.213250 0.178028
v 0.083553 0.216005 0.092882
v -0.318639 0.209774 0.158418
v -0.347836 0.210533 0.121715
v -0.357607 0.212816 -0.051404
v -0.486626 0.187741 -0.001212
v 0.228931 0.191950 -0.121808
v 0.230531 0.148182 0.217908
v 0.214849 0.197656 0.223933
v 0.223329 0.191824 0.224312
v 0.223329 0.191824 0.224312
v 0.211002 0.148182 0.270531
v 0.173926 0.191049 0.291464
v 0.115819 0.148182 0.323901
v -0.123732 0.148182 0.331431
v -0.342355 0.148182 0.324043
v -0.286481 0.198330 0.300435
v -0.289818 0.193071 0.310128
v -0.391930 0.191550 0.301217
v -0.443696 0.148182 0.305037
v -0.427393 0.190605 0.290851
v -0.427393 0.190605 0.290851
v -0.488415 0.148182 0.265733
v -0.488415 0.148182 0.265733
v -0.470553 0.179669 0.264970
v -0.487029 0.178817 0.229929
v -0.508025 0.148182 0.223705
v -0.473704 0.187666 0.228494
v -0.514562 0.155972 0.135398
v -0.516806 0.148182 0.140988
v -0.486626 0.187741 -0.001212
v -0.513910 0.157237 0.092729
v 0.039429 0.214585 -0.173141
v 0.197725 0.198964 -0.260644
v -0.037999 0.192271 -0.318430
v -0.048870 0.213250 -0.180452
v 0.075457 0.216479 -0.127675
v 0.083553 0.216005 -0.095306
v -0.211657 0.191435 -0.317762
v -0.293632 0.210315 -0.172388
v -0.288716 0.193069 -0.312791
v -0.318639 0.209774 -0.160842
v 0.230531 0.148182 -0.220332
v 0.228705 0.183169 -0.225522
v 0.223328 0.191824 -0.226736
v 0.212030 0.198022 -0.231409
v 0.223328 0.191824 -0.226736
v 0.207813 0.181758 -0.272053
v 0.203741 0.191980 -0.267202
v 0.219646 0.182692 -0.248874
v 0.211002 0.148182 -0.272955
v 0.173926 0.191049 -0.293888
v -0.211657 0.191435 -0.317762
v -0.288716 0.193069 -0.312791
v -0.391595 0.191580 -0.303563
v -0.391595 0.191580 -0.303563
v -0.443696 0.148182 -0.307461
v -0.427393 0.190606 -0.293273
v -0.427393 0.190606 -0.293273
v -0.500655 0.148182 -0.246884
v -0.508025 0.148182 -0.226129
v -0.487030 0.178817 -0.232354
v -0.500655 0.148182 -0.246884
v -0.470553 0.179669 -0.267394
v -0.516806 0.148182 -0.143412
v -0.514562 0.155972 -0.137822
v -0.513910 0.157237 -0.095154
v 0.165726 0.203777 0.208735
v 0.208658 0.198459 0.235029
v 0.196376 0.200125 0.235029
v 0.057193 0.215743 0.158732
v 0.130162 0.209513 0.174871
v 0.126457 0.209740 0.175047
v 0.068518 0.216670 0.142807
v 0.068355 0.216684 0.142801
v 0.222357 0.148182 0.245361
v 0.225322 0.149732 0.235029
v 0.222223 0.149740 0.245433
v 0.207813 0.181758 0.269629
v 0.214729 0.185394 0.252494
v 0.203741 0.191980 0.264778
v 0.219043 0.149749 0.252494
v 0.224076 0.182925 0.235029
v 0.210345 0.192406 0.252494
v 0.200199 0.198971 0.252494
v 0.210345 0.192406 0.252494
v 0.197725 0.198964 0.258220
v 0.196376 0.200145 -0.231409
v 0.157873 0.204249 -0.215843
v 0.057193 0.215743 -0.161156
v 0.070211 0.216630 -0.140640
v 0.097159 0.214284 -0.146293
v 0.222224 0.149740 -0.247858
v 0.227122 0.149727 -0.231409
v 0.211002 0.148182 -0.272955
v 0.213595 0.192615 -0.248874
v 0.226421 0.183049 -0.231409
v 0.213595 0.192615 -0.248874
v 0.202810 0.198979 -0.248874
v 0.197725 0.198964 -0.260644
v 0.130515 0.209251 0.178528
v 0.196376 0.199432 0.252494
v 0.068395 0.216683 0.142702
v 0.073642 0.216531 0.129738
v 0.211002 0.148182 0.270531
v 0.218719 0.192281 0.235029
v 0.218719 0.192281 0.235029
v 0.169904 0.203537 -0.208699
v 0.196376 0.199754 -0.248874
v 0.221318 0.192023 -0.231409
v 0.221318 0.192023 -0.231409
v -0.280591 0.220996 -0.284492
v -0.389335 0.222885 -0.284492
v -0.389335 0.222885 -0.265086
v -0.280591 0.220996 0.265730
v -0.389335 0.222885 0.265730
v -0.389335 0.222885 0.285136
v 0.059184 -1.094200 -0.275244
v 0.017119 -1.094200 -0.271768
v 0.017446 -1.094200 -0.284377
v 0.053822 -1.094200 -0.263757
v 0.090173 -1.094200 -0.251772
v 0.081017 -1.094200 -0.243143
v 0.109914 -1.094200 -0.219856
v 0.098313 -1.094200 -0.215053
v 0.117908 -1.094200 -0.185388
v 0.105318 -1.094200 -0.184616
v -0.191096 -1.094200 -0.291654
v -0.191169 -1.094200 -0.279025
v -0.386283 -1.094200 -0.271769
v -0.386634 -1.094200 -0.284377
v -0.427111 -1.094200 -0.275244
v -0.421555 -1.094200 -0.263672
v -0.457000 -1.094200 -0.251772
v -0.447686 -1.094200 -0.242915
v -0.475963 -1.094200 -0.219856
v -0.464313 -1.094200 -0.214797
v -0.483661 -1.094200 -0.185388
v -0.471071 -1.094200 -0.184618
v 0.123366 -1.094200 -0.081645
v 0.110752 -1.094200 -0.081331
v -0.490938 -1.094200 -0.003831
v -0.464449 -1.094200 0.212344
v -0.476086 -1.094200 0.217222
v -0.457252 -1.094200 0.247786
v -0.448002 -1.094200 0.239081
v -0.427364 -1.094200 0.269879
v -0.421891 -1.094200 0.258363
v -0.386628 -1.094200 0.278381
v -0.188695 -1.094200 0.285658
v -0.188581 -1.094200 0.273027
v 0.020875 -1.094200 0.278381
v 0.020548 -1.094200 0.265771
v 0.061609 -1.094200 0.269879
v 0.056102 -1.094200 0.258291
v 0.091498 -1.094200 0.247786
v 0.082219 -1.094200 0.238891
v 0.110333 -1.094200 0.217222
v 0.098692 -1.094200 0.212130
v 0.117908 -1.094200 0.183308
v 0.105316 -1.094200 0.182569
v 0.125185 -1.094200 -0.003831
v 0.112564 -1.094200 -0.003845
v 0.157814 0.138046 -0.307913
v 0.109665 0.138046 -0.318143
v 0.109288 0.138046 -0.304020
v 0.151629 0.138046 -0.295048
v 0.193563 0.138046 -0.281625
v 0.183001 0.138046 -0.271960
v 0.216336 0.138046 -0.245879
v 0.202953 0.138046 -0.240500
v -0.130993 0.138046 -0.312148
v -0.130909 0.138046 -0.326293
v -0.356481 0.138046 -0.318143
v -0.396767 0.138046 -0.294953
v -0.403176 0.138046 -0.307913
v -0.437656 0.138046 -0.281625
v -0.426912 0.138046 -0.271705
v -0.459531 0.138046 -0.245879
v -0.446092 0.138046 -0.240213
v -0.468412 0.138046 -0.207275
v -0.453888 0.138046 -0.206412
v 0.233953 0.138046 -0.003931
v -0.474708 0.138046 -0.091083
v -0.460155 0.138046 0.084486
v -0.474708 0.138046 0.084783
v -0.468412 0.138046 0.205665
v -0.453886 0.138046 0.204837
v -0.459674 0.138046 0.243649
v -0.446249 0.138046 0.238185
v -0.437947 0.138046 0.277880
v -0.427275 0.138046 0.268130
v -0.403468 0.138046 0.302624
v -0.397154 0.138046 0.289726
v -0.356474 0.138046 0.312146
v -0.128007 0.138046 0.306150
v -0.128139 0.138046 0.320297
v 0.113620 0.138046 0.312146
v 0.154259 0.138046 0.289646
v 0.160612 0.138046 0.302624
v 0.195091 0.138046 0.277880
v 0.184387 0.138046 0.267918
v 0.216819 0.138046 0.243649
v 0.203391 0.138046 0.237946
v 0.225558 0.138046 0.205665
v -0.421891 -1.064737 0.258363
v -0.386281 -1.064737 0.265772
v -0.386281 -1.055034 0.265772
v -0.421891 -1.055034 0.258363
v -0.266782 -1.064737 0.271215
v -0.188581 -1.064737 0.273027
v -0.188581 -1.055034 0.273027
v -0.266782 -1.055034 0.271215
v -0.107522 -1.064737 0.271212
v 0.020548 -1.064737 0.265771
v 0.020548 -1.055034 0.265771
v -0.107522 -1.055034 0.271212
v 0.056102 -1.064737 0.258291
v 0.082219 -1.064737 0.238891
v 0.082219 -1.055034 0.238891
v 0.056102 -1.055034 0.258291
v 0.098692 -1.064737 0.212130
v 0.105316 -1.064737 0.182569
v 0.105316 -1.055034 0.182569
v 0.098692 -1.055034 0.212130
v 0.110752 -1.064737 0.075052
v 0.112564 -1.064737 -0.003845
v 0.112564 -1.055034 -0.003845
v 0.110752 -1.055034 0.075052
v 0.110752 -1.064737 -0.081331
v 0.105318 -1.064737 -0.184616
v 0.105318 -1.055034 -0.184616
v 0.110752 -1.055034 -0.081331
v 0.098313 -1.064737 -0.215053
v 0.081017 -1.064737 -0.243143
v 0.081017 -1.055034 -0.243143
v 0.098313 -1.055034 -0.215053
v 0.053823 -1.064737 -0.263757
v 0.017119 -1.064737 -0.271768
v 0.017119 -1.055034 -0.271768
v 0.053823 -1.055034 -0.263757
v -0.111500 -1.064737 -0.277212
v -0.191168 -1.064737 -0.279025
v -0.191168 -1.055034 -0.279025
v -0.111500 -1.055034 -0.277212
v -0.267543 -1.064737 -0.277209
v -0.386283 -1.064737 -0.271769
v -0.386283 -1.055034 -0.271769
v -0.267543 -1.055034 -0.277209
v -0.421555 -1.064737 -0.263672
v -0.447686 -1.064737 -0.242915
v -0.447686 -1.055034 -0.242915
v -0.421555 -1.055034 -0.263672
v -0.464313 -1.064737 -0.214797
v -0.471071 -1.064737 -0.184618
v -0.471071 -1.055034 -0.184618
v -0.464313 -1.055034 -0.214797
v -0.476506 -1.064737 -0.081290
v -0.478316 -1.064737 -0.003777
v -0.478316 -1.055034 -0.003777
v -0.476506 -1.055034 -0.081290
v -0.476503 -1.064737 0.075112
v -0.471069 -1.064737 0.182569
v -0.471069 -1.055034 0.182569
v -0.476503 -1.055034 0.075112
v -0.540346 0.082470 -0.304689
v -0.542614 0.082470 -0.302669
v -0.542614 0.121281 -0.302669
v -0.540346 0.121281 -0.304689
v -0.542614 0.082470 -0.302669
v -0.544684 0.082470 -0.299428
v -0.544684 0.121281 -0.299428
v -0.542614 0.121281 -0.302669
v -0.546463 0.082470 -0.294730
v -0.546463 0.121281 -0.294730
v -0.547856 0.082470 -0.288337
v -0.547856 0.121281 -0.288337
v -0.548770 0.082470 -0.280010
v -0.548770 0.121281 -0.280010
v -0.548770 0.082470 0.281612
v -0.547907 0.082470 0.290182
v -0.547907 0.121281 0.290182
v -0.548770 0.121281 0.281612
v -0.546533 0.082470 0.296670
v -0.546533 0.121281 0.296670
v -0.544751 0.082470 0.301354
v -0.544751 0.121281 0.301354
v -0.542664 0.082470 0.304514
v -0.542664 0.121281 0.304514
v -0.539605 0.082470 -0.305013
v -0.539605 0.121281 -0.305013
v -0.542664 0.082470 0.304514
v -0.540624 0.082470 0.306217
v -0.542664 0.121281 0.304514
v -0.540624 0.121281 0.306217
v -0.458025 0.137951 0.337199
v -0.416097 0.021575 0.292320
v -0.407178 0.021575 0.301239
v -0.443138 0.117992 0.337199
v -0.530204 0.111750 0.180281
v -0.472282 -0.080366 0.180281
v -0.471637 -0.082507 0.192895
v -0.530204 0.111750 0.192895
v -0.530204 0.114514 -0.005522
v -0.478965 -0.038800 -0.003916
v -0.478714 -0.039552 0.007092
v -0.530204 0.114514 0.007092
v -0.530204 0.111751 -0.187270
v -0.472027 -0.081210 -0.187270
v -0.472686 -0.079027 -0.174657
v -0.530204 0.111751 -0.174657
v -0.416097 0.021574 -0.293524
v -0.458025 0.137951 -0.338403
v -0.407178 0.021574 -0.302443
v -0.443138 0.117992 -0.338403
v -0.056188 -0.060700 0.327189
v -0.056188 -0.074870 0.319324
v -0.056188 -0.074665 0.313998
v -0.056188 0.137931 0.319583
v -0.056188 0.088809 0.331056
v -0.056188 0.098878 0.336490
v -0.056188 0.138087 0.337516
v -0.225023 -0.060700 0.327189
v -0.225023 -0.074870 0.319324
v -0.225023 -0.074665 0.313998
v -0.225023 0.137931 0.319583
v -0.225023 0.088809 0.331056
v -0.225023 0.098877 0.336490
v -0.225023 0.138087 0.337516
v -0.056188 -0.074870 -0.320330
v -0.056188 -0.060700 -0.328195
v -0.056188 -0.074665 -0.315004
v -0.056188 0.137931 -0.320589
v -0.056188 0.088809 -0.332062
v -0.056188 0.098878 -0.337496
v -0.056188 0.138087 -0.338522
v -0.225023 -0.074870 -0.320330
v -0.225023 -0.060700 -0.328195
v -0.225023 -0.074666 -0.315004
v -0.225023 0.137931 -0.320589
v -0.225023 0.088809 -0.332062
v -0.225023 0.098877 -0.337496
v -0.225023 0.138087 -0.338522
v 0.372075 0.165511 0.215107
v 0.366887 0.173455 0.215107
v 0.366887 0.173455 0.232572
v 0.372075 0.165511 0.232572
v 0.360143 0.180077 0.215107
v 0.360143 0.180077 0.232572
v 0.360143 0.180077 0.215107
v 0.352098 0.185120 0.215107
v 0.352098 0.185120 0.232572
v 0.360143 0.180077 0.232572
v 0.343004 0.188332 0.215107
v 0.343004 0.188332 0.232572
v 0.333115 0.189460 0.215107
v 0.333115 0.189460 0.232572
v 0.323227 0.188332 0.215107
v 0.323227 0.188332 0.232572
v 0.314133 0.185120 0.215107
v 0.314133 0.185120 0.232572
v 0.306087 0.180077 0.215107
v 0.306087 0.180077 0.232572
v 0.306087 0.180077 0.215107
v 0.299343 0.173456 0.215107
v 0.299343 0.173456 0.232572
v 0.306087 0.180077 0.232572
v 0.294155 0.165511 0.215107
v 0.294155 0.165511 0.232572
v 0.290777 0.156497 0.215107
v 0.290776 0.156497 0.232572
v 0.289461 0.146666 0.215107
v 0.289461 0.146666 0.232572
v 0.375513 0.129493 0.215107
v 0.376223 0.131685 0.215107
v 0.376223 0.131685 0.232572
v 0.375513 0.129493 0.232572
v 0.376923 0.145921 0.215107
v 0.376769 0.146666 0.232572
v 0.372075 0.165511 0.032138
v 0.366887 0.173455 0.032138
v 0.366887 0.173455 0.049603
v 0.372075 0.165511 0.049603
v 0.360143 0.180076 0.032138
v 0.360143 0.180076 0.049603
v 0.360143 0.180076 0.032138
v 0.352098 0.185120 0.032138
v 0.352098 0.185120 0.049603
v 0.360143 0.180076 0.049603
v 0.343004 0.188332 0.032138
v 0.343004 0.188332 0.049603
v 0.333115 0.189460 0.032138
v 0.333115 0.189460 0.049603
v 0.323227 0.188332 0.032138
v 0.323227 0.188332 0.049603
v 0.314133 0.185120 0.032138
v 0.314133 0.185120 0.049603
v 0.306087 0.180077 0.032138
v 0.306087 0.180077 0.049603
v 0.306087 0.180077 0.032138
v 0.299343 0.173456 0.032138
v 0.299343 0.173456 0.049603
v 0.306087 0.180077 0.049603
v 0.294155 0.165511 0.032138
v 0.294155 0.165511 0.049603
v 0.290777 0.156496 0.032138
v 0.290777 0.156496 0.049603
v 0.289461 0.146666 0.032138
v 0.289461 0.146666 0.049603
v 0.375513 0.129493 0.032138
v 0.376223 0.131685 0.032138
v 0.376223 0.131685 0.049603
v 0.375513 0.129493 0.049603
v 0.376923 0.145921 0.032138
v 0.376769 0.146666 0.049603
v 0.372075 0.165511 -0.046471
v 0.366887 0.173455 -0.046471
v 0.366887 0.173455 -0.029006
v 0.372075 0.165511 -0.029006
v 0.360143 0.180076 -0.046471
v 0.360143 0.180076 -0.029006
v 0.360143 0.180076 -0.046471
v 0.352098 0.185120 -0.046471
v 0.352098 0.185120 -0.029006
v 0.360143 0.180076 -0.029006
v 0.343004 0.188332 -0.046471
v 0.343004 0.188332 -0.029006
v 0.333115 0.189460 -0.046471
v 0.333115 0.189460 -0.029006
v 0.323227 0.188332 -0.046471
v 0.323227 0.188332 -0.029006
v 0.314133 0.185120 -0.046471
v 0.314133 0.185120 -0.029006
v 0.306087 0.180077 -0.046471
v 0.306087 0.180077 -0.029006
v 0.306087 0.180077 -0.046471
v 0.299343 0.173456 -0.046471
v 0.299343 0.173456 -0.029006
v 0.306087 0.180077 -0.029006
v 0.294155 0.165511 -0.046471
v 0.294155 0.165511 -0.029006
v 0.290777 0.156496 -0.046471
v 0.290777 0.156496 -0.029006
v 0.289461 0.146666 -0.046471
v 0.289461 0.146666 -0.029006
v 0.375513 0.129493 -0.046471
v 0.376223 0.131685 -0.046471
v 0.376223 0.131685 -0.029006
v 0.375513 0.129493 -0.029006
v 0.376923 0.145921 -0.046471
v 0.376769 0.146666 -0.029006
v 0.372075 0.165511 -0.229569
v 0.366887 0.173455 -0.229569
v 0.366887 0.173455 -0.212104
v 0.372075 0.165511 -0.212104
v 0.360143 0.180076 -0.229569
v 0.360143 0.180076 -0.212104
v 0.360143 0.180076 -0.229569
v 0.352098 0.185120 -0.229569
v 0.352098 0.185120 -0.212104
v 0.360143 0.180076 -0.212104
v 0.343004 0.188332 -0.229569
v 0.343004 0.188332 -0.212104
v 0.333115 0.189460 -0.229569
v 0.333115 0.189460 -0.212104
v 0.323227 0.188332 -0.229569
v 0.323227 0.188332 -0.212104
v 0.314133 0.185120 -0.229569
v 0.314133 0.185120 -0.212104
v 0.306087 0.180077 -0.229569
v 0.306087 0.180077 -0.212104
v 0.306087 0.180077 -0.229569
v 0.299343 0.173455 -0.229569
v 0.299343 0.173455 -0.212104
v 0.306087 0.180077 -0.212104
v 0.294155 0.165511 -0.229569
v 0.294155 0.165511 -0.212104
v 0.290777 0.156496 -0.229569
v 0.290777 0.156496 -0.212104
v 0.289461 0.146666 -0.229569
v 0.289461 0.146666 -0.212104
v 0.375513 0.129493 -0.229569
v 0.376223 0.131685 -0.229569
v 0.376223 0.131685 -0.212104
v 0.375513 0.129493 -0.212104
v 0.376923 0.145921 -0.229569
v 0.376769 0.146666 -0.212104
v -0.455395 0.146883 -0.204649
v -0.453898 0.146883 -0.217026
v -0.491989 0.146883 -0.348502
v -0.450836 0.146883 -0.229539
v -0.446229 0.146883 -0.241910
v -0.440099 0.146883 -0.253864
v -0.432466 0.146883 -0.265122
v -0.423352 0.146883 -0.275409
v -0.412778 0.146883 -0.284446
v -0.505226 0.146883 -0.347856
v -0.515853 0.146883 -0.345730
v -0.524157 0.146883 -0.341841
v -0.530425 0.146883 -0.335910
v -0.534942 0.146883 -0.327654
v -0.537996 0.146883 -0.316792
v -0.539874 0.146883 -0.303041
v -0.541353 0.146883 0.216900
v -0.458086 0.146883 -0.157170
v -0.460239 0.146883 -0.116095
v -0.461853 0.146883 -0.079956
v -0.462930 0.146883 -0.047282
v -0.463469 0.146883 0.013550
v -0.461854 0.146883 0.078160
v -0.455393 0.146883 0.207883
v -0.453982 0.146883 0.220001
v -0.451088 0.146883 0.232133
v -0.446722 0.146883 0.244035
v -0.440896 0.146883 0.255459
v -0.433621 0.146883 0.266159
v -0.539281 0.146883 0.318249
v -0.536680 0.146883 0.328479
v -0.532639 0.146883 0.336120
v -0.526854 0.146883 0.341498
v -0.519021 0.146883 0.344937
v -0.508835 0.146883 0.346762
v -0.495991 0.146883 0.347298
v -0.424907 0.146883 0.275888
v -0.414767 0.146883 0.284401
v -0.400765 0.146883 -0.291958
v -0.403210 0.146883 0.291452
v -0.387335 0.146883 -0.297666
v -0.390249 0.146883 0.296792
v -0.372507 0.146883 -0.301294
v 0.126052 0.146883 -0.348502
v -0.356304 0.146883 -0.302565
v -0.293704 0.146883 -0.305262
v -0.241906 0.146883 -0.307418
v -0.198618 0.146883 -0.309036
v -0.161548 0.146883 -0.310113
v -0.128405 0.146883 -0.310651
v -0.096897 0.146883 -0.310651
v -0.029619 0.146883 -0.309032
v 0.116324 0.146883 -0.302566
v 0.131897 0.146883 -0.301279
v 0.153673 0.146883 -0.347419
v 0.146146 0.146883 -0.297611
v 0.176857 0.146883 -0.344155
v 0.159052 0.146883 -0.291847
v 0.195985 0.146883 -0.338692
v 0.170595 0.146883 -0.284274
v 0.211443 0.146883 -0.331011
v 0.180755 0.146883 -0.275178
v 0.223612 0.146883 -0.321093
v 0.232875 0.146883 -0.308919
v 0.239617 0.146883 -0.294469
v 0.189513 0.146883 -0.264845
v 0.244220 0.146883 -0.277724
v 0.196850 0.146883 -0.253562
v 0.247068 0.146883 -0.258666
v 0.202745 0.146883 -0.241615
v 0.207178 0.146883 -0.229290
v 0.249029 0.146883 -0.213532
v 0.210131 0.146883 -0.216874
v 0.211584 0.146883 -0.204652
v 0.249029 0.146883 0.216900
v 0.214275 0.146883 -0.157154
v 0.216428 0.146883 -0.116062
v 0.218042 0.146883 -0.079906
v 0.219118 0.146883 -0.047219
v 0.219656 0.146883 -0.016530
v 0.219655 0.146883 0.013628
v 0.218040 0.146883 0.078231
v 0.211582 0.146883 0.207883
v 0.210166 0.146883 0.220128
v 0.207275 0.146883 0.232341
v 0.244336 0.146883 0.280327
v 0.202918 0.146883 0.244281
v 0.197102 0.146883 0.255710
v 0.189838 0.146883 0.266389
v 0.239793 0.146883 0.296533
v 0.233107 0.146883 0.310376
v 0.181133 0.146883 0.276081
v 0.223887 0.146883 0.321918
v 0.211740 0.146883 0.331221
v 0.170998 0.146883 0.284545
v 0.196274 0.146883 0.338349
v 0.177098 0.146883 0.343362
v 0.159440 0.146883 0.291544
v 0.153819 0.146883 0.346324
v 0.146469 0.146883 0.296839
v 0.132093 0.146883 0.300191
v 0.116322 0.146883 0.301361
v 0.058550 0.146883 0.304057
v 0.010301 0.146883 0.306213
v -0.030636 0.146883 0.307830
v -0.066473 0.146883 0.308907
v -0.099418 0.146883 0.309445
v -0.131682 0.146883 0.309445
v -0.165476 0.146883 0.308905
v -0.203010 0.146883 0.307826
v -0.360156 0.146883 0.301361
v -0.375894 0.146883 0.300177
v -0.491989 0.099028 -0.348502
v 0.126052 0.099028 -0.348502
v -0.482277 0.099028 -0.338335
v 0.117762 0.099028 -0.338335
v 0.153673 0.099028 -0.347419
v 0.144579 0.099028 -0.337283
v 0.176857 0.099028 -0.344155
v 0.167087 0.099028 -0.334115
v 0.195985 0.099028 -0.338692
v 0.185659 0.099028 -0.328811
v 0.211443 0.099028 -0.331011
v 0.200666 0.099028 -0.321354
v 0.223611 0.099028 -0.321093
v 0.212480 0.099028 -0.311725
v 0.232875 0.099028 -0.308919
v 0.221474 0.099028 -0.299905
v 0.239617 0.099028 -0.294469
v 0.228020 0.099028 -0.285876
v 0.244220 0.099028 -0.277724
v 0.232489 0.099028 -0.269619
v 0.247068 0.099028 -0.258666
v 0.235253 0.099028 -0.251116
v 0.249029 0.099028 -0.213532
v 0.237157 0.099028 -0.207296
v 0.249029 0.099028 0.216900
v 0.237157 0.099028 0.210599
v 0.244336 0.099028 0.280327
v 0.235312 0.099028 0.254088
v 0.232601 0.099028 0.272178
v 0.239793 0.099028 0.296533
v 0.228190 0.099028 0.287913
v 0.233107 0.099028 0.310376
v 0.221699 0.099028 0.301353
v 0.223887 0.099028 0.321918
v 0.212748 0.099028 0.312558
v 0.211740 0.099028 0.331221
v 0.200954 0.099028 0.321591
v 0.196274 0.099028 0.338349
v 0.185939 0.099028 0.328510
v 0.177098 0.099028 0.343362
v 0.167321 0.099028 0.333377
v 0.153819 0.099028 0.346324
v 0.144720 0.099028 0.336253
v 0.126045 0.099028 0.347298
v 0.117755 0.099028 0.337198
v -0.495991 0.099028 0.347298
v -0.486163 0.099028 0.337199
v -0.508835 0.099028 0.346762
v -0.498633 0.099028 0.336678
v -0.519021 0.099028 0.344937
v -0.508522 0.099028 0.334906
v -0.526854 0.099028 0.341498
v -0.516128 0.099028 0.331568
v -0.532639 0.099028 0.336120
v -0.521744 0.099028 0.326347
v -0.536680 0.099028 0.328479
v -0.525667 0.099028 0.318928
v -0.539281 0.099028 0.318249
v -0.528193 0.099028 0.308996
v -0.541353 0.099028 0.216900
v -0.530340 0.099028 0.260968
v -0.530204 0.099028 0.210599
v -0.541353 0.099028 -0.213532
v -0.530204 0.099028 -0.207296
v -0.537996 0.099028 -0.316792
v -0.528768 0.099028 -0.294199
v -0.526945 0.099028 -0.307548
v -0.534942 0.099028 -0.327654
v -0.523980 0.099028 -0.318094
v -0.530425 0.099028 -0.335910
v -0.519594 0.099028 -0.326110
v -0.524157 0.099028 -0.341841
v -0.513509 0.099028 -0.331869
v -0.515853 0.099028 -0.345730
v -0.505447 0.099028 -0.335644
v -0.505226 0.099028 -0.347856
v -0.495129 0.099028 -0.337708
v -0.482277 0.137951 -0.338335
v 0.117762 0.137951 -0.338335
v -0.419876 0.137951 -0.310353
v 0.114585 0.137951 -0.310353
v 0.144579 0.137951 -0.337283
v 0.167087 0.137951 -0.334115
v 0.185659 0.137951 -0.328811
v 0.200666 0.137951 -0.321354
v 0.212480 0.137951 -0.311725
v 0.221474 0.137951 -0.299905
v 0.228020 0.137951 -0.285876
v 0.232489 0.137951 -0.269619
v 0.220932 0.137951 -0.190134
v 0.235253 0.137951 -0.251116
v 0.237157 0.137951 -0.207296
v 0.237157 0.137951 0.210599
v 0.220932 0.137951 0.193256
v 0.235312 0.137951 0.254088
v 0.232601 0.137951 0.272178
v 0.221699 0.137951 0.301353
v 0.212748 0.137951 0.312558
v 0.228190 0.137951 0.287913
v 0.200954 0.137951 0.321591
v 0.185939 0.137951 0.328510
v 0.158728 0.137951 0.305897
v 0.167321 0.137951 0.333377
v 0.144720 0.137951 0.336253
v 0.117755 0.137951 0.337199
v 0.114579 0.137951 0.309403
v -0.486164 0.137951 0.337199
v -0.423337 0.137951 0.309403
v -0.498633 0.137951 0.336678
v -0.508522 0.137951 0.334906
v -0.516128 0.137951 0.331568
v -0.521744 0.137951 0.326347
v -0.525667 0.137951 0.318928
v -0.528193 0.137951 0.308996
v -0.529616 0.137951 0.296236
v -0.461853 0.137847 -0.079956
v -0.462565 0.137951 0.193256
v -0.528768 0.137951 -0.294199
v -0.523980 0.137951 -0.318094
v -0.519594 0.137951 -0.326110
v -0.526945 0.137951 -0.307548
v -0.513509 0.137951 -0.331869
v -0.505447 0.137951 -0.335644
v -0.495129 0.137951 -0.337708
v 0.211584 0.137848 -0.204652
v 0.218042 0.137848 -0.079906
v 0.219118 0.137848 -0.047219
v 0.219656 0.137848 -0.016530
v 0.219655 0.137848 0.013628
v 0.218040 0.137848 0.078231
v 0.211582 0.137848 0.207883
v 0.219117 0.137848 0.044725
v 0.210131 0.137848 -0.216874
v 0.207178 0.137848 -0.229290
v 0.202745 0.137848 -0.241615
v 0.196850 0.137848 -0.253562
v 0.189513 0.137848 -0.264845
v 0.180755 0.137848 -0.275178
v 0.170595 0.137848 -0.284274
v 0.159052 0.137848 -0.291847
v 0.146146 0.137848 -0.297611
v 0.131897 0.137848 -0.301279
v 0.116324 0.137848 -0.302566
v -0.029619 0.137847 -0.309032
v -0.064732 0.137847 -0.310111
v -0.356304 0.137847 -0.302565
v -0.293704 0.137847 -0.305262
v -0.241906 0.137847 -0.307418
v -0.198618 0.137847 -0.309036
v -0.161548 0.137847 -0.310113
v -0.128405 0.137847 -0.310651
v 0.210166 0.137848 0.220128
v 0.207275 0.137848 0.232341
v 0.202918 0.137848 0.244281
v 0.197102 0.137848 0.255710
v 0.189838 0.137848 0.266389
v 0.181133 0.137848 0.276081
v 0.170998 0.137848 0.284545
v 0.159440 0.137848 0.291544
v 0.146469 0.137848 0.296839
v 0.132093 0.137848 0.300191
v 0.116322 0.137848 0.301361
v -0.030636 0.137848 0.307830
v -0.066473 0.137848 0.308907
v -0.099418 0.137847 0.309445
v -0.298140 0.137847 0.304054
v -0.360156 0.137847 0.301361
v -0.246495 0.137847 0.306209
v -0.203010 0.137847 0.307826
v -0.165476 0.137847 0.308905
v -0.131682 0.137847 0.309445
v -0.375894 0.137847 0.300177
v -0.390249 0.137847 0.296792
v -0.403210 0.137847 0.291452
v -0.414767 0.137847 0.284402
v -0.424907 0.137847 0.275888
v -0.433621 0.137847 0.266159
v -0.440896 0.137847 0.255459
v -0.446722 0.137847 0.244035
v -0.451088 0.137847 0.232133
v -0.453982 0.137847 0.220001
v -0.455393 0.137847 0.207883
v -0.460239 0.137847 0.115556
v -0.461854 0.137847 0.078160
v -0.462930 0.137847 0.044647
v -0.463469 0.137847 0.013550
v -0.372507 0.137847 -0.301294
v -0.387335 0.137847 -0.297666
v -0.400765 0.137847 -0.291958
v -0.412778 0.137847 -0.284446
v -0.423353 0.137847 -0.275409
v -0.432466 0.137847 -0.265123
v -0.440099 0.137847 -0.253864
v -0.446230 0.137847 -0.241910
v -0.450836 0.137847 -0.229539
v -0.453898 0.137847 -0.217026
v -0.455395 0.137847 -0.204649
v -0.532296 0.148182 0.135698
v -0.525278 0.156014 0.130413
v -0.534284 0.155773 0.124234
v -0.549901 0.148182 0.049642
v -0.544761 0.148182 0.128585
v -0.534284 0.155773 0.124234
v -0.525278 0.156014 -0.132837
v -0.532296 0.148182 -0.138123
v -0.534284 0.155773 -0.126658
v -0.544761 0.148182 -0.131009
v -0.549131 0.148182 -0.117877
v -0.534284 0.155773 -0.126658
v -0.513910 0.157237 0.092729
v -0.534284 0.155773 0.124234
v -0.525278 0.156014 0.130413
v -0.514562 0.155972 0.135398
v -0.544761 0.148182 0.128585
v -0.516806 0.148182 0.140988
v -0.514562 0.155972 0.135398
v -0.540047 0.156033 0.050269
v -0.540047 0.156033 0.050269
v -0.513910 0.157237 -0.095154
v -0.525278 0.156014 -0.132837
v -0.514562 0.155972 -0.137822
v -0.544761 0.148182 -0.131009
v -0.514562 0.155972 -0.137822
v -0.516806 0.148182 -0.143412
v -0.549131 0.148182 -0.117877
v -0.389335 0.222885 -0.284492
v -0.393967 0.217041 -0.284492
v -0.393967 0.217041 -0.265086
v -0.389335 0.222885 -0.265086
v -0.394154 0.197266 -0.284492
v -0.394154 0.198665 -0.265086
v -0.280591 0.220996 -0.284492
v -0.280591 0.220996 -0.265086
v -0.277721 0.200690 -0.284492
v -0.277721 0.202298 -0.265086
v -0.389335 0.222885 0.265730
v -0.393967 0.217041 0.265730
v -0.393967 0.217041 0.285136
v -0.389335 0.222885 0.285136
v -0.394154 0.198378 0.265730
v -0.394154 0.196919 0.285136
v -0.280591 0.220996 0.265730
v -0.280591 0.220996 0.285136
v -0.277721 0.202069 0.265730
v -0.277721 0.200476 0.285136
v 0.375454 0.156496 0.215107
v 0.372075 0.165511 0.215107
v 0.372075 0.165511 0.232572
v 0.375454 0.156496 0.232572
v 0.375454 0.156496 0.032138
v 0.372075 0.165511 0.032138
v 0.372075 0.165511 0.049603
v 0.375454 0.156496 0.049603
v 0.375454 0.156496 -0.046471
v 0.372075 0.165511 -0.046471
v 0.372075 0.165511 -0.029006
v 0.375454 0.156496 -0.029006
v 0.375454 0.156496 -0.229569
v 0.372075 0.165511 -0.229569
v 0.372075 0.165511 -0.212104
v 0.375454 0.156496 -0.212104
v -0.280591 0.220996 -0.284492
v -0.389335 0.222885 -0.265086
v -0.280591 0.220996 -0.265086
v -0.280591 0.220996 0.265730
v -0.389335 0.222885 0.285136
v -0.280591 0.220996 0.285136
v -0.448002 -1.064737 0.239081
v -0.421891 -1.064737 0.258363
v -0.421891 -1.055034 0.258363
v -0.448002 -1.055034 0.239081
v -0.386281 -1.064737 0.265772
v -0.266782 -1.064737 0.271215
v -0.266782 -1.055034 0.271215
v -0.386281 -1.055034 0.265772
v -0.188581 -1.064737 0.273027
v -0.107522 -1.064737 0.271212
v -0.107522 -1.055034 0.271212
v -0.188581 -1.055034 0.273027
v 0.020548 -1.064737 0.265771
v 0.056102 -1.064737 0.258291
v 0.056102 -1.055034 0.258291
v 0.020548 -1.055034 0.265771
v 0.082219 -1.064737 0.238891
v 0.098692 -1.064737 0.212130
v 0.098692 -1.055034 0.212130
v 0.082219 -1.055034 0.238891
v 0.105316 -1.064737 0.182569
v 0.110752 -1.064737 0.075052
v 0.110752 -1.055034 0.075052
v 0.105316 -1.055034 0.182569
v 0.112564 -1.064737 -0.003845
v 0.110752 -1.064737 -0.081331
v 0.110752 -1.055034 -0.081331
v 0.112564 -1.055034 -0.003845
v 0.105318 -1.064737 -0.184616
v 0.098313 -1.064737 -0.215053
v 0.098313 -1.055034 -0.215053
v 0.105318 -1.055034 -0.184616
v 0.081017 -1.064737 -0.243143
v 0.053823 -1.064737 -0.263757
v 0.053823 -1.055034 -0.263757
v 0.081017 -1.055034 -0.243143
v 0.017119 -1.064737 -0.271768
v -0.111500 -1.064737 -0.277212
v -0.111500 -1.055034 -0.277212
v 0.017119 -1.055034 -0.271768
v -0.191168 -1.064737 -0.279025
v -0.267543 -1.064737 -0.277209
v -0.267543 -1.055034 -0.277209
v -0.191168 -1.055034 -0.279025
v -0.386283 -1.064737 -0.271769
v -0.421555 -1.064737 -0.263672
v -0.421555 -1.055034 -0.263672
v -0.386283 -1.055034 -0.271769
v -0.447686 -1.064737 -0.242915
v -0.464313 -1.064737 -0.214797
v -0.464313 -1.055034 -0.214797
v -0.447686 -1.055034 -0.242915
v -0.471071 -1.064737 -0.184618
v -0.476506 -1.064737 -0.081290
v -0.476506 -1.055034 -0.081290
v -0.471071 -1.055034 -0.184618
v -0.478316 -1.064737 -0.003777
v -0.476503 -1.064737 0.075112
v -0.476503 -1.055034 0.075112
v -0.478316 -1.055034 -0.003777
v -0.471069 -1.064737 0.182569
v -0.464449 -1.064737 0.212344
v -0.464449 -1.055034 0.212344
v -0.471069 -1.055034 0.182569
v -0.540346 0.082470 -0.304689
v -0.539605 0.082470 -0.305013
v -0.542614 0.082470 -0.302669
v -0.541247 0.082470 -0.265751
v -0.544684 0.082470 -0.299428
v -0.546463 0.082470 -0.294730
v -0.547856 0.082470 -0.288337
v -0.548770 0.082470 -0.280010
v -0.548770 0.082470 0.281612
v -0.541384 0.082470 0.288725
v -0.547907 0.082470 0.290182
v -0.546533 0.082470 0.296670
v -0.544751 0.082470 0.301354
v -0.542664 0.082470 0.304514
v -0.540624 0.082470 0.306217
v -0.539605 0.121281 -0.305013
v -0.540346 0.121281 -0.304689
v -0.542614 0.121281 -0.302669
v -0.541247 0.121281 -0.265751
v -0.544684 0.121281 -0.299428
v -0.546463 0.121281 -0.294730
v -0.547856 0.121281 -0.288337
v -0.548770 0.121281 -0.280010
v -0.548770 0.121281 0.281612
v -0.540624 0.121281 0.306217
v -0.547907 0.121281 0.290182
v -0.541384 0.121281 0.288725
v -0.546533 0.121281 0.296670
v -0.544751 0.121281 0.301354
v -0.542664 0.121281 0.304514
v -0.443138 0.117992 0.337199
v -0.407178 0.021575 0.301239
v -0.406433 0.137888 0.300494
v -0.416818 0.137881 0.293041
v -0.416097 0.021575 0.292320
v -0.458025 0.137951 0.337199
v -0.443138 0.137951 0.337199
v -0.407178 0.021574 -0.302443
v -0.443138 0.117992 -0.338403
v -0.406433 0.137888 -0.301698
v -0.416097 0.021574 -0.293524
v -0.416818 0.137881 -0.294245
v -0.458025 0.137951 -0.338403
v -0.443138 0.137951 -0.338403
v -0.068801 -0.074665 0.313998
v -0.068801 -0.074870 0.319324
v -0.068801 -0.060700 0.327189
v -0.068801 0.088809 0.331056
v -0.068801 0.137931 0.319583
v -0.068801 0.098878 0.336490
v -0.068801 0.138087 0.337516
v -0.237636 -0.074665 0.313998
v -0.237636 -0.074870 0.319324
v -0.237636 -0.060700 0.327189
v -0.237636 0.088809 0.331056
v -0.237636 0.137931 0.319583
v -0.237636 0.098877 0.336490
v -0.237636 0.138087 0.337516
v -0.068801 -0.074870 -0.320330
v -0.068801 -0.074665 -0.315004
v -0.068801 -0.060700 -0.328195
v -0.068801 0.088809 -0.332062
v -0.068801 0.137931 -0.320589
v -0.068801 0.098877 -0.337496
v -0.068801 0.138087 -0.338522
v -0.237636 -0.074870 -0.320330
v -0.237636 -0.074666 -0.315004
v -0.237636 -0.060700 -0.328195
v -0.237636 0.088809 -0.332062
v -0.237636 0.137931 -0.320589
v -0.237636 0.098877 -0.337496
v -0.237636 0.138087 -0.338522
v 0.359530 0.116463 0.215107
v 0.372261 0.125182 0.215107
v 0.372261 0.125182 0.232572
v 0.359530 0.116463 0.232572
v 0.372261 0.125182 0.215107
v 0.374149 0.127276 0.215107
v 0.374149 0.127276 0.232572
v 0.372261 0.125182 0.232572
v 0.375513 0.129493 0.215107
v 0.375513 0.129493 0.232572
v 0.367437 0.121353 0.032138
v 0.372261 0.125182 0.049603
v 0.359530 0.116462 0.049603
v 0.367437 0.121353 0.032138
v 0.369981 0.123209 0.032138
v 0.372261 0.125182 0.049603
v 0.372261 0.125182 0.032138
v 0.374149 0.127276 0.032138
v 0.374149 0.127276 0.049603
v 0.375513 0.129493 0.032138
v 0.375513 0.129493 0.049603
v 0.359530 0.116462 -0.046471
v 0.372261 0.125182 -0.046471
v 0.367437 0.121353 -0.029006
v 0.372261 0.125182 -0.046471
v 0.369981 0.123209 -0.029006
v 0.367437 0.121353 -0.029006
v 0.372261 0.125182 -0.029006
v 0.374149 0.127276 -0.046471
v 0.374149 0.127276 -0.029006
v 0.375513 0.129493 -0.046471
v 0.375513 0.129493 -0.029006
v 0.359530 0.116462 -0.229569
v 0.372261 0.125182 -0.229569
v 0.372261 0.125182 -0.212104
v 0.359530 0.116462 -0.212104
v 0.372261 0.125182 -0.229569
v 0.374149 0.127276 -0.229569
v 0.374149 0.127276 -0.212104
v 0.372261 0.125182 -0.212104
v 0.375513 0.129493 -0.229569
v 0.375513 0.129493 -0.212104
v 0.218652 0.036474 0.215107
v 0.214524 0.034130 0.232572
v 0.229059 0.042383 0.032138
v 0.228636 0.042142 0.049603
v 0.228893 0.042289 -0.046471
v 0.229324 0.042533 -0.029006
v 0.215451 0.034656 -0.229569
v 0.219735 0.037089 -0.212104
v 0.289461 0.146666 0.215107
v 0.249029 0.146665 0.215107
v 0.289461 0.146666 0.232572
v 0.248720 0.146665 0.232572
v 0.289461 0.146666 0.032138
v 0.249029 0.146665 0.032138
v 0.289461 0.146666 0.049603
v 0.249029 0.146665 0.049603
v 0.289461 0.146666 -0.046471
v 0.249029 0.146665 -0.046471
v 0.289461 0.146666 -0.029006
v 0.249029 0.146665 -0.029006
v 0.289461 0.146666 -0.229569
v 0.248701 0.146665 -0.229569
v 0.289461 0.146666 -0.212104
v 0.249029 0.146665 -0.212104
v 0.219655 0.137848 0.013628
v 0.220932 0.137951 -0.190134
v 0.219117 0.137848 0.044725
v -0.128405 0.137847 -0.310651
v -0.419876 0.137951 -0.310353
v -0.096897 0.137847 -0.310651
v -0.064732 0.137847 -0.310111
v -0.131682 0.137847 0.309445
v -0.099418 0.137847 0.309445
v 0.114579 0.137951 0.309403
v -0.423337 0.137951 0.309403
v -0.463469 0.137847 0.013550
v -0.462565 0.137951 0.193256
v -0.463468 0.137847 -0.016603
v -0.462930 0.137847 -0.047282
v -0.461853 0.137847 -0.079956
v -0.041321 0.227029 0.159764
v -0.048870 0.213250 0.178028
v 0.039429 0.214585 0.170717
v -0.310610 0.215505 0.156574
v -0.318639 0.209774 0.158418
v -0.293632 0.210315 0.169964
v -0.310610 0.215505 0.156574
v -0.287495 0.223889 0.148490
v -0.319511 0.220262 0.141544
v -0.347836 0.210533 0.121715
v -0.336298 0.221962 0.098420
v -0.048870 0.213250 -0.180452
v -0.041317 0.227028 -0.162189
v 0.039429 0.214585 -0.173141
v -0.287495 0.223889 -0.150914
v -0.214422 0.226853 -0.154493
v -0.215444 0.222883 -0.163159
v -0.318639 0.209774 -0.160842
v -0.310610 0.215505 -0.158998
v -0.293632 0.210315 -0.172388
v -0.319511 0.220262 -0.143968
v -0.347836 0.210533 -0.124140
v -0.336295 0.221963 -0.100845
v 0.039055 0.224200 0.156538
v 0.049605 0.224363 0.149847
v 0.057193 0.215743 0.158732
v 0.068355 0.216684 0.142801
v 0.058223 0.224541 0.140607
v 0.057193 0.215743 0.158732
v 0.049605 0.224363 0.149847
v -0.041321 0.227029 0.159764
v 0.039055 0.224200 0.156538
v 0.031813 0.233350 0.134107
v 0.049601 0.229049 0.136623
v 0.065571 0.227584 0.095821
v 0.061749 0.226343 0.123304
v 0.031819 0.233349 -0.136533
v -0.215444 0.222883 0.160735
v -0.215444 0.222883 0.160735
v -0.287495 0.223889 0.148490
v -0.297877 0.227844 0.122796
v -0.319511 0.220262 0.141544
v -0.337673 0.209445 0.142737
v -0.336298 0.221962 0.098420
v -0.357607 0.212816 -0.051404
v -0.347836 0.210533 0.121715
v -0.337673 0.209445 0.142737
v -0.357607 0.212816 -0.051404
v 0.039056 0.224200 -0.158963
v 0.039056 0.224200 -0.158963
v 0.058224 0.224541 -0.143031
v 0.057193 0.215743 -0.161156
v 0.057193 0.215743 -0.161156
v 0.070211 0.216630 -0.140640
v 0.057193 0.215743 -0.161156
v 0.058224 0.224541 -0.143031
v 0.083553 0.216005 0.092882
v 0.083553 0.216005 -0.095306
v 0.065574 0.227584 -0.098247
v -0.041317 0.227028 -0.162189
v 0.049604 0.229049 -0.139049
v 0.061752 0.226342 -0.125729
v -0.215444 0.222883 -0.163159
v -0.287495 0.223889 -0.150914
v -0.337673 0.209445 -0.145161
v -0.319511 0.220262 -0.143968
v -0.310610 0.215505 -0.158998
v -0.336295 0.221963 -0.100845
v -0.347836 0.210533 -0.124140
v -0.337673 0.209445 -0.145161
v 0.063892 0.221244 0.138838
v 0.068355 0.216684 0.142801
v 0.068357 0.216718 0.142669
v 0.063892 0.221244 0.138838
v 0.059389 0.226284 -0.131356
v 0.075457 0.216479 -0.127675
v 0.068395 0.216683 0.142702
v 0.068357 0.216718 0.142669
v 0.061175 0.226049 0.126121
v 0.058996 0.225355 0.134639
v 0.062549 0.225869 0.123083
v 0.063170 0.225787 0.120754
v 0.073642 0.216531 0.129738
v 0.083553 0.216005 0.092882
v 0.063170 0.225787 0.120754
v 0.058996 0.226336 0.129543
v 0.062552 0.225868 -0.125508
v 0.064484 0.225614 -0.118262
v 0.075457 0.216479 -0.127675
v 0.064484 0.225614 -0.118262
v 0.065574 0.227584 -0.098247
v 0.061177 0.226049 -0.128548
v 0.059389 0.226284 -0.131356
v -0.393967 0.217041 -0.284492
v -0.389335 0.222885 -0.284492
v -0.280591 0.220996 -0.284492
v -0.393967 0.217041 -0.265086
v -0.280591 0.220996 -0.265086
v -0.389335 0.222885 -0.265086
v -0.394154 0.197266 -0.284492
v -0.394154 0.198665 -0.265086
v -0.277721 0.200690 -0.284492
v -0.277721 0.202298 -0.265086
v -0.393967 0.217041 0.265730
v -0.389335 0.222885 0.265730
v -0.280591 0.220996 0.265730
v -0.393967 0.217041 0.285136
v -0.280591 0.220996 0.285136
v -0.389335 0.222885 0.285136
v -0.394154 0.198378 0.265730
v -0.394154 0.196919 0.285136
v -0.277721 0.202069 0.265730
v -0.277721 0.200476 0.285136
v -0.539605 0.082470 -0.305013
v -0.539605 0.121281 -0.305013
v -0.541247 0.082470 -0.265751
v -0.541247 0.121281 -0.265751
v -0.541384 0.082470 0.288725
v -0.541384 0.121281 0.288725
v -0.540624 0.121281 0.306217
v -0.540624 0.082470 0.306217
v -0.530204 0.111750 0.180281
v -0.469736 0.137951 0.180281
v -0.472282 -0.080366 0.180281
v -0.530204 0.137951 0.180281
v -0.530204 0.137951 0.192895
v -0.530204 0.111750 0.192895
v -0.471637 -0.082507 0.192895
v -0.469079 0.137951 0.192895
v -0.530204 0.114514 -0.005522
v -0.476808 0.137951 -0.003931
v -0.478965 -0.038800 -0.003916
v -0.530204 0.137951 -0.005522
v -0.476547 0.137951 0.007092
v -0.530204 0.114514 0.007092
v -0.478714 -0.039552 0.007092
v -0.530204 0.111751 -0.187270
v -0.469497 0.137951 -0.187270
v -0.472027 -0.081210 -0.187270
v -0.530204 0.137951 -0.187270
v -0.472686 -0.079027 -0.174657
v -0.470181 0.137951 -0.174657
v -0.530204 0.137951 -0.174657
v 0.290777 0.156497 0.215107
v 0.359530 0.116463 0.215107
v 0.289461 0.146666 0.215107
v 0.360143 0.180077 0.215107
v 0.352098 0.185120 0.215107
v 0.366887 0.173455 0.215107
v 0.372075 0.165511 0.215107
v 0.375454 0.156496 0.215107
v 0.376923 0.145921 0.215107
v 0.372261 0.125182 0.215107
v 0.376223 0.131685 0.215107
v 0.374149 0.127276 0.215107
v 0.375513 0.129493 0.215107
v 0.290776 0.156497 0.232572
v 0.289461 0.146666 0.232572
v 0.359530 0.116463 0.232572
v 0.360143 0.180077 0.232572
v 0.352098 0.185120 0.232572
v 0.366887 0.173455 0.232572
v 0.372075 0.165511 0.232572
v 0.375454 0.156496 0.232572
v 0.376769 0.146666 0.232572
v 0.372261 0.125182 0.232572
v 0.376223 0.131685 0.232572
v 0.374149 0.127276 0.232572
v 0.375513 0.129493 0.232572
v 0.290777 0.156496 0.032138
v 0.367437 0.121353 0.032138
v 0.289461 0.146666 0.032138
v 0.294155 0.165511 0.032138
v 0.299343 0.173456 0.032138
v 0.306087 0.180077 0.032138
v 0.314133 0.185120 0.032138
v 0.323227 0.188332 0.032138
v 0.333115 0.189460 0.032138
v 0.343004 0.188332 0.032138
v 0.352098 0.185120 0.032138
v 0.360143 0.180076 0.032138
v 0.366887 0.173455 0.032138
v 0.372075 0.165511 0.032138
v 0.375454 0.156496 0.032138
v 0.376923 0.145921 0.032138
v 0.376223 0.131685 0.032138
v 0.369981 0.123209 0.032138
v 0.372261 0.125182 0.032138
v 0.374149 0.127276 0.032138
v 0.375513 0.129493 0.032138
v 0.290777 0.156496 0.049603
v 0.289461 0.146666 0.049603
v 0.359530 0.116462 0.049603
v 0.360143 0.180076 0.049603
v 0.352098 0.185120 0.049603
v 0.366887 0.173455 0.049603
v 0.372075 0.165511 0.049603
v 0.375454 0.156496 0.049603
v 0.376769 0.146666 0.049603
v 0.372261 0.125182 0.049603
v 0.376223 0.131685 0.049603
v 0.374149 0.127276 0.049603
v 0.375513 0.129493 0.049603
v 0.290777 0.156496 -0.046471
v 0.359530 0.116462 -0.046471
v 0.289461 0.146666 -0.046471
v 0.360143 0.180076 -0.046471
v 0.352098 0.185120 -0.046471
v 0.366887 0.173455 -0.046471
v 0.372075 0.165511 -0.046471
v 0.375454 0.156496 -0.046471
v 0.376923 0.145921 -0.046471
v 0.372261 0.125182 -0.046471
v 0.376223 0.131685 -0.046471
v 0.374149 0.127276 -0.046471
v 0.375513 0.129493 -0.046471
v 0.290777 0.156496 -0.029006
v 0.289461 0.146666 -0.029006
v 0.367437 0.121353 -0.029006
v 0.294155 0.165511 -0.029006
v 0.299343 0.173456 -0.029006
v 0.306087 0.180077 -0.029006
v 0.314133 0.185120 -0.029006
v 0.323227 0.188332 -0.029006
v 0.333115 0.189460 -0.029006
v 0.343004 0.188332 -0.029006
v 0.352098 0.185120 -0.029006
v 0.360143 0.180076 -0.029006
v 0.366887 0.173455 -0.029006
v 0.372075 0.165511 -0.029006
v 0.375454 0.156496 -0.029006
v 0.376769 0.146666 -0.029006
v 0.376223 0.131685 -0.029006
v 0.369981 0.123209 -0.029006
v 0.372261 0.125182 -0.029006
v 0.374149 0.127276 -0.029006
v 0.375513 0.129493 -0.029006
v 0.290777 0.156496 -0.229569
v 0.359530 0.116462 -0.229569
v 0.289461 0.146666 -0.229569
v 0.360143 0.180076 -0.229569
v 0.352098 0.185120 -0.229569
v 0.366887 0.173455 -0.229569
v 0.372075 0.165511 -0.229569
v 0.375454 0.156496 -0.229569
v 0.376923 0.145921 -0.229569
v 0.372261 0.125182 -0.229569
v 0.376223 0.131685 -0.229569
v 0.374149 0.127276 -0.229569
v 0.375513 0.129493 -0.229569
v 0.290777 0.156496 -0.212104
v 0.289461 0.146666 -0.212104
v 0.359530 0.116462 -0.212104
v 0.360143 0.180076 -0.212104
v 0.352098 0.185120 -0.212104
v 0.366887 0.173455 -0.212104
v 0.372075 0.165511 -0.212104
v 0.375454 0.156496 -0.212104
v 0.376769 0.146666 -0.212104
v 0.372261 0.125182 -0.212104
v 0.376223 0.131685 -0.212104
v 0.374149 0.127276 -0.212104
v 0.375513 0.129493 -0.212104
v 0.249029 0.146665 0.215107
v 0.248720 0.146665 0.232572
v 0.248720 0.099028 0.232572
v 0.249029 0.146665 0.032138
v 0.249029 0.146665 0.049603
v 0.249029 0.099028 0.049603
v 0.249029 0.146665 -0.046471
v 0.249029 0.146665 -0.029006
v 0.249029 0.099028 -0.029006
v 0.248701 0.146665 -0.229569
v 0.249029 0.146665 -0.212104
v 0.249029 0.099028 -0.212104
v 0.218652 0.036474 0.215107
v 0.249029 0.099028 0.215107
v 0.237068 0.099028 0.215107
v 0.223381 0.137951 0.215107
v 0.237068 0.137951 0.215107
v 0.214524 0.034130 0.232572
v 0.236724 0.099028 0.232572
v 0.236227 0.137951 0.232572
v 0.219363 0.137951 0.232572
v 0.229059 0.042383 0.032138
v 0.249029 0.099028 0.032138
v 0.237157 0.099028 0.032138
v 0.237157 0.137951 0.032138
v 0.233095 0.137951 0.032138
v 0.228636 0.042142 0.049603
v 0.237157 0.099028 0.049603
v 0.237157 0.099028 -0.046471
v 0.232924 0.137951 -0.046471
v 0.237157 0.137951 -0.046471
v 0.228893 0.042289 -0.046471
v 0.249029 0.099028 -0.046471
v 0.229324 0.042533 -0.029006
v 0.237157 0.099028 -0.029006
v 0.215451 0.034656 -0.229569
v 0.248701 0.099028 -0.229569
v 0.236701 0.099028 -0.229569
v 0.220228 0.137951 -0.229569
v 0.236701 0.137951 -0.229569
v 0.219735 0.037089 -0.212104
v 0.237059 0.099028 -0.212104
v 0.294155 0.165511 0.215107
v 0.322149 0.143654 0.215107
v 0.299343 0.173456 0.215107
v 0.328128 0.137675 0.215107
v 0.319960 0.151822 0.215107
v 0.306087 0.180077 0.215107
v 0.336295 0.135487 0.215107
v 0.322149 0.159989 0.215107
v 0.314133 0.185120 0.215107
v 0.323227 0.188332 0.215107
v 0.344463 0.137675 0.215107
v 0.328128 0.165968 0.215107
v 0.333115 0.189460 0.215107
v 0.336295 0.168156 0.215107
v 0.343004 0.188332 0.215107
v 0.344463 0.165968 0.215107
v 0.350442 0.143654 0.215107
v 0.352630 0.151822 0.215107
v 0.350442 0.159989 0.215107
v 0.294155 0.165511 0.232572
v 0.322151 0.143655 0.232572
v 0.299343 0.173456 0.232572
v 0.328129 0.137676 0.232572
v 0.336297 0.135488 0.232572
v 0.319962 0.151822 0.232572
v 0.306087 0.180077 0.232572
v 0.344464 0.137676 0.232572
v 0.322151 0.159989 0.232572
v 0.314133 0.185120 0.232572
v 0.323227 0.188332 0.232572
v 0.328130 0.165968 0.232572
v 0.333115 0.189460 0.232572
v 0.336297 0.168157 0.232572
v 0.343004 0.188332 0.232572
v 0.350443 0.143655 0.232572
v 0.344464 0.165968 0.232572
v 0.352631 0.151822 0.232572
v 0.350443 0.159989 0.232572
v 0.294155 0.165511 0.049603
v 0.322132 0.143646 0.049603
v 0.299343 0.173456 0.049603
v 0.328112 0.137666 0.049603
v 0.336282 0.135477 0.049603
v 0.319943 0.151816 0.049603
v 0.306087 0.180077 0.049603
v 0.344452 0.137666 0.049603
v 0.322132 0.159985 0.049603
v 0.314133 0.185120 0.049603
v 0.323227 0.188332 0.049603
v 0.350432 0.143646 0.049603
v 0.328112 0.165966 0.049603
v 0.333115 0.189460 0.049603
v 0.336282 0.168155 0.049603
v 0.343004 0.188332 0.049603
v 0.344452 0.165966 0.049603
v 0.352621 0.151816 0.049603
v 0.350432 0.159985 0.049603
v 0.294155 0.165511 -0.046471
v 0.322132 0.143646 -0.046471
v 0.299343 0.173456 -0.046471
v 0.328113 0.137666 -0.046471
v 0.319943 0.151816 -0.046471
v 0.306087 0.180077 -0.046471
v 0.336282 0.135477 -0.046471
v 0.322132 0.159985 -0.046471
v 0.314133 0.185120 -0.046471
v 0.323227 0.188332 -0.046471
v 0.344452 0.137666 -0.046471
v 0.328113 0.165966 -0.046471
v 0.333115 0.189460 -0.046471
v 0.336282 0.168155 -0.046471
v 0.343004 0.188332 -0.046471
v 0.344452 0.165966 -0.046471
v 0.350432 0.143646 -0.046471
v 0.352621 0.151816 -0.046471
v 0.350432 0.159985 -0.046471
v 0.294155 0.165511 -0.229569
v 0.319962 0.151822 -0.229569
v 0.299343 0.173455 -0.229569
v 0.322151 0.143655 -0.229569
v 0.328130 0.137676 -0.229569
v 0.306087 0.180077 -0.229569
v 0.336297 0.135488 -0.229569
v 0.322151 0.159989 -0.229569
v 0.314133 0.185120 -0.229569
v 0.323227 0.188332 -0.229569
v 0.344464 0.137676 -0.229569
v 0.328130 0.165968 -0.229569
v 0.333115 0.189460 -0.229569
v 0.336297 0.168157 -0.229569
v 0.343004 0.188332 -0.229569
v 0.344464 0.165968 -0.229569
v 0.350443 0.143655 -0.229569
v 0.352631 0.151822 -0.229569
v 0.350443 0.159989 -0.229569
v 0.294155 0.165511 -0.212104
v 0.319961 0.151822 -0.212104
v 0.299343 0.173455 -0.212104
v 0.322149 0.143654 -0.212104
v 0.328128 0.137675 -0.212104
v 0.322149 0.159989 -0.212104
v 0.306087 0.180077 -0.212104
v 0.336295 0.135487 -0.212104
v 0.344463 0.137675 -0.212104
v 0.314133 0.185120 -0.212104
v 0.328128 0.165968 -0.212104
v 0.323227 0.188332 -0.212104
v 0.336295 0.168156 -0.212104
v 0.333115 0.189460 -0.212104
v 0.344463 0.165968 -0.212104
v 0.343004 0.188332 -0.212104
v 0.350442 0.159989 -0.212104
v 0.350442 0.143654 -0.212104
v 0.352630 0.151822 -0.212104
v -0.277721 0.202298 -0.265086
v -0.394154 0.197266 -0.284492
v -0.277721 0.200690 -0.284492
v -0.394154 0.198665 -0.265086
v -0.277721 0.202069 0.265730
v -0.277721 0.200476 0.285136
v -0.394154 0.198378 0.265730
v -0.394154 0.196919 0.285136
v -0.386283 -1.064737 -0.271769
v -0.447686 -1.064737 -0.242915
v -0.421555 -1.064737 -0.263672
v -0.464313 -1.064737 -0.214797
v -0.471071 -1.064737 -0.184618
v -0.267543 -1.064737 -0.277209
v -0.476506 -1.064737 -0.081290
v -0.478316 -1.064737 -0.003777
v -0.191168 -1.064737 -0.279025
v -0.476503 -1.064737 0.075112
v -0.111500 -1.064737 -0.277212
v -0.471069 -1.064737 0.182569
v 0.017119 -1.064737 -0.271768
v -0.464449 -1.064737 0.212344
v -0.448002 -1.064737 0.239081
v -0.421891 -1.064737 0.258363
v -0.386281 -1.064737 0.265772
v -0.266782 -1.064737 0.271215
v -0.188581 -1.064737 0.273027
v -0.107522 -1.064737 0.271212
v 0.020548 -1.064737 0.265771
v 0.053823 -1.064737 -0.263757
v 0.081017 -1.064737 -0.243143
v 0.098313 -1.064737 -0.215053
v 0.105318 -1.064737 -0.184616
v 0.110752 -1.064737 -0.081331
v 0.112564 -1.064737 -0.003845
v 0.110752 -1.064737 0.075052
v 0.105316 -1.064737 0.182569
v 0.056102 -1.064737 0.258291
v 0.082219 -1.064737 0.238891
v 0.098692 -1.064737 0.212130
v -0.386283 -1.055034 -0.271769
v -0.421555 -1.055034 -0.263672
v -0.447686 -1.055034 -0.242915
v -0.464313 -1.055034 -0.214797
v -0.471071 -1.055034 -0.184618
v -0.267543 -1.055034 -0.277209
v -0.476506 -1.055034 -0.081290
v -0.478316 -1.055034 -0.003777
v -0.191168 -1.055034 -0.279025
v -0.476503 -1.055034 0.075112
v -0.111500 -1.055034 -0.277212
v -0.471069 -1.055034 0.182569
v 0.017119 -1.055034 -0.271768
v -0.464449 -1.055034 0.212344
v -0.448002 -1.055034 0.239081
v -0.421891 -1.055034 0.258363
v -0.386281 -1.055034 0.265772
v -0.266782 -1.055034 0.271215
v -0.188581 -1.055034 0.273027
v -0.107522 -1.055034 0.271212
v 0.020548 -1.055034 0.265771
v 0.053823 -1.055034 -0.263757
v 0.081017 -1.055034 -0.243143
v 0.098313 -1.055034 -0.215053
v 0.105318 -1.055034 -0.184616
v 0.110752 -1.055034 -0.081331
v 0.112564 -1.055034 -0.003845
v 0.110752 -1.055034 0.075052
v 0.105316 -1.055034 0.182569
v 0.056102 -1.055034 0.258291
v 0.082219 -1.055034 0.238891
v 0.098692 -1.055034 0.212130
v -0.056188 -0.074870 0.319324
v -0.056188 -0.060700 0.327189
v -0.068801 -0.060700 0.327189
v -0.068801 -0.074870 0.319324
v -0.056188 0.088809 0.331056
v -0.068801 0.088809 0.331056
v -0.056188 0.098878 0.336490
v -0.068801 0.098878 0.336490
v -0.056188 0.138087 0.337516
v -0.068801 0.138087 0.337516
v -0.225023 -0.074870 0.319324
v -0.225023 -0.060700 0.327189
v -0.237636 -0.060700 0.327189
v -0.237636 -0.074870 0.319324
v -0.225023 0.088809 0.331056
v -0.237636 0.088809 0.331056
v -0.225023 0.098877 0.336490
v -0.237636 0.098877 0.336490
v -0.225023 0.138087 0.337516
v -0.237636 0.138087 0.337516
v -0.056188 -0.060700 -0.328195
v -0.056188 -0.074870 -0.320330
v -0.068801 -0.060700 -0.328195
v -0.068801 -0.074870 -0.320330
v -0.056188 0.088809 -0.332062
v -0.068801 0.088809 -0.332062
v -0.056188 0.098878 -0.337496
v -0.068801 0.098877 -0.337496
v -0.056188 0.138087 -0.338522
v -0.068801 0.138087 -0.338522
v -0.225023 -0.060700 -0.328195
v -0.225023 -0.074870 -0.320330
v -0.237636 -0.060700 -0.328195
v -0.237636 -0.074870 -0.320330
v -0.225023 0.088809 -0.332062
v -0.237636 0.088809 -0.332062
v -0.225023 0.098877 -0.337496
v -0.237636 0.098877 -0.337496
v -0.225023 0.138087 -0.338522
v -0.237636 0.138087 -0.338522
v 0.214524 0.034130 0.232572
v 0.219363 0.137951 0.232572
v 0.218652 0.036474 0.215107
v 0.228636 0.042142 0.049603
v 0.232682 0.137951 0.049603
v 0.229059 0.042383 0.032138
v 0.229324 0.042533 -0.029006
v 0.233345 0.137951 -0.029006
v 0.228893 0.042289 -0.046471
v 0.220228 0.137951 -0.229569
v 0.215451 0.034656 -0.229569
v 0.219735 0.037089 -0.212104
v 0.223381 0.137951 0.215107
v 0.233095 0.137951 0.032138
v 0.232924 0.137951 -0.046471
v 0.224400 0.137951 -0.212104
v 0.380305 0.182706 0.252494
v 0.383117 0.174651 0.252494
v 0.380305 0.182706 0.235029
v 0.383117 0.174651 0.235029
v 0.374794 0.189606 0.252494
v 0.374794 0.189606 0.235029
v 0.365689 0.194776 0.252494
v 0.374794 0.189606 0.252494
v 0.365689 0.194776 0.235029
v 0.374794 0.189606 0.235029
v 0.352098 0.197648 0.252494
v 0.352098 0.197648 0.235029
v 0.203027 0.206369 0.252494
v 0.203027 0.206369 0.235029
v 0.196376 0.208276 0.252494
v 0.196376 0.208276 0.235029
v 0.383117 0.174651 -0.248874
v 0.380305 0.182706 -0.248874
v 0.380305 0.182706 -0.231409
v 0.383117 0.174651 -0.231409
v 0.374794 0.189605 -0.248874
v 0.374794 0.189605 -0.231409
v 0.374794 0.189605 -0.248874
v 0.365689 0.194776 -0.248874
v 0.365689 0.194776 -0.231409
v 0.374794 0.189605 -0.231409
v 0.352098 0.197648 -0.248874
v 0.352098 0.197648 -0.231409
v 0.203027 0.206369 -0.248874
v 0.203027 0.206369 -0.231409
v 0.196376 0.208276 -0.248874
v 0.196376 0.208276 -0.231409
v 0.225322 0.149732 0.235029
v 0.287308 0.149558 0.235029
v 0.222223 0.149740 0.245433
v 0.287308 0.149558 -0.248874
v 0.287308 0.149558 -0.231409
v 0.222224 0.149740 -0.247858
v 0.227122 0.149727 -0.231409
v 0.058996 0.226336 0.134639
v 0.061175 0.226049 0.126121
v 0.062549 0.225869 0.123083
v 0.063170 0.225787 0.120754
v 0.058996 0.226336 0.129543
v 0.058996 0.225355 0.134639
v 0.058996 0.226336 0.134639
v 0.058996 0.226336 0.129543
v 0.287308 0.149558 0.252494
v 0.219043 0.149749 0.252494
v 0.062552 0.225868 -0.125508
v 0.064484 0.225614 -0.118262
v 0.061177 0.226049 -0.128548
v 0.059389 0.226284 -0.131356
v 0.383117 0.174651 0.235029
v 0.383117 0.174651 0.252494
v 0.382952 0.138224 0.235029
v 0.382952 0.138224 0.252494
v 0.383117 0.174651 -0.248874
v 0.383117 0.174651 -0.231409
v 0.382952 0.138223 -0.231409
v 0.382952 0.138223 -0.248874
v -0.056188 -0.074665 0.313998
v -0.056188 -0.074870 0.319324
v -0.068801 -0.074870 0.319324
v -0.068801 -0.074665 0.313998
v -0.056188 0.138087 0.337516
v -0.056188 0.137931 0.319583
v -0.068801 0.137931 0.319583
v -0.068801 0.138087 0.337516
v -0.225023 -0.074665 0.313998
v -0.225023 -0.074870 0.319324
v -0.237636 -0.074870 0.319324
v -0.237636 -0.074665 0.313998
v -0.225023 0.138087 0.337516
v -0.225023 0.137931 0.319583
v -0.237636 0.137931 0.319583
v -0.237636 0.138087 0.337516
v -0.056188 -0.074870 -0.320330
v -0.056188 -0.074665 -0.315004
v -0.068801 -0.074870 -0.320330
v -0.068801 -0.074665 -0.315004
v -0.056188 0.137931 -0.320589
v -0.056188 0.138087 -0.338522
v -0.068801 0.137931 -0.320589
v -0.068801 0.138087 -0.338522
v -0.225023 -0.074870 -0.320330
v -0.225023 -0.074666 -0.315004
v -0.237636 -0.074870 -0.320330
v -0.237636 -0.074666 -0.315004
v -0.225023 0.137931 -0.320589
v -0.225023 0.138087 -0.338522
v -0.237636 0.137931 -0.320589
v -0.237636 0.138087 -0.338522
v 0.248720 0.146665 0.232572
v 0.249029 0.146665 0.215107
v 0.248720 0.099028 0.232572
v 0.249029 0.146665 0.049603
v 0.249029 0.146665 0.032138
v 0.249029 0.099028 0.049603
v 0.249029 0.146665 -0.029006
v 0.249029 0.146665 -0.046471
v 0.249029 0.099028 -0.029006
v 0.249029 0.146665 -0.212104
v 0.248701 0.146665 -0.229569
v 0.249029 0.099028 -0.212104
v 0.249029 0.099028 0.215107
v 0.236227 0.137951 0.232572
v 0.237068 0.099028 0.215107
v 0.237068 0.137951 0.215107
v 0.236724 0.099028 0.232572
v 0.249029 0.099028 0.032138
v 0.237157 0.099028 0.049603
v 0.237157 0.099028 0.032138
v 0.237157 0.137951 0.032138
v 0.237157 0.137951 0.049603
v 0.237157 0.137951 -0.046471
v 0.237157 0.137951 -0.029006
v 0.237157 0.099028 -0.046471
v 0.249029 0.099028 -0.046471
v 0.237157 0.099028 -0.029006
v 0.248701 0.099028 -0.229569
v 0.236701 0.137951 -0.229569
v 0.237059 0.137951 -0.212104
v 0.236701 0.099028 -0.229569
v 0.237059 0.099028 -0.212104
v 0.288886 0.137241 0.252494
v 0.287308 0.149558 0.252494
v 0.288886 0.137241 0.235029
v 0.287308 0.149558 0.235029
v 0.292706 0.127355 0.252494
v 0.292706 0.127355 0.235029
v 0.298492 0.118650 0.252494
v 0.298492 0.118650 0.235029
v 0.305969 0.111400 0.252494
v 0.305969 0.111400 0.235029
v 0.314862 0.105881 0.252494
v 0.305969 0.111400 0.252494
v 0.314862 0.105881 0.235029
v 0.305969 0.111400 0.235029
v 0.324895 0.102368 0.252494
v 0.324895 0.102368 0.235029
v 0.335795 0.101136 0.252494
v 0.335795 0.101136 0.235029
v 0.346859 0.102406 0.252494
v 0.346859 0.102406 0.235029
v 0.357026 0.106026 0.252494
v 0.357026 0.106026 0.235029
v 0.366007 0.111705 0.252494
v 0.366007 0.111705 0.235029
v 0.373514 0.119157 0.252494
v 0.366007 0.111705 0.252494
v 0.373514 0.119157 0.235029
v 0.366007 0.111705 0.235029
v 0.379258 0.128092 0.252494
v 0.379258 0.128092 0.235029
v 0.382952 0.138224 0.252494
v 0.382952 0.138224 0.235029
v 0.287308 0.149558 -0.248874
v 0.288886 0.137241 -0.248874
v 0.288886 0.137241 -0.231409
v 0.287308 0.149558 -0.231409
v 0.292706 0.127355 -0.248874
v 0.292706 0.127355 -0.231409
v 0.298492 0.118650 -0.248874
v 0.298492 0.118650 -0.231409
v 0.305969 0.111400 -0.248874
v 0.305969 0.111400 -0.231409
v 0.305969 0.111400 -0.248874
v 0.314862 0.105881 -0.248874
v 0.314862 0.105881 -0.231409
v 0.305969 0.111400 -0.231409
v 0.324895 0.102368 -0.248874
v 0.324895 0.102368 -0.231409
v 0.335795 0.101136 -0.248874
v 0.335795 0.101136 -0.231409
v 0.346859 0.102406 -0.248874
v 0.346859 0.102406 -0.231409
v 0.357026 0.106025 -0.248874
v 0.357026 0.106025 -0.231409
v 0.366007 0.111705 -0.248874
v 0.366007 0.111705 -0.231409
v 0.366007 0.111705 -0.248874
v 0.373514 0.119157 -0.248874
v 0.373514 0.119157 -0.231409
v 0.366007 0.111705 -0.231409
v 0.379258 0.128092 -0.248874
v 0.379258 0.128092 -0.231409
v 0.382952 0.138223 -0.248874
v 0.382952 0.138223 -0.231409
v -0.056188 0.137931 0.319583
v -0.056188 -0.074665 0.313998
v -0.068801 -0.074665 0.313998
v -0.068801 0.137931 0.319583
v -0.225023 0.137931 0.319583
v -0.225023 -0.074665 0.313998
v -0.237636 -0.074665 0.313998
v -0.237636 0.137931 0.319583
v -0.056188 -0.074665 -0.315004
v -0.056188 0.137931 -0.320589
v -0.068801 -0.074665 -0.315004
v -0.068801 0.137931 -0.320589
v -0.225023 -0.074666 -0.315004
v -0.225023 0.137931 -0.320589
v -0.237636 -0.074666 -0.315004
v -0.237636 0.137931 -0.320589
v 0.236227 0.137951 0.232572
v 0.237068 0.137951 0.215107
v 0.223381 0.137951 0.215107
v 0.237068 0.099028 0.215107
v 0.236724 0.099028 0.232572
v 0.249029 0.099028 0.215107
v 0.248720 0.099028 0.232572
v 0.237157 0.137951 0.032138
v 0.233095 0.137951 0.032138
v 0.237157 0.137951 0.049603
v 0.237157 0.099028 0.049603
v 0.249029 0.099028 0.032138
v 0.237157 0.099028 0.032138
v 0.249029 0.099028 0.049603
v 0.237157 0.137951 -0.029006
v 0.237157 0.137951 -0.046471
v 0.232924 0.137951 -0.046471
v 0.249029 0.099028 -0.029006
v 0.237157 0.099028 -0.046471
v 0.237157 0.099028 -0.029006
v 0.249029 0.099028 -0.046471
v 0.248701 0.099028 -0.229569
v 0.236701 0.099028 -0.229569
v 0.249029 0.099028 -0.212104
v 0.237059 0.099028 -0.212104
v 0.237059 0.137951 -0.212104
v 0.236701 0.137951 -0.229569
v 0.224400 0.137951 -0.212104
v 0.219363 0.137951 0.232572
v 0.232682 0.137951 0.049603
v 0.233345 0.137951 -0.029006
v 0.220228 0.137951 -0.229569
v 0.287308 0.149558 0.252494
v 0.352098 0.197648 0.252494
v 0.203027 0.206369 0.252494
v 0.288886 0.137241 0.252494
v 0.292706 0.127355 0.252494
v 0.366007 0.111705 0.252494
v 0.357026 0.106026 0.252494
v 0.373514 0.119157 0.252494
v 0.379258 0.128092 0.252494
v 0.382952 0.138224 0.252494
v 0.383117 0.174651 0.252494
v 0.365689 0.194776 0.252494
v 0.374794 0.189606 0.252494
v 0.380305 0.182706 0.252494
v 0.203027 0.206369 0.235029
v 0.352098 0.197648 0.235029
v 0.287308 0.149558 0.235029
v 0.288886 0.137241 0.235029
v 0.292706 0.127355 0.235029
v 0.357026 0.106026 0.235029
v 0.366007 0.111705 0.235029
v 0.373514 0.119157 0.235029
v 0.379258 0.128092 0.235029
v 0.382952 0.138224 0.235029
v 0.365689 0.194776 0.235029
v 0.383117 0.174651 0.235029
v 0.374794 0.189606 0.235029
v 0.380305 0.182706 0.235029
v 0.321124 0.160725 0.252494
v 0.327517 0.167117 0.252494
v 0.298492 0.118650 0.252494
v 0.318784 0.151992 0.252494
v 0.305969 0.111400 0.252494
v 0.336249 0.169457 0.252494
v 0.321124 0.143260 0.252494
v 0.314862 0.105881 0.252494
v 0.324895 0.102368 0.252494
v 0.327517 0.136867 0.252494
v 0.335795 0.101136 0.252494
v 0.344982 0.167117 0.252494
v 0.336249 0.134527 0.252494
v 0.346859 0.102406 0.252494
v 0.344982 0.136867 0.252494
v 0.353714 0.151992 0.252494
v 0.351374 0.160725 0.252494
v 0.351374 0.143260 0.252494
v 0.321124 0.160725 0.235029
v 0.327517 0.167117 0.235029
v 0.298492 0.118650 0.235029
v 0.318784 0.151992 0.235029
v 0.305969 0.111400 0.235029
v 0.336249 0.169457 0.235029
v 0.321124 0.143260 0.235029
v 0.314862 0.105881 0.235029
v 0.327517 0.136867 0.235029
v 0.324895 0.102368 0.235029
v 0.336249 0.134527 0.235029
v 0.335795 0.101136 0.235029
v 0.344982 0.167117 0.235029
v 0.344982 0.136867 0.235029
v 0.346859 0.102406 0.235029
v 0.351374 0.143260 0.235029
v 0.353714 0.151992 0.235029
v 0.351374 0.160725 0.235029
v 0.352098 0.197648 -0.248874
v 0.287308 0.149558 -0.248874
v 0.203027 0.206369 -0.248874
v 0.288886 0.137241 -0.248874
v 0.292706 0.127355 -0.248874
v 0.366007 0.111705 -0.248874
v 0.357026 0.106025 -0.248874
v 0.373514 0.119157 -0.248874
v 0.379258 0.128092 -0.248874
v 0.382952 0.138223 -0.248874
v 0.383117 0.174651 -0.248874
v 0.365689 0.194776 -0.248874
v 0.374794 0.189605 -0.248874
v 0.380305 0.182706 -0.248874
v 0.352098 0.197648 -0.231409
v 0.203027 0.206369 -0.231409
v 0.287308 0.149558 -0.231409
v 0.288886 0.137241 -0.231409
v 0.292706 0.127355 -0.231409
v 0.357026 0.106025 -0.231409
v 0.366007 0.111705 -0.231409
v 0.373514 0.119157 -0.231409
v 0.379258 0.128092 -0.231409
v 0.382952 0.138223 -0.231409
v 0.365689 0.194776 -0.231409
v 0.383117 0.174651 -0.231409
v 0.374794 0.189605 -0.231409
v 0.380305 0.182706 -0.231409
v 0.321124 0.160725 -0.248874
v 0.327517 0.167117 -0.248874
v 0.298492 0.118650 -0.248874
v 0.318784 0.151992 -0.248874
v 0.305969 0.111400 -0.248874
v 0.336249 0.169457 -0.248874
v 0.321124 0.143260 -0.248874
v 0.314862 0.105881 -0.248874
v 0.324895 0.102368 -0.248874
v 0.327517 0.136867 -0.248874
v 0.335795 0.101136 -0.248874
v 0.344982 0.167117 -0.248874
v 0.336249 0.134527 -0.248874
v 0.346859 0.102406 -0.248874
v 0.344982 0.136867 -0.248874
v 0.353714 0.151992 -0.248874
v 0.351374 0.160725 -0.248874
v 0.351374 0.143260 -0.248874
v 0.321124 0.160725 -0.231409
v 0.327517 0.167117 -0.231409
v 0.298492 0.118650 -0.231409
v 0.318784 0.151992 -0.231409
v 0.305969 0.111400 -0.231409
v 0.336249 0.169457 -0.231409
v 0.321124 0.143260 -0.231409
v 0.314862 0.105881 -0.231409
v 0.327517 0.136867 -0.231409
v 0.324895 0.102368 -0.231409
v 0.336249 0.134527 -0.231409
v 0.335795 0.101136 -0.231409
v 0.344982 0.167117 -0.231409
v 0.344982 0.136867 -0.231409
v 0.346859 0.102406 -0.231409
v 0.351374 0.143260 -0.231409
v 0.353714 0.151992 -0.231409
v 0.351374 0.160725 -0.231409
v 0.196376 0.208276 0.252494
v 0.058996 0.226336 0.134639
v 0.153700 0.204491 0.215883
v 0.196376 0.200125 0.235029
v 0.196376 0.208276 0.235029
v 0.208658 0.198459 0.235029
v 0.068518 0.216670 0.142807
v 0.063892 0.221244 0.138838
v 0.068357 0.216718 0.142669
v 0.214729 0.185394 0.252494
v 0.219043 0.149749 0.252494
v 0.200199 0.198971 0.252494
v 0.210345 0.192406 0.252494
v 0.196376 0.208276 -0.231409
v 0.196376 0.200145 -0.231409
v 0.212030 0.198022 -0.231409
v 0.219646 0.182692 -0.248874
v 0.213595 0.192615 -0.248874
v 0.202810 0.198979 -0.248874
v 0.165726 0.203777 0.208735
v 0.196376 0.199432 0.252494
v 0.068395 0.216683 0.142702
v 0.058996 0.225355 0.134639
v 0.063170 0.225787 0.120754
v 0.130515 0.209251 0.178528
v 0.126457 0.209740 0.175047
v 0.121142 0.210600 0.170487
v 0.073642 0.216531 0.129738
v 0.224076 0.182925 0.235029
v 0.225322 0.149732 0.235029
v 0.218719 0.192281 0.235029
v 0.169904 0.203537 -0.208699
v 0.196376 0.199754 -0.248874
v 0.196376 0.208276 -0.248874
v 0.157873 0.204249 -0.215843
v 0.059389 0.226284 -0.131356
v 0.070211 0.216630 -0.140640
v 0.064484 0.225614 -0.118262
v 0.222224 0.149740 -0.247858
v 0.227122 0.149727 -0.231409
v 0.226421 0.183049 -0.231409
v 0.221318 0.192023 -0.231409
v 0.336317 0.151831 0.274568
v 0.336299 0.168157 0.263079
v 0.328132 0.165969 0.263079
v 0.322154 0.159990 0.263079
v 0.319965 0.151823 0.263079
v 0.322154 0.143657 0.263079
v 0.328132 0.137678 0.263079
v 0.336299 0.135490 0.263079
v 0.344466 0.137678 0.263079
v 0.350444 0.143657 0.263079
v 0.352633 0.151823 0.263079
v 0.350444 0.159990 0.263079
v 0.344466 0.165969 0.263079
v 0.322154 0.143657 0.263079
v 0.322151 0.143655 0.232572
v 0.328132 0.137678 0.263079
v 0.328129 0.137676 0.232572
v 0.328132 0.137678 0.263079
v 0.328129 0.137676 0.232572
v 0.336299 0.135490 0.263079
v 0.336297 0.135488 0.232572
v 0.319965 0.151823 0.263079
v 0.319962 0.151822 0.232572
v 0.344466 0.137678 0.263079
v 0.344464 0.137676 0.232572
v 0.322154 0.159990 0.263079
v 0.322151 0.159989 0.232572
v 0.328132 0.165969 0.263079
v 0.344466 0.137678 0.263079
v 0.344464 0.137676 0.232572
v 0.350444 0.143657 0.263079
v 0.328132 0.165969 0.263079
v 0.336299 0.168157 0.263079
v 0.328130 0.165968 0.232572
v 0.328130 0.165968 0.232572
v 0.344466 0.165969 0.263079
v 0.336297 0.168157 0.232572
v 0.350443 0.143655 0.232572
v 0.344466 0.165969 0.263079
v 0.350444 0.159990 0.263079
v 0.344464 0.165968 0.232572
v 0.344464 0.165968 0.232572
v 0.352633 0.151823 0.263079
v 0.352631 0.151822 0.232572
v 0.350443 0.159989 0.232572
v 0.328112 0.137666 0.049603
v 0.328128 0.137675 0.215107
v 0.322149 0.143654 0.215107
v 0.322132 0.143646 0.049603
v 0.328128 0.137675 0.215107
v 0.328112 0.137666 0.049603
v 0.336282 0.135477 0.049603
v 0.319960 0.151822 0.215107
v 0.319943 0.151816 0.049603
v 0.336295 0.135487 0.215107
v 0.344452 0.137666 0.049603
v 0.322132 0.159985 0.049603
v 0.322149 0.159989 0.215107
v 0.344463 0.137675 0.215107
v 0.344463 0.137675 0.215107
v 0.344452 0.137666 0.049603
v 0.350432 0.143646 0.049603
v 0.328128 0.165968 0.215107
v 0.328112 0.165966 0.049603
v 0.336295 0.168156 0.215107
v 0.336282 0.168155 0.049603
v 0.328128 0.165968 0.215107
v 0.328112 0.165966 0.049603
v 0.344463 0.165968 0.215107
v 0.344452 0.165966 0.049603
v 0.350442 0.143654 0.215107
v 0.352630 0.151822 0.215107
v 0.352621 0.151816 0.049603
v 0.350432 0.159985 0.049603
v 0.350442 0.159989 0.215107
v 0.344463 0.165968 0.215107
v 0.344452 0.165966 0.049603
v 0.336249 0.169457 0.252494
v 0.327517 0.167117 0.252494
v 0.327517 0.167117 0.235029
v 0.327517 0.167117 0.235029
v 0.327517 0.167117 0.252494
v 0.321124 0.160725 0.252494
v 0.321124 0.160725 0.235029
v 0.318784 0.151992 0.252494
v 0.318784 0.151992 0.235029
v 0.336249 0.169457 0.235029
v 0.321124 0.143260 0.252494
v 0.321124 0.143260 0.235029
v 0.327517 0.136867 0.235029
v 0.327517 0.136867 0.252494
v 0.336249 0.134527 0.235029
v 0.327517 0.136867 0.235029
v 0.327517 0.136867 0.252494
v 0.344982 0.167117 0.235029
v 0.344982 0.167117 0.252494
v 0.336249 0.134527 0.252494
v 0.344982 0.136867 0.235029
v 0.344982 0.136867 0.252494
v 0.344982 0.136867 0.235029
v 0.344982 0.136867 0.252494
v 0.351374 0.143260 0.235029
v 0.353714 0.151992 0.235029
v 0.353714 0.151992 0.252494
v 0.351374 0.160725 0.252494
v 0.351374 0.160725 0.235029
v 0.344982 0.167117 0.252494
v 0.344982 0.167117 0.235029
v 0.351374 0.143260 0.252494
v 0.327517 0.167117 -0.248874
v 0.336249 0.169457 -0.248874
v 0.327517 0.167117 -0.231409
v 0.327517 0.167117 -0.248874
v 0.327517 0.167117 -0.231409
v 0.321124 0.160725 -0.248874
v 0.321124 0.160725 -0.231409
v 0.318784 0.151992 -0.231409
v 0.318784 0.151992 -0.248874
v 0.336249 0.169457 -0.231409
v 0.321124 0.143260 -0.248874
v 0.321124 0.143260 -0.231409
v 0.327517 0.136867 -0.231409
v 0.327517 0.136867 -0.248874
v 0.327517 0.136867 -0.231409
v 0.336249 0.134527 -0.231409
v 0.327517 0.136867 -0.248874
v 0.344982 0.167117 -0.248874
v 0.344982 0.167117 -0.231409
v 0.336249 0.134527 -0.248874
v 0.344982 0.136867 -0.231409
v 0.344982 0.136867 -0.248874
v 0.344982 0.136867 -0.248874
v 0.344982 0.136867 -0.231409
v 0.351374 0.143260 -0.231409
v 0.353714 0.151992 -0.248874
v 0.353714 0.151992 -0.231409
v 0.351374 0.160725 -0.248874
v 0.351374 0.160725 -0.231409
v 0.344982 0.167117 -0.248874
v 0.344982 0.167117 -0.231409
v 0.351374 0.143260 -0.248874
v -0.416097 0.021575 0.292320
v -0.416818 0.137881 0.293041
v -0.406433 0.137888 0.300494
v -0.416818 0.137881 -0.294245
v -0.416097 0.021574 -0.293524
v -0.406433 0.137888 -0.301698
v -0.469079 0.137951 0.192895
v -0.471637 -0.082507 0.192895
v -0.472282 -0.080366 0.180281
v -0.469736 0.137951 0.180281
v 0.336299 0.168157 -0.257914
v 0.336317 0.151831 -0.269403
v 0.328132 0.165968 -0.257914
v 0.322154 0.159990 -0.257914
v 0.319965 0.151823 -0.257914
v 0.322154 0.143656 -0.257914
v 0.328132 0.137678 -0.257914
v 0.336299 0.135490 -0.257914
v 0.344466 0.137678 -0.257914
v 0.350444 0.143656 -0.257914
v 0.352633 0.151823 -0.257914
v 0.350444 0.159990 -0.257914
v 0.344466 0.165969 -0.257914
v 0.322154 0.143656 -0.257914
v 0.322151 0.143655 -0.229569
v 0.319962 0.151822 -0.229569
v 0.328132 0.137678 -0.257914
v 0.328130 0.137676 -0.229569
v 0.328130 0.137676 -0.229569
v 0.328132 0.137678 -0.257914
v 0.336299 0.135490 -0.257914
v 0.319965 0.151823 -0.257914
v 0.322154 0.159990 -0.257914
v 0.336297 0.135488 -0.229569
v 0.344466 0.137678 -0.257914
v 0.322151 0.159989 -0.229569
v 0.328132 0.165968 -0.257914
v 0.344464 0.137676 -0.229569
v 0.344464 0.137676 -0.229569
v 0.344466 0.137678 -0.257914
v 0.350444 0.143656 -0.257914
v 0.328132 0.165968 -0.257914
v 0.328130 0.165968 -0.229569
v 0.336299 0.168157 -0.257914
v 0.328130 0.165968 -0.229569
v 0.336297 0.168157 -0.229569
v 0.344466 0.165969 -0.257914
v 0.344466 0.165969 -0.257914
v 0.344464 0.165968 -0.229569
v 0.350444 0.159990 -0.257914
v 0.344464 0.165968 -0.229569
v 0.350443 0.143655 -0.229569
v 0.352633 0.151823 -0.257914
v 0.350443 0.159989 -0.229569
v 0.352631 0.151822 -0.229569
v 0.322132 0.143646 -0.046471
v 0.319943 0.151816 -0.046471
v 0.319961 0.151822 -0.212104
v 0.322149 0.143654 -0.212104
v 0.328113 0.137666 -0.046471
v 0.328128 0.137675 -0.212104
v 0.322149 0.159989 -0.212104
v 0.322132 0.159985 -0.046471
v 0.328113 0.137666 -0.046471
v 0.336295 0.135487 -0.212104
v 0.336282 0.135477 -0.046471
v 0.328128 0.137675 -0.212104
v 0.344463 0.137675 -0.212104
v 0.328128 0.165968 -0.212104
v 0.328113 0.165966 -0.046471
v 0.344452 0.137666 -0.046471
v 0.336295 0.168156 -0.212104
v 0.328113 0.165966 -0.046471
v 0.336282 0.168155 -0.046471
v 0.328128 0.165968 -0.212104
v 0.344463 0.165968 -0.212104
v 0.344452 0.165966 -0.046471
v 0.350442 0.159989 -0.212104
v 0.344452 0.165966 -0.046471
v 0.350432 0.159985 -0.046471
v 0.344463 0.165968 -0.212104
v 0.344452 0.137666 -0.046471
v 0.344463 0.137675 -0.212104
v 0.350432 0.143646 -0.046471
v 0.350442 0.143654 -0.212104
v 0.352630 0.151822 -0.212104
v 0.352621 0.151816 -0.046471
v -0.476547 0.137951 0.007092
v -0.478714 -0.039552 0.007092
v -0.478965 -0.038800 -0.003916
v -0.470181 0.137951 -0.174657
v -0.472686 -0.079027 -0.174657
v -0.472027 -0.081210 -0.187270
v -0.476808 0.137951 -0.003931
v -0.469497 0.137951 -0.187270
v -0.443138 0.137951 0.337199
v -0.458025 0.137951 0.337199
v -0.443138 0.117992 0.337199
v -0.406433 0.137888 0.300494
v -0.458025 0.137951 0.337199
v -0.443138 0.137951 0.337199
v -0.406433 0.137888 0.300494
v -0.416818 0.137881 0.293041
v -0.458025 0.137951 0.337199
v -0.530204 0.111750 0.180281
v -0.530204 0.111750 0.192895
v -0.530204 0.137951 0.180281
v -0.530204 0.137951 0.192895
v -0.530204 0.137951 0.180281
v -0.530204 0.111750 0.192895
v -0.530204 0.137951 0.180281
v -0.530204 0.137951 0.192895
v -0.469079 0.137951 0.192895
v -0.530204 0.137951 0.007092
v -0.530204 0.114514 -0.005522
v -0.530204 0.114514 0.007092
v -0.530204 0.114514 -0.005522
v -0.530204 0.137951 0.007092
v -0.530204 0.137951 -0.005522
v -0.530204 0.137951 0.007092
v -0.476808 0.137951 -0.003931
v -0.530204 0.137951 -0.005522
v -0.530204 0.137951 0.180281
v -0.469079 0.137951 0.192895
v -0.469736 0.137951 0.180281
v -0.470181 0.137951 -0.174657
v -0.469497 0.137951 -0.187270
v -0.530204 0.137951 -0.174657
v -0.530204 0.114514 0.007092
v -0.476547 0.137951 0.007092
v -0.530204 0.137951 0.007092
v -0.476547 0.137951 0.007092
v -0.476808 0.137951 -0.003931
v -0.530204 0.137951 0.007092
v -0.530204 0.111751 -0.187270
v -0.530204 0.111751 -0.174657
v -0.530204 0.137951 -0.174657
v -0.530204 0.137951 -0.187270
v -0.530204 0.111751 -0.187270
v -0.530204 0.137951 -0.174657
v -0.530204 0.137951 -0.174657
v -0.469497 0.137951 -0.187270
v -0.530204 0.137951 -0.187270
v -0.472686 -0.079027 -0.174657
v -0.530204 0.137951 -0.174657
v -0.530204 0.111751 -0.174657
v -0.458025 0.137951 -0.338403
v -0.443138 0.137951 -0.338403
v -0.443138 0.117992 -0.338403
v -0.458025 0.137951 -0.338403
v -0.406433 0.137888 -0.301698
v -0.443138 0.137951 -0.338403
v -0.416818 0.137881 -0.294245
v -0.406433 0.137888 -0.301698
v -0.458025 0.137951 -0.338403
v 0.232682 0.137951 0.049603
v 0.228636 0.042142 0.049603
v 0.237157 0.099028 0.049603
v 0.232682 0.137951 0.049603
v 0.237157 0.099028 0.049603
v 0.237157 0.137951 0.049603
v 0.233345 0.137951 -0.029006
v 0.229324 0.042533 -0.029006
v 0.237157 0.099028 -0.029006
v 0.233345 0.137951 -0.029006
v 0.237157 0.099028 -0.029006
v 0.237157 0.137951 -0.029006
v 0.224400 0.137951 -0.212104
v 0.219735 0.037089 -0.212104
v 0.237059 0.099028 -0.212104
v 0.224400 0.137951 -0.212104
v 0.237059 0.099028 -0.212104
v 0.237059 0.137951 -0.212104
v 0.230531 0.148182 0.217908
v 0.222357 0.148182 0.245361
v -0.167808 0.148168 -0.001212
v 0.211002 0.148182 0.270531
v 0.175134 0.148182 0.306152
v -0.167808 0.148168 -0.001212
v 0.175134 0.148182 0.306152
v 0.151578 0.148182 0.316504
v -0.167808 0.148168 -0.001212
v -0.443696 0.148182 0.305037
v -0.488415 0.148182 0.265733
v -0.167808 0.148168 -0.001212
v -0.488415 0.148182 0.265733
v -0.508025 0.148182 0.223705
v -0.167808 0.148168 -0.001212
v -0.516806 0.148182 0.140988
v -0.532296 0.148182 0.135698
v -0.167808 0.148168 -0.001212
v 0.240130 0.148182 -0.134073
v 0.240842 0.148182 0.113483
v -0.167808 0.148168 -0.001212
v 0.222224 0.149740 -0.247858
v 0.230531 0.148182 -0.220332
v -0.167808 0.148168 -0.001212
v 0.175134 0.148182 -0.308576
v 0.211002 0.148182 -0.272955
v -0.167808 0.148168 -0.001212
v 0.151578 0.148182 -0.318929
v 0.175134 0.148182 -0.308576
v -0.167808 0.148168 -0.001212
v -0.204721 0.148182 -0.333599
v 0.115819 0.148182 -0.326325
v -0.167808 0.148168 -0.001212
v -0.422432 0.148182 -0.316567
v -0.204721 0.148182 -0.333599
v -0.167808 0.148168 -0.001212
v -0.532296 0.148182 -0.138123
v -0.516806 0.148182 -0.143412
v -0.167808 0.148168 -0.001212
v 0.240842 0.148182 0.113483
v 0.230531 0.148182 0.217908
v -0.167808 0.148168 -0.001212
v 0.222357 0.148182 0.245361
v 0.211002 0.148182 0.270531
v -0.167808 0.148168 -0.001212
v 0.151578 0.148182 0.316504
v 0.115819 0.148182 0.323901
v -0.167808 0.148168 -0.001212
v 0.115819 0.148182 0.323901
v -0.123732 0.148182 0.331431
v -0.167808 0.148168 -0.001212
v -0.123732 0.148182 0.331431
v -0.342355 0.148182 0.324043
v -0.167808 0.148168 -0.001212
v -0.342355 0.148182 0.324043
v -0.422432 0.148182 0.314142
v -0.167808 0.148168 -0.001212
v -0.422432 0.148182 0.314142
v -0.443696 0.148182 0.305037
v -0.167808 0.148168 -0.001212
v -0.508025 0.148182 0.223705
v -0.516806 0.148182 0.140988
v -0.167808 0.148168 -0.001212
v -0.532296 0.148182 0.135698
v -0.544761 0.148182 0.128585
v -0.167808 0.148168 -0.001212
v -0.544761 0.148182 0.128585
v -0.549901 0.148182 0.049642
v -0.167808 0.148168 -0.001212
v 0.230531 0.148182 -0.220332
v 0.240130 0.148182 -0.134073
v -0.167808 0.148168 -0.001212
v 0.211002 0.148182 -0.272955
v 0.222224 0.149740 -0.247858
v -0.167808 0.148168 -0.001212
v 0.115819 0.148182 -0.326325
v 0.151578 0.148182 -0.318929
v -0.167808 0.148168 -0.001212
v -0.443696 0.148182 -0.307461
v -0.422432 0.148182 -0.316567
v -0.167808 0.148168 -0.001212
v -0.500655 0.148182 -0.246884
v -0.443696 0.148182 -0.307461
v -0.167808 0.148168 -0.001212
v -0.508025 0.148182 -0.226129
v -0.500655 0.148182 -0.246884
v -0.167808 0.148168 -0.001212
v -0.516806 0.148182 -0.143412
v -0.508025 0.148182 -0.226129
v -0.167808 0.148168 -0.001212
v -0.544761 0.148182 -0.131009
v -0.532296 0.148182 -0.138123
v -0.167808 0.148168 -0.001212
v -0.549131 0.148182 -0.117877
v -0.544761 0.148182 -0.131009
v -0.167808 0.148168 -0.001212
v -0.549901 0.148182 0.049642
v -0.549131 0.148182 -0.117877
v -0.167808 0.148168 -0.001212
v 0.169904 0.203537 -0.208699
v 0.064484 0.225614 -0.118262
v 0.097159 0.214284 -0.146293
v 0.097159 0.214284 -0.146293
v 0.064484 0.225614 -0.118262
v 0.075457 0.216479 -0.127675
# 3129 vertices

vt 0.392031 1.999500
vt 0.615321 1.999500
vt 0.392031 1.970027
vt 0.387249 1.999500
vt 0.611640 1.999500
vt 0.611640 1.970027
vt 0.655256 1.970027
vt 0.655256 1.999500
vt 0.687258 1.970027
vt 0.687258 1.999500
vt 0.143374 1.999500
vt 0.187256 1.970027
vt 0.143374 1.970027
vt 0.187256 1.999500
vt 0.235949 1.970027
vt 0.235949 1.999500
vt 0.504636 1.970027
vt 0.504636 1.999500
vt 0.616358 1.970027
vt 0.616358 1.999500
vt 0.765308 1.970027
vt 0.765308 1.999500
vt 0.814796 1.970027
vt 0.814796 1.999500
vt 0.860620 1.970027
vt 0.860620 1.999500
vt 0.314160 1.999500
vt 0.347341 1.970027
vt 0.314160 1.970027
vt 0.347341 1.999500
vt 0.607619 1.999500
vt 0.646918 1.970027
vt 0.607619 1.970027
vt 0.646918 1.999500
vt 0.676036 1.970027
vt 0.676036 1.999500
vt 0.151770 1.999500
vt 0.192100 1.970027
vt 0.151770 1.970027
vt 0.192100 1.999500
vt 0.235801 1.970027
vt 0.235801 1.999500
vt 0.384094 1.970027
vt 0.384094 1.999500
vt 0.495345 1.970027
vt 0.495345 1.999500
vt 0.762990 1.970027
vt 0.762990 1.999500
vt 0.805433 1.970027
vt 0.805433 1.999500
vt 0.843855 1.970027
vt 0.843855 1.999500
vt 0.322677 1.999500
vt 0.350641 1.970027
vt 0.322677 1.970027
vt 0.350641 1.999500
vt 0.388709 1.970027
vt 0.388709 1.999500
vt 0.612628 1.999500
vt 0.799189 1.365795
vt 0.384601 1.999500
vt 0.824688 1.999500
vt 0.813019 1.684814
vt 0.859572 1.684814
vt 0.868027 1.999500
vt 0.893948 1.684814
vt 0.900030 1.999500
vt 0.139380 1.999500
vt 0.176308 1.684814
vt 0.129175 1.684814
vt 0.185204 1.999500
vt 0.227210 1.684814
vt 0.234692 1.999500
vt 0.495364 1.999500
vt 0.622593 1.072217
vt 0.771694 1.684814
vt 0.812744 1.999500
vt 0.821778 1.684814
vt 0.866913 1.684814
vt 0.856626 1.999500
vt 0.099700 1.999500
vt 0.140137 1.684814
vt 0.105762 1.684814
vt 0.131702 1.999500
vt 0.186988 1.684814
vt 0.175319 1.999500
vt 0.655659 1.684814
vt 0.702509 1.684814
vt 0.736884 1.684814
vt 0.178222 1.684814
vt 0.133087 1.684814
vt 0.772790 1.684814
vt 0.823691 1.684814
vt 0.870825 1.684814
vt 0.300280 1.684814
vt 0.264639 1.684814
vt 0.348284 1.684814
vt 0.693553 1.684814
vt 0.651341 1.684814
vt 0.724830 1.684814
vt 0.183402 1.684814
vt 0.141919 1.684814
vt 0.770602 1.684814
vt 0.814258 1.684814
vt 0.853777 1.684814
vt 0.303825 1.684814
vt 0.273788 1.684814
vt 0.812613 1.684814
vt 0.862438 1.999500
vt 0.853568 1.684814
vt 0.883599 1.684814
vt 0.890395 1.999500
vt 0.155873 1.999500
vt 0.185428 1.684814
vt 0.145943 1.684814
vt 0.194261 1.999500
vt 0.229397 1.684814
vt 0.764202 1.999500
vt 0.619060 1.684814
vt 0.771653 1.684814
vt 0.816220 1.684814
vt 0.807532 1.999500
vt 0.857744 1.684814
vt 0.847902 1.999500
vt 0.109942 1.999500
vt 0.146817 1.684814
vt 0.116764 1.684814
vt 0.137921 1.999500
vt 0.187384 1.684814
vt 0.175688 1.999500
vt 0.799617 1.365795
vt 0.848793 1.365795
vt 0.885104 1.365795
vt 0.160296 1.365795
vt 0.110806 1.365795
vt 0.213743 1.365795
vt 0.785450 1.365795
vt 0.838038 1.365795
vt 0.885431 1.365795
vt 0.150900 1.365795
vt 0.114589 1.365795
vt 0.695461 1.365795
vt 0.744949 1.365795
vt 0.781260 1.365795
vt 0.161961 1.365795
vt 0.114569 1.365795
vt 0.786257 1.365795
vt 0.839704 1.365795
vt 0.889194 1.365795
vt 0.257997 1.365795
vt 0.220349 1.365795
vt 0.735489 1.365795
vt 0.690899 1.365795
vt 0.768528 1.365795
vt 0.167744 1.365795
vt 0.124187 1.365795
vt 0.830143 1.365795
vt 0.871638 1.365795
vt 0.261741 1.365795
vt 0.230012 1.365795
vt 0.842451 1.365795
vt 0.874173 1.365795
vt 0.169527 1.365795
vt 0.128068 1.365795
vt 0.215695 1.365795
vt 0.785063 1.365795
vt 0.831859 1.365795
vt 0.875459 1.365795
vt 0.157957 1.365795
vt 0.126210 1.365795
vt 0.200809 1.365795
vt 0.550878 1.072217
vt 0.293290 1.072217
vt 0.792403 1.072217
vt 0.842399 1.072217
vt 0.879318 1.072217
vt 0.147842 1.072217
vt 0.096518 1.072217
vt 0.203268 1.072217
vt 0.370092 1.072217
vt 0.796150 1.072217
vt 0.850686 1.072217
vt 0.899834 1.072217
vt 0.157288 1.072217
vt 0.120371 1.072217
vt 0.207605 1.072217
vt 0.452088 1.072217
vt 0.710945 1.072217
vt 0.761260 1.072217
vt 0.798177 1.072217
vt 0.149314 1.072217
vt 0.100166 1.072217
vt 0.203850 1.072217
vt 0.504780 1.072217
vt 0.852158 1.072217
vt 0.903481 1.072217
vt 0.241736 1.072217
vt 0.203459 1.072217
vt 0.751642 1.072217
vt 0.706306 1.072217
vt 0.785232 1.072217
vt 0.155565 1.072217
vt 0.110396 1.072217
vt 0.842498 1.072217
vt 0.885530 1.072217
vt 0.245542 1.072217
vt 0.213284 1.072217
vt 0.547771 1.072217
vt 0.835951 1.072217
vt 0.868203 1.072217
vt 0.157160 1.072217
vt 0.114165 1.072217
vt 0.205038 1.072217
vt 0.377834 1.072217
vt 0.795494 1.072217
vt 0.844023 1.072217
vt 0.889238 1.072217
vt 0.164463 1.072217
vt 0.132186 1.072217
vt 0.449033 1.072217
vt 0.805739 1.977329
vt 0.844127 1.977329
vt 0.844127 1.970027
vt 0.805739 1.970027
vt 0.098838 1.114039
vt 0.905192 1.114039
vt 0.905192 1.084833
vt 0.098838 1.084833
vt 0.845887 1.072336
vt 0.846685 1.159863
vt 0.856235 1.159863
vt 0.153315 1.159863
vt 0.154113 1.072336
vt 0.143766 1.159863
vt 0.190294 1.066291
vt 0.190294 1.058333
vt 0.165218 1.058333
vt 0.165218 1.065731
vt 0.452993 1.066291
vt 0.452993 1.058333
vt 0.427917 1.058333
vt 0.427917 1.065731
vt 0.565857 1.066291
vt 0.565857 1.058333
vt 0.540781 1.058333
vt 0.540781 1.065731
vt 0.828741 1.066291
vt 0.828741 1.058333
vt 0.803666 1.058333
vt 0.803666 1.065731
vt 0.275744 1.101579
vt 0.937493 1.101579
vt 0.275744 1.065567
vt 0.937493 1.065567
vt 0.246170 1.101579
vt 0.246170 1.065567
vt 0.221347 1.101579
vt 0.221347 1.065567
vt 0.200865 1.101579
vt 0.200865 1.065567
vt 0.184315 1.101579
vt 0.184315 1.065567
vt 0.171285 1.101579
vt 0.171285 1.065567
vt 0.161366 1.101579
vt 0.161366 1.065567
vt 0.921921 1.101579
vt 0.942668 1.101579
vt 0.921921 1.065567
vt 0.942668 1.065567
vt 0.897880 1.101579
vt 0.897880 1.065567
vt 0.870517 1.101579
vt 0.870517 1.065567
vt 0.805716 1.101579
vt 0.805716 1.065567
vt 0.187719 1.101579
vt 0.187719 1.065567
vt 0.096653 1.101579
vt 0.096653 1.065567
vt 0.073384 1.101579
vt 0.073384 1.065567
vt 0.053509 1.101579
vt 0.053509 1.065567
vt 0.829010 1.101579
vt 0.838882 1.101579
vt 0.829010 1.065567
vt 0.838882 1.065567
vt 0.816003 1.101579
vt 0.816003 1.065567
vt 0.799444 1.101579
vt 0.799444 1.065567
vt 0.778911 1.101579
vt 0.778911 1.065567
vt 0.753986 1.101579
vt 0.753986 1.065567
vt 0.724248 1.101579
vt 0.058221 1.101579
vt 0.058221 1.065567
vt 0.044469 1.101579
vt 0.044469 1.065567
vt 0.033563 1.101579
vt 0.033563 1.065567
vt 0.025175 1.101579
vt 0.025175 1.065567
vt 0.018981 1.101579
vt 0.018981 1.065567
vt 0.972482 1.101579
vt 0.983452 1.101579
vt 0.972482 1.065567
vt 0.983452 1.065567
vt 0.957794 1.101579
vt 0.957794 1.065567
vt 0.812281 1.101579
vt 0.812281 1.065567
vt 0.194284 1.101579
vt 0.046028 1.101579
vt 0.065770 1.065567
vt 0.046028 1.065567
vt 0.030432 1.101579
vt 0.030432 1.065567
vt 0.018579 1.101579
vt 0.018579 1.065567
vt 0.971936 1.101579
vt 0.978647 1.101579
vt 0.971936 1.065567
vt 0.978647 1.065567
vt 0.963045 1.101579
vt 0.963045 1.065567
vt 0.951666 1.101579
vt 0.951666 1.065567
vt 0.174562 1.072366
vt 0.190438 1.072366
vt 0.174562 1.065567
vt 0.190438 1.065567
vt 0.160182 1.072366
vt 0.160182 1.065567
vt 0.147319 1.072366
vt 0.147319 1.065567
vt 0.135997 1.072366
vt 0.135997 1.065567
vt 0.126239 1.072366
vt 0.126239 1.065567
vt 0.863623 1.072366
vt 0.879788 1.072366
vt 0.863623 1.065567
vt 0.879787 1.065567
vt 0.846460 1.072366
vt 0.846460 1.065567
vt 0.828698 1.072366
vt 0.828698 1.065567
vt 0.810732 1.072366
vt 0.810732 1.065567
vt 0.792963 1.072366
vt 0.792963 1.065567
vt 0.613933 1.072366
vt 0.724793 1.065567
vt 0.665820 1.065567
vt 0.613933 1.065567
vt 0.567021 1.072366
vt 0.567021 1.065567
vt 0.522974 1.072366
vt 0.479681 1.072366
vt 0.479681 1.065567
vt 0.435032 1.072366
vt 0.386917 1.072366
vt 0.386917 1.065567
vt 0.333224 1.072366
vt 0.200666 1.072366
vt 0.200666 1.065567
vt 0.183268 1.072366
vt 0.183268 1.065567
vt 0.165848 1.072366
vt 0.165848 1.065567
vt 0.148760 1.072366
vt 0.148760 1.065567
vt 0.132358 1.072366
vt 0.132358 1.065567
vt 0.116995 1.072366
vt 0.116995 1.065567
vt 0.865668 1.072366
vt 0.874998 1.072366
vt 0.865668 1.065567
vt 0.874998 1.065567
vt 0.854810 1.072366
vt 0.854810 1.065567
vt 0.842436 1.072366
vt 0.842436 1.065567
vt 0.828558 1.072366
vt 0.828558 1.065567
vt 0.813188 1.072366
vt 0.813188 1.065567
vt 0.796337 1.072366
vt 0.796337 1.065567
vt 0.729935 1.072366
vt 0.674638 1.072366
vt 0.628078 1.065567
vt 0.628078 1.072366
vt 0.587890 1.072366
vt 0.587890 1.065567
vt 0.551706 1.072366
vt 0.551706 1.065567
vt 0.517160 1.072366
vt 0.517160 1.065567
vt 0.481884 1.072366
vt 0.481884 1.065567
vt 0.443514 1.072366
vt 0.443514 1.065567
vt 0.399681 1.065567
vt 0.286163 1.072366
vt 0.348020 1.065567
vt 0.286163 1.065567
vt 0.269276 1.072366
vt 0.269276 1.065567
vt 0.253884 1.072366
vt 0.253884 1.065567
vt 0.239995 1.072366
vt 0.239995 1.065567
vt 0.227620 1.072366
vt 0.227620 1.065567
vt 0.216768 1.072366
vt 0.216768 1.065567
vt 0.207448 1.072366
vt 0.207448 1.065567
vt 0.868002 1.072366
vt 0.883336 1.072366
vt 0.868002 1.065567
vt 0.883336 1.065567
vt 0.851593 1.072366
vt 0.851593 1.065567
vt 0.834450 1.072366
vt 0.834450 1.065567
vt 0.816916 1.072366
vt 0.816916 1.065567
vt 0.799335 1.072366
vt 0.799335 1.065567
vt 0.613185 1.072366
vt 0.613185 1.065567
vt 0.565080 1.072366
vt 0.520431 1.072366
vt 0.520431 1.065567
vt 0.477131 1.072366
vt 0.477131 1.065567
vt 0.433070 1.072366
vt 0.433070 1.065567
vt 0.386139 1.072366
vt 0.386139 1.065567
vt 0.334228 1.065567
vt 0.207034 1.072366
vt 0.275230 1.065567
vt 0.207034 1.065567
vt 0.189487 1.072366
vt 0.189487 1.065567
vt 0.171660 1.072366
vt 0.171660 1.065567
vt 0.153964 1.072366
vt 0.153964 1.065567
vt 0.136811 1.072366
vt 0.136811 1.065567
vt 0.120611 1.072366
vt 0.120611 1.065567
vt 0.782828 1.072366
vt 0.792205 1.072366
vt 0.782828 1.065567
vt 0.792205 1.065567
vt 0.771949 1.072366
vt 0.771949 1.065567
vt 0.759590 1.072366
vt 0.759590 1.065567
vt 0.745771 1.072366
vt 0.745771 1.065567
vt 0.730514 1.072366
vt 0.730514 1.065567
vt 0.713840 1.072366
vt 0.713840 1.065567
vt 0.557575 1.072366
vt 0.557575 1.065567
vt 0.519979 1.072366
vt 0.485540 1.072366
vt 0.485540 1.065567
vt 0.451804 1.072366
vt 0.451804 1.065567
vt 0.416316 1.072366
vt 0.416316 1.065567
vt 0.376625 1.072366
vt 0.376625 1.065567
vt 0.330275 1.072366
vt 0.330275 1.065567
vt 0.274814 1.072366
vt 0.274814 1.065567
vt 0.207788 1.072366
vt 0.207788 1.065567
vt 0.072905 1.101579
vt 0.715380 1.101579
vt 0.072905 1.072289
vt 0.715380 1.072289
vt 0.744093 1.101579
vt 0.744093 1.072289
vt 0.768193 1.101579
vt 0.768193 1.072289
vt 0.788078 1.101579
vt 0.788078 1.072289
vt 0.804146 1.101579
vt 0.804146 1.072289
vt 0.816796 1.101579
vt 0.816796 1.072289
vt 0.826426 1.101579
vt 0.826426 1.072289
vt 0.070274 1.101579
vt 0.090416 1.101579
vt 0.070274 1.072289
vt 0.090416 1.072289
vt 0.113757 1.101579
vt 0.113757 1.072289
vt 0.140323 1.101579
vt 0.140323 1.072289
vt 0.203237 1.101579
vt 0.203237 1.072289
vt 0.803234 1.101579
vt 0.803234 1.072289
vt 0.865674 1.101579
vt 0.865674 1.072289
vt 0.891647 1.101579
vt 0.891647 1.072289
vt 0.914239 1.101579
vt 0.914239 1.072289
vt 0.933535 1.101579
vt 0.933535 1.072289
vt 0.173333 1.101579
vt 0.182918 1.101579
vt 0.173333 1.072289
vt 0.182918 1.072289
vt 0.195545 1.101579
vt 0.195545 1.072289
vt 0.211622 1.101579
vt 0.211622 1.072289
vt 0.231557 1.101579
vt 0.231557 1.072289
vt 0.255756 1.101579
vt 0.255756 1.072289
vt 0.284628 1.101579
vt 0.284628 1.072289
vt 0.931256 1.101579
vt 0.931256 1.072289
vt 0.944607 1.101579
vt 0.944607 1.072289
vt 0.955196 1.101579
vt 0.955196 1.072289
vt 0.963339 1.101579
vt 0.963339 1.072289
vt 0.969353 1.101579
vt 0.969353 1.072289
vt 0.030580 1.101579
vt 0.041231 1.101579
vt 0.030580 1.072289
vt 0.041231 1.072289
vt 0.055491 1.101579
vt 0.055491 1.072289
vt 0.073812 1.072289
vt 0.124449 1.101579
vt 0.196766 1.101579
vt 0.796763 1.101579
vt 0.921534 1.072289
vt 0.921534 1.101579
vt 0.940701 1.101579
vt 0.940701 1.072289
vt 0.955842 1.101579
vt 0.955842 1.072289
vt 0.967351 1.101579
vt 0.967351 1.072289
vt 0.032950 1.101579
vt 0.039465 1.101579
vt 0.032950 1.072289
vt 0.039465 1.072289
vt 0.048097 1.101579
vt 0.048097 1.072289
vt 0.059145 1.101579
vt 0.059144 1.072289
vt 0.932218 1.717452
vt 0.744892 1.725108
vt 0.920497 1.823524
vt 0.826680 1.898955
vt 0.705800 1.772264
vt 0.909457 1.862273
vt 0.327727 1.031653
vt 0.300141 1.043480
vt 0.500876 1.040053
vt 0.672273 1.165589
vt 0.673514 1.180695
vt 0.700399 1.176644
vt 0.178820 1.038261
vt 0.299601 1.026595
vt 0.177621 1.027360
vt 0.807439 1.031631
vt 0.776164 1.039740
vt 0.811799 1.039323
vt 0.800998 1.026375
vt 0.774540 1.027052
vt 0.751796 1.039336
vt 0.751586 1.064590
vt 0.776808 1.064590
vt 0.751779 1.032337
vt 0.935473 1.248221
vt 0.903682 1.225460
vt 0.947077 1.284466
vt 0.548602 1.031412
vt 0.548541 1.038897
vt 0.715513 1.038821
vt 0.715534 1.031835
vt 0.549018 1.025738
vt 0.362625 1.032040
vt 0.360015 1.038762
vt 0.953579 1.637375
vt 0.934951 1.450982
vt 0.278975 1.030810
vt 0.276437 1.037020
vt 0.169641 1.031954
vt 0.166217 1.038087
vt 0.136982 1.064590
vt 0.142735 1.038212
vt 0.126863 1.038344
vt 0.146070 1.032536
vt 0.927861 1.853930
vt 0.099488 1.034215
vt 0.085459 1.040895
vt 0.876923 1.900512
vt 0.830988 1.932183
vt 0.881297 1.914541
vt 0.088831 1.862277
vt 0.322630 1.783146
vt 0.292448 1.772264
vt 0.169322 1.917916
vt 0.691632 1.064590
vt 0.336200 1.064590
vt 0.782158 1.040069
vt 0.674022 1.031653
vt 0.188201 1.039323
vt 0.223191 1.064590
vt 0.223836 1.039740
vt 0.199002 1.026375
vt 0.192561 1.031631
vt 0.225460 1.027052
vt 0.248413 1.064590
vt 0.248203 1.039336
vt 0.248221 1.032337
vt 0.094567 1.225460
vt 0.062776 1.248221
vt 0.051172 1.284467
vt 0.629910 1.064590
vt 0.451458 1.038897
vt 0.286701 1.064590
vt 0.284467 1.031835
vt 0.284486 1.038821
vt 0.550274 1.038966
vt 0.451397 1.031412
vt 0.863017 1.064590
vt 0.685191 1.037826
vt 0.857264 1.038212
vt 0.873137 1.038344
vt 0.853896 1.032533
vt 0.833765 1.038086
vt 0.079333 1.818809
vt 0.070410 1.853896
vt 0.914542 1.040895
vt 0.900513 1.034215
vt 0.167261 1.932184
vt 0.121326 1.900513
vt 0.116951 1.914542
vt 0.745643 1.281001
vt 0.810820 1.246141
vt 0.871607 1.199002
vt 0.745973 1.368493
vt 0.756469 1.463036
vt 0.634220 1.321249
vt 0.728315 1.751884
vt 0.675619 1.783146
vt 0.427061 1.793608
vt 0.499124 1.931751
vt 0.325978 1.165589
vt 0.186272 1.064590
vt 0.822379 1.180668
vt 0.822923 1.171588
vt 0.177077 1.031749
vt 0.815213 1.064590
vt 0.775515 1.032332
vt 0.713298 1.064590
vt 0.456807 1.064590
vt 0.222723 1.064590
vt 0.282548 1.026852
vt 0.946134 1.721025
vt 0.933340 1.830359
vt 0.114215 1.064590
vt 0.131671 1.032665
vt 0.918457 1.868329
vt 0.066333 1.064590
vt 0.882394 1.064590
vt 0.881297 1.040895
vt 0.830988 1.041536
vt 0.822051 1.064590
vt 0.828927 1.917915
vt 0.695263 1.058727
vt 0.703289 1.064590
vt 0.499124 1.034821
vt 0.634002 1.057776
vt 0.252276 1.368493
vt 0.126643 1.199002
vt 0.043675 1.451397
vt 0.241780 1.463036
vt 0.317554 1.329917
vt 0.364029 1.321249
vt 0.044636 1.637336
vt 0.253356 1.725108
vt 0.051771 1.719845
vt 0.269934 1.751884
vt 0.815479 1.064590
vt 0.822930 1.038261
vt 0.175327 1.171588
vt 0.168617 1.183686
vt 0.824673 1.031749
vt 0.889738 1.039323
vt 0.882773 1.031631
vt 0.856459 1.038620
vt 0.184786 1.064590
vt 0.224485 1.032332
vt 0.637336 1.032041
vt 0.719845 1.030811
vt 0.830000 1.031932
vt 0.065021 1.830000
vt 0.885785 1.064590
vt 0.079795 1.868329
vt 0.868329 1.032665
vt 0.946772 1.064590
vt 0.176198 1.064590
vt 0.167261 1.041536
vt 0.146398 1.064590
vt 0.116951 1.040895
vt 0.294960 1.064590
vt 0.302985 1.058727
vt 0.364247 1.057776
vt 0.800558 1.233264
vt 0.838310 1.187296
vt 0.838310 1.200447
vt 0.728766 1.349473
vt 0.751938 1.271343
vt 0.752190 1.275311
vt 0.705902 1.337347
vt 0.705893 1.337521
vt 0.146855 1.064590
vt 0.161690 1.063423
vt 0.146752 1.063417
vt 0.112013 1.039323
vt 0.136614 1.036587
vt 0.118978 1.031631
vt 0.136614 1.063410
vt 0.161690 1.038445
vt 0.863386 1.185490
vt 0.863386 1.196354
vt 0.136614 1.031310
vt 0.128393 1.026375
vt 0.168617 1.200446
vt 0.190966 1.241673
vt 0.269483 1.349473
vt 0.298940 1.335534
vt 0.290823 1.306680
vt 0.854999 1.063417
vt 0.831383 1.063427
vt 0.891033 1.064590
vt 0.856459 1.031153
vt 0.831383 1.038352
vt 0.143541 1.182011
vt 0.143541 1.193558
vt 0.873357 1.026375
vt 0.757188 1.270966
vt 0.863386 1.200447
vt 0.705750 1.337478
vt 0.687137 1.331861
vt 0.110718 1.064590
vt 0.161690 1.031405
vt 0.838310 1.176524
vt 0.201223 1.228791
vt 0.143541 1.200446
vt 0.831383 1.031599
vt 0.168617 1.173741
vt 0.092403 1.711145
vt 0.092403 1.827580
vt 0.120265 1.827580
vt 0.882390 1.711145
vt 0.882390 1.827580
vt 0.910251 1.827580
vt 0.894319 1.347341
vt 0.889329 1.392381
vt 0.907433 1.392031
vt 0.877827 1.353082
vt 0.860620 1.314160
vt 0.848230 1.323964
vt 0.814796 1.293023
vt 0.807900 1.305445
vt 0.765308 1.284464
vt 0.764199 1.297945
vt 0.917881 1.615321
vt 0.899748 1.615399
vt 0.889330 1.824312
vt 0.907433 1.824688
vt 0.894319 1.868027
vt 0.877705 1.862079
vt 0.860620 1.900030
vt 0.847902 1.890058
vt 0.814796 1.920334
vt 0.807532 1.907860
vt 0.765308 1.928577
vt 0.764202 1.915096
vt 0.616358 1.278621
vt 0.615906 1.292126
vt 0.504636 1.936368
vt 0.194261 1.908006
vt 0.187256 1.920466
vt 0.143374 1.900300
vt 0.155873 1.890395
vt 0.111654 1.868298
vt 0.128188 1.862438
vt 0.099447 1.824681
vt 0.088999 1.612751
vt 0.107134 1.612628
vt 0.099447 1.388360
vt 0.117551 1.388710
vt 0.111654 1.344744
vt 0.128291 1.350641
vt 0.143374 1.312742
vt 0.156145 1.322677
vt 0.187256 1.292575
vt 0.194567 1.305039
vt 0.235949 1.284464
vt 0.237010 1.297947
vt 0.504636 1.276673
vt 0.504655 1.290186
vt 0.058775 1.241736
vt 0.044088 1.293290
vt 0.064365 1.293694
vt 0.077247 1.248358
vt 0.096519 1.203459
vt 0.110396 1.214768
vt 0.147842 1.179075
vt 0.155565 1.193405
vt 0.052695 1.550967
vt 0.032386 1.550878
vt 0.044088 1.792403
vt 0.077384 1.835537
vt 0.058775 1.842399
vt 0.096518 1.879318
vt 0.110762 1.867814
vt 0.147842 1.902740
vt 0.155977 1.888351
vt 0.203268 1.912249
vt 0.204506 1.896698
vt 0.495220 1.160213
vt 0.370092 1.918991
vt 0.622166 1.903408
vt 0.622593 1.918991
vt 0.796150 1.912249
vt 0.794962 1.896696
vt 0.850686 1.902893
vt 0.842840 1.888519
vt 0.899834 1.879629
vt 0.885835 1.868203
vt 0.935360 1.842712
vt 0.916842 1.835951
vt 0.949032 1.792395
vt 0.940423 1.547771
vt 0.960734 1.547912
vt 0.949032 1.289055
vt 0.916727 1.245543
vt 0.935360 1.238740
vt 0.899834 1.201823
vt 0.885530 1.213284
vt 0.850686 1.178558
vt 0.842498 1.192936
vt 0.796150 1.169201
vt 0.137562 1.977329
vt 0.175690 1.977329
vt 0.175690 1.970027
vt 0.137562 1.970027
vt 0.303640 1.977329
vt 0.387372 1.977329
vt 0.387372 1.970027
vt 0.303640 1.970027
vt 0.474163 1.977329
vt 0.611291 1.977329
vt 0.611291 1.970027
vt 0.474163 1.970027
vt 0.649359 1.977329
vt 0.677323 1.977329
vt 0.677323 1.970027
vt 0.649359 1.970027
vt 0.194567 1.977329
vt 0.237010 1.977329
vt 0.237010 1.970027
vt 0.194567 1.970027
vt 0.391379 1.977329
vt 0.504655 1.977329
vt 0.504655 1.970027
vt 0.391379 1.970027
vt 0.615906 1.977329
vt 0.764199 1.977329
vt 0.764199 1.970027
vt 0.615906 1.970027
vt 0.807900 1.977329
vt 0.848230 1.977329
vt 0.848230 1.970027
vt 0.807900 1.970027
vt 0.353082 1.977328
vt 0.392381 1.977328
vt 0.392381 1.970027
vt 0.353082 1.970027
vt 0.530096 1.977329
vt 0.615399 1.977329
vt 0.615399 1.970027
vt 0.530096 1.970027
vt 0.697175 1.977329
vt 0.824312 1.977329
vt 0.824312 1.970027
vt 0.697175 1.970027
vt 0.862079 1.977329
vt 0.890058 1.977329
vt 0.890058 1.970027
vt 0.862079 1.970027
vt 0.192468 1.977329
vt 0.235798 1.977329
vt 0.235798 1.970027
vt 0.192468 1.970027
vt 0.384152 1.977329
vt 0.495442 1.977329
vt 0.495442 1.970027
vt 0.384152 1.970027
vt 0.608708 1.977329
vt 0.762990 1.977329
vt 0.762990 1.970027
vt 0.608708 1.970027
vt 0.989270 1.114039
vt 0.991698 1.114039
vt 0.991698 1.084833
vt 0.989270 1.084833
vt 0.066305 1.114039
vt 0.070958 1.114039
vt 0.070958 1.084833
vt 0.066305 1.084833
vt 0.077703 1.114039
vt 0.077703 1.084833
vt 0.086883 1.114039
vt 0.086883 1.084833
vt 0.098838 1.114039
vt 0.098838 1.084833
vt 0.905192 1.114039
vt 0.917496 1.114039
vt 0.917496 1.084833
vt 0.905192 1.084833
vt 0.926811 1.114039
vt 0.926811 1.084833
vt 0.933537 1.114039
vt 0.933537 1.084833
vt 0.938073 1.114039
vt 0.938073 1.084833
vt 0.988477 1.114039
vt 0.988477 1.084833
vt 0.008248 1.114039
vt 0.010432 1.114039
vt 0.008248 1.084833
vt 0.010432 1.084833
vt 0.098872 1.072289
vt 0.143765 1.159863
vt 0.153315 1.159863
vt 0.114812 1.087308
vt 0.759705 1.092005
vt 0.759705 1.236575
vt 0.777815 1.238186
vt 0.777815 1.092005
vt 0.492936 1.089925
vt 0.495242 1.205296
vt 0.511046 1.205862
vt 0.511046 1.089925
vt 0.231989 1.092005
vt 0.231989 1.237210
vt 0.250099 1.235567
vt 0.250099 1.092005
vt 0.856234 1.159863
vt 0.901128 1.072289
vt 0.846685 1.159863
vt 0.885187 1.087308
vt 0.029370 1.221776
vt 0.040663 1.232439
vt 0.048310 1.232285
vt 0.040291 1.072303
vt 0.023819 1.109269
vt 0.016016 1.101692
vt 0.014543 1.072186
vt 0.029370 1.221776
vt 0.040663 1.232440
vt 0.048310 1.232285
vt 0.040291 1.072304
vt 0.023819 1.109269
vt 0.016016 1.101692
vt 0.014543 1.072186
vt 0.959052 1.232440
vt 0.970345 1.221776
vt 0.951405 1.232285
vt 0.959423 1.072304
vt 0.975896 1.109269
vt 0.983698 1.101692
vt 0.985172 1.072186
vt 0.959052 1.232440
vt 0.970345 1.221776
vt 0.951405 1.232285
vt 0.959423 1.072304
vt 0.975896 1.109269
vt 0.983699 1.101692
vt 0.985172 1.072186
vt 0.190294 1.051549
vt 0.190294 1.045571
vt 0.165218 1.045571
vt 0.165218 1.051549
vt 0.190294 1.040588
vt 0.165218 1.040588
vt 0.809706 1.025098
vt 0.809706 1.033713
vt 0.834782 1.033713
vt 0.834782 1.025098
vt 0.809706 1.043450
vt 0.834782 1.043450
vt 0.809706 1.054038
vt 0.834782 1.054038
vt 0.809706 1.064625
vt 0.834782 1.064625
vt 0.809706 1.074362
vt 0.834782 1.074362
vt 0.809706 1.082977
vt 0.834782 1.082977
vt 0.809706 1.040588
vt 0.809706 1.045571
vt 0.834782 1.045571
vt 0.834782 1.040588
vt 0.809706 1.051549
vt 0.834782 1.051549
vt 0.809706 1.058333
vt 0.834782 1.058333
vt 0.809706 1.065730
vt 0.834782 1.065730
vt 0.190294 1.078653
vt 0.190294 1.077003
vt 0.165218 1.077003
vt 0.165218 1.078653
vt 0.190294 1.066291
vt 0.165218 1.065731
vt 0.452993 1.051549
vt 0.452993 1.045571
vt 0.427917 1.045571
vt 0.427917 1.051549
vt 0.452993 1.040588
vt 0.427917 1.040588
vt 0.547007 1.025098
vt 0.547007 1.033713
vt 0.572083 1.033713
vt 0.572083 1.025098
vt 0.547007 1.043450
vt 0.572083 1.043450
vt 0.547007 1.054038
vt 0.572083 1.054038
vt 0.547007 1.064625
vt 0.572083 1.064625
vt 0.547007 1.074362
vt 0.572083 1.074362
vt 0.547007 1.082977
vt 0.572083 1.082977
vt 0.547007 1.040588
vt 0.547007 1.045571
vt 0.572083 1.045571
vt 0.572083 1.040588
vt 0.547007 1.051549
vt 0.572083 1.051549
vt 0.547007 1.058333
vt 0.572083 1.058333
vt 0.547007 1.065730
vt 0.572083 1.065730
vt 0.452993 1.078653
vt 0.452993 1.077003
vt 0.427917 1.077003
vt 0.427917 1.078653
vt 0.452993 1.066291
vt 0.427917 1.065731
vt 0.565857 1.051549
vt 0.565857 1.045571
vt 0.540781 1.045571
vt 0.540781 1.051549
vt 0.565857 1.040588
vt 0.540781 1.040588
vt 0.434143 1.025098
vt 0.434143 1.033713
vt 0.459219 1.033713
vt 0.459219 1.025098
vt 0.434143 1.043450
vt 0.459219 1.043450
vt 0.434143 1.054037
vt 0.459219 1.054037
vt 0.434143 1.064625
vt 0.459219 1.064625
vt 0.434143 1.074362
vt 0.459219 1.074362
vt 0.434143 1.082977
vt 0.459219 1.082977
vt 0.434143 1.040588
vt 0.434143 1.045571
vt 0.459219 1.045571
vt 0.459219 1.040588
vt 0.434143 1.051549
vt 0.459219 1.051549
vt 0.434143 1.058333
vt 0.459219 1.058333
vt 0.434143 1.065730
vt 0.459219 1.065730
vt 0.565857 1.078653
vt 0.565857 1.077003
vt 0.540781 1.077003
vt 0.540781 1.078653
vt 0.565857 1.066291
vt 0.540781 1.065731
vt 0.828741 1.051549
vt 0.828741 1.045571
vt 0.803666 1.045571
vt 0.803666 1.051549
vt 0.828741 1.040588
vt 0.803666 1.040588
vt 0.171259 1.025098
vt 0.171259 1.033713
vt 0.196334 1.033713
vt 0.196334 1.025098
vt 0.171259 1.043450
vt 0.196334 1.043450
vt 0.171259 1.054037
vt 0.196334 1.054037
vt 0.171259 1.064625
vt 0.196334 1.064625
vt 0.171259 1.074362
vt 0.196334 1.074362
vt 0.171259 1.082977
vt 0.196334 1.082977
vt 0.171259 1.040588
vt 0.171259 1.045571
vt 0.196334 1.045571
vt 0.196334 1.040588
vt 0.171259 1.051549
vt 0.196334 1.051549
vt 0.171259 1.058333
vt 0.196334 1.058333
vt 0.171259 1.065730
vt 0.196334 1.065730
vt 0.828741 1.078653
vt 0.828741 1.077003
vt 0.803666 1.077003
vt 0.803666 1.078653
vt 0.828741 1.066291
vt 0.803666 1.065731
vt 0.207037 1.898311
vt 0.189268 1.896709
vt 0.000499 1.937493
vt 0.171302 1.893430
vt 0.153540 1.888498
vt 0.136377 1.881934
vt 0.120213 1.873761
vt 0.105444 1.864003
vt 0.092468 1.852681
vt 0.001427 1.951666
vt 0.004480 1.963045
vt 0.010063 1.971936
vt 0.018579 1.978647
vt 0.030432 1.983484
vt 0.046028 1.986754
vt 0.065770 1.988765
vt 0.812281 1.990349
vt 0.275207 1.901193
vt 0.334180 1.903498
vt 0.386067 1.905227
vt 0.432979 1.906379
vt 0.520319 1.906956
vt 0.613083 1.905227
vt 0.799334 1.898309
vt 0.816732 1.896798
vt 0.834152 1.893700
vt 0.851240 1.889025
vt 0.867642 1.882787
vt 0.883005 1.874998
vt 0.957794 1.988131
vt 0.972482 1.985345
vt 0.983452 1.981019
vt 0.991173 1.974825
vt 0.996111 1.966437
vt 0.998731 1.955531
vt 0.999501 1.941779
vt 0.896974 1.865668
vt 0.909197 1.854810
vt 0.081683 1.839818
vt 0.919319 1.842436
vt 0.073488 1.825438
vt 0.926987 1.828558
vt 0.068279 1.809561
vt 0.000499 1.275744
vt 0.066454 1.792212
vt 0.062582 1.725186
vt 0.059486 1.669725
vt 0.057164 1.623375
vt 0.055617 1.583684
vt 0.054844 1.548196
vt 0.054845 1.514460
vt 0.057169 1.442425
vt 0.066453 1.286160
vt 0.068300 1.269486
vt 0.002055 1.246170
vt 0.073567 1.254229
vt 0.006741 1.221347
vt 0.081842 1.240410
vt 0.014584 1.200865
vt 0.092716 1.228051
vt 0.025612 1.184315
vt 0.105775 1.217172
vt 0.039852 1.171285
vt 0.057332 1.161366
vt 0.078079 1.154148
vt 0.120611 1.207795
vt 0.102120 1.149219
vt 0.136811 1.199940
vt 0.129483 1.146170
vt 0.153964 1.193628
vt 0.171660 1.188881
vt 0.194284 1.144071
vt 0.189487 1.185719
vt 0.207034 1.184164
vt 0.812281 1.144071
vt 0.275230 1.181282
vt 0.334228 1.178977
vt 0.386139 1.177248
vt 0.433070 1.176096
vt 0.477131 1.175521
vt 0.520431 1.175521
vt 0.613185 1.177251
vt 0.799335 1.184166
vt 0.816916 1.185682
vt 0.834450 1.188777
vt 0.903347 1.149095
vt 0.851593 1.193443
vt 0.868002 1.199670
vt 0.883336 1.207448
vt 0.926616 1.153960
vt 0.946491 1.161118
vt 0.897250 1.216768
vt 0.963062 1.170990
vt 0.976419 1.183997
vt 0.909403 1.227620
vt 0.986652 1.200556
vt 0.993850 1.221089
vt 0.919452 1.239995
vt 0.998103 1.246014
vt 0.927054 1.253884
vt 0.931867 1.269276
vt 0.933547 1.286163
vt 0.937418 1.348020
vt 0.940513 1.399681
vt 0.942835 1.443514
vt 0.944381 1.481885
vt 0.945154 1.517160
vt 0.945153 1.551706
vt 0.944378 1.587890
vt 0.942829 1.628078
vt 0.933546 1.796337
vt 0.931847 1.813188
vt 0.999501 1.937493
vt 0.999501 1.275744
vt 0.984904 1.927095
vt 0.984903 1.284620
vt 0.997945 1.246170
vt 0.983393 1.255907
vt 0.993259 1.221347
vt 0.978844 1.231807
vt 0.985416 1.200865
vt 0.971229 1.211922
vt 0.974388 1.184315
vt 0.960522 1.195854
vt 0.960148 1.171285
vt 0.946697 1.183204
vt 0.942668 1.161366
vt 0.929726 1.173574
vt 0.921921 1.154148
vt 0.909584 1.166565
vt 0.897880 1.149219
vt 0.886243 1.161780
vt 0.870517 1.146170
vt 0.859677 1.158820
vt 0.805716 1.144071
vt 0.796763 1.156782
vt 0.187719 1.144071
vt 0.196766 1.156782
vt 0.096653 1.149095
vt 0.134326 1.158758
vt 0.108353 1.161660
vt 0.073384 1.153960
vt 0.085761 1.166383
vt 0.053509 1.161118
vt 0.066465 1.173333
vt 0.036938 1.170990
vt 0.050377 1.182918
vt 0.023581 1.183997
vt 0.037408 1.195545
vt 0.013348 1.200556
vt 0.027474 1.211622
vt 0.006150 1.221089
vt 0.020485 1.231557
vt 0.001897 1.246014
vt 0.016356 1.255756
vt 0.000499 1.275752
vt 0.014999 1.284628
vt 0.000499 1.941779
vt 0.014999 1.931256
vt 0.001269 1.955531
vt 0.015747 1.944607
vt 0.003889 1.966437
vt 0.018291 1.955196
vt 0.008827 1.974825
vt 0.023084 1.963339
vt 0.016548 1.981019
vt 0.030580 1.969353
vt 0.027518 1.985345
vt 0.041231 1.973553
vt 0.042206 1.988131
vt 0.055491 1.976258
vt 0.187719 1.990349
vt 0.124449 1.978557
vt 0.196766 1.978411
vt 0.805716 1.990349
vt 0.796763 1.978411
vt 0.953972 1.986754
vt 0.921534 1.976874
vt 0.940701 1.974922
vt 0.969568 1.983484
vt 0.955842 1.971747
vt 0.981421 1.978647
vt 0.967351 1.967050
vt 0.989937 1.971936
vt 0.975619 1.960535
vt 0.995520 1.963045
vt 0.981039 1.951903
vt 0.998573 1.951666
vt 0.984003 1.940855
vt 0.984904 1.927095
vt 0.984903 1.284620
vt 0.944728 1.860280
vt 0.944728 1.288022
vt 0.983393 1.255907
vt 0.978844 1.231807
vt 0.971229 1.211922
vt 0.960522 1.195854
vt 0.946697 1.183204
vt 0.929726 1.173574
vt 0.909584 1.166565
vt 0.886243 1.161780
vt 0.772122 1.174155
vt 0.859677 1.158820
vt 0.796763 1.156782
vt 0.196766 1.156782
vt 0.221666 1.174155
vt 0.134326 1.158758
vt 0.108353 1.161660
vt 0.066465 1.173333
vt 0.050377 1.182918
vt 0.085761 1.166383
vt 0.037408 1.195545
vt 0.027474 1.211622
vt 0.059940 1.240757
vt 0.020485 1.231557
vt 0.016356 1.255756
vt 0.014999 1.284628
vt 0.054907 1.288028
vt 0.014999 1.931256
vt 0.054908 1.863987
vt 0.015747 1.944607
vt 0.018291 1.955196
vt 0.023084 1.963339
vt 0.030580 1.969353
vt 0.041231 1.973553
vt 0.055491 1.976258
vt 0.073812 1.977782
vt 0.613933 1.905227
vt 0.221666 1.905988
vt 0.921534 1.976874
vt 0.955842 1.971747
vt 0.967351 1.967050
vt 0.940701 1.974922
vt 0.975619 1.960535
vt 0.981039 1.951903
vt 0.984003 1.940856
vt 0.792966 1.184164
vt 0.613861 1.177248
vt 0.566930 1.176096
vt 0.522869 1.175521
vt 0.479569 1.175521
vt 0.386815 1.177251
vt 0.200665 1.184166
vt 0.434920 1.176098
vt 0.810513 1.185719
vt 0.828340 1.188881
vt 0.846036 1.193628
vt 0.863189 1.199940
vt 0.879389 1.207795
vt 0.894225 1.217172
vt 0.907284 1.228051
vt 0.918158 1.240410
vt 0.926433 1.254229
vt 0.931700 1.269486
vt 0.933547 1.286160
vt 0.942831 1.442425
vt 0.944380 1.480021
vt 0.933546 1.792212
vt 0.937418 1.725186
vt 0.940514 1.669725
vt 0.942836 1.623375
vt 0.944383 1.583684
vt 0.945156 1.548196
vt 0.183084 1.185682
vt 0.165550 1.188777
vt 0.148407 1.193443
vt 0.131998 1.199670
vt 0.116664 1.207448
vt 0.102750 1.216768
vt 0.090597 1.227620
vt 0.080548 1.239995
vt 0.072946 1.253884
vt 0.068133 1.269276
vt 0.066453 1.286163
vt 0.057165 1.443514
vt 0.055619 1.481885
vt 0.054846 1.517160
vt 0.062587 1.729935
vt 0.066454 1.796337
vt 0.059492 1.674638
vt 0.057171 1.628078
vt 0.055622 1.587890
vt 0.054847 1.551706
vt 0.068153 1.813188
vt 0.073013 1.828558
vt 0.080681 1.842436
vt 0.090803 1.854810
vt 0.103026 1.865668
vt 0.116995 1.874998
vt 0.132358 1.882787
vt 0.148760 1.889025
vt 0.165848 1.893700
vt 0.183268 1.896798
vt 0.200666 1.898309
vt 0.333224 1.903498
vt 0.386917 1.905227
vt 0.435032 1.906380
vt 0.479681 1.906956
vt 0.931721 1.809562
vt 0.926512 1.825438
vt 0.918317 1.839818
vt 0.907532 1.852681
vt 0.894556 1.864003
vt 0.879788 1.873761
vt 0.863623 1.881934
vt 0.846460 1.888498
vt 0.828698 1.893430
vt 0.810732 1.896709
vt 0.792963 1.898311
vt 0.019349 1.064590
vt 0.026864 1.058696
vt 0.017220 1.058877
vt 0.572138 1.064590
vt 0.685481 1.064590
vt 0.679234 1.058877
vt 0.973136 1.058696
vt 0.980651 1.064590
vt 0.982780 1.058877
vt 0.312767 1.993998
vt 0.331622 1.998677
vt 0.319014 1.982780
vt 0.634002 1.960965
vt 0.679234 1.982780
vt 0.688106 1.973136
vt 0.695263 1.961663
vt 0.006002 1.064590
vt 0.035935 1.064590
vt 0.038337 1.058727
vt 0.573039 1.058681
vt 0.573039 1.988950
vt 0.364247 1.960965
vt 0.310143 1.973136
vt 0.302985 1.961663
vt 0.993998 1.064590
vt 0.961663 1.058727
vt 0.964065 1.064590
vt 0.331622 1.064590
vt 0.092403 1.008375
vt 0.092403 1.012772
vt 0.120265 1.012772
vt 0.120265 1.008375
vt 0.092403 1.027653
vt 0.120265 1.026601
vt 0.907597 1.009796
vt 0.879735 1.009796
vt 0.907597 1.025077
vt 0.879735 1.023866
vt 0.882390 1.008375
vt 0.882390 1.012772
vt 0.910251 1.012772
vt 0.910251 1.008375
vt 0.882390 1.026816
vt 0.910251 1.027914
vt 0.117610 1.009796
vt 0.089749 1.009796
vt 0.117610 1.024039
vt 0.089749 1.025237
vt 0.190294 1.058333
vt 0.190294 1.051549
vt 0.165218 1.051549
vt 0.165218 1.058333
vt 0.452993 1.058333
vt 0.452993 1.051549
vt 0.427917 1.051549
vt 0.427917 1.058333
vt 0.565857 1.058333
vt 0.565857 1.051549
vt 0.540781 1.051549
vt 0.540781 1.058333
vt 0.828741 1.058333
vt 0.828741 1.051549
vt 0.803666 1.051549
vt 0.803666 1.058333
vt 0.092403 1.711145
vt 0.120265 1.827580
vt 0.120265 1.711145
vt 0.882390 1.711145
vt 0.910251 1.827580
vt 0.910251 1.711145
vt 0.109605 1.977329
vt 0.137562 1.977329
vt 0.137562 1.970027
vt 0.109605 1.970027
vt 0.175690 1.977329
vt 0.303640 1.977329
vt 0.303640 1.970027
vt 0.175690 1.970027
vt 0.387372 1.977329
vt 0.474163 1.977329
vt 0.474163 1.970027
vt 0.387372 1.970027
vt 0.611291 1.977329
vt 0.649359 1.977329
vt 0.649359 1.970027
vt 0.611291 1.970027
vt 0.156145 1.977329
vt 0.194567 1.977329
vt 0.194567 1.970027
vt 0.156145 1.970027
vt 0.237010 1.977329
vt 0.391379 1.977329
vt 0.391379 1.970027
vt 0.237010 1.970027
vt 0.504655 1.977329
vt 0.615906 1.977329
vt 0.615906 1.970027
vt 0.504655 1.970027
vt 0.764199 1.977329
vt 0.807900 1.977329
vt 0.807900 1.970027
vt 0.764199 1.970027
vt 0.323964 1.977329
vt 0.353082 1.977328
vt 0.353082 1.970027
vt 0.323964 1.970027
vt 0.392381 1.977328
vt 0.530096 1.977329
vt 0.530096 1.970027
vt 0.392381 1.970027
vt 0.615399 1.977329
vt 0.697175 1.977329
vt 0.697175 1.970027
vt 0.615399 1.970027
vt 0.824312 1.977329
vt 0.862079 1.977329
vt 0.862079 1.970027
vt 0.824312 1.970027
vt 0.152098 1.977329
vt 0.192468 1.977329
vt 0.192468 1.970027
vt 0.152098 1.970027
vt 0.235798 1.977329
vt 0.384152 1.977329
vt 0.384152 1.970027
vt 0.235798 1.970027
vt 0.495442 1.977329
vt 0.608708 1.977329
vt 0.608708 1.970027
vt 0.495442 1.970027
vt 0.762990 1.977329
vt 0.805739 1.977329
vt 0.805739 1.970027
vt 0.762990 1.970027
vt 0.936595 1.989270
vt 0.937061 1.988477
vt 0.933695 1.991698
vt 0.880691 1.990235
vt 0.929042 1.993915
vt 0.922297 1.995820
vt 0.913117 1.997312
vt 0.901162 1.998290
vt 0.094808 1.998290
vt 0.084596 1.990382
vt 0.082504 1.997366
vt 0.073189 1.995895
vt 0.066463 1.993987
vt 0.061927 1.991752
vt 0.059481 1.989568
vt 0.062939 1.988477
vt 0.063405 1.989270
vt 0.066305 1.991698
vt 0.119309 1.990235
vt 0.070958 1.993915
vt 0.077703 1.995820
vt 0.086883 1.997312
vt 0.098838 1.998290
vt 0.905192 1.998290
vt 0.940519 1.989568
vt 0.917496 1.997366
vt 0.915404 1.990382
vt 0.926811 1.995895
vt 0.933537 1.993987
vt 0.938073 1.991752
vt 0.114812 1.087308
vt 0.153315 1.159863
vt 0.154113 1.072336
vt 0.857006 1.072341
vt 0.856235 1.159863
vt 0.901128 1.072289
vt 0.114812 1.072289
vt 0.846685 1.159863
vt 0.885187 1.087308
vt 0.845887 1.072336
vt 0.143766 1.159863
vt 0.142994 1.072341
vt 0.098872 1.072289
vt 0.885187 1.072289
vt 0.951690 1.232285
vt 0.959337 1.232439
vt 0.970630 1.221776
vt 0.976181 1.109269
vt 0.959709 1.072303
vt 0.983984 1.101692
vt 0.985457 1.072186
vt 0.951690 1.232285
vt 0.959337 1.232440
vt 0.970630 1.221776
vt 0.976181 1.109269
vt 0.959709 1.072304
vt 0.983984 1.101692
vt 0.985457 1.072186
vt 0.040948 1.232440
vt 0.048595 1.232285
vt 0.029655 1.221776
vt 0.024104 1.109269
vt 0.040577 1.072304
vt 0.016302 1.101692
vt 0.014828 1.072186
vt 0.040948 1.232440
vt 0.048595 1.232285
vt 0.029655 1.221776
vt 0.024104 1.109269
vt 0.040576 1.072304
vt 0.016301 1.101692
vt 0.014828 1.072186
vt 0.190294 1.025754
vt 0.190294 1.012123
vt 0.165218 1.012123
vt 0.165218 1.025754
vt 0.190294 1.081897
vt 0.190294 1.080321
vt 0.165218 1.080321
vt 0.165218 1.081897
vt 0.190294 1.078653
vt 0.165218 1.078653
vt 0.452993 1.017288
vt 0.427917 1.012123
vt 0.427917 1.025754
vt 0.452993 1.084779
vt 0.452993 1.083382
vt 0.427917 1.081897
vt 0.452993 1.081897
vt 0.452993 1.080321
vt 0.427917 1.080321
vt 0.452993 1.078653
vt 0.427917 1.078653
vt 0.565857 1.025754
vt 0.565857 1.012123
vt 0.540781 1.017288
vt 0.565857 1.081897
vt 0.540781 1.083382
vt 0.540781 1.084779
vt 0.540781 1.081897
vt 0.565857 1.080321
vt 0.540781 1.080321
vt 0.565857 1.078653
vt 0.540781 1.078653
vt 0.828741 1.025754
vt 0.828741 1.012123
vt 0.803666 1.012123
vt 0.803666 1.025754
vt 0.828741 1.081897
vt 0.828741 1.080321
vt 0.803666 1.080321
vt 0.803666 1.081897
vt 0.828741 1.078653
vt 0.803666 1.078653
vt 0.190294 1.176596
vt 0.165218 1.181015
vt 0.452993 1.165453
vt 0.427917 1.165906
vt 0.565857 1.165630
vt 0.540781 1.165169
vt 0.828741 1.180023
vt 0.803666 1.175436
vt 0.809706 1.100779
vt 0.809706 1.144071
vt 0.834782 1.100779
vt 0.834782 1.144402
vt 0.547007 1.100778
vt 0.547007 1.144071
vt 0.572083 1.100779
vt 0.572083 1.144071
vt 0.434143 1.100778
vt 0.434143 1.144071
vt 0.459219 1.100778
vt 0.459219 1.144071
vt 0.171259 1.100778
vt 0.171259 1.144422
vt 0.196334 1.100778
vt 0.196334 1.144071
vt 0.520431 1.175521
vt 0.227878 1.174155
vt 0.565080 1.176098
vt 0.054844 1.548196
vt 0.055272 1.860280
vt 0.054845 1.514460
vt 0.055620 1.480021
vt 0.448294 1.072366
vt 0.482840 1.072366
vt 0.711972 1.072289
vt 0.136013 1.072289
vt 0.520319 1.906956
vt 0.778334 1.905988
vt 0.477026 1.906956
vt 0.432979 1.906379
vt 0.386067 1.905227
vt 0.545045 1.005256
vt 0.536964 1.015625
vt 0.631507 1.014621
vt 0.256712 1.013928
vt 0.248116 1.018241
vt 0.274892 1.017834
vt 0.725667 1.743288
vt 0.714061 1.718537
vt 0.704087 1.752818
vt 0.675619 1.783146
vt 0.642172 1.770792
vt 0.463036 1.015625
vt 0.454950 1.005256
vt 0.368493 1.014621
vt 0.284188 1.718537
vt 0.279049 1.640297
vt 0.266608 1.641391
vt 0.751884 1.018241
vt 0.743287 1.013928
vt 0.725108 1.017834
vt 0.294161 1.752818
vt 0.322630 1.783146
vt 0.356075 1.770789
vt 0.631106 1.007384
vt 0.642402 1.007262
vt 0.728766 1.349473
vt 0.705893 1.337521
vt 0.702742 1.348370
vt 0.650527 1.013749
vt 0.716009 1.357598
vt 0.730247 1.454955
vt 0.725616 1.368894
vt 0.693410 1.376648
vt 0.697023 1.357602
vt 0.638441 1.340502
vt 0.677899 1.344595
vt 0.304836 1.376641
vt 0.731641 1.641391
vt 0.358609 1.008376
vt 0.281463 1.007619
vt 0.677170 1.729653
vt 0.247182 1.010348
vt 0.227736 1.018488
vt 0.642172 1.009069
vt 0.427061 1.015951
vt 0.675619 1.017669
vt 0.705800 1.772264
vt 0.427061 1.793608
vt 0.368893 1.007384
vt 0.272633 1.368893
vt 0.295507 1.348369
vt 0.269483 1.349473
vt 0.349473 1.013749
vt 0.701060 1.013081
vt 0.730517 1.013749
vt 0.704493 1.007128
vt 0.634220 1.321249
vt 0.364029 1.321249
vt 0.359806 1.340499
vt 0.268001 1.454950
vt 0.301223 1.357599
vt 0.320348 1.344592
vt 0.641391 1.008376
vt 0.718537 1.007619
vt 0.772264 1.018488
vt 0.752818 1.010348
vt 0.272582 1.743287
vt 0.356075 1.009068
vt 0.322630 1.017669
vt 0.292448 1.772264
vt 0.700203 1.342301
vt 0.294107 1.013041
vt 0.294297 1.013015
vt 0.299797 1.009609
vt 0.687731 1.005817
vt 0.317554 1.329917
vt 0.705750 1.337478
vt 0.705703 1.337519
vt 0.681944 1.345209
vt 0.694173 1.347542
vt 0.677582 1.343738
vt 0.674239 1.343073
vt 0.312863 1.013156
vt 0.365780 1.013551
vt 0.325761 1.006191
vt 0.686857 1.347542
vt 0.320665 1.343735
vt 0.331069 1.341666
vt 0.682446 1.013195
vt 0.668931 1.006321
vt 0.640194 1.004838
vt 0.316300 1.345207
vt 0.312269 1.347121
vt 0.832539 1.012772
vt 0.827580 1.008375
vt 0.711145 1.009796
vt 0.167461 1.012772
vt 0.288855 1.009796
vt 0.172420 1.008375
vt 0.832739 1.027653
vt 0.167261 1.026601
vt 0.708072 1.025077
vt 0.291928 1.023866
vt 0.832540 1.012772
vt 0.827580 1.008375
vt 0.711145 1.009796
vt 0.167460 1.012772
vt 0.288855 1.009796
vt 0.172420 1.008375
vt 0.832739 1.026816
vt 0.167261 1.027914
vt 0.708072 1.024039
vt 0.291928 1.025237
vt 0.937061 1.114039
vt 0.937061 1.084833
vt 0.880691 1.114039
vt 0.880691 1.084833
vt 0.084596 1.114039
vt 0.084596 1.084833
vt 0.059481 1.084833
vt 0.059481 1.114039
vt 0.978411 1.092005
vt 0.913666 1.072289
vt 0.916393 1.236575
vt 0.978411 1.072289
vt 0.021589 1.072289
vt 0.021589 1.092005
vt 0.084298 1.238186
vt 0.087037 1.072289
vt 0.978411 1.089925
vt 0.921239 1.072289
vt 0.923549 1.205296
vt 0.978411 1.072289
vt 0.079040 1.072289
vt 0.021589 1.089925
vt 0.076720 1.205862
vt 0.978411 1.092005
vt 0.913411 1.072289
vt 0.916120 1.237210
vt 0.978411 1.072289
vt 0.083175 1.235567
vt 0.085857 1.072289
vt 0.021589 1.072289
vt 0.099370 1.058333
vt 0.025754 1.088459
vt 0.100779 1.065730
vt 0.025098 1.040588
vt 0.033713 1.036793
vt 0.017877 1.045571
vt 0.012322 1.051549
vt 0.008705 1.058333
vt 0.007132 1.066291
vt 0.012123 1.081897
vt 0.007881 1.077003
vt 0.010102 1.080321
vt 0.008642 1.078653
vt 0.900629 1.058333
vt 0.899221 1.065730
vt 0.974246 1.088459
vt 0.974902 1.040588
vt 0.966287 1.036793
vt 0.982123 1.045571
vt 0.987678 1.051549
vt 0.991295 1.058333
vt 0.992703 1.065731
vt 0.987877 1.081897
vt 0.992119 1.077003
vt 0.989898 1.080321
vt 0.991358 1.078653
vt 0.099370 1.058333
vt 0.017288 1.084779
vt 0.100778 1.065730
vt 0.095753 1.051549
vt 0.090198 1.045571
vt 0.082977 1.040588
vt 0.074362 1.036793
vt 0.064625 1.034376
vt 0.054038 1.033527
vt 0.043450 1.034376
vt 0.033713 1.036793
vt 0.025098 1.040588
vt 0.017877 1.045571
vt 0.012322 1.051549
vt 0.008704 1.058333
vt 0.007132 1.066291
vt 0.007881 1.077003
vt 0.014565 1.083382
vt 0.012123 1.081897
vt 0.010102 1.080321
vt 0.008642 1.078653
vt 0.900630 1.058333
vt 0.899221 1.065730
vt 0.974246 1.088459
vt 0.974902 1.040588
vt 0.966287 1.036793
vt 0.982123 1.045571
vt 0.987678 1.051549
vt 0.991296 1.058333
vt 0.992703 1.065731
vt 0.987877 1.081897
vt 0.992119 1.077003
vt 0.989898 1.080321
vt 0.991358 1.078653
vt 0.099370 1.058333
vt 0.025754 1.088459
vt 0.100778 1.065730
vt 0.025098 1.040588
vt 0.033713 1.036793
vt 0.017877 1.045571
vt 0.012322 1.051549
vt 0.008704 1.058333
vt 0.007132 1.066291
vt 0.012123 1.081897
vt 0.007881 1.077003
vt 0.010102 1.080321
vt 0.008642 1.078653
vt 0.900630 1.058333
vt 0.899222 1.065730
vt 0.982712 1.084779
vt 0.904247 1.051549
vt 0.909802 1.045571
vt 0.917023 1.040588
vt 0.925638 1.036793
vt 0.935375 1.034376
vt 0.945963 1.033527
vt 0.956550 1.034376
vt 0.966287 1.036793
vt 0.974902 1.040588
vt 0.982123 1.045571
vt 0.987678 1.051549
vt 0.991296 1.058333
vt 0.992703 1.065731
vt 0.992119 1.077003
vt 0.985435 1.083382
vt 0.987877 1.081897
vt 0.989898 1.080321
vt 0.991358 1.078653
vt 0.099370 1.058333
vt 0.025754 1.088459
vt 0.100778 1.065730
vt 0.025098 1.040588
vt 0.033713 1.036793
vt 0.017877 1.045571
vt 0.012322 1.051549
vt 0.008704 1.058333
vt 0.007132 1.066291
vt 0.012123 1.081897
vt 0.007881 1.077003
vt 0.010102 1.080321
vt 0.008642 1.078653
vt 0.900630 1.058333
vt 0.899222 1.065730
vt 0.974246 1.088459
vt 0.974902 1.040588
vt 0.966287 1.036793
vt 0.982123 1.045571
vt 0.987678 1.051549
vt 0.991296 1.058333
vt 0.992704 1.065731
vt 0.987877 1.081897
vt 0.992119 1.077003
vt 0.989898 1.080321
vt 0.991358 1.078653
vt 0.144071 1.065731
vt 0.855598 1.065731
vt 0.855598 1.101578
vt 0.144071 1.065731
vt 0.855929 1.065731
vt 0.855929 1.101578
vt 0.144071 1.065731
vt 0.855929 1.065731
vt 0.855929 1.101578
vt 0.144422 1.065731
vt 0.855929 1.065731
vt 0.855929 1.101578
vt 0.176596 1.148652
vt 0.144071 1.101578
vt 0.156877 1.101578
vt 0.171532 1.072288
vt 0.156877 1.072288
vt 0.818985 1.150415
vt 0.842754 1.101578
vt 0.842222 1.072288
vt 0.824166 1.072288
vt 0.165453 1.144205
vt 0.144071 1.101578
vt 0.156782 1.101578
vt 0.156782 1.072288
vt 0.161131 1.072288
vt 0.834094 1.144386
vt 0.843218 1.101578
vt 0.156782 1.101578
vt 0.161314 1.072288
vt 0.156782 1.072288
vt 0.165630 1.144276
vt 0.144071 1.101578
vt 0.834831 1.144092
vt 0.843218 1.101578
vt 0.180023 1.150019
vt 0.144422 1.101578
vt 0.157270 1.101578
vt 0.174908 1.072288
vt 0.157270 1.072288
vt 0.824564 1.148189
vt 0.843113 1.101578
vt 0.095753 1.051549
vt 0.065779 1.067997
vt 0.090198 1.045571
vt 0.059378 1.072496
vt 0.068123 1.061851
vt 0.082977 1.040588
vt 0.050633 1.074143
vt 0.065779 1.055704
vt 0.074362 1.036793
vt 0.064625 1.034376
vt 0.041888 1.072496
vt 0.059378 1.051205
vt 0.054038 1.033527
vt 0.050633 1.049558
vt 0.043450 1.034376
vt 0.041888 1.051205
vt 0.035486 1.067997
vt 0.033143 1.061851
vt 0.035486 1.055704
vt 0.904247 1.051549
vt 0.934223 1.067996
vt 0.909802 1.045571
vt 0.940624 1.072495
vt 0.949369 1.074142
vt 0.931879 1.061850
vt 0.917023 1.040588
vt 0.958114 1.072495
vt 0.934223 1.055704
vt 0.925638 1.036793
vt 0.935375 1.034376
vt 0.940624 1.051205
vt 0.945962 1.033527
vt 0.949369 1.049558
vt 0.956550 1.034376
vt 0.964515 1.067996
vt 0.958114 1.051205
vt 0.966858 1.061850
vt 0.964515 1.055704
vt 0.904247 1.051549
vt 0.934202 1.068003
vt 0.909802 1.045571
vt 0.940606 1.072503
vt 0.949353 1.074151
vt 0.931859 1.061855
vt 0.917023 1.040588
vt 0.958101 1.072503
vt 0.934202 1.055707
vt 0.925638 1.036793
vt 0.935375 1.034376
vt 0.964504 1.068003
vt 0.940606 1.051207
vt 0.945962 1.033527
vt 0.949353 1.049559
vt 0.956550 1.034376
vt 0.958101 1.051207
vt 0.966848 1.061855
vt 0.964504 1.055707
vt 0.095753 1.051549
vt 0.065797 1.068003
vt 0.090198 1.045571
vt 0.059394 1.072503
vt 0.068141 1.061855
vt 0.082977 1.040588
vt 0.050646 1.074150
vt 0.065797 1.055707
vt 0.074362 1.036793
vt 0.064625 1.034376
vt 0.041899 1.072503
vt 0.059394 1.051207
vt 0.054037 1.033527
vt 0.050646 1.049560
vt 0.043450 1.034376
vt 0.041899 1.051207
vt 0.035496 1.068003
vt 0.033152 1.061855
vt 0.035496 1.055707
vt 0.095753 1.051549
vt 0.068120 1.061850
vt 0.090198 1.045571
vt 0.065777 1.067996
vt 0.059376 1.072495
vt 0.082977 1.040588
vt 0.050631 1.074142
vt 0.065777 1.055704
vt 0.074362 1.036793
vt 0.064625 1.034376
vt 0.041886 1.072495
vt 0.059376 1.051205
vt 0.054037 1.033527
vt 0.050631 1.049558
vt 0.043450 1.034376
vt 0.041886 1.051205
vt 0.035485 1.067996
vt 0.033141 1.061850
vt 0.035485 1.055704
vt 0.904247 1.051549
vt 0.931878 1.061851
vt 0.909802 1.045571
vt 0.934221 1.067997
vt 0.940623 1.072496
vt 0.934221 1.055705
vt 0.917023 1.040588
vt 0.949368 1.074143
vt 0.958113 1.072496
vt 0.925638 1.036793
vt 0.940623 1.051205
vt 0.935375 1.034376
vt 0.949368 1.049558
vt 0.945963 1.033527
vt 0.958113 1.051205
vt 0.956550 1.034376
vt 0.964514 1.055704
vt 0.964514 1.067997
vt 0.966858 1.061851
vt 0.879735 1.708072
vt 0.907597 1.832739
vt 0.907597 1.708072
vt 0.879735 1.832739
vt 0.117610 1.708072
vt 0.089749 1.708072
vt 0.117610 1.832739
vt 0.089749 1.832739
vt 0.889330 1.824312
vt 0.847902 1.890058
vt 0.877705 1.862079
vt 0.807532 1.907860
vt 0.764202 1.915096
vt 0.897141 1.697175
vt 0.615848 1.920915
vt 0.504558 1.922853
vt 0.899748 1.615399
vt 0.391292 1.920912
vt 0.897146 1.530096
vt 0.237010 1.915094
vt 0.889329 1.392381
vt 0.194261 1.908006
vt 0.155873 1.890395
vt 0.128188 1.862438
vt 0.117551 1.824310
vt 0.109736 1.696360
vt 0.107134 1.612628
vt 0.109741 1.525837
vt 0.117552 1.388709
vt 0.877827 1.353082
vt 0.848230 1.323964
vt 0.807900 1.305445
vt 0.764199 1.297945
vt 0.615906 1.292126
vt 0.504655 1.290186
vt 0.391379 1.292126
vt 0.237010 1.297947
vt 0.128291 1.350641
vt 0.156145 1.322677
vt 0.194567 1.305039
vt 0.110670 1.824312
vt 0.122295 1.862079
vt 0.152098 1.890058
vt 0.192468 1.907860
vt 0.235798 1.915096
vt 0.102859 1.697175
vt 0.384152 1.920915
vt 0.495442 1.922853
vt 0.100252 1.615399
vt 0.608708 1.920912
vt 0.102854 1.530096
vt 0.762990 1.915094
vt 0.110671 1.392381
vt 0.805739 1.908006
vt 0.844127 1.890395
vt 0.871812 1.862438
vt 0.882449 1.824310
vt 0.890264 1.696360
vt 0.892866 1.612628
vt 0.890259 1.525837
vt 0.882448 1.388709
vt 0.122173 1.353082
vt 0.151770 1.323964
vt 0.192100 1.305445
vt 0.235801 1.297945
vt 0.384094 1.292126
vt 0.495345 1.290186
vt 0.608621 1.292126
vt 0.762990 1.297947
vt 0.871709 1.350641
vt 0.843855 1.322677
vt 0.805433 1.305039
vt 0.529128 1.232439
vt 0.529128 1.221776
vt 0.515622 1.221776
vt 0.515622 1.232439
vt 0.529128 1.109269
vt 0.515622 1.109269
vt 0.529128 1.101692
vt 0.515622 1.101692
vt 0.529128 1.072186
vt 0.515622 1.072186
vt 0.348353 1.232440
vt 0.348353 1.221776
vt 0.334847 1.221776
vt 0.334847 1.232440
vt 0.348353 1.109269
vt 0.334847 1.109269
vt 0.348353 1.101692
vt 0.334847 1.101692
vt 0.348353 1.072186
vt 0.334847 1.072186
vt 0.470872 1.221776
vt 0.470872 1.232440
vt 0.484378 1.221776
vt 0.484378 1.232440
vt 0.470872 1.109269
vt 0.484377 1.109269
vt 0.470872 1.101692
vt 0.484377 1.101692
vt 0.470872 1.072186
vt 0.484377 1.072186
vt 0.651647 1.221776
vt 0.651647 1.232440
vt 0.665152 1.221776
vt 0.665152 1.232440
vt 0.651647 1.109269
vt 0.665152 1.109269
vt 0.651647 1.101692
vt 0.665152 1.101692
vt 0.651647 1.072186
vt 0.665152 1.072186
vt 0.834782 1.150415
vt 0.834782 1.072288
vt 0.809706 1.148652
vt 0.572083 1.144386
vt 0.572083 1.072288
vt 0.547007 1.144205
vt 0.459219 1.144092
vt 0.459219 1.072288
vt 0.434143 1.144276
vt 0.171259 1.072288
vt 0.171259 1.150019
vt 0.196334 1.148189
vt 0.809706 1.072288
vt 0.547007 1.072288
vt 0.434143 1.072288
vt 0.196334 1.072288
vt 0.136614 1.038609
vt 0.136614 1.044671
vt 0.161690 1.038609
vt 0.161690 1.044671
vt 0.136614 1.033418
vt 0.161690 1.033418
vt 0.863386 1.019160
vt 0.863386 1.009412
vt 0.838310 1.019160
vt 0.838310 1.009412
vt 0.863386 1.033713
vt 0.838310 1.033713
vt 0.863386 1.193326
vt 0.838310 1.193326
vt 0.863386 1.200447
vt 0.838310 1.200447
vt 0.856459 1.044671
vt 0.856459 1.038609
vt 0.831383 1.038609
vt 0.831383 1.044671
vt 0.856459 1.033418
vt 0.831383 1.033418
vt 0.143541 1.009412
vt 0.143541 1.019160
vt 0.168617 1.019160
vt 0.168617 1.009412
vt 0.143541 1.033713
vt 0.168617 1.033713
vt 0.143541 1.193326
vt 0.168617 1.193326
vt 0.143541 1.200446
vt 0.168617 1.200446
vt 0.161690 1.169454
vt 0.161690 1.103085
vt 0.146752 1.172772
vt 0.856459 1.103084
vt 0.831383 1.103084
vt 0.854999 1.172771
vt 0.831383 1.167527
vt 0.694173 1.347542
vt 0.681944 1.345209
vt 0.677582 1.343738
vt 0.674239 1.343073
vt 0.686857 1.347542
vt 0.694173 1.006516
vt 0.694173 1.005778
vt 0.686857 1.005778
vt 0.136614 1.103085
vt 0.136614 1.176176
vt 0.320665 1.343735
vt 0.331069 1.341666
vt 0.316300 1.345207
vt 0.312269 1.347121
vt 0.161690 1.044671
vt 0.136614 1.044671
vt 0.161690 1.072083
vt 0.136614 1.072083
vt 0.856459 1.044671
vt 0.831383 1.044671
vt 0.831383 1.072083
vt 0.856459 1.072083
vt 0.048310 1.470872
vt 0.040663 1.470872
vt 0.040663 1.484378
vt 0.048310 1.484378
vt 0.985457 1.470872
vt 0.959709 1.470872
vt 0.959709 1.484378
vt 0.985457 1.484378
vt 0.048310 1.651647
vt 0.040663 1.651647
vt 0.040663 1.665153
vt 0.048310 1.665153
vt 0.985457 1.651647
vt 0.959709 1.651647
vt 0.959709 1.665153
vt 0.985457 1.665153
vt 0.959052 1.470872
vt 0.951405 1.470872
vt 0.959052 1.484378
vt 0.951405 1.484378
vt 0.040577 1.470872
vt 0.014828 1.470872
vt 0.040577 1.484378
vt 0.014828 1.484378
vt 0.959052 1.651647
vt 0.951405 1.651647
vt 0.959052 1.665153
vt 0.951405 1.665153
vt 0.040576 1.651647
vt 0.014828 1.651647
vt 0.040576 1.665152
vt 0.014828 1.665152
vt 0.834782 1.065731
vt 0.809706 1.065731
vt 0.834782 1.101578
vt 0.572083 1.065731
vt 0.547007 1.065731
vt 0.572083 1.101578
vt 0.459219 1.065731
vt 0.434143 1.065731
vt 0.459219 1.101578
vt 0.196334 1.065731
vt 0.171259 1.065731
vt 0.196334 1.101578
vt 0.809706 1.101578
vt 0.165218 1.072288
vt 0.190294 1.101578
vt 0.190294 1.072288
vt 0.165218 1.101578
vt 0.547007 1.101578
vt 0.427917 1.101578
vt 0.452993 1.101578
vt 0.452993 1.072288
vt 0.427917 1.072288
vt 0.565857 1.072288
vt 0.540781 1.072288
vt 0.565857 1.101578
vt 0.434143 1.101578
vt 0.540781 1.101578
vt 0.171259 1.101578
vt 0.828741 1.072288
vt 0.803666 1.072288
vt 0.828741 1.101578
vt 0.803666 1.101578
vt 0.863386 1.072823
vt 0.863386 1.063554
vt 0.838310 1.072823
vt 0.838310 1.063554
vt 0.863386 1.080262
vt 0.838310 1.080262
vt 0.863386 1.086813
vt 0.838310 1.086813
vt 0.863386 1.092268
vt 0.838310 1.092268
vt 0.136614 1.073582
vt 0.136614 1.083104
vt 0.161690 1.073582
vt 0.161690 1.083104
vt 0.136614 1.062839
vt 0.161690 1.062839
vt 0.136614 1.051168
vt 0.161690 1.051168
vt 0.136614 1.039322
vt 0.161690 1.039322
vt 0.136614 1.028436
vt 0.161690 1.028436
vt 0.136614 1.018820
vt 0.161690 1.018820
vt 0.136614 1.086431
vt 0.136614 1.092039
vt 0.161690 1.086431
vt 0.161690 1.092039
vt 0.136614 1.079707
vt 0.161690 1.079707
vt 0.136614 1.072083
vt 0.161690 1.072083
vt 0.143541 1.063554
vt 0.143541 1.072823
vt 0.168617 1.072823
vt 0.168617 1.063554
vt 0.143541 1.080262
vt 0.168617 1.080262
vt 0.143541 1.086813
vt 0.168617 1.086813
vt 0.143541 1.092268
vt 0.168617 1.092268
vt 0.856459 1.083104
vt 0.856459 1.073582
vt 0.831383 1.073582
vt 0.831383 1.083104
vt 0.856459 1.062838
vt 0.831383 1.062838
vt 0.856459 1.051168
vt 0.831383 1.051168
vt 0.856459 1.039321
vt 0.831383 1.039321
vt 0.856459 1.028436
vt 0.831383 1.028436
vt 0.856459 1.018820
vt 0.831383 1.018820
vt 0.856459 1.092039
vt 0.856459 1.086431
vt 0.831383 1.086431
vt 0.831383 1.092039
vt 0.856459 1.079707
vt 0.831383 1.079707
vt 0.856459 1.072083
vt 0.831383 1.072083
vt 0.470872 1.072303
vt 0.470872 1.232285
vt 0.484378 1.232285
vt 0.484378 1.072303
vt 0.651647 1.072304
vt 0.651647 1.232285
vt 0.665153 1.232285
vt 0.665153 1.072304
vt 0.529128 1.232285
vt 0.529128 1.072304
vt 0.515622 1.232285
vt 0.515622 1.072304
vt 0.348353 1.232285
vt 0.348353 1.072304
vt 0.334847 1.232285
vt 0.334848 1.072304
vt 0.834782 1.157778
vt 0.809706 1.156877
vt 0.809706 1.171532
vt 0.809706 1.156877
vt 0.834782 1.157246
vt 0.809706 1.144071
vt 0.834782 1.144402
vt 0.547007 1.156782
vt 0.547007 1.161131
vt 0.572083 1.156782
vt 0.572083 1.156782
vt 0.547007 1.144071
vt 0.547007 1.156782
vt 0.572083 1.144071
vt 0.459219 1.156782
vt 0.434143 1.156782
vt 0.434143 1.161314
vt 0.459219 1.144071
vt 0.434143 1.156782
vt 0.459219 1.156782
vt 0.434143 1.144071
vt 0.171259 1.144422
vt 0.171259 1.157270
vt 0.196334 1.144071
vt 0.196334 1.156887
vt 0.196334 1.156887
vt 0.171259 1.157270
vt 0.196334 1.170441
vt 0.834782 1.175834
vt 0.572083 1.161573
vt 0.459219 1.160864
vt 0.171259 1.174908
vt 0.896915 1.063554
vt 0.966287 1.027366
vt 0.806674 1.020803
vt 0.898606 1.072823
vt 0.902696 1.080262
vt 0.981180 1.092039
vt 0.971564 1.096313
vt 0.989218 1.086431
vt 0.995369 1.079707
vt 0.999324 1.072083
vt 0.999500 1.044671
vt 0.980840 1.029526
vt 0.990588 1.033418
vt 0.996489 1.038609
vt 0.193326 1.020803
vt 0.033713 1.027366
vt 0.103085 1.063554
vt 0.101394 1.072823
vt 0.097304 1.080262
vt 0.028436 1.096313
vt 0.018820 1.092039
vt 0.010782 1.086431
vt 0.004631 1.079707
vt 0.000676 1.072083
vt 0.019160 1.029526
vt 0.000500 1.044671
vt 0.009412 1.033418
vt 0.003511 1.038609
vt 0.933123 1.055151
vt 0.939968 1.050340
vt 0.908891 1.086813
vt 0.930618 1.061722
vt 0.916896 1.092268
vt 0.949318 1.048580
vt 0.933123 1.068294
vt 0.926418 1.096421
vt 0.937161 1.099065
vt 0.939968 1.073104
vt 0.948832 1.099992
vt 0.958668 1.050340
vt 0.949318 1.074865
vt 0.960678 1.099036
vt 0.958668 1.073104
vt 0.968018 1.061722
vt 0.965513 1.055151
vt 0.965513 1.068294
vt 0.066877 1.055151
vt 0.060032 1.050340
vt 0.091109 1.086813
vt 0.069382 1.061722
vt 0.083104 1.092268
vt 0.050682 1.048580
vt 0.066876 1.068294
vt 0.073582 1.096421
vt 0.060032 1.073104
vt 0.062839 1.099065
vt 0.050682 1.074865
vt 0.051168 1.099992
vt 0.041332 1.050340
vt 0.041332 1.073104
vt 0.039322 1.099036
vt 0.034487 1.068294
vt 0.031982 1.061722
vt 0.034487 1.055151
vt 0.033713 1.027366
vt 0.103084 1.063554
vt 0.193326 1.020803
vt 0.101394 1.072823
vt 0.097304 1.080262
vt 0.018820 1.092039
vt 0.028436 1.096313
vt 0.010782 1.086431
vt 0.004631 1.079707
vt 0.000676 1.072083
vt 0.000499 1.044671
vt 0.019160 1.029526
vt 0.009412 1.033418
vt 0.003511 1.038609
vt 0.966287 1.027366
vt 0.806674 1.020803
vt 0.896916 1.063554
vt 0.898606 1.072823
vt 0.902696 1.080262
vt 0.971564 1.096313
vt 0.981180 1.092039
vt 0.989218 1.086431
vt 0.995369 1.079707
vt 0.999324 1.072083
vt 0.980840 1.029526
vt 0.999501 1.044671
vt 0.990588 1.033418
vt 0.996489 1.038609
vt 0.066876 1.055151
vt 0.060032 1.050340
vt 0.091109 1.086813
vt 0.069382 1.061722
vt 0.083104 1.092268
vt 0.050682 1.048580
vt 0.066876 1.068294
vt 0.073582 1.096421
vt 0.062838 1.099065
vt 0.060032 1.073104
vt 0.051168 1.099992
vt 0.041332 1.050340
vt 0.050682 1.074865
vt 0.039321 1.099036
vt 0.041332 1.073104
vt 0.031982 1.061722
vt 0.034487 1.055151
vt 0.034487 1.068294
vt 0.933124 1.055151
vt 0.939968 1.050340
vt 0.908891 1.086813
vt 0.930618 1.061722
vt 0.916896 1.092268
vt 0.949318 1.048580
vt 0.933124 1.068294
vt 0.926418 1.096421
vt 0.939968 1.073104
vt 0.937162 1.099065
vt 0.949318 1.074865
vt 0.948832 1.099992
vt 0.958668 1.050340
vt 0.958668 1.073104
vt 0.960679 1.099036
vt 0.965513 1.068294
vt 0.968018 1.061722
vt 0.965513 1.055151
vt 0.799553 1.019368
vt 0.652458 1.005778
vt 0.753859 1.022216
vt 0.200447 1.025502
vt 0.200447 1.019368
vt 0.187296 1.026756
vt 0.662653 1.013051
vt 0.657699 1.009609
vt 0.662481 1.013015
vt 0.819204 1.036587
vt 0.823824 1.063410
vt 0.803646 1.026370
vt 0.814510 1.031310
vt 0.799554 1.019368
vt 0.799554 1.025487
vt 0.816314 1.027084
vt 0.175532 1.038620
vt 0.182011 1.031153
vt 0.193558 1.026364
vt 0.233264 1.022753
vt 0.799553 1.026023
vt 0.662522 1.013042
vt 0.652458 1.006516
vt 0.343073 1.006191
vt 0.270965 1.018634
vt 0.275310 1.018266
vt 0.281001 1.017619
vt 0.331861 1.013156
vt 0.170788 1.038445
vt 0.169454 1.063423
vt 0.176524 1.031405
vt 0.771209 1.022934
vt 0.200446 1.025780
vt 0.200446 1.019368
vt 0.241673 1.022398
vt 0.347121 1.005817
vt 0.335534 1.013081
vt 0.658334 1.006321
vt 0.172771 1.063417
vt 0.832473 1.063427
vt 0.831723 1.038352
vt 0.826259 1.031599
vt 0.949390 1.061843
vt 0.949371 1.049558
vt 0.940627 1.051205
vt 0.934226 1.055704
vt 0.931883 1.061849
vt 0.934226 1.067995
vt 0.940627 1.072494
vt 0.949371 1.074140
vt 0.958116 1.072494
vt 0.964517 1.067995
vt 0.966860 1.061849
vt 0.964517 1.055704
vt 0.958116 1.051205
vt 0.878582 1.067995
vt 0.834782 1.067996
vt 0.878582 1.072494
vt 0.834782 1.072495
vt 0.121418 1.059373
vt 0.165218 1.059376
vt 0.121418 1.050629
vt 0.165218 1.050631
vt 0.878582 1.061849
vt 0.834782 1.061850
vt 0.121418 1.041884
vt 0.165218 1.041886
vt 0.878582 1.055704
vt 0.834782 1.055704
vt 0.878582 1.051205
vt 0.121418 1.072494
vt 0.165218 1.072495
vt 0.121418 1.067995
vt 0.878582 1.059373
vt 0.878582 1.050629
vt 0.834782 1.059376
vt 0.834782 1.051205
vt 0.878582 1.041884
vt 0.834782 1.050631
vt 0.165218 1.067996
vt 0.121418 1.051205
vt 0.121418 1.055704
vt 0.165218 1.051205
vt 0.834782 1.041886
vt 0.121418 1.061849
vt 0.165218 1.061850
vt 0.165218 1.055704
vt 0.572083 1.072503
vt 0.809706 1.072496
vt 0.809706 1.067997
vt 0.572083 1.068003
vt 0.190294 1.059378
vt 0.427917 1.059394
vt 0.427917 1.050647
vt 0.809706 1.061851
vt 0.572083 1.061855
vt 0.190294 1.050633
vt 0.427917 1.041899
vt 0.572083 1.055707
vt 0.809706 1.055704
vt 0.190294 1.041888
vt 0.190294 1.072496
vt 0.427917 1.072503
vt 0.427917 1.068003
vt 0.809706 1.051205
vt 0.572083 1.051207
vt 0.809706 1.050633
vt 0.572083 1.050647
vt 0.809706 1.059378
vt 0.572083 1.059394
vt 0.809706 1.041888
vt 0.572083 1.041899
vt 0.190294 1.067997
vt 0.190294 1.061851
vt 0.427917 1.061855
vt 0.427917 1.055707
vt 0.190294 1.055704
vt 0.190294 1.051205
vt 0.427917 1.051207
vt 0.136614 1.050682
vt 0.136614 1.060032
vt 0.161690 1.060032
vt 0.161690 1.050340
vt 0.136614 1.050340
vt 0.136614 1.055151
vt 0.161690 1.055151
vt 0.136614 1.061722
vt 0.161690 1.061722
vt 0.161690 1.050682
vt 0.136614 1.068294
vt 0.161690 1.068294
vt 0.161690 1.073104
vt 0.136614 1.073104
vt 0.838310 1.050682
vt 0.838310 1.060032
vt 0.863386 1.060032
vt 0.161690 1.041332
vt 0.136614 1.041332
vt 0.863386 1.050682
vt 0.838310 1.041332
vt 0.863386 1.041332
vt 0.838310 1.073104
vt 0.863386 1.073104
vt 0.838310 1.068294
vt 0.838310 1.061722
vt 0.863386 1.061722
vt 0.863386 1.055151
vt 0.838310 1.055151
vt 0.863386 1.050340
vt 0.838310 1.050340
vt 0.863386 1.068294
vt 0.856459 1.060032
vt 0.856459 1.050682
vt 0.831383 1.060032
vt 0.856459 1.050340
vt 0.831383 1.050340
vt 0.856459 1.055151
vt 0.831383 1.055151
vt 0.831383 1.061722
vt 0.856459 1.061722
vt 0.831383 1.050682
vt 0.856459 1.068294
vt 0.831383 1.068294
vt 0.831383 1.073104
vt 0.856459 1.073104
vt 0.168617 1.060032
vt 0.168617 1.050682
vt 0.143541 1.060032
vt 0.856459 1.041332
vt 0.831383 1.041332
vt 0.143541 1.050682
vt 0.168617 1.041332
vt 0.143541 1.041332
vt 0.143541 1.073104
vt 0.168617 1.073104
vt 0.168617 1.068294
vt 0.143541 1.061722
vt 0.168617 1.061722
vt 0.143541 1.055151
vt 0.168617 1.055151
vt 0.143541 1.050340
vt 0.168617 1.050340
vt 0.143541 1.068294
vt 0.856235 1.159863
vt 0.857006 1.072341
vt 0.845887 1.072336
vt 0.142994 1.072341
vt 0.143766 1.159863
vt 0.154113 1.072336
vt 0.222185 1.072289
vt 0.222185 1.238186
vt 0.240295 1.236575
vt 0.240295 1.072289
vt 0.050628 1.049558
vt 0.050609 1.061843
vt 0.059373 1.051205
vt 0.065774 1.055704
vt 0.068117 1.061849
vt 0.065774 1.067995
vt 0.059373 1.072494
vt 0.050628 1.074141
vt 0.041884 1.072494
vt 0.035483 1.067995
vt 0.033140 1.061849
vt 0.035483 1.055704
vt 0.041884 1.051205
vt 0.130562 1.067995
vt 0.171259 1.067996
vt 0.171259 1.061850
vt 0.130562 1.072494
vt 0.171259 1.072495
vt 0.828741 1.059376
vt 0.869438 1.059373
vt 0.869438 1.050628
vt 0.130562 1.061849
vt 0.130562 1.055704
vt 0.828741 1.050631
vt 0.869438 1.041884
vt 0.171259 1.055704
vt 0.130562 1.051205
vt 0.828741 1.041886
vt 0.828741 1.072495
vt 0.869438 1.072494
vt 0.869438 1.067995
vt 0.130562 1.059373
vt 0.171259 1.059376
vt 0.130562 1.050628
vt 0.171259 1.051205
vt 0.171259 1.050631
vt 0.130562 1.041884
vt 0.869438 1.051205
vt 0.828741 1.051205
vt 0.869438 1.055704
vt 0.171259 1.041886
vt 0.828741 1.067996
vt 0.869438 1.061849
vt 0.828741 1.055704
vt 0.828741 1.061850
vt 0.434143 1.068003
vt 0.434143 1.061855
vt 0.196334 1.061851
vt 0.196334 1.067997
vt 0.434143 1.072503
vt 0.196334 1.072496
vt 0.196334 1.055705
vt 0.434143 1.055707
vt 0.565857 1.059394
vt 0.803666 1.050632
vt 0.565857 1.050646
vt 0.803666 1.059377
vt 0.803666 1.041887
vt 0.196334 1.051205
vt 0.434143 1.051207
vt 0.565857 1.041899
vt 0.196334 1.050632
vt 0.434143 1.059394
vt 0.434143 1.050646
vt 0.196334 1.059377
vt 0.196334 1.041887
vt 0.434143 1.041899
vt 0.803666 1.055704
vt 0.565857 1.051207
vt 0.565857 1.055707
vt 0.803666 1.051205
vt 0.565857 1.072503
vt 0.803666 1.072496
vt 0.565857 1.068003
vt 0.803666 1.067997
vt 0.803666 1.061851
vt 0.565857 1.061855
vt 0.488954 1.072289
vt 0.488954 1.205862
vt 0.504758 1.205296
vt 0.749901 1.072289
vt 0.749901 1.235567
vt 0.768011 1.237210
vt 0.504780 1.072289
vt 0.768011 1.072289
vt 0.114812 1.072289
vt 0.098872 1.072289
vt 0.114812 1.087308
vt 0.932301 1.845887
vt 0.985001 1.901128
vt 0.985001 1.885188
vt 0.932301 1.845887
vt 0.921601 1.857006
vt 0.985001 1.901128
vt 0.759705 1.092005
vt 0.777815 1.092005
vt 0.759705 1.072289
vt 0.777815 1.072289
vt 0.759705 1.072289
vt 0.777815 1.092005
vt 0.759705 1.978411
vt 0.777815 1.978411
vt 0.777815 1.912963
vt 0.511046 1.072289
vt 0.492936 1.089925
vt 0.511046 1.089925
vt 0.492936 1.089925
vt 0.511046 1.072289
vt 0.492936 1.072289
vt 0.511046 1.978411
vt 0.495220 1.921239
vt 0.492936 1.978411
vt 0.759705 1.978411
vt 0.777815 1.912963
vt 0.759705 1.913666
vt 0.250099 1.914143
vt 0.231989 1.913411
vt 0.250099 1.978411
vt 0.021589 1.089925
vt 0.079040 1.072289
vt 0.021589 1.072289
vt 0.511046 1.920960
vt 0.495220 1.921239
vt 0.511046 1.978411
vt 0.231989 1.092005
vt 0.250099 1.092005
vt 0.250099 1.072289
vt 0.231989 1.072289
vt 0.231989 1.092005
vt 0.250099 1.072289
vt 0.250099 1.978411
vt 0.231989 1.913411
vt 0.231989 1.978411
vt 0.083175 1.235567
vt 0.021589 1.072289
vt 0.021589 1.092005
vt 0.901128 1.072289
vt 0.885187 1.072289
vt 0.885187 1.087308
vt 0.014999 1.901128
vt 0.067699 1.845887
vt 0.014999 1.885187
vt 0.078400 1.857006
vt 0.067699 1.845887
vt 0.014999 1.901128
vt 0.838427 1.072288
vt 0.834094 1.144386
vt 0.843218 1.101578
vt 0.838427 1.072288
vt 0.843218 1.101578
vt 0.843218 1.072288
vt 0.839136 1.072288
vt 0.834831 1.144092
vt 0.843218 1.101578
vt 0.839136 1.072288
vt 0.843218 1.101578
vt 0.843218 1.072288
vt 0.829559 1.072288
vt 0.824564 1.148189
vt 0.843113 1.101578
vt 0.829559 1.072288
vt 0.843113 1.101578
vt 0.843113 1.072288
vt 0.186272 1.163876
vt 0.146855 1.172628
vt 0.500875 1.590387
vt 0.110718 1.184787
vt 0.059575 1.223192
vt 0.500875 1.590387
vt 0.059575 1.223192
vt 0.044711 1.248414
vt 0.500875 1.590387
vt 0.061175 1.885785
vt 0.117606 1.933667
vt 0.500875 1.590387
vt 0.117606 1.933667
vt 0.177949 1.954664
vt 0.500875 1.590387
vt 0.296711 1.964065
vt 0.304305 1.980651
vt 0.500875 1.590387
vt 0.691632 1.153598
vt 0.336200 1.152836
vt 0.500875 1.590387
vt 0.854999 1.172771
vt 0.815479 1.163876
vt 0.500875 1.590387
vt 0.942176 1.223191
vt 0.891033 1.184786
vt 0.500875 1.590387
vt 0.957040 1.248413
vt 0.942176 1.223191
vt 0.500875 1.590387
vt 0.978103 1.629910
vt 0.967659 1.286701
vt 0.500875 1.590387
vt 0.953649 1.863017
vt 0.978103 1.629910
vt 0.500875 1.590387
vt 0.697446 1.980651
vt 0.705040 1.964065
vt 0.500875 1.590387
vt 0.336200 1.152836
vt 0.186272 1.163876
vt 0.500875 1.590387
vt 0.146855 1.172628
vt 0.110718 1.184787
vt 0.500875 1.590387
vt 0.044711 1.248414
vt 0.034092 1.286702
vt 0.500875 1.590387
vt 0.034092 1.286702
vt 0.023280 1.543193
vt 0.500875 1.590387
vt 0.023280 1.543193
vt 0.033887 1.777277
vt 0.500875 1.590387
vt 0.033887 1.777277
vt 0.048102 1.863018
vt 0.500875 1.590387
vt 0.048102 1.863018
vt 0.061175 1.885785
vt 0.500875 1.590387
vt 0.177949 1.954664
vt 0.296711 1.964065
vt 0.500875 1.590387
vt 0.304305 1.980651
vt 0.314519 1.993998
vt 0.500875 1.590387
vt 0.314519 1.993998
vt 0.427862 1.999501
vt 0.500875 1.590387
vt 0.815479 1.163876
vt 0.691632 1.153598
vt 0.500875 1.590387
vt 0.891033 1.184786
vt 0.854999 1.172771
vt 0.500875 1.590387
vt 0.967659 1.286701
vt 0.957040 1.248413
vt 0.500875 1.590387
vt 0.940576 1.885785
vt 0.953649 1.863017
vt 0.500875 1.590387
vt 0.853602 1.946772
vt 0.940576 1.885785
vt 0.500875 1.590387
vt 0.823802 1.954664
vt 0.853602 1.946772
vt 0.500875 1.590387
vt 0.705040 1.964065
vt 0.823802 1.954664
vt 0.500875 1.590387
vt 0.687233 1.993998
vt 0.697446 1.980651
vt 0.500875 1.590387
vt 0.668378 1.998677
vt 0.687233 1.993998
vt 0.500875 1.590387
vt 0.427862 1.999501
vt 0.668378 1.998677
vt 0.500875 1.590387
vt 0.771209 1.022934
vt 0.658334 1.006321
vt 0.693320 1.014846
vt 0.693320 1.014846
vt 0.658334 1.006321
vt 0.670083 1.013195
# 3129 texture vertices

g Material_6
f 1/1 2/2 3/3
f 4/4 5/5 6/6
f 5/5 7/7 6/6
f 5/5 8/8 7/7
f 8/8 9/9 7/7
f 8/8 10/10 9/9
f 11/11 12/12 13/13
f 11/11 14/14 12/12
f 14/14 15/15 12/12
f 14/14 16/16 15/15
f 16/16 17/17 15/15
f 16/16 18/18 17/17
f 18/18 19/19 17/17
f 18/18 20/20 19/19
f 20/20 21/21 19/19
f 20/20 22/22 21/21
f 22/22 23/23 21/21
f 22/22 24/24 23/23
f 24/24 25/25 23/23
f 24/24 26/26 25/25
f 27/27 28/28 29/29
f 27/27 30/30 28/28
f 30/30 3/3 28/28
f 30/30 1/1 3/3
f 31/31 32/32 33/33
f 31/31 34/34 32/32
f 34/34 35/35 32/32
f 34/34 36/36 35/35
f 37/37 38/38 39/39
f 37/37 40/40 38/38
f 40/40 41/41 38/38
f 40/40 42/42 41/41
f 42/42 43/43 41/41
f 42/42 44/44 43/43
f 44/44 45/45 43/43
f 44/44 46/46 45/45
f 46/46 47/47 45/45
f 46/46 48/48 47/47
f 48/48 49/49 47/47
f 48/48 50/50 49/49
f 50/50 51/51 49/49
f 50/50 52/52 51/51
f 53/53 54/54 55/55
f 53/53 56/56 54/54
f 56/56 57/57 54/54
f 56/56 58/58 57/57
f 58/58 59/59 57/57
f 59/59 60/60 57/57
f 31/31 33/33 61/61
f 2/2 62/62 63/63
f 62/62 64/64 63/63
f 62/62 65/65 64/64
f 65/65 66/66 64/64
f 65/65 67/67 66/66
f 68/68 69/69 70/70
f 68/68 71/71 69/69
f 71/71 72/72 69/69
f 71/71 73/73 72/72
f 73/73 74/74 75/75
f 74/74 76/76 75/75
f 74/74 77/77 76/76
f 77/77 78/78 76/76
f 77/77 79/79 78/78
f 77/77 80/80 79/79
f 81/81 82/82 83/83
f 81/81 84/84 82/82
f 84/84 85/85 82/82
f 84/84 86/86 85/85
f 86/86 4/4 85/85
f 4/4 6/6 87/87
f 6/6 88/88 87/87
f 6/6 7/7 88/88
f 7/7 89/89 88/88
f 7/7 9/9 89/89
f 13/13 90/90 91/91
f 13/13 12/12 90/90
f 12/12 15/15 90/90
f 15/15 17/17 90/90
f 17/17 92/92 90/90
f 17/17 19/19 92/92
f 19/19 21/21 92/92
f 21/21 93/93 92/92
f 21/21 23/23 93/93
f 23/23 94/94 93/93
f 23/23 25/25 94/94
f 29/29 95/95 96/96
f 29/29 28/28 95/95
f 28/28 97/97 95/95
f 28/28 3/3 97/97
f 33/33 98/98 99/99
f 33/33 32/32 98/98
f 32/32 100/100 98/98
f 32/32 35/35 100/100
f 39/39 101/101 102/102
f 39/39 38/38 101/101
f 38/38 41/41 101/101
f 41/41 43/43 101/101
f 43/43 103/103 101/101
f 43/43 45/45 103/103
f 45/45 47/47 103/103
f 47/47 104/104 103/103
f 47/47 49/49 104/104
f 49/49 105/105 104/104
f 49/49 51/51 105/105
f 55/55 106/106 107/107
f 55/55 54/54 106/106
f 54/54 57/57 106/106
f 59/59 108/108 60/60
f 59/59 109/109 108/108
f 109/109 110/110 108/108
f 109/109 111/111 110/110
f 109/109 112/112 111/111
f 113/113 114/114 115/115
f 113/113 116/116 114/114
f 116/116 117/117 114/114
f 116/116 118/118 119/119
f 118/118 120/120 119/119
f 118/118 121/121 120/120
f 118/118 122/122 121/121
f 122/122 123/123 121/121
f 122/122 124/124 123/123
f 125/125 126/126 127/127
f 125/125 128/128 126/126
f 128/128 129/129 126/126
f 128/128 130/130 129/129
f 130/130 61/61 129/129
f 61/61 33/33 99/99
f 3/3 131/131 97/97
f 3/3 2/2 131/131
f 2/2 63/63 131/131
f 63/63 132/132 131/131
f 63/63 64/64 132/132
f 64/64 133/133 132/132
f 64/64 66/66 133/133
f 70/70 134/134 135/135
f 70/70 69/69 134/134
f 69/69 136/136 134/134
f 69/69 72/72 136/136
f 73/73 75/75 72/72
f 75/75 76/76 137/137
f 76/76 138/138 137/137
f 76/76 78/78 138/138
f 78/78 139/139 138/138
f 78/78 79/79 139/139
f 83/83 140/140 141/141
f 83/83 82/82 140/140
f 82/82 85/85 140/140
f 4/4 87/87 142/142
f 87/87 143/143 142/142
f 87/87 88/88 143/143
f 88/88 144/144 143/143
f 88/88 89/89 144/144
f 91/91 145/145 146/146
f 91/91 90/90 145/145
f 90/90 147/147 145/145
f 90/90 92/92 147/147
f 92/92 148/148 147/147
f 92/92 93/93 148/148
f 93/93 149/149 148/148
f 93/93 94/94 149/149
f 96/96 150/150 151/151
f 96/96 95/95 150/150
f 95/95 97/97 150/150
f 99/99 152/152 153/153
f 99/99 98/98 152/152
f 98/98 154/154 152/152
f 98/98 100/100 154/154
f 102/102 155/155 156/156
f 102/102 101/101 155/155
f 101/101 157/157 155/155
f 101/101 103/103 157/157
f 103/103 104/104 157/157
f 104/104 158/158 157/157
f 104/104 105/105 158/158
f 107/107 159/159 160/160
f 107/107 106/106 159/159
f 57/57 60/60 106/106
f 108/108 161/161 60/60
f 108/108 110/110 161/161
f 110/110 162/162 161/161
f 110/110 111/111 162/162
f 115/115 163/163 164/164
f 115/115 114/114 163/163
f 114/114 165/165 163/163
f 114/114 117/117 165/165
f 116/116 119/119 117/117
f 119/119 120/120 166/166
f 120/120 167/167 166/166
f 120/120 121/121 167/167
f 121/121 168/168 167/167
f 121/121 123/123 168/168
f 127/127 169/169 170/170
f 127/127 126/126 169/169
f 126/126 171/171 169/169
f 126/126 129/129 171/171
f 61/61 99/99 153/153
f 150/150 172/172 173/173
f 150/150 97/97 172/172
f 97/97 131/131 172/172
f 131/131 174/174 172/172
f 131/131 175/175 174/174
f 131/131 132/132 175/175
f 132/132 176/176 175/175
f 132/132 133/133 176/176
f 135/135 177/177 178/178
f 135/135 134/134 177/177
f 134/134 179/179 177/177
f 134/134 136/136 179/179
f 136/136 180/180 179/179
f 136/136 72/72 180/180
f 72/72 75/75 180/180
f 75/75 137/137 181/181
f 137/137 182/182 181/181
f 137/137 138/138 182/182
f 138/138 183/183 182/182
f 138/138 139/139 183/183
f 141/141 184/184 185/185
f 141/141 140/140 184/184
f 140/140 186/186 184/184
f 140/140 85/85 186/186
f 85/85 187/187 186/186
f 85/85 4/4 187/187
f 4/4 188/188 187/187
f 4/4 142/142 188/188
f 142/142 189/189 188/188
f 142/142 143/143 189/189
f 143/143 190/190 189/189
f 143/143 144/144 190/190
f 146/146 191/191 192/192
f 146/146 145/145 191/191
f 145/145 193/193 191/191
f 145/145 194/194 193/193
f 145/145 147/147 194/194
f 147/147 195/195 194/194
f 147/147 148/148 195/195
f 148/148 196/196 195/195
f 148/148 149/149 196/196
f 151/151 197/197 198/198
f 151/151 150/150 197/197
f 150/150 173/173 197/197
f 153/153 199/199 200/200
f 153/153 152/152 199/199
f 152/152 201/201 199/199
f 152/152 154/154 201/201
f 156/156 202/202 203/203
f 156/156 155/155 202/202
f 155/155 204/204 202/202
f 155/155 157/157 204/204
f 157/157 205/205 204/204
f 157/157 158/158 205/205
f 160/160 206/206 207/207
f 160/160 159/159 206/206
f 159/159 208/208 206/206
f 159/159 106/106 208/208
f 106/106 60/60 208/208
f 60/60 209/209 208/208
f 60/60 161/161 209/209
f 161/161 210/210 209/209
f 161/161 162/162 210/210
f 164/164 211/211 212/212
f 164/164 163/163 211/211
f 163/163 213/213 211/211
f 163/163 165/165 213/213
f 165/165 214/214 213/213
f 165/165 117/117 214/214
f 117/117 119/119 214/214
f 119/119 215/215 214/214
f 119/119 166/166 215/215
f 166/166 216/216 215/215
f 166/166 167/167 216/216
f 167/167 217/217 216/216
f 167/167 168/168 217/217
f 170/170 218/218 219/219
f 170/170 169/169 218/218
f 169/169 171/171 218/218
f 171/171 220/220 218/218
f 171/171 129/129 220/220
f 129/129 61/61 220/220
f 61/61 200/200 220/220
f 61/61 153/153 200/200
f 221/221 222/222 223/223
f 221/221 223/223 224/224
f 225/225 226/226 227/227
f 225/225 227/227 228/228
f 229/229 230/230 231/231
f 232/232 233/233 234/234
f 235/235 236/236 237/237
f 235/235 237/237 238/238
f 239/239 240/240 241/241
f 239/239 241/241 242/242
f 243/243 244/244 245/245
f 243/243 245/245 246/246
f 247/247 248/248 249/249
f 247/247 249/249 250/250
f 251/251 252/252 253/253
f 253/253 252/252 254/254
f 255/255 251/251 256/256
f 256/256 251/251 253/253
f 257/257 255/255 258/258
f 258/258 255/255 256/256
f 259/259 257/257 260/260
f 260/260 257/257 258/258
f 261/261 259/259 262/262
f 262/262 259/259 260/260
f 263/263 261/261 264/264
f 264/264 261/261 262/262
f 265/265 263/263 266/266
f 266/266 263/263 264/264
f 267/267 268/268 269/269
f 269/269 268/268 270/270
f 271/271 267/267 272/272
f 272/272 267/267 269/269
f 273/273 271/271 274/274
f 274/274 271/271 272/272
f 275/275 273/273 276/276
f 276/276 273/273 274/274
f 277/277 275/275 278/278
f 278/278 275/275 276/276
f 279/279 277/277 280/280
f 280/280 277/277 278/278
f 281/281 279/279 282/282
f 282/282 279/279 280/280
f 283/283 281/281 284/284
f 284/284 281/281 282/282
f 285/285 286/286 287/287
f 287/287 286/286 288/288
f 289/289 285/285 290/290
f 290/290 285/285 287/287
f 291/291 289/289 292/292
f 292/292 289/289 290/290
f 293/293 291/291 294/294
f 294/294 291/291 292/292
f 295/295 293/293 296/296
f 296/296 293/293 294/294
f 297/297 295/295 296/296
f 298/298 297/297 299/299
f 299/299 297/297 296/296
f 300/300 298/298 301/301
f 301/301 298/298 299/299
f 302/302 300/300 303/303
f 303/303 300/300 301/301
f 304/304 302/302 305/305
f 305/305 302/302 303/303
f 306/306 304/304 307/307
f 307/307 304/304 305/305
f 308/308 309/309 310/310
f 310/310 309/309 311/311
f 312/312 308/308 313/313
f 313/313 308/308 310/310
f 314/314 312/312 315/315
f 315/315 312/312 313/313
f 316/316 314/314 315/315
f 317/317 316/316 318/318
f 318/318 316/316 315/315
f 319/319 317/317 318/318
f 320/320 317/317 321/321
f 321/321 317/317 319/319
f 322/322 320/320 323/323
f 323/323 320/320 321/321
f 324/324 325/325 326/326
f 326/326 325/325 327/327
f 328/328 324/324 329/329
f 329/329 324/324 326/326
f 330/330 328/328 331/331
f 331/331 328/328 329/329
f 252/252 330/330 254/254
f 254/254 330/330 331/331
f 332/332 333/333 334/334
f 334/334 333/333 335/335
f 336/336 332/332 337/337
f 337/337 332/332 334/334
f 338/338 336/336 339/339
f 339/339 336/336 337/337
f 340/340 338/338 341/341
f 341/341 338/338 339/339
f 342/342 340/340 343/343
f 343/343 340/340 341/341
f 344/344 345/345 346/346
f 346/346 345/345 347/347
f 348/348 344/344 349/349
f 349/349 344/344 346/346
f 350/350 348/348 351/351
f 351/351 348/348 349/349
f 352/352 350/350 353/353
f 353/353 350/350 351/351
f 354/354 352/352 355/355
f 355/355 352/352 353/353
f 356/356 354/354 357/357
f 357/357 354/354 355/355
f 358/358 356/356 357/357
f 359/359 356/356 358/358
f 360/360 356/356 361/361
f 361/361 356/356 359/359
f 362/362 360/360 361/361
f 363/363 362/362 364/364
f 364/364 362/362 361/361
f 365/365 363/363 364/364
f 366/366 365/365 367/367
f 367/367 365/365 364/364
f 368/368 366/366 367/367
f 369/369 368/368 370/370
f 370/370 368/368 367/367
f 371/371 369/369 372/372
f 372/372 369/369 370/370
f 373/373 371/371 374/374
f 374/374 371/371 372/372
f 375/375 373/373 376/376
f 376/376 373/373 374/374
f 377/377 375/375 378/378
f 378/378 375/375 376/376
f 379/379 377/377 380/380
f 380/380 377/377 378/378
f 381/381 382/382 383/383
f 383/383 382/382 384/384
f 385/385 381/381 386/386
f 386/386 381/381 383/383
f 387/387 385/385 388/388
f 388/388 385/385 386/386
f 389/389 387/387 390/390
f 390/390 387/387 388/388
f 391/391 389/389 392/392
f 392/392 389/389 390/390
f 393/393 391/391 394/394
f 394/394 391/391 392/392
f 395/395 393/393 394/394
f 396/396 395/395 397/397
f 397/397 395/395 394/394
f 398/398 396/396 397/397
f 399/399 398/398 400/400
f 400/400 398/398 397/397
f 401/401 399/399 402/402
f 402/402 399/399 400/400
f 403/403 401/401 404/404
f 404/404 401/401 402/402
f 405/405 403/403 406/406
f 406/406 403/403 404/404
f 407/407 405/405 408/408
f 408/408 405/405 406/406
f 409/409 407/407 408/408
f 410/410 407/407 411/411
f 411/411 407/407 409/409
f 412/412 410/410 411/411
f 413/413 410/410 414/414
f 414/414 410/410 412/412
f 415/415 413/413 416/416
f 416/416 413/413 414/414
f 417/417 415/415 418/418
f 418/418 415/415 416/416
f 419/419 417/417 420/420
f 420/420 417/417 418/418
f 421/421 419/419 422/422
f 422/422 419/419 420/420
f 423/423 421/421 424/424
f 424/424 421/421 422/422
f 425/425 426/426 427/427
f 427/427 426/426 428/428
f 429/429 425/425 430/430
f 430/430 425/425 427/427
f 431/431 429/429 432/432
f 432/432 429/429 430/430
f 433/433 431/431 434/434
f 434/434 431/431 432/432
f 435/435 433/433 436/436
f 436/436 433/433 434/434
f 437/437 435/435 438/438
f 438/438 435/435 436/436
f 439/439 437/437 438/438
f 440/440 439/439 441/441
f 441/441 439/439 438/438
f 442/442 440/440 443/443
f 443/443 440/440 441/441
f 444/444 442/442 445/445
f 445/445 442/442 443/443
f 446/446 444/444 447/447
f 447/447 444/444 445/445
f 448/448 446/446 447/447
f 449/449 446/446 450/450
f 450/450 446/446 448/448
f 451/451 449/449 450/450
f 452/452 449/449 453/453
f 453/453 449/449 451/451
f 454/454 452/452 455/455
f 455/455 452/452 453/453
f 456/456 454/454 457/457
f 457/457 454/454 455/455
f 458/458 456/456 459/459
f 459/459 456/456 457/457
f 460/460 458/458 461/461
f 461/461 458/458 459/459
f 462/462 463/463 464/464
f 464/464 463/463 465/465
f 466/466 462/462 467/467
f 467/467 462/462 464/464
f 468/468 466/466 469/469
f 469/469 466/466 467/467
f 470/470 468/468 471/471
f 471/471 468/468 469/469
f 472/472 470/470 473/473
f 473/473 470/470 471/471
f 474/474 472/472 475/475
f 475/475 472/472 473/473
f 476/476 474/474 477/477
f 477/477 474/474 475/475
f 478/478 476/476 477/477
f 479/479 478/478 480/480
f 480/480 478/478 477/477
f 481/481 479/479 482/482
f 482/482 479/479 480/480
f 483/483 481/481 484/484
f 484/484 481/481 482/482
f 485/485 483/483 486/486
f 486/486 483/483 484/484
f 487/487 485/485 488/488
f 488/488 485/485 486/486
f 489/489 487/487 490/490
f 490/490 487/487 488/488
f 491/491 489/489 492/492
f 492/492 489/489 490/490
f 333/333 491/491 335/335
f 335/335 491/491 492/492
f 493/493 494/494 495/495
f 496/496 495/495 494/494
f 494/494 497/497 496/496
f 498/498 496/496 497/497
f 497/497 499/499 498/498
f 500/500 498/498 499/499
f 499/499 501/501 500/500
f 502/502 500/500 501/501
f 501/501 503/503 502/502
f 504/504 502/502 503/503
f 503/503 505/505 504/504
f 506/506 504/504 505/505
f 505/505 507/507 506/506
f 508/508 506/506 507/507
f 509/509 510/510 511/511
f 512/512 511/511 510/510
f 510/510 513/513 512/512
f 514/514 512/512 513/513
f 513/513 515/515 514/514
f 516/516 514/514 515/515
f 515/515 517/517 516/516
f 518/518 516/516 517/517
f 517/517 519/519 518/518
f 520/520 518/518 519/519
f 519/519 521/521 520/520
f 522/522 520/520 521/521
f 521/521 523/523 522/522
f 524/524 522/522 523/523
f 523/523 525/525 524/524
f 526/526 524/524 525/525
f 525/525 527/527 526/526
f 528/528 526/526 527/527
f 529/529 530/530 531/531
f 532/532 531/531 530/530
f 530/530 533/533 532/532
f 534/534 532/532 533/533
f 533/533 535/535 534/534
f 536/536 534/534 535/535
f 535/535 537/537 536/536
f 538/538 536/536 537/537
f 537/537 539/539 538/538
f 540/540 538/538 539/539
f 539/539 541/541 540/540
f 542/542 540/540 541/541
f 541/541 543/543 542/542
f 544/544 542/542 543/543
f 543/543 545/545 544/544
f 546/546 544/544 545/545
f 545/545 547/547 546/546
f 548/548 546/546 547/547
f 547/547 549/549 548/548
f 550/550 548/548 549/549
f 549/549 551/551 550/550
f 552/552 550/550 551/551
f 553/553 554/554 555/555
f 556/556 555/555 554/554
f 554/554 557/557 556/556
f 558/558 556/556 557/557
f 559/559 558/558 557/557
f 557/557 560/560 559/559
f 560/560 561/561 559/559
f 561/561 562/562 559/559
f 563/563 559/559 562/562
f 562/562 564/564 563/563
f 564/564 565/565 563/563
f 566/566 563/563 565/565
f 565/565 567/567 566/566
f 568/568 566/566 567/567
f 567/567 569/569 568/568
f 570/570 568/568 569/569
f 571/571 572/572 573/573
f 574/574 573/573 572/572
f 572/572 575/575 574/574
f 576/576 574/574 575/575
f 575/575 577/577 576/576
f 578/578 576/576 577/577
f 577/577 493/493 578/578
f 495/495 578/578 493/493
f 579/579 580/580 581/581
f 582/582 581/581 583/583
f 582/582 584/584 581/581
f 585/585 586/586 587/587
f 588/588 589/589 590/590
f 585/585 591/591 586/586
f 585/585 592/592 593/593
f 594/594 595/595 596/596
f 594/594 597/597 598/598
f 599/599 600/600 601/601
f 602/602 599/599 595/595
f 603/603 604/604 605/605
f 606/606 607/607 608/608
f 606/606 609/609 610/610
f 611/611 612/612 607/607
f 613/613 614/614 579/579
f 615/615 616/616 612/612
f 617/617 618/618 616/616
f 619/619 620/620 621/621
f 622/622 620/620 618/618
f 623/623 581/581 584/584
f 624/624 625/625 621/621
f 626/626 627/627 628/628
f 629/629 630/630 631/631
f 629/629 632/632 630/630
f 633/633 587/587 634/634
f 635/635 636/636 587/587
f 637/637 638/638 639/639
f 640/640 641/641 642/642
f 643/643 644/644 638/638
f 644/644 645/645 639/639
f 646/646 647/647 648/648
f 649/649 650/650 651/651
f 650/650 652/652 653/653
f 654/654 655/655 650/650
f 656/656 657/657 649/649
f 658/658 656/656 659/659
f 658/658 660/660 661/661
f 662/662 663/663 629/629
f 664/664 665/665 659/659
f 666/666 667/667 668/668
f 669/669 590/590 589/589
f 670/670 604/604 671/671
f 672/672 605/605 604/604
f 672/672 604/604 670/670
f 672/672 614/614 605/605
f 673/673 614/614 672/672
f 589/589 674/674 669/669
f 580/580 579/579 614/614
f 614/614 673/673 580/580
f 675/675 583/583 581/581
f 580/580 675/675 581/581
f 676/676 677/677 582/582
f 583/583 676/676 582/582
f 677/677 678/678 582/582
f 634/634 587/587 586/586
f 587/587 636/636 585/585
f 679/679 589/589 588/588
f 591/591 680/680 634/634
f 634/634 586/586 591/591
f 681/681 682/682 588/588
f 683/683 591/591 585/585
f 684/684 596/596 601/601
f 596/596 595/595 601/601
f 598/598 685/685 594/594
f 685/685 595/595 594/594
f 608/608 686/686 599/599
f 686/686 600/600 599/599
f 601/601 595/595 599/599
f 609/609 608/608 599/599
f 609/609 599/599 602/602
f 595/595 685/685 602/602
f 685/685 598/598 602/602
f 607/607 687/687 686/686
f 686/686 608/608 607/607
f 608/608 609/609 606/606
f 612/612 688/688 687/687
f 607/607 612/612 687/687
f 607/607 606/606 611/611
f 606/606 610/610 611/611
f 612/612 616/616 688/688
f 612/612 611/611 615/615
f 611/611 689/689 615/615
f 618/618 619/619 688/688
f 688/688 616/616 618/618
f 690/690 579/579 581/581
f 616/616 615/615 617/617
f 690/690 581/581 691/691
f 621/621 692/692 619/619
f 618/618 620/620 619/619
f 693/693 621/621 620/620
f 584/584 694/694 623/623
f 693/693 620/620 622/622
f 618/618 617/617 622/622
f 691/691 581/581 623/623
f 692/692 621/621 625/625
f 692/692 625/625 695/695
f 621/621 693/693 624/624
f 694/694 584/584 626/626
f 696/696 697/697 698/698
f 696/696 698/698 699/699
f 582/582 700/700 626/626
f 700/700 627/627 626/626
f 626/626 584/584 582/582
f 698/698 701/701 699/699
f 701/701 702/702 699/699
f 698/698 703/703 701/701
f 627/627 700/700 678/678
f 700/700 582/582 678/678
f 703/703 704/704 701/701
f 646/646 705/705 706/706
f 648/648 705/705 646/646
f 705/705 648/648 707/707
f 708/708 705/705 707/707
f 709/709 710/710 679/679
f 710/710 674/674 679/679
f 589/589 679/679 674/674
f 711/711 712/712 707/707
f 708/708 707/707 712/712
f 713/713 712/712 711/711
f 714/714 712/712 629/629
f 631/631 714/714 629/629
f 677/677 630/630 678/678
f 678/678 630/630 632/632
f 587/587 633/633 635/635
f 715/715 635/635 633/633
f 716/716 635/635 715/715
f 717/717 718/718 679/679
f 716/716 719/719 635/635
f 719/719 636/636 635/635
f 720/720 721/721 722/722
f 723/723 638/638 637/637
f 724/724 642/642 641/641
f 639/639 724/724 637/637
f 724/724 641/641 637/637
f 651/651 653/653 643/643
f 653/653 644/644 643/643
f 639/639 638/638 644/644
f 653/653 652/652 644/644
f 652/652 645/645 644/644
f 724/724 639/639 645/645
f 724/724 645/645 642/642
f 653/653 651/651 650/650
f 655/655 652/652 650/650
f 649/649 657/657 654/654
f 650/650 649/649 654/654
f 657/657 725/725 654/654
f 725/725 655/655 654/654
f 661/661 726/726 657/657
f 725/725 657/657 726/726
f 657/657 656/656 661/661
f 726/726 661/661 727/727
f 713/713 728/728 662/662
f 729/729 659/659 656/656
f 661/661 656/656 658/658
f 730/730 629/629 663/663
f 659/659 731/731 658/658
f 731/731 660/660 658/658
f 727/727 661/661 660/660
f 728/728 663/663 662/662
f 732/732 664/664 729/729
f 659/659 729/729 664/664
f 731/731 659/659 665/665
f 730/730 667/667 629/629
f 733/733 734/734 735/735
f 736/736 735/735 734/734
f 632/632 667/667 666/666
f 629/629 667/667 632/632
f 737/737 738/738 733/733
f 703/703 734/734 738/738
f 733/733 738/738 734/734
f 632/632 666/666 678/678
f 739/739 703/703 738/738
f 703/703 739/739 704/704
f 662/662 629/629 712/712
f 712/712 713/713 662/662
f 740/740 681/681 590/590
f 741/741 681/681 742/742
f 681/681 741/741 682/682
f 672/672 670/670 743/743
f 744/744 669/669 745/745
f 669/669 744/744 590/590
f 746/746 747/747 743/743
f 748/748 680/680 749/749
f 750/750 748/748 749/749
f 751/751 752/752 753/753
f 751/751 754/754 752/752
f 755/755 591/591 683/683
f 591/591 755/755 680/680
f 671/671 756/756 757/757
f 758/758 759/759 753/753
f 718/718 760/760 679/679
f 761/761 705/705 762/762
f 763/763 761/761 762/762
f 679/679 764/764 709/709
f 715/715 765/765 766/766
f 715/715 766/766 716/716
f 720/720 722/722 767/767
f 768/768 722/722 721/721
f 716/716 769/769 719/719
f 770/770 706/706 771/771
f 772/772 768/768 721/721
f 740/740 742/742 681/681
f 740/740 590/590 744/744
f 744/744 773/773 740/740
f 773/773 744/744 745/745
f 774/774 670/670 671/671
f 671/671 757/757 774/774
f 746/746 743/743 670/670
f 775/775 747/747 746/746
f 674/674 776/776 669/669
f 751/751 777/777 754/754
f 777/777 748/748 754/754
f 754/754 748/748 750/750
f 749/749 680/680 755/755
f 758/758 753/753 752/752
f 683/683 778/778 755/755
f 741/741 779/779 682/682
f 705/705 761/761 706/706
f 760/760 780/780 679/679
f 764/764 679/679 780/780
f 771/771 706/706 781/781
f 761/761 781/781 706/706
f 765/765 767/767 722/722
f 769/769 716/716 766/766
f 782/782 719/719 769/769
f 718/718 717/717 783/783
f 784/784 785/785 786/786
f 787/787 788/788 789/789
f 790/790 791/791 792/792
f 790/790 793/793 791/791
f 794/794 793/793 790/790
f 794/794 795/795 793/793
f 796/796 795/795 794/794
f 796/796 797/797 795/795
f 798/798 797/797 796/796
f 798/798 799/799 797/797
f 791/791 800/800 792/792
f 801/801 800/800 791/791
f 802/802 800/800 801/801
f 802/802 803/803 800/800
f 802/802 804/804 803/803
f 805/805 804/804 802/802
f 805/805 806/806 804/804
f 807/807 806/806 805/805
f 807/807 808/808 806/806
f 809/809 808/808 807/807
f 809/809 810/810 808/808
f 811/811 810/810 809/809
f 812/812 799/799 798/798
f 812/812 813/813 799/799
f 811/811 814/814 810/810
f 815/815 814/814 811/811
f 815/815 816/816 814/814
f 815/815 817/817 816/816
f 818/818 817/817 815/815
f 818/818 819/819 817/817
f 820/820 819/819 818/818
f 820/820 821/821 819/819
f 820/820 822/822 821/821
f 823/823 822/822 820/820
f 823/823 824/824 822/822
f 825/825 824/824 823/823
f 825/825 826/826 824/824
f 827/827 826/826 825/825
f 827/827 828/828 826/826
f 829/829 828/828 827/827
f 829/829 830/830 828/828
f 831/831 830/830 829/829
f 831/831 832/832 830/830
f 833/833 832/832 831/831
f 833/833 834/834 832/832
f 835/835 834/834 833/833
f 835/835 812/812 834/834
f 813/813 812/812 835/835
f 836/836 837/837 838/838
f 836/836 838/838 839/839
f 840/840 836/836 839/839
f 840/840 839/839 841/841
f 842/842 840/840 841/841
f 842/842 841/841 843/843
f 844/844 838/838 837/837
f 844/844 837/837 845/845
f 844/844 845/845 846/846
f 847/847 844/844 846/846
f 847/847 846/846 848/848
f 847/847 848/848 849/849
f 850/850 847/847 849/849
f 850/850 849/849 851/851
f 852/852 850/850 851/851
f 852/852 851/851 853/853
f 854/854 852/852 853/853
f 855/855 842/842 843/843
f 854/854 853/853 856/856
f 857/857 854/854 856/856
f 857/857 856/856 858/858
f 857/857 858/858 859/859
f 860/860 857/857 859/859
f 860/860 859/859 861/861
f 862/862 860/860 861/861
f 862/862 861/861 863/863
f 864/864 862/862 863/863
f 864/864 863/863 865/865
f 866/866 864/864 865/865
f 866/866 865/865 867/867
f 868/868 866/866 867/867
f 868/868 867/867 869/869
f 868/868 869/869 870/870
f 871/871 868/868 870/870
f 871/871 870/870 872/872
f 871/871 872/872 873/873
f 874/874 871/871 873/873
f 874/874 873/873 875/875
f 876/876 874/874 875/875
f 876/876 875/875 877/877
f 876/876 877/877 855/855
f 843/843 876/876 855/855
f 878/878 879/879 880/880
f 878/878 880/880 881/881
f 882/882 883/883 884/884
f 882/882 884/884 885/885
f 886/886 887/887 888/888
f 886/886 888/888 889/889
f 890/890 891/891 892/892
f 890/890 892/892 893/893
f 894/894 895/895 896/896
f 894/894 896/896 897/897
f 898/898 899/899 900/900
f 898/898 900/900 901/901
f 902/902 903/903 904/904
f 902/902 904/904 905/905
f 906/906 907/907 908/908
f 906/906 908/908 909/909
f 910/910 911/911 912/912
f 910/910 912/912 913/913
f 914/914 915/915 916/916
f 914/914 916/916 917/917
f 918/918 919/919 920/920
f 918/918 920/920 921/921
f 922/922 923/923 924/924
f 922/922 924/924 925/925
f 926/926 927/927 928/928
f 926/926 928/928 929/929
f 930/930 931/931 932/932
f 930/930 932/932 933/933
f 934/934 935/935 936/936
f 934/934 936/936 937/937
f 938/938 939/939 940/940
f 938/938 940/940 941/941
f 942/942 943/943 944/944
f 942/942 944/944 945/945
f 943/943 946/946 947/947
f 943/943 947/947 944/944
f 946/946 948/948 949/949
f 946/946 949/949 947/947
f 948/948 950/950 951/951
f 948/948 951/951 949/949
f 952/952 953/953 954/954
f 952/952 954/954 955/955
f 953/953 956/956 957/957
f 953/953 957/957 954/954
f 956/956 958/958 959/959
f 956/956 959/959 957/957
f 958/958 960/960 961/961
f 958/958 961/961 959/959
f 938/938 941/941 962/962
f 941/941 963/963 962/962
f 964/964 965/965 966/966
f 967/967 966/966 965/965
f 968/968 969/969 970/970
f 970/970 971/971 968/968
f 972/972 973/973 974/974
f 974/974 975/975 972/972
f 976/976 977/977 978/978
f 978/978 979/979 976/976
f 980/980 981/981 982/982
f 982/982 983/983 980/980
f 984/984 985/985 986/986
f 987/987 986/986 985/985
f 988/988 989/989 990/990
f 990/990 991/991 992/992
f 992/992 988/988 990/990
f 993/993 992/992 991/991
f 994/994 993/993 991/991
f 995/995 996/996 997/997
f 997/997 998/998 999/999
f 999/999 995/995 997/997
f 1000/1000 999/999 998/998
f 1001/1001 1000/1000 998/998
f 1002/1002 1003/1003 1004/1004
f 1005/1005 1004/1004 1006/1006
f 1003/1003 1006/1006 1004/1004
f 1006/1006 1007/1007 1005/1005
f 1007/1007 1008/1008 1005/1005
f 1009/1009 1010/1010 1011/1011
f 1012/1012 1011/1011 1013/1013
f 1010/1010 1013/1013 1011/1011
f 1013/1013 1014/1014 1012/1012
f 1014/1014 1015/1015 1012/1012
f 1016/1016 1017/1017 1018/1018
f 1016/1016 1018/1018 1019/1019
f 1017/1017 1020/1020 1021/1021
f 1017/1017 1021/1021 1018/1018
f 1022/1022 1023/1023 1024/1024
f 1022/1022 1024/1024 1025/1025
f 1023/1023 1026/1026 1027/1027
f 1023/1023 1027/1027 1024/1024
f 1026/1026 1028/1028 1029/1029
f 1026/1026 1029/1029 1027/1027
f 1028/1028 1030/1030 1031/1031
f 1028/1028 1031/1031 1029/1029
f 1030/1030 1032/1032 1033/1033
f 1030/1030 1033/1033 1031/1031
f 1032/1032 1034/1034 1035/1035
f 1032/1032 1035/1035 1033/1033
f 1036/1036 1037/1037 1038/1038
f 1036/1036 1038/1038 1039/1039
f 1037/1037 1040/1040 1041/1041
f 1037/1037 1041/1041 1038/1038
f 1040/1040 1042/1042 1043/1043
f 1040/1040 1043/1043 1041/1041
f 1042/1042 1044/1044 1045/1045
f 1042/1042 1045/1045 1043/1043
f 1046/1046 1047/1047 1048/1048
f 1046/1046 1048/1048 1049/1049
f 1047/1047 1050/1050 1051/1051
f 1047/1047 1051/1051 1048/1048
f 1052/1052 1053/1053 1054/1054
f 1052/1052 1054/1054 1055/1055
f 1053/1053 1056/1056 1057/1057
f 1053/1053 1057/1057 1054/1054
f 1058/1058 1059/1059 1060/1060
f 1058/1058 1060/1060 1061/1061
f 1059/1059 1062/1062 1063/1063
f 1059/1059 1063/1063 1060/1060
f 1062/1062 1064/1064 1065/1065
f 1062/1062 1065/1065 1063/1063
f 1064/1064 1066/1066 1067/1067
f 1064/1064 1067/1067 1065/1065
f 1066/1066 1068/1068 1069/1069
f 1066/1066 1069/1069 1067/1067
f 1068/1068 1070/1070 1071/1071
f 1068/1068 1071/1071 1069/1069
f 1072/1072 1073/1073 1074/1074
f 1072/1072 1074/1074 1075/1075
f 1073/1073 1076/1076 1077/1077
f 1073/1073 1077/1077 1074/1074
f 1076/1076 1078/1078 1079/1079
f 1076/1076 1079/1079 1077/1077
f 1078/1078 1080/1080 1081/1081
f 1078/1078 1081/1081 1079/1079
f 1082/1082 1083/1083 1084/1084
f 1082/1082 1084/1084 1085/1085
f 1083/1083 1086/1086 1087/1087
f 1083/1083 1087/1087 1084/1084
f 1088/1088 1089/1089 1090/1090
f 1088/1088 1090/1090 1091/1091
f 1089/1089 1092/1092 1093/1093
f 1089/1089 1093/1093 1090/1090
f 1094/1094 1095/1095 1096/1096
f 1094/1094 1096/1096 1097/1097
f 1095/1095 1098/1098 1099/1099
f 1095/1095 1099/1099 1096/1096
f 1098/1098 1100/1100 1101/1101
f 1098/1098 1101/1101 1099/1099
f 1100/1100 1102/1102 1103/1103
f 1100/1100 1103/1103 1101/1101
f 1102/1102 1104/1104 1105/1105
f 1102/1102 1105/1105 1103/1103
f 1104/1104 1106/1106 1107/1107
f 1104/1104 1107/1107 1105/1105
f 1108/1108 1109/1109 1110/1110
f 1108/1108 1110/1110 1111/1111
f 1109/1109 1112/1112 1113/1113
f 1109/1109 1113/1113 1110/1110
f 1112/1112 1114/1114 1115/1115
f 1112/1112 1115/1115 1113/1113
f 1114/1114 1116/1116 1117/1117
f 1114/1114 1117/1117 1115/1115
f 1118/1118 1119/1119 1120/1120
f 1118/1118 1120/1120 1121/1121
f 1119/1119 1122/1122 1123/1123
f 1119/1119 1123/1123 1120/1120
f 1124/1124 1125/1125 1126/1126
f 1124/1124 1126/1126 1127/1127
f 1125/1125 1128/1128 1129/1129
f 1125/1125 1129/1129 1126/1126
f 1130/1130 1131/1131 1132/1132
f 1130/1130 1132/1132 1133/1133
f 1131/1131 1134/1134 1135/1135
f 1131/1131 1135/1135 1132/1132
f 1134/1134 1136/1136 1137/1137
f 1134/1134 1137/1137 1135/1135
f 1136/1136 1138/1138 1139/1139
f 1136/1136 1139/1139 1137/1137
f 1138/1138 1140/1140 1141/1141
f 1138/1138 1141/1141 1139/1139
f 1140/1140 1142/1142 1143/1143
f 1140/1140 1143/1143 1141/1141
f 1144/1144 1145/1145 1146/1146
f 1144/1144 1146/1146 1147/1147
f 1145/1145 1148/1148 1149/1149
f 1145/1145 1149/1149 1146/1146
f 1148/1148 1150/1150 1151/1151
f 1148/1148 1151/1151 1149/1149
f 1150/1150 1152/1152 1153/1153
f 1150/1150 1153/1153 1151/1151
f 1154/1154 1155/1155 1156/1156
f 1154/1154 1156/1156 1157/1157
f 1155/1155 1158/1158 1159/1159
f 1155/1155 1159/1159 1156/1156
f 1160/1160 1161/1161 1162/1162
f 1161/1161 1163/1163 1162/1162
f 1163/1163 1164/1164 1162/1162
f 1164/1164 1165/1165 1162/1162
f 1165/1165 1166/1166 1162/1162
f 1166/1166 1167/1167 1162/1162
f 1167/1167 1168/1168 1162/1162
f 1162/1162 1169/1169 1160/1160
f 1169/1169 1170/1170 1160/1160
f 1170/1170 1171/1171 1160/1160
f 1171/1171 1172/1172 1160/1160
f 1172/1172 1173/1173 1160/1160
f 1173/1173 1174/1174 1160/1160
f 1174/1174 1175/1175 1160/1160
f 1175/1175 1176/1176 1160/1160
f 1160/1160 1176/1176 1177/1177
f 1177/1177 1176/1176 1178/1178
f 1178/1178 1176/1176 1179/1179
f 1179/1179 1176/1176 1180/1180
f 1180/1180 1176/1176 1181/1181
f 1181/1181 1176/1176 1182/1182
f 1182/1182 1176/1176 1183/1183
f 1183/1183 1176/1176 1184/1184
f 1184/1184 1176/1176 1185/1185
f 1185/1185 1176/1176 1186/1186
f 1186/1186 1176/1176 1187/1187
f 1187/1187 1176/1176 1188/1188
f 1176/1176 1189/1189 1188/1188
f 1189/1189 1190/1190 1188/1188
f 1190/1190 1191/1191 1188/1188
f 1191/1191 1192/1192 1188/1188
f 1192/1192 1193/1193 1188/1188
f 1193/1193 1194/1194 1188/1188
f 1194/1194 1195/1195 1188/1188
f 1188/1188 1195/1195 1196/1196
f 1196/1196 1195/1195 1197/1197
f 1168/1168 1198/1198 1162/1162
f 1197/1197 1195/1195 1199/1199
f 1198/1198 1200/1200 1162/1162
f 1199/1199 1195/1195 1201/1201
f 1200/1200 1202/1202 1162/1162
f 1162/1162 1202/1202 1203/1203
f 1202/1202 1204/1204 1203/1203
f 1204/1204 1205/1205 1203/1203
f 1205/1205 1206/1206 1203/1203
f 1206/1206 1207/1207 1203/1203
f 1207/1207 1208/1208 1203/1203
f 1208/1208 1209/1209 1203/1203
f 1209/1209 1210/1210 1203/1203
f 1210/1210 1211/1211 1203/1203
f 1211/1211 1212/1212 1203/1203
f 1212/1212 1213/1213 1203/1203
f 1203/1203 1213/1213 1214/1214
f 1213/1213 1215/1215 1214/1214
f 1214/1214 1215/1215 1216/1216
f 1215/1215 1217/1217 1216/1216
f 1216/1216 1217/1217 1218/1218
f 1217/1217 1219/1219 1218/1218
f 1218/1218 1219/1219 1220/1220
f 1219/1219 1221/1221 1220/1220
f 1220/1220 1221/1221 1222/1222
f 1222/1222 1221/1221 1223/1223
f 1223/1223 1221/1221 1224/1224
f 1221/1221 1225/1225 1224/1224
f 1224/1224 1225/1225 1226/1226
f 1225/1225 1227/1227 1226/1226
f 1226/1226 1227/1227 1228/1228
f 1227/1227 1229/1229 1228/1228
f 1229/1229 1230/1230 1228/1228
f 1228/1228 1230/1230 1231/1231
f 1230/1230 1232/1232 1231/1231
f 1232/1232 1233/1233 1231/1231
f 1231/1231 1233/1233 1234/1234
f 1233/1233 1235/1235 1234/1234
f 1235/1235 1236/1236 1234/1234
f 1236/1236 1237/1237 1234/1234
f 1237/1237 1238/1238 1234/1234
f 1238/1238 1239/1239 1234/1234
f 1239/1239 1240/1240 1234/1234
f 1240/1240 1241/1241 1234/1234
f 1241/1241 1242/1242 1234/1234
f 1242/1242 1243/1243 1234/1234
f 1243/1243 1244/1244 1234/1234
f 1234/1234 1244/1244 1245/1245
f 1244/1244 1246/1246 1245/1245
f 1246/1246 1247/1247 1245/1245
f 1247/1247 1248/1248 1245/1245
f 1245/1245 1248/1248 1249/1249
f 1249/1249 1248/1248 1250/1250
f 1248/1248 1251/1251 1250/1250
f 1250/1250 1251/1251 1252/1252
f 1252/1252 1251/1251 1253/1253
f 1251/1251 1254/1254 1253/1253
f 1253/1253 1254/1254 1255/1255
f 1255/1255 1254/1254 1256/1256
f 1254/1254 1257/1257 1256/1256
f 1256/1256 1257/1257 1258/1258
f 1257/1257 1259/1259 1258/1258
f 1259/1259 1260/1260 1258/1258
f 1260/1260 1261/1261 1258/1258
f 1258/1258 1261/1261 1195/1195
f 1261/1261 1262/1262 1195/1195
f 1262/1262 1263/1263 1195/1195
f 1263/1263 1264/1264 1195/1195
f 1264/1264 1265/1265 1195/1195
f 1265/1265 1266/1266 1195/1195
f 1266/1266 1267/1267 1195/1195
f 1267/1267 1268/1268 1195/1195
f 1268/1268 1269/1269 1195/1195
f 1269/1269 1270/1270 1195/1195
f 1270/1270 1271/1271 1195/1195
f 1195/1195 1271/1271 1201/1201
f 1272/1272 1273/1273 1274/1274
f 1275/1275 1274/1274 1273/1273
f 1273/1273 1276/1276 1275/1275
f 1277/1277 1275/1275 1276/1276
f 1276/1276 1278/1278 1277/1277
f 1279/1279 1277/1277 1278/1278
f 1278/1278 1280/1280 1279/1279
f 1281/1281 1279/1279 1280/1280
f 1280/1280 1282/1282 1281/1281
f 1283/1283 1281/1281 1282/1282
f 1282/1282 1284/1284 1283/1283
f 1285/1285 1283/1283 1284/1284
f 1284/1284 1286/1286 1285/1285
f 1287/1287 1285/1285 1286/1286
f 1286/1286 1288/1288 1287/1287
f 1289/1289 1287/1287 1288/1288
f 1288/1288 1290/1290 1289/1289
f 1291/1291 1289/1289 1290/1290
f 1290/1290 1292/1292 1291/1291
f 1293/1293 1291/1291 1292/1292
f 1292/1292 1294/1294 1293/1293
f 1295/1295 1293/1293 1294/1294
f 1294/1294 1296/1296 1295/1295
f 1297/1297 1295/1295 1296/1296
f 1296/1296 1298/1298 1297/1297
f 1299/1299 1297/1297 1298/1298
f 1300/1300 1299/1299 1298/1298
f 1298/1298 1301/1301 1300/1300
f 1302/1302 1300/1300 1301/1301
f 1301/1301 1303/1303 1302/1302
f 1304/1304 1302/1302 1303/1303
f 1303/1303 1305/1305 1304/1304
f 1306/1306 1304/1304 1305/1305
f 1305/1305 1307/1307 1306/1306
f 1308/1308 1306/1306 1307/1307
f 1307/1307 1309/1309 1308/1308
f 1310/1310 1308/1308 1309/1309
f 1309/1309 1311/1311 1310/1310
f 1312/1312 1310/1310 1311/1311
f 1311/1311 1313/1313 1312/1312
f 1314/1314 1312/1312 1313/1313
f 1313/1313 1315/1315 1314/1314
f 1316/1316 1314/1314 1315/1315
f 1315/1315 1317/1317 1316/1316
f 1318/1318 1316/1316 1317/1317
f 1317/1317 1319/1319 1318/1318
f 1320/1320 1318/1318 1319/1319
f 1319/1319 1321/1321 1320/1320
f 1322/1322 1320/1320 1321/1321
f 1321/1321 1323/1323 1322/1322
f 1324/1324 1322/1322 1323/1323
f 1323/1323 1325/1325 1324/1324
f 1326/1326 1324/1324 1325/1325
f 1325/1325 1327/1327 1326/1326
f 1328/1328 1326/1326 1327/1327
f 1327/1327 1329/1329 1328/1328
f 1330/1330 1328/1328 1329/1329
f 1329/1329 1331/1331 1330/1330
f 1332/1332 1330/1330 1331/1331
f 1333/1333 1332/1332 1331/1331
f 1331/1331 1334/1334 1333/1333
f 1335/1335 1333/1333 1334/1334
f 1334/1334 1336/1336 1335/1335
f 1337/1337 1335/1335 1336/1336
f 1338/1338 1337/1337 1336/1336
f 1336/1336 1339/1339 1338/1338
f 1340/1340 1338/1338 1339/1339
f 1339/1339 1341/1341 1340/1340
f 1342/1342 1340/1340 1341/1341
f 1341/1341 1343/1343 1342/1342
f 1344/1344 1342/1342 1343/1343
f 1343/1343 1345/1345 1344/1344
f 1346/1346 1344/1344 1345/1345
f 1345/1345 1347/1347 1346/1346
f 1348/1348 1346/1346 1347/1347
f 1347/1347 1272/1272 1348/1348
f 1274/1274 1348/1348 1272/1272
f 1349/1349 1350/1350 1351/1351
f 1352/1352 1351/1351 1350/1350
f 1350/1350 1353/1353 1352/1352
f 1353/1353 1354/1354 1352/1352
f 1354/1354 1355/1355 1352/1352
f 1356/1356 1357/1357 1355/1355
f 1357/1357 1358/1358 1355/1355
f 1358/1358 1359/1359 1355/1355
f 1359/1359 1360/1360 1355/1355
f 1361/1361 1362/1362 1363/1363
f 1363/1363 1364/1364 1361/1361
f 1365/1365 1361/1361 1364/1364
f 1364/1364 1366/1366 1365/1365
f 1366/1366 1367/1367 1365/1365
f 1368/1368 1369/1369 1370/1370
f 1369/1369 1371/1371 1370/1370
f 1371/1371 1372/1372 1370/1370
f 1373/1373 1370/1370 1372/1372
f 1372/1372 1374/1374 1373/1373
f 1374/1374 1375/1375 1373/1373
f 1375/1375 1376/1376 1373/1373
f 1377/1377 1373/1373 1376/1376
f 1376/1376 1378/1378 1377/1377
f 1379/1379 1377/1377 1378/1378
f 1378/1378 1380/1380 1379/1379
f 1380/1380 1381/1381 1379/1379
f 1381/1381 1382/1382 1379/1379
f 1382/1382 1383/1383 1379/1379
f 1383/1383 1384/1384 1379/1379
f 1384/1384 1385/1385 1379/1379
f 1385/1385 1386/1386 1379/1379
f 1387/1387 1388/1388 1386/1386
f 1386/1386 1389/1389 1387/1387
f 1390/1390 1391/1391 1392/1392
f 1391/1391 1393/1393 1392/1392
f 1393/1393 1394/1394 1392/1392
f 1394/1394 1395/1395 1392/1392
f 1351/1351 1392/1392 1395/1395
f 1395/1395 1349/1349 1351/1351
f 1396/1396 1361/1361 1397/1397
f 1397/1397 1361/1361 1398/1398
f 1398/1398 1361/1361 1399/1399
f 1399/1399 1361/1361 1400/1400
f 1401/1401 1365/1365 1402/1402
f 1401/1401 1403/1403 1365/1365
f 1403/1403 1361/1361 1365/1365
f 1396/1396 1404/1404 1361/1361
f 1404/1404 1362/1362 1361/1361
f 1404/1404 1405/1405 1362/1362
f 1405/1405 1360/1360 1362/1362
f 1405/1405 1406/1406 1360/1360
f 1406/1406 1407/1407 1360/1360
f 1407/1407 1355/1355 1360/1360
f 1407/1407 1408/1408 1355/1355
f 1408/1408 1409/1409 1355/1355
f 1409/1409 1410/1410 1355/1355
f 1410/1410 1411/1411 1355/1355
f 1411/1411 1412/1412 1355/1355
f 1412/1412 1352/1352 1355/1355
f 1412/1412 1413/1413 1352/1352
f 1413/1413 1414/1414 1352/1352
f 1414/1414 1415/1415 1352/1352
f 1415/1415 1416/1416 1352/1352
f 1417/1417 1351/1351 1418/1418
f 1418/1418 1351/1351 1419/1419
f 1419/1419 1351/1351 1420/1420
f 1420/1420 1351/1351 1421/1421
f 1421/1421 1351/1351 1422/1422
f 1416/1416 1351/1351 1352/1352
f 1402/1402 1365/1365 1423/1423
f 1423/1423 1365/1365 1367/1367
f 1423/1423 1367/1367 1424/1424
f 1424/1424 1367/1367 1370/1370
f 1424/1424 1370/1370 1425/1425
f 1370/1370 1426/1426 1425/1425
f 1427/1427 1426/1426 1370/1370
f 1370/1370 1428/1428 1427/1427
f 1428/1428 1370/1370 1429/1429
f 1429/1429 1370/1370 1373/1373
f 1373/1373 1430/1430 1429/1429
f 1430/1430 1373/1373 1431/1431
f 1432/1432 1431/1431 1373/1373
f 1373/1373 1377/1377 1432/1432
f 1432/1432 1377/1377 1433/1433
f 1434/1434 1433/1433 1377/1377
f 1435/1435 1434/1434 1377/1377
f 1436/1436 1435/1435 1377/1377
f 1437/1437 1379/1379 1438/1438
f 1437/1437 1439/1439 1379/1379
f 1439/1439 1440/1440 1379/1379
f 1440/1440 1441/1441 1379/1379
f 1441/1441 1442/1442 1379/1379
f 1438/1438 1379/1379 1443/1443
f 1443/1443 1379/1379 1444/1444
f 1444/1444 1379/1379 1445/1445
f 1445/1445 1379/1379 1446/1446
f 1446/1446 1379/1379 1447/1447
f 1447/1447 1379/1379 1448/1448
f 1449/1449 1448/1448 1379/1379
f 1449/1449 1379/1379 1386/1386
f 1449/1449 1386/1386 1450/1450
f 1450/1450 1386/1386 1451/1451
f 1451/1451 1386/1386 1452/1452
f 1386/1386 1453/1453 1452/1452
f 1453/1453 1386/1386 1388/1388
f 1453/1453 1388/1388 1454/1454
f 1454/1454 1388/1388 1455/1455
f 1456/1456 1455/1455 1388/1388
f 1457/1457 1456/1456 1388/1388
f 1417/1417 1458/1458 1351/1351
f 1458/1458 1459/1459 1351/1351
f 1459/1459 1460/1460 1351/1351
f 1460/1460 1392/1392 1351/1351
f 1460/1460 1461/1461 1392/1392
f 1461/1461 1462/1462 1392/1392
f 1462/1462 1463/1463 1392/1392
f 1463/1463 1464/1464 1392/1392
f 1464/1464 1389/1389 1392/1392
f 1464/1464 1465/1465 1389/1389
f 1465/1465 1466/1466 1389/1389
f 1466/1466 1467/1467 1389/1389
f 1467/1467 1468/1468 1389/1389
f 1468/1468 1387/1387 1389/1389
f 1469/1469 1470/1470 1471/1471
f 1472/1472 1473/1473 1474/1474
f 1475/1475 1476/1476 1477/1477
f 1478/1478 1479/1479 1480/1480
f 1481/1481 1482/1482 1483/1483
f 1481/1481 1483/1483 1484/1484
f 1471/1471 1485/1485 1469/1469
f 1486/1486 1487/1487 1470/1470
f 1486/1486 1470/1470 1469/1469
f 1474/1474 1488/1488 1472/1472
f 1489/1489 1482/1482 1481/1481
f 1480/1480 1490/1490 1491/1491
f 1490/1490 1492/1492 1491/1491
f 1480/1480 1489/1489 1490/1490
f 1493/1493 1477/1477 1476/1476
f 1494/1494 1495/1495 1476/1476
f 1494/1494 1476/1476 1475/1475
f 1489/1489 1480/1480 1479/1479
f 1472/1472 1488/1488 1496/1496
f 1481/1481 1490/1490 1489/1489
f 1497/1497 1498/1498 1499/1499
f 1497/1497 1499/1499 1500/1500
f 1498/1498 1501/1501 1499/1499
f 1502/1502 1499/1499 1501/1501
f 1503/1503 1504/1504 1505/1505
f 1504/1504 1506/1506 1505/1505
f 1507/1507 1508/1508 1509/1509
f 1507/1507 1509/1509 1510/1510
f 1508/1508 1511/1511 1509/1509
f 1512/1512 1509/1509 1511/1511
f 1513/1513 1514/1514 1515/1515
f 1514/1514 1516/1516 1515/1515
f 1517/1517 1518/1518 1519/1519
f 1517/1517 1519/1519 1520/1520
f 1521/1521 1522/1522 1523/1523
f 1521/1521 1523/1523 1524/1524
f 1525/1525 1526/1526 1527/1527
f 1525/1525 1527/1527 1528/1528
f 1529/1529 1530/1530 1531/1531
f 1529/1529 1531/1531 1532/1532
f 1533/1533 1534/1534 1535/1535
f 1536/1536 1537/1537 1538/1538
f 1539/1539 1540/1540 1541/1541
f 1539/1539 1541/1541 1542/1542
f 1543/1543 1544/1544 1545/1545
f 1543/1543 1545/1545 1546/1546
f 1547/1547 1548/1548 1549/1549
f 1547/1547 1549/1549 1550/1550
f 1551/1551 1552/1552 1553/1553
f 1551/1551 1553/1553 1554/1554
f 1555/1555 1556/1556 1557/1557
f 1555/1555 1557/1557 1558/1558
f 1559/1559 1560/1560 1561/1561
f 1559/1559 1561/1561 1562/1562
f 1563/1563 1564/1564 1565/1565
f 1563/1563 1565/1565 1566/1566
f 1567/1567 1568/1568 1569/1569
f 1567/1567 1569/1569 1570/1570
f 1571/1571 1572/1572 1573/1573
f 1571/1571 1573/1573 1574/1574
f 1575/1575 1576/1576 1577/1577
f 1575/1575 1577/1577 1578/1578
f 1579/1579 1580/1580 1581/1581
f 1579/1579 1581/1581 1582/1582
f 1583/1583 1584/1584 1585/1585
f 1583/1583 1585/1585 1586/1586
f 1587/1587 1588/1588 1589/1589
f 1587/1587 1589/1589 1590/1590
f 1591/1591 1592/1592 1593/1593
f 1591/1591 1593/1593 1594/1594
f 1595/1595 1596/1596 1597/1597
f 1595/1595 1597/1597 1598/1598
f 1599/1599 1600/1600 1601/1601
f 1599/1599 1601/1601 1602/1602
f 1603/1603 1604/1604 1605/1605
f 1605/1605 1606/1606 1607/1607
f 1604/1604 1606/1606 1605/1605
f 1607/1607 1606/1606 1608/1608
f 1608/1608 1606/1606 1609/1609
f 1609/1609 1606/1606 1610/1610
f 1610/1610 1606/1606 1611/1611
f 1611/1611 1612/1612 1613/1613
f 1612/1612 1611/1611 1606/1606
f 1613/1613 1612/1612 1614/1614
f 1614/1614 1612/1612 1615/1615
f 1615/1615 1612/1612 1616/1616
f 1616/1616 1612/1612 1617/1617
f 1618/1618 1619/1619 1620/1620
f 1621/1621 1620/1620 1622/1622
f 1621/1621 1618/1618 1620/1620
f 1621/1621 1622/1622 1623/1623
f 1621/1621 1623/1623 1624/1624
f 1621/1621 1624/1624 1625/1625
f 1621/1621 1625/1625 1626/1626
f 1627/1627 1626/1626 1628/1628
f 1626/1626 1627/1627 1629/1629
f 1629/1629 1621/1621 1626/1626
f 1627/1627 1628/1628 1630/1630
f 1627/1627 1630/1630 1631/1631
f 1627/1627 1631/1631 1632/1632
f 1633/1633 1634/1634 1635/1635
f 1636/1636 1637/1637 1638/1638
f 1639/1639 1633/1633 1635/1635
f 1640/1640 1641/1641 1642/1642
f 1643/1643 1644/1644 1645/1645
f 1641/1641 1646/1646 1642/1642
f 1647/1647 1648/1648 1649/1649
f 1647/1647 1649/1649 1650/1650
f 1650/1650 1651/1651 1647/1647
f 1651/1651 1650/1650 1652/1652
f 1651/1651 1652/1652 1653/1653
f 1654/1654 1655/1655 1656/1656
f 1654/1654 1656/1656 1657/1657
f 1657/1657 1658/1658 1654/1654
f 1658/1658 1657/1657 1659/1659
f 1658/1658 1659/1659 1660/1660
f 1661/1661 1662/1662 1663/1663
f 1663/1663 1662/1662 1664/1664
f 1665/1665 1664/1664 1662/1662
f 1664/1664 1665/1665 1666/1666
f 1666/1666 1665/1665 1667/1667
f 1668/1668 1669/1669 1670/1670
f 1670/1670 1669/1669 1671/1671
f 1672/1672 1671/1671 1669/1669
f 1671/1671 1672/1672 1673/1673
f 1673/1673 1672/1672 1674/1674
f 1675/1675 1676/1676 1677/1677
f 1675/1675 1677/1677 1678/1678
f 1679/1679 1680/1680 1681/1681
f 1679/1679 1681/1681 1682/1682
f 1680/1680 1683/1683 1684/1684
f 1680/1680 1684/1684 1681/1681
f 1685/1685 1686/1686 1687/1687
f 1688/1688 1689/1689 1690/1690
f 1689/1689 1691/1691 1690/1690
f 1691/1691 1692/1692 1693/1693
f 1691/1691 1693/1693 1690/1690
f 1692/1692 1694/1694 1695/1695
f 1692/1692 1695/1695 1693/1693
f 1696/1696 1697/1697 1698/1698
f 1699/1699 1700/1700 1701/1701
f 1699/1699 1702/1702 1700/1700
f 1699/1699 1703/1703 1704/1704
f 1699/1699 1704/1704 1702/1702
f 1703/1703 1705/1705 1706/1706
f 1703/1703 1706/1706 1704/1704
f 1707/1707 1708/1708 1709/1709
f 1707/1707 1709/1709 1710/1710
f 1711/1711 1712/1712 1713/1713
f 1711/1711 1713/1713 1714/1714
f 1712/1712 1715/1715 1716/1716
f 1712/1712 1716/1716 1713/1713
f 1678/1678 1717/1717 1675/1675
f 1678/1678 1718/1718 1717/1717
f 1687/1687 1719/1719 1685/1685
f 1687/1687 1720/1720 1719/1719
f 1698/1698 1721/1721 1696/1696
f 1698/1698 1722/1722 1721/1721
f 1710/1710 1723/1723 1707/1707
f 1710/1710 1724/1724 1723/1723
f 1725/1725 1726/1726 1727/1727
f 1728/1728 1727/1727 1726/1726
f 1729/1729 1730/1730 1731/1731
f 1732/1732 1731/1731 1730/1730
f 1733/1733 1734/1734 1735/1735
f 1736/1736 1735/1735 1734/1734
f 1737/1737 1738/1738 1739/1739
f 1740/1740 1739/1739 1738/1738
f 1741/1741 1742/1742 1743/1743
f 1744/1744 1745/1745 1746/1746
f 1746/1746 1745/1745 1747/1747
f 1748/1748 1749/1749 1750/1750
f 1751/1751 1748/1748 1750/1750
f 1752/1752 1753/1753 1754/1754
f 1755/1755 1754/1754 1753/1753
f 1756/1756 1755/1755 1753/1753
f 1757/1757 1758/1758 1759/1759
f 1760/1760 1761/1761 1762/1762
f 1763/1763 1764/1764 1765/1765
f 1766/1766 1765/1765 1767/1767
f 1768/1768 1769/1769 1770/1770
f 1771/1771 1772/1772 1773/1773
f 1774/1774 1775/1775 1776/1776
f 1777/1777 1778/1778 1779/1779
f 1771/1771 1777/1777 1779/1779
f 1759/1759 1780/1780 1757/1757
f 1781/1781 1780/1780 1759/1759
f 1782/1782 1783/1783 1784/1784
f 1759/1759 1785/1785 1781/1781
f 1782/1782 1784/1784 1786/1786
f 1787/1787 1788/1788 1789/1789
f 1790/1790 1789/1789 1788/1788
f 1784/1784 1790/1790 1786/1786
f 1790/1790 1788/1788 1786/1786
f 1789/1789 1790/1790 1791/1791
f 1790/1790 1792/1792 1791/1791
f 1793/1793 1794/1794 1789/1789
f 1791/1791 1793/1793 1789/1789
f 1795/1795 1762/1762 1758/1758
f 1757/1757 1795/1795 1758/1758
f 1789/1789 1794/1794 1787/1787
f 1795/1795 1796/1796 1762/1762
f 1797/1797 1764/1764 1794/1794
f 1793/1793 1779/1779 1797/1797
f 1797/1797 1794/1794 1793/1793
f 1798/1798 1799/1799 1760/1760
f 1799/1799 1761/1761 1760/1760
f 1762/1762 1796/1796 1760/1760
f 1800/1800 1801/1801 1802/1802
f 1803/1803 1765/1765 1766/1766
f 1797/1797 1767/1767 1765/1765
f 1765/1765 1764/1764 1797/1797
f 1797/1797 1779/1779 1767/1767
f 1767/1767 1779/1779 1804/1804
f 1805/1805 1770/1770 1769/1769
f 1806/1806 1807/1807 1808/1808
f 1805/1805 1809/1809 1770/1770
f 1810/1810 1811/1811 1812/1812
f 1813/1813 1814/1814 1815/1815
f 1813/1813 1815/1815 1791/1791
f 1816/1816 1793/1793 1806/1806
f 1817/1817 1807/1807 1806/1806
f 1793/1793 1817/1817 1806/1806
f 1817/1817 1793/1793 1815/1815
f 1817/1817 1815/1815 1818/1818
f 1793/1793 1791/1791 1815/1815
f 1819/1819 1768/1768 1776/1776
f 1769/1769 1768/1768 1819/1819
f 1772/1772 1816/1816 1773/1773
f 1793/1793 1816/1816 1772/1772
f 1819/1819 1776/1776 1820/1820
f 1771/1771 1779/1779 1772/1772
f 1779/1779 1793/1793 1772/1772
f 1821/1821 1822/1822 1775/1775
f 1821/1821 1775/1775 1774/1774
f 1820/1820 1776/1776 1775/1775
f 1777/1777 1771/1771 1823/1823
f 1801/1801 1824/1824 1825/1825
f 1826/1826 1778/1778 1777/1777
f 1827/1827 1784/1784 1783/1783
f 1828/1828 1829/1829 1830/1830
f 1831/1831 1810/1810 1812/1812
f 1832/1832 1815/1815 1814/1814
f 1783/1783 1833/1833 1834/1834
f 1835/1835 1792/1792 1790/1790
f 1784/1784 1836/1836 1790/1790
f 1836/1836 1784/1784 1827/1827
f 1791/1791 1792/1792 1837/1837
f 1813/1813 1791/1791 1838/1838
f 1791/1791 1837/1837 1838/1838
f 1837/1837 1792/1792 1835/1835
f 1839/1839 1840/1840 1841/1841
f 1835/1835 1790/1790 1842/1842
f 1842/1842 1790/1790 1836/1836
f 1843/1843 1818/1818 1815/1815
f 1843/1843 1815/1815 1844/1844
f 1845/1845 1846/1846 1847/1847
f 1818/1818 1848/1848 1817/1817
f 1849/1849 1807/1807 1817/1817
f 1848/1848 1818/1818 1843/1843
f 1817/1817 1848/1848 1849/1849
f 1850/1850 1851/1851 1852/1852
f 1853/1853 1854/1854 1855/1855
f 1856/1856 1850/1850 1852/1852
f 1853/1853 1857/1857 1854/1854
f 1856/1856 1852/1852 1858/1858
f 1857/1857 1859/1859 1854/1854
f 1860/1860 1861/1861 1862/1862
f 1863/1863 1864/1864 1865/1865
f 1866/1866 1860/1860 1862/1862
f 1863/1863 1867/1867 1864/1864
f 1866/1866 1862/1862 1868/1868
f 1864/1864 1867/1867 1869/1869
f 1870/1870 1871/1871 1872/1872
f 1873/1873 1872/1872 1871/1871
f 1874/1874 1875/1875 1876/1876
f 1872/1872 1873/1873 1874/1874
f 1875/1875 1874/1874 1873/1873
f 1876/1876 1877/1877 1874/1874
f 1878/1878 1879/1879 1880/1880
f 1878/1878 1881/1881 1879/1879
f 1882/1882 1883/1883 1884/1884
f 1884/1884 1885/1885 1882/1882
f 1886/1886 1887/1887 1888/1888
f 1889/1889 1887/1887 1886/1886
f 1890/1890 1891/1891 1892/1892
f 1893/1893 1894/1894 1895/1895
f 1893/1893 1896/1896 1894/1894
f 1897/1897 1898/1898 1899/1899
f 1900/1900 1901/1901 1902/1902
f 1903/1903 1901/1901 1904/1904
f 1905/1905 1901/1901 1903/1903
f 1906/1906 1901/1901 1905/1905
f 1907/1907 1901/1901 1906/1906
f 1908/1908 1901/1901 1907/1907
f 1908/1908 1909/1909 1901/1901
f 1910/1910 1909/1909 1908/1908
f 1910/1910 1911/1911 1909/1909
f 1910/1910 1912/1912 1911/1911
f 1913/1913 1914/1914 1915/1915
f 1916/1916 1917/1917 1915/1915
f 1918/1918 1916/1916 1915/1915
f 1919/1919 1918/1918 1915/1915
f 1920/1920 1919/1919 1915/1915
f 1921/1921 1920/1920 1915/1915
f 1921/1921 1915/1915 1922/1922
f 1923/1923 1921/1921 1922/1922
f 1923/1923 1922/1922 1924/1924
f 1923/1923 1924/1924 1925/1925
f 1926/1926 1927/1927 1928/1928
f 1929/1929 1927/1927 1926/1926
f 1930/1930 1927/1927 1929/1929
f 1931/1931 1927/1927 1930/1930
f 1932/1932 1927/1927 1931/1931
f 1933/1933 1927/1927 1932/1932
f 1934/1934 1927/1927 1933/1933
f 1935/1935 1927/1927 1934/1934
f 1936/1936 1927/1927 1935/1935
f 1937/1937 1927/1927 1936/1936
f 1938/1938 1927/1927 1937/1937
f 1939/1939 1927/1927 1938/1938
f 1940/1940 1927/1927 1939/1939
f 1941/1941 1927/1927 1940/1940
f 1942/1942 1927/1927 1941/1941
f 1942/1942 1943/1943 1927/1927
f 1942/1942 1944/1944 1943/1943
f 1942/1942 1945/1945 1944/1944
f 1942/1942 1946/1946 1945/1945
f 1947/1947 1948/1948 1949/1949
f 1950/1950 1951/1951 1949/1949
f 1952/1952 1950/1950 1949/1949
f 1953/1953 1952/1952 1949/1949
f 1954/1954 1953/1953 1949/1949
f 1955/1955 1954/1954 1949/1949
f 1955/1955 1949/1949 1956/1956
f 1957/1957 1955/1955 1956/1956
f 1957/1957 1956/1956 1958/1958
f 1957/1957 1958/1958 1959/1959
f 1960/1960 1961/1961 1962/1962
f 1963/1963 1961/1961 1964/1964
f 1965/1965 1961/1961 1963/1963
f 1966/1966 1961/1961 1965/1965
f 1967/1967 1961/1961 1966/1966
f 1968/1968 1961/1961 1967/1967
f 1968/1968 1969/1969 1961/1961
f 1970/1970 1969/1969 1968/1968
f 1970/1970 1971/1971 1969/1969
f 1970/1970 1972/1972 1971/1971
f 1973/1973 1974/1974 1975/1975
f 1976/1976 1973/1973 1975/1975
f 1977/1977 1976/1976 1975/1975
f 1978/1978 1977/1977 1975/1975
f 1979/1979 1978/1978 1975/1975
f 1980/1980 1979/1979 1975/1975
f 1981/1981 1980/1980 1975/1975
f 1982/1982 1981/1981 1975/1975
f 1983/1983 1982/1982 1975/1975
f 1984/1984 1983/1983 1975/1975
f 1985/1985 1984/1984 1975/1975
f 1986/1986 1985/1985 1975/1975
f 1987/1987 1986/1986 1975/1975
f 1988/1988 1987/1987 1975/1975
f 1989/1989 1988/1988 1975/1975
f 1989/1989 1975/1975 1990/1990
f 1989/1989 1990/1990 1991/1991
f 1989/1989 1991/1991 1992/1992
f 1989/1989 1992/1992 1993/1993
f 1994/1994 1995/1995 1996/1996
f 1997/1997 1995/1995 1998/1998
f 1999/1999 1995/1995 1997/1997
f 2000/2000 1995/1995 1999/1999
f 2001/2001 1995/1995 2000/2000
f 2002/2002 1995/1995 2001/2001
f 2002/2002 2003/2003 1995/1995
f 2004/2004 2003/2003 2002/2002
f 2004/2004 2005/2005 2003/2003
f 2004/2004 2006/2006 2005/2005
f 2007/2007 2008/2008 2009/2009
f 2010/2010 2011/2011 2009/2009
f 2012/2012 2010/2010 2009/2009
f 2013/2013 2012/2012 2009/2009
f 2014/2014 2013/2013 2009/2009
f 2015/2015 2014/2014 2009/2009
f 2015/2015 2009/2009 2016/2016
f 2017/2017 2015/2015 2016/2016
f 2017/2017 2016/2016 2018/2018
f 2017/2017 2018/2018 2019/2019
f 2020/2020 1902/1902 1901/1901
f 1914/1914 2021/2021 1915/1915
f 2022/2022 1915/1915 2021/2021
f 2023/2023 1928/1928 1927/1927
f 1948/1948 2024/2024 1949/1949
f 2024/2024 2025/2025 1949/1949
f 2026/2026 1962/1962 1961/1961
f 1974/1974 2027/2027 1975/1975
f 2027/2027 2028/2028 1975/1975
f 2029/2029 1996/1996 1995/1995
f 2008/2008 2030/2030 2009/2009
f 2031/2031 2009/2009 2030/2030
f 1901/1901 2032/2032 2033/2033
f 1901/1901 2033/2033 2020/2020
f 2033/2033 2032/2032 2034/2034
f 2035/2035 2034/2034 2032/2032
f 2035/2035 2036/2036 2034/2034
f 2037/2037 1915/1915 2022/2022
f 2038/2038 2037/2037 2022/2022
f 2038/2038 2039/2039 2037/2037
f 2040/2040 2037/2037 2039/2039
f 1927/1927 2041/2041 2042/2042
f 2023/2023 1927/1927 2042/2042
f 2042/2042 2041/2041 2043/2043
f 2044/2044 2043/2043 2041/2041
f 2041/2041 2045/2045 2044/2044
f 2046/2046 1949/1949 2025/2025
f 2047/2047 2046/2046 2025/2025
f 2048/2048 2049/2049 2050/2050
f 2049/2049 2048/2048 2051/2051
f 1961/1961 2051/2051 2052/2052
f 2052/2052 2026/2026 1961/1961
f 2048/2048 2052/2052 2051/2051
f 2053/2053 1975/1975 2028/2028
f 2028/2028 2054/2054 2053/2053
f 1995/1995 2055/2055 2056/2056
f 1995/1995 2056/2056 2029/2029
f 2055/2055 2057/2057 2056/2056
f 2058/2058 2057/2057 2055/2055
f 2058/2058 2059/2059 2057/2057
f 2060/2060 2009/2009 2031/2031
f 2061/2061 2060/2060 2031/2031
f 1900/1900 2062/2062 2063/2063
f 2063/2063 2062/2062 2064/2064
f 1901/1901 1900/1900 2065/2065
f 1900/1900 2063/2063 2065/2065
f 2066/2066 2064/2064 2067/2067
f 2063/2063 2064/2064 2066/2066
f 1901/1901 2065/2065 2068/2068
f 2069/2069 2067/2067 2070/2070
f 2069/2069 2066/2066 2067/2067
f 2069/2069 2070/2070 2071/2071
f 1901/1901 2068/2068 2072/2072
f 2073/2073 2071/2071 2074/2074
f 2069/2069 2071/2071 2073/2073
f 2075/2075 2074/2074 2076/2076
f 2073/2073 2074/2074 2075/2075
f 2077/2077 2076/2076 1904/1904
f 2075/2075 2076/2076 2077/2077
f 1901/1901 2072/2072 2078/2078
f 1904/1904 1901/1901 2079/2079
f 2077/2077 1904/1904 2080/2080
f 1904/1904 2079/2079 2080/2080
f 2079/2079 1901/1901 2078/2078
f 2081/2081 1913/1913 2082/2082
f 2081/2081 2082/2082 2083/2083
f 1913/1913 1915/1915 2084/2084
f 2082/2082 1913/1913 2084/2084
f 1915/1915 2085/2085 2084/2084
f 2083/2083 2086/2086 2087/2087
f 2083/2083 2082/2082 2086/2086
f 1915/1915 2088/2088 2085/2085
f 2087/2087 2089/2089 2090/2090
f 2087/2087 2086/2086 2089/2089
f 2090/2090 2089/2089 2091/2091
f 2091/2091 2092/2092 2093/2093
f 2089/2089 2092/2092 2091/2091
f 2093/2093 2094/2094 2095/2095
f 2092/2092 2094/2094 2093/2093
f 2096/2096 2088/2088 1915/1915
f 2095/2095 2097/2097 1917/1917
f 2094/2094 2097/2097 2095/2095
f 1915/1915 2098/2098 2096/2096
f 1915/1915 1917/1917 2098/2098
f 1917/1917 2099/2099 2098/2098
f 2097/2097 2099/2099 1917/1917
f 2100/2100 1947/1947 2101/2101
f 2100/2100 2101/2101 2102/2102
f 1947/1947 1949/1949 2103/2103
f 2103/2103 2101/2101 1947/1947
f 2104/2104 2103/2103 1949/1949
f 2102/2102 2105/2105 2106/2106
f 2102/2102 2101/2101 2105/2105
f 1949/1949 2107/2107 2104/2104
f 2106/2106 2108/2108 2109/2109
f 2106/2106 2105/2105 2108/2108
f 2109/2109 2108/2108 2110/2110
f 2111/2111 2107/2107 1949/1949
f 2110/2110 2112/2112 2113/2113
f 2108/2108 2112/2112 2110/2110
f 2113/2113 2114/2114 2115/2115
f 2112/2112 2114/2114 2113/2113
f 2115/2115 2114/2114 2116/2116
f 2115/2115 2116/2116 1951/1951
f 2117/2117 2111/2111 1949/1949
f 1949/1949 1951/1951 2117/2117
f 1951/1951 2118/2118 2117/2117
f 2118/2118 1951/1951 2116/2116
f 1960/1960 2119/2119 2120/2120
f 2120/2120 2119/2119 2121/2121
f 1961/1961 1960/1960 2122/2122
f 1960/1960 2120/2120 2122/2122
f 2123/2123 2121/2121 2124/2124
f 2121/2121 2123/2123 2120/2120
f 1961/1961 2122/2122 2125/2125
f 2126/2126 2124/2124 2127/2127
f 2124/2124 2126/2126 2123/2123
f 2126/2126 2127/2127 2128/2128
f 1961/1961 2125/2125 2129/2129
f 2130/2130 2128/2128 2131/2131
f 2130/2130 2126/2126 2128/2128
f 2132/2132 2131/2131 2133/2133
f 2132/2132 2130/2130 2131/2131
f 2134/2134 2133/2133 1964/1964
f 2132/2132 2133/2133 2134/2134
f 1961/1961 2129/2129 2135/2135
f 1961/1961 2135/2135 2136/2136
f 1964/1964 1961/1961 2136/2136
f 1964/1964 2136/2136 2137/2137
f 1964/1964 2137/2137 2134/2134
f 1994/1994 2138/2138 2139/2139
f 2139/2139 2138/2138 2140/2140
f 1994/1994 2139/2139 2141/2141
f 1995/1995 1994/1994 2142/2142
f 1994/1994 2141/2141 2142/2142
f 2139/2139 2140/2140 2143/2143
f 1995/1995 2142/2142 2144/2144
f 2145/2145 2143/2143 2146/2146
f 2143/2143 2145/2145 2139/2139
f 2145/2145 2146/2146 2147/2147
f 1995/1995 2144/2144 2148/2148
f 2149/2149 2147/2147 2150/2150
f 2145/2145 2147/2147 2149/2149
f 2151/2151 2150/2150 2152/2152
f 2149/2149 2150/2150 2151/2151
f 2153/2153 2152/2152 1998/1998
f 2151/2151 2152/2152 2153/2153
f 1995/1995 2148/2148 2154/2154
f 1998/1998 1995/1995 2155/2155
f 1998/1998 2155/2155 2156/2156
f 2153/2153 1998/1998 2156/2156
f 2154/2154 2155/2155 1995/1995
f 2157/2157 2007/2007 2158/2158
f 2157/2157 2158/2158 2159/2159
f 2158/2158 2007/2007 2160/2160
f 2007/2007 2009/2009 2161/2161
f 2160/2160 2007/2007 2161/2161
f 2159/2159 2162/2162 2163/2163
f 2162/2162 2159/2159 2158/2158
f 2164/2164 2161/2161 2009/2009
f 2165/2165 2164/2164 2009/2009
f 2163/2163 2162/2162 2166/2166
f 2166/2166 2167/2167 2168/2168
f 2162/2162 2167/2167 2166/2166
f 2168/2168 2169/2169 2170/2170
f 2169/2169 2168/2168 2167/2167
f 2170/2170 2171/2171 2172/2172
f 2171/2171 2170/2170 2169/2169
f 2172/2172 2173/2173 2011/2011
f 2173/2173 2172/2172 2171/2171
f 2165/2165 2009/2009 2174/2174
f 2009/2009 2011/2011 2175/2175
f 2173/2173 2175/2175 2011/2011
f 2175/2175 2174/2174 2009/2009
f 2176/2176 2177/2177 2178/2178
f 2177/2177 2176/2176 2179/2179
f 2180/2180 2181/2181 2182/2182
f 2182/2182 2181/2181 2183/2183
f 2184/2184 2185/2185 2186/2186
f 2184/2184 2187/2187 2185/2185
f 2184/2184 2188/2188 2187/2187
f 2189/2189 2188/2188 2184/2184
f 2189/2189 2190/2190 2188/2188
f 2189/2189 2191/2191 2190/2190
f 2192/2192 2191/2191 2189/2189
f 2192/2192 2193/2193 2191/2191
f 2194/2194 2193/2193 2192/2192
f 2194/2194 2195/2195 2193/2193
f 2196/2196 2195/2195 2194/2194
f 2196/2196 2197/2197 2195/2195
f 2196/2196 2198/2198 2197/2197
f 2196/2196 2199/2199 2198/2198
f 2196/2196 2200/2200 2199/2199
f 2196/2196 2201/2201 2200/2200
f 2196/2196 2202/2202 2201/2201
f 2196/2196 2203/2203 2202/2202
f 2196/2196 2204/2204 2203/2203
f 2205/2205 2204/2204 2196/2196
f 2206/2206 2204/2204 2205/2205
f 2207/2207 2204/2204 2206/2206
f 2208/2208 2204/2204 2207/2207
f 2209/2209 2204/2204 2208/2208
f 2210/2210 2204/2204 2209/2209
f 2211/2211 2204/2204 2210/2210
f 2212/2212 2204/2204 2211/2211
f 2212/2212 2213/2213 2204/2204
f 2212/2212 2214/2214 2213/2213
f 2212/2212 2215/2215 2214/2214
f 2216/2216 2217/2217 2218/2218
f 2216/2216 2218/2218 2219/2219
f 2216/2216 2219/2219 2220/2220
f 2221/2221 2216/2216 2220/2220
f 2221/2221 2220/2220 2222/2222
f 2221/2221 2222/2222 2223/2223
f 2224/2224 2221/2221 2223/2223
f 2224/2224 2223/2223 2225/2225
f 2226/2226 2224/2224 2225/2225
f 2226/2226 2225/2225 2227/2227
f 2228/2228 2226/2226 2227/2227
f 2228/2228 2227/2227 2229/2229
f 2228/2228 2229/2229 2230/2230
f 2228/2228 2230/2230 2231/2231
f 2228/2228 2231/2231 2232/2232
f 2228/2228 2232/2232 2233/2233
f 2228/2228 2233/2233 2234/2234
f 2228/2228 2234/2234 2235/2235
f 2228/2228 2235/2235 2236/2236
f 2237/2237 2228/2228 2236/2236
f 2238/2238 2237/2237 2236/2236
f 2239/2239 2238/2238 2236/2236
f 2240/2240 2239/2239 2236/2236
f 2241/2241 2240/2240 2236/2236
f 2242/2242 2241/2241 2236/2236
f 2243/2243 2242/2242 2236/2236
f 2244/2244 2243/2243 2236/2236
f 2244/2244 2236/2236 2245/2245
f 2244/2244 2245/2245 2246/2246
f 2244/2244 2246/2246 2247/2247
f 2248/2248 2249/2249 2250/2250
f 2250/2250 2251/2251 2248/2248
f 2249/2249 2252/2252 2253/2253
f 2253/2253 2250/2250 2249/2249
f 2252/2252 2254/2254 2255/2255
f 2255/2255 2253/2253 2252/2252
f 2254/2254 2256/2256 2257/2257
f 2257/2257 2255/2255 2254/2254
f 2258/2258 2259/2259 2260/2260
f 2260/2260 2261/2261 2258/2258
f 2259/2259 2262/2262 2263/2263
f 2263/2263 2260/2260 2259/2259
f 2262/2262 2264/2264 2265/2265
f 2265/2265 2263/2263 2262/2262
f 2264/2264 2266/2266 2267/2267
f 2267/2267 2265/2265 2264/2264
f 2268/2268 2269/2269 2270/2270
f 2271/2271 2270/2270 2269/2269
f 2272/2272 2268/2268 2273/2273
f 2270/2270 2273/2273 2268/2268
f 2274/2274 2272/2272 2275/2275
f 2273/2273 2275/2275 2272/2272
f 2276/2276 2274/2274 2277/2277
f 2275/2275 2277/2277 2274/2274
f 2278/2278 2279/2279 2280/2280
f 2281/2281 2280/2280 2279/2279
f 2282/2282 2278/2278 2283/2283
f 2280/2280 2283/2283 2278/2278
f 2284/2284 2282/2282 2285/2285
f 2283/2283 2285/2285 2282/2282
f 2286/2286 2284/2284 2287/2287
f 2285/2285 2287/2287 2284/2284
f 2288/2288 2289/2289 2290/2290
f 2291/2291 2292/2292 2293/2293
f 2294/2294 2295/2295 2296/2296
f 2297/2297 2298/2298 2299/2299
f 2300/2300 2290/2290 2289/2289
f 2301/2301 2293/2293 2292/2292
f 2302/2302 2296/2296 2295/2295
f 2303/2303 2297/2297 2299/2299
f 2304/2304 2305/2305 2306/2306
f 2306/2306 2305/2305 2307/2307
f 2308/2308 2304/2304 2309/2309
f 2309/2309 2304/2304 2306/2306
f 2310/2310 2311/2311 2312/2312
f 2312/2312 2311/2311 2313/2313
f 2314/2314 2310/2310 2315/2315
f 2315/2315 2310/2310 2312/2312
f 2316/2316 2314/2314 2315/2315
f 2317/2317 2316/2316 2315/2315
f 2318/2318 2316/2316 2319/2319
f 2319/2319 2316/2316 2317/2317
f 2320/2320 2321/2321 2322/2322
f 2320/2320 2322/2322 2323/2323
f 2321/2321 2324/2324 2325/2325
f 2321/2321 2325/2325 2322/2322
f 2326/2326 2327/2327 2328/2328
f 2326/2326 2328/2328 2329/2329
f 2327/2327 2330/2330 2331/2331
f 2327/2327 2331/2331 2328/2328
f 2330/2330 2332/2332 2331/2331
f 2332/2332 2333/2333 2331/2331
f 2332/2332 2334/2334 2335/2335
f 2332/2332 2335/2335 2333/2333
f 2336/2336 2337/2337 2338/2338
f 2339/2339 2340/2340 2341/2341
f 2340/2340 2342/2342 2341/2341
f 2343/2343 2318/2318 2344/2344
f 2345/2345 2318/2318 2319/2319
f 2319/2319 2346/2346 2345/2345
f 2345/2345 2344/2344 2318/2318
f 2347/2347 2343/2343 2344/2344
f 2348/2348 2349/2349 2350/2350
f 2351/2351 2352/2352 2337/2337
f 2338/2338 2337/2337 2352/2352
f 2334/2334 2353/2353 2335/2335
f 2354/2354 2335/2335 2353/2353
f 2355/2355 2353/2353 2334/2334
f 2334/2334 2356/2356 2355/2355
f 2357/2357 2358/2358 2359/2359
f 2358/2358 2360/2360 2359/2359
f 2361/2361 2362/2362 2363/2363
f 2364/2364 2361/2361 2363/2363
f 2365/2365 2366/2366 2367/2367
f 2367/2367 2368/2368 2365/2365
f 2369/2369 2370/2370 2371/2371
f 2371/2371 2372/2372 2369/2369
f 2373/2373 2374/2374 2375/2375
f 2375/2375 2376/2376 2373/2373
f 2377/2377 2378/2378 2379/2379
f 2379/2379 2380/2380 2377/2377
f 2381/2381 2382/2382 2383/2383
f 2384/2384 2383/2383 2382/2382
f 2385/2385 2386/2386 2387/2387
f 2388/2388 2387/2387 2386/2386
f 2389/2389 2390/2390 2391/2391
f 2392/2392 2391/2391 2390/2390
f 2393/2393 2394/2394 2395/2395
f 2396/2396 2395/2395 2394/2394
f 2397/2397 2398/2398 2399/2399
f 2400/2400 2401/2401 2402/2402
f 2403/2403 2404/2404 2405/2405
f 2406/2406 2407/2407 2408/2408
f 2399/2399 2398/2398 2409/2409
f 2410/2410 2411/2411 2412/2412
f 2413/2413 2411/2411 2410/2410
f 2414/2414 2402/2402 2401/2401
f 2415/2415 2416/2416 2417/2417
f 2415/2415 2417/2417 2418/2418
f 2419/2419 2420/2420 2421/2421
f 2422/2422 2405/2405 2404/2404
f 2423/2423 2421/2421 2420/2420
f 2407/2407 2424/2424 2408/2408
f 2425/2425 2426/2426 2427/2427
f 2428/2428 2427/2427 2426/2426
f 2429/2429 2430/2430 2431/2431
f 2431/2431 2430/2430 2432/2432
f 2433/2433 2429/2429 2434/2434
f 2434/2434 2429/2429 2431/2431
f 2435/2435 2433/2433 2436/2436
f 2436/2436 2433/2433 2434/2434
f 2437/2437 2435/2435 2438/2438
f 2438/2438 2435/2435 2436/2436
f 2439/2439 2440/2440 2441/2441
f 2441/2441 2440/2440 2442/2442
f 2443/2443 2439/2439 2444/2444
f 2444/2444 2439/2439 2441/2441
f 2445/2445 2443/2443 2446/2446
f 2446/2446 2443/2443 2444/2444
f 2447/2447 2445/2445 2448/2448
f 2448/2448 2445/2445 2446/2446
f 2449/2449 2447/2447 2450/2450
f 2450/2450 2447/2447 2448/2448
f 2451/2451 2449/2449 2452/2452
f 2452/2452 2449/2449 2450/2450
f 2453/2453 2454/2454 2455/2455
f 2455/2455 2454/2454 2456/2456
f 2457/2457 2453/2453 2458/2458
f 2458/2458 2453/2453 2455/2455
f 2459/2459 2457/2457 2460/2460
f 2460/2460 2457/2457 2458/2458
f 2461/2461 2462/2462 2463/2463
f 2461/2461 2463/2463 2464/2464
f 2462/2462 2465/2465 2466/2466
f 2462/2462 2466/2466 2463/2463
f 2465/2465 2467/2467 2468/2468
f 2465/2465 2468/2468 2466/2466
f 2467/2467 2469/2469 2470/2470
f 2467/2467 2470/2470 2468/2468
f 2471/2471 2472/2472 2473/2473
f 2471/2471 2473/2473 2474/2474
f 2472/2472 2475/2475 2476/2476
f 2472/2472 2476/2476 2473/2473
f 2475/2475 2477/2477 2478/2478
f 2475/2475 2478/2478 2476/2476
f 2477/2477 2479/2479 2480/2480
f 2477/2477 2480/2480 2478/2478
f 2479/2479 2481/2481 2482/2482
f 2479/2479 2482/2482 2480/2480
f 2481/2481 2483/2483 2484/2484
f 2481/2481 2484/2484 2482/2482
f 2485/2485 2486/2486 2487/2487
f 2485/2485 2487/2487 2488/2488
f 2486/2486 2489/2489 2490/2490
f 2486/2486 2490/2490 2487/2487
f 2489/2489 2491/2491 2492/2492
f 2489/2489 2492/2492 2490/2490
f 2493/2493 2494/2494 2495/2495
f 2495/2495 2496/2496 2493/2493
f 2497/2497 2498/2498 2499/2499
f 2499/2499 2500/2500 2497/2497
f 2501/2501 2502/2502 2503/2503
f 2504/2504 2503/2503 2502/2502
f 2505/2505 2506/2506 2507/2507
f 2508/2508 2507/2507 2506/2506
f 2509/2509 2510/2510 2511/2511
f 2512/2512 2513/2513 2514/2514
f 2513/2513 2515/2515 2514/2514
f 2516/2516 2517/2517 2518/2518
f 2519/2519 2520/2520 2521/2521
f 2519/2519 2522/2522 2520/2520
f 2523/2523 2524/2524 2525/2525
f 2526/2526 2527/2527 2528/2528
f 2529/2529 2527/2527 2526/2526
f 2530/2530 2531/2531 2532/2532
f 2531/2531 2533/2533 2532/2532
f 2534/2534 2535/2535 2536/2536
f 2511/2511 2537/2537 2509/2509
f 2538/2538 2518/2518 2517/2517
f 2525/2525 2539/2539 2523/2523
f 2536/2536 2535/2535 2540/2540
f 2541/2541 2542/2542 2543/2543
f 2544/2544 2542/2542 2541/2541
f 2545/2545 2542/2542 2544/2544
f 2546/2546 2542/2542 2547/2547
f 2548/2548 2542/2542 2546/2546
f 2549/2549 2542/2542 2548/2548
f 2550/2550 2542/2542 2549/2549
f 2551/2551 2542/2542 2550/2550
f 2551/2551 2552/2552 2542/2542
f 2551/2551 2553/2553 2552/2552
f 2551/2551 2554/2554 2553/2553
f 2555/2555 2556/2556 2557/2557
f 2557/2557 2556/2556 2558/2558
f 2558/2558 2556/2556 2559/2559
f 2560/2560 2556/2556 2561/2561
f 2561/2561 2556/2556 2562/2562
f 2562/2562 2556/2556 2563/2563
f 2563/2563 2556/2556 2564/2564
f 2556/2556 2565/2565 2564/2564
f 2564/2564 2565/2565 2566/2566
f 2565/2565 2567/2567 2566/2566
f 2567/2567 2568/2568 2566/2566
f 2542/2542 2545/2545 2569/2569
f 2570/2570 2542/2542 2569/2569
f 2545/2545 2571/2571 2569/2569
f 2569/2569 2571/2571 2572/2572
f 2572/2572 2571/2571 2573/2573
f 2570/2570 2574/2574 2542/2542
f 2572/2572 2573/2573 2575/2575
f 2575/2575 2573/2573 2576/2576
f 2575/2575 2576/2576 2577/2577
f 2575/2575 2577/2577 2578/2578
f 2578/2578 2577/2577 2579/2579
f 2542/2542 2574/2574 2580/2580
f 2578/2578 2579/2579 2581/2581
f 2581/2581 2579/2579 2582/2582
f 2581/2581 2582/2582 2583/2583
f 2583/2583 2582/2582 2547/2547
f 2547/2547 2542/2542 2584/2584
f 2542/2542 2580/2580 2585/2585
f 2584/2584 2542/2542 2585/2585
f 2583/2583 2547/2547 2586/2586
f 2584/2584 2586/2586 2547/2547
f 2559/2559 2556/2556 2587/2587
f 2556/2556 2588/2588 2587/2587
f 2589/2589 2559/2559 2587/2587
f 2587/2587 2590/2590 2589/2589
f 2589/2589 2590/2590 2591/2591
f 2592/2592 2588/2588 2556/2556
f 2591/2591 2590/2590 2593/2593
f 2591/2591 2593/2593 2594/2594
f 2595/2595 2594/2594 2593/2593
f 2594/2594 2595/2595 2596/2596
f 2597/2597 2596/2596 2595/2595
f 2596/2596 2597/2597 2598/2598
f 2599/2599 2592/2592 2556/2556
f 2597/2597 2600/2600 2598/2598
f 2598/2598 2600/2600 2601/2601
f 2600/2600 2602/2602 2601/2601
f 2601/2601 2602/2602 2560/2560
f 2556/2556 2560/2560 2603/2603
f 2556/2556 2603/2603 2604/2604
f 2604/2604 2599/2599 2556/2556
f 2602/2602 2603/2603 2560/2560
f 2605/2605 2606/2606 2607/2607
f 2605/2605 2608/2608 2606/2606
f 2605/2605 2609/2609 2608/2608
f 2605/2605 2610/2610 2611/2611
f 2605/2605 2612/2612 2610/2610
f 2605/2605 2613/2613 2612/2612
f 2605/2605 2614/2614 2613/2613
f 2605/2605 2615/2615 2614/2614
f 2616/2616 2615/2615 2605/2605
f 2617/2617 2615/2615 2616/2616
f 2618/2618 2615/2615 2617/2617
f 2619/2619 2620/2620 2621/2621
f 2619/2619 2621/2621 2622/2622
f 2619/2619 2622/2622 2623/2623
f 2619/2619 2624/2624 2625/2625
f 2619/2619 2625/2625 2626/2626
f 2619/2619 2626/2626 2627/2627
f 2619/2619 2627/2627 2628/2628
f 2629/2629 2619/2619 2628/2628
f 2629/2629 2628/2628 2630/2630
f 2631/2631 2629/2629 2630/2630
f 2632/2632 2631/2631 2630/2630
f 2609/2609 2605/2605 2633/2633
f 2605/2605 2634/2634 2633/2633
f 2635/2635 2609/2609 2633/2633
f 2635/2635 2633/2633 2636/2636
f 2635/2635 2636/2636 2637/2637
f 2638/2638 2634/2634 2605/2605
f 2637/2637 2636/2636 2639/2639
f 2637/2637 2639/2639 2640/2640
f 2640/2640 2639/2639 2641/2641
f 2641/2641 2639/2639 2642/2642
f 2641/2641 2642/2642 2643/2643
f 2638/2638 2605/2605 2644/2644
f 2643/2643 2642/2642 2645/2645
f 2643/2643 2645/2645 2646/2646
f 2646/2646 2645/2645 2647/2647
f 2646/2646 2647/2647 2611/2611
f 2605/2605 2611/2611 2648/2648
f 2644/2644 2605/2605 2649/2649
f 2605/2605 2648/2648 2649/2649
f 2611/2611 2647/2647 2650/2650
f 2650/2650 2648/2648 2611/2611
f 2619/2619 2623/2623 2651/2651
f 2652/2652 2619/2619 2651/2651
f 2623/2623 2653/2653 2651/2651
f 2654/2654 2651/2651 2653/2653
f 2654/2654 2653/2653 2655/2655
f 2652/2652 2656/2656 2619/2619
f 2654/2654 2655/2655 2657/2657
f 2657/2657 2655/2655 2658/2658
f 2658/2658 2659/2659 2657/2657
f 2659/2659 2658/2658 2660/2660
f 2660/2660 2661/2661 2659/2659
f 2661/2661 2660/2660 2662/2662
f 2656/2656 2663/2663 2619/2619
f 2664/2664 2661/2661 2662/2662
f 2664/2664 2662/2662 2665/2665
f 2666/2666 2664/2664 2665/2665
f 2666/2666 2665/2665 2624/2624
f 2624/2624 2619/2619 2667/2667
f 2667/2667 2619/2619 2668/2668
f 2663/2663 2668/2668 2619/2619
f 2667/2667 2666/2666 2624/2624
f 2669/2669 2670/2670 2671/2671
f 2672/2672 2673/2673 2555/2555
f 2672/2672 2555/2555 2674/2674
f 2675/2675 2670/2670 2676/2676
f 2675/2675 2676/2676 2677/2677
f 2541/2541 2543/2543 2678/2678
f 2541/2541 2678/2678 2679/2679
f 2543/2543 2669/2669 2680/2680
f 2543/2543 2680/2680 2681/2681
f 2682/2682 2683/2683 2620/2620
f 2620/2620 2683/2683 2684/2684
f 2621/2621 2620/2620 2684/2684
f 2606/2606 2685/2685 2686/2686
f 2687/2687 2607/2607 2686/2686
f 2688/2688 2673/2673 2672/2672
f 2669/2669 2689/2689 2680/2680
f 2689/2689 2669/2669 2671/2671
f 2671/2671 2670/2670 2675/2675
f 2675/2675 2677/2677 2690/2690
f 2676/2676 2670/2670 2691/2691
f 2692/2692 2673/2673 2688/2688
f 2693/2693 2692/2692 2688/2688
f 2692/2692 2693/2693 2694/2694
f 2692/2692 2694/2694 2695/2695
f 2696/2696 2692/2692 2695/2695
f 2697/2697 2557/2557 2698/2698
f 2678/2678 2543/2543 2681/2681
f 2557/2557 2697/2697 2699/2699
f 2555/2555 2557/2557 2699/2699
f 2674/2674 2555/2555 2699/2699
f 2683/2683 2682/2682 2700/2700
f 2701/2701 2702/2702 2607/2607
f 2701/2701 2607/2607 2687/2687
f 2703/2703 2702/2702 2701/2701
f 2704/2704 2703/2703 2705/2705
f 2682/2682 2706/2706 2700/2700
f 2704/2704 2702/2702 2703/2703
f 2707/2707 2685/2685 2606/2606
f 2708/2708 2621/2621 2709/2709
f 2686/2686 2607/2607 2606/2606
f 2709/2709 2621/2621 2710/2710
f 2621/2621 2684/2684 2710/2710
f 2711/2711 2712/2712 2713/2713
f 2711/2711 2713/2713 2714/2714
f 2711/2711 2714/2714 2715/2715
f 2711/2711 2715/2715 2716/2716
f 2711/2711 2716/2716 2717/2717
f 2711/2711 2717/2717 2718/2718
f 2711/2711 2718/2718 2719/2719
f 2711/2711 2719/2719 2720/2720
f 2711/2711 2720/2720 2721/2721
f 2711/2711 2721/2721 2722/2722
f 2711/2711 2722/2722 2723/2723
f 2711/2711 2723/2723 2712/2712
f 2724/2724 2725/2725 2726/2726
f 2727/2727 2726/2726 2725/2725
f 2728/2728 2729/2729 2730/2730
f 2729/2729 2731/2731 2730/2730
f 2732/2732 2733/2733 2724/2724
f 2724/2724 2733/2733 2725/2725
f 2730/2730 2731/2731 2734/2734
f 2731/2731 2735/2735 2734/2734
f 2736/2736 2737/2737 2732/2732
f 2732/2732 2737/2737 2733/2733
f 2736/2736 2738/2738 2737/2737
f 2739/2739 2740/2740 2741/2741
f 2742/2742 2743/2743 2744/2744
f 2738/2738 2745/2745 2737/2737
f 2743/2743 2746/2746 2747/2747
f 2743/2743 2747/2747 2744/2744
f 2741/2741 2740/2740 2748/2748
f 2749/2749 2750/2750 2751/2751
f 2746/2746 2752/2752 2747/2747
f 2741/2741 2748/2748 2753/2753
f 2748/2748 2754/2754 2753/2753
f 2750/2750 2753/2753 2755/2755
f 2753/2753 2754/2754 2755/2755
f 2750/2750 2755/2755 2751/2751
f 2756/2756 2757/2757 2758/2758
f 2758/2758 2759/2759 2756/2756
f 2760/2760 2761/2761 2762/2762
f 2763/2763 2764/2764 2758/2758
f 2764/2764 2759/2759 2758/2758
f 2762/2762 2765/2765 2760/2760
f 2762/2762 2766/2766 2765/2765
f 2767/2767 2763/2763 2768/2768
f 2767/2767 2764/2764 2763/2763
f 2766/2766 2769/2769 2765/2765
f 2770/2770 2771/2771 2772/2772
f 2773/2773 2774/2774 2768/2768
f 2768/2768 2774/2774 2767/2767
f 2775/2775 2776/2776 2777/2777
f 2777/2777 2776/2776 2778/2778
f 2779/2779 2780/2780 2775/2775
f 2775/2775 2780/2780 2776/2776
f 2770/2770 2772/2772 2781/2781
f 2781/2781 2772/2772 2782/2782
f 2782/2782 2772/2772 2783/2783
f 2784/2784 2785/2785 2782/2782
f 2785/2785 2784/2784 2786/2786
f 2783/2783 2784/2784 2782/2782
f 2787/2787 2786/2786 2784/2784
f 2788/2788 2789/2789 2790/2790
f 2791/2791 2792/2792 2793/2793
f 2793/2793 2794/2794 2791/2791
f 2795/2795 2796/2796 2793/2793
f 2794/2794 2793/2793 2796/2796
f 2797/2797 2788/2788 2790/2790
f 2796/2796 2795/2795 2798/2798
f 2798/2798 2799/2799 2796/2796
f 2800/2800 2799/2799 2798/2798
f 2800/2800 2798/2798 2801/2801
f 2802/2802 2803/2803 2804/2804
f 2805/2805 2806/2806 2788/2788
f 2805/2805 2788/2788 2797/2797
f 2802/2802 2804/2804 2807/2807
f 2802/2802 2807/2807 2808/2808
f 2808/2808 2807/2807 2809/2809
f 2810/2810 2811/2811 2812/2812
f 2813/2813 2814/2814 2815/2815
f 2815/2815 2816/2816 2813/2813
f 2816/2816 2815/2815 2817/2817
f 2816/2816 2817/2817 2818/2818
f 2812/2812 2811/2811 2819/2819
f 2813/2813 2819/2819 2814/2814
f 2812/2812 2819/2819 2813/2813
f 2820/2820 2821/2821 2822/2822
f 2823/2823 2824/2824 2825/2825
f 2826/2826 2825/2825 2824/2824
f 2827/2827 2828/2828 2825/2825
f 2825/2825 2826/2826 2827/2827
f 2821/2821 2829/2829 2822/2822
f 2828/2828 2827/2827 2830/2830
f 2831/2831 2830/2830 2827/2827
f 2831/2831 2832/2832 2830/2830
f 2830/2830 2832/2832 2833/2833
f 2834/2834 2835/2835 2836/2836
f 2837/2837 2838/2838 2821/2821
f 2821/2821 2838/2838 2829/2829
f 2836/2836 2835/2835 2839/2839
f 2839/2839 2835/2835 2840/2840
f 2839/2839 2840/2840 2841/2841
f 2842/2842 2843/2843 2844/2844
f 2845/2845 2846/2846 2847/2847
f 2848/2848 2847/2847 2846/2846
f 2847/2847 2848/2848 2849/2849
f 2849/2849 2848/2848 2850/2850
f 2842/2842 2844/2844 2851/2851
f 2851/2851 2846/2846 2845/2845
f 2851/2851 2844/2844 2846/2846
f 2852/2852 2853/2853 2854/2854
f 2855/2855 2856/2856 2857/2857
f 2858/2858 2859/2859 2860/2860
f 2860/2860 2861/2861 2858/2858
f 2862/2862 2863/2863 2864/2864
f 2864/2864 2863/2863 2865/2865
f 2865/2865 2863/2863 2866/2866
f 2866/2866 2863/2863 2867/2867
f 2867/2867 2863/2863 2868/2868
f 2868/2868 2863/2863 2869/2869
f 2869/2869 2863/2863 2870/2870
f 2870/2870 2863/2863 2871/2871
f 2871/2871 2863/2863 2872/2872
f 2872/2872 2863/2863 2873/2873
f 2873/2873 2863/2863 2874/2874
f 2874/2874 2863/2863 2862/2862
f 2875/2875 2876/2876 2877/2877
f 2876/2876 2875/2875 2878/2878
f 2878/2878 2879/2879 2876/2876
f 2880/2880 2881/2881 2882/2882
f 2883/2883 2877/2877 2884/2884
f 2877/2877 2883/2883 2875/2875
f 2882/2882 2885/2885 2880/2880
f 2885/2885 2882/2882 2886/2886
f 2877/2877 2887/2887 2884/2884
f 2884/2884 2887/2887 2888/2888
f 2886/2886 2889/2889 2885/2885
f 2890/2890 2891/2891 2892/2892
f 2893/2893 2894/2894 2895/2895
f 2896/2896 2888/2888 2887/2887
f 2895/2895 2897/2897 2898/2898
f 2897/2897 2895/2895 2894/2894
f 2899/2899 2900/2900 2901/2901
f 2902/2902 2898/2898 2897/2897
f 2892/2892 2903/2903 2890/2890
f 2903/2903 2892/2892 2904/2904
f 2901/2901 2905/2905 2904/2904
f 2904/2904 2905/2905 2906/2906
f 2905/2905 2901/2901 2900/2900
f 2904/2904 2906/2906 2903/2903
f 2907/2907 2908/2908 2909/2909
f 2910/2910 2907/2907 2909/2909
f 2907/2907 2910/2910 2911/2911
f 2912/2912 2911/2911 2910/2910
f 2913/2913 2908/2908 2914/2914
f 2909/2909 2908/2908 2913/2913
f 2915/2915 2916/2916 2917/2917
f 2915/2915 2918/2918 2916/2916
f 2917/2917 2916/2916 2919/2919
f 2920/2920 2914/2914 2921/2921
f 2914/2914 2920/2920 2913/2913
f 2917/2917 2919/2919 2922/2922
f 2923/2923 2924/2924 2925/2925
f 2926/2926 2924/2924 2923/2923
f 2927/2927 2925/2925 2928/2928
f 2923/2923 2925/2925 2927/2927
f 2929/2929 2930/2930 2931/2931
f 2932/2932 2930/2930 2929/2929
f 2933/2933 2934/2934 2935/2935
f 2936/2936 2935/2935 2934/2934
f 2937/2937 2938/2938 2935/2935
f 2929/2929 2931/2931 2938/2938
f 2938/2938 2937/2937 2929/2929
f 2935/2935 2936/2936 2937/2937
f 2939/2939 2940/2940 2941/2941
f 2942/2942 2943/2943 2944/2944
f 2941/2941 2945/2945 2939/2939
f 2944/2944 2946/2946 2942/2942
f 2947/2947 2948/2948 2949/2949
f 2950/2950 2951/2951 2952/2952
f 2953/2953 2954/2954 2955/2955
f 2956/2956 2957/2957 2958/2958
f 2959/2959 2960/2960 2961/2961
f 2962/2962 2963/2963 2964/2964
f 2965/2965 2966/2966 2967/2967
f 2968/2968 2969/2969 2970/2970
f 2971/2971 2972/2972 2973/2973
f 2974/2974 2975/2975 2976/2976
f 2977/2977 2978/2978 2979/2979
f 2980/2980 2981/2981 2982/2982
f 2983/2983 2984/2984 2985/2985
f 2986/2986 2987/2987 2988/2988
f 2989/2989 2990/2990 2991/2991
f 2992/2992 2993/2993 2994/2994
f 2995/2995 2996/2996 2997/2997
f 2998/2998 2999/2999 3000/3000
f 3001/3001 3002/3002 3003/3003
f 3004/3004 3005/3005 3006/3006
f 3007/3007 3008/3008 3009/3009
f 3010/3010 3011/3011 3012/3012
f 3013/3013 3014/3014 3015/3015
f 3016/3016 3017/3017 3018/3018
f 3019/3019 3020/3020 3021/3021
f 3022/3022 3023/3023 3024/3024
f 3025/3025 3026/3026 3027/3027
f 3028/3028 3029/3029 3030/3030
f 3031/3031 3032/3032 3033/3033
f 3034/3034 3035/3035 3036/3036
f 3037/3037 3038/3038 3039/3039
f 3040/3040 3041/3041 3042/3042
f 3043/3043 3044/3044 3045/3045
f 3046/3046 3047/3047 3048/3048
f 3049/3049 3050/3050 3051/3051
f 3052/3052 3053/3053 3054/3054
f 3055/3055 3056/3056 3057/3057
f 3058/3058 3059/3059 3060/3060
f 3061/3061 3062/3062 3063/3063
f 3064/3064 3065/3065 3066/3066
f 3067/3067 3068/3068 3069/3069
f 3070/3070 3071/3071 3072/3072
f 3073/3073 3074/3074 3075/3075
f 3076/3076 3077/3077 3078/3078
f 3079/3079 3080/3080 3081/3081
f 3082/3082 3083/3083 3084/3084
f 3085/3085 3086/3086 3087/3087
f 3088/3088 3089/3089 3090/3090
f 3091/3091 3092/3092 3093/3093
f 3094/3094 3095/3095 3096/3096
f 3097/3097 3098/3098 3099/3099
f 3100/3100 3101/3101 3102/3102
f 3103/3103 3104/3104 3105/3105
f 3106/3106 3107/3107 3108/3108
f 3109/3109 3110/3110 3111/3111
f 3112/3112 3113/3113 3114/3114
f 3115/3115 3116/3116 3117/3117
f 3118/3118 3119/3119 3120/3120
f 3121/3121 3122/3122 3123/3123
f 3124/3124 3125/3125 3126/3126
f 3127/3127 3128/3128 3129/3129
# 2644 faces

