id,rva,size,phase,state,work_unit,implementation,implementation_symbol,static_proof,dynamic_proof,direct_callees,indirect_calls
phys_fn_000001,0x00001000,48,2,discovered,gap:<start>..Actor.cpp,,,,,,
phys_fn_000022,0x00001840,27,2,reconstructed,gap:<start>..Actor.cpp,Physics/src/core/JointSupport.cpp,,"transcribed from the Capstone listing (oracle/capstone/manifest.json, authoritative) with oracle/ghidra/manifest.json as a cross-check; contract units/joint-open-items-contract.md (## Scene joint rows) (joint-open-items Task 2)","executed under the internal-slot differential: a cdb breakpoint at this row's address in the candidate build (build/Release/NxPhysics.map) was hit 14 times in NxPhysicsJointSlotTests against the staged candidate pair (NxPhysics.dll sha256 5fc6534573c8cd34, identical to build/Release/NxPhysics.dll), with the slot transcript identical to the oracle's (stdout_delta=0, 146/146 registered lines); trace excerpt committed as evidence/joint-open-items-trace-slots.txt (joint-open-items Task 6)",phys_fn_000754,
phys_fn_000429,0x0000dc00,67,2,dynamically_gated,PhysicsSDK.cpp,Physics/src/PhysicsSDK.cpp,PhysicsSDK::getParameter,,,,0x0000dc31  call dword ptr [0x101041b4]
phys_fn_000445,0x0000ded0,16,2,reconstructed,PhysicsSDK.cpp,,,"recorded in docs/reconstruction/novodex-physics/evidence/phase2-fluid-visualization.md: ""| `phys_fn_000445` | `0x0000ded0` | 16 | Visualization | `PhysicsSDK::clearDebugRenderable` |"" (backfilled 7j from that document; the row was already written up there, the proof field was never filled in).",,,0x0000dedc  jmp dword ptr [eax + 0x18]
phys_fn_000509,0x00010200,33,2,reconstructed,gap:PhysicsSDK.cpp..Scene.cpp,Physics/src/Scene.cpp,,"3 dword moves to arg; ret 4; product row transcribed from the Capstone listing (oracle/capstone/manifest.json, authoritative) with oracle/ghidra/manifest.json as a cross-check; contract units/effector-coredump-contract.md (## Core dump, ### Task 3b record); reachable from the public API since effector-and-coredump Task 4 wired NpPhysicsSDK::coreDump (phys_fn_000267) (effector-and-coredump Task 3b); NxSceneInternal::getGravity",confirmed via triplecopy drive (3z58): failures=0,,
phys_fn_000537,0x000106d0,16,7,reconstructed,Scene.cpp,,,"pushes ecx, reads the x87 status word (fnstcw) into a local, stores it to [this+0]; pop; ret",runs twice consistently producing the same valid control word (0x027f); static-proof fnstcw fetch (3z110),,
phys_fn_000598,0x00010f50,138,7,reconstructed,Scene.cpp,Physics/src/Scene.cpp,,"transcribed from the Capstone listing (oracle/capstone/manifest.json, authoritative) with oracle/ghidra/manifest.json as a cross-check; contract units/joint-open-items-contract.md (## Scene joint rows) (joint-open-items Task 2)","executed under the internal-slot differential: a cdb breakpoint at this row's address in the candidate build (build/Release/NxPhysics.map) was hit 2 times in NxPhysicsJointSlotTests against the staged candidate pair (NxPhysics.dll sha256 5fc6534573c8cd34, identical to build/Release/NxPhysics.dll), with the slot transcript identical to the oracle's (stdout_delta=0, 146/146 registered lines); trace excerpt committed as evidence/joint-open-items-trace-slots.txt (joint-open-items Task 6)",,0x00010f80  call dword ptr [edx + 8]; 0x00010fc4  call dword ptr [edx + 0x14]
phys_fn_000600,0x00010fe0,122,7,discovered,Scene.cpp,,,,,phys_fn_000001,0x00011011  call dword ptr [edx + 0x14]; 0x0001102e  call dword ptr [edx + 8]
phys_fn_000608,0x00011190,124,7,discovered,Scene.cpp,,,,,phys_fn_000445;phys_fn_000724;phys_fn_001976,
phys_fn_000610,0x00011210,80,7,discovered,Scene.cpp,,,,,phys_fn_000726,
phys_fn_000611,0x00011260,269,7,discovered,Scene.cpp,,,,,phys_fn_000600;phys_fn_000708;phys_fn_000730;phys_fn_004176,
phys_fn_000615,0x000113c0,127,7,discovered,Scene.cpp,,,,,phys_fn_000022;phys_fn_000770;phys_fn_004165,
phys_fn_000635,0x000127e0,176,7,discovered,Scene.cpp,,,,,phys_fn_000720;phys_fn_000762;phys_fn_000764,
phys_fn_000636,0x00012890,75,7,discovered,Scene.cpp,,,,,phys_fn_000732,
phys_fn_000655,0x000137e0,475,7,reconstructed,Scene.cpp,Physics/src/Scene.cpp,NxSceneInternal::simulateFrame,"RVA 0x000137e0 translates the active-step body: nonzero-timestep guard, frame counter/wrap, 000635/000608 prepass, awake self-root collection and allocator growth, effector list at Scene+0x5a4 with vtable slot 2, then the 000610/000611/000636/000615/002350/000917 sequence. Whole-row mutation falsification remains open.","Public spring/damper scene-step fixture reaches the effector dispatch and matches both fixed substeps exactly; second-step x velocity is 0x3e8e38e3 (evidence/effector-step-integration.md; build/FluidGate/effector-tick-green.log). Current full NxPhysicsSimulationTests differential also passes in Phase 7 (build/FluidGate/phase7-fluid-step.log).",phys_fn_000608;phys_fn_000610;phys_fn_000611;phys_fn_000615;phys_fn_000635;phys_fn_000636;phys_fn_000713;phys_fn_000917;phys_fn_002350,0x000138e0  call dword ptr [edx + 8]; 0x0001391e  call dword ptr [edx + 0x14]; 0x00013976  call dword ptr [eax + 8]
phys_fn_000659,0x00013c40,447,7,reconstructed,Scene.cpp,Physics/src/Scene.cpp,NxSceneInternal::simulateFrame,"RVA 0x00013c40 saves FP control state, selects variable/fixed scheduling, computes and caps fixed-step iterations, initializes scheduler fields, calls 000655 for every substep, calls 003630 after each substep when Scene+0x61c has a manager, clamps remaining time, calls 003632 once after the loop, then restores FP control state. Whole-row mutation falsification remains open.","Current full NxPhysicsSimulationTests paired differential passes in Phase 7. The disabled-manager fixture executes two fixed frames and matches three warnings: one stepFluids warning per frame and one generateSurfaceMeshes warning after stepping (build/FluidGate/fluid-step-green.log; phase7-fluid-step.log).",phys_fn_000537;phys_fn_000655;phys_fn_003630;phys_fn_003632,0x00013c7d  call dword ptr [0x101041a0]; 0x00013c83  call dword ptr [0x101041a4]
phys_fn_000708,0x00015c20,130,7,reconstructed,gap:SceneRaycast.cpp..CapsuleShape.cpp,Physics/src/Island.cpp,,"transcribed from the Capstone listing (oracle/capstone/manifest.json, authoritative) in scene-raycast Task 4 (island sub-area): Walked 0x15c20-0x15ca1: thiscall on the body record, plain ret; the four dword triples from the +0x204 JointSupportBody (+0x00/+0x10/+0x44/+0x50) to +0x34/+0x40/+0x1a0/+0x1ac with +0x1e4 |= 0x20 after the second, +0x204 re-read per group, all reproduced by Island.cpp Row000708Fixture::row000708. Reachable only from the simulation step (000613); no public path while NpScene::simulate is a stub. units/scene-raycast-contract.md",,,
phys_fn_000712,0x00015d30,32,2,reconstructed,gap:SceneRaycast.cpp..CapsuleShape.cpp,Physics/src/core/JointSupport.cpp,,"transcribed from the Capstone listing (oracle/capstone/manifest.json, authoritative) with oracle/ghidra/manifest.json as a cross-check; contract units/joint-open-items-contract.md (## Scene joint rows) (joint-open-items Task 2)",,,
phys_fn_000713,0x00015d50,32,2,reconstructed,gap:SceneRaycast.cpp..CapsuleShape.cpp,Physics/src/core/JointSupport.cpp,,"recursive path compression over the record chain: each record caches its group root at +0x1e8; a non-self cache recurses down the chain, stores the fixed root back, and returns it -- union-find find(); product row transcribed from the Capstone listing (oracle/capstone/manifest.json, authoritative) with oracle/ghidra/manifest.json as a cross-check; contract units/effector-coredump-contract.md (## Effector) (effector-and-coredump Task 2); re-walked in scene-raycast Task 2 against 0x15d50-0x15d6f (logic, offsets and the reload of +0x1e8 for the return match). Merge of main into the scene-raycast block: main's thiscall Row000713Fixture::row000713 (core/JointSupport.cpp: stores the root, then reloads +0x1e8) is the claimed product row; the block's callers 000776 (BodyCreation.cpp DynamicBody::destruct) and the island rows (Island.cpp islandGroupCompress) call it; ObjectModel.cpp's cdecl nxBodyRecordFixRoot is now an unclaimed helper kept for 000744, whose harnesses link ObjectModel.cpp without core/JointSupport.cpp.","executed under the effector staged-pair transcript: a cdb breakpoint at this row's address in the candidate build (build/Release/NxPhysics.map) was hit 4 times in NxPhysicsEffectorTests against the staged candidate pair (NxPhysics.dll sha256 2f9815a105ac1fe5, identical to build/Release/NxPhysics.dll at the time of the trace), with the Phase 6/7 staged-pair transcript byte-identical to the oracle (stdout_delta=0, 79/79 effector coverage lines); trace excerpt committed as evidence/effector-and-coredump-trace-effector.txt (effector-and-coredump Task 2; re-recorded on the merge of main into the NpActor.cpp completion branch) Re-pinned after the second merge of main (482a621) into the scene-raycast block: evidence/scene-raycast-trace-merge2.txt, candidate NxPhysics.dll sha256 79b7950faf904173 (build/pairs/candidate, identical to build/Release/NxPhysics.dll, commit aa1d080, the merge c6d6620 with its 000784 noinline fix), 20 staged targets, both sides; candidate breakpoint ?row000713@Row000713Fixture@@QAEPAU1@XZ hit 4 times (Eff 4); equal to the oracle's except DSet 4/0: DSet 4/0: NpActor.cpp's 000062 walks the chain itself, as recorded at the first merge.",,
phys_fn_000714,0x00015d70,328,7,reconstructed,gap:SceneRaycast.cpp..CapsuleShape.cpp,Physics/src/Island.cpp,,"transcribed from the Capstone listing (oracle/capstone/manifest.json, authoritative) in scene-raycast Task 4 (island sub-area): Walked 0x15d70-0x15eb5 (x87): thiscall ret 4; the +0x1b8/G+0x1f4 check and 0.4f wake raise (test ah,5; jp: ordered below 0x101053d4), the saved/live velocity choice on +0x1e4 bit 5, |v|^2 kept and |w|^2 spilled to float as the listing does, both ordered below +0xd0/+0xd4, the wake decrement (fst, then the register value against 0) and the final +0x114 bit-8 clear are reproduced by Island.cpp Row000714Fixture::row000714. Reachable only from the simulation step (000636 -> 000732 -> row); no public path while NpScene::simulate is a stub. units/scene-raycast-contract.md",,,
phys_fn_000716,0x00015ec0,277,7,reconstructed,gap:SceneRaycast.cpp..CapsuleShape.cpp,Physics/src/Island.cpp,,"transcribed from the Capstone listing (oracle/capstone/manifest.json, authoritative) in scene-raycast Task 4 (island sub-area): Walked 0x15ec0-0x15fd2: thiscall ret 4; both finds as the inlined 000712 pattern (other first, its root read before this record's find), the unsigned rank comparison (jbe), the absorbed root's parent, the +0x1d4/+0x1d0 list splice, the +0x1c4/+0x1c8 sums, the +0x1e4 bit-1 transfer and the unconditional rank increment of the else arm are reproduced by Island.cpp Row000716Fixture::row000716. Reachable only from the simulation step (000635 -> 000762 -> row); no public path while NpScene::simulate is a stub. Integration review: 0x15f79-0x15f85 increments the surviving (other) root's rank on every else-arm merge; there is no tie test (the contract row's 'bumps rank on a tie' is corrected). units/scene-raycast-contract.md",,phys_fn_000712,
phys_fn_000718,0x00015fe0,285,7,reconstructed,gap:SceneRaycast.cpp..CapsuleShape.cpp,Physics/src/Island.cpp,,"transcribed from the Capstone listing (oracle/capstone/manifest.json, authoritative) in scene-raycast Task 4 (island sub-area): Walked 0x15fe0-0x160fa: thiscall ret 4; the two sleep-group finds (000713 on each parent, other first), unsigned rank compare on +0x1ec, the +0x200/+0x1fc splice, the +0x1f0/+0x1f4 word sums and the +0x1f8 float sum in the listing's operand order, and the unconditional else-arm rank increment are reproduced by Island.cpp Row000718Fixture::row000718 (000713 is called through the cdecl nxBodyRecordFixRoot, a recorded code-shape difference). Reachable only from the simulation step (000608 -> 000724 -> row); no public path while NpScene::simulate is a stub. Integration review: 0x16095-0x160a1, the same unconditional else-arm rank increment as 000716. units/scene-raycast-contract.md",,phys_fn_000713,
phys_fn_000720,0x00016100,46,7,reconstructed,gap:SceneRaycast.cpp..CapsuleShape.cpp,Physics/src/Island.cpp,,"transcribed from the Capstone listing (oracle/capstone/manifest.json, authoritative) in scene-raycast Task 4 (island sub-area): Walked 0x16100-0x1612d: thiscall, plain ret; the inlined 000712 find and the +0x1e4 bit-1 test calling 004172 cdecl on the root are reproduced by Island.cpp Row000720Fixture::row000720; 004172 itself is not reconstructed and has no candidate anywhere (open stand-in nxBodyIslandRebuild004172Open, a no-op, no stable-ID line). Reachable only from the simulation step (000635); no public path while NpScene::simulate is a stub. units/scene-raycast-contract.md",,phys_fn_000712;phys_fn_004172,
phys_fn_000722,0x00016130,127,2,reconstructed,gap:SceneRaycast.cpp..CapsuleShape.cpp,Physics/src/core/JointSupport.cpp,,"transcribed from the Capstone listing (oracle/capstone/manifest.json, authoritative; 0x16130-0x161ae) and walked in scene-raycast Task 4 (body-creation): thiscall on the record, plain `ret`. The +0x1bc root refreshed through 000712 on the parent when the record is not its own root (0x16144); a record that is its own root stores in +0x1cc the largest +0x4c over its +0x1d0 chain from 0.0 (`fcom [c+0x4c]; test ah, 5; jp`: only an ordered smaller running value is replaced), otherwise the root's +0x1cc = 0x4b7afafa; then the seven dwords +0x1bc..+0x1d4 copied to +0x1e8 and +0x25c, +0x208 zeroed. Candidate Row000722Fixture::row000722 (Physics/src/core/JointSupport.cpp, noinline), the function main already carries (effector-and-coredump Task 2), brought here unchanged so the merge is a no-op (its header comment line reworded to begin `// Row`, the marker rule of this block). JointSupport.cpp is built /arch:IA32; the values are floats loaded exactly, so no precision question arises. Called by 000797 (0x1b702) and 000776 (0x185ba, 0x185cf) in BodyCreation.cpp; its step caller 000764 is the island sub-area's. units/scene-raycast-contract.md","executed under the 12 Phase 5 staged-pair targets, NxPhysicsBodyCreationTests (new, Phase 5), the Phase 6/7 joint targets and NxPhysicsSceneRaycastTests: a cdb breakpoint on the candidate symbol (build/Release/NxPhysics.map) was hit 258 times (Life 18, DynF 3, BFlag 3, Dyn 6, DSet 12, Mom 9, Force 33, CMass 30, BodyC 18, JSP 24, JAll 6, JSlot 81, SRay 15: one call from each record constructor and two from each record destructor) against the staged candidate pair (NxPhysics.dll sha256 cc7aba6d1e8075b2, identical to build/Release/NxPhysics.dll), per target exactly the oracle row's count at its RVA on the same targets; the ordered sequences of the eleven compared labels (000797, 000801, 000793, 000722, 000748, 000776, 000799, 000768, 000785, 002421, 002411) are identical on the two sides (1,249 hits each); every target stdout_delta=0; trace excerpt committed as evidence/scene-raycast-trace-task4-body-creation.txt (scene-raycast Task 4, body-creation); also, from main (effector-and-coredump Task 2): hit 4 times in NxPhysicsEffectorTests against that session's candidate pair (NxPhysics.dll sha256 8313db1b0e34b3e9; evidence/effector-and-coredump-trace-effector.txt) Re-traced after the merge of main (scene-raycast Task 5): candidate NxPhysics.dll sha256 34a6c8baefc2caf7 (merge commit cd3db01) over 20 staged targets including main's NxPhysicsEffectorTests and NxPhysicsCoreDumpTests, per target exactly the oracle row's count; evidence/scene-raycast-trace-merge.txt. Re-pinned after the second merge of main (482a621) into the scene-raycast block: evidence/scene-raycast-trace-merge2.txt, candidate NxPhysics.dll sha256 79b7950faf904173 (build/pairs/candidate, identical to build/Release/NxPhysics.dll, commit aa1d080, the merge c6d6620 with its 000784 noinline fix), 20 staged targets, both sides; candidate breakpoint ?row000722@Row000722Fixture@@QAEXXZ hit 672 times (Life 18, DynF 3, BFlag 27, Dyn 15, DSet 24, Mom 36, Force 93, CMass 75, SMut 156, BodyC 21, JSP 24, JAll 6, JSlot 81, SRay 21, SVis 15, Eff 12, Dump 45); equal to the oracle row's count on every target.",phys_fn_000712,
phys_fn_000724,0x000161b0,175,7,reconstructed,gap:SceneRaycast.cpp..CapsuleShape.cpp,Physics/src/Island.cpp,,"transcribed from the Capstone listing (oracle/capstone/manifest.json, authoritative) in scene-raycast Task 4 (island sub-area): Walked 0x161b0-0x1625c: thiscall ret 8; the +0x25c increments, the 000713 finds, root+0x1f0 increment, the +0x11c (jb) owner choice for the +0x208/+0x100 push and the 000718 call are reproduced by Island.cpp Row000724Fixture::row000724. Reachable only from the simulation step (000608); no public path while NpScene::simulate is a stub. units/scene-raycast-contract.md",,phys_fn_000713;phys_fn_000718,
phys_fn_000726,0x00016260,1371,7,reconstructed,gap:SceneRaycast.cpp..CapsuleShape.cpp,Physics/src/BodyStep.cpp,,"transcribed from the Capstone listing (oracle/capstone/manifest.json, authoritative) in scene-raycast Task 4 (island sub-area): Walked 0x16260-0x167b8 (x87): thiscall ret 8; the kinematic arm (target position and quaternion delta, hemisphere flip, normalisation, the 0/pi/_CIacos angle through the x87CIacos stand-in for CRT row 005697, the (a invDt + a invDt)/sqrt(1 - w w) rate kept in registers, the Scene+0x550/+0x558 target reset) and the dynamic arm (pair-count scale gated by NX_ADAPTIVE_FORCE; the oracle live word at .data 0x10123c00 is initialized from SDK defaults, force/gravity and torque integration with the listing's spills, linear and angular damping, the +0xd8 angular clamp) are reproduced by BodyStep.cpp Row000726Fixture::row000726; _CIacos's _87except error reporting is not reproduced (no returned value changes). Reachable only from the simulation step (000610); no public path while NpScene::simulate is a stub. Integration review (scene-raycast Task 4): the kinematic arm 0x16274-0x1653e and the dynamic arm 0x16541-0x167b8 re-walked against the listing and the compiled BodyStep.obj: the linear/angular sums, the quaternion product and its four-term orders, the hemisphere and |r.w - 1| tests (NaN arms included), the damping compares (`test ah,5; jp`) and the clamp (`test ah,0x41; jne`) agree in value with every float spill; the compiler drops the intermediate +0x34..+0x48 stores that both damping arms overwrite (final words equal), keeps the pair scale in a qword spill; its enabled pair-count behavior is verified by the three-body stack differential, and x87FsqrtQuotDot3 re-forms the clamp's |w|^2 in the listing's order. units/scene-raycast-contract.md",,,
phys_fn_000728,0x000167c0,108,7,reconstructed,gap:SceneRaycast.cpp..CapsuleShape.cpp,Physics/src/Island.cpp,,"transcribed from the Capstone listing (oracle/capstone/manifest.json, authoritative) in scene-raycast Task 4 (island sub-area): Walked 0x167c0-0x16829: thiscall ret 8; the +0x1d8 joint walk (+0x160=-1, +0x164=0, direct call of 004133 = Joint::row_slot6 with the first argument) and the +0x208 pair walk calling 000897 on pair+0x14 with ([[+0x19c]+4], a1, a2) are reproduced by Island.cpp Row000728Fixture::row000728; 000897 is ContactPairManager.cpp NxActorPair::row000897 (reconstructed in the same integration; the call's ecx = pair node + 0x14 and its three stack arguments were checked against 0x16809-0x16816, `ret 0xc`). Reachable only from the simulation step (000611 -> 000730 -> row); no public path while NpScene::simulate is a stub. units/scene-raycast-contract.md",,phys_fn_000897;phys_fn_004133,
phys_fn_000730,0x00016830,42,7,reconstructed,gap:SceneRaycast.cpp..CapsuleShape.cpp,Physics/src/Island.cpp,,"transcribed from the Capstone listing (oracle/capstone/manifest.json, authoritative) in scene-raycast Task 4 (island sub-area): Walked 0x16830-0x16857: thiscall ret 8 with a null-this test; 000728(a1, a2) on each record of the +0x1fc chain, reproduced by Island.cpp Row000730Fixture::row000730. Reachable only from the simulation step (000611); no public path while NpScene::simulate is a stub. units/scene-raycast-contract.md",,phys_fn_000728,
phys_fn_000732,0x00016860,399,7,reconstructed,gap:SceneRaycast.cpp..CapsuleShape.cpp,Physics/src/BodyStep.cpp,,"transcribed from the Capstone listing (oracle/capstone/manifest.json, authoritative) in scene-raycast Task 4 (island sub-area): Walked 0x16860-0x169ec: thiscall ret 8; the 000714 call, the integer test of the +0x4c bits, the saved-velocity zeroing/saving rule on +0x1e4 bit 5 and +0x10c bit 7, the per-axis NX_BF_FROZEN_* handling of the live copy and the saved words (angular z through the FPU) and the final kinematic zeroing are reproduced by BodyStep.cpp Row000732Fixture::row000732. Reachable only from the simulation step (000636); no public path while NpScene::simulate is a stub. units/scene-raycast-contract.md",,phys_fn_000714,
phys_fn_000734,0x000169f0,101,2,reconstructed,gap:SceneRaycast.cpp..CapsuleShape.cpp,Physics/src/BodyStep.cpp,,"transcribed from the Capstone listing (oracle/capstone/manifest.json, authoritative) in scene-raycast Task 4 (island sub-area): Walked 0x169f0-0x16a52 (x87): thiscall ret 4; +0x158 += dt * +0x1a0 with the x product in a register and the y/z products spilled to float, as reproduced by BodyStep.cpp Row000734Fixture::row000734. Reachable only from the simulation step (000615 -> 000770 -> row) and the CCD sweep (002264 -> 000774 -> 000772 -> row), neither reconstructed; no public path while NpScene::simulate is a stub. units/scene-raycast-contract.md",,,
phys_fn_000736,0x00016a60,406,2,reconstructed,gap:SceneRaycast.cpp..CapsuleShape.cpp,Physics/src/BodyStep.cpp,,"transcribed from the Capstone listing (oracle/capstone/manifest.json, authoritative) in scene-raycast Task 4 (island sub-area): Walked 0x16a60-0x16bf3 (x87): thiscall ret 8 returning 1 or 0; |w| == 0 returns 0, the half-angle fsin/fcos (inline instructions, through X87Sqrt.h helpers), k w spilled to float, the quaternion product from the original components in the listing's order and the renormalisation (0 length returns 1 unnormalised) are reproduced by BodyStep.cpp Row000736Fixture::row000736; k and c are double variables the compiler may spill (the accepted convention). Reachable only from the simulation step (000615 -> 000770 -> row) and the CCD sweep (002264 -> 000774 -> 000772 -> row); no public path while NpScene::simulate is a stub. units/scene-raycast-contract.md",,,
phys_fn_000738,0x00016c00,21,3,reconstructed,gap:SceneRaycast.cpp..CapsuleShape.cpp,Physics/src/core/JointSupport.cpp,,"transcribed from the Capstone listing (0x16c00-0x16c14) in scene-raycast Task 2: fastcall(record), `test ah,2` on +0x1e4 returns record+0x244 (the swept box 000740 fills) when bit 9 is set, else 0. Candidate Row000738Fixture::row000738 (Physics/src/core/JointSupport.cpp), a thiscall member with no stack arguments, the same ABI as the row. Reachable only from the simulation step (001303 <- 001949 <- 001976 <- 000608 <- 000655), which the product does not run, so no target executes it (the Task 2 trace confirms: not hit).",,,
phys_fn_000740,0x00016c20,423,7,reconstructed,gap:SceneRaycast.cpp..CapsuleShape.cpp,Physics/src/BodyStep.cpp,,"transcribed from the Capstone listing (oracle/capstone/manifest.json, authoritative) in scene-raycast Task 4 (island sub-area): Walked 0x16c20-0x16dc4 (x87): thiscall ret 4; the +0x1e4 bit-9 set/clear, the dt * +0x1a0 sweep, the owner object's slot-10 bounding sphere, R = |centre - com| + radius in registers, the +0x244..+0x258 box and the per-axis extension by the sweep sign are reproduced by BodyStep.cpp Row000740Fixture::row000740; its reader 000738 is core/JointSupport.cpp Row000738Fixture::row000738. Reachable only from the simulation step (000615 -> 000770 -> row) with NX_CONTINUOUS_CD set; no public path while NpScene::simulate is a stub. /GS gives the candidate a stack cookie the image does not have (the local sphere array; the joint rows' accepted difference). units/scene-raycast-contract.md",,,0x00016c79  call dword ptr [edx + 0x28]
phys_fn_000746,0x00016e80,245,2,reconstructed,gap:SceneRaycast.cpp..CapsuleShape.cpp,Physics/src/include/NpActorDynamicMath.h,,"transcribed from the Capstone listing (oracle/capstone/manifest.json, authoritative; 0x16e80-0x16f74) and re-walked in scene-raycast Task 2: out = R diag(d) R^T, cdecl (d, R, out) with no purge; d0R00, d0R20, d1R21 and d2R22 kept in registers, the other five products spilled to float (two into the argument slots), each element summed in the listing order and the symmetric pairs stored with fst/fstp. Candidate nxNpActorWorldTensorRDRt (Physics/src/include/NpActorDynamicMath.h), kept out of line (__declspec(noinline)) as the oracle calls it. units/scene-raycast-contract.md","executed under the 16 Phase 5/6/7 staged-pair targets: cdb breakpoints on both candidate copies (NpActor.obj, Scene.obj) were hit 191 times against the staged candidate pair (NxPhysics.dll sha256 12ad8413b4fd51ce, identical to build/Release/NxPhysics.dll), once per 000768 call (Life 6, DynF 1, BFlag 1, Dyn 2, DSet 15, Mom 3, Force 11, CMass 87, JSP 8, JAll 2, JSlot 55). The oracle row was hit 208 times then: the 17 other calls (Mom 14, CMass 3) came from 000140/000142 and 000789, whose product copies used another helper at the time; they all call this row now (see the re-pin below); every target passed with stdout_delta=0; trace excerpt committed as evidence/scene-raycast-trace-task2.txt (scene-raycast Task 2) Re-traced after the merge of main (scene-raycast Task 5): candidate NxPhysics.dll sha256 34a6c8baefc2caf7 (merge commit cd3db01) over 20 staged targets including main's NxPhysicsEffectorTests and NxPhysicsCoreDumpTests: equal to the oracle's on every target except ActorMomentum 17/3, the NpActor-unit inline copies recorded before; evidence/scene-raycast-trace-merge.txt. Re-pinned after the second merge of main (482a621) into the scene-raycast block: evidence/scene-raycast-trace-merge2.txt, candidate NxPhysics.dll sha256 79b7950faf904173 (build/pairs/candidate, identical to build/Release/NxPhysics.dll, commit aa1d080, the merge c6d6620 with its 000784 noinline fix), 20 staged targets, both sides; candidate breakpoint ?nxNpActorWorldTensorRDRt@@YAXPBM0PAM@Z hit 445 times (Life 6, DynF 1, BFlag 9, Dyn 5, DSet 22, Mom 50, Force 32, CMass 130, SMut 85, BodyC 7, JSP 8, JAll 2, JSlot 55, SRay 8, SVis 6, Eff 4, Dump 15); equal to the oracle row's count on every target.",,
phys_fn_000750,0x00016fb0,45,7,reconstructed,gap:SceneRaycast.cpp..CapsuleShape.cpp,Physics/src/ContactPairManager.cpp,,"transcribed from the Capstone listing (oracle/capstone/manifest.json, authoritative; 0x16fb0-0x17004, 000752 being the second loop entered by the jmp at 0x10016fdb) in scene-raycast Task 4 (contact-pair manager): thiscall(body, other), `ret 4`, eax 0/1; both joint lists (+0x1d8, link Joint+0x34) searched for a joint naming the other body at +8/+0xc; found: !(joint+0x2c bit 8), none: 0. Candidate CpmJointedBody::row000750 (Physics/src/ContactPairManager.cpp), one function carrying every row's stable-ID line. Reachable only from the simulation step (000905 <- 000909 <- 001976 <- 000608 <- 000655); no public path while NpScene::simulate is a stub. units/scene-raycast-contract.md",,,
phys_fn_000754,0x00017010,1027,7,reconstructed,gap:SceneRaycast.cpp..CapsuleShape.cpp,Physics/src/core/JointSupport.cpp,,"transcribed from the Capstone listing (oracle/capstone/manifest.json, authoritative; 0x17010-0x17412) with oracle/ghidra/manifest.json as a cross-check: R = C M^T over the +0x134 and +0xdc 3x3s, position c - R m into +0x18, unnormalised quaternion of R into +0x24 (joint-open-items Task 6)","executed under the internal-slot differential: a cdb breakpoint at this row's address in the candidate build (build/Release/NxPhysics.map) was hit 14 times in NxPhysicsJointSlotTests against the staged candidate pair (NxPhysics.dll sha256 5fc6534573c8cd34, identical to build/Release/NxPhysics.dll), with the slot transcript identical to the oracle's (stdout_delta=0, 146/146 registered lines); before the row was written the candidate differed from the oracle on every projection that moved a body, at body +0x18..+0x30; trace excerpt committed as evidence/joint-open-items-trace-slots.txt (joint-open-items Task 6)",,
phys_fn_000758,0x00017630,214,2,reconstructed,gap:SceneRaycast.cpp..CapsuleShape.cpp,Physics/src/core/JointSupport.cpp,,"transcribed from the Capstone listing (oracle/capstone/manifest.json, authoritative) with oracle/ghidra/manifest.json as a cross-check; contract units/joint-open-items-contract.md (## Scene joint rows) (joint-open-items Task 2)","executed under the internal-slot differential: a cdb breakpoint at this row's address in the candidate build (build/Release/NxPhysics.map) was hit 4 times in NxPhysicsJointSlotTests against the staged candidate pair (NxPhysics.dll sha256 5fc6534573c8cd34, identical to build/Release/NxPhysics.dll), with the slot transcript identical to the oracle's (stdout_delta=0, 146/146 registered lines); trace excerpt committed as evidence/joint-open-items-trace-slots.txt (joint-open-items Task 6)",,
phys_fn_000762,0x000177c0,357,7,reconstructed,gap:SceneRaycast.cpp..CapsuleShape.cpp,Physics/src/Island.cpp,,"transcribed from the Capstone listing (oracle/capstone/manifest.json, authoritative) in scene-raycast Task 4 (island sub-area): Walked 0x177c0-0x17922: thiscall ret 4; the joint+8 test with the wake raise on the record itself (twice on the two-body path, both reading esi), the 000712 finds, the island-object release through 004167 and the Foundation allocator's free, root+0x1c4 increment, the +0x11c (jae) choice of the +0x1d8/+0x34 and +0x1dc/+0x38 lists, the 000716 merge and the single-body +0x1e4 |= 2 are reproduced by Island.cpp Row000762Fixture::row000762 (004167 is the existing deferred stub). Reachable only from the simulation step (000635); no public path while NpScene::simulate is a stub. Integration review: 0x177d1-0x177ec and 0x17856-0x17871 both read esi, so the record itself is woken twice on the two-body path (the contract row's 'wakes body1' is corrected). units/scene-raycast-contract.md",,phys_fn_000712;phys_fn_000716;phys_fn_004167,0x00017830  call dword ptr [edx + 0x14]; 0x000178ae  call dword ptr [edx + 0x14]
phys_fn_000764,0x00017930,100,7,reconstructed,gap:SceneRaycast.cpp..CapsuleShape.cpp,Physics/src/Island.cpp,,"transcribed from the Capstone listing (oracle/capstone/manifest.json, authoritative) in scene-raycast Task 4 (island sub-area): Walked 0x17930-0x1798f: record in ecx, plain ret; the 000712 find, the +0x1e4 bit-1 test releasing the island object (004167, allocator free, +0x1e0=0) and calling 004172 cdecl, then 000722 on the record (a tail jmp in the oracle, a call here) are reproduced by Island.cpp Row000764Fixture::row000764; 000722 is core/JointSupport.cpp Row000722Fixture::row000722 (reconstructed, body-creation), 004172 the open stand-in nxBodyIslandRebuild004172Open (not reconstructed, no candidate anywhere). Reachable only from the simulation step (000635); no public path while NpScene::simulate is a stub. units/scene-raycast-contract.md",,phys_fn_000712;phys_fn_000722;phys_fn_004167;phys_fn_004172,0x00017974  call dword ptr [edx + 0x14]
phys_fn_000770,0x000183a0,205,7,reconstructed,gap:SceneRaycast.cpp..CapsuleShape.cpp,Physics/src/BodyStep.cpp,,"transcribed from the Capstone listing (oracle/capstone/manifest.json, authoritative) in scene-raycast Task 4 (island sub-area): Walked 0x183a0-0x1846a: thiscall ret 8 (second argument unread); the CCD start-pose save, the integer wake test, the 000734/000736/000758/000746 advance and the NX_CONTINUOUS_CD (000429) test choosing 000740 or the +0x1e4 bit-9 clear are reproduced by BodyStep.cpp Row000770Fixture::row000770. Reachable only from the simulation step (000615); no public path while NpScene::simulate is a stub. units/scene-raycast-contract.md",,phys_fn_000429;phys_fn_000734;phys_fn_000736;phys_fn_000740;phys_fn_000746;phys_fn_000758,
phys_fn_000782,0x00018730,3428,2,reconstructed,gap:SceneRaycast.cpp..CapsuleShape.cpp,Physics/src/NpActor.cpp,,"transcribed from the Capstone listing (oracle/capstone/manifest.json, authoritative) with the unit bundle's decompile as a hint only; reviewed faithful in units/npactor-contract.md (a chain row of the plan; owning unit gap:SceneRaycast.cpp..CapsuleShape.cpp): nxNpActorApplyForce: modes 0/3 linear x and angular rows 0-1 unrounded, mode 1 angular row 0 unrounded, rows (I2 z + I1 y) + I0 x with the listing's spills, modes 2/4 plain adds, one wake after both arms, a mode above 4 still wakes (## Task 3). Staged-pair cases: the targets named in the dynamic proof.","executed under the Phase 5 actor staged-pair transcripts: a cdb breakpoint at the row's candidate function (nxNpActorApplyForce) in the candidate build (build/Release/NxPhysics.map) was hit 107 times (ActorForce 95, ActorShapeMutation 12) against build/pairs/candidate (NxPhysics.dll sha256 2f9815a105ac1fe5754ce2d69d7d1b2030a336eb8327fadeeb0f5388481c3dee, identical to build/Release/NxPhysics.dll), with all twelve Phase 5 actor staged-pair transcripts byte-identical to the oracle (stdout_delta=0 stderr_exact=True, coverage 1862/1862); trace excerpt committed as evidence/npactor-trace-final.txt (npactor-completion Task 6, re-recorded for its final-review fixes and re-recorded on the merge of main into the NpActor.cpp completion branch) Re-pinned after the second merge of main (482a621) into the scene-raycast block: evidence/scene-raycast-trace-merge2.txt, candidate NxPhysics.dll sha256 79b7950faf904173 (build/pairs/candidate, identical to build/Release/NxPhysics.dll, commit aa1d080, the merge c6d6620 with its 000784 noinline fix), 20 staged targets, both sides; candidate breakpoint ?nxNpActorApplyForce@@YAXPAEPBVNxVec3@@1I_N@Z hit 108 times (Force 95, SMut 12, BodyC 1); equal to the oracle row's count on every target.",,0x00018746  jmp dword ptr [eax*4 + 0x10019494]; 0x00018815  call dword ptr [edx + 8]; 0x0001884a  call dword ptr [edx + 0x14]; 0x00018988  call dword ptr [eax + 8]; 0x000189c4  call dword ptr [edx + 0x14]; 0x00018acd  call dword ptr [edx + 8]; 0x00018b04  call dword ptr [edx + 0x14]; 0x00018c55  call dword ptr [edx + 8]; 0x00018d35  call dword ptr [edx + 8]; 0x00018d6a  call dword ptr [edx + 0x14]; 0x00018e55  call dword ptr [edx + 8]; 0x00018e8a  call dword ptr [edx + 0x14]; 0x00018f8c  call dword ptr [edx + 8]; 0x00018fc4  call dword ptr [edx + 0x14]; 0x0001910c  call dword ptr [edx + 8]; 0x000191e4  call dword ptr [edx + 8]; 0x00019219  call dword ptr [edx + 0x14]; 0x00019301  call dword ptr [edx + 8]; 0x00019336  call dword ptr [edx + 0x14]; 0x0001941f  call dword ptr [edx + 8]; 0x00019454  call dword ptr [edx + 0x14]
phys_fn_000855,0x0001ca00,75,7,reconstructed,gap:SceneRaycast.cpp..CapsuleShape.cpp,Physics/src/ContactPairManager.cpp,,"transcribed from the Capstone listing (oracle/capstone/manifest.json, authoritative; 0x1ca00-0x1ca4b) in scene-raycast Task 4 (contact-pair manager): stdcall(a, b, mode), `ret 0xc`, the result left unrounded in st(0); NxCombineMode average ((a + b) * 0.5f) / min / multiply / max with the `fcomp; test ah,5; jp` NaN picks (min keeps b, max keeps a); integration review: every arm re-walked against the compiled object, equal in value. Candidate cpmCombine0855 (__stdcall returning double) (Physics/src/ContactPairManager.cpp). Reachable only from the simulation step (000861 <- 000879 <- 000897 <- 000728); no public path while NpScene::simulate is a stub. units/scene-raycast-contract.md",,,
phys_fn_000857,0x0001ca50,209,7,reconstructed,gap:SceneRaycast.cpp..CapsuleShape.cpp,Physics/src/ContactPairManager.cpp,,"transcribed from the Capstone listing (oracle/capstone/manifest.json, authoritative; 0x1ca50-0x1cb21) in scene-raycast Task 4 (contact-pair manager): stdcall(ids, out), `ret 8` (ecx is overwritten at entry, not an argument); materials lo16/hi16 through the inlined getMaterial (count by the 0x38e38e39 reciprocal, out of range -> material 0), their restitutions combined with the larger (signed) restitution combine mode, out[1] = (flagsA | flagsB) & 4. Candidate cpmRestitution0857 (Physics/src/ContactPairManager.cpp). Reachable only from the simulation step (000897 <- 000728); no public path while NpScene::simulate is a stub. units/scene-raycast-contract.md",,,
phys_fn_000859,0x0001cb30,607,7,reconstructed,gap:SceneRaycast.cpp..CapsuleShape.cpp,Physics/src/ContactPairManager.cpp,,"transcribed from the Capstone listing (oracle/capstone/manifest.json, authoritative; 0x1cb30-0x1cd8f) in scene-raycast Task 4 (contact-pair manager): stdcall(shape, material, other, normalForce, out), `ret 0x14`; the other material's averages when anisotropic (dynamic kept in a register, static spilled), the world anisotropy direction in the listing's (y, z, x) grouping, the combined coefficients scaled by NX_DYN_FRICT_SCALING (clamped) and NX_STA_FRICT_SCALING (raised to the dynamic ones), times the normal force; the parameters read through nxPhysicsSDKParameters() (the same live array as .data 0x10123b18). Candidate cpmAnisotropicFriction0859 (Physics/src/ContactPairManager.cpp). Reachable only from the simulation step (000861 <- 000879 <- 000897); no public path while NpScene::simulate is a stub. units/scene-raycast-contract.md",,,
phys_fn_000861,0x0001cd90,791,7,reconstructed,gap:SceneRaycast.cpp..CapsuleShape.cpp,Physics/src/ContactPairManager.cpp,,"transcribed from the Capstone listing (oracle/capstone/manifest.json, authoritative; 0x1cd90-0x1d0a4) in scene-raycast Task 4 (contact-pair manager): stdcall(shapes, ids, n, normalForce, out, t1, t2), `ret 0x1c`; the isotropic and anisotropic paths (the choice tests the whole flag words and |dyn - dynV|), t1 = dir x n / |.| when |.| > 0.01f and t2 = n x t1, else NxNormalToTangents and the averages; the root through x87FsqrtDot3. Candidate cpmFrictionParams0861 (Physics/src/ContactPairManager.cpp). Reachable only from the simulation step (000879 <- 000897); no public path while NpScene::simulate is a stub. units/scene-raycast-contract.md",,phys_fn_000855;phys_fn_000859,0x0001cf00  call dword ptr [0x1010418c]; 0x0001d062  call dword ptr [0x1010418c]
phys_fn_000863,0x0001d0b0,8,7,reconstructed,gap:SceneRaycast.cpp..CapsuleShape.cpp,Physics/src/ContactPairManager.cpp,,"transcribed from the Capstone listing (oracle/capstone/manifest.json, authoritative; 0x1d0b0-0x1d0b7) in scene-raycast Task 4 (contact-pair manager): fastcall(pair): `add ecx,0x10; jmp 0x1005b620`; 002354 on pair + 0x10. Candidate cpmActorPairResetStream0863 (__fastcall) (Physics/src/ContactPairManager.cpp). Open callee: 002354 is not in the candidate (the no-op stand-in cpmOpen002354, no stable-ID line). Reachable only from the simulation step (000905 <- 000909 <- 001976); no public path while NpScene::simulate is a stub. units/scene-raycast-contract.md",,phys_fn_002354,
phys_fn_000865,0x0001d0c0,409,7,reconstructed,gap:SceneRaycast.cpp..CapsuleShape.cpp,Physics/src/ContactPairManager.cpp,,"transcribed from the Capstone listing (oracle/capstone/manifest.json, authoritative; 0x1d0c0-0x1d256) in scene-raycast Task 4 (contact-pair manager): thiscall(patch, points, count byte), `ret 0xc`; the count stored to +0x74 and the loop bound reloaded; each world point made body-local (dy stored, dz `fst` so the unrounded dz feeds y only; the raw copy for a null body); +0x75 = 0. Candidate NxActorPair::row000865 (Physics/src/ContactPairManager.cpp). Reachable only from the simulation step (000897); no public path while NpScene::simulate is a stub. units/scene-raycast-contract.md",,,
phys_fn_000867,0x0001d260,103,7,reconstructed,gap:SceneRaycast.cpp..CapsuleShape.cpp,Physics/src/StepOnlyRows.cpp,,"static review of the recorded shape: kind-selected accumulator (0x1d260, ret 0xc); the row was closed against the differential harness and this proof text is backfilled from the row own recorded description (phase-8 audit, 3z257)  Scene-raycast Task 4 (shape), defect fixed and re-walked at integration: walked 0x1001d260-0x1001d2c4 (thiscall `ret 0xc` on the accumulator; a, desc, b): v = a / b stays unrounded (fdiv at 0x1001d26b; the candidate rounded it to float); kinds other than 4 and 5 add v to +0x64; kinds 4 and 5 add v*desc[0] and v*desc[1] from the stack and v*desc[2] after its m32 spill (0x1001d299; the candidate did not round that product), then bit 6 of desc+0xc sets the byte +0x75. The candidate nxAccumulateByKind0867 is a cdecl free function taking the accumulator first (the only oracle caller 000893 calls it directly: a code-shape difference). Reachable only from the simulation step; no public path while NpScene::simulate is a stub. (000911 -> 000901 -> 000893.) Built /arch:IA32 (Physics/src/StepOnlyRows.cpp, on the CMakeLists.txt list with its reason) for the step's control word 0x0f7f.","confirmed via the accum0867 differential (3z194): fifteen combinations -- five descriptor kinds including the 0x24 case that masks down to 4, by three value pairs including a zero numerator -- all failures=0 against the whole 0x100-byte object, with the accumulators seeded so the adds are not all from zero",,
phys_fn_000871,0x0001d590,122,7,reconstructed,gap:SceneRaycast.cpp..CapsuleShape.cpp,Physics/src/ContactPairManager.cpp,,"transcribed from the Capstone listing (oracle/capstone/manifest.json, authoritative; 0x1d590-0x1d609) in scene-raycast Task 4 (contact-pair manager): cdecl(patch); (material[+0x68].flags | material[+0x6a].flags) & 4 through the inlined getMaterial. Candidate cpmPatchSpring0871 (Physics/src/ContactPairManager.cpp). Reachable only from the simulation step (000891, 000895 <- 000897); no public path while NpScene::simulate is a stub. units/scene-raycast-contract.md",,,
phys_fn_000877,0x0001dc80,189,7,reconstructed,gap:SceneRaycast.cpp..CapsuleShape.cpp,Physics/src/ContactPairManager.cpp,,"transcribed from the Capstone listing (oracle/capstone/manifest.json, authoritative; 0x1dc80-0x1dd3a) in scene-raycast Task 4 (contact-pair manager): thiscall(src), `ret 4`, returns this; the dwords +0x04..+0x70 and the bytes +0x74/+0x75 copied by integer moves, the vptr untouched. Candidate NxFrictionPatch::operator= (Physics/src/ContactPairManager.cpp). Reachable only from the simulation step (000891); no public path while NpScene::simulate is a stub. units/scene-raycast-contract.md",,,
phys_fn_000879,0x0001dd40,1983,7,reconstructed,gap:SceneRaycast.cpp..CapsuleShape.cpp,Physics/src/ContactPairManager.cpp,,"transcribed from the Capstone listing (oracle/capstone/manifest.json, authoritative; 0x1dd40-0x1e4fc) in scene-raycast Task 4 (contact-pair manager): thiscall(scene, forceScale, errorScale), `ret 0xc`; per patch and anchor: the world anchors, e1 stored and e2 kept, the lever arms, the error, the two kind-4 friction records through 000598/004391 (one loop body for k = 0, 1 in the listing's order), the penalty/0.7 scaling, +0x4c = dynamic / dynamicV, patch +0x58..+0x64 zeroed; /GS gives the candidate a stack cookie the image does not have (local arrays, the joint rows' accepted difference). Candidate NxActorPair::row000879 (Physics/src/ContactPairManager.cpp). Reachable only from the simulation step (000897 <- 000728); no public path while NpScene::simulate is a stub. units/scene-raycast-contract.md",,phys_fn_000598;phys_fn_000861;phys_fn_004391,
phys_fn_000881,0x0001e500,213,7,reconstructed,gap:SceneRaycast.cpp..CapsuleShape.cpp,Physics/src/ContactPairManager.cpp,,"transcribed from the Capstone listing (oracle/capstone/manifest.json, authoritative; 0x1e500-0x1e5d2) in scene-raycast Task 4 (contact-pair manager): thiscall(outNormal, outFriction), `ret 8`; the embedded patch then the count-1 vector patches summed; nothing written when the count is 0. Candidate NxActorPair::row000881 (Physics/src/ContactPairManager.cpp). Its callers are 000913 (NxPhysicsSDK::releaseScene -> 000668 -> 000663, the Scene destructor, not step-only) and 000917 (the simulation step); the candidate's Scene destructor (Scene.cpp nxSceneDelete) does not call 000913 and NpScene::simulate is a stub, so no candidate path runs it and no target executes it. units/scene-raycast-contract.md",,,
phys_fn_000883,0x0001e5e0,200,7,reconstructed,gap:SceneRaycast.cpp..CapsuleShape.cpp,Physics/src/ContactPairManager.cpp,,"transcribed from the Capstone listing (oracle/capstone/manifest.json, authoritative; 0x1e5e0-0x1e6a6, 000885 being the body at 0x1e6b0-0x1e8fe entered by the jmp at 0x1001e6a6) in scene-raycast Task 4 (contact-pair manager): thiscall(scene, patch, separation, point, normal), `ret 0x14`, the third and fifth arguments unread; the lever arms, the swept-capsule search (a null dereference when none, as the image), the separation along rotation column 1, the kind-0 spring record, +0x48 = FLT_MAX, 004393(1/(h(kh + d)), kh/(kh + d)). Candidate NxActorPair::row000883 (Physics/src/ContactPairManager.cpp), one function carrying every row's stable-ID line. Reachable only from the simulation step (000897); no public path while NpScene::simulate is a stub. units/scene-raycast-contract.md",,phys_fn_000598;phys_fn_004393,
phys_fn_000887,0x0001e910,41,3,reconstructed,gap:SceneRaycast.cpp..CapsuleShape.cpp,Physics/src/ContactPairManager.cpp,,Transcribed from oracle/capstone/manifest.json extents and listing; Ghidra manifest cross-check; implementation and field offsets recorded in evidence/convex-mesh-gap.md (P-Sphere/scene follow-up).,"Direct oracle/candidate differential in NxPhysicsCollisionTests, registered Phase 3 target; candidate executable SHA-256 E140B0F73F89A1DAC4B5A956C4468BF68440F09A0ADA508FF0652D921029961B; pinned oracle NxPhysics.dll SHA-256 4b7db3e126735c576f79fe5666e6fa661de9724b2a78808bb0924325ac79602c. Exact matching digests, allocator counts, and candidate cdb call hits are recorded in evidence/convex-mesh-gap-001955-phase3.txt and evidence/convex-mesh-gap-pruner-final-cdb.txt.",phys_fn_002352;phys_fn_002354,
phys_fn_000891,0x0001e9b0,1509,7,reconstructed,gap:SceneRaycast.cpp..CapsuleShape.cpp,Physics/src/ContactPairManager.cpp,,"transcribed from the Capstone listing (oracle/capstone/manifest.json, authoritative; 0x1e9b0-0x1ef92) in scene-raycast Task 4 (contact-pair manager): thiscall(scene), `ret 4`; every patch refreshed from its body-local anchors (000891's own operand order of the body transform) or dropped, the dropped normal force added to +0xd4, the kept patches compacted with 000877; the frame slots persist across patches as in the image (0 before the first patch here, stack garbage in the image, read only for a patch with count 0). Candidate NxActorPair::row000891 (Physics/src/ContactPairManager.cpp). Reachable only from the simulation step (000897); no public path while NpScene::simulate is a stub. units/scene-raycast-contract.md",,phys_fn_000871;phys_fn_000877,0x0001eeec  call dword ptr [edx + 0x14]; 0x0001ef3e  call dword ptr [edx + 0x14]
phys_fn_000893,0x0001efa0,109,7,reconstructed,gap:SceneRaycast.cpp..CapsuleShape.cpp,Physics/src/ContactPairManager.cpp,,"transcribed from the Capstone listing (oracle/capstone/manifest.json, authoritative; 0x1efa0-0x1f00a) in scene-raycast Task 4 (contact-pair manager): thiscall(shape0, shape1), `ret 8`, returns this; 002356 on +0x10, the embedded patch's vptr, the zeroed words, the 0xff bytes at +0xe8/+0xe9, the objects and bodies; the vptr is the candidate's NxFrictionPatch table (compiler-generated; slot 3 forwards to 000867, slots 0-2 are not the image's shared 004248/001583/005242), not 0x10106944. Candidate NxActorPair::row000893 (Physics/src/ContactPairManager.cpp). Open callee: 002356 is not in the candidate (the no-op stand-in cpmOpen002356, no stable-ID line). Reachable only from the simulation step (000901 <- 000911 <- 001971/001976); no public path while NpScene::simulate is a stub. units/scene-raycast-contract.md",,phys_fn_000867;phys_fn_001583;phys_fn_002356;phys_fn_004248;phys_fn_005242,
phys_fn_000895,0x0001f010,779,7,reconstructed,gap:SceneRaycast.cpp..CapsuleShape.cpp,Physics/src/ContactPairManager.cpp,,"transcribed from the Capstone listing (oracle/capstone/manifest.json, authoritative; 0x1f010-0x1f318) in scene-raycast Task 4 (contact-pair manager): thiscall(shape0, shape1, normal, materialIds), `ret 0x10`; the patch for a normal found (embedded, then the vector) or created, the vector grown 2n+2 on nxFoundationSDKAllocator ([0x101041bc]), the body-local normal, +0x64 from 000871. Candidate NxActorPair::row000895 (Physics/src/ContactPairManager.cpp). Reachable only from the simulation step (000897); no public path while NpScene::simulate is a stub. units/scene-raycast-contract.md",,phys_fn_000871,0x0001f131  call dword ptr [edx + 8]; 0x0001f18f  call dword ptr [edx + 8]; 0x0001f1d7  call dword ptr [edx + 0x14]
phys_fn_000897,0x0001f320,554,7,reconstructed,gap:SceneRaycast.cpp..CapsuleShape.cpp,Physics/src/ContactPairManager.cpp,,"transcribed from the Capstone listing (oracle/capstone/manifest.json, authoritative; 0x1f320-0x1f548, 000899 = 0x1f550-0x1fa99 reached by the jmps at 0x1001f544/0x1f548/0x1f94a/0x1f9a8/0x1f9f0/0x1fa4c) in scene-raycast Task 4 (contact-pair manager): thiscall(scene, forceScale, penaltyScale), `ret 0xc`; the object +0x14 bit-1 exit, 000891, the contact stream per pair header (flag 2 skipped; a pair with a missing body whose other body's +0x240 exceeds the header material gets flag 2 and its contacts skipped), 000857 on (shape B material << 16 | shape A), the 0.996f new-normal test, the per-contact feature restitution (a -1 feature after a real one keeps the last feature word as the patch ids, 0x1001f5b6/0x1001f5e5), the anchors (000865) and next patch (000895), 000883 for a spring material else the kind-0 record (penalty, cross products in the listing's y, z, x order, 004391, the bounce), the anchor selection, then 000879; integration review: 0x1f320-0x1f800 re-walked instruction by instruction (frame slots, the stream walk, the restitution selection, the record take through 000598 and the lever arms), no difference. Candidate NxActorPair::row000897 (Physics/src/ContactPairManager.cpp), one function carrying every row's stable-ID line. Reachable only from the simulation step (002400 -> 000659 -> 000655 -> 000611 -> 000730 -> 000728; 000728 is Island.cpp Row000728Fixture::row000728, which now calls this function); no public path while NpScene::simulate is a stub. units/scene-raycast-contract.md",,phys_fn_000598;phys_fn_000857;phys_fn_000865;phys_fn_000879;phys_fn_000883;phys_fn_000891;phys_fn_000895;phys_fn_004389;phys_fn_004391,
phys_fn_000901,0x0001faa0,140,7,reconstructed,gap:SceneRaycast.cpp..CapsuleShape.cpp,Physics/src/ContactPairManager.cpp,,"transcribed from the Capstone listing (oracle/capstone/manifest.json, authoritative; 0x1faa0-0x1fb29) in scene-raycast Task 4 (contact-pair manager): thiscall(element0, element1, list), `ret 0xc`, returns this; 000893 on the elements' +0x10, +0x104 = -1, the list, and the tail or head link. Candidate NxPairNode::row000901 (Physics/src/ContactPairManager.cpp). Reachable only from the simulation step (000911 <- 001971/001976); no public path while NpScene::simulate is a stub. units/scene-raycast-contract.md",,phys_fn_000893,
phys_fn_000903,0x0001fb30,120,3,reconstructed,gap:SceneRaycast.cpp..CapsuleShape.cpp,Physics/src/ContactPairManager.cpp,,Transcribed from oracle/capstone/manifest.json extents and listing; Ghidra manifest cross-check; implementation and field offsets recorded in evidence/convex-mesh-gap.md (P-Sphere/scene follow-up).,"Direct oracle/candidate differential in NxPhysicsCollisionTests, registered Phase 3 target; candidate executable SHA-256 E140B0F73F89A1DAC4B5A956C4468BF68440F09A0ADA508FF0652D921029961B; pinned oracle NxPhysics.dll SHA-256 4b7db3e126735c576f79fe5666e6fa661de9724b2a78808bb0924325ac79602c. Exact matching digests, allocator counts, and candidate cdb call hits are recorded in evidence/convex-mesh-gap-001955-phase3.txt and evidence/convex-mesh-gap-pruner-final-cdb.txt.",phys_fn_000887,
phys_fn_000905,0x0001fbb0,491,7,reconstructed,gap:SceneRaycast.cpp..CapsuleShape.cpp,Physics/src/ContactPairManager.cpp,,"transcribed from the Capstone listing (oracle/capstone/manifest.json, authoritative; 0x1fbb0-0x1fd98) in scene-raycast Task 4 (contact-pair manager): thiscall(scene), `ret 4`; the cached body words, 000750 for jointed pairs, the pair's report record found or inserted in Scene+0x2c's hash, 000863 and the narrow-phase dispatch; the `scene+0x2c` null test at 0x1001fc70 (the address of a member, never null) is not written. Candidate NxPairNode::row000905 (Physics/src/ContactPairManager.cpp). Open callees: 002348, 004153 and 004155 are not in the candidate (no-op stand-ins cpmOpen002348/004153/004155; the find and insert return null, no stable-ID lines). Reachable only from the simulation step (000909 <- 001976 <- 000608 <- 000655); no public path while NpScene::simulate is a stub. units/scene-raycast-contract.md",,phys_fn_000750;phys_fn_000863;phys_fn_002348;phys_fn_004153;phys_fn_004155,0x0001fcc2  call dword ptr [eax + 8]
phys_fn_000909,0x0001fdb0,99,7,reconstructed,gap:SceneRaycast.cpp..CapsuleShape.cpp,Physics/src/ContactPairManager.cpp,,"transcribed from the Capstone listing (oracle/capstone/manifest.json, authoritative; 0x1fdb0-0x1fe10) in scene-raycast Task 4 (contact-pair manager): thiscall on the list (scene), `ret 4`; 000905 on every node of the list. Candidate NxPairList::row000909 (Physics/src/ContactPairManager.cpp). Reachable only from the simulation step (001976 <- 000608 <- 000655); no public path while NpScene::simulate is a stub. units/scene-raycast-contract.md",,phys_fn_000905,
phys_fn_000911,0x0001fe20,143,7,reconstructed,gap:SceneRaycast.cpp..CapsuleShape.cpp,Physics/src/ContactPairManager.cpp,,"transcribed from the Capstone listing (oracle/capstone/manifest.json, authoritative; 0x1fe20-0x1feac) in scene-raycast Task 4 (contact-pair manager): thiscall(element0, element1), `ret 8`; the elements ordered by +0xd4 (unsigned), the group mask test (`shl edx,cl`: 1u << (g1 & 31)) on the live table .data 0x10123a98 (nxPhysicsSDKGroupCollisionMasks()), the 0x108 allocation on [0x101041bc] and 000901. Candidate NxPairList::row000911 (Physics/src/ContactPairManager.cpp). Reachable only from the simulation step (001971/001976, the broadphase new pair); no public path while NpScene::simulate is a stub. units/scene-raycast-contract.md",,phys_fn_000901,0x0001fe90  call dword ptr [edx + 8]
phys_fn_000915,0x00020020,33,2,reconstructed,gap:SceneRaycast.cpp..CapsuleShape.cpp,Physics/src/ContactPairManager.cpp,,Transcribed from oracle/capstone/manifest.json extents and listing; Ghidra manifest cross-check; implementation and field offsets recorded in evidence/convex-mesh-gap.md (P-Sphere/scene follow-up).,"Direct oracle/candidate differential, NxPhysicsCollisionTests Phase 3 target: non-null unlink-and-free and null no-op match (4 checks, digest 4d25767f9dce13f5, two frees). Candidate executable SHA-256 E140B0F73F89A1DAC4B5A956C4468BF68440F09A0ADA508FF0652D921029961B; pinned oracle NxPhysics.dll SHA-256 4b7db3e126735c576f79fe5666e6fa661de9724b2a78808bb0924325ac79602c. Candidate breakpoint hit; see evidence/convex-mesh-gap-pruner-final-cdb.txt and evidence/convex-mesh-gap-001955-phase3.txt.",phys_fn_000903,0x0002003a  call dword ptr [edx + 0x14]
phys_fn_000917,0x00020050,39,7,reconstructed,gap:SceneRaycast.cpp..CapsuleShape.cpp,Physics/src/ContactPairManager.cpp,,"transcribed from the Capstone listing (oracle/capstone/manifest.json, authoritative; 0x20050-0x20075; 000919 = 0x20080-0x2025b, 000921 = 0x20260-0x203b2) in scene-raycast Task 4 (contact-pair manager): cdecl(scene, hash); the 000913 event logic, 0x2c-byte records appended to Scene+0x60c (grown 2n+2 on [0x101041bc], copied, the old block freed); /GS gives the candidate a stack cookie the image does not have (local array). Candidate cpmBufferContactReports0917 (Physics/src/ContactPairManager.cpp), one function carrying every row's stable-ID line. Open callees: 004153 and 004157 are not in the candidate (no-op stand-ins), and the pair-flags hash .data 0x10123c28 is absent. Reachable only from the simulation step (000655); no public path while NpScene::simulate is a stub. units/scene-raycast-contract.md",,phys_fn_000881;phys_fn_004153;phys_fn_004157,
phys_fn_001281,0x000257a0,4,3,dynamically_gated,gap:NpTriangleMeshShape.cpp..Shape.cpp,,,,"confirmed via the blockers differential (3z183): failures=0 for all seven rows, with each global function pointer and the registry global bound to the same recorders the candidate uses",,
phys_fn_001283,0x000257b0,7,3,reconstructed,gap:NpTriangleMeshShape.cpp..Shape.cpp,Physics/src/ContactGeneration.cpp,,"mov eax,[ecx+0xd0]; ret -- returns the DWORD at this+0xd0 (the sentinel value), __thiscall; product row transcribed from the Capstone listing (oracle/capstone/manifest.json, authoritative) with oracle/ghidra/manifest.json as a cross-check; contract units/effector-coredump-contract.md (## Core dump, ### Task 3b record); reachable from the public API since effector-and-coredump Task 4 wired NpPhysicsSDK::coreDump (phys_fn_000267) (effector-and-coredump Task 3b); NxShapeGetType, beside 001281",oracle 0x257b0 returns the value at this+0xd0 (0xb0b0b0b0 fixture); confirmed in the shapegetters drive (3z43),,
phys_fn_001287,0x000257d0,14,3,reconstructed,gap:NpTriangleMeshShape.cpp..Shape.cpp,,,"movzx eax, word [ecx+0xde]; and eax, [esp+4]; ret 4 -- the +0xde halfword zero-extended, then ANDed with the stack mask (ShapeBase::nxFlagBitsDE)",shapeleaf drive cb0e48f9: five masks off a marked record; edge bits 0x8000/0x80a7/0xffff with masks 0xffffffff/0xffff0000 match oracle; mutant reading +0xdc fails (ae87d045),,
phys_fn_001301,0x000258c0,43,3,reconstructed,gap:NpTriangleMeshShape.cpp..Shape.cpp,,,rep movsd 9 + 3 dwords to out; ret 4,confirmed via posecopy2 drive (3z62): failures=0,,
phys_fn_001303,0x000258f0,98,3,discovered,gap:NpTriangleMeshShape.cpp..Shape.cpp,,,,,phys_fn_000738;phys_fn_004886,
phys_fn_001583,0x0002ea70,1,2,dynamically_gated,gap:IceAdjacencies.cpp..ContactBoxMeshICE.cpp,Physics/src/FluidSupport.cpp,,,"confirmed via the blockers and blockers2 differentials (3z184): failures=0 for all ten rows, with each global function pointer, the lock-API globals and the allocator pointer bound to the same recorders the candidates use",,
phys_fn_001949,0x0004bc80,114,7,discovered,gap:ContactPlaneMesh.cpp..PenetrationMap.cpp,,,,,phys_fn_001303;phys_fn_005275,
phys_fn_001951,0x0004bd00,127,7,discovered,gap:ContactPlaneMesh.cpp..PenetrationMap.cpp,,,,,,
phys_fn_001953,0x0004bd80,88,7,discovered,gap:ContactPlaneMesh.cpp..PenetrationMap.cpp,,,,,phys_fn_000915;phys_fn_004157,
phys_fn_001957,0x0004be80,16,2,reconstructed,gap:ContactPlaneMesh.cpp..PenetrationMap.cpp,,,"if [this+0x1c] non-null return [obj+0xc] + [obj+8], else 0; ret",confirmed via smallflag differential (3z105): failures=0,,
phys_fn_001958,0x0004be90,44,7,reconstructed,gap:ContactPlaneMesh.cpp..PenetrationMap.cpp,,,if [this+0x1c] nonzero: slot = [table+0x18] + [table+4]*4; return *(slot[index])[0x4]; ret 4,confirmed via indexedlookup drive (3z80): failures=0,,
phys_fn_001971,0x0004c100,175,7,discovered,gap:ContactPlaneMesh.cpp..PenetrationMap.cpp,,,,,phys_fn_000911;phys_fn_004153;phys_fn_004155,
phys_fn_001976,0x0004c290,1770,7,discovered,gap:ContactPlaneMesh.cpp..PenetrationMap.cpp,,,,,phys_fn_000429;phys_fn_000909;phys_fn_000911;phys_fn_001949;phys_fn_001951;phys_fn_001953;phys_fn_001971;phys_fn_004153;phys_fn_004155;phys_fn_004803;phys_fn_004814;phys_fn_004820;phys_fn_004824;phys_fn_004826;phys_fn_004836;phys_fn_004846;phys_fn_004886;phys_fn_004894;phys_fn_005273;phys_fn_005283;phys_fn_005289,0x0004c79b  call dword ptr [edx]
phys_fn_002348,0x0005ab80,719,2,reconstructed,gap:Controller.cpp..fluids\Fluid.cpp,,,"Phase 3 collision harness sweeps 2,592 oracle-driven dispatcher probes across all 36 ordered shape pairs, 36 contact/overlap matrix slots and both input orders; candidate slot selection and dispatch outcome match exactly.",contact_compound dispatcher probe and matrix index_rule differential; see evidence/convex-mesh-gap-2m-run.txt. Pinned NxPhysics.dll SHA-256 4b7db3e126735c576f79fe5666e6fa661de9724b2a78808bb0924325ac79602c; candidate NxPhysicsCollisionTests.exe SHA-256 EBF7014FBD8642FA913DBC0FD14C8EC663640F7DE244E50FEE29C4595982145B.,,0x0005abe5  call eax; 0x0005ac1b  call eax; 0x0005accd  call eax; 0x0005ad1d  call dword ptr [edx + 8]; 0x0005ad59  call dword ptr [edx + 0x14]; 0x0005ade2  call dword ptr [edx + 8]; 0x0005ae1b  call dword ptr [edx + 0x14]
phys_fn_002350,0x0005ae50,1982,7,discovered,gap:Controller.cpp..fluids\Fluid.cpp,,,,,,0x0005b08b  call dword ptr [edx + 8]; 0x0005b0d8  call dword ptr [edx + 0x14]; 0x0005b1a7  call dword ptr [edx + 8]; 0x0005b1f4  call dword ptr [edx + 0x14]; 0x0005b2d2  call eax; 0x0005b333  call dword ptr [edx + 8]; 0x0005b36e  call dword ptr [edx + 0x14]; 0x0005b403  call dword ptr [edx + 8]; 0x0005b452  call dword ptr [edx + 0x14]; 0x0005b51e  call dword ptr [edx + 8]; 0x0005b572  call dword ptr [edx + 0x14]
phys_fn_002352,0x0005b610,8,5,reconstructed,gap:Controller.cpp..fluids\Fluid.cpp,,,"add ecx,0x28 then tail-jump to 0xb4f50 (SdkContainer::empty); multiple-inheritance offset adjustment thunk; the thunk's own return is empty()'s eax -- unpinned",,phys_fn_004846,
phys_fn_002354,0x0005b620,86,2,reconstructed,gap:Controller.cpp..fluids\Fluid.cpp,,,"The 86-byte oracle listing at 0x0005b620 resets sink state at sink+0x10, clears state[0], reserves one Container word at state+0x28 when count equals capacity by calling 004840, zeros the selected word, increments count, and clears state[1..9]. Physics/src/ContactGeneration.cpp::NxContactSinkResetState implements these ordered operations and the 004840 resize call.","Differential evidence/convex-mesh-gap-current-run.txt: direct oracle call at RVA 0x0005b620 matches candidate over 416 checks, digest 80effc8beac4d285; six preallocated and two growth cases under both x87 control words. Candidate exe SHA-256 A7E530CBC5DAD9BA951289C3B9DDC93B772CD7AA27FB9DB6A458510E48BF4FE2.",phys_fn_004840,
phys_fn_002356,0x0005b680,22,7,discovered,gap:Controller.cpp..fluids\Fluid.cpp,,,,,phys_fn_002354;phys_fn_004836,
phys_fn_002362,0x0005b700,43,2,statically_reviewed,gap:Controller.cpp..fluids\Fluid.cpp,,,"conditional release through the allocator singleton: pushes [self] into the global [0x10104048], then when [self] is still non-zero takes the singleton [[0x101041bc]] and calls ITS vtable slot +0x14 with [self] as the argument, and clears [self]. The slot pops its own argument",,,0x0005b706  call dword ptr [0x10104010]; 0x0005b716  call dword ptr [0x1010402c]; 0x0005b71c  call dword ptr [0x10104044]
phys_fn_002366,0x0005b790,32,2,statically_reviewed,gap:Controller.cpp..fluids\Fluid.cpp,,,"the lock release: clears the owner word at [inner+0x1c] and sets `al` to 1, which is the value the tail-jumping callers return",,,0x0005b79d  call dword ptr [0x1010402c]; 0x0005b7a6  call dword ptr [0x10104014]
phys_fn_002371,0x0005b7e0,10,7,reconstructed,gap:Controller.cpp..fluids\Fluid.cpp,,,"static review of the recorded shape: lock-API global call (0x5b7e0); the row was closed against the differential harness and this proof text is backfilled from the row own recorded description (phase-8 audit, 3z257)","confirmed via the blockers and blockers2 differentials (3z184): failures=0 for all ten rows, with each global function pointer, the lock-API globals and the allocator pointer bound to the same recorders the candidates use",,0x0005b7e3  call dword ptr [0x10104020]
phys_fn_002373,0x0005b7f0,10,7,reconstructed,gap:Controller.cpp..fluids\Fluid.cpp,,,"static review of the recorded shape: lock-API trampoline (0x5b7f0); the row was closed against the differential harness and this proof text is backfilled from the row own recorded description (phase-8 audit, 3z257)","confirmed via the newreach differential (3z197): failures=0 for all five rows, with each global slot bound to the same recorder the candidate is handed and the hit count, arguments and stored word all compared",,0x0005b7f3  call dword ptr [0x10104024]
phys_fn_002375,0x0005b800,30,7,reconstructed,gap:Controller.cpp..fluids\Fluid.cpp,,,"static review of the recorded shape: lock-API global test (0x5b800, ret 4); the row was closed against the differential harness and this proof text is backfilled from the row own recorded description (phase-8 audit, 3z257)","confirmed via the blockers and blockers2 differentials (3z184): failures=0 for all ten rows, with each global function pointer, the lock-API globals and the allocator pointer bound to the same recorders the candidates use",,0x0005b80f  call dword ptr [0x10104028]
phys_fn_002387,0x0005b8e0,7,7,reconstructed,gap:Controller.cpp..fluids\Fluid.cpp,,,"mov eax,[ecx+4]; mov al,byte ptr [eax+8]; ret",confirmed via ptrgetters drive (3z45): failures=0,,
phys_fn_002389,0x0005b8f0,32,7,discovered,gap:Controller.cpp..fluids\Fluid.cpp,,,,,,0x0005b8fc  call dword ptr [0x10104030]
phys_fn_002400,0x0005b9e0,90,7,discovered,gap:Controller.cpp..fluids\Fluid.cpp,,,,,phys_fn_000659;phys_fn_002362;phys_fn_002366;phys_fn_002371;phys_fn_002373;phys_fn_002375;phys_fn_002387;phys_fn_002389,
phys_fn_003419,0x00084a50,13,7,discovered,gap:Controller.cpp..fluids\Fluid.cpp,,,,,phys_fn_003659,
phys_fn_003495,0x00085a40,180,7,discovered,fluids\Fluid.cpp,,,,,phys_fn_000509;phys_fn_003601;phys_fn_003624,
phys_fn_003505,0x000861b0,473,7,discovered,gap:fluids\Fluid.cpp..fluids\FluidManager.cpp,,,,,phys_fn_003514;phys_fn_003516;phys_fn_003518;phys_fn_003528;phys_fn_003532;phys_fn_003537;phys_fn_003549;phys_fn_003555,
phys_fn_003509,0x000863f0,6,7,reconstructed,gap:fluids\Fluid.cpp..fluids\FluidManager.cpp,,,"static review of the recorded shape: six-byte global trampoline (0x863f0); the row was closed against the differential harness and this proof text is backfilled from the row own recorded description (phase-8 audit, 3z257)","confirmed via the newreach differential (3z197): failures=0 for all five rows, with each global slot bound to the same recorder the candidate is handed and the hit count, arguments and stored word all compared",,
phys_fn_003511,0x00086400,181,7,discovered,gap:fluids\Fluid.cpp..fluids\FluidManager.cpp,,,,,phys_fn_001281;phys_fn_001283;phys_fn_001287,
phys_fn_003514,0x000864e0,61,7,discovered,gap:fluids\Fluid.cpp..fluids\FluidManager.cpp,,,,,,
phys_fn_003516,0x00086520,97,7,discovered,gap:fluids\Fluid.cpp..fluids\FluidManager.cpp,,,,,,
phys_fn_003518,0x00086590,106,7,discovered,gap:fluids\Fluid.cpp..fluids\FluidManager.cpp,,,,,,
phys_fn_003524,0x000866d0,1017,7,discovered,gap:fluids\Fluid.cpp..fluids\FluidManager.cpp,,,,,,
phys_fn_003526,0x00086ad0,101,7,discovered,gap:fluids\Fluid.cpp..fluids\FluidManager.cpp,,,,,,
phys_fn_003528,0x00086b40,691,7,discovered,gap:fluids\Fluid.cpp..fluids\FluidManager.cpp,,,,,phys_fn_003524;phys_fn_003526,
phys_fn_003532,0x00086f00,17,7,discovered,gap:fluids\Fluid.cpp..fluids\FluidManager.cpp,,,,,,
phys_fn_003537,0x000872a0,17,7,discovered,gap:fluids\Fluid.cpp..fluids\FluidManager.cpp,,,,,,
phys_fn_003540,0x00087580,336,7,discovered,gap:fluids\Fluid.cpp..fluids\FluidManager.cpp,,,,,phys_fn_001287;phys_fn_001301;phys_fn_004886,
phys_fn_003541,0x000876d0,102,7,discovered,gap:fluids\Fluid.cpp..fluids\FluidManager.cpp,,,,,phys_fn_003540,
phys_fn_003543,0x00087740,88,7,discovered,gap:fluids\Fluid.cpp..fluids\FluidManager.cpp,,,,,phys_fn_003540,
phys_fn_003545,0x000877a0,98,7,discovered,gap:fluids\Fluid.cpp..fluids\FluidManager.cpp,,,,,phys_fn_003540,
phys_fn_003547,0x00087810,104,7,discovered,gap:fluids\Fluid.cpp..fluids\FluidManager.cpp,,,,,phys_fn_003540,
phys_fn_003549,0x00087880,189,7,discovered,gap:fluids\Fluid.cpp..fluids\FluidManager.cpp,,,,,phys_fn_001957;phys_fn_001958;phys_fn_003511,
phys_fn_003551,0x00087940,241,7,discovered,gap:fluids\Fluid.cpp..fluids\FluidManager.cpp,,,,,,
phys_fn_003553,0x00087a40,272,7,discovered,gap:fluids\Fluid.cpp..fluids\FluidManager.cpp,,,,,phys_fn_001281;phys_fn_001283;phys_fn_001287;phys_fn_003541;phys_fn_003543;phys_fn_003545;phys_fn_003547;phys_fn_003551,
phys_fn_003555,0x00087b80,189,7,discovered,gap:fluids\Fluid.cpp..fluids\FluidManager.cpp,,,,,phys_fn_001957;phys_fn_001958;phys_fn_003553,
phys_fn_003601,0x000881c0,233,7,discovered,gap:fluids\Fluid.cpp..fluids\FluidManager.cpp,,,,,phys_fn_000782,
phys_fn_003605,0x00088310,926,7,discovered,gap:fluids\Fluid.cpp..fluids\FluidManager.cpp,,,,,,
phys_fn_003624,0x00089930,207,7,discovered,gap:fluids\Fluid.cpp..fluids\FluidManager.cpp,,,,,phys_fn_003605,
phys_fn_003630,0x00089bd0,164,7,discovered,fluids\FluidManager.cpp,,,,,phys_fn_003495;phys_fn_003505;phys_fn_003509,
phys_fn_003632,0x00089c80,74,7,discovered,fluids\FluidManager.cpp,,,,,phys_fn_003419,
phys_fn_003659,0x0008ac10,44,7,discovered,gap:fluids\FluidManager.cpp..fluids\ImplicitMesh.cpp,,,,,,
phys_fn_004097,0x00095e50,1176,6,reconstructed,Joint.cpp,Physics/src/core/Joint.cpp,,transcribed from units/Joint.cpp.md (ghidra manifest) and checked against the Capstone listing; layout per units/revolute-contract.md,"executed under the Phase 6 joint transcript: a cdb breakpoint at this row's address in the candidate build (build/Release/NxPhysics.map) was hit in each of the four cases of NxPhysicsJointTests against build/pairs/candidate (sha256 = build/Release/NxPhysics.dll), twice per case, with Scene::createJoint wired to core/RevoluteJoint.cpp and the Phase 6 staged-pair transcript byte-identical to the oracle (stdout_delta=0, 11/11 coverage); trace excerpt committed as evidence/unit-pilot-revolute-trace.txt, summarised in evidence/unit-pilot-revolute.md (Task 10 row, ## Result) Trace taken on the pre-dc11888 build; see the header of evidence/unit-pilot-revolute-trace.txt.",,
phys_fn_004133,0x00099ab0,134,6,reconstructed,Joint.cpp,Physics/src/core/Joint.cpp,,transcribed from units/Joint.cpp.md (ghidra manifest) and checked against the Capstone listing; see units/joint-families-contract.md,,phys_fn_004097,0x00099b1c  call dword ptr [edx + 0x1c]; 0x00099b2e  call dword ptr [edx + 0x18]
phys_fn_004153,0x0009a570,156,6,reconstructed,gap:Joint.cpp..core\Articulation.cpp,,,"Reconstructed from the pinned Capstone listing: sorted 16-bit owner keys, 32-bit avalanche hash, masked bucket lookup and linked record walk.",The two owner-pair cases reached through NxFilterShapePair match oracle behavior; see evidence/convex-mesh-gap-2m-run.txt. Pinned NxPhysics.dll SHA-256 4b7db3e126735c576f79fe5666e6fa661de9724b2a78808bb0924325ac79602c; candidate NxPhysicsCollisionTests.exe SHA-256 EBF7014FBD8642FA913DBC0FD14C8EC663640F7DE244E50FEE29C4595982145B.,,
phys_fn_004155,0x0009a610,772,6,discovered,gap:Joint.cpp..core\Articulation.cpp,,,,,,0x0009a758  call dword ptr [eax + 0x14]; 0x0009a774  call dword ptr [edx + 8]; 0x0009a7b2  call dword ptr [eax + 8]; 0x0009a7cc  call dword ptr [edx + 8]; 0x0009a85b  call dword ptr [edx + 0x14]; 0x0009a877  call dword ptr [edx + 0x14]
phys_fn_004157,0x0009a920,476,6,reconstructed,gap:Joint.cpp..core\Articulation.cpp,,,"Reconstructed from the 476-byte Capstone/Ghidra listing: sort owner keys, locate and unlink their bucket-chain record, mark the slot with the freelist value, trim a final slot or compact the highest live record into the removed slot and reinsert it at the moved key's bucket head.","Direct oracle/candidate differential at RVA 0x0009a920: seven fixtures cover bucket-chain head/middle/tail, compaction within and across buckets, reversed keys, final-slot trim, and absence. All 616 compared state bytes match (digest f100e37b38af4b3c; input digest 023ef4155d13f542). Pinned oracle SHA-256 4b7db3e126735c576f79fe5666e6fa661de9724b2a78808bb0924325ac79602c; candidate NxPhysicsCollisionTests.exe SHA-256 FFF6F70846E8B22018C037446194B7DAFC59E7F16836D3831707E134E145B482.",,
phys_fn_004159,0x0009ab00,167,6,discovered,gap:Joint.cpp..core\Articulation.cpp,,,,,phys_fn_004405,
phys_fn_004161,0x0009abb0,226,6,discovered,gap:Joint.cpp..core\Articulation.cpp,,,,,,
phys_fn_004165,0x0009ace0,47,6,reconstructed,gap:Joint.cpp..core\Articulation.cpp,,,"static review of the recorded shape: vector virtual-call loop (0x9ace0); the row was closed against the differential harness and this proof text is backfilled from the row own recorded description (phase-8 audit, 3z257)","confirmed via the vecloop4165 differential (3z212): failures=0 over three consecutive runs for vector lengths 0, 1, 2 and 3, comparing the hit count, the ordered sequence of elements actually visited and the whole object",,0x0009acfb  call dword ptr [edx + 0x10]
phys_fn_004167,0x0009ad10,156,6,dynamically_gated,gap:Joint.cpp..core\Articulation.cpp,Physics/src/core/JointSupport.cpp,?row004167@Row004167Fixture@@QAEXXZ,"thiscall, no stack arguments; releases the second pointer array then the first, invokes each non-null element vtable slot 0 with flag 1, frees both array blocks, clears both array triples and preserves +0x0c","NxPhysicsJointSupportTests direct oracle differential at RVA 0x0009ad10: baseline order 103,101,102, flags 1, two frees, both triples cleared, mismatches=0; no-op mutant gives mismatches=4 and candidate exit 1",,phys_fn_000760,0x0009ad34 call dword ptr [edx]; 0x0009ad5f call dword ptr [eax]; 0x0009ad80 call dword ptr [edx + 0x14]; 0x0009ad9d call dword ptr [edx + 0x14]
phys_fn_004169,0x0009adb0,157,6,discovered,gap:Joint.cpp..core\Articulation.cpp,,,,,phys_fn_004159;phys_fn_004161,
phys_fn_004172,0x0009b0d0,69,6,discovered,core\Articulation.cpp,,,,,phys_fn_004169,0x0009b102  call dword ptr [0x10104154]
phys_fn_004174,0x0009b120,278,6,discovered,gap:core\Articulation.cpp..D6Joint.cpp,,,,,phys_fn_004397;phys_fn_004399;phys_fn_004401;phys_fn_004403,0x0009b16d  call dword ptr [eax*4 + 0x1012234c]; 0x0009b20d  call dword ptr [edx + 4]; 0x0009b21e  call dword ptr [eax*4 + 0x1012234c]
phys_fn_004176,0x0009b240,33,6,discovered,gap:core\Articulation.cpp..D6Joint.cpp,,,,,phys_fn_004174,
phys_fn_004248,0x000a0f60,3,6,reconstructed,core\FixedJoint.cpp,,,ret 4 -- no body,confirmed via setget3 drive (3z50): failures=0,,
phys_fn_004389,0x000af2d0,227,6,reconstructed,gap:core\PrismaticJoint.cpp..core\NpD6Joint.cpp,Physics/src/core/JointSupport.cpp,,transcribed from oracle/ghidra/manifest.json (ghidra manifest) and checked against the Capstone listing; layout per units/revolute-contract.md,"executed under the internal-slot differential: a cdb breakpoint at this row's address in the candidate build (build/Release/NxPhysics.map) was hit 2 times in NxPhysicsJointSlotTests against the staged candidate pair (NxPhysics.dll sha256 5fc6534573c8cd34, identical to build/Release/NxPhysics.dll), with the slot transcript identical to the oracle's (stdout_delta=0, 146/146 registered lines); trace excerpt committed as evidence/joint-open-items-trace-slots.txt (joint-open-items Task 6)",,
phys_fn_004391,0x000af3c0,837,6,reconstructed,gap:core\PrismaticJoint.cpp..core\NpD6Joint.cpp,Physics/src/core/JointSupport.cpp,,transcribed from units/gap__core__PrismaticJoint.cpp__to__core__NpD6Joint.cpp.md (ghidra manifest) and checked against the Capstone listing; see units/joint-families-contract.md,"executed under the internal-slot differential: a cdb breakpoint at this row's address in the candidate build (build/Release/NxPhysics.map) was hit 72 times in NxPhysicsJointSlotTests against the staged candidate pair (NxPhysics.dll sha256 5fc6534573c8cd34, identical to build/Release/NxPhysics.dll), with the slot transcript identical to the oracle's (stdout_delta=0, 146/146 registered lines); trace excerpt committed as evidence/joint-open-items-trace-slots.txt (joint-open-items Task 6)",,
phys_fn_004393,0x000af710,122,6,reconstructed,gap:core\PrismaticJoint.cpp..core\NpD6Joint.cpp,Physics/src/core/JointSupport.cpp,,transcribed from oracle/ghidra/manifest.json (ghidra manifest) and checked against the Capstone listing; layout per units/revolute-contract.md,"executed under the internal-slot differential: a cdb breakpoint at this row's address in the candidate build (build/Release/NxPhysics.map) was hit 10 times in NxPhysicsJointSlotTests against the staged candidate pair (NxPhysics.dll sha256 5fc6534573c8cd34, identical to build/Release/NxPhysics.dll), with the slot transcript identical to the oracle's (stdout_delta=0, 146/146 registered lines); trace excerpt committed as evidence/joint-open-items-trace-slots.txt (joint-open-items Task 6)",phys_fn_004391,
phys_fn_004395,0x000af790,835,6,discovered,gap:core\PrismaticJoint.cpp..core\NpD6Joint.cpp,,,,,,
phys_fn_004397,0x000afae0,295,6,discovered,gap:core\PrismaticJoint.cpp..core\NpD6Joint.cpp,,,,,phys_fn_004389;phys_fn_004395,0x000afb02  call dword ptr [eax]; 0x000afb42  call dword ptr [eax + 8]; 0x000afb70  call dword ptr [edx + 8]; 0x000afc00  call dword ptr [edx + 0xc]
phys_fn_004399,0x000afc10,173,6,discovered,gap:core\PrismaticJoint.cpp..core\NpD6Joint.cpp,,,,,phys_fn_004389;phys_fn_004395,0x000afc34  call dword ptr [eax]; 0x000afcb6  call dword ptr [edx + 0xc]
phys_fn_004401,0x000afcc0,794,6,discovered,gap:core\PrismaticJoint.cpp..core\NpD6Joint.cpp,,,,,,0x000afce6  call dword ptr [eax]; 0x000affd1  call dword ptr [eax + 0xc]
phys_fn_004403,0x000affe0,763,6,discovered,gap:core\PrismaticJoint.cpp..core\NpD6Joint.cpp,,,,,,0x000b02d3  call dword ptr [eax + 0xc]
phys_fn_004405,0x000b02e0,46,6,discovered,gap:core\PrismaticJoint.cpp..core\NpD6Joint.cpp,,,,,phys_fn_004759,0x000b02ed  call dword ptr [edx + 8]
phys_fn_004407,0x000b0310,79,6,reconstructed,gap:core\PrismaticJoint.cpp..core\NpD6Joint.cpp,,,"set [this]=vptr 0x1011a648; store args to +0x14/+0x18; if node arg non-null, link: [this+8]=node, [this+0x10]=node prev, [node+0xc]=this, [node+0x1c]=this",confirmed via ctorlink drive (3z70): failures=0,phys_fn_001583;phys_fn_004248;phys_fn_004411;phys_fn_004413;phys_fn_004415,
phys_fn_004409,0x000b0360,57,6,reconstructed,gap:core\PrismaticJoint.cpp..core\NpD6Joint.cpp,,,"static review of the recorded shape: linked-list teardown (0xb0360); the row was closed against the differential harness and this proof text is backfilled from the row own recorded description (phase-8 audit, 3z257)","confirmed via the blockers3 differential (3z185): failures=0 for all three rows, with the chain lengths 0..3, the byte-count field combinations and both singleton arms all compared",,0x000b037b  call dword ptr [eax]
phys_fn_004411,0x000b03a0,3,6,reconstructed,gap:core\PrismaticJoint.cpp..core\NpD6Joint.cpp,,,ret 0xc -- no body,confirmed via setget3 drive (3z50): failures=0,,
phys_fn_004413,0x000b03b0,408,6,discovered,gap:core\PrismaticJoint.cpp..core\NpD6Joint.cpp,,,,,,0x000b04bc  call dword ptr [edx + 0x20]; 0x000b04ee  call dword ptr [edx + 0x20]; 0x000b0520  call dword ptr [edx + 0x20]; 0x000b0535  call dword ptr [edx + 0x18]
phys_fn_004415,0x000b0550,34,6,reconstructed,gap:core\PrismaticJoint.cpp..core\NpD6Joint.cpp,,,"static review of the recorded shape: destructor chain via the allocator singleton (0xb0550, ret 4); the row was closed against the differential harness and this proof text is backfilled from the row own recorded description (phase-8 audit, 3z257)","confirmed via the dtorchain differential (3z190): both flag arms failures=0 for all three rows, with the 004803 allocator, the allocator singleton and the free recorders all bound to the same bodies the candidates use",phys_fn_004409,0x000b0569  call dword ptr [edx + 0x14]
phys_fn_004759,0x000b38a0,37,6,discovered,gap:core\NpPrismaticJoint.cpp..opcode\IcePrunable.cpp,,,,,phys_fn_004248;phys_fn_004407;phys_fn_004411;phys_fn_004413;phys_fn_004761;phys_fn_004763;phys_fn_004764,
phys_fn_004761,0x000b38d0,71,6,discovered,gap:core\NpPrismaticJoint.cpp..opcode\IcePrunable.cpp,,,,,phys_fn_004133,0x000b3908  call dword ptr [eax + 0x14]
phys_fn_004763,0x000b3920,96,6,reconstructed,gap:core\NpPrismaticJoint.cpp..opcode\IcePrunable.cpp,Physics/src/ObjectModel.cpp,,"static review of the recorded shape: guarded dispatch plus chain walk (0xb3920); the row was closed against the differential harness and this proof text is backfilled from the row own recorded description (phase-8 audit, 3z257)","confirmed via chain4763 differential (3z178): twelve combinations -- three guard arms by chain lengths 0..3 -- all failures=0, comparing the recorded dispatch-and-walk sequence by node identity, the visit count and the dispatch argument",,0x000b3964  call dword ptr [edx + 0x20]; 0x000b3974  call dword ptr [edx + 0x10]
phys_fn_004764,0x000b3980,40,6,reconstructed,gap:core\NpPrismaticJoint.cpp..opcode\IcePrunable.cpp,,,"static review of the recorded shape: destructor chain with a vtable store (0xb3980, ret 4); the row was closed against the differential harness and this proof text is backfilled from the row own recorded description (phase-8 audit, 3z257)","confirmed via the dtorchain differential (3z190): both flag arms failures=0 for all three rows, with the 004803 allocator, the allocator singleton and the free recorders all bound to the same bodies the candidates use",phys_fn_004409,0x000b399f  call dword ptr [edx + 0x14]
phys_fn_004803,0x000b4000,20,2,statically_reviewed,gap:core\NpPrismaticJoint.cpp..opcode\IcePrunable.cpp,,,the allocator singleton getter: reads [0x1012845c]; if non-zero returns it; otherwise stores the default 0x10122368 into it and returns that. `ret` with no arguments,,,
phys_fn_004814,0x000b4080,1197,7,discovered,gap:core\NpPrismaticJoint.cpp..opcode\IcePrunable.cpp,,,,,phys_fn_004803;phys_fn_004840;phys_fn_005157;phys_fn_005169,0x000b41f3  call dword ptr [edx]; 0x000b4221  call dword ptr [edx]
phys_fn_004816,0x000b4530,381,4,dynamically_gated,gap:core\NpPrismaticJoint.cpp..opcode\IcePrunable.cpp,,,"Oracle 0x000b4530-0x000b46af sorts box minima with a MAX_FLOAT sentinel through the persistent RadixSort, then sweeps rank pairs; the helper is called from SweepAndPrune::Init at 0x000e70a2.","NxPhysicsThirdPartyTests complete_pruning oracle differential: 257 deterministic box sets, three axis orders, 730 return/count/pair words exact; the helper is retained in the whole-archive DLL build.",phys_fn_004803;phys_fn_004840;phys_fn_005157;phys_fn_005169,0x000b4614  call dword ptr [edx]
phys_fn_004820,0x000b4790,376,7,discovered,gap:core\NpPrismaticJoint.cpp..opcode\IcePrunable.cpp,,,,,phys_fn_004803;phys_fn_004840;phys_fn_005157;phys_fn_005169,0x000b485d  call dword ptr [edx]
phys_fn_004824,0x000b49f0,299,7,discovered,gap:core\NpPrismaticJoint.cpp..opcode\IcePrunable.cpp,,,,,phys_fn_004840,
phys_fn_004826,0x000b4b20,287,7,discovered,gap:core\NpPrismaticJoint.cpp..opcode\IcePrunable.cpp,,,,,phys_fn_004840,
phys_fn_004836,0x000b4d70,20,4,reconstructed,gap:core\NpPrismaticJoint.cpp..opcode\IcePrunable.cpp,,,,"driven and gated: the transcript line 'thirdparty name=container rva=0x000b4d70 owner=phys_fn_004836 source=Ice/IceContainer.cpp:40,81,97,153 words=3456 oracle=7abefb4c mismatches=0 worst_ulp=0 verd is a registered coverage assertion in tools/gate_targets.ps1, which run_phase_gate.ps1 requires to appear at least twice in the differential transcript and fails if it stops appearing. Backfilled from that registration (7i); the row was already driven, the proof field was never filled in.",,
phys_fn_004840,0x000b4de0,174,4,dynamically_gated,gap:core\NpPrismaticJoint.cpp..opcode\IcePrunable.cpp,,,"recorded in docs/reconstruction/novodex-physics/evidence/phase2-static-proof.md: ""| `phys_fn_004840` `resize` | other phases only | 148 callers, none drivable |"" (backfilled 7j from that document; the row was already written up there, the proof field was never filled in).",,phys_fn_004803,0x000b4e43  call dword ptr [edx]; 0x000b4e79  call dword ptr [edx + 0xc]
phys_fn_004846,0x000b4f50,64,4,reconstructed,gap:core\NpPrismaticJoint.cpp..opcode\IcePrunable.cpp,,,"recorded in docs/reconstruction/novodex-physics/evidence/phase2-static-proof.md: ""| `phys_fn_004846` `empty` | other phases only | 47 callers, none drivable |"" (backfilled 7j from that document; the row was already written up there, the proof field was never filled in).",,phys_fn_004803,0x000b4f77  call dword ptr [edx + 0xc]
phys_fn_004886,0x000b55b0,34,4,dynamically_gated,gap:core\NpPrismaticJoint.cpp..opcode\IcePrunable.cpp,Physics/src/opcode/IcePrunable.cpp,,"recorded in docs/reconstruction/novodex-physics/evidence/phase4-third-party.md: ""ph3, 27 B), `phys_fn_004884` (`0x000b5590`, ph7, 29 B), `phys_fn_004886`"" (backfilled 7j from that document; the row was already written up there, the proof field was never filled in).",,,0x000b55c5  call eax
phys_fn_004894,0x000b5670,83,4,dynamically_gated,gap:opcode\IcePrunable.cpp..opcode\OPC_MeshInterface.cpp,Physics/src/opcode/IcePrunable.cpp,,"recorded in docs/reconstruction/novodex-physics/evidence/phase4-third-party.md: ""pointer as `phys_fn_004894` (`0x000b5670`, core); `phys_fn_004886` reads the same"" (backfilled 7j from that document; the row was already written up there, the proof field was never filled in).",,,0x000b56aa  call ecx
phys_fn_005157,0x000e32c0,27,4,dynamically_gated,gap:opcode\IcePrunable.cpp..opcode\OPC_MeshInterface.cpp,,,"xor ecx,ecx; zero [this+4..0x10]; byte[+0x14]=1; [this]=0x80000000; ret",confirmed via initbatch drive (3z56): failures=0,,
phys_fn_005159,0x000e32e0,72,4,reconstructed,gap:opcode\IcePrunable.cpp..opcode\OPC_MeshInterface.cpp,Physics/src/ObjectModel.cpp,,"static review of the recorded shape: byte-guarded singleton release of two owned pointers (0xe32e0); the row was closed against the differential harness and this proof text is backfilled from the row own recorded description (phase-8 audit, 3z257)","confirmed via the allocrel differential (3z219): failures=0 over three consecutive runs for all four pans -- guard off, and guard on with each combination of the two fields live -- comparing the slot hit count and the whole object, with the singleton bound",phys_fn_004803,0x000e32fe  call dword ptr [edx + 0xc]; 0x000e331c  call dword ptr [edx + 0xc]
phys_fn_005161,0x000e3330,134,4,reconstructed,gap:opcode\IcePrunable.cpp..opcode\OPC_MeshInterface.cpp,External/opcode/novodex/Ice/IceRevisitedRadix.cpp,RadixSort::Resize(udword),"Vendored-correspondence Task 5b promotion, as amended by the plan's final review (evidence/vendored-correspondence.md, Results). The row is opcode RadixSort::Resize(udword), compiled from External/opcode/novodex/Ice/IceRevisitedRadix.cpp into the candidate NxPhysics.dll (sha256 b0e275ae70e5...) as ?Resize@RadixSort@IceCore@@AAE_NI@Z. Matcher tools/vendored_match.py (phase4-third-party-map/opcode_match.csv): class REVIEW over the group's 1 row(s). Compared: calls resolved to identities, strings by content, float constants by value, global data through vendored_data_map.csv, structure-field byte coverage, logic/compare immediates and x87 operation classes. Not compared by the matcher: register-only ALU operations and x87 operand order; x87 compare predicates; conditional-jump kinds and signedness; store and argument immediates; indexed operands and negative displacements; call counts once inlining is absorbed; the argument order of inlined calls; which object a field belongs to beyond the this/pointer base class; arithmetic order and precision. Summation order and some register lifetimes of the oracle are not reproduced (this row has no x87 sums; its register allocation differs and is not compared). Hand review: phase4-third-party-map/opcode_review.csv, verdict equivalent (Task 3; oracle 0x000e3330; candidate 0x00082ed0). Execution class exact: an execution of this group was compared with the oracle in NxPhysicsThirdPartyTests/NxPhysicsAssetTests and matched in every word (exact families: asset, complete_pruning, opcode_sap, radix_setrankbuffers, radixsort); phase4-third-party-map/vendored_coverage.csv and evidence/vendored-trace-opcode.txt.","cdb trace, evidence/vendored-trace-opcode.txt: breakpoint hits 23+ (capped at 5 per family) in asset, complete_pruning, opcode_sap, radix_setrankbuffers, radixsort; traced NxPhysicsThirdPartyTests.exe sha256 6658d086bf3990e5bcfc7e6192d9042733efb691349353735a2c816725139019 and NxPhysicsAssetTests.exe sha256 8e77583c50343cbd15c0727986c1585eb2fe23a1bf4f4ea3873a30ff162b1418, whose bodies of this group are the candidate NxPhysics.dll's (sha256 b0e275ae70e5f381d251a582c300ffd9778c2442d14ddca1deae6e29f419b05d; identity check: thirdparty:same;asset:same); outcome exact, family_best exact (phase4-third-party-map/vendored_coverage.csv). The pinned binaries predate the plan's final clean link (DLL f9075db4..., NxPhysicsThirdPartyTests.exe 84b6c878..., NxPhysicsAssetTests.exe ae2d812b...), which differs by the link timestamp only: the matcher's output over the relinked DLL is byte-identical, addresses included.",phys_fn_004803,0x000e334f  call dword ptr [edx + 0xc]; 0x000e336d  call dword ptr [edx + 0xc]; 0x000e338a  call dword ptr [edx]; 0x000e339f  call dword ptr [edx]
phys_fn_005169,0x000e3920,445,4,reconstructed,gap:opcode\IcePrunable.cpp..opcode\OPC_MeshInterface.cpp,External/opcode/novodex/Ice/IceRevisitedRadix.cpp,"RadixSort::Sort(const float*, udword)","Vendored-correspondence Task 5b promotion, as amended by the plan's final review (evidence/vendored-correspondence.md, Results). The row is opcode RadixSort::Sort(const float*, udword), compiled from External/opcode/novodex/Ice/IceRevisitedRadix.cpp into the candidate NxPhysics.dll (sha256 b0e275ae70e5...) as ?Sort@RadixSort@IceCore@@QAEAAV12@PBMI@Z. Matcher tools/vendored_match.py (phase4-third-party-map/opcode_match.csv): class REVIEW over the group's 4 row(s). Compared: calls resolved to identities, strings by content, float constants by value, global data through vendored_data_map.csv, structure-field byte coverage, logic/compare immediates and x87 operation classes. Not compared by the matcher: register-only ALU operations and x87 operand order; x87 compare predicates; conditional-jump kinds and signedness; store and argument immediates; indexed operands and negative displacements; call counts once inlining is absorbed; the argument order of inlined calls; which object a field belongs to beyond the this/pointer base class; arithmetic order and precision. Summation order and some register lifetimes of the oracle are not reproduced (vendored-correspondence.md, Summation order). Hand review: phase4-third-party-map/opcode_review.csv, verdict equivalent (Task 3; oracle 0x000e3920; candidate 0x000834c0). Execution class exact: an execution of this group was compared with the oracle in NxPhysicsThirdPartyTests/NxPhysicsAssetTests and matched in every word (exact families: complete_pruning, opcode_sap, radixsort); phase4-third-party-map/vendored_coverage.csv and evidence/vendored-trace-opcode.txt.","cdb trace, evidence/vendored-trace-opcode.txt: breakpoint hits 15+ (capped at 5 per family) in complete_pruning, opcode_sap, radixsort; traced NxPhysicsThirdPartyTests.exe sha256 6658d086bf3990e5bcfc7e6192d9042733efb691349353735a2c816725139019 and NxPhysicsAssetTests.exe sha256 8e77583c50343cbd15c0727986c1585eb2fe23a1bf4f4ea3873a30ff162b1418, whose bodies of this group are the candidate NxPhysics.dll's (sha256 b0e275ae70e5f381d251a582c300ffd9778c2442d14ddca1deae6e29f419b05d; identity check: thirdparty:same;asset:absent); outcome exact, family_best exact (phase4-third-party-map/vendored_coverage.csv). The pinned binaries predate the plan's final clean link (DLL f9075db4..., NxPhysicsThirdPartyTests.exe 84b6c878..., NxPhysicsAssetTests.exe ae2d812b...), which differs by the link timestamp only: the matcher's output over the relinked DLL is byte-identical, addresses included.",phys_fn_005161,
phys_fn_005242,0x000e5890,3,4,reconstructed,gap:opcode\IcePrunable.cpp..opcode\OPC_MeshInterface.cpp,,,ret 8 -- no body,confirmed via setget3 drive (3z50): failures=0,,
phys_fn_005265,0x000e6480,331,4,reconstructed,gap:opcode\IcePrunable.cpp..opcode\OPC_MeshInterface.cpp,External/opcode/novodex/OPC_SweepAndPrune.cpp,"SAP_PairData::GetFreeElem(udword, SAP_Element*, udword*)","Vendored-correspondence Task 5b promotion, as amended by the plan's final review (evidence/vendored-correspondence.md, Results). The row is opcode SAP_PairData::GetFreeElem(udword, SAP_Element*, udword*), compiled from External/opcode/novodex/OPC_SweepAndPrune.cpp into the candidate NxPhysics.dll (sha256 b0e275ae70e5...) as ?GetFreeElem@SAP_PairData@Opcode@@AAEPAVSAP_Element@2@IPAV32@PAI@Z. Matcher tools/vendored_match.py (phase4-third-party-map/opcode_match.csv): class REVIEW over the group's 1 row(s). Compared: calls resolved to identities, strings by content, float constants by value, global data through vendored_data_map.csv, structure-field byte coverage, logic/compare immediates and x87 operation classes. Not compared by the matcher: register-only ALU operations and x87 operand order; x87 compare predicates; conditional-jump kinds and signedness; store and argument immediates; indexed operands and negative displacements; call counts once inlining is absorbed; the argument order of inlined calls; which object a field belongs to beyond the this/pointer base class; arithmetic order and precision. Summation order and some register lifetimes of the oracle are not reproduced (this row has no x87 sums; its register allocation differs and is not compared). Hand review: phase4-third-party-map/opcode_review.csv, verdict equivalent (Task 3; oracle 0x000e6480; candidate 0x0009fcd0). Execution class exact: an execution of this group was compared with the oracle in NxPhysicsThirdPartyTests/NxPhysicsAssetTests and matched in every word (exact families: opcode_sap); phase4-third-party-map/vendored_coverage.csv and evidence/vendored-trace-opcode.txt.","cdb trace, evidence/vendored-trace-opcode.txt: breakpoint hits 5+ (capped at 5 per family) in opcode_sap; traced NxPhysicsThirdPartyTests.exe sha256 6658d086bf3990e5bcfc7e6192d9042733efb691349353735a2c816725139019 and NxPhysicsAssetTests.exe sha256 8e77583c50343cbd15c0727986c1585eb2fe23a1bf4f4ea3873a30ff162b1418, whose bodies of this group are the candidate NxPhysics.dll's (sha256 b0e275ae70e5f381d251a582c300ffd9778c2442d14ddca1deae6e29f419b05d; identity check: thirdparty:same;asset:absent); outcome exact, family_best exact (phase4-third-party-map/vendored_coverage.csv). The pinned binaries predate the plan's final clean link (DLL f9075db4..., NxPhysicsThirdPartyTests.exe 84b6c878..., NxPhysicsAssetTests.exe ae2d812b...), which differs by the link timestamp only: the matcher's output over the relinked DLL is byte-identical, addresses included.",phys_fn_000001;phys_fn_004803,0x000e64df  call dword ptr [edx]; 0x000e659d  call dword ptr [edx + 0xc]
phys_fn_005267,0x000e65d0,149,4,reconstructed,gap:opcode\IcePrunable.cpp..opcode\OPC_MeshInterface.cpp,External/opcode/novodex/OPC_SweepAndPrune.cpp,"SAP_PairData::AddPair(udword, udword)","Vendored-correspondence Task 5b promotion, as amended by the plan's final review (evidence/vendored-correspondence.md, Results). The row is opcode SAP_PairData::AddPair(udword, udword), compiled from External/opcode/novodex/OPC_SweepAndPrune.cpp into the candidate NxPhysics.dll (sha256 b0e275ae70e5...) as ?AddPair@SAP_PairData@Opcode@@QAEXII@Z. Matcher tools/vendored_match.py (phase4-third-party-map/opcode_match.csv): class SHAPE over the group's 1 row(s). Compared: calls resolved to identities, strings by content, float constants by value, global data through vendored_data_map.csv, structure-field byte coverage, logic/compare immediates and x87 operation classes. Not compared by the matcher: register-only ALU operations and x87 operand order; x87 compare predicates; conditional-jump kinds and signedness; store and argument immediates; indexed operands and negative displacements; call counts once inlining is absorbed; the argument order of inlined calls; which object a field belongs to beyond the this/pointer base class; arithmetic order and precision. Summation order and some register lifetimes of the oracle are not reproduced (this row has no x87 sums; its register allocation differs and is not compared). Hand review: phase4-third-party-map/opcode_review.csv, verdict equivalent (Task 3; oracle 0x000e65d0; candidate 0x0009fac0). Execution class exact: an execution of this group was compared with the oracle in NxPhysicsThirdPartyTests/NxPhysicsAssetTests and matched in every word (exact families: opcode_sap); phase4-third-party-map/vendored_coverage.csv and evidence/vendored-trace-opcode.txt.","cdb trace, evidence/vendored-trace-opcode.txt: breakpoint hits 5+ (capped at 5 per family) in opcode_sap; traced NxPhysicsThirdPartyTests.exe sha256 6658d086bf3990e5bcfc7e6192d9042733efb691349353735a2c816725139019 and NxPhysicsAssetTests.exe sha256 8e77583c50343cbd15c0727986c1585eb2fe23a1bf4f4ea3873a30ff162b1418, whose bodies of this group are the candidate NxPhysics.dll's (sha256 b0e275ae70e5f381d251a582c300ffd9778c2442d14ddca1deae6e29f419b05d; identity check: thirdparty:same;asset:absent); outcome exact, family_best exact (phase4-third-party-map/vendored_coverage.csv). The pinned binaries predate the plan's final clean link (DLL f9075db4..., NxPhysicsThirdPartyTests.exe 84b6c878..., NxPhysicsAssetTests.exe ae2d812b...), which differs by the link timestamp only: the matcher's output over the relinked DLL is byte-identical, addresses included.",phys_fn_005265,
phys_fn_005269,0x000e6670,115,4,reconstructed,gap:opcode\IcePrunable.cpp..opcode\OPC_MeshInterface.cpp,External/opcode/novodex/OPC_SweepAndPrune.cpp,"SAP_PairData::RemovePair(udword, udword)","Vendored-correspondence Task 5b promotion, as amended by the plan's final review (evidence/vendored-correspondence.md, Results). The row is opcode SAP_PairData::RemovePair(udword, udword), compiled from External/opcode/novodex/OPC_SweepAndPrune.cpp into the candidate NxPhysics.dll (sha256 b0e275ae70e5...) as ?RemovePair@SAP_PairData@Opcode@@QAEXII@Z. Matcher tools/vendored_match.py (phase4-third-party-map/opcode_match.csv): class REVIEW over the group's 1 row(s). Compared: calls resolved to identities, strings by content, float constants by value, global data through vendored_data_map.csv, structure-field byte coverage, logic/compare immediates and x87 operation classes. Not compared by the matcher: register-only ALU operations and x87 operand order; x87 compare predicates; conditional-jump kinds and signedness; store and argument immediates; indexed operands and negative displacements; call counts once inlining is absorbed; the argument order of inlined calls; which object a field belongs to beyond the this/pointer base class; arithmetic order and precision. Summation order and some register lifetimes of the oracle are not reproduced (this row has no x87 sums; its register allocation differs and is not compared). Hand review: phase4-third-party-map/opcode_review.csv, verdict equivalent (Task 3; oracle 0x000e6670; candidate 0x000a04b0). Execution class exact: an execution of this group was compared with the oracle in NxPhysicsThirdPartyTests/NxPhysicsAssetTests and matched in every word (exact families: opcode_sap); phase4-third-party-map/vendored_coverage.csv and evidence/vendored-trace-opcode.txt.","cdb trace, evidence/vendored-trace-opcode.txt: breakpoint hits 5+ (capped at 5 per family) in opcode_sap; traced NxPhysicsThirdPartyTests.exe sha256 6658d086bf3990e5bcfc7e6192d9042733efb691349353735a2c816725139019 and NxPhysicsAssetTests.exe sha256 8e77583c50343cbd15c0727986c1585eb2fe23a1bf4f4ea3873a30ff162b1418, whose bodies of this group are the candidate NxPhysics.dll's (sha256 b0e275ae70e5f381d251a582c300ffd9778c2442d14ddca1deae6e29f419b05d; identity check: thirdparty:same;asset:absent); outcome exact, family_best exact (phase4-third-party-map/vendored_coverage.csv). The pinned binaries predate the plan's final clean link (DLL f9075db4..., NxPhysicsThirdPartyTests.exe 84b6c878..., NxPhysicsAssetTests.exe ae2d812b...), which differs by the link timestamp only: the matcher's output over the relinked DLL is byte-identical, addresses included.",,
phys_fn_005271,0x000e66f0,89,4,reconstructed,gap:opcode\IcePrunable.cpp..opcode\OPC_MeshInterface.cpp,External/opcode/novodex/OPC_SweepAndPrune.cpp,"SAP_PairData::DumpPairs(PairCallback, void*)","Vendored-correspondence Task 5b promotion, as amended by the plan's final review (evidence/vendored-correspondence.md, Results). The row is opcode SAP_PairData::DumpPairs(PairCallback, void*), compiled from External/opcode/novodex/OPC_SweepAndPrune.cpp into the candidate NxPhysics.dll (sha256 b0e275ae70e5...) as ?DumpPairs@SAP_PairData@Opcode@@QBEXP6AHIIPAX@Z0@Z. Matcher tools/vendored_match.py (phase4-third-party-map/opcode_match.csv): class REVIEW over the group's 1 row(s). Compared: calls resolved to identities, strings by content, float constants by value, global data through vendored_data_map.csv, structure-field byte coverage, logic/compare immediates and x87 operation classes. Not compared by the matcher: register-only ALU operations and x87 operand order; x87 compare predicates; conditional-jump kinds and signedness; store and argument immediates; indexed operands and negative displacements; call counts once inlining is absorbed; the argument order of inlined calls; which object a field belongs to beyond the this/pointer base class; arithmetic order and precision. Summation order and some register lifetimes of the oracle are not reproduced (this row has no x87 sums; its register allocation differs and is not compared). Hand review: phase4-third-party-map/opcode_review.csv, verdict equivalent (Task 3; oracle 0x000e66f0; candidate 0x0009fc40). Execution: not required -- static-only policy class (no x87 code, no inlining note, no other-immediate note). No differential executes it.",,,0x000e6725  call ebx
phys_fn_005273,0x000e6750,5,4,reconstructed,gap:opcode\IcePrunable.cpp..opcode\OPC_MeshInterface.cpp,External/opcode/novodex/OPC_SweepAndPrune.cpp,"SweepAndPrune::GetPairs(PairCallback, void*)","Vendored-correspondence Task 5b promotion, as amended by the plan's final review (evidence/vendored-correspondence.md, Results). The row is opcode SweepAndPrune::GetPairs(PairCallback, void*), compiled from External/opcode/novodex/OPC_SweepAndPrune.cpp into the candidate NxPhysics.dll (sha256 b0e275ae70e5...) as ?GetPairs@SweepAndPrune@Opcode@@QBEXP6AHIIPAX@Z0@Z. Matcher tools/vendored_match.py (phase4-third-party-map/opcode_match.csv): class REVIEW over the group's 1 row(s). Compared: calls resolved to identities, strings by content, float constants by value, global data through vendored_data_map.csv, structure-field byte coverage, logic/compare immediates and x87 operation classes. Not compared by the matcher: register-only ALU operations and x87 operand order; x87 compare predicates; conditional-jump kinds and signedness; store and argument immediates; indexed operands and negative displacements; call counts once inlining is absorbed; the argument order of inlined calls; which object a field belongs to beyond the this/pointer base class; arithmetic order and precision. Summation order and some register lifetimes of the oracle are not reproduced (this row has no x87 sums; its register allocation differs and is not compared). Hand review: phase4-third-party-map/opcode_review.csv, verdict equivalent (Task 3; oracle 0x000e6750; candidate 0x0009fec0). Execution class exact: an execution of this group was compared with the oracle in NxPhysicsThirdPartyTests/NxPhysicsAssetTests and matched in every word (exact families: opcode_sap); phase4-third-party-map/vendored_coverage.csv and evidence/vendored-trace-opcode.txt.","cdb trace, evidence/vendored-trace-opcode.txt: breakpoint hits 5+ (capped at 5 per family) in opcode_sap; traced NxPhysicsThirdPartyTests.exe sha256 6658d086bf3990e5bcfc7e6192d9042733efb691349353735a2c816725139019 and NxPhysicsAssetTests.exe sha256 8e77583c50343cbd15c0727986c1585eb2fe23a1bf4f4ea3873a30ff162b1418, whose bodies of this group are the candidate NxPhysics.dll's (sha256 b0e275ae70e5f381d251a582c300ffd9778c2442d14ddca1deae6e29f419b05d; identity check: thirdparty:same;asset:absent); outcome exact, family_best exact (phase4-third-party-map/vendored_coverage.csv). The pinned binaries predate the plan's final clean link (DLL f9075db4..., NxPhysicsThirdPartyTests.exe 84b6c878..., NxPhysicsAssetTests.exe ae2d812b...), which differs by the link timestamp only: the matcher's output over the relinked DLL is byte-identical, addresses included.",phys_fn_005271,
phys_fn_005275,0x000e6760,397,4,reconstructed,gap:opcode\IcePrunable.cpp..opcode\OPC_MeshInterface.cpp,External/opcode/novodex/OPC_SweepAndPrune.cpp,"SweepAndPrune::UpdateObject(udword, const AABB&)","Vendored-correspondence Task 5b promotion, as amended by the plan's final review (evidence/vendored-correspondence.md, Results). The row is opcode SweepAndPrune::UpdateObject(udword, const AABB&), compiled from External/opcode/novodex/OPC_SweepAndPrune.cpp into the candidate NxPhysics.dll (sha256 b0e275ae70e5...) as ?UpdateObject@SweepAndPrune@Opcode@@QAE_NIABVAABB@IceMaths@@@Z. Matcher tools/vendored_match.py (phase4-third-party-map/opcode_match.csv): class REVIEW over the group's 2 row(s). Compared: calls resolved to identities, strings by content, float constants by value, global data through vendored_data_map.csv, structure-field byte coverage, logic/compare immediates and x87 operation classes. Not compared by the matcher: register-only ALU operations and x87 operand order; x87 compare predicates; conditional-jump kinds and signedness; store and argument immediates; indexed operands and negative displacements; call counts once inlining is absorbed; the argument order of inlined calls; which object a field belongs to beyond the this/pointer base class; arithmetic order and precision. Summation order and some register lifetimes of the oracle are not reproduced (vendored-correspondence.md, Summation order). Hand review: phase4-third-party-map/opcode_review.csv, verdict equivalent (Task 3; oracle 0x000e6760; candidate 0x000a0550). Execution class exact: an execution of this group was compared with the oracle in NxPhysicsThirdPartyTests/NxPhysicsAssetTests and matched in every word (exact families: opcode_sap); phase4-third-party-map/vendored_coverage.csv and evidence/vendored-trace-opcode.txt.","cdb trace, evidence/vendored-trace-opcode.txt: breakpoint hits 5+ (capped at 5 per family) in opcode_sap; traced NxPhysicsThirdPartyTests.exe sha256 6658d086bf3990e5bcfc7e6192d9042733efb691349353735a2c816725139019 and NxPhysicsAssetTests.exe sha256 8e77583c50343cbd15c0727986c1585eb2fe23a1bf4f4ea3873a30ff162b1418, whose bodies of this group are the candidate NxPhysics.dll's (sha256 b0e275ae70e5f381d251a582c300ffd9778c2442d14ddca1deae6e29f419b05d; identity check: thirdparty:same;asset:absent); outcome exact, family_best exact (phase4-third-party-map/vendored_coverage.csv). The pinned binaries predate the plan's final clean link (DLL f9075db4..., NxPhysicsThirdPartyTests.exe 84b6c878..., NxPhysicsAssetTests.exe ae2d812b...), which differs by the link timestamp only: the matcher's output over the relinked DLL is byte-identical, addresses included.",phys_fn_005267;phys_fn_005269,
phys_fn_005281,0x000e6c10,142,4,discovered,gap:opcode\IcePrunable.cpp..opcode\OPC_MeshInterface.cpp,,,,,phys_fn_004803,0x000e6c34  call dword ptr [edx + 0xc]; 0x000e6c4c  call dword ptr [edx + 0xc]; 0x000e6c6c  call dword ptr [edx]
phys_fn_005283,0x000e6ca0,266,4,reconstructed,gap:opcode\IcePrunable.cpp..opcode\OPC_MeshInterface.cpp,External/opcode/novodex/OPC_SweepAndPrune.cpp,"SweepAndPrune::Init(udword, const AABB**, const bool*)","Vendored-correspondence Task 5b promotion, as amended by the plan's final review (evidence/vendored-correspondence.md, Results). The row is opcode SweepAndPrune::Init(udword, const AABB**, const bool*), compiled from External/opcode/novodex/OPC_SweepAndPrune.cpp into the candidate NxPhysics.dll (sha256 b0e275ae70e5...) as ?Init@SweepAndPrune@Opcode@@QAE_NIPAPBVAABB@IceMaths@@PB_N@Z. Matcher tools/vendored_match.py (phase4-third-party-map/opcode_match.csv): class REVIEW over the group's 3 row(s). Compared: calls resolved to identities, strings by content, float constants by value, global data through vendored_data_map.csv, structure-field byte coverage, logic/compare immediates and x87 operation classes. Not compared by the matcher: register-only ALU operations and x87 operand order; x87 compare predicates; conditional-jump kinds and signedness; store and argument immediates; indexed operands and negative displacements; call counts once inlining is absorbed; the argument order of inlined calls; which object a field belongs to beyond the this/pointer base class; arithmetic order and precision. Summation order and some register lifetimes of the oracle are not reproduced (vendored-correspondence.md, Summation order). Hand review: phase4-third-party-map/opcode_review.csv, verdict equivalent (Task 3; oracle 0x000e6ca0; candidate 0x0009ffb0). Execution class exact: an execution of this group was compared with the oracle in NxPhysicsThirdPartyTests/NxPhysicsAssetTests and matched in every word (exact families: opcode_sap); phase4-third-party-map/vendored_coverage.csv and evidence/vendored-trace-opcode.txt.","cdb trace, evidence/vendored-trace-opcode.txt: breakpoint hits 4 (capped at 5 per family) in opcode_sap; traced NxPhysicsThirdPartyTests.exe sha256 6658d086bf3990e5bcfc7e6192d9042733efb691349353735a2c816725139019 and NxPhysicsAssetTests.exe sha256 8e77583c50343cbd15c0727986c1585eb2fe23a1bf4f4ea3873a30ff162b1418, whose bodies of this group are the candidate NxPhysics.dll's (sha256 b0e275ae70e5f381d251a582c300ffd9778c2442d14ddca1deae6e29f419b05d; identity check: thirdparty:same;asset:absent); outcome exact, family_best exact (phase4-third-party-map/vendored_coverage.csv). The pinned binaries predate the plan's final clean link (DLL f9075db4..., NxPhysicsThirdPartyTests.exe 84b6c878..., NxPhysicsAssetTests.exe ae2d812b...), which differs by the link timestamp only: the matcher's output over the relinked DLL is byte-identical, addresses included.",phys_fn_004803;phys_fn_004816;phys_fn_004836;phys_fn_004846;phys_fn_005157;phys_fn_005159;phys_fn_005169;phys_fn_005267;phys_fn_005281,0x000e6cd8  call dword ptr [edx + 0xc]; 0x000e6cf4  call dword ptr [edx]; 0x000e6d5a  call dword ptr [edx + 0xc]; 0x000e6d72  call dword ptr [edx]
phys_fn_005289,0x000e7180,37,4,reconstructed,gap:opcode\IcePrunable.cpp..opcode\OPC_MeshInterface.cpp,,,"xor ecx,ecx; 11 dword zero-stores through +0x28; ret",confirmed via quadbatch drive (3z59): failures=0,,
