phase=none resolved_targets=NxPhysicsSimulationTests
pass: at least one test target was requested
pass: test target is registered in gate_targets.ps1: NxPhysicsSimulationTests
pass: program pin file exists: C:\Users\raynorpat\.codex\worktrees\nxphysics-contact-report-scene-release\Novodex\docs\reconstruction\novodex-physics\program.json
pass: shipped NxPhysics.dll matches the pinned oracle hash
pass: shipped NxPhysics.dll matches the pinned oracle size
pass: shipped NxFoundation.dll matches the pinned oracle hash
pass: source exists: D:\FlamingEnt__\Unreal_3\Binaries\NxPhysics.dll
pass: source exists: D:\FlamingEnt__\Unreal_3\Binaries\NxFoundation.dll
pass: pair directory is directly under the pairs root: C:\Users\raynorpat\.codex\worktrees\nxphysics-contact-report-scene-release\Novodex\build\pairs\oracle
staged pair=oracle module=NxPhysics.dll source=D:\FlamingEnt__\Unreal_3\Binaries\NxPhysics.dll source_sha256=4b7db3e126735c576f79fe5666e6fa661de9724b2a78808bb0924325ac79602c staged=C:\Users\raynorpat\.codex\worktrees\nxphysics-contact-report-scene-release\Novodex\build\pairs\oracle\NxPhysics.dll staged_sha256=4b7db3e126735c576f79fe5666e6fa661de9724b2a78808bb0924325ac79602c
pass: staged oracle/NxPhysics.dll byte-matches its source
staged pair=oracle module=NxFoundation.dll source=D:\FlamingEnt__\Unreal_3\Binaries\NxFoundation.dll source_sha256=7e0596e45af2f1ab937a948100528e51c80dfd02b295ba678898081883ae0990 staged=C:\Users\raynorpat\.codex\worktrees\nxphysics-contact-report-scene-release\Novodex\build\pairs\oracle\NxFoundation.dll staged_sha256=7e0596e45af2f1ab937a948100528e51c80dfd02b295ba678898081883ae0990
pass: staged oracle/NxFoundation.dll byte-matches its source
pass: source exists: C:\Users\raynorpat\.codex\worktrees\nxphysics-contact-report-scene-release\Novodex\build\Release\NxPhysics.dll
pass: source exists: C:\Users\raynorpat\.codex\worktrees\nxphysics-contact-report-scene-release\Novodex\build\Release\NxFoundation.dll
pass: pair directory is directly under the pairs root: C:\Users\raynorpat\.codex\worktrees\nxphysics-contact-report-scene-release\Novodex\build\pairs\candidate
staged pair=candidate module=NxPhysics.dll source=C:\Users\raynorpat\.codex\worktrees\nxphysics-contact-report-scene-release\Novodex\build\Release\NxPhysics.dll source_sha256=4213ca025aa449c3630f9782a676620b7160784e64c4dab4e741d301f35b3ca6 staged=C:\Users\raynorpat\.codex\worktrees\nxphysics-contact-report-scene-release\Novodex\build\pairs\candidate\NxPhysics.dll staged_sha256=4213ca025aa449c3630f9782a676620b7160784e64c4dab4e741d301f35b3ca6
pass: staged candidate/NxPhysics.dll byte-matches its source
staged pair=candidate module=NxFoundation.dll source=C:\Users\raynorpat\.codex\worktrees\nxphysics-contact-report-scene-release\Novodex\build\Release\NxFoundation.dll source_sha256=4eb4e77e7d7dba0d3754ce3caa8547fc293c1ebf0abc8b65421ddafd905541d4 staged=C:\Users\raynorpat\.codex\worktrees\nxphysics-contact-report-scene-release\Novodex\build\pairs\candidate\NxFoundation.dll staged_sha256=4eb4e77e7d7dba0d3754ce3caa8547fc293c1ebf0abc8b65421ddafd905541d4
pass: staged candidate/NxFoundation.dll byte-matches its source
pass: candidate NxPhysics linker map exists: C:\Users\raynorpat\.codex\worktrees\nxphysics-contact-report-scene-release\Novodex\build\Release\NxPhysics.map
staged candidate map source=C:\Users\raynorpat\.codex\worktrees\nxphysics-contact-report-scene-release\Novodex\build\Release\NxPhysics.map staged=C:\Users\raynorpat\.codex\worktrees\nxphysics-contact-report-scene-release\Novodex\build\pairs\candidate\NxPhysics.map
pass: candidate NxPhysics.dll is not the shipped oracle file
pass: test target is built: C:\Users\raynorpat\.codex\worktrees\nxphysics-contact-report-scene-release\Novodex\build\Release\NxPhysicsSimulationTests.exe
child target=NxPhysicsSimulationTests pair=oracle command="C:\Users\raynorpat\.codex\worktrees\nxphysics-contact-report-scene-release\Novodex\build\Release\NxPhysicsSimulationTests.exe" "C:\Users\raynorpat\.codex\worktrees\nxphysics-contact-report-scene-release\Novodex\build\pairs\oracle" exit=0
child_stdout_begin
pair_directory=C:\Users\raynorpat\.codex\worktrees\nxphysics-contact-report-scene-release\Novodex\build\pairs\oracle
modules pair=2 trusted_system=10 rejected=0
loaded module=NxPhysics.dll path=C:\Users\raynorpat\.codex\worktrees\nxphysics-contact-report-scene-release\Novodex\build\pairs\oracle\NxPhysics.dll sha256=4b7db3e126735c576f79fe5666e6fa661de9724b2a78808bb0924325ac79602c
loaded module=NxFoundation.dll path=C:\Users\raynorpat\.codex\worktrees\nxphysics-contact-report-scene-release\Novodex\build\pairs\oracle\NxFoundation.dll sha256=7e0596e45af2f1ab937a948100528e51c80dfd02b295ba678898081883ae0990
simulation trigger-lifecycle tick=1 calls=0
simulation trigger-lifecycle event=1 trigger=1 other=1
simulation trigger-lifecycle tick=2 calls=1
simulation trigger-lifecycle event=4 trigger=1 other=1
simulation trigger-lifecycle tick=3 calls=2
simulation trigger-lifecycle event=2 trigger=1 other=1
simulation trigger-lifecycle summary fetched=1 calls=3 bad_shapes=0 exact=1
simulation trigger-batch tick=1 calls=0
simulation trigger-batch event=1 other=7 trigger_ok=1
simulation trigger-batch event=1 other=6 trigger_ok=1
simulation trigger-batch event=1 other=5 trigger_ok=1
simulation trigger-batch event=1 other=4 trigger_ok=1
simulation trigger-batch event=1 other=3 trigger_ok=1
simulation trigger-batch event=1 other=2 trigger_ok=1
simulation trigger-batch event=1 other=1 trigger_ok=1
simulation trigger-batch event=1 other=0 trigger_ok=1
simulation trigger-batch tick=2 calls=8
simulation trigger-batch event=4 other=7 trigger_ok=1
simulation trigger-batch event=4 other=6 trigger_ok=1
simulation trigger-batch event=4 other=5 trigger_ok=1
simulation trigger-batch event=4 other=4 trigger_ok=1
simulation trigger-batch event=4 other=3 trigger_ok=1
simulation trigger-batch event=4 other=2 trigger_ok=1
simulation trigger-batch event=4 other=1 trigger_ok=1
simulation trigger-batch event=4 other=0 trigger_ok=1
simulation trigger-batch tick=3 calls=16
simulation trigger-batch event=2 other=7 trigger_ok=1
simulation trigger-batch event=2 other=6 trigger_ok=1
simulation trigger-batch event=2 other=5 trigger_ok=1
simulation trigger-batch event=2 other=4 trigger_ok=1
simulation trigger-batch event=2 other=3 trigger_ok=1
simulation trigger-batch event=2 other=2 trigger_ok=1
simulation trigger-batch event=2 other=1 trigger_ok=1
simulation trigger-batch event=2 other=0 trigger_ok=1
simulation trigger-batch summary fetched=1 calls=24 bad_shapes=0 exact=1
simulation trigger-compound event=1 trigger=0 other=1
simulation trigger-compound event=1 trigger=1 other=1
simulation trigger-compound event=4 trigger=0 other=1
simulation trigger-compound event=4 trigger=1 other=1
simulation trigger-compound event=2 trigger=0 other=1
simulation trigger-compound event=2 trigger=1 other=1
simulation trigger-compound summary fetched=1 calls=6 bad_shapes=0 exact=1
simulation triangle-mesh create=1
simulation triangle-mesh data submeshes=2 vertices=4 triangles=2 vertex_format=1 vertex_stride=12 index_format=4 index_stride=12 first_index=0 last_index=2 first_vertex=c0000000.00000000.c0000000 save=1 saved_counts=4.2 saved_strides=12.12
simulation triangle-mesh16 create=1 vertices=4 triangles=2 index_format=4 index_stride=12 first_index=0 last_index=2
simulation capsule-shape userdata actor=1 shapes=1 marker=1
simulation triangle-mesh scene_owner create=1
simulation triangle-mesh actor=1 shapes=1
simulation triangle-mesh handle type=4 mesh_same=1
simulation triangle-mesh world_bounds=c0000000.00000000.c0000000.40000000.00000000.40000000
simulation triangle-mesh locked_create=0
simulation broadphase selector=0 mode=1
simulation scene-stats phase=created selector=0 present=1 contacts=0 max_contacts=0 actors=0 joints=0 awake=0 asleep=0 static_shapes=0
simulation scene-limits phase=created selector=0 actors=0 bodies=0 static_shapes=0 dynamic_shapes=0 joints=0
simulation broadphase separated selector=0 pairs=0
simulation broadphase static-static selector=0 pairs=0
simulation broadphase overlapping selector=0 pairs=2
simulation scene-stats phase=active selector=0 present=1 contacts=0 max_contacts=0 actors=8 joints=0 awake=0 asleep=0 static_shapes=3
simulation scene-limits phase=active selector=0 actors=8 bodies=5 static_shapes=3 dynamic_shapes=5 joints=0
simulation stage=broadphase0-chain0 position=40c00000.00000000.00000000 velocity=00000000.00000000.00000000
simulation stage=broadphase0-chain1 position=40d80000.00000000.00000000 velocity=00000000.00000000.00000000
simulation stage=broadphase0-chain2 position=40f00000.00000000.00000000 velocity=00000000.00000000.00000000
simulation broadphase order selector=0 pairs=0-1,1-2
simulation broadphase dense selector=0 pairs=6
simulation broadphase order selector=0 pairs=0-1,0-2,0-3,1-2,1-3,2-3
simulation broadphase bounded selector=0 pairs=2
simulation broadphase selector=1 mode=2
simulation scene-stats phase=created selector=1 present=1 contacts=0 max_contacts=0 actors=0 joints=0 awake=0 asleep=0 static_shapes=0
simulation scene-limits phase=created selector=1 actors=0 bodies=0 static_shapes=0 dynamic_shapes=0 joints=0
simulation broadphase separated selector=1 pairs=0
simulation broadphase static-static selector=1 pairs=0
simulation broadphase overlapping selector=1 pairs=2
simulation scene-stats phase=active selector=1 present=1 contacts=0 max_contacts=0 actors=8 joints=0 awake=0 asleep=0 static_shapes=3
simulation scene-limits phase=active selector=1 actors=8 bodies=5 static_shapes=3 dynamic_shapes=5 joints=0
simulation stage=broadphase1-chain0 position=40c00000.00000000.00000000 velocity=00000000.00000000.00000000
simulation stage=broadphase1-chain1 position=40d80000.00000000.00000000 velocity=00000000.00000000.00000000
simulation stage=broadphase1-chain2 position=40f00000.00000000.00000000 velocity=00000000.00000000.00000000
simulation broadphase order selector=1 pairs=0-1,1-2
simulation broadphase dense selector=1 pairs=6
simulation broadphase order selector=1 pairs=0-1,0-2,0-3,1-2,1-3,2-3
simulation broadphase bounded selector=1 pairs=2
simulation broadphase plane selector=1 pairs=1
simulation broadphase selector=2 mode=3
simulation scene-stats phase=created selector=2 present=1 contacts=0 max_contacts=0 actors=0 joints=0 awake=0 asleep=0 static_shapes=0
simulation scene-limits phase=created selector=2 actors=0 bodies=0 static_shapes=0 dynamic_shapes=0 joints=0
simulation broadphase separated selector=2 pairs=0
simulation broadphase static-static selector=2 pairs=0
simulation broadphase overlapping selector=2 pairs=2
simulation scene-stats phase=active selector=2 present=1 contacts=0 max_contacts=0 actors=8 joints=0 awake=0 asleep=0 static_shapes=3
simulation scene-limits phase=active selector=2 actors=8 bodies=5 static_shapes=3 dynamic_shapes=5 joints=0
simulation body-state=broadphase2-contact1 velocity=00000000.00000000.00000000
simulation body-state=broadphase2-contact2 velocity=00000000.00000000.00000000
simulation stage=broadphase2-chain0 position=40c00000.00000000.00000000 velocity=00000000.00000000.00000000
simulation stage=broadphase2-chain1 position=40d80000.00000000.00000000 velocity=00000000.00000000.00000000
simulation stage=broadphase2-chain2 position=40f00000.00000000.00000000 velocity=00000000.00000000.00000000
simulation broadphase order selector=2 pairs=0-1,1-2
simulation body-state=broadphase2-separated1 velocity=b5e06397.00000000.00000000
simulation body-state=broadphase2-separated2 velocity=35da9eba.00000000.00000000
simulation broadphase moved-apart selector=2 pairs=1
simulation body-state=broadphase2-rejoin1 velocity=c07f0007.00000000.00000000
simulation body-state=broadphase2-rejoin2 velocity=40ff000a.00000000.00000000
simulation broadphase moved-together selector=2 pairs=2
simulation broadphase dense selector=2 pairs=6
simulation broadphase order selector=2 pairs=0-1,0-2,0-3,1-2,1-3,2-3
simulation broadphase bounded selector=2 pairs=2
simulation gravity=initial 00000000.c11cf5c3.00000000
simulation gravity=changed 00000000.c1a00000.00000000
simulation timing=initial 3c888889.8.0
simulation timing=changed 3e000000.4.1
simulation writable=initial 1
simulation negative-dt error=1 code=1 line=540 file=\Epic\Novodex\SDKs\Physics\src\NpScene.cpp message=Scene::simulate: The elapsed time must be nonnegative!
simulation zero-dt ready=1 fetched=1
simulation submit state dt=3e000000 pending=1 ready=1 fetched=1 finished=0
simulation nonblocking=idle ready=0 fetched=0
simulation fence=idle ready=0
simulation empty-step ready=1 fetched=1
simulation fence=submitted ready=1
simulation nonblocking=finished ready=1 fetched=1
simulation stage=force1 position=3d747645.00000000.00000000 velocity=3ef47645.00000000.00000000
simulation stage=kinematic1 position=3f800000.00000000.3f000000 velocity=00000000.00000000.00000000
simulation kinematic flag=1
simulation sleep=automatic sleeping=1
simulation sleep=woken sleeping=0
simulation effector-step setup count=1 awake=1 pos=00000000 cmass=00000000.00000000.00000000 inertia=3eaaaaab.3eaaaaab.3eaaaaab spring=3f000000.3f800000.40800000.42c80000.42c80000 damper=c0200000.3fe00000.40e00000.41180000
simulation effector-step ready=1 fetched=1 v=00000000.00000000.00000000 w=00000000.00000000.00000000 q=00000000.00000000.00000000.3f800000
simulation effector-step second ready=1 fetched=1 v=3e9277f6.bd9277f6.00000000 w=00000000.00000000.bf5b8512 q=00000000.00000000.bbea2706.3f7ffe53
simulation effector-step third ready=1 fetched=1 v=3f092d93.be0966ba.00000000 w=00000000.00000000.bfcdd680 q=00000000.00000000.bca84e95.3f7ff22a
simulation angular-step step=0 q=00000000.00000000.00000000.3f800000 w=00000000.00000000.bf5b8512
simulation angular-step step=1 q=00000000.00000000.bbe9f512.3f7ffe54 w=00000000.00000000.bf5b563d
simulation angular-step step=2 q=00000000.00000000.bc69da97.3f7ff952 w=00000000.00000000.bf5b2772
simulation force-at-position impulse ready=1 fetched=1 q=00000000.00000000.00000000.3f800000 w=3f580000.00000000.bfd80000
simulation stage=stack0_0 position=00000000.3f000000.00000000 velocity=00000000.00000000.00000000
simulation stage=stack0_1 position=00000000.3fc00000.00000000 velocity=00000000.00000000.00000000
simulation stage=stack0_2 position=00000000.40200000.00000000 velocity=00000000.00000000.00000000
simulation stage=stack1_0 position=00000000.3efdfdac.00000000 velocity=00000000.be48e8a7.00000000
simulation stage=stack1_1 position=00000000.3fbf7f6b.00000000 velocity=00000000.be48e8a7.00000000
simulation stage=stack1_2 position=00000000.401fbfb5.00000000 velocity=00000000.be48e8a7.00000000
simulation stage=stack2_0 position=00000000.3ef9f904.00000000 velocity=00000000.bec8e8a7.00000000
simulation stage=stack2_1 position=00000000.3fbe7e41.00000000 velocity=00000000.bec8e8a7.00000000
simulation stage=stack2_2 position=00000000.401f3f20.00000000 velocity=00000000.bec8e8a7.00000000
simulation stage=stack3_0 position=00000000.3ef3f209.00000000 velocity=00000000.bf16ae7d.00000000
simulation stage=stack3_1 position=00000000.3fbcfc82.00000000 velocity=00000000.bf16ae7d.00000000
simulation stage=stack3_2 position=00000000.401e7e40.00000000 velocity=00000000.bf16ae7d.00000000
simulation stage=stack4_0 position=00000000.3eece9e4.00000000 velocity=00000000.bf2fcb91.00000000
simulation stage=stack4_1 position=00000000.3fbb3a78.00000000 velocity=00000000.bf2fcb91.00000000
simulation stage=stack4_2 position=00000000.401d7d16.00000000 velocity=00000000.bf48e8a6.00000000
simulation stage=stack5_0 position=00000000.3ee7b3e5.00000000 velocity=00000000.bf0245cf.00000000
simulation stage=stack5_1 position=00000000.3fb93824.00000000 velocity=00000000.bf48e8a5.00000000
simulation stage=stack5_2 position=00000000.401c3ba1.00000000 velocity=00000000.bf7b22cf.00000000
simulation stage=stack6_0 position=00000000.3ee6a919.00000000 velocity=00000000.bdd06f22.00000000
simulation stage=stack6_1 position=00000000.3fb6f586.00000000 velocity=00000000.bf6205b9.00000000
simulation stage=stack6_2 position=00000000.401ab9e2.00000000 velocity=00000000.bf96ae7c.00000000
simulation stage=stack7_0 position=00000000.3ee673bd.00000000 velocity=00000000.bca6be8f.00000000
simulation stage=stack7_1 position=00000000.3fb4729d.00000000 velocity=00000000.bf7b22cd.00000000
simulation stage=stack7_2 position=00000000.4018f7d8.00000000 velocity=00000000.bfafcb90.00000000
simulation stage=stack8_0 position=00000000.3ee66911.00000000 velocity=00000000.bb856248.00000000
simulation stage=stack8_1 position=00000000.3fb3522b.00000000 velocity=00000000.bed47d4a.00000000
simulation stage=stack8_2 position=00000000.4016f584.00000000 velocity=00000000.bfc8e8a4.00000000
simulation stage=stack9_0 position=00000000.3ee666ee.00000000 velocity=00000000.ba555400.00000000
simulation stage=stack9_1 position=00000000.3fb2b1f7.00000000 velocity=00000000.be45693a.00000000
simulation stage=stack9_2 position=00000000.4015fb99.00000000 velocity=00000000.bf28cc42.00000000
simulation stage=stack10_0 position=00000000.3ee66681.00000000 velocity=00000000.b9298900.00000000
simulation stage=stack10_1 position=00000000.3fb2a8a1.00000000 velocity=00000000.bcc85066.00000000
simulation stage=stack10_2 position=00000000.4015e051.00000000 velocity=00000000.bd47a6d8.00000000
simulation stage=stack11_0 position=00000000.3ee6666b.00000000 velocity=00000000.b8051400.00000000
simulation stage=stack11_1 position=00000000.3fb2d73d.00000000 velocity=00000000.3d4f34c3.00000000
simulation stage=stack11_2 position=00000000.40160b56.00000000 velocity=00000000.3dcf4569.00000000
simulation stage=stack12_0 position=00000000.3ee66667.00000000 velocity=00000000.b6b8c000.00000000
simulation stage=stack12_1 position=00000000.3fb2fb4f.00000000 velocity=00000000.3d26d51e.00000000
simulation stage=stack12_2 position=00000000.40162eb0.00000000 velocity=00000000.3da6d803.00000000
simulation stage=stack13_0 position=00000000.3ee66666.00000000 velocity=00000000.b5478000.00000000
simulation stage=stack13_1 position=00000000.3fb3097d.00000000 velocity=00000000.3c840a2c.00000000
simulation stage=stack13_2 position=00000000.40163cb9.00000000 velocity=00000000.3d040af6.00000000
simulation stage=stack14_0 position=00000000.3ee66666.00000000 velocity=00000000.2fc00000.00000000
simulation stage=stack14_1 position=00000000.3fb30ac9.00000000 velocity=00000000.3abfd459.00000000
simulation stage=stack14_2 position=00000000.40163dfd.00000000 velocity=00000000.3b3fcd09.00000000
simulation stage=stack15_0 position=00000000.3ee66666.00000000 velocity=00000000.b0000000.00000000
simulation stage=stack15_1 position=00000000.3fb30854.00000000 velocity=00000000.bb385601.00000000
simulation stage=stack15_2 position=00000000.40163b87.00000000 velocity=00000000.bbb859b0.00000000
simulation stage=stack16_0 position=00000000.3ee66666.00000000 velocity=00000000.b0000000.00000000
simulation stage=stack16_1 position=00000000.3fb30654.00000000 velocity=00000000.bb15f369.00000000
simulation stage=stack16_2 position=00000000.40163987.00000000 velocity=00000000.bb95f718.00000000
simulation stage=stack17_0 position=00000000.3ee66666.00000000 velocity=00000000.af000000.00000000
simulation stage=stack17_1 position=00000000.3fb30587.00000000 velocity=00000000.ba6f12c2.00000000
simulation stage=stack17_2 position=00000000.401638ba.00000000 velocity=00000000.baef2181.00000000
simulation stage=stack18_0 position=00000000.3ee66666.00000000 velocity=00000000.ad800000.00000000
simulation stage=stack18_1 position=00000000.3fb30573.00000000 velocity=00000000.b8b16e81.00000000
simulation stage=stack18_2 position=00000000.401638a7.00000000 velocity=00000000.b931e380.00000000
simulation stage=stack19_0 position=00000000.3ee66666.00000000 velocity=00000000.2e000000.00000000
simulation stage=stack19_1 position=00000000.3fb30596.00000000 velocity=00000000.3926f0c1.00000000
simulation stage=stack19_2 position=00000000.401638ca.00000000 velocity=00000000.39a6b5c0.00000000
simulation stage=stack20_0 position=00000000.3ee66666.00000000 velocity=00000000.2e000000.00000000
simulation stage=stack20_1 position=00000000.3fb305b3.00000000 velocity=00000000.390a3581.00000000
simulation stage=stack20_2 position=00000000.401638e7.00000000 velocity=00000000.3989fa80.00000000
simulation stage=stack21_0 position=00000000.3ee66666.00000000 velocity=00000000.2d000000.00000000
simulation stage=stack21_1 position=00000000.3fb305bf.00000000 velocity=00000000.38627c01.00000000
simulation stage=stack21_2 position=00000000.401638f2.00000000 velocity=00000000.38e19001.00000000
simulation stage=stack22_0 position=00000000.3ee66666.00000000 velocity=00000000.2c000000.00000000
simulation stage=stack22_1 position=00000000.3fb305c0.00000000 velocity=00000000.3706c001.00000000
simulation stage=stack22_2 position=00000000.401638f3.00000000 velocity=00000000.37831000.00000000
simulation stage=stack23_0 position=00000000.3ee66666.00000000 velocity=00000000.ab800000.00000000
simulation stage=stack23_1 position=00000000.3fb305be.00000000 velocity=00000000.b6b7b001.00000000
simulation stage=stack23_2 position=00000000.401638f1.00000000 velocity=00000000.b73f1000.00000000
simulation stage=stack24_0 position=00000000.3ee66666.00000000 velocity=00000000.ab400000.00000000
simulation stage=stack24_1 position=00000000.3fb305bd.00000000 velocity=00000000.b669f002.00000000
simulation stage=stack24_2 position=00000000.401638f0.00000000 velocity=00000000.b6f8b000.00000000
simulation stage=stack25_0 position=00000000.3ee66666.00000000 velocity=00000000.00000000.00000000
simulation stage=stack25_1 position=00000000.3fb305bc.00000000 velocity=00000000.b52dc004.00000000
simulation stage=stack25_2 position=00000000.401638ef.00000000 velocity=00000000.b5e84000.00000000
simulation stage=stack26_0 position=00000000.3ee66666.00000000 velocity=00000000.00000000.00000000
simulation stage=stack26_1 position=00000000.3fb305bc.00000000 velocity=00000000.36115000.00000000
simulation stage=stack26_2 position=00000000.401638ef.00000000 velocity=00000000.3682b001.00000000
simulation stage=stack27_0 position=00000000.3ee66666.00000000 velocity=00000000.00000000.00000000
simulation stage=stack27_1 position=00000000.3fb305bc.00000000 velocity=00000000.363e0001.00000000
simulation stage=stack27_2 position=00000000.401638ef.00000000 velocity=00000000.36af6001.00000000
simulation stage=stack28_0 position=00000000.3ee66666.00000000 velocity=00000000.00000000.00000000
simulation stage=stack28_1 position=00000000.3fb305bc.00000000 velocity=00000000.3648f001.00000000
simulation stage=stack28_2 position=00000000.401638ef.00000000 velocity=00000000.36ba5001.00000000
simulation stage=stack29_0 position=00000000.3ee66666.00000000 velocity=00000000.00000000.00000000
simulation stage=stack29_1 position=00000000.3fb305bc.00000000 velocity=00000000.00000000.00000000
simulation stage=stack29_2 position=00000000.401638ef.00000000 velocity=00000000.00000000.00000000
simulation stage=stack30_0 position=00000000.3ee66666.00000000 velocity=00000000.00000000.00000000
simulation stage=stack30_1 position=00000000.3fb305bc.00000000 velocity=00000000.00000000.00000000
simulation stage=stack30_2 position=00000000.401638ef.00000000 velocity=00000000.00000000.00000000
simulation stage=stack31_0 position=00000000.3ee66666.00000000 velocity=00000000.00000000.00000000
simulation stage=stack31_1 position=00000000.3fb305bc.00000000 velocity=00000000.00000000.00000000
simulation stage=stack31_2 position=00000000.401638ef.00000000 velocity=00000000.00000000.00000000
simulation stage=stack32_0 position=00000000.3ee66666.00000000 velocity=00000000.00000000.00000000
simulation stage=stack32_1 position=00000000.3fb305bc.00000000 velocity=00000000.00000000.00000000
simulation stage=stack32_2 position=00000000.401638ef.00000000 velocity=00000000.00000000.00000000
simulation stage=stack33_0 position=00000000.3ee66666.00000000 velocity=00000000.00000000.00000000
simulation stage=stack33_1 position=00000000.3fb305bc.00000000 velocity=00000000.00000000.00000000
simulation stage=stack33_2 position=00000000.401638ef.00000000 velocity=00000000.00000000.00000000
simulation stage=stack34_0 position=00000000.3ee66666.00000000 velocity=00000000.00000000.00000000
simulation stage=stack34_1 position=00000000.3fb305bc.00000000 velocity=00000000.00000000.00000000
simulation stage=stack34_2 position=00000000.401638ef.00000000 velocity=00000000.00000000.00000000
simulation stage=stack35_0 position=00000000.3ee66666.00000000 velocity=00000000.00000000.00000000
simulation stage=stack35_1 position=00000000.3fb305bc.00000000 velocity=00000000.00000000.00000000
simulation stage=stack35_2 position=00000000.401638ef.00000000 velocity=00000000.00000000.00000000
simulation stage=stack36_0 position=00000000.3ee66666.00000000 velocity=00000000.00000000.00000000
simulation stage=stack36_1 position=00000000.3fb305bc.00000000 velocity=00000000.00000000.00000000
simulation stage=stack36_2 position=00000000.401638ef.00000000 velocity=00000000.00000000.00000000
simulation stage=stack37_0 position=00000000.3ee66666.00000000 velocity=00000000.00000000.00000000
simulation stage=stack37_1 position=00000000.3fb305bc.00000000 velocity=00000000.00000000.00000000
simulation stage=stack37_2 position=00000000.401638ef.00000000 velocity=00000000.00000000.00000000
simulation stage=stack38_0 position=00000000.3ee66666.00000000 velocity=00000000.00000000.00000000
simulation stage=stack38_1 position=00000000.3fb305bc.00000000 velocity=00000000.00000000.00000000
simulation stage=stack38_2 position=00000000.401638ef.00000000 velocity=00000000.00000000.00000000
simulation stage=stack39_0 position=00000000.3ee66666.00000000 velocity=00000000.00000000.00000000
simulation stage=stack39_1 position=00000000.3fb305bc.00000000 velocity=00000000.00000000.00000000
simulation stage=stack39_2 position=00000000.401638ef.00000000 velocity=00000000.00000000.00000000
simulation stage=stack40_0 position=00000000.3ee66666.00000000 velocity=00000000.00000000.00000000
simulation stage=stack40_1 position=00000000.3fb305bc.00000000 velocity=00000000.00000000.00000000
simulation stage=stack40_2 position=00000000.401638ef.00000000 velocity=00000000.00000000.00000000
simulation stage=stack41_0 position=00000000.3ee66666.00000000 velocity=00000000.00000000.00000000
simulation stage=stack41_1 position=00000000.3fb305bc.00000000 velocity=00000000.00000000.00000000
simulation stage=stack41_2 position=00000000.401638ef.00000000 velocity=00000000.00000000.00000000
simulation stage=stack42_0 position=00000000.3ee66666.00000000 velocity=00000000.00000000.00000000
simulation stage=stack42_1 position=00000000.3fb305bc.00000000 velocity=00000000.00000000.00000000
simulation stage=stack42_2 position=00000000.401638ef.00000000 velocity=00000000.00000000.00000000
simulation stage=stack43_0 position=00000000.3ee66666.00000000 velocity=00000000.00000000.00000000
simulation stage=stack43_1 position=00000000.3fb305bc.00000000 velocity=00000000.00000000.00000000
simulation stage=stack43_2 position=00000000.401638ef.00000000 velocity=00000000.00000000.00000000
simulation stage=stack44_0 position=00000000.3ee66666.00000000 velocity=00000000.00000000.00000000
simulation stage=stack44_1 position=00000000.3fb305bc.00000000 velocity=00000000.00000000.00000000
simulation stage=stack44_2 position=00000000.401638ef.00000000 velocity=00000000.00000000.00000000
simulation stage=stack45_0 position=00000000.3ee66666.00000000 velocity=00000000.00000000.00000000
simulation stage=stack45_1 position=00000000.3fb305bc.00000000 velocity=00000000.00000000.00000000
simulation stage=stack45_2 position=00000000.401638ef.00000000 velocity=00000000.00000000.00000000
simulation stage=stack46_0 position=00000000.3ee66666.00000000 velocity=00000000.00000000.00000000
simulation stage=stack46_1 position=00000000.3fb305bc.00000000 velocity=00000000.00000000.00000000
simulation stage=stack46_2 position=00000000.401638ef.00000000 velocity=00000000.00000000.00000000
simulation stage=stack47_0 position=00000000.3ee66666.00000000 velocity=00000000.00000000.00000000
simulation stage=stack47_1 position=00000000.3fb305bc.00000000 velocity=00000000.00000000.00000000
simulation stage=stack47_2 position=00000000.401638ef.00000000 velocity=00000000.00000000.00000000
simulation stage=stack48_0 position=00000000.3ee66666.00000000 velocity=00000000.00000000.00000000
simulation stage=stack48_1 position=00000000.3fb305bc.00000000 velocity=00000000.00000000.00000000
simulation stage=stack48_2 position=00000000.401638ef.00000000 velocity=00000000.00000000.00000000
simulation stage=stack49_0 position=00000000.3ee66666.00000000 velocity=00000000.00000000.00000000
simulation stage=stack49_1 position=00000000.3fb305bc.00000000 velocity=00000000.00000000.00000000
simulation stage=stack49_2 position=00000000.401638ef.00000000 velocity=00000000.00000000.00000000
simulation stage=stack50_0 position=00000000.3ee66666.00000000 velocity=00000000.00000000.00000000
simulation stage=stack50_1 position=00000000.3fb305bc.00000000 velocity=00000000.00000000.00000000
simulation stage=stack50_2 position=00000000.401638ef.00000000 velocity=00000000.00000000.00000000
simulation stage=stack51_0 position=00000000.3ee66666.00000000 velocity=00000000.00000000.00000000
simulation stage=stack51_1 position=00000000.3fb305bc.00000000 velocity=00000000.00000000.00000000
simulation stage=stack51_2 position=00000000.401638ef.00000000 velocity=00000000.00000000.00000000
simulation stage=stack52_0 position=00000000.3ee66666.00000000 velocity=00000000.00000000.00000000
simulation stage=stack52_1 position=00000000.3fb305bc.00000000 velocity=00000000.00000000.00000000
simulation stage=stack52_2 position=00000000.401638ef.00000000 velocity=00000000.00000000.00000000
simulation stage=stack53_0 position=00000000.3ee66666.00000000 velocity=00000000.00000000.00000000
simulation stage=stack53_1 position=00000000.3fb305bc.00000000 velocity=00000000.00000000.00000000
simulation stage=stack53_2 position=00000000.401638ef.00000000 velocity=00000000.00000000.00000000
simulation stage=stack54_0 position=00000000.3ee66666.00000000 velocity=00000000.00000000.00000000
simulation stage=stack54_1 position=00000000.3fb305bc.00000000 velocity=00000000.00000000.00000000
simulation stage=stack54_2 position=00000000.401638ef.00000000 velocity=00000000.00000000.00000000
simulation stage=stack55_0 position=00000000.3ee66666.00000000 velocity=00000000.00000000.00000000
simulation stage=stack55_1 position=00000000.3fb305bc.00000000 velocity=00000000.00000000.00000000
simulation stage=stack55_2 position=00000000.401638ef.00000000 velocity=00000000.00000000.00000000
simulation stage=stack56_0 position=00000000.3ee66666.00000000 velocity=00000000.00000000.00000000
simulation stage=stack56_1 position=00000000.3fb305bc.00000000 velocity=00000000.00000000.00000000
simulation stage=stack56_2 position=00000000.401638ef.00000000 velocity=00000000.00000000.00000000
simulation stage=stack57_0 position=00000000.3ee66666.00000000 velocity=00000000.00000000.00000000
simulation stage=stack57_1 position=00000000.3fb305bc.00000000 velocity=00000000.00000000.00000000
simulation stage=stack57_2 position=00000000.401638ef.00000000 velocity=00000000.00000000.00000000
simulation stage=stack58_0 position=00000000.3ee66666.00000000 velocity=00000000.00000000.00000000
simulation stage=stack58_1 position=00000000.3fb305bc.00000000 velocity=00000000.00000000.00000000
simulation stage=stack58_2 position=00000000.401638ef.00000000 velocity=00000000.00000000.00000000
simulation stage=stack59_0 position=00000000.3ee66666.00000000 velocity=00000000.00000000.00000000
simulation stage=stack59_1 position=00000000.3fb305bc.00000000 velocity=00000000.00000000.00000000
simulation stage=stack59_2 position=00000000.401638ef.00000000 velocity=00000000.00000000.00000000
simulation stage=stack60_0 position=00000000.3ee66666.00000000 velocity=00000000.00000000.00000000
simulation stage=stack60_1 position=00000000.3fb305bc.00000000 velocity=00000000.00000000.00000000
simulation stage=stack60_2 position=00000000.401638ef.00000000 velocity=00000000.00000000.00000000
simulation stage=stack61_0 position=00000000.3ee66666.00000000 velocity=00000000.00000000.00000000
simulation stage=stack61_1 position=00000000.3fb305bc.00000000 velocity=00000000.00000000.00000000
simulation stage=stack61_2 position=00000000.401638ef.00000000 velocity=00000000.00000000.00000000
simulation stage=stack62_0 position=00000000.3ee66666.00000000 velocity=00000000.00000000.00000000
simulation stage=stack62_1 position=00000000.3fb305bc.00000000 velocity=00000000.00000000.00000000
simulation stage=stack62_2 position=00000000.401638ef.00000000 velocity=00000000.00000000.00000000
simulation stage=stack63_0 position=00000000.3ee66666.00000000 velocity=00000000.00000000.00000000
simulation stage=stack63_1 position=00000000.3fb305bc.00000000 velocity=00000000.00000000.00000000
simulation stage=stack63_2 position=00000000.401638ef.00000000 velocity=00000000.00000000.00000000
simulation stage=stack64_0 position=00000000.3ee66666.00000000 velocity=00000000.00000000.00000000
simulation stage=stack64_1 position=00000000.3fb305bc.00000000 velocity=00000000.00000000.00000000
simulation stage=stack64_2 position=00000000.401638ef.00000000 velocity=00000000.00000000.00000000
simulation stage=stack65_0 position=00000000.3ee66666.00000000 velocity=00000000.00000000.00000000
simulation stage=stack65_1 position=00000000.3fb305bc.00000000 velocity=00000000.00000000.00000000
simulation stage=stack65_2 position=00000000.401638ef.00000000 velocity=00000000.00000000.00000000
simulation stage=stack66_0 position=00000000.3ee66666.00000000 velocity=00000000.00000000.00000000
simulation stage=stack66_1 position=00000000.3fb305bc.00000000 velocity=00000000.00000000.00000000
simulation stage=stack66_2 position=00000000.401638ef.00000000 velocity=00000000.00000000.00000000
simulation stage=stack67_0 position=00000000.3ee66666.00000000 velocity=00000000.00000000.00000000
simulation stage=stack67_1 position=00000000.3fb305bc.00000000 velocity=00000000.00000000.00000000
simulation stage=stack67_2 position=00000000.401638ef.00000000 velocity=00000000.00000000.00000000
simulation stage=stack68_0 position=00000000.3ee66666.00000000 velocity=00000000.00000000.00000000
simulation stage=stack68_1 position=00000000.3fb305bc.00000000 velocity=00000000.00000000.00000000
simulation stage=stack68_2 position=00000000.401638ef.00000000 velocity=00000000.00000000.00000000
simulation stage=stack69_0 position=00000000.3ee66666.00000000 velocity=00000000.00000000.00000000
simulation stage=stack69_1 position=00000000.3fb305bc.00000000 velocity=00000000.00000000.00000000
simulation stage=stack69_2 position=00000000.401638ef.00000000 velocity=00000000.00000000.00000000
simulation stage=stack70_0 position=00000000.3ee66666.00000000 velocity=00000000.00000000.00000000
simulation stage=stack70_1 position=00000000.3fb305bc.00000000 velocity=00000000.00000000.00000000
simulation stage=stack70_2 position=00000000.401638ef.00000000 velocity=00000000.00000000.00000000
simulation stage=stack71_0 position=00000000.3ee66666.00000000 velocity=00000000.00000000.00000000
simulation stage=stack71_1 position=00000000.3fb305bc.00000000 velocity=00000000.00000000.00000000
simulation stage=stack71_2 position=00000000.401638ef.00000000 velocity=00000000.00000000.00000000
simulation stage=stack72_0 position=00000000.3ee66666.00000000 velocity=00000000.00000000.00000000
simulation stage=stack72_1 position=00000000.3fb305bc.00000000 velocity=00000000.00000000.00000000
simulation stage=stack72_2 position=00000000.401638ef.00000000 velocity=00000000.00000000.00000000
simulation stage=stack73_0 position=00000000.3ee66666.00000000 velocity=00000000.00000000.00000000
simulation stage=stack73_1 position=00000000.3fb305bc.00000000 velocity=00000000.00000000.00000000
simulation stage=stack73_2 position=00000000.401638ef.00000000 velocity=00000000.00000000.00000000
simulation stage=stack74_0 position=00000000.3ee66666.00000000 velocity=00000000.00000000.00000000
simulation stage=stack74_1 position=00000000.3fb305bc.00000000 velocity=00000000.00000000.00000000
simulation stage=stack74_2 position=00000000.401638ef.00000000 velocity=00000000.00000000.00000000
simulation stage=stack75_0 position=00000000.3ee66666.00000000 velocity=00000000.00000000.00000000
simulation stage=stack75_1 position=00000000.3fb305bc.00000000 velocity=00000000.00000000.00000000
simulation stage=stack75_2 position=00000000.401638ef.00000000 velocity=00000000.00000000.00000000
simulation stage=stack76_0 position=00000000.3ee66666.00000000 velocity=00000000.00000000.00000000
simulation stage=stack76_1 position=00000000.3fb305bc.00000000 velocity=00000000.00000000.00000000
simulation stage=stack76_2 position=00000000.401638ef.00000000 velocity=00000000.00000000.00000000
simulation stage=stack77_0 position=00000000.3ee66666.00000000 velocity=00000000.00000000.00000000
simulation stage=stack77_1 position=00000000.3fb305bc.00000000 velocity=00000000.00000000.00000000
simulation stage=stack77_2 position=00000000.401638ef.00000000 velocity=00000000.00000000.00000000
simulation stage=stack78_0 position=00000000.3ee66666.00000000 velocity=00000000.00000000.00000000
simulation stage=stack78_1 position=00000000.3fb305bc.00000000 velocity=00000000.00000000.00000000
simulation stage=stack78_2 position=00000000.401638ef.00000000 velocity=00000000.00000000.00000000
simulation stage=stack79_0 position=00000000.3ee66666.00000000 velocity=00000000.00000000.00000000
simulation stage=stack79_1 position=00000000.3fb305bc.00000000 velocity=00000000.00000000.00000000
simulation stage=stack79_2 position=00000000.401638ef.00000000 velocity=00000000.00000000.00000000
simulation stage=stack80_0 position=00000000.3ee66666.00000000 velocity=00000000.00000000.00000000
simulation stage=stack80_1 position=00000000.3fb305bc.00000000 velocity=00000000.00000000.00000000
simulation stage=stack80_2 position=00000000.401638ef.00000000 velocity=00000000.00000000.00000000
simulation stage=stack81_0 position=00000000.3ee66666.00000000 velocity=00000000.00000000.00000000
simulation stage=stack81_1 position=00000000.3fb305bc.00000000 velocity=00000000.00000000.00000000
simulation stage=stack81_2 position=00000000.401638ef.00000000 velocity=00000000.00000000.00000000
simulation stage=stack82_0 position=00000000.3ee66666.00000000 velocity=00000000.00000000.00000000
simulation stage=stack82_1 position=00000000.3fb305bc.00000000 velocity=00000000.00000000.00000000
simulation stage=stack82_2 position=00000000.401638ef.00000000 velocity=00000000.00000000.00000000
simulation stage=stack83_0 position=00000000.3ee66666.00000000 velocity=00000000.00000000.00000000
simulation stage=stack83_1 position=00000000.3fb305bc.00000000 velocity=00000000.00000000.00000000
simulation stage=stack83_2 position=00000000.401638ef.00000000 velocity=00000000.00000000.00000000
simulation stage=stack84_0 position=00000000.3ee66666.00000000 velocity=00000000.00000000.00000000
simulation stage=stack84_1 position=00000000.3fb305bc.00000000 velocity=00000000.00000000.00000000
simulation stage=stack84_2 position=00000000.401638ef.00000000 velocity=00000000.00000000.00000000
simulation stage=stack85_0 position=00000000.3ee66666.00000000 velocity=00000000.00000000.00000000
simulation stage=stack85_1 position=00000000.3fb305bc.00000000 velocity=00000000.00000000.00000000
simulation stage=stack85_2 position=00000000.401638ef.00000000 velocity=00000000.00000000.00000000
simulation stage=stack86_0 position=00000000.3ee66666.00000000 velocity=00000000.00000000.00000000
simulation stage=stack86_1 position=00000000.3fb305bc.00000000 velocity=00000000.00000000.00000000
simulation stage=stack86_2 position=00000000.401638ef.00000000 velocity=00000000.00000000.00000000
simulation stage=stack87_0 position=00000000.3ee66666.00000000 velocity=00000000.00000000.00000000
simulation stage=stack87_1 position=00000000.3fb305bc.00000000 velocity=00000000.00000000.00000000
simulation stage=stack87_2 position=00000000.401638ef.00000000 velocity=00000000.00000000.00000000
simulation stage=stack88_0 position=00000000.3ee66666.00000000 velocity=00000000.00000000.00000000
simulation stage=stack88_1 position=00000000.3fb305bc.00000000 velocity=00000000.00000000.00000000
simulation stage=stack88_2 position=00000000.401638ef.00000000 velocity=00000000.00000000.00000000
simulation stage=stack89_0 position=00000000.3ee66666.00000000 velocity=00000000.00000000.00000000
simulation stage=stack89_1 position=00000000.3fb305bc.00000000 velocity=00000000.00000000.00000000
simulation stage=stack89_2 position=00000000.401638ef.00000000 velocity=00000000.00000000.00000000
simulation stage=stack90_0 position=00000000.3ee66666.00000000 velocity=00000000.00000000.00000000
simulation stage=stack90_1 position=00000000.3fb305bc.00000000 velocity=00000000.00000000.00000000
simulation stage=stack90_2 position=00000000.401638ef.00000000 velocity=00000000.00000000.00000000
simulation stage=stack91_0 position=00000000.3ee66666.00000000 velocity=00000000.00000000.00000000
simulation stage=stack91_1 position=00000000.3fb305bc.00000000 velocity=00000000.00000000.00000000
simulation stage=stack91_2 position=00000000.401638ef.00000000 velocity=00000000.00000000.00000000
simulation stage=stack92_0 position=00000000.3ee66666.00000000 velocity=00000000.00000000.00000000
simulation stage=stack92_1 position=00000000.3fb305bc.00000000 velocity=00000000.00000000.00000000
simulation stage=stack92_2 position=00000000.401638ef.00000000 velocity=00000000.00000000.00000000
simulation stage=stack93_0 position=00000000.3ee66666.00000000 velocity=00000000.00000000.00000000
simulation stage=stack93_1 position=00000000.3fb305bc.00000000 velocity=00000000.00000000.00000000
simulation stage=stack93_2 position=00000000.401638ef.00000000 velocity=00000000.00000000.00000000
simulation stage=stack94_0 position=00000000.3ee66666.00000000 velocity=00000000.00000000.00000000
simulation stage=stack94_1 position=00000000.3fb305bc.00000000 velocity=00000000.00000000.00000000
simulation stage=stack94_2 position=00000000.401638ef.00000000 velocity=00000000.00000000.00000000
simulation stage=stack95_0 position=00000000.3ee66666.00000000 velocity=00000000.00000000.00000000
simulation stage=stack95_1 position=00000000.3fb305bc.00000000 velocity=00000000.00000000.00000000
simulation stage=stack95_2 position=00000000.401638ef.00000000 velocity=00000000.00000000.00000000
simulation stage=stack96_0 position=00000000.3ee66666.00000000 velocity=00000000.00000000.00000000
simulation stage=stack96_1 position=00000000.3fb305bc.00000000 velocity=00000000.00000000.00000000
simulation stage=stack96_2 position=00000000.401638ef.00000000 velocity=00000000.00000000.00000000
simulation stage=stack97_0 position=00000000.3ee66666.00000000 velocity=00000000.00000000.00000000
simulation stage=stack97_1 position=00000000.3fb305bc.00000000 velocity=00000000.00000000.00000000
simulation stage=stack97_2 position=00000000.401638ef.00000000 velocity=00000000.00000000.00000000
simulation stage=stack98_0 position=00000000.3ee66666.00000000 velocity=00000000.00000000.00000000
simulation stage=stack98_1 position=00000000.3fb305bc.00000000 velocity=00000000.00000000.00000000
simulation stage=stack98_2 position=00000000.401638ef.00000000 velocity=00000000.00000000.00000000
simulation stage=stack99_0 position=00000000.3ee66666.00000000 velocity=00000000.00000000.00000000
simulation stage=stack99_1 position=00000000.3fb305bc.00000000 velocity=00000000.00000000.00000000
simulation stage=stack99_2 position=00000000.401638ef.00000000 velocity=00000000.00000000.00000000
simulation stage=stack100_0 position=00000000.3ee66666.00000000 velocity=00000000.00000000.00000000
simulation stage=stack100_1 position=00000000.3fb305bc.00000000 velocity=00000000.00000000.00000000
simulation stage=stack100_2 position=00000000.401638ef.00000000 velocity=00000000.00000000.00000000
simulation stage=stack101_0 position=00000000.3ee66666.00000000 velocity=00000000.00000000.00000000
simulation stage=stack101_1 position=00000000.3fb305bc.00000000 velocity=00000000.00000000.00000000
simulation stage=stack101_2 position=00000000.401638ef.00000000 velocity=00000000.00000000.00000000
simulation stage=stack102_0 position=00000000.3ee66666.00000000 velocity=00000000.00000000.00000000
simulation stage=stack102_1 position=00000000.3fb305bc.00000000 velocity=00000000.00000000.00000000
simulation stage=stack102_2 position=00000000.401638ef.00000000 velocity=00000000.00000000.00000000
simulation stage=stack103_0 position=00000000.3ee66666.00000000 velocity=00000000.00000000.00000000
simulation stage=stack103_1 position=00000000.3fb305bc.00000000 velocity=00000000.00000000.00000000
simulation stage=stack103_2 position=00000000.401638ef.00000000 velocity=00000000.00000000.00000000
simulation stage=stack104_0 position=00000000.3ee66666.00000000 velocity=00000000.00000000.00000000
simulation stage=stack104_1 position=00000000.3fb305bc.00000000 velocity=00000000.00000000.00000000
simulation stage=stack104_2 position=00000000.401638ef.00000000 velocity=00000000.00000000.00000000
simulation stage=stack105_0 position=00000000.3ee66666.00000000 velocity=00000000.00000000.00000000
simulation stage=stack105_1 position=00000000.3fb305bc.00000000 velocity=00000000.00000000.00000000
simulation stage=stack105_2 position=00000000.401638ef.00000000 velocity=00000000.00000000.00000000
simulation stage=stack106_0 position=00000000.3ee66666.00000000 velocity=00000000.00000000.00000000
simulation stage=stack106_1 position=00000000.3fb305bc.00000000 velocity=00000000.00000000.00000000
simulation stage=stack106_2 position=00000000.401638ef.00000000 velocity=00000000.00000000.00000000
simulation stage=stack107_0 position=00000000.3ee66666.00000000 velocity=00000000.00000000.00000000
simulation stage=stack107_1 position=00000000.3fb305bc.00000000 velocity=00000000.00000000.00000000
simulation stage=stack107_2 position=00000000.401638ef.00000000 velocity=00000000.00000000.00000000
simulation stage=stack108_0 position=00000000.3ee66666.00000000 velocity=00000000.00000000.00000000
simulation stage=stack108_1 position=00000000.3fb305bc.00000000 velocity=00000000.00000000.00000000
simulation stage=stack108_2 position=00000000.401638ef.00000000 velocity=00000000.00000000.00000000
simulation stage=stack109_0 position=00000000.3ee66666.00000000 velocity=00000000.00000000.00000000
simulation stage=stack109_1 position=00000000.3fb305bc.00000000 velocity=00000000.00000000.00000000
simulation stage=stack109_2 position=00000000.401638ef.00000000 velocity=00000000.00000000.00000000
simulation stage=stack110_0 position=00000000.3ee66666.00000000 velocity=00000000.00000000.00000000
simulation stage=stack110_1 position=00000000.3fb305bc.00000000 velocity=00000000.00000000.00000000
simulation stage=stack110_2 position=00000000.401638ef.00000000 velocity=00000000.00000000.00000000
simulation stage=stack111_0 position=00000000.3ee66666.00000000 velocity=00000000.00000000.00000000
simulation stage=stack111_1 position=00000000.3fb305bc.00000000 velocity=00000000.00000000.00000000
simulation stage=stack111_2 position=00000000.401638ef.00000000 velocity=00000000.00000000.00000000
simulation stage=stack112_0 position=00000000.3ee66666.00000000 velocity=00000000.00000000.00000000
simulation stage=stack112_1 position=00000000.3fb305bc.00000000 velocity=00000000.00000000.00000000
simulation stage=stack112_2 position=00000000.401638ef.00000000 velocity=00000000.00000000.00000000
simulation stage=stack113_0 position=00000000.3ee66666.00000000 velocity=00000000.00000000.00000000
simulation stage=stack113_1 position=00000000.3fb305bc.00000000 velocity=00000000.00000000.00000000
simulation stage=stack113_2 position=00000000.401638ef.00000000 velocity=00000000.00000000.00000000
simulation stage=stack114_0 position=00000000.3ee66666.00000000 velocity=00000000.00000000.00000000
simulation stage=stack114_1 position=00000000.3fb305bc.00000000 velocity=00000000.00000000.00000000
simulation stage=stack114_2 position=00000000.401638ef.00000000 velocity=00000000.00000000.00000000
simulation stage=stack115_0 position=00000000.3ee66666.00000000 velocity=00000000.00000000.00000000
simulation stage=stack115_1 position=00000000.3fb305bc.00000000 velocity=00000000.00000000.00000000
simulation stage=stack115_2 position=00000000.401638ef.00000000 velocity=00000000.00000000.00000000
simulation stage=stack116_0 position=00000000.3ee66666.00000000 velocity=00000000.00000000.00000000
simulation stage=stack116_1 position=00000000.3fb305bc.00000000 velocity=00000000.00000000.00000000
simulation stage=stack116_2 position=00000000.401638ef.00000000 velocity=00000000.00000000.00000000
simulation stage=stack117_0 position=00000000.3ee66666.00000000 velocity=00000000.00000000.00000000
simulation stage=stack117_1 position=00000000.3fb305bc.00000000 velocity=00000000.00000000.00000000
simulation stage=stack117_2 position=00000000.401638ef.00000000 velocity=00000000.00000000.00000000
simulation stage=stack118_0 position=00000000.3ee66666.00000000 velocity=00000000.00000000.00000000
simulation stage=stack118_1 position=00000000.3fb305bc.00000000 velocity=00000000.00000000.00000000
simulation stage=stack118_2 position=00000000.401638ef.00000000 velocity=00000000.00000000.00000000
simulation stage=stack119_0 position=00000000.3ee66666.00000000 velocity=00000000.00000000.00000000
simulation stage=stack119_1 position=00000000.3fb305bc.00000000 velocity=00000000.00000000.00000000
simulation stage=stack119_2 position=00000000.401638ef.00000000 velocity=00000000.00000000.00000000
simulation stage=stack120_0 position=00000000.3ee66666.00000000 velocity=00000000.00000000.00000000
simulation stage=stack120_1 position=00000000.3fb305bc.00000000 velocity=00000000.00000000.00000000
simulation stage=stack120_2 position=00000000.401638ef.00000000 velocity=00000000.00000000.00000000
simulation stage=stack121_0 position=00000000.3ee66666.00000000 velocity=00000000.00000000.00000000
simulation stage=stack121_1 position=00000000.3fb305bc.00000000 velocity=00000000.00000000.00000000
simulation stage=stack121_2 position=00000000.401638ef.00000000 velocity=00000000.00000000.00000000
simulation stage=stack122_0 position=00000000.3ee66666.00000000 velocity=00000000.00000000.00000000
simulation stage=stack122_1 position=00000000.3fb305bc.00000000 velocity=00000000.00000000.00000000
simulation stage=stack122_2 position=00000000.401638ef.00000000 velocity=00000000.00000000.00000000
simulation stage=stack123_0 position=00000000.3ee66666.00000000 velocity=00000000.00000000.00000000
simulation stage=stack123_1 position=00000000.3fb305bc.00000000 velocity=00000000.00000000.00000000
simulation stage=stack123_2 position=00000000.401638ef.00000000 velocity=00000000.00000000.00000000
simulation stage=stack124_0 position=00000000.3ee66666.00000000 velocity=00000000.00000000.00000000
simulation stage=stack124_1 position=00000000.3fb305bc.00000000 velocity=00000000.00000000.00000000
simulation stage=stack124_2 position=00000000.401638ef.00000000 velocity=00000000.00000000.00000000
simulation stage=stack125_0 position=00000000.3ee66666.00000000 velocity=00000000.00000000.00000000
simulation stage=stack125_1 position=00000000.3fb305bc.00000000 velocity=00000000.00000000.00000000
simulation stage=stack125_2 position=00000000.401638ef.00000000 velocity=00000000.00000000.00000000
simulation stage=stack126_0 position=00000000.3ee66666.00000000 velocity=00000000.00000000.00000000
simulation stage=stack126_1 position=00000000.3fb305bc.00000000 velocity=00000000.00000000.00000000
simulation stage=stack126_2 position=00000000.401638ef.00000000 velocity=00000000.00000000.00000000
simulation stage=stack127_0 position=00000000.3ee66666.00000000 velocity=00000000.00000000.00000000
simulation stage=stack127_1 position=00000000.3fb305bc.00000000 velocity=00000000.00000000.00000000
simulation stage=stack127_2 position=00000000.401638ef.00000000 velocity=00000000.00000000.00000000
simulation stage=stack128_0 position=00000000.3ee66666.00000000 velocity=00000000.00000000.00000000
simulation stage=stack128_1 position=00000000.3fb305bc.00000000 velocity=00000000.00000000.00000000
simulation stage=stack128_2 position=00000000.401638ef.00000000 velocity=00000000.00000000.00000000
simulation stage=stack129_0 position=00000000.3ee66666.00000000 velocity=00000000.00000000.00000000
simulation stage=stack129_1 position=00000000.3fb305bc.00000000 velocity=00000000.00000000.00000000
simulation stage=stack129_2 position=00000000.401638ef.00000000 velocity=00000000.00000000.00000000
simulation stage=stack130_0 position=00000000.3ee66666.00000000 velocity=00000000.00000000.00000000
simulation stage=stack130_1 position=00000000.3fb305bc.00000000 velocity=00000000.00000000.00000000
simulation stage=stack130_2 position=00000000.401638ef.00000000 velocity=00000000.00000000.00000000
simulation stage=stack131_0 position=00000000.3ee66666.00000000 velocity=00000000.00000000.00000000
simulation stage=stack131_1 position=00000000.3fb305bc.00000000 velocity=00000000.00000000.00000000
simulation stage=stack131_2 position=00000000.401638ef.00000000 velocity=00000000.00000000.00000000
simulation stage=stack132_0 position=00000000.3ee66666.00000000 velocity=00000000.00000000.00000000
simulation stage=stack132_1 position=00000000.3fb305bc.00000000 velocity=00000000.00000000.00000000
simulation stage=stack132_2 position=00000000.401638ef.00000000 velocity=00000000.00000000.00000000
simulation stage=stack133_0 position=00000000.3ee66666.00000000 velocity=00000000.00000000.00000000
simulation stage=stack133_1 position=00000000.3fb305bc.00000000 velocity=00000000.00000000.00000000
simulation stage=stack133_2 position=00000000.401638ef.00000000 velocity=00000000.00000000.00000000
simulation stage=stack134_0 position=00000000.3ee66666.00000000 velocity=00000000.00000000.00000000
simulation stage=stack134_1 position=00000000.3fb305bc.00000000 velocity=00000000.00000000.00000000
simulation stage=stack134_2 position=00000000.401638ef.00000000 velocity=00000000.00000000.00000000
simulation stage=stack135_0 position=00000000.3ee66666.00000000 velocity=00000000.00000000.00000000
simulation stage=stack135_1 position=00000000.3fb305bc.00000000 velocity=00000000.00000000.00000000
simulation stage=stack135_2 position=00000000.401638ef.00000000 velocity=00000000.00000000.00000000
simulation stage=stack136_0 position=00000000.3ee66666.00000000 velocity=00000000.00000000.00000000
simulation stage=stack136_1 position=00000000.3fb305bc.00000000 velocity=00000000.00000000.00000000
simulation stage=stack136_2 position=00000000.401638ef.00000000 velocity=00000000.00000000.00000000
simulation stage=stack137_0 position=00000000.3ee66666.00000000 velocity=00000000.00000000.00000000
simulation stage=stack137_1 position=00000000.3fb305bc.00000000 velocity=00000000.00000000.00000000
simulation stage=stack137_2 position=00000000.401638ef.00000000 velocity=00000000.00000000.00000000
simulation stage=stack138_0 position=00000000.3ee66666.00000000 velocity=00000000.00000000.00000000
simulation stage=stack138_1 position=00000000.3fb305bc.00000000 velocity=00000000.00000000.00000000
simulation stage=stack138_2 position=00000000.401638ef.00000000 velocity=00000000.00000000.00000000
simulation stage=stack139_0 position=00000000.3ee66666.00000000 velocity=00000000.00000000.00000000
simulation stage=stack139_1 position=00000000.3fb305bc.00000000 velocity=00000000.00000000.00000000
simulation stage=stack139_2 position=00000000.401638ef.00000000 velocity=00000000.00000000.00000000
simulation stage=stack140_0 position=00000000.3ee66666.00000000 velocity=00000000.00000000.00000000
simulation stage=stack140_1 position=00000000.3fb305bc.00000000 velocity=00000000.00000000.00000000
simulation stage=stack140_2 position=00000000.401638ef.00000000 velocity=00000000.00000000.00000000
simulation stage=stack141_0 position=00000000.3ee66666.00000000 velocity=00000000.00000000.00000000
simulation stage=stack141_1 position=00000000.3fb305bc.00000000 velocity=00000000.00000000.00000000
simulation stage=stack141_2 position=00000000.401638ef.00000000 velocity=00000000.00000000.00000000
simulation stage=stack142_0 position=00000000.3ee66666.00000000 velocity=00000000.00000000.00000000
simulation stage=stack142_1 position=00000000.3fb305bc.00000000 velocity=00000000.00000000.00000000
simulation stage=stack142_2 position=00000000.401638ef.00000000 velocity=00000000.00000000.00000000
simulation stage=stack143_0 position=00000000.3ee66666.00000000 velocity=00000000.00000000.00000000
simulation stage=stack143_1 position=00000000.3fb305bc.00000000 velocity=00000000.00000000.00000000
simulation stage=stack143_2 position=00000000.401638ef.00000000 velocity=00000000.00000000.00000000
simulation stage=stack144_0 position=00000000.3ee66666.00000000 velocity=00000000.00000000.00000000
simulation stage=stack144_1 position=00000000.3fb305bc.00000000 velocity=00000000.00000000.00000000
simulation stage=stack144_2 position=00000000.401638ef.00000000 velocity=00000000.00000000.00000000
simulation stage=stack145_0 position=00000000.3ee66666.00000000 velocity=00000000.00000000.00000000
simulation stage=stack145_1 position=00000000.3fb305bc.00000000 velocity=00000000.00000000.00000000
simulation stage=stack145_2 position=00000000.401638ef.00000000 velocity=00000000.00000000.00000000
simulation stage=stack146_0 position=00000000.3ee66666.00000000 velocity=00000000.00000000.00000000
simulation stage=stack146_1 position=00000000.3fb305bc.00000000 velocity=00000000.00000000.00000000
simulation stage=stack146_2 position=00000000.401638ef.00000000 velocity=00000000.00000000.00000000
simulation stage=stack147_0 position=00000000.3ee66666.00000000 velocity=00000000.00000000.00000000
simulation stage=stack147_1 position=00000000.3fb305bc.00000000 velocity=00000000.00000000.00000000
simulation stage=stack147_2 position=00000000.401638ef.00000000 velocity=00000000.00000000.00000000
simulation stage=stack148_0 position=00000000.3ee66666.00000000 velocity=00000000.00000000.00000000
simulation stage=stack148_1 position=00000000.3fb305bc.00000000 velocity=00000000.00000000.00000000
simulation stage=stack148_2 position=00000000.401638ef.00000000 velocity=00000000.00000000.00000000
simulation stage=stack149_0 position=00000000.3ee66666.00000000 velocity=00000000.00000000.00000000
simulation stage=stack149_1 position=00000000.3fb305bc.00000000 velocity=00000000.00000000.00000000
simulation stage=stack149_2 position=00000000.401638ef.00000000 velocity=00000000.00000000.00000000
simulation stage=stack150_0 position=00000000.3ee66666.00000000 velocity=00000000.00000000.00000000
simulation stage=stack150_1 position=00000000.3fb305bc.00000000 velocity=00000000.00000000.00000000
simulation stage=stack150_2 position=00000000.401638ef.00000000 velocity=00000000.00000000.00000000
simulation stage=stack151_0 position=00000000.3ee66666.00000000 velocity=00000000.00000000.00000000
simulation stage=stack151_1 position=00000000.3fb305bc.00000000 velocity=00000000.00000000.00000000
simulation stage=stack151_2 position=00000000.401638ef.00000000 velocity=00000000.00000000.00000000
simulation stage=stack152_0 position=00000000.3ee66666.00000000 velocity=00000000.00000000.00000000
simulation stage=stack152_1 position=00000000.3fb305bc.00000000 velocity=00000000.00000000.00000000
simulation stage=stack152_2 position=00000000.401638ef.00000000 velocity=00000000.00000000.00000000
simulation stage=stack153_0 position=00000000.3ee66666.00000000 velocity=00000000.00000000.00000000
simulation stage=stack153_1 position=00000000.3fb305bc.00000000 velocity=00000000.00000000.00000000
simulation stage=stack153_2 position=00000000.401638ef.00000000 velocity=00000000.00000000.00000000
simulation stage=stack154_0 position=00000000.3ee66666.00000000 velocity=00000000.00000000.00000000
simulation stage=stack154_1 position=00000000.3fb305bc.00000000 velocity=00000000.00000000.00000000
simulation stage=stack154_2 position=00000000.401638ef.00000000 velocity=00000000.00000000.00000000
simulation stage=stack155_0 position=00000000.3ee66666.00000000 velocity=00000000.00000000.00000000
simulation stage=stack155_1 position=00000000.3fb305bc.00000000 velocity=00000000.00000000.00000000
simulation stage=stack155_2 position=00000000.401638ef.00000000 velocity=00000000.00000000.00000000
simulation stage=stack156_0 position=00000000.3ee66666.00000000 velocity=00000000.00000000.00000000
simulation stage=stack156_1 position=00000000.3fb305bc.00000000 velocity=00000000.00000000.00000000
simulation stage=stack156_2 position=00000000.401638ef.00000000 velocity=00000000.00000000.00000000
simulation stage=stack157_0 position=00000000.3ee66666.00000000 velocity=00000000.00000000.00000000
simulation stage=stack157_1 position=00000000.3fb305bc.00000000 velocity=00000000.00000000.00000000
simulation stage=stack157_2 position=00000000.401638ef.00000000 velocity=00000000.00000000.00000000
simulation stage=stack158_0 position=00000000.3ee66666.00000000 velocity=00000000.00000000.00000000
simulation stage=stack158_1 position=00000000.3fb305bc.00000000 velocity=00000000.00000000.00000000
simulation stage=stack158_2 position=00000000.401638ef.00000000 velocity=00000000.00000000.00000000
simulation stage=stack159_0 position=00000000.3ee66666.00000000 velocity=00000000.00000000.00000000
simulation stage=stack159_1 position=00000000.3fb305bc.00000000 velocity=00000000.00000000.00000000
simulation stage=stack159_2 position=00000000.401638ef.00000000 velocity=00000000.00000000.00000000
simulation stage=stack160_0 position=00000000.3ee66666.00000000 velocity=00000000.00000000.00000000
simulation stage=stack160_1 position=00000000.3fb305bc.00000000 velocity=00000000.00000000.00000000
simulation stage=stack160_2 position=00000000.401638ef.00000000 velocity=00000000.00000000.00000000
simulation stage=stack161_0 position=00000000.3ee66666.00000000 velocity=00000000.00000000.00000000
simulation stage=stack161_1 position=00000000.3fb305bc.00000000 velocity=00000000.00000000.00000000
simulation stage=stack161_2 position=00000000.401638ef.00000000 velocity=00000000.00000000.00000000
simulation stage=stack162_0 position=00000000.3ee66666.00000000 velocity=00000000.00000000.00000000
simulation stage=stack162_1 position=00000000.3fb305bc.00000000 velocity=00000000.00000000.00000000
simulation stage=stack162_2 position=00000000.401638ef.00000000 velocity=00000000.00000000.00000000
simulation stage=stack163_0 position=00000000.3ee66666.00000000 velocity=00000000.00000000.00000000
simulation stage=stack163_1 position=00000000.3fb305bc.00000000 velocity=00000000.00000000.00000000
simulation stage=stack163_2 position=00000000.401638ef.00000000 velocity=00000000.00000000.00000000
simulation stage=stack164_0 position=00000000.3ee66666.00000000 velocity=00000000.00000000.00000000
simulation stage=stack164_1 position=00000000.3fb305bc.00000000 velocity=00000000.00000000.00000000
simulation stage=stack164_2 position=00000000.401638ef.00000000 velocity=00000000.00000000.00000000
simulation stage=stack165_0 position=00000000.3ee66666.00000000 velocity=00000000.00000000.00000000
simulation stage=stack165_1 position=00000000.3fb305bc.00000000 velocity=00000000.00000000.00000000
simulation stage=stack165_2 position=00000000.401638ef.00000000 velocity=00000000.00000000.00000000
simulation stage=stack166_0 position=00000000.3ee66666.00000000 velocity=00000000.00000000.00000000
simulation stage=stack166_1 position=00000000.3fb305bc.00000000 velocity=00000000.00000000.00000000
simulation stage=stack166_2 position=00000000.401638ef.00000000 velocity=00000000.00000000.00000000
simulation stage=stack167_0 position=00000000.3ee66666.00000000 velocity=00000000.00000000.00000000
simulation stage=stack167_1 position=00000000.3fb305bc.00000000 velocity=00000000.00000000.00000000
simulation stage=stack167_2 position=00000000.401638ef.00000000 velocity=00000000.00000000.00000000
simulation stage=stack168_0 position=00000000.3ee66666.00000000 velocity=00000000.00000000.00000000
simulation stage=stack168_1 position=00000000.3fb305bc.00000000 velocity=00000000.00000000.00000000
simulation stage=stack168_2 position=00000000.401638ef.00000000 velocity=00000000.00000000.00000000
simulation stage=stack169_0 position=00000000.3ee66666.00000000 velocity=00000000.00000000.00000000
simulation stage=stack169_1 position=00000000.3fb305bc.00000000 velocity=00000000.00000000.00000000
simulation stage=stack169_2 position=00000000.401638ef.00000000 velocity=00000000.00000000.00000000
simulation stage=stack170_0 position=00000000.3ee66666.00000000 velocity=00000000.00000000.00000000
simulation stage=stack170_1 position=00000000.3fb305bc.00000000 velocity=00000000.00000000.00000000
simulation stage=stack170_2 position=00000000.401638ef.00000000 velocity=00000000.00000000.00000000
simulation stage=stack171_0 position=00000000.3ee66666.00000000 velocity=00000000.00000000.00000000
simulation stage=stack171_1 position=00000000.3fb305bc.00000000 velocity=00000000.00000000.00000000
simulation stage=stack171_2 position=00000000.401638ef.00000000 velocity=00000000.00000000.00000000
simulation stage=stack172_0 position=00000000.3ee66666.00000000 velocity=00000000.00000000.00000000
simulation stage=stack172_1 position=00000000.3fb305bc.00000000 velocity=00000000.00000000.00000000
simulation stage=stack172_2 position=00000000.401638ef.00000000 velocity=00000000.00000000.00000000
simulation stage=stack173_0 position=00000000.3ee66666.00000000 velocity=00000000.00000000.00000000
simulation stage=stack173_1 position=00000000.3fb305bc.00000000 velocity=00000000.00000000.00000000
simulation stage=stack173_2 position=00000000.401638ef.00000000 velocity=00000000.00000000.00000000
simulation stage=stack174_0 position=00000000.3ee66666.00000000 velocity=00000000.00000000.00000000
simulation stage=stack174_1 position=00000000.3fb305bc.00000000 velocity=00000000.00000000.00000000
simulation stage=stack174_2 position=00000000.401638ef.00000000 velocity=00000000.00000000.00000000
simulation stage=stack175_0 position=00000000.3ee66666.00000000 velocity=00000000.00000000.00000000
simulation stage=stack175_1 position=00000000.3fb305bc.00000000 velocity=00000000.00000000.00000000
simulation stage=stack175_2 position=00000000.401638ef.00000000 velocity=00000000.00000000.00000000
simulation stage=stack176_0 position=00000000.3ee66666.00000000 velocity=00000000.00000000.00000000
simulation stage=stack176_1 position=00000000.3fb305bc.00000000 velocity=00000000.00000000.00000000
simulation stage=stack176_2 position=00000000.401638ef.00000000 velocity=00000000.00000000.00000000
simulation stage=stack177_0 position=00000000.3ee66666.00000000 velocity=00000000.00000000.00000000
simulation stage=stack177_1 position=00000000.3fb305bc.00000000 velocity=00000000.00000000.00000000
simulation stage=stack177_2 position=00000000.401638ef.00000000 velocity=00000000.00000000.00000000
simulation stage=stack178_0 position=00000000.3ee66666.00000000 velocity=00000000.00000000.00000000
simulation stage=stack178_1 position=00000000.3fb305bc.00000000 velocity=00000000.00000000.00000000
simulation stage=stack178_2 position=00000000.401638ef.00000000 velocity=00000000.00000000.00000000
simulation stage=stack179_0 position=00000000.3ee66666.00000000 velocity=00000000.00000000.00000000
simulation stage=stack179_1 position=00000000.3fb305bc.00000000 velocity=00000000.00000000.00000000
simulation stage=stack179_2 position=00000000.401638ef.00000000 velocity=00000000.00000000.00000000
simulation stage=stack180_0 position=00000000.3ee66666.00000000 velocity=00000000.00000000.00000000
simulation stage=stack180_1 position=00000000.3fb305bc.00000000 velocity=00000000.00000000.00000000
simulation stage=stack180_2 position=00000000.401638ef.00000000 velocity=00000000.00000000.00000000
simulation stage=stack181_0 position=00000000.3ee66666.00000000 velocity=00000000.00000000.00000000
simulation stage=stack181_1 position=00000000.3fb305bc.00000000 velocity=00000000.00000000.00000000
simulation stage=stack181_2 position=00000000.401638ef.00000000 velocity=00000000.00000000.00000000
simulation stage=stack182_0 position=00000000.3ee66666.00000000 velocity=00000000.00000000.00000000
simulation stage=stack182_1 position=00000000.3fb305bc.00000000 velocity=00000000.00000000.00000000
simulation stage=stack182_2 position=00000000.401638ef.00000000 velocity=00000000.00000000.00000000
simulation stage=stack183_0 position=00000000.3ee66666.00000000 velocity=00000000.00000000.00000000
simulation stage=stack183_1 position=00000000.3fb305bc.00000000 velocity=00000000.00000000.00000000
simulation stage=stack183_2 position=00000000.401638ef.00000000 velocity=00000000.00000000.00000000
simulation stage=stack184_0 position=00000000.3ee66666.00000000 velocity=00000000.00000000.00000000
simulation stage=stack184_1 position=00000000.3fb305bc.00000000 velocity=00000000.00000000.00000000
simulation stage=stack184_2 position=00000000.401638ef.00000000 velocity=00000000.00000000.00000000
simulation stage=stack185_0 position=00000000.3ee66666.00000000 velocity=00000000.00000000.00000000
simulation stage=stack185_1 position=00000000.3fb305bc.00000000 velocity=00000000.00000000.00000000
simulation stage=stack185_2 position=00000000.401638ef.00000000 velocity=00000000.00000000.00000000
simulation stage=stack186_0 position=00000000.3ee66666.00000000 velocity=00000000.00000000.00000000
simulation stage=stack186_1 position=00000000.3fb305bc.00000000 velocity=00000000.00000000.00000000
simulation stage=stack186_2 position=00000000.401638ef.00000000 velocity=00000000.00000000.00000000
simulation stage=stack187_0 position=00000000.3ee66666.00000000 velocity=00000000.00000000.00000000
simulation stage=stack187_1 position=00000000.3fb305bc.00000000 velocity=00000000.00000000.00000000
simulation stage=stack187_2 position=00000000.401638ef.00000000 velocity=00000000.00000000.00000000
simulation stage=stack188_0 position=00000000.3ee66666.00000000 velocity=00000000.00000000.00000000
simulation stage=stack188_1 position=00000000.3fb305bc.00000000 velocity=00000000.00000000.00000000
simulation stage=stack188_2 position=00000000.401638ef.00000000 velocity=00000000.00000000.00000000
simulation stage=stack189_0 position=00000000.3ee66666.00000000 velocity=00000000.00000000.00000000
simulation stage=stack189_1 position=00000000.3fb305bc.00000000 velocity=00000000.00000000.00000000
simulation stage=stack189_2 position=00000000.401638ef.00000000 velocity=00000000.00000000.00000000
simulation stage=stack190_0 position=00000000.3ee66666.00000000 velocity=00000000.00000000.00000000
simulation stage=stack190_1 position=00000000.3fb305bc.00000000 velocity=00000000.00000000.00000000
simulation stage=stack190_2 position=00000000.401638ef.00000000 velocity=00000000.00000000.00000000
simulation stage=stack191_0 position=00000000.3ee66666.00000000 velocity=00000000.00000000.00000000
simulation stage=stack191_1 position=00000000.3fb305bc.00000000 velocity=00000000.00000000.00000000
simulation stage=stack191_2 position=00000000.401638ef.00000000 velocity=00000000.00000000.00000000
simulation stage=stack192_0 position=00000000.3ee66666.00000000 velocity=00000000.00000000.00000000
simulation stage=stack192_1 position=00000000.3fb305bc.00000000 velocity=00000000.00000000.00000000
simulation stage=stack192_2 position=00000000.401638ef.00000000 velocity=00000000.00000000.00000000
simulation stage=stack193_0 position=00000000.3ee66666.00000000 velocity=00000000.00000000.00000000
simulation stage=stack193_1 position=00000000.3fb305bc.00000000 velocity=00000000.00000000.00000000
simulation stage=stack193_2 position=00000000.401638ef.00000000 velocity=00000000.00000000.00000000
simulation stage=stack194_0 position=00000000.3ee66666.00000000 velocity=00000000.00000000.00000000
simulation stage=stack194_1 position=00000000.3fb305bc.00000000 velocity=00000000.00000000.00000000
simulation stage=stack194_2 position=00000000.401638ef.00000000 velocity=00000000.00000000.00000000
simulation stage=stack195_0 position=00000000.3ee66666.00000000 velocity=00000000.00000000.00000000
simulation stage=stack195_1 position=00000000.3fb305bc.00000000 velocity=00000000.00000000.00000000
simulation stage=stack195_2 position=00000000.401638ef.00000000 velocity=00000000.00000000.00000000
simulation stage=stack196_0 position=00000000.3ee66666.00000000 velocity=00000000.00000000.00000000
simulation stage=stack196_1 position=00000000.3fb305bc.00000000 velocity=00000000.00000000.00000000
simulation stage=stack196_2 position=00000000.401638ef.00000000 velocity=00000000.00000000.00000000
simulation stage=stack197_0 position=00000000.3ee66666.00000000 velocity=00000000.00000000.00000000
simulation stage=stack197_1 position=00000000.3fb305bc.00000000 velocity=00000000.00000000.00000000
simulation stage=stack197_2 position=00000000.401638ef.00000000 velocity=00000000.00000000.00000000
simulation stage=stack198_0 position=00000000.3ee66666.00000000 velocity=00000000.00000000.00000000
simulation stage=stack198_1 position=00000000.3fb305bc.00000000 velocity=00000000.00000000.00000000
simulation stage=stack198_2 position=00000000.401638ef.00000000 velocity=00000000.00000000.00000000
simulation stage=stack199_0 position=00000000.3ee66666.00000000 velocity=00000000.00000000.00000000
simulation stage=stack199_1 position=00000000.3fb305bc.00000000 velocity=00000000.00000000.00000000
simulation stage=stack199_2 position=00000000.401638ef.00000000 velocity=00000000.00000000.00000000
simulation stage=stack200_0 position=00000000.3ee66666.00000000 velocity=00000000.00000000.00000000
simulation stage=stack200_1 position=00000000.3fb305bc.00000000 velocity=00000000.00000000.00000000
simulation stage=stack200_2 position=00000000.401638ef.00000000 velocity=00000000.00000000.00000000
simulation stage=stack201_0 position=00000000.3ee66666.00000000 velocity=00000000.00000000.00000000
simulation stage=stack201_1 position=00000000.3fb305bc.00000000 velocity=00000000.00000000.00000000
simulation stage=stack201_2 position=00000000.401638ef.00000000 velocity=00000000.00000000.00000000
simulation stage=stack202_0 position=00000000.3ee66666.00000000 velocity=00000000.00000000.00000000
simulation stage=stack202_1 position=00000000.3fb305bc.00000000 velocity=00000000.00000000.00000000
simulation stage=stack202_2 position=00000000.401638ef.00000000 velocity=00000000.00000000.00000000
simulation stage=stack203_0 position=00000000.3ee66666.00000000 velocity=00000000.00000000.00000000
simulation stage=stack203_1 position=00000000.3fb305bc.00000000 velocity=00000000.00000000.00000000
simulation stage=stack203_2 position=00000000.401638ef.00000000 velocity=00000000.00000000.00000000
simulation stage=stack204_0 position=00000000.3ee66666.00000000 velocity=00000000.00000000.00000000
simulation stage=stack204_1 position=00000000.3fb305bc.00000000 velocity=00000000.00000000.00000000
simulation stage=stack204_2 position=00000000.401638ef.00000000 velocity=00000000.00000000.00000000
simulation stage=stack205_0 position=00000000.3ee66666.00000000 velocity=00000000.00000000.00000000
simulation stage=stack205_1 position=00000000.3fb305bc.00000000 velocity=00000000.00000000.00000000
simulation stage=stack205_2 position=00000000.401638ef.00000000 velocity=00000000.00000000.00000000
simulation stage=stack206_0 position=00000000.3ee66666.00000000 velocity=00000000.00000000.00000000
simulation stage=stack206_1 position=00000000.3fb305bc.00000000 velocity=00000000.00000000.00000000
simulation stage=stack206_2 position=00000000.401638ef.00000000 velocity=00000000.00000000.00000000
simulation stage=stack207_0 position=00000000.3ee66666.00000000 velocity=00000000.00000000.00000000
simulation stage=stack207_1 position=00000000.3fb305bc.00000000 velocity=00000000.00000000.00000000
simulation stage=stack207_2 position=00000000.401638ef.00000000 velocity=00000000.00000000.00000000
simulation stage=stack208_0 position=00000000.3ee66666.00000000 velocity=00000000.00000000.00000000
simulation stage=stack208_1 position=00000000.3fb305bc.00000000 velocity=00000000.00000000.00000000
simulation stage=stack208_2 position=00000000.401638ef.00000000 velocity=00000000.00000000.00000000
simulation stage=stack209_0 position=00000000.3ee66666.00000000 velocity=00000000.00000000.00000000
simulation stage=stack209_1 position=00000000.3fb305bc.00000000 velocity=00000000.00000000.00000000
simulation stage=stack209_2 position=00000000.401638ef.00000000 velocity=00000000.00000000.00000000
simulation stage=stack210_0 position=00000000.3ee66666.00000000 velocity=00000000.00000000.00000000
simulation stage=stack210_1 position=00000000.3fb305bc.00000000 velocity=00000000.00000000.00000000
simulation stage=stack210_2 position=00000000.401638ef.00000000 velocity=00000000.00000000.00000000
simulation stage=stack211_0 position=00000000.3ee66666.00000000 velocity=00000000.00000000.00000000
simulation stage=stack211_1 position=00000000.3fb305bc.00000000 velocity=00000000.00000000.00000000
simulation stage=stack211_2 position=00000000.401638ef.00000000 velocity=00000000.00000000.00000000
simulation stage=stack212_0 position=00000000.3ee66666.00000000 velocity=00000000.00000000.00000000
simulation stage=stack212_1 position=00000000.3fb305bc.00000000 velocity=00000000.00000000.00000000
simulation stage=stack212_2 position=00000000.401638ef.00000000 velocity=00000000.00000000.00000000
simulation stage=stack213_0 position=00000000.3ee66666.00000000 velocity=00000000.00000000.00000000
simulation stage=stack213_1 position=00000000.3fb305bc.00000000 velocity=00000000.00000000.00000000
simulation stage=stack213_2 position=00000000.401638ef.00000000 velocity=00000000.00000000.00000000
simulation stage=stack214_0 position=00000000.3ee66666.00000000 velocity=00000000.00000000.00000000
simulation stage=stack214_1 position=00000000.3fb305bc.00000000 velocity=00000000.00000000.00000000
simulation stage=stack214_2 position=00000000.401638ef.00000000 velocity=00000000.00000000.00000000
simulation stage=stack215_0 position=00000000.3ee66666.00000000 velocity=00000000.00000000.00000000
simulation stage=stack215_1 position=00000000.3fb305bc.00000000 velocity=00000000.00000000.00000000
simulation stage=stack215_2 position=00000000.401638ef.00000000 velocity=00000000.00000000.00000000
simulation stage=stack216_0 position=00000000.3ee66666.00000000 velocity=00000000.00000000.00000000
simulation stage=stack216_1 position=00000000.3fb305bc.00000000 velocity=00000000.00000000.00000000
simulation stage=stack216_2 position=00000000.401638ef.00000000 velocity=00000000.00000000.00000000
simulation stage=stack217_0 position=00000000.3ee66666.00000000 velocity=00000000.00000000.00000000
simulation stage=stack217_1 position=00000000.3fb305bc.00000000 velocity=00000000.00000000.00000000
simulation stage=stack217_2 position=00000000.401638ef.00000000 velocity=00000000.00000000.00000000
simulation stage=stack218_0 position=00000000.3ee66666.00000000 velocity=00000000.00000000.00000000
simulation stage=stack218_1 position=00000000.3fb305bc.00000000 velocity=00000000.00000000.00000000
simulation stage=stack218_2 position=00000000.401638ef.00000000 velocity=00000000.00000000.00000000
simulation stage=stack219_0 position=00000000.3ee66666.00000000 velocity=00000000.00000000.00000000
simulation stage=stack219_1 position=00000000.3fb305bc.00000000 velocity=00000000.00000000.00000000
simulation stage=stack219_2 position=00000000.401638ef.00000000 velocity=00000000.00000000.00000000
simulation stage=stack220_0 position=00000000.3ee66666.00000000 velocity=00000000.00000000.00000000
simulation stage=stack220_1 position=00000000.3fb305bc.00000000 velocity=00000000.00000000.00000000
simulation stage=stack220_2 position=00000000.401638ef.00000000 velocity=00000000.00000000.00000000
simulation stage=stack221_0 position=00000000.3ee66666.00000000 velocity=00000000.00000000.00000000
simulation stage=stack221_1 position=00000000.3fb305bc.00000000 velocity=00000000.00000000.00000000
simulation stage=stack221_2 position=00000000.401638ef.00000000 velocity=00000000.00000000.00000000
simulation stage=stack222_0 position=00000000.3ee66666.00000000 velocity=00000000.00000000.00000000
simulation stage=stack222_1 position=00000000.3fb305bc.00000000 velocity=00000000.00000000.00000000
simulation stage=stack222_2 position=00000000.401638ef.00000000 velocity=00000000.00000000.00000000
simulation stage=stack223_0 position=00000000.3ee66666.00000000 velocity=00000000.00000000.00000000
simulation stage=stack223_1 position=00000000.3fb305bc.00000000 velocity=00000000.00000000.00000000
simulation stage=stack223_2 position=00000000.401638ef.00000000 velocity=00000000.00000000.00000000
simulation stage=stack224_0 position=00000000.3ee66666.00000000 velocity=00000000.00000000.00000000
simulation stage=stack224_1 position=00000000.3fb305bc.00000000 velocity=00000000.00000000.00000000
simulation stage=stack224_2 position=00000000.401638ef.00000000 velocity=00000000.00000000.00000000
simulation stage=stack225_0 position=00000000.3ee66666.00000000 velocity=00000000.00000000.00000000
simulation stage=stack225_1 position=00000000.3fb305bc.00000000 velocity=00000000.00000000.00000000
simulation stage=stack225_2 position=00000000.401638ef.00000000 velocity=00000000.00000000.00000000
simulation stage=stack226_0 position=00000000.3ee66666.00000000 velocity=00000000.00000000.00000000
simulation stage=stack226_1 position=00000000.3fb305bc.00000000 velocity=00000000.00000000.00000000
simulation stage=stack226_2 position=00000000.401638ef.00000000 velocity=00000000.00000000.00000000
simulation stage=stack227_0 position=00000000.3ee66666.00000000 velocity=00000000.00000000.00000000
simulation stage=stack227_1 position=00000000.3fb305bc.00000000 velocity=00000000.00000000.00000000
simulation stage=stack227_2 position=00000000.401638ef.00000000 velocity=00000000.00000000.00000000
simulation stage=stack228_0 position=00000000.3ee66666.00000000 velocity=00000000.00000000.00000000
simulation stage=stack228_1 position=00000000.3fb305bc.00000000 velocity=00000000.00000000.00000000
simulation stage=stack228_2 position=00000000.401638ef.00000000 velocity=00000000.00000000.00000000
simulation stage=stack229_0 position=00000000.3ee66666.00000000 velocity=00000000.00000000.00000000
simulation stage=stack229_1 position=00000000.3fb305bc.00000000 velocity=00000000.00000000.00000000
simulation stage=stack229_2 position=00000000.401638ef.00000000 velocity=00000000.00000000.00000000
simulation stage=stack230_0 position=00000000.3ee66666.00000000 velocity=00000000.00000000.00000000
simulation stage=stack230_1 position=00000000.3fb305bc.00000000 velocity=00000000.00000000.00000000
simulation stage=stack230_2 position=00000000.401638ef.00000000 velocity=00000000.00000000.00000000
simulation stage=stack231_0 position=00000000.3ee66666.00000000 velocity=00000000.00000000.00000000
simulation stage=stack231_1 position=00000000.3fb305bc.00000000 velocity=00000000.00000000.00000000
simulation stage=stack231_2 position=00000000.401638ef.00000000 velocity=00000000.00000000.00000000
simulation stage=stack232_0 position=00000000.3ee66666.00000000 velocity=00000000.00000000.00000000
simulation stage=stack232_1 position=00000000.3fb305bc.00000000 velocity=00000000.00000000.00000000
simulation stage=stack232_2 position=00000000.401638ef.00000000 velocity=00000000.00000000.00000000
simulation stage=stack233_0 position=00000000.3ee66666.00000000 velocity=00000000.00000000.00000000
simulation stage=stack233_1 position=00000000.3fb305bc.00000000 velocity=00000000.00000000.00000000
simulation stage=stack233_2 position=00000000.401638ef.00000000 velocity=00000000.00000000.00000000
simulation stage=stack234_0 position=00000000.3ee66666.00000000 velocity=00000000.00000000.00000000
simulation stage=stack234_1 position=00000000.3fb305bc.00000000 velocity=00000000.00000000.00000000
simulation stage=stack234_2 position=00000000.401638ef.00000000 velocity=00000000.00000000.00000000
simulation stage=stack235_0 position=00000000.3ee66666.00000000 velocity=00000000.00000000.00000000
simulation stage=stack235_1 position=00000000.3fb305bc.00000000 velocity=00000000.00000000.00000000
simulation stage=stack235_2 position=00000000.401638ef.00000000 velocity=00000000.00000000.00000000
simulation stage=stack236_0 position=00000000.3ee66666.00000000 velocity=00000000.00000000.00000000
simulation stage=stack236_1 position=00000000.3fb305bc.00000000 velocity=00000000.00000000.00000000
simulation stage=stack236_2 position=00000000.401638ef.00000000 velocity=00000000.00000000.00000000
simulation stage=stack237_0 position=00000000.3ee66666.00000000 velocity=00000000.00000000.00000000
simulation stage=stack237_1 position=00000000.3fb305bc.00000000 velocity=00000000.00000000.00000000
simulation stage=stack237_2 position=00000000.401638ef.00000000 velocity=00000000.00000000.00000000
simulation stage=stack238_0 position=00000000.3ee66666.00000000 velocity=00000000.00000000.00000000
simulation stage=stack238_1 position=00000000.3fb305bc.00000000 velocity=00000000.00000000.00000000
simulation stage=stack238_2 position=00000000.401638ef.00000000 velocity=00000000.00000000.00000000
simulation stage=stack239_0 position=00000000.3ee66666.00000000 velocity=00000000.00000000.00000000
simulation stage=stack239_1 position=00000000.3fb305bc.00000000 velocity=00000000.00000000.00000000
simulation stage=stack239_2 position=00000000.401638ef.00000000 velocity=00000000.00000000.00000000
simulation stage=stack240_0 position=00000000.3ee66666.00000000 velocity=00000000.00000000.00000000
simulation stage=stack240_1 position=00000000.3fb305bc.00000000 velocity=00000000.00000000.00000000
simulation stage=stack240_2 position=00000000.401638ef.00000000 velocity=00000000.00000000.00000000
simulation stage=stack241_0 position=00000000.3ee66666.00000000 velocity=00000000.00000000.00000000
simulation stage=stack241_1 position=00000000.3fb305bc.00000000 velocity=00000000.00000000.00000000
simulation stage=stack241_2 position=00000000.401638ef.00000000 velocity=00000000.00000000.00000000
simulation stage=stack242_0 position=00000000.3ee66666.00000000 velocity=00000000.00000000.00000000
simulation stage=stack242_1 position=00000000.3fb305bc.00000000 velocity=00000000.00000000.00000000
simulation stage=stack242_2 position=00000000.401638ef.00000000 velocity=00000000.00000000.00000000
simulation stage=stack243_0 position=00000000.3ee66666.00000000 velocity=00000000.00000000.00000000
simulation stage=stack243_1 position=00000000.3fb305bc.00000000 velocity=00000000.00000000.00000000
simulation stage=stack243_2 position=00000000.401638ef.00000000 velocity=00000000.00000000.00000000
simulation stage=stack244_0 position=00000000.3ee66666.00000000 velocity=00000000.00000000.00000000
simulation stage=stack244_1 position=00000000.3fb305bc.00000000 velocity=00000000.00000000.00000000
simulation stage=stack244_2 position=00000000.401638ef.00000000 velocity=00000000.00000000.00000000
simulation stage=stack245_0 position=00000000.3ee66666.00000000 velocity=00000000.00000000.00000000
simulation stage=stack245_1 position=00000000.3fb305bc.00000000 velocity=00000000.00000000.00000000
simulation stage=stack245_2 position=00000000.401638ef.00000000 velocity=00000000.00000000.00000000
simulation stage=stack246_0 position=00000000.3ee66666.00000000 velocity=00000000.00000000.00000000
simulation stage=stack246_1 position=00000000.3fb305bc.00000000 velocity=00000000.00000000.00000000
simulation stage=stack246_2 position=00000000.401638ef.00000000 velocity=00000000.00000000.00000000
simulation stage=stack247_0 position=00000000.3ee66666.00000000 velocity=00000000.00000000.00000000
simulation stage=stack247_1 position=00000000.3fb305bc.00000000 velocity=00000000.00000000.00000000
simulation stage=stack247_2 position=00000000.401638ef.00000000 velocity=00000000.00000000.00000000
simulation stage=stack248_0 position=00000000.3ee66666.00000000 velocity=00000000.00000000.00000000
simulation stage=stack248_1 position=00000000.3fb305bc.00000000 velocity=00000000.00000000.00000000
simulation stage=stack248_2 position=00000000.401638ef.00000000 velocity=00000000.00000000.00000000
simulation stage=stack249_0 position=00000000.3ee66666.00000000 velocity=00000000.00000000.00000000
simulation stage=stack249_1 position=00000000.3fb305bc.00000000 velocity=00000000.00000000.00000000
simulation stage=stack249_2 position=00000000.401638ef.00000000 velocity=00000000.00000000.00000000
simulation stage=stack250_0 position=00000000.3ee66666.00000000 velocity=00000000.00000000.00000000
simulation stage=stack250_1 position=00000000.3fb305bc.00000000 velocity=00000000.00000000.00000000
simulation stage=stack250_2 position=00000000.401638ef.00000000 velocity=00000000.00000000.00000000
simulation stage=stack251_0 position=00000000.3ee66666.00000000 velocity=00000000.00000000.00000000
simulation stage=stack251_1 position=00000000.3fb305bc.00000000 velocity=00000000.00000000.00000000
simulation stage=stack251_2 position=00000000.401638ef.00000000 velocity=00000000.00000000.00000000
simulation stage=stack252_0 position=00000000.3ee66666.00000000 velocity=00000000.00000000.00000000
simulation stage=stack252_1 position=00000000.3fb305bc.00000000 velocity=00000000.00000000.00000000
simulation stage=stack252_2 position=00000000.401638ef.00000000 velocity=00000000.00000000.00000000
simulation stage=stack253_0 position=00000000.3ee66666.00000000 velocity=00000000.00000000.00000000
simulation stage=stack253_1 position=00000000.3fb305bc.00000000 velocity=00000000.00000000.00000000
simulation stage=stack253_2 position=00000000.401638ef.00000000 velocity=00000000.00000000.00000000
simulation stage=stack254_0 position=00000000.3ee66666.00000000 velocity=00000000.00000000.00000000
simulation stage=stack254_1 position=00000000.3fb305bc.00000000 velocity=00000000.00000000.00000000
simulation stage=stack254_2 position=00000000.401638ef.00000000 velocity=00000000.00000000.00000000
simulation stage=stack255_0 position=00000000.3ee66666.00000000 velocity=00000000.00000000.00000000
simulation stage=stack255_1 position=00000000.3fb305bc.00000000 velocity=00000000.00000000.00000000
simulation stage=stack255_2 position=00000000.401638ef.00000000 velocity=00000000.00000000.00000000
simulation stage=stack256_0 position=00000000.3ee66666.00000000 velocity=00000000.00000000.00000000
simulation stage=stack256_1 position=00000000.3fb305bc.00000000 velocity=00000000.00000000.00000000
simulation stage=stack256_2 position=00000000.401638ef.00000000 velocity=00000000.00000000.00000000
simulation stage=stack257_0 position=00000000.3ee66666.00000000 velocity=00000000.00000000.00000000
simulation stage=stack257_1 position=00000000.3fb305bc.00000000 velocity=00000000.00000000.00000000
simulation stage=stack257_2 position=00000000.401638ef.00000000 velocity=00000000.00000000.00000000
simulation stage=stack258_0 position=00000000.3ee66666.00000000 velocity=00000000.00000000.00000000
simulation stage=stack258_1 position=00000000.3fb305bc.00000000 velocity=00000000.00000000.00000000
simulation stage=stack258_2 position=00000000.401638ef.00000000 velocity=00000000.00000000.00000000
simulation stage=stack259_0 position=00000000.3ee66666.00000000 velocity=00000000.00000000.00000000
simulation stage=stack259_1 position=00000000.3fb305bc.00000000 velocity=00000000.00000000.00000000
simulation stage=stack259_2 position=00000000.401638ef.00000000 velocity=00000000.00000000.00000000
simulation stage=stack260_0 position=00000000.3ee66666.00000000 velocity=00000000.00000000.00000000
simulation stage=stack260_1 position=00000000.3fb305bc.00000000 velocity=00000000.00000000.00000000
simulation stage=stack260_2 position=00000000.401638ef.00000000 velocity=00000000.00000000.00000000
simulation stage=stack261_0 position=00000000.3ee66666.00000000 velocity=00000000.00000000.00000000
simulation stage=stack261_1 position=00000000.3fb305bc.00000000 velocity=00000000.00000000.00000000
simulation stage=stack261_2 position=00000000.401638ef.00000000 velocity=00000000.00000000.00000000
simulation stage=stack262_0 position=00000000.3ee66666.00000000 velocity=00000000.00000000.00000000
simulation stage=stack262_1 position=00000000.3fb305bc.00000000 velocity=00000000.00000000.00000000
simulation stage=stack262_2 position=00000000.401638ef.00000000 velocity=00000000.00000000.00000000
simulation stage=stack263_0 position=00000000.3ee66666.00000000 velocity=00000000.00000000.00000000
simulation stage=stack263_1 position=00000000.3fb305bc.00000000 velocity=00000000.00000000.00000000
simulation stage=stack263_2 position=00000000.401638ef.00000000 velocity=00000000.00000000.00000000
simulation stage=stack264_0 position=00000000.3ee66666.00000000 velocity=00000000.00000000.00000000
simulation stage=stack264_1 position=00000000.3fb305bc.00000000 velocity=00000000.00000000.00000000
simulation stage=stack264_2 position=00000000.401638ef.00000000 velocity=00000000.00000000.00000000
simulation stage=stack265_0 position=00000000.3ee66666.00000000 velocity=00000000.00000000.00000000
simulation stage=stack265_1 position=00000000.3fb305bc.00000000 velocity=00000000.00000000.00000000
simulation stage=stack265_2 position=00000000.401638ef.00000000 velocity=00000000.00000000.00000000
simulation stage=stack266_0 position=00000000.3ee66666.00000000 velocity=00000000.00000000.00000000
simulation stage=stack266_1 position=00000000.3fb305bc.00000000 velocity=00000000.00000000.00000000
simulation stage=stack266_2 position=00000000.401638ef.00000000 velocity=00000000.00000000.00000000
simulation stage=stack267_0 position=00000000.3ee66666.00000000 velocity=00000000.00000000.00000000
simulation stage=stack267_1 position=00000000.3fb305bc.00000000 velocity=00000000.00000000.00000000
simulation stage=stack267_2 position=00000000.401638ef.00000000 velocity=00000000.00000000.00000000
simulation stage=stack268_0 position=00000000.3ee66666.00000000 velocity=00000000.00000000.00000000
simulation stage=stack268_1 position=00000000.3fb305bc.00000000 velocity=00000000.00000000.00000000
simulation stage=stack268_2 position=00000000.401638ef.00000000 velocity=00000000.00000000.00000000
simulation stage=stack269_0 position=00000000.3ee66666.00000000 velocity=00000000.00000000.00000000
simulation stage=stack269_1 position=00000000.3fb305bc.00000000 velocity=00000000.00000000.00000000
simulation stage=stack269_2 position=00000000.401638ef.00000000 velocity=00000000.00000000.00000000
simulation stage=stack270_0 position=00000000.3ee66666.00000000 velocity=00000000.00000000.00000000
simulation stage=stack270_1 position=00000000.3fb305bc.00000000 velocity=00000000.00000000.00000000
simulation stage=stack270_2 position=00000000.401638ef.00000000 velocity=00000000.00000000.00000000
simulation stage=stack271_0 position=00000000.3ee66666.00000000 velocity=00000000.00000000.00000000
simulation stage=stack271_1 position=00000000.3fb305bc.00000000 velocity=00000000.00000000.00000000
simulation stage=stack271_2 position=00000000.401638ef.00000000 velocity=00000000.00000000.00000000
simulation stage=stack272_0 position=00000000.3ee66666.00000000 velocity=00000000.00000000.00000000
simulation stage=stack272_1 position=00000000.3fb305bc.00000000 velocity=00000000.00000000.00000000
simulation stage=stack272_2 position=00000000.401638ef.00000000 velocity=00000000.00000000.00000000
simulation stage=stack273_0 position=00000000.3ee66666.00000000 velocity=00000000.00000000.00000000
simulation stage=stack273_1 position=00000000.3fb305bc.00000000 velocity=00000000.00000000.00000000
simulation stage=stack273_2 position=00000000.401638ef.00000000 velocity=00000000.00000000.00000000
simulation stage=stack274_0 position=00000000.3ee66666.00000000 velocity=00000000.00000000.00000000
simulation stage=stack274_1 position=00000000.3fb305bc.00000000 velocity=00000000.00000000.00000000
simulation stage=stack274_2 position=00000000.401638ef.00000000 velocity=00000000.00000000.00000000
simulation stage=stack275_0 position=00000000.3ee66666.00000000 velocity=00000000.00000000.00000000
simulation stage=stack275_1 position=00000000.3fb305bc.00000000 velocity=00000000.00000000.00000000
simulation stage=stack275_2 position=00000000.401638ef.00000000 velocity=00000000.00000000.00000000
simulation stage=stack276_0 position=00000000.3ee66666.00000000 velocity=00000000.00000000.00000000
simulation stage=stack276_1 position=00000000.3fb305bc.00000000 velocity=00000000.00000000.00000000
simulation stage=stack276_2 position=00000000.401638ef.00000000 velocity=00000000.00000000.00000000
simulation stage=stack277_0 position=00000000.3ee66666.00000000 velocity=00000000.00000000.00000000
simulation stage=stack277_1 position=00000000.3fb305bc.00000000 velocity=00000000.00000000.00000000
simulation stage=stack277_2 position=00000000.401638ef.00000000 velocity=00000000.00000000.00000000
simulation stage=stack278_0 position=00000000.3ee66666.00000000 velocity=00000000.00000000.00000000
simulation stage=stack278_1 position=00000000.3fb305bc.00000000 velocity=00000000.00000000.00000000
simulation stage=stack278_2 position=00000000.401638ef.00000000 velocity=00000000.00000000.00000000
simulation stage=stack279_0 position=00000000.3ee66666.00000000 velocity=00000000.00000000.00000000
simulation stage=stack279_1 position=00000000.3fb305bc.00000000 velocity=00000000.00000000.00000000
simulation stage=stack279_2 position=00000000.401638ef.00000000 velocity=00000000.00000000.00000000
simulation stage=stack280_0 position=00000000.3ee66666.00000000 velocity=00000000.00000000.00000000
simulation stage=stack280_1 position=00000000.3fb305bc.00000000 velocity=00000000.00000000.00000000
simulation stage=stack280_2 position=00000000.401638ef.00000000 velocity=00000000.00000000.00000000
simulation stage=stack281_0 position=00000000.3ee66666.00000000 velocity=00000000.00000000.00000000
simulation stage=stack281_1 position=00000000.3fb305bc.00000000 velocity=00000000.00000000.00000000
simulation stage=stack281_2 position=00000000.401638ef.00000000 velocity=00000000.00000000.00000000
simulation stage=stack282_0 position=00000000.3ee66666.00000000 velocity=00000000.00000000.00000000
simulation stage=stack282_1 position=00000000.3fb305bc.00000000 velocity=00000000.00000000.00000000
simulation stage=stack282_2 position=00000000.401638ef.00000000 velocity=00000000.00000000.00000000
simulation stage=stack283_0 position=00000000.3ee66666.00000000 velocity=00000000.00000000.00000000
simulation stage=stack283_1 position=00000000.3fb305bc.00000000 velocity=00000000.00000000.00000000
simulation stage=stack283_2 position=00000000.401638ef.00000000 velocity=00000000.00000000.00000000
simulation stage=stack284_0 position=00000000.3ee66666.00000000 velocity=00000000.00000000.00000000
simulation stage=stack284_1 position=00000000.3fb305bc.00000000 velocity=00000000.00000000.00000000
simulation stage=stack284_2 position=00000000.401638ef.00000000 velocity=00000000.00000000.00000000
simulation stage=stack285_0 position=00000000.3ee66666.00000000 velocity=00000000.00000000.00000000
simulation stage=stack285_1 position=00000000.3fb305bc.00000000 velocity=00000000.00000000.00000000
simulation stage=stack285_2 position=00000000.401638ef.00000000 velocity=00000000.00000000.00000000
simulation stage=stack286_0 position=00000000.3ee66666.00000000 velocity=00000000.00000000.00000000
simulation stage=stack286_1 position=00000000.3fb305bc.00000000 velocity=00000000.00000000.00000000
simulation stage=stack286_2 position=00000000.401638ef.00000000 velocity=00000000.00000000.00000000
simulation stage=stack287_0 position=00000000.3ee66666.00000000 velocity=00000000.00000000.00000000
simulation stage=stack287_1 position=00000000.3fb305bc.00000000 velocity=00000000.00000000.00000000
simulation stage=stack287_2 position=00000000.401638ef.00000000 velocity=00000000.00000000.00000000
simulation stage=stack288_0 position=00000000.3ee66666.00000000 velocity=00000000.00000000.00000000
simulation stage=stack288_1 position=00000000.3fb305bc.00000000 velocity=00000000.00000000.00000000
simulation stage=stack288_2 position=00000000.401638ef.00000000 velocity=00000000.00000000.00000000
simulation stage=stack289_0 position=00000000.3ee66666.00000000 velocity=00000000.00000000.00000000
simulation stage=stack289_1 position=00000000.3fb305bc.00000000 velocity=00000000.00000000.00000000
simulation stage=stack289_2 position=00000000.401638ef.00000000 velocity=00000000.00000000.00000000
simulation stage=stack290_0 position=00000000.3ee66666.00000000 velocity=00000000.00000000.00000000
simulation stage=stack290_1 position=00000000.3fb305bc.00000000 velocity=00000000.00000000.00000000
simulation stage=stack290_2 position=00000000.401638ef.00000000 velocity=00000000.00000000.00000000
simulation stage=stack291_0 position=00000000.3ee66666.00000000 velocity=00000000.00000000.00000000
simulation stage=stack291_1 position=00000000.3fb305bc.00000000 velocity=00000000.00000000.00000000
simulation stage=stack291_2 position=00000000.401638ef.00000000 velocity=00000000.00000000.00000000
simulation stage=stack292_0 position=00000000.3ee66666.00000000 velocity=00000000.00000000.00000000
simulation stage=stack292_1 position=00000000.3fb305bc.00000000 velocity=00000000.00000000.00000000
simulation stage=stack292_2 position=00000000.401638ef.00000000 velocity=00000000.00000000.00000000
simulation stage=stack293_0 position=00000000.3ee66666.00000000 velocity=00000000.00000000.00000000
simulation stage=stack293_1 position=00000000.3fb305bc.00000000 velocity=00000000.00000000.00000000
simulation stage=stack293_2 position=00000000.401638ef.00000000 velocity=00000000.00000000.00000000
simulation stage=stack294_0 position=00000000.3ee66666.00000000 velocity=00000000.00000000.00000000
simulation stage=stack294_1 position=00000000.3fb305bc.00000000 velocity=00000000.00000000.00000000
simulation stage=stack294_2 position=00000000.401638ef.00000000 velocity=00000000.00000000.00000000
simulation stage=stack295_0 position=00000000.3ee66666.00000000 velocity=00000000.00000000.00000000
simulation stage=stack295_1 position=00000000.3fb305bc.00000000 velocity=00000000.00000000.00000000
simulation stage=stack295_2 position=00000000.401638ef.00000000 velocity=00000000.00000000.00000000
simulation stage=stack296_0 position=00000000.3ee66666.00000000 velocity=00000000.00000000.00000000
simulation stage=stack296_1 position=00000000.3fb305bc.00000000 velocity=00000000.00000000.00000000
simulation stage=stack296_2 position=00000000.401638ef.00000000 velocity=00000000.00000000.00000000
simulation stage=stack297_0 position=00000000.3ee66666.00000000 velocity=00000000.00000000.00000000
simulation stage=stack297_1 position=00000000.3fb305bc.00000000 velocity=00000000.00000000.00000000
simulation stage=stack297_2 position=00000000.401638ef.00000000 velocity=00000000.00000000.00000000
simulation stage=stack298_0 position=00000000.3ee66666.00000000 velocity=00000000.00000000.00000000
simulation stage=stack298_1 position=00000000.3fb305bc.00000000 velocity=00000000.00000000.00000000
simulation stage=stack298_2 position=00000000.401638ef.00000000 velocity=00000000.00000000.00000000
simulation stage=stack299_0 position=00000000.3ee66666.00000000 velocity=00000000.00000000.00000000
simulation stage=stack299_1 position=00000000.3fb305bc.00000000 velocity=00000000.00000000.00000000
simulation stage=stack299_2 position=00000000.401638ef.00000000 velocity=00000000.00000000.00000000
simulation stage=stack300_0 position=00000000.3ee66666.00000000 velocity=00000000.00000000.00000000
simulation stage=stack300_1 position=00000000.3fb305bc.00000000 velocity=00000000.00000000.00000000
simulation stage=stack300_2 position=00000000.401638ef.00000000 velocity=00000000.00000000.00000000
simulation stage=stack301_0 position=00000000.3ee66666.00000000 velocity=00000000.00000000.00000000
simulation stage=stack301_1 position=00000000.3fb305bc.00000000 velocity=00000000.00000000.00000000
simulation stage=stack301_2 position=00000000.401638ef.00000000 velocity=00000000.00000000.00000000
simulation stage=stack302_0 position=00000000.3ee66666.00000000 velocity=00000000.00000000.00000000
simulation stage=stack302_1 position=00000000.3fb305bc.00000000 velocity=00000000.00000000.00000000
simulation stage=stack302_2 position=00000000.401638ef.00000000 velocity=00000000.00000000.00000000
simulation stage=stack303_0 position=00000000.3ee66666.00000000 velocity=00000000.00000000.00000000
simulation stage=stack303_1 position=00000000.3fb305bc.00000000 velocity=00000000.00000000.00000000
simulation stage=stack303_2 position=00000000.401638ef.00000000 velocity=00000000.00000000.00000000
simulation stage=stack304_0 position=00000000.3ee66666.00000000 velocity=00000000.00000000.00000000
simulation stage=stack304_1 position=00000000.3fb305bc.00000000 velocity=00000000.00000000.00000000
simulation stage=stack304_2 position=00000000.401638ef.00000000 velocity=00000000.00000000.00000000
simulation stage=stack305_0 position=00000000.3ee66666.00000000 velocity=00000000.00000000.00000000
simulation stage=stack305_1 position=00000000.3fb305bc.00000000 velocity=00000000.00000000.00000000
simulation stage=stack305_2 position=00000000.401638ef.00000000 velocity=00000000.00000000.00000000
simulation stage=stack306_0 position=00000000.3ee66666.00000000 velocity=00000000.00000000.00000000
simulation stage=stack306_1 position=00000000.3fb305bc.00000000 velocity=00000000.00000000.00000000
simulation stage=stack306_2 position=00000000.401638ef.00000000 velocity=00000000.00000000.00000000
simulation stage=stack307_0 position=00000000.3ee66666.00000000 velocity=00000000.00000000.00000000
simulation stage=stack307_1 position=00000000.3fb305bc.00000000 velocity=00000000.00000000.00000000
simulation stage=stack307_2 position=00000000.401638ef.00000000 velocity=00000000.00000000.00000000
simulation stage=stack308_0 position=00000000.3ee66666.00000000 velocity=00000000.00000000.00000000
simulation stage=stack308_1 position=00000000.3fb305bc.00000000 velocity=00000000.00000000.00000000
simulation stage=stack308_2 position=00000000.401638ef.00000000 velocity=00000000.00000000.00000000
simulation stage=stack309_0 position=00000000.3ee66666.00000000 velocity=00000000.00000000.00000000
simulation stage=stack309_1 position=00000000.3fb305bc.00000000 velocity=00000000.00000000.00000000
simulation stage=stack309_2 position=00000000.401638ef.00000000 velocity=00000000.00000000.00000000
simulation stage=stack310_0 position=00000000.3ee66666.00000000 velocity=00000000.00000000.00000000
simulation stage=stack310_1 position=00000000.3fb305bc.00000000 velocity=00000000.00000000.00000000
simulation stage=stack310_2 position=00000000.401638ef.00000000 velocity=00000000.00000000.00000000
simulation stage=stack311_0 position=00000000.3ee66666.00000000 velocity=00000000.00000000.00000000
simulation stage=stack311_1 position=00000000.3fb305bc.00000000 velocity=00000000.00000000.00000000
simulation stage=stack311_2 position=00000000.401638ef.00000000 velocity=00000000.00000000.00000000
simulation stage=stack312_0 position=00000000.3ee66666.00000000 velocity=00000000.00000000.00000000
simulation stage=stack312_1 position=00000000.3fb305bc.00000000 velocity=00000000.00000000.00000000
simulation stage=stack312_2 position=00000000.401638ef.00000000 velocity=00000000.00000000.00000000
simulation stage=stack313_0 position=00000000.3ee66666.00000000 velocity=00000000.00000000.00000000
simulation stage=stack313_1 position=00000000.3fb305bc.00000000 velocity=00000000.00000000.00000000
simulation stage=stack313_2 position=00000000.401638ef.00000000 velocity=00000000.00000000.00000000
simulation stage=stack314_0 position=00000000.3ee66666.00000000 velocity=00000000.00000000.00000000
simulation stage=stack314_1 position=00000000.3fb305bc.00000000 velocity=00000000.00000000.00000000
simulation stage=stack314_2 position=00000000.401638ef.00000000 velocity=00000000.00000000.00000000
simulation stage=stack315_0 position=00000000.3ee66666.00000000 velocity=00000000.00000000.00000000
simulation stage=stack315_1 position=00000000.3fb305bc.00000000 velocity=00000000.00000000.00000000
simulation stage=stack315_2 position=00000000.401638ef.00000000 velocity=00000000.00000000.00000000
simulation stage=stack316_0 position=00000000.3ee66666.00000000 velocity=00000000.00000000.00000000
simulation stage=stack316_1 position=00000000.3fb305bc.00000000 velocity=00000000.00000000.00000000
simulation stage=stack316_2 position=00000000.401638ef.00000000 velocity=00000000.00000000.00000000
simulation stage=stack317_0 position=00000000.3ee66666.00000000 velocity=00000000.00000000.00000000
simulation stage=stack317_1 position=00000000.3fb305bc.00000000 velocity=00000000.00000000.00000000
simulation stage=stack317_2 position=00000000.401638ef.00000000 velocity=00000000.00000000.00000000
simulation stage=stack318_0 position=00000000.3ee66666.00000000 velocity=00000000.00000000.00000000
simulation stage=stack318_1 position=00000000.3fb305bc.00000000 velocity=00000000.00000000.00000000
simulation stage=stack318_2 position=00000000.401638ef.00000000 velocity=00000000.00000000.00000000
simulation stage=stack319_0 position=00000000.3ee66666.00000000 velocity=00000000.00000000.00000000
simulation stage=stack319_1 position=00000000.3fb305bc.00000000 velocity=00000000.00000000.00000000
simulation stage=stack319_2 position=00000000.401638ef.00000000 velocity=00000000.00000000.00000000
simulation stage=stack320_0 position=00000000.3ee66666.00000000 velocity=00000000.00000000.00000000
simulation stage=stack320_1 position=00000000.3fb305bc.00000000 velocity=00000000.00000000.00000000
simulation stage=stack320_2 position=00000000.401638ef.00000000 velocity=00000000.00000000.00000000
simulation stage=stack321_0 position=00000000.3ee66666.00000000 velocity=00000000.00000000.00000000
simulation stage=stack321_1 position=00000000.3fb305bc.00000000 velocity=00000000.00000000.00000000
simulation stage=stack321_2 position=00000000.401638ef.00000000 velocity=00000000.00000000.00000000
simulation stage=stack322_0 position=00000000.3ee66666.00000000 velocity=00000000.00000000.00000000
simulation stage=stack322_1 position=00000000.3fb305bc.00000000 velocity=00000000.00000000.00000000
simulation stage=stack322_2 position=00000000.401638ef.00000000 velocity=00000000.00000000.00000000
simulation stage=stack323_0 position=00000000.3ee66666.00000000 velocity=00000000.00000000.00000000
simulation stage=stack323_1 position=00000000.3fb305bc.00000000 velocity=00000000.00000000.00000000
simulation stage=stack323_2 position=00000000.401638ef.00000000 velocity=00000000.00000000.00000000
simulation stage=stack324_0 position=00000000.3ee66666.00000000 velocity=00000000.00000000.00000000
simulation stage=stack324_1 position=00000000.3fb305bc.00000000 velocity=00000000.00000000.00000000
simulation stage=stack324_2 position=00000000.401638ef.00000000 velocity=00000000.00000000.00000000
simulation stage=stack325_0 position=00000000.3ee66666.00000000 velocity=00000000.00000000.00000000
simulation stage=stack325_1 position=00000000.3fb305bc.00000000 velocity=00000000.00000000.00000000
simulation stage=stack325_2 position=00000000.401638ef.00000000 velocity=00000000.00000000.00000000
simulation stage=stack326_0 position=00000000.3ee66666.00000000 velocity=00000000.00000000.00000000
simulation stage=stack326_1 position=00000000.3fb305bc.00000000 velocity=00000000.00000000.00000000
simulation stage=stack326_2 position=00000000.401638ef.00000000 velocity=00000000.00000000.00000000
simulation stage=stack327_0 position=00000000.3ee66666.00000000 velocity=00000000.00000000.00000000
simulation stage=stack327_1 position=00000000.3fb305bc.00000000 velocity=00000000.00000000.00000000
simulation stage=stack327_2 position=00000000.401638ef.00000000 velocity=00000000.00000000.00000000
simulation stage=stack328_0 position=00000000.3ee66666.00000000 velocity=00000000.00000000.00000000
simulation stage=stack328_1 position=00000000.3fb305bc.00000000 velocity=00000000.00000000.00000000
simulation stage=stack328_2 position=00000000.401638ef.00000000 velocity=00000000.00000000.00000000
simulation stage=stack329_0 position=00000000.3ee66666.00000000 velocity=00000000.00000000.00000000
simulation stage=stack329_1 position=00000000.3fb305bc.00000000 velocity=00000000.00000000.00000000
simulation stage=stack329_2 position=00000000.401638ef.00000000 velocity=00000000.00000000.00000000
simulation stage=stack330_0 position=00000000.3ee66666.00000000 velocity=00000000.00000000.00000000
simulation stage=stack330_1 position=00000000.3fb305bc.00000000 velocity=00000000.00000000.00000000
simulation stage=stack330_2 position=00000000.401638ef.00000000 velocity=00000000.00000000.00000000
simulation stage=stack331_0 position=00000000.3ee66666.00000000 velocity=00000000.00000000.00000000
simulation stage=stack331_1 position=00000000.3fb305bc.00000000 velocity=00000000.00000000.00000000
simulation stage=stack331_2 position=00000000.401638ef.00000000 velocity=00000000.00000000.00000000
simulation stage=stack332_0 position=00000000.3ee66666.00000000 velocity=00000000.00000000.00000000
simulation stage=stack332_1 position=00000000.3fb305bc.00000000 velocity=00000000.00000000.00000000
simulation stage=stack332_2 position=00000000.401638ef.00000000 velocity=00000000.00000000.00000000
simulation stage=stack333_0 position=00000000.3ee66666.00000000 velocity=00000000.00000000.00000000
simulation stage=stack333_1 position=00000000.3fb305bc.00000000 velocity=00000000.00000000.00000000
simulation stage=stack333_2 position=00000000.401638ef.00000000 velocity=00000000.00000000.00000000
simulation stage=stack334_0 position=00000000.3ee66666.00000000 velocity=00000000.00000000.00000000
simulation stage=stack334_1 position=00000000.3fb305bc.00000000 velocity=00000000.00000000.00000000
simulation stage=stack334_2 position=00000000.401638ef.00000000 velocity=00000000.00000000.00000000
simulation stage=stack335_0 position=00000000.3ee66666.00000000 velocity=00000000.00000000.00000000
simulation stage=stack335_1 position=00000000.3fb305bc.00000000 velocity=00000000.00000000.00000000
simulation stage=stack335_2 position=00000000.401638ef.00000000 velocity=00000000.00000000.00000000
simulation stage=stack336_0 position=00000000.3ee66666.00000000 velocity=00000000.00000000.00000000
simulation stage=stack336_1 position=00000000.3fb305bc.00000000 velocity=00000000.00000000.00000000
simulation stage=stack336_2 position=00000000.401638ef.00000000 velocity=00000000.00000000.00000000
simulation stage=stack337_0 position=00000000.3ee66666.00000000 velocity=00000000.00000000.00000000
simulation stage=stack337_1 position=00000000.3fb305bc.00000000 velocity=00000000.00000000.00000000
simulation stage=stack337_2 position=00000000.401638ef.00000000 velocity=00000000.00000000.00000000
simulation stage=stack338_0 position=00000000.3ee66666.00000000 velocity=00000000.00000000.00000000
simulation stage=stack338_1 position=00000000.3fb305bc.00000000 velocity=00000000.00000000.00000000
simulation stage=stack338_2 position=00000000.401638ef.00000000 velocity=00000000.00000000.00000000
simulation stage=stack339_0 position=00000000.3ee66666.00000000 velocity=00000000.00000000.00000000
simulation stage=stack339_1 position=00000000.3fb305bc.00000000 velocity=00000000.00000000.00000000
simulation stage=stack339_2 position=00000000.401638ef.00000000 velocity=00000000.00000000.00000000
simulation stage=stack340_0 position=00000000.3ee66666.00000000 velocity=00000000.00000000.00000000
simulation stage=stack340_1 position=00000000.3fb305bc.00000000 velocity=00000000.00000000.00000000
simulation stage=stack340_2 position=00000000.401638ef.00000000 velocity=00000000.00000000.00000000
simulation stage=stack341_0 position=00000000.3ee66666.00000000 velocity=00000000.00000000.00000000
simulation stage=stack341_1 position=00000000.3fb305bc.00000000 velocity=00000000.00000000.00000000
simulation stage=stack341_2 position=00000000.401638ef.00000000 velocity=00000000.00000000.00000000
simulation stage=stack342_0 position=00000000.3ee66666.00000000 velocity=00000000.00000000.00000000
simulation stage=stack342_1 position=00000000.3fb305bc.00000000 velocity=00000000.00000000.00000000
simulation stage=stack342_2 position=00000000.401638ef.00000000 velocity=00000000.00000000.00000000
simulation stage=stack343_0 position=00000000.3ee66666.00000000 velocity=00000000.00000000.00000000
simulation stage=stack343_1 position=00000000.3fb305bc.00000000 velocity=00000000.00000000.00000000
simulation stage=stack343_2 position=00000000.401638ef.00000000 velocity=00000000.00000000.00000000
simulation stage=stack344_0 position=00000000.3ee66666.00000000 velocity=00000000.00000000.00000000
simulation stage=stack344_1 position=00000000.3fb305bc.00000000 velocity=00000000.00000000.00000000
simulation stage=stack344_2 position=00000000.401638ef.00000000 velocity=00000000.00000000.00000000
simulation stage=stack345_0 position=00000000.3ee66666.00000000 velocity=00000000.00000000.00000000
simulation stage=stack345_1 position=00000000.3fb305bc.00000000 velocity=00000000.00000000.00000000
simulation stage=stack345_2 position=00000000.401638ef.00000000 velocity=00000000.00000000.00000000
simulation stage=stack346_0 position=00000000.3ee66666.00000000 velocity=00000000.00000000.00000000
simulation stage=stack346_1 position=00000000.3fb305bc.00000000 velocity=00000000.00000000.00000000
simulation stage=stack346_2 position=00000000.401638ef.00000000 velocity=00000000.00000000.00000000
simulation stage=stack347_0 position=00000000.3ee66666.00000000 velocity=00000000.00000000.00000000
simulation stage=stack347_1 position=00000000.3fb305bc.00000000 velocity=00000000.00000000.00000000
simulation stage=stack347_2 position=00000000.401638ef.00000000 velocity=00000000.00000000.00000000
simulation stage=stack348_0 position=00000000.3ee66666.00000000 velocity=00000000.00000000.00000000
simulation stage=stack348_1 position=00000000.3fb305bc.00000000 velocity=00000000.00000000.00000000
simulation stage=stack348_2 position=00000000.401638ef.00000000 velocity=00000000.00000000.00000000
simulation stage=stack349_0 position=00000000.3ee66666.00000000 velocity=00000000.00000000.00000000
simulation stage=stack349_1 position=00000000.3fb305bc.00000000 velocity=00000000.00000000.00000000
simulation stage=stack349_2 position=00000000.401638ef.00000000 velocity=00000000.00000000.00000000
simulation stage=stack350_0 position=00000000.3ee66666.00000000 velocity=00000000.00000000.00000000
simulation stage=stack350_1 position=00000000.3fb305bc.00000000 velocity=00000000.00000000.00000000
simulation stage=stack350_2 position=00000000.401638ef.00000000 velocity=00000000.00000000.00000000
simulation stage=stack351_0 position=00000000.3ee66666.00000000 velocity=00000000.00000000.00000000
simulation stage=stack351_1 position=00000000.3fb305bc.00000000 velocity=00000000.00000000.00000000
simulation stage=stack351_2 position=00000000.401638ef.00000000 velocity=00000000.00000000.00000000
simulation stage=stack352_0 position=00000000.3ee66666.00000000 velocity=00000000.00000000.00000000
simulation stage=stack352_1 position=00000000.3fb305bc.00000000 velocity=00000000.00000000.00000000
simulation stage=stack352_2 position=00000000.401638ef.00000000 velocity=00000000.00000000.00000000
simulation stage=stack353_0 position=00000000.3ee66666.00000000 velocity=00000000.00000000.00000000
simulation stage=stack353_1 position=00000000.3fb305bc.00000000 velocity=00000000.00000000.00000000
simulation stage=stack353_2 position=00000000.401638ef.00000000 velocity=00000000.00000000.00000000
simulation stage=stack354_0 position=00000000.3ee66666.00000000 velocity=00000000.00000000.00000000
simulation stage=stack354_1 position=00000000.3fb305bc.00000000 velocity=00000000.00000000.00000000
simulation stage=stack354_2 position=00000000.401638ef.00000000 velocity=00000000.00000000.00000000
simulation stage=stack355_0 position=00000000.3ee66666.00000000 velocity=00000000.00000000.00000000
simulation stage=stack355_1 position=00000000.3fb305bc.00000000 velocity=00000000.00000000.00000000
simulation stage=stack355_2 position=00000000.401638ef.00000000 velocity=00000000.00000000.00000000
simulation stage=stack356_0 position=00000000.3ee66666.00000000 velocity=00000000.00000000.00000000
simulation stage=stack356_1 position=00000000.3fb305bc.00000000 velocity=00000000.00000000.00000000
simulation stage=stack356_2 position=00000000.401638ef.00000000 velocity=00000000.00000000.00000000
simulation stage=stack357_0 position=00000000.3ee66666.00000000 velocity=00000000.00000000.00000000
simulation stage=stack357_1 position=00000000.3fb305bc.00000000 velocity=00000000.00000000.00000000
simulation stage=stack357_2 position=00000000.401638ef.00000000 velocity=00000000.00000000.00000000
simulation stage=stack358_0 position=00000000.3ee66666.00000000 velocity=00000000.00000000.00000000
simulation stage=stack358_1 position=00000000.3fb305bc.00000000 velocity=00000000.00000000.00000000
simulation stage=stack358_2 position=00000000.401638ef.00000000 velocity=00000000.00000000.00000000
simulation stage=stack359_0 position=00000000.3ee66666.00000000 velocity=00000000.00000000.00000000
simulation stage=stack359_1 position=00000000.3fb305bc.00000000 velocity=00000000.00000000.00000000
simulation stage=stack359_2 position=00000000.401638ef.00000000 velocity=00000000.00000000.00000000
simulation stage=stack360_0 position=00000000.3ee66666.00000000 velocity=00000000.00000000.00000000
simulation stage=stack360_1 position=00000000.3fb305bc.00000000 velocity=00000000.00000000.00000000
simulation stage=stack360_2 position=00000000.401638ef.00000000 velocity=00000000.00000000.00000000
simulation stage=stack361_0 position=00000000.3ee66666.00000000 velocity=00000000.00000000.00000000
simulation stage=stack361_1 position=00000000.3fb305bc.00000000 velocity=00000000.00000000.00000000
simulation stage=stack361_2 position=00000000.401638ef.00000000 velocity=00000000.00000000.00000000
simulation stage=stack362_0 position=00000000.3ee66666.00000000 velocity=00000000.00000000.00000000
simulation stage=stack362_1 position=00000000.3fb305bc.00000000 velocity=00000000.00000000.00000000
simulation stage=stack362_2 position=00000000.401638ef.00000000 velocity=00000000.00000000.00000000
simulation stage=stack363_0 position=00000000.3ee66666.00000000 velocity=00000000.00000000.00000000
simulation stage=stack363_1 position=00000000.3fb305bc.00000000 velocity=00000000.00000000.00000000
simulation stage=stack363_2 position=00000000.401638ef.00000000 velocity=00000000.00000000.00000000
simulation stage=stack364_0 position=00000000.3ee66666.00000000 velocity=00000000.00000000.00000000
simulation stage=stack364_1 position=00000000.3fb305bc.00000000 velocity=00000000.00000000.00000000
simulation stage=stack364_2 position=00000000.401638ef.00000000 velocity=00000000.00000000.00000000
simulation stage=stack365_0 position=00000000.3ee66666.00000000 velocity=00000000.00000000.00000000
simulation stage=stack365_1 position=00000000.3fb305bc.00000000 velocity=00000000.00000000.00000000
simulation stage=stack365_2 position=00000000.401638ef.00000000 velocity=00000000.00000000.00000000
simulation stage=stack366_0 position=00000000.3ee66666.00000000 velocity=00000000.00000000.00000000
simulation stage=stack366_1 position=00000000.3fb305bc.00000000 velocity=00000000.00000000.00000000
simulation stage=stack366_2 position=00000000.401638ef.00000000 velocity=00000000.00000000.00000000
simulation stage=stack367_0 position=00000000.3ee66666.00000000 velocity=00000000.00000000.00000000
simulation stage=stack367_1 position=00000000.3fb305bc.00000000 velocity=00000000.00000000.00000000
simulation stage=stack367_2 position=00000000.401638ef.00000000 velocity=00000000.00000000.00000000
simulation stage=stack368_0 position=00000000.3ee66666.00000000 velocity=00000000.00000000.00000000
simulation stage=stack368_1 position=00000000.3fb305bc.00000000 velocity=00000000.00000000.00000000
simulation stage=stack368_2 position=00000000.401638ef.00000000 velocity=00000000.00000000.00000000
simulation stage=stack369_0 position=00000000.3ee66666.00000000 velocity=00000000.00000000.00000000
simulation stage=stack369_1 position=00000000.3fb305bc.00000000 velocity=00000000.00000000.00000000
simulation stage=stack369_2 position=00000000.401638ef.00000000 velocity=00000000.00000000.00000000
simulation stage=stack370_0 position=00000000.3ee66666.00000000 velocity=00000000.00000000.00000000
simulation stage=stack370_1 position=00000000.3fb305bc.00000000 velocity=00000000.00000000.00000000
simulation stage=stack370_2 position=00000000.401638ef.00000000 velocity=00000000.00000000.00000000
simulation stage=stack371_0 position=00000000.3ee66666.00000000 velocity=00000000.00000000.00000000
simulation stage=stack371_1 position=00000000.3fb305bc.00000000 velocity=00000000.00000000.00000000
simulation stage=stack371_2 position=00000000.401638ef.00000000 velocity=00000000.00000000.00000000
simulation stage=stack372_0 position=00000000.3ee66666.00000000 velocity=00000000.00000000.00000000
simulation stage=stack372_1 position=00000000.3fb305bc.00000000 velocity=00000000.00000000.00000000
simulation stage=stack372_2 position=00000000.401638ef.00000000 velocity=00000000.00000000.00000000
simulation stage=stack373_0 position=00000000.3ee66666.00000000 velocity=00000000.00000000.00000000
simulation stage=stack373_1 position=00000000.3fb305bc.00000000 velocity=00000000.00000000.00000000
simulation stage=stack373_2 position=00000000.401638ef.00000000 velocity=00000000.00000000.00000000
simulation stage=stack374_0 position=00000000.3ee66666.00000000 velocity=00000000.00000000.00000000
simulation stage=stack374_1 position=00000000.3fb305bc.00000000 velocity=00000000.00000000.00000000
simulation stage=stack374_2 position=00000000.401638ef.00000000 velocity=00000000.00000000.00000000
simulation stage=stack375_0 position=00000000.3ee66666.00000000 velocity=00000000.00000000.00000000
simulation stage=stack375_1 position=00000000.3fb305bc.00000000 velocity=00000000.00000000.00000000
simulation stage=stack375_2 position=00000000.401638ef.00000000 velocity=00000000.00000000.00000000
simulation stage=stack376_0 position=00000000.3ee66666.00000000 velocity=00000000.00000000.00000000
simulation stage=stack376_1 position=00000000.3fb305bc.00000000 velocity=00000000.00000000.00000000
simulation stage=stack376_2 position=00000000.401638ef.00000000 velocity=00000000.00000000.00000000
simulation stage=stack377_0 position=00000000.3ee66666.00000000 velocity=00000000.00000000.00000000
simulation stage=stack377_1 position=00000000.3fb305bc.00000000 velocity=00000000.00000000.00000000
simulation stage=stack377_2 position=00000000.401638ef.00000000 velocity=00000000.00000000.00000000
simulation stage=stack378_0 position=00000000.3ee66666.00000000 velocity=00000000.00000000.00000000
simulation stage=stack378_1 position=00000000.3fb305bc.00000000 velocity=00000000.00000000.00000000
simulation stage=stack378_2 position=00000000.401638ef.00000000 velocity=00000000.00000000.00000000
simulation stage=stack379_0 position=00000000.3ee66666.00000000 velocity=00000000.00000000.00000000
simulation stage=stack379_1 position=00000000.3fb305bc.00000000 velocity=00000000.00000000.00000000
simulation stage=stack379_2 position=00000000.401638ef.00000000 velocity=00000000.00000000.00000000
simulation stage=stack380_0 position=00000000.3ee66666.00000000 velocity=00000000.00000000.00000000
simulation stage=stack380_1 position=00000000.3fb305bc.00000000 velocity=00000000.00000000.00000000
simulation stage=stack380_2 position=00000000.401638ef.00000000 velocity=00000000.00000000.00000000
simulation stage=stack381_0 position=00000000.3ee66666.00000000 velocity=00000000.00000000.00000000
simulation stage=stack381_1 position=00000000.3fb305bc.00000000 velocity=00000000.00000000.00000000
simulation stage=stack381_2 position=00000000.401638ef.00000000 velocity=00000000.00000000.00000000
simulation stage=stack382_0 position=00000000.3ee66666.00000000 velocity=00000000.00000000.00000000
simulation stage=stack382_1 position=00000000.3fb305bc.00000000 velocity=00000000.00000000.00000000
simulation stage=stack382_2 position=00000000.401638ef.00000000 velocity=00000000.00000000.00000000
simulation stage=stack383_0 position=00000000.3ee66666.00000000 velocity=00000000.00000000.00000000
simulation stage=stack383_1 position=00000000.3fb305bc.00000000 velocity=00000000.00000000.00000000
simulation stage=stack383_2 position=00000000.401638ef.00000000 velocity=00000000.00000000.00000000
simulation stage=stack384_0 position=00000000.3ee66666.00000000 velocity=00000000.00000000.00000000
simulation stage=stack384_1 position=00000000.3fb305bc.00000000 velocity=00000000.00000000.00000000
simulation stage=stack384_2 position=00000000.401638ef.00000000 velocity=00000000.00000000.00000000
simulation stage=stack385_0 position=00000000.3ee66666.00000000 velocity=00000000.00000000.00000000
simulation stage=stack385_1 position=00000000.3fb305bc.00000000 velocity=00000000.00000000.00000000
simulation stage=stack385_2 position=00000000.401638ef.00000000 velocity=00000000.00000000.00000000
simulation stage=stack386_0 position=00000000.3ee66666.00000000 velocity=00000000.00000000.00000000
simulation stage=stack386_1 position=00000000.3fb305bc.00000000 velocity=00000000.00000000.00000000
simulation stage=stack386_2 position=00000000.401638ef.00000000 velocity=00000000.00000000.00000000
simulation stage=stack387_0 position=00000000.3ee66666.00000000 velocity=00000000.00000000.00000000
simulation stage=stack387_1 position=00000000.3fb305bc.00000000 velocity=00000000.00000000.00000000
simulation stage=stack387_2 position=00000000.401638ef.00000000 velocity=00000000.00000000.00000000
simulation stage=stack388_0 position=00000000.3ee66666.00000000 velocity=00000000.00000000.00000000
simulation stage=stack388_1 position=00000000.3fb305bc.00000000 velocity=00000000.00000000.00000000
simulation stage=stack388_2 position=00000000.401638ef.00000000 velocity=00000000.00000000.00000000
simulation stage=stack389_0 position=00000000.3ee66666.00000000 velocity=00000000.00000000.00000000
simulation stage=stack389_1 position=00000000.3fb305bc.00000000 velocity=00000000.00000000.00000000
simulation stage=stack389_2 position=00000000.401638ef.00000000 velocity=00000000.00000000.00000000
simulation stage=stack390_0 position=00000000.3ee66666.00000000 velocity=00000000.00000000.00000000
simulation stage=stack390_1 position=00000000.3fb305bc.00000000 velocity=00000000.00000000.00000000
simulation stage=stack390_2 position=00000000.401638ef.00000000 velocity=00000000.00000000.00000000
simulation stage=stack391_0 position=00000000.3ee66666.00000000 velocity=00000000.00000000.00000000
simulation stage=stack391_1 position=00000000.3fb305bc.00000000 velocity=00000000.00000000.00000000
simulation stage=stack391_2 position=00000000.401638ef.00000000 velocity=00000000.00000000.00000000
simulation stage=stack392_0 position=00000000.3ee66666.00000000 velocity=00000000.00000000.00000000
simulation stage=stack392_1 position=00000000.3fb305bc.00000000 velocity=00000000.00000000.00000000
simulation stage=stack392_2 position=00000000.401638ef.00000000 velocity=00000000.00000000.00000000
simulation stage=stack393_0 position=00000000.3ee66666.00000000 velocity=00000000.00000000.00000000
simulation stage=stack393_1 position=00000000.3fb305bc.00000000 velocity=00000000.00000000.00000000
simulation stage=stack393_2 position=00000000.401638ef.00000000 velocity=00000000.00000000.00000000
simulation stage=stack394_0 position=00000000.3ee66666.00000000 velocity=00000000.00000000.00000000
simulation stage=stack394_1 position=00000000.3fb305bc.00000000 velocity=00000000.00000000.00000000
simulation stage=stack394_2 position=00000000.401638ef.00000000 velocity=00000000.00000000.00000000
simulation stage=stack395_0 position=00000000.3ee66666.00000000 velocity=00000000.00000000.00000000
simulation stage=stack395_1 position=00000000.3fb305bc.00000000 velocity=00000000.00000000.00000000
simulation stage=stack395_2 position=00000000.401638ef.00000000 velocity=00000000.00000000.00000000
simulation stage=stack396_0 position=00000000.3ee66666.00000000 velocity=00000000.00000000.00000000
simulation stage=stack396_1 position=00000000.3fb305bc.00000000 velocity=00000000.00000000.00000000
simulation stage=stack396_2 position=00000000.401638ef.00000000 velocity=00000000.00000000.00000000
simulation stage=stack397_0 position=00000000.3ee66666.00000000 velocity=00000000.00000000.00000000
simulation stage=stack397_1 position=00000000.3fb305bc.00000000 velocity=00000000.00000000.00000000
simulation stage=stack397_2 position=00000000.401638ef.00000000 velocity=00000000.00000000.00000000
simulation stage=stack398_0 position=00000000.3ee66666.00000000 velocity=00000000.00000000.00000000
simulation stage=stack398_1 position=00000000.3fb305bc.00000000 velocity=00000000.00000000.00000000
simulation stage=stack398_2 position=00000000.401638ef.00000000 velocity=00000000.00000000.00000000
simulation stage=stack399_0 position=00000000.3ee66666.00000000 velocity=00000000.00000000.00000000
simulation stage=stack399_1 position=00000000.3fb305bc.00000000 velocity=00000000.00000000.00000000
simulation stage=stack399_2 position=00000000.401638ef.00000000 velocity=00000000.00000000.00000000
simulation stage=stack400_0 position=00000000.3ee66666.00000000 velocity=00000000.00000000.00000000
simulation stage=stack400_1 position=00000000.3fb305bc.00000000 velocity=00000000.00000000.00000000
simulation stage=stack400_2 position=00000000.401638ef.00000000 velocity=00000000.00000000.00000000
simulation stage=stack401_0 position=00000000.3ee66666.00000000 velocity=00000000.00000000.00000000
simulation stage=stack401_1 position=00000000.3fb305bc.00000000 velocity=00000000.00000000.00000000
simulation stage=stack401_2 position=00000000.401638ef.00000000 velocity=00000000.00000000.00000000
simulation stage=stack402_0 position=00000000.3ee66666.00000000 velocity=00000000.00000000.00000000
simulation stage=stack402_1 position=00000000.3fb305bc.00000000 velocity=00000000.00000000.00000000
simulation stage=stack402_2 position=00000000.401638ef.00000000 velocity=00000000.00000000.00000000
simulation stage=stack403_0 position=00000000.3ee66666.00000000 velocity=00000000.00000000.00000000
simulation stage=stack403_1 position=00000000.3fb305bc.00000000 velocity=00000000.00000000.00000000
simulation stage=stack403_2 position=00000000.401638ef.00000000 velocity=00000000.00000000.00000000
simulation stage=stack404_0 position=00000000.3ee66666.00000000 velocity=00000000.00000000.00000000
simulation stage=stack404_1 position=00000000.3fb305bc.00000000 velocity=00000000.00000000.00000000
simulation stage=stack404_2 position=00000000.401638ef.00000000 velocity=00000000.00000000.00000000
simulation stage=stack405_0 position=00000000.3ee66666.00000000 velocity=00000000.00000000.00000000
simulation stage=stack405_1 position=00000000.3fb305bc.00000000 velocity=00000000.00000000.00000000
simulation stage=stack405_2 position=00000000.401638ef.00000000 velocity=00000000.00000000.00000000
simulation stage=stack406_0 position=00000000.3ee66666.00000000 velocity=00000000.00000000.00000000
simulation stage=stack406_1 position=00000000.3fb305bc.00000000 velocity=00000000.00000000.00000000
simulation stage=stack406_2 position=00000000.401638ef.00000000 velocity=00000000.00000000.00000000
simulation stage=stack407_0 position=00000000.3ee66666.00000000 velocity=00000000.00000000.00000000
simulation stage=stack407_1 position=00000000.3fb305bc.00000000 velocity=00000000.00000000.00000000
simulation stage=stack407_2 position=00000000.401638ef.00000000 velocity=00000000.00000000.00000000
simulation stage=stack408_0 position=00000000.3ee66666.00000000 velocity=00000000.00000000.00000000
simulation stage=stack408_1 position=00000000.3fb305bc.00000000 velocity=00000000.00000000.00000000
simulation stage=stack408_2 position=00000000.401638ef.00000000 velocity=00000000.00000000.00000000
simulation stage=stack409_0 position=00000000.3ee66666.00000000 velocity=00000000.00000000.00000000
simulation stage=stack409_1 position=00000000.3fb305bc.00000000 velocity=00000000.00000000.00000000
simulation stage=stack409_2 position=00000000.401638ef.00000000 velocity=00000000.00000000.00000000
simulation stage=stack410_0 position=00000000.3ee66666.00000000 velocity=00000000.00000000.00000000
simulation stage=stack410_1 position=00000000.3fb305bc.00000000 velocity=00000000.00000000.00000000
simulation stage=stack410_2 position=00000000.401638ef.00000000 velocity=00000000.00000000.00000000
simulation stage=stack411_0 position=00000000.3ee66666.00000000 velocity=00000000.00000000.00000000
simulation stage=stack411_1 position=00000000.3fb305bc.00000000 velocity=00000000.00000000.00000000
simulation stage=stack411_2 position=00000000.401638ef.00000000 velocity=00000000.00000000.00000000
simulation stage=stack412_0 position=00000000.3ee66666.00000000 velocity=00000000.00000000.00000000
simulation stage=stack412_1 position=00000000.3fb305bc.00000000 velocity=00000000.00000000.00000000
simulation stage=stack412_2 position=00000000.401638ef.00000000 velocity=00000000.00000000.00000000
simulation stage=stack413_0 position=00000000.3ee66666.00000000 velocity=00000000.00000000.00000000
simulation stage=stack413_1 position=00000000.3fb305bc.00000000 velocity=00000000.00000000.00000000
simulation stage=stack413_2 position=00000000.401638ef.00000000 velocity=00000000.00000000.00000000
simulation stage=stack414_0 position=00000000.3ee66666.00000000 velocity=00000000.00000000.00000000
simulation stage=stack414_1 position=00000000.3fb305bc.00000000 velocity=00000000.00000000.00000000
simulation stage=stack414_2 position=00000000.401638ef.00000000 velocity=00000000.00000000.00000000
simulation stage=stack415_0 position=00000000.3ee66666.00000000 velocity=00000000.00000000.00000000
simulation stage=stack415_1 position=00000000.3fb305bc.00000000 velocity=00000000.00000000.00000000
simulation stage=stack415_2 position=00000000.401638ef.00000000 velocity=00000000.00000000.00000000
simulation stage=stack416_0 position=00000000.3ee66666.00000000 velocity=00000000.00000000.00000000
simulation stage=stack416_1 position=00000000.3fb305bc.00000000 velocity=00000000.00000000.00000000
simulation stage=stack416_2 position=00000000.401638ef.00000000 velocity=00000000.00000000.00000000
simulation stage=stack417_0 position=00000000.3ee66666.00000000 velocity=00000000.00000000.00000000
simulation stage=stack417_1 position=00000000.3fb305bc.00000000 velocity=00000000.00000000.00000000
simulation stage=stack417_2 position=00000000.401638ef.00000000 velocity=00000000.00000000.00000000
simulation stage=stack418_0 position=00000000.3ee66666.00000000 velocity=00000000.00000000.00000000
simulation stage=stack418_1 position=00000000.3fb305bc.00000000 velocity=00000000.00000000.00000000
simulation stage=stack418_2 position=00000000.401638ef.00000000 velocity=00000000.00000000.00000000
simulation stage=stack419_0 position=00000000.3ee66666.00000000 velocity=00000000.00000000.00000000
simulation stage=stack419_1 position=00000000.3fb305bc.00000000 velocity=00000000.00000000.00000000
simulation stage=stack419_2 position=00000000.401638ef.00000000 velocity=00000000.00000000.00000000
simulation stage=stack420_0 position=00000000.3ee66666.00000000 velocity=00000000.00000000.00000000
simulation stage=stack420_1 position=00000000.3fb305bc.00000000 velocity=00000000.00000000.00000000
simulation stage=stack420_2 position=00000000.401638ef.00000000 velocity=00000000.00000000.00000000
simulation stage=stack421_0 position=00000000.3ee66666.00000000 velocity=00000000.00000000.00000000
simulation stage=stack421_1 position=00000000.3fb305bc.00000000 velocity=00000000.00000000.00000000
simulation stage=stack421_2 position=00000000.401638ef.00000000 velocity=00000000.00000000.00000000
simulation stage=stack422_0 position=00000000.3ee66666.00000000 velocity=00000000.00000000.00000000
simulation stage=stack422_1 position=00000000.3fb305bc.00000000 velocity=00000000.00000000.00000000
simulation stage=stack422_2 position=00000000.401638ef.00000000 velocity=00000000.00000000.00000000
simulation stage=stack423_0 position=00000000.3ee66666.00000000 velocity=00000000.00000000.00000000
simulation stage=stack423_1 position=00000000.3fb305bc.00000000 velocity=00000000.00000000.00000000
simulation stage=stack423_2 position=00000000.401638ef.00000000 velocity=00000000.00000000.00000000
simulation stage=stack424_0 position=00000000.3ee66666.00000000 velocity=00000000.00000000.00000000
simulation stage=stack424_1 position=00000000.3fb305bc.00000000 velocity=00000000.00000000.00000000
simulation stage=stack424_2 position=00000000.401638ef.00000000 velocity=00000000.00000000.00000000
simulation stage=stack425_0 position=00000000.3ee66666.00000000 velocity=00000000.00000000.00000000
simulation stage=stack425_1 position=00000000.3fb305bc.00000000 velocity=00000000.00000000.00000000
simulation stage=stack425_2 position=00000000.401638ef.00000000 velocity=00000000.00000000.00000000
simulation stage=stack426_0 position=00000000.3ee66666.00000000 velocity=00000000.00000000.00000000
simulation stage=stack426_1 position=00000000.3fb305bc.00000000 velocity=00000000.00000000.00000000
simulation stage=stack426_2 position=00000000.401638ef.00000000 velocity=00000000.00000000.00000000
simulation stage=stack427_0 position=00000000.3ee66666.00000000 velocity=00000000.00000000.00000000
simulation stage=stack427_1 position=00000000.3fb305bc.00000000 velocity=00000000.00000000.00000000
simulation stage=stack427_2 position=00000000.401638ef.00000000 velocity=00000000.00000000.00000000
simulation stage=stack428_0 position=00000000.3ee66666.00000000 velocity=00000000.00000000.00000000
simulation stage=stack428_1 position=00000000.3fb305bc.00000000 velocity=00000000.00000000.00000000
simulation stage=stack428_2 position=00000000.401638ef.00000000 velocity=00000000.00000000.00000000
simulation stage=stack429_0 position=00000000.3ee66666.00000000 velocity=00000000.00000000.00000000
simulation stage=stack429_1 position=00000000.3fb305bc.00000000 velocity=00000000.00000000.00000000
simulation stage=stack429_2 position=00000000.401638ef.00000000 velocity=00000000.00000000.00000000
simulation stage=stack430_0 position=00000000.3ee66666.00000000 velocity=00000000.00000000.00000000
simulation stage=stack430_1 position=00000000.3fb305bc.00000000 velocity=00000000.00000000.00000000
simulation stage=stack430_2 position=00000000.401638ef.00000000 velocity=00000000.00000000.00000000
simulation stage=stack431_0 position=00000000.3ee66666.00000000 velocity=00000000.00000000.00000000
simulation stage=stack431_1 position=00000000.3fb305bc.00000000 velocity=00000000.00000000.00000000
simulation stage=stack431_2 position=00000000.401638ef.00000000 velocity=00000000.00000000.00000000
simulation stage=stack432_0 position=00000000.3ee66666.00000000 velocity=00000000.00000000.00000000
simulation stage=stack432_1 position=00000000.3fb305bc.00000000 velocity=00000000.00000000.00000000
simulation stage=stack432_2 position=00000000.401638ef.00000000 velocity=00000000.00000000.00000000
simulation stage=stack433_0 position=00000000.3ee66666.00000000 velocity=00000000.00000000.00000000
simulation stage=stack433_1 position=00000000.3fb305bc.00000000 velocity=00000000.00000000.00000000
simulation stage=stack433_2 position=00000000.401638ef.00000000 velocity=00000000.00000000.00000000
simulation stage=stack434_0 position=00000000.3ee66666.00000000 velocity=00000000.00000000.00000000
simulation stage=stack434_1 position=00000000.3fb305bc.00000000 velocity=00000000.00000000.00000000
simulation stage=stack434_2 position=00000000.401638ef.00000000 velocity=00000000.00000000.00000000
simulation stage=stack435_0 position=00000000.3ee66666.00000000 velocity=00000000.00000000.00000000
simulation stage=stack435_1 position=00000000.3fb305bc.00000000 velocity=00000000.00000000.00000000
simulation stage=stack435_2 position=00000000.401638ef.00000000 velocity=00000000.00000000.00000000
simulation stage=stack436_0 position=00000000.3ee66666.00000000 velocity=00000000.00000000.00000000
simulation stage=stack436_1 position=00000000.3fb305bc.00000000 velocity=00000000.00000000.00000000
simulation stage=stack436_2 position=00000000.401638ef.00000000 velocity=00000000.00000000.00000000
simulation stage=stack437_0 position=00000000.3ee66666.00000000 velocity=00000000.00000000.00000000
simulation stage=stack437_1 position=00000000.3fb305bc.00000000 velocity=00000000.00000000.00000000
simulation stage=stack437_2 position=00000000.401638ef.00000000 velocity=00000000.00000000.00000000
simulation stage=stack438_0 position=00000000.3ee66666.00000000 velocity=00000000.00000000.00000000
simulation stage=stack438_1 position=00000000.3fb305bc.00000000 velocity=00000000.00000000.00000000
simulation stage=stack438_2 position=00000000.401638ef.00000000 velocity=00000000.00000000.00000000
simulation stage=stack439_0 position=00000000.3ee66666.00000000 velocity=00000000.00000000.00000000
simulation stage=stack439_1 position=00000000.3fb305bc.00000000 velocity=00000000.00000000.00000000
simulation stage=stack439_2 position=00000000.401638ef.00000000 velocity=00000000.00000000.00000000
simulation stage=stack440_0 position=00000000.3ee66666.00000000 velocity=00000000.00000000.00000000
simulation stage=stack440_1 position=00000000.3fb305bc.00000000 velocity=00000000.00000000.00000000
simulation stage=stack440_2 position=00000000.401638ef.00000000 velocity=00000000.00000000.00000000
simulation stage=stack441_0 position=00000000.3ee66666.00000000 velocity=00000000.00000000.00000000
simulation stage=stack441_1 position=00000000.3fb305bc.00000000 velocity=00000000.00000000.00000000
simulation stage=stack441_2 position=00000000.401638ef.00000000 velocity=00000000.00000000.00000000
simulation stage=stack442_0 position=00000000.3ee66666.00000000 velocity=00000000.00000000.00000000
simulation stage=stack442_1 position=00000000.3fb305bc.00000000 velocity=00000000.00000000.00000000
simulation stage=stack442_2 position=00000000.401638ef.00000000 velocity=00000000.00000000.00000000
simulation stage=stack443_0 position=00000000.3ee66666.00000000 velocity=00000000.00000000.00000000
simulation stage=stack443_1 position=00000000.3fb305bc.00000000 velocity=00000000.00000000.00000000
simulation stage=stack443_2 position=00000000.401638ef.00000000 velocity=00000000.00000000.00000000
simulation stage=stack444_0 position=00000000.3ee66666.00000000 velocity=00000000.00000000.00000000
simulation stage=stack444_1 position=00000000.3fb305bc.00000000 velocity=00000000.00000000.00000000
simulation stage=stack444_2 position=00000000.401638ef.00000000 velocity=00000000.00000000.00000000
simulation stage=stack445_0 position=00000000.3ee66666.00000000 velocity=00000000.00000000.00000000
simulation stage=stack445_1 position=00000000.3fb305bc.00000000 velocity=00000000.00000000.00000000
simulation stage=stack445_2 position=00000000.401638ef.00000000 velocity=00000000.00000000.00000000
simulation stage=stack446_0 position=00000000.3ee66666.00000000 velocity=00000000.00000000.00000000
simulation stage=stack446_1 position=00000000.3fb305bc.00000000 velocity=00000000.00000000.00000000
simulation stage=stack446_2 position=00000000.401638ef.00000000 velocity=00000000.00000000.00000000
simulation stage=stack447_0 position=00000000.3ee66666.00000000 velocity=00000000.00000000.00000000
simulation stage=stack447_1 position=00000000.3fb305bc.00000000 velocity=00000000.00000000.00000000
simulation stage=stack447_2 position=00000000.401638ef.00000000 velocity=00000000.00000000.00000000
simulation stage=stack448_0 position=00000000.3ee66666.00000000 velocity=00000000.00000000.00000000
simulation stage=stack448_1 position=00000000.3fb305bc.00000000 velocity=00000000.00000000.00000000
simulation stage=stack448_2 position=00000000.401638ef.00000000 velocity=00000000.00000000.00000000
simulation stage=stack449_0 position=00000000.3ee66666.00000000 velocity=00000000.00000000.00000000
simulation stage=stack449_1 position=00000000.3fb305bc.00000000 velocity=00000000.00000000.00000000
simulation stage=stack449_2 position=00000000.401638ef.00000000 velocity=00000000.00000000.00000000
simulation stage=stack450_0 position=00000000.3ee66666.00000000 velocity=00000000.00000000.00000000
simulation stage=stack450_1 position=00000000.3fb305bc.00000000 velocity=00000000.00000000.00000000
simulation stage=stack450_2 position=00000000.401638ef.00000000 velocity=00000000.00000000.00000000
simulation stage=stack451_0 position=00000000.3ee66666.00000000 velocity=00000000.00000000.00000000
simulation stage=stack451_1 position=00000000.3fb305bc.00000000 velocity=00000000.00000000.00000000
simulation stage=stack451_2 position=00000000.401638ef.00000000 velocity=00000000.00000000.00000000
simulation stage=stack452_0 position=00000000.3ee66666.00000000 velocity=00000000.00000000.00000000
simulation stage=stack452_1 position=00000000.3fb305bc.00000000 velocity=00000000.00000000.00000000
simulation stage=stack452_2 position=00000000.401638ef.00000000 velocity=00000000.00000000.00000000
simulation stage=stack453_0 position=00000000.3ee66666.00000000 velocity=00000000.00000000.00000000
simulation stage=stack453_1 position=00000000.3fb305bc.00000000 velocity=00000000.00000000.00000000
simulation stage=stack453_2 position=00000000.401638ef.00000000 velocity=00000000.00000000.00000000
simulation stage=stack454_0 position=00000000.3ee66666.00000000 velocity=00000000.00000000.00000000
simulation stage=stack454_1 position=00000000.3fb305bc.00000000 velocity=00000000.00000000.00000000
simulation stage=stack454_2 position=00000000.401638ef.00000000 velocity=00000000.00000000.00000000
simulation stage=stack455_0 position=00000000.3ee66666.00000000 velocity=00000000.00000000.00000000
simulation stage=stack455_1 position=00000000.3fb305bc.00000000 velocity=00000000.00000000.00000000
simulation stage=stack455_2 position=00000000.401638ef.00000000 velocity=00000000.00000000.00000000
simulation stage=stack456_0 position=00000000.3ee66666.00000000 velocity=00000000.00000000.00000000
simulation stage=stack456_1 position=00000000.3fb305bc.00000000 velocity=00000000.00000000.00000000
simulation stage=stack456_2 position=00000000.401638ef.00000000 velocity=00000000.00000000.00000000
simulation stage=stack457_0 position=00000000.3ee66666.00000000 velocity=00000000.00000000.00000000
simulation stage=stack457_1 position=00000000.3fb305bc.00000000 velocity=00000000.00000000.00000000
simulation stage=stack457_2 position=00000000.401638ef.00000000 velocity=00000000.00000000.00000000
simulation stage=stack458_0 position=00000000.3ee66666.00000000 velocity=00000000.00000000.00000000
simulation stage=stack458_1 position=00000000.3fb305bc.00000000 velocity=00000000.00000000.00000000
simulation stage=stack458_2 position=00000000.401638ef.00000000 velocity=00000000.00000000.00000000
simulation stage=stack459_0 position=00000000.3ee66666.00000000 velocity=00000000.00000000.00000000
simulation stage=stack459_1 position=00000000.3fb305bc.00000000 velocity=00000000.00000000.00000000
simulation stage=stack459_2 position=00000000.401638ef.00000000 velocity=00000000.00000000.00000000
simulation stage=stack460_0 position=00000000.3ee66666.00000000 velocity=00000000.00000000.00000000
simulation stage=stack460_1 position=00000000.3fb305bc.00000000 velocity=00000000.00000000.00000000
simulation stage=stack460_2 position=00000000.401638ef.00000000 velocity=00000000.00000000.00000000
simulation stage=stack461_0 position=00000000.3ee66666.00000000 velocity=00000000.00000000.00000000
simulation stage=stack461_1 position=00000000.3fb305bc.00000000 velocity=00000000.00000000.00000000
simulation stage=stack461_2 position=00000000.401638ef.00000000 velocity=00000000.00000000.00000000
simulation stage=stack462_0 position=00000000.3ee66666.00000000 velocity=00000000.00000000.00000000
simulation stage=stack462_1 position=00000000.3fb305bc.00000000 velocity=00000000.00000000.00000000
simulation stage=stack462_2 position=00000000.401638ef.00000000 velocity=00000000.00000000.00000000
simulation stage=stack463_0 position=00000000.3ee66666.00000000 velocity=00000000.00000000.00000000
simulation stage=stack463_1 position=00000000.3fb305bc.00000000 velocity=00000000.00000000.00000000
simulation stage=stack463_2 position=00000000.401638ef.00000000 velocity=00000000.00000000.00000000
simulation stage=stack464_0 position=00000000.3ee66666.00000000 velocity=00000000.00000000.00000000
simulation stage=stack464_1 position=00000000.3fb305bc.00000000 velocity=00000000.00000000.00000000
simulation stage=stack464_2 position=00000000.401638ef.00000000 velocity=00000000.00000000.00000000
simulation stage=stack465_0 position=00000000.3ee66666.00000000 velocity=00000000.00000000.00000000
simulation stage=stack465_1 position=00000000.3fb305bc.00000000 velocity=00000000.00000000.00000000
simulation stage=stack465_2 position=00000000.401638ef.00000000 velocity=00000000.00000000.00000000
simulation stage=stack466_0 position=00000000.3ee66666.00000000 velocity=00000000.00000000.00000000
simulation stage=stack466_1 position=00000000.3fb305bc.00000000 velocity=00000000.00000000.00000000
simulation stage=stack466_2 position=00000000.401638ef.00000000 velocity=00000000.00000000.00000000
simulation stage=stack467_0 position=00000000.3ee66666.00000000 velocity=00000000.00000000.00000000
simulation stage=stack467_1 position=00000000.3fb305bc.00000000 velocity=00000000.00000000.00000000
simulation stage=stack467_2 position=00000000.401638ef.00000000 velocity=00000000.00000000.00000000
simulation stage=stack468_0 position=00000000.3ee66666.00000000 velocity=00000000.00000000.00000000
simulation stage=stack468_1 position=00000000.3fb305bc.00000000 velocity=00000000.00000000.00000000
simulation stage=stack468_2 position=00000000.401638ef.00000000 velocity=00000000.00000000.00000000
simulation stage=stack469_0 position=00000000.3ee66666.00000000 velocity=00000000.00000000.00000000
simulation stage=stack469_1 position=00000000.3fb305bc.00000000 velocity=00000000.00000000.00000000
simulation stage=stack469_2 position=00000000.401638ef.00000000 velocity=00000000.00000000.00000000
simulation stage=stack470_0 position=00000000.3ee66666.00000000 velocity=00000000.00000000.00000000
simulation stage=stack470_1 position=00000000.3fb305bc.00000000 velocity=00000000.00000000.00000000
simulation stage=stack470_2 position=00000000.401638ef.00000000 velocity=00000000.00000000.00000000
simulation stage=stack471_0 position=00000000.3ee66666.00000000 velocity=00000000.00000000.00000000
simulation stage=stack471_1 position=00000000.3fb305bc.00000000 velocity=00000000.00000000.00000000
simulation stage=stack471_2 position=00000000.401638ef.00000000 velocity=00000000.00000000.00000000
simulation stage=stack472_0 position=00000000.3ee66666.00000000 velocity=00000000.00000000.00000000
simulation stage=stack472_1 position=00000000.3fb305bc.00000000 velocity=00000000.00000000.00000000
simulation stage=stack472_2 position=00000000.401638ef.00000000 velocity=00000000.00000000.00000000
simulation stage=stack473_0 position=00000000.3ee66666.00000000 velocity=00000000.00000000.00000000
simulation stage=stack473_1 position=00000000.3fb305bc.00000000 velocity=00000000.00000000.00000000
simulation stage=stack473_2 position=00000000.401638ef.00000000 velocity=00000000.00000000.00000000
simulation stage=stack474_0 position=00000000.3ee66666.00000000 velocity=00000000.00000000.00000000
simulation stage=stack474_1 position=00000000.3fb305bc.00000000 velocity=00000000.00000000.00000000
simulation stage=stack474_2 position=00000000.401638ef.00000000 velocity=00000000.00000000.00000000
simulation stage=stack475_0 position=00000000.3ee66666.00000000 velocity=00000000.00000000.00000000
simulation stage=stack475_1 position=00000000.3fb305bc.00000000 velocity=00000000.00000000.00000000
simulation stage=stack475_2 position=00000000.401638ef.00000000 velocity=00000000.00000000.00000000
simulation stage=stack476_0 position=00000000.3ee66666.00000000 velocity=00000000.00000000.00000000
simulation stage=stack476_1 position=00000000.3fb305bc.00000000 velocity=00000000.00000000.00000000
simulation stage=stack476_2 position=00000000.401638ef.00000000 velocity=00000000.00000000.00000000
simulation stage=stack477_0 position=00000000.3ee66666.00000000 velocity=00000000.00000000.00000000
simulation stage=stack477_1 position=00000000.3fb305bc.00000000 velocity=00000000.00000000.00000000
simulation stage=stack477_2 position=00000000.401638ef.00000000 velocity=00000000.00000000.00000000
simulation stage=stack478_0 position=00000000.3ee66666.00000000 velocity=00000000.00000000.00000000
simulation stage=stack478_1 position=00000000.3fb305bc.00000000 velocity=00000000.00000000.00000000
simulation stage=stack478_2 position=00000000.401638ef.00000000 velocity=00000000.00000000.00000000
simulation stage=stack479_0 position=00000000.3ee66666.00000000 velocity=00000000.00000000.00000000
simulation stage=stack479_1 position=00000000.3fb305bc.00000000 velocity=00000000.00000000.00000000
simulation stage=stack479_2 position=00000000.401638ef.00000000 velocity=00000000.00000000.00000000
simulation stage=stack480_0 position=00000000.3ee66666.00000000 velocity=00000000.00000000.00000000
simulation stage=stack480_1 position=00000000.3fb305bc.00000000 velocity=00000000.00000000.00000000
simulation stage=stack480_2 position=00000000.401638ef.00000000 velocity=00000000.00000000.00000000
simulation stage=stack481_0 position=00000000.3ee66666.00000000 velocity=00000000.00000000.00000000
simulation stage=stack481_1 position=00000000.3fb305bc.00000000 velocity=00000000.00000000.00000000
simulation stage=stack481_2 position=00000000.401638ef.00000000 velocity=00000000.00000000.00000000
simulation stage=stack482_0 position=00000000.3ee66666.00000000 velocity=00000000.00000000.00000000
simulation stage=stack482_1 position=00000000.3fb305bc.00000000 velocity=00000000.00000000.00000000
simulation stage=stack482_2 position=00000000.401638ef.00000000 velocity=00000000.00000000.00000000
simulation stage=stack483_0 position=00000000.3ee66666.00000000 velocity=00000000.00000000.00000000
simulation stage=stack483_1 position=00000000.3fb305bc.00000000 velocity=00000000.00000000.00000000
simulation stage=stack483_2 position=00000000.401638ef.00000000 velocity=00000000.00000000.00000000
simulation stage=stack484_0 position=00000000.3ee66666.00000000 velocity=00000000.00000000.00000000
simulation stage=stack484_1 position=00000000.3fb305bc.00000000 velocity=00000000.00000000.00000000
simulation stage=stack484_2 position=00000000.401638ef.00000000 velocity=00000000.00000000.00000000
simulation stage=stack485_0 position=00000000.3ee66666.00000000 velocity=00000000.00000000.00000000
simulation stage=stack485_1 position=00000000.3fb305bc.00000000 velocity=00000000.00000000.00000000
simulation stage=stack485_2 position=00000000.401638ef.00000000 velocity=00000000.00000000.00000000
simulation stage=stack486_0 position=00000000.3ee66666.00000000 velocity=00000000.00000000.00000000
simulation stage=stack486_1 position=00000000.3fb305bc.00000000 velocity=00000000.00000000.00000000
simulation stage=stack486_2 position=00000000.401638ef.00000000 velocity=00000000.00000000.00000000
simulation stage=stack487_0 position=00000000.3ee66666.00000000 velocity=00000000.00000000.00000000
simulation stage=stack487_1 position=00000000.3fb305bc.00000000 velocity=00000000.00000000.00000000
simulation stage=stack487_2 position=00000000.401638ef.00000000 velocity=00000000.00000000.00000000
simulation stage=stack488_0 position=00000000.3ee66666.00000000 velocity=00000000.00000000.00000000
simulation stage=stack488_1 position=00000000.3fb305bc.00000000 velocity=00000000.00000000.00000000
simulation stage=stack488_2 position=00000000.401638ef.00000000 velocity=00000000.00000000.00000000
simulation stage=stack489_0 position=00000000.3ee66666.00000000 velocity=00000000.00000000.00000000
simulation stage=stack489_1 position=00000000.3fb305bc.00000000 velocity=00000000.00000000.00000000
simulation stage=stack489_2 position=00000000.401638ef.00000000 velocity=00000000.00000000.00000000
simulation stage=stack490_0 position=00000000.3ee66666.00000000 velocity=00000000.00000000.00000000
simulation stage=stack490_1 position=00000000.3fb305bc.00000000 velocity=00000000.00000000.00000000
simulation stage=stack490_2 position=00000000.401638ef.00000000 velocity=00000000.00000000.00000000
simulation stage=stack491_0 position=00000000.3ee66666.00000000 velocity=00000000.00000000.00000000
simulation stage=stack491_1 position=00000000.3fb305bc.00000000 velocity=00000000.00000000.00000000
simulation stage=stack491_2 position=00000000.401638ef.00000000 velocity=00000000.00000000.00000000
simulation stage=stack492_0 position=00000000.3ee66666.00000000 velocity=00000000.00000000.00000000
simulation stage=stack492_1 position=00000000.3fb305bc.00000000 velocity=00000000.00000000.00000000
simulation stage=stack492_2 position=00000000.401638ef.00000000 velocity=00000000.00000000.00000000
simulation stage=stack493_0 position=00000000.3ee66666.00000000 velocity=00000000.00000000.00000000
simulation stage=stack493_1 position=00000000.3fb305bc.00000000 velocity=00000000.00000000.00000000
simulation stage=stack493_2 position=00000000.401638ef.00000000 velocity=00000000.00000000.00000000
simulation stage=stack494_0 position=00000000.3ee66666.00000000 velocity=00000000.00000000.00000000
simulation stage=stack494_1 position=00000000.3fb305bc.00000000 velocity=00000000.00000000.00000000
simulation stage=stack494_2 position=00000000.401638ef.00000000 velocity=00000000.00000000.00000000
simulation stage=stack495_0 position=00000000.3ee66666.00000000 velocity=00000000.00000000.00000000
simulation stage=stack495_1 position=00000000.3fb305bc.00000000 velocity=00000000.00000000.00000000
simulation stage=stack495_2 position=00000000.401638ef.00000000 velocity=00000000.00000000.00000000
simulation stage=stack496_0 position=00000000.3ee66666.00000000 velocity=00000000.00000000.00000000
simulation stage=stack496_1 position=00000000.3fb305bc.00000000 velocity=00000000.00000000.00000000
simulation stage=stack496_2 position=00000000.401638ef.00000000 velocity=00000000.00000000.00000000
simulation stage=stack497_0 position=00000000.3ee66666.00000000 velocity=00000000.00000000.00000000
simulation stage=stack497_1 position=00000000.3fb305bc.00000000 velocity=00000000.00000000.00000000
simulation stage=stack497_2 position=00000000.401638ef.00000000 velocity=00000000.00000000.00000000
simulation stage=stack498_0 position=00000000.3ee66666.00000000 velocity=00000000.00000000.00000000
simulation stage=stack498_1 position=00000000.3fb305bc.00000000 velocity=00000000.00000000.00000000
simulation stage=stack498_2 position=00000000.401638ef.00000000 velocity=00000000.00000000.00000000
simulation stage=stack499_0 position=00000000.3ee66666.00000000 velocity=00000000.00000000.00000000
simulation stage=stack499_1 position=00000000.3fb305bc.00000000 velocity=00000000.00000000.00000000
simulation stage=stack499_2 position=00000000.401638ef.00000000 velocity=00000000.00000000.00000000
simulation stage=stack500_0 position=00000000.3ee66666.00000000 velocity=00000000.00000000.00000000
simulation stage=stack500_1 position=00000000.3fb305bc.00000000 velocity=00000000.00000000.00000000
simulation stage=stack500_2 position=00000000.401638ef.00000000 velocity=00000000.00000000.00000000
simulation stage=stack501_0 position=00000000.3ee66666.00000000 velocity=00000000.00000000.00000000
simulation stage=stack501_1 position=00000000.3fb305bc.00000000 velocity=00000000.00000000.00000000
simulation stage=stack501_2 position=00000000.401638ef.00000000 velocity=00000000.00000000.00000000
simulation stage=stack502_0 position=00000000.3ee66666.00000000 velocity=00000000.00000000.00000000
simulation stage=stack502_1 position=00000000.3fb305bc.00000000 velocity=00000000.00000000.00000000
simulation stage=stack502_2 position=00000000.401638ef.00000000 velocity=00000000.00000000.00000000
simulation stage=stack503_0 position=00000000.3ee66666.00000000 velocity=00000000.00000000.00000000
simulation stage=stack503_1 position=00000000.3fb305bc.00000000 velocity=00000000.00000000.00000000
simulation stage=stack503_2 position=00000000.401638ef.00000000 velocity=00000000.00000000.00000000
simulation stage=stack504_0 position=00000000.3ee66666.00000000 velocity=00000000.00000000.00000000
simulation stage=stack504_1 position=00000000.3fb305bc.00000000 velocity=00000000.00000000.00000000
simulation stage=stack504_2 position=00000000.401638ef.00000000 velocity=00000000.00000000.00000000
simulation stage=stack505_0 position=00000000.3ee66666.00000000 velocity=00000000.00000000.00000000
simulation stage=stack505_1 position=00000000.3fb305bc.00000000 velocity=00000000.00000000.00000000
simulation stage=stack505_2 position=00000000.401638ef.00000000 velocity=00000000.00000000.00000000
simulation stage=stack506_0 position=00000000.3ee66666.00000000 velocity=00000000.00000000.00000000
simulation stage=stack506_1 position=00000000.3fb305bc.00000000 velocity=00000000.00000000.00000000
simulation stage=stack506_2 position=00000000.401638ef.00000000 velocity=00000000.00000000.00000000
simulation stage=stack507_0 position=00000000.3ee66666.00000000 velocity=00000000.00000000.00000000
simulation stage=stack507_1 position=00000000.3fb305bc.00000000 velocity=00000000.00000000.00000000
simulation stage=stack507_2 position=00000000.401638ef.00000000 velocity=00000000.00000000.00000000
simulation stage=stack508_0 position=00000000.3ee66666.00000000 velocity=00000000.00000000.00000000
simulation stage=stack508_1 position=00000000.3fb305bc.00000000 velocity=00000000.00000000.00000000
simulation stage=stack508_2 position=00000000.401638ef.00000000 velocity=00000000.00000000.00000000
simulation stage=stack509_0 position=00000000.3ee66666.00000000 velocity=00000000.00000000.00000000
simulation stage=stack509_1 position=00000000.3fb305bc.00000000 velocity=00000000.00000000.00000000
simulation stage=stack509_2 position=00000000.401638ef.00000000 velocity=00000000.00000000.00000000
simulation stage=stack510_0 position=00000000.3ee66666.00000000 velocity=00000000.00000000.00000000
simulation stage=stack510_1 position=00000000.3fb305bc.00000000 velocity=00000000.00000000.00000000
simulation stage=stack510_2 position=00000000.401638ef.00000000 velocity=00000000.00000000.00000000
simulation stage=stack511_0 position=00000000.3ee66666.00000000 velocity=00000000.00000000.00000000
simulation stage=stack511_1 position=00000000.3fb305bc.00000000 velocity=00000000.00000000.00000000
simulation stage=stack511_2 position=00000000.401638ef.00000000 velocity=00000000.00000000.00000000
simulation stage=stack512_0 position=00000000.3ee66666.00000000 velocity=00000000.00000000.00000000
simulation stage=stack512_1 position=00000000.3fb305bc.00000000 velocity=00000000.00000000.00000000
simulation stage=stack512_2 position=00000000.401638ef.00000000 velocity=00000000.00000000.00000000
simulation stage=stack513_0 position=00000000.3ee66666.00000000 velocity=00000000.00000000.00000000
simulation stage=stack513_1 position=00000000.3fb305bc.00000000 velocity=00000000.00000000.00000000
simulation stage=stack513_2 position=00000000.401638ef.00000000 velocity=00000000.00000000.00000000
simulation stage=stack514_0 position=00000000.3ee66666.00000000 velocity=00000000.00000000.00000000
simulation stage=stack514_1 position=00000000.3fb305bc.00000000 velocity=00000000.00000000.00000000
simulation stage=stack514_2 position=00000000.401638ef.00000000 velocity=00000000.00000000.00000000
simulation stage=stack515_0 position=00000000.3ee66666.00000000 velocity=00000000.00000000.00000000
simulation stage=stack515_1 position=00000000.3fb305bc.00000000 velocity=00000000.00000000.00000000
simulation stage=stack515_2 position=00000000.401638ef.00000000 velocity=00000000.00000000.00000000
simulation stage=stack516_0 position=00000000.3ee66666.00000000 velocity=00000000.00000000.00000000
simulation stage=stack516_1 position=00000000.3fb305bc.00000000 velocity=00000000.00000000.00000000
simulation stage=stack516_2 position=00000000.401638ef.00000000 velocity=00000000.00000000.00000000
simulation stage=stack517_0 position=00000000.3ee66666.00000000 velocity=00000000.00000000.00000000
simulation stage=stack517_1 position=00000000.3fb305bc.00000000 velocity=00000000.00000000.00000000
simulation stage=stack517_2 position=00000000.401638ef.00000000 velocity=00000000.00000000.00000000
simulation stage=stack518_0 position=00000000.3ee66666.00000000 velocity=00000000.00000000.00000000
simulation stage=stack518_1 position=00000000.3fb305bc.00000000 velocity=00000000.00000000.00000000
simulation stage=stack518_2 position=00000000.401638ef.00000000 velocity=00000000.00000000.00000000
simulation stage=stack519_0 position=00000000.3ee66666.00000000 velocity=00000000.00000000.00000000
simulation stage=stack519_1 position=00000000.3fb305bc.00000000 velocity=00000000.00000000.00000000
simulation stage=stack519_2 position=00000000.401638ef.00000000 velocity=00000000.00000000.00000000
simulation stage=stack520_0 position=00000000.3ee66666.00000000 velocity=00000000.00000000.00000000
simulation stage=stack520_1 position=00000000.3fb305bc.00000000 velocity=00000000.00000000.00000000
simulation stage=stack520_2 position=00000000.401638ef.00000000 velocity=00000000.00000000.00000000
simulation stage=stack521_0 position=00000000.3ee66666.00000000 velocity=00000000.00000000.00000000
simulation stage=stack521_1 position=00000000.3fb305bc.00000000 velocity=00000000.00000000.00000000
simulation stage=stack521_2 position=00000000.401638ef.00000000 velocity=00000000.00000000.00000000
simulation stage=stack522_0 position=00000000.3ee66666.00000000 velocity=00000000.00000000.00000000
simulation stage=stack522_1 position=00000000.3fb305bc.00000000 velocity=00000000.00000000.00000000
simulation stage=stack522_2 position=00000000.401638ef.00000000 velocity=00000000.00000000.00000000
simulation stage=stack523_0 position=00000000.3ee66666.00000000 velocity=00000000.00000000.00000000
simulation stage=stack523_1 position=00000000.3fb305bc.00000000 velocity=00000000.00000000.00000000
simulation stage=stack523_2 position=00000000.401638ef.00000000 velocity=00000000.00000000.00000000
simulation stage=stack524_0 position=00000000.3ee66666.00000000 velocity=00000000.00000000.00000000
simulation stage=stack524_1 position=00000000.3fb305bc.00000000 velocity=00000000.00000000.00000000
simulation stage=stack524_2 position=00000000.401638ef.00000000 velocity=00000000.00000000.00000000
simulation stage=stack525_0 position=00000000.3ee66666.00000000 velocity=00000000.00000000.00000000
simulation stage=stack525_1 position=00000000.3fb305bc.00000000 velocity=00000000.00000000.00000000
simulation stage=stack525_2 position=00000000.401638ef.00000000 velocity=00000000.00000000.00000000
simulation stage=stack526_0 position=00000000.3ee66666.00000000 velocity=00000000.00000000.00000000
simulation stage=stack526_1 position=00000000.3fb305bc.00000000 velocity=00000000.00000000.00000000
simulation stage=stack526_2 position=00000000.401638ef.00000000 velocity=00000000.00000000.00000000
simulation stage=stack527_0 position=00000000.3ee66666.00000000 velocity=00000000.00000000.00000000
simulation stage=stack527_1 position=00000000.3fb305bc.00000000 velocity=00000000.00000000.00000000
simulation stage=stack527_2 position=00000000.401638ef.00000000 velocity=00000000.00000000.00000000
simulation stage=stack528_0 position=00000000.3ee66666.00000000 velocity=00000000.00000000.00000000
simulation stage=stack528_1 position=00000000.3fb305bc.00000000 velocity=00000000.00000000.00000000
simulation stage=stack528_2 position=00000000.401638ef.00000000 velocity=00000000.00000000.00000000
simulation stage=stack529_0 position=00000000.3ee66666.00000000 velocity=00000000.00000000.00000000
simulation stage=stack529_1 position=00000000.3fb305bc.00000000 velocity=00000000.00000000.00000000
simulation stage=stack529_2 position=00000000.401638ef.00000000 velocity=00000000.00000000.00000000
simulation stage=stack530_0 position=00000000.3ee66666.00000000 velocity=00000000.00000000.00000000
simulation stage=stack530_1 position=00000000.3fb305bc.00000000 velocity=00000000.00000000.00000000
simulation stage=stack530_2 position=00000000.401638ef.00000000 velocity=00000000.00000000.00000000
simulation stage=stack531_0 position=00000000.3ee66666.00000000 velocity=00000000.00000000.00000000
simulation stage=stack531_1 position=00000000.3fb305bc.00000000 velocity=00000000.00000000.00000000
simulation stage=stack531_2 position=00000000.401638ef.00000000 velocity=00000000.00000000.00000000
simulation stage=stack532_0 position=00000000.3ee66666.00000000 velocity=00000000.00000000.00000000
simulation stage=stack532_1 position=00000000.3fb305bc.00000000 velocity=00000000.00000000.00000000
simulation stage=stack532_2 position=00000000.401638ef.00000000 velocity=00000000.00000000.00000000
simulation stage=stack533_0 position=00000000.3ee66666.00000000 velocity=00000000.00000000.00000000
simulation stage=stack533_1 position=00000000.3fb305bc.00000000 velocity=00000000.00000000.00000000
simulation stage=stack533_2 position=00000000.401638ef.00000000 velocity=00000000.00000000.00000000
simulation stage=stack534_0 position=00000000.3ee66666.00000000 velocity=00000000.00000000.00000000
simulation stage=stack534_1 position=00000000.3fb305bc.00000000 velocity=00000000.00000000.00000000
simulation stage=stack534_2 position=00000000.401638ef.00000000 velocity=00000000.00000000.00000000
simulation stage=stack535_0 position=00000000.3ee66666.00000000 velocity=00000000.00000000.00000000
simulation stage=stack535_1 position=00000000.3fb305bc.00000000 velocity=00000000.00000000.00000000
simulation stage=stack535_2 position=00000000.401638ef.00000000 velocity=00000000.00000000.00000000
simulation stage=stack536_0 position=00000000.3ee66666.00000000 velocity=00000000.00000000.00000000
simulation stage=stack536_1 position=00000000.3fb305bc.00000000 velocity=00000000.00000000.00000000
simulation stage=stack536_2 position=00000000.401638ef.00000000 velocity=00000000.00000000.00000000
simulation stage=stack537_0 position=00000000.3ee66666.00000000 velocity=00000000.00000000.00000000
simulation stage=stack537_1 position=00000000.3fb305bc.00000000 velocity=00000000.00000000.00000000
simulation stage=stack537_2 position=00000000.401638ef.00000000 velocity=00000000.00000000.00000000
simulation stage=stack538_0 position=00000000.3ee66666.00000000 velocity=00000000.00000000.00000000
simulation stage=stack538_1 position=00000000.3fb305bc.00000000 velocity=00000000.00000000.00000000
simulation stage=stack538_2 position=00000000.401638ef.00000000 velocity=00000000.00000000.00000000
simulation stage=stack539_0 position=00000000.3ee66666.00000000 velocity=00000000.00000000.00000000
simulation stage=stack539_1 position=00000000.3fb305bc.00000000 velocity=00000000.00000000.00000000
simulation stage=stack539_2 position=00000000.401638ef.00000000 velocity=00000000.00000000.00000000
simulation stage=stack540_0 position=00000000.3ee66666.00000000 velocity=00000000.00000000.00000000
simulation stage=stack540_1 position=00000000.3fb305bc.00000000 velocity=00000000.00000000.00000000
simulation stage=stack540_2 position=00000000.401638ef.00000000 velocity=00000000.00000000.00000000
simulation stage=stack541_0 position=00000000.3ee66666.00000000 velocity=00000000.00000000.00000000
simulation stage=stack541_1 position=00000000.3fb305bc.00000000 velocity=00000000.00000000.00000000
simulation stage=stack541_2 position=00000000.401638ef.00000000 velocity=00000000.00000000.00000000
simulation stage=stack542_0 position=00000000.3ee66666.00000000 velocity=00000000.00000000.00000000
simulation stage=stack542_1 position=00000000.3fb305bc.00000000 velocity=00000000.00000000.00000000
simulation stage=stack542_2 position=00000000.401638ef.00000000 velocity=00000000.00000000.00000000
simulation stage=stack543_0 position=00000000.3ee66666.00000000 velocity=00000000.00000000.00000000
simulation stage=stack543_1 position=00000000.3fb305bc.00000000 velocity=00000000.00000000.00000000
simulation stage=stack543_2 position=00000000.401638ef.00000000 velocity=00000000.00000000.00000000
simulation stage=stack544_0 position=00000000.3ee66666.00000000 velocity=00000000.00000000.00000000
simulation stage=stack544_1 position=00000000.3fb305bc.00000000 velocity=00000000.00000000.00000000
simulation stage=stack544_2 position=00000000.401638ef.00000000 velocity=00000000.00000000.00000000
simulation stage=stack545_0 position=00000000.3ee66666.00000000 velocity=00000000.00000000.00000000
simulation stage=stack545_1 position=00000000.3fb305bc.00000000 velocity=00000000.00000000.00000000
simulation stage=stack545_2 position=00000000.401638ef.00000000 velocity=00000000.00000000.00000000
simulation stage=stack546_0 position=00000000.3ee66666.00000000 velocity=00000000.00000000.00000000
simulation stage=stack546_1 position=00000000.3fb305bc.00000000 velocity=00000000.00000000.00000000
simulation stage=stack546_2 position=00000000.401638ef.00000000 velocity=00000000.00000000.00000000
simulation stage=stack547_0 position=00000000.3ee66666.00000000 velocity=00000000.00000000.00000000
simulation stage=stack547_1 position=00000000.3fb305bc.00000000 velocity=00000000.00000000.00000000
simulation stage=stack547_2 position=00000000.401638ef.00000000 velocity=00000000.00000000.00000000
simulation stage=stack548_0 position=00000000.3ee66666.00000000 velocity=00000000.00000000.00000000
simulation stage=stack548_1 position=00000000.3fb305bc.00000000 velocity=00000000.00000000.00000000
simulation stage=stack548_2 position=00000000.401638ef.00000000 velocity=00000000.00000000.00000000
simulation stage=stack549_0 position=00000000.3ee66666.00000000 velocity=00000000.00000000.00000000
simulation stage=stack549_1 position=00000000.3fb305bc.00000000 velocity=00000000.00000000.00000000
simulation stage=stack549_2 position=00000000.401638ef.00000000 velocity=00000000.00000000.00000000
simulation stage=stack550_0 position=00000000.3ee66666.00000000 velocity=00000000.00000000.00000000
simulation stage=stack550_1 position=00000000.3fb305bc.00000000 velocity=00000000.00000000.00000000
simulation stage=stack550_2 position=00000000.401638ef.00000000 velocity=00000000.00000000.00000000
simulation stage=stack551_0 position=00000000.3ee66666.00000000 velocity=00000000.00000000.00000000
simulation stage=stack551_1 position=00000000.3fb305bc.00000000 velocity=00000000.00000000.00000000
simulation stage=stack551_2 position=00000000.401638ef.00000000 velocity=00000000.00000000.00000000
simulation stage=stack552_0 position=00000000.3ee66666.00000000 velocity=00000000.00000000.00000000
simulation stage=stack552_1 position=00000000.3fb305bc.00000000 velocity=00000000.00000000.00000000
simulation stage=stack552_2 position=00000000.401638ef.00000000 velocity=00000000.00000000.00000000
simulation stage=stack553_0 position=00000000.3ee66666.00000000 velocity=00000000.00000000.00000000
simulation stage=stack553_1 position=00000000.3fb305bc.00000000 velocity=00000000.00000000.00000000
simulation stage=stack553_2 position=00000000.401638ef.00000000 velocity=00000000.00000000.00000000
simulation stage=stack554_0 position=00000000.3ee66666.00000000 velocity=00000000.00000000.00000000
simulation stage=stack554_1 position=00000000.3fb305bc.00000000 velocity=00000000.00000000.00000000
simulation stage=stack554_2 position=00000000.401638ef.00000000 velocity=00000000.00000000.00000000
simulation stage=stack555_0 position=00000000.3ee66666.00000000 velocity=00000000.00000000.00000000
simulation stage=stack555_1 position=00000000.3fb305bc.00000000 velocity=00000000.00000000.00000000
simulation stage=stack555_2 position=00000000.401638ef.00000000 velocity=00000000.00000000.00000000
simulation stage=stack556_0 position=00000000.3ee66666.00000000 velocity=00000000.00000000.00000000
simulation stage=stack556_1 position=00000000.3fb305bc.00000000 velocity=00000000.00000000.00000000
simulation stage=stack556_2 position=00000000.401638ef.00000000 velocity=00000000.00000000.00000000
simulation stage=stack557_0 position=00000000.3ee66666.00000000 velocity=00000000.00000000.00000000
simulation stage=stack557_1 position=00000000.3fb305bc.00000000 velocity=00000000.00000000.00000000
simulation stage=stack557_2 position=00000000.401638ef.00000000 velocity=00000000.00000000.00000000
simulation stage=stack558_0 position=00000000.3ee66666.00000000 velocity=00000000.00000000.00000000
simulation stage=stack558_1 position=00000000.3fb305bc.00000000 velocity=00000000.00000000.00000000
simulation stage=stack558_2 position=00000000.401638ef.00000000 velocity=00000000.00000000.00000000
simulation stage=stack559_0 position=00000000.3ee66666.00000000 velocity=00000000.00000000.00000000
simulation stage=stack559_1 position=00000000.3fb305bc.00000000 velocity=00000000.00000000.00000000
simulation stage=stack559_2 position=00000000.401638ef.00000000 velocity=00000000.00000000.00000000
simulation stage=stack560_0 position=00000000.3ee66666.00000000 velocity=00000000.00000000.00000000
simulation stage=stack560_1 position=00000000.3fb305bc.00000000 velocity=00000000.00000000.00000000
simulation stage=stack560_2 position=00000000.401638ef.00000000 velocity=00000000.00000000.00000000
simulation stage=stack561_0 position=00000000.3ee66666.00000000 velocity=00000000.00000000.00000000
simulation stage=stack561_1 position=00000000.3fb305bc.00000000 velocity=00000000.00000000.00000000
simulation stage=stack561_2 position=00000000.401638ef.00000000 velocity=00000000.00000000.00000000
simulation stage=stack562_0 position=00000000.3ee66666.00000000 velocity=00000000.00000000.00000000
simulation stage=stack562_1 position=00000000.3fb305bc.00000000 velocity=00000000.00000000.00000000
simulation stage=stack562_2 position=00000000.401638ef.00000000 velocity=00000000.00000000.00000000
simulation stage=stack563_0 position=00000000.3ee66666.00000000 velocity=00000000.00000000.00000000
simulation stage=stack563_1 position=00000000.3fb305bc.00000000 velocity=00000000.00000000.00000000
simulation stage=stack563_2 position=00000000.401638ef.00000000 velocity=00000000.00000000.00000000
simulation stage=stack564_0 position=00000000.3ee66666.00000000 velocity=00000000.00000000.00000000
simulation stage=stack564_1 position=00000000.3fb305bc.00000000 velocity=00000000.00000000.00000000
simulation stage=stack564_2 position=00000000.401638ef.00000000 velocity=00000000.00000000.00000000
simulation stage=stack565_0 position=00000000.3ee66666.00000000 velocity=00000000.00000000.00000000
simulation stage=stack565_1 position=00000000.3fb305bc.00000000 velocity=00000000.00000000.00000000
simulation stage=stack565_2 position=00000000.401638ef.00000000 velocity=00000000.00000000.00000000
simulation stage=stack566_0 position=00000000.3ee66666.00000000 velocity=00000000.00000000.00000000
simulation stage=stack566_1 position=00000000.3fb305bc.00000000 velocity=00000000.00000000.00000000
simulation stage=stack566_2 position=00000000.401638ef.00000000 velocity=00000000.00000000.00000000
simulation stage=stack567_0 position=00000000.3ee66666.00000000 velocity=00000000.00000000.00000000
simulation stage=stack567_1 position=00000000.3fb305bc.00000000 velocity=00000000.00000000.00000000
simulation stage=stack567_2 position=00000000.401638ef.00000000 velocity=00000000.00000000.00000000
simulation stage=stack568_0 position=00000000.3ee66666.00000000 velocity=00000000.00000000.00000000
simulation stage=stack568_1 position=00000000.3fb305bc.00000000 velocity=00000000.00000000.00000000
simulation stage=stack568_2 position=00000000.401638ef.00000000 velocity=00000000.00000000.00000000
simulation stage=stack569_0 position=00000000.3ee66666.00000000 velocity=00000000.00000000.00000000
simulation stage=stack569_1 position=00000000.3fb305bc.00000000 velocity=00000000.00000000.00000000
simulation stage=stack569_2 position=00000000.401638ef.00000000 velocity=00000000.00000000.00000000
simulation stage=stack570_0 position=00000000.3ee66666.00000000 velocity=00000000.00000000.00000000
simulation stage=stack570_1 position=00000000.3fb305bc.00000000 velocity=00000000.00000000.00000000
simulation stage=stack570_2 position=00000000.401638ef.00000000 velocity=00000000.00000000.00000000
simulation stage=stack571_0 position=00000000.3ee66666.00000000 velocity=00000000.00000000.00000000
simulation stage=stack571_1 position=00000000.3fb305bc.00000000 velocity=00000000.00000000.00000000
simulation stage=stack571_2 position=00000000.401638ef.00000000 velocity=00000000.00000000.00000000
simulation stage=stack572_0 position=00000000.3ee66666.00000000 velocity=00000000.00000000.00000000
simulation stage=stack572_1 position=00000000.3fb305bc.00000000 velocity=00000000.00000000.00000000
simulation stage=stack572_2 position=00000000.401638ef.00000000 velocity=00000000.00000000.00000000
simulation stage=stack573_0 position=00000000.3ee66666.00000000 velocity=00000000.00000000.00000000
simulation stage=stack573_1 position=00000000.3fb305bc.00000000 velocity=00000000.00000000.00000000
simulation stage=stack573_2 position=00000000.401638ef.00000000 velocity=00000000.00000000.00000000
simulation stage=stack574_0 position=00000000.3ee66666.00000000 velocity=00000000.00000000.00000000
simulation stage=stack574_1 position=00000000.3fb305bc.00000000 velocity=00000000.00000000.00000000
simulation stage=stack574_2 position=00000000.401638ef.00000000 velocity=00000000.00000000.00000000
simulation stage=stack575_0 position=00000000.3ee66666.00000000 velocity=00000000.00000000.00000000
simulation stage=stack575_1 position=00000000.3fb305bc.00000000 velocity=00000000.00000000.00000000
simulation stage=stack575_2 position=00000000.401638ef.00000000 velocity=00000000.00000000.00000000
simulation stage=stack576_0 position=00000000.3ee66666.00000000 velocity=00000000.00000000.00000000
simulation stage=stack576_1 position=00000000.3fb305bc.00000000 velocity=00000000.00000000.00000000
simulation stage=stack576_2 position=00000000.401638ef.00000000 velocity=00000000.00000000.00000000
simulation stage=stack577_0 position=00000000.3ee66666.00000000 velocity=00000000.00000000.00000000
simulation stage=stack577_1 position=00000000.3fb305bc.00000000 velocity=00000000.00000000.00000000
simulation stage=stack577_2 position=00000000.401638ef.00000000 velocity=00000000.00000000.00000000
simulation stage=stack578_0 position=00000000.3ee66666.00000000 velocity=00000000.00000000.00000000
simulation stage=stack578_1 position=00000000.3fb305bc.00000000 velocity=00000000.00000000.00000000
simulation stage=stack578_2 position=00000000.401638ef.00000000 velocity=00000000.00000000.00000000
simulation stage=stack579_0 position=00000000.3ee66666.00000000 velocity=00000000.00000000.00000000
simulation stage=stack579_1 position=00000000.3fb305bc.00000000 velocity=00000000.00000000.00000000
simulation stage=stack579_2 position=00000000.401638ef.00000000 velocity=00000000.00000000.00000000
simulation stage=stack580_0 position=00000000.3ee66666.00000000 velocity=00000000.00000000.00000000
simulation stage=stack580_1 position=00000000.3fb305bc.00000000 velocity=00000000.00000000.00000000
simulation stage=stack580_2 position=00000000.401638ef.00000000 velocity=00000000.00000000.00000000
simulation stage=stack581_0 position=00000000.3ee66666.00000000 velocity=00000000.00000000.00000000
simulation stage=stack581_1 position=00000000.3fb305bc.00000000 velocity=00000000.00000000.00000000
simulation stage=stack581_2 position=00000000.401638ef.00000000 velocity=00000000.00000000.00000000
simulation stage=stack582_0 position=00000000.3ee66666.00000000 velocity=00000000.00000000.00000000
simulation stage=stack582_1 position=00000000.3fb305bc.00000000 velocity=00000000.00000000.00000000
simulation stage=stack582_2 position=00000000.401638ef.00000000 velocity=00000000.00000000.00000000
simulation stage=stack583_0 position=00000000.3ee66666.00000000 velocity=00000000.00000000.00000000
simulation stage=stack583_1 position=00000000.3fb305bc.00000000 velocity=00000000.00000000.00000000
simulation stage=stack583_2 position=00000000.401638ef.00000000 velocity=00000000.00000000.00000000
simulation stage=stack584_0 position=00000000.3ee66666.00000000 velocity=00000000.00000000.00000000
simulation stage=stack584_1 position=00000000.3fb305bc.00000000 velocity=00000000.00000000.00000000
simulation stage=stack584_2 position=00000000.401638ef.00000000 velocity=00000000.00000000.00000000
simulation stage=stack585_0 position=00000000.3ee66666.00000000 velocity=00000000.00000000.00000000
simulation stage=stack585_1 position=00000000.3fb305bc.00000000 velocity=00000000.00000000.00000000
simulation stage=stack585_2 position=00000000.401638ef.00000000 velocity=00000000.00000000.00000000
simulation stage=stack586_0 position=00000000.3ee66666.00000000 velocity=00000000.00000000.00000000
simulation stage=stack586_1 position=00000000.3fb305bc.00000000 velocity=00000000.00000000.00000000
simulation stage=stack586_2 position=00000000.401638ef.00000000 velocity=00000000.00000000.00000000
simulation stage=stack587_0 position=00000000.3ee66666.00000000 velocity=00000000.00000000.00000000
simulation stage=stack587_1 position=00000000.3fb305bc.00000000 velocity=00000000.00000000.00000000
simulation stage=stack587_2 position=00000000.401638ef.00000000 velocity=00000000.00000000.00000000
simulation stage=stack588_0 position=00000000.3ee66666.00000000 velocity=00000000.00000000.00000000
simulation stage=stack588_1 position=00000000.3fb305bc.00000000 velocity=00000000.00000000.00000000
simulation stage=stack588_2 position=00000000.401638ef.00000000 velocity=00000000.00000000.00000000
simulation stage=stack589_0 position=00000000.3ee66666.00000000 velocity=00000000.00000000.00000000
simulation stage=stack589_1 position=00000000.3fb305bc.00000000 velocity=00000000.00000000.00000000
simulation stage=stack589_2 position=00000000.401638ef.00000000 velocity=00000000.00000000.00000000
simulation stage=stack590_0 position=00000000.3ee66666.00000000 velocity=00000000.00000000.00000000
simulation stage=stack590_1 position=00000000.3fb305bc.00000000 velocity=00000000.00000000.00000000
simulation stage=stack590_2 position=00000000.401638ef.00000000 velocity=00000000.00000000.00000000
simulation stage=stack591_0 position=00000000.3ee66666.00000000 velocity=00000000.00000000.00000000
simulation stage=stack591_1 position=00000000.3fb305bc.00000000 velocity=00000000.00000000.00000000
simulation stage=stack591_2 position=00000000.401638ef.00000000 velocity=00000000.00000000.00000000
simulation stage=stack592_0 position=00000000.3ee66666.00000000 velocity=00000000.00000000.00000000
simulation stage=stack592_1 position=00000000.3fb305bc.00000000 velocity=00000000.00000000.00000000
simulation stage=stack592_2 position=00000000.401638ef.00000000 velocity=00000000.00000000.00000000
simulation stage=stack593_0 position=00000000.3ee66666.00000000 velocity=00000000.00000000.00000000
simulation stage=stack593_1 position=00000000.3fb305bc.00000000 velocity=00000000.00000000.00000000
simulation stage=stack593_2 position=00000000.401638ef.00000000 velocity=00000000.00000000.00000000
simulation stage=stack594_0 position=00000000.3ee66666.00000000 velocity=00000000.00000000.00000000
simulation stage=stack594_1 position=00000000.3fb305bc.00000000 velocity=00000000.00000000.00000000
simulation stage=stack594_2 position=00000000.401638ef.00000000 velocity=00000000.00000000.00000000
simulation stage=stack595_0 position=00000000.3ee66666.00000000 velocity=00000000.00000000.00000000
simulation stage=stack595_1 position=00000000.3fb305bc.00000000 velocity=00000000.00000000.00000000
simulation stage=stack595_2 position=00000000.401638ef.00000000 velocity=00000000.00000000.00000000
simulation stage=stack596_0 position=00000000.3ee66666.00000000 velocity=00000000.00000000.00000000
simulation stage=stack596_1 position=00000000.3fb305bc.00000000 velocity=00000000.00000000.00000000
simulation stage=stack596_2 position=00000000.401638ef.00000000 velocity=00000000.00000000.00000000
simulation stage=stack597_0 position=00000000.3ee66666.00000000 velocity=00000000.00000000.00000000
simulation stage=stack597_1 position=00000000.3fb305bc.00000000 velocity=00000000.00000000.00000000
simulation stage=stack597_2 position=00000000.401638ef.00000000 velocity=00000000.00000000.00000000
simulation stage=stack598_0 position=00000000.3ee66666.00000000 velocity=00000000.00000000.00000000
simulation stage=stack598_1 position=00000000.3fb305bc.00000000 velocity=00000000.00000000.00000000
simulation stage=stack598_2 position=00000000.401638ef.00000000 velocity=00000000.00000000.00000000
simulation stage=stack599_0 position=00000000.3ee66666.00000000 velocity=00000000.00000000.00000000
simulation stage=stack599_1 position=00000000.3fb305bc.00000000 velocity=00000000.00000000.00000000
simulation stage=stack599_2 position=00000000.401638ef.00000000 velocity=00000000.00000000.00000000
simulation stage=stack600_0 position=00000000.3ee66666.00000000 velocity=00000000.00000000.00000000
simulation stage=stack600_1 position=00000000.3fb305bc.00000000 velocity=00000000.00000000.00000000
simulation stage=stack600_2 position=00000000.401638ef.00000000 velocity=00000000.00000000.00000000
simulation stage=stack601_0 position=00000000.3ee66666.00000000 velocity=00000000.00000000.00000000
simulation stage=stack601_1 position=00000000.3fb305bc.00000000 velocity=00000000.00000000.00000000
simulation stage=stack601_2 position=00000000.401638ef.00000000 velocity=00000000.00000000.00000000
simulation stage=stack602_0 position=00000000.3ee66666.00000000 velocity=00000000.00000000.00000000
simulation stage=stack602_1 position=00000000.3fb305bc.00000000 velocity=00000000.00000000.00000000
simulation stage=stack602_2 position=00000000.401638ef.00000000 velocity=00000000.00000000.00000000
simulation stage=stack603_0 position=00000000.3ee66666.00000000 velocity=00000000.00000000.00000000
simulation stage=stack603_1 position=00000000.3fb305bc.00000000 velocity=00000000.00000000.00000000
simulation stage=stack603_2 position=00000000.401638ef.00000000 velocity=00000000.00000000.00000000
simulation stage=stack604_0 position=00000000.3ee66666.00000000 velocity=00000000.00000000.00000000
simulation stage=stack604_1 position=00000000.3fb305bc.00000000 velocity=00000000.00000000.00000000
simulation stage=stack604_2 position=00000000.401638ef.00000000 velocity=00000000.00000000.00000000
simulation stage=stack605_0 position=00000000.3ee66666.00000000 velocity=00000000.00000000.00000000
simulation stage=stack605_1 position=00000000.3fb305bc.00000000 velocity=00000000.00000000.00000000
simulation stage=stack605_2 position=00000000.401638ef.00000000 velocity=00000000.00000000.00000000
simulation stage=stack606_0 position=00000000.3ee66666.00000000 velocity=00000000.00000000.00000000
simulation stage=stack606_1 position=00000000.3fb305bc.00000000 velocity=00000000.00000000.00000000
simulation stage=stack606_2 position=00000000.401638ef.00000000 velocity=00000000.00000000.00000000
simulation stage=stack607_0 position=00000000.3ee66666.00000000 velocity=00000000.00000000.00000000
simulation stage=stack607_1 position=00000000.3fb305bc.00000000 velocity=00000000.00000000.00000000
simulation stage=stack607_2 position=00000000.401638ef.00000000 velocity=00000000.00000000.00000000
simulation stage=stack608_0 position=00000000.3ee66666.00000000 velocity=00000000.00000000.00000000
simulation stage=stack608_1 position=00000000.3fb305bc.00000000 velocity=00000000.00000000.00000000
simulation stage=stack608_2 position=00000000.401638ef.00000000 velocity=00000000.00000000.00000000
simulation stage=stack609_0 position=00000000.3ee66666.00000000 velocity=00000000.00000000.00000000
simulation stage=stack609_1 position=00000000.3fb305bc.00000000 velocity=00000000.00000000.00000000
simulation stage=stack609_2 position=00000000.401638ef.00000000 velocity=00000000.00000000.00000000
simulation stage=stack610_0 position=00000000.3ee66666.00000000 velocity=00000000.00000000.00000000
simulation stage=stack610_1 position=00000000.3fb305bc.00000000 velocity=00000000.00000000.00000000
simulation stage=stack610_2 position=00000000.401638ef.00000000 velocity=00000000.00000000.00000000
simulation stage=stack611_0 position=00000000.3ee66666.00000000 velocity=00000000.00000000.00000000
simulation stage=stack611_1 position=00000000.3fb305bc.00000000 velocity=00000000.00000000.00000000
simulation stage=stack611_2 position=00000000.401638ef.00000000 velocity=00000000.00000000.00000000
simulation stage=stack612_0 position=00000000.3ee66666.00000000 velocity=00000000.00000000.00000000
simulation stage=stack612_1 position=00000000.3fb305bc.00000000 velocity=00000000.00000000.00000000
simulation stage=stack612_2 position=00000000.401638ef.00000000 velocity=00000000.00000000.00000000
simulation stage=stack613_0 position=00000000.3ee66666.00000000 velocity=00000000.00000000.00000000
simulation stage=stack613_1 position=00000000.3fb305bc.00000000 velocity=00000000.00000000.00000000
simulation stage=stack613_2 position=00000000.401638ef.00000000 velocity=00000000.00000000.00000000
simulation stage=stack614_0 position=00000000.3ee66666.00000000 velocity=00000000.00000000.00000000
simulation stage=stack614_1 position=00000000.3fb305bc.00000000 velocity=00000000.00000000.00000000
simulation stage=stack614_2 position=00000000.401638ef.00000000 velocity=00000000.00000000.00000000
simulation stage=stack615_0 position=00000000.3ee66666.00000000 velocity=00000000.00000000.00000000
simulation stage=stack615_1 position=00000000.3fb305bc.00000000 velocity=00000000.00000000.00000000
simulation stage=stack615_2 position=00000000.401638ef.00000000 velocity=00000000.00000000.00000000
simulation stage=stack616_0 position=00000000.3ee66666.00000000 velocity=00000000.00000000.00000000
simulation stage=stack616_1 position=00000000.3fb305bc.00000000 velocity=00000000.00000000.00000000
simulation stage=stack616_2 position=00000000.401638ef.00000000 velocity=00000000.00000000.00000000
simulation stage=stack617_0 position=00000000.3ee66666.00000000 velocity=00000000.00000000.00000000
simulation stage=stack617_1 position=00000000.3fb305bc.00000000 velocity=00000000.00000000.00000000
simulation stage=stack617_2 position=00000000.401638ef.00000000 velocity=00000000.00000000.00000000
simulation stage=stack618_0 position=00000000.3ee66666.00000000 velocity=00000000.00000000.00000000
simulation stage=stack618_1 position=00000000.3fb305bc.00000000 velocity=00000000.00000000.00000000
simulation stage=stack618_2 position=00000000.401638ef.00000000 velocity=00000000.00000000.00000000
simulation stage=stack619_0 position=00000000.3ee66666.00000000 velocity=00000000.00000000.00000000
simulation stage=stack619_1 position=00000000.3fb305bc.00000000 velocity=00000000.00000000.00000000
simulation stage=stack619_2 position=00000000.401638ef.00000000 velocity=00000000.00000000.00000000
simulation stage=stack620_0 position=00000000.3ee66666.00000000 velocity=00000000.00000000.00000000
simulation stage=stack620_1 position=00000000.3fb305bc.00000000 velocity=00000000.00000000.00000000
simulation stage=stack620_2 position=00000000.401638ef.00000000 velocity=00000000.00000000.00000000
simulation stage=stack621_0 position=00000000.3ee66666.00000000 velocity=00000000.00000000.00000000
simulation stage=stack621_1 position=00000000.3fb305bc.00000000 velocity=00000000.00000000.00000000
simulation stage=stack621_2 position=00000000.401638ef.00000000 velocity=00000000.00000000.00000000
simulation stage=stack622_0 position=00000000.3ee66666.00000000 velocity=00000000.00000000.00000000
simulation stage=stack622_1 position=00000000.3fb305bc.00000000 velocity=00000000.00000000.00000000
simulation stage=stack622_2 position=00000000.401638ef.00000000 velocity=00000000.00000000.00000000
simulation stage=stack623_0 position=00000000.3ee66666.00000000 velocity=00000000.00000000.00000000
simulation stage=stack623_1 position=00000000.3fb305bc.00000000 velocity=00000000.00000000.00000000
simulation stage=stack623_2 position=00000000.401638ef.00000000 velocity=00000000.00000000.00000000
simulation stage=stack624_0 position=00000000.3ee66666.00000000 velocity=00000000.00000000.00000000
simulation stage=stack624_1 position=00000000.3fb305bc.00000000 velocity=00000000.00000000.00000000
simulation stage=stack624_2 position=00000000.401638ef.00000000 velocity=00000000.00000000.00000000
simulation stage=stack625_0 position=00000000.3ee66666.00000000 velocity=00000000.00000000.00000000
simulation stage=stack625_1 position=00000000.3fb305bc.00000000 velocity=00000000.00000000.00000000
simulation stage=stack625_2 position=00000000.401638ef.00000000 velocity=00000000.00000000.00000000
simulation stage=stack626_0 position=00000000.3ee66666.00000000 velocity=00000000.00000000.00000000
simulation stage=stack626_1 position=00000000.3fb305bc.00000000 velocity=00000000.00000000.00000000
simulation stage=stack626_2 position=00000000.401638ef.00000000 velocity=00000000.00000000.00000000
simulation stage=stack627_0 position=00000000.3ee66666.00000000 velocity=00000000.00000000.00000000
simulation stage=stack627_1 position=00000000.3fb305bc.00000000 velocity=00000000.00000000.00000000
simulation stage=stack627_2 position=00000000.401638ef.00000000 velocity=00000000.00000000.00000000
simulation stage=stack628_0 position=00000000.3ee66666.00000000 velocity=00000000.00000000.00000000
simulation stage=stack628_1 position=00000000.3fb305bc.00000000 velocity=00000000.00000000.00000000
simulation stage=stack628_2 position=00000000.401638ef.00000000 velocity=00000000.00000000.00000000
simulation stage=stack629_0 position=00000000.3ee66666.00000000 velocity=00000000.00000000.00000000
simulation stage=stack629_1 position=00000000.3fb305bc.00000000 velocity=00000000.00000000.00000000
simulation stage=stack629_2 position=00000000.401638ef.00000000 velocity=00000000.00000000.00000000
simulation stage=stack630_0 position=00000000.3ee66666.00000000 velocity=00000000.00000000.00000000
simulation stage=stack630_1 position=00000000.3fb305bc.00000000 velocity=00000000.00000000.00000000
simulation stage=stack630_2 position=00000000.401638ef.00000000 velocity=00000000.00000000.00000000
simulation stage=stack631_0 position=00000000.3ee66666.00000000 velocity=00000000.00000000.00000000
simulation stage=stack631_1 position=00000000.3fb305bc.00000000 velocity=00000000.00000000.00000000
simulation stage=stack631_2 position=00000000.401638ef.00000000 velocity=00000000.00000000.00000000
simulation stage=stack632_0 position=00000000.3ee66666.00000000 velocity=00000000.00000000.00000000
simulation stage=stack632_1 position=00000000.3fb305bc.00000000 velocity=00000000.00000000.00000000
simulation stage=stack632_2 position=00000000.401638ef.00000000 velocity=00000000.00000000.00000000
simulation stage=stack633_0 position=00000000.3ee66666.00000000 velocity=00000000.00000000.00000000
simulation stage=stack633_1 position=00000000.3fb305bc.00000000 velocity=00000000.00000000.00000000
simulation stage=stack633_2 position=00000000.401638ef.00000000 velocity=00000000.00000000.00000000
simulation stage=stack634_0 position=00000000.3ee66666.00000000 velocity=00000000.00000000.00000000
simulation stage=stack634_1 position=00000000.3fb305bc.00000000 velocity=00000000.00000000.00000000
simulation stage=stack634_2 position=00000000.401638ef.00000000 velocity=00000000.00000000.00000000
simulation stage=stack635_0 position=00000000.3ee66666.00000000 velocity=00000000.00000000.00000000
simulation stage=stack635_1 position=00000000.3fb305bc.00000000 velocity=00000000.00000000.00000000
simulation stage=stack635_2 position=00000000.401638ef.00000000 velocity=00000000.00000000.00000000
simulation stage=stack636_0 position=00000000.3ee66666.00000000 velocity=00000000.00000000.00000000
simulation stage=stack636_1 position=00000000.3fb305bc.00000000 velocity=00000000.00000000.00000000
simulation stage=stack636_2 position=00000000.401638ef.00000000 velocity=00000000.00000000.00000000
simulation stage=stack637_0 position=00000000.3ee66666.00000000 velocity=00000000.00000000.00000000
simulation stage=stack637_1 position=00000000.3fb305bc.00000000 velocity=00000000.00000000.00000000
simulation stage=stack637_2 position=00000000.401638ef.00000000 velocity=00000000.00000000.00000000
simulation stage=stack638_0 position=00000000.3ee66666.00000000 velocity=00000000.00000000.00000000
simulation stage=stack638_1 position=00000000.3fb305bc.00000000 velocity=00000000.00000000.00000000
simulation stage=stack638_2 position=00000000.401638ef.00000000 velocity=00000000.00000000.00000000
simulation stage=stack639_0 position=00000000.3ee66666.00000000 velocity=00000000.00000000.00000000
simulation stage=stack639_1 position=00000000.3fb305bc.00000000 velocity=00000000.00000000.00000000
simulation stage=stack639_2 position=00000000.401638ef.00000000 velocity=00000000.00000000.00000000
simulation stage=stack640_0 position=00000000.3ee66666.00000000 velocity=00000000.00000000.00000000
simulation stage=stack640_1 position=00000000.3fb305bc.00000000 velocity=00000000.00000000.00000000
simulation stage=stack640_2 position=00000000.401638ef.00000000 velocity=00000000.00000000.00000000
simulation stage=stack641_0 position=00000000.3ee66666.00000000 velocity=00000000.00000000.00000000
simulation stage=stack641_1 position=00000000.3fb305bc.00000000 velocity=00000000.00000000.00000000
simulation stage=stack641_2 position=00000000.401638ef.00000000 velocity=00000000.00000000.00000000
simulation stage=stack642_0 position=00000000.3ee66666.00000000 velocity=00000000.00000000.00000000
simulation stage=stack642_1 position=00000000.3fb305bc.00000000 velocity=00000000.00000000.00000000
simulation stage=stack642_2 position=00000000.401638ef.00000000 velocity=00000000.00000000.00000000
simulation stage=stack643_0 position=00000000.3ee66666.00000000 velocity=00000000.00000000.00000000
simulation stage=stack643_1 position=00000000.3fb305bc.00000000 velocity=00000000.00000000.00000000
simulation stage=stack643_2 position=00000000.401638ef.00000000 velocity=00000000.00000000.00000000
simulation stage=stack644_0 position=00000000.3ee66666.00000000 velocity=00000000.00000000.00000000
simulation stage=stack644_1 position=00000000.3fb305bc.00000000 velocity=00000000.00000000.00000000
simulation stage=stack644_2 position=00000000.401638ef.00000000 velocity=00000000.00000000.00000000
simulation stage=stack645_0 position=00000000.3ee66666.00000000 velocity=00000000.00000000.00000000
simulation stage=stack645_1 position=00000000.3fb305bc.00000000 velocity=00000000.00000000.00000000
simulation stage=stack645_2 position=00000000.401638ef.00000000 velocity=00000000.00000000.00000000
simulation stage=stack646_0 position=00000000.3ee66666.00000000 velocity=00000000.00000000.00000000
simulation stage=stack646_1 position=00000000.3fb305bc.00000000 velocity=00000000.00000000.00000000
simulation stage=stack646_2 position=00000000.401638ef.00000000 velocity=00000000.00000000.00000000
simulation stage=stack647_0 position=00000000.3ee66666.00000000 velocity=00000000.00000000.00000000
simulation stage=stack647_1 position=00000000.3fb305bc.00000000 velocity=00000000.00000000.00000000
simulation stage=stack647_2 position=00000000.401638ef.00000000 velocity=00000000.00000000.00000000
simulation stage=stack648_0 position=00000000.3ee66666.00000000 velocity=00000000.00000000.00000000
simulation stage=stack648_1 position=00000000.3fb305bc.00000000 velocity=00000000.00000000.00000000
simulation stage=stack648_2 position=00000000.401638ef.00000000 velocity=00000000.00000000.00000000
simulation stage=stack649_0 position=00000000.3ee66666.00000000 velocity=00000000.00000000.00000000
simulation stage=stack649_1 position=00000000.3fb305bc.00000000 velocity=00000000.00000000.00000000
simulation stage=stack649_2 position=00000000.401638ef.00000000 velocity=00000000.00000000.00000000
simulation stage=stack650_0 position=00000000.3ee66666.00000000 velocity=00000000.00000000.00000000
simulation stage=stack650_1 position=00000000.3fb305bc.00000000 velocity=00000000.00000000.00000000
simulation stage=stack650_2 position=00000000.401638ef.00000000 velocity=00000000.00000000.00000000
simulation stage=stack651_0 position=00000000.3ee66666.00000000 velocity=00000000.00000000.00000000
simulation stage=stack651_1 position=00000000.3fb305bc.00000000 velocity=00000000.00000000.00000000
simulation stage=stack651_2 position=00000000.401638ef.00000000 velocity=00000000.00000000.00000000
simulation stage=stack652_0 position=00000000.3ee66666.00000000 velocity=00000000.00000000.00000000
simulation stage=stack652_1 position=00000000.3fb305bc.00000000 velocity=00000000.00000000.00000000
simulation stage=stack652_2 position=00000000.401638ef.00000000 velocity=00000000.00000000.00000000
simulation stage=stack653_0 position=00000000.3ee66666.00000000 velocity=00000000.00000000.00000000
simulation stage=stack653_1 position=00000000.3fb305bc.00000000 velocity=00000000.00000000.00000000
simulation stage=stack653_2 position=00000000.401638ef.00000000 velocity=00000000.00000000.00000000
simulation stage=stack654_0 position=00000000.3ee66666.00000000 velocity=00000000.00000000.00000000
simulation stage=stack654_1 position=00000000.3fb305bc.00000000 velocity=00000000.00000000.00000000
simulation stage=stack654_2 position=00000000.401638ef.00000000 velocity=00000000.00000000.00000000
simulation stage=stack655_0 position=00000000.3ee66666.00000000 velocity=00000000.00000000.00000000
simulation stage=stack655_1 position=00000000.3fb305bc.00000000 velocity=00000000.00000000.00000000
simulation stage=stack655_2 position=00000000.401638ef.00000000 velocity=00000000.00000000.00000000
simulation stage=stack656_0 position=00000000.3ee66666.00000000 velocity=00000000.00000000.00000000
simulation stage=stack656_1 position=00000000.3fb305bc.00000000 velocity=00000000.00000000.00000000
simulation stage=stack656_2 position=00000000.401638ef.00000000 velocity=00000000.00000000.00000000
simulation stage=stack657_0 position=00000000.3ee66666.00000000 velocity=00000000.00000000.00000000
simulation stage=stack657_1 position=00000000.3fb305bc.00000000 velocity=00000000.00000000.00000000
simulation stage=stack657_2 position=00000000.401638ef.00000000 velocity=00000000.00000000.00000000
simulation stage=stack658_0 position=00000000.3ee66666.00000000 velocity=00000000.00000000.00000000
simulation stage=stack658_1 position=00000000.3fb305bc.00000000 velocity=00000000.00000000.00000000
simulation stage=stack658_2 position=00000000.401638ef.00000000 velocity=00000000.00000000.00000000
simulation stage=stack659_0 position=00000000.3ee66666.00000000 velocity=00000000.00000000.00000000
simulation stage=stack659_1 position=00000000.3fb305bc.00000000 velocity=00000000.00000000.00000000
simulation stage=stack659_2 position=00000000.401638ef.00000000 velocity=00000000.00000000.00000000
simulation stage=stack660_0 position=00000000.3ee66666.00000000 velocity=00000000.00000000.00000000
simulation stage=stack660_1 position=00000000.3fb305bc.00000000 velocity=00000000.00000000.00000000
simulation stage=stack660_2 position=00000000.401638ef.00000000 velocity=00000000.00000000.00000000
simulation stage=stack661_0 position=00000000.3ee66666.00000000 velocity=00000000.00000000.00000000
simulation stage=stack661_1 position=00000000.3fb305bc.00000000 velocity=00000000.00000000.00000000
simulation stage=stack661_2 position=00000000.401638ef.00000000 velocity=00000000.00000000.00000000
simulation stage=stack662_0 position=00000000.3ee66666.00000000 velocity=00000000.00000000.00000000
simulation stage=stack662_1 position=00000000.3fb305bc.00000000 velocity=00000000.00000000.00000000
simulation stage=stack662_2 position=00000000.401638ef.00000000 velocity=00000000.00000000.00000000
simulation stage=stack663_0 position=00000000.3ee66666.00000000 velocity=00000000.00000000.00000000
simulation stage=stack663_1 position=00000000.3fb305bc.00000000 velocity=00000000.00000000.00000000
simulation stage=stack663_2 position=00000000.401638ef.00000000 velocity=00000000.00000000.00000000
simulation stage=stack664_0 position=00000000.3ee66666.00000000 velocity=00000000.00000000.00000000
simulation stage=stack664_1 position=00000000.3fb305bc.00000000 velocity=00000000.00000000.00000000
simulation stage=stack664_2 position=00000000.401638ef.00000000 velocity=00000000.00000000.00000000
simulation stage=stack665_0 position=00000000.3ee66666.00000000 velocity=00000000.00000000.00000000
simulation stage=stack665_1 position=00000000.3fb305bc.00000000 velocity=00000000.00000000.00000000
simulation stage=stack665_2 position=00000000.401638ef.00000000 velocity=00000000.00000000.00000000
simulation stage=stack666_0 position=00000000.3ee66666.00000000 velocity=00000000.00000000.00000000
simulation stage=stack666_1 position=00000000.3fb305bc.00000000 velocity=00000000.00000000.00000000
simulation stage=stack666_2 position=00000000.401638ef.00000000 velocity=00000000.00000000.00000000
simulation stage=stack667_0 position=00000000.3ee66666.00000000 velocity=00000000.00000000.00000000
simulation stage=stack667_1 position=00000000.3fb305bc.00000000 velocity=00000000.00000000.00000000
simulation stage=stack667_2 position=00000000.401638ef.00000000 velocity=00000000.00000000.00000000
simulation stage=stack668_0 position=00000000.3ee66666.00000000 velocity=00000000.00000000.00000000
simulation stage=stack668_1 position=00000000.3fb305bc.00000000 velocity=00000000.00000000.00000000
simulation stage=stack668_2 position=00000000.401638ef.00000000 velocity=00000000.00000000.00000000
simulation stage=stack669_0 position=00000000.3ee66666.00000000 velocity=00000000.00000000.00000000
simulation stage=stack669_1 position=00000000.3fb305bc.00000000 velocity=00000000.00000000.00000000
simulation stage=stack669_2 position=00000000.401638ef.00000000 velocity=00000000.00000000.00000000
simulation stage=stack670_0 position=00000000.3ee66666.00000000 velocity=00000000.00000000.00000000
simulation stage=stack670_1 position=00000000.3fb305bc.00000000 velocity=00000000.00000000.00000000
simulation stage=stack670_2 position=00000000.401638ef.00000000 velocity=00000000.00000000.00000000
simulation stage=stack671_0 position=00000000.3ee66666.00000000 velocity=00000000.00000000.00000000
simulation stage=stack671_1 position=00000000.3fb305bc.00000000 velocity=00000000.00000000.00000000
simulation stage=stack671_2 position=00000000.401638ef.00000000 velocity=00000000.00000000.00000000
simulation stage=stack672_0 position=00000000.3ee66666.00000000 velocity=00000000.00000000.00000000
simulation stage=stack672_1 position=00000000.3fb305bc.00000000 velocity=00000000.00000000.00000000
simulation stage=stack672_2 position=00000000.401638ef.00000000 velocity=00000000.00000000.00000000
simulation stage=stack673_0 position=00000000.3ee66666.00000000 velocity=00000000.00000000.00000000
simulation stage=stack673_1 position=00000000.3fb305bc.00000000 velocity=00000000.00000000.00000000
simulation stage=stack673_2 position=00000000.401638ef.00000000 velocity=00000000.00000000.00000000
simulation stage=stack674_0 position=00000000.3ee66666.00000000 velocity=00000000.00000000.00000000
simulation stage=stack674_1 position=00000000.3fb305bc.00000000 velocity=00000000.00000000.00000000
simulation stage=stack674_2 position=00000000.401638ef.00000000 velocity=00000000.00000000.00000000
simulation stage=stack675_0 position=00000000.3ee66666.00000000 velocity=00000000.00000000.00000000
simulation stage=stack675_1 position=00000000.3fb305bc.00000000 velocity=00000000.00000000.00000000
simulation stage=stack675_2 position=00000000.401638ef.00000000 velocity=00000000.00000000.00000000
simulation stage=stack676_0 position=00000000.3ee66666.00000000 velocity=00000000.00000000.00000000
simulation stage=stack676_1 position=00000000.3fb305bc.00000000 velocity=00000000.00000000.00000000
simulation stage=stack676_2 position=00000000.401638ef.00000000 velocity=00000000.00000000.00000000
simulation stage=stack677_0 position=00000000.3ee66666.00000000 velocity=00000000.00000000.00000000
simulation stage=stack677_1 position=00000000.3fb305bc.00000000 velocity=00000000.00000000.00000000
simulation stage=stack677_2 position=00000000.401638ef.00000000 velocity=00000000.00000000.00000000
simulation stage=stack678_0 position=00000000.3ee66666.00000000 velocity=00000000.00000000.00000000
simulation stage=stack678_1 position=00000000.3fb305bc.00000000 velocity=00000000.00000000.00000000
simulation stage=stack678_2 position=00000000.401638ef.00000000 velocity=00000000.00000000.00000000
simulation stage=stack679_0 position=00000000.3ee66666.00000000 velocity=00000000.00000000.00000000
simulation stage=stack679_1 position=00000000.3fb305bc.00000000 velocity=00000000.00000000.00000000
simulation stage=stack679_2 position=00000000.401638ef.00000000 velocity=00000000.00000000.00000000
simulation stage=stack680_0 position=00000000.3ee66666.00000000 velocity=00000000.00000000.00000000
simulation stage=stack680_1 position=00000000.3fb305bc.00000000 velocity=00000000.00000000.00000000
simulation stage=stack680_2 position=00000000.401638ef.00000000 velocity=00000000.00000000.00000000
simulation stage=stack681_0 position=00000000.3ee66666.00000000 velocity=00000000.00000000.00000000
simulation stage=stack681_1 position=00000000.3fb305bc.00000000 velocity=00000000.00000000.00000000
simulation stage=stack681_2 position=00000000.401638ef.00000000 velocity=00000000.00000000.00000000
simulation stage=stack682_0 position=00000000.3ee66666.00000000 velocity=00000000.00000000.00000000
simulation stage=stack682_1 position=00000000.3fb305bc.00000000 velocity=00000000.00000000.00000000
simulation stage=stack682_2 position=00000000.401638ef.00000000 velocity=00000000.00000000.00000000
simulation stage=stack683_0 position=00000000.3ee66666.00000000 velocity=00000000.00000000.00000000
simulation stage=stack683_1 position=00000000.3fb305bc.00000000 velocity=00000000.00000000.00000000
simulation stage=stack683_2 position=00000000.401638ef.00000000 velocity=00000000.00000000.00000000
simulation stage=stack684_0 position=00000000.3ee66666.00000000 velocity=00000000.00000000.00000000
simulation stage=stack684_1 position=00000000.3fb305bc.00000000 velocity=00000000.00000000.00000000
simulation stage=stack684_2 position=00000000.401638ef.00000000 velocity=00000000.00000000.00000000
simulation stage=stack685_0 position=00000000.3ee66666.00000000 velocity=00000000.00000000.00000000
simulation stage=stack685_1 position=00000000.3fb305bc.00000000 velocity=00000000.00000000.00000000
simulation stage=stack685_2 position=00000000.401638ef.00000000 velocity=00000000.00000000.00000000
simulation stage=stack686_0 position=00000000.3ee66666.00000000 velocity=00000000.00000000.00000000
simulation stage=stack686_1 position=00000000.3fb305bc.00000000 velocity=00000000.00000000.00000000
simulation stage=stack686_2 position=00000000.401638ef.00000000 velocity=00000000.00000000.00000000
simulation stage=stack687_0 position=00000000.3ee66666.00000000 velocity=00000000.00000000.00000000
simulation stage=stack687_1 position=00000000.3fb305bc.00000000 velocity=00000000.00000000.00000000
simulation stage=stack687_2 position=00000000.401638ef.00000000 velocity=00000000.00000000.00000000
simulation stage=stack688_0 position=00000000.3ee66666.00000000 velocity=00000000.00000000.00000000
simulation stage=stack688_1 position=00000000.3fb305bc.00000000 velocity=00000000.00000000.00000000
simulation stage=stack688_2 position=00000000.401638ef.00000000 velocity=00000000.00000000.00000000
simulation stage=stack689_0 position=00000000.3ee66666.00000000 velocity=00000000.00000000.00000000
simulation stage=stack689_1 position=00000000.3fb305bc.00000000 velocity=00000000.00000000.00000000
simulation stage=stack689_2 position=00000000.401638ef.00000000 velocity=00000000.00000000.00000000
simulation stage=stack690_0 position=00000000.3ee66666.00000000 velocity=00000000.00000000.00000000
simulation stage=stack690_1 position=00000000.3fb305bc.00000000 velocity=00000000.00000000.00000000
simulation stage=stack690_2 position=00000000.401638ef.00000000 velocity=00000000.00000000.00000000
simulation stage=stack691_0 position=00000000.3ee66666.00000000 velocity=00000000.00000000.00000000
simulation stage=stack691_1 position=00000000.3fb305bc.00000000 velocity=00000000.00000000.00000000
simulation stage=stack691_2 position=00000000.401638ef.00000000 velocity=00000000.00000000.00000000
simulation stage=stack692_0 position=00000000.3ee66666.00000000 velocity=00000000.00000000.00000000
simulation stage=stack692_1 position=00000000.3fb305bc.00000000 velocity=00000000.00000000.00000000
simulation stage=stack692_2 position=00000000.401638ef.00000000 velocity=00000000.00000000.00000000
simulation stage=stack693_0 position=00000000.3ee66666.00000000 velocity=00000000.00000000.00000000
simulation stage=stack693_1 position=00000000.3fb305bc.00000000 velocity=00000000.00000000.00000000
simulation stage=stack693_2 position=00000000.401638ef.00000000 velocity=00000000.00000000.00000000
simulation stage=stack694_0 position=00000000.3ee66666.00000000 velocity=00000000.00000000.00000000
simulation stage=stack694_1 position=00000000.3fb305bc.00000000 velocity=00000000.00000000.00000000
simulation stage=stack694_2 position=00000000.401638ef.00000000 velocity=00000000.00000000.00000000
simulation stage=stack695_0 position=00000000.3ee66666.00000000 velocity=00000000.00000000.00000000
simulation stage=stack695_1 position=00000000.3fb305bc.00000000 velocity=00000000.00000000.00000000
simulation stage=stack695_2 position=00000000.401638ef.00000000 velocity=00000000.00000000.00000000
simulation stage=stack696_0 position=00000000.3ee66666.00000000 velocity=00000000.00000000.00000000
simulation stage=stack696_1 position=00000000.3fb305bc.00000000 velocity=00000000.00000000.00000000
simulation stage=stack696_2 position=00000000.401638ef.00000000 velocity=00000000.00000000.00000000
simulation stage=stack697_0 position=00000000.3ee66666.00000000 velocity=00000000.00000000.00000000
simulation stage=stack697_1 position=00000000.3fb305bc.00000000 velocity=00000000.00000000.00000000
simulation stage=stack697_2 position=00000000.401638ef.00000000 velocity=00000000.00000000.00000000
simulation stage=stack698_0 position=00000000.3ee66666.00000000 velocity=00000000.00000000.00000000
simulation stage=stack698_1 position=00000000.3fb305bc.00000000 velocity=00000000.00000000.00000000
simulation stage=stack698_2 position=00000000.401638ef.00000000 velocity=00000000.00000000.00000000
simulation stage=stack699_0 position=00000000.3ee66666.00000000 velocity=00000000.00000000.00000000
simulation stage=stack699_1 position=00000000.3fb305bc.00000000 velocity=00000000.00000000.00000000
simulation stage=stack699_2 position=00000000.401638ef.00000000 velocity=00000000.00000000.00000000
simulation stage=stack700_0 position=00000000.3ee66666.00000000 velocity=00000000.00000000.00000000
simulation stage=stack700_1 position=00000000.3fb305bc.00000000 velocity=00000000.00000000.00000000
simulation stage=stack700_2 position=00000000.401638ef.00000000 velocity=00000000.00000000.00000000
simulation stage=stack701_0 position=00000000.3ee66666.00000000 velocity=00000000.00000000.00000000
simulation stage=stack701_1 position=00000000.3fb305bc.00000000 velocity=00000000.00000000.00000000
simulation stage=stack701_2 position=00000000.401638ef.00000000 velocity=00000000.00000000.00000000
simulation stage=stack702_0 position=00000000.3ee66666.00000000 velocity=00000000.00000000.00000000
simulation stage=stack702_1 position=00000000.3fb305bc.00000000 velocity=00000000.00000000.00000000
simulation stage=stack702_2 position=00000000.401638ef.00000000 velocity=00000000.00000000.00000000
simulation stage=stack703_0 position=00000000.3ee66666.00000000 velocity=00000000.00000000.00000000
simulation stage=stack703_1 position=00000000.3fb305bc.00000000 velocity=00000000.00000000.00000000
simulation stage=stack703_2 position=00000000.401638ef.00000000 velocity=00000000.00000000.00000000
simulation stage=stack704_0 position=00000000.3ee66666.00000000 velocity=00000000.00000000.00000000
simulation stage=stack704_1 position=00000000.3fb305bc.00000000 velocity=00000000.00000000.00000000
simulation stage=stack704_2 position=00000000.401638ef.00000000 velocity=00000000.00000000.00000000
simulation stage=stack705_0 position=00000000.3ee66666.00000000 velocity=00000000.00000000.00000000
simulation stage=stack705_1 position=00000000.3fb305bc.00000000 velocity=00000000.00000000.00000000
simulation stage=stack705_2 position=00000000.401638ef.00000000 velocity=00000000.00000000.00000000
simulation stage=stack706_0 position=00000000.3ee66666.00000000 velocity=00000000.00000000.00000000
simulation stage=stack706_1 position=00000000.3fb305bc.00000000 velocity=00000000.00000000.00000000
simulation stage=stack706_2 position=00000000.401638ef.00000000 velocity=00000000.00000000.00000000
simulation stage=stack707_0 position=00000000.3ee66666.00000000 velocity=00000000.00000000.00000000
simulation stage=stack707_1 position=00000000.3fb305bc.00000000 velocity=00000000.00000000.00000000
simulation stage=stack707_2 position=00000000.401638ef.00000000 velocity=00000000.00000000.00000000
simulation stage=stack708_0 position=00000000.3ee66666.00000000 velocity=00000000.00000000.00000000
simulation stage=stack708_1 position=00000000.3fb305bc.00000000 velocity=00000000.00000000.00000000
simulation stage=stack708_2 position=00000000.401638ef.00000000 velocity=00000000.00000000.00000000
simulation stage=stack709_0 position=00000000.3ee66666.00000000 velocity=00000000.00000000.00000000
simulation stage=stack709_1 position=00000000.3fb305bc.00000000 velocity=00000000.00000000.00000000
simulation stage=stack709_2 position=00000000.401638ef.00000000 velocity=00000000.00000000.00000000
simulation stage=stack710_0 position=00000000.3ee66666.00000000 velocity=00000000.00000000.00000000
simulation stage=stack710_1 position=00000000.3fb305bc.00000000 velocity=00000000.00000000.00000000
simulation stage=stack710_2 position=00000000.401638ef.00000000 velocity=00000000.00000000.00000000
simulation stage=stack711_0 position=00000000.3ee66666.00000000 velocity=00000000.00000000.00000000
simulation stage=stack711_1 position=00000000.3fb305bc.00000000 velocity=00000000.00000000.00000000
simulation stage=stack711_2 position=00000000.401638ef.00000000 velocity=00000000.00000000.00000000
simulation stage=stack712_0 position=00000000.3ee66666.00000000 velocity=00000000.00000000.00000000
simulation stage=stack712_1 position=00000000.3fb305bc.00000000 velocity=00000000.00000000.00000000
simulation stage=stack712_2 position=00000000.401638ef.00000000 velocity=00000000.00000000.00000000
simulation stage=stack713_0 position=00000000.3ee66666.00000000 velocity=00000000.00000000.00000000
simulation stage=stack713_1 position=00000000.3fb305bc.00000000 velocity=00000000.00000000.00000000
simulation stage=stack713_2 position=00000000.401638ef.00000000 velocity=00000000.00000000.00000000
simulation stage=stack714_0 position=00000000.3ee66666.00000000 velocity=00000000.00000000.00000000
simulation stage=stack714_1 position=00000000.3fb305bc.00000000 velocity=00000000.00000000.00000000
simulation stage=stack714_2 position=00000000.401638ef.00000000 velocity=00000000.00000000.00000000
simulation stage=stack715_0 position=00000000.3ee66666.00000000 velocity=00000000.00000000.00000000
simulation stage=stack715_1 position=00000000.3fb305bc.00000000 velocity=00000000.00000000.00000000
simulation stage=stack715_2 position=00000000.401638ef.00000000 velocity=00000000.00000000.00000000
simulation stage=stack716_0 position=00000000.3ee66666.00000000 velocity=00000000.00000000.00000000
simulation stage=stack716_1 position=00000000.3fb305bc.00000000 velocity=00000000.00000000.00000000
simulation stage=stack716_2 position=00000000.401638ef.00000000 velocity=00000000.00000000.00000000
simulation stage=stack717_0 position=00000000.3ee66666.00000000 velocity=00000000.00000000.00000000
simulation stage=stack717_1 position=00000000.3fb305bc.00000000 velocity=00000000.00000000.00000000
simulation stage=stack717_2 position=00000000.401638ef.00000000 velocity=00000000.00000000.00000000
simulation stage=stack718_0 position=00000000.3ee66666.00000000 velocity=00000000.00000000.00000000
simulation stage=stack718_1 position=00000000.3fb305bc.00000000 velocity=00000000.00000000.00000000
simulation stage=stack718_2 position=00000000.401638ef.00000000 velocity=00000000.00000000.00000000
simulation stage=stack719_0 position=00000000.3ee66666.00000000 velocity=00000000.00000000.00000000
simulation stage=stack719_1 position=00000000.3fb305bc.00000000 velocity=00000000.00000000.00000000
simulation stage=stack719_2 position=00000000.401638ef.00000000 velocity=00000000.00000000.00000000
simulation stage=stack720_0 position=00000000.3ee66666.00000000 velocity=00000000.00000000.00000000
simulation stage=stack720_1 position=00000000.3fb305bc.00000000 velocity=00000000.00000000.00000000
simulation stage=stack720_2 position=00000000.401638ef.00000000 velocity=00000000.00000000.00000000
simulation stage=stack721_0 position=00000000.3ee66666.00000000 velocity=00000000.00000000.00000000
simulation stage=stack721_1 position=00000000.3fb305bc.00000000 velocity=00000000.00000000.00000000
simulation stage=stack721_2 position=00000000.401638ef.00000000 velocity=00000000.00000000.00000000
simulation stage=stack722_0 position=00000000.3ee66666.00000000 velocity=00000000.00000000.00000000
simulation stage=stack722_1 position=00000000.3fb305bc.00000000 velocity=00000000.00000000.00000000
simulation stage=stack722_2 position=00000000.401638ef.00000000 velocity=00000000.00000000.00000000
simulation stage=stack723_0 position=00000000.3ee66666.00000000 velocity=00000000.00000000.00000000
simulation stage=stack723_1 position=00000000.3fb305bc.00000000 velocity=00000000.00000000.00000000
simulation stage=stack723_2 position=00000000.401638ef.00000000 velocity=00000000.00000000.00000000
simulation stage=stack724_0 position=00000000.3ee66666.00000000 velocity=00000000.00000000.00000000
simulation stage=stack724_1 position=00000000.3fb305bc.00000000 velocity=00000000.00000000.00000000
simulation stage=stack724_2 position=00000000.401638ef.00000000 velocity=00000000.00000000.00000000
simulation stage=stack725_0 position=00000000.3ee66666.00000000 velocity=00000000.00000000.00000000
simulation stage=stack725_1 position=00000000.3fb305bc.00000000 velocity=00000000.00000000.00000000
simulation stage=stack725_2 position=00000000.401638ef.00000000 velocity=00000000.00000000.00000000
simulation stage=stack726_0 position=00000000.3ee66666.00000000 velocity=00000000.00000000.00000000
simulation stage=stack726_1 position=00000000.3fb305bc.00000000 velocity=00000000.00000000.00000000
simulation stage=stack726_2 position=00000000.401638ef.00000000 velocity=00000000.00000000.00000000
simulation stage=stack727_0 position=00000000.3ee66666.00000000 velocity=00000000.00000000.00000000
simulation stage=stack727_1 position=00000000.3fb305bc.00000000 velocity=00000000.00000000.00000000
simulation stage=stack727_2 position=00000000.401638ef.00000000 velocity=00000000.00000000.00000000
simulation stage=stack728_0 position=00000000.3ee66666.00000000 velocity=00000000.00000000.00000000
simulation stage=stack728_1 position=00000000.3fb305bc.00000000 velocity=00000000.00000000.00000000
simulation stage=stack728_2 position=00000000.401638ef.00000000 velocity=00000000.00000000.00000000
simulation stage=stack729_0 position=00000000.3ee66666.00000000 velocity=00000000.00000000.00000000
simulation stage=stack729_1 position=00000000.3fb305bc.00000000 velocity=00000000.00000000.00000000
simulation stage=stack729_2 position=00000000.401638ef.00000000 velocity=00000000.00000000.00000000
simulation stage=stack730_0 position=00000000.3ee66666.00000000 velocity=00000000.00000000.00000000
simulation stage=stack730_1 position=00000000.3fb305bc.00000000 velocity=00000000.00000000.00000000
simulation stage=stack730_2 position=00000000.401638ef.00000000 velocity=00000000.00000000.00000000
simulation stage=stack731_0 position=00000000.3ee66666.00000000 velocity=00000000.00000000.00000000
simulation stage=stack731_1 position=00000000.3fb305bc.00000000 velocity=00000000.00000000.00000000
simulation stage=stack731_2 position=00000000.401638ef.00000000 velocity=00000000.00000000.00000000
simulation stage=stack732_0 position=00000000.3ee66666.00000000 velocity=00000000.00000000.00000000
simulation stage=stack732_1 position=00000000.3fb305bc.00000000 velocity=00000000.00000000.00000000
simulation stage=stack732_2 position=00000000.401638ef.00000000 velocity=00000000.00000000.00000000
simulation stage=stack733_0 position=00000000.3ee66666.00000000 velocity=00000000.00000000.00000000
simulation stage=stack733_1 position=00000000.3fb305bc.00000000 velocity=00000000.00000000.00000000
simulation stage=stack733_2 position=00000000.401638ef.00000000 velocity=00000000.00000000.00000000
simulation stage=stack734_0 position=00000000.3ee66666.00000000 velocity=00000000.00000000.00000000
simulation stage=stack734_1 position=00000000.3fb305bc.00000000 velocity=00000000.00000000.00000000
simulation stage=stack734_2 position=00000000.401638ef.00000000 velocity=00000000.00000000.00000000
simulation stage=stack735_0 position=00000000.3ee66666.00000000 velocity=00000000.00000000.00000000
simulation stage=stack735_1 position=00000000.3fb305bc.00000000 velocity=00000000.00000000.00000000
simulation stage=stack735_2 position=00000000.401638ef.00000000 velocity=00000000.00000000.00000000
simulation stage=stack736_0 position=00000000.3ee66666.00000000 velocity=00000000.00000000.00000000
simulation stage=stack736_1 position=00000000.3fb305bc.00000000 velocity=00000000.00000000.00000000
simulation stage=stack736_2 position=00000000.401638ef.00000000 velocity=00000000.00000000.00000000
simulation stage=stack737_0 position=00000000.3ee66666.00000000 velocity=00000000.00000000.00000000
simulation stage=stack737_1 position=00000000.3fb305bc.00000000 velocity=00000000.00000000.00000000
simulation stage=stack737_2 position=00000000.401638ef.00000000 velocity=00000000.00000000.00000000
simulation stage=stack738_0 position=00000000.3ee66666.00000000 velocity=00000000.00000000.00000000
simulation stage=stack738_1 position=00000000.3fb305bc.00000000 velocity=00000000.00000000.00000000
simulation stage=stack738_2 position=00000000.401638ef.00000000 velocity=00000000.00000000.00000000
simulation stage=stack739_0 position=00000000.3ee66666.00000000 velocity=00000000.00000000.00000000
simulation stage=stack739_1 position=00000000.3fb305bc.00000000 velocity=00000000.00000000.00000000
simulation stage=stack739_2 position=00000000.401638ef.00000000 velocity=00000000.00000000.00000000
simulation stage=stack740_0 position=00000000.3ee66666.00000000 velocity=00000000.00000000.00000000
simulation stage=stack740_1 position=00000000.3fb305bc.00000000 velocity=00000000.00000000.00000000
simulation stage=stack740_2 position=00000000.401638ef.00000000 velocity=00000000.00000000.00000000
simulation stage=stack741_0 position=00000000.3ee66666.00000000 velocity=00000000.00000000.00000000
simulation stage=stack741_1 position=00000000.3fb305bc.00000000 velocity=00000000.00000000.00000000
simulation stage=stack741_2 position=00000000.401638ef.00000000 velocity=00000000.00000000.00000000
simulation stage=stack742_0 position=00000000.3ee66666.00000000 velocity=00000000.00000000.00000000
simulation stage=stack742_1 position=00000000.3fb305bc.00000000 velocity=00000000.00000000.00000000
simulation stage=stack742_2 position=00000000.401638ef.00000000 velocity=00000000.00000000.00000000
simulation stage=stack743_0 position=00000000.3ee66666.00000000 velocity=00000000.00000000.00000000
simulation stage=stack743_1 position=00000000.3fb305bc.00000000 velocity=00000000.00000000.00000000
simulation stage=stack743_2 position=00000000.401638ef.00000000 velocity=00000000.00000000.00000000
simulation stage=stack744_0 position=00000000.3ee66666.00000000 velocity=00000000.00000000.00000000
simulation stage=stack744_1 position=00000000.3fb305bc.00000000 velocity=00000000.00000000.00000000
simulation stage=stack744_2 position=00000000.401638ef.00000000 velocity=00000000.00000000.00000000
simulation stage=stack745_0 position=00000000.3ee66666.00000000 velocity=00000000.00000000.00000000
simulation stage=stack745_1 position=00000000.3fb305bc.00000000 velocity=00000000.00000000.00000000
simulation stage=stack745_2 position=00000000.401638ef.00000000 velocity=00000000.00000000.00000000
simulation stage=stack746_0 position=00000000.3ee66666.00000000 velocity=00000000.00000000.00000000
simulation stage=stack746_1 position=00000000.3fb305bc.00000000 velocity=00000000.00000000.00000000
simulation stage=stack746_2 position=00000000.401638ef.00000000 velocity=00000000.00000000.00000000
simulation stage=stack747_0 position=00000000.3ee66666.00000000 velocity=00000000.00000000.00000000
simulation stage=stack747_1 position=00000000.3fb305bc.00000000 velocity=00000000.00000000.00000000
simulation stage=stack747_2 position=00000000.401638ef.00000000 velocity=00000000.00000000.00000000
simulation stage=stack748_0 position=00000000.3ee66666.00000000 velocity=00000000.00000000.00000000
simulation stage=stack748_1 position=00000000.3fb305bc.00000000 velocity=00000000.00000000.00000000
simulation stage=stack748_2 position=00000000.401638ef.00000000 velocity=00000000.00000000.00000000
simulation stage=stack749_0 position=00000000.3ee66666.00000000 velocity=00000000.00000000.00000000
simulation stage=stack749_1 position=00000000.3fb305bc.00000000 velocity=00000000.00000000.00000000
simulation stage=stack749_2 position=00000000.401638ef.00000000 velocity=00000000.00000000.00000000
simulation stage=stack750_0 position=00000000.3ee66666.00000000 velocity=00000000.00000000.00000000
simulation stage=stack750_1 position=00000000.3fb305bc.00000000 velocity=00000000.00000000.00000000
simulation stage=stack750_2 position=00000000.401638ef.00000000 velocity=00000000.00000000.00000000
simulation stage=stack751_0 position=00000000.3ee66666.00000000 velocity=00000000.00000000.00000000
simulation stage=stack751_1 position=00000000.3fb305bc.00000000 velocity=00000000.00000000.00000000
simulation stage=stack751_2 position=00000000.401638ef.00000000 velocity=00000000.00000000.00000000
simulation stage=stack752_0 position=00000000.3ee66666.00000000 velocity=00000000.00000000.00000000
simulation stage=stack752_1 position=00000000.3fb305bc.00000000 velocity=00000000.00000000.00000000
simulation stage=stack752_2 position=00000000.401638ef.00000000 velocity=00000000.00000000.00000000
simulation stage=stack753_0 position=00000000.3ee66666.00000000 velocity=00000000.00000000.00000000
simulation stage=stack753_1 position=00000000.3fb305bc.00000000 velocity=00000000.00000000.00000000
simulation stage=stack753_2 position=00000000.401638ef.00000000 velocity=00000000.00000000.00000000
simulation stage=stack754_0 position=00000000.3ee66666.00000000 velocity=00000000.00000000.00000000
simulation stage=stack754_1 position=00000000.3fb305bc.00000000 velocity=00000000.00000000.00000000
simulation stage=stack754_2 position=00000000.401638ef.00000000 velocity=00000000.00000000.00000000
simulation stage=stack755_0 position=00000000.3ee66666.00000000 velocity=00000000.00000000.00000000
simulation stage=stack755_1 position=00000000.3fb305bc.00000000 velocity=00000000.00000000.00000000
simulation stage=stack755_2 position=00000000.401638ef.00000000 velocity=00000000.00000000.00000000
simulation stage=stack756_0 position=00000000.3ee66666.00000000 velocity=00000000.00000000.00000000
simulation stage=stack756_1 position=00000000.3fb305bc.00000000 velocity=00000000.00000000.00000000
simulation stage=stack756_2 position=00000000.401638ef.00000000 velocity=00000000.00000000.00000000
simulation stage=stack757_0 position=00000000.3ee66666.00000000 velocity=00000000.00000000.00000000
simulation stage=stack757_1 position=00000000.3fb305bc.00000000 velocity=00000000.00000000.00000000
simulation stage=stack757_2 position=00000000.401638ef.00000000 velocity=00000000.00000000.00000000
simulation stage=stack758_0 position=00000000.3ee66666.00000000 velocity=00000000.00000000.00000000
simulation stage=stack758_1 position=00000000.3fb305bc.00000000 velocity=00000000.00000000.00000000
simulation stage=stack758_2 position=00000000.401638ef.00000000 velocity=00000000.00000000.00000000
simulation stage=stack759_0 position=00000000.3ee66666.00000000 velocity=00000000.00000000.00000000
simulation stage=stack759_1 position=00000000.3fb305bc.00000000 velocity=00000000.00000000.00000000
simulation stage=stack759_2 position=00000000.401638ef.00000000 velocity=00000000.00000000.00000000
simulation stage=stack760_0 position=00000000.3ee66666.00000000 velocity=00000000.00000000.00000000
simulation stage=stack760_1 position=00000000.3fb305bc.00000000 velocity=00000000.00000000.00000000
simulation stage=stack760_2 position=00000000.401638ef.00000000 velocity=00000000.00000000.00000000
simulation stage=stack761_0 position=00000000.3ee66666.00000000 velocity=00000000.00000000.00000000
simulation stage=stack761_1 position=00000000.3fb305bc.00000000 velocity=00000000.00000000.00000000
simulation stage=stack761_2 position=00000000.401638ef.00000000 velocity=00000000.00000000.00000000
simulation stage=stack762_0 position=00000000.3ee66666.00000000 velocity=00000000.00000000.00000000
simulation stage=stack762_1 position=00000000.3fb305bc.00000000 velocity=00000000.00000000.00000000
simulation stage=stack762_2 position=00000000.401638ef.00000000 velocity=00000000.00000000.00000000
simulation stage=stack763_0 position=00000000.3ee66666.00000000 velocity=00000000.00000000.00000000
simulation stage=stack763_1 position=00000000.3fb305bc.00000000 velocity=00000000.00000000.00000000
simulation stage=stack763_2 position=00000000.401638ef.00000000 velocity=00000000.00000000.00000000
simulation stage=stack764_0 position=00000000.3ee66666.00000000 velocity=00000000.00000000.00000000
simulation stage=stack764_1 position=00000000.3fb305bc.00000000 velocity=00000000.00000000.00000000
simulation stage=stack764_2 position=00000000.401638ef.00000000 velocity=00000000.00000000.00000000
simulation stage=stack765_0 position=00000000.3ee66666.00000000 velocity=00000000.00000000.00000000
simulation stage=stack765_1 position=00000000.3fb305bc.00000000 velocity=00000000.00000000.00000000
simulation stage=stack765_2 position=00000000.401638ef.00000000 velocity=00000000.00000000.00000000
simulation stage=stack766_0 position=00000000.3ee66666.00000000 velocity=00000000.00000000.00000000
simulation stage=stack766_1 position=00000000.3fb305bc.00000000 velocity=00000000.00000000.00000000
simulation stage=stack766_2 position=00000000.401638ef.00000000 velocity=00000000.00000000.00000000
simulation stage=stack767_0 position=00000000.3ee66666.00000000 velocity=00000000.00000000.00000000
simulation stage=stack767_1 position=00000000.3fb305bc.00000000 velocity=00000000.00000000.00000000
simulation stage=stack767_2 position=00000000.401638ef.00000000 velocity=00000000.00000000.00000000
simulation stage=stack768_0 position=00000000.3ee66666.00000000 velocity=00000000.00000000.00000000
simulation stage=stack768_1 position=00000000.3fb305bc.00000000 velocity=00000000.00000000.00000000
simulation stage=stack768_2 position=00000000.401638ef.00000000 velocity=00000000.00000000.00000000
simulation stage=stack769_0 position=00000000.3ee66666.00000000 velocity=00000000.00000000.00000000
simulation stage=stack769_1 position=00000000.3fb305bc.00000000 velocity=00000000.00000000.00000000
simulation stage=stack769_2 position=00000000.401638ef.00000000 velocity=00000000.00000000.00000000
simulation stage=stack770_0 position=00000000.3ee66666.00000000 velocity=00000000.00000000.00000000
simulation stage=stack770_1 position=00000000.3fb305bc.00000000 velocity=00000000.00000000.00000000
simulation stage=stack770_2 position=00000000.401638ef.00000000 velocity=00000000.00000000.00000000
simulation stage=stack771_0 position=00000000.3ee66666.00000000 velocity=00000000.00000000.00000000
simulation stage=stack771_1 position=00000000.3fb305bc.00000000 velocity=00000000.00000000.00000000
simulation stage=stack771_2 position=00000000.401638ef.00000000 velocity=00000000.00000000.00000000
simulation stage=stack772_0 position=00000000.3ee66666.00000000 velocity=00000000.00000000.00000000
simulation stage=stack772_1 position=00000000.3fb305bc.00000000 velocity=00000000.00000000.00000000
simulation stage=stack772_2 position=00000000.401638ef.00000000 velocity=00000000.00000000.00000000
simulation stage=stack773_0 position=00000000.3ee66666.00000000 velocity=00000000.00000000.00000000
simulation stage=stack773_1 position=00000000.3fb305bc.00000000 velocity=00000000.00000000.00000000
simulation stage=stack773_2 position=00000000.401638ef.00000000 velocity=00000000.00000000.00000000
simulation stage=stack774_0 position=00000000.3ee66666.00000000 velocity=00000000.00000000.00000000
simulation stage=stack774_1 position=00000000.3fb305bc.00000000 velocity=00000000.00000000.00000000
simulation stage=stack774_2 position=00000000.401638ef.00000000 velocity=00000000.00000000.00000000
simulation stage=stack775_0 position=00000000.3ee66666.00000000 velocity=00000000.00000000.00000000
simulation stage=stack775_1 position=00000000.3fb305bc.00000000 velocity=00000000.00000000.00000000
simulation stage=stack775_2 position=00000000.401638ef.00000000 velocity=00000000.00000000.00000000
simulation stage=stack776_0 position=00000000.3ee66666.00000000 velocity=00000000.00000000.00000000
simulation stage=stack776_1 position=00000000.3fb305bc.00000000 velocity=00000000.00000000.00000000
simulation stage=stack776_2 position=00000000.401638ef.00000000 velocity=00000000.00000000.00000000
simulation stage=stack777_0 position=00000000.3ee66666.00000000 velocity=00000000.00000000.00000000
simulation stage=stack777_1 position=00000000.3fb305bc.00000000 velocity=00000000.00000000.00000000
simulation stage=stack777_2 position=00000000.401638ef.00000000 velocity=00000000.00000000.00000000
simulation stage=stack778_0 position=00000000.3ee66666.00000000 velocity=00000000.00000000.00000000
simulation stage=stack778_1 position=00000000.3fb305bc.00000000 velocity=00000000.00000000.00000000
simulation stage=stack778_2 position=00000000.401638ef.00000000 velocity=00000000.00000000.00000000
simulation stage=stack779_0 position=00000000.3ee66666.00000000 velocity=00000000.00000000.00000000
simulation stage=stack779_1 position=00000000.3fb305bc.00000000 velocity=00000000.00000000.00000000
simulation stage=stack779_2 position=00000000.401638ef.00000000 velocity=00000000.00000000.00000000
simulation stage=stack780_0 position=00000000.3ee66666.00000000 velocity=00000000.00000000.00000000
simulation stage=stack780_1 position=00000000.3fb305bc.00000000 velocity=00000000.00000000.00000000
simulation stage=stack780_2 position=00000000.401638ef.00000000 velocity=00000000.00000000.00000000
simulation stage=stack781_0 position=00000000.3ee66666.00000000 velocity=00000000.00000000.00000000
simulation stage=stack781_1 position=00000000.3fb305bc.00000000 velocity=00000000.00000000.00000000
simulation stage=stack781_2 position=00000000.401638ef.00000000 velocity=00000000.00000000.00000000
simulation stage=stack782_0 position=00000000.3ee66666.00000000 velocity=00000000.00000000.00000000
simulation stage=stack782_1 position=00000000.3fb305bc.00000000 velocity=00000000.00000000.00000000
simulation stage=stack782_2 position=00000000.401638ef.00000000 velocity=00000000.00000000.00000000
simulation stage=stack783_0 position=00000000.3ee66666.00000000 velocity=00000000.00000000.00000000
simulation stage=stack783_1 position=00000000.3fb305bc.00000000 velocity=00000000.00000000.00000000
simulation stage=stack783_2 position=00000000.401638ef.00000000 velocity=00000000.00000000.00000000
simulation stage=stack784_0 position=00000000.3ee66666.00000000 velocity=00000000.00000000.00000000
simulation stage=stack784_1 position=00000000.3fb305bc.00000000 velocity=00000000.00000000.00000000
simulation stage=stack784_2 position=00000000.401638ef.00000000 velocity=00000000.00000000.00000000
simulation stage=stack785_0 position=00000000.3ee66666.00000000 velocity=00000000.00000000.00000000
simulation stage=stack785_1 position=00000000.3fb305bc.00000000 velocity=00000000.00000000.00000000
simulation stage=stack785_2 position=00000000.401638ef.00000000 velocity=00000000.00000000.00000000
simulation stage=stack786_0 position=00000000.3ee66666.00000000 velocity=00000000.00000000.00000000
simulation stage=stack786_1 position=00000000.3fb305bc.00000000 velocity=00000000.00000000.00000000
simulation stage=stack786_2 position=00000000.401638ef.00000000 velocity=00000000.00000000.00000000
simulation stage=stack787_0 position=00000000.3ee66666.00000000 velocity=00000000.00000000.00000000
simulation stage=stack787_1 position=00000000.3fb305bc.00000000 velocity=00000000.00000000.00000000
simulation stage=stack787_2 position=00000000.401638ef.00000000 velocity=00000000.00000000.00000000
simulation stage=stack788_0 position=00000000.3ee66666.00000000 velocity=00000000.00000000.00000000
simulation stage=stack788_1 position=00000000.3fb305bc.00000000 velocity=00000000.00000000.00000000
simulation stage=stack788_2 position=00000000.401638ef.00000000 velocity=00000000.00000000.00000000
simulation stage=stack789_0 position=00000000.3ee66666.00000000 velocity=00000000.00000000.00000000
simulation stage=stack789_1 position=00000000.3fb305bc.00000000 velocity=00000000.00000000.00000000
simulation stage=stack789_2 position=00000000.401638ef.00000000 velocity=00000000.00000000.00000000
simulation stage=stack790_0 position=00000000.3ee66666.00000000 velocity=00000000.00000000.00000000
simulation stage=stack790_1 position=00000000.3fb305bc.00000000 velocity=00000000.00000000.00000000
simulation stage=stack790_2 position=00000000.401638ef.00000000 velocity=00000000.00000000.00000000
simulation stage=stack791_0 position=00000000.3ee66666.00000000 velocity=00000000.00000000.00000000
simulation stage=stack791_1 position=00000000.3fb305bc.00000000 velocity=00000000.00000000.00000000
simulation stage=stack791_2 position=00000000.401638ef.00000000 velocity=00000000.00000000.00000000
simulation stage=stack792_0 position=00000000.3ee66666.00000000 velocity=00000000.00000000.00000000
simulation stage=stack792_1 position=00000000.3fb305bc.00000000 velocity=00000000.00000000.00000000
simulation stage=stack792_2 position=00000000.401638ef.00000000 velocity=00000000.00000000.00000000
simulation stage=stack793_0 position=00000000.3ee66666.00000000 velocity=00000000.00000000.00000000
simulation stage=stack793_1 position=00000000.3fb305bc.00000000 velocity=00000000.00000000.00000000
simulation stage=stack793_2 position=00000000.401638ef.00000000 velocity=00000000.00000000.00000000
simulation stage=stack794_0 position=00000000.3ee66666.00000000 velocity=00000000.00000000.00000000
simulation stage=stack794_1 position=00000000.3fb305bc.00000000 velocity=00000000.00000000.00000000
simulation stage=stack794_2 position=00000000.401638ef.00000000 velocity=00000000.00000000.00000000
simulation stage=stack795_0 position=00000000.3ee66666.00000000 velocity=00000000.00000000.00000000
simulation stage=stack795_1 position=00000000.3fb305bc.00000000 velocity=00000000.00000000.00000000
simulation stage=stack795_2 position=00000000.401638ef.00000000 velocity=00000000.00000000.00000000
simulation stage=stack796_0 position=00000000.3ee66666.00000000 velocity=00000000.00000000.00000000
simulation stage=stack796_1 position=00000000.3fb305bc.00000000 velocity=00000000.00000000.00000000
simulation stage=stack796_2 position=00000000.401638ef.00000000 velocity=00000000.00000000.00000000
simulation stage=stack797_0 position=00000000.3ee66666.00000000 velocity=00000000.00000000.00000000
simulation stage=stack797_1 position=00000000.3fb305bc.00000000 velocity=00000000.00000000.00000000
simulation stage=stack797_2 position=00000000.401638ef.00000000 velocity=00000000.00000000.00000000
simulation stage=stack798_0 position=00000000.3ee66666.00000000 velocity=00000000.00000000.00000000
simulation stage=stack798_1 position=00000000.3fb305bc.00000000 velocity=00000000.00000000.00000000
simulation stage=stack798_2 position=00000000.401638ef.00000000 velocity=00000000.00000000.00000000
simulation stage=stack799_0 position=00000000.3ee66666.00000000 velocity=00000000.00000000.00000000
simulation stage=stack799_1 position=00000000.3fb305bc.00000000 velocity=00000000.00000000.00000000
simulation stage=stack799_2 position=00000000.401638ef.00000000 velocity=00000000.00000000.00000000
simulation stage=stack800_0 position=00000000.3ee66666.00000000 velocity=00000000.00000000.00000000
simulation stage=stack800_1 position=00000000.3fb305bc.00000000 velocity=00000000.00000000.00000000
simulation stage=stack800_2 position=00000000.401638ef.00000000 velocity=00000000.00000000.00000000
simulation stage=stack801_0 position=00000000.3ee66666.00000000 velocity=00000000.00000000.00000000
simulation stage=stack801_1 position=00000000.3fb305bc.00000000 velocity=00000000.00000000.00000000
simulation stage=stack801_2 position=00000000.401638ef.00000000 velocity=00000000.00000000.00000000
simulation stage=stack802_0 position=00000000.3ee66666.00000000 velocity=00000000.00000000.00000000
simulation stage=stack802_1 position=00000000.3fb305bc.00000000 velocity=00000000.00000000.00000000
simulation stage=stack802_2 position=00000000.401638ef.00000000 velocity=00000000.00000000.00000000
simulation stage=stack803_0 position=00000000.3ee66666.00000000 velocity=00000000.00000000.00000000
simulation stage=stack803_1 position=00000000.3fb305bc.00000000 velocity=00000000.00000000.00000000
simulation stage=stack803_2 position=00000000.401638ef.00000000 velocity=00000000.00000000.00000000
simulation stage=stack804_0 position=00000000.3ee66666.00000000 velocity=00000000.00000000.00000000
simulation stage=stack804_1 position=00000000.3fb305bc.00000000 velocity=00000000.00000000.00000000
simulation stage=stack804_2 position=00000000.401638ef.00000000 velocity=00000000.00000000.00000000
simulation stage=stack805_0 position=00000000.3ee66666.00000000 velocity=00000000.00000000.00000000
simulation stage=stack805_1 position=00000000.3fb305bc.00000000 velocity=00000000.00000000.00000000
simulation stage=stack805_2 position=00000000.401638ef.00000000 velocity=00000000.00000000.00000000
simulation stage=stack806_0 position=00000000.3ee66666.00000000 velocity=00000000.00000000.00000000
simulation stage=stack806_1 position=00000000.3fb305bc.00000000 velocity=00000000.00000000.00000000
simulation stage=stack806_2 position=00000000.401638ef.00000000 velocity=00000000.00000000.00000000
simulation stage=stack807_0 position=00000000.3ee66666.00000000 velocity=00000000.00000000.00000000
simulation stage=stack807_1 position=00000000.3fb305bc.00000000 velocity=00000000.00000000.00000000
simulation stage=stack807_2 position=00000000.401638ef.00000000 velocity=00000000.00000000.00000000
simulation stage=stack808_0 position=00000000.3ee66666.00000000 velocity=00000000.00000000.00000000
simulation stage=stack808_1 position=00000000.3fb305bc.00000000 velocity=00000000.00000000.00000000
simulation stage=stack808_2 position=00000000.401638ef.00000000 velocity=00000000.00000000.00000000
simulation stage=stack809_0 position=00000000.3ee66666.00000000 velocity=00000000.00000000.00000000
simulation stage=stack809_1 position=00000000.3fb305bc.00000000 velocity=00000000.00000000.00000000
simulation stage=stack809_2 position=00000000.401638ef.00000000 velocity=00000000.00000000.00000000
simulation stage=stack810_0 position=00000000.3ee66666.00000000 velocity=00000000.00000000.00000000
simulation stage=stack810_1 position=00000000.3fb305bc.00000000 velocity=00000000.00000000.00000000
simulation stage=stack810_2 position=00000000.401638ef.00000000 velocity=00000000.00000000.00000000
simulation stage=stack811_0 position=00000000.3ee66666.00000000 velocity=00000000.00000000.00000000
simulation stage=stack811_1 position=00000000.3fb305bc.00000000 velocity=00000000.00000000.00000000
simulation stage=stack811_2 position=00000000.401638ef.00000000 velocity=00000000.00000000.00000000
simulation stage=stack812_0 position=00000000.3ee66666.00000000 velocity=00000000.00000000.00000000
simulation stage=stack812_1 position=00000000.3fb305bc.00000000 velocity=00000000.00000000.00000000
simulation stage=stack812_2 position=00000000.401638ef.00000000 velocity=00000000.00000000.00000000
simulation stage=stack813_0 position=00000000.3ee66666.00000000 velocity=00000000.00000000.00000000
simulation stage=stack813_1 position=00000000.3fb305bc.00000000 velocity=00000000.00000000.00000000
simulation stage=stack813_2 position=00000000.401638ef.00000000 velocity=00000000.00000000.00000000
simulation stage=stack814_0 position=00000000.3ee66666.00000000 velocity=00000000.00000000.00000000
simulation stage=stack814_1 position=00000000.3fb305bc.00000000 velocity=00000000.00000000.00000000
simulation stage=stack814_2 position=00000000.401638ef.00000000 velocity=00000000.00000000.00000000
simulation stage=stack815_0 position=00000000.3ee66666.00000000 velocity=00000000.00000000.00000000
simulation stage=stack815_1 position=00000000.3fb305bc.00000000 velocity=00000000.00000000.00000000
simulation stage=stack815_2 position=00000000.401638ef.00000000 velocity=00000000.00000000.00000000
simulation stage=stack816_0 position=00000000.3ee66666.00000000 velocity=00000000.00000000.00000000
simulation stage=stack816_1 position=00000000.3fb305bc.00000000 velocity=00000000.00000000.00000000
simulation stage=stack816_2 position=00000000.401638ef.00000000 velocity=00000000.00000000.00000000
simulation stage=stack817_0 position=00000000.3ee66666.00000000 velocity=00000000.00000000.00000000
simulation stage=stack817_1 position=00000000.3fb305bc.00000000 velocity=00000000.00000000.00000000
simulation stage=stack817_2 position=00000000.401638ef.00000000 velocity=00000000.00000000.00000000
simulation stage=stack818_0 position=00000000.3ee66666.00000000 velocity=00000000.00000000.00000000
simulation stage=stack818_1 position=00000000.3fb305bc.00000000 velocity=00000000.00000000.00000000
simulation stage=stack818_2 position=00000000.401638ef.00000000 velocity=00000000.00000000.00000000
simulation stage=stack819_0 position=00000000.3ee66666.00000000 velocity=00000000.00000000.00000000
simulation stage=stack819_1 position=00000000.3fb305bc.00000000 velocity=00000000.00000000.00000000
simulation stage=stack819_2 position=00000000.401638ef.00000000 velocity=00000000.00000000.00000000
simulation stage=stack820_0 position=00000000.3ee66666.00000000 velocity=00000000.00000000.00000000
simulation stage=stack820_1 position=00000000.3fb305bc.00000000 velocity=00000000.00000000.00000000
simulation stage=stack820_2 position=00000000.401638ef.00000000 velocity=00000000.00000000.00000000
simulation stage=stack821_0 position=00000000.3ee66666.00000000 velocity=00000000.00000000.00000000
simulation stage=stack821_1 position=00000000.3fb305bc.00000000 velocity=00000000.00000000.00000000
simulation stage=stack821_2 position=00000000.401638ef.00000000 velocity=00000000.00000000.00000000
simulation stage=stack822_0 position=00000000.3ee66666.00000000 velocity=00000000.00000000.00000000
simulation stage=stack822_1 position=00000000.3fb305bc.00000000 velocity=00000000.00000000.00000000
simulation stage=stack822_2 position=00000000.401638ef.00000000 velocity=00000000.00000000.00000000
simulation stage=stack823_0 position=00000000.3ee66666.00000000 velocity=00000000.00000000.00000000
simulation stage=stack823_1 position=00000000.3fb305bc.00000000 velocity=00000000.00000000.00000000
simulation stage=stack823_2 position=00000000.401638ef.00000000 velocity=00000000.00000000.00000000
simulation stage=stack824_0 position=00000000.3ee66666.00000000 velocity=00000000.00000000.00000000
simulation stage=stack824_1 position=00000000.3fb305bc.00000000 velocity=00000000.00000000.00000000
simulation stage=stack824_2 position=00000000.401638ef.00000000 velocity=00000000.00000000.00000000
simulation stage=stack825_0 position=00000000.3ee66666.00000000 velocity=00000000.00000000.00000000
simulation stage=stack825_1 position=00000000.3fb305bc.00000000 velocity=00000000.00000000.00000000
simulation stage=stack825_2 position=00000000.401638ef.00000000 velocity=00000000.00000000.00000000
simulation stage=stack826_0 position=00000000.3ee66666.00000000 velocity=00000000.00000000.00000000
simulation stage=stack826_1 position=00000000.3fb305bc.00000000 velocity=00000000.00000000.00000000
simulation stage=stack826_2 position=00000000.401638ef.00000000 velocity=00000000.00000000.00000000
simulation stage=stack827_0 position=00000000.3ee66666.00000000 velocity=00000000.00000000.00000000
simulation stage=stack827_1 position=00000000.3fb305bc.00000000 velocity=00000000.00000000.00000000
simulation stage=stack827_2 position=00000000.401638ef.00000000 velocity=00000000.00000000.00000000
simulation stage=stack828_0 position=00000000.3ee66666.00000000 velocity=00000000.00000000.00000000
simulation stage=stack828_1 position=00000000.3fb305bc.00000000 velocity=00000000.00000000.00000000
simulation stage=stack828_2 position=00000000.401638ef.00000000 velocity=00000000.00000000.00000000
simulation stage=stack829_0 position=00000000.3ee66666.00000000 velocity=00000000.00000000.00000000
simulation stage=stack829_1 position=00000000.3fb305bc.00000000 velocity=00000000.00000000.00000000
simulation stage=stack829_2 position=00000000.401638ef.00000000 velocity=00000000.00000000.00000000
simulation stage=stack830_0 position=00000000.3ee66666.00000000 velocity=00000000.00000000.00000000
simulation stage=stack830_1 position=00000000.3fb305bc.00000000 velocity=00000000.00000000.00000000
simulation stage=stack830_2 position=00000000.401638ef.00000000 velocity=00000000.00000000.00000000
simulation stage=stack831_0 position=00000000.3ee66666.00000000 velocity=00000000.00000000.00000000
simulation stage=stack831_1 position=00000000.3fb305bc.00000000 velocity=00000000.00000000.00000000
simulation stage=stack831_2 position=00000000.401638ef.00000000 velocity=00000000.00000000.00000000
simulation stage=stack832_0 position=00000000.3ee66666.00000000 velocity=00000000.00000000.00000000
simulation stage=stack832_1 position=00000000.3fb305bc.00000000 velocity=00000000.00000000.00000000
simulation stage=stack832_2 position=00000000.401638ef.00000000 velocity=00000000.00000000.00000000
simulation stage=stack833_0 position=00000000.3ee66666.00000000 velocity=00000000.00000000.00000000
simulation stage=stack833_1 position=00000000.3fb305bc.00000000 velocity=00000000.00000000.00000000
simulation stage=stack833_2 position=00000000.401638ef.00000000 velocity=00000000.00000000.00000000
simulation stage=stack834_0 position=00000000.3ee66666.00000000 velocity=00000000.00000000.00000000
simulation stage=stack834_1 position=00000000.3fb305bc.00000000 velocity=00000000.00000000.00000000
simulation stage=stack834_2 position=00000000.401638ef.00000000 velocity=00000000.00000000.00000000
simulation stage=stack835_0 position=00000000.3ee66666.00000000 velocity=00000000.00000000.00000000
simulation stage=stack835_1 position=00000000.3fb305bc.00000000 velocity=00000000.00000000.00000000
simulation stage=stack835_2 position=00000000.401638ef.00000000 velocity=00000000.00000000.00000000
simulation stage=stack836_0 position=00000000.3ee66666.00000000 velocity=00000000.00000000.00000000
simulation stage=stack836_1 position=00000000.3fb305bc.00000000 velocity=00000000.00000000.00000000
simulation stage=stack836_2 position=00000000.401638ef.00000000 velocity=00000000.00000000.00000000
simulation stage=stack837_0 position=00000000.3ee66666.00000000 velocity=00000000.00000000.00000000
simulation stage=stack837_1 position=00000000.3fb305bc.00000000 velocity=00000000.00000000.00000000
simulation stage=stack837_2 position=00000000.401638ef.00000000 velocity=00000000.00000000.00000000
simulation stage=stack838_0 position=00000000.3ee66666.00000000 velocity=00000000.00000000.00000000
simulation stage=stack838_1 position=00000000.3fb305bc.00000000 velocity=00000000.00000000.00000000
simulation stage=stack838_2 position=00000000.401638ef.00000000 velocity=00000000.00000000.00000000
simulation stage=stack839_0 position=00000000.3ee66666.00000000 velocity=00000000.00000000.00000000
simulation stage=stack839_1 position=00000000.3fb305bc.00000000 velocity=00000000.00000000.00000000
simulation stage=stack839_2 position=00000000.401638ef.00000000 velocity=00000000.00000000.00000000
simulation stage=stack840_0 position=00000000.3ee66666.00000000 velocity=00000000.00000000.00000000
simulation stage=stack840_1 position=00000000.3fb305bc.00000000 velocity=00000000.00000000.00000000
simulation stage=stack840_2 position=00000000.401638ef.00000000 velocity=00000000.00000000.00000000
simulation stage=stack841_0 position=00000000.3ee66666.00000000 velocity=00000000.00000000.00000000
simulation stage=stack841_1 position=00000000.3fb305bc.00000000 velocity=00000000.00000000.00000000
simulation stage=stack841_2 position=00000000.401638ef.00000000 velocity=00000000.00000000.00000000
simulation stage=stack842_0 position=00000000.3ee66666.00000000 velocity=00000000.00000000.00000000
simulation stage=stack842_1 position=00000000.3fb305bc.00000000 velocity=00000000.00000000.00000000
simulation stage=stack842_2 position=00000000.401638ef.00000000 velocity=00000000.00000000.00000000
simulation stage=stack843_0 position=00000000.3ee66666.00000000 velocity=00000000.00000000.00000000
simulation stage=stack843_1 position=00000000.3fb305bc.00000000 velocity=00000000.00000000.00000000
simulation stage=stack843_2 position=00000000.401638ef.00000000 velocity=00000000.00000000.00000000
simulation stage=stack844_0 position=00000000.3ee66666.00000000 velocity=00000000.00000000.00000000
simulation stage=stack844_1 position=00000000.3fb305bc.00000000 velocity=00000000.00000000.00000000
simulation stage=stack844_2 position=00000000.401638ef.00000000 velocity=00000000.00000000.00000000
simulation stage=stack845_0 position=00000000.3ee66666.00000000 velocity=00000000.00000000.00000000
simulation stage=stack845_1 position=00000000.3fb305bc.00000000 velocity=00000000.00000000.00000000
simulation stage=stack845_2 position=00000000.401638ef.00000000 velocity=00000000.00000000.00000000
simulation stage=stack846_0 position=00000000.3ee66666.00000000 velocity=00000000.00000000.00000000
simulation stage=stack846_1 position=00000000.3fb305bc.00000000 velocity=00000000.00000000.00000000
simulation stage=stack846_2 position=00000000.401638ef.00000000 velocity=00000000.00000000.00000000
simulation stage=stack847_0 position=00000000.3ee66666.00000000 velocity=00000000.00000000.00000000
simulation stage=stack847_1 position=00000000.3fb305bc.00000000 velocity=00000000.00000000.00000000
simulation stage=stack847_2 position=00000000.401638ef.00000000 velocity=00000000.00000000.00000000
simulation stage=stack848_0 position=00000000.3ee66666.00000000 velocity=00000000.00000000.00000000
simulation stage=stack848_1 position=00000000.3fb305bc.00000000 velocity=00000000.00000000.00000000
simulation stage=stack848_2 position=00000000.401638ef.00000000 velocity=00000000.00000000.00000000
simulation stage=stack849_0 position=00000000.3ee66666.00000000 velocity=00000000.00000000.00000000
simulation stage=stack849_1 position=00000000.3fb305bc.00000000 velocity=00000000.00000000.00000000
simulation stage=stack849_2 position=00000000.401638ef.00000000 velocity=00000000.00000000.00000000
simulation stage=stack850_0 position=00000000.3ee66666.00000000 velocity=00000000.00000000.00000000
simulation stage=stack850_1 position=00000000.3fb305bc.00000000 velocity=00000000.00000000.00000000
simulation stage=stack850_2 position=00000000.401638ef.00000000 velocity=00000000.00000000.00000000
simulation stage=stack851_0 position=00000000.3ee66666.00000000 velocity=00000000.00000000.00000000
simulation stage=stack851_1 position=00000000.3fb305bc.00000000 velocity=00000000.00000000.00000000
simulation stage=stack851_2 position=00000000.401638ef.00000000 velocity=00000000.00000000.00000000
simulation stage=stack852_0 position=00000000.3ee66666.00000000 velocity=00000000.00000000.00000000
simulation stage=stack852_1 position=00000000.3fb305bc.00000000 velocity=00000000.00000000.00000000
simulation stage=stack852_2 position=00000000.401638ef.00000000 velocity=00000000.00000000.00000000
simulation stage=stack853_0 position=00000000.3ee66666.00000000 velocity=00000000.00000000.00000000
simulation stage=stack853_1 position=00000000.3fb305bc.00000000 velocity=00000000.00000000.00000000
simulation stage=stack853_2 position=00000000.401638ef.00000000 velocity=00000000.00000000.00000000
simulation stage=stack854_0 position=00000000.3ee66666.00000000 velocity=00000000.00000000.00000000
simulation stage=stack854_1 position=00000000.3fb305bc.00000000 velocity=00000000.00000000.00000000
simulation stage=stack854_2 position=00000000.401638ef.00000000 velocity=00000000.00000000.00000000
simulation stage=stack855_0 position=00000000.3ee66666.00000000 velocity=00000000.00000000.00000000
simulation stage=stack855_1 position=00000000.3fb305bc.00000000 velocity=00000000.00000000.00000000
simulation stage=stack855_2 position=00000000.401638ef.00000000 velocity=00000000.00000000.00000000
simulation stage=stack856_0 position=00000000.3ee66666.00000000 velocity=00000000.00000000.00000000
simulation stage=stack856_1 position=00000000.3fb305bc.00000000 velocity=00000000.00000000.00000000
simulation stage=stack856_2 position=00000000.401638ef.00000000 velocity=00000000.00000000.00000000
simulation stage=stack857_0 position=00000000.3ee66666.00000000 velocity=00000000.00000000.00000000
simulation stage=stack857_1 position=00000000.3fb305bc.00000000 velocity=00000000.00000000.00000000
simulation stage=stack857_2 position=00000000.401638ef.00000000 velocity=00000000.00000000.00000000
simulation stage=stack858_0 position=00000000.3ee66666.00000000 velocity=00000000.00000000.00000000
simulation stage=stack858_1 position=00000000.3fb305bc.00000000 velocity=00000000.00000000.00000000
simulation stage=stack858_2 position=00000000.401638ef.00000000 velocity=00000000.00000000.00000000
simulation stage=stack859_0 position=00000000.3ee66666.00000000 velocity=00000000.00000000.00000000
simulation stage=stack859_1 position=00000000.3fb305bc.00000000 velocity=00000000.00000000.00000000
simulation stage=stack859_2 position=00000000.401638ef.00000000 velocity=00000000.00000000.00000000
simulation stage=stack860_0 position=00000000.3ee66666.00000000 velocity=00000000.00000000.00000000
simulation stage=stack860_1 position=00000000.3fb305bc.00000000 velocity=00000000.00000000.00000000
simulation stage=stack860_2 position=00000000.401638ef.00000000 velocity=00000000.00000000.00000000
simulation stage=stack861_0 position=00000000.3ee66666.00000000 velocity=00000000.00000000.00000000
simulation stage=stack861_1 position=00000000.3fb305bc.00000000 velocity=00000000.00000000.00000000
simulation stage=stack861_2 position=00000000.401638ef.00000000 velocity=00000000.00000000.00000000
simulation stage=stack862_0 position=00000000.3ee66666.00000000 velocity=00000000.00000000.00000000
simulation stage=stack862_1 position=00000000.3fb305bc.00000000 velocity=00000000.00000000.00000000
simulation stage=stack862_2 position=00000000.401638ef.00000000 velocity=00000000.00000000.00000000
simulation stage=stack863_0 position=00000000.3ee66666.00000000 velocity=00000000.00000000.00000000
simulation stage=stack863_1 position=00000000.3fb305bc.00000000 velocity=00000000.00000000.00000000
simulation stage=stack863_2 position=00000000.401638ef.00000000 velocity=00000000.00000000.00000000
simulation stage=stack864_0 position=00000000.3ee66666.00000000 velocity=00000000.00000000.00000000
simulation stage=stack864_1 position=00000000.3fb305bc.00000000 velocity=00000000.00000000.00000000
simulation stage=stack864_2 position=00000000.401638ef.00000000 velocity=00000000.00000000.00000000
simulation stage=stack865_0 position=00000000.3ee66666.00000000 velocity=00000000.00000000.00000000
simulation stage=stack865_1 position=00000000.3fb305bc.00000000 velocity=00000000.00000000.00000000
simulation stage=stack865_2 position=00000000.401638ef.00000000 velocity=00000000.00000000.00000000
simulation stage=stack866_0 position=00000000.3ee66666.00000000 velocity=00000000.00000000.00000000
simulation stage=stack866_1 position=00000000.3fb305bc.00000000 velocity=00000000.00000000.00000000
simulation stage=stack866_2 position=00000000.401638ef.00000000 velocity=00000000.00000000.00000000
simulation stage=stack867_0 position=00000000.3ee66666.00000000 velocity=00000000.00000000.00000000
simulation stage=stack867_1 position=00000000.3fb305bc.00000000 velocity=00000000.00000000.00000000
simulation stage=stack867_2 position=00000000.401638ef.00000000 velocity=00000000.00000000.00000000
simulation stage=stack868_0 position=00000000.3ee66666.00000000 velocity=00000000.00000000.00000000
simulation stage=stack868_1 position=00000000.3fb305bc.00000000 velocity=00000000.00000000.00000000
simulation stage=stack868_2 position=00000000.401638ef.00000000 velocity=00000000.00000000.00000000
simulation stage=stack869_0 position=00000000.3ee66666.00000000 velocity=00000000.00000000.00000000
simulation stage=stack869_1 position=00000000.3fb305bc.00000000 velocity=00000000.00000000.00000000
simulation stage=stack869_2 position=00000000.401638ef.00000000 velocity=00000000.00000000.00000000
simulation stage=stack870_0 position=00000000.3ee66666.00000000 velocity=00000000.00000000.00000000
simulation stage=stack870_1 position=00000000.3fb305bc.00000000 velocity=00000000.00000000.00000000
simulation stage=stack870_2 position=00000000.401638ef.00000000 velocity=00000000.00000000.00000000
simulation stage=stack871_0 position=00000000.3ee66666.00000000 velocity=00000000.00000000.00000000
simulation stage=stack871_1 position=00000000.3fb305bc.00000000 velocity=00000000.00000000.00000000
simulation stage=stack871_2 position=00000000.401638ef.00000000 velocity=00000000.00000000.00000000
simulation stage=stack872_0 position=00000000.3ee66666.00000000 velocity=00000000.00000000.00000000
simulation stage=stack872_1 position=00000000.3fb305bc.00000000 velocity=00000000.00000000.00000000
simulation stage=stack872_2 position=00000000.401638ef.00000000 velocity=00000000.00000000.00000000
simulation stage=stack873_0 position=00000000.3ee66666.00000000 velocity=00000000.00000000.00000000
simulation stage=stack873_1 position=00000000.3fb305bc.00000000 velocity=00000000.00000000.00000000
simulation stage=stack873_2 position=00000000.401638ef.00000000 velocity=00000000.00000000.00000000
simulation stage=stack874_0 position=00000000.3ee66666.00000000 velocity=00000000.00000000.00000000
simulation stage=stack874_1 position=00000000.3fb305bc.00000000 velocity=00000000.00000000.00000000
simulation stage=stack874_2 position=00000000.401638ef.00000000 velocity=00000000.00000000.00000000
simulation stage=stack875_0 position=00000000.3ee66666.00000000 velocity=00000000.00000000.00000000
simulation stage=stack875_1 position=00000000.3fb305bc.00000000 velocity=00000000.00000000.00000000
simulation stage=stack875_2 position=00000000.401638ef.00000000 velocity=00000000.00000000.00000000
simulation stage=stack876_0 position=00000000.3ee66666.00000000 velocity=00000000.00000000.00000000
simulation stage=stack876_1 position=00000000.3fb305bc.00000000 velocity=00000000.00000000.00000000
simulation stage=stack876_2 position=00000000.401638ef.00000000 velocity=00000000.00000000.00000000
simulation stage=stack877_0 position=00000000.3ee66666.00000000 velocity=00000000.00000000.00000000
simulation stage=stack877_1 position=00000000.3fb305bc.00000000 velocity=00000000.00000000.00000000
simulation stage=stack877_2 position=00000000.401638ef.00000000 velocity=00000000.00000000.00000000
simulation stage=stack878_0 position=00000000.3ee66666.00000000 velocity=00000000.00000000.00000000
simulation stage=stack878_1 position=00000000.3fb305bc.00000000 velocity=00000000.00000000.00000000
simulation stage=stack878_2 position=00000000.401638ef.00000000 velocity=00000000.00000000.00000000
simulation stage=stack879_0 position=00000000.3ee66666.00000000 velocity=00000000.00000000.00000000
simulation stage=stack879_1 position=00000000.3fb305bc.00000000 velocity=00000000.00000000.00000000
simulation stage=stack879_2 position=00000000.401638ef.00000000 velocity=00000000.00000000.00000000
simulation stage=stack880_0 position=00000000.3ee66666.00000000 velocity=00000000.00000000.00000000
simulation stage=stack880_1 position=00000000.3fb305bc.00000000 velocity=00000000.00000000.00000000
simulation stage=stack880_2 position=00000000.401638ef.00000000 velocity=00000000.00000000.00000000
simulation stage=stack881_0 position=00000000.3ee66666.00000000 velocity=00000000.00000000.00000000
simulation stage=stack881_1 position=00000000.3fb305bc.00000000 velocity=00000000.00000000.00000000
simulation stage=stack881_2 position=00000000.401638ef.00000000 velocity=00000000.00000000.00000000
simulation stage=stack882_0 position=00000000.3ee66666.00000000 velocity=00000000.00000000.00000000
simulation stage=stack882_1 position=00000000.3fb305bc.00000000 velocity=00000000.00000000.00000000
simulation stage=stack882_2 position=00000000.401638ef.00000000 velocity=00000000.00000000.00000000
simulation stage=stack883_0 position=00000000.3ee66666.00000000 velocity=00000000.00000000.00000000
simulation stage=stack883_1 position=00000000.3fb305bc.00000000 velocity=00000000.00000000.00000000
simulation stage=stack883_2 position=00000000.401638ef.00000000 velocity=00000000.00000000.00000000
simulation stage=stack884_0 position=00000000.3ee66666.00000000 velocity=00000000.00000000.00000000
simulation stage=stack884_1 position=00000000.3fb305bc.00000000 velocity=00000000.00000000.00000000
simulation stage=stack884_2 position=00000000.401638ef.00000000 velocity=00000000.00000000.00000000
simulation stage=stack885_0 position=00000000.3ee66666.00000000 velocity=00000000.00000000.00000000
simulation stage=stack885_1 position=00000000.3fb305bc.00000000 velocity=00000000.00000000.00000000
simulation stage=stack885_2 position=00000000.401638ef.00000000 velocity=00000000.00000000.00000000
simulation stage=stack886_0 position=00000000.3ee66666.00000000 velocity=00000000.00000000.00000000
simulation stage=stack886_1 position=00000000.3fb305bc.00000000 velocity=00000000.00000000.00000000
simulation stage=stack886_2 position=00000000.401638ef.00000000 velocity=00000000.00000000.00000000
simulation stage=stack887_0 position=00000000.3ee66666.00000000 velocity=00000000.00000000.00000000
simulation stage=stack887_1 position=00000000.3fb305bc.00000000 velocity=00000000.00000000.00000000
simulation stage=stack887_2 position=00000000.401638ef.00000000 velocity=00000000.00000000.00000000
simulation stage=stack888_0 position=00000000.3ee66666.00000000 velocity=00000000.00000000.00000000
simulation stage=stack888_1 position=00000000.3fb305bc.00000000 velocity=00000000.00000000.00000000
simulation stage=stack888_2 position=00000000.401638ef.00000000 velocity=00000000.00000000.00000000
simulation stage=stack889_0 position=00000000.3ee66666.00000000 velocity=00000000.00000000.00000000
simulation stage=stack889_1 position=00000000.3fb305bc.00000000 velocity=00000000.00000000.00000000
simulation stage=stack889_2 position=00000000.401638ef.00000000 velocity=00000000.00000000.00000000
simulation stage=stack890_0 position=00000000.3ee66666.00000000 velocity=00000000.00000000.00000000
simulation stage=stack890_1 position=00000000.3fb305bc.00000000 velocity=00000000.00000000.00000000
simulation stage=stack890_2 position=00000000.401638ef.00000000 velocity=00000000.00000000.00000000
simulation stage=stack891_0 position=00000000.3ee66666.00000000 velocity=00000000.00000000.00000000
simulation stage=stack891_1 position=00000000.3fb305bc.00000000 velocity=00000000.00000000.00000000
simulation stage=stack891_2 position=00000000.401638ef.00000000 velocity=00000000.00000000.00000000
simulation stage=stack892_0 position=00000000.3ee66666.00000000 velocity=00000000.00000000.00000000
simulation stage=stack892_1 position=00000000.3fb305bc.00000000 velocity=00000000.00000000.00000000
simulation stage=stack892_2 position=00000000.401638ef.00000000 velocity=00000000.00000000.00000000
simulation stage=stack893_0 position=00000000.3ee66666.00000000 velocity=00000000.00000000.00000000
simulation stage=stack893_1 position=00000000.3fb305bc.00000000 velocity=00000000.00000000.00000000
simulation stage=stack893_2 position=00000000.401638ef.00000000 velocity=00000000.00000000.00000000
simulation stage=stack894_0 position=00000000.3ee66666.00000000 velocity=00000000.00000000.00000000
simulation stage=stack894_1 position=00000000.3fb305bc.00000000 velocity=00000000.00000000.00000000
simulation stage=stack894_2 position=00000000.401638ef.00000000 velocity=00000000.00000000.00000000
simulation stage=stack895_0 position=00000000.3ee66666.00000000 velocity=00000000.00000000.00000000
simulation stage=stack895_1 position=00000000.3fb305bc.00000000 velocity=00000000.00000000.00000000
simulation stage=stack895_2 position=00000000.401638ef.00000000 velocity=00000000.00000000.00000000
simulation stage=stack896_0 position=00000000.3ee66666.00000000 velocity=00000000.00000000.00000000
simulation stage=stack896_1 position=00000000.3fb305bc.00000000 velocity=00000000.00000000.00000000
simulation stage=stack896_2 position=00000000.401638ef.00000000 velocity=00000000.00000000.00000000
simulation stage=stack897_0 position=00000000.3ee66666.00000000 velocity=00000000.00000000.00000000
simulation stage=stack897_1 position=00000000.3fb305bc.00000000 velocity=00000000.00000000.00000000
simulation stage=stack897_2 position=00000000.401638ef.00000000 velocity=00000000.00000000.00000000
simulation stage=stack898_0 position=00000000.3ee66666.00000000 velocity=00000000.00000000.00000000
simulation stage=stack898_1 position=00000000.3fb305bc.00000000 velocity=00000000.00000000.00000000
simulation stage=stack898_2 position=00000000.401638ef.00000000 velocity=00000000.00000000.00000000
simulation stage=stack899_0 position=00000000.3ee66666.00000000 velocity=00000000.00000000.00000000
simulation stage=stack899_1 position=00000000.3fb305bc.00000000 velocity=00000000.00000000.00000000
simulation stage=stack899_2 position=00000000.401638ef.00000000 velocity=00000000.00000000.00000000
simulation stage=stack900_0 position=00000000.3ee66666.00000000 velocity=00000000.00000000.00000000
simulation stage=stack900_1 position=00000000.3fb305bc.00000000 velocity=00000000.00000000.00000000
simulation stage=stack900_2 position=00000000.401638ef.00000000 velocity=00000000.00000000.00000000
simulation stage=stack901_0 position=00000000.3ee66666.00000000 velocity=00000000.00000000.00000000
simulation stage=stack901_1 position=00000000.3fb305bc.00000000 velocity=00000000.00000000.00000000
simulation stage=stack901_2 position=00000000.401638ef.00000000 velocity=00000000.00000000.00000000
simulation stage=stack902_0 position=00000000.3ee66666.00000000 velocity=00000000.00000000.00000000
simulation stage=stack902_1 position=00000000.3fb305bc.00000000 velocity=00000000.00000000.00000000
simulation stage=stack902_2 position=00000000.401638ef.00000000 velocity=00000000.00000000.00000000
simulation stage=stack903_0 position=00000000.3ee66666.00000000 velocity=00000000.00000000.00000000
simulation stage=stack903_1 position=00000000.3fb305bc.00000000 velocity=00000000.00000000.00000000
simulation stage=stack903_2 position=00000000.401638ef.00000000 velocity=00000000.00000000.00000000
simulation stage=stack904_0 position=00000000.3ee66666.00000000 velocity=00000000.00000000.00000000
simulation stage=stack904_1 position=00000000.3fb305bc.00000000 velocity=00000000.00000000.00000000
simulation stage=stack904_2 position=00000000.401638ef.00000000 velocity=00000000.00000000.00000000
simulation stage=stack905_0 position=00000000.3ee66666.00000000 velocity=00000000.00000000.00000000
simulation stage=stack905_1 position=00000000.3fb305bc.00000000 velocity=00000000.00000000.00000000
simulation stage=stack905_2 position=00000000.401638ef.00000000 velocity=00000000.00000000.00000000
simulation stage=stack906_0 position=00000000.3ee66666.00000000 velocity=00000000.00000000.00000000
simulation stage=stack906_1 position=00000000.3fb305bc.00000000 velocity=00000000.00000000.00000000
simulation stage=stack906_2 position=00000000.401638ef.00000000 velocity=00000000.00000000.00000000
simulation stage=stack907_0 position=00000000.3ee66666.00000000 velocity=00000000.00000000.00000000
simulation stage=stack907_1 position=00000000.3fb305bc.00000000 velocity=00000000.00000000.00000000
simulation stage=stack907_2 position=00000000.401638ef.00000000 velocity=00000000.00000000.00000000
simulation stage=stack908_0 position=00000000.3ee66666.00000000 velocity=00000000.00000000.00000000
simulation stage=stack908_1 position=00000000.3fb305bc.00000000 velocity=00000000.00000000.00000000
simulation stage=stack908_2 position=00000000.401638ef.00000000 velocity=00000000.00000000.00000000
simulation stage=stack909_0 position=00000000.3ee66666.00000000 velocity=00000000.00000000.00000000
simulation stage=stack909_1 position=00000000.3fb305bc.00000000 velocity=00000000.00000000.00000000
simulation stage=stack909_2 position=00000000.401638ef.00000000 velocity=00000000.00000000.00000000
simulation stage=stack910_0 position=00000000.3ee66666.00000000 velocity=00000000.00000000.00000000
simulation stage=stack910_1 position=00000000.3fb305bc.00000000 velocity=00000000.00000000.00000000
simulation stage=stack910_2 position=00000000.401638ef.00000000 velocity=00000000.00000000.00000000
simulation stage=stack911_0 position=00000000.3ee66666.00000000 velocity=00000000.00000000.00000000
simulation stage=stack911_1 position=00000000.3fb305bc.00000000 velocity=00000000.00000000.00000000
simulation stage=stack911_2 position=00000000.401638ef.00000000 velocity=00000000.00000000.00000000
simulation stage=stack912_0 position=00000000.3ee66666.00000000 velocity=00000000.00000000.00000000
simulation stage=stack912_1 position=00000000.3fb305bc.00000000 velocity=00000000.00000000.00000000
simulation stage=stack912_2 position=00000000.401638ef.00000000 velocity=00000000.00000000.00000000
simulation stage=stack913_0 position=00000000.3ee66666.00000000 velocity=00000000.00000000.00000000
simulation stage=stack913_1 position=00000000.3fb305bc.00000000 velocity=00000000.00000000.00000000
simulation stage=stack913_2 position=00000000.401638ef.00000000 velocity=00000000.00000000.00000000
simulation stage=stack914_0 position=00000000.3ee66666.00000000 velocity=00000000.00000000.00000000
simulation stage=stack914_1 position=00000000.3fb305bc.00000000 velocity=00000000.00000000.00000000
simulation stage=stack914_2 position=00000000.401638ef.00000000 velocity=00000000.00000000.00000000
simulation stage=stack915_0 position=00000000.3ee66666.00000000 velocity=00000000.00000000.00000000
simulation stage=stack915_1 position=00000000.3fb305bc.00000000 velocity=00000000.00000000.00000000
simulation stage=stack915_2 position=00000000.401638ef.00000000 velocity=00000000.00000000.00000000
simulation stage=stack916_0 position=00000000.3ee66666.00000000 velocity=00000000.00000000.00000000
simulation stage=stack916_1 position=00000000.3fb305bc.00000000 velocity=00000000.00000000.00000000
simulation stage=stack916_2 position=00000000.401638ef.00000000 velocity=00000000.00000000.00000000
simulation stage=stack917_0 position=00000000.3ee66666.00000000 velocity=00000000.00000000.00000000
simulation stage=stack917_1 position=00000000.3fb305bc.00000000 velocity=00000000.00000000.00000000
simulation stage=stack917_2 position=00000000.401638ef.00000000 velocity=00000000.00000000.00000000
simulation stage=stack918_0 position=00000000.3ee66666.00000000 velocity=00000000.00000000.00000000
simulation stage=stack918_1 position=00000000.3fb305bc.00000000 velocity=00000000.00000000.00000000
simulation stage=stack918_2 position=00000000.401638ef.00000000 velocity=00000000.00000000.00000000
simulation stage=stack919_0 position=00000000.3ee66666.00000000 velocity=00000000.00000000.00000000
simulation stage=stack919_1 position=00000000.3fb305bc.00000000 velocity=00000000.00000000.00000000
simulation stage=stack919_2 position=00000000.401638ef.00000000 velocity=00000000.00000000.00000000
simulation stage=stack920_0 position=00000000.3ee66666.00000000 velocity=00000000.00000000.00000000
simulation stage=stack920_1 position=00000000.3fb305bc.00000000 velocity=00000000.00000000.00000000
simulation stage=stack920_2 position=00000000.401638ef.00000000 velocity=00000000.00000000.00000000
simulation stage=stack921_0 position=00000000.3ee66666.00000000 velocity=00000000.00000000.00000000
simulation stage=stack921_1 position=00000000.3fb305bc.00000000 velocity=00000000.00000000.00000000
simulation stage=stack921_2 position=00000000.401638ef.00000000 velocity=00000000.00000000.00000000
simulation stage=stack922_0 position=00000000.3ee66666.00000000 velocity=00000000.00000000.00000000
simulation stage=stack922_1 position=00000000.3fb305bc.00000000 velocity=00000000.00000000.00000000
simulation stage=stack922_2 position=00000000.401638ef.00000000 velocity=00000000.00000000.00000000
simulation stage=stack923_0 position=00000000.3ee66666.00000000 velocity=00000000.00000000.00000000
simulation stage=stack923_1 position=00000000.3fb305bc.00000000 velocity=00000000.00000000.00000000
simulation stage=stack923_2 position=00000000.401638ef.00000000 velocity=00000000.00000000.00000000
simulation stage=stack924_0 position=00000000.3ee66666.00000000 velocity=00000000.00000000.00000000
simulation stage=stack924_1 position=00000000.3fb305bc.00000000 velocity=00000000.00000000.00000000
simulation stage=stack924_2 position=00000000.401638ef.00000000 velocity=00000000.00000000.00000000
simulation stage=stack925_0 position=00000000.3ee66666.00000000 velocity=00000000.00000000.00000000
simulation stage=stack925_1 position=00000000.3fb305bc.00000000 velocity=00000000.00000000.00000000
simulation stage=stack925_2 position=00000000.401638ef.00000000 velocity=00000000.00000000.00000000
simulation stage=stack926_0 position=00000000.3ee66666.00000000 velocity=00000000.00000000.00000000
simulation stage=stack926_1 position=00000000.3fb305bc.00000000 velocity=00000000.00000000.00000000
simulation stage=stack926_2 position=00000000.401638ef.00000000 velocity=00000000.00000000.00000000
simulation stage=stack927_0 position=00000000.3ee66666.00000000 velocity=00000000.00000000.00000000
simulation stage=stack927_1 position=00000000.3fb305bc.00000000 velocity=00000000.00000000.00000000
simulation stage=stack927_2 position=00000000.401638ef.00000000 velocity=00000000.00000000.00000000
simulation stage=stack928_0 position=00000000.3ee66666.00000000 velocity=00000000.00000000.00000000
simulation stage=stack928_1 position=00000000.3fb305bc.00000000 velocity=00000000.00000000.00000000
simulation stage=stack928_2 position=00000000.401638ef.00000000 velocity=00000000.00000000.00000000
simulation stage=stack929_0 position=00000000.3ee66666.00000000 velocity=00000000.00000000.00000000
simulation stage=stack929_1 position=00000000.3fb305bc.00000000 velocity=00000000.00000000.00000000
simulation stage=stack929_2 position=00000000.401638ef.00000000 velocity=00000000.00000000.00000000
simulation stage=stack930_0 position=00000000.3ee66666.00000000 velocity=00000000.00000000.00000000
simulation stage=stack930_1 position=00000000.3fb305bc.00000000 velocity=00000000.00000000.00000000
simulation stage=stack930_2 position=00000000.401638ef.00000000 velocity=00000000.00000000.00000000
simulation stage=stack931_0 position=00000000.3ee66666.00000000 velocity=00000000.00000000.00000000
simulation stage=stack931_1 position=00000000.3fb305bc.00000000 velocity=00000000.00000000.00000000
simulation stage=stack931_2 position=00000000.401638ef.00000000 velocity=00000000.00000000.00000000
simulation stage=stack932_0 position=00000000.3ee66666.00000000 velocity=00000000.00000000.00000000
simulation stage=stack932_1 position=00000000.3fb305bc.00000000 velocity=00000000.00000000.00000000
simulation stage=stack932_2 position=00000000.401638ef.00000000 velocity=00000000.00000000.00000000
simulation stage=stack933_0 position=00000000.3ee66666.00000000 velocity=00000000.00000000.00000000
simulation stage=stack933_1 position=00000000.3fb305bc.00000000 velocity=00000000.00000000.00000000
simulation stage=stack933_2 position=00000000.401638ef.00000000 velocity=00000000.00000000.00000000
simulation stage=stack934_0 position=00000000.3ee66666.00000000 velocity=00000000.00000000.00000000
simulation stage=stack934_1 position=00000000.3fb305bc.00000000 velocity=00000000.00000000.00000000
simulation stage=stack934_2 position=00000000.401638ef.00000000 velocity=00000000.00000000.00000000
simulation stage=stack935_0 position=00000000.3ee66666.00000000 velocity=00000000.00000000.00000000
simulation stage=stack935_1 position=00000000.3fb305bc.00000000 velocity=00000000.00000000.00000000
simulation stage=stack935_2 position=00000000.401638ef.00000000 velocity=00000000.00000000.00000000
simulation stage=stack936_0 position=00000000.3ee66666.00000000 velocity=00000000.00000000.00000000
simulation stage=stack936_1 position=00000000.3fb305bc.00000000 velocity=00000000.00000000.00000000
simulation stage=stack936_2 position=00000000.401638ef.00000000 velocity=00000000.00000000.00000000
simulation stage=stack937_0 position=00000000.3ee66666.00000000 velocity=00000000.00000000.00000000
simulation stage=stack937_1 position=00000000.3fb305bc.00000000 velocity=00000000.00000000.00000000
simulation stage=stack937_2 position=00000000.401638ef.00000000 velocity=00000000.00000000.00000000
simulation stage=stack938_0 position=00000000.3ee66666.00000000 velocity=00000000.00000000.00000000
simulation stage=stack938_1 position=00000000.3fb305bc.00000000 velocity=00000000.00000000.00000000
simulation stage=stack938_2 position=00000000.401638ef.00000000 velocity=00000000.00000000.00000000
simulation stage=stack939_0 position=00000000.3ee66666.00000000 velocity=00000000.00000000.00000000
simulation stage=stack939_1 position=00000000.3fb305bc.00000000 velocity=00000000.00000000.00000000
simulation stage=stack939_2 position=00000000.401638ef.00000000 velocity=00000000.00000000.00000000
simulation stage=stack940_0 position=00000000.3ee66666.00000000 velocity=00000000.00000000.00000000
simulation stage=stack940_1 position=00000000.3fb305bc.00000000 velocity=00000000.00000000.00000000
simulation stage=stack940_2 position=00000000.401638ef.00000000 velocity=00000000.00000000.00000000
simulation stage=stack941_0 position=00000000.3ee66666.00000000 velocity=00000000.00000000.00000000
simulation stage=stack941_1 position=00000000.3fb305bc.00000000 velocity=00000000.00000000.00000000
simulation stage=stack941_2 position=00000000.401638ef.00000000 velocity=00000000.00000000.00000000
simulation stage=stack942_0 position=00000000.3ee66666.00000000 velocity=00000000.00000000.00000000
simulation stage=stack942_1 position=00000000.3fb305bc.00000000 velocity=00000000.00000000.00000000
simulation stage=stack942_2 position=00000000.401638ef.00000000 velocity=00000000.00000000.00000000
simulation stage=stack943_0 position=00000000.3ee66666.00000000 velocity=00000000.00000000.00000000
simulation stage=stack943_1 position=00000000.3fb305bc.00000000 velocity=00000000.00000000.00000000
simulation stage=stack943_2 position=00000000.401638ef.00000000 velocity=00000000.00000000.00000000
simulation stage=stack944_0 position=00000000.3ee66666.00000000 velocity=00000000.00000000.00000000
simulation stage=stack944_1 position=00000000.3fb305bc.00000000 velocity=00000000.00000000.00000000
simulation stage=stack944_2 position=00000000.401638ef.00000000 velocity=00000000.00000000.00000000
simulation stage=stack945_0 position=00000000.3ee66666.00000000 velocity=00000000.00000000.00000000
simulation stage=stack945_1 position=00000000.3fb305bc.00000000 velocity=00000000.00000000.00000000
simulation stage=stack945_2 position=00000000.401638ef.00000000 velocity=00000000.00000000.00000000
simulation stage=stack946_0 position=00000000.3ee66666.00000000 velocity=00000000.00000000.00000000
simulation stage=stack946_1 position=00000000.3fb305bc.00000000 velocity=00000000.00000000.00000000
simulation stage=stack946_2 position=00000000.401638ef.00000000 velocity=00000000.00000000.00000000
simulation stage=stack947_0 position=00000000.3ee66666.00000000 velocity=00000000.00000000.00000000
simulation stage=stack947_1 position=00000000.3fb305bc.00000000 velocity=00000000.00000000.00000000
simulation stage=stack947_2 position=00000000.401638ef.00000000 velocity=00000000.00000000.00000000
simulation stage=stack948_0 position=00000000.3ee66666.00000000 velocity=00000000.00000000.00000000
simulation stage=stack948_1 position=00000000.3fb305bc.00000000 velocity=00000000.00000000.00000000
simulation stage=stack948_2 position=00000000.401638ef.00000000 velocity=00000000.00000000.00000000
simulation stage=stack949_0 position=00000000.3ee66666.00000000 velocity=00000000.00000000.00000000
simulation stage=stack949_1 position=00000000.3fb305bc.00000000 velocity=00000000.00000000.00000000
simulation stage=stack949_2 position=00000000.401638ef.00000000 velocity=00000000.00000000.00000000
simulation stage=stack950_0 position=00000000.3ee66666.00000000 velocity=00000000.00000000.00000000
simulation stage=stack950_1 position=00000000.3fb305bc.00000000 velocity=00000000.00000000.00000000
simulation stage=stack950_2 position=00000000.401638ef.00000000 velocity=00000000.00000000.00000000
simulation stage=stack951_0 position=00000000.3ee66666.00000000 velocity=00000000.00000000.00000000
simulation stage=stack951_1 position=00000000.3fb305bc.00000000 velocity=00000000.00000000.00000000
simulation stage=stack951_2 position=00000000.401638ef.00000000 velocity=00000000.00000000.00000000
simulation stage=stack952_0 position=00000000.3ee66666.00000000 velocity=00000000.00000000.00000000
simulation stage=stack952_1 position=00000000.3fb305bc.00000000 velocity=00000000.00000000.00000000
simulation stage=stack952_2 position=00000000.401638ef.00000000 velocity=00000000.00000000.00000000
simulation stage=stack953_0 position=00000000.3ee66666.00000000 velocity=00000000.00000000.00000000
simulation stage=stack953_1 position=00000000.3fb305bc.00000000 velocity=00000000.00000000.00000000
simulation stage=stack953_2 position=00000000.401638ef.00000000 velocity=00000000.00000000.00000000
simulation stage=stack954_0 position=00000000.3ee66666.00000000 velocity=00000000.00000000.00000000
simulation stage=stack954_1 position=00000000.3fb305bc.00000000 velocity=00000000.00000000.00000000
simulation stage=stack954_2 position=00000000.401638ef.00000000 velocity=00000000.00000000.00000000
simulation stage=stack955_0 position=00000000.3ee66666.00000000 velocity=00000000.00000000.00000000
simulation stage=stack955_1 position=00000000.3fb305bc.00000000 velocity=00000000.00000000.00000000
simulation stage=stack955_2 position=00000000.401638ef.00000000 velocity=00000000.00000000.00000000
simulation stage=stack956_0 position=00000000.3ee66666.00000000 velocity=00000000.00000000.00000000
simulation stage=stack956_1 position=00000000.3fb305bc.00000000 velocity=00000000.00000000.00000000
simulation stage=stack956_2 position=00000000.401638ef.00000000 velocity=00000000.00000000.00000000
simulation stage=stack957_0 position=00000000.3ee66666.00000000 velocity=00000000.00000000.00000000
simulation stage=stack957_1 position=00000000.3fb305bc.00000000 velocity=00000000.00000000.00000000
simulation stage=stack957_2 position=00000000.401638ef.00000000 velocity=00000000.00000000.00000000
simulation stage=stack958_0 position=00000000.3ee66666.00000000 velocity=00000000.00000000.00000000
simulation stage=stack958_1 position=00000000.3fb305bc.00000000 velocity=00000000.00000000.00000000
simulation stage=stack958_2 position=00000000.401638ef.00000000 velocity=00000000.00000000.00000000
simulation stage=stack959_0 position=00000000.3ee66666.00000000 velocity=00000000.00000000.00000000
simulation stage=stack959_1 position=00000000.3fb305bc.00000000 velocity=00000000.00000000.00000000
simulation stage=stack959_2 position=00000000.401638ef.00000000 velocity=00000000.00000000.00000000
simulation stage=stack960_0 position=00000000.3ee66666.00000000 velocity=00000000.00000000.00000000
simulation stage=stack960_1 position=00000000.3fb305bc.00000000 velocity=00000000.00000000.00000000
simulation stage=stack960_2 position=00000000.401638ef.00000000 velocity=00000000.00000000.00000000
simulation stage=stack961_0 position=00000000.3ee66666.00000000 velocity=00000000.00000000.00000000
simulation stage=stack961_1 position=00000000.3fb305bc.00000000 velocity=00000000.00000000.00000000
simulation stage=stack961_2 position=00000000.401638ef.00000000 velocity=00000000.00000000.00000000
simulation stage=stack962_0 position=00000000.3ee66666.00000000 velocity=00000000.00000000.00000000
simulation stage=stack962_1 position=00000000.3fb305bc.00000000 velocity=00000000.00000000.00000000
simulation stage=stack962_2 position=00000000.401638ef.00000000 velocity=00000000.00000000.00000000
simulation stage=stack963_0 position=00000000.3ee66666.00000000 velocity=00000000.00000000.00000000
simulation stage=stack963_1 position=00000000.3fb305bc.00000000 velocity=00000000.00000000.00000000
simulation stage=stack963_2 position=00000000.401638ef.00000000 velocity=00000000.00000000.00000000
simulation stage=stack964_0 position=00000000.3ee66666.00000000 velocity=00000000.00000000.00000000
simulation stage=stack964_1 position=00000000.3fb305bc.00000000 velocity=00000000.00000000.00000000
simulation stage=stack964_2 position=00000000.401638ef.00000000 velocity=00000000.00000000.00000000
simulation stage=stack965_0 position=00000000.3ee66666.00000000 velocity=00000000.00000000.00000000
simulation stage=stack965_1 position=00000000.3fb305bc.00000000 velocity=00000000.00000000.00000000
simulation stage=stack965_2 position=00000000.401638ef.00000000 velocity=00000000.00000000.00000000
simulation stage=stack966_0 position=00000000.3ee66666.00000000 velocity=00000000.00000000.00000000
simulation stage=stack966_1 position=00000000.3fb305bc.00000000 velocity=00000000.00000000.00000000
simulation stage=stack966_2 position=00000000.401638ef.00000000 velocity=00000000.00000000.00000000
simulation stage=stack967_0 position=00000000.3ee66666.00000000 velocity=00000000.00000000.00000000
simulation stage=stack967_1 position=00000000.3fb305bc.00000000 velocity=00000000.00000000.00000000
simulation stage=stack967_2 position=00000000.401638ef.00000000 velocity=00000000.00000000.00000000
simulation stage=stack968_0 position=00000000.3ee66666.00000000 velocity=00000000.00000000.00000000
simulation stage=stack968_1 position=00000000.3fb305bc.00000000 velocity=00000000.00000000.00000000
simulation stage=stack968_2 position=00000000.401638ef.00000000 velocity=00000000.00000000.00000000
simulation stage=stack969_0 position=00000000.3ee66666.00000000 velocity=00000000.00000000.00000000
simulation stage=stack969_1 position=00000000.3fb305bc.00000000 velocity=00000000.00000000.00000000
simulation stage=stack969_2 position=00000000.401638ef.00000000 velocity=00000000.00000000.00000000
simulation stage=stack970_0 position=00000000.3ee66666.00000000 velocity=00000000.00000000.00000000
simulation stage=stack970_1 position=00000000.3fb305bc.00000000 velocity=00000000.00000000.00000000
simulation stage=stack970_2 position=00000000.401638ef.00000000 velocity=00000000.00000000.00000000
simulation stage=stack971_0 position=00000000.3ee66666.00000000 velocity=00000000.00000000.00000000
simulation stage=stack971_1 position=00000000.3fb305bc.00000000 velocity=00000000.00000000.00000000
simulation stage=stack971_2 position=00000000.401638ef.00000000 velocity=00000000.00000000.00000000
simulation stage=stack972_0 position=00000000.3ee66666.00000000 velocity=00000000.00000000.00000000
simulation stage=stack972_1 position=00000000.3fb305bc.00000000 velocity=00000000.00000000.00000000
simulation stage=stack972_2 position=00000000.401638ef.00000000 velocity=00000000.00000000.00000000
simulation stage=stack973_0 position=00000000.3ee66666.00000000 velocity=00000000.00000000.00000000
simulation stage=stack973_1 position=00000000.3fb305bc.00000000 velocity=00000000.00000000.00000000
simulation stage=stack973_2 position=00000000.401638ef.00000000 velocity=00000000.00000000.00000000
simulation stage=stack974_0 position=00000000.3ee66666.00000000 velocity=00000000.00000000.00000000
simulation stage=stack974_1 position=00000000.3fb305bc.00000000 velocity=00000000.00000000.00000000
simulation stage=stack974_2 position=00000000.401638ef.00000000 velocity=00000000.00000000.00000000
simulation stage=stack975_0 position=00000000.3ee66666.00000000 velocity=00000000.00000000.00000000
simulation stage=stack975_1 position=00000000.3fb305bc.00000000 velocity=00000000.00000000.00000000
simulation stage=stack975_2 position=00000000.401638ef.00000000 velocity=00000000.00000000.00000000
simulation stage=stack976_0 position=00000000.3ee66666.00000000 velocity=00000000.00000000.00000000
simulation stage=stack976_1 position=00000000.3fb305bc.00000000 velocity=00000000.00000000.00000000
simulation stage=stack976_2 position=00000000.401638ef.00000000 velocity=00000000.00000000.00000000
simulation stage=stack977_0 position=00000000.3ee66666.00000000 velocity=00000000.00000000.00000000
simulation stage=stack977_1 position=00000000.3fb305bc.00000000 velocity=00000000.00000000.00000000
simulation stage=stack977_2 position=00000000.401638ef.00000000 velocity=00000000.00000000.00000000
simulation stage=stack978_0 position=00000000.3ee66666.00000000 velocity=00000000.00000000.00000000
simulation stage=stack978_1 position=00000000.3fb305bc.00000000 velocity=00000000.00000000.00000000
simulation stage=stack978_2 position=00000000.401638ef.00000000 velocity=00000000.00000000.00000000
simulation stage=stack979_0 position=00000000.3ee66666.00000000 velocity=00000000.00000000.00000000
simulation stage=stack979_1 position=00000000.3fb305bc.00000000 velocity=00000000.00000000.00000000
simulation stage=stack979_2 position=00000000.401638ef.00000000 velocity=00000000.00000000.00000000
simulation stage=stack980_0 position=00000000.3ee66666.00000000 velocity=00000000.00000000.00000000
simulation stage=stack980_1 position=00000000.3fb305bc.00000000 velocity=00000000.00000000.00000000
simulation stage=stack980_2 position=00000000.401638ef.00000000 velocity=00000000.00000000.00000000
simulation stage=stack981_0 position=00000000.3ee66666.00000000 velocity=00000000.00000000.00000000
simulation stage=stack981_1 position=00000000.3fb305bc.00000000 velocity=00000000.00000000.00000000
simulation stage=stack981_2 position=00000000.401638ef.00000000 velocity=00000000.00000000.00000000
simulation stage=stack982_0 position=00000000.3ee66666.00000000 velocity=00000000.00000000.00000000
simulation stage=stack982_1 position=00000000.3fb305bc.00000000 velocity=00000000.00000000.00000000
simulation stage=stack982_2 position=00000000.401638ef.00000000 velocity=00000000.00000000.00000000
simulation stage=stack983_0 position=00000000.3ee66666.00000000 velocity=00000000.00000000.00000000
simulation stage=stack983_1 position=00000000.3fb305bc.00000000 velocity=00000000.00000000.00000000
simulation stage=stack983_2 position=00000000.401638ef.00000000 velocity=00000000.00000000.00000000
simulation stage=stack984_0 position=00000000.3ee66666.00000000 velocity=00000000.00000000.00000000
simulation stage=stack984_1 position=00000000.3fb305bc.00000000 velocity=00000000.00000000.00000000
simulation stage=stack984_2 position=00000000.401638ef.00000000 velocity=00000000.00000000.00000000
simulation stage=stack985_0 position=00000000.3ee66666.00000000 velocity=00000000.00000000.00000000
simulation stage=stack985_1 position=00000000.3fb305bc.00000000 velocity=00000000.00000000.00000000
simulation stage=stack985_2 position=00000000.401638ef.00000000 velocity=00000000.00000000.00000000
simulation stage=stack986_0 position=00000000.3ee66666.00000000 velocity=00000000.00000000.00000000
simulation stage=stack986_1 position=00000000.3fb305bc.00000000 velocity=00000000.00000000.00000000
simulation stage=stack986_2 position=00000000.401638ef.00000000 velocity=00000000.00000000.00000000
simulation stage=stack987_0 position=00000000.3ee66666.00000000 velocity=00000000.00000000.00000000
simulation stage=stack987_1 position=00000000.3fb305bc.00000000 velocity=00000000.00000000.00000000
simulation stage=stack987_2 position=00000000.401638ef.00000000 velocity=00000000.00000000.00000000
simulation stage=stack988_0 position=00000000.3ee66666.00000000 velocity=00000000.00000000.00000000
simulation stage=stack988_1 position=00000000.3fb305bc.00000000 velocity=00000000.00000000.00000000
simulation stage=stack988_2 position=00000000.401638ef.00000000 velocity=00000000.00000000.00000000
simulation stage=stack989_0 position=00000000.3ee66666.00000000 velocity=00000000.00000000.00000000
simulation stage=stack989_1 position=00000000.3fb305bc.00000000 velocity=00000000.00000000.00000000
simulation stage=stack989_2 position=00000000.401638ef.00000000 velocity=00000000.00000000.00000000
simulation stage=stack990_0 position=00000000.3ee66666.00000000 velocity=00000000.00000000.00000000
simulation stage=stack990_1 position=00000000.3fb305bc.00000000 velocity=00000000.00000000.00000000
simulation stage=stack990_2 position=00000000.401638ef.00000000 velocity=00000000.00000000.00000000
simulation stage=stack991_0 position=00000000.3ee66666.00000000 velocity=00000000.00000000.00000000
simulation stage=stack991_1 position=00000000.3fb305bc.00000000 velocity=00000000.00000000.00000000
simulation stage=stack991_2 position=00000000.401638ef.00000000 velocity=00000000.00000000.00000000
simulation stage=stack992_0 position=00000000.3ee66666.00000000 velocity=00000000.00000000.00000000
simulation stage=stack992_1 position=00000000.3fb305bc.00000000 velocity=00000000.00000000.00000000
simulation stage=stack992_2 position=00000000.401638ef.00000000 velocity=00000000.00000000.00000000
simulation stage=stack993_0 position=00000000.3ee66666.00000000 velocity=00000000.00000000.00000000
simulation stage=stack993_1 position=00000000.3fb305bc.00000000 velocity=00000000.00000000.00000000
simulation stage=stack993_2 position=00000000.401638ef.00000000 velocity=00000000.00000000.00000000
simulation stage=stack994_0 position=00000000.3ee66666.00000000 velocity=00000000.00000000.00000000
simulation stage=stack994_1 position=00000000.3fb305bc.00000000 velocity=00000000.00000000.00000000
simulation stage=stack994_2 position=00000000.401638ef.00000000 velocity=00000000.00000000.00000000
simulation stage=stack995_0 position=00000000.3ee66666.00000000 velocity=00000000.00000000.00000000
simulation stage=stack995_1 position=00000000.3fb305bc.00000000 velocity=00000000.00000000.00000000
simulation stage=stack995_2 position=00000000.401638ef.00000000 velocity=00000000.00000000.00000000
simulation stage=stack996_0 position=00000000.3ee66666.00000000 velocity=00000000.00000000.00000000
simulation stage=stack996_1 position=00000000.3fb305bc.00000000 velocity=00000000.00000000.00000000
simulation stage=stack996_2 position=00000000.401638ef.00000000 velocity=00000000.00000000.00000000
simulation stage=stack997_0 position=00000000.3ee66666.00000000 velocity=00000000.00000000.00000000
simulation stage=stack997_1 position=00000000.3fb305bc.00000000 velocity=00000000.00000000.00000000
simulation stage=stack997_2 position=00000000.401638ef.00000000 velocity=00000000.00000000.00000000
simulation stage=stack998_0 position=00000000.3ee66666.00000000 velocity=00000000.00000000.00000000
simulation stage=stack998_1 position=00000000.3fb305bc.00000000 velocity=00000000.00000000.00000000
simulation stage=stack998_2 position=00000000.401638ef.00000000 velocity=00000000.00000000.00000000
simulation stage=stack999_0 position=00000000.3ee66666.00000000 velocity=00000000.00000000.00000000
simulation stage=stack999_1 position=00000000.3fb305bc.00000000 velocity=00000000.00000000.00000000
simulation stage=stack999_2 position=00000000.401638ef.00000000 velocity=00000000.00000000.00000000
simulation stack=settled steps=1000 ready=1 fetched=1
simulation stage=stack0 position=00000000.3ee66666.00000000 velocity=00000000.00000000.00000000
simulation stage=stack1 position=00000000.3fb305bc.00000000 velocity=00000000.00000000.00000000
simulation stage=stack2 position=00000000.401638ef.00000000 velocity=00000000.00000000.00000000
simulation stage=fixed0 position=40800000.40000000.00000000 velocity=00000000.00000000.00000000
simulation stage=fixed1 position=40800000.3fff8295.00000000 velocity=30c09cf1.be42bf12.00000000
simulation stage=fixed2 position=407fffff.3ffe8dc1.00000000 velocity=b54c5bec.bebe150b.00000000
simulation stage=fixed3 position=407ffffe.3ffd2966.00000000 velocity=b5338246.bf0a560c.00000000
simulation stage=fixed4 position=407ffffe.3ffb5f13.00000000 velocity=3442374d.bf31eb67.00000000
simulation stage=fixed5 position=407ffffe.3ff939cf.00000000 velocity=357b111c.bf553928.00000000
simulation stage=fixed6 position=407ffffe.3ff6c5db.00000000 velocity=35d6a85c.bf73c532.00000000
simulation stage=fixed7 position=407ffffe.3ff41072.00000000 velocity=3612559a.bf869711.00000000
simulation stage=fixed8 position=407ffffe.3ff12789.00000000 velocity=363542a2.bf90961e.00000000
simulation stage=fixed9 position=407ffffe.3fee198a.00000000 velocity=365469af.bf97c8ed.00000000
simulation stage=fixed10 position=407ffffe.3feaf511.00000000 velocity=3670b7d6.bf9c25b4.00000000
simulation stage=fixed11 position=407ffffe.3fe7c8ab.00000000 velocity=36844bf5.bf9daf7c.00000000
simulation fixed-joint steps=12 ready=1 fetched=1
simulation stage=break0 position=40c00000.40000000.00000000 velocity=00000000.00000000.00000000
simulation break-state step=0 state=0
simulation stage=break1 position=40c00000.3fff80ab.00000000 velocity=3041c5ce.be46f3fc.00000000
simulation break-state step=1 state=2
simulation stage=break2 position=40c00000.3ffe80c1.00000000 velocity=3041c5ce.bec7ee51.00000000
simulation break-state step=2 state=2
simulation stage=break3 position=40c00000.3ffd0042.00000000 velocity=3041c5ce.bf163152.00000000
simulation break-state step=3 state=2
simulation break-joint steps=4 ready=1 fetched=1
simulation stage=breaknotify0_0 position=41000000.40000000.00000000 velocity=00000000.00000000.00000000
simulation stage=breaknotify0_1 position=41000000.3fff8038.00000000 velocity=30409cf1.be4758b5.00000000
simulation stage=breaknotify0_2 position=40ffffff.3ffe81dd.00000000 velocity=b5d26e68.bec6b6b8.00000000
simulation break-notify result=retain calls=1 force=3aa6d79d joint_match=1 callback_state=2 retained_state=2 detached=1 joints=1
simulation stage=breaknotify1_0 position=41200000.40000000.00000000 velocity=00000000.00000000.00000000
simulation stage=breaknotify1_1 position=41200000.3fff7fee.00000000 velocity=3027a330.be47e83f.00000000
simulation stage=breaknotify1_2 position=411fffff.3ffe80c9.00000000 velocity=b64d6726.bec72678.00000000
simulation break-notify result=release calls=1 force=3a85c6fa joint_match=1 callback_state=2 retained_state=0 detached=0 joints=0
simulation stage=revolute0 position=40e00000.40000000.00000000 velocity=00000000.00000000.00000000
simulation stage=revolute1 position=40e00000.3fffffff.00000000 velocity=00000000.85000000.00000000
simulation stage=revolute2 position=40e00000.3fffffff.00000000 velocity=00000000.2b800000.00000000
simulation stage=revolute3 position=40e00000.3fffffff.00000000 velocity=00000000.2b800000.00000000
simulation stage=revolute4 position=40e00000.3fffffff.00000000 velocity=00000000.2b800000.00000000
simulation stage=revolute5 position=40e00000.3fffffff.00000000 velocity=00000000.2b800000.00000000
simulation stage=revolute6 position=40e00000.3fffffff.00000000 velocity=00000000.2b800000.00000000
simulation stage=revolute7 position=40e00000.3fffffff.00000000 velocity=00000000.2b800000.00000000
simulation stage=revolute8 position=40e00000.3fffffff.00000000 velocity=00000000.2b800000.00000000
simulation stage=revolute9 position=40e00000.3fffffff.00000000 velocity=00000000.2b800000.00000000
simulation stage=revolute10 position=40e00000.3fffffff.00000000 velocity=00000000.2b800000.00000000
simulation stage=revolute11 position=40e00000.3fffffff.00000000 velocity=00000000.2b800000.00000000
simulation revolute-joint steps=12 ready=1 fetched=1
simulation stage=distance0 position=40800000.40000000.00000000 velocity=00000000.00000000.00000000
simulation stage=distance1 position=40800000.3fff7f6b.00000000 velocity=00000000.be48e8a7.00000000
simulation stage=distance2 position=40800000.3fffd96c.00000000 velocity=00000000.33000000.00000000
simulation stage=distance3 position=40800000.3ffff46d.00000000 velocity=00000000.32000000.00000000
simulation stage=distance4 position=40800000.3ffffc87.00000000 velocity=00000000.31000000.00000000
simulation stage=distance5 position=40800000.3ffffef5.00000000 velocity=00000000.30400000.00000000
simulation stage=distance6 position=40800000.3fffffaf.00000000 velocity=00000000.2f800000.00000000
simulation stage=distance7 position=40800000.3fffffe7.00000000 velocity=00000000.2e800000.00000000
simulation stage=distance8 position=40800000.3ffffff8.00000000 velocity=00000000.2dc00000.00000000
simulation stage=distance9 position=40800000.3ffffffd.00000000 velocity=00000000.2d000000.00000000
simulation stage=distance10 position=40800000.3fffffff.00000000 velocity=00000000.2c400000.00000000
simulation stage=distance11 position=40800000.3fffffff.00000000 velocity=00000000.2b800000.00000000
simulation distance-joint steps=12 ready=1 fetched=1
simulation stage=prismatic0 position=41400000.40800000.00000000 velocity=00000000.00000000.00000000
simulation stage=prismatic1 position=41400000.407fffff.00000000 velocity=00000000.85800000.00000000
simulation stage=prismatic2 position=41400000.407fffff.00000000 velocity=00000000.2bfefae6.00000000
simulation stage=prismatic3 position=41400000.407fffff.00000000 velocity=00000000.2bfefae6.00000000
simulation stage=prismatic4 position=41400000.407fffff.00000000 velocity=00000000.2bfefae6.00000000
simulation stage=prismatic5 position=41400000.407fffff.00000000 velocity=00000000.2bfefae6.00000000
simulation stage=prismatic6 position=41400000.407fffff.00000000 velocity=00000000.2bfefae6.00000000
simulation stage=prismatic7 position=41400000.407fffff.00000000 velocity=00000000.2bfefae6.00000000
simulation prismatic-joint steps=8 ready=1 fetched=1
simulation stage=spherical0 position=41500000.40800000.00000000 velocity=00000000.00000000.00000000
simulation spherical-motion step=0 orientation=00000000.00000000.00000000.3f800000 angular=00000000.00000000.00000000
simulation stage=spherical1 position=41500000.407fc393.00000000 velocity=00000000.be3cd2f4.00000000
simulation spherical-motion step=1 orientation=00000000.00000000.bbf1b14a.3f7ffe37 angular=00000000.00000000.bf3cd2f4
simulation stage=spherical2 position=414fff77.407f4ac2.00000000 velocity=bbb23ded.bebcc721.00000000
simulation spherical-motion step=2 orientation=00000000.00000000.bcb53ce4.3f7feff5 angular=00000000.00000000.bfbccc64
simulation stage=spherical3 position=414ffd16.407e95dc.00000000 velocity=bcc85314.bf0d604a.00000000
simulation spherical-motion step=3 orientation=00000000.00000000.bd351f87.3f7fbfe4 angular=00000000.00000000.c00d83c2
simulation stage=spherical4 position=414ff6e3.407da5f4.00000000 velocity=bd8529c6.bf3ba925.00000000
simulation spherical-motion step=4 orientation=00000000.00000000.bd96b72d.3f7f4e4b angular=00000000.00000000.c03c65c3
simulation stage=spherical5 position=414fea49.407c7d9d.00000000 velocity=be09d831.bf683b3a.00000000
simulation spherical-motion step=5 orientation=00000000.00000000.bde1748e.3f7e71ad angular=00000000.00000000.c06ac63a
simulation stage=spherical6 position=414fd435.407b21c7.00000000 velocity=be754b36.bf88b7f9.00000000
simulation spherical-motion step=6 orientation=00000000.00000000.be1d1a30.3f7cf81e angular=00000000.00000000.c08c1d5d
simulation stage=spherical7 position=414fb14b.40799aaf.00000000 velocity=bec49808.bf9a76dc.00000000
simulation spherical-motion step=7 orientation=00000000.00000000.be5004a4.3f7aa984 angular=00000000.00000000.c0a21853
simulation spherical-joint steps=8 ready=1 fetched=1
simulation d6-swing-limit final orientation=00000000.3effffff.00000000.3f5db3d7 angular=00000000.00000000.00000000
simulation stage=jointmix0_0 position=41800000.40c00000.00000000 velocity=00000000.00000000.00000000
simulation stage=jointmix0_1 position=41900000.40c00000.00000000 velocity=00000000.00000000.00000000
simulation stage=jointmix1_0 position=41800000.40bfdfdb.00000000 velocity=2cda6348.be48e4a1.00000000
simulation stage=jointmix1_1 position=41900000.40bfdfda.00000000 velocity=00000000.be48e8a7.00000000
simulation stage=jointmix2_0 position=417fffff.40bfa54b.00000000 velocity=b27e7180.bec8e1c6.00000000
simulation stage=jointmix2_1 position=41900000.40bf99d6.00000000 velocity=00000000.bec8e8a2.00000000
simulation stage=jointmix3_0 position=417fffd7.40bf46a3.00000000 velocity=35615792.bf16a674.00000000
simulation stage=jointmix3_1 position=41900013.40bf37a2.00000000 velocity=b2455e15.bf16ae76.00000000
simulation stage=jointmix4_0 position=417fffc6.40bec6a2.00000000 velocity=35f164bf.bf48d957.00000000
simulation stage=jointmix4_1 position=4190001b.40beb682.00000000 velocity=b31dae52.bf48e89a.00000000
simulation stage=jointmix5_0 position=417fffc0.40be2621.00000000 velocity=363b71ae.bf7b08f6.00000000
simulation stage=jointmix5_1 position=4190001d.40be159d.00000000 velocity=b3a34b00.bf7b22be.00000000
simulation stage=jointmix6_0 position=417fffbe.40bd6567.00000000 velocity=36800262.bf969a5f.00000000
simulation stage=jointmix6_1 position=4190001d.40bd54b1.00000000 velocity=b40cbeea.bf96ae6f.00000000
simulation stage=jointmix7_0 position=417fffbd.40bc848b.00000000 velocity=36a30fb1.bfafae17.00000000
simulation stage=jointmix7_1 position=4190001d.40bc73a8.00000000 velocity=b45a93b7.bfafcb7e.00000000
simulation stage=jointmix8_0 position=417fffbc.40bb8396.00000000 velocity=36c70130.bfc8bf55.00000000
simulation stage=jointmix8_1 position=4190001d.40bb727d.00000000 velocity=b49eb685.bfc8e88d.00000000
simulation stage=jointmix9_0 position=417fffbc.40ba628d.00000000 velocity=36ec15e7.bfe1cdd1.00000000
simulation stage=jointmix9_1 position=4190001d.40ba512d.00000000 velocity=b4dbd711.bfe2059c.00000000
simulation stage=jointmix10_0 position=417fffbc.40b92175.00000000 velocity=3708f5c7.bffad94b.00000000
simulation stage=jointmix10_1 position=4190001d.40b90fb8.00000000 velocity=b512d5b2.bffb22a8.00000000
simulation stage=jointmix11_0 position=417fffbc.40b7c053.00000000 velocity=371c4e36.c009f0b5.00000000
simulation stage=jointmix11_1 position=4190001c.40b7ae1e.00000000 velocity=b53ed7ae.c00a1fd9.00000000
simulation solver-interaction fixed-distance steps=12 ready=1 fetched=1
simulation stage=artchain0_actor0 position=41c00000.41000000.00000000 velocity=00000000.00000000.00000000
simulation artchain0_actor0 orientation=00000000.00000000.00000000.3f800000
simulation stage=artchain0_actor1 position=41d00000.41000000.00000000 velocity=00000000.00000000.00000000
simulation artchain0_actor1 orientation=00000000.00000000.00000000.3f800000
simulation stage=artchain0_actor2 position=41e00000.41000000.00000000 velocity=00000000.00000000.00000000
simulation artchain0_actor2 orientation=00000000.00000000.00000000.3f800000
simulation artchain0_joint0 angle=00000000 velocity=00000000
simulation artchain0_joint1 angle=00000000 velocity=00000000
simulation stage=artchain1_actor0 position=41c00000.40ffdfdd.00000000 velocity=00000000.be4bb678.00000000
simulation artchain1_actor0 orientation=00000000.00000000.3c2496c9.3f7ffcb1
simulation stage=artchain1_actor1 position=41d00000.40ffe15e.00000000 velocity=00000000.be39a151.00000000
simulation artchain1_actor1 orientation=00000000.00000000.bc2315df.3f7ffcc0
simulation stage=artchain1_actor2 position=41dfff81.40ffc00e.00000000 velocity=00000000.be556222.00000000
simulation artchain1_actor2 orientation=00000000.00000000.3bf33160.3f7ffe31
simulation artchain1_joint0 angle=3d23d711 velocity=3fffffff
simulation artchain1_joint1 angle=bd0e5844 velocity=bfdd50a8
simulation stage=artchain2_actor0 position=41c001e9.40ff9d51.00000000 velocity=3d1d2511.bed120a3.00000000
simulation artchain2_actor0 orientation=00000000.00000000.3ca640ea.3f7ff280
simulation stage=artchain2_actor1 position=41cfff9e.40ffa730.00000000 velocity=baf970f5.beb38bf7.00000000
simulation artchain2_actor1 orientation=00000000.00000000.bca1513a.3f7ff34a
simulation stage=artchain2_actor2 position=41dffd51.40ff5f8f.00000000 velocity=bd15598a.bed60d4b.00000000
simulation artchain2_actor2 orientation=00000000.00000000.3c72d113.3f7ff8cd
simulation artchain2_joint0 angle=3da3cbe8 velocity=4000d9d4
simulation artchain2_joint1 angle=bd8d5f22 velocity=bfd91004
simulation stage=artchain3_actor0 position=41c0055c.40ff38c3.00000000 velocity=3d99195c.bf1d9818.00000000
simulation artchain3_actor0 orientation=00000000.00000000.3cfb83e7.3f7fe11a
simulation stage=artchain3_actor1 position=41cfff02.40ff509a.00000000 velocity=bbd3f192.bf065f1a.00000000
simulation artchain3_actor1 orientation=00000000.00000000.bcef9611.3f7fe3f7
simulation stage=artchain3_actor2 position=41dff9c5.40fee298.00000000 velocity=bd8bda43.bf201433.00000000
simulation artchain3_actor2 orientation=00000000.00000000.3cb47597.3f7ff018
simulation artchain3_joint0 angle=3df59669 velocity=4001f06e
simulation artchain3_joint1 angle=bdd20c4a velocity=bfd5fe4e
simulation stage=artchain4_actor0 position=41c00a43.40feb287.00000000 velocity=3de2cd12.bf52202b.00000000
simulation artchain4_actor0 orientation=00000000.00000000.3d28df9b.3f7fc846
simulation stage=artchain4_actor1 position=41cffe34.40fedcf0.00000000 velocity=bc4236bc.bf33fc4f.00000000
simulation artchain4_actor1 orientation=00000000.00000000.bd1e40db.3f7fcf11
simulation stage=artchain4_actor2 position=41dff4f2.40fe4886.00000000 velocity=bdca863a.bf549d5c.00000000
simulation artchain4_actor2 orientation=00000000.00000000.3cee1ebc.3f7fe44e
simulation artchain4_joint0 angle=3e239b4f velocity=4002c1b0
simulation artchain4_joint1 angle=be0aaf57 velocity=bfd367b4
simulation stage=artchain5_actor0 position=41c01095.40fe0ae3.00000000 velocity=3e15ee9a.bf831e78.00000000
simulation artchain5_actor0 orientation=00000000.00000000.3d545211.3f7fa7e4
simulation stage=artchain5_actor1 position=41cffd33.40fe4ba2.00000000 velocity=bc900fd9.bf62742f.00000000
simulation artchain5_actor1 orientation=00000000.00000000.bd441652.3f7fb4db
simulation stage=artchain5_actor2 position=41dfeee9.40fd90e0.00000000 velocity=be03ec9f.bf845b91.00000000
simulation artchain5_actor2 orientation=00000000.00000000.3d1342b8.3f7fd5a1
simulation artchain5_joint0 angle=3e4c49fa velocity=40033d00
simulation artchain5_joint1 angle=be2bba1f velocity=bfd10ad6
simulation stage=artchain6_actor0 position=41c0184a.40fd4213.00000000 velocity=3e39f8f3.bf9cffaf.00000000
simulation artchain6_actor0 orientation=00000000.00000000.3d7ff75c.3f7f7fe8
simulation stage=artchain6_actor1 position=41cffc01.40fd9c36.00000000 velocity=bcbfea3d.bf88d1d8.00000000
simulation artchain6_actor1 orientation=00000000.00000000.bd695473.3f7f9594
simulation stage=artchain6_actor2 position=41dfe7b8.40fcbb4e.00000000 velocity=be21fbaa.bf9e39cc.00000000
simulation artchain6_actor2 orientation=00000000.00000000.3d2ee495.3f7fc43b
simulation artchain6_joint0 angle=3e74cb74 velocity=40035ea8
simulation artchain6_joint1 angle=be4c3381 velocity=bfcecdce
simulation stage=artchain7_actor0 position=41c0215c.40fc584a.00000000 velocity=3e5d642b.bfb6bace.00000000
simulation artchain7_actor0 orientation=00000000.00000000.3d95da02.3f7f5054
simulation stage=artchain7_actor1 position=41cffa9f.40fcce48.00000000 velocity=bcef55a6.bfa0b6e7.00000000
simulation artchain7_actor1 orientation=00000000.00000000.bd8701ef.3f7f7172
simulation stage=artchain7_actor2 position=41dfdf6c.40fbc78a.00000000 velocity=be3f7973.bfb7f0d0.00000000
simulation artchain7_actor2 orientation=00000000.00000000.3d4a0562.3f7fb03d
simulation artchain7_joint0 angle=3e8e8ba6 velocity=400334c4
simulation artchain7_joint1 angle=be6c2830 velocity=bfcca878
simulation stage=artchain8_actor0 position=41c02bc3.40fb4db1.00000000 velocity=3e800b10.bfd055bb.00000000
simulation artchain8_actor0 orientation=00000000.00000000.3dabb9e4.3f7f1934
simulation stage=artchain8_actor1 position=41cff90f.40fbe181.00000000 velocity=bd0eaede.bfb8dd11.00000000
simulation artchain8_actor1 orientation=00000000.00000000.bd9916e3.3f7f48a5
simulation stage=artchain8_actor2 position=41dfd60f.40fab55e.00000000 velocity=be5c6a65.bfd186eb.00000000
simulation artchain8_actor2 orientation=00000000.00000000.3d64b500.3f7f99c2
simulation artchain8_joint0 angle=3ea29489 velocity=4002cc88
simulation artchain8_joint1 angle=be85d299 velocity=bfca9dfe
simulation stage=artchain9_actor0 position=41c03779.40fa226c.00000000 velocity=3e91056d.bfe9d550.00000000
simulation artchain9_actor0 orientation=00000000.00000000.3dc193d1.3f7eda97
simulation stage=artchain9_actor1 position=41cff751.40fad599.00000000 velocity=bd24d253.bfd13a6a.00000000
simulation artchain9_actor1 orientation=00000000.00000000.bdaaee15.3f7f1b57
simulation stage=artchain9_actor2 position=41dfcbac.40f98492.00000000 velocity=be78d643.bfeb012f.00000000
simulation artchain9_actor2 orientation=00000000.00000000.3d7f01eb.3f7f80dd
simulation artchain9_joint0 angle=3eb67f7b velocity=40023ae0
simulation artchain9_joint1 angle=be955b97 velocity=bfc8b1d0
simulation stage=artchain10_actor0 position=41c04479.40f8d69a.00000000 velocity=3ea1a2e9.c0019ed9.00000000
simulation artchain10_actor0 orientation=00000000.00000000.3dd76272.3f7e9490
simulation stage=artchain10_actor1 position=41cff568.40f9aa53.00000000 velocity=bd39d3cf.bfe9c64d.00000000
simulation artchain10_actor1 orientation=00000000.00000000.bdbc8c94.3f7ee9aa
simulation stage=artchain10_actor2 position=41dfc04c.40f834f4.00000000 velocity=be8a686c.c002320b.00000000
simulation artchain10_actor2 orientation=00000000.00000000.3d8c7bd1.3f7f65a1
simulation artchain10_joint0 angle=3eca4ccd velocity=40018b25
simulation artchain10_joint1 angle=bea4b48c velocity=bfc6f02a
simulation stage=artchain11_actor0 position=41c052bc.40f76a55.00000000 velocity=3eb1e6ee.c00e4922.00000000
simulation artchain11_actor0 orientation=00000000.00000000.3ded2223.3f7e4734
simulation stage=artchain11_actor1 position=41cff355.40f85f7a.00000000 velocity=bd4db2f9.c0013ce9.00000000
simulation artchain11_actor1 orientation=00000000.00000000.bdcdf761.3f7eb3bb
simulation stage=artchain11_actor2 position=41dfb3f5.40f6c646.00000000 velocity=be98308c.c00ed993.00000000
simulation artchain11_actor2 orientation=00000000.00000000.3d994fd0.3f7f481c
simulation artchain11_joint0 angle=3eddfda3 velocity=4000c978
simulation artchain11_joint1 angle=beb3e29c velocity=bfc5585b
simulation stage=artchain12_actor0 position=41c0623e.40f5ddb4.00000000 velocity=3ec1d8d3.c01aead6.00000000
simulation artchain12_actor0 orientation=00000000.00000000.3e0167fd.3f7df294
simulation stage=artchain12_actor1 position=41cff11a.40f6f4e1.00000000 velocity=bd608d8b.c00da7cd.00000000
simulation artchain12_actor1 orientation=00000000.00000000.bddf3343.3f7e79a1
simulation stage=artchain12_actor2 position=41dfa6ac.40f53844.00000000 velocity=bea5c71c.c01b788f.00000000
simulation artchain12_actor2 orientation=00000000.00000000.3da6003a.3f7f285c
simulation artchain12_joint0 angle=3ef1934f velocity=4000017b
simulation artchain12_joint1 angle=bec2e9f0 velocity=bfc3ea42
simulation stage=artchain13_actor0 position=41c072f9.40f430ca.00000000 velocity=3ed179a7.c02784ff.00000000
simulation artchain13_actor0 orientation=00000000.00000000.3e0c3527.3f7d96c6
simulation stage=artchain13_actor1 position=41cfeeb8.40f56a5f.00000000 velocity=bd728d60.c01a21ba.00000000
simulation artchain13_actor1 orientation=00000000.00000000.bdf044fb.3f7e3b6c
simulation stage=artchain13_actor2 position=41df9852.40f38a03.00000000 velocity=beb327f4.c028100d.00000000
simulation artchain13_actor2 orientation=00000000.00000000.3db28f64.3f7f066e
simulation artchain13_joint0 angle=3f0287df velocity=3ffe7098
simulation artchain13_joint1 angle=bed1ce3c velocity=bfc29e72
simulation stage=artchain14_actor0 position=41c084e4.40f263b0.00000000 velocity=3ee09f69.c03416c7.00000000
simulation artchain14_actor0 orientation=00000000.00000000.3e16f98d.3f7d33ca
simulation stage=artchain14_actor1 position=41cfec26.40f3bfc5.00000000 velocity=bd82d80c.c026acae.00000000
simulation artchain14_actor1 orientation=00000000.00000000.be009b52.3f7df914
simulation stage=artchain14_actor2 position=41df88f7.40f1bb9a.00000000 velocity=bebfe95d.c0349ee5.00000000
simulation artchain14_actor2 orientation=00000000.00000000.3dbefd7d.3f7ee265
simulation artchain14_joint0 angle=3f0c3cbb velocity=3ffcf25d
simulation artchain14_joint1 angle=bee094cf velocity=bfc12077
simulation stage=artchain15_actor0 position=41c097f9.40f0767b.00000000 velocity=3eef5f00.c040a135.00000000
simulation artchain15_actor0 orientation=00000000.00000000.3e21b3ce.3f7cc9b9
simulation stage=artchain15_actor1 position=41cfe962.40f1f4eb.00000000 velocity=bd8c92b6.c033464a.00000000
simulation artchain15_actor1 orientation=00000000.00000000.be090603.3f7db29d
simulation stage=artchain15_actor2 position=41df78a5.40efcd1e.00000000 velocity=becc3a48.c041266f.00000000
simulation artchain15_actor2 orientation=00000000.00000000.3dcb4ade.3f7ebc53
simulation artchain15_joint0 angle=3f15e8ad velocity=3ffb7b48
simulation artchain15_joint1 angle=beef3fe7 velocity=bfbfa22b
simulation articulation-chain actors=3 revolute_motors=2 steps=16 ready=1 fetched=1
simulation ground=created
simulation stage=initial position=00000000.41200000.00000000 velocity=00000000.00000000.00000000
simulation step=0 ready=1 fetched=1
simulation stage=step0 position=00000000.41200000.00000000 velocity=00000000.00000000.00000000
simulation step=1 ready=1 fetched=1
simulation stage=step1 position=00000000.411ec776.00000000 velocity=00000000.bf927efa.00000000
simulation step=2 ready=1 fetched=1
simulation stage=step2 position=00000000.411ac494.00000000 velocity=00000000.c01cf5c0.00000000
simulation step=3 ready=1 fetched=1
simulation stage=step3 position=00000000.4114f813.00000000 velocity=00000000.c0663538.00000000
simulation step=4 ready=1 fetched=1
simulation stage=step4 position=00000000.410bb9cd.00000000 velocity=00000000.c09cf5bc.00000000
simulation step=5 ready=1 fetched=1
simulation stage=step5 position=00000000.41015954.00000000 velocity=00000000.c0c19578.00000000
simulation step=6 ready=1 fetched=1
simulation stage=step6 position=00000000.40e5bf58.00000000 velocity=00000000.c0eb7098.00000000
simulation step=7 ready=1 fetched=1
simulation stage=step7 position=00000000.40c7d67b.00000000 velocity=00000000.c108082a.00000000
simulation soak steps=1000 ready=1 fetched=1
simulation stage=soak1000 position=00000000.3ee66666.00000000 velocity=00000000.00000000.00000000
simulation friction=created
simulation stage=friction0 position=3e800000.3f000000.00000000 velocity=40000000.00000000.00000000
simulation stage=friction1 position=3f000000.3eeb851e.00000000 velocity=40000000.bea3d70a.00000000
simulation stage=friction2 position=3f2d70a3.3ee76c8b.00000000 velocity=3fb6db6a.bd83125c.00000000
simulation stage=friction3 position=3f5b1296.3ee69ad4.00000000 velocity=3fb687cf.bc51b6e6.00000000
simulation stage=friction4 position=3f844fd6.3ee670e2.00000000 velocity=3fb6345b.bb27c532.00000000
simulation stage=friction5 position=3f9b0bf7.3ee6687f.00000000 velocity=3fb5e10e.ba062e66.00000000
simulation stage=friction6 position=3fb1bdb3.3ee666d1.00000000 velocity=3fb58de5.b8d6a665.00000000
simulation stage=friction7 position=3fc8650f.3ee6667b.00000000 velocity=3fb53ae4.b7aa9999.00000000
simulation flush-stream errors=0
simulation legacy=start-finish returned
simulation legacy=runFor returned
simulation pair=created
simulation stage=pair8 p0=bf8ccccb.00000000.3e666664 v0=40800000.00000000.3f800000 p1=00000000.00000000.00000000 v1=00000000.00000000.00000000
simulation stage=pair9 p0=bf7ffffc.00000000.3e7ffffd v0=40800000.00000000.3f800000 p1=00000000.00000000.00000000 v1=00000000.00000000.00000000
simulation stage=pair10 p0=bf666662.00000000.3e8ccccb v0=40800000.00000000.3f800000 p1=00000000.00000000.00000000 v1=00000000.00000000.00000000
simulation stage=pair11 p0=bf587c8e.00000000.3ea0bde5 v0=4013df79.00000000.3fc213dd p1=3d3afc59.00000000.bc6489c3 v1=3fd84107.00000000.bf0427bd
simulation stage=pair12 p0=bf49b301.00000000.3eb42647 v0=4013df79.00000000.3fc213dd p1=3db3fe95.00000000.bcdbfe45 v1=3fd84107.00000000.bf0427bd
simulation stage=pair13 p0=bf3ae974.00000000.3ec78ea9 v0=4013df79.00000000.3fc213dd p1=3e053f7f.00000000.bd22dbd4 v1=3fd84107.00000000.bf0427bd
simulation stage=pair14 p0=bf2c1fe7.00000000.3edaf70b v0=4013df79.00000000.3fc213dd p1=3e307fb3.00000000.bd57b886 v1=3fd84107.00000000.bf0427bd
simulation stage=pair15 p0=bf1d565a.00000000.3eee5f6d v0=4013df79.00000000.3fc213dd p1=3e5bbfe7.00000000.bd864a9c v1=3fd84107.00000000.bf0427bd
simulation stage=pair16 p0=bf0e8ccd.00000000.3f00e3e7 v0=4013df79.00000000.3fc213dd p1=3e83800d.00000000.bda0b8f5 v1=3fd84107.00000000.bf0427bd
simulation stage=pair17 p0=beff8681.00000000.3f0a9818 v0=4013df79.00000000.3fc213dd p1=3e992027.00000000.bdbb274e v1=3fd84107.00000000.bf0427bd
simulation stage=pair18 p0=bee1f368.00000000.3f144c49 v0=4013df79.00000000.3fc213dd p1=3eaec041.00000000.bdd595a7 v1=3fd84107.00000000.bf0427bd
simulation stage=pair19 p0=bec4604f.00000000.3f1e007a v0=4013df79.00000000.3fc213dd p1=3ec4605b.00000000.bdf00400 v1=3fd84107.00000000.bf0427bd
simulation stage=pair20 p0=bea6cd36.00000000.3f27b4ab v0=4013df79.00000000.3fc213dd p1=3eda0075.00000000.be05392c v1=3fd84107.00000000.bf0427bd
simulation stage=pair21 p0=be893a1d.00000000.3f3168dc v0=4013df79.00000000.3fc213dd p1=3eefa08f.00000000.be127058 v1=3fd84107.00000000.bf0427bd
simulation stage=pair22 p0=be574e09.00000000.3f3b1d0d v0=4013df79.00000000.3fc213dd p1=3f02a054.00000000.be1fa784 v1=3fd84107.00000000.bf0427bd
simulation pair steps=40 ready=1 fetched=1
simulation fetch-contact actor0=1 actor1=1 events=0000000a force=80000000.80000000.80000000
simulation fetch-contact actor0=1 actor1=1 events=00000008 force=80000000.80000000.80000000
simulation fetch-contact actor0=1 actor1=1 events=00000008 force=80000000.80000000.80000000
simulation fetch-contact actor0=1 actor1=1 events=00000008 force=80000000.80000000.80000000
simulation fetch-contact actor0=1 actor1=1 events=00000008 force=80000000.80000000.80000000
simulation fetch-contact actor0=1 actor1=1 events=00000008 force=80000000.80000000.80000000
simulation generated-contact summary flags=00000000 calls=6 events=00000008 ready=1 fetched=1 pairs=1 pair_array=0
simulation configured-pair-flags pairs=1 pair_array=0
simulation configured-pair-flags count=1 array=1 pair0_actor=0_flags=00000001
simulation record-pair-flags count=1 array=0
simulation configured-shape-pair-flags flags=00000001 count=1 array=1 pair0_actor=0_flags=00000001
simulation record-shape-pair-flags flags=00000008
simulation cleared-shape-pair-flags flags=00000000
simulation compound-root-pose actor=00000000.3f333333.00000000 root=00000000.3f333333.00000000
simulation compound-state step=0 position=00000000.3f333333.00000000 velocity=00000000.00000000.00000000 angular=00000000.00000000.00000000 orientation=00000000.00000000.3e8483ee.3f7746ea
simulation compound-generated-contact step=0 calls=0 events=00000000
simulation compound-state step=1 position=00000000.3f32809d.00000000 velocity=00000000.be276c8c.00000000 angular=00000000.00000000.00000000 orientation=00000000.00000000.3e8483ed.3f7746ea
simulation compound-generated-contact step=1 calls=0 events=00000000
simulation compound-state step=2 position=00000000.3f311b71.00000000 velocity=00000000.bea76c8c.00000000 angular=00000000.00000000.00000000 orientation=00000000.00000000.3e8483ed.3f7746ea
simulation compound-generated-contact step=2 calls=0 events=00000000
simulation compound-state step=3 position=00000000.3f2f03af.00000000 velocity=00000000.befb22d2.00000000 angular=00000000.00000000.00000000 orientation=00000000.00000000.3e8483ed.3f7746ea
simulation compound-generated-contact step=3 calls=0 events=00000000
simulation compound-state step=4 position=00000000.3f2c3957.00000000 velocity=00000000.bf276c8c.00000000 angular=00000000.00000000.00000000 orientation=00000000.00000000.3e8483ed.3f7746ea
simulation compound-generated-contact step=4 calls=0 events=00000000
simulation compound-state step=5 position=00000000.3f28bc69.00000000 velocity=00000000.bf5147af.00000000 angular=00000000.00000000.00000000 orientation=00000000.00000000.3e8483ed.3f7746ea
simulation compound-generated-contact step=5 calls=0 events=00000000
simulation compound-state step=6 position=00000000.3f248ce5.00000000 velocity=00000000.bf7b22d2.00000000 angular=00000000.00000000.00000000 orientation=00000000.00000000.3e8483ed.3f7746ea
simulation compound-generated-contact step=6 calls=0 events=00000000
simulation compound-state step=7 position=00000000.3f1faacb.00000000 velocity=00000000.bf927efa.00000000 angular=00000000.00000000.00000000 orientation=00000000.00000000.3e8483ed.3f7746ea
simulation compound-generated-contact step=7 calls=0 events=00000000
simulation fetch-contact actor0=1 actor1=1 events=0000000a force=80000000.80000000.80000000
simulation compound-state step=8 position=00000000.3f1a161b.00000000 velocity=00000000.bfa76c8b.00000000 angular=00000000.00000000.00000000 orientation=00000000.00000000.3e8483ed.3f7746ea
simulation compound-generated-contact step=8 calls=1 events=0000000a
simulation fetch-contact actor0=1 actor1=1 events=00000008 force=80000000.c10caf41.80000000
simulation compound-state step=9 position=00000000.3f1467b0.00000000 velocity=00000000.bfaa707f.00000000 angular=00000000.00000000.be3eecea orientation=00000000.00000000.3e83bf2b.3f776131
simulation compound-generated-contact step=9 calls=2 events=00000008
simulation fetch-contact actor0=1 actor1=1 events=00000008 force=80000000.c2692e10.80000000
simulation compound-state step=10 position=00000000.3f11fc15.00000000 velocity=00000000.bf11383d.00000000 angular=00000000.00000000.bfb65aea orientation=00000000.00000000.3e7bba43.3f7824ee
simulation compound-generated-contact step=10 calls=3 events=00000008
simulation fetch-contact actor0=1 actor1=1 events=00000008 force=80000000.c18d45c6.80000000
simulation compound-state step=11 position=00000000.3f1010e0.00000000 velocity=00000000.bee64095.00000000 angular=00000000.00000000.bfe6dc13 orientation=00000000.00000000.3e6cc807.3f790fe3
simulation compound-generated-contact step=11 calls=4 events=00000008
simulation fetch-contact actor0=1 actor1=1 events=00000008 force=80000000.c118120a.80000000
simulation compound-state step=12 position=00000000.3f0e184f.00000000 velocity=00000000.beec83ee.00000000 angular=00000000.00000000.c000a289 orientation=00000000.00000000.3e5c0ffb.3f7a04c0
simulation compound-generated-contact step=12 calls=5 events=00000008
simulation fetch-contact actor0=1 actor1=1 events=00000008 force=80000000.c0faa408.80000000
simulation compound-state step=13 position=00000000.3f0bf551.00000000 velocity=00000000.bf003379.00000000 angular=00000000.00000000.c00bab01 orientation=00000000.00000000.3e49d6f9.3f7afa48
simulation compound-generated-contact step=13 calls=6 events=00000008
simulation fetch-contact actor0=1 actor1=1 events=00000008 force=80000000.c0ee1669.80000000
simulation compound-state step=14 position=00000000.3f09a114.00000000 velocity=00000000.bf0bbe27.00000000 angular=00000000.00000000.c0164e0e orientation=00000000.00000000.3e3627a4.3f7beac6
simulation compound-generated-contact step=14 calls=7 events=00000008
simulation fetch-contact actor0=1 actor1=1 events=00000008 force=80000000.c0e9d488.80000000
simulation compound-state step=15 position=00000000.3f071948.00000000 velocity=00000000.bf17d39a.00000000 angular=00000000.00000000.c020e7e0 orientation=00000000.00000000.3e210125.3f7cd0da
simulation compound-generated-contact step=15 calls=8 events=00000008
simulation compound-generated-contact summary calls=8 events=00000008
simulation fetch-trigger trigger=1 other=1 status=1
simulation fetch-contact actor0=1 actor1=1 events=00000008 force=3f800000.40000000.40400000
simulation fetch-callback summary ready=1 fetched=1 trigger_get=1 trigger_calls=1 contact_get=1 contact_calls=1
simulation fetch-contact actor0=1 actor1=1 events=00000008 force=3f800000.40000000.40400000
simulation deferred-contact-report first=1 pending=1 second=1 calls=1 events=00000008
simulation stage=contact0 position=00000000.3f800000.00000000 velocity=00000000.00000000.00000000
simulation stage=contact1 position=00000000.3f7f4d6a.00000000 velocity=00000000.be276c8c.00000000
simulation stage=contact2 position=00000000.3f7de83e.00000000 velocity=00000000.bea76c8c.00000000
simulation stage=contact3 position=00000000.3f7bd07c.00000000 velocity=00000000.befb22d2.00000000
simulation stage=contact4 position=00000000.3f790624.00000000 velocity=00000000.bf276c8c.00000000
simulation stage=contact5 position=00000000.3f758936.00000000 velocity=00000000.bf5147af.00000000
simulation stage=contact6 position=00000000.3f7159b2.00000000 velocity=00000000.bf7b22d2.00000000
simulation stage=contact7 position=00000000.3f6c7798.00000000 velocity=00000000.bf927efa.00000000
simulation stage=contact8 position=00000000.3f66e2e8.00000000 velocity=00000000.bfa76c8b.00000000
simulation stage=contact9 position=00000000.3f609ba2.00000000 velocity=00000000.bfbc5a1c.00000000
simulation stage=contact10 position=00000000.3f59a1c6.00000000 velocity=00000000.bfd147ad.00000000
simulation stage=contact11 position=00000000.3f51f555.00000000 velocity=00000000.bfe6353e.00000000
simulation stage=contact12 position=00000000.3f49964e.00000000 velocity=00000000.bffb22cf.00000000
simulation stage=contact13 position=00000000.3f4084b1.00000000 velocity=00000000.c0080830.00000000
simulation stage=contact14 position=00000000.3f36c07e.00000000 velocity=00000000.c0127ef8.00000000
simulation stage=contact15 position=00000000.3f2c49b5.00000000 velocity=00000000.c01cf5c0.00000000
simulation stage=contact16 position=00000000.3f212056.00000000 velocity=00000000.c0276c88.00000000
simulation stage=contact17 position=00000000.3f154461.00000000 velocity=00000000.c031e350.00000000
simulation stage=contact18 position=00000000.3f08b5d6.00000000 velocity=00000000.c03c5a18.00000000
simulation stage=contact19 position=00000000.3ef6e96c.00000000 velocity=00000000.c046d0e0.00000000
simulation stage=contact20 position=00000000.3ee9b3ce.00000000 velocity=00000000.bfc62442.00000000
simulation stage=contact21 position=00000000.3ee70f7b.00000000 velocity=00000000.be9e836c.00000000
simulation stage=contact22 position=00000000.3ee68837.00000000 velocity=00000000.bd7d9eee.00000000
simulation stage=contact23 position=00000000.3ee66d29.00000000 velocity=00000000.bc4ae3be.00000000
simulation stage=contact24 position=00000000.3ee667c0.00000000 velocity=00000000.bb223eff.00000000
simulation stage=contact25 position=00000000.3ee666ab.00000000 velocity=00000000.ba019bff.00000000
simulation stage=contact26 position=00000000.3ee66674.00000000 velocity=00000000.b8cddffe.00000000
simulation stage=contact27 position=00000000.3ee66669.00000000 velocity=00000000.b7a37fff.00000000
simulation stage=contact28 position=00000000.3ee66666.00000000 velocity=00000000.b67bfffe.00000000
simulation stage=contact29 position=00000000.3ee66666.00000000 velocity=00000000.00000000.00000000
simulation stage=contact30 position=00000000.3ee66666.00000000 velocity=00000000.00000000.00000000
simulation stage=contact31 position=00000000.3ee66666.00000000 velocity=00000000.00000000.00000000
simulation stage=contact32 position=00000000.3ee66666.00000000 velocity=00000000.00000000.00000000
simulation stage=contact33 position=00000000.3ee66666.00000000 velocity=00000000.00000000.00000000
simulation stage=contact34 position=00000000.3ee66666.00000000 velocity=00000000.00000000.00000000
simulation stage=contact35 position=00000000.3ee66666.00000000 velocity=00000000.00000000.00000000
simulation stage=contact36 position=00000000.3ee66666.00000000 velocity=00000000.00000000.00000000
simulation stage=contact37 position=00000000.3ee66666.00000000 velocity=00000000.00000000.00000000
simulation stage=contact38 position=00000000.3ee66666.00000000 velocity=00000000.00000000.00000000
simulation stage=contact39 position=00000000.3ee66666.00000000 velocity=00000000.00000000.00000000
simulation stage=contact40 position=00000000.3ee66666.00000000 velocity=00000000.00000000.00000000
simulation stage=contact41 position=00000000.3ee66666.00000000 velocity=00000000.00000000.00000000
simulation stage=contact42 position=00000000.3ee66666.00000000 velocity=00000000.00000000.00000000
simulation stage=contact43 position=00000000.3ee66666.00000000 velocity=00000000.00000000.00000000
simulation stage=contact44 position=00000000.3ee66666.00000000 velocity=00000000.00000000.00000000
simulation stage=contact45 position=00000000.3ee66666.00000000 velocity=00000000.00000000.00000000
simulation stage=contact46 position=00000000.3ee66666.00000000 velocity=00000000.00000000.00000000
simulation stage=contact47 position=00000000.3ee66666.00000000 velocity=00000000.00000000.00000000
simulation stage=contact48 position=00000000.3ee66666.00000000 velocity=00000000.00000000.00000000
simulation stage=contact49 position=00000000.3ee66666.00000000 velocity=00000000.00000000.00000000
simulation stage=contact50 position=00000000.3ee66666.00000000 velocity=00000000.00000000.00000000
simulation stage=contact51 position=00000000.3ee66666.00000000 velocity=00000000.00000000.00000000
simulation stage=contact52 position=00000000.3ee66666.00000000 velocity=00000000.00000000.00000000
simulation stage=contact53 position=00000000.3ee66666.00000000 velocity=00000000.00000000.00000000
simulation stage=contact54 position=00000000.3ee66666.00000000 velocity=00000000.00000000.00000000
simulation stage=contact55 position=00000000.3ee66666.00000000 velocity=00000000.00000000.00000000
simulation stage=contact56 position=00000000.3ee66666.00000000 velocity=00000000.00000000.00000000
simulation stage=contact57 position=00000000.3ee66666.00000000 velocity=00000000.00000000.00000000
simulation stage=contact58 position=00000000.3ee66666.00000000 velocity=00000000.00000000.00000000
simulation stage=contact59 position=00000000.3ee66666.00000000 velocity=00000000.00000000.00000000
simulation contact callbacks=26 events=0000000a pairs=26 patches=26 points=26 normal=80000000.bf800000.80000000 point=00000000.bc916940.00000000 separation=bc916940
simulation stage=contact60 position=00000000.3ee66666.00000000 velocity=00000000.00000000.00000000
simulation stage=boxcontact-init position=00000000.3f800000.00000000 velocity=00000000.00000000.00000000
simulation box-state stage=boxcontact-init orientation=00000000.00000000.00000000.3f800000 angular=00000000.00000000.00000000 matrix=3f800000.00000000.00000000.00000000.3f800000.00000000.00000000.00000000.3f800000 shape=00000000.3f800000.00000000.3f800000.00000000.00000000.00000000.3f800000.00000000.00000000.00000000.3f800000
simulation stage=boxcontact0 position=00000000.3f800000.00000000 velocity=00000000.00000000.00000000
simulation box-state stage=boxcontact0 orientation=00000000.00000000.00000000.3f800000 angular=00000000.00000000.00000000 matrix=3f800000.00000000.00000000.00000000.3f800000.00000000.00000000.00000000.3f800000 shape=00000000.3f800000.00000000.3f800000.00000000.00000000.00000000.3f800000.00000000.00000000.00000000.3f800000
simulation stage=boxcontact1 position=00000000.3f7f4d6a.00000000 velocity=00000000.be276c8c.00000000
simulation box-state stage=boxcontact1 orientation=00000000.00000000.00000000.3f800000 angular=00000000.00000000.00000000 matrix=3f800000.00000000.00000000.00000000.3f800000.00000000.00000000.00000000.3f800000 shape=00000000.3f7f4d6a.00000000.3f800000.00000000.00000000.00000000.3f800000.00000000.00000000.00000000.3f800000
simulation stage=boxcontact2 position=00000000.3f7de83e.00000000 velocity=00000000.bea76c8c.00000000
simulation box-state stage=boxcontact2 orientation=00000000.00000000.00000000.3f800000 angular=00000000.00000000.00000000 matrix=3f800000.00000000.00000000.00000000.3f800000.00000000.00000000.00000000.3f800000 shape=00000000.3f7de83e.00000000.3f800000.00000000.00000000.00000000.3f800000.00000000.00000000.00000000.3f800000
simulation stage=boxcontact3 position=00000000.3f7bd07c.00000000 velocity=00000000.befb22d2.00000000
simulation box-state stage=boxcontact3 orientation=00000000.00000000.00000000.3f800000 angular=00000000.00000000.00000000 matrix=3f800000.00000000.00000000.00000000.3f800000.00000000.00000000.00000000.3f800000 shape=00000000.3f7bd07c.00000000.3f800000.00000000.00000000.00000000.3f800000.00000000.00000000.00000000.3f800000
simulation stage=boxcontact4 position=00000000.3f790624.00000000 velocity=00000000.bf276c8c.00000000
simulation box-state stage=boxcontact4 orientation=00000000.00000000.00000000.3f800000 angular=00000000.00000000.00000000 matrix=3f800000.00000000.00000000.00000000.3f800000.00000000.00000000.00000000.3f800000 shape=00000000.3f790624.00000000.3f800000.00000000.00000000.00000000.3f800000.00000000.00000000.00000000.3f800000
simulation stage=boxcontact5 position=00000000.3f758936.00000000 velocity=00000000.bf5147af.00000000
simulation box-state stage=boxcontact5 orientation=00000000.00000000.00000000.3f800000 angular=00000000.00000000.00000000 matrix=3f800000.00000000.00000000.00000000.3f800000.00000000.00000000.00000000.3f800000 shape=00000000.3f758936.00000000.3f800000.00000000.00000000.00000000.3f800000.00000000.00000000.00000000.3f800000
simulation stage=boxcontact6 position=00000000.3f7159b2.00000000 velocity=00000000.bf7b22d2.00000000
simulation box-state stage=boxcontact6 orientation=00000000.00000000.00000000.3f800000 angular=00000000.00000000.00000000 matrix=3f800000.00000000.00000000.00000000.3f800000.00000000.00000000.00000000.3f800000 shape=00000000.3f7159b2.00000000.3f800000.00000000.00000000.00000000.3f800000.00000000.00000000.00000000.3f800000
simulation stage=boxcontact7 position=00000000.3f6c7798.00000000 velocity=00000000.bf927efa.00000000
simulation box-state stage=boxcontact7 orientation=00000000.00000000.00000000.3f800000 angular=00000000.00000000.00000000 matrix=3f800000.00000000.00000000.00000000.3f800000.00000000.00000000.00000000.3f800000 shape=00000000.3f6c7798.00000000.3f800000.00000000.00000000.00000000.3f800000.00000000.00000000.00000000.3f800000
simulation stage=boxcontact8 position=00000000.3f66e2e8.00000000 velocity=00000000.bfa76c8b.00000000
simulation box-state stage=boxcontact8 orientation=00000000.00000000.00000000.3f800000 angular=00000000.00000000.00000000 matrix=3f800000.00000000.00000000.00000000.3f800000.00000000.00000000.00000000.3f800000 shape=00000000.3f66e2e8.00000000.3f800000.00000000.00000000.00000000.3f800000.00000000.00000000.00000000.3f800000
simulation stage=boxcontact9 position=00000000.3f609ba2.00000000 velocity=00000000.bfbc5a1c.00000000
simulation box-state stage=boxcontact9 orientation=00000000.00000000.00000000.3f800000 angular=00000000.00000000.00000000 matrix=3f800000.00000000.00000000.00000000.3f800000.00000000.00000000.00000000.3f800000 shape=00000000.3f609ba2.00000000.3f800000.00000000.00000000.00000000.3f800000.00000000.00000000.00000000.3f800000
simulation stage=boxcontact10 position=00000000.3f59a1c6.00000000 velocity=00000000.bfd147ad.00000000
simulation box-state stage=boxcontact10 orientation=00000000.00000000.00000000.3f800000 angular=00000000.00000000.00000000 matrix=3f800000.00000000.00000000.00000000.3f800000.00000000.00000000.00000000.3f800000 shape=00000000.3f59a1c6.00000000.3f800000.00000000.00000000.00000000.3f800000.00000000.00000000.00000000.3f800000
simulation stage=boxcontact11 position=00000000.3f51f555.00000000 velocity=00000000.bfe6353e.00000000
simulation box-state stage=boxcontact11 orientation=00000000.00000000.00000000.3f800000 angular=00000000.00000000.00000000 matrix=3f800000.00000000.00000000.00000000.3f800000.00000000.00000000.00000000.3f800000 shape=00000000.3f51f555.00000000.3f800000.00000000.00000000.00000000.3f800000.00000000.00000000.00000000.3f800000
simulation stage=boxcontact12 position=00000000.3f49964e.00000000 velocity=00000000.bffb22cf.00000000
simulation box-state stage=boxcontact12 orientation=00000000.00000000.00000000.3f800000 angular=00000000.00000000.00000000 matrix=3f800000.00000000.00000000.00000000.3f800000.00000000.00000000.00000000.3f800000 shape=00000000.3f49964e.00000000.3f800000.00000000.00000000.00000000.3f800000.00000000.00000000.00000000.3f800000
simulation stage=boxcontact13 position=00000000.3f4084b1.00000000 velocity=00000000.c0080830.00000000
simulation box-state stage=boxcontact13 orientation=00000000.00000000.00000000.3f800000 angular=00000000.00000000.00000000 matrix=3f800000.00000000.00000000.00000000.3f800000.00000000.00000000.00000000.3f800000 shape=00000000.3f4084b1.00000000.3f800000.00000000.00000000.00000000.3f800000.00000000.00000000.00000000.3f800000
simulation stage=boxcontact14 position=00000000.3f36c07e.00000000 velocity=00000000.c0127ef8.00000000
simulation box-state stage=boxcontact14 orientation=00000000.00000000.00000000.3f800000 angular=00000000.00000000.00000000 matrix=3f800000.00000000.00000000.00000000.3f800000.00000000.00000000.00000000.3f800000 shape=00000000.3f36c07e.00000000.3f800000.00000000.00000000.00000000.3f800000.00000000.00000000.00000000.3f800000
simulation stage=boxcontact15 position=00000000.3f2c49b5.00000000 velocity=00000000.c01cf5c0.00000000
simulation box-state stage=boxcontact15 orientation=00000000.00000000.00000000.3f800000 angular=00000000.00000000.00000000 matrix=3f800000.00000000.00000000.00000000.3f800000.00000000.00000000.00000000.3f800000 shape=00000000.3f2c49b5.00000000.3f800000.00000000.00000000.00000000.3f800000.00000000.00000000.00000000.3f800000
simulation stage=boxcontact16 position=00000000.3f212056.00000000 velocity=00000000.c0276c88.00000000
simulation box-state stage=boxcontact16 orientation=00000000.00000000.00000000.3f800000 angular=00000000.00000000.00000000 matrix=3f800000.00000000.00000000.00000000.3f800000.00000000.00000000.00000000.3f800000 shape=00000000.3f212056.00000000.3f800000.00000000.00000000.00000000.3f800000.00000000.00000000.00000000.3f800000
simulation stage=boxcontact17 position=00000000.3f154461.00000000 velocity=00000000.c031e350.00000000
simulation box-state stage=boxcontact17 orientation=00000000.00000000.00000000.3f800000 angular=00000000.00000000.00000000 matrix=3f800000.00000000.00000000.00000000.3f800000.00000000.00000000.00000000.3f800000 shape=00000000.3f154461.00000000.3f800000.00000000.00000000.00000000.3f800000.00000000.00000000.00000000.3f800000
simulation stage=boxcontact18 position=00000000.3f08b5d6.00000000 velocity=00000000.c03c5a18.00000000
simulation box-state stage=boxcontact18 orientation=00000000.00000000.00000000.3f800000 angular=00000000.00000000.00000000 matrix=3f800000.00000000.00000000.00000000.3f800000.00000000.00000000.00000000.3f800000 shape=00000000.3f08b5d6.00000000.3f800000.00000000.00000000.00000000.3f800000.00000000.00000000.00000000.3f800000
simulation stage=boxcontact19 position=00000000.3ef6e96c.00000000 velocity=00000000.c046d0e0.00000000
simulation box-state stage=boxcontact19 orientation=00000000.00000000.00000000.3f800000 angular=00000000.00000000.00000000 matrix=3f800000.00000000.00000000.00000000.3f800000.00000000.00000000.00000000.3f800000 shape=00000000.3ef6e96c.00000000.3f800000.00000000.00000000.00000000.3f800000.00000000.00000000.00000000.3f800000
simulation stage=boxcontact20 position=00000000.3ee9b34b.00000000 velocity=00000000.bfc6213c.00000000
simulation box-state stage=boxcontact20 orientation=36dc8f3b.00000000.372f6481.3f7fffff angular=3707f92d.00000000.b938fc3e matrix=3f800000.b7af6480.2f171c80.37af6480.3f800000.b75c8f3a.2f171c80.375c8f3a.3f800000 shape=00000000.3ee9b34b.00000000.3f800000.b7af6480.2f171c80.37af6480.3f800000.b75c8f3a.2f171c80.375c8f3a.3f800000
simulation stage=boxcontact21 position=00000000.3ee70ef5.00000000 velocity=00000000.be9e615a.00000000
simulation box-state stage=boxcontact21 orientation=36dfab5f.a88f6800.3731d335.3f7fffff angular=ba23b29f.a6abeae9.ba965b46 matrix=3f800000.b7b1d334.2f1b550f.37b1d334.3f800000.b75fab5e.2f1b66fb.375fab5e.3f800000 shape=00000000.3ee70ef5.00000000.3f800000.b7b1d334.2f1b550f.37b1d334.3f800000.b75fab5e.2f1b66fb.375fab5e.3f800000
simulation stage=boxcontact22 position=00000000.3ee687fc.00000000 velocity=00000000.bd7cc118.00000000
simulation box-state stage=boxcontact22 orientation=36424168.29dc55c0.369b033c.3f7fffff angular=ba277e13.a6a5376d.ba8ad379 matrix=3f800000.b71b033b.2decf8c8.371b033b.3f800000.b6c24167.2de98772.36c24167.3f800000 shape=00000000.3ee687fc.00000000.3f800000.b71b033b.2decf8c8.371b033b.3f800000.b6c24167.2de98772.36c24167.3f800000
simulation stage=boxcontact23 position=00000000.3ee66d0c.00000000 velocity=00000000.bc495c67.00000000
simulation box-state stage=boxcontact23 orientation=35b9d000.2a24d238.3615669e.3f7fffff angular=b9919f9a.a691603f.b9f3748c matrix=3f800000.b695669d.2ce32e3a.3695669d.3f800000.b639cfff.2cce93f4.3639cfff.3f800000 shape=00000000.3ee66d0c.00000000.3f800000.b695669d.2ce32e3a.3695669d.3f800000.b639cfff.2cce93f4.3639cfff.3f800000
simulation stage=boxcontact24 position=00000000.3ee667ac.00000000 velocity=00000000.bb1f1549.00000000
simulation box-state stage=boxcontact24 orientation=357b4442.2a16321c.35c8c523.3f7fffff angular=b90ad36e.a68d927c.b97309a6 matrix=3f800000.b648c522.2c57d514.3648c522.3f800000.b5fb4441.2c32488e.35fb4441.3f800000 shape=00000000.3ee667ac.00000000.3f800000.b648c522.2c57d514.3648c522.3f800000.b5fb4441.2c32488e.35fb4441.3f800000
simulation stage=boxcontact25 position=00000000.3ee66699.00000000 velocity=00000000.b9f0e375.00000000
simulation box-state stage=boxcontact25 orientation=355ace8b.2a213768.35b03d00.3f7fffff angular=b8bbbcbb.a68b6cf3.b9273056 matrix=3f800000.b6303cff.2c2ac910.36303cff.3f800000.b5dace8a.2c027b36.35dace8a.3f800000 shape=00000000.3ee66699.00000000.3f800000.b6303cff.2c2ac910.36303cff.3f800000.b5dace8a.2c027b36.35dace8a.3f800000
simulation stage=boxcontact26 position=00000000.3ee66662.00000000 velocity=00000000.b89b14a2.00000000
simulation box-state stage=boxcontact26 orientation=35525413.2a2283dc.35a999c0.3f7fffff angular=b89e4e57.a68ac917.b901f269 matrix=3f800000.b62999bf.2c1fa84e.362999bf.3f800000.b5d25412.2bee0eaf.35d25412.3f800000 shape=00000000.3ee66662.00000000.3f800000.b62999bf.2c1fa84e.362999bf.3f800000.b5d25412.2bee0eaf.35d25412.3f800000
simulation stage=boxcontact27 position=00000000.3ee66657.00000000 velocity=00000000.b7c0701e.00000000
simulation box-state stage=boxcontact27 orientation=35538801.2a14e704.35a88035.3f7fffff angular=b88fa2a7.a689c559.b8812a72 matrix=3f800000.b6288034.2c1dd810.36288034.3f800000.b5d38800.2bf13c9f.35d38800.3f800000 shape=00000000.3ee66657.00000000.3f800000.b6288034.2c1dd810.36288034.3f800000.b5d38800.2bf13c9f.35d38800.3f800000
simulation stage=boxcontact28 position=00000000.3ee66655.00000000 velocity=00000000.b7809e67.00000000
simulation box-state stage=boxcontact28 orientation=3551e37f.2a1c8b3a.35a85983.3f7fffff angular=b8949548.a68941f8.b83c0be9 matrix=3f800000.b6285982.2c1d9816.36285982.3f800000.b5d1e37e.2becea90.35d1e37e.3f800000 shape=00000000.3ee66655.00000000.3f800000.b6285982.2c1d9816.36285982.3f800000.b5d1e37e.2becea90.35d1e37e.3f800000
simulation stage=boxcontact29 position=00000000.3ee66655.00000000 velocity=00000000.b76d5f2d.00000000
simulation box-state stage=boxcontact29 orientation=35503cda.2a242a32.35a8304e.3f7fffff angular=b8942968.a6891b26.b831a2fc matrix=3f800000.b628304d.2c1d5480.3628304d.3f800000.b5d03cd9.2be893e8.35d03cd9.3f800000 shape=00000000.3ee66655.00000000.3f800000.b628304d.2c1d5480.3628304d.3f800000.b5d03cd9.2be893e8.35d03cd9.3f800000
simulation stage=boxcontact30 position=00000000.3ee66654.00000000 velocity=00000000.b7711fc3.00000000
simulation box-state stage=boxcontact30 orientation=3551626f.2a168ef2.35a70680.3f7fffff angular=b892616f.a689006a.b833b2bf matrix=3f800000.b627067f.2c1b6e65.3627067f.3f800000.b5d1626e.2beb9552.35d1626e.3f800000 shape=00000000.3ee66654.00000000.3f800000.b627067f.2c1b6e65.3627067f.3f800000.b5d1626e.2beb9552.35d1626e.3f800000
simulation stage=boxcontact31 position=00000000.3ee66655.00000000 velocity=00000000.b7624f15.00000000
simulation box-state stage=boxcontact31 orientation=355288bd.2a136c7a.35a776f9.3f7fffff angular=b88f7f6a.a688de25.b82dd70f matrix=3f800000.b62776f8.2c1c269a.362776f8.3f800000.b5d288bc.2bee96f8.35d288bc.3f800000 shape=00000000.3ee66655.00000000.3f800000.b62776f8.2c1c269a.362776f8.3f800000.b5d288bc.2bee96f8.35d288bc.3f800000
simulation stage=boxcontact32 position=00000000.3ee66655.00000000 velocity=00000000.b76d5fce.00000000
simulation box-state stage=boxcontact32 orientation=3550e193.2a1afcf2.35a74d0d.3f7fffff angular=b8942974.a688cd4e.b831a2c5 matrix=3f800000.b6274d0c.2c1be1a3.36274d0c.3f800000.b5d0e192.2bea44ce.35d0e192.3f800000 shape=00000000.3ee66655.00000000.3f800000.b6274d0c.2c1be1a3.36274d0c.3f800000.b5d0e192.2bea44ce.35d0e192.3f800000
simulation stage=boxcontact33 position=00000000.3ee66655.00000000 velocity=00000000.b7675f7b.00000000
simulation box-state stage=boxcontact33 orientation=35520766.2a17d664.35a7bd2b.3f7fffff angular=b891896a.a688aae4.b82f62db matrix=3f800000.b627bd2a.2c1c98d2.3627bd2a.3f800000.b5d20765.2bed4673.35d20765.3f800000 shape=00000000.3ee66655.00000000.3f800000.b627bd2a.2c1c98d2.3627bd2a.3f800000.b5d20765.2bed4673.35d20765.3f800000
simulation stage=boxcontact34 position=00000000.3ee66655.00000000 velocity=00000000.b76d5fb5.00000000
simulation box-state stage=boxcontact34 orientation=3550604c.2a1f6ba4.35a7935f.3f7fffff angular=b8942971.a6889437.b831a2ca matrix=3f800000.b627935e.2c1c543a.3627935e.3f800000.b5d0604b.2be8f2a3.35d0604b.3f800000 shape=00000000.3ee66655.00000000.3f800000.b627935e.2c1c543a.3627935e.3f800000.b5d0604b.2be8f2a3.35d0604b.3f800000
simulation stage=boxcontact35 position=00000000.3ee66655.00000000 velocity=00000000.b7675f7b.00000000
simulation box-state stage=boxcontact35 orientation=3551861f.2a1c40cc.35a8037d.3f7fffff angular=b891896a.a688728a.b82f62db matrix=3f800000.b628037c.2c1d0af8.3628037c.3f800000.b5d1861e.2bebf58b.35d1861e.3f800000 shape=00000000.3ee66655.00000000.3f800000.b628037c.2c1d0af8.3628037c.3f800000.b5d1861e.2bebf58b.35d1861e.3f800000
simulation stage=boxcontact36 position=00000000.3ee66655.00000000 velocity=00000000.b76d5fbd.00000000
simulation box-state stage=boxcontact36 orientation=354fdefc.2a23da54.35a7d9a9.3f7fffff angular=b8942972.a6885b1e.b831a2c8 matrix=3f800000.b627d9a8.2c1cc67e.3627d9a8.3f800000.b5cfdefb.2be79fd3.35cfdefb.3f800000 shape=00000000.3ee66655.00000000.3f800000.b627d9a8.2c1cc67e.3627d9a8.3f800000.b5cfdefb.2be79fd3.35cfdefb.3f800000
simulation stage=boxcontact37 position=00000000.3ee66655.00000000 velocity=00000000.b7675f83.00000000
simulation box-state stage=boxcontact37 orientation=355104cc.2a20ab1c.35a849c2.3f7fffff angular=b891896a.a6883982.b82f62d8 matrix=3f800000.b62849c1.2c1d7cc2.362849c1.3f800000.b5d104cb.2beaa3f7.35d104cb.3f800000 shape=00000000.3ee66655.00000000.3f800000.b62849c1.2c1d7cc2.362849c1.3f800000.b5d104cb.2beaa3f7.35d104cb.3f800000
simulation stage=boxcontact38 position=00000000.3ee66655.00000000 velocity=00000000.b76d5fbd.00000000
simulation box-state stage=boxcontact38 orientation=354f5da9.2a2848ea.35a81fee.3f7fffff angular=b8942972.a6881da3.b831a2c8 matrix=3f800000.b6281fed.2c1d3871.36281fed.3f800000.b5cf5da8.2be64c6e.35cf5da8.3f800000 shape=00000000.3ee66655.00000000.3f800000.b6281fed.2c1d3871.36281fed.3f800000.b5cf5da8.2be64c6e.35cf5da8.3f800000
simulation stage=boxcontact39 position=00000000.3ee66655.00000000 velocity=00000000.b76b1fac.00000000
simulation box-state stage=boxcontact39 orientation=35535016.2a0fe488.35a78fe2.3f7fffff angular=b88fc16b.a6880077.b83172c5 matrix=3f800000.b6278fe1.2c1c4c94.36278fe1.3f800000.b5d35015.2bf0a6e4.35d35015.3f800000 shape=00000000.3ee66655.00000000.3f800000.b6278fe1.2c1c4c94.36278fe1.3f800000.b5d35015.2bf0a6e4.35d35015.3f800000
simulation stage=boxcontact40 position=00000000.3ee66655.00000000 velocity=00000000.b76d5fa4.00000000
simulation box-state stage=boxcontact40 orientation=3551a910.2a1775ba.35a76625.3f7fffff angular=b8942971.a687e3c7.b831a2d3 matrix=3f800000.b6276624.2c1c07a8.36276624.3f800000.b5d1a90f.2bec5474.35d1a90f.3f800000 shape=00000000.3ee66655.00000000.3f800000.b6276624.2c1c07a8.36276624.3f800000.b5d1a90f.2bec5474.35d1a90f.3f800000
simulation stage=boxcontact41 position=00000000.3ee66655.00000000 velocity=00000000.b76d5f98.00000000
simulation box-state stage=boxcontact41 orientation=35500205.2a1f07a8.35a73c7f.3f7fffff angular=b894296e.a687c6f5.b831a2d3 matrix=3f800000.b6273c7e.2c1bc36e.36273c7e.3f800000.b5d00204.2be80308.35d00204.3f800000 shape=00000000.3ee66655.00000000.3f800000.b6273c7e.2c1bc36e.36273c7e.3f800000.b5d00204.2be80308.35d00204.3f800000
simulation stage=boxcontact42 position=00000000.3ee66655.00000000 velocity=00000000.b7675f7b.00000000
simulation box-state stage=boxcontact42 orientation=355127d8.2a1bdeaa.35a7ac9d.3f7fffff angular=b891896a.a687a351.b82f62db matrix=3f800000.b627ac9c.2c1c79da.3627ac9c.3f800000.b5d127d7.2beb0460.35d127d7.3f800000 shape=00000000.3ee66655.00000000.3f800000.b627ac9c.2c1c79da.3627ac9c.3f800000.b5d127d7.2beb0460.35d127d7.3f800000
simulation stage=boxcontact43 position=00000000.3ee66655.00000000 velocity=00000000.b76d5fb5.00000000
simulation box-state stage=boxcontact43 orientation=354f80be.2a237434.35a782d1.3f7fffff angular=b8942971.a6878b48.b831a2ca matrix=3f800000.b62782d0.2c1c358b.362782d0.3f800000.b5cf80bd.2be6b0fd.35cf80bd.3f800000 shape=00000000.3ee66655.00000000.3f800000.b62782d0.2c1c358b.362782d0.3f800000.b5cf80bd.2be6b0fd.35cf80bd.3f800000
simulation stage=boxcontact44 position=00000000.3ee66655.00000000 velocity=00000000.b7675f83.00000000
simulation box-state stage=boxcontact44 orientation=3550a68e.2a2046d8.35a7f2ea.3f7fffff angular=b891896a.a6876859.b82f62d8 matrix=3f800000.b627f2e9.2c1ceb7e.3627f2e9.3f800000.b5d0a68d.2be9b390.35d0a68d.3f800000 shape=00000000.3ee66655.00000000.3f800000.b627f2e9.2c1ceb7e.3627f2e9.3f800000.b5d0a68d.2be9b390.35d0a68d.3f800000
simulation stage=boxcontact45 position=00000000.3ee66655.00000000 velocity=00000000.00000000.00000000
simulation box-state stage=boxcontact45 orientation=3550a68e.2a2046d8.35a7f2ea.3f7fffff angular=b8942971.a6874e49.b831a2ca matrix=3f800000.b627f2e9.2c1ceb7e.3627f2e9.3f800000.b5d0a68d.2be9b390.35d0a68d.3f800000 shape=00000000.3ee66655.00000000.3f800000.b627f2e9.2c1ceb7e.3627f2e9.3f800000.b5d0a68d.2be9b390.35d0a68d.3f800000
simulation stage=boxcontact46 position=00000000.3ee66655.00000000 velocity=00000000.00000000.00000000
simulation box-state stage=boxcontact46 orientation=3550a68e.2a2046d8.35a7f2ea.3f7fffff angular=b8942971.a6874e49.b831a2ca matrix=3f800000.b627f2e9.2c1ceb7e.3627f2e9.3f800000.b5d0a68d.2be9b390.35d0a68d.3f800000 shape=00000000.3ee66655.00000000.3f800000.b627f2e9.2c1ceb7e.3627f2e9.3f800000.b5d0a68d.2be9b390.35d0a68d.3f800000
simulation stage=boxcontact47 position=00000000.3ee66655.00000000 velocity=00000000.00000000.00000000
simulation box-state stage=boxcontact47 orientation=3550a68e.2a2046d8.35a7f2ea.3f7fffff angular=b8942971.a6874e49.b831a2ca matrix=3f800000.b627f2e9.2c1ceb7e.3627f2e9.3f800000.b5d0a68d.2be9b390.35d0a68d.3f800000 shape=00000000.3ee66655.00000000.3f800000.b627f2e9.2c1ceb7e.3627f2e9.3f800000.b5d0a68d.2be9b390.35d0a68d.3f800000
simulation stage=boxcontact48 position=00000000.3ee66655.00000000 velocity=00000000.00000000.00000000
simulation box-state stage=boxcontact48 orientation=3550a68e.2a2046d8.35a7f2ea.3f7fffff angular=b8942971.a6874e49.b831a2ca matrix=3f800000.b627f2e9.2c1ceb7e.3627f2e9.3f800000.b5d0a68d.2be9b390.35d0a68d.3f800000 shape=00000000.3ee66655.00000000.3f800000.b627f2e9.2c1ceb7e.3627f2e9.3f800000.b5d0a68d.2be9b390.35d0a68d.3f800000
simulation stage=boxcontact49 position=00000000.3ee66655.00000000 velocity=00000000.00000000.00000000
simulation box-state stage=boxcontact49 orientation=3550a68e.2a2046d8.35a7f2ea.3f7fffff angular=b8942971.a6874e49.b831a2ca matrix=3f800000.b627f2e9.2c1ceb7e.3627f2e9.3f800000.b5d0a68d.2be9b390.35d0a68d.3f800000 shape=00000000.3ee66655.00000000.3f800000.b627f2e9.2c1ceb7e.3627f2e9.3f800000.b5d0a68d.2be9b390.35d0a68d.3f800000
simulation stage=boxcontact50 position=00000000.3ee66655.00000000 velocity=00000000.00000000.00000000
simulation box-state stage=boxcontact50 orientation=3550a68e.2a2046d8.35a7f2ea.3f7fffff angular=b8942971.a6874e49.b831a2ca matrix=3f800000.b627f2e9.2c1ceb7e.3627f2e9.3f800000.b5d0a68d.2be9b390.35d0a68d.3f800000 shape=00000000.3ee66655.00000000.3f800000.b627f2e9.2c1ceb7e.3627f2e9.3f800000.b5d0a68d.2be9b390.35d0a68d.3f800000
simulation stage=boxcontact51 position=00000000.3ee66655.00000000 velocity=00000000.00000000.00000000
simulation box-state stage=boxcontact51 orientation=3550a68e.2a2046d8.35a7f2ea.3f7fffff angular=b8942971.a6874e49.b831a2ca matrix=3f800000.b627f2e9.2c1ceb7e.3627f2e9.3f800000.b5d0a68d.2be9b390.35d0a68d.3f800000 shape=00000000.3ee66655.00000000.3f800000.b627f2e9.2c1ceb7e.3627f2e9.3f800000.b5d0a68d.2be9b390.35d0a68d.3f800000
simulation stage=boxcontact52 position=00000000.3ee66655.00000000 velocity=00000000.00000000.00000000
simulation box-state stage=boxcontact52 orientation=3550a68e.2a2046d8.35a7f2ea.3f7fffff angular=b8942971.a6874e49.b831a2ca matrix=3f800000.b627f2e9.2c1ceb7e.3627f2e9.3f800000.b5d0a68d.2be9b390.35d0a68d.3f800000 shape=00000000.3ee66655.00000000.3f800000.b627f2e9.2c1ceb7e.3627f2e9.3f800000.b5d0a68d.2be9b390.35d0a68d.3f800000
simulation stage=boxcontact53 position=00000000.3ee66655.00000000 velocity=00000000.00000000.00000000
simulation box-state stage=boxcontact53 orientation=3550a68e.2a2046d8.35a7f2ea.3f7fffff angular=b8942971.a6874e49.b831a2ca matrix=3f800000.b627f2e9.2c1ceb7e.3627f2e9.3f800000.b5d0a68d.2be9b390.35d0a68d.3f800000 shape=00000000.3ee66655.00000000.3f800000.b627f2e9.2c1ceb7e.3627f2e9.3f800000.b5d0a68d.2be9b390.35d0a68d.3f800000
simulation stage=boxcontact54 position=00000000.3ee66655.00000000 velocity=00000000.00000000.00000000
simulation box-state stage=boxcontact54 orientation=3550a68e.2a2046d8.35a7f2ea.3f7fffff angular=b8942971.a6874e49.b831a2ca matrix=3f800000.b627f2e9.2c1ceb7e.3627f2e9.3f800000.b5d0a68d.2be9b390.35d0a68d.3f800000 shape=00000000.3ee66655.00000000.3f800000.b627f2e9.2c1ceb7e.3627f2e9.3f800000.b5d0a68d.2be9b390.35d0a68d.3f800000
simulation stage=boxcontact55 position=00000000.3ee66655.00000000 velocity=00000000.00000000.00000000
simulation box-state stage=boxcontact55 orientation=3550a68e.2a2046d8.35a7f2ea.3f7fffff angular=b8942971.a6874e49.b831a2ca matrix=3f800000.b627f2e9.2c1ceb7e.3627f2e9.3f800000.b5d0a68d.2be9b390.35d0a68d.3f800000 shape=00000000.3ee66655.00000000.3f800000.b627f2e9.2c1ceb7e.3627f2e9.3f800000.b5d0a68d.2be9b390.35d0a68d.3f800000
simulation stage=boxcontact56 position=00000000.3ee66655.00000000 velocity=00000000.00000000.00000000
simulation box-state stage=boxcontact56 orientation=3550a68e.2a2046d8.35a7f2ea.3f7fffff angular=b8942971.a6874e49.b831a2ca matrix=3f800000.b627f2e9.2c1ceb7e.3627f2e9.3f800000.b5d0a68d.2be9b390.35d0a68d.3f800000 shape=00000000.3ee66655.00000000.3f800000.b627f2e9.2c1ceb7e.3627f2e9.3f800000.b5d0a68d.2be9b390.35d0a68d.3f800000
simulation stage=boxcontact57 position=00000000.3ee66655.00000000 velocity=00000000.00000000.00000000
simulation box-state stage=boxcontact57 orientation=3550a68e.2a2046d8.35a7f2ea.3f7fffff angular=b8942971.a6874e49.b831a2ca matrix=3f800000.b627f2e9.2c1ceb7e.3627f2e9.3f800000.b5d0a68d.2be9b390.35d0a68d.3f800000 shape=00000000.3ee66655.00000000.3f800000.b627f2e9.2c1ceb7e.3627f2e9.3f800000.b5d0a68d.2be9b390.35d0a68d.3f800000
simulation stage=boxcontact58 position=00000000.3ee66655.00000000 velocity=00000000.00000000.00000000
simulation box-state stage=boxcontact58 orientation=3550a68e.2a2046d8.35a7f2ea.3f7fffff angular=b8942971.a6874e49.b831a2ca matrix=3f800000.b627f2e9.2c1ceb7e.3627f2e9.3f800000.b5d0a68d.2be9b390.35d0a68d.3f800000 shape=00000000.3ee66655.00000000.3f800000.b627f2e9.2c1ceb7e.3627f2e9.3f800000.b5d0a68d.2be9b390.35d0a68d.3f800000
simulation stage=boxcontact59 position=00000000.3ee66655.00000000 velocity=00000000.00000000.00000000
simulation box-state stage=boxcontact59 orientation=3550a68e.2a2046d8.35a7f2ea.3f7fffff angular=b8942971.a6874e49.b831a2ca matrix=3f800000.b627f2e9.2c1ceb7e.3627f2e9.3f800000.b5d0a68d.2be9b390.35d0a68d.3f800000 shape=00000000.3ee66655.00000000.3f800000.b627f2e9.2c1ceb7e.3627f2e9.3f800000.b5d0a68d.2be9b390.35d0a68d.3f800000
simulation box-contact callbacks=26 events=0000000a pairs=26 patches=26 points=104 normal=80000000.bf800000.80000000 point=bf000000.bc916940.bf000000 separation=bc916940
simulation box-contact callback=0 point=0 xyzs=bf000000.bc916940.bf000000.bc916940
simulation box-contact callback=0 point=1 xyzs=bf000000.bc916940.3f000000.bc916940
simulation box-contact callback=0 point=2 xyzs=3f000000.bc916940.bf000000.bc916940
simulation box-contact callback=0 point=3 xyzs=3f000000.bc916940.3f000000.bc916940
simulation box-contact callback=1 point=0 xyzs=befffea0.bd3269a8.bf00006d.bd3269a8
simulation box-contact callback=1 point=1 xyzs=befffea0.bd327778.3effff22.bd327778
simulation box-contact callback=1 point=2 xyzs=3f0000ae.bd3253c0.bf00006d.bd3253c0
simulation box-contact callback=1 point=3 xyzs=3f0000ae.bd326188.3effff22.bd326188
simulation box-contact callback=2 point=0 xyzs=befffe9b.bd478c68.bf00006e.bd478c68
simulation box-contact callback=2 point=1 xyzs=befffe9b.bd479a68.3effff1e.bd479a68
simulation box-contact callback=2 point=2 xyzs=3f0000b1.bd477630.bf00006e.bd477630
simulation box-contact callback=2 point=3 xyzs=3f0000b1.bd478430.3effff1e.bd478430
simulation box-contact callback=3 point=0 xyzs=beffff63.bd4bc1e0.bf00002f.bd4bc1e0
simulation box-contact callback=3 point=1 xyzs=beffff63.bd4bc7f0.3effff9c.bd4bc7f0
simulation box-contact callback=3 point=2 xyzs=3f00004d.bd4bb830.bf00002f.bd4bb830
simulation box-contact callback=3 point=3 xyzs=3f00004d.bd4bbe48.3effff9c.bd4bbe48
simulation box-contact callback=4 point=0 xyzs=beffffb4.bd4c9870.bf000016.bd4c9870
simulation box-contact callback=4 point=1 xyzs=beffffb4.bd4c9b60.3effffcf.bd4c9b60
simulation box-contact callback=4 point=2 xyzs=3f000024.bd4c93c8.bf000016.bd4c93c8
simulation box-contact callback=4 point=3 xyzs=3f000024.bd4c96b0.3effffcf.bd4c96b0
simulation box-contact callback=5 point=0 xyzs=beffffcc.bd4cc320.bf00000e.bd4cc320
simulation box-contact callback=5 point=1 xyzs=beffffcc.bd4cc520.3effffde.bd4cc520
simulation box-contact callback=5 point=2 xyzs=3f000018.bd4cc008.bf00000e.bd4cc008
simulation box-contact callback=5 point=3 xyzs=3f000018.bd4cc200.3effffde.bd4cc200
simulation box-contact callback=6 point=0 xyzs=beffffd2.bd4ccba8.bf00000c.bd4ccba8
simulation box-contact callback=6 point=1 xyzs=beffffd2.bd4ccd68.3effffe2.bd4ccd68
simulation box-contact callback=6 point=2 xyzs=3f000015.bd4cc8f0.bf00000c.bd4cc8f0
simulation box-contact callback=6 point=3 xyzs=3f000015.bd4ccaa8.3effffe2.bd4ccaa8
simulation box-contact callback=7 point=0 xyzs=beffffd4.bd4ccd60.bf00000c.bd4ccd60
simulation box-contact callback=7 point=1 xyzs=beffffd4.bd4ccf00.3effffe3.bd4ccf00
simulation box-contact callback=7 point=2 xyzs=3f000014.bd4ccac0.bf00000c.bd4ccac0
simulation box-contact callback=7 point=3 xyzs=3f000014.bd4ccc60.3effffe3.bd4ccc60
simulation stage=box-contact60 position=00000000.3ee66655.00000000 velocity=00000000.00000000.00000000
simulation box-state stage=box-contact60 orientation=3550a68e.2a2046d8.35a7f2ea.3f7fffff angular=b8942971.a6874e49.b831a2ca matrix=3f800000.b627f2e9.2c1ceb7e.3627f2e9.3f800000.b5d0a68d.2be9b390.35d0a68d.3f800000 shape=00000000.3ee66655.00000000.3f800000.b627f2e9.2c1ceb7e.3627f2e9.3f800000.b5d0a68d.2be9b390.35d0a68d.3f800000
simulation sphere-pair creation valid=1.1 actors=1.1
simulation stage=spherepair-init-a position=bf800000.00000000.00000000 velocity=3f800000.00000000.00000000
simulation stage=spherepair-init-b position=3f800000.00000000.00000000 velocity=bf800000.00000000.00000000
simulation stage=spherepair0-a position=bf7bbbbb.00000000.00000000 velocity=3f800000.00000000.00000000
simulation stage=spherepair0-b position=3f7bbbbb.00000000.00000000 velocity=bf800000.00000000.00000000
simulation stage=spherepair1-a position=bf777776.00000000.00000000 velocity=3f800000.00000000.00000000
simulation stage=spherepair1-b position=3f777776.00000000.00000000 velocity=bf800000.00000000.00000000
simulation stage=spherepair2-a position=bf733331.00000000.00000000 velocity=3f800000.00000000.00000000
simulation stage=spherepair2-b position=3f733331.00000000.00000000 velocity=bf800000.00000000.00000000
simulation stage=spherepair3-a position=bf6eeeec.00000000.00000000 velocity=3f800000.00000000.00000000
simulation stage=spherepair3-b position=3f6eeeec.00000000.00000000 velocity=bf800000.00000000.00000000
simulation stage=spherepair4-a position=bf6aaaa7.00000000.00000000 velocity=3f800000.00000000.00000000
simulation stage=spherepair4-b position=3f6aaaa7.00000000.00000000 velocity=bf800000.00000000.00000000
simulation stage=spherepair5-a position=bf666662.00000000.00000000 velocity=3f800000.00000000.00000000
simulation stage=spherepair5-b position=3f666662.00000000.00000000 velocity=bf800000.00000000.00000000
simulation stage=spherepair6-a position=bf62221d.00000000.00000000 velocity=3f800000.00000000.00000000
simulation stage=spherepair6-b position=3f62221d.00000000.00000000 velocity=bf800000.00000000.00000000
simulation stage=spherepair7-a position=bf5dddd8.00000000.00000000 velocity=3f800000.00000000.00000000
simulation stage=spherepair7-b position=3f5dddd8.00000000.00000000 velocity=bf800000.00000000.00000000
simulation stage=spherepair8-a position=bf599993.00000000.00000000 velocity=3f800000.00000000.00000000
simulation stage=spherepair8-b position=3f599993.00000000.00000000 velocity=bf800000.00000000.00000000
simulation stage=spherepair9-a position=bf55554e.00000000.00000000 velocity=3f800000.00000000.00000000
simulation stage=spherepair9-b position=3f55554e.00000000.00000000 velocity=bf800000.00000000.00000000
simulation stage=spherepair10-a position=bf511109.00000000.00000000 velocity=3f800000.00000000.00000000
simulation stage=spherepair10-b position=3f511109.00000000.00000000 velocity=bf800000.00000000.00000000
simulation stage=spherepair11-a position=bf4cccc4.00000000.00000000 velocity=3f800000.00000000.00000000
simulation stage=spherepair11-b position=3f4cccc4.00000000.00000000 velocity=bf800000.00000000.00000000
simulation stage=spherepair12-a position=bf48887f.00000000.00000000 velocity=3f800000.00000000.00000000
simulation stage=spherepair12-b position=3f48887f.00000000.00000000 velocity=bf800000.00000000.00000000
simulation stage=spherepair13-a position=bf44443a.00000000.00000000 velocity=3f800000.00000000.00000000
simulation stage=spherepair13-b position=3f44443a.00000000.00000000 velocity=bf800000.00000000.00000000
simulation stage=spherepair14-a position=bf3ffff5.00000000.00000000 velocity=3f800000.00000000.00000000
simulation stage=spherepair14-b position=3f3ffff5.00000000.00000000 velocity=bf800000.00000000.00000000
simulation stage=spherepair15-a position=bf3bbbb0.00000000.00000000 velocity=3f800000.00000000.00000000
simulation stage=spherepair15-b position=3f3bbbb0.00000000.00000000 velocity=bf800000.00000000.00000000
simulation stage=spherepair16-a position=bf37776b.00000000.00000000 velocity=3f800000.00000000.00000000
simulation stage=spherepair16-b position=3f37776b.00000000.00000000 velocity=bf800000.00000000.00000000
simulation stage=spherepair17-a position=bf333326.00000000.00000000 velocity=3f800000.00000000.00000000
simulation stage=spherepair17-b position=3f333326.00000000.00000000 velocity=bf800000.00000000.00000000
simulation stage=spherepair18-a position=bf2eeee1.00000000.00000000 velocity=3f800000.00000000.00000000
simulation stage=spherepair18-b position=3f2eeee1.00000000.00000000 velocity=bf800000.00000000.00000000
simulation stage=spherepair19-a position=bf2aaa9c.00000000.00000000 velocity=3f800000.00000000.00000000
simulation stage=spherepair19-b position=3f2aaa9c.00000000.00000000 velocity=bf800000.00000000.00000000
simulation stage=spherepair20-a position=bf266657.00000000.00000000 velocity=3f800000.00000000.00000000
simulation stage=spherepair20-b position=3f266657.00000000.00000000 velocity=bf800000.00000000.00000000
simulation stage=spherepair21-a position=bf222212.00000000.00000000 velocity=3f800000.00000000.00000000
simulation stage=spherepair21-b position=3f222212.00000000.00000000 velocity=bf800000.00000000.00000000
simulation stage=spherepair22-a position=bf1dddcd.00000000.00000000 velocity=3f800000.00000000.00000000
simulation stage=spherepair22-b position=3f1dddcd.00000000.00000000 velocity=bf800000.00000000.00000000
simulation stage=spherepair23-a position=bf199988.00000000.00000000 velocity=3f800000.00000000.00000000
simulation stage=spherepair23-b position=3f199988.00000000.00000000 velocity=bf800000.00000000.00000000
simulation stage=spherepair24-a position=bf155543.00000000.00000000 velocity=3f800000.00000000.00000000
simulation stage=spherepair24-b position=3f155543.00000000.00000000 velocity=bf800000.00000000.00000000
simulation stage=spherepair25-a position=bf1110fe.00000000.00000000 velocity=3f800000.00000000.00000000
simulation stage=spherepair25-b position=3f1110fe.00000000.00000000 velocity=bf800000.00000000.00000000
simulation stage=spherepair26-a position=bf0cccb9.00000000.00000000 velocity=3f800000.00000000.00000000
simulation stage=spherepair26-b position=3f0cccb9.00000000.00000000 velocity=bf800000.00000000.00000000
simulation stage=spherepair27-a position=bf088874.00000000.00000000 velocity=3f800000.00000000.00000000
simulation stage=spherepair27-b position=3f088874.00000000.00000000 velocity=bf800000.00000000.00000000
simulation stage=spherepair28-a position=bf04442f.00000000.00000000 velocity=3f800000.00000000.00000000
simulation stage=spherepair28-b position=3f04442f.00000000.00000000 velocity=bf800000.00000000.00000000
simulation stage=spherepair29-a position=beffffd5.00000000.00000000 velocity=3f800000.00000000.00000000
simulation stage=spherepair29-b position=3effffd5.00000000.00000000 velocity=bf800000.00000000.00000000
simulation stage=spherepair30-a position=bef7774c.00000000.00000000 velocity=3f800000.00000000.00000000
simulation stage=spherepair30-b position=3ef7774c.00000000.00000000 velocity=bf800000.00000000.00000000
simulation stage=spherepair31-a position=bef40d9e.00000000.00000000 velocity=3eccc4a0.00000000.00000000
simulation stage=spherepair31-b position=3ef40d9e.00000000.00000000 velocity=beccc4a0.00000000.00000000
simulation stage=spherepair32-a position=bef35ee2.00000000.00000000 velocity=3da3cfc7.00000000.00000000
simulation stage=spherepair32-b position=3ef35ee2.00000000.00000000 velocity=bda3cfc7.00000000.00000000
simulation stage=spherepair33-a position=bef33bef.00000000.00000000 velocity=3c830c3f.00000000.00000000
simulation stage=spherepair33-b position=3ef33bef.00000000.00000000 velocity=bc830c3f.00000000.00000000
simulation stage=spherepair34-a position=bef334f2.00000000.00000000 velocity=3b51927e.00000000.00000000
simulation stage=spherepair34-b position=3ef334f2.00000000.00000000 velocity=bb51927e.00000000.00000000
simulation stage=spherepair35-a position=bef3338c.00000000.00000000 velocity=3a277bff.00000000.00000000
simulation stage=spherepair35-b position=3ef3338c.00000000.00000000 velocity=ba277bff.00000000.00000000
simulation stage=spherepair36-a position=bef33345.00000000.00000000 velocity=39051fff.00000000.00000000
simulation stage=spherepair36-b position=3ef33345.00000000.00000000 velocity=b9051fff.00000000.00000000
simulation stage=spherepair37-a position=bef33336.00000000.00000000 velocity=37d43ffe.00000000.00000000
simulation stage=spherepair37-b position=3ef33336.00000000.00000000 velocity=b7d43ffe.00000000.00000000
simulation stage=spherepair38-a position=bef33334.00000000.00000000 velocity=3669fffe.00000000.00000000
simulation stage=spherepair38-b position=3ef33334.00000000.00000000 velocity=b669fffe.00000000.00000000
simulation stage=spherepair39-a position=bef33333.00000000.00000000 velocity=34effffe.00000000.00000000
simulation stage=spherepair39-b position=3ef33333.00000000.00000000 velocity=b4effffe.00000000.00000000
simulation stage=spherepair40-a position=bef33333.00000000.00000000 velocity=00000000.00000000.00000000
simulation stage=spherepair40-b position=3ef33333.00000000.00000000 velocity=00000000.00000000.00000000
simulation stage=spherepair41-a position=bef33333.00000000.00000000 velocity=00000000.00000000.00000000
simulation stage=spherepair41-b position=3ef33333.00000000.00000000 velocity=00000000.00000000.00000000
simulation stage=spherepair42-a position=bef33333.00000000.00000000 velocity=00000000.00000000.00000000
simulation stage=spherepair42-b position=3ef33333.00000000.00000000 velocity=00000000.00000000.00000000
simulation stage=spherepair43-a position=bef33333.00000000.00000000 velocity=00000000.00000000.00000000
simulation stage=spherepair43-b position=3ef33333.00000000.00000000 velocity=00000000.00000000.00000000
simulation stage=spherepair44-a position=bef33333.00000000.00000000 velocity=00000000.00000000.00000000
simulation stage=spherepair44-b position=3ef33333.00000000.00000000 velocity=00000000.00000000.00000000
simulation stage=spherepair45-a position=bef33333.00000000.00000000 velocity=00000000.00000000.00000000
simulation stage=spherepair45-b position=3ef33333.00000000.00000000 velocity=00000000.00000000.00000000
simulation stage=spherepair46-a position=bef33333.00000000.00000000 velocity=00000000.00000000.00000000
simulation stage=spherepair46-b position=3ef33333.00000000.00000000 velocity=00000000.00000000.00000000
simulation stage=spherepair47-a position=bef33333.00000000.00000000 velocity=00000000.00000000.00000000
simulation stage=spherepair47-b position=3ef33333.00000000.00000000 velocity=00000000.00000000.00000000
simulation stage=spherepair48-a position=bef33333.00000000.00000000 velocity=00000000.00000000.00000000
simulation stage=spherepair48-b position=3ef33333.00000000.00000000 velocity=00000000.00000000.00000000
simulation stage=spherepair49-a position=bef33333.00000000.00000000 velocity=00000000.00000000.00000000
simulation stage=spherepair49-b position=3ef33333.00000000.00000000 velocity=00000000.00000000.00000000
simulation stage=spherepair50-a position=bef33333.00000000.00000000 velocity=00000000.00000000.00000000
simulation stage=spherepair50-b position=3ef33333.00000000.00000000 velocity=00000000.00000000.00000000
simulation stage=spherepair51-a position=bef33333.00000000.00000000 velocity=00000000.00000000.00000000
simulation stage=spherepair51-b position=3ef33333.00000000.00000000 velocity=00000000.00000000.00000000
simulation stage=spherepair52-a position=bef33333.00000000.00000000 velocity=00000000.00000000.00000000
simulation stage=spherepair52-b position=3ef33333.00000000.00000000 velocity=00000000.00000000.00000000
simulation stage=spherepair53-a position=bef33333.00000000.00000000 velocity=00000000.00000000.00000000
simulation stage=spherepair53-b position=3ef33333.00000000.00000000 velocity=00000000.00000000.00000000
simulation stage=spherepair54-a position=bef33333.00000000.00000000 velocity=00000000.00000000.00000000
simulation stage=spherepair54-b position=3ef33333.00000000.00000000 velocity=00000000.00000000.00000000
simulation stage=spherepair55-a position=bef33333.00000000.00000000 velocity=00000000.00000000.00000000
simulation stage=spherepair55-b position=3ef33333.00000000.00000000 velocity=00000000.00000000.00000000
simulation stage=spherepair56-a position=bef33333.00000000.00000000 velocity=00000000.00000000.00000000
simulation stage=spherepair56-b position=3ef33333.00000000.00000000 velocity=00000000.00000000.00000000
simulation stage=spherepair57-a position=bef33333.00000000.00000000 velocity=00000000.00000000.00000000
simulation stage=spherepair57-b position=3ef33333.00000000.00000000 velocity=00000000.00000000.00000000
simulation stage=spherepair58-a position=bef33333.00000000.00000000 velocity=00000000.00000000.00000000
simulation stage=spherepair58-b position=3ef33333.00000000.00000000 velocity=00000000.00000000.00000000
simulation stage=spherepair59-a position=bef33333.00000000.00000000 velocity=00000000.00000000.00000000
simulation stage=spherepair59-b position=3ef33333.00000000.00000000 velocity=00000000.00000000.00000000
simulation sphere-pair callbacks=26 events=0000000a pairs=26 patches=26 points=26
simulation stage=spherepair60-a position=bef33333.00000000.00000000 velocity=00000000.00000000.00000000
simulation stage=spherepair60-b position=3ef33333.00000000.00000000 velocity=00000000.00000000.00000000
simulation friction setup material=2 material_valid=1 ground_valid=1 desc_valid=1 actors=1.1
simulation motion stage=friction-init position=00000000.3f000000.00000000 velocity=40000000.00000000.00000000 angular=00000000.00000000.00000000
simulation motion stage=friction0 position=3d088889.3f000000.00000000 velocity=40000000.00000000.00000000 angular=00000000.00000000.00000000
simulation motion stage=friction1 position=3d888889.3efe9ad4.00000000 velocity=40000000.be276c8c.00000000 angular=00000000.00000000.00000000
simulation motion stage=friction2 position=3dcccccd.3efbd07c.00000000 velocity=40000000.bea76c8c.00000000 angular=00000000.00000000.00000000
simulation motion stage=friction3 position=3e088888.3ef7a0f8.00000000 velocity=40000000.befb22d2.00000000 angular=00000000.00000000.00000000
simulation motion stage=friction4 position=3e2aaaaa.3ef20c48.00000000 velocity=40000000.bf276c8c.00000000 angular=00000000.00000000.00000000
simulation motion stage=friction5 position=3e4ccccc.3eeb126c.00000000 velocity=40000000.bf5147af.00000000 angular=00000000.00000000.00000000
simulation motion stage=friction6 position=3e6eeeee.3ee7559a.00000000 velocity=40000000.bee0410d.00000000 angular=00000000.00000000.00000000
simulation motion stage=friction7 position=3e864f26.3ee6963d.00000000 velocity=3fdea347.bdb366b7.00000000 angular=00000000.00000000.bfa6cf87
simulation motion stage=friction8 position=3e91e723.3ee66ff7.00000000 velocity=3fade7d9.bc8f83df.00000000 angular=00000000.00000000.c041126b
simulation motion stage=friction9 position=3e9d55a3.3ee66850.00000000 velocity=3fac42bd.bb658efe.00000000 angular=00000000.00000000.c0448409
simulation motion stage=friction10 position=3ea94706.3ee666c8.00000000 velocity=3fb324d5.ba379bff.00000000 angular=00000000.00000000.c03324d6
simulation motion stage=friction11 position=3eb5366a.3ee66679.00000000 velocity=3fb30b9f.b9126fff.00000000 angular=00000000.00000000.c0333d8c
simulation motion stage=friction12 position=3ec12658.3ee6666a.00000000 velocity=3fb30ef3.b7df7ffe.00000000 angular=00000000.00000000.c0330ef4
simulation motion stage=friction13 position=3ecd1447.3ee66667.00000000 velocity=3fb2f5c3.b6adffff.00000000 angular=00000000.00000000.c033279f
simulation motion stage=friction14 position=3ed902bf.3ee66666.00000000 velocity=3fb2f913.b56ffffe.00000000 angular=00000000.00000000.c032f914
simulation motion stage=friction15 position=3ee4ef39.3ee66666.00000000 velocity=3fb2dfea.00000000.00000000 angular=00000000.00000000.c03311b3
simulation motion stage=friction16 position=3ef0dc3c.3ee66666.00000000 velocity=3fb2e336.00000000.00000000 angular=00000000.00000000.c032e338
simulation motion stage=friction17 position=3efcc742.3ee66666.00000000 velocity=3fb2ca13.00000000.00000000 angular=00000000.00000000.c032fbca
simulation motion stage=friction18 position=3f045968.3ee66666.00000000 velocity=3fb2cd5c.00000000.00000000 angular=00000000.00000000.c032cd5d
simulation motion stage=friction19 position=3f0a4e30.3ee66666.00000000 velocity=3fb2b440.00000000.00000000 angular=00000000.00000000.c032e5e5
simulation motion stage=friction20 position=3f10433c.3ee66666.00000000 velocity=3fb2b784.00000000.00000000 angular=00000000.00000000.c032b786
simulation motion stage=friction21 position=3f16374a.3ee66666.00000000 velocity=3fb29e6e.00000000.00000000 angular=00000000.00000000.c032d001
simulation motion stage=friction22 position=3f1c2b9c.3ee66666.00000000 velocity=3fb2a1af.00000000.00000000 angular=00000000.00000000.c032a1b1
simulation motion stage=friction23 position=3f221ef0.3ee66666.00000000 velocity=3fb288a0.00000000.00000000 angular=00000000.00000000.c032ba21
simulation motion stage=friction24 position=3f281288.3ee66666.00000000 velocity=3fb28bdd.00000000.00000000 angular=00000000.00000000.c0328bdf
simulation motion stage=friction25 position=3f2e0522.3ee66666.00000000 velocity=3fb272d4.00000000.00000000 angular=00000000.00000000.c032a443
simulation motion stage=friction26 position=3f33f800.3ee66666.00000000 velocity=3fb2760d.00000000.00000000 angular=00000000.00000000.c032760e
simulation motion stage=friction27 position=3f39e9e0.3ee66666.00000000 velocity=3fb25d0a.00000000.00000000 angular=00000000.00000000.c0328e67
simulation motion stage=friction28 position=3f3fdc04.3ee66666.00000000 velocity=3fb2603f.00000000.00000000 angular=00000000.00000000.c0326041
simulation motion stage=friction29 position=3f45cd2b.3ee66666.00000000 velocity=3fb24743.00000000.00000000 angular=00000000.00000000.c032788e
simulation motion stage=friction30 position=3f4bbe95.3ee66666.00000000 velocity=3fb24a74.00000000.00000000 angular=00000000.00000000.c0324a77
simulation motion stage=friction31 position=3f51af02.3ee66666.00000000 velocity=3fb2317f.00000000.00000000 angular=00000000.00000000.c03262b8
simulation motion stage=friction32 position=3f579fb2.3ee66666.00000000 velocity=3fb234ac.00000000.00000000 angular=00000000.00000000.c03234af
simulation motion stage=friction33 position=3f5d8f65.3ee66666.00000000 velocity=3fb21bbd.00000000.00000000 angular=00000000.00000000.c0324ce5
simulation motion stage=friction34 position=3f637f5b.3ee66666.00000000 velocity=3fb21ee7.00000000.00000000 angular=00000000.00000000.c0321eea
simulation motion stage=friction35 position=3f696e55.3ee66666.00000000 velocity=3fb205ff.00000000.00000000 angular=00000000.00000000.c0323714
simulation motion stage=friction36 position=3f6f5d91.3ee66666.00000000 velocity=3fb20925.00000000.00000000 angular=00000000.00000000.c0320927
simulation motion stage=friction37 position=3f754bd1.3ee66666.00000000 velocity=3fb1f043.00000000.00000000 angular=00000000.00000000.c0322147
simulation motion stage=friction38 position=3f7b3a54.3ee66666.00000000 velocity=3fb1f365.00000000.00000000 angular=00000000.00000000.c031f368
simulation motion stage=friction39 position=3f8093ed.3ee66666.00000000 velocity=3fb1da8a.00000000.00000000 angular=00000000.00000000.c0320b7c
simulation motion stage=friction40 position=3f838ad1.3ee66666.00000000 velocity=3fb1dda9.00000000.00000000 angular=00000000.00000000.c031ddab
simulation motion stage=friction41 position=3f868138.3ee66666.00000000 velocity=3fb1c4d4.00000000.00000000 angular=00000000.00000000.c031f5b4
simulation motion stage=friction42 position=3f8977c0.3ee66666.00000000 velocity=3fb1c7ef.00000000.00000000 angular=00000000.00000000.c031c7f2
simulation motion stage=friction43 position=3f8c6dca.3ee66666.00000000 velocity=3fb1af21.00000000.00000000 angular=00000000.00000000.c031dfee
simulation motion stage=friction44 position=3f8f63f5.3ee66666.00000000 velocity=3fb1b237.00000000.00000000 angular=00000000.00000000.c031b23b
simulation motion stage=friction45 position=3f9259a3.3ee66666.00000000 velocity=3fb1996f.00000000.00000000 angular=00000000.00000000.c031ca2b
simulation motion stage=friction46 position=3f954f71.3ee66666.00000000 velocity=3fb19c82.00000000.00000000 angular=00000000.00000000.c0319c85
simulation motion stage=friction47 position=3f9844c2.3ee66666.00000000 velocity=3fb183c0.00000000.00000000 angular=00000000.00000000.c031b46c
simulation motion stage=friction48 position=3f9b3a34.3ee66666.00000000 velocity=3fb186cf.00000000.00000000 angular=00000000.00000000.c03186d3
simulation motion stage=friction49 position=3f9e2f29.3ee66666.00000000 velocity=3fb16e14.00000000.00000000 angular=00000000.00000000.c0319ead
simulation motion stage=friction50 position=3fa1243e.3ee66666.00000000 velocity=3fb1711f.00000000.00000000 angular=00000000.00000000.c0317125
simulation motion stage=friction51 position=3fa418d7.3ee66666.00000000 velocity=3fb1586a.00000000.00000000 angular=00000000.00000000.c03188f4
simulation motion stage=friction52 position=3fa70d90.3ee66666.00000000 velocity=3fb15b72.00000000.00000000 angular=00000000.00000000.c0315b77
simulation motion stage=friction53 position=3faa01cc.3ee66666.00000000 velocity=3fb142c4.00000000.00000000 angular=00000000.00000000.c031733a
simulation motion stage=friction54 position=3facf628.3ee66666.00000000 velocity=3fb145c8.00000000.00000000 angular=00000000.00000000.c03145ca
simulation motion stage=friction55 position=3fafea08.3ee66666.00000000 velocity=3fb12d20.00000000.00000000 angular=00000000.00000000.c0315d83
simulation motion stage=friction56 position=3fb2de08.3ee66666.00000000 velocity=3fb13020.00000000.00000000 angular=00000000.00000000.c0313023
simulation motion stage=friction57 position=3fb5d18b.3ee66666.00000000 velocity=3fb1177f.00000000.00000000 angular=00000000.00000000.c03147d0
simulation motion stage=friction58 position=3fb8c52f.3ee66666.00000000 velocity=3fb11a7b.00000000.00000000 angular=00000000.00000000.c0311a7e
simulation motion stage=friction59 position=3fbbb856.3ee66666.00000000 velocity=3fb101df.00000000.00000000 angular=00000000.00000000.c031321f
simulation friction callbacks=59 events=0000000a pairs=59 patches=59 points=59 coefficients=3f4ccccd.3f19999a
simulation motion stage=friction60 position=3fbbb856.3ee66666.00000000 velocity=3fb101df.00000000.00000000 angular=00000000.00000000.c031321f
simulation fluid unsupported create=0 manager=1 empty=0.0 created=0.0 errors=1 code=206 line=138 file=\Epic\Novodex\SDKs\Physics\src\fluids\FluidManager.cpp message=NxScene::createFluid(): Feature not available!
simulation fluid enabled-invalid result=0 errors=1 code=1 line=140 file=\Epic\Novodex\SDKs\Physics\src\fluids\FluidManager.cpp message=Supplied NxFluidDesc is not valid. createFluid returns NULL.
simulation fluid unsupported release manager-cleared=1 errors=1 code=206 line=183 file=\Epic\Novodex\SDKs\Physics\src\fluids\FluidManager.cpp message=NxScene::releaseFluid(): Feature not available!
simulation fluid contact-report-set errors=1 code=206 line=377 file=\Epic\Novodex\SDKs\Physics\src\NpScene.cpp message=NxFluid::setUserFluidContactReport(): Feature not available!
simulation fluid contact-report-get stored=0 errors=1 code=206 line=383 file=\Epic\Novodex\SDKs\Physics\src\NpScene.cpp message=NxFluid::getUserFluidContactReport(): Feature not available!
simulation implicit-mesh-create created=0 errors=1 code=206 line=641 file=\Epic\Novodex\SDKs\Physics\src\NpScene.cpp message=NxScene::createImplicitMesh(): Feature not available!
simulation implicit-mesh-release errors=1 code=206 line=647 file=\Epic\Novodex\SDKs\Physics\src\NpScene.cpp message=NxScene::releaseImplicitMesh(): Feature not available!
simulation implicit-mesh-count count=0 errors=1 code=206 line=653 file=\Epic\Novodex\SDKs\Physics\src\NpScene.cpp message=NxScene::getNbImplicitMeshes(): Feature not available!
simulation implicit-mesh-list present=0 errors=1 code=206 line=659 file=\Epic\Novodex\SDKs\Physics\src\NpScene.cpp message=NxScene::getImplicitMeshes(): Feature not available!
simulation fluid manager-step ready=1 fetched=1 frames=2 errors=3 code=206 line=234 file=\Epic\Novodex\SDKs\Physics\src\fluids\FluidManager.cpp message=NxScene::generateSurfaceMeshes(): Feature not available!
simulation fluid manager actor-created present=1 errors=1 code=206 line=263 file=\Epic\Novodex\SDKs\Physics\src\fluids\FluidManager.cpp message=NxScene::fluidsNotifyCreateActor(): Feature not available!
simulation fluid manager actor-released errors=1 code=206 line=250 file=\Epic\Novodex\SDKs\Physics\src\fluids\FluidManager.cpp message=NxScene::fluidsNotifyReleaseActor(): Feature not available!
simulation fluid array-release remaining=1 secondary=1 swapped=1.1 destructor=1 flags=1 target=1
simulation fluid manager-constructor owner=1 arrays-empty=1 initialized=1 extension=0 available=0
simulation fluid manager-populated-destructor calls=2 flags=1 target=1 arrays-cleared=1
simulation fluid manager-vtable deleting-destructor=1
simulation controller-create rejected=1 actors=0
simulation controller-create first=1 second=1 actors-before=0 actors-created=2
simulation controller-position first=00000000.00000000.00000000 second=40000000.00000000.00000000
simulation controller-move position=3e800000.00000000.00000000 flags=00000000
simulation controller-move actor-before-step=00000000.00000000.00000000
simulation controller-actor index=0 position=00000000.00000000.00000000 dimensions=3f0ccccd.3f8ccccd.3f0ccccd
simulation controller-actor index=1 position=40000000.00000000.00000000 dimensions=3e8ccccd.3f533334.3e8ccccd
simulation controller-release actors-after-first=2 actors-after=2 stale-next-after-first=0 errors-after-first=0 errors-after-second=0
simulation controller-obstacle position=3f000000.00000000.00000000 flags=00000004
simulation controller-obstacle filtered position=40200000.00000000.00000000 flags=00000000
simulation controller-obstacle step position=3f000000.3f000000.00000000 flags=00000005
simulation controller-obstacle step-offset-disabled position=3f000000.3f000000.00000000 flags=00000005
simulation controller-obstacle grounded-sweep position=3f000000.3f000000.00000000 flags=00000005
simulation controller-descriptor up-axis=00000001 step-offset=3f000000
simulation controller-obstacle step-offset move position=3fc00000.3f0ccccd.00000000 flags=00000004
simulation controller-grounded-step-probe position=3f000000.3f000000.00000000 flags=00000005
simulation controller-grounded-zup-step-probe position=40400000.00000000.3f000000 flags=00000004
simulation controller-grounded-high-threshold position=3f000000.3f000000.00000000 flags=00000005
simulation controller-grounded-short-step-probe position=3f000000.3f000000.00000000 flags=00000004
simulation controller-obstacle slide position=3f000000.00000000.3f800000 flags=00000004
simulation controller-initial-overlap escape position=3e800000.00000000.00000000 flags=00000000
simulation controller-initial-overlap inward position=3f400000.00000000.00000000 flags=00000004
simulation controller-rotated-initial-overlap escape position=3f800000.00000000.00000000 flags=00000000
simulation controller-rotated-initial-overlap reverse position=bf800000.00000000.00000000 flags=00000000
simulation controller-obstacle vertical position=40800000.3f000000.00000000 flags=00000001
simulation controller-obstacle trigger position=40f00000.00000000.00000000 flags=00000004
simulation controller-obstacle rotated-corner position=bf50704e.00000000.3f4ccccd flags=00000004
simulation controller-obstacle sphere-corner position=40000000.3f4ccccd.3f4ccccd flags=00000000
simulation controller-obstacle mesh-corner position=40000000.3f8ccccd.3f8ccccd flags=00000000
simulation controller-obstacle mesh-hit position=3f800000.3e4ccccd.3e4ccccd flags=00000004
simulation controller-mesh-slope position=3eccccd0.3f000000.3f000000 flags=00000004
simulation controller-mesh-slope-correction position=c0004807.bf66f671.3f000000 flags=00000000
simulation controller-mesh-slope-baseline position=3f000000.3f0ccccc.3f000000 flags=00000004
simulation controller-mesh-slope-descriptor-axis position=3f000001.3f333334.3f000000 flags=00000001
simulation controller-obstacle mesh16-hit source_index_bits=16 index_format=4 index_stride=12 position=3f800000.3e4ccccd.3e4ccccd flags=00000004
simulation controller-obstacle mesh-overlap-out position=3f800000.3e4ccccd.3e4ccccd flags=00000000
simulation controller-obstacle mesh-overlap-in position=40000000.3e4ccccd.3e4ccccd flags=00000000
simulation controller-obstacle mesh-backface position=40000000.3e4ccccd.3e4ccccd flags=00000000
simulation lifecycle state sdk=0 scene=0 p=00000000.3f79f904.00000000 v=00000000.bf16ae7d.00000000
simulation lifecycle scene_released sdk=0 scene=0
simulation lifecycle state sdk=0 scene=1 p=3f800000.3f79f904.00000000 v=00000000.bf16ae7d.00000000
simulation lifecycle scene_released sdk=0 scene=1
simulation lifecycle sdk_released cycle=0
simulation lifecycle state sdk=1 scene=0 p=40800000.3f79f904.00000000 v=00000000.bf16ae7d.00000000
simulation lifecycle scene_released sdk=1 scene=0
simulation lifecycle state sdk=1 scene=1 p=40a00000.3f79f904.00000000 v=00000000.bf16ae7d.00000000
simulation lifecycle scene_released sdk=1 scene=1
simulation lifecycle sdk_released cycle=1
modules pair=2 trusted_system=11 rejected=0
loaded module=NxPhysics.dll path=C:\Users\raynorpat\.codex\worktrees\nxphysics-contact-report-scene-release\Novodex\build\pairs\oracle\NxPhysics.dll sha256=4b7db3e126735c576f79fe5666e6fa661de9724b2a78808bb0924325ac79602c
loaded module=NxFoundation.dll path=C:\Users\raynorpat\.codex\worktrees\nxphysics-contact-report-scene-release\Novodex\build\pairs\oracle\NxFoundation.dll sha256=7e0596e45af2f1ab937a948100528e51c80dfd02b295ba678898081883ae0990

child_stdout_end
child_stderr_begin
child_stderr_end
pass: NxPhysicsSimulationTests/oracle reported the staged identity: loaded module=NxPhysics.dll path=C:\Users\raynorpat\.codex\worktrees\nxphysics-contact-report-scene-release\Novodex\build\pairs\oracle\NxPhysics.dll sha256=4b7db3e126735c576f79fe5666e6fa661de9724b2a78808bb0924325ac79602c
pass: NxPhysicsSimulationTests/oracle reported the staged identity: loaded module=NxFoundation.dll path=C:\Users\raynorpat\.codex\worktrees\nxphysics-contact-report-scene-release\Novodex\build\pairs\oracle\NxFoundation.dll sha256=7e0596e45af2f1ab937a948100528e51c80dfd02b295ba678898081883ae0990
pass: test target is built: C:\Users\raynorpat\.codex\worktrees\nxphysics-contact-report-scene-release\Novodex\build\Release\NxPhysicsSimulationTests.exe
child target=NxPhysicsSimulationTests pair=candidate command="C:\Users\raynorpat\.codex\worktrees\nxphysics-contact-report-scene-release\Novodex\build\Release\NxPhysicsSimulationTests.exe" "C:\Users\raynorpat\.codex\worktrees\nxphysics-contact-report-scene-release\Novodex\build\pairs\candidate" exit=1
child_stdout_begin
pair_directory=C:\Users\raynorpat\.codex\worktrees\nxphysics-contact-report-scene-release\Novodex\build\pairs\candidate
modules pair=2 trusted_system=7 rejected=0
loaded module=NxPhysics.dll path=C:\Users\raynorpat\.codex\worktrees\nxphysics-contact-report-scene-release\Novodex\build\pairs\candidate\NxPhysics.dll sha256=4213ca025aa449c3630f9782a676620b7160784e64c4dab4e741d301f35b3ca6
loaded module=NxFoundation.dll path=C:\Users\raynorpat\.codex\worktrees\nxphysics-contact-report-scene-release\Novodex\build\pairs\candidate\NxFoundation.dll sha256=4eb4e77e7d7dba0d3754ce3caa8547fc293c1ebf0abc8b65421ddafd905541d4
simulation trigger-lifecycle tick=1 calls=0
simulation trigger-lifecycle event=1 trigger=1 other=1
simulation trigger-lifecycle tick=2 calls=1
simulation trigger-lifecycle event=4 trigger=1 other=1
simulation trigger-lifecycle tick=3 calls=2
simulation trigger-lifecycle event=2 trigger=1 other=1
simulation trigger-lifecycle summary fetched=1 calls=3 bad_shapes=0 exact=1
simulation trigger-batch tick=1 calls=0
simulation trigger-batch event=1 other=7 trigger_ok=1
simulation trigger-batch event=1 other=6 trigger_ok=1
simulation trigger-batch event=1 other=5 trigger_ok=1
simulation trigger-batch event=1 other=4 trigger_ok=1
simulation trigger-batch event=1 other=3 trigger_ok=1
simulation trigger-batch event=1 other=2 trigger_ok=1
simulation trigger-batch event=1 other=1 trigger_ok=1
simulation trigger-batch event=1 other=0 trigger_ok=1
simulation trigger-batch tick=2 calls=8
simulation trigger-batch event=4 other=7 trigger_ok=1
simulation trigger-batch event=4 other=6 trigger_ok=1
simulation trigger-batch event=4 other=5 trigger_ok=1
simulation trigger-batch event=4 other=4 trigger_ok=1
simulation trigger-batch event=4 other=3 trigger_ok=1
simulation trigger-batch event=4 other=2 trigger_ok=1
simulation trigger-batch event=4 other=1 trigger_ok=1
simulation trigger-batch event=4 other=0 trigger_ok=1
simulation trigger-batch tick=3 calls=16
simulation trigger-batch event=2 other=7 trigger_ok=1
simulation trigger-batch event=2 other=6 trigger_ok=1
simulation trigger-batch event=2 other=5 trigger_ok=1
simulation trigger-batch event=2 other=4 trigger_ok=1
simulation trigger-batch event=2 other=3 trigger_ok=1
simulation trigger-batch event=2 other=2 trigger_ok=1
simulation trigger-batch event=2 other=1 trigger_ok=1
simulation trigger-batch event=2 other=0 trigger_ok=1
simulation trigger-batch summary fetched=1 calls=24 bad_shapes=0 exact=1
simulation trigger-compound event=1 trigger=0 other=1
simulation trigger-compound event=1 trigger=1 other=1
simulation trigger-compound event=4 trigger=0 other=1
simulation trigger-compound event=4 trigger=1 other=1
simulation trigger-compound event=2 trigger=0 other=1
simulation trigger-compound event=2 trigger=1 other=1
simulation trigger-compound summary fetched=1 calls=6 bad_shapes=0 exact=1
simulation triangle-mesh create=1
simulation triangle-mesh data submeshes=2 vertices=4 triangles=2 vertex_format=1 vertex_stride=12 index_format=4 index_stride=12 first_index=0 last_index=2 first_vertex=c0000000.00000000.c0000000 save=1 saved_counts=4.2 saved_strides=12.12
simulation triangle-mesh16 create=1 vertices=4 triangles=2 index_format=4 index_stride=12 first_index=0 last_index=2
simulation capsule-shape userdata actor=1 shapes=1 marker=1
simulation triangle-mesh scene_owner create=1
simulation triangle-mesh actor=1 shapes=1
simulation triangle-mesh handle type=4 mesh_same=1
simulation triangle-mesh world_bounds=c0000000.00000000.c0000000.40000000.00000000.40000000
simulation triangle-mesh locked_create=0
simulation broadphase selector=0 mode=1
simulation scene-stats phase=created selector=0 present=1 contacts=0 max_contacts=0 actors=0 joints=0 awake=0 asleep=0 static_shapes=0
simulation scene-limits phase=created selector=0 actors=0 bodies=0 static_shapes=0 dynamic_shapes=0 joints=0
simulation broadphase separated selector=0 pairs=0
simulation broadphase static-static selector=0 pairs=0
simulation broadphase overlapping selector=0 pairs=2
simulation scene-stats phase=active selector=0 present=1 contacts=0 max_contacts=0 actors=8 joints=0 awake=0 asleep=0 static_shapes=3
simulation scene-limits phase=active selector=0 actors=8 bodies=5 static_shapes=3 dynamic_shapes=5 joints=0
simulation stage=broadphase0-chain0 position=40c00000.00000000.00000000 velocity=00000000.00000000.00000000
simulation stage=broadphase0-chain1 position=40d80000.00000000.00000000 velocity=00000000.00000000.00000000
simulation stage=broadphase0-chain2 position=40f00000.00000000.00000000 velocity=00000000.00000000.00000000
simulation broadphase order selector=0 pairs=0-1,1-2
simulation broadphase dense selector=0 pairs=6
simulation broadphase order selector=0 pairs=0-1,0-2,0-3,1-2,1-3,2-3
simulation broadphase bounded selector=0 pairs=2
simulation broadphase selector=1 mode=2
simulation scene-stats phase=created selector=1 present=1 contacts=0 max_contacts=0 actors=0 joints=0 awake=0 asleep=0 static_shapes=0
simulation scene-limits phase=created selector=1 actors=0 bodies=0 static_shapes=0 dynamic_shapes=0 joints=0
simulation broadphase separated selector=1 pairs=0
simulation broadphase static-static selector=1 pairs=0
simulation broadphase overlapping selector=1 pairs=2
simulation scene-stats phase=active selector=1 present=1 contacts=0 max_contacts=0 actors=8 joints=0 awake=0 asleep=0 static_shapes=3
simulation scene-limits phase=active selector=1 actors=8 bodies=5 static_shapes=3 dynamic_shapes=5 joints=0
simulation stage=broadphase1-chain0 position=40c00000.00000000.00000000 velocity=00000000.00000000.00000000
simulation stage=broadphase1-chain1 position=40d80000.00000000.00000000 velocity=00000000.00000000.00000000
simulation stage=broadphase1-chain2 position=40f00000.00000000.00000000 velocity=00000000.00000000.00000000
simulation broadphase order selector=1 pairs=0-1,1-2
simulation broadphase dense selector=1 pairs=6
simulation broadphase order selector=1 pairs=0-1,0-2,0-3,1-2,1-3,2-3
simulation broadphase bounded selector=1 pairs=2
simulation broadphase plane selector=1 pairs=1
simulation broadphase selector=2 mode=3
simulation scene-stats phase=created selector=2 present=1 contacts=0 max_contacts=0 actors=0 joints=0 awake=0 asleep=0 static_shapes=0
simulation scene-limits phase=created selector=2 actors=0 bodies=0 static_shapes=0 dynamic_shapes=0 joints=0
simulation broadphase separated selector=2 pairs=0
simulation broadphase static-static selector=2 pairs=0
simulation broadphase overlapping selector=2 pairs=2
simulation scene-stats phase=active selector=2 present=1 contacts=0 max_contacts=0 actors=8 joints=0 awake=0 asleep=0 static_shapes=3
simulation scene-limits phase=active selector=2 actors=8 bodies=5 static_shapes=3 dynamic_shapes=5 joints=0
simulation body-state=broadphase2-contact1 velocity=00000000.00000000.00000000
simulation body-state=broadphase2-contact2 velocity=00000000.00000000.00000000
simulation stage=broadphase2-chain0 position=40c00000.00000000.00000000 velocity=00000000.00000000.00000000
simulation stage=broadphase2-chain1 position=40d80000.00000000.00000000 velocity=00000000.00000000.00000000
simulation stage=broadphase2-chain2 position=40f00000.00000000.00000000 velocity=00000000.00000000.00000000
simulation broadphase order selector=2 pairs=0-1,1-2
simulation body-state=broadphase2-separated1 velocity=b5e06397.00000000.00000000
simulation body-state=broadphase2-separated2 velocity=35da9eba.00000000.00000000
simulation broadphase moved-apart selector=2 pairs=1
simulation body-state=broadphase2-rejoin1 velocity=c07f0007.00000000.00000000
simulation body-state=broadphase2-rejoin2 velocity=40ff000a.00000000.00000000
simulation broadphase moved-together selector=2 pairs=2
simulation broadphase dense selector=2 pairs=6
simulation broadphase order selector=2 pairs=0-1,0-2,0-3,1-2,1-3,2-3
simulation broadphase bounded selector=2 pairs=2
simulation gravity=initial 00000000.c11cf5c3.00000000
simulation gravity=changed 00000000.c1a00000.00000000
simulation timing=initial 3c888889.8.0
simulation timing=changed 3e000000.4.1
simulation writable=initial 1
simulation negative-dt error=1 code=1 line=540 file=\Epic\Novodex\SDKs\Physics\src\NpScene.cpp message=Scene::simulate: The elapsed time must be nonnegative!
simulation zero-dt ready=1 fetched=1
simulation submit state dt=3e000000 pending=1 ready=1 fetched=1 finished=0
simulation nonblocking=idle ready=0 fetched=0
simulation fence=idle ready=0
simulation empty-step ready=1 fetched=1
simulation fence=submitted ready=1
simulation nonblocking=finished ready=1 fetched=1
simulation stage=force1 position=3d747645.00000000.00000000 velocity=3ef47645.00000000.00000000
simulation stage=kinematic1 position=3f800000.00000000.3f000000 velocity=00000000.00000000.00000000
simulation kinematic flag=1
simulation sleep=automatic sleeping=1
simulation sleep=woken sleeping=0
simulation effector-step setup count=1 awake=1 pos=00000000 cmass=00000000.00000000.00000000 inertia=3eaaaaab.3eaaaaab.3eaaaaab spring=3f000000.3f800000.40800000.42c80000.42c80000 damper=c0200000.3fe00000.40e00000.41180000
simulation effector-step ready=1 fetched=1 v=00000000.00000000.00000000 w=00000000.00000000.00000000 q=00000000.00000000.00000000.3f800000
simulation effector-step second ready=1 fetched=1 v=3e9277f6.bd9277f6.00000000 w=00000000.00000000.bf5b8512 q=00000000.00000000.bbea2706.3f7ffe53
simulation effector-step third ready=1 fetched=1 v=3f092d93.be0966ba.00000000 w=00000000.00000000.bfcdd680 q=00000000.00000000.bca84e95.3f7ff22a
simulation angular-step step=0 q=00000000.00000000.00000000.3f800000 w=00000000.00000000.bf5b8512
simulation angular-step step=1 q=00000000.00000000.bbe9f512.3f7ffe54 w=00000000.00000000.bf5b563d
simulation angular-step step=2 q=00000000.00000000.bc69da97.3f7ff952 w=00000000.00000000.bf5b2772
simulation force-at-position impulse ready=1 fetched=1 q=00000000.00000000.00000000.3f800000 w=3f580000.00000000.bfd80000
simulation stage=stack0_0 position=00000000.3f000000.00000000 velocity=00000000.00000000.00000000
simulation stage=stack0_1 position=00000000.3fc00000.00000000 velocity=00000000.00000000.00000000
simulation stage=stack0_2 position=00000000.40200000.00000000 velocity=00000000.00000000.00000000
simulation stage=stack1_0 position=00000000.3efdfdac.00000000 velocity=00000000.be48e8a7.00000000
simulation stage=stack1_1 position=00000000.3fbf7f6b.00000000 velocity=00000000.be48e8a7.00000000
simulation stage=stack1_2 position=00000000.401fbfb5.00000000 velocity=00000000.be48e8a7.00000000
simulation stage=stack2_0 position=00000000.3ef9f904.00000000 velocity=00000000.bec8e8a7.00000000
simulation stage=stack2_1 position=00000000.3fbe7e41.00000000 velocity=00000000.bec8e8a7.00000000
simulation stage=stack2_2 position=00000000.401f3f20.00000000 velocity=00000000.bec8e8a7.00000000
simulation stage=stack3_0 position=00000000.3ef3f209.00000000 velocity=00000000.bf16ae7d.00000000
simulation stage=stack3_1 position=00000000.3fbcfc82.00000000 velocity=00000000.bf16ae7d.00000000
simulation stage=stack3_2 position=00000000.401e7e40.00000000 velocity=00000000.bf16ae7d.00000000
simulation stage=stack4_0 position=00000000.3eece9e4.00000000 velocity=00000000.bf2fcb91.00000000
simulation stage=stack4_1 position=00000000.3fbb3a78.00000000 velocity=00000000.bf2fcb91.00000000
simulation stage=stack4_2 position=00000000.401d7d16.00000000 velocity=00000000.bf48e8a6.00000000
simulation stage=stack5_0 position=00000000.3ee7b3e5.00000000 velocity=00000000.bf0245cf.00000000
simulation stage=stack5_1 position=00000000.3fb93824.00000000 velocity=00000000.bf48e8a5.00000000
simulation stage=stack5_2 position=00000000.401c3ba1.00000000 velocity=00000000.bf7b22cf.00000000
simulation stage=stack6_0 position=00000000.3ee6a919.00000000 velocity=00000000.bdd06f22.00000000
simulation stage=stack6_1 position=00000000.3fb6f586.00000000 velocity=00000000.bf6205b9.00000000
simulation stage=stack6_2 position=00000000.401ab9e2.00000000 velocity=00000000.bf96ae7c.00000000
simulation stage=stack7_0 position=00000000.3ee673bd.00000000 velocity=00000000.bca6be8f.00000000
simulation stage=stack7_1 position=00000000.3fb4729d.00000000 velocity=00000000.bf7b22cd.00000000
simulation stage=stack7_2 position=00000000.4018f7d8.00000000 velocity=00000000.bfafcb90.00000000
simulation stage=stack8_0 position=00000000.3ee66911.00000000 velocity=00000000.bb856248.00000000
simulation stage=stack8_1 position=00000000.3fb3522b.00000000 velocity=00000000.bed47d4a.00000000
simulation stage=stack8_2 position=00000000.4016f584.00000000 velocity=00000000.bfc8e8a4.00000000
simulation stage=stack9_0 position=00000000.3ee666ee.00000000 velocity=00000000.ba555400.00000000
simulation stage=stack9_1 position=00000000.3fb2b1f7.00000000 velocity=00000000.be45693a.00000000
simulation stage=stack9_2 position=00000000.4015fb99.00000000 velocity=00000000.bf28cc42.00000000
simulation stage=stack10_0 position=00000000.3ee66681.00000000 velocity=00000000.b9298900.00000000
simulation stage=stack10_1 position=00000000.3fb2a8a1.00000000 velocity=00000000.bcc85066.00000000
simulation stage=stack10_2 position=00000000.4015e051.00000000 velocity=00000000.bd47a6d8.00000000
simulation stage=stack11_0 position=00000000.3ee6666b.00000000 velocity=00000000.b8051400.00000000
simulation stage=stack11_1 position=00000000.3fb2d73d.00000000 velocity=00000000.3d4f34c3.00000000
simulation stage=stack11_2 position=00000000.40160b56.00000000 velocity=00000000.3dcf4569.00000000
simulation stage=stack12_0 position=00000000.3ee66667.00000000 velocity=00000000.b6b8c000.00000000
simulation stage=stack12_1 position=00000000.3fb2fb4f.00000000 velocity=00000000.3d26d51e.00000000
simulation stage=stack12_2 position=00000000.40162eb0.00000000 velocity=00000000.3da6d803.00000000
simulation stage=stack13_0 position=00000000.3ee66666.00000000 velocity=00000000.b5478000.00000000
simulation stage=stack13_1 position=00000000.3fb3097d.00000000 velocity=00000000.3c840a2c.00000000
simulation stage=stack13_2 position=00000000.40163cb9.00000000 velocity=00000000.3d040af6.00000000
simulation stage=stack14_0 position=00000000.3ee66666.00000000 velocity=00000000.2fc00000.00000000
simulation stage=stack14_1 position=00000000.3fb30ac9.00000000 velocity=00000000.3abfd459.00000000
simulation stage=stack14_2 position=00000000.40163dfd.00000000 velocity=00000000.3b3fcd09.00000000
simulation stage=stack15_0 position=00000000.3ee66666.00000000 velocity=00000000.b0000000.00000000
simulation stage=stack15_1 position=00000000.3fb30854.00000000 velocity=00000000.bb385601.00000000
simulation stage=stack15_2 position=00000000.40163b87.00000000 velocity=00000000.bbb859b0.00000000
simulation stage=stack16_0 position=00000000.3ee66666.00000000 velocity=00000000.b0000000.00000000
simulation stage=stack16_1 position=00000000.3fb30654.00000000 velocity=00000000.bb15f369.00000000
simulation stage=stack16_2 position=00000000.40163987.00000000 velocity=00000000.bb95f718.00000000
simulation stage=stack17_0 position=00000000.3ee66666.00000000 velocity=00000000.af000000.00000000
simulation stage=stack17_1 position=00000000.3fb30587.00000000 velocity=00000000.ba6f12c2.00000000
simulation stage=stack17_2 position=00000000.401638ba.00000000 velocity=00000000.baef2181.00000000
simulation stage=stack18_0 position=00000000.3ee66666.00000000 velocity=00000000.ad800000.00000000
simulation stage=stack18_1 position=00000000.3fb30573.00000000 velocity=00000000.b8b16e81.00000000
simulation stage=stack18_2 position=00000000.401638a7.00000000 velocity=00000000.b931e380.00000000
simulation stage=stack19_0 position=00000000.3ee66666.00000000 velocity=00000000.2e000000.00000000
simulation stage=stack19_1 position=00000000.3fb30596.00000000 velocity=00000000.3926f0c1.00000000
simulation stage=stack19_2 position=00000000.401638ca.00000000 velocity=00000000.39a6b5c0.00000000
simulation stage=stack20_0 position=00000000.3ee66666.00000000 velocity=00000000.2e000000.00000000
simulation stage=stack20_1 position=00000000.3fb305b3.00000000 velocity=00000000.390a3581.00000000
simulation stage=stack20_2 position=00000000.401638e7.00000000 velocity=00000000.3989fa80.00000000
simulation stage=stack21_0 position=00000000.3ee66666.00000000 velocity=00000000.2d000000.00000000
simulation stage=stack21_1 position=00000000.3fb305bf.00000000 velocity=00000000.38627c01.00000000
simulation stage=stack21_2 position=00000000.401638f2.00000000 velocity=00000000.38e19001.00000000
simulation stage=stack22_0 position=00000000.3ee66666.00000000 velocity=00000000.2c000000.00000000
simulation stage=stack22_1 position=00000000.3fb305c0.00000000 velocity=00000000.3706c001.00000000
simulation stage=stack22_2 position=00000000.401638f3.00000000 velocity=00000000.37831000.00000000
simulation stage=stack23_0 position=00000000.3ee66666.00000000 velocity=00000000.ab800000.00000000
simulation stage=stack23_1 position=00000000.3fb305be.00000000 velocity=00000000.b6b7b001.00000000
simulation stage=stack23_2 position=00000000.401638f1.00000000 velocity=00000000.b73f1000.00000000
simulation stage=stack24_0 position=00000000.3ee66666.00000000 velocity=00000000.ab400000.00000000
simulation stage=stack24_1 position=00000000.3fb305bd.00000000 velocity=00000000.b669f002.00000000
simulation stage=stack24_2 position=00000000.401638f0.00000000 velocity=00000000.b6f8b000.00000000
simulation stage=stack25_0 position=00000000.3ee66666.00000000 velocity=00000000.00000000.00000000
simulation stage=stack25_1 position=00000000.3fb305bc.00000000 velocity=00000000.b52dc004.00000000
simulation stage=stack25_2 position=00000000.401638ef.00000000 velocity=00000000.b5e84000.00000000
simulation stage=stack26_0 position=00000000.3ee66666.00000000 velocity=00000000.00000000.00000000
simulation stage=stack26_1 position=00000000.3fb305bc.00000000 velocity=00000000.36115000.00000000
simulation stage=stack26_2 position=00000000.401638ef.00000000 velocity=00000000.3682b001.00000000
simulation stage=stack27_0 position=00000000.3ee66666.00000000 velocity=00000000.00000000.00000000
simulation stage=stack27_1 position=00000000.3fb305bc.00000000 velocity=00000000.363e0001.00000000
simulation stage=stack27_2 position=00000000.401638ef.00000000 velocity=00000000.36af6001.00000000
simulation stage=stack28_0 position=00000000.3ee66666.00000000 velocity=00000000.00000000.00000000
simulation stage=stack28_1 position=00000000.3fb305bc.00000000 velocity=00000000.3648f001.00000000
simulation stage=stack28_2 position=00000000.401638ef.00000000 velocity=00000000.36ba5001.00000000
simulation stage=stack29_0 position=00000000.3ee66666.00000000 velocity=00000000.00000000.00000000
simulation stage=stack29_1 position=00000000.3fb305bc.00000000 velocity=00000000.00000000.00000000
simulation stage=stack29_2 position=00000000.401638ef.00000000 velocity=00000000.00000000.00000000
simulation stage=stack30_0 position=00000000.3ee66666.00000000 velocity=00000000.00000000.00000000
simulation stage=stack30_1 position=00000000.3fb305bc.00000000 velocity=00000000.00000000.00000000
simulation stage=stack30_2 position=00000000.401638ef.00000000 velocity=00000000.00000000.00000000
simulation stage=stack31_0 position=00000000.3ee66666.00000000 velocity=00000000.00000000.00000000
simulation stage=stack31_1 position=00000000.3fb305bc.00000000 velocity=00000000.00000000.00000000
simulation stage=stack31_2 position=00000000.401638ef.00000000 velocity=00000000.00000000.00000000
simulation stage=stack32_0 position=00000000.3ee66666.00000000 velocity=00000000.00000000.00000000
simulation stage=stack32_1 position=00000000.3fb305bc.00000000 velocity=00000000.00000000.00000000
simulation stage=stack32_2 position=00000000.401638ef.00000000 velocity=00000000.00000000.00000000
simulation stage=stack33_0 position=00000000.3ee66666.00000000 velocity=00000000.00000000.00000000
simulation stage=stack33_1 position=00000000.3fb305bc.00000000 velocity=00000000.00000000.00000000
simulation stage=stack33_2 position=00000000.401638ef.00000000 velocity=00000000.00000000.00000000
simulation stage=stack34_0 position=00000000.3ee66666.00000000 velocity=00000000.00000000.00000000
simulation stage=stack34_1 position=00000000.3fb305bc.00000000 velocity=00000000.00000000.00000000
simulation stage=stack34_2 position=00000000.401638ef.00000000 velocity=00000000.00000000.00000000
simulation stage=stack35_0 position=00000000.3ee66666.00000000 velocity=00000000.00000000.00000000
simulation stage=stack35_1 position=00000000.3fb305bc.00000000 velocity=00000000.00000000.00000000
simulation stage=stack35_2 position=00000000.401638ef.00000000 velocity=00000000.00000000.00000000
simulation stage=stack36_0 position=00000000.3ee66666.00000000 velocity=00000000.00000000.00000000
simulation stage=stack36_1 position=00000000.3fb305bc.00000000 velocity=00000000.00000000.00000000
simulation stage=stack36_2 position=00000000.401638ef.00000000 velocity=00000000.00000000.00000000
simulation stage=stack37_0 position=00000000.3ee66666.00000000 velocity=00000000.00000000.00000000
simulation stage=stack37_1 position=00000000.3fb305bc.00000000 velocity=00000000.00000000.00000000
simulation stage=stack37_2 position=00000000.401638ef.00000000 velocity=00000000.00000000.00000000
simulation stage=stack38_0 position=00000000.3ee66666.00000000 velocity=00000000.00000000.00000000
simulation stage=stack38_1 position=00000000.3fb305bc.00000000 velocity=00000000.00000000.00000000
simulation stage=stack38_2 position=00000000.401638ef.00000000 velocity=00000000.00000000.00000000
simulation stage=stack39_0 position=00000000.3ee66666.00000000 velocity=00000000.00000000.00000000
simulation stage=stack39_1 position=00000000.3fb305bc.00000000 velocity=00000000.00000000.00000000
simulation stage=stack39_2 position=00000000.401638ef.00000000 velocity=00000000.00000000.00000000
simulation stage=stack40_0 position=00000000.3ee66666.00000000 velocity=00000000.00000000.00000000
simulation stage=stack40_1 position=00000000.3fb305bc.00000000 velocity=00000000.00000000.00000000
simulation stage=stack40_2 position=00000000.401638ef.00000000 velocity=00000000.00000000.00000000
simulation stage=stack41_0 position=00000000.3ee66666.00000000 velocity=00000000.00000000.00000000
simulation stage=stack41_1 position=00000000.3fb305bc.00000000 velocity=00000000.00000000.00000000
simulation stage=stack41_2 position=00000000.401638ef.00000000 velocity=00000000.00000000.00000000
simulation stage=stack42_0 position=00000000.3ee66666.00000000 velocity=00000000.00000000.00000000
simulation stage=stack42_1 position=00000000.3fb305bc.00000000 velocity=00000000.00000000.00000000
simulation stage=stack42_2 position=00000000.401638ef.00000000 velocity=00000000.00000000.00000000
simulation stage=stack43_0 position=00000000.3ee66666.00000000 velocity=00000000.00000000.00000000
simulation stage=stack43_1 position=00000000.3fb305bc.00000000 velocity=00000000.00000000.00000000
simulation stage=stack43_2 position=00000000.401638ef.00000000 velocity=00000000.00000000.00000000
simulation stage=stack44_0 position=00000000.3ee66666.00000000 velocity=00000000.00000000.00000000
simulation stage=stack44_1 position=00000000.3fb305bc.00000000 velocity=00000000.00000000.00000000
simulation stage=stack44_2 position=00000000.401638ef.00000000 velocity=00000000.00000000.00000000
simulation stage=stack45_0 position=00000000.3ee66666.00000000 velocity=00000000.00000000.00000000
simulation stage=stack45_1 position=00000000.3fb305bc.00000000 velocity=00000000.00000000.00000000
simulation stage=stack45_2 position=00000000.401638ef.00000000 velocity=00000000.00000000.00000000
simulation stage=stack46_0 position=00000000.3ee66666.00000000 velocity=00000000.00000000.00000000
simulation stage=stack46_1 position=00000000.3fb305bc.00000000 velocity=00000000.00000000.00000000
simulation stage=stack46_2 position=00000000.401638ef.00000000 velocity=00000000.00000000.00000000
simulation stage=stack47_0 position=00000000.3ee66666.00000000 velocity=00000000.00000000.00000000
simulation stage=stack47_1 position=00000000.3fb305bc.00000000 velocity=00000000.00000000.00000000
simulation stage=stack47_2 position=00000000.401638ef.00000000 velocity=00000000.00000000.00000000
simulation stage=stack48_0 position=00000000.3ee66666.00000000 velocity=00000000.00000000.00000000
simulation stage=stack48_1 position=00000000.3fb305bc.00000000 velocity=00000000.00000000.00000000
simulation stage=stack48_2 position=00000000.401638ef.00000000 velocity=00000000.00000000.00000000
simulation stage=stack49_0 position=00000000.3ee66666.00000000 velocity=00000000.00000000.00000000
simulation stage=stack49_1 position=00000000.3fb305bc.00000000 velocity=00000000.00000000.00000000
simulation stage=stack49_2 position=00000000.401638ef.00000000 velocity=00000000.00000000.00000000
simulation stage=stack50_0 position=00000000.3ee66666.00000000 velocity=00000000.00000000.00000000
simulation stage=stack50_1 position=00000000.3fb305bc.00000000 velocity=00000000.00000000.00000000
simulation stage=stack50_2 position=00000000.401638ef.00000000 velocity=00000000.00000000.00000000
simulation stage=stack51_0 position=00000000.3ee66666.00000000 velocity=00000000.00000000.00000000
simulation stage=stack51_1 position=00000000.3fb305bc.00000000 velocity=00000000.00000000.00000000
simulation stage=stack51_2 position=00000000.401638ef.00000000 velocity=00000000.00000000.00000000
simulation stage=stack52_0 position=00000000.3ee66666.00000000 velocity=00000000.00000000.00000000
simulation stage=stack52_1 position=00000000.3fb305bc.00000000 velocity=00000000.00000000.00000000
simulation stage=stack52_2 position=00000000.401638ef.00000000 velocity=00000000.00000000.00000000
simulation stage=stack53_0 position=00000000.3ee66666.00000000 velocity=00000000.00000000.00000000
simulation stage=stack53_1 position=00000000.3fb305bc.00000000 velocity=00000000.00000000.00000000
simulation stage=stack53_2 position=00000000.401638ef.00000000 velocity=00000000.00000000.00000000
simulation stage=stack54_0 position=00000000.3ee66666.00000000 velocity=00000000.00000000.00000000
simulation stage=stack54_1 position=00000000.3fb305bc.00000000 velocity=00000000.00000000.00000000
simulation stage=stack54_2 position=00000000.401638ef.00000000 velocity=00000000.00000000.00000000
simulation stage=stack55_0 position=00000000.3ee66666.00000000 velocity=00000000.00000000.00000000
simulation stage=stack55_1 position=00000000.3fb305bc.00000000 velocity=00000000.00000000.00000000
simulation stage=stack55_2 position=00000000.401638ef.00000000 velocity=00000000.00000000.00000000
simulation stage=stack56_0 position=00000000.3ee66666.00000000 velocity=00000000.00000000.00000000
simulation stage=stack56_1 position=00000000.3fb305bc.00000000 velocity=00000000.00000000.00000000
simulation stage=stack56_2 position=00000000.401638ef.00000000 velocity=00000000.00000000.00000000
simulation stage=stack57_0 position=00000000.3ee66666.00000000 velocity=00000000.00000000.00000000
simulation stage=stack57_1 position=00000000.3fb305bc.00000000 velocity=00000000.00000000.00000000
simulation stage=stack57_2 position=00000000.401638ef.00000000 velocity=00000000.00000000.00000000
simulation stage=stack58_0 position=00000000.3ee66666.00000000 velocity=00000000.00000000.00000000
simulation stage=stack58_1 position=00000000.3fb305bc.00000000 velocity=00000000.00000000.00000000
simulation stage=stack58_2 position=00000000.401638ef.00000000 velocity=00000000.00000000.00000000
simulation stage=stack59_0 position=00000000.3ee66666.00000000 velocity=00000000.00000000.00000000
simulation stage=stack59_1 position=00000000.3fb305bc.00000000 velocity=00000000.00000000.00000000
simulation stage=stack59_2 position=00000000.401638ef.00000000 velocity=00000000.00000000.00000000
simulation stage=stack60_0 position=00000000.3ee66666.00000000 velocity=00000000.00000000.00000000
simulation stage=stack60_1 position=00000000.3fb305bc.00000000 velocity=00000000.00000000.00000000
simulation stage=stack60_2 position=00000000.401638ef.00000000 velocity=00000000.00000000.00000000
simulation stage=stack61_0 position=00000000.3ee66666.00000000 velocity=00000000.00000000.00000000
simulation stage=stack61_1 position=00000000.3fb305bc.00000000 velocity=00000000.00000000.00000000
simulation stage=stack61_2 position=00000000.401638ef.00000000 velocity=00000000.00000000.00000000
simulation stage=stack62_0 position=00000000.3ee66666.00000000 velocity=00000000.00000000.00000000
simulation stage=stack62_1 position=00000000.3fb305bc.00000000 velocity=00000000.00000000.00000000
simulation stage=stack62_2 position=00000000.401638ef.00000000 velocity=00000000.00000000.00000000
simulation stage=stack63_0 position=00000000.3ee66666.00000000 velocity=00000000.00000000.00000000
simulation stage=stack63_1 position=00000000.3fb305bc.00000000 velocity=00000000.00000000.00000000
simulation stage=stack63_2 position=00000000.401638ef.00000000 velocity=00000000.00000000.00000000
simulation stage=stack64_0 position=00000000.3ee66666.00000000 velocity=00000000.00000000.00000000
simulation stage=stack64_1 position=00000000.3fb305bc.00000000 velocity=00000000.00000000.00000000
simulation stage=stack64_2 position=00000000.401638ef.00000000 velocity=00000000.00000000.00000000
simulation stage=stack65_0 position=00000000.3ee66666.00000000 velocity=00000000.00000000.00000000
simulation stage=stack65_1 position=00000000.3fb305bc.00000000 velocity=00000000.00000000.00000000
simulation stage=stack65_2 position=00000000.401638ef.00000000 velocity=00000000.00000000.00000000
simulation stage=stack66_0 position=00000000.3ee66666.00000000 velocity=00000000.00000000.00000000
simulation stage=stack66_1 position=00000000.3fb305bc.00000000 velocity=00000000.00000000.00000000
simulation stage=stack66_2 position=00000000.401638ef.00000000 velocity=00000000.00000000.00000000
simulation stage=stack67_0 position=00000000.3ee66666.00000000 velocity=00000000.00000000.00000000
simulation stage=stack67_1 position=00000000.3fb305bc.00000000 velocity=00000000.00000000.00000000
simulation stage=stack67_2 position=00000000.401638ef.00000000 velocity=00000000.00000000.00000000
simulation stage=stack68_0 position=00000000.3ee66666.00000000 velocity=00000000.00000000.00000000
simulation stage=stack68_1 position=00000000.3fb305bc.00000000 velocity=00000000.00000000.00000000
simulation stage=stack68_2 position=00000000.401638ef.00000000 velocity=00000000.00000000.00000000
simulation stage=stack69_0 position=00000000.3ee66666.00000000 velocity=00000000.00000000.00000000
simulation stage=stack69_1 position=00000000.3fb305bc.00000000 velocity=00000000.00000000.00000000
simulation stage=stack69_2 position=00000000.401638ef.00000000 velocity=00000000.00000000.00000000
simulation stage=stack70_0 position=00000000.3ee66666.00000000 velocity=00000000.00000000.00000000
simulation stage=stack70_1 position=00000000.3fb305bc.00000000 velocity=00000000.00000000.00000000
simulation stage=stack70_2 position=00000000.401638ef.00000000 velocity=00000000.00000000.00000000
simulation stage=stack71_0 position=00000000.3ee66666.00000000 velocity=00000000.00000000.00000000
simulation stage=stack71_1 position=00000000.3fb305bc.00000000 velocity=00000000.00000000.00000000
simulation stage=stack71_2 position=00000000.401638ef.00000000 velocity=00000000.00000000.00000000
simulation stage=stack72_0 position=00000000.3ee66666.00000000 velocity=00000000.00000000.00000000
simulation stage=stack72_1 position=00000000.3fb305bc.00000000 velocity=00000000.00000000.00000000
simulation stage=stack72_2 position=00000000.401638ef.00000000 velocity=00000000.00000000.00000000
simulation stage=stack73_0 position=00000000.3ee66666.00000000 velocity=00000000.00000000.00000000
simulation stage=stack73_1 position=00000000.3fb305bc.00000000 velocity=00000000.00000000.00000000
simulation stage=stack73_2 position=00000000.401638ef.00000000 velocity=00000000.00000000.00000000
simulation stage=stack74_0 position=00000000.3ee66666.00000000 velocity=00000000.00000000.00000000
simulation stage=stack74_1 position=00000000.3fb305bc.00000000 velocity=00000000.00000000.00000000
simulation stage=stack74_2 position=00000000.401638ef.00000000 velocity=00000000.00000000.00000000
simulation stage=stack75_0 position=00000000.3ee66666.00000000 velocity=00000000.00000000.00000000
simulation stage=stack75_1 position=00000000.3fb305bc.00000000 velocity=00000000.00000000.00000000
simulation stage=stack75_2 position=00000000.401638ef.00000000 velocity=00000000.00000000.00000000
simulation stage=stack76_0 position=00000000.3ee66666.00000000 velocity=00000000.00000000.00000000
simulation stage=stack76_1 position=00000000.3fb305bc.00000000 velocity=00000000.00000000.00000000
simulation stage=stack76_2 position=00000000.401638ef.00000000 velocity=00000000.00000000.00000000
simulation stage=stack77_0 position=00000000.3ee66666.00000000 velocity=00000000.00000000.00000000
simulation stage=stack77_1 position=00000000.3fb305bc.00000000 velocity=00000000.00000000.00000000
simulation stage=stack77_2 position=00000000.401638ef.00000000 velocity=00000000.00000000.00000000
simulation stage=stack78_0 position=00000000.3ee66666.00000000 velocity=00000000.00000000.00000000
simulation stage=stack78_1 position=00000000.3fb305bc.00000000 velocity=00000000.00000000.00000000
simulation stage=stack78_2 position=00000000.401638ef.00000000 velocity=00000000.00000000.00000000
simulation stage=stack79_0 position=00000000.3ee66666.00000000 velocity=00000000.00000000.00000000
simulation stage=stack79_1 position=00000000.3fb305bc.00000000 velocity=00000000.00000000.00000000
simulation stage=stack79_2 position=00000000.401638ef.00000000 velocity=00000000.00000000.00000000
simulation stage=stack80_0 position=00000000.3ee66666.00000000 velocity=00000000.00000000.00000000
simulation stage=stack80_1 position=00000000.3fb305bc.00000000 velocity=00000000.00000000.00000000
simulation stage=stack80_2 position=00000000.401638ef.00000000 velocity=00000000.00000000.00000000
simulation stage=stack81_0 position=00000000.3ee66666.00000000 velocity=00000000.00000000.00000000
simulation stage=stack81_1 position=00000000.3fb305bc.00000000 velocity=00000000.00000000.00000000
simulation stage=stack81_2 position=00000000.401638ef.00000000 velocity=00000000.00000000.00000000
simulation stage=stack82_0 position=00000000.3ee66666.00000000 velocity=00000000.00000000.00000000
simulation stage=stack82_1 position=00000000.3fb305bc.00000000 velocity=00000000.00000000.00000000
simulation stage=stack82_2 position=00000000.401638ef.00000000 velocity=00000000.00000000.00000000
simulation stage=stack83_0 position=00000000.3ee66666.00000000 velocity=00000000.00000000.00000000
simulation stage=stack83_1 position=00000000.3fb305bc.00000000 velocity=00000000.00000000.00000000
simulation stage=stack83_2 position=00000000.401638ef.00000000 velocity=00000000.00000000.00000000
simulation stage=stack84_0 position=00000000.3ee66666.00000000 velocity=00000000.00000000.00000000
simulation stage=stack84_1 position=00000000.3fb305bc.00000000 velocity=00000000.00000000.00000000
simulation stage=stack84_2 position=00000000.401638ef.00000000 velocity=00000000.00000000.00000000
simulation stage=stack85_0 position=00000000.3ee66666.00000000 velocity=00000000.00000000.00000000
simulation stage=stack85_1 position=00000000.3fb305bc.00000000 velocity=00000000.00000000.00000000
simulation stage=stack85_2 position=00000000.401638ef.00000000 velocity=00000000.00000000.00000000
simulation stage=stack86_0 position=00000000.3ee66666.00000000 velocity=00000000.00000000.00000000
simulation stage=stack86_1 position=00000000.3fb305bc.00000000 velocity=00000000.00000000.00000000
simulation stage=stack86_2 position=00000000.401638ef.00000000 velocity=00000000.00000000.00000000
simulation stage=stack87_0 position=00000000.3ee66666.00000000 velocity=00000000.00000000.00000000
simulation stage=stack87_1 position=00000000.3fb305bc.00000000 velocity=00000000.00000000.00000000
simulation stage=stack87_2 position=00000000.401638ef.00000000 velocity=00000000.00000000.00000000
simulation stage=stack88_0 position=00000000.3ee66666.00000000 velocity=00000000.00000000.00000000
simulation stage=stack88_1 position=00000000.3fb305bc.00000000 velocity=00000000.00000000.00000000
simulation stage=stack88_2 position=00000000.401638ef.00000000 velocity=00000000.00000000.00000000
simulation stage=stack89_0 position=00000000.3ee66666.00000000 velocity=00000000.00000000.00000000
simulation stage=stack89_1 position=00000000.3fb305bc.00000000 velocity=00000000.00000000.00000000
simulation stage=stack89_2 position=00000000.401638ef.00000000 velocity=00000000.00000000.00000000
simulation stage=stack90_0 position=00000000.3ee66666.00000000 velocity=00000000.00000000.00000000
simulation stage=stack90_1 position=00000000.3fb305bc.00000000 velocity=00000000.00000000.00000000
simulation stage=stack90_2 position=00000000.401638ef.00000000 velocity=00000000.00000000.00000000
simulation stage=stack91_0 position=00000000.3ee66666.00000000 velocity=00000000.00000000.00000000
simulation stage=stack91_1 position=00000000.3fb305bc.00000000 velocity=00000000.00000000.00000000
simulation stage=stack91_2 position=00000000.401638ef.00000000 velocity=00000000.00000000.00000000
simulation stage=stack92_0 position=00000000.3ee66666.00000000 velocity=00000000.00000000.00000000
simulation stage=stack92_1 position=00000000.3fb305bc.00000000 velocity=00000000.00000000.00000000
simulation stage=stack92_2 position=00000000.401638ef.00000000 velocity=00000000.00000000.00000000
simulation stage=stack93_0 position=00000000.3ee66666.00000000 velocity=00000000.00000000.00000000
simulation stage=stack93_1 position=00000000.3fb305bc.00000000 velocity=00000000.00000000.00000000
simulation stage=stack93_2 position=00000000.401638ef.00000000 velocity=00000000.00000000.00000000
simulation stage=stack94_0 position=00000000.3ee66666.00000000 velocity=00000000.00000000.00000000
simulation stage=stack94_1 position=00000000.3fb305bc.00000000 velocity=00000000.00000000.00000000
simulation stage=stack94_2 position=00000000.401638ef.00000000 velocity=00000000.00000000.00000000
simulation stage=stack95_0 position=00000000.3ee66666.00000000 velocity=00000000.00000000.00000000
simulation stage=stack95_1 position=00000000.3fb305bc.00000000 velocity=00000000.00000000.00000000
simulation stage=stack95_2 position=00000000.401638ef.00000000 velocity=00000000.00000000.00000000
simulation stage=stack96_0 position=00000000.3ee66666.00000000 velocity=00000000.00000000.00000000
simulation stage=stack96_1 position=00000000.3fb305bc.00000000 velocity=00000000.00000000.00000000
simulation stage=stack96_2 position=00000000.401638ef.00000000 velocity=00000000.00000000.00000000
simulation stage=stack97_0 position=00000000.3ee66666.00000000 velocity=00000000.00000000.00000000
simulation stage=stack97_1 position=00000000.3fb305bc.00000000 velocity=00000000.00000000.00000000
simulation stage=stack97_2 position=00000000.401638ef.00000000 velocity=00000000.00000000.00000000
simulation stage=stack98_0 position=00000000.3ee66666.00000000 velocity=00000000.00000000.00000000
simulation stage=stack98_1 position=00000000.3fb305bc.00000000 velocity=00000000.00000000.00000000
simulation stage=stack98_2 position=00000000.401638ef.00000000 velocity=00000000.00000000.00000000
simulation stage=stack99_0 position=00000000.3ee66666.00000000 velocity=00000000.00000000.00000000
simulation stage=stack99_1 position=00000000.3fb305bc.00000000 velocity=00000000.00000000.00000000
simulation stage=stack99_2 position=00000000.401638ef.00000000 velocity=00000000.00000000.00000000
simulation stage=stack100_0 position=00000000.3ee66666.00000000 velocity=00000000.00000000.00000000
simulation stage=stack100_1 position=00000000.3fb305bc.00000000 velocity=00000000.00000000.00000000
simulation stage=stack100_2 position=00000000.401638ef.00000000 velocity=00000000.00000000.00000000
simulation stage=stack101_0 position=00000000.3ee66666.00000000 velocity=00000000.00000000.00000000
simulation stage=stack101_1 position=00000000.3fb305bc.00000000 velocity=00000000.00000000.00000000
simulation stage=stack101_2 position=00000000.401638ef.00000000 velocity=00000000.00000000.00000000
simulation stage=stack102_0 position=00000000.3ee66666.00000000 velocity=00000000.00000000.00000000
simulation stage=stack102_1 position=00000000.3fb305bc.00000000 velocity=00000000.00000000.00000000
simulation stage=stack102_2 position=00000000.401638ef.00000000 velocity=00000000.00000000.00000000
simulation stage=stack103_0 position=00000000.3ee66666.00000000 velocity=00000000.00000000.00000000
simulation stage=stack103_1 position=00000000.3fb305bc.00000000 velocity=00000000.00000000.00000000
simulation stage=stack103_2 position=00000000.401638ef.00000000 velocity=00000000.00000000.00000000
simulation stage=stack104_0 position=00000000.3ee66666.00000000 velocity=00000000.00000000.00000000
simulation stage=stack104_1 position=00000000.3fb305bc.00000000 velocity=00000000.00000000.00000000
simulation stage=stack104_2 position=00000000.401638ef.00000000 velocity=00000000.00000000.00000000
simulation stage=stack105_0 position=00000000.3ee66666.00000000 velocity=00000000.00000000.00000000
simulation stage=stack105_1 position=00000000.3fb305bc.00000000 velocity=00000000.00000000.00000000
simulation stage=stack105_2 position=00000000.401638ef.00000000 velocity=00000000.00000000.00000000
simulation stage=stack106_0 position=00000000.3ee66666.00000000 velocity=00000000.00000000.00000000
simulation stage=stack106_1 position=00000000.3fb305bc.00000000 velocity=00000000.00000000.00000000
simulation stage=stack106_2 position=00000000.401638ef.00000000 velocity=00000000.00000000.00000000
simulation stage=stack107_0 position=00000000.3ee66666.00000000 velocity=00000000.00000000.00000000
simulation stage=stack107_1 position=00000000.3fb305bc.00000000 velocity=00000000.00000000.00000000
simulation stage=stack107_2 position=00000000.401638ef.00000000 velocity=00000000.00000000.00000000
simulation stage=stack108_0 position=00000000.3ee66666.00000000 velocity=00000000.00000000.00000000
simulation stage=stack108_1 position=00000000.3fb305bc.00000000 velocity=00000000.00000000.00000000
simulation stage=stack108_2 position=00000000.401638ef.00000000 velocity=00000000.00000000.00000000
simulation stage=stack109_0 position=00000000.3ee66666.00000000 velocity=00000000.00000000.00000000
simulation stage=stack109_1 position=00000000.3fb305bc.00000000 velocity=00000000.00000000.00000000
simulation stage=stack109_2 position=00000000.401638ef.00000000 velocity=00000000.00000000.00000000
simulation stage=stack110_0 position=00000000.3ee66666.00000000 velocity=00000000.00000000.00000000
simulation stage=stack110_1 position=00000000.3fb305bc.00000000 velocity=00000000.00000000.00000000
simulation stage=stack110_2 position=00000000.401638ef.00000000 velocity=00000000.00000000.00000000
simulation stage=stack111_0 position=00000000.3ee66666.00000000 velocity=00000000.00000000.00000000
simulation stage=stack111_1 position=00000000.3fb305bc.00000000 velocity=00000000.00000000.00000000
simulation stage=stack111_2 position=00000000.401638ef.00000000 velocity=00000000.00000000.00000000
simulation stage=stack112_0 position=00000000.3ee66666.00000000 velocity=00000000.00000000.00000000
simulation stage=stack112_1 position=00000000.3fb305bc.00000000 velocity=00000000.00000000.00000000
simulation stage=stack112_2 position=00000000.401638ef.00000000 velocity=00000000.00000000.00000000
simulation stage=stack113_0 position=00000000.3ee66666.00000000 velocity=00000000.00000000.00000000
simulation stage=stack113_1 position=00000000.3fb305bc.00000000 velocity=00000000.00000000.00000000
simulation stage=stack113_2 position=00000000.401638ef.00000000 velocity=00000000.00000000.00000000
simulation stage=stack114_0 position=00000000.3ee66666.00000000 velocity=00000000.00000000.00000000
simulation stage=stack114_1 position=00000000.3fb305bc.00000000 velocity=00000000.00000000.00000000
simulation stage=stack114_2 position=00000000.401638ef.00000000 velocity=00000000.00000000.00000000
simulation stage=stack115_0 position=00000000.3ee66666.00000000 velocity=00000000.00000000.00000000
simulation stage=stack115_1 position=00000000.3fb305bc.00000000 velocity=00000000.00000000.00000000
simulation stage=stack115_2 position=00000000.401638ef.00000000 velocity=00000000.00000000.00000000
simulation stage=stack116_0 position=00000000.3ee66666.00000000 velocity=00000000.00000000.00000000
simulation stage=stack116_1 position=00000000.3fb305bc.00000000 velocity=00000000.00000000.00000000
simulation stage=stack116_2 position=00000000.401638ef.00000000 velocity=00000000.00000000.00000000
simulation stage=stack117_0 position=00000000.3ee66666.00000000 velocity=00000000.00000000.00000000
simulation stage=stack117_1 position=00000000.3fb305bc.00000000 velocity=00000000.00000000.00000000
simulation stage=stack117_2 position=00000000.401638ef.00000000 velocity=00000000.00000000.00000000
simulation stage=stack118_0 position=00000000.3ee66666.00000000 velocity=00000000.00000000.00000000
simulation stage=stack118_1 position=00000000.3fb305bc.00000000 velocity=00000000.00000000.00000000
simulation stage=stack118_2 position=00000000.401638ef.00000000 velocity=00000000.00000000.00000000
simulation stage=stack119_0 position=00000000.3ee66666.00000000 velocity=00000000.00000000.00000000
simulation stage=stack119_1 position=00000000.3fb305bc.00000000 velocity=00000000.00000000.00000000
simulation stage=stack119_2 position=00000000.401638ef.00000000 velocity=00000000.00000000.00000000
simulation stage=stack120_0 position=00000000.3ee66666.00000000 velocity=00000000.00000000.00000000
simulation stage=stack120_1 position=00000000.3fb305bc.00000000 velocity=00000000.00000000.00000000
simulation stage=stack120_2 position=00000000.401638ef.00000000 velocity=00000000.00000000.00000000
simulation stage=stack121_0 position=00000000.3ee66666.00000000 velocity=00000000.00000000.00000000
simulation stage=stack121_1 position=00000000.3fb305bc.00000000 velocity=00000000.00000000.00000000
simulation stage=stack121_2 position=00000000.401638ef.00000000 velocity=00000000.00000000.00000000
simulation stage=stack122_0 position=00000000.3ee66666.00000000 velocity=00000000.00000000.00000000
simulation stage=stack122_1 position=00000000.3fb305bc.00000000 velocity=00000000.00000000.00000000
simulation stage=stack122_2 position=00000000.401638ef.00000000 velocity=00000000.00000000.00000000
simulation stage=stack123_0 position=00000000.3ee66666.00000000 velocity=00000000.00000000.00000000
simulation stage=stack123_1 position=00000000.3fb305bc.00000000 velocity=00000000.00000000.00000000
simulation stage=stack123_2 position=00000000.401638ef.00000000 velocity=00000000.00000000.00000000
simulation stage=stack124_0 position=00000000.3ee66666.00000000 velocity=00000000.00000000.00000000
simulation stage=stack124_1 position=00000000.3fb305bc.00000000 velocity=00000000.00000000.00000000
simulation stage=stack124_2 position=00000000.401638ef.00000000 velocity=00000000.00000000.00000000
simulation stage=stack125_0 position=00000000.3ee66666.00000000 velocity=00000000.00000000.00000000
simulation stage=stack125_1 position=00000000.3fb305bc.00000000 velocity=00000000.00000000.00000000
simulation stage=stack125_2 position=00000000.401638ef.00000000 velocity=00000000.00000000.00000000
simulation stage=stack126_0 position=00000000.3ee66666.00000000 velocity=00000000.00000000.00000000
simulation stage=stack126_1 position=00000000.3fb305bc.00000000 velocity=00000000.00000000.00000000
simulation stage=stack126_2 position=00000000.401638ef.00000000 velocity=00000000.00000000.00000000
simulation stage=stack127_0 position=00000000.3ee66666.00000000 velocity=00000000.00000000.00000000
simulation stage=stack127_1 position=00000000.3fb305bc.00000000 velocity=00000000.00000000.00000000
simulation stage=stack127_2 position=00000000.401638ef.00000000 velocity=00000000.00000000.00000000
simulation stage=stack128_0 position=00000000.3ee66666.00000000 velocity=00000000.00000000.00000000
simulation stage=stack128_1 position=00000000.3fb305bc.00000000 velocity=00000000.00000000.00000000
simulation stage=stack128_2 position=00000000.401638ef.00000000 velocity=00000000.00000000.00000000
simulation stage=stack129_0 position=00000000.3ee66666.00000000 velocity=00000000.00000000.00000000
simulation stage=stack129_1 position=00000000.3fb305bc.00000000 velocity=00000000.00000000.00000000
simulation stage=stack129_2 position=00000000.401638ef.00000000 velocity=00000000.00000000.00000000
simulation stage=stack130_0 position=00000000.3ee66666.00000000 velocity=00000000.00000000.00000000
simulation stage=stack130_1 position=00000000.3fb305bc.00000000 velocity=00000000.00000000.00000000
simulation stage=stack130_2 position=00000000.401638ef.00000000 velocity=00000000.00000000.00000000
simulation stage=stack131_0 position=00000000.3ee66666.00000000 velocity=00000000.00000000.00000000
simulation stage=stack131_1 position=00000000.3fb305bc.00000000 velocity=00000000.00000000.00000000
simulation stage=stack131_2 position=00000000.401638ef.00000000 velocity=00000000.00000000.00000000
simulation stage=stack132_0 position=00000000.3ee66666.00000000 velocity=00000000.00000000.00000000
simulation stage=stack132_1 position=00000000.3fb305bc.00000000 velocity=00000000.00000000.00000000
simulation stage=stack132_2 position=00000000.401638ef.00000000 velocity=00000000.00000000.00000000
simulation stage=stack133_0 position=00000000.3ee66666.00000000 velocity=00000000.00000000.00000000
simulation stage=stack133_1 position=00000000.3fb305bc.00000000 velocity=00000000.00000000.00000000
simulation stage=stack133_2 position=00000000.401638ef.00000000 velocity=00000000.00000000.00000000
simulation stage=stack134_0 position=00000000.3ee66666.00000000 velocity=00000000.00000000.00000000
simulation stage=stack134_1 position=00000000.3fb305bc.00000000 velocity=00000000.00000000.00000000
simulation stage=stack134_2 position=00000000.401638ef.00000000 velocity=00000000.00000000.00000000
simulation stage=stack135_0 position=00000000.3ee66666.00000000 velocity=00000000.00000000.00000000
simulation stage=stack135_1 position=00000000.3fb305bc.00000000 velocity=00000000.00000000.00000000
simulation stage=stack135_2 position=00000000.401638ef.00000000 velocity=00000000.00000000.00000000
simulation stage=stack136_0 position=00000000.3ee66666.00000000 velocity=00000000.00000000.00000000
simulation stage=stack136_1 position=00000000.3fb305bc.00000000 velocity=00000000.00000000.00000000
simulation stage=stack136_2 position=00000000.401638ef.00000000 velocity=00000000.00000000.00000000
simulation stage=stack137_0 position=00000000.3ee66666.00000000 velocity=00000000.00000000.00000000
simulation stage=stack137_1 position=00000000.3fb305bc.00000000 velocity=00000000.00000000.00000000
simulation stage=stack137_2 position=00000000.401638ef.00000000 velocity=00000000.00000000.00000000
simulation stage=stack138_0 position=00000000.3ee66666.00000000 velocity=00000000.00000000.00000000
simulation stage=stack138_1 position=00000000.3fb305bc.00000000 velocity=00000000.00000000.00000000
simulation stage=stack138_2 position=00000000.401638ef.00000000 velocity=00000000.00000000.00000000
simulation stage=stack139_0 position=00000000.3ee66666.00000000 velocity=00000000.00000000.00000000
simulation stage=stack139_1 position=00000000.3fb305bc.00000000 velocity=00000000.00000000.00000000
simulation stage=stack139_2 position=00000000.401638ef.00000000 velocity=00000000.00000000.00000000
simulation stage=stack140_0 position=00000000.3ee66666.00000000 velocity=00000000.00000000.00000000
simulation stage=stack140_1 position=00000000.3fb305bc.00000000 velocity=00000000.00000000.00000000
simulation stage=stack140_2 position=00000000.401638ef.00000000 velocity=00000000.00000000.00000000
simulation stage=stack141_0 position=00000000.3ee66666.00000000 velocity=00000000.00000000.00000000
simulation stage=stack141_1 position=00000000.3fb305bc.00000000 velocity=00000000.00000000.00000000
simulation stage=stack141_2 position=00000000.401638ef.00000000 velocity=00000000.00000000.00000000
simulation stage=stack142_0 position=00000000.3ee66666.00000000 velocity=00000000.00000000.00000000
simulation stage=stack142_1 position=00000000.3fb305bc.00000000 velocity=00000000.00000000.00000000
simulation stage=stack142_2 position=00000000.401638ef.00000000 velocity=00000000.00000000.00000000
simulation stage=stack143_0 position=00000000.3ee66666.00000000 velocity=00000000.00000000.00000000
simulation stage=stack143_1 position=00000000.3fb305bc.00000000 velocity=00000000.00000000.00000000
simulation stage=stack143_2 position=00000000.401638ef.00000000 velocity=00000000.00000000.00000000
simulation stage=stack144_0 position=00000000.3ee66666.00000000 velocity=00000000.00000000.00000000
simulation stage=stack144_1 position=00000000.3fb305bc.00000000 velocity=00000000.00000000.00000000
simulation stage=stack144_2 position=00000000.401638ef.00000000 velocity=00000000.00000000.00000000
simulation stage=stack145_0 position=00000000.3ee66666.00000000 velocity=00000000.00000000.00000000
simulation stage=stack145_1 position=00000000.3fb305bc.00000000 velocity=00000000.00000000.00000000
simulation stage=stack145_2 position=00000000.401638ef.00000000 velocity=00000000.00000000.00000000
simulation stage=stack146_0 position=00000000.3ee66666.00000000 velocity=00000000.00000000.00000000
simulation stage=stack146_1 position=00000000.3fb305bc.00000000 velocity=00000000.00000000.00000000
simulation stage=stack146_2 position=00000000.401638ef.00000000 velocity=00000000.00000000.00000000
simulation stage=stack147_0 position=00000000.3ee66666.00000000 velocity=00000000.00000000.00000000
simulation stage=stack147_1 position=00000000.3fb305bc.00000000 velocity=00000000.00000000.00000000
simulation stage=stack147_2 position=00000000.401638ef.00000000 velocity=00000000.00000000.00000000
simulation stage=stack148_0 position=00000000.3ee66666.00000000 velocity=00000000.00000000.00000000
simulation stage=stack148_1 position=00000000.3fb305bc.00000000 velocity=00000000.00000000.00000000
simulation stage=stack148_2 position=00000000.401638ef.00000000 velocity=00000000.00000000.00000000
simulation stage=stack149_0 position=00000000.3ee66666.00000000 velocity=00000000.00000000.00000000
simulation stage=stack149_1 position=00000000.3fb305bc.00000000 velocity=00000000.00000000.00000000
simulation stage=stack149_2 position=00000000.401638ef.00000000 velocity=00000000.00000000.00000000
simulation stage=stack150_0 position=00000000.3ee66666.00000000 velocity=00000000.00000000.00000000
simulation stage=stack150_1 position=00000000.3fb305bc.00000000 velocity=00000000.00000000.00000000
simulation stage=stack150_2 position=00000000.401638ef.00000000 velocity=00000000.00000000.00000000
simulation stage=stack151_0 position=00000000.3ee66666.00000000 velocity=00000000.00000000.00000000
simulation stage=stack151_1 position=00000000.3fb305bc.00000000 velocity=00000000.00000000.00000000
simulation stage=stack151_2 position=00000000.401638ef.00000000 velocity=00000000.00000000.00000000
simulation stage=stack152_0 position=00000000.3ee66666.00000000 velocity=00000000.00000000.00000000
simulation stage=stack152_1 position=00000000.3fb305bc.00000000 velocity=00000000.00000000.00000000
simulation stage=stack152_2 position=00000000.401638ef.00000000 velocity=00000000.00000000.00000000
simulation stage=stack153_0 position=00000000.3ee66666.00000000 velocity=00000000.00000000.00000000
simulation stage=stack153_1 position=00000000.3fb305bc.00000000 velocity=00000000.00000000.00000000
simulation stage=stack153_2 position=00000000.401638ef.00000000 velocity=00000000.00000000.00000000
simulation stage=stack154_0 position=00000000.3ee66666.00000000 velocity=00000000.00000000.00000000
simulation stage=stack154_1 position=00000000.3fb305bc.00000000 velocity=00000000.00000000.00000000
simulation stage=stack154_2 position=00000000.401638ef.00000000 velocity=00000000.00000000.00000000
simulation stage=stack155_0 position=00000000.3ee66666.00000000 velocity=00000000.00000000.00000000
simulation stage=stack155_1 position=00000000.3fb305bc.00000000 velocity=00000000.00000000.00000000
simulation stage=stack155_2 position=00000000.401638ef.00000000 velocity=00000000.00000000.00000000
simulation stage=stack156_0 position=00000000.3ee66666.00000000 velocity=00000000.00000000.00000000
simulation stage=stack156_1 position=00000000.3fb305bc.00000000 velocity=00000000.00000000.00000000
simulation stage=stack156_2 position=00000000.401638ef.00000000 velocity=00000000.00000000.00000000
simulation stage=stack157_0 position=00000000.3ee66666.00000000 velocity=00000000.00000000.00000000
simulation stage=stack157_1 position=00000000.3fb305bc.00000000 velocity=00000000.00000000.00000000
simulation stage=stack157_2 position=00000000.401638ef.00000000 velocity=00000000.00000000.00000000
simulation stage=stack158_0 position=00000000.3ee66666.00000000 velocity=00000000.00000000.00000000
simulation stage=stack158_1 position=00000000.3fb305bc.00000000 velocity=00000000.00000000.00000000
simulation stage=stack158_2 position=00000000.401638ef.00000000 velocity=00000000.00000000.00000000
simulation stage=stack159_0 position=00000000.3ee66666.00000000 velocity=00000000.00000000.00000000
simulation stage=stack159_1 position=00000000.3fb305bc.00000000 velocity=00000000.00000000.00000000
simulation stage=stack159_2 position=00000000.401638ef.00000000 velocity=00000000.00000000.00000000
simulation stage=stack160_0 position=00000000.3ee66666.00000000 velocity=00000000.00000000.00000000
simulation stage=stack160_1 position=00000000.3fb305bc.00000000 velocity=00000000.00000000.00000000
simulation stage=stack160_2 position=00000000.401638ef.00000000 velocity=00000000.00000000.00000000
simulation stage=stack161_0 position=00000000.3ee66666.00000000 velocity=00000000.00000000.00000000
simulation stage=stack161_1 position=00000000.3fb305bc.00000000 velocity=00000000.00000000.00000000
simulation stage=stack161_2 position=00000000.401638ef.00000000 velocity=00000000.00000000.00000000
simulation stage=stack162_0 position=00000000.3ee66666.00000000 velocity=00000000.00000000.00000000
simulation stage=stack162_1 position=00000000.3fb305bc.00000000 velocity=00000000.00000000.00000000
simulation stage=stack162_2 position=00000000.401638ef.00000000 velocity=00000000.00000000.00000000
simulation stage=stack163_0 position=00000000.3ee66666.00000000 velocity=00000000.00000000.00000000
simulation stage=stack163_1 position=00000000.3fb305bc.00000000 velocity=00000000.00000000.00000000
simulation stage=stack163_2 position=00000000.401638ef.00000000 velocity=00000000.00000000.00000000
simulation stage=stack164_0 position=00000000.3ee66666.00000000 velocity=00000000.00000000.00000000
simulation stage=stack164_1 position=00000000.3fb305bc.00000000 velocity=00000000.00000000.00000000
simulation stage=stack164_2 position=00000000.401638ef.00000000 velocity=00000000.00000000.00000000
simulation stage=stack165_0 position=00000000.3ee66666.00000000 velocity=00000000.00000000.00000000
simulation stage=stack165_1 position=00000000.3fb305bc.00000000 velocity=00000000.00000000.00000000
simulation stage=stack165_2 position=00000000.401638ef.00000000 velocity=00000000.00000000.00000000
simulation stage=stack166_0 position=00000000.3ee66666.00000000 velocity=00000000.00000000.00000000
simulation stage=stack166_1 position=00000000.3fb305bc.00000000 velocity=00000000.00000000.00000000
simulation stage=stack166_2 position=00000000.401638ef.00000000 velocity=00000000.00000000.00000000
simulation stage=stack167_0 position=00000000.3ee66666.00000000 velocity=00000000.00000000.00000000
simulation stage=stack167_1 position=00000000.3fb305bc.00000000 velocity=00000000.00000000.00000000
simulation stage=stack167_2 position=00000000.401638ef.00000000 velocity=00000000.00000000.00000000
simulation stage=stack168_0 position=00000000.3ee66666.00000000 velocity=00000000.00000000.00000000
simulation stage=stack168_1 position=00000000.3fb305bc.00000000 velocity=00000000.00000000.00000000
simulation stage=stack168_2 position=00000000.401638ef.00000000 velocity=00000000.00000000.00000000
simulation stage=stack169_0 position=00000000.3ee66666.00000000 velocity=00000000.00000000.00000000
simulation stage=stack169_1 position=00000000.3fb305bc.00000000 velocity=00000000.00000000.00000000
simulation stage=stack169_2 position=00000000.401638ef.00000000 velocity=00000000.00000000.00000000
simulation stage=stack170_0 position=00000000.3ee66666.00000000 velocity=00000000.00000000.00000000
simulation stage=stack170_1 position=00000000.3fb305bc.00000000 velocity=00000000.00000000.00000000
simulation stage=stack170_2 position=00000000.401638ef.00000000 velocity=00000000.00000000.00000000
simulation stage=stack171_0 position=00000000.3ee66666.00000000 velocity=00000000.00000000.00000000
simulation stage=stack171_1 position=00000000.3fb305bc.00000000 velocity=00000000.00000000.00000000
simulation stage=stack171_2 position=00000000.401638ef.00000000 velocity=00000000.00000000.00000000
simulation stage=stack172_0 position=00000000.3ee66666.00000000 velocity=00000000.00000000.00000000
simulation stage=stack172_1 position=00000000.3fb305bc.00000000 velocity=00000000.00000000.00000000
simulation stage=stack172_2 position=00000000.401638ef.00000000 velocity=00000000.00000000.00000000
simulation stage=stack173_0 position=00000000.3ee66666.00000000 velocity=00000000.00000000.00000000
simulation stage=stack173_1 position=00000000.3fb305bc.00000000 velocity=00000000.00000000.00000000
simulation stage=stack173_2 position=00000000.401638ef.00000000 velocity=00000000.00000000.00000000
simulation stage=stack174_0 position=00000000.3ee66666.00000000 velocity=00000000.00000000.00000000
simulation stage=stack174_1 position=00000000.3fb305bc.00000000 velocity=00000000.00000000.00000000
simulation stage=stack174_2 position=00000000.401638ef.00000000 velocity=00000000.00000000.00000000
simulation stage=stack175_0 position=00000000.3ee66666.00000000 velocity=00000000.00000000.00000000
simulation stage=stack175_1 position=00000000.3fb305bc.00000000 velocity=00000000.00000000.00000000
simulation stage=stack175_2 position=00000000.401638ef.00000000 velocity=00000000.00000000.00000000
simulation stage=stack176_0 position=00000000.3ee66666.00000000 velocity=00000000.00000000.00000000
simulation stage=stack176_1 position=00000000.3fb305bc.00000000 velocity=00000000.00000000.00000000
simulation stage=stack176_2 position=00000000.401638ef.00000000 velocity=00000000.00000000.00000000
simulation stage=stack177_0 position=00000000.3ee66666.00000000 velocity=00000000.00000000.00000000
simulation stage=stack177_1 position=00000000.3fb305bc.00000000 velocity=00000000.00000000.00000000
simulation stage=stack177_2 position=00000000.401638ef.00000000 velocity=00000000.00000000.00000000
simulation stage=stack178_0 position=00000000.3ee66666.00000000 velocity=00000000.00000000.00000000
simulation stage=stack178_1 position=00000000.3fb305bc.00000000 velocity=00000000.00000000.00000000
simulation stage=stack178_2 position=00000000.401638ef.00000000 velocity=00000000.00000000.00000000
simulation stage=stack179_0 position=00000000.3ee66666.00000000 velocity=00000000.00000000.00000000
simulation stage=stack179_1 position=00000000.3fb305bc.00000000 velocity=00000000.00000000.00000000
simulation stage=stack179_2 position=00000000.401638ef.00000000 velocity=00000000.00000000.00000000
simulation stage=stack180_0 position=00000000.3ee66666.00000000 velocity=00000000.00000000.00000000
simulation stage=stack180_1 position=00000000.3fb305bc.00000000 velocity=00000000.00000000.00000000
simulation stage=stack180_2 position=00000000.401638ef.00000000 velocity=00000000.00000000.00000000
simulation stage=stack181_0 position=00000000.3ee66666.00000000 velocity=00000000.00000000.00000000
simulation stage=stack181_1 position=00000000.3fb305bc.00000000 velocity=00000000.00000000.00000000
simulation stage=stack181_2 position=00000000.401638ef.00000000 velocity=00000000.00000000.00000000
simulation stage=stack182_0 position=00000000.3ee66666.00000000 velocity=00000000.00000000.00000000
simulation stage=stack182_1 position=00000000.3fb305bc.00000000 velocity=00000000.00000000.00000000
simulation stage=stack182_2 position=00000000.401638ef.00000000 velocity=00000000.00000000.00000000
simulation stage=stack183_0 position=00000000.3ee66666.00000000 velocity=00000000.00000000.00000000
simulation stage=stack183_1 position=00000000.3fb305bc.00000000 velocity=00000000.00000000.00000000
simulation stage=stack183_2 position=00000000.401638ef.00000000 velocity=00000000.00000000.00000000
simulation stage=stack184_0 position=00000000.3ee66666.00000000 velocity=00000000.00000000.00000000
simulation stage=stack184_1 position=00000000.3fb305bc.00000000 velocity=00000000.00000000.00000000
simulation stage=stack184_2 position=00000000.401638ef.00000000 velocity=00000000.00000000.00000000
simulation stage=stack185_0 position=00000000.3ee66666.00000000 velocity=00000000.00000000.00000000
simulation stage=stack185_1 position=00000000.3fb305bc.00000000 velocity=00000000.00000000.00000000
simulation stage=stack185_2 position=00000000.401638ef.00000000 velocity=00000000.00000000.00000000
simulation stage=stack186_0 position=00000000.3ee66666.00000000 velocity=00000000.00000000.00000000
simulation stage=stack186_1 position=00000000.3fb305bc.00000000 velocity=00000000.00000000.00000000
simulation stage=stack186_2 position=00000000.401638ef.00000000 velocity=00000000.00000000.00000000
simulation stage=stack187_0 position=00000000.3ee66666.00000000 velocity=00000000.00000000.00000000
simulation stage=stack187_1 position=00000000.3fb305bc.00000000 velocity=00000000.00000000.00000000
simulation stage=stack187_2 position=00000000.401638ef.00000000 velocity=00000000.00000000.00000000
simulation stage=stack188_0 position=00000000.3ee66666.00000000 velocity=00000000.00000000.00000000
simulation stage=stack188_1 position=00000000.3fb305bc.00000000 velocity=00000000.00000000.00000000
simulation stage=stack188_2 position=00000000.401638ef.00000000 velocity=00000000.00000000.00000000
simulation stage=stack189_0 position=00000000.3ee66666.00000000 velocity=00000000.00000000.00000000
simulation stage=stack189_1 position=00000000.3fb305bc.00000000 velocity=00000000.00000000.00000000
simulation stage=stack189_2 position=00000000.401638ef.00000000 velocity=00000000.00000000.00000000
simulation stage=stack190_0 position=00000000.3ee66666.00000000 velocity=00000000.00000000.00000000
simulation stage=stack190_1 position=00000000.3fb305bc.00000000 velocity=00000000.00000000.00000000
simulation stage=stack190_2 position=00000000.401638ef.00000000 velocity=00000000.00000000.00000000
simulation stage=stack191_0 position=00000000.3ee66666.00000000 velocity=00000000.00000000.00000000
simulation stage=stack191_1 position=00000000.3fb305bc.00000000 velocity=00000000.00000000.00000000
simulation stage=stack191_2 position=00000000.401638ef.00000000 velocity=00000000.00000000.00000000
simulation stage=stack192_0 position=00000000.3ee66666.00000000 velocity=00000000.00000000.00000000
simulation stage=stack192_1 position=00000000.3fb305bc.00000000 velocity=00000000.00000000.00000000
simulation stage=stack192_2 position=00000000.401638ef.00000000 velocity=00000000.00000000.00000000
simulation stage=stack193_0 position=00000000.3ee66666.00000000 velocity=00000000.00000000.00000000
simulation stage=stack193_1 position=00000000.3fb305bc.00000000 velocity=00000000.00000000.00000000
simulation stage=stack193_2 position=00000000.401638ef.00000000 velocity=00000000.00000000.00000000
simulation stage=stack194_0 position=00000000.3ee66666.00000000 velocity=00000000.00000000.00000000
simulation stage=stack194_1 position=00000000.3fb305bc.00000000 velocity=00000000.00000000.00000000
simulation stage=stack194_2 position=00000000.401638ef.00000000 velocity=00000000.00000000.00000000
simulation stage=stack195_0 position=00000000.3ee66666.00000000 velocity=00000000.00000000.00000000
simulation stage=stack195_1 position=00000000.3fb305bc.00000000 velocity=00000000.00000000.00000000
simulation stage=stack195_2 position=00000000.401638ef.00000000 velocity=00000000.00000000.00000000
simulation stage=stack196_0 position=00000000.3ee66666.00000000 velocity=00000000.00000000.00000000
simulation stage=stack196_1 position=00000000.3fb305bc.00000000 velocity=00000000.00000000.00000000
simulation stage=stack196_2 position=00000000.401638ef.00000000 velocity=00000000.00000000.00000000
simulation stage=stack197_0 position=00000000.3ee66666.00000000 velocity=00000000.00000000.00000000
simulation stage=stack197_1 position=00000000.3fb305bc.00000000 velocity=00000000.00000000.00000000
simulation stage=stack197_2 position=00000000.401638ef.00000000 velocity=00000000.00000000.00000000
simulation stage=stack198_0 position=00000000.3ee66666.00000000 velocity=00000000.00000000.00000000
simulation stage=stack198_1 position=00000000.3fb305bc.00000000 velocity=00000000.00000000.00000000
simulation stage=stack198_2 position=00000000.401638ef.00000000 velocity=00000000.00000000.00000000
simulation stage=stack199_0 position=00000000.3ee66666.00000000 velocity=00000000.00000000.00000000
simulation stage=stack199_1 position=00000000.3fb305bc.00000000 velocity=00000000.00000000.00000000
simulation stage=stack199_2 position=00000000.401638ef.00000000 velocity=00000000.00000000.00000000
simulation stage=stack200_0 position=00000000.3ee66666.00000000 velocity=00000000.00000000.00000000
simulation stage=stack200_1 position=00000000.3fb305bc.00000000 velocity=00000000.00000000.00000000
simulation stage=stack200_2 position=00000000.401638ef.00000000 velocity=00000000.00000000.00000000
simulation stage=stack201_0 position=00000000.3ee66666.00000000 velocity=00000000.00000000.00000000
simulation stage=stack201_1 position=00000000.3fb305bc.00000000 velocity=00000000.00000000.00000000
simulation stage=stack201_2 position=00000000.401638ef.00000000 velocity=00000000.00000000.00000000
simulation stage=stack202_0 position=00000000.3ee66666.00000000 velocity=00000000.00000000.00000000
simulation stage=stack202_1 position=00000000.3fb305bc.00000000 velocity=00000000.00000000.00000000
simulation stage=stack202_2 position=00000000.401638ef.00000000 velocity=00000000.00000000.00000000
simulation stage=stack203_0 position=00000000.3ee66666.00000000 velocity=00000000.00000000.00000000
simulation stage=stack203_1 position=00000000.3fb305bc.00000000 velocity=00000000.00000000.00000000
simulation stage=stack203_2 position=00000000.401638ef.00000000 velocity=00000000.00000000.00000000
simulation stage=stack204_0 position=00000000.3ee66666.00000000 velocity=00000000.00000000.00000000
simulation stage=stack204_1 position=00000000.3fb305bc.00000000 velocity=00000000.00000000.00000000
simulation stage=stack204_2 position=00000000.401638ef.00000000 velocity=00000000.00000000.00000000
simulation stage=stack205_0 position=00000000.3ee66666.00000000 velocity=00000000.00000000.00000000
simulation stage=stack205_1 position=00000000.3fb305bc.00000000 velocity=00000000.00000000.00000000
simulation stage=stack205_2 position=00000000.401638ef.00000000 velocity=00000000.00000000.00000000
simulation stage=stack206_0 position=00000000.3ee66666.00000000 velocity=00000000.00000000.00000000
simulation stage=stack206_1 position=00000000.3fb305bc.00000000 velocity=00000000.00000000.00000000
simulation stage=stack206_2 position=00000000.401638ef.00000000 velocity=00000000.00000000.00000000
simulation stage=stack207_0 position=00000000.3ee66666.00000000 velocity=00000000.00000000.00000000
simulation stage=stack207_1 position=00000000.3fb305bc.00000000 velocity=00000000.00000000.00000000
simulation stage=stack207_2 position=00000000.401638ef.00000000 velocity=00000000.00000000.00000000
simulation stage=stack208_0 position=00000000.3ee66666.00000000 velocity=00000000.00000000.00000000
simulation stage=stack208_1 position=00000000.3fb305bc.00000000 velocity=00000000.00000000.00000000
simulation stage=stack208_2 position=00000000.401638ef.00000000 velocity=00000000.00000000.00000000
simulation stage=stack209_0 position=00000000.3ee66666.00000000 velocity=00000000.00000000.00000000
simulation stage=stack209_1 position=00000000.3fb305bc.00000000 velocity=00000000.00000000.00000000
simulation stage=stack209_2 position=00000000.401638ef.00000000 velocity=00000000.00000000.00000000
simulation stage=stack210_0 position=00000000.3ee66666.00000000 velocity=00000000.00000000.00000000
simulation stage=stack210_1 position=00000000.3fb305bc.00000000 velocity=00000000.00000000.00000000
simulation stage=stack210_2 position=00000000.401638ef.00000000 velocity=00000000.00000000.00000000
simulation stage=stack211_0 position=00000000.3ee66666.00000000 velocity=00000000.00000000.00000000
simulation stage=stack211_1 position=00000000.3fb305bc.00000000 velocity=00000000.00000000.00000000
simulation stage=stack211_2 position=00000000.401638ef.00000000 velocity=00000000.00000000.00000000
simulation stage=stack212_0 position=00000000.3ee66666.00000000 velocity=00000000.00000000.00000000
simulation stage=stack212_1 position=00000000.3fb305bc.00000000 velocity=00000000.00000000.00000000
simulation stage=stack212_2 position=00000000.401638ef.00000000 velocity=00000000.00000000.00000000
simulation stage=stack213_0 position=00000000.3ee66666.00000000 velocity=00000000.00000000.00000000
simulation stage=stack213_1 position=00000000.3fb305bc.00000000 velocity=00000000.00000000.00000000
simulation stage=stack213_2 position=00000000.401638ef.00000000 velocity=00000000.00000000.00000000
simulation stage=stack214_0 position=00000000.3ee66666.00000000 velocity=00000000.00000000.00000000
simulation stage=stack214_1 position=00000000.3fb305bc.00000000 velocity=00000000.00000000.00000000
simulation stage=stack214_2 position=00000000.401638ef.00000000 velocity=00000000.00000000.00000000
simulation stage=stack215_0 position=00000000.3ee66666.00000000 velocity=00000000.00000000.00000000
simulation stage=stack215_1 position=00000000.3fb305bc.00000000 velocity=00000000.00000000.00000000
simulation stage=stack215_2 position=00000000.401638ef.00000000 velocity=00000000.00000000.00000000
simulation stage=stack216_0 position=00000000.3ee66666.00000000 velocity=00000000.00000000.00000000
simulation stage=stack216_1 position=00000000.3fb305bc.00000000 velocity=00000000.00000000.00000000
simulation stage=stack216_2 position=00000000.401638ef.00000000 velocity=00000000.00000000.00000000
simulation stage=stack217_0 position=00000000.3ee66666.00000000 velocity=00000000.00000000.00000000
simulation stage=stack217_1 position=00000000.3fb305bc.00000000 velocity=00000000.00000000.00000000
simulation stage=stack217_2 position=00000000.401638ef.00000000 velocity=00000000.00000000.00000000
simulation stage=stack218_0 position=00000000.3ee66666.00000000 velocity=00000000.00000000.00000000
simulation stage=stack218_1 position=00000000.3fb305bc.00000000 velocity=00000000.00000000.00000000
simulation stage=stack218_2 position=00000000.401638ef.00000000 velocity=00000000.00000000.00000000
simulation stage=stack219_0 position=00000000.3ee66666.00000000 velocity=00000000.00000000.00000000
simulation stage=stack219_1 position=00000000.3fb305bc.00000000 velocity=00000000.00000000.00000000
simulation stage=stack219_2 position=00000000.401638ef.00000000 velocity=00000000.00000000.00000000
simulation stage=stack220_0 position=00000000.3ee66666.00000000 velocity=00000000.00000000.00000000
simulation stage=stack220_1 position=00000000.3fb305bc.00000000 velocity=00000000.00000000.00000000
simulation stage=stack220_2 position=00000000.401638ef.00000000 velocity=00000000.00000000.00000000
simulation stage=stack221_0 position=00000000.3ee66666.00000000 velocity=00000000.00000000.00000000
simulation stage=stack221_1 position=00000000.3fb305bc.00000000 velocity=00000000.00000000.00000000
simulation stage=stack221_2 position=00000000.401638ef.00000000 velocity=00000000.00000000.00000000
simulation stage=stack222_0 position=00000000.3ee66666.00000000 velocity=00000000.00000000.00000000
simulation stage=stack222_1 position=00000000.3fb305bc.00000000 velocity=00000000.00000000.00000000
simulation stage=stack222_2 position=00000000.401638ef.00000000 velocity=00000000.00000000.00000000
simulation stage=stack223_0 position=00000000.3ee66666.00000000 velocity=00000000.00000000.00000000
simulation stage=stack223_1 position=00000000.3fb305bc.00000000 velocity=00000000.00000000.00000000
simulation stage=stack223_2 position=00000000.401638ef.00000000 velocity=00000000.00000000.00000000
simulation stage=stack224_0 position=00000000.3ee66666.00000000 velocity=00000000.00000000.00000000
simulation stage=stack224_1 position=00000000.3fb305bc.00000000 velocity=00000000.00000000.00000000
simulation stage=stack224_2 position=00000000.401638ef.00000000 velocity=00000000.00000000.00000000
simulation stage=stack225_0 position=00000000.3ee66666.00000000 velocity=00000000.00000000.00000000
simulation stage=stack225_1 position=00000000.3fb305bc.00000000 velocity=00000000.00000000.00000000
simulation stage=stack225_2 position=00000000.401638ef.00000000 velocity=00000000.00000000.00000000
simulation stage=stack226_0 position=00000000.3ee66666.00000000 velocity=00000000.00000000.00000000
simulation stage=stack226_1 position=00000000.3fb305bc.00000000 velocity=00000000.00000000.00000000
simulation stage=stack226_2 position=00000000.401638ef.00000000 velocity=00000000.00000000.00000000
simulation stage=stack227_0 position=00000000.3ee66666.00000000 velocity=00000000.00000000.00000000
simulation stage=stack227_1 position=00000000.3fb305bc.00000000 velocity=00000000.00000000.00000000
simulation stage=stack227_2 position=00000000.401638ef.00000000 velocity=00000000.00000000.00000000
simulation stage=stack228_0 position=00000000.3ee66666.00000000 velocity=00000000.00000000.00000000
simulation stage=stack228_1 position=00000000.3fb305bc.00000000 velocity=00000000.00000000.00000000
simulation stage=stack228_2 position=00000000.401638ef.00000000 velocity=00000000.00000000.00000000
simulation stage=stack229_0 position=00000000.3ee66666.00000000 velocity=00000000.00000000.00000000
simulation stage=stack229_1 position=00000000.3fb305bc.00000000 velocity=00000000.00000000.00000000
simulation stage=stack229_2 position=00000000.401638ef.00000000 velocity=00000000.00000000.00000000
simulation stage=stack230_0 position=00000000.3ee66666.00000000 velocity=00000000.00000000.00000000
simulation stage=stack230_1 position=00000000.3fb305bc.00000000 velocity=00000000.00000000.00000000
simulation stage=stack230_2 position=00000000.401638ef.00000000 velocity=00000000.00000000.00000000
simulation stage=stack231_0 position=00000000.3ee66666.00000000 velocity=00000000.00000000.00000000
simulation stage=stack231_1 position=00000000.3fb305bc.00000000 velocity=00000000.00000000.00000000
simulation stage=stack231_2 position=00000000.401638ef.00000000 velocity=00000000.00000000.00000000
simulation stage=stack232_0 position=00000000.3ee66666.00000000 velocity=00000000.00000000.00000000
simulation stage=stack232_1 position=00000000.3fb305bc.00000000 velocity=00000000.00000000.00000000
simulation stage=stack232_2 position=00000000.401638ef.00000000 velocity=00000000.00000000.00000000
simulation stage=stack233_0 position=00000000.3ee66666.00000000 velocity=00000000.00000000.00000000
simulation stage=stack233_1 position=00000000.3fb305bc.00000000 velocity=00000000.00000000.00000000
simulation stage=stack233_2 position=00000000.401638ef.00000000 velocity=00000000.00000000.00000000
simulation stage=stack234_0 position=00000000.3ee66666.00000000 velocity=00000000.00000000.00000000
simulation stage=stack234_1 position=00000000.3fb305bc.00000000 velocity=00000000.00000000.00000000
simulation stage=stack234_2 position=00000000.401638ef.00000000 velocity=00000000.00000000.00000000
simulation stage=stack235_0 position=00000000.3ee66666.00000000 velocity=00000000.00000000.00000000
simulation stage=stack235_1 position=00000000.3fb305bc.00000000 velocity=00000000.00000000.00000000
simulation stage=stack235_2 position=00000000.401638ef.00000000 velocity=00000000.00000000.00000000
simulation stage=stack236_0 position=00000000.3ee66666.00000000 velocity=00000000.00000000.00000000
simulation stage=stack236_1 position=00000000.3fb305bc.00000000 velocity=00000000.00000000.00000000
simulation stage=stack236_2 position=00000000.401638ef.00000000 velocity=00000000.00000000.00000000
simulation stage=stack237_0 position=00000000.3ee66666.00000000 velocity=00000000.00000000.00000000
simulation stage=stack237_1 position=00000000.3fb305bc.00000000 velocity=00000000.00000000.00000000
simulation stage=stack237_2 position=00000000.401638ef.00000000 velocity=00000000.00000000.00000000
simulation stage=stack238_0 position=00000000.3ee66666.00000000 velocity=00000000.00000000.00000000
simulation stage=stack238_1 position=00000000.3fb305bc.00000000 velocity=00000000.00000000.00000000
simulation stage=stack238_2 position=00000000.401638ef.00000000 velocity=00000000.00000000.00000000
simulation stage=stack239_0 position=00000000.3ee66666.00000000 velocity=00000000.00000000.00000000
simulation stage=stack239_1 position=00000000.3fb305bc.00000000 velocity=00000000.00000000.00000000
simulation stage=stack239_2 position=00000000.401638ef.00000000 velocity=00000000.00000000.00000000
simulation stage=stack240_0 position=00000000.3ee66666.00000000 velocity=00000000.00000000.00000000
simulation stage=stack240_1 position=00000000.3fb305bc.00000000 velocity=00000000.00000000.00000000
simulation stage=stack240_2 position=00000000.401638ef.00000000 velocity=00000000.00000000.00000000
simulation stage=stack241_0 position=00000000.3ee66666.00000000 velocity=00000000.00000000.00000000
simulation stage=stack241_1 position=00000000.3fb305bc.00000000 velocity=00000000.00000000.00000000
simulation stage=stack241_2 position=00000000.401638ef.00000000 velocity=00000000.00000000.00000000
simulation stage=stack242_0 position=00000000.3ee66666.00000000 velocity=00000000.00000000.00000000
simulation stage=stack242_1 position=00000000.3fb305bc.00000000 velocity=00000000.00000000.00000000
simulation stage=stack242_2 position=00000000.401638ef.00000000 velocity=00000000.00000000.00000000
simulation stage=stack243_0 position=00000000.3ee66666.00000000 velocity=00000000.00000000.00000000
simulation stage=stack243_1 position=00000000.3fb305bc.00000000 velocity=00000000.00000000.00000000
simulation stage=stack243_2 position=00000000.401638ef.00000000 velocity=00000000.00000000.00000000
simulation stage=stack244_0 position=00000000.3ee66666.00000000 velocity=00000000.00000000.00000000
simulation stage=stack244_1 position=00000000.3fb305bc.00000000 velocity=00000000.00000000.00000000
simulation stage=stack244_2 position=00000000.401638ef.00000000 velocity=00000000.00000000.00000000
simulation stage=stack245_0 position=00000000.3ee66666.00000000 velocity=00000000.00000000.00000000
simulation stage=stack245_1 position=00000000.3fb305bc.00000000 velocity=00000000.00000000.00000000
simulation stage=stack245_2 position=00000000.401638ef.00000000 velocity=00000000.00000000.00000000
simulation stage=stack246_0 position=00000000.3ee66666.00000000 velocity=00000000.00000000.00000000
simulation stage=stack246_1 position=00000000.3fb305bc.00000000 velocity=00000000.00000000.00000000
simulation stage=stack246_2 position=00000000.401638ef.00000000 velocity=00000000.00000000.00000000
simulation stage=stack247_0 position=00000000.3ee66666.00000000 velocity=00000000.00000000.00000000
simulation stage=stack247_1 position=00000000.3fb305bc.00000000 velocity=00000000.00000000.00000000
simulation stage=stack247_2 position=00000000.401638ef.00000000 velocity=00000000.00000000.00000000
simulation stage=stack248_0 position=00000000.3ee66666.00000000 velocity=00000000.00000000.00000000
simulation stage=stack248_1 position=00000000.3fb305bc.00000000 velocity=00000000.00000000.00000000
simulation stage=stack248_2 position=00000000.401638ef.00000000 velocity=00000000.00000000.00000000
simulation stage=stack249_0 position=00000000.3ee66666.00000000 velocity=00000000.00000000.00000000
simulation stage=stack249_1 position=00000000.3fb305bc.00000000 velocity=00000000.00000000.00000000
simulation stage=stack249_2 position=00000000.401638ef.00000000 velocity=00000000.00000000.00000000
simulation stage=stack250_0 position=00000000.3ee66666.00000000 velocity=00000000.00000000.00000000
simulation stage=stack250_1 position=00000000.3fb305bc.00000000 velocity=00000000.00000000.00000000
simulation stage=stack250_2 position=00000000.401638ef.00000000 velocity=00000000.00000000.00000000
simulation stage=stack251_0 position=00000000.3ee66666.00000000 velocity=00000000.00000000.00000000
simulation stage=stack251_1 position=00000000.3fb305bc.00000000 velocity=00000000.00000000.00000000
simulation stage=stack251_2 position=00000000.401638ef.00000000 velocity=00000000.00000000.00000000
simulation stage=stack252_0 position=00000000.3ee66666.00000000 velocity=00000000.00000000.00000000
simulation stage=stack252_1 position=00000000.3fb305bc.00000000 velocity=00000000.00000000.00000000
simulation stage=stack252_2 position=00000000.401638ef.00000000 velocity=00000000.00000000.00000000
simulation stage=stack253_0 position=00000000.3ee66666.00000000 velocity=00000000.00000000.00000000
simulation stage=stack253_1 position=00000000.3fb305bc.00000000 velocity=00000000.00000000.00000000
simulation stage=stack253_2 position=00000000.401638ef.00000000 velocity=00000000.00000000.00000000
simulation stage=stack254_0 position=00000000.3ee66666.00000000 velocity=00000000.00000000.00000000
simulation stage=stack254_1 position=00000000.3fb305bc.00000000 velocity=00000000.00000000.00000000
simulation stage=stack254_2 position=00000000.401638ef.00000000 velocity=00000000.00000000.00000000
simulation stage=stack255_0 position=00000000.3ee66666.00000000 velocity=00000000.00000000.00000000
simulation stage=stack255_1 position=00000000.3fb305bc.00000000 velocity=00000000.00000000.00000000
simulation stage=stack255_2 position=00000000.401638ef.00000000 velocity=00000000.00000000.00000000
simulation stage=stack256_0 position=00000000.3ee66666.00000000 velocity=00000000.00000000.00000000
simulation stage=stack256_1 position=00000000.3fb305bc.00000000 velocity=00000000.00000000.00000000
simulation stage=stack256_2 position=00000000.401638ef.00000000 velocity=00000000.00000000.00000000
simulation stage=stack257_0 position=00000000.3ee66666.00000000 velocity=00000000.00000000.00000000
simulation stage=stack257_1 position=00000000.3fb305bc.00000000 velocity=00000000.00000000.00000000
simulation stage=stack257_2 position=00000000.401638ef.00000000 velocity=00000000.00000000.00000000
simulation stage=stack258_0 position=00000000.3ee66666.00000000 velocity=00000000.00000000.00000000
simulation stage=stack258_1 position=00000000.3fb305bc.00000000 velocity=00000000.00000000.00000000
simulation stage=stack258_2 position=00000000.401638ef.00000000 velocity=00000000.00000000.00000000
simulation stage=stack259_0 position=00000000.3ee66666.00000000 velocity=00000000.00000000.00000000
simulation stage=stack259_1 position=00000000.3fb305bc.00000000 velocity=00000000.00000000.00000000
simulation stage=stack259_2 position=00000000.401638ef.00000000 velocity=00000000.00000000.00000000
simulation stage=stack260_0 position=00000000.3ee66666.00000000 velocity=00000000.00000000.00000000
simulation stage=stack260_1 position=00000000.3fb305bc.00000000 velocity=00000000.00000000.00000000
simulation stage=stack260_2 position=00000000.401638ef.00000000 velocity=00000000.00000000.00000000
simulation stage=stack261_0 position=00000000.3ee66666.00000000 velocity=00000000.00000000.00000000
simulation stage=stack261_1 position=00000000.3fb305bc.00000000 velocity=00000000.00000000.00000000
simulation stage=stack261_2 position=00000000.401638ef.00000000 velocity=00000000.00000000.00000000
simulation stage=stack262_0 position=00000000.3ee66666.00000000 velocity=00000000.00000000.00000000
simulation stage=stack262_1 position=00000000.3fb305bc.00000000 velocity=00000000.00000000.00000000
simulation stage=stack262_2 position=00000000.401638ef.00000000 velocity=00000000.00000000.00000000
simulation stage=stack263_0 position=00000000.3ee66666.00000000 velocity=00000000.00000000.00000000
simulation stage=stack263_1 position=00000000.3fb305bc.00000000 velocity=00000000.00000000.00000000
simulation stage=stack263_2 position=00000000.401638ef.00000000 velocity=00000000.00000000.00000000
simulation stage=stack264_0 position=00000000.3ee66666.00000000 velocity=00000000.00000000.00000000
simulation stage=stack264_1 position=00000000.3fb305bc.00000000 velocity=00000000.00000000.00000000
simulation stage=stack264_2 position=00000000.401638ef.00000000 velocity=00000000.00000000.00000000
simulation stage=stack265_0 position=00000000.3ee66666.00000000 velocity=00000000.00000000.00000000
simulation stage=stack265_1 position=00000000.3fb305bc.00000000 velocity=00000000.00000000.00000000
simulation stage=stack265_2 position=00000000.401638ef.00000000 velocity=00000000.00000000.00000000
simulation stage=stack266_0 position=00000000.3ee66666.00000000 velocity=00000000.00000000.00000000
simulation stage=stack266_1 position=00000000.3fb305bc.00000000 velocity=00000000.00000000.00000000
simulation stage=stack266_2 position=00000000.401638ef.00000000 velocity=00000000.00000000.00000000
simulation stage=stack267_0 position=00000000.3ee66666.00000000 velocity=00000000.00000000.00000000
simulation stage=stack267_1 position=00000000.3fb305bc.00000000 velocity=00000000.00000000.00000000
simulation stage=stack267_2 position=00000000.401638ef.00000000 velocity=00000000.00000000.00000000
simulation stage=stack268_0 position=00000000.3ee66666.00000000 velocity=00000000.00000000.00000000
simulation stage=stack268_1 position=00000000.3fb305bc.00000000 velocity=00000000.00000000.00000000
simulation stage=stack268_2 position=00000000.401638ef.00000000 velocity=00000000.00000000.00000000
simulation stage=stack269_0 position=00000000.3ee66666.00000000 velocity=00000000.00000000.00000000
simulation stage=stack269_1 position=00000000.3fb305bc.00000000 velocity=00000000.00000000.00000000
simulation stage=stack269_2 position=00000000.401638ef.00000000 velocity=00000000.00000000.00000000
simulation stage=stack270_0 position=00000000.3ee66666.00000000 velocity=00000000.00000000.00000000
simulation stage=stack270_1 position=00000000.3fb305bc.00000000 velocity=00000000.00000000.00000000
simulation stage=stack270_2 position=00000000.401638ef.00000000 velocity=00000000.00000000.00000000
simulation stage=stack271_0 position=00000000.3ee66666.00000000 velocity=00000000.00000000.00000000
simulation stage=stack271_1 position=00000000.3fb305bc.00000000 velocity=00000000.00000000.00000000
simulation stage=stack271_2 position=00000000.401638ef.00000000 velocity=00000000.00000000.00000000
simulation stage=stack272_0 position=00000000.3ee66666.00000000 velocity=00000000.00000000.00000000
simulation stage=stack272_1 position=00000000.3fb305bc.00000000 velocity=00000000.00000000.00000000
simulation stage=stack272_2 position=00000000.401638ef.00000000 velocity=00000000.00000000.00000000
simulation stage=stack273_0 position=00000000.3ee66666.00000000 velocity=00000000.00000000.00000000
simulation stage=stack273_1 position=00000000.3fb305bc.00000000 velocity=00000000.00000000.00000000
simulation stage=stack273_2 position=00000000.401638ef.00000000 velocity=00000000.00000000.00000000
simulation stage=stack274_0 position=00000000.3ee66666.00000000 velocity=00000000.00000000.00000000
simulation stage=stack274_1 position=00000000.3fb305bc.00000000 velocity=00000000.00000000.00000000
simulation stage=stack274_2 position=00000000.401638ef.00000000 velocity=00000000.00000000.00000000
simulation stage=stack275_0 position=00000000.3ee66666.00000000 velocity=00000000.00000000.00000000
simulation stage=stack275_1 position=00000000.3fb305bc.00000000 velocity=00000000.00000000.00000000
simulation stage=stack275_2 position=00000000.401638ef.00000000 velocity=00000000.00000000.00000000
simulation stage=stack276_0 position=00000000.3ee66666.00000000 velocity=00000000.00000000.00000000
simulation stage=stack276_1 position=00000000.3fb305bc.00000000 velocity=00000000.00000000.00000000
simulation stage=stack276_2 position=00000000.401638ef.00000000 velocity=00000000.00000000.00000000
simulation stage=stack277_0 position=00000000.3ee66666.00000000 velocity=00000000.00000000.00000000
simulation stage=stack277_1 position=00000000.3fb305bc.00000000 velocity=00000000.00000000.00000000
simulation stage=stack277_2 position=00000000.401638ef.00000000 velocity=00000000.00000000.00000000
simulation stage=stack278_0 position=00000000.3ee66666.00000000 velocity=00000000.00000000.00000000
simulation stage=stack278_1 position=00000000.3fb305bc.00000000 velocity=00000000.00000000.00000000
simulation stage=stack278_2 position=00000000.401638ef.00000000 velocity=00000000.00000000.00000000
simulation stage=stack279_0 position=00000000.3ee66666.00000000 velocity=00000000.00000000.00000000
simulation stage=stack279_1 position=00000000.3fb305bc.00000000 velocity=00000000.00000000.00000000
simulation stage=stack279_2 position=00000000.401638ef.00000000 velocity=00000000.00000000.00000000
simulation stage=stack280_0 position=00000000.3ee66666.00000000 velocity=00000000.00000000.00000000
simulation stage=stack280_1 position=00000000.3fb305bc.00000000 velocity=00000000.00000000.00000000
simulation stage=stack280_2 position=00000000.401638ef.00000000 velocity=00000000.00000000.00000000
simulation stage=stack281_0 position=00000000.3ee66666.00000000 velocity=00000000.00000000.00000000
simulation stage=stack281_1 position=00000000.3fb305bc.00000000 velocity=00000000.00000000.00000000
simulation stage=stack281_2 position=00000000.401638ef.00000000 velocity=00000000.00000000.00000000
simulation stage=stack282_0 position=00000000.3ee66666.00000000 velocity=00000000.00000000.00000000
simulation stage=stack282_1 position=00000000.3fb305bc.00000000 velocity=00000000.00000000.00000000
simulation stage=stack282_2 position=00000000.401638ef.00000000 velocity=00000000.00000000.00000000
simulation stage=stack283_0 position=00000000.3ee66666.00000000 velocity=00000000.00000000.00000000
simulation stage=stack283_1 position=00000000.3fb305bc.00000000 velocity=00000000.00000000.00000000
simulation stage=stack283_2 position=00000000.401638ef.00000000 velocity=00000000.00000000.00000000
simulation stage=stack284_0 position=00000000.3ee66666.00000000 velocity=00000000.00000000.00000000
simulation stage=stack284_1 position=00000000.3fb305bc.00000000 velocity=00000000.00000000.00000000
simulation stage=stack284_2 position=00000000.401638ef.00000000 velocity=00000000.00000000.00000000
simulation stage=stack285_0 position=00000000.3ee66666.00000000 velocity=00000000.00000000.00000000
simulation stage=stack285_1 position=00000000.3fb305bc.00000000 velocity=00000000.00000000.00000000
simulation stage=stack285_2 position=00000000.401638ef.00000000 velocity=00000000.00000000.00000000
simulation stage=stack286_0 position=00000000.3ee66666.00000000 velocity=00000000.00000000.00000000
simulation stage=stack286_1 position=00000000.3fb305bc.00000000 velocity=00000000.00000000.00000000
simulation stage=stack286_2 position=00000000.401638ef.00000000 velocity=00000000.00000000.00000000
simulation stage=stack287_0 position=00000000.3ee66666.00000000 velocity=00000000.00000000.00000000
simulation stage=stack287_1 position=00000000.3fb305bc.00000000 velocity=00000000.00000000.00000000
simulation stage=stack287_2 position=00000000.401638ef.00000000 velocity=00000000.00000000.00000000
simulation stage=stack288_0 position=00000000.3ee66666.00000000 velocity=00000000.00000000.00000000
simulation stage=stack288_1 position=00000000.3fb305bc.00000000 velocity=00000000.00000000.00000000
simulation stage=stack288_2 position=00000000.401638ef.00000000 velocity=00000000.00000000.00000000
simulation stage=stack289_0 position=00000000.3ee66666.00000000 velocity=00000000.00000000.00000000
simulation stage=stack289_1 position=00000000.3fb305bc.00000000 velocity=00000000.00000000.00000000
simulation stage=stack289_2 position=00000000.401638ef.00000000 velocity=00000000.00000000.00000000
simulation stage=stack290_0 position=00000000.3ee66666.00000000 velocity=00000000.00000000.00000000
simulation stage=stack290_1 position=00000000.3fb305bc.00000000 velocity=00000000.00000000.00000000
simulation stage=stack290_2 position=00000000.401638ef.00000000 velocity=00000000.00000000.00000000
simulation stage=stack291_0 position=00000000.3ee66666.00000000 velocity=00000000.00000000.00000000
simulation stage=stack291_1 position=00000000.3fb305bc.00000000 velocity=00000000.00000000.00000000
simulation stage=stack291_2 position=00000000.401638ef.00000000 velocity=00000000.00000000.00000000
simulation stage=stack292_0 position=00000000.3ee66666.00000000 velocity=00000000.00000000.00000000
simulation stage=stack292_1 position=00000000.3fb305bc.00000000 velocity=00000000.00000000.00000000
simulation stage=stack292_2 position=00000000.401638ef.00000000 velocity=00000000.00000000.00000000
simulation stage=stack293_0 position=00000000.3ee66666.00000000 velocity=00000000.00000000.00000000
simulation stage=stack293_1 position=00000000.3fb305bc.00000000 velocity=00000000.00000000.00000000
simulation stage=stack293_2 position=00000000.401638ef.00000000 velocity=00000000.00000000.00000000
simulation stage=stack294_0 position=00000000.3ee66666.00000000 velocity=00000000.00000000.00000000
simulation stage=stack294_1 position=00000000.3fb305bc.00000000 velocity=00000000.00000000.00000000
simulation stage=stack294_2 position=00000000.401638ef.00000000 velocity=00000000.00000000.00000000
simulation stage=stack295_0 position=00000000.3ee66666.00000000 velocity=00000000.00000000.00000000
simulation stage=stack295_1 position=00000000.3fb305bc.00000000 velocity=00000000.00000000.00000000
simulation stage=stack295_2 position=00000000.401638ef.00000000 velocity=00000000.00000000.00000000
simulation stage=stack296_0 position=00000000.3ee66666.00000000 velocity=00000000.00000000.00000000
simulation stage=stack296_1 position=00000000.3fb305bc.00000000 velocity=00000000.00000000.00000000
simulation stage=stack296_2 position=00000000.401638ef.00000000 velocity=00000000.00000000.00000000
simulation stage=stack297_0 position=00000000.3ee66666.00000000 velocity=00000000.00000000.00000000
simulation stage=stack297_1 position=00000000.3fb305bc.00000000 velocity=00000000.00000000.00000000
simulation stage=stack297_2 position=00000000.401638ef.00000000 velocity=00000000.00000000.00000000
simulation stage=stack298_0 position=00000000.3ee66666.00000000 velocity=00000000.00000000.00000000
simulation stage=stack298_1 position=00000000.3fb305bc.00000000 velocity=00000000.00000000.00000000
simulation stage=stack298_2 position=00000000.401638ef.00000000 velocity=00000000.00000000.00000000
simulation stage=stack299_0 position=00000000.3ee66666.00000000 velocity=00000000.00000000.00000000
simulation stage=stack299_1 position=00000000.3fb305bc.00000000 velocity=00000000.00000000.00000000
simulation stage=stack299_2 position=00000000.401638ef.00000000 velocity=00000000.00000000.00000000
simulation stage=stack300_0 position=00000000.3ee66666.00000000 velocity=00000000.00000000.00000000
simulation stage=stack300_1 position=00000000.3fb305bc.00000000 velocity=00000000.00000000.00000000
simulation stage=stack300_2 position=00000000.401638ef.00000000 velocity=00000000.00000000.00000000
simulation stage=stack301_0 position=00000000.3ee66666.00000000 velocity=00000000.00000000.00000000
simulation stage=stack301_1 position=00000000.3fb305bc.00000000 velocity=00000000.00000000.00000000
simulation stage=stack301_2 position=00000000.401638ef.00000000 velocity=00000000.00000000.00000000
simulation stage=stack302_0 position=00000000.3ee66666.00000000 velocity=00000000.00000000.00000000
simulation stage=stack302_1 position=00000000.3fb305bc.00000000 velocity=00000000.00000000.00000000
simulation stage=stack302_2 position=00000000.401638ef.00000000 velocity=00000000.00000000.00000000
simulation stage=stack303_0 position=00000000.3ee66666.00000000 velocity=00000000.00000000.00000000
simulation stage=stack303_1 position=00000000.3fb305bc.00000000 velocity=00000000.00000000.00000000
simulation stage=stack303_2 position=00000000.401638ef.00000000 velocity=00000000.00000000.00000000
simulation stage=stack304_0 position=00000000.3ee66666.00000000 velocity=00000000.00000000.00000000
simulation stage=stack304_1 position=00000000.3fb305bc.00000000 velocity=00000000.00000000.00000000
simulation stage=stack304_2 position=00000000.401638ef.00000000 velocity=00000000.00000000.00000000
simulation stage=stack305_0 position=00000000.3ee66666.00000000 velocity=00000000.00000000.00000000
simulation stage=stack305_1 position=00000000.3fb305bc.00000000 velocity=00000000.00000000.00000000
simulation stage=stack305_2 position=00000000.401638ef.00000000 velocity=00000000.00000000.00000000
simulation stage=stack306_0 position=00000000.3ee66666.00000000 velocity=00000000.00000000.00000000
simulation stage=stack306_1 position=00000000.3fb305bc.00000000 velocity=00000000.00000000.00000000
simulation stage=stack306_2 position=00000000.401638ef.00000000 velocity=00000000.00000000.00000000
simulation stage=stack307_0 position=00000000.3ee66666.00000000 velocity=00000000.00000000.00000000
simulation stage=stack307_1 position=00000000.3fb305bc.00000000 velocity=00000000.00000000.00000000
simulation stage=stack307_2 position=00000000.401638ef.00000000 velocity=00000000.00000000.00000000
simulation stage=stack308_0 position=00000000.3ee66666.00000000 velocity=00000000.00000000.00000000
simulation stage=stack308_1 position=00000000.3fb305bc.00000000 velocity=00000000.00000000.00000000
simulation stage=stack308_2 position=00000000.401638ef.00000000 velocity=00000000.00000000.00000000
simulation stage=stack309_0 position=00000000.3ee66666.00000000 velocity=00000000.00000000.00000000
simulation stage=stack309_1 position=00000000.3fb305bc.00000000 velocity=00000000.00000000.00000000
simulation stage=stack309_2 position=00000000.401638ef.00000000 velocity=00000000.00000000.00000000
simulation stage=stack310_0 position=00000000.3ee66666.00000000 velocity=00000000.00000000.00000000
simulation stage=stack310_1 position=00000000.3fb305bc.00000000 velocity=00000000.00000000.00000000
simulation stage=stack310_2 position=00000000.401638ef.00000000 velocity=00000000.00000000.00000000
simulation stage=stack311_0 position=00000000.3ee66666.00000000 velocity=00000000.00000000.00000000
simulation stage=stack311_1 position=00000000.3fb305bc.00000000 velocity=00000000.00000000.00000000
simulation stage=stack311_2 position=00000000.401638ef.00000000 velocity=00000000.00000000.00000000
simulation stage=stack312_0 position=00000000.3ee66666.00000000 velocity=00000000.00000000.00000000
simulation stage=stack312_1 position=00000000.3fb305bc.00000000 velocity=00000000.00000000.00000000
simulation stage=stack312_2 position=00000000.401638ef.00000000 velocity=00000000.00000000.00000000
simulation stage=stack313_0 position=00000000.3ee66666.00000000 velocity=00000000.00000000.00000000
simulation stage=stack313_1 position=00000000.3fb305bc.00000000 velocity=00000000.00000000.00000000
simulation stage=stack313_2 position=00000000.401638ef.00000000 velocity=00000000.00000000.00000000
simulation stage=stack314_0 position=00000000.3ee66666.00000000 velocity=00000000.00000000.00000000
simulation stage=stack314_1 position=00000000.3fb305bc.00000000 velocity=00000000.00000000.00000000
simulation stage=stack314_2 position=00000000.401638ef.00000000 velocity=00000000.00000000.00000000
simulation stage=stack315_0 position=00000000.3ee66666.00000000 velocity=00000000.00000000.00000000
simulation stage=stack315_1 position=00000000.3fb305bc.00000000 velocity=00000000.00000000.00000000
simulation stage=stack315_2 position=00000000.401638ef.00000000 velocity=00000000.00000000.00000000
simulation stage=stack316_0 position=00000000.3ee66666.00000000 velocity=00000000.00000000.00000000
simulation stage=stack316_1 position=00000000.3fb305bc.00000000 velocity=00000000.00000000.00000000
simulation stage=stack316_2 position=00000000.401638ef.00000000 velocity=00000000.00000000.00000000
simulation stage=stack317_0 position=00000000.3ee66666.00000000 velocity=00000000.00000000.00000000
simulation stage=stack317_1 position=00000000.3fb305bc.00000000 velocity=00000000.00000000.00000000
simulation stage=stack317_2 position=00000000.401638ef.00000000 velocity=00000000.00000000.00000000
simulation stage=stack318_0 position=00000000.3ee66666.00000000 velocity=00000000.00000000.00000000
simulation stage=stack318_1 position=00000000.3fb305bc.00000000 velocity=00000000.00000000.00000000
simulation stage=stack318_2 position=00000000.401638ef.00000000 velocity=00000000.00000000.00000000
simulation stage=stack319_0 position=00000000.3ee66666.00000000 velocity=00000000.00000000.00000000
simulation stage=stack319_1 position=00000000.3fb305bc.00000000 velocity=00000000.00000000.00000000
simulation stage=stack319_2 position=00000000.401638ef.00000000 velocity=00000000.00000000.00000000
simulation stage=stack320_0 position=00000000.3ee66666.00000000 velocity=00000000.00000000.00000000
simulation stage=stack320_1 position=00000000.3fb305bc.00000000 velocity=00000000.00000000.00000000
simulation stage=stack320_2 position=00000000.401638ef.00000000 velocity=00000000.00000000.00000000
simulation stage=stack321_0 position=00000000.3ee66666.00000000 velocity=00000000.00000000.00000000
simulation stage=stack321_1 position=00000000.3fb305bc.00000000 velocity=00000000.00000000.00000000
simulation stage=stack321_2 position=00000000.401638ef.00000000 velocity=00000000.00000000.00000000
simulation stage=stack322_0 position=00000000.3ee66666.00000000 velocity=00000000.00000000.00000000
simulation stage=stack322_1 position=00000000.3fb305bc.00000000 velocity=00000000.00000000.00000000
simulation stage=stack322_2 position=00000000.401638ef.00000000 velocity=00000000.00000000.00000000
simulation stage=stack323_0 position=00000000.3ee66666.00000000 velocity=00000000.00000000.00000000
simulation stage=stack323_1 position=00000000.3fb305bc.00000000 velocity=00000000.00000000.00000000
simulation stage=stack323_2 position=00000000.401638ef.00000000 velocity=00000000.00000000.00000000
simulation stage=stack324_0 position=00000000.3ee66666.00000000 velocity=00000000.00000000.00000000
simulation stage=stack324_1 position=00000000.3fb305bc.00000000 velocity=00000000.00000000.00000000
simulation stage=stack324_2 position=00000000.401638ef.00000000 velocity=00000000.00000000.00000000
simulation stage=stack325_0 position=00000000.3ee66666.00000000 velocity=00000000.00000000.00000000
simulation stage=stack325_1 position=00000000.3fb305bc.00000000 velocity=00000000.00000000.00000000
simulation stage=stack325_2 position=00000000.401638ef.00000000 velocity=00000000.00000000.00000000
simulation stage=stack326_0 position=00000000.3ee66666.00000000 velocity=00000000.00000000.00000000
simulation stage=stack326_1 position=00000000.3fb305bc.00000000 velocity=00000000.00000000.00000000
simulation stage=stack326_2 position=00000000.401638ef.00000000 velocity=00000000.00000000.00000000
simulation stage=stack327_0 position=00000000.3ee66666.00000000 velocity=00000000.00000000.00000000
simulation stage=stack327_1 position=00000000.3fb305bc.00000000 velocity=00000000.00000000.00000000
simulation stage=stack327_2 position=00000000.401638ef.00000000 velocity=00000000.00000000.00000000
simulation stage=stack328_0 position=00000000.3ee66666.00000000 velocity=00000000.00000000.00000000
simulation stage=stack328_1 position=00000000.3fb305bc.00000000 velocity=00000000.00000000.00000000
simulation stage=stack328_2 position=00000000.401638ef.00000000 velocity=00000000.00000000.00000000
simulation stage=stack329_0 position=00000000.3ee66666.00000000 velocity=00000000.00000000.00000000
simulation stage=stack329_1 position=00000000.3fb305bc.00000000 velocity=00000000.00000000.00000000
simulation stage=stack329_2 position=00000000.401638ef.00000000 velocity=00000000.00000000.00000000
simulation stage=stack330_0 position=00000000.3ee66666.00000000 velocity=00000000.00000000.00000000
simulation stage=stack330_1 position=00000000.3fb305bc.00000000 velocity=00000000.00000000.00000000
simulation stage=stack330_2 position=00000000.401638ef.00000000 velocity=00000000.00000000.00000000
simulation stage=stack331_0 position=00000000.3ee66666.00000000 velocity=00000000.00000000.00000000
simulation stage=stack331_1 position=00000000.3fb305bc.00000000 velocity=00000000.00000000.00000000
simulation stage=stack331_2 position=00000000.401638ef.00000000 velocity=00000000.00000000.00000000
simulation stage=stack332_0 position=00000000.3ee66666.00000000 velocity=00000000.00000000.00000000
simulation stage=stack332_1 position=00000000.3fb305bc.00000000 velocity=00000000.00000000.00000000
simulation stage=stack332_2 position=00000000.401638ef.00000000 velocity=00000000.00000000.00000000
simulation stage=stack333_0 position=00000000.3ee66666.00000000 velocity=00000000.00000000.00000000
simulation stage=stack333_1 position=00000000.3fb305bc.00000000 velocity=00000000.00000000.00000000
simulation stage=stack333_2 position=00000000.401638ef.00000000 velocity=00000000.00000000.00000000
simulation stage=stack334_0 position=00000000.3ee66666.00000000 velocity=00000000.00000000.00000000
simulation stage=stack334_1 position=00000000.3fb305bc.00000000 velocity=00000000.00000000.00000000
simulation stage=stack334_2 position=00000000.401638ef.00000000 velocity=00000000.00000000.00000000
simulation stage=stack335_0 position=00000000.3ee66666.00000000 velocity=00000000.00000000.00000000
simulation stage=stack335_1 position=00000000.3fb305bc.00000000 velocity=00000000.00000000.00000000
simulation stage=stack335_2 position=00000000.401638ef.00000000 velocity=00000000.00000000.00000000
simulation stage=stack336_0 position=00000000.3ee66666.00000000 velocity=00000000.00000000.00000000
simulation stage=stack336_1 position=00000000.3fb305bc.00000000 velocity=00000000.00000000.00000000
simulation stage=stack336_2 position=00000000.401638ef.00000000 velocity=00000000.00000000.00000000
simulation stage=stack337_0 position=00000000.3ee66666.00000000 velocity=00000000.00000000.00000000
simulation stage=stack337_1 position=00000000.3fb305bc.00000000 velocity=00000000.00000000.00000000
simulation stage=stack337_2 position=00000000.401638ef.00000000 velocity=00000000.00000000.00000000
simulation stage=stack338_0 position=00000000.3ee66666.00000000 velocity=00000000.00000000.00000000
simulation stage=stack338_1 position=00000000.3fb305bc.00000000 velocity=00000000.00000000.00000000
simulation stage=stack338_2 position=00000000.401638ef.00000000 velocity=00000000.00000000.00000000
simulation stage=stack339_0 position=00000000.3ee66666.00000000 velocity=00000000.00000000.00000000
simulation stage=stack339_1 position=00000000.3fb305bc.00000000 velocity=00000000.00000000.00000000
simulation stage=stack339_2 position=00000000.401638ef.00000000 velocity=00000000.00000000.00000000
simulation stage=stack340_0 position=00000000.3ee66666.00000000 velocity=00000000.00000000.00000000
simulation stage=stack340_1 position=00000000.3fb305bc.00000000 velocity=00000000.00000000.00000000
simulation stage=stack340_2 position=00000000.401638ef.00000000 velocity=00000000.00000000.00000000
simulation stage=stack341_0 position=00000000.3ee66666.00000000 velocity=00000000.00000000.00000000
simulation stage=stack341_1 position=00000000.3fb305bc.00000000 velocity=00000000.00000000.00000000
simulation stage=stack341_2 position=00000000.401638ef.00000000 velocity=00000000.00000000.00000000
simulation stage=stack342_0 position=00000000.3ee66666.00000000 velocity=00000000.00000000.00000000
simulation stage=stack342_1 position=00000000.3fb305bc.00000000 velocity=00000000.00000000.00000000
simulation stage=stack342_2 position=00000000.401638ef.00000000 velocity=00000000.00000000.00000000
simulation stage=stack343_0 position=00000000.3ee66666.00000000 velocity=00000000.00000000.00000000
simulation stage=stack343_1 position=00000000.3fb305bc.00000000 velocity=00000000.00000000.00000000
simulation stage=stack343_2 position=00000000.401638ef.00000000 velocity=00000000.00000000.00000000
simulation stage=stack344_0 position=00000000.3ee66666.00000000 velocity=00000000.00000000.00000000
simulation stage=stack344_1 position=00000000.3fb305bc.00000000 velocity=00000000.00000000.00000000
simulation stage=stack344_2 position=00000000.401638ef.00000000 velocity=00000000.00000000.00000000
simulation stage=stack345_0 position=00000000.3ee66666.00000000 velocity=00000000.00000000.00000000
simulation stage=stack345_1 position=00000000.3fb305bc.00000000 velocity=00000000.00000000.00000000
simulation stage=stack345_2 position=00000000.401638ef.00000000 velocity=00000000.00000000.00000000
simulation stage=stack346_0 position=00000000.3ee66666.00000000 velocity=00000000.00000000.00000000
simulation stage=stack346_1 position=00000000.3fb305bc.00000000 velocity=00000000.00000000.00000000
simulation stage=stack346_2 position=00000000.401638ef.00000000 velocity=00000000.00000000.00000000
simulation stage=stack347_0 position=00000000.3ee66666.00000000 velocity=00000000.00000000.00000000
simulation stage=stack347_1 position=00000000.3fb305bc.00000000 velocity=00000000.00000000.00000000
simulation stage=stack347_2 position=00000000.401638ef.00000000 velocity=00000000.00000000.00000000
simulation stage=stack348_0 position=00000000.3ee66666.00000000 velocity=00000000.00000000.00000000
simulation stage=stack348_1 position=00000000.3fb305bc.00000000 velocity=00000000.00000000.00000000
simulation stage=stack348_2 position=00000000.401638ef.00000000 velocity=00000000.00000000.00000000
simulation stage=stack349_0 position=00000000.3ee66666.00000000 velocity=00000000.00000000.00000000
simulation stage=stack349_1 position=00000000.3fb305bc.00000000 velocity=00000000.00000000.00000000
simulation stage=stack349_2 position=00000000.401638ef.00000000 velocity=00000000.00000000.00000000
simulation stage=stack350_0 position=00000000.3ee66666.00000000 velocity=00000000.00000000.00000000
simulation stage=stack350_1 position=00000000.3fb305bc.00000000 velocity=00000000.00000000.00000000
simulation stage=stack350_2 position=00000000.401638ef.00000000 velocity=00000000.00000000.00000000
simulation stage=stack351_0 position=00000000.3ee66666.00000000 velocity=00000000.00000000.00000000
simulation stage=stack351_1 position=00000000.3fb305bc.00000000 velocity=00000000.00000000.00000000
simulation stage=stack351_2 position=00000000.401638ef.00000000 velocity=00000000.00000000.00000000
simulation stage=stack352_0 position=00000000.3ee66666.00000000 velocity=00000000.00000000.00000000
simulation stage=stack352_1 position=00000000.3fb305bc.00000000 velocity=00000000.00000000.00000000
simulation stage=stack352_2 position=00000000.401638ef.00000000 velocity=00000000.00000000.00000000
simulation stage=stack353_0 position=00000000.3ee66666.00000000 velocity=00000000.00000000.00000000
simulation stage=stack353_1 position=00000000.3fb305bc.00000000 velocity=00000000.00000000.00000000
simulation stage=stack353_2 position=00000000.401638ef.00000000 velocity=00000000.00000000.00000000
simulation stage=stack354_0 position=00000000.3ee66666.00000000 velocity=00000000.00000000.00000000
simulation stage=stack354_1 position=00000000.3fb305bc.00000000 velocity=00000000.00000000.00000000
simulation stage=stack354_2 position=00000000.401638ef.00000000 velocity=00000000.00000000.00000000
simulation stage=stack355_0 position=00000000.3ee66666.00000000 velocity=00000000.00000000.00000000
simulation stage=stack355_1 position=00000000.3fb305bc.00000000 velocity=00000000.00000000.00000000
simulation stage=stack355_2 position=00000000.401638ef.00000000 velocity=00000000.00000000.00000000
simulation stage=stack356_0 position=00000000.3ee66666.00000000 velocity=00000000.00000000.00000000
simulation stage=stack356_1 position=00000000.3fb305bc.00000000 velocity=00000000.00000000.00000000
simulation stage=stack356_2 position=00000000.401638ef.00000000 velocity=00000000.00000000.00000000
simulation stage=stack357_0 position=00000000.3ee66666.00000000 velocity=00000000.00000000.00000000
simulation stage=stack357_1 position=00000000.3fb305bc.00000000 velocity=00000000.00000000.00000000
simulation stage=stack357_2 position=00000000.401638ef.00000000 velocity=00000000.00000000.00000000
simulation stage=stack358_0 position=00000000.3ee66666.00000000 velocity=00000000.00000000.00000000
simulation stage=stack358_1 position=00000000.3fb305bc.00000000 velocity=00000000.00000000.00000000
simulation stage=stack358_2 position=00000000.401638ef.00000000 velocity=00000000.00000000.00000000
simulation stage=stack359_0 position=00000000.3ee66666.00000000 velocity=00000000.00000000.00000000
simulation stage=stack359_1 position=00000000.3fb305bc.00000000 velocity=00000000.00000000.00000000
simulation stage=stack359_2 position=00000000.401638ef.00000000 velocity=00000000.00000000.00000000
simulation stage=stack360_0 position=00000000.3ee66666.00000000 velocity=00000000.00000000.00000000
simulation stage=stack360_1 position=00000000.3fb305bc.00000000 velocity=00000000.00000000.00000000
simulation stage=stack360_2 position=00000000.401638ef.00000000 velocity=00000000.00000000.00000000
simulation stage=stack361_0 position=00000000.3ee66666.00000000 velocity=00000000.00000000.00000000
simulation stage=stack361_1 position=00000000.3fb305bc.00000000 velocity=00000000.00000000.00000000
simulation stage=stack361_2 position=00000000.401638ef.00000000 velocity=00000000.00000000.00000000
simulation stage=stack362_0 position=00000000.3ee66666.00000000 velocity=00000000.00000000.00000000
simulation stage=stack362_1 position=00000000.3fb305bc.00000000 velocity=00000000.00000000.00000000
simulation stage=stack362_2 position=00000000.401638ef.00000000 velocity=00000000.00000000.00000000
simulation stage=stack363_0 position=00000000.3ee66666.00000000 velocity=00000000.00000000.00000000
simulation stage=stack363_1 position=00000000.3fb305bc.00000000 velocity=00000000.00000000.00000000
simulation stage=stack363_2 position=00000000.401638ef.00000000 velocity=00000000.00000000.00000000
simulation stage=stack364_0 position=00000000.3ee66666.00000000 velocity=00000000.00000000.00000000
simulation stage=stack364_1 position=00000000.3fb305bc.00000000 velocity=00000000.00000000.00000000
simulation stage=stack364_2 position=00000000.401638ef.00000000 velocity=00000000.00000000.00000000
simulation stage=stack365_0 position=00000000.3ee66666.00000000 velocity=00000000.00000000.00000000
simulation stage=stack365_1 position=00000000.3fb305bc.00000000 velocity=00000000.00000000.00000000
simulation stage=stack365_2 position=00000000.401638ef.00000000 velocity=00000000.00000000.00000000
simulation stage=stack366_0 position=00000000.3ee66666.00000000 velocity=00000000.00000000.00000000
simulation stage=stack366_1 position=00000000.3fb305bc.00000000 velocity=00000000.00000000.00000000
simulation stage=stack366_2 position=00000000.401638ef.00000000 velocity=00000000.00000000.00000000
simulation stage=stack367_0 position=00000000.3ee66666.00000000 velocity=00000000.00000000.00000000
simulation stage=stack367_1 position=00000000.3fb305bc.00000000 velocity=00000000.00000000.00000000
simulation stage=stack367_2 position=00000000.401638ef.00000000 velocity=00000000.00000000.00000000
simulation stage=stack368_0 position=00000000.3ee66666.00000000 velocity=00000000.00000000.00000000
simulation stage=stack368_1 position=00000000.3fb305bc.00000000 velocity=00000000.00000000.00000000
simulation stage=stack368_2 position=00000000.401638ef.00000000 velocity=00000000.00000000.00000000
simulation stage=stack369_0 position=00000000.3ee66666.00000000 velocity=00000000.00000000.00000000
simulation stage=stack369_1 position=00000000.3fb305bc.00000000 velocity=00000000.00000000.00000000
simulation stage=stack369_2 position=00000000.401638ef.00000000 velocity=00000000.00000000.00000000
simulation stage=stack370_0 position=00000000.3ee66666.00000000 velocity=00000000.00000000.00000000
simulation stage=stack370_1 position=00000000.3fb305bc.00000000 velocity=00000000.00000000.00000000
simulation stage=stack370_2 position=00000000.401638ef.00000000 velocity=00000000.00000000.00000000
simulation stage=stack371_0 position=00000000.3ee66666.00000000 velocity=00000000.00000000.00000000
simulation stage=stack371_1 position=00000000.3fb305bc.00000000 velocity=00000000.00000000.00000000
simulation stage=stack371_2 position=00000000.401638ef.00000000 velocity=00000000.00000000.00000000
simulation stage=stack372_0 position=00000000.3ee66666.00000000 velocity=00000000.00000000.00000000
simulation stage=stack372_1 position=00000000.3fb305bc.00000000 velocity=00000000.00000000.00000000
simulation stage=stack372_2 position=00000000.401638ef.00000000 velocity=00000000.00000000.00000000
simulation stage=stack373_0 position=00000000.3ee66666.00000000 velocity=00000000.00000000.00000000
simulation stage=stack373_1 position=00000000.3fb305bc.00000000 velocity=00000000.00000000.00000000
simulation stage=stack373_2 position=00000000.401638ef.00000000 velocity=00000000.00000000.00000000
simulation stage=stack374_0 position=00000000.3ee66666.00000000 velocity=00000000.00000000.00000000
simulation stage=stack374_1 position=00000000.3fb305bc.00000000 velocity=00000000.00000000.00000000
simulation stage=stack374_2 position=00000000.401638ef.00000000 velocity=00000000.00000000.00000000
simulation stage=stack375_0 position=00000000.3ee66666.00000000 velocity=00000000.00000000.00000000
simulation stage=stack375_1 position=00000000.3fb305bc.00000000 velocity=00000000.00000000.00000000
simulation stage=stack375_2 position=00000000.401638ef.00000000 velocity=00000000.00000000.00000000
simulation stage=stack376_0 position=00000000.3ee66666.00000000 velocity=00000000.00000000.00000000
simulation stage=stack376_1 position=00000000.3fb305bc.00000000 velocity=00000000.00000000.00000000
simulation stage=stack376_2 position=00000000.401638ef.00000000 velocity=00000000.00000000.00000000
simulation stage=stack377_0 position=00000000.3ee66666.00000000 velocity=00000000.00000000.00000000
simulation stage=stack377_1 position=00000000.3fb305bc.00000000 velocity=00000000.00000000.00000000
simulation stage=stack377_2 position=00000000.401638ef.00000000 velocity=00000000.00000000.00000000
simulation stage=stack378_0 position=00000000.3ee66666.00000000 velocity=00000000.00000000.00000000
simulation stage=stack378_1 position=00000000.3fb305bc.00000000 velocity=00000000.00000000.00000000
simulation stage=stack378_2 position=00000000.401638ef.00000000 velocity=00000000.00000000.00000000
simulation stage=stack379_0 position=00000000.3ee66666.00000000 velocity=00000000.00000000.00000000
simulation stage=stack379_1 position=00000000.3fb305bc.00000000 velocity=00000000.00000000.00000000
simulation stage=stack379_2 position=00000000.401638ef.00000000 velocity=00000000.00000000.00000000
simulation stage=stack380_0 position=00000000.3ee66666.00000000 velocity=00000000.00000000.00000000
simulation stage=stack380_1 position=00000000.3fb305bc.00000000 velocity=00000000.00000000.00000000
simulation stage=stack380_2 position=00000000.401638ef.00000000 velocity=00000000.00000000.00000000
simulation stage=stack381_0 position=00000000.3ee66666.00000000 velocity=00000000.00000000.00000000
simulation stage=stack381_1 position=00000000.3fb305bc.00000000 velocity=00000000.00000000.00000000
simulation stage=stack381_2 position=00000000.401638ef.00000000 velocity=00000000.00000000.00000000
simulation stage=stack382_0 position=00000000.3ee66666.00000000 velocity=00000000.00000000.00000000
simulation stage=stack382_1 position=00000000.3fb305bc.00000000 velocity=00000000.00000000.00000000
simulation stage=stack382_2 position=00000000.401638ef.00000000 velocity=00000000.00000000.00000000
simulation stage=stack383_0 position=00000000.3ee66666.00000000 velocity=00000000.00000000.00000000
simulation stage=stack383_1 position=00000000.3fb305bc.00000000 velocity=00000000.00000000.00000000
simulation stage=stack383_2 position=00000000.401638ef.00000000 velocity=00000000.00000000.00000000
simulation stage=stack384_0 position=00000000.3ee66666.00000000 velocity=00000000.00000000.00000000
simulation stage=stack384_1 position=00000000.3fb305bc.00000000 velocity=00000000.00000000.00000000
simulation stage=stack384_2 position=00000000.401638ef.00000000 velocity=00000000.00000000.00000000
simulation stage=stack385_0 position=00000000.3ee66666.00000000 velocity=00000000.00000000.00000000
simulation stage=stack385_1 position=00000000.3fb305bc.00000000 velocity=00000000.00000000.00000000
simulation stage=stack385_2 position=00000000.401638ef.00000000 velocity=00000000.00000000.00000000
simulation stage=stack386_0 position=00000000.3ee66666.00000000 velocity=00000000.00000000.00000000
simulation stage=stack386_1 position=00000000.3fb305bc.00000000 velocity=00000000.00000000.00000000
simulation stage=stack386_2 position=00000000.401638ef.00000000 velocity=00000000.00000000.00000000
simulation stage=stack387_0 position=00000000.3ee66666.00000000 velocity=00000000.00000000.00000000
simulation stage=stack387_1 position=00000000.3fb305bc.00000000 velocity=00000000.00000000.00000000
simulation stage=stack387_2 position=00000000.401638ef.00000000 velocity=00000000.00000000.00000000
simulation stage=stack388_0 position=00000000.3ee66666.00000000 velocity=00000000.00000000.00000000
simulation stage=stack388_1 position=00000000.3fb305bc.00000000 velocity=00000000.00000000.00000000
simulation stage=stack388_2 position=00000000.401638ef.00000000 velocity=00000000.00000000.00000000
simulation stage=stack389_0 position=00000000.3ee66666.00000000 velocity=00000000.00000000.00000000
simulation stage=stack389_1 position=00000000.3fb305bc.00000000 velocity=00000000.00000000.00000000
simulation stage=stack389_2 position=00000000.401638ef.00000000 velocity=00000000.00000000.00000000
simulation stage=stack390_0 position=00000000.3ee66666.00000000 velocity=00000000.00000000.00000000
simulation stage=stack390_1 position=00000000.3fb305bc.00000000 velocity=00000000.00000000.00000000
simulation stage=stack390_2 position=00000000.401638ef.00000000 velocity=00000000.00000000.00000000
simulation stage=stack391_0 position=00000000.3ee66666.00000000 velocity=00000000.00000000.00000000
simulation stage=stack391_1 position=00000000.3fb305bc.00000000 velocity=00000000.00000000.00000000
simulation stage=stack391_2 position=00000000.401638ef.00000000 velocity=00000000.00000000.00000000
simulation stage=stack392_0 position=00000000.3ee66666.00000000 velocity=00000000.00000000.00000000
simulation stage=stack392_1 position=00000000.3fb305bc.00000000 velocity=00000000.00000000.00000000
simulation stage=stack392_2 position=00000000.401638ef.00000000 velocity=00000000.00000000.00000000
simulation stage=stack393_0 position=00000000.3ee66666.00000000 velocity=00000000.00000000.00000000
simulation stage=stack393_1 position=00000000.3fb305bc.00000000 velocity=00000000.00000000.00000000
simulation stage=stack393_2 position=00000000.401638ef.00000000 velocity=00000000.00000000.00000000
simulation stage=stack394_0 position=00000000.3ee66666.00000000 velocity=00000000.00000000.00000000
simulation stage=stack394_1 position=00000000.3fb305bc.00000000 velocity=00000000.00000000.00000000
simulation stage=stack394_2 position=00000000.401638ef.00000000 velocity=00000000.00000000.00000000
simulation stage=stack395_0 position=00000000.3ee66666.00000000 velocity=00000000.00000000.00000000
simulation stage=stack395_1 position=00000000.3fb305bc.00000000 velocity=00000000.00000000.00000000
simulation stage=stack395_2 position=00000000.401638ef.00000000 velocity=00000000.00000000.00000000
simulation stage=stack396_0 position=00000000.3ee66666.00000000 velocity=00000000.00000000.00000000
simulation stage=stack396_1 position=00000000.3fb305bc.00000000 velocity=00000000.00000000.00000000
simulation stage=stack396_2 position=00000000.401638ef.00000000 velocity=00000000.00000000.00000000
simulation stage=stack397_0 position=00000000.3ee66666.00000000 velocity=00000000.00000000.00000000
simulation stage=stack397_1 position=00000000.3fb305bc.00000000 velocity=00000000.00000000.00000000
simulation stage=stack397_2 position=00000000.401638ef.00000000 velocity=00000000.00000000.00000000
simulation stage=stack398_0 position=00000000.3ee66666.00000000 velocity=00000000.00000000.00000000
simulation stage=stack398_1 position=00000000.3fb305bc.00000000 velocity=00000000.00000000.00000000
simulation stage=stack398_2 position=00000000.401638ef.00000000 velocity=00000000.00000000.00000000
simulation stage=stack399_0 position=00000000.3ee66666.00000000 velocity=00000000.00000000.00000000
simulation stage=stack399_1 position=00000000.3fb305bc.00000000 velocity=00000000.00000000.00000000
simulation stage=stack399_2 position=00000000.401638ef.00000000 velocity=00000000.00000000.00000000
simulation stage=stack400_0 position=00000000.3ee66666.00000000 velocity=00000000.00000000.00000000
simulation stage=stack400_1 position=00000000.3fb305bc.00000000 velocity=00000000.00000000.00000000
simulation stage=stack400_2 position=00000000.401638ef.00000000 velocity=00000000.00000000.00000000
simulation stage=stack401_0 position=00000000.3ee66666.00000000 velocity=00000000.00000000.00000000
simulation stage=stack401_1 position=00000000.3fb305bc.00000000 velocity=00000000.00000000.00000000
simulation stage=stack401_2 position=00000000.401638ef.00000000 velocity=00000000.00000000.00000000
simulation stage=stack402_0 position=00000000.3ee66666.00000000 velocity=00000000.00000000.00000000
simulation stage=stack402_1 position=00000000.3fb305bc.00000000 velocity=00000000.00000000.00000000
simulation stage=stack402_2 position=00000000.401638ef.00000000 velocity=00000000.00000000.00000000
simulation stage=stack403_0 position=00000000.3ee66666.00000000 velocity=00000000.00000000.00000000
simulation stage=stack403_1 position=00000000.3fb305bc.00000000 velocity=00000000.00000000.00000000
simulation stage=stack403_2 position=00000000.401638ef.00000000 velocity=00000000.00000000.00000000
simulation stage=stack404_0 position=00000000.3ee66666.00000000 velocity=00000000.00000000.00000000
simulation stage=stack404_1 position=00000000.3fb305bc.00000000 velocity=00000000.00000000.00000000
simulation stage=stack404_2 position=00000000.401638ef.00000000 velocity=00000000.00000000.00000000
simulation stage=stack405_0 position=00000000.3ee66666.00000000 velocity=00000000.00000000.00000000
simulation stage=stack405_1 position=00000000.3fb305bc.00000000 velocity=00000000.00000000.00000000
simulation stage=stack405_2 position=00000000.401638ef.00000000 velocity=00000000.00000000.00000000
simulation stage=stack406_0 position=00000000.3ee66666.00000000 velocity=00000000.00000000.00000000
simulation stage=stack406_1 position=00000000.3fb305bc.00000000 velocity=00000000.00000000.00000000
simulation stage=stack406_2 position=00000000.401638ef.00000000 velocity=00000000.00000000.00000000
simulation stage=stack407_0 position=00000000.3ee66666.00000000 velocity=00000000.00000000.00000000
simulation stage=stack407_1 position=00000000.3fb305bc.00000000 velocity=00000000.00000000.00000000
simulation stage=stack407_2 position=00000000.401638ef.00000000 velocity=00000000.00000000.00000000
simulation stage=stack408_0 position=00000000.3ee66666.00000000 velocity=00000000.00000000.00000000
simulation stage=stack408_1 position=00000000.3fb305bc.00000000 velocity=00000000.00000000.00000000
simulation stage=stack408_2 position=00000000.401638ef.00000000 velocity=00000000.00000000.00000000
simulation stage=stack409_0 position=00000000.3ee66666.00000000 velocity=00000000.00000000.00000000
simulation stage=stack409_1 position=00000000.3fb305bc.00000000 velocity=00000000.00000000.00000000
simulation stage=stack409_2 position=00000000.401638ef.00000000 velocity=00000000.00000000.00000000
simulation stage=stack410_0 position=00000000.3ee66666.00000000 velocity=00000000.00000000.00000000
simulation stage=stack410_1 position=00000000.3fb305bc.00000000 velocity=00000000.00000000.00000000
simulation stage=stack410_2 position=00000000.401638ef.00000000 velocity=00000000.00000000.00000000
simulation stage=stack411_0 position=00000000.3ee66666.00000000 velocity=00000000.00000000.00000000
simulation stage=stack411_1 position=00000000.3fb305bc.00000000 velocity=00000000.00000000.00000000
simulation stage=stack411_2 position=00000000.401638ef.00000000 velocity=00000000.00000000.00000000
simulation stage=stack412_0 position=00000000.3ee66666.00000000 velocity=00000000.00000000.00000000
simulation stage=stack412_1 position=00000000.3fb305bc.00000000 velocity=00000000.00000000.00000000
simulation stage=stack412_2 position=00000000.401638ef.00000000 velocity=00000000.00000000.00000000
simulation stage=stack413_0 position=00000000.3ee66666.00000000 velocity=00000000.00000000.00000000
simulation stage=stack413_1 position=00000000.3fb305bc.00000000 velocity=00000000.00000000.00000000
simulation stage=stack413_2 position=00000000.401638ef.00000000 velocity=00000000.00000000.00000000
simulation stage=stack414_0 position=00000000.3ee66666.00000000 velocity=00000000.00000000.00000000
simulation stage=stack414_1 position=00000000.3fb305bc.00000000 velocity=00000000.00000000.00000000
simulation stage=stack414_2 position=00000000.401638ef.00000000 velocity=00000000.00000000.00000000
simulation stage=stack415_0 position=00000000.3ee66666.00000000 velocity=00000000.00000000.00000000
simulation stage=stack415_1 position=00000000.3fb305bc.00000000 velocity=00000000.00000000.00000000
simulation stage=stack415_2 position=00000000.401638ef.00000000 velocity=00000000.00000000.00000000
simulation stage=stack416_0 position=00000000.3ee66666.00000000 velocity=00000000.00000000.00000000
simulation stage=stack416_1 position=00000000.3fb305bc.00000000 velocity=00000000.00000000.00000000
simulation stage=stack416_2 position=00000000.401638ef.00000000 velocity=00000000.00000000.00000000
simulation stage=stack417_0 position=00000000.3ee66666.00000000 velocity=00000000.00000000.00000000
simulation stage=stack417_1 position=00000000.3fb305bc.00000000 velocity=00000000.00000000.00000000
simulation stage=stack417_2 position=00000000.401638ef.00000000 velocity=00000000.00000000.00000000
simulation stage=stack418_0 position=00000000.3ee66666.00000000 velocity=00000000.00000000.00000000
simulation stage=stack418_1 position=00000000.3fb305bc.00000000 velocity=00000000.00000000.00000000
simulation stage=stack418_2 position=00000000.401638ef.00000000 velocity=00000000.00000000.00000000
simulation stage=stack419_0 position=00000000.3ee66666.00000000 velocity=00000000.00000000.00000000
simulation stage=stack419_1 position=00000000.3fb305bc.00000000 velocity=00000000.00000000.00000000
simulation stage=stack419_2 position=00000000.401638ef.00000000 velocity=00000000.00000000.00000000
simulation stage=stack420_0 position=00000000.3ee66666.00000000 velocity=00000000.00000000.00000000
simulation stage=stack420_1 position=00000000.3fb305bc.00000000 velocity=00000000.00000000.00000000
simulation stage=stack420_2 position=00000000.401638ef.00000000 velocity=00000000.00000000.00000000
simulation stage=stack421_0 position=00000000.3ee66666.00000000 velocity=00000000.00000000.00000000
simulation stage=stack421_1 position=00000000.3fb305bc.00000000 velocity=00000000.00000000.00000000
simulation stage=stack421_2 position=00000000.401638ef.00000000 velocity=00000000.00000000.00000000
simulation stage=stack422_0 position=00000000.3ee66666.00000000 velocity=00000000.00000000.00000000
simulation stage=stack422_1 position=00000000.3fb305bc.00000000 velocity=00000000.00000000.00000000
simulation stage=stack422_2 position=00000000.401638ef.00000000 velocity=00000000.00000000.00000000
simulation stage=stack423_0 position=00000000.3ee66666.00000000 velocity=00000000.00000000.00000000
simulation stage=stack423_1 position=00000000.3fb305bc.00000000 velocity=00000000.00000000.00000000
simulation stage=stack423_2 position=00000000.401638ef.00000000 velocity=00000000.00000000.00000000
simulation stage=stack424_0 position=00000000.3ee66666.00000000 velocity=00000000.00000000.00000000
simulation stage=stack424_1 position=00000000.3fb305bc.00000000 velocity=00000000.00000000.00000000
simulation stage=stack424_2 position=00000000.401638ef.00000000 velocity=00000000.00000000.00000000
simulation stage=stack425_0 position=00000000.3ee66666.00000000 velocity=00000000.00000000.00000000
simulation stage=stack425_1 position=00000000.3fb305bc.00000000 velocity=00000000.00000000.00000000
simulation stage=stack425_2 position=00000000.401638ef.00000000 velocity=00000000.00000000.00000000
simulation stage=stack426_0 position=00000000.3ee66666.00000000 velocity=00000000.00000000.00000000
simulation stage=stack426_1 position=00000000.3fb305bc.00000000 velocity=00000000.00000000.00000000
simulation stage=stack426_2 position=00000000.401638ef.00000000 velocity=00000000.00000000.00000000
simulation stage=stack427_0 position=00000000.3ee66666.00000000 velocity=00000000.00000000.00000000
simulation stage=stack427_1 position=00000000.3fb305bc.00000000 velocity=00000000.00000000.00000000
simulation stage=stack427_2 position=00000000.401638ef.00000000 velocity=00000000.00000000.00000000
simulation stage=stack428_0 position=00000000.3ee66666.00000000 velocity=00000000.00000000.00000000
simulation stage=stack428_1 position=00000000.3fb305bc.00000000 velocity=00000000.00000000.00000000
simulation stage=stack428_2 position=00000000.401638ef.00000000 velocity=00000000.00000000.00000000
simulation stage=stack429_0 position=00000000.3ee66666.00000000 velocity=00000000.00000000.00000000
simulation stage=stack429_1 position=00000000.3fb305bc.00000000 velocity=00000000.00000000.00000000
simulation stage=stack429_2 position=00000000.401638ef.00000000 velocity=00000000.00000000.00000000
simulation stage=stack430_0 position=00000000.3ee66666.00000000 velocity=00000000.00000000.00000000
simulation stage=stack430_1 position=00000000.3fb305bc.00000000 velocity=00000000.00000000.00000000
simulation stage=stack430_2 position=00000000.401638ef.00000000 velocity=00000000.00000000.00000000
simulation stage=stack431_0 position=00000000.3ee66666.00000000 velocity=00000000.00000000.00000000
simulation stage=stack431_1 position=00000000.3fb305bc.00000000 velocity=00000000.00000000.00000000
simulation stage=stack431_2 position=00000000.401638ef.00000000 velocity=00000000.00000000.00000000
simulation stage=stack432_0 position=00000000.3ee66666.00000000 velocity=00000000.00000000.00000000
simulation stage=stack432_1 position=00000000.3fb305bc.00000000 velocity=00000000.00000000.00000000
simulation stage=stack432_2 position=00000000.401638ef.00000000 velocity=00000000.00000000.00000000
simulation stage=stack433_0 position=00000000.3ee66666.00000000 velocity=00000000.00000000.00000000
simulation stage=stack433_1 position=00000000.3fb305bc.00000000 velocity=00000000.00000000.00000000
simulation stage=stack433_2 position=00000000.401638ef.00000000 velocity=00000000.00000000.00000000
simulation stage=stack434_0 position=00000000.3ee66666.00000000 velocity=00000000.00000000.00000000
simulation stage=stack434_1 position=00000000.3fb305bc.00000000 velocity=00000000.00000000.00000000
simulation stage=stack434_2 position=00000000.401638ef.00000000 velocity=00000000.00000000.00000000
simulation stage=stack435_0 position=00000000.3ee66666.00000000 velocity=00000000.00000000.00000000
simulation stage=stack435_1 position=00000000.3fb305bc.00000000 velocity=00000000.00000000.00000000
simulation stage=stack435_2 position=00000000.401638ef.00000000 velocity=00000000.00000000.00000000
simulation stage=stack436_0 position=00000000.3ee66666.00000000 velocity=00000000.00000000.00000000
simulation stage=stack436_1 position=00000000.3fb305bc.00000000 velocity=00000000.00000000.00000000
simulation stage=stack436_2 position=00000000.401638ef.00000000 velocity=00000000.00000000.00000000
simulation stage=stack437_0 position=00000000.3ee66666.00000000 velocity=00000000.00000000.00000000
simulation stage=stack437_1 position=00000000.3fb305bc.00000000 velocity=00000000.00000000.00000000
simulation stage=stack437_2 position=00000000.401638ef.00000000 velocity=00000000.00000000.00000000
simulation stage=stack438_0 position=00000000.3ee66666.00000000 velocity=00000000.00000000.00000000
simulation stage=stack438_1 position=00000000.3fb305bc.00000000 velocity=00000000.00000000.00000000
simulation stage=stack438_2 position=00000000.401638ef.00000000 velocity=00000000.00000000.00000000
simulation stage=stack439_0 position=00000000.3ee66666.00000000 velocity=00000000.00000000.00000000
simulation stage=stack439_1 position=00000000.3fb305bc.00000000 velocity=00000000.00000000.00000000
simulation stage=stack439_2 position=00000000.401638ef.00000000 velocity=00000000.00000000.00000000
simulation stage=stack440_0 position=00000000.3ee66666.00000000 velocity=00000000.00000000.00000000
simulation stage=stack440_1 position=00000000.3fb305bc.00000000 velocity=00000000.00000000.00000000
simulation stage=stack440_2 position=00000000.401638ef.00000000 velocity=00000000.00000000.00000000
simulation stage=stack441_0 position=00000000.3ee66666.00000000 velocity=00000000.00000000.00000000
simulation stage=stack441_1 position=00000000.3fb305bc.00000000 velocity=00000000.00000000.00000000
simulation stage=stack441_2 position=00000000.401638ef.00000000 velocity=00000000.00000000.00000000
simulation stage=stack442_0 position=00000000.3ee66666.00000000 velocity=00000000.00000000.00000000
simulation stage=stack442_1 position=00000000.3fb305bc.00000000 velocity=00000000.00000000.00000000
simulation stage=stack442_2 position=00000000.401638ef.00000000 velocity=00000000.00000000.00000000
simulation stage=stack443_0 position=00000000.3ee66666.00000000 velocity=00000000.00000000.00000000
simulation stage=stack443_1 position=00000000.3fb305bc.00000000 velocity=00000000.00000000.00000000
simulation stage=stack443_2 position=00000000.401638ef.00000000 velocity=00000000.00000000.00000000
simulation stage=stack444_0 position=00000000.3ee66666.00000000 velocity=00000000.00000000.00000000
simulation stage=stack444_1 position=00000000.3fb305bc.00000000 velocity=00000000.00000000.00000000
simulation stage=stack444_2 position=00000000.401638ef.00000000 velocity=00000000.00000000.00000000
simulation stage=stack445_0 position=00000000.3ee66666.00000000 velocity=00000000.00000000.00000000
simulation stage=stack445_1 position=00000000.3fb305bc.00000000 velocity=00000000.00000000.00000000
simulation stage=stack445_2 position=00000000.401638ef.00000000 velocity=00000000.00000000.00000000
simulation stage=stack446_0 position=00000000.3ee66666.00000000 velocity=00000000.00000000.00000000
simulation stage=stack446_1 position=00000000.3fb305bc.00000000 velocity=00000000.00000000.00000000
simulation stage=stack446_2 position=00000000.401638ef.00000000 velocity=00000000.00000000.00000000
simulation stage=stack447_0 position=00000000.3ee66666.00000000 velocity=00000000.00000000.00000000
simulation stage=stack447_1 position=00000000.3fb305bc.00000000 velocity=00000000.00000000.00000000
simulation stage=stack447_2 position=00000000.401638ef.00000000 velocity=00000000.00000000.00000000
simulation stage=stack448_0 position=00000000.3ee66666.00000000 velocity=00000000.00000000.00000000
simulation stage=stack448_1 position=00000000.3fb305bc.00000000 velocity=00000000.00000000.00000000
simulation stage=stack448_2 position=00000000.401638ef.00000000 velocity=00000000.00000000.00000000
simulation stage=stack449_0 position=00000000.3ee66666.00000000 velocity=00000000.00000000.00000000
simulation stage=stack449_1 position=00000000.3fb305bc.00000000 velocity=00000000.00000000.00000000
simulation stage=stack449_2 position=00000000.401638ef.00000000 velocity=00000000.00000000.00000000
simulation stage=stack450_0 position=00000000.3ee66666.00000000 velocity=00000000.00000000.00000000
simulation stage=stack450_1 position=00000000.3fb305bc.00000000 velocity=00000000.00000000.00000000
simulation stage=stack450_2 position=00000000.401638ef.00000000 velocity=00000000.00000000.00000000
simulation stage=stack451_0 position=00000000.3ee66666.00000000 velocity=00000000.00000000.00000000
simulation stage=stack451_1 position=00000000.3fb305bc.00000000 velocity=00000000.00000000.00000000
simulation stage=stack451_2 position=00000000.401638ef.00000000 velocity=00000000.00000000.00000000
simulation stage=stack452_0 position=00000000.3ee66666.00000000 velocity=00000000.00000000.00000000
simulation stage=stack452_1 position=00000000.3fb305bc.00000000 velocity=00000000.00000000.00000000
simulation stage=stack452_2 position=00000000.401638ef.00000000 velocity=00000000.00000000.00000000
simulation stage=stack453_0 position=00000000.3ee66666.00000000 velocity=00000000.00000000.00000000
simulation stage=stack453_1 position=00000000.3fb305bc.00000000 velocity=00000000.00000000.00000000
simulation stage=stack453_2 position=00000000.401638ef.00000000 velocity=00000000.00000000.00000000
simulation stage=stack454_0 position=00000000.3ee66666.00000000 velocity=00000000.00000000.00000000
simulation stage=stack454_1 position=00000000.3fb305bc.00000000 velocity=00000000.00000000.00000000
simulation stage=stack454_2 position=00000000.401638ef.00000000 velocity=00000000.00000000.00000000
simulation stage=stack455_0 position=00000000.3ee66666.00000000 velocity=00000000.00000000.00000000
simulation stage=stack455_1 position=00000000.3fb305bc.00000000 velocity=00000000.00000000.00000000
simulation stage=stack455_2 position=00000000.401638ef.00000000 velocity=00000000.00000000.00000000
simulation stage=stack456_0 position=00000000.3ee66666.00000000 velocity=00000000.00000000.00000000
simulation stage=stack456_1 position=00000000.3fb305bc.00000000 velocity=00000000.00000000.00000000
simulation stage=stack456_2 position=00000000.401638ef.00000000 velocity=00000000.00000000.00000000
simulation stage=stack457_0 position=00000000.3ee66666.00000000 velocity=00000000.00000000.00000000
simulation stage=stack457_1 position=00000000.3fb305bc.00000000 velocity=00000000.00000000.00000000
simulation stage=stack457_2 position=00000000.401638ef.00000000 velocity=00000000.00000000.00000000
simulation stage=stack458_0 position=00000000.3ee66666.00000000 velocity=00000000.00000000.00000000
simulation stage=stack458_1 position=00000000.3fb305bc.00000000 velocity=00000000.00000000.00000000
simulation stage=stack458_2 position=00000000.401638ef.00000000 velocity=00000000.00000000.00000000
simulation stage=stack459_0 position=00000000.3ee66666.00000000 velocity=00000000.00000000.00000000
simulation stage=stack459_1 position=00000000.3fb305bc.00000000 velocity=00000000.00000000.00000000
simulation stage=stack459_2 position=00000000.401638ef.00000000 velocity=00000000.00000000.00000000
simulation stage=stack460_0 position=00000000.3ee66666.00000000 velocity=00000000.00000000.00000000
simulation stage=stack460_1 position=00000000.3fb305bc.00000000 velocity=00000000.00000000.00000000
simulation stage=stack460_2 position=00000000.401638ef.00000000 velocity=00000000.00000000.00000000
simulation stage=stack461_0 position=00000000.3ee66666.00000000 velocity=00000000.00000000.00000000
simulation stage=stack461_1 position=00000000.3fb305bc.00000000 velocity=00000000.00000000.00000000
simulation stage=stack461_2 position=00000000.401638ef.00000000 velocity=00000000.00000000.00000000
simulation stage=stack462_0 position=00000000.3ee66666.00000000 velocity=00000000.00000000.00000000
simulation stage=stack462_1 position=00000000.3fb305bc.00000000 velocity=00000000.00000000.00000000
simulation stage=stack462_2 position=00000000.401638ef.00000000 velocity=00000000.00000000.00000000
simulation stage=stack463_0 position=00000000.3ee66666.00000000 velocity=00000000.00000000.00000000
simulation stage=stack463_1 position=00000000.3fb305bc.00000000 velocity=00000000.00000000.00000000
simulation stage=stack463_2 position=00000000.401638ef.00000000 velocity=00000000.00000000.00000000
simulation stage=stack464_0 position=00000000.3ee66666.00000000 velocity=00000000.00000000.00000000
simulation stage=stack464_1 position=00000000.3fb305bc.00000000 velocity=00000000.00000000.00000000
simulation stage=stack464_2 position=00000000.401638ef.00000000 velocity=00000000.00000000.00000000
simulation stage=stack465_0 position=00000000.3ee66666.00000000 velocity=00000000.00000000.00000000
simulation stage=stack465_1 position=00000000.3fb305bc.00000000 velocity=00000000.00000000.00000000
simulation stage=stack465_2 position=00000000.401638ef.00000000 velocity=00000000.00000000.00000000
simulation stage=stack466_0 position=00000000.3ee66666.00000000 velocity=00000000.00000000.00000000
simulation stage=stack466_1 position=00000000.3fb305bc.00000000 velocity=00000000.00000000.00000000
simulation stage=stack466_2 position=00000000.401638ef.00000000 velocity=00000000.00000000.00000000
simulation stage=stack467_0 position=00000000.3ee66666.00000000 velocity=00000000.00000000.00000000
simulation stage=stack467_1 position=00000000.3fb305bc.00000000 velocity=00000000.00000000.00000000
simulation stage=stack467_2 position=00000000.401638ef.00000000 velocity=00000000.00000000.00000000
simulation stage=stack468_0 position=00000000.3ee66666.00000000 velocity=00000000.00000000.00000000
simulation stage=stack468_1 position=00000000.3fb305bc.00000000 velocity=00000000.00000000.00000000
simulation stage=stack468_2 position=00000000.401638ef.00000000 velocity=00000000.00000000.00000000
simulation stage=stack469_0 position=00000000.3ee66666.00000000 velocity=00000000.00000000.00000000
simulation stage=stack469_1 position=00000000.3fb305bc.00000000 velocity=00000000.00000000.00000000
simulation stage=stack469_2 position=00000000.401638ef.00000000 velocity=00000000.00000000.00000000
simulation stage=stack470_0 position=00000000.3ee66666.00000000 velocity=00000000.00000000.00000000
simulation stage=stack470_1 position=00000000.3fb305bc.00000000 velocity=00000000.00000000.00000000
simulation stage=stack470_2 position=00000000.401638ef.00000000 velocity=00000000.00000000.00000000
simulation stage=stack471_0 position=00000000.3ee66666.00000000 velocity=00000000.00000000.00000000
simulation stage=stack471_1 position=00000000.3fb305bc.00000000 velocity=00000000.00000000.00000000
simulation stage=stack471_2 position=00000000.401638ef.00000000 velocity=00000000.00000000.00000000
simulation stage=stack472_0 position=00000000.3ee66666.00000000 velocity=00000000.00000000.00000000
simulation stage=stack472_1 position=00000000.3fb305bc.00000000 velocity=00000000.00000000.00000000
simulation stage=stack472_2 position=00000000.401638ef.00000000 velocity=00000000.00000000.00000000
simulation stage=stack473_0 position=00000000.3ee66666.00000000 velocity=00000000.00000000.00000000
simulation stage=stack473_1 position=00000000.3fb305bc.00000000 velocity=00000000.00000000.00000000
simulation stage=stack473_2 position=00000000.401638ef.00000000 velocity=00000000.00000000.00000000
simulation stage=stack474_0 position=00000000.3ee66666.00000000 velocity=00000000.00000000.00000000
simulation stage=stack474_1 position=00000000.3fb305bc.00000000 velocity=00000000.00000000.00000000
simulation stage=stack474_2 position=00000000.401638ef.00000000 velocity=00000000.00000000.00000000
simulation stage=stack475_0 position=00000000.3ee66666.00000000 velocity=00000000.00000000.00000000
simulation stage=stack475_1 position=00000000.3fb305bc.00000000 velocity=00000000.00000000.00000000
simulation stage=stack475_2 position=00000000.401638ef.00000000 velocity=00000000.00000000.00000000
simulation stage=stack476_0 position=00000000.3ee66666.00000000 velocity=00000000.00000000.00000000
simulation stage=stack476_1 position=00000000.3fb305bc.00000000 velocity=00000000.00000000.00000000
simulation stage=stack476_2 position=00000000.401638ef.00000000 velocity=00000000.00000000.00000000
simulation stage=stack477_0 position=00000000.3ee66666.00000000 velocity=00000000.00000000.00000000
simulation stage=stack477_1 position=00000000.3fb305bc.00000000 velocity=00000000.00000000.00000000
simulation stage=stack477_2 position=00000000.401638ef.00000000 velocity=00000000.00000000.00000000
simulation stage=stack478_0 position=00000000.3ee66666.00000000 velocity=00000000.00000000.00000000
simulation stage=stack478_1 position=00000000.3fb305bc.00000000 velocity=00000000.00000000.00000000
simulation stage=stack478_2 position=00000000.401638ef.00000000 velocity=00000000.00000000.00000000
simulation stage=stack479_0 position=00000000.3ee66666.00000000 velocity=00000000.00000000.00000000
simulation stage=stack479_1 position=00000000.3fb305bc.00000000 velocity=00000000.00000000.00000000
simulation stage=stack479_2 position=00000000.401638ef.00000000 velocity=00000000.00000000.00000000
simulation stage=stack480_0 position=00000000.3ee66666.00000000 velocity=00000000.00000000.00000000
simulation stage=stack480_1 position=00000000.3fb305bc.00000000 velocity=00000000.00000000.00000000
simulation stage=stack480_2 position=00000000.401638ef.00000000 velocity=00000000.00000000.00000000
simulation stage=stack481_0 position=00000000.3ee66666.00000000 velocity=00000000.00000000.00000000
simulation stage=stack481_1 position=00000000.3fb305bc.00000000 velocity=00000000.00000000.00000000
simulation stage=stack481_2 position=00000000.401638ef.00000000 velocity=00000000.00000000.00000000
simulation stage=stack482_0 position=00000000.3ee66666.00000000 velocity=00000000.00000000.00000000
simulation stage=stack482_1 position=00000000.3fb305bc.00000000 velocity=00000000.00000000.00000000
simulation stage=stack482_2 position=00000000.401638ef.00000000 velocity=00000000.00000000.00000000
simulation stage=stack483_0 position=00000000.3ee66666.00000000 velocity=00000000.00000000.00000000
simulation stage=stack483_1 position=00000000.3fb305bc.00000000 velocity=00000000.00000000.00000000
simulation stage=stack483_2 position=00000000.401638ef.00000000 velocity=00000000.00000000.00000000
simulation stage=stack484_0 position=00000000.3ee66666.00000000 velocity=00000000.00000000.00000000
simulation stage=stack484_1 position=00000000.3fb305bc.00000000 velocity=00000000.00000000.00000000
simulation stage=stack484_2 position=00000000.401638ef.00000000 velocity=00000000.00000000.00000000
simulation stage=stack485_0 position=00000000.3ee66666.00000000 velocity=00000000.00000000.00000000
simulation stage=stack485_1 position=00000000.3fb305bc.00000000 velocity=00000000.00000000.00000000
simulation stage=stack485_2 position=00000000.401638ef.00000000 velocity=00000000.00000000.00000000
simulation stage=stack486_0 position=00000000.3ee66666.00000000 velocity=00000000.00000000.00000000
simulation stage=stack486_1 position=00000000.3fb305bc.00000000 velocity=00000000.00000000.00000000
simulation stage=stack486_2 position=00000000.401638ef.00000000 velocity=00000000.00000000.00000000
simulation stage=stack487_0 position=00000000.3ee66666.00000000 velocity=00000000.00000000.00000000
simulation stage=stack487_1 position=00000000.3fb305bc.00000000 velocity=00000000.00000000.00000000
simulation stage=stack487_2 position=00000000.401638ef.00000000 velocity=00000000.00000000.00000000
simulation stage=stack488_0 position=00000000.3ee66666.00000000 velocity=00000000.00000000.00000000
simulation stage=stack488_1 position=00000000.3fb305bc.00000000 velocity=00000000.00000000.00000000
simulation stage=stack488_2 position=00000000.401638ef.00000000 velocity=00000000.00000000.00000000
simulation stage=stack489_0 position=00000000.3ee66666.00000000 velocity=00000000.00000000.00000000
simulation stage=stack489_1 position=00000000.3fb305bc.00000000 velocity=00000000.00000000.00000000
simulation stage=stack489_2 position=00000000.401638ef.00000000 velocity=00000000.00000000.00000000
simulation stage=stack490_0 position=00000000.3ee66666.00000000 velocity=00000000.00000000.00000000
simulation stage=stack490_1 position=00000000.3fb305bc.00000000 velocity=00000000.00000000.00000000
simulation stage=stack490_2 position=00000000.401638ef.00000000 velocity=00000000.00000000.00000000
simulation stage=stack491_0 position=00000000.3ee66666.00000000 velocity=00000000.00000000.00000000
simulation stage=stack491_1 position=00000000.3fb305bc.00000000 velocity=00000000.00000000.00000000
simulation stage=stack491_2 position=00000000.401638ef.00000000 velocity=00000000.00000000.00000000
simulation stage=stack492_0 position=00000000.3ee66666.00000000 velocity=00000000.00000000.00000000
simulation stage=stack492_1 position=00000000.3fb305bc.00000000 velocity=00000000.00000000.00000000
simulation stage=stack492_2 position=00000000.401638ef.00000000 velocity=00000000.00000000.00000000
simulation stage=stack493_0 position=00000000.3ee66666.00000000 velocity=00000000.00000000.00000000
simulation stage=stack493_1 position=00000000.3fb305bc.00000000 velocity=00000000.00000000.00000000
simulation stage=stack493_2 position=00000000.401638ef.00000000 velocity=00000000.00000000.00000000
simulation stage=stack494_0 position=00000000.3ee66666.00000000 velocity=00000000.00000000.00000000
simulation stage=stack494_1 position=00000000.3fb305bc.00000000 velocity=00000000.00000000.00000000
simulation stage=stack494_2 position=00000000.401638ef.00000000 velocity=00000000.00000000.00000000
simulation stage=stack495_0 position=00000000.3ee66666.00000000 velocity=00000000.00000000.00000000
simulation stage=stack495_1 position=00000000.3fb305bc.00000000 velocity=00000000.00000000.00000000
simulation stage=stack495_2 position=00000000.401638ef.00000000 velocity=00000000.00000000.00000000
simulation stage=stack496_0 position=00000000.3ee66666.00000000 velocity=00000000.00000000.00000000
simulation stage=stack496_1 position=00000000.3fb305bc.00000000 velocity=00000000.00000000.00000000
simulation stage=stack496_2 position=00000000.401638ef.00000000 velocity=00000000.00000000.00000000
simulation stage=stack497_0 position=00000000.3ee66666.00000000 velocity=00000000.00000000.00000000
simulation stage=stack497_1 position=00000000.3fb305bc.00000000 velocity=00000000.00000000.00000000
simulation stage=stack497_2 position=00000000.401638ef.00000000 velocity=00000000.00000000.00000000
simulation stage=stack498_0 position=00000000.3ee66666.00000000 velocity=00000000.00000000.00000000
simulation stage=stack498_1 position=00000000.3fb305bc.00000000 velocity=00000000.00000000.00000000
simulation stage=stack498_2 position=00000000.401638ef.00000000 velocity=00000000.00000000.00000000
simulation stage=stack499_0 position=00000000.3ee66666.00000000 velocity=00000000.00000000.00000000
simulation stage=stack499_1 position=00000000.3fb305bc.00000000 velocity=00000000.00000000.00000000
simulation stage=stack499_2 position=00000000.401638ef.00000000 velocity=00000000.00000000.00000000
simulation stage=stack500_0 position=00000000.3ee66666.00000000 velocity=00000000.00000000.00000000
simulation stage=stack500_1 position=00000000.3fb305bc.00000000 velocity=00000000.00000000.00000000
simulation stage=stack500_2 position=00000000.401638ef.00000000 velocity=00000000.00000000.00000000
simulation stage=stack501_0 position=00000000.3ee66666.00000000 velocity=00000000.00000000.00000000
simulation stage=stack501_1 position=00000000.3fb305bc.00000000 velocity=00000000.00000000.00000000
simulation stage=stack501_2 position=00000000.401638ef.00000000 velocity=00000000.00000000.00000000
simulation stage=stack502_0 position=00000000.3ee66666.00000000 velocity=00000000.00000000.00000000
simulation stage=stack502_1 position=00000000.3fb305bc.00000000 velocity=00000000.00000000.00000000
simulation stage=stack502_2 position=00000000.401638ef.00000000 velocity=00000000.00000000.00000000
simulation stage=stack503_0 position=00000000.3ee66666.00000000 velocity=00000000.00000000.00000000
simulation stage=stack503_1 position=00000000.3fb305bc.00000000 velocity=00000000.00000000.00000000
simulation stage=stack503_2 position=00000000.401638ef.00000000 velocity=00000000.00000000.00000000
simulation stage=stack504_0 position=00000000.3ee66666.00000000 velocity=00000000.00000000.00000000
simulation stage=stack504_1 position=00000000.3fb305bc.00000000 velocity=00000000.00000000.00000000
simulation stage=stack504_2 position=00000000.401638ef.00000000 velocity=00000000.00000000.00000000
simulation stage=stack505_0 position=00000000.3ee66666.00000000 velocity=00000000.00000000.00000000
simulation stage=stack505_1 position=00000000.3fb305bc.00000000 velocity=00000000.00000000.00000000
simulation stage=stack505_2 position=00000000.401638ef.00000000 velocity=00000000.00000000.00000000
simulation stage=stack506_0 position=00000000.3ee66666.00000000 velocity=00000000.00000000.00000000
simulation stage=stack506_1 position=00000000.3fb305bc.00000000 velocity=00000000.00000000.00000000
simulation stage=stack506_2 position=00000000.401638ef.00000000 velocity=00000000.00000000.00000000
simulation stage=stack507_0 position=00000000.3ee66666.00000000 velocity=00000000.00000000.00000000
simulation stage=stack507_1 position=00000000.3fb305bc.00000000 velocity=00000000.00000000.00000000
simulation stage=stack507_2 position=00000000.401638ef.00000000 velocity=00000000.00000000.00000000
simulation stage=stack508_0 position=00000000.3ee66666.00000000 velocity=00000000.00000000.00000000
simulation stage=stack508_1 position=00000000.3fb305bc.00000000 velocity=00000000.00000000.00000000
simulation stage=stack508_2 position=00000000.401638ef.00000000 velocity=00000000.00000000.00000000
simulation stage=stack509_0 position=00000000.3ee66666.00000000 velocity=00000000.00000000.00000000
simulation stage=stack509_1 position=00000000.3fb305bc.00000000 velocity=00000000.00000000.00000000
simulation stage=stack509_2 position=00000000.401638ef.00000000 velocity=00000000.00000000.00000000
simulation stage=stack510_0 position=00000000.3ee66666.00000000 velocity=00000000.00000000.00000000
simulation stage=stack510_1 position=00000000.3fb305bc.00000000 velocity=00000000.00000000.00000000
simulation stage=stack510_2 position=00000000.401638ef.00000000 velocity=00000000.00000000.00000000
simulation stage=stack511_0 position=00000000.3ee66666.00000000 velocity=00000000.00000000.00000000
simulation stage=stack511_1 position=00000000.3fb305bc.00000000 velocity=00000000.00000000.00000000
simulation stage=stack511_2 position=00000000.401638ef.00000000 velocity=00000000.00000000.00000000
simulation stage=stack512_0 position=00000000.3ee66666.00000000 velocity=00000000.00000000.00000000
simulation stage=stack512_1 position=00000000.3fb305bc.00000000 velocity=00000000.00000000.00000000
simulation stage=stack512_2 position=00000000.401638ef.00000000 velocity=00000000.00000000.00000000
simulation stage=stack513_0 position=00000000.3ee66666.00000000 velocity=00000000.00000000.00000000
simulation stage=stack513_1 position=00000000.3fb305bc.00000000 velocity=00000000.00000000.00000000
simulation stage=stack513_2 position=00000000.401638ef.00000000 velocity=00000000.00000000.00000000
simulation stage=stack514_0 position=00000000.3ee66666.00000000 velocity=00000000.00000000.00000000
simulation stage=stack514_1 position=00000000.3fb305bc.00000000 velocity=00000000.00000000.00000000
simulation stage=stack514_2 position=00000000.401638ef.00000000 velocity=00000000.00000000.00000000
simulation stage=stack515_0 position=00000000.3ee66666.00000000 velocity=00000000.00000000.00000000
simulation stage=stack515_1 position=00000000.3fb305bc.00000000 velocity=00000000.00000000.00000000
simulation stage=stack515_2 position=00000000.401638ef.00000000 velocity=00000000.00000000.00000000
simulation stage=stack516_0 position=00000000.3ee66666.00000000 velocity=00000000.00000000.00000000
simulation stage=stack516_1 position=00000000.3fb305bc.00000000 velocity=00000000.00000000.00000000
simulation stage=stack516_2 position=00000000.401638ef.00000000 velocity=00000000.00000000.00000000
simulation stage=stack517_0 position=00000000.3ee66666.00000000 velocity=00000000.00000000.00000000
simulation stage=stack517_1 position=00000000.3fb305bc.00000000 velocity=00000000.00000000.00000000
simulation stage=stack517_2 position=00000000.401638ef.00000000 velocity=00000000.00000000.00000000
simulation stage=stack518_0 position=00000000.3ee66666.00000000 velocity=00000000.00000000.00000000
simulation stage=stack518_1 position=00000000.3fb305bc.00000000 velocity=00000000.00000000.00000000
simulation stage=stack518_2 position=00000000.401638ef.00000000 velocity=00000000.00000000.00000000
simulation stage=stack519_0 position=00000000.3ee66666.00000000 velocity=00000000.00000000.00000000
simulation stage=stack519_1 position=00000000.3fb305bc.00000000 velocity=00000000.00000000.00000000
simulation stage=stack519_2 position=00000000.401638ef.00000000 velocity=00000000.00000000.00000000
simulation stage=stack520_0 position=00000000.3ee66666.00000000 velocity=00000000.00000000.00000000
simulation stage=stack520_1 position=00000000.3fb305bc.00000000 velocity=00000000.00000000.00000000
simulation stage=stack520_2 position=00000000.401638ef.00000000 velocity=00000000.00000000.00000000
simulation stage=stack521_0 position=00000000.3ee66666.00000000 velocity=00000000.00000000.00000000
simulation stage=stack521_1 position=00000000.3fb305bc.00000000 velocity=00000000.00000000.00000000
simulation stage=stack521_2 position=00000000.401638ef.00000000 velocity=00000000.00000000.00000000
simulation stage=stack522_0 position=00000000.3ee66666.00000000 velocity=00000000.00000000.00000000
simulation stage=stack522_1 position=00000000.3fb305bc.00000000 velocity=00000000.00000000.00000000
simulation stage=stack522_2 position=00000000.401638ef.00000000 velocity=00000000.00000000.00000000
simulation stage=stack523_0 position=00000000.3ee66666.00000000 velocity=00000000.00000000.00000000
simulation stage=stack523_1 position=00000000.3fb305bc.00000000 velocity=00000000.00000000.00000000
simulation stage=stack523_2 position=00000000.401638ef.00000000 velocity=00000000.00000000.00000000
simulation stage=stack524_0 position=00000000.3ee66666.00000000 velocity=00000000.00000000.00000000
simulation stage=stack524_1 position=00000000.3fb305bc.00000000 velocity=00000000.00000000.00000000
simulation stage=stack524_2 position=00000000.401638ef.00000000 velocity=00000000.00000000.00000000
simulation stage=stack525_0 position=00000000.3ee66666.00000000 velocity=00000000.00000000.00000000
simulation stage=stack525_1 position=00000000.3fb305bc.00000000 velocity=00000000.00000000.00000000
simulation stage=stack525_2 position=00000000.401638ef.00000000 velocity=00000000.00000000.00000000
simulation stage=stack526_0 position=00000000.3ee66666.00000000 velocity=00000000.00000000.00000000
simulation stage=stack526_1 position=00000000.3fb305bc.00000000 velocity=00000000.00000000.00000000
simulation stage=stack526_2 position=00000000.401638ef.00000000 velocity=00000000.00000000.00000000
simulation stage=stack527_0 position=00000000.3ee66666.00000000 velocity=00000000.00000000.00000000
simulation stage=stack527_1 position=00000000.3fb305bc.00000000 velocity=00000000.00000000.00000000
simulation stage=stack527_2 position=00000000.401638ef.00000000 velocity=00000000.00000000.00000000
simulation stage=stack528_0 position=00000000.3ee66666.00000000 velocity=00000000.00000000.00000000
simulation stage=stack528_1 position=00000000.3fb305bc.00000000 velocity=00000000.00000000.00000000
simulation stage=stack528_2 position=00000000.401638ef.00000000 velocity=00000000.00000000.00000000
simulation stage=stack529_0 position=00000000.3ee66666.00000000 velocity=00000000.00000000.00000000
simulation stage=stack529_1 position=00000000.3fb305bc.00000000 velocity=00000000.00000000.00000000
simulation stage=stack529_2 position=00000000.401638ef.00000000 velocity=00000000.00000000.00000000
simulation stage=stack530_0 position=00000000.3ee66666.00000000 velocity=00000000.00000000.00000000
simulation stage=stack530_1 position=00000000.3fb305bc.00000000 velocity=00000000.00000000.00000000
simulation stage=stack530_2 position=00000000.401638ef.00000000 velocity=00000000.00000000.00000000
simulation stage=stack531_0 position=00000000.3ee66666.00000000 velocity=00000000.00000000.00000000
simulation stage=stack531_1 position=00000000.3fb305bc.00000000 velocity=00000000.00000000.00000000
simulation stage=stack531_2 position=00000000.401638ef.00000000 velocity=00000000.00000000.00000000
simulation stage=stack532_0 position=00000000.3ee66666.00000000 velocity=00000000.00000000.00000000
simulation stage=stack532_1 position=00000000.3fb305bc.00000000 velocity=00000000.00000000.00000000
simulation stage=stack532_2 position=00000000.401638ef.00000000 velocity=00000000.00000000.00000000
simulation stage=stack533_0 position=00000000.3ee66666.00000000 velocity=00000000.00000000.00000000
simulation stage=stack533_1 position=00000000.3fb305bc.00000000 velocity=00000000.00000000.00000000
simulation stage=stack533_2 position=00000000.401638ef.00000000 velocity=00000000.00000000.00000000
simulation stage=stack534_0 position=00000000.3ee66666.00000000 velocity=00000000.00000000.00000000
simulation stage=stack534_1 position=00000000.3fb305bc.00000000 velocity=00000000.00000000.00000000
simulation stage=stack534_2 position=00000000.401638ef.00000000 velocity=00000000.00000000.00000000
simulation stage=stack535_0 position=00000000.3ee66666.00000000 velocity=00000000.00000000.00000000
simulation stage=stack535_1 position=00000000.3fb305bc.00000000 velocity=00000000.00000000.00000000
simulation stage=stack535_2 position=00000000.401638ef.00000000 velocity=00000000.00000000.00000000
simulation stage=stack536_0 position=00000000.3ee66666.00000000 velocity=00000000.00000000.00000000
simulation stage=stack536_1 position=00000000.3fb305bc.00000000 velocity=00000000.00000000.00000000
simulation stage=stack536_2 position=00000000.401638ef.00000000 velocity=00000000.00000000.00000000
simulation stage=stack537_0 position=00000000.3ee66666.00000000 velocity=00000000.00000000.00000000
simulation stage=stack537_1 position=00000000.3fb305bc.00000000 velocity=00000000.00000000.00000000
simulation stage=stack537_2 position=00000000.401638ef.00000000 velocity=00000000.00000000.00000000
simulation stage=stack538_0 position=00000000.3ee66666.00000000 velocity=00000000.00000000.00000000
simulation stage=stack538_1 position=00000000.3fb305bc.00000000 velocity=00000000.00000000.00000000
simulation stage=stack538_2 position=00000000.401638ef.00000000 velocity=00000000.00000000.00000000
simulation stage=stack539_0 position=00000000.3ee66666.00000000 velocity=00000000.00000000.00000000
simulation stage=stack539_1 position=00000000.3fb305bc.00000000 velocity=00000000.00000000.00000000
simulation stage=stack539_2 position=00000000.401638ef.00000000 velocity=00000000.00000000.00000000
simulation stage=stack540_0 position=00000000.3ee66666.00000000 velocity=00000000.00000000.00000000
simulation stage=stack540_1 position=00000000.3fb305bc.00000000 velocity=00000000.00000000.00000000
simulation stage=stack540_2 position=00000000.401638ef.00000000 velocity=00000000.00000000.00000000
simulation stage=stack541_0 position=00000000.3ee66666.00000000 velocity=00000000.00000000.00000000
simulation stage=stack541_1 position=00000000.3fb305bc.00000000 velocity=00000000.00000000.00000000
simulation stage=stack541_2 position=00000000.401638ef.00000000 velocity=00000000.00000000.00000000
simulation stage=stack542_0 position=00000000.3ee66666.00000000 velocity=00000000.00000000.00000000
simulation stage=stack542_1 position=00000000.3fb305bc.00000000 velocity=00000000.00000000.00000000
simulation stage=stack542_2 position=00000000.401638ef.00000000 velocity=00000000.00000000.00000000
simulation stage=stack543_0 position=00000000.3ee66666.00000000 velocity=00000000.00000000.00000000
simulation stage=stack543_1 position=00000000.3fb305bc.00000000 velocity=00000000.00000000.00000000
simulation stage=stack543_2 position=00000000.401638ef.00000000 velocity=00000000.00000000.00000000
simulation stage=stack544_0 position=00000000.3ee66666.00000000 velocity=00000000.00000000.00000000
simulation stage=stack544_1 position=00000000.3fb305bc.00000000 velocity=00000000.00000000.00000000
simulation stage=stack544_2 position=00000000.401638ef.00000000 velocity=00000000.00000000.00000000
simulation stage=stack545_0 position=00000000.3ee66666.00000000 velocity=00000000.00000000.00000000
simulation stage=stack545_1 position=00000000.3fb305bc.00000000 velocity=00000000.00000000.00000000
simulation stage=stack545_2 position=00000000.401638ef.00000000 velocity=00000000.00000000.00000000
simulation stage=stack546_0 position=00000000.3ee66666.00000000 velocity=00000000.00000000.00000000
simulation stage=stack546_1 position=00000000.3fb305bc.00000000 velocity=00000000.00000000.00000000
simulation stage=stack546_2 position=00000000.401638ef.00000000 velocity=00000000.00000000.00000000
simulation stage=stack547_0 position=00000000.3ee66666.00000000 velocity=00000000.00000000.00000000
simulation stage=stack547_1 position=00000000.3fb305bc.00000000 velocity=00000000.00000000.00000000
simulation stage=stack547_2 position=00000000.401638ef.00000000 velocity=00000000.00000000.00000000
simulation stage=stack548_0 position=00000000.3ee66666.00000000 velocity=00000000.00000000.00000000
simulation stage=stack548_1 position=00000000.3fb305bc.00000000 velocity=00000000.00000000.00000000
simulation stage=stack548_2 position=00000000.401638ef.00000000 velocity=00000000.00000000.00000000
simulation stage=stack549_0 position=00000000.3ee66666.00000000 velocity=00000000.00000000.00000000
simulation stage=stack549_1 position=00000000.3fb305bc.00000000 velocity=00000000.00000000.00000000
simulation stage=stack549_2 position=00000000.401638ef.00000000 velocity=00000000.00000000.00000000
simulation stage=stack550_0 position=00000000.3ee66666.00000000 velocity=00000000.00000000.00000000
simulation stage=stack550_1 position=00000000.3fb305bc.00000000 velocity=00000000.00000000.00000000
simulation stage=stack550_2 position=00000000.401638ef.00000000 velocity=00000000.00000000.00000000
simulation stage=stack551_0 position=00000000.3ee66666.00000000 velocity=00000000.00000000.00000000
simulation stage=stack551_1 position=00000000.3fb305bc.00000000 velocity=00000000.00000000.00000000
simulation stage=stack551_2 position=00000000.401638ef.00000000 velocity=00000000.00000000.00000000
simulation stage=stack552_0 position=00000000.3ee66666.00000000 velocity=00000000.00000000.00000000
simulation stage=stack552_1 position=00000000.3fb305bc.00000000 velocity=00000000.00000000.00000000
simulation stage=stack552_2 position=00000000.401638ef.00000000 velocity=00000000.00000000.00000000
simulation stage=stack553_0 position=00000000.3ee66666.00000000 velocity=00000000.00000000.00000000
simulation stage=stack553_1 position=00000000.3fb305bc.00000000 velocity=00000000.00000000.00000000
simulation stage=stack553_2 position=00000000.401638ef.00000000 velocity=00000000.00000000.00000000
simulation stage=stack554_0 position=00000000.3ee66666.00000000 velocity=00000000.00000000.00000000
simulation stage=stack554_1 position=00000000.3fb305bc.00000000 velocity=00000000.00000000.00000000
simulation stage=stack554_2 position=00000000.401638ef.00000000 velocity=00000000.00000000.00000000
simulation stage=stack555_0 position=00000000.3ee66666.00000000 velocity=00000000.00000000.00000000
simulation stage=stack555_1 position=00000000.3fb305bc.00000000 velocity=00000000.00000000.00000000
simulation stage=stack555_2 position=00000000.401638ef.00000000 velocity=00000000.00000000.00000000
simulation stage=stack556_0 position=00000000.3ee66666.00000000 velocity=00000000.00000000.00000000
simulation stage=stack556_1 position=00000000.3fb305bc.00000000 velocity=00000000.00000000.00000000
simulation stage=stack556_2 position=00000000.401638ef.00000000 velocity=00000000.00000000.00000000
simulation stage=stack557_0 position=00000000.3ee66666.00000000 velocity=00000000.00000000.00000000
simulation stage=stack557_1 position=00000000.3fb305bc.00000000 velocity=00000000.00000000.00000000
simulation stage=stack557_2 position=00000000.401638ef.00000000 velocity=00000000.00000000.00000000
simulation stage=stack558_0 position=00000000.3ee66666.00000000 velocity=00000000.00000000.00000000
simulation stage=stack558_1 position=00000000.3fb305bc.00000000 velocity=00000000.00000000.00000000
simulation stage=stack558_2 position=00000000.401638ef.00000000 velocity=00000000.00000000.00000000
simulation stage=stack559_0 position=00000000.3ee66666.00000000 velocity=00000000.00000000.00000000
simulation stage=stack559_1 position=00000000.3fb305bc.00000000 velocity=00000000.00000000.00000000
simulation stage=stack559_2 position=00000000.401638ef.00000000 velocity=00000000.00000000.00000000
simulation stage=stack560_0 position=00000000.3ee66666.00000000 velocity=00000000.00000000.00000000
simulation stage=stack560_1 position=00000000.3fb305bc.00000000 velocity=00000000.00000000.00000000
simulation stage=stack560_2 position=00000000.401638ef.00000000 velocity=00000000.00000000.00000000
simulation stage=stack561_0 position=00000000.3ee66666.00000000 velocity=00000000.00000000.00000000
simulation stage=stack561_1 position=00000000.3fb305bc.00000000 velocity=00000000.00000000.00000000
simulation stage=stack561_2 position=00000000.401638ef.00000000 velocity=00000000.00000000.00000000
simulation stage=stack562_0 position=00000000.3ee66666.00000000 velocity=00000000.00000000.00000000
simulation stage=stack562_1 position=00000000.3fb305bc.00000000 velocity=00000000.00000000.00000000
simulation stage=stack562_2 position=00000000.401638ef.00000000 velocity=00000000.00000000.00000000
simulation stage=stack563_0 position=00000000.3ee66666.00000000 velocity=00000000.00000000.00000000
simulation stage=stack563_1 position=00000000.3fb305bc.00000000 velocity=00000000.00000000.00000000
simulation stage=stack563_2 position=00000000.401638ef.00000000 velocity=00000000.00000000.00000000
simulation stage=stack564_0 position=00000000.3ee66666.00000000 velocity=00000000.00000000.00000000
simulation stage=stack564_1 position=00000000.3fb305bc.00000000 velocity=00000000.00000000.00000000
simulation stage=stack564_2 position=00000000.401638ef.00000000 velocity=00000000.00000000.00000000
simulation stage=stack565_0 position=00000000.3ee66666.00000000 velocity=00000000.00000000.00000000
simulation stage=stack565_1 position=00000000.3fb305bc.00000000 velocity=00000000.00000000.00000000
simulation stage=stack565_2 position=00000000.401638ef.00000000 velocity=00000000.00000000.00000000
simulation stage=stack566_0 position=00000000.3ee66666.00000000 velocity=00000000.00000000.00000000
simulation stage=stack566_1 position=00000000.3fb305bc.00000000 velocity=00000000.00000000.00000000
simulation stage=stack566_2 position=00000000.401638ef.00000000 velocity=00000000.00000000.00000000
simulation stage=stack567_0 position=00000000.3ee66666.00000000 velocity=00000000.00000000.00000000
simulation stage=stack567_1 position=00000000.3fb305bc.00000000 velocity=00000000.00000000.00000000
simulation stage=stack567_2 position=00000000.401638ef.00000000 velocity=00000000.00000000.00000000
simulation stage=stack568_0 position=00000000.3ee66666.00000000 velocity=00000000.00000000.00000000
simulation stage=stack568_1 position=00000000.3fb305bc.00000000 velocity=00000000.00000000.00000000
simulation stage=stack568_2 position=00000000.401638ef.00000000 velocity=00000000.00000000.00000000
simulation stage=stack569_0 position=00000000.3ee66666.00000000 velocity=00000000.00000000.00000000
simulation stage=stack569_1 position=00000000.3fb305bc.00000000 velocity=00000000.00000000.00000000
simulation stage=stack569_2 position=00000000.401638ef.00000000 velocity=00000000.00000000.00000000
simulation stage=stack570_0 position=00000000.3ee66666.00000000 velocity=00000000.00000000.00000000
simulation stage=stack570_1 position=00000000.3fb305bc.00000000 velocity=00000000.00000000.00000000
simulation stage=stack570_2 position=00000000.401638ef.00000000 velocity=00000000.00000000.00000000
simulation stage=stack571_0 position=00000000.3ee66666.00000000 velocity=00000000.00000000.00000000
simulation stage=stack571_1 position=00000000.3fb305bc.00000000 velocity=00000000.00000000.00000000
simulation stage=stack571_2 position=00000000.401638ef.00000000 velocity=00000000.00000000.00000000
simulation stage=stack572_0 position=00000000.3ee66666.00000000 velocity=00000000.00000000.00000000
simulation stage=stack572_1 position=00000000.3fb305bc.00000000 velocity=00000000.00000000.00000000
simulation stage=stack572_2 position=00000000.401638ef.00000000 velocity=00000000.00000000.00000000
simulation stage=stack573_0 position=00000000.3ee66666.00000000 velocity=00000000.00000000.00000000
simulation stage=stack573_1 position=00000000.3fb305bc.00000000 velocity=00000000.00000000.00000000
simulation stage=stack573_2 position=00000000.401638ef.00000000 velocity=00000000.00000000.00000000
simulation stage=stack574_0 position=00000000.3ee66666.00000000 velocity=00000000.00000000.00000000
simulation stage=stack574_1 position=00000000.3fb305bc.00000000 velocity=00000000.00000000.00000000
simulation stage=stack574_2 position=00000000.401638ef.00000000 velocity=00000000.00000000.00000000
simulation stage=stack575_0 position=00000000.3ee66666.00000000 velocity=00000000.00000000.00000000
simulation stage=stack575_1 position=00000000.3fb305bc.00000000 velocity=00000000.00000000.00000000
simulation stage=stack575_2 position=00000000.401638ef.00000000 velocity=00000000.00000000.00000000
simulation stage=stack576_0 position=00000000.3ee66666.00000000 velocity=00000000.00000000.00000000
simulation stage=stack576_1 position=00000000.3fb305bc.00000000 velocity=00000000.00000000.00000000
simulation stage=stack576_2 position=00000000.401638ef.00000000 velocity=00000000.00000000.00000000
simulation stage=stack577_0 position=00000000.3ee66666.00000000 velocity=00000000.00000000.00000000
simulation stage=stack577_1 position=00000000.3fb305bc.00000000 velocity=00000000.00000000.00000000
simulation stage=stack577_2 position=00000000.401638ef.00000000 velocity=00000000.00000000.00000000
simulation stage=stack578_0 position=00000000.3ee66666.00000000 velocity=00000000.00000000.00000000
simulation stage=stack578_1 position=00000000.3fb305bc.00000000 velocity=00000000.00000000.00000000
simulation stage=stack578_2 position=00000000.401638ef.00000000 velocity=00000000.00000000.00000000
simulation stage=stack579_0 position=00000000.3ee66666.00000000 velocity=00000000.00000000.00000000
simulation stage=stack579_1 position=00000000.3fb305bc.00000000 velocity=00000000.00000000.00000000
simulation stage=stack579_2 position=00000000.401638ef.00000000 velocity=00000000.00000000.00000000
simulation stage=stack580_0 position=00000000.3ee66666.00000000 velocity=00000000.00000000.00000000
simulation stage=stack580_1 position=00000000.3fb305bc.00000000 velocity=00000000.00000000.00000000
simulation stage=stack580_2 position=00000000.401638ef.00000000 velocity=00000000.00000000.00000000
simulation stage=stack581_0 position=00000000.3ee66666.00000000 velocity=00000000.00000000.00000000
simulation stage=stack581_1 position=00000000.3fb305bc.00000000 velocity=00000000.00000000.00000000
simulation stage=stack581_2 position=00000000.401638ef.00000000 velocity=00000000.00000000.00000000
simulation stage=stack582_0 position=00000000.3ee66666.00000000 velocity=00000000.00000000.00000000
simulation stage=stack582_1 position=00000000.3fb305bc.00000000 velocity=00000000.00000000.00000000
simulation stage=stack582_2 position=00000000.401638ef.00000000 velocity=00000000.00000000.00000000
simulation stage=stack583_0 position=00000000.3ee66666.00000000 velocity=00000000.00000000.00000000
simulation stage=stack583_1 position=00000000.3fb305bc.00000000 velocity=00000000.00000000.00000000
simulation stage=stack583_2 position=00000000.401638ef.00000000 velocity=00000000.00000000.00000000
simulation stage=stack584_0 position=00000000.3ee66666.00000000 velocity=00000000.00000000.00000000
simulation stage=stack584_1 position=00000000.3fb305bc.00000000 velocity=00000000.00000000.00000000
simulation stage=stack584_2 position=00000000.401638ef.00000000 velocity=00000000.00000000.00000000
simulation stage=stack585_0 position=00000000.3ee66666.00000000 velocity=00000000.00000000.00000000
simulation stage=stack585_1 position=00000000.3fb305bc.00000000 velocity=00000000.00000000.00000000
simulation stage=stack585_2 position=00000000.401638ef.00000000 velocity=00000000.00000000.00000000
simulation stage=stack586_0 position=00000000.3ee66666.00000000 velocity=00000000.00000000.00000000
simulation stage=stack586_1 position=00000000.3fb305bc.00000000 velocity=00000000.00000000.00000000
simulation stage=stack586_2 position=00000000.401638ef.00000000 velocity=00000000.00000000.00000000
simulation stage=stack587_0 position=00000000.3ee66666.00000000 velocity=00000000.00000000.00000000
simulation stage=stack587_1 position=00000000.3fb305bc.00000000 velocity=00000000.00000000.00000000
simulation stage=stack587_2 position=00000000.401638ef.00000000 velocity=00000000.00000000.00000000
simulation stage=stack588_0 position=00000000.3ee66666.00000000 velocity=00000000.00000000.00000000
simulation stage=stack588_1 position=00000000.3fb305bc.00000000 velocity=00000000.00000000.00000000
simulation stage=stack588_2 position=00000000.401638ef.00000000 velocity=00000000.00000000.00000000
simulation stage=stack589_0 position=00000000.3ee66666.00000000 velocity=00000000.00000000.00000000
simulation stage=stack589_1 position=00000000.3fb305bc.00000000 velocity=00000000.00000000.00000000
simulation stage=stack589_2 position=00000000.401638ef.00000000 velocity=00000000.00000000.00000000
simulation stage=stack590_0 position=00000000.3ee66666.00000000 velocity=00000000.00000000.00000000
simulation stage=stack590_1 position=00000000.3fb305bc.00000000 velocity=00000000.00000000.00000000
simulation stage=stack590_2 position=00000000.401638ef.00000000 velocity=00000000.00000000.00000000
simulation stage=stack591_0 position=00000000.3ee66666.00000000 velocity=00000000.00000000.00000000
simulation stage=stack591_1 position=00000000.3fb305bc.00000000 velocity=00000000.00000000.00000000
simulation stage=stack591_2 position=00000000.401638ef.00000000 velocity=00000000.00000000.00000000
simulation stage=stack592_0 position=00000000.3ee66666.00000000 velocity=00000000.00000000.00000000
simulation stage=stack592_1 position=00000000.3fb305bc.00000000 velocity=00000000.00000000.00000000
simulation stage=stack592_2 position=00000000.401638ef.00000000 velocity=00000000.00000000.00000000
simulation stage=stack593_0 position=00000000.3ee66666.00000000 velocity=00000000.00000000.00000000
simulation stage=stack593_1 position=00000000.3fb305bc.00000000 velocity=00000000.00000000.00000000
simulation stage=stack593_2 position=00000000.401638ef.00000000 velocity=00000000.00000000.00000000
simulation stage=stack594_0 position=00000000.3ee66666.00000000 velocity=00000000.00000000.00000000
simulation stage=stack594_1 position=00000000.3fb305bc.00000000 velocity=00000000.00000000.00000000
simulation stage=stack594_2 position=00000000.401638ef.00000000 velocity=00000000.00000000.00000000
simulation stage=stack595_0 position=00000000.3ee66666.00000000 velocity=00000000.00000000.00000000
simulation stage=stack595_1 position=00000000.3fb305bc.00000000 velocity=00000000.00000000.00000000
simulation stage=stack595_2 position=00000000.401638ef.00000000 velocity=00000000.00000000.00000000
simulation stage=stack596_0 position=00000000.3ee66666.00000000 velocity=00000000.00000000.00000000
simulation stage=stack596_1 position=00000000.3fb305bc.00000000 velocity=00000000.00000000.00000000
simulation stage=stack596_2 position=00000000.401638ef.00000000 velocity=00000000.00000000.00000000
simulation stage=stack597_0 position=00000000.3ee66666.00000000 velocity=00000000.00000000.00000000
simulation stage=stack597_1 position=00000000.3fb305bc.00000000 velocity=00000000.00000000.00000000
simulation stage=stack597_2 position=00000000.401638ef.00000000 velocity=00000000.00000000.00000000
simulation stage=stack598_0 position=00000000.3ee66666.00000000 velocity=00000000.00000000.00000000
simulation stage=stack598_1 position=00000000.3fb305bc.00000000 velocity=00000000.00000000.00000000
simulation stage=stack598_2 position=00000000.401638ef.00000000 velocity=00000000.00000000.00000000
simulation stage=stack599_0 position=00000000.3ee66666.00000000 velocity=00000000.00000000.00000000
simulation stage=stack599_1 position=00000000.3fb305bc.00000000 velocity=00000000.00000000.00000000
simulation stage=stack599_2 position=00000000.401638ef.00000000 velocity=00000000.00000000.00000000
simulation stage=stack600_0 position=00000000.3ee66666.00000000 velocity=00000000.00000000.00000000
simulation stage=stack600_1 position=00000000.3fb305bc.00000000 velocity=00000000.00000000.00000000
simulation stage=stack600_2 position=00000000.401638ef.00000000 velocity=00000000.00000000.00000000
simulation stage=stack601_0 position=00000000.3ee66666.00000000 velocity=00000000.00000000.00000000
simulation stage=stack601_1 position=00000000.3fb305bc.00000000 velocity=00000000.00000000.00000000
simulation stage=stack601_2 position=00000000.401638ef.00000000 velocity=00000000.00000000.00000000
simulation stage=stack602_0 position=00000000.3ee66666.00000000 velocity=00000000.00000000.00000000
simulation stage=stack602_1 position=00000000.3fb305bc.00000000 velocity=00000000.00000000.00000000
simulation stage=stack602_2 position=00000000.401638ef.00000000 velocity=00000000.00000000.00000000
simulation stage=stack603_0 position=00000000.3ee66666.00000000 velocity=00000000.00000000.00000000
simulation stage=stack603_1 position=00000000.3fb305bc.00000000 velocity=00000000.00000000.00000000
simulation stage=stack603_2 position=00000000.401638ef.00000000 velocity=00000000.00000000.00000000
simulation stage=stack604_0 position=00000000.3ee66666.00000000 velocity=00000000.00000000.00000000
simulation stage=stack604_1 position=00000000.3fb305bc.00000000 velocity=00000000.00000000.00000000
simulation stage=stack604_2 position=00000000.401638ef.00000000 velocity=00000000.00000000.00000000
simulation stage=stack605_0 position=00000000.3ee66666.00000000 velocity=00000000.00000000.00000000
simulation stage=stack605_1 position=00000000.3fb305bc.00000000 velocity=00000000.00000000.00000000
simulation stage=stack605_2 position=00000000.401638ef.00000000 velocity=00000000.00000000.00000000
simulation stage=stack606_0 position=00000000.3ee66666.00000000 velocity=00000000.00000000.00000000
simulation stage=stack606_1 position=00000000.3fb305bc.00000000 velocity=00000000.00000000.00000000
simulation stage=stack606_2 position=00000000.401638ef.00000000 velocity=00000000.00000000.00000000
simulation stage=stack607_0 position=00000000.3ee66666.00000000 velocity=00000000.00000000.00000000
simulation stage=stack607_1 position=00000000.3fb305bc.00000000 velocity=00000000.00000000.00000000
simulation stage=stack607_2 position=00000000.401638ef.00000000 velocity=00000000.00000000.00000000
simulation stage=stack608_0 position=00000000.3ee66666.00000000 velocity=00000000.00000000.00000000
simulation stage=stack608_1 position=00000000.3fb305bc.00000000 velocity=00000000.00000000.00000000
simulation stage=stack608_2 position=00000000.401638ef.00000000 velocity=00000000.00000000.00000000
simulation stage=stack609_0 position=00000000.3ee66666.00000000 velocity=00000000.00000000.00000000
simulation stage=stack609_1 position=00000000.3fb305bc.00000000 velocity=00000000.00000000.00000000
simulation stage=stack609_2 position=00000000.401638ef.00000000 velocity=00000000.00000000.00000000
simulation stage=stack610_0 position=00000000.3ee66666.00000000 velocity=00000000.00000000.00000000
simulation stage=stack610_1 position=00000000.3fb305bc.00000000 velocity=00000000.00000000.00000000
simulation stage=stack610_2 position=00000000.401638ef.00000000 velocity=00000000.00000000.00000000
simulation stage=stack611_0 position=00000000.3ee66666.00000000 velocity=00000000.00000000.00000000
simulation stage=stack611_1 position=00000000.3fb305bc.00000000 velocity=00000000.00000000.00000000
simulation stage=stack611_2 position=00000000.401638ef.00000000 velocity=00000000.00000000.00000000
simulation stage=stack612_0 position=00000000.3ee66666.00000000 velocity=00000000.00000000.00000000
simulation stage=stack612_1 position=00000000.3fb305bc.00000000 velocity=00000000.00000000.00000000
simulation stage=stack612_2 position=00000000.401638ef.00000000 velocity=00000000.00000000.00000000
simulation stage=stack613_0 position=00000000.3ee66666.00000000 velocity=00000000.00000000.00000000
simulation stage=stack613_1 position=00000000.3fb305bc.00000000 velocity=00000000.00000000.00000000
simulation stage=stack613_2 position=00000000.401638ef.00000000 velocity=00000000.00000000.00000000
simulation stage=stack614_0 position=00000000.3ee66666.00000000 velocity=00000000.00000000.00000000
simulation stage=stack614_1 position=00000000.3fb305bc.00000000 velocity=00000000.00000000.00000000
simulation stage=stack614_2 position=00000000.401638ef.00000000 velocity=00000000.00000000.00000000
simulation stage=stack615_0 position=00000000.3ee66666.00000000 velocity=00000000.00000000.00000000
simulation stage=stack615_1 position=00000000.3fb305bc.00000000 velocity=00000000.00000000.00000000
simulation stage=stack615_2 position=00000000.401638ef.00000000 velocity=00000000.00000000.00000000
simulation stage=stack616_0 position=00000000.3ee66666.00000000 velocity=00000000.00000000.00000000
simulation stage=stack616_1 position=00000000.3fb305bc.00000000 velocity=00000000.00000000.00000000
simulation stage=stack616_2 position=00000000.401638ef.00000000 velocity=00000000.00000000.00000000
simulation stage=stack617_0 position=00000000.3ee66666.00000000 velocity=00000000.00000000.00000000
simulation stage=stack617_1 position=00000000.3fb305bc.00000000 velocity=00000000.00000000.00000000
simulation stage=stack617_2 position=00000000.401638ef.00000000 velocity=00000000.00000000.00000000
simulation stage=stack618_0 position=00000000.3ee66666.00000000 velocity=00000000.00000000.00000000
simulation stage=stack618_1 position=00000000.3fb305bc.00000000 velocity=00000000.00000000.00000000
simulation stage=stack618_2 position=00000000.401638ef.00000000 velocity=00000000.00000000.00000000
simulation stage=stack619_0 position=00000000.3ee66666.00000000 velocity=00000000.00000000.00000000
simulation stage=stack619_1 position=00000000.3fb305bc.00000000 velocity=00000000.00000000.00000000
simulation stage=stack619_2 position=00000000.401638ef.00000000 velocity=00000000.00000000.00000000
simulation stage=stack620_0 position=00000000.3ee66666.00000000 velocity=00000000.00000000.00000000
simulation stage=stack620_1 position=00000000.3fb305bc.00000000 velocity=00000000.00000000.00000000
simulation stage=stack620_2 position=00000000.401638ef.00000000 velocity=00000000.00000000.00000000
simulation stage=stack621_0 position=00000000.3ee66666.00000000 velocity=00000000.00000000.00000000
simulation stage=stack621_1 position=00000000.3fb305bc.00000000 velocity=00000000.00000000.00000000
simulation stage=stack621_2 position=00000000.401638ef.00000000 velocity=00000000.00000000.00000000
simulation stage=stack622_0 position=00000000.3ee66666.00000000 velocity=00000000.00000000.00000000
simulation stage=stack622_1 position=00000000.3fb305bc.00000000 velocity=00000000.00000000.00000000
simulation stage=stack622_2 position=00000000.401638ef.00000000 velocity=00000000.00000000.00000000
simulation stage=stack623_0 position=00000000.3ee66666.00000000 velocity=00000000.00000000.00000000
simulation stage=stack623_1 position=00000000.3fb305bc.00000000 velocity=00000000.00000000.00000000
simulation stage=stack623_2 position=00000000.401638ef.00000000 velocity=00000000.00000000.00000000
simulation stage=stack624_0 position=00000000.3ee66666.00000000 velocity=00000000.00000000.00000000
simulation stage=stack624_1 position=00000000.3fb305bc.00000000 velocity=00000000.00000000.00000000
simulation stage=stack624_2 position=00000000.401638ef.00000000 velocity=00000000.00000000.00000000
simulation stage=stack625_0 position=00000000.3ee66666.00000000 velocity=00000000.00000000.00000000
simulation stage=stack625_1 position=00000000.3fb305bc.00000000 velocity=00000000.00000000.00000000
simulation stage=stack625_2 position=00000000.401638ef.00000000 velocity=00000000.00000000.00000000
simulation stage=stack626_0 position=00000000.3ee66666.00000000 velocity=00000000.00000000.00000000
simulation stage=stack626_1 position=00000000.3fb305bc.00000000 velocity=00000000.00000000.00000000
simulation stage=stack626_2 position=00000000.401638ef.00000000 velocity=00000000.00000000.00000000
simulation stage=stack627_0 position=00000000.3ee66666.00000000 velocity=00000000.00000000.00000000
simulation stage=stack627_1 position=00000000.3fb305bc.00000000 velocity=00000000.00000000.00000000
simulation stage=stack627_2 position=00000000.401638ef.00000000 velocity=00000000.00000000.00000000
simulation stage=stack628_0 position=00000000.3ee66666.00000000 velocity=00000000.00000000.00000000
simulation stage=stack628_1 position=00000000.3fb305bc.00000000 velocity=00000000.00000000.00000000
simulation stage=stack628_2 position=00000000.401638ef.00000000 velocity=00000000.00000000.00000000
simulation stage=stack629_0 position=00000000.3ee66666.00000000 velocity=00000000.00000000.00000000
simulation stage=stack629_1 position=00000000.3fb305bc.00000000 velocity=00000000.00000000.00000000
simulation stage=stack629_2 position=00000000.401638ef.00000000 velocity=00000000.00000000.00000000
simulation stage=stack630_0 position=00000000.3ee66666.00000000 velocity=00000000.00000000.00000000
simulation stage=stack630_1 position=00000000.3fb305bc.00000000 velocity=00000000.00000000.00000000
simulation stage=stack630_2 position=00000000.401638ef.00000000 velocity=00000000.00000000.00000000
simulation stage=stack631_0 position=00000000.3ee66666.00000000 velocity=00000000.00000000.00000000
simulation stage=stack631_1 position=00000000.3fb305bc.00000000 velocity=00000000.00000000.00000000
simulation stage=stack631_2 position=00000000.401638ef.00000000 velocity=00000000.00000000.00000000
simulation stage=stack632_0 position=00000000.3ee66666.00000000 velocity=00000000.00000000.00000000
simulation stage=stack632_1 position=00000000.3fb305bc.00000000 velocity=00000000.00000000.00000000
simulation stage=stack632_2 position=00000000.401638ef.00000000 velocity=00000000.00000000.00000000
simulation stage=stack633_0 position=00000000.3ee66666.00000000 velocity=00000000.00000000.00000000
simulation stage=stack633_1 position=00000000.3fb305bc.00000000 velocity=00000000.00000000.00000000
simulation stage=stack633_2 position=00000000.401638ef.00000000 velocity=00000000.00000000.00000000
simulation stage=stack634_0 position=00000000.3ee66666.00000000 velocity=00000000.00000000.00000000
simulation stage=stack634_1 position=00000000.3fb305bc.00000000 velocity=00000000.00000000.00000000
simulation stage=stack634_2 position=00000000.401638ef.00000000 velocity=00000000.00000000.00000000
simulation stage=stack635_0 position=00000000.3ee66666.00000000 velocity=00000000.00000000.00000000
simulation stage=stack635_1 position=00000000.3fb305bc.00000000 velocity=00000000.00000000.00000000
simulation stage=stack635_2 position=00000000.401638ef.00000000 velocity=00000000.00000000.00000000
simulation stage=stack636_0 position=00000000.3ee66666.00000000 velocity=00000000.00000000.00000000
simulation stage=stack636_1 position=00000000.3fb305bc.00000000 velocity=00000000.00000000.00000000
simulation stage=stack636_2 position=00000000.401638ef.00000000 velocity=00000000.00000000.00000000
simulation stage=stack637_0 position=00000000.3ee66666.00000000 velocity=00000000.00000000.00000000
simulation stage=stack637_1 position=00000000.3fb305bc.00000000 velocity=00000000.00000000.00000000
simulation stage=stack637_2 position=00000000.401638ef.00000000 velocity=00000000.00000000.00000000
simulation stage=stack638_0 position=00000000.3ee66666.00000000 velocity=00000000.00000000.00000000
simulation stage=stack638_1 position=00000000.3fb305bc.00000000 velocity=00000000.00000000.00000000
simulation stage=stack638_2 position=00000000.401638ef.00000000 velocity=00000000.00000000.00000000
simulation stage=stack639_0 position=00000000.3ee66666.00000000 velocity=00000000.00000000.00000000
simulation stage=stack639_1 position=00000000.3fb305bc.00000000 velocity=00000000.00000000.00000000
simulation stage=stack639_2 position=00000000.401638ef.00000000 velocity=00000000.00000000.00000000
simulation stage=stack640_0 position=00000000.3ee66666.00000000 velocity=00000000.00000000.00000000
simulation stage=stack640_1 position=00000000.3fb305bc.00000000 velocity=00000000.00000000.00000000
simulation stage=stack640_2 position=00000000.401638ef.00000000 velocity=00000000.00000000.00000000
simulation stage=stack641_0 position=00000000.3ee66666.00000000 velocity=00000000.00000000.00000000
simulation stage=stack641_1 position=00000000.3fb305bc.00000000 velocity=00000000.00000000.00000000
simulation stage=stack641_2 position=00000000.401638ef.00000000 velocity=00000000.00000000.00000000
simulation stage=stack642_0 position=00000000.3ee66666.00000000 velocity=00000000.00000000.00000000
simulation stage=stack642_1 position=00000000.3fb305bc.00000000 velocity=00000000.00000000.00000000
simulation stage=stack642_2 position=00000000.401638ef.00000000 velocity=00000000.00000000.00000000
simulation stage=stack643_0 position=00000000.3ee66666.00000000 velocity=00000000.00000000.00000000
simulation stage=stack643_1 position=00000000.3fb305bc.00000000 velocity=00000000.00000000.00000000
simulation stage=stack643_2 position=00000000.401638ef.00000000 velocity=00000000.00000000.00000000
simulation stage=stack644_0 position=00000000.3ee66666.00000000 velocity=00000000.00000000.00000000
simulation stage=stack644_1 position=00000000.3fb305bc.00000000 velocity=00000000.00000000.00000000
simulation stage=stack644_2 position=00000000.401638ef.00000000 velocity=00000000.00000000.00000000
simulation stage=stack645_0 position=00000000.3ee66666.00000000 velocity=00000000.00000000.00000000
simulation stage=stack645_1 position=00000000.3fb305bc.00000000 velocity=00000000.00000000.00000000
simulation stage=stack645_2 position=00000000.401638ef.00000000 velocity=00000000.00000000.00000000
simulation stage=stack646_0 position=00000000.3ee66666.00000000 velocity=00000000.00000000.00000000
simulation stage=stack646_1 position=00000000.3fb305bc.00000000 velocity=00000000.00000000.00000000
simulation stage=stack646_2 position=00000000.401638ef.00000000 velocity=00000000.00000000.00000000
simulation stage=stack647_0 position=00000000.3ee66666.00000000 velocity=00000000.00000000.00000000
simulation stage=stack647_1 position=00000000.3fb305bc.00000000 velocity=00000000.00000000.00000000
simulation stage=stack647_2 position=00000000.401638ef.00000000 velocity=00000000.00000000.00000000
simulation stage=stack648_0 position=00000000.3ee66666.00000000 velocity=00000000.00000000.00000000
simulation stage=stack648_1 position=00000000.3fb305bc.00000000 velocity=00000000.00000000.00000000
simulation stage=stack648_2 position=00000000.401638ef.00000000 velocity=00000000.00000000.00000000
simulation stage=stack649_0 position=00000000.3ee66666.00000000 velocity=00000000.00000000.00000000
simulation stage=stack649_1 position=00000000.3fb305bc.00000000 velocity=00000000.00000000.00000000
simulation stage=stack649_2 position=00000000.401638ef.00000000 velocity=00000000.00000000.00000000
simulation stage=stack650_0 position=00000000.3ee66666.00000000 velocity=00000000.00000000.00000000
simulation stage=stack650_1 position=00000000.3fb305bc.00000000 velocity=00000000.00000000.00000000
simulation stage=stack650_2 position=00000000.401638ef.00000000 velocity=00000000.00000000.00000000
simulation stage=stack651_0 position=00000000.3ee66666.00000000 velocity=00000000.00000000.00000000
simulation stage=stack651_1 position=00000000.3fb305bc.00000000 velocity=00000000.00000000.00000000
simulation stage=stack651_2 position=00000000.401638ef.00000000 velocity=00000000.00000000.00000000
simulation stage=stack652_0 position=00000000.3ee66666.00000000 velocity=00000000.00000000.00000000
simulation stage=stack652_1 position=00000000.3fb305bc.00000000 velocity=00000000.00000000.00000000
simulation stage=stack652_2 position=00000000.401638ef.00000000 velocity=00000000.00000000.00000000
simulation stage=stack653_0 position=00000000.3ee66666.00000000 velocity=00000000.00000000.00000000
simulation stage=stack653_1 position=00000000.3fb305bc.00000000 velocity=00000000.00000000.00000000
simulation stage=stack653_2 position=00000000.401638ef.00000000 velocity=00000000.00000000.00000000
simulation stage=stack654_0 position=00000000.3ee66666.00000000 velocity=00000000.00000000.00000000
simulation stage=stack654_1 position=00000000.3fb305bc.00000000 velocity=00000000.00000000.00000000
simulation stage=stack654_2 position=00000000.401638ef.00000000 velocity=00000000.00000000.00000000
simulation stage=stack655_0 position=00000000.3ee66666.00000000 velocity=00000000.00000000.00000000
simulation stage=stack655_1 position=00000000.3fb305bc.00000000 velocity=00000000.00000000.00000000
simulation stage=stack655_2 position=00000000.401638ef.00000000 velocity=00000000.00000000.00000000
simulation stage=stack656_0 position=00000000.3ee66666.00000000 velocity=00000000.00000000.00000000
simulation stage=stack656_1 position=00000000.3fb305bc.00000000 velocity=00000000.00000000.00000000
simulation stage=stack656_2 position=00000000.401638ef.00000000 velocity=00000000.00000000.00000000
simulation stage=stack657_0 position=00000000.3ee66666.00000000 velocity=00000000.00000000.00000000
simulation stage=stack657_1 position=00000000.3fb305bc.00000000 velocity=00000000.00000000.00000000
simulation stage=stack657_2 position=00000000.401638ef.00000000 velocity=00000000.00000000.00000000
simulation stage=stack658_0 position=00000000.3ee66666.00000000 velocity=00000000.00000000.00000000
simulation stage=stack658_1 position=00000000.3fb305bc.00000000 velocity=00000000.00000000.00000000
simulation stage=stack658_2 position=00000000.401638ef.00000000 velocity=00000000.00000000.00000000
simulation stage=stack659_0 position=00000000.3ee66666.00000000 velocity=00000000.00000000.00000000
simulation stage=stack659_1 position=00000000.3fb305bc.00000000 velocity=00000000.00000000.00000000
simulation stage=stack659_2 position=00000000.401638ef.00000000 velocity=00000000.00000000.00000000
simulation stage=stack660_0 position=00000000.3ee66666.00000000 velocity=00000000.00000000.00000000
simulation stage=stack660_1 position=00000000.3fb305bc.00000000 velocity=00000000.00000000.00000000
simulation stage=stack660_2 position=00000000.401638ef.00000000 velocity=00000000.00000000.00000000
simulation stage=stack661_0 position=00000000.3ee66666.00000000 velocity=00000000.00000000.00000000
simulation stage=stack661_1 position=00000000.3fb305bc.00000000 velocity=00000000.00000000.00000000
simulation stage=stack661_2 position=00000000.401638ef.00000000 velocity=00000000.00000000.00000000
simulation stage=stack662_0 position=00000000.3ee66666.00000000 velocity=00000000.00000000.00000000
simulation stage=stack662_1 position=00000000.3fb305bc.00000000 velocity=00000000.00000000.00000000
simulation stage=stack662_2 position=00000000.401638ef.00000000 velocity=00000000.00000000.00000000
simulation stage=stack663_0 position=00000000.3ee66666.00000000 velocity=00000000.00000000.00000000
simulation stage=stack663_1 position=00000000.3fb305bc.00000000 velocity=00000000.00000000.00000000
simulation stage=stack663_2 position=00000000.401638ef.00000000 velocity=00000000.00000000.00000000
simulation stage=stack664_0 position=00000000.3ee66666.00000000 velocity=00000000.00000000.00000000
simulation stage=stack664_1 position=00000000.3fb305bc.00000000 velocity=00000000.00000000.00000000
simulation stage=stack664_2 position=00000000.401638ef.00000000 velocity=00000000.00000000.00000000
simulation stage=stack665_0 position=00000000.3ee66666.00000000 velocity=00000000.00000000.00000000
simulation stage=stack665_1 position=00000000.3fb305bc.00000000 velocity=00000000.00000000.00000000
simulation stage=stack665_2 position=00000000.401638ef.00000000 velocity=00000000.00000000.00000000
simulation stage=stack666_0 position=00000000.3ee66666.00000000 velocity=00000000.00000000.00000000
simulation stage=stack666_1 position=00000000.3fb305bc.00000000 velocity=00000000.00000000.00000000
simulation stage=stack666_2 position=00000000.401638ef.00000000 velocity=00000000.00000000.00000000
simulation stage=stack667_0 position=00000000.3ee66666.00000000 velocity=00000000.00000000.00000000
simulation stage=stack667_1 position=00000000.3fb305bc.00000000 velocity=00000000.00000000.00000000
simulation stage=stack667_2 position=00000000.401638ef.00000000 velocity=00000000.00000000.00000000
simulation stage=stack668_0 position=00000000.3ee66666.00000000 velocity=00000000.00000000.00000000
simulation stage=stack668_1 position=00000000.3fb305bc.00000000 velocity=00000000.00000000.00000000
simulation stage=stack668_2 position=00000000.401638ef.00000000 velocity=00000000.00000000.00000000
simulation stage=stack669_0 position=00000000.3ee66666.00000000 velocity=00000000.00000000.00000000
simulation stage=stack669_1 position=00000000.3fb305bc.00000000 velocity=00000000.00000000.00000000
simulation stage=stack669_2 position=00000000.401638ef.00000000 velocity=00000000.00000000.00000000
simulation stage=stack670_0 position=00000000.3ee66666.00000000 velocity=00000000.00000000.00000000
simulation stage=stack670_1 position=00000000.3fb305bc.00000000 velocity=00000000.00000000.00000000
simulation stage=stack670_2 position=00000000.401638ef.00000000 velocity=00000000.00000000.00000000
simulation stage=stack671_0 position=00000000.3ee66666.00000000 velocity=00000000.00000000.00000000
simulation stage=stack671_1 position=00000000.3fb305bc.00000000 velocity=00000000.00000000.00000000
simulation stage=stack671_2 position=00000000.401638ef.00000000 velocity=00000000.00000000.00000000
simulation stage=stack672_0 position=00000000.3ee66666.00000000 velocity=00000000.00000000.00000000
simulation stage=stack672_1 position=00000000.3fb305bc.00000000 velocity=00000000.00000000.00000000
simulation stage=stack672_2 position=00000000.401638ef.00000000 velocity=00000000.00000000.00000000
simulation stage=stack673_0 position=00000000.3ee66666.00000000 velocity=00000000.00000000.00000000
simulation stage=stack673_1 position=00000000.3fb305bc.00000000 velocity=00000000.00000000.00000000
simulation stage=stack673_2 position=00000000.401638ef.00000000 velocity=00000000.00000000.00000000
simulation stage=stack674_0 position=00000000.3ee66666.00000000 velocity=00000000.00000000.00000000
simulation stage=stack674_1 position=00000000.3fb305bc.00000000 velocity=00000000.00000000.00000000
simulation stage=stack674_2 position=00000000.401638ef.00000000 velocity=00000000.00000000.00000000
simulation stage=stack675_0 position=00000000.3ee66666.00000000 velocity=00000000.00000000.00000000
simulation stage=stack675_1 position=00000000.3fb305bc.00000000 velocity=00000000.00000000.00000000
simulation stage=stack675_2 position=00000000.401638ef.00000000 velocity=00000000.00000000.00000000
simulation stage=stack676_0 position=00000000.3ee66666.00000000 velocity=00000000.00000000.00000000
simulation stage=stack676_1 position=00000000.3fb305bc.00000000 velocity=00000000.00000000.00000000
simulation stage=stack676_2 position=00000000.401638ef.00000000 velocity=00000000.00000000.00000000
simulation stage=stack677_0 position=00000000.3ee66666.00000000 velocity=00000000.00000000.00000000
simulation stage=stack677_1 position=00000000.3fb305bc.00000000 velocity=00000000.00000000.00000000
simulation stage=stack677_2 position=00000000.401638ef.00000000 velocity=00000000.00000000.00000000
simulation stage=stack678_0 position=00000000.3ee66666.00000000 velocity=00000000.00000000.00000000
simulation stage=stack678_1 position=00000000.3fb305bc.00000000 velocity=00000000.00000000.00000000
simulation stage=stack678_2 position=00000000.401638ef.00000000 velocity=00000000.00000000.00000000
simulation stage=stack679_0 position=00000000.3ee66666.00000000 velocity=00000000.00000000.00000000
simulation stage=stack679_1 position=00000000.3fb305bc.00000000 velocity=00000000.00000000.00000000
simulation stage=stack679_2 position=00000000.401638ef.00000000 velocity=00000000.00000000.00000000
simulation stage=stack680_0 position=00000000.3ee66666.00000000 velocity=00000000.00000000.00000000
simulation stage=stack680_1 position=00000000.3fb305bc.00000000 velocity=00000000.00000000.00000000
simulation stage=stack680_2 position=00000000.401638ef.00000000 velocity=00000000.00000000.00000000
simulation stage=stack681_0 position=00000000.3ee66666.00000000 velocity=00000000.00000000.00000000
simulation stage=stack681_1 position=00000000.3fb305bc.00000000 velocity=00000000.00000000.00000000
simulation stage=stack681_2 position=00000000.401638ef.00000000 velocity=00000000.00000000.00000000
simulation stage=stack682_0 position=00000000.3ee66666.00000000 velocity=00000000.00000000.00000000
simulation stage=stack682_1 position=00000000.3fb305bc.00000000 velocity=00000000.00000000.00000000
simulation stage=stack682_2 position=00000000.401638ef.00000000 velocity=00000000.00000000.00000000
simulation stage=stack683_0 position=00000000.3ee66666.00000000 velocity=00000000.00000000.00000000
simulation stage=stack683_1 position=00000000.3fb305bc.00000000 velocity=00000000.00000000.00000000
simulation stage=stack683_2 position=00000000.401638ef.00000000 velocity=00000000.00000000.00000000
simulation stage=stack684_0 position=00000000.3ee66666.00000000 velocity=00000000.00000000.00000000
simulation stage=stack684_1 position=00000000.3fb305bc.00000000 velocity=00000000.00000000.00000000
simulation stage=stack684_2 position=00000000.401638ef.00000000 velocity=00000000.00000000.00000000
simulation stage=stack685_0 position=00000000.3ee66666.00000000 velocity=00000000.00000000.00000000
simulation stage=stack685_1 position=00000000.3fb305bc.00000000 velocity=00000000.00000000.00000000
simulation stage=stack685_2 position=00000000.401638ef.00000000 velocity=00000000.00000000.00000000
simulation stage=stack686_0 position=00000000.3ee66666.00000000 velocity=00000000.00000000.00000000
simulation stage=stack686_1 position=00000000.3fb305bc.00000000 velocity=00000000.00000000.00000000
simulation stage=stack686_2 position=00000000.401638ef.00000000 velocity=00000000.00000000.00000000
simulation stage=stack687_0 position=00000000.3ee66666.00000000 velocity=00000000.00000000.00000000
simulation stage=stack687_1 position=00000000.3fb305bc.00000000 velocity=00000000.00000000.00000000
simulation stage=stack687_2 position=00000000.401638ef.00000000 velocity=00000000.00000000.00000000
simulation stage=stack688_0 position=00000000.3ee66666.00000000 velocity=00000000.00000000.00000000
simulation stage=stack688_1 position=00000000.3fb305bc.00000000 velocity=00000000.00000000.00000000
simulation stage=stack688_2 position=00000000.401638ef.00000000 velocity=00000000.00000000.00000000
simulation stage=stack689_0 position=00000000.3ee66666.00000000 velocity=00000000.00000000.00000000
simulation stage=stack689_1 position=00000000.3fb305bc.00000000 velocity=00000000.00000000.00000000
simulation stage=stack689_2 position=00000000.401638ef.00000000 velocity=00000000.00000000.00000000
simulation stage=stack690_0 position=00000000.3ee66666.00000000 velocity=00000000.00000000.00000000
simulation stage=stack690_1 position=00000000.3fb305bc.00000000 velocity=00000000.00000000.00000000
simulation stage=stack690_2 position=00000000.401638ef.00000000 velocity=00000000.00000000.00000000
simulation stage=stack691_0 position=00000000.3ee66666.00000000 velocity=00000000.00000000.00000000
simulation stage=stack691_1 position=00000000.3fb305bc.00000000 velocity=00000000.00000000.00000000
simulation stage=stack691_2 position=00000000.401638ef.00000000 velocity=00000000.00000000.00000000
simulation stage=stack692_0 position=00000000.3ee66666.00000000 velocity=00000000.00000000.00000000
simulation stage=stack692_1 position=00000000.3fb305bc.00000000 velocity=00000000.00000000.00000000
simulation stage=stack692_2 position=00000000.401638ef.00000000 velocity=00000000.00000000.00000000
simulation stage=stack693_0 position=00000000.3ee66666.00000000 velocity=00000000.00000000.00000000
simulation stage=stack693_1 position=00000000.3fb305bc.00000000 velocity=00000000.00000000.00000000
simulation stage=stack693_2 position=00000000.401638ef.00000000 velocity=00000000.00000000.00000000
simulation stage=stack694_0 position=00000000.3ee66666.00000000 velocity=00000000.00000000.00000000
simulation stage=stack694_1 position=00000000.3fb305bc.00000000 velocity=00000000.00000000.00000000
simulation stage=stack694_2 position=00000000.401638ef.00000000 velocity=00000000.00000000.00000000
simulation stage=stack695_0 position=00000000.3ee66666.00000000 velocity=00000000.00000000.00000000
simulation stage=stack695_1 position=00000000.3fb305bc.00000000 velocity=00000000.00000000.00000000
simulation stage=stack695_2 position=00000000.401638ef.00000000 velocity=00000000.00000000.00000000
simulation stage=stack696_0 position=00000000.3ee66666.00000000 velocity=00000000.00000000.00000000
simulation stage=stack696_1 position=00000000.3fb305bc.00000000 velocity=00000000.00000000.00000000
simulation stage=stack696_2 position=00000000.401638ef.00000000 velocity=00000000.00000000.00000000
simulation stage=stack697_0 position=00000000.3ee66666.00000000 velocity=00000000.00000000.00000000
simulation stage=stack697_1 position=00000000.3fb305bc.00000000 velocity=00000000.00000000.00000000
simulation stage=stack697_2 position=00000000.401638ef.00000000 velocity=00000000.00000000.00000000
simulation stage=stack698_0 position=00000000.3ee66666.00000000 velocity=00000000.00000000.00000000
simulation stage=stack698_1 position=00000000.3fb305bc.00000000 velocity=00000000.00000000.00000000
simulation stage=stack698_2 position=00000000.401638ef.00000000 velocity=00000000.00000000.00000000
simulation stage=stack699_0 position=00000000.3ee66666.00000000 velocity=00000000.00000000.00000000
simulation stage=stack699_1 position=00000000.3fb305bc.00000000 velocity=00000000.00000000.00000000
simulation stage=stack699_2 position=00000000.401638ef.00000000 velocity=00000000.00000000.00000000
simulation stage=stack700_0 position=00000000.3ee66666.00000000 velocity=00000000.00000000.00000000
simulation stage=stack700_1 position=00000000.3fb305bc.00000000 velocity=00000000.00000000.00000000
simulation stage=stack700_2 position=00000000.401638ef.00000000 velocity=00000000.00000000.00000000
simulation stage=stack701_0 position=00000000.3ee66666.00000000 velocity=00000000.00000000.00000000
simulation stage=stack701_1 position=00000000.3fb305bc.00000000 velocity=00000000.00000000.00000000
simulation stage=stack701_2 position=00000000.401638ef.00000000 velocity=00000000.00000000.00000000
simulation stage=stack702_0 position=00000000.3ee66666.00000000 velocity=00000000.00000000.00000000
simulation stage=stack702_1 position=00000000.3fb305bc.00000000 velocity=00000000.00000000.00000000
simulation stage=stack702_2 position=00000000.401638ef.00000000 velocity=00000000.00000000.00000000
simulation stage=stack703_0 position=00000000.3ee66666.00000000 velocity=00000000.00000000.00000000
simulation stage=stack703_1 position=00000000.3fb305bc.00000000 velocity=00000000.00000000.00000000
simulation stage=stack703_2 position=00000000.401638ef.00000000 velocity=00000000.00000000.00000000
simulation stage=stack704_0 position=00000000.3ee66666.00000000 velocity=00000000.00000000.00000000
simulation stage=stack704_1 position=00000000.3fb305bc.00000000 velocity=00000000.00000000.00000000
simulation stage=stack704_2 position=00000000.401638ef.00000000 velocity=00000000.00000000.00000000
simulation stage=stack705_0 position=00000000.3ee66666.00000000 velocity=00000000.00000000.00000000
simulation stage=stack705_1 position=00000000.3fb305bc.00000000 velocity=00000000.00000000.00000000
simulation stage=stack705_2 position=00000000.401638ef.00000000 velocity=00000000.00000000.00000000
simulation stage=stack706_0 position=00000000.3ee66666.00000000 velocity=00000000.00000000.00000000
simulation stage=stack706_1 position=00000000.3fb305bc.00000000 velocity=00000000.00000000.00000000
simulation stage=stack706_2 position=00000000.401638ef.00000000 velocity=00000000.00000000.00000000
simulation stage=stack707_0 position=00000000.3ee66666.00000000 velocity=00000000.00000000.00000000
simulation stage=stack707_1 position=00000000.3fb305bc.00000000 velocity=00000000.00000000.00000000
simulation stage=stack707_2 position=00000000.401638ef.00000000 velocity=00000000.00000000.00000000
simulation stage=stack708_0 position=00000000.3ee66666.00000000 velocity=00000000.00000000.00000000
simulation stage=stack708_1 position=00000000.3fb305bc.00000000 velocity=00000000.00000000.00000000
simulation stage=stack708_2 position=00000000.401638ef.00000000 velocity=00000000.00000000.00000000
simulation stage=stack709_0 position=00000000.3ee66666.00000000 velocity=00000000.00000000.00000000
simulation stage=stack709_1 position=00000000.3fb305bc.00000000 velocity=00000000.00000000.00000000
simulation stage=stack709_2 position=00000000.401638ef.00000000 velocity=00000000.00000000.00000000
simulation stage=stack710_0 position=00000000.3ee66666.00000000 velocity=00000000.00000000.00000000
simulation stage=stack710_1 position=00000000.3fb305bc.00000000 velocity=00000000.00000000.00000000
simulation stage=stack710_2 position=00000000.401638ef.00000000 velocity=00000000.00000000.00000000
simulation stage=stack711_0 position=00000000.3ee66666.00000000 velocity=00000000.00000000.00000000
simulation stage=stack711_1 position=00000000.3fb305bc.00000000 velocity=00000000.00000000.00000000
simulation stage=stack711_2 position=00000000.401638ef.00000000 velocity=00000000.00000000.00000000
simulation stage=stack712_0 position=00000000.3ee66666.00000000 velocity=00000000.00000000.00000000
simulation stage=stack712_1 position=00000000.3fb305bc.00000000 velocity=00000000.00000000.00000000
simulation stage=stack712_2 position=00000000.401638ef.00000000 velocity=00000000.00000000.00000000
simulation stage=stack713_0 position=00000000.3ee66666.00000000 velocity=00000000.00000000.00000000
simulation stage=stack713_1 position=00000000.3fb305bc.00000000 velocity=00000000.00000000.00000000
simulation stage=stack713_2 position=00000000.401638ef.00000000 velocity=00000000.00000000.00000000
simulation stage=stack714_0 position=00000000.3ee66666.00000000 velocity=00000000.00000000.00000000
simulation stage=stack714_1 position=00000000.3fb305bc.00000000 velocity=00000000.00000000.00000000
simulation stage=stack714_2 position=00000000.401638ef.00000000 velocity=00000000.00000000.00000000
simulation stage=stack715_0 position=00000000.3ee66666.00000000 velocity=00000000.00000000.00000000
simulation stage=stack715_1 position=00000000.3fb305bc.00000000 velocity=00000000.00000000.00000000
simulation stage=stack715_2 position=00000000.401638ef.00000000 velocity=00000000.00000000.00000000
simulation stage=stack716_0 position=00000000.3ee66666.00000000 velocity=00000000.00000000.00000000
simulation stage=stack716_1 position=00000000.3fb305bc.00000000 velocity=00000000.00000000.00000000
simulation stage=stack716_2 position=00000000.401638ef.00000000 velocity=00000000.00000000.00000000
simulation stage=stack717_0 position=00000000.3ee66666.00000000 velocity=00000000.00000000.00000000
simulation stage=stack717_1 position=00000000.3fb305bc.00000000 velocity=00000000.00000000.00000000
simulation stage=stack717_2 position=00000000.401638ef.00000000 velocity=00000000.00000000.00000000
simulation stage=stack718_0 position=00000000.3ee66666.00000000 velocity=00000000.00000000.00000000
simulation stage=stack718_1 position=00000000.3fb305bc.00000000 velocity=00000000.00000000.00000000
simulation stage=stack718_2 position=00000000.401638ef.00000000 velocity=00000000.00000000.00000000
simulation stage=stack719_0 position=00000000.3ee66666.00000000 velocity=00000000.00000000.00000000
simulation stage=stack719_1 position=00000000.3fb305bc.00000000 velocity=00000000.00000000.00000000
simulation stage=stack719_2 position=00000000.401638ef.00000000 velocity=00000000.00000000.00000000
simulation stage=stack720_0 position=00000000.3ee66666.00000000 velocity=00000000.00000000.00000000
simulation stage=stack720_1 position=00000000.3fb305bc.00000000 velocity=00000000.00000000.00000000
simulation stage=stack720_2 position=00000000.401638ef.00000000 velocity=00000000.00000000.00000000
simulation stage=stack721_0 position=00000000.3ee66666.00000000 velocity=00000000.00000000.00000000
simulation stage=stack721_1 position=00000000.3fb305bc.00000000 velocity=00000000.00000000.00000000
simulation stage=stack721_2 position=00000000.401638ef.00000000 velocity=00000000.00000000.00000000
simulation stage=stack722_0 position=00000000.3ee66666.00000000 velocity=00000000.00000000.00000000
simulation stage=stack722_1 position=00000000.3fb305bc.00000000 velocity=00000000.00000000.00000000
simulation stage=stack722_2 position=00000000.401638ef.00000000 velocity=00000000.00000000.00000000
simulation stage=stack723_0 position=00000000.3ee66666.00000000 velocity=00000000.00000000.00000000
simulation stage=stack723_1 position=00000000.3fb305bc.00000000 velocity=00000000.00000000.00000000
simulation stage=stack723_2 position=00000000.401638ef.00000000 velocity=00000000.00000000.00000000
simulation stage=stack724_0 position=00000000.3ee66666.00000000 velocity=00000000.00000000.00000000
simulation stage=stack724_1 position=00000000.3fb305bc.00000000 velocity=00000000.00000000.00000000
simulation stage=stack724_2 position=00000000.401638ef.00000000 velocity=00000000.00000000.00000000
simulation stage=stack725_0 position=00000000.3ee66666.00000000 velocity=00000000.00000000.00000000
simulation stage=stack725_1 position=00000000.3fb305bc.00000000 velocity=00000000.00000000.00000000
simulation stage=stack725_2 position=00000000.401638ef.00000000 velocity=00000000.00000000.00000000
simulation stage=stack726_0 position=00000000.3ee66666.00000000 velocity=00000000.00000000.00000000
simulation stage=stack726_1 position=00000000.3fb305bc.00000000 velocity=00000000.00000000.00000000
simulation stage=stack726_2 position=00000000.401638ef.00000000 velocity=00000000.00000000.00000000
simulation stage=stack727_0 position=00000000.3ee66666.00000000 velocity=00000000.00000000.00000000
simulation stage=stack727_1 position=00000000.3fb305bc.00000000 velocity=00000000.00000000.00000000
simulation stage=stack727_2 position=00000000.401638ef.00000000 velocity=00000000.00000000.00000000
simulation stage=stack728_0 position=00000000.3ee66666.00000000 velocity=00000000.00000000.00000000
simulation stage=stack728_1 position=00000000.3fb305bc.00000000 velocity=00000000.00000000.00000000
simulation stage=stack728_2 position=00000000.401638ef.00000000 velocity=00000000.00000000.00000000
simulation stage=stack729_0 position=00000000.3ee66666.00000000 velocity=00000000.00000000.00000000
simulation stage=stack729_1 position=00000000.3fb305bc.00000000 velocity=00000000.00000000.00000000
simulation stage=stack729_2 position=00000000.401638ef.00000000 velocity=00000000.00000000.00000000
simulation stage=stack730_0 position=00000000.3ee66666.00000000 velocity=00000000.00000000.00000000
simulation stage=stack730_1 position=00000000.3fb305bc.00000000 velocity=00000000.00000000.00000000
simulation stage=stack730_2 position=00000000.401638ef.00000000 velocity=00000000.00000000.00000000
simulation stage=stack731_0 position=00000000.3ee66666.00000000 velocity=00000000.00000000.00000000
simulation stage=stack731_1 position=00000000.3fb305bc.00000000 velocity=00000000.00000000.00000000
simulation stage=stack731_2 position=00000000.401638ef.00000000 velocity=00000000.00000000.00000000
simulation stage=stack732_0 position=00000000.3ee66666.00000000 velocity=00000000.00000000.00000000
simulation stage=stack732_1 position=00000000.3fb305bc.00000000 velocity=00000000.00000000.00000000
simulation stage=stack732_2 position=00000000.401638ef.00000000 velocity=00000000.00000000.00000000
simulation stage=stack733_0 position=00000000.3ee66666.00000000 velocity=00000000.00000000.00000000
simulation stage=stack733_1 position=00000000.3fb305bc.00000000 velocity=00000000.00000000.00000000
simulation stage=stack733_2 position=00000000.401638ef.00000000 velocity=00000000.00000000.00000000
simulation stage=stack734_0 position=00000000.3ee66666.00000000 velocity=00000000.00000000.00000000
simulation stage=stack734_1 position=00000000.3fb305bc.00000000 velocity=00000000.00000000.00000000
simulation stage=stack734_2 position=00000000.401638ef.00000000 velocity=00000000.00000000.00000000
simulation stage=stack735_0 position=00000000.3ee66666.00000000 velocity=00000000.00000000.00000000
simulation stage=stack735_1 position=00000000.3fb305bc.00000000 velocity=00000000.00000000.00000000
simulation stage=stack735_2 position=00000000.401638ef.00000000 velocity=00000000.00000000.00000000
simulation stage=stack736_0 position=00000000.3ee66666.00000000 velocity=00000000.00000000.00000000
simulation stage=stack736_1 position=00000000.3fb305bc.00000000 velocity=00000000.00000000.00000000
simulation stage=stack736_2 position=00000000.401638ef.00000000 velocity=00000000.00000000.00000000
simulation stage=stack737_0 position=00000000.3ee66666.00000000 velocity=00000000.00000000.00000000
simulation stage=stack737_1 position=00000000.3fb305bc.00000000 velocity=00000000.00000000.00000000
simulation stage=stack737_2 position=00000000.401638ef.00000000 velocity=00000000.00000000.00000000
simulation stage=stack738_0 position=00000000.3ee66666.00000000 velocity=00000000.00000000.00000000
simulation stage=stack738_1 position=00000000.3fb305bc.00000000 velocity=00000000.00000000.00000000
simulation stage=stack738_2 position=00000000.401638ef.00000000 velocity=00000000.00000000.00000000
simulation stage=stack739_0 position=00000000.3ee66666.00000000 velocity=00000000.00000000.00000000
simulation stage=stack739_1 position=00000000.3fb305bc.00000000 velocity=00000000.00000000.00000000
simulation stage=stack739_2 position=00000000.401638ef.00000000 velocity=00000000.00000000.00000000
simulation stage=stack740_0 position=00000000.3ee66666.00000000 velocity=00000000.00000000.00000000
simulation stage=stack740_1 position=00000000.3fb305bc.00000000 velocity=00000000.00000000.00000000
simulation stage=stack740_2 position=00000000.401638ef.00000000 velocity=00000000.00000000.00000000
simulation stage=stack741_0 position=00000000.3ee66666.00000000 velocity=00000000.00000000.00000000
simulation stage=stack741_1 position=00000000.3fb305bc.00000000 velocity=00000000.00000000.00000000
simulation stage=stack741_2 position=00000000.401638ef.00000000 velocity=00000000.00000000.00000000
simulation stage=stack742_0 position=00000000.3ee66666.00000000 velocity=00000000.00000000.00000000
simulation stage=stack742_1 position=00000000.3fb305bc.00000000 velocity=00000000.00000000.00000000
simulation stage=stack742_2 position=00000000.401638ef.00000000 velocity=00000000.00000000.00000000
simulation stage=stack743_0 position=00000000.3ee66666.00000000 velocity=00000000.00000000.00000000
simulation stage=stack743_1 position=00000000.3fb305bc.00000000 velocity=00000000.00000000.00000000
simulation stage=stack743_2 position=00000000.401638ef.00000000 velocity=00000000.00000000.00000000
simulation stage=stack744_0 position=00000000.3ee66666.00000000 velocity=00000000.00000000.00000000
simulation stage=stack744_1 position=00000000.3fb305bc.00000000 velocity=00000000.00000000.00000000
simulation stage=stack744_2 position=00000000.401638ef.00000000 velocity=00000000.00000000.00000000
simulation stage=stack745_0 position=00000000.3ee66666.00000000 velocity=00000000.00000000.00000000
simulation stage=stack745_1 position=00000000.3fb305bc.00000000 velocity=00000000.00000000.00000000
simulation stage=stack745_2 position=00000000.401638ef.00000000 velocity=00000000.00000000.00000000
simulation stage=stack746_0 position=00000000.3ee66666.00000000 velocity=00000000.00000000.00000000
simulation stage=stack746_1 position=00000000.3fb305bc.00000000 velocity=00000000.00000000.00000000
simulation stage=stack746_2 position=00000000.401638ef.00000000 velocity=00000000.00000000.00000000
simulation stage=stack747_0 position=00000000.3ee66666.00000000 velocity=00000000.00000000.00000000
simulation stage=stack747_1 position=00000000.3fb305bc.00000000 velocity=00000000.00000000.00000000
simulation stage=stack747_2 position=00000000.401638ef.00000000 velocity=00000000.00000000.00000000
simulation stage=stack748_0 position=00000000.3ee66666.00000000 velocity=00000000.00000000.00000000
simulation stage=stack748_1 position=00000000.3fb305bc.00000000 velocity=00000000.00000000.00000000
simulation stage=stack748_2 position=00000000.401638ef.00000000 velocity=00000000.00000000.00000000
simulation stage=stack749_0 position=00000000.3ee66666.00000000 velocity=00000000.00000000.00000000
simulation stage=stack749_1 position=00000000.3fb305bc.00000000 velocity=00000000.00000000.00000000
simulation stage=stack749_2 position=00000000.401638ef.00000000 velocity=00000000.00000000.00000000
simulation stage=stack750_0 position=00000000.3ee66666.00000000 velocity=00000000.00000000.00000000
simulation stage=stack750_1 position=00000000.3fb305bc.00000000 velocity=00000000.00000000.00000000
simulation stage=stack750_2 position=00000000.401638ef.00000000 velocity=00000000.00000000.00000000
simulation stage=stack751_0 position=00000000.3ee66666.00000000 velocity=00000000.00000000.00000000
simulation stage=stack751_1 position=00000000.3fb305bc.00000000 velocity=00000000.00000000.00000000
simulation stage=stack751_2 position=00000000.401638ef.00000000 velocity=00000000.00000000.00000000
simulation stage=stack752_0 position=00000000.3ee66666.00000000 velocity=00000000.00000000.00000000
simulation stage=stack752_1 position=00000000.3fb305bc.00000000 velocity=00000000.00000000.00000000
simulation stage=stack752_2 position=00000000.401638ef.00000000 velocity=00000000.00000000.00000000
simulation stage=stack753_0 position=00000000.3ee66666.00000000 velocity=00000000.00000000.00000000
simulation stage=stack753_1 position=00000000.3fb305bc.00000000 velocity=00000000.00000000.00000000
simulation stage=stack753_2 position=00000000.401638ef.00000000 velocity=00000000.00000000.00000000
simulation stage=stack754_0 position=00000000.3ee66666.00000000 velocity=00000000.00000000.00000000
simulation stage=stack754_1 position=00000000.3fb305bc.00000000 velocity=00000000.00000000.00000000
simulation stage=stack754_2 position=00000000.401638ef.00000000 velocity=00000000.00000000.00000000
simulation stage=stack755_0 position=00000000.3ee66666.00000000 velocity=00000000.00000000.00000000
simulation stage=stack755_1 position=00000000.3fb305bc.00000000 velocity=00000000.00000000.00000000
simulation stage=stack755_2 position=00000000.401638ef.00000000 velocity=00000000.00000000.00000000
simulation stage=stack756_0 position=00000000.3ee66666.00000000 velocity=00000000.00000000.00000000
simulation stage=stack756_1 position=00000000.3fb305bc.00000000 velocity=00000000.00000000.00000000
simulation stage=stack756_2 position=00000000.401638ef.00000000 velocity=00000000.00000000.00000000
simulation stage=stack757_0 position=00000000.3ee66666.00000000 velocity=00000000.00000000.00000000
simulation stage=stack757_1 position=00000000.3fb305bc.00000000 velocity=00000000.00000000.00000000
simulation stage=stack757_2 position=00000000.401638ef.00000000 velocity=00000000.00000000.00000000
simulation stage=stack758_0 position=00000000.3ee66666.00000000 velocity=00000000.00000000.00000000
simulation stage=stack758_1 position=00000000.3fb305bc.00000000 velocity=00000000.00000000.00000000
simulation stage=stack758_2 position=00000000.401638ef.00000000 velocity=00000000.00000000.00000000
simulation stage=stack759_0 position=00000000.3ee66666.00000000 velocity=00000000.00000000.00000000
simulation stage=stack759_1 position=00000000.3fb305bc.00000000 velocity=00000000.00000000.00000000
simulation stage=stack759_2 position=00000000.401638ef.00000000 velocity=00000000.00000000.00000000
simulation stage=stack760_0 position=00000000.3ee66666.00000000 velocity=00000000.00000000.00000000
simulation stage=stack760_1 position=00000000.3fb305bc.00000000 velocity=00000000.00000000.00000000
simulation stage=stack760_2 position=00000000.401638ef.00000000 velocity=00000000.00000000.00000000
simulation stage=stack761_0 position=00000000.3ee66666.00000000 velocity=00000000.00000000.00000000
simulation stage=stack761_1 position=00000000.3fb305bc.00000000 velocity=00000000.00000000.00000000
simulation stage=stack761_2 position=00000000.401638ef.00000000 velocity=00000000.00000000.00000000
simulation stage=stack762_0 position=00000000.3ee66666.00000000 velocity=00000000.00000000.00000000
simulation stage=stack762_1 position=00000000.3fb305bc.00000000 velocity=00000000.00000000.00000000
simulation stage=stack762_2 position=00000000.401638ef.00000000 velocity=00000000.00000000.00000000
simulation stage=stack763_0 position=00000000.3ee66666.00000000 velocity=00000000.00000000.00000000
simulation stage=stack763_1 position=00000000.3fb305bc.00000000 velocity=00000000.00000000.00000000
simulation stage=stack763_2 position=00000000.401638ef.00000000 velocity=00000000.00000000.00000000
simulation stage=stack764_0 position=00000000.3ee66666.00000000 velocity=00000000.00000000.00000000
simulation stage=stack764_1 position=00000000.3fb305bc.00000000 velocity=00000000.00000000.00000000
simulation stage=stack764_2 position=00000000.401638ef.00000000 velocity=00000000.00000000.00000000
simulation stage=stack765_0 position=00000000.3ee66666.00000000 velocity=00000000.00000000.00000000
simulation stage=stack765_1 position=00000000.3fb305bc.00000000 velocity=00000000.00000000.00000000
simulation stage=stack765_2 position=00000000.401638ef.00000000 velocity=00000000.00000000.00000000
simulation stage=stack766_0 position=00000000.3ee66666.00000000 velocity=00000000.00000000.00000000
simulation stage=stack766_1 position=00000000.3fb305bc.00000000 velocity=00000000.00000000.00000000
simulation stage=stack766_2 position=00000000.401638ef.00000000 velocity=00000000.00000000.00000000
simulation stage=stack767_0 position=00000000.3ee66666.00000000 velocity=00000000.00000000.00000000
simulation stage=stack767_1 position=00000000.3fb305bc.00000000 velocity=00000000.00000000.00000000
simulation stage=stack767_2 position=00000000.401638ef.00000000 velocity=00000000.00000000.00000000
simulation stage=stack768_0 position=00000000.3ee66666.00000000 velocity=00000000.00000000.00000000
simulation stage=stack768_1 position=00000000.3fb305bc.00000000 velocity=00000000.00000000.00000000
simulation stage=stack768_2 position=00000000.401638ef.00000000 velocity=00000000.00000000.00000000
simulation stage=stack769_0 position=00000000.3ee66666.00000000 velocity=00000000.00000000.00000000
simulation stage=stack769_1 position=00000000.3fb305bc.00000000 velocity=00000000.00000000.00000000
simulation stage=stack769_2 position=00000000.401638ef.00000000 velocity=00000000.00000000.00000000
simulation stage=stack770_0 position=00000000.3ee66666.00000000 velocity=00000000.00000000.00000000
simulation stage=stack770_1 position=00000000.3fb305bc.00000000 velocity=00000000.00000000.00000000
simulation stage=stack770_2 position=00000000.401638ef.00000000 velocity=00000000.00000000.00000000
simulation stage=stack771_0 position=00000000.3ee66666.00000000 velocity=00000000.00000000.00000000
simulation stage=stack771_1 position=00000000.3fb305bc.00000000 velocity=00000000.00000000.00000000
simulation stage=stack771_2 position=00000000.401638ef.00000000 velocity=00000000.00000000.00000000
simulation stage=stack772_0 position=00000000.3ee66666.00000000 velocity=00000000.00000000.00000000
simulation stage=stack772_1 position=00000000.3fb305bc.00000000 velocity=00000000.00000000.00000000
simulation stage=stack772_2 position=00000000.401638ef.00000000 velocity=00000000.00000000.00000000
simulation stage=stack773_0 position=00000000.3ee66666.00000000 velocity=00000000.00000000.00000000
simulation stage=stack773_1 position=00000000.3fb305bc.00000000 velocity=00000000.00000000.00000000
simulation stage=stack773_2 position=00000000.401638ef.00000000 velocity=00000000.00000000.00000000
simulation stage=stack774_0 position=00000000.3ee66666.00000000 velocity=00000000.00000000.00000000
simulation stage=stack774_1 position=00000000.3fb305bc.00000000 velocity=00000000.00000000.00000000
simulation stage=stack774_2 position=00000000.401638ef.00000000 velocity=00000000.00000000.00000000
simulation stage=stack775_0 position=00000000.3ee66666.00000000 velocity=00000000.00000000.00000000
simulation stage=stack775_1 position=00000000.3fb305bc.00000000 velocity=00000000.00000000.00000000
simulation stage=stack775_2 position=00000000.401638ef.00000000 velocity=00000000.00000000.00000000
simulation stage=stack776_0 position=00000000.3ee66666.00000000 velocity=00000000.00000000.00000000
simulation stage=stack776_1 position=00000000.3fb305bc.00000000 velocity=00000000.00000000.00000000
simulation stage=stack776_2 position=00000000.401638ef.00000000 velocity=00000000.00000000.00000000
simulation stage=stack777_0 position=00000000.3ee66666.00000000 velocity=00000000.00000000.00000000
simulation stage=stack777_1 position=00000000.3fb305bc.00000000 velocity=00000000.00000000.00000000
simulation stage=stack777_2 position=00000000.401638ef.00000000 velocity=00000000.00000000.00000000
simulation stage=stack778_0 position=00000000.3ee66666.00000000 velocity=00000000.00000000.00000000
simulation stage=stack778_1 position=00000000.3fb305bc.00000000 velocity=00000000.00000000.00000000
simulation stage=stack778_2 position=00000000.401638ef.00000000 velocity=00000000.00000000.00000000
simulation stage=stack779_0 position=00000000.3ee66666.00000000 velocity=00000000.00000000.00000000
simulation stage=stack779_1 position=00000000.3fb305bc.00000000 velocity=00000000.00000000.00000000
simulation stage=stack779_2 position=00000000.401638ef.00000000 velocity=00000000.00000000.00000000
simulation stage=stack780_0 position=00000000.3ee66666.00000000 velocity=00000000.00000000.00000000
simulation stage=stack780_1 position=00000000.3fb305bc.00000000 velocity=00000000.00000000.00000000
simulation stage=stack780_2 position=00000000.401638ef.00000000 velocity=00000000.00000000.00000000
simulation stage=stack781_0 position=00000000.3ee66666.00000000 velocity=00000000.00000000.00000000
simulation stage=stack781_1 position=00000000.3fb305bc.00000000 velocity=00000000.00000000.00000000
simulation stage=stack781_2 position=00000000.401638ef.00000000 velocity=00000000.00000000.00000000
simulation stage=stack782_0 position=00000000.3ee66666.00000000 velocity=00000000.00000000.00000000
simulation stage=stack782_1 position=00000000.3fb305bc.00000000 velocity=00000000.00000000.00000000
simulation stage=stack782_2 position=00000000.401638ef.00000000 velocity=00000000.00000000.00000000
simulation stage=stack783_0 position=00000000.3ee66666.00000000 velocity=00000000.00000000.00000000
simulation stage=stack783_1 position=00000000.3fb305bc.00000000 velocity=00000000.00000000.00000000
simulation stage=stack783_2 position=00000000.401638ef.00000000 velocity=00000000.00000000.00000000
simulation stage=stack784_0 position=00000000.3ee66666.00000000 velocity=00000000.00000000.00000000
simulation stage=stack784_1 position=00000000.3fb305bc.00000000 velocity=00000000.00000000.00000000
simulation stage=stack784_2 position=00000000.401638ef.00000000 velocity=00000000.00000000.00000000
simulation stage=stack785_0 position=00000000.3ee66666.00000000 velocity=00000000.00000000.00000000
simulation stage=stack785_1 position=00000000.3fb305bc.00000000 velocity=00000000.00000000.00000000
simulation stage=stack785_2 position=00000000.401638ef.00000000 velocity=00000000.00000000.00000000
simulation stage=stack786_0 position=00000000.3ee66666.00000000 velocity=00000000.00000000.00000000
simulation stage=stack786_1 position=00000000.3fb305bc.00000000 velocity=00000000.00000000.00000000
simulation stage=stack786_2 position=00000000.401638ef.00000000 velocity=00000000.00000000.00000000
simulation stage=stack787_0 position=00000000.3ee66666.00000000 velocity=00000000.00000000.00000000
simulation stage=stack787_1 position=00000000.3fb305bc.00000000 velocity=00000000.00000000.00000000
simulation stage=stack787_2 position=00000000.401638ef.00000000 velocity=00000000.00000000.00000000
simulation stage=stack788_0 position=00000000.3ee66666.00000000 velocity=00000000.00000000.00000000
simulation stage=stack788_1 position=00000000.3fb305bc.00000000 velocity=00000000.00000000.00000000
simulation stage=stack788_2 position=00000000.401638ef.00000000 velocity=00000000.00000000.00000000
simulation stage=stack789_0 position=00000000.3ee66666.00000000 velocity=00000000.00000000.00000000
simulation stage=stack789_1 position=00000000.3fb305bc.00000000 velocity=00000000.00000000.00000000
simulation stage=stack789_2 position=00000000.401638ef.00000000 velocity=00000000.00000000.00000000
simulation stage=stack790_0 position=00000000.3ee66666.00000000 velocity=00000000.00000000.00000000
simulation stage=stack790_1 position=00000000.3fb305bc.00000000 velocity=00000000.00000000.00000000
simulation stage=stack790_2 position=00000000.401638ef.00000000 velocity=00000000.00000000.00000000
simulation stage=stack791_0 position=00000000.3ee66666.00000000 velocity=00000000.00000000.00000000
simulation stage=stack791_1 position=00000000.3fb305bc.00000000 velocity=00000000.00000000.00000000
simulation stage=stack791_2 position=00000000.401638ef.00000000 velocity=00000000.00000000.00000000
simulation stage=stack792_0 position=00000000.3ee66666.00000000 velocity=00000000.00000000.00000000
simulation stage=stack792_1 position=00000000.3fb305bc.00000000 velocity=00000000.00000000.00000000
simulation stage=stack792_2 position=00000000.401638ef.00000000 velocity=00000000.00000000.00000000
simulation stage=stack793_0 position=00000000.3ee66666.00000000 velocity=00000000.00000000.00000000
simulation stage=stack793_1 position=00000000.3fb305bc.00000000 velocity=00000000.00000000.00000000
simulation stage=stack793_2 position=00000000.401638ef.00000000 velocity=00000000.00000000.00000000
simulation stage=stack794_0 position=00000000.3ee66666.00000000 velocity=00000000.00000000.00000000
simulation stage=stack794_1 position=00000000.3fb305bc.00000000 velocity=00000000.00000000.00000000
simulation stage=stack794_2 position=00000000.401638ef.00000000 velocity=00000000.00000000.00000000
simulation stage=stack795_0 position=00000000.3ee66666.00000000 velocity=00000000.00000000.00000000
simulation stage=stack795_1 position=00000000.3fb305bc.00000000 velocity=00000000.00000000.00000000
simulation stage=stack795_2 position=00000000.401638ef.00000000 velocity=00000000.00000000.00000000
simulation stage=stack796_0 position=00000000.3ee66666.00000000 velocity=00000000.00000000.00000000
simulation stage=stack796_1 position=00000000.3fb305bc.00000000 velocity=00000000.00000000.00000000
simulation stage=stack796_2 position=00000000.401638ef.00000000 velocity=00000000.00000000.00000000
simulation stage=stack797_0 position=00000000.3ee66666.00000000 velocity=00000000.00000000.00000000
simulation stage=stack797_1 position=00000000.3fb305bc.00000000 velocity=00000000.00000000.00000000
simulation stage=stack797_2 position=00000000.401638ef.00000000 velocity=00000000.00000000.00000000
simulation stage=stack798_0 position=00000000.3ee66666.00000000 velocity=00000000.00000000.00000000
simulation stage=stack798_1 position=00000000.3fb305bc.00000000 velocity=00000000.00000000.00000000
simulation stage=stack798_2 position=00000000.401638ef.00000000 velocity=00000000.00000000.00000000
simulation stage=stack799_0 position=00000000.3ee66666.00000000 velocity=00000000.00000000.00000000
simulation stage=stack799_1 position=00000000.3fb305bc.00000000 velocity=00000000.00000000.00000000
simulation stage=stack799_2 position=00000000.401638ef.00000000 velocity=00000000.00000000.00000000
simulation stage=stack800_0 position=00000000.3ee66666.00000000 velocity=00000000.00000000.00000000
simulation stage=stack800_1 position=00000000.3fb305bc.00000000 velocity=00000000.00000000.00000000
simulation stage=stack800_2 position=00000000.401638ef.00000000 velocity=00000000.00000000.00000000
simulation stage=stack801_0 position=00000000.3ee66666.00000000 velocity=00000000.00000000.00000000
simulation stage=stack801_1 position=00000000.3fb305bc.00000000 velocity=00000000.00000000.00000000
simulation stage=stack801_2 position=00000000.401638ef.00000000 velocity=00000000.00000000.00000000
simulation stage=stack802_0 position=00000000.3ee66666.00000000 velocity=00000000.00000000.00000000
simulation stage=stack802_1 position=00000000.3fb305bc.00000000 velocity=00000000.00000000.00000000
simulation stage=stack802_2 position=00000000.401638ef.00000000 velocity=00000000.00000000.00000000
simulation stage=stack803_0 position=00000000.3ee66666.00000000 velocity=00000000.00000000.00000000
simulation stage=stack803_1 position=00000000.3fb305bc.00000000 velocity=00000000.00000000.00000000
simulation stage=stack803_2 position=00000000.401638ef.00000000 velocity=00000000.00000000.00000000
simulation stage=stack804_0 position=00000000.3ee66666.00000000 velocity=00000000.00000000.00000000
simulation stage=stack804_1 position=00000000.3fb305bc.00000000 velocity=00000000.00000000.00000000
simulation stage=stack804_2 position=00000000.401638ef.00000000 velocity=00000000.00000000.00000000
simulation stage=stack805_0 position=00000000.3ee66666.00000000 velocity=00000000.00000000.00000000
simulation stage=stack805_1 position=00000000.3fb305bc.00000000 velocity=00000000.00000000.00000000
simulation stage=stack805_2 position=00000000.401638ef.00000000 velocity=00000000.00000000.00000000
simulation stage=stack806_0 position=00000000.3ee66666.00000000 velocity=00000000.00000000.00000000
simulation stage=stack806_1 position=00000000.3fb305bc.00000000 velocity=00000000.00000000.00000000
simulation stage=stack806_2 position=00000000.401638ef.00000000 velocity=00000000.00000000.00000000
simulation stage=stack807_0 position=00000000.3ee66666.00000000 velocity=00000000.00000000.00000000
simulation stage=stack807_1 position=00000000.3fb305bc.00000000 velocity=00000000.00000000.00000000
simulation stage=stack807_2 position=00000000.401638ef.00000000 velocity=00000000.00000000.00000000
simulation stage=stack808_0 position=00000000.3ee66666.00000000 velocity=00000000.00000000.00000000
simulation stage=stack808_1 position=00000000.3fb305bc.00000000 velocity=00000000.00000000.00000000
simulation stage=stack808_2 position=00000000.401638ef.00000000 velocity=00000000.00000000.00000000
simulation stage=stack809_0 position=00000000.3ee66666.00000000 velocity=00000000.00000000.00000000
simulation stage=stack809_1 position=00000000.3fb305bc.00000000 velocity=00000000.00000000.00000000
simulation stage=stack809_2 position=00000000.401638ef.00000000 velocity=00000000.00000000.00000000
simulation stage=stack810_0 position=00000000.3ee66666.00000000 velocity=00000000.00000000.00000000
simulation stage=stack810_1 position=00000000.3fb305bc.00000000 velocity=00000000.00000000.00000000
simulation stage=stack810_2 position=00000000.401638ef.00000000 velocity=00000000.00000000.00000000
simulation stage=stack811_0 position=00000000.3ee66666.00000000 velocity=00000000.00000000.00000000
simulation stage=stack811_1 position=00000000.3fb305bc.00000000 velocity=00000000.00000000.00000000
simulation stage=stack811_2 position=00000000.401638ef.00000000 velocity=00000000.00000000.00000000
simulation stage=stack812_0 position=00000000.3ee66666.00000000 velocity=00000000.00000000.00000000
simulation stage=stack812_1 position=00000000.3fb305bc.00000000 velocity=00000000.00000000.00000000
simulation stage=stack812_2 position=00000000.401638ef.00000000 velocity=00000000.00000000.00000000
simulation stage=stack813_0 position=00000000.3ee66666.00000000 velocity=00000000.00000000.00000000
simulation stage=stack813_1 position=00000000.3fb305bc.00000000 velocity=00000000.00000000.00000000
simulation stage=stack813_2 position=00000000.401638ef.00000000 velocity=00000000.00000000.00000000
simulation stage=stack814_0 position=00000000.3ee66666.00000000 velocity=00000000.00000000.00000000
simulation stage=stack814_1 position=00000000.3fb305bc.00000000 velocity=00000000.00000000.00000000
simulation stage=stack814_2 position=00000000.401638ef.00000000 velocity=00000000.00000000.00000000
simulation stage=stack815_0 position=00000000.3ee66666.00000000 velocity=00000000.00000000.00000000
simulation stage=stack815_1 position=00000000.3fb305bc.00000000 velocity=00000000.00000000.00000000
simulation stage=stack815_2 position=00000000.401638ef.00000000 velocity=00000000.00000000.00000000
simulation stage=stack816_0 position=00000000.3ee66666.00000000 velocity=00000000.00000000.00000000
simulation stage=stack816_1 position=00000000.3fb305bc.00000000 velocity=00000000.00000000.00000000
simulation stage=stack816_2 position=00000000.401638ef.00000000 velocity=00000000.00000000.00000000
simulation stage=stack817_0 position=00000000.3ee66666.00000000 velocity=00000000.00000000.00000000
simulation stage=stack817_1 position=00000000.3fb305bc.00000000 velocity=00000000.00000000.00000000
simulation stage=stack817_2 position=00000000.401638ef.00000000 velocity=00000000.00000000.00000000
simulation stage=stack818_0 position=00000000.3ee66666.00000000 velocity=00000000.00000000.00000000
simulation stage=stack818_1 position=00000000.3fb305bc.00000000 velocity=00000000.00000000.00000000
simulation stage=stack818_2 position=00000000.401638ef.00000000 velocity=00000000.00000000.00000000
simulation stage=stack819_0 position=00000000.3ee66666.00000000 velocity=00000000.00000000.00000000
simulation stage=stack819_1 position=00000000.3fb305bc.00000000 velocity=00000000.00000000.00000000
simulation stage=stack819_2 position=00000000.401638ef.00000000 velocity=00000000.00000000.00000000
simulation stage=stack820_0 position=00000000.3ee66666.00000000 velocity=00000000.00000000.00000000
simulation stage=stack820_1 position=00000000.3fb305bc.00000000 velocity=00000000.00000000.00000000
simulation stage=stack820_2 position=00000000.401638ef.00000000 velocity=00000000.00000000.00000000
simulation stage=stack821_0 position=00000000.3ee66666.00000000 velocity=00000000.00000000.00000000
simulation stage=stack821_1 position=00000000.3fb305bc.00000000 velocity=00000000.00000000.00000000
simulation stage=stack821_2 position=00000000.401638ef.00000000 velocity=00000000.00000000.00000000
simulation stage=stack822_0 position=00000000.3ee66666.00000000 velocity=00000000.00000000.00000000
simulation stage=stack822_1 position=00000000.3fb305bc.00000000 velocity=00000000.00000000.00000000
simulation stage=stack822_2 position=00000000.401638ef.00000000 velocity=00000000.00000000.00000000
simulation stage=stack823_0 position=00000000.3ee66666.00000000 velocity=00000000.00000000.00000000
simulation stage=stack823_1 position=00000000.3fb305bc.00000000 velocity=00000000.00000000.00000000
simulation stage=stack823_2 position=00000000.401638ef.00000000 velocity=00000000.00000000.00000000
simulation stage=stack824_0 position=00000000.3ee66666.00000000 velocity=00000000.00000000.00000000
simulation stage=stack824_1 position=00000000.3fb305bc.00000000 velocity=00000000.00000000.00000000
simulation stage=stack824_2 position=00000000.401638ef.00000000 velocity=00000000.00000000.00000000
simulation stage=stack825_0 position=00000000.3ee66666.00000000 velocity=00000000.00000000.00000000
simulation stage=stack825_1 position=00000000.3fb305bc.00000000 velocity=00000000.00000000.00000000
simulation stage=stack825_2 position=00000000.401638ef.00000000 velocity=00000000.00000000.00000000
simulation stage=stack826_0 position=00000000.3ee66666.00000000 velocity=00000000.00000000.00000000
simulation stage=stack826_1 position=00000000.3fb305bc.00000000 velocity=00000000.00000000.00000000
simulation stage=stack826_2 position=00000000.401638ef.00000000 velocity=00000000.00000000.00000000
simulation stage=stack827_0 position=00000000.3ee66666.00000000 velocity=00000000.00000000.00000000
simulation stage=stack827_1 position=00000000.3fb305bc.00000000 velocity=00000000.00000000.00000000
simulation stage=stack827_2 position=00000000.401638ef.00000000 velocity=00000000.00000000.00000000
simulation stage=stack828_0 position=00000000.3ee66666.00000000 velocity=00000000.00000000.00000000
simulation stage=stack828_1 position=00000000.3fb305bc.00000000 velocity=00000000.00000000.00000000
simulation stage=stack828_2 position=00000000.401638ef.00000000 velocity=00000000.00000000.00000000
simulation stage=stack829_0 position=00000000.3ee66666.00000000 velocity=00000000.00000000.00000000
simulation stage=stack829_1 position=00000000.3fb305bc.00000000 velocity=00000000.00000000.00000000
simulation stage=stack829_2 position=00000000.401638ef.00000000 velocity=00000000.00000000.00000000
simulation stage=stack830_0 position=00000000.3ee66666.00000000 velocity=00000000.00000000.00000000
simulation stage=stack830_1 position=00000000.3fb305bc.00000000 velocity=00000000.00000000.00000000
simulation stage=stack830_2 position=00000000.401638ef.00000000 velocity=00000000.00000000.00000000
simulation stage=stack831_0 position=00000000.3ee66666.00000000 velocity=00000000.00000000.00000000
simulation stage=stack831_1 position=00000000.3fb305bc.00000000 velocity=00000000.00000000.00000000
simulation stage=stack831_2 position=00000000.401638ef.00000000 velocity=00000000.00000000.00000000
simulation stage=stack832_0 position=00000000.3ee66666.00000000 velocity=00000000.00000000.00000000
simulation stage=stack832_1 position=00000000.3fb305bc.00000000 velocity=00000000.00000000.00000000
simulation stage=stack832_2 position=00000000.401638ef.00000000 velocity=00000000.00000000.00000000
simulation stage=stack833_0 position=00000000.3ee66666.00000000 velocity=00000000.00000000.00000000
simulation stage=stack833_1 position=00000000.3fb305bc.00000000 velocity=00000000.00000000.00000000
simulation stage=stack833_2 position=00000000.401638ef.00000000 velocity=00000000.00000000.00000000
simulation stage=stack834_0 position=00000000.3ee66666.00000000 velocity=00000000.00000000.00000000
simulation stage=stack834_1 position=00000000.3fb305bc.00000000 velocity=00000000.00000000.00000000
simulation stage=stack834_2 position=00000000.401638ef.00000000 velocity=00000000.00000000.00000000
simulation stage=stack835_0 position=00000000.3ee66666.00000000 velocity=00000000.00000000.00000000
simulation stage=stack835_1 position=00000000.3fb305bc.00000000 velocity=00000000.00000000.00000000
simulation stage=stack835_2 position=00000000.401638ef.00000000 velocity=00000000.00000000.00000000
simulation stage=stack836_0 position=00000000.3ee66666.00000000 velocity=00000000.00000000.00000000
simulation stage=stack836_1 position=00000000.3fb305bc.00000000 velocity=00000000.00000000.00000000
simulation stage=stack836_2 position=00000000.401638ef.00000000 velocity=00000000.00000000.00000000
simulation stage=stack837_0 position=00000000.3ee66666.00000000 velocity=00000000.00000000.00000000
simulation stage=stack837_1 position=00000000.3fb305bc.00000000 velocity=00000000.00000000.00000000
simulation stage=stack837_2 position=00000000.401638ef.00000000 velocity=00000000.00000000.00000000
simulation stage=stack838_0 position=00000000.3ee66666.00000000 velocity=00000000.00000000.00000000
simulation stage=stack838_1 position=00000000.3fb305bc.00000000 velocity=00000000.00000000.00000000
simulation stage=stack838_2 position=00000000.401638ef.00000000 velocity=00000000.00000000.00000000
simulation stage=stack839_0 position=00000000.3ee66666.00000000 velocity=00000000.00000000.00000000
simulation stage=stack839_1 position=00000000.3fb305bc.00000000 velocity=00000000.00000000.00000000
simulation stage=stack839_2 position=00000000.401638ef.00000000 velocity=00000000.00000000.00000000
simulation stage=stack840_0 position=00000000.3ee66666.00000000 velocity=00000000.00000000.00000000
simulation stage=stack840_1 position=00000000.3fb305bc.00000000 velocity=00000000.00000000.00000000
simulation stage=stack840_2 position=00000000.401638ef.00000000 velocity=00000000.00000000.00000000
simulation stage=stack841_0 position=00000000.3ee66666.00000000 velocity=00000000.00000000.00000000
simulation stage=stack841_1 position=00000000.3fb305bc.00000000 velocity=00000000.00000000.00000000
simulation stage=stack841_2 position=00000000.401638ef.00000000 velocity=00000000.00000000.00000000
simulation stage=stack842_0 position=00000000.3ee66666.00000000 velocity=00000000.00000000.00000000
simulation stage=stack842_1 position=00000000.3fb305bc.00000000 velocity=00000000.00000000.00000000
simulation stage=stack842_2 position=00000000.401638ef.00000000 velocity=00000000.00000000.00000000
simulation stage=stack843_0 position=00000000.3ee66666.00000000 velocity=00000000.00000000.00000000
simulation stage=stack843_1 position=00000000.3fb305bc.00000000 velocity=00000000.00000000.00000000
simulation stage=stack843_2 position=00000000.401638ef.00000000 velocity=00000000.00000000.00000000
simulation stage=stack844_0 position=00000000.3ee66666.00000000 velocity=00000000.00000000.00000000
simulation stage=stack844_1 position=00000000.3fb305bc.00000000 velocity=00000000.00000000.00000000
simulation stage=stack844_2 position=00000000.401638ef.00000000 velocity=00000000.00000000.00000000
simulation stage=stack845_0 position=00000000.3ee66666.00000000 velocity=00000000.00000000.00000000
simulation stage=stack845_1 position=00000000.3fb305bc.00000000 velocity=00000000.00000000.00000000
simulation stage=stack845_2 position=00000000.401638ef.00000000 velocity=00000000.00000000.00000000
simulation stage=stack846_0 position=00000000.3ee66666.00000000 velocity=00000000.00000000.00000000
simulation stage=stack846_1 position=00000000.3fb305bc.00000000 velocity=00000000.00000000.00000000
simulation stage=stack846_2 position=00000000.401638ef.00000000 velocity=00000000.00000000.00000000
simulation stage=stack847_0 position=00000000.3ee66666.00000000 velocity=00000000.00000000.00000000
simulation stage=stack847_1 position=00000000.3fb305bc.00000000 velocity=00000000.00000000.00000000
simulation stage=stack847_2 position=00000000.401638ef.00000000 velocity=00000000.00000000.00000000
simulation stage=stack848_0 position=00000000.3ee66666.00000000 velocity=00000000.00000000.00000000
simulation stage=stack848_1 position=00000000.3fb305bc.00000000 velocity=00000000.00000000.00000000
simulation stage=stack848_2 position=00000000.401638ef.00000000 velocity=00000000.00000000.00000000
simulation stage=stack849_0 position=00000000.3ee66666.00000000 velocity=00000000.00000000.00000000
simulation stage=stack849_1 position=00000000.3fb305bc.00000000 velocity=00000000.00000000.00000000
simulation stage=stack849_2 position=00000000.401638ef.00000000 velocity=00000000.00000000.00000000
simulation stage=stack850_0 position=00000000.3ee66666.00000000 velocity=00000000.00000000.00000000
simulation stage=stack850_1 position=00000000.3fb305bc.00000000 velocity=00000000.00000000.00000000
simulation stage=stack850_2 position=00000000.401638ef.00000000 velocity=00000000.00000000.00000000
simulation stage=stack851_0 position=00000000.3ee66666.00000000 velocity=00000000.00000000.00000000
simulation stage=stack851_1 position=00000000.3fb305bc.00000000 velocity=00000000.00000000.00000000
simulation stage=stack851_2 position=00000000.401638ef.00000000 velocity=00000000.00000000.00000000
simulation stage=stack852_0 position=00000000.3ee66666.00000000 velocity=00000000.00000000.00000000
simulation stage=stack852_1 position=00000000.3fb305bc.00000000 velocity=00000000.00000000.00000000
simulation stage=stack852_2 position=00000000.401638ef.00000000 velocity=00000000.00000000.00000000
simulation stage=stack853_0 position=00000000.3ee66666.00000000 velocity=00000000.00000000.00000000
simulation stage=stack853_1 position=00000000.3fb305bc.00000000 velocity=00000000.00000000.00000000
simulation stage=stack853_2 position=00000000.401638ef.00000000 velocity=00000000.00000000.00000000
simulation stage=stack854_0 position=00000000.3ee66666.00000000 velocity=00000000.00000000.00000000
simulation stage=stack854_1 position=00000000.3fb305bc.00000000 velocity=00000000.00000000.00000000
simulation stage=stack854_2 position=00000000.401638ef.00000000 velocity=00000000.00000000.00000000
simulation stage=stack855_0 position=00000000.3ee66666.00000000 velocity=00000000.00000000.00000000
simulation stage=stack855_1 position=00000000.3fb305bc.00000000 velocity=00000000.00000000.00000000
simulation stage=stack855_2 position=00000000.401638ef.00000000 velocity=00000000.00000000.00000000
simulation stage=stack856_0 position=00000000.3ee66666.00000000 velocity=00000000.00000000.00000000
simulation stage=stack856_1 position=00000000.3fb305bc.00000000 velocity=00000000.00000000.00000000
simulation stage=stack856_2 position=00000000.401638ef.00000000 velocity=00000000.00000000.00000000
simulation stage=stack857_0 position=00000000.3ee66666.00000000 velocity=00000000.00000000.00000000
simulation stage=stack857_1 position=00000000.3fb305bc.00000000 velocity=00000000.00000000.00000000
simulation stage=stack857_2 position=00000000.401638ef.00000000 velocity=00000000.00000000.00000000
simulation stage=stack858_0 position=00000000.3ee66666.00000000 velocity=00000000.00000000.00000000
simulation stage=stack858_1 position=00000000.3fb305bc.00000000 velocity=00000000.00000000.00000000
simulation stage=stack858_2 position=00000000.401638ef.00000000 velocity=00000000.00000000.00000000
simulation stage=stack859_0 position=00000000.3ee66666.00000000 velocity=00000000.00000000.00000000
simulation stage=stack859_1 position=00000000.3fb305bc.00000000 velocity=00000000.00000000.00000000
simulation stage=stack859_2 position=00000000.401638ef.00000000 velocity=00000000.00000000.00000000
simulation stage=stack860_0 position=00000000.3ee66666.00000000 velocity=00000000.00000000.00000000
simulation stage=stack860_1 position=00000000.3fb305bc.00000000 velocity=00000000.00000000.00000000
simulation stage=stack860_2 position=00000000.401638ef.00000000 velocity=00000000.00000000.00000000
simulation stage=stack861_0 position=00000000.3ee66666.00000000 velocity=00000000.00000000.00000000
simulation stage=stack861_1 position=00000000.3fb305bc.00000000 velocity=00000000.00000000.00000000
simulation stage=stack861_2 position=00000000.401638ef.00000000 velocity=00000000.00000000.00000000
simulation stage=stack862_0 position=00000000.3ee66666.00000000 velocity=00000000.00000000.00000000
simulation stage=stack862_1 position=00000000.3fb305bc.00000000 velocity=00000000.00000000.00000000
simulation stage=stack862_2 position=00000000.401638ef.00000000 velocity=00000000.00000000.00000000
simulation stage=stack863_0 position=00000000.3ee66666.00000000 velocity=00000000.00000000.00000000
simulation stage=stack863_1 position=00000000.3fb305bc.00000000 velocity=00000000.00000000.00000000
simulation stage=stack863_2 position=00000000.401638ef.00000000 velocity=00000000.00000000.00000000
simulation stage=stack864_0 position=00000000.3ee66666.00000000 velocity=00000000.00000000.00000000
simulation stage=stack864_1 position=00000000.3fb305bc.00000000 velocity=00000000.00000000.00000000
simulation stage=stack864_2 position=00000000.401638ef.00000000 velocity=00000000.00000000.00000000
simulation stage=stack865_0 position=00000000.3ee66666.00000000 velocity=00000000.00000000.00000000
simulation stage=stack865_1 position=00000000.3fb305bc.00000000 velocity=00000000.00000000.00000000
simulation stage=stack865_2 position=00000000.401638ef.00000000 velocity=00000000.00000000.00000000
simulation stage=stack866_0 position=00000000.3ee66666.00000000 velocity=00000000.00000000.00000000
simulation stage=stack866_1 position=00000000.3fb305bc.00000000 velocity=00000000.00000000.00000000
simulation stage=stack866_2 position=00000000.401638ef.00000000 velocity=00000000.00000000.00000000
simulation stage=stack867_0 position=00000000.3ee66666.00000000 velocity=00000000.00000000.00000000
simulation stage=stack867_1 position=00000000.3fb305bc.00000000 velocity=00000000.00000000.00000000
simulation stage=stack867_2 position=00000000.401638ef.00000000 velocity=00000000.00000000.00000000
simulation stage=stack868_0 position=00000000.3ee66666.00000000 velocity=00000000.00000000.00000000
simulation stage=stack868_1 position=00000000.3fb305bc.00000000 velocity=00000000.00000000.00000000
simulation stage=stack868_2 position=00000000.401638ef.00000000 velocity=00000000.00000000.00000000
simulation stage=stack869_0 position=00000000.3ee66666.00000000 velocity=00000000.00000000.00000000
simulation stage=stack869_1 position=00000000.3fb305bc.00000000 velocity=00000000.00000000.00000000
simulation stage=stack869_2 position=00000000.401638ef.00000000 velocity=00000000.00000000.00000000
simulation stage=stack870_0 position=00000000.3ee66666.00000000 velocity=00000000.00000000.00000000
simulation stage=stack870_1 position=00000000.3fb305bc.00000000 velocity=00000000.00000000.00000000
simulation stage=stack870_2 position=00000000.401638ef.00000000 velocity=00000000.00000000.00000000
simulation stage=stack871_0 position=00000000.3ee66666.00000000 velocity=00000000.00000000.00000000
simulation stage=stack871_1 position=00000000.3fb305bc.00000000 velocity=00000000.00000000.00000000
simulation stage=stack871_2 position=00000000.401638ef.00000000 velocity=00000000.00000000.00000000
simulation stage=stack872_0 position=00000000.3ee66666.00000000 velocity=00000000.00000000.00000000
simulation stage=stack872_1 position=00000000.3fb305bc.00000000 velocity=00000000.00000000.00000000
simulation stage=stack872_2 position=00000000.401638ef.00000000 velocity=00000000.00000000.00000000
simulation stage=stack873_0 position=00000000.3ee66666.00000000 velocity=00000000.00000000.00000000
simulation stage=stack873_1 position=00000000.3fb305bc.00000000 velocity=00000000.00000000.00000000
simulation stage=stack873_2 position=00000000.401638ef.00000000 velocity=00000000.00000000.00000000
simulation stage=stack874_0 position=00000000.3ee66666.00000000 velocity=00000000.00000000.00000000
simulation stage=stack874_1 position=00000000.3fb305bc.00000000 velocity=00000000.00000000.00000000
simulation stage=stack874_2 position=00000000.401638ef.00000000 velocity=00000000.00000000.00000000
simulation stage=stack875_0 position=00000000.3ee66666.00000000 velocity=00000000.00000000.00000000
simulation stage=stack875_1 position=00000000.3fb305bc.00000000 velocity=00000000.00000000.00000000
simulation stage=stack875_2 position=00000000.401638ef.00000000 velocity=00000000.00000000.00000000
simulation stage=stack876_0 position=00000000.3ee66666.00000000 velocity=00000000.00000000.00000000
simulation stage=stack876_1 position=00000000.3fb305bc.00000000 velocity=00000000.00000000.00000000
simulation stage=stack876_2 position=00000000.401638ef.00000000 velocity=00000000.00000000.00000000
simulation stage=stack877_0 position=00000000.3ee66666.00000000 velocity=00000000.00000000.00000000
simulation stage=stack877_1 position=00000000.3fb305bc.00000000 velocity=00000000.00000000.00000000
simulation stage=stack877_2 position=00000000.401638ef.00000000 velocity=00000000.00000000.00000000
simulation stage=stack878_0 position=00000000.3ee66666.00000000 velocity=00000000.00000000.00000000
simulation stage=stack878_1 position=00000000.3fb305bc.00000000 velocity=00000000.00000000.00000000
simulation stage=stack878_2 position=00000000.401638ef.00000000 velocity=00000000.00000000.00000000
simulation stage=stack879_0 position=00000000.3ee66666.00000000 velocity=00000000.00000000.00000000
simulation stage=stack879_1 position=00000000.3fb305bc.00000000 velocity=00000000.00000000.00000000
simulation stage=stack879_2 position=00000000.401638ef.00000000 velocity=00000000.00000000.00000000
simulation stage=stack880_0 position=00000000.3ee66666.00000000 velocity=00000000.00000000.00000000
simulation stage=stack880_1 position=00000000.3fb305bc.00000000 velocity=00000000.00000000.00000000
simulation stage=stack880_2 position=00000000.401638ef.00000000 velocity=00000000.00000000.00000000
simulation stage=stack881_0 position=00000000.3ee66666.00000000 velocity=00000000.00000000.00000000
simulation stage=stack881_1 position=00000000.3fb305bc.00000000 velocity=00000000.00000000.00000000
simulation stage=stack881_2 position=00000000.401638ef.00000000 velocity=00000000.00000000.00000000
simulation stage=stack882_0 position=00000000.3ee66666.00000000 velocity=00000000.00000000.00000000
simulation stage=stack882_1 position=00000000.3fb305bc.00000000 velocity=00000000.00000000.00000000
simulation stage=stack882_2 position=00000000.401638ef.00000000 velocity=00000000.00000000.00000000
simulation stage=stack883_0 position=00000000.3ee66666.00000000 velocity=00000000.00000000.00000000
simulation stage=stack883_1 position=00000000.3fb305bc.00000000 velocity=00000000.00000000.00000000
simulation stage=stack883_2 position=00000000.401638ef.00000000 velocity=00000000.00000000.00000000
simulation stage=stack884_0 position=00000000.3ee66666.00000000 velocity=00000000.00000000.00000000
simulation stage=stack884_1 position=00000000.3fb305bc.00000000 velocity=00000000.00000000.00000000
simulation stage=stack884_2 position=00000000.401638ef.00000000 velocity=00000000.00000000.00000000
simulation stage=stack885_0 position=00000000.3ee66666.00000000 velocity=00000000.00000000.00000000
simulation stage=stack885_1 position=00000000.3fb305bc.00000000 velocity=00000000.00000000.00000000
simulation stage=stack885_2 position=00000000.401638ef.00000000 velocity=00000000.00000000.00000000
simulation stage=stack886_0 position=00000000.3ee66666.00000000 velocity=00000000.00000000.00000000
simulation stage=stack886_1 position=00000000.3fb305bc.00000000 velocity=00000000.00000000.00000000
simulation stage=stack886_2 position=00000000.401638ef.00000000 velocity=00000000.00000000.00000000
simulation stage=stack887_0 position=00000000.3ee66666.00000000 velocity=00000000.00000000.00000000
simulation stage=stack887_1 position=00000000.3fb305bc.00000000 velocity=00000000.00000000.00000000
simulation stage=stack887_2 position=00000000.401638ef.00000000 velocity=00000000.00000000.00000000
simulation stage=stack888_0 position=00000000.3ee66666.00000000 velocity=00000000.00000000.00000000
simulation stage=stack888_1 position=00000000.3fb305bc.00000000 velocity=00000000.00000000.00000000
simulation stage=stack888_2 position=00000000.401638ef.00000000 velocity=00000000.00000000.00000000
simulation stage=stack889_0 position=00000000.3ee66666.00000000 velocity=00000000.00000000.00000000
simulation stage=stack889_1 position=00000000.3fb305bc.00000000 velocity=00000000.00000000.00000000
simulation stage=stack889_2 position=00000000.401638ef.00000000 velocity=00000000.00000000.00000000
simulation stage=stack890_0 position=00000000.3ee66666.00000000 velocity=00000000.00000000.00000000
simulation stage=stack890_1 position=00000000.3fb305bc.00000000 velocity=00000000.00000000.00000000
simulation stage=stack890_2 position=00000000.401638ef.00000000 velocity=00000000.00000000.00000000
simulation stage=stack891_0 position=00000000.3ee66666.00000000 velocity=00000000.00000000.00000000
simulation stage=stack891_1 position=00000000.3fb305bc.00000000 velocity=00000000.00000000.00000000
simulation stage=stack891_2 position=00000000.401638ef.00000000 velocity=00000000.00000000.00000000
simulation stage=stack892_0 position=00000000.3ee66666.00000000 velocity=00000000.00000000.00000000
simulation stage=stack892_1 position=00000000.3fb305bc.00000000 velocity=00000000.00000000.00000000
simulation stage=stack892_2 position=00000000.401638ef.00000000 velocity=00000000.00000000.00000000
simulation stage=stack893_0 position=00000000.3ee66666.00000000 velocity=00000000.00000000.00000000
simulation stage=stack893_1 position=00000000.3fb305bc.00000000 velocity=00000000.00000000.00000000
simulation stage=stack893_2 position=00000000.401638ef.00000000 velocity=00000000.00000000.00000000
simulation stage=stack894_0 position=00000000.3ee66666.00000000 velocity=00000000.00000000.00000000
simulation stage=stack894_1 position=00000000.3fb305bc.00000000 velocity=00000000.00000000.00000000
simulation stage=stack894_2 position=00000000.401638ef.00000000 velocity=00000000.00000000.00000000
simulation stage=stack895_0 position=00000000.3ee66666.00000000 velocity=00000000.00000000.00000000
simulation stage=stack895_1 position=00000000.3fb305bc.00000000 velocity=00000000.00000000.00000000
simulation stage=stack895_2 position=00000000.401638ef.00000000 velocity=00000000.00000000.00000000
simulation stage=stack896_0 position=00000000.3ee66666.00000000 velocity=00000000.00000000.00000000
simulation stage=stack896_1 position=00000000.3fb305bc.00000000 velocity=00000000.00000000.00000000
simulation stage=stack896_2 position=00000000.401638ef.00000000 velocity=00000000.00000000.00000000
simulation stage=stack897_0 position=00000000.3ee66666.00000000 velocity=00000000.00000000.00000000
simulation stage=stack897_1 position=00000000.3fb305bc.00000000 velocity=00000000.00000000.00000000
simulation stage=stack897_2 position=00000000.401638ef.00000000 velocity=00000000.00000000.00000000
simulation stage=stack898_0 position=00000000.3ee66666.00000000 velocity=00000000.00000000.00000000
simulation stage=stack898_1 position=00000000.3fb305bc.00000000 velocity=00000000.00000000.00000000
simulation stage=stack898_2 position=00000000.401638ef.00000000 velocity=00000000.00000000.00000000
simulation stage=stack899_0 position=00000000.3ee66666.00000000 velocity=00000000.00000000.00000000
simulation stage=stack899_1 position=00000000.3fb305bc.00000000 velocity=00000000.00000000.00000000
simulation stage=stack899_2 position=00000000.401638ef.00000000 velocity=00000000.00000000.00000000
simulation stage=stack900_0 position=00000000.3ee66666.00000000 velocity=00000000.00000000.00000000
simulation stage=stack900_1 position=00000000.3fb305bc.00000000 velocity=00000000.00000000.00000000
simulation stage=stack900_2 position=00000000.401638ef.00000000 velocity=00000000.00000000.00000000
simulation stage=stack901_0 position=00000000.3ee66666.00000000 velocity=00000000.00000000.00000000
simulation stage=stack901_1 position=00000000.3fb305bc.00000000 velocity=00000000.00000000.00000000
simulation stage=stack901_2 position=00000000.401638ef.00000000 velocity=00000000.00000000.00000000
simulation stage=stack902_0 position=00000000.3ee66666.00000000 velocity=00000000.00000000.00000000
simulation stage=stack902_1 position=00000000.3fb305bc.00000000 velocity=00000000.00000000.00000000
simulation stage=stack902_2 position=00000000.401638ef.00000000 velocity=00000000.00000000.00000000
simulation stage=stack903_0 position=00000000.3ee66666.00000000 velocity=00000000.00000000.00000000
simulation stage=stack903_1 position=00000000.3fb305bc.00000000 velocity=00000000.00000000.00000000
simulation stage=stack903_2 position=00000000.401638ef.00000000 velocity=00000000.00000000.00000000
simulation stage=stack904_0 position=00000000.3ee66666.00000000 velocity=00000000.00000000.00000000
simulation stage=stack904_1 position=00000000.3fb305bc.00000000 velocity=00000000.00000000.00000000
simulation stage=stack904_2 position=00000000.401638ef.00000000 velocity=00000000.00000000.00000000
simulation stage=stack905_0 position=00000000.3ee66666.00000000 velocity=00000000.00000000.00000000
simulation stage=stack905_1 position=00000000.3fb305bc.00000000 velocity=00000000.00000000.00000000
simulation stage=stack905_2 position=00000000.401638ef.00000000 velocity=00000000.00000000.00000000
simulation stage=stack906_0 position=00000000.3ee66666.00000000 velocity=00000000.00000000.00000000
simulation stage=stack906_1 position=00000000.3fb305bc.00000000 velocity=00000000.00000000.00000000
simulation stage=stack906_2 position=00000000.401638ef.00000000 velocity=00000000.00000000.00000000
simulation stage=stack907_0 position=00000000.3ee66666.00000000 velocity=00000000.00000000.00000000
simulation stage=stack907_1 position=00000000.3fb305bc.00000000 velocity=00000000.00000000.00000000
simulation stage=stack907_2 position=00000000.401638ef.00000000 velocity=00000000.00000000.00000000
simulation stage=stack908_0 position=00000000.3ee66666.00000000 velocity=00000000.00000000.00000000
simulation stage=stack908_1 position=00000000.3fb305bc.00000000 velocity=00000000.00000000.00000000
simulation stage=stack908_2 position=00000000.401638ef.00000000 velocity=00000000.00000000.00000000
simulation stage=stack909_0 position=00000000.3ee66666.00000000 velocity=00000000.00000000.00000000
simulation stage=stack909_1 position=00000000.3fb305bc.00000000 velocity=00000000.00000000.00000000
simulation stage=stack909_2 position=00000000.401638ef.00000000 velocity=00000000.00000000.00000000
simulation stage=stack910_0 position=00000000.3ee66666.00000000 velocity=00000000.00000000.00000000
simulation stage=stack910_1 position=00000000.3fb305bc.00000000 velocity=00000000.00000000.00000000
simulation stage=stack910_2 position=00000000.401638ef.00000000 velocity=00000000.00000000.00000000
simulation stage=stack911_0 position=00000000.3ee66666.00000000 velocity=00000000.00000000.00000000
simulation stage=stack911_1 position=00000000.3fb305bc.00000000 velocity=00000000.00000000.00000000
simulation stage=stack911_2 position=00000000.401638ef.00000000 velocity=00000000.00000000.00000000
simulation stage=stack912_0 position=00000000.3ee66666.00000000 velocity=00000000.00000000.00000000
simulation stage=stack912_1 position=00000000.3fb305bc.00000000 velocity=00000000.00000000.00000000
simulation stage=stack912_2 position=00000000.401638ef.00000000 velocity=00000000.00000000.00000000
simulation stage=stack913_0 position=00000000.3ee66666.00000000 velocity=00000000.00000000.00000000
simulation stage=stack913_1 position=00000000.3fb305bc.00000000 velocity=00000000.00000000.00000000
simulation stage=stack913_2 position=00000000.401638ef.00000000 velocity=00000000.00000000.00000000
simulation stage=stack914_0 position=00000000.3ee66666.00000000 velocity=00000000.00000000.00000000
simulation stage=stack914_1 position=00000000.3fb305bc.00000000 velocity=00000000.00000000.00000000
simulation stage=stack914_2 position=00000000.401638ef.00000000 velocity=00000000.00000000.00000000
simulation stage=stack915_0 position=00000000.3ee66666.00000000 velocity=00000000.00000000.00000000
simulation stage=stack915_1 position=00000000.3fb305bc.00000000 velocity=00000000.00000000.00000000
simulation stage=stack915_2 position=00000000.401638ef.00000000 velocity=00000000.00000000.00000000
simulation stage=stack916_0 position=00000000.3ee66666.00000000 velocity=00000000.00000000.00000000
simulation stage=stack916_1 position=00000000.3fb305bc.00000000 velocity=00000000.00000000.00000000
simulation stage=stack916_2 position=00000000.401638ef.00000000 velocity=00000000.00000000.00000000
simulation stage=stack917_0 position=00000000.3ee66666.00000000 velocity=00000000.00000000.00000000
simulation stage=stack917_1 position=00000000.3fb305bc.00000000 velocity=00000000.00000000.00000000
simulation stage=stack917_2 position=00000000.401638ef.00000000 velocity=00000000.00000000.00000000
simulation stage=stack918_0 position=00000000.3ee66666.00000000 velocity=00000000.00000000.00000000
simulation stage=stack918_1 position=00000000.3fb305bc.00000000 velocity=00000000.00000000.00000000
simulation stage=stack918_2 position=00000000.401638ef.00000000 velocity=00000000.00000000.00000000
simulation stage=stack919_0 position=00000000.3ee66666.00000000 velocity=00000000.00000000.00000000
simulation stage=stack919_1 position=00000000.3fb305bc.00000000 velocity=00000000.00000000.00000000
simulation stage=stack919_2 position=00000000.401638ef.00000000 velocity=00000000.00000000.00000000
simulation stage=stack920_0 position=00000000.3ee66666.00000000 velocity=00000000.00000000.00000000
simulation stage=stack920_1 position=00000000.3fb305bc.00000000 velocity=00000000.00000000.00000000
simulation stage=stack920_2 position=00000000.401638ef.00000000 velocity=00000000.00000000.00000000
simulation stage=stack921_0 position=00000000.3ee66666.00000000 velocity=00000000.00000000.00000000
simulation stage=stack921_1 position=00000000.3fb305bc.00000000 velocity=00000000.00000000.00000000
simulation stage=stack921_2 position=00000000.401638ef.00000000 velocity=00000000.00000000.00000000
simulation stage=stack922_0 position=00000000.3ee66666.00000000 velocity=00000000.00000000.00000000
simulation stage=stack922_1 position=00000000.3fb305bc.00000000 velocity=00000000.00000000.00000000
simulation stage=stack922_2 position=00000000.401638ef.00000000 velocity=00000000.00000000.00000000
simulation stage=stack923_0 position=00000000.3ee66666.00000000 velocity=00000000.00000000.00000000
simulation stage=stack923_1 position=00000000.3fb305bc.00000000 velocity=00000000.00000000.00000000
simulation stage=stack923_2 position=00000000.401638ef.00000000 velocity=00000000.00000000.00000000
simulation stage=stack924_0 position=00000000.3ee66666.00000000 velocity=00000000.00000000.00000000
simulation stage=stack924_1 position=00000000.3fb305bc.00000000 velocity=00000000.00000000.00000000
simulation stage=stack924_2 position=00000000.401638ef.00000000 velocity=00000000.00000000.00000000
simulation stage=stack925_0 position=00000000.3ee66666.00000000 velocity=00000000.00000000.00000000
simulation stage=stack925_1 position=00000000.3fb305bc.00000000 velocity=00000000.00000000.00000000
simulation stage=stack925_2 position=00000000.401638ef.00000000 velocity=00000000.00000000.00000000
simulation stage=stack926_0 position=00000000.3ee66666.00000000 velocity=00000000.00000000.00000000
simulation stage=stack926_1 position=00000000.3fb305bc.00000000 velocity=00000000.00000000.00000000
simulation stage=stack926_2 position=00000000.401638ef.00000000 velocity=00000000.00000000.00000000
simulation stage=stack927_0 position=00000000.3ee66666.00000000 velocity=00000000.00000000.00000000
simulation stage=stack927_1 position=00000000.3fb305bc.00000000 velocity=00000000.00000000.00000000
simulation stage=stack927_2 position=00000000.401638ef.00000000 velocity=00000000.00000000.00000000
simulation stage=stack928_0 position=00000000.3ee66666.00000000 velocity=00000000.00000000.00000000
simulation stage=stack928_1 position=00000000.3fb305bc.00000000 velocity=00000000.00000000.00000000
simulation stage=stack928_2 position=00000000.401638ef.00000000 velocity=00000000.00000000.00000000
simulation stage=stack929_0 position=00000000.3ee66666.00000000 velocity=00000000.00000000.00000000
simulation stage=stack929_1 position=00000000.3fb305bc.00000000 velocity=00000000.00000000.00000000
simulation stage=stack929_2 position=00000000.401638ef.00000000 velocity=00000000.00000000.00000000
simulation stage=stack930_0 position=00000000.3ee66666.00000000 velocity=00000000.00000000.00000000
simulation stage=stack930_1 position=00000000.3fb305bc.00000000 velocity=00000000.00000000.00000000
simulation stage=stack930_2 position=00000000.401638ef.00000000 velocity=00000000.00000000.00000000
simulation stage=stack931_0 position=00000000.3ee66666.00000000 velocity=00000000.00000000.00000000
simulation stage=stack931_1 position=00000000.3fb305bc.00000000 velocity=00000000.00000000.00000000
simulation stage=stack931_2 position=00000000.401638ef.00000000 velocity=00000000.00000000.00000000
simulation stage=stack932_0 position=00000000.3ee66666.00000000 velocity=00000000.00000000.00000000
simulation stage=stack932_1 position=00000000.3fb305bc.00000000 velocity=00000000.00000000.00000000
simulation stage=stack932_2 position=00000000.401638ef.00000000 velocity=00000000.00000000.00000000
simulation stage=stack933_0 position=00000000.3ee66666.00000000 velocity=00000000.00000000.00000000
simulation stage=stack933_1 position=00000000.3fb305bc.00000000 velocity=00000000.00000000.00000000
simulation stage=stack933_2 position=00000000.401638ef.00000000 velocity=00000000.00000000.00000000
simulation stage=stack934_0 position=00000000.3ee66666.00000000 velocity=00000000.00000000.00000000
simulation stage=stack934_1 position=00000000.3fb305bc.00000000 velocity=00000000.00000000.00000000
simulation stage=stack934_2 position=00000000.401638ef.00000000 velocity=00000000.00000000.00000000
simulation stage=stack935_0 position=00000000.3ee66666.00000000 velocity=00000000.00000000.00000000
simulation stage=stack935_1 position=00000000.3fb305bc.00000000 velocity=00000000.00000000.00000000
simulation stage=stack935_2 position=00000000.401638ef.00000000 velocity=00000000.00000000.00000000
simulation stage=stack936_0 position=00000000.3ee66666.00000000 velocity=00000000.00000000.00000000
simulation stage=stack936_1 position=00000000.3fb305bc.00000000 velocity=00000000.00000000.00000000
simulation stage=stack936_2 position=00000000.401638ef.00000000 velocity=00000000.00000000.00000000
simulation stage=stack937_0 position=00000000.3ee66666.00000000 velocity=00000000.00000000.00000000
simulation stage=stack937_1 position=00000000.3fb305bc.00000000 velocity=00000000.00000000.00000000
simulation stage=stack937_2 position=00000000.401638ef.00000000 velocity=00000000.00000000.00000000
simulation stage=stack938_0 position=00000000.3ee66666.00000000 velocity=00000000.00000000.00000000
simulation stage=stack938_1 position=00000000.3fb305bc.00000000 velocity=00000000.00000000.00000000
simulation stage=stack938_2 position=00000000.401638ef.00000000 velocity=00000000.00000000.00000000
simulation stage=stack939_0 position=00000000.3ee66666.00000000 velocity=00000000.00000000.00000000
simulation stage=stack939_1 position=00000000.3fb305bc.00000000 velocity=00000000.00000000.00000000
simulation stage=stack939_2 position=00000000.401638ef.00000000 velocity=00000000.00000000.00000000
simulation stage=stack940_0 position=00000000.3ee66666.00000000 velocity=00000000.00000000.00000000
simulation stage=stack940_1 position=00000000.3fb305bc.00000000 velocity=00000000.00000000.00000000
simulation stage=stack940_2 position=00000000.401638ef.00000000 velocity=00000000.00000000.00000000
simulation stage=stack941_0 position=00000000.3ee66666.00000000 velocity=00000000.00000000.00000000
simulation stage=stack941_1 position=00000000.3fb305bc.00000000 velocity=00000000.00000000.00000000
simulation stage=stack941_2 position=00000000.401638ef.00000000 velocity=00000000.00000000.00000000
simulation stage=stack942_0 position=00000000.3ee66666.00000000 velocity=00000000.00000000.00000000
simulation stage=stack942_1 position=00000000.3fb305bc.00000000 velocity=00000000.00000000.00000000
simulation stage=stack942_2 position=00000000.401638ef.00000000 velocity=00000000.00000000.00000000
simulation stage=stack943_0 position=00000000.3ee66666.00000000 velocity=00000000.00000000.00000000
simulation stage=stack943_1 position=00000000.3fb305bc.00000000 velocity=00000000.00000000.00000000
simulation stage=stack943_2 position=00000000.401638ef.00000000 velocity=00000000.00000000.00000000
simulation stage=stack944_0 position=00000000.3ee66666.00000000 velocity=00000000.00000000.00000000
simulation stage=stack944_1 position=00000000.3fb305bc.00000000 velocity=00000000.00000000.00000000
simulation stage=stack944_2 position=00000000.401638ef.00000000 velocity=00000000.00000000.00000000
simulation stage=stack945_0 position=00000000.3ee66666.00000000 velocity=00000000.00000000.00000000
simulation stage=stack945_1 position=00000000.3fb305bc.00000000 velocity=00000000.00000000.00000000
simulation stage=stack945_2 position=00000000.401638ef.00000000 velocity=00000000.00000000.00000000
simulation stage=stack946_0 position=00000000.3ee66666.00000000 velocity=00000000.00000000.00000000
simulation stage=stack946_1 position=00000000.3fb305bc.00000000 velocity=00000000.00000000.00000000
simulation stage=stack946_2 position=00000000.401638ef.00000000 velocity=00000000.00000000.00000000
simulation stage=stack947_0 position=00000000.3ee66666.00000000 velocity=00000000.00000000.00000000
simulation stage=stack947_1 position=00000000.3fb305bc.00000000 velocity=00000000.00000000.00000000
simulation stage=stack947_2 position=00000000.401638ef.00000000 velocity=00000000.00000000.00000000
simulation stage=stack948_0 position=00000000.3ee66666.00000000 velocity=00000000.00000000.00000000
simulation stage=stack948_1 position=00000000.3fb305bc.00000000 velocity=00000000.00000000.00000000
simulation stage=stack948_2 position=00000000.401638ef.00000000 velocity=00000000.00000000.00000000
simulation stage=stack949_0 position=00000000.3ee66666.00000000 velocity=00000000.00000000.00000000
simulation stage=stack949_1 position=00000000.3fb305bc.00000000 velocity=00000000.00000000.00000000
simulation stage=stack949_2 position=00000000.401638ef.00000000 velocity=00000000.00000000.00000000
simulation stage=stack950_0 position=00000000.3ee66666.00000000 velocity=00000000.00000000.00000000
simulation stage=stack950_1 position=00000000.3fb305bc.00000000 velocity=00000000.00000000.00000000
simulation stage=stack950_2 position=00000000.401638ef.00000000 velocity=00000000.00000000.00000000
simulation stage=stack951_0 position=00000000.3ee66666.00000000 velocity=00000000.00000000.00000000
simulation stage=stack951_1 position=00000000.3fb305bc.00000000 velocity=00000000.00000000.00000000
simulation stage=stack951_2 position=00000000.401638ef.00000000 velocity=00000000.00000000.00000000
simulation stage=stack952_0 position=00000000.3ee66666.00000000 velocity=00000000.00000000.00000000
simulation stage=stack952_1 position=00000000.3fb305bc.00000000 velocity=00000000.00000000.00000000
simulation stage=stack952_2 position=00000000.401638ef.00000000 velocity=00000000.00000000.00000000
simulation stage=stack953_0 position=00000000.3ee66666.00000000 velocity=00000000.00000000.00000000
simulation stage=stack953_1 position=00000000.3fb305bc.00000000 velocity=00000000.00000000.00000000
simulation stage=stack953_2 position=00000000.401638ef.00000000 velocity=00000000.00000000.00000000
simulation stage=stack954_0 position=00000000.3ee66666.00000000 velocity=00000000.00000000.00000000
simulation stage=stack954_1 position=00000000.3fb305bc.00000000 velocity=00000000.00000000.00000000
simulation stage=stack954_2 position=00000000.401638ef.00000000 velocity=00000000.00000000.00000000
simulation stage=stack955_0 position=00000000.3ee66666.00000000 velocity=00000000.00000000.00000000
simulation stage=stack955_1 position=00000000.3fb305bc.00000000 velocity=00000000.00000000.00000000
simulation stage=stack955_2 position=00000000.401638ef.00000000 velocity=00000000.00000000.00000000
simulation stage=stack956_0 position=00000000.3ee66666.00000000 velocity=00000000.00000000.00000000
simulation stage=stack956_1 position=00000000.3fb305bc.00000000 velocity=00000000.00000000.00000000
simulation stage=stack956_2 position=00000000.401638ef.00000000 velocity=00000000.00000000.00000000
simulation stage=stack957_0 position=00000000.3ee66666.00000000 velocity=00000000.00000000.00000000
simulation stage=stack957_1 position=00000000.3fb305bc.00000000 velocity=00000000.00000000.00000000
simulation stage=stack957_2 position=00000000.401638ef.00000000 velocity=00000000.00000000.00000000
simulation stage=stack958_0 position=00000000.3ee66666.00000000 velocity=00000000.00000000.00000000
simulation stage=stack958_1 position=00000000.3fb305bc.00000000 velocity=00000000.00000000.00000000
simulation stage=stack958_2 position=00000000.401638ef.00000000 velocity=00000000.00000000.00000000
simulation stage=stack959_0 position=00000000.3ee66666.00000000 velocity=00000000.00000000.00000000
simulation stage=stack959_1 position=00000000.3fb305bc.00000000 velocity=00000000.00000000.00000000
simulation stage=stack959_2 position=00000000.401638ef.00000000 velocity=00000000.00000000.00000000
simulation stage=stack960_0 position=00000000.3ee66666.00000000 velocity=00000000.00000000.00000000
simulation stage=stack960_1 position=00000000.3fb305bc.00000000 velocity=00000000.00000000.00000000
simulation stage=stack960_2 position=00000000.401638ef.00000000 velocity=00000000.00000000.00000000
simulation stage=stack961_0 position=00000000.3ee66666.00000000 velocity=00000000.00000000.00000000
simulation stage=stack961_1 position=00000000.3fb305bc.00000000 velocity=00000000.00000000.00000000
simulation stage=stack961_2 position=00000000.401638ef.00000000 velocity=00000000.00000000.00000000
simulation stage=stack962_0 position=00000000.3ee66666.00000000 velocity=00000000.00000000.00000000
simulation stage=stack962_1 position=00000000.3fb305bc.00000000 velocity=00000000.00000000.00000000
simulation stage=stack962_2 position=00000000.401638ef.00000000 velocity=00000000.00000000.00000000
simulation stage=stack963_0 position=00000000.3ee66666.00000000 velocity=00000000.00000000.00000000
simulation stage=stack963_1 position=00000000.3fb305bc.00000000 velocity=00000000.00000000.00000000
simulation stage=stack963_2 position=00000000.401638ef.00000000 velocity=00000000.00000000.00000000
simulation stage=stack964_0 position=00000000.3ee66666.00000000 velocity=00000000.00000000.00000000
simulation stage=stack964_1 position=00000000.3fb305bc.00000000 velocity=00000000.00000000.00000000
simulation stage=stack964_2 position=00000000.401638ef.00000000 velocity=00000000.00000000.00000000
simulation stage=stack965_0 position=00000000.3ee66666.00000000 velocity=00000000.00000000.00000000
simulation stage=stack965_1 position=00000000.3fb305bc.00000000 velocity=00000000.00000000.00000000
simulation stage=stack965_2 position=00000000.401638ef.00000000 velocity=00000000.00000000.00000000
simulation stage=stack966_0 position=00000000.3ee66666.00000000 velocity=00000000.00000000.00000000
simulation stage=stack966_1 position=00000000.3fb305bc.00000000 velocity=00000000.00000000.00000000
simulation stage=stack966_2 position=00000000.401638ef.00000000 velocity=00000000.00000000.00000000
simulation stage=stack967_0 position=00000000.3ee66666.00000000 velocity=00000000.00000000.00000000
simulation stage=stack967_1 position=00000000.3fb305bc.00000000 velocity=00000000.00000000.00000000
simulation stage=stack967_2 position=00000000.401638ef.00000000 velocity=00000000.00000000.00000000
simulation stage=stack968_0 position=00000000.3ee66666.00000000 velocity=00000000.00000000.00000000
simulation stage=stack968_1 position=00000000.3fb305bc.00000000 velocity=00000000.00000000.00000000
simulation stage=stack968_2 position=00000000.401638ef.00000000 velocity=00000000.00000000.00000000
simulation stage=stack969_0 position=00000000.3ee66666.00000000 velocity=00000000.00000000.00000000
simulation stage=stack969_1 position=00000000.3fb305bc.00000000 velocity=00000000.00000000.00000000
simulation stage=stack969_2 position=00000000.401638ef.00000000 velocity=00000000.00000000.00000000
simulation stage=stack970_0 position=00000000.3ee66666.00000000 velocity=00000000.00000000.00000000
simulation stage=stack970_1 position=00000000.3fb305bc.00000000 velocity=00000000.00000000.00000000
simulation stage=stack970_2 position=00000000.401638ef.00000000 velocity=00000000.00000000.00000000
simulation stage=stack971_0 position=00000000.3ee66666.00000000 velocity=00000000.00000000.00000000
simulation stage=stack971_1 position=00000000.3fb305bc.00000000 velocity=00000000.00000000.00000000
simulation stage=stack971_2 position=00000000.401638ef.00000000 velocity=00000000.00000000.00000000
simulation stage=stack972_0 position=00000000.3ee66666.00000000 velocity=00000000.00000000.00000000
simulation stage=stack972_1 position=00000000.3fb305bc.00000000 velocity=00000000.00000000.00000000
simulation stage=stack972_2 position=00000000.401638ef.00000000 velocity=00000000.00000000.00000000
simulation stage=stack973_0 position=00000000.3ee66666.00000000 velocity=00000000.00000000.00000000
simulation stage=stack973_1 position=00000000.3fb305bc.00000000 velocity=00000000.00000000.00000000
simulation stage=stack973_2 position=00000000.401638ef.00000000 velocity=00000000.00000000.00000000
simulation stage=stack974_0 position=00000000.3ee66666.00000000 velocity=00000000.00000000.00000000
simulation stage=stack974_1 position=00000000.3fb305bc.00000000 velocity=00000000.00000000.00000000
simulation stage=stack974_2 position=00000000.401638ef.00000000 velocity=00000000.00000000.00000000
simulation stage=stack975_0 position=00000000.3ee66666.00000000 velocity=00000000.00000000.00000000
simulation stage=stack975_1 position=00000000.3fb305bc.00000000 velocity=00000000.00000000.00000000
simulation stage=stack975_2 position=00000000.401638ef.00000000 velocity=00000000.00000000.00000000
simulation stage=stack976_0 position=00000000.3ee66666.00000000 velocity=00000000.00000000.00000000
simulation stage=stack976_1 position=00000000.3fb305bc.00000000 velocity=00000000.00000000.00000000
simulation stage=stack976_2 position=00000000.401638ef.00000000 velocity=00000000.00000000.00000000
simulation stage=stack977_0 position=00000000.3ee66666.00000000 velocity=00000000.00000000.00000000
simulation stage=stack977_1 position=00000000.3fb305bc.00000000 velocity=00000000.00000000.00000000
simulation stage=stack977_2 position=00000000.401638ef.00000000 velocity=00000000.00000000.00000000
simulation stage=stack978_0 position=00000000.3ee66666.00000000 velocity=00000000.00000000.00000000
simulation stage=stack978_1 position=00000000.3fb305bc.00000000 velocity=00000000.00000000.00000000
simulation stage=stack978_2 position=00000000.401638ef.00000000 velocity=00000000.00000000.00000000
simulation stage=stack979_0 position=00000000.3ee66666.00000000 velocity=00000000.00000000.00000000
simulation stage=stack979_1 position=00000000.3fb305bc.00000000 velocity=00000000.00000000.00000000
simulation stage=stack979_2 position=00000000.401638ef.00000000 velocity=00000000.00000000.00000000
simulation stage=stack980_0 position=00000000.3ee66666.00000000 velocity=00000000.00000000.00000000
simulation stage=stack980_1 position=00000000.3fb305bc.00000000 velocity=00000000.00000000.00000000
simulation stage=stack980_2 position=00000000.401638ef.00000000 velocity=00000000.00000000.00000000
simulation stage=stack981_0 position=00000000.3ee66666.00000000 velocity=00000000.00000000.00000000
simulation stage=stack981_1 position=00000000.3fb305bc.00000000 velocity=00000000.00000000.00000000
simulation stage=stack981_2 position=00000000.401638ef.00000000 velocity=00000000.00000000.00000000
simulation stage=stack982_0 position=00000000.3ee66666.00000000 velocity=00000000.00000000.00000000
simulation stage=stack982_1 position=00000000.3fb305bc.00000000 velocity=00000000.00000000.00000000
simulation stage=stack982_2 position=00000000.401638ef.00000000 velocity=00000000.00000000.00000000
simulation stage=stack983_0 position=00000000.3ee66666.00000000 velocity=00000000.00000000.00000000
simulation stage=stack983_1 position=00000000.3fb305bc.00000000 velocity=00000000.00000000.00000000
simulation stage=stack983_2 position=00000000.401638ef.00000000 velocity=00000000.00000000.00000000
simulation stage=stack984_0 position=00000000.3ee66666.00000000 velocity=00000000.00000000.00000000
simulation stage=stack984_1 position=00000000.3fb305bc.00000000 velocity=00000000.00000000.00000000
simulation stage=stack984_2 position=00000000.401638ef.00000000 velocity=00000000.00000000.00000000
simulation stage=stack985_0 position=00000000.3ee66666.00000000 velocity=00000000.00000000.00000000
simulation stage=stack985_1 position=00000000.3fb305bc.00000000 velocity=00000000.00000000.00000000
simulation stage=stack985_2 position=00000000.401638ef.00000000 velocity=00000000.00000000.00000000
simulation stage=stack986_0 position=00000000.3ee66666.00000000 velocity=00000000.00000000.00000000
simulation stage=stack986_1 position=00000000.3fb305bc.00000000 velocity=00000000.00000000.00000000
simulation stage=stack986_2 position=00000000.401638ef.00000000 velocity=00000000.00000000.00000000
simulation stage=stack987_0 position=00000000.3ee66666.00000000 velocity=00000000.00000000.00000000
simulation stage=stack987_1 position=00000000.3fb305bc.00000000 velocity=00000000.00000000.00000000
simulation stage=stack987_2 position=00000000.401638ef.00000000 velocity=00000000.00000000.00000000
simulation stage=stack988_0 position=00000000.3ee66666.00000000 velocity=00000000.00000000.00000000
simulation stage=stack988_1 position=00000000.3fb305bc.00000000 velocity=00000000.00000000.00000000
simulation stage=stack988_2 position=00000000.401638ef.00000000 velocity=00000000.00000000.00000000
simulation stage=stack989_0 position=00000000.3ee66666.00000000 velocity=00000000.00000000.00000000
simulation stage=stack989_1 position=00000000.3fb305bc.00000000 velocity=00000000.00000000.00000000
simulation stage=stack989_2 position=00000000.401638ef.00000000 velocity=00000000.00000000.00000000
simulation stage=stack990_0 position=00000000.3ee66666.00000000 velocity=00000000.00000000.00000000
simulation stage=stack990_1 position=00000000.3fb305bc.00000000 velocity=00000000.00000000.00000000
simulation stage=stack990_2 position=00000000.401638ef.00000000 velocity=00000000.00000000.00000000
simulation stage=stack991_0 position=00000000.3ee66666.00000000 velocity=00000000.00000000.00000000
simulation stage=stack991_1 position=00000000.3fb305bc.00000000 velocity=00000000.00000000.00000000
simulation stage=stack991_2 position=00000000.401638ef.00000000 velocity=00000000.00000000.00000000
simulation stage=stack992_0 position=00000000.3ee66666.00000000 velocity=00000000.00000000.00000000
simulation stage=stack992_1 position=00000000.3fb305bc.00000000 velocity=00000000.00000000.00000000
simulation stage=stack992_2 position=00000000.401638ef.00000000 velocity=00000000.00000000.00000000
simulation stage=stack993_0 position=00000000.3ee66666.00000000 velocity=00000000.00000000.00000000
simulation stage=stack993_1 position=00000000.3fb305bc.00000000 velocity=00000000.00000000.00000000
simulation stage=stack993_2 position=00000000.401638ef.00000000 velocity=00000000.00000000.00000000
simulation stage=stack994_0 position=00000000.3ee66666.00000000 velocity=00000000.00000000.00000000
simulation stage=stack994_1 position=00000000.3fb305bc.00000000 velocity=00000000.00000000.00000000
simulation stage=stack994_2 position=00000000.401638ef.00000000 velocity=00000000.00000000.00000000
simulation stage=stack995_0 position=00000000.3ee66666.00000000 velocity=00000000.00000000.00000000
simulation stage=stack995_1 position=00000000.3fb305bc.00000000 velocity=00000000.00000000.00000000
simulation stage=stack995_2 position=00000000.401638ef.00000000 velocity=00000000.00000000.00000000
simulation stage=stack996_0 position=00000000.3ee66666.00000000 velocity=00000000.00000000.00000000
simulation stage=stack996_1 position=00000000.3fb305bc.00000000 velocity=00000000.00000000.00000000
simulation stage=stack996_2 position=00000000.401638ef.00000000 velocity=00000000.00000000.00000000
simulation stage=stack997_0 position=00000000.3ee66666.00000000 velocity=00000000.00000000.00000000
simulation stage=stack997_1 position=00000000.3fb305bc.00000000 velocity=00000000.00000000.00000000
simulation stage=stack997_2 position=00000000.401638ef.00000000 velocity=00000000.00000000.00000000
simulation stage=stack998_0 position=00000000.3ee66666.00000000 velocity=00000000.00000000.00000000
simulation stage=stack998_1 position=00000000.3fb305bc.00000000 velocity=00000000.00000000.00000000
simulation stage=stack998_2 position=00000000.401638ef.00000000 velocity=00000000.00000000.00000000
simulation stage=stack999_0 position=00000000.3ee66666.00000000 velocity=00000000.00000000.00000000
simulation stage=stack999_1 position=00000000.3fb305bc.00000000 velocity=00000000.00000000.00000000
simulation stage=stack999_2 position=00000000.401638ef.00000000 velocity=00000000.00000000.00000000
simulation stack=settled steps=1000 ready=1 fetched=1
simulation stage=stack0 position=00000000.3ee66666.00000000 velocity=00000000.00000000.00000000
simulation stage=stack1 position=00000000.3fb305bc.00000000 velocity=00000000.00000000.00000000
simulation stage=stack2 position=00000000.401638ef.00000000 velocity=00000000.00000000.00000000
simulation stage=fixed0 position=40800000.40000000.00000000 velocity=00000000.00000000.00000000
simulation stage=fixed1 position=40800000.3fff8295.00000000 velocity=30c09cf1.be42bf12.00000000
simulation stage=fixed2 position=407fffff.3ffe8dc1.00000000 velocity=b54c5bec.bebe150b.00000000
simulation stage=fixed3 position=407ffffe.3ffd2966.00000000 velocity=b5338246.bf0a560c.00000000
simulation stage=fixed4 position=407ffffe.3ffb5f13.00000000 velocity=3442374d.bf31eb67.00000000
simulation stage=fixed5 position=407ffffe.3ff939cf.00000000 velocity=357b111c.bf553928.00000000
simulation stage=fixed6 position=407ffffe.3ff6c5db.00000000 velocity=35d6a85c.bf73c532.00000000
simulation stage=fixed7 position=407ffffe.3ff41072.00000000 velocity=3612559a.bf869711.00000000
simulation stage=fixed8 position=407ffffe.3ff12789.00000000 velocity=363542a2.bf90961e.00000000
simulation stage=fixed9 position=407ffffe.3fee198a.00000000 velocity=365469af.bf97c8ed.00000000
simulation stage=fixed10 position=407ffffe.3feaf511.00000000 velocity=3670b7d6.bf9c25b4.00000000
simulation stage=fixed11 position=407ffffe.3fe7c8ab.00000000 velocity=36844bf5.bf9daf7c.00000000
simulation fixed-joint steps=12 ready=1 fetched=1
simulation stage=break0 position=40c00000.40000000.00000000 velocity=00000000.00000000.00000000
simulation break-state step=0 state=0
simulation stage=break1 position=40c00000.3fff80ab.00000000 velocity=3041c5ce.be46f3fc.00000000
simulation break-state step=1 state=2
simulation stage=break2 position=40c00000.3ffe80c1.00000000 velocity=3041c5ce.bec7ee51.00000000
simulation break-state step=2 state=2
simulation stage=break3 position=40c00000.3ffd0042.00000000 velocity=3041c5ce.bf163152.00000000
simulation break-state step=3 state=2
simulation break-joint steps=4 ready=1 fetched=1
simulation stage=breaknotify0_0 position=41000000.40000000.00000000 velocity=00000000.00000000.00000000
simulation stage=breaknotify0_1 position=41000000.3fff8038.00000000 velocity=30409cf1.be4758b5.00000000
simulation stage=breaknotify0_2 position=40ffffff.3ffe81dd.00000000 velocity=b5d26e68.bec6b6b8.00000000

child_stdout_end
child_stderr_begin
FAIL retained broken joint actors were not detached

child_stderr_end
pass: NxPhysicsSimulationTests/candidate reported the staged identity: loaded module=NxPhysics.dll path=C:\Users\raynorpat\.codex\worktrees\nxphysics-contact-report-scene-release\Novodex\build\pairs\candidate\NxPhysics.dll sha256=4213ca025aa449c3630f9782a676620b7160784e64c4dab4e741d301f35b3ca6
pass: NxPhysicsSimulationTests/candidate reported the staged identity: loaded module=NxFoundation.dll path=C:\Users\raynorpat\.codex\worktrees\nxphysics-contact-report-scene-release\Novodex\build\pairs\candidate\NxFoundation.dll sha256=4eb4e77e7d7dba0d3754ce3caa8547fc293c1ebf0abc8b65421ddafd905541d4
differential target=NxPhysicsSimulationTests oracle_exit=0 candidate_exit=1 both_exit_zero=False stdout_delta=796 stderr_exact=False
differential_targets=NxPhysicsSimulationTests
differential_pairs=C:\Users\raynorpat\.codex\worktrees\nxphysics-contact-report-scene-release\Novodex\build\pairs\oracle,C:\Users\raynorpat\.codex\worktrees\nxphysics-contact-report-scene-release\Novodex\build\pairs\candidate
