phase=none resolved_targets=NxPhysicsCoreDumpTests
pass: at least one test target was requested
pass: test target is registered in gate_targets.ps1: NxPhysicsCoreDumpTests
pass: program pin file exists: C:\Users\raynorpat\.codex\worktrees\nxphysics-contact-report-scene-release\Novodex\docs\reconstruction\novodex-physics\program.json
pass: shipped NxPhysics.dll matches the pinned oracle hash
pass: shipped NxPhysics.dll matches the pinned oracle size
pass: shipped NxFoundation.dll matches the pinned oracle hash
pass: source exists: D:\FlamingEnt__\Unreal_3\Binaries\NxPhysics.dll
pass: source exists: D:\FlamingEnt__\Unreal_3\Binaries\NxFoundation.dll
pass: pair directory is directly under the pairs root: C:\Users\raynorpat\.codex\worktrees\nxphysics-contact-report-scene-release\Novodex\build\pairs\oracle
staged pair=oracle module=NxPhysics.dll source=D:\FlamingEnt__\Unreal_3\Binaries\NxPhysics.dll source_sha256=4b7db3e126735c576f79fe5666e6fa661de9724b2a78808bb0924325ac79602c staged=C:\Users\raynorpat\.codex\worktrees\nxphysics-contact-report-scene-release\Novodex\build\pairs\oracle\NxPhysics.dll staged_sha256=4b7db3e126735c576f79fe5666e6fa661de9724b2a78808bb0924325ac79602c
pass: staged oracle/NxPhysics.dll byte-matches its source
staged pair=oracle module=NxFoundation.dll source=D:\FlamingEnt__\Unreal_3\Binaries\NxFoundation.dll source_sha256=7e0596e45af2f1ab937a948100528e51c80dfd02b295ba678898081883ae0990 staged=C:\Users\raynorpat\.codex\worktrees\nxphysics-contact-report-scene-release\Novodex\build\pairs\oracle\NxFoundation.dll staged_sha256=7e0596e45af2f1ab937a948100528e51c80dfd02b295ba678898081883ae0990
pass: staged oracle/NxFoundation.dll byte-matches its source
pass: source exists: C:\Users\raynorpat\.codex\worktrees\nxphysics-contact-report-scene-release\Novodex\build\Release\NxPhysics.dll
pass: source exists: C:\Users\raynorpat\.codex\worktrees\nxphysics-contact-report-scene-release\Novodex\build\Release\NxFoundation.dll
pass: pair directory is directly under the pairs root: C:\Users\raynorpat\.codex\worktrees\nxphysics-contact-report-scene-release\Novodex\build\pairs\candidate
staged pair=candidate module=NxPhysics.dll source=C:\Users\raynorpat\.codex\worktrees\nxphysics-contact-report-scene-release\Novodex\build\Release\NxPhysics.dll source_sha256=8e5f244603cbfd7d74a8d9fb465c43c0d131d20998bf2ed3700def778310a6ad staged=C:\Users\raynorpat\.codex\worktrees\nxphysics-contact-report-scene-release\Novodex\build\pairs\candidate\NxPhysics.dll staged_sha256=8e5f244603cbfd7d74a8d9fb465c43c0d131d20998bf2ed3700def778310a6ad
pass: staged candidate/NxPhysics.dll byte-matches its source
staged pair=candidate module=NxFoundation.dll source=C:\Users\raynorpat\.codex\worktrees\nxphysics-contact-report-scene-release\Novodex\build\Release\NxFoundation.dll source_sha256=798c121ab880a97ee7fbf62e4772bb868f42b871da5f0df53b1a5969cd964969 staged=C:\Users\raynorpat\.codex\worktrees\nxphysics-contact-report-scene-release\Novodex\build\pairs\candidate\NxFoundation.dll staged_sha256=798c121ab880a97ee7fbf62e4772bb868f42b871da5f0df53b1a5969cd964969
pass: staged candidate/NxFoundation.dll byte-matches its source
pass: candidate NxPhysics linker map exists: C:\Users\raynorpat\.codex\worktrees\nxphysics-contact-report-scene-release\Novodex\build\Release\NxPhysics.map
staged candidate map source=C:\Users\raynorpat\.codex\worktrees\nxphysics-contact-report-scene-release\Novodex\build\Release\NxPhysics.map staged=C:\Users\raynorpat\.codex\worktrees\nxphysics-contact-report-scene-release\Novodex\build\pairs\candidate\NxPhysics.map
pass: candidate NxPhysics.dll is not the shipped oracle file
pass: test target is built: C:\Users\raynorpat\.codex\worktrees\nxphysics-contact-report-scene-release\Novodex\build\Release\NxPhysicsCoreDumpTests.exe
child target=NxPhysicsCoreDumpTests pair=oracle command="C:\Users\raynorpat\.codex\worktrees\nxphysics-contact-report-scene-release\Novodex\build\Release\NxPhysicsCoreDumpTests.exe" "C:\Users\raynorpat\.codex\worktrees\nxphysics-contact-report-scene-release\Novodex\build\pairs\oracle" exit=0
child_stdout_begin
pair_directory=C:\Users\raynorpat\.codex\worktrees\nxphysics-contact-report-scene-release\Novodex\build\pairs\oracle
modules pair=2 trusted_system=10 rejected=0
loaded module=NxPhysics.dll path=C:\Users\raynorpat\.codex\worktrees\nxphysics-contact-report-scene-release\Novodex\build\pairs\oracle\NxPhysics.dll sha256=4b7db3e126735c576f79fe5666e6fa661de9724b2a78808bb0924325ac79602c
loaded module=NxFoundation.dll path=C:\Users\raynorpat\.codex\worktrees\nxphysics-contact-report-scene-release\Novodex\build\pairs\oracle\NxFoundation.dll sha256=7e0596e45af2f1ab937a948100528e51c80dfd02b295ba678898081883ae0990
export=NxCreatePhysicsSDK present=yes
sdk=created
sdk materials=3 added=1,2
sdk group_1_3=0 group_2_2=0
scene a=created b=created
scene actor ground=created
scene actor wall block=created
scene actor ball=created
scene actor crate"q=created
scene actor pill=created
scene actor mover=created
scene actor compound=created
scene actor frozen one=created
scene actor ghost=created
scene actor unnamed=created
scene joint prismatic=created
scene joint revolute=created
joint_limit_probe name=hinge index=0 in_front=yes normal=b2fa4576.3f800000.b3309d79 d=40400001
scene joint revolute_plain=created
scene joint cylindrical=created
scene joint breakable cylindrical=42c80000.437a8000
scene joint spherical=created
scene joint spherical_world=created
scene joint point_on_line=created
scene joint point_in_plane=created
scene joint distance=created
scene joint pulley=created
scene joint fixed=created
scene joint d6=created
scene effector=created
scene actor floor=created
scene actor drop=created
scene actor pair=created
dump text coreDump binary=0 addendum=no returned=0
dump text present=yes
dump text line=0 text=################################################################<CR>
dump text line=1 text=### Core Dump from Novodex Physics SDK<CR>
dump text line=2 text=### Core Dump Generated on <date><CR>
dump text line=3 text=### Contains 2 assets.<CR>
dump text line=4 text=PsReset<CR>
dump text line=5 text=PsVersion 1.4<CR>
dump text line=6 text=PsNameSpace PhysicsSDK__P0<CR>
dump text line=7 text=<CR>
dump text line=8 text=<CR>
dump text line=9 text=### Begin Material Definition ####<CR>
dump text line=10 text=PsMatBegin mat1<CR>
dump text line=11 text=PsMatDynamicFriction 0<CR>
dump text line=12 text=PsMatStaticFriction 0<CR>
dump text line=13 text=PsMatSpinFriction 0<CR>
dump text line=14 text=PsMatRollFriction 0<CR>
dump text line=15 text=PsMatRestitution 0<CR>
dump text line=16 text=PsMatDynamicFrictionV 0<CR>
dump text line=17 text=PsMatStaticFrictionV 0<CR>
dump text line=18 text=PsMatDirOfAnisotropy 1 0 0<CR>
dump text line=19 text=PsMatDirOfMotion 1 0 0<CR>
dump text line=20 text=PsMatSpeedOfMotion 0<CR>
dump text line=21 text=PsMatAnisotropic false<CR>
dump text line=22 text=PsMatMovingSurface false<CR>
dump text line=23 text=PsMatEnd<CR>
dump text line=24 text=### End Material Definition ####<CR>
dump text line=25 text=<CR>
dump text line=26 text=<CR>
dump text line=27 text=### Begin Material Definition ####<CR>
dump text line=28 text=PsMatBegin mat2<CR>
dump text line=29 text=PsMatDynamicFriction 0.375<CR>
dump text line=30 text=PsMatStaticFriction 0.625<CR>
dump text line=31 text=PsMatSpinFriction 0<CR>
dump text line=32 text=PsMatRollFriction 0<CR>
dump text line=33 text=PsMatRestitution 0.25<CR>
dump text line=34 text=PsMatDynamicFrictionV 0.125<CR>
dump text line=35 text=PsMatStaticFrictionV 0.300000012<CR>
dump text line=36 text=PsMatDirOfAnisotropy 0 0 1<CR>
dump text line=37 text=PsMatDirOfMotion 1 0 0<CR>
dump text line=38 text=PsMatSpeedOfMotion 2.5<CR>
dump text line=39 text=PsMatAnisotropic true<CR>
dump text line=40 text=PsMatMovingSurface true<CR>
dump text line=41 text=PsMatEnd<CR>
dump text line=42 text=### End Material Definition ####<CR>
dump text line=43 text=<CR>
dump text line=44 text=<CR>
dump text line=45 text=### Begin Material Definition ####<CR>
dump text line=46 text=PsMatBegin mat3<CR>
dump text line=47 text=PsMatDynamicFriction 1.25<CR>
dump text line=48 text=PsMatStaticFriction 1.5<CR>
dump text line=49 text=PsMatSpinFriction 0<CR>
dump text line=50 text=PsMatRollFriction 0<CR>
dump text line=51 text=PsMatRestitution 0.875<CR>
dump text line=52 text=PsMatDynamicFrictionV 0<CR>
dump text line=53 text=PsMatStaticFrictionV 0<CR>
dump text line=54 text=PsMatDirOfAnisotropy 1 0 0<CR>
dump text line=55 text=PsMatDirOfMotion 1 0 0<CR>
dump text line=56 text=PsMatSpeedOfMotion 0<CR>
dump text line=57 text=PsMatAnisotropic false<CR>
dump text line=58 text=PsMatMovingSurface false<CR>
dump text line=59 text=PsMatEnd<CR>
dump text line=60 text=### End Material Definition ####<CR>
dump text line=61 text=<CR>
dump text line=62 text=PsAssetBegin Asset__P1<CR>
dump text line=63 text=################################################################<CR>
dump text line=64 text=### Novodex Specific Physics Simulation Constants<CR>
dump text line=65 text=################################################################<CR>
dump text line=66 text=PsSetConstant NX_PENALTY_FORCE 0.75<CR>
dump text line=67 text=PsSetConstant NX_MIN_SEPARATION_FOR_PENALTY -0.050000001<CR>
dump text line=68 text=PsSetConstant NX_DEFAULT_SLEEP_LIN_VEL_SQUARED 0.022500001<CR>
dump text line=69 text=PsSetConstant NX_DEFAULT_SLEEP_ANG_VEL_SQUARED 0.0196<CR>
dump text line=70 text=PsSetConstant NX_BOUNCE_TRESHOLD -1.5<CR>
dump text line=71 text=PsSetConstant NX_DYN_FRICT_SCALING 1<CR>
dump text line=72 text=PsSetConstant NX_STA_FRICT_SCALING 1<CR>
dump text line=73 text=PsSetConstant NX_MAX_ANGULAR_VELOCITY 9<CR>
dump text line=74 text=PsSetConstant NX_MESH_MESH_LEVEL 4<CR>
dump text line=75 text=PsSetConstant NX_ENABLE_MESH_DEBUG 0<CR>
dump text line=76 text=PsSetConstant NX_COLL_INFINITY fltmax<CR>
dump text line=77 text=PsSetConstant NX_CONTINUOUS_CD 0<CR>
dump text line=78 text=PsSetConstant NX_MESH_HINT_SPEED 1<CR>
dump text line=79 text=################################################################<CR>
dump text line=80 text=<CR>
dump text line=81 text=################################################################<CR>
dump text line=82 text=### Collision Group Flags<CR>
dump text line=83 text=################################################################<CR>
dump text line=84 text=PsGroupCollisionFlag 1 FFFFFFF7<CR>
dump text line=85 text=PsGroupCollisionFlag 2 FFFFFFFB<CR>
dump text line=86 text=PsGroupCollisionFlag 3 FFFFFFFD<CR>
dump text line=87 text=################################################################<CR>
dump text line=88 text=<CR>
dump text line=89 text=###########################################################<CR>
dump text line=90 text=#### Asset Information<CR>
dump text line=91 text=###########################################################<CR>
dump text line=92 text=## Scene in initial configuration.<CR>
dump text line=93 text=###########################################################<CR>
dump text line=94 text=PsGravity 0.5 -9.81000042 0.25<CR>
dump text line=95 text=PsJointEnd<CR>
dump text line=96 text=PsJointEnd<CR>
dump text line=97 text=PsJointEnd<CR>
dump text line=98 text=PsJointLimitPlane 0 1 0 -0.25<CR>
dump text line=99 text=PsJointEnd<CR>
dump text line=100 text=PsJointBegin $__P2<CR>
dump text line=101 text=### Point In Plane Joint<CR>
dump text line=102 text=PsJointOffset frame(primary)   body(primary)   offset(-1,0.25,-2)<CR>
dump text line=103 text=PsJointOffset frame(secondary) body(secondary) offset(0.103896126,0.311038971,2.225974083)<CR>
dump text line=104 text=PsJointAxes   frame(primary)   body(primary)   xaxis(0,1,0) yaxis(0,0,1)<CR>
dump text line=105 text=PsJointAxes   frame(secondary) body(secondary) xaxis(-0.155844167,0.958441556,-0.238961041) yaxis(-0.415584415,0.155844152,0.896103919)<CR>
dump text line=106 text=PsDefaultSettings bodycollide(false) breakable(false) <CR>
dump text line=107 text=PsJointLimit swing1(free) swing2(free) twist(free) linear(free,free,locked)<CR>
dump text line=108 text=PsJointEnd<CR>
dump text line=109 text=PsJointBegin $__P3<CR>
dump text line=110 text=### Point On Line Joint<CR>
dump text line=111 text=PsJointOffset frame(primary)   body(primary)   offset(0.157894701,-0.392105132,2.152631521)<CR>
dump text line=112 text=PsJointOffset frame(secondary) body(secondary) offset(-1.719177961,-0.680136979,-1.180822015)<CR>
dump text line=113 text=PsJointAxes   frame(primary)   body(primary)   xaxis(0.221052676,-0.618947327,0.753684223) yaxis(0.82105267,-0.298947304,-0.486315757)<CR>
dump text line=114 text=PsJointAxes   frame(secondary) body(secondary) xaxis(0.950684905,-0.111780807,0.289315104) yaxis(0.26301375,-0.203835607,-0.943013668)<CR>
dump text line=115 text=PsDefaultSettings bodycollide(false) breakable(false) <CR>
dump text line=116 text=PsJointLimit swing1(free) swing2(free) twist(free) linear(free,locked,locked)<CR>
dump text line=117 text=PsJointLimitPlane -0.000000038 -0.000000041 1 -1.999999762<CR>
dump text line=118 text=PsJointEnd<CR>
dump text line=119 text=PsJointBegin $__P4<CR>
dump text line=120 text=### Spherical Joint<CR>
dump text line=121 text=PsJointOffset frame(primary)   body(primary)   offset(1,4,2)<CR>
dump text line=122 text=PsJointOffset frame(secondary) body(secondary) offset(0,1,0)<CR>
dump text line=123 text=PsJointAxes   frame(primary)   body(primary)   xaxis(0,1,0) yaxis(0,0,1)<CR>
dump text line=124 text=PsJointAxes   frame(secondary) body(secondary) xaxis(0,1,0) yaxis(0,0,1)<CR>
dump text line=125 text=PsDefaultSettings bodycollide(false) breakable(false) <CR>
dump text line=126 text=PsJointLimit swing1(free) swing2(free) twist(free) twistspring(none) swingspring(none) jointspring(none) projection(none) linear(locked,locked,locked)<CR>
dump text line=127 text=PsJointEnd<CR>
dump text line=128 text=PsJointBegin "shoulder joint___P5"<CR>
dump text line=129 text=### Spherical Joint<CR>
dump text line=130 text=PsJointOffset frame(primary)   body(primary)   offset(-1.168831229,-0.361688316,0.357792228)<CR>
dump text line=131 text=PsJointOffset frame(secondary) body(secondary) offset(0.713043511,-0.697825968,-0.79347831)<CR>
dump text line=132 text=PsJointAxes   frame(primary)   body(primary)   xaxis(-0.425974041,0.699740291,0.573506534) yaxis(0.896103919,0.238961041,0.374025971)<CR>
dump text line=133 text=PsJointAxes   frame(secondary) body(secondary) xaxis(0.463768095,0.855072498,0.231884152) yaxis(0.884057999,-0.463768065,-0.057971034)<CR>
dump text line=134 text=PsDefaultSettings bodycollide(false) breakable(false) name("shoulder joint") <CR>
dump text line=135 text=PsJointLimit swing1(0.25,0.5,1) swing2(0.25,0.5,1) twist(-0.5,0.25,1,  0.375,0.125,1) twistspring(6,0.25,0.125) swingspring(4,0.75,0.0625) jointspring(3,0.5,0.25) projection(0.125) linear(locked,locked,locked)<CR>
dump text line=136 text=PsJointEnd<CR>
dump text line=137 text=PsJointBegin $__P6<CR>
dump text line=138 text=### Cylindrical Joint<CR>
dump text line=139 text=PsJointOffset frame(primary)   body(primary)   offset(-2.547945261,-0.075342514,0.04794509)<CR>
dump text line=140 text=PsJointOffset frame(secondary) body(secondary) offset(1.090909123,1.190909147,1.972727299)<CR>
dump text line=141 text=PsJointAxes   frame(primary)   body(primary)   xaxis(0.164383546,0.972602725,-0.164383546) yaxis(0.602739692,0.032876715,0.797260284)<CR>
dump text line=142 text=PsJointAxes   frame(secondary) body(secondary) xaxis(-0.155844167,0.958441556,-0.238961041) yaxis(-0.415584415,0.155844152,0.896103919)<CR>
dump text line=143 text=PsDefaultSettings bodycollide(false) breakable(100,250.5) <CR>
dump text line=144 text=PsJointLimit twist(free) swing1(locked) swing2(locked) linear(free,locked,locked)<CR>
dump text line=145 text=PsJointEnd<CR>
dump text line=146 text=PsJointBegin $__P7<CR>
dump text line=147 text=### Revolute Joint<CR>
dump text line=148 text=PsJointOffset frame(primary)   body(primary)   offset(1.214492798,0.157971084,0.007246431)<CR>
dump text line=149 text=PsJointOffset frame(secondary) body(secondary) offset(-4.6712327,0.145205364,2.271232605)<CR>
dump text line=150 text=PsJointAxes   frame(primary)   body(primary)   xaxis(0.884057999,-0.463768065,-0.057971034) yaxis(0.336231858,0.544927478,0.768115997)<CR>
dump text line=151 text=PsJointAxes   frame(secondary) body(secondary) xaxis(0.780821919,-0.230136961,-0.580821872) yaxis(0.602739692,0.032876715,0.797260284)<CR>
dump text line=152 text=PsDefaultSettings bodycollide(false) breakable(false) <CR>
dump text line=153 text=PsJointLimit twist(free) motor(false) twistspring(none) swing1(locked) swing2(locked) linear(locked,locked,locked)<CR>
dump text line=154 text=PsJointEnd<CR>
dump text line=155 text=PsJointBegin hinge___P8<CR>
dump text line=156 text=### Revolute Joint<CR>
dump text line=157 text=PsJointOffset frame(primary)   body(primary)   offset(-2.105263233,1.494736671,1.181578875)<CR>
dump text line=158 text=PsJointOffset frame(secondary) body(secondary) offset(1.952173948,-1.491304159,-1.423913121)<CR>
dump text line=159 text=PsJointAxes   frame(primary)   body(primary)   xaxis(-0.315789461,-0.315789461,0.894736826) yaxis(0.789473712,-0.610526204,0.063157901)<CR>
dump text line=160 text=PsJointAxes   frame(secondary) body(secondary) xaxis(0.336231858,0.544927478,0.768115997) yaxis(0.884057999,-0.463768065,-0.057971034)<CR>
dump text line=161 text=PsDefaultSettings bodycollide(true) breakable(false) name("hinge") <CR>
dump text line=162 text=PsJointLimit twist(-0.25,0.5,0.75,  0.125,0.25,1) motor(2.5,30,true) twistspring(8,0.5,0.0625) swing1(locked) swing2(locked) linear(locked,locked,locked)<CR>
dump text line=163 text=PsJointLimitPlane -0.000000029 1 -0.000000041 3.000000238<CR>
dump text line=164 text=PsJointEnd<CR>
dump text line=165 text=PsJointBegin $__P9<CR>
dump text line=166 text=### Prismatic Joint<CR>
dump text line=167 text=PsJointOffset frame(primary)   body(primary)   offset(1.590909123,0.040909097,0.172727257)<CR>
dump text line=168 text=PsJointOffset frame(secondary) body(secondary) offset(-1.210526347,0.93947351,0.463157862)<CR>
dump text line=169 text=PsJointAxes   frame(primary)   body(primary)   xaxis(-0.084675312,0.670753241,0.736831188) yaxis(0.993177295,-0.002690522,0.116583377)<CR>
dump text line=170 text=PsJointAxes   frame(secondary) body(secondary) xaxis(0.284210503,-0.123789415,0.950736821) yaxis(0.736541331,-0.606635511,-0.299165726)<CR>
dump text line=171 text=PsDefaultSettings bodycollide(false) breakable(false) <CR>
dump text line=172 text=PsJointLimit swing1(locked) swing2(locked) twist(locked) linear(free,locked,locked)<CR>
dump text line=173 text=PsJointEnd<CR>
dump text line=174 text=PsPlane  plane(0,1,0,-0.5) localposition(0,0,0) localorientation(0,0,0,1) group(0) material(mat1) name(ground___P10) awake(false) position(0,0,0) orientation(0,0,0,1) static(true) <CR>
dump text line=175 text=PsDefaultSettings localposition(0,0,0)<CR>
dump text line=176 text=PsDefaultSettings localorientation(0,0,0,1)<CR>
dump text line=177 text=PsDefaultSettings group(0)<CR>
dump text line=178 text=PsBox sides(8,4,0.5) material(mat3) triggerevent(enter,leave,stay) name("wall block___P11") awake(false) position(-3,2,5) orientation(0,0.38176015,0,0.924261451) static(true) <CR>
dump text line=179 text=PsSphere radius(0.625) material(mat1) name(ball___P12) position(0,1,0) orientation(0.101929434,0.203858867,-0.101929441,0.968329668) com(0,0,0) comrot(0,0,0,1) inertia(0.3125,0.3125,0.3125) mass(2.045000076) solvercount(4) velocity(0.5,-0.25,1) angularvelocity(0.300000012,0.699999988,-0.200000003) wakeupcounter(0.399999976) lineardamping(0) angulardamping(0.050000001) maxangularvelocity(9) <CR>
dump text line=180 text=PsDefaultSettings wakeupcounter(0.399999976)<CR>
dump text line=181 text=PsBox sides(2,1,1.5) localposition(0.125,-0.25,0.5) localorientation(0,0,0.382683486,0.923879504) material(mat2) group(3) name("crate"q___P13") position(3,0.5,-1) orientation(-0.20519565,0.102597833,0.307793438,0.923380554) com(0.125,-0.25,0.5) comrot(0,0,-0.382683486,0.923879504) inertia(2.34375,1.21875,1.875) mass(4.5) solvercount(7) velocity(0,0,0) angularvelocity(0,0,0) lineardamping(0.125) angulardamping(0.0625) maxangularvelocity(12.5) <CR>
dump text line=182 text=PsDefaultSettings angularvelocity(0,0,0)<CR>
dump text line=183 text=PsCapsule height(1.25) radius(0.375) localposition(0,0,0) localorientation(0,0,0,1) material(mat1) group(2) name(pill___P14) position(-2,0.5,1.5) orientation(0.323029101,-0.107676379,0.215352729,0.915249228) com(0,0,0) comrot(0,0,0,1) inertia(0.975000024,0.1875,0.975000024) mass(2.650000095) solvercount(4) velocity(-0.75,0.100000001,0.400000006) lineardamping(0) angulardamping(0.050000001) maxangularvelocity(9) locked(true,false,false,false,false,true) <CR>
dump text line=184 text=PsDefaultSettings com(0,0,0)<CR>
dump text line=185 text=PsDefaultSettings comrot(0,0,0,1)<CR>
dump text line=186 text=PsDefaultSettings solvercount(4)<CR>
dump text line=187 text=PsDefaultSettings lineardamping(0)<CR>
dump text line=188 text=PsDefaultSettings angulardamping(0.050000001)<CR>
dump text line=189 text=PsDefaultSettings maxangularvelocity(9)<CR>
dump text line=190 text=PsDefaultSettings localposition(0,0,0)<CR>
dump text line=191 text=PsDefaultSettings localorientation(0,0,0,1)<CR>
dump text line=192 text=PsDefaultSettings material(mat1)<CR>
dump text line=193 text=PsBox sides(1,1,4) group(0) name(mover___P15) position(1,3,2) orientation(0,0,0,1) density(1) inertia(5.666666985,5.666666985,0.666666687) mass(4) velocity(0,0,0) kinematic(true) <CR>
dump text line=194 text=PsDefaultSettings velocity(0,0,0)<CR>
dump text line=195 text=PsShapeBegin Shape1<CR>
dump text line=196 text=PsDefaultSettings group(0)<CR>
dump text line=197 text=PsBox sides(1,0.5,1) localposition(0,-0.5,0) <CR>
dump text line=198 text=PsSphere radius(0.25) localposition(0,0.5,0) material(mat2) triggerevent(leave,) <CR>
dump text line=199 text=PsCapsule height(0.75) radius(0.125) localposition(0.5,0,0) localorientation(0.707106888,0,0,0.707106709) material(mat1) group(5) <CR>
dump text line=200 text=PsShapeEnd<CR>
dump text line=201 text=PsShape Shape1 name(compound___P16) position(4,2,3) orientation(0.052342389,-0.31405434,0.10468477,0.94216305) com(0.044699065,-0.455300927,0) comrot(0,0,0.154588833,0.987978876) inertia(0.159999996,0.25,0.1875) mass(1.375) angularvelocity(0,1.5,0) <CR>
dump text line=202 text=PsDefaultSettings group(0)<CR>
dump text line=203 text=PsBox sides(0.600000024,0.600000024,0.600000024) name("frozen one___P17") position(-4,1,-4) orientation(0,0,0,1) com(0,0,0) comrot(0,0,0,1) inertia(0.01296,0.01296,0.01296) mass(0.216000006) angularvelocity(0,0,0) locked(true) collision(false) <CR>
dump text line=204 text=PsDefaultSettings orientation(0,0,0,1)<CR>
dump text line=205 text=PsDefaultSettings comrot(0,0,0,1)<CR>
dump text line=206 text=PsDefaultSettings angularvelocity(0,0,0)<CR>
dump text line=207 text=PsShapeBegin Shape2<CR>
dump text line=208 text=PsShapeEnd<CR>
dump text line=209 text=PsShape Shape2 name(ghost___P18) position(0,6,0) com(0,0.25,0) inertia(1,0.5,0.25) mass(2) <CR>
dump text line=210 text=PsSphere radius(0.5) name($__P19) position(2,0.5,4) com(0,0,0) inertia(0.050000001,0.050000001,0.050000001) mass(0.5) wakeupcounter(0) <CR>
dump text line=211 text=PsJoint $__P20 pill___P14 $__P19<CR>
dump text line=212 text=PsJoint $__P21 compound___P16 $__P19<CR>
dump text line=213 text=PsJoint $__P22 ball___P12 "crate"q___P13"<CR>
dump text line=214 text=PsJoint rope___P23 ball___P12 $__P19<CR>
dump text line=215 text=PsJoint $__P2 $__P19 ball___P12<CR>
dump text line=216 text=PsJoint $__P3 "crate"q___P13" compound___P16<CR>
dump text line=217 text=PsJoint $__P4 @world mover___P15<CR>
dump text line=218 text=PsJoint "shoulder joint___P5" ball___P12 pill___P14<CR>
dump text line=219 text=PsJoint $__P6 compound___P16 ball___P12<CR>
dump text line=220 text=PsJoint $__P7 pill___P14 compound___P16<CR>
dump text line=221 text=PsJoint hinge___P8 "crate"q___P13" pill___P14<CR>
dump text line=222 text=PsJoint $__P9 ball___P12 "crate"q___P13"<CR>
dump text line=223 text=PsDefaultSettings spring_dist_relaxed(1.250000)
dump text line=224 text=PsDefaultSettings spring_dist_compress_saturate(0.500000) spring_dist_stretch_saturate(3.000000)
dump text line=225 text=PsDefaultSettings spring_max_compress_force(40.000000) spring_max_stretch_force(55.000000)
dump text line=226 text=PsDefaultSettings spring_vel_compress_saturate(-2.500000) spring_vel_stretch_saturate(1.750000)
dump text line=227 text=PsDefaultSettings spring_damper_max_compress_force(7.000000) spring_damper_max_stretch_force(9.500000)
dump text line=228 text=PsDefaultSettings spring_pos1(0.250000,1.500000,-0.300000)
dump text line=229 text=PsDefaultSettings spring_pos2(-1.750000,0.200000,1.250000)
dump text line=230 text=PsSpring ball___P12 pill___P14
dump text line=231 text=PsAssetEnd<CR>
dump text line=232 text=##################################################################################<CR>
dump text line=233 text=<CR>
dump text line=234 text=PsAssetBegin Asset__P24<CR>
dump text line=235 text=################################################################<CR>
dump text line=236 text=### Novodex Specific Physics Simulation Constants<CR>
dump text line=237 text=################################################################<CR>
dump text line=238 text=PsSetConstant NX_PENALTY_FORCE 0.75<CR>
dump text line=239 text=PsSetConstant NX_MIN_SEPARATION_FOR_PENALTY -0.050000001<CR>
dump text line=240 text=PsSetConstant NX_DEFAULT_SLEEP_LIN_VEL_SQUARED 0.022500001<CR>
dump text line=241 text=PsSetConstant NX_DEFAULT_SLEEP_ANG_VEL_SQUARED 0.0196<CR>
dump text line=242 text=PsSetConstant NX_BOUNCE_TRESHOLD -1.5<CR>
dump text line=243 text=PsSetConstant NX_DYN_FRICT_SCALING 1<CR>
dump text line=244 text=PsSetConstant NX_STA_FRICT_SCALING 1<CR>
dump text line=245 text=PsSetConstant NX_MAX_ANGULAR_VELOCITY 9<CR>
dump text line=246 text=PsSetConstant NX_MESH_MESH_LEVEL 4<CR>
dump text line=247 text=PsSetConstant NX_ENABLE_MESH_DEBUG 0<CR>
dump text line=248 text=PsSetConstant NX_COLL_INFINITY fltmax<CR>
dump text line=249 text=PsSetConstant NX_CONTINUOUS_CD 0<CR>
dump text line=250 text=PsSetConstant NX_MESH_HINT_SPEED 1<CR>
dump text line=251 text=################################################################<CR>
dump text line=252 text=<CR>
dump text line=253 text=################################################################<CR>
dump text line=254 text=### Collision Group Flags<CR>
dump text line=255 text=################################################################<CR>
dump text line=256 text=PsGroupCollisionFlag 1 FFFFFFF7<CR>
dump text line=257 text=PsGroupCollisionFlag 2 FFFFFFFB<CR>
dump text line=258 text=PsGroupCollisionFlag 3 FFFFFFFD<CR>
dump text line=259 text=################################################################<CR>
dump text line=260 text=<CR>
dump text line=261 text=###########################################################<CR>
dump text line=262 text=#### Asset Information<CR>
dump text line=263 text=###########################################################<CR>
dump text line=264 text=## Scene in initial configuration.<CR>
dump text line=265 text=###########################################################<CR>
dump text line=266 text=PsGravity 0 -3.5 0<CR>
dump text line=267 text=PsBox sides(20,1,20) localposition(0,0,0) localorientation(0,0,0,1) material(mat1) group(0) name(floor___P25) awake(false) position(0,-0.5,0) orientation(0,0,0,1) static(true) <CR>
dump text line=268 text=PsDefaultSettings orientation(0,0,0,1)<CR>
dump text line=269 text=PsDefaultSettings localposition(0,0,0)<CR>
dump text line=270 text=PsDefaultSettings localorientation(0,0,0,1)<CR>
dump text line=271 text=PsDefaultSettings material(mat1)<CR>
dump text line=272 text=PsDefaultSettings group(0)<CR>
dump text line=273 text=PsSphere radius(0.75) name(drop___P26) position(0,3,0) com(0,0,0) comrot(0,0,0,1) inertia(0.375,0.375,0.375) mass(1.75) solvercount(4) velocity(0,0,0) angularvelocity(0,0,0) wakeupcounter(0.399999976) lineardamping(0) angulardamping(0.050000001) maxangularvelocity(9) <CR>
dump text line=274 text=PsDefaultSettings comrot(0,0,0,1)<CR>
dump text line=275 text=PsDefaultSettings solvercount(4)<CR>
dump text line=276 text=PsDefaultSettings velocity(0,0,0)<CR>
dump text line=277 text=PsDefaultSettings angularvelocity(0,0,0)<CR>
dump text line=278 text=PsDefaultSettings wakeupcounter(0.399999976)<CR>
dump text line=279 text=PsDefaultSettings lineardamping(0)<CR>
dump text line=280 text=PsDefaultSettings angulardamping(0.050000001)<CR>
dump text line=281 text=PsDefaultSettings maxangularvelocity(9)<CR>
dump text line=282 text=PsShapeBegin Shape3<CR>
dump text line=283 text=PsBox sides(0.5,0.5,0.5) localposition(-0.5,0,0) <CR>
dump text line=284 text=PsBox sides(0.5,1,0.5) localposition(0.5,0,0) material(mat3) <CR>
dump text line=285 text=PsShapeEnd<CR>
dump text line=286 text=PsShape Shape3 name(pair___P27) position(2,1,0) orientation(0,0,0.199960008,0.979804039) com(0.166666672,0,0) inertia(0.03125,0.100000001,0.115000002) mass(0.375) <CR>
dump text line=287 text=PsAssetEnd<CR>
dump text line=288 text=##################################################################################<CR>
dump text line=289 text=<CR>
dump text line=290 text=<CR>
dump text line=291 text=PsSetScene 0<CR>
dump text line=292 text=PsAsset Asset__P1 position(0,0,0) orientation(0,0,0,1)<CR>
dump text line=293 text=<CR>
dump text line=294 text=PsSetScene 1<CR>
dump text line=295 text=PsAsset Asset__P24 position(0,0,0) orientation(0,0,0,1)<CR>
dump text line=296 text=<CR>
dump text line=297 text=PsSetScene 0<CR>
dump text lines=298 normalised_bytes=16940
dump text_addendum coreDump binary=0 addendum=yes returned=0
dump text_addendum present=yes
dump text_addendum line=0 text=################################################################<CR>
dump text_addendum line=1 text=### Core Dump from Novodex Physics SDK<CR>
dump text_addendum line=2 text=### Core Dump Generated on <date><CR>
dump text_addendum line=3 text=### Contains 2 assets.<CR>
dump text_addendum line=4 text=PsReset<CR>
dump text_addendum line=5 text=PsVersion 1.4<CR>
dump text_addendum line=6 text=PsNameSpace PhysicsSDK__P0<CR>
dump text_addendum line=7 text=<CR>
dump text_addendum line=8 text=<CR>
dump text_addendum line=9 text=### Begin Material Definition ####<CR>
dump text_addendum line=10 text=PsMatBegin mat1<CR>
dump text_addendum line=11 text=PsMatDynamicFriction 0<CR>
dump text_addendum line=12 text=PsMatStaticFriction 0<CR>
dump text_addendum line=13 text=PsMatSpinFriction 0<CR>
dump text_addendum line=14 text=PsMatRollFriction 0<CR>
dump text_addendum line=15 text=PsMatRestitution 0<CR>
dump text_addendum line=16 text=PsMatDynamicFrictionV 0<CR>
dump text_addendum line=17 text=PsMatStaticFrictionV 0<CR>
dump text_addendum line=18 text=PsMatDirOfAnisotropy 1 0 0<CR>
dump text_addendum line=19 text=PsMatDirOfMotion 1 0 0<CR>
dump text_addendum line=20 text=PsMatSpeedOfMotion 0<CR>
dump text_addendum line=21 text=PsMatAnisotropic false<CR>
dump text_addendum line=22 text=PsMatMovingSurface false<CR>
dump text_addendum line=23 text=PsMatEnd<CR>
dump text_addendum line=24 text=### End Material Definition ####<CR>
dump text_addendum line=25 text=<CR>
dump text_addendum line=26 text=<CR>
dump text_addendum line=27 text=### Begin Material Definition ####<CR>
dump text_addendum line=28 text=PsMatBegin mat2<CR>
dump text_addendum line=29 text=PsMatDynamicFriction 0.375<CR>
dump text_addendum line=30 text=PsMatStaticFriction 0.625<CR>
dump text_addendum line=31 text=PsMatSpinFriction 0<CR>
dump text_addendum line=32 text=PsMatRollFriction 0<CR>
dump text_addendum line=33 text=PsMatRestitution 0.25<CR>
dump text_addendum line=34 text=PsMatDynamicFrictionV 0.125<CR>
dump text_addendum line=35 text=PsMatStaticFrictionV 0.300000012<CR>
dump text_addendum line=36 text=PsMatDirOfAnisotropy 0 0 1<CR>
dump text_addendum line=37 text=PsMatDirOfMotion 1 0 0<CR>
dump text_addendum line=38 text=PsMatSpeedOfMotion 2.5<CR>
dump text_addendum line=39 text=PsMatAnisotropic true<CR>
dump text_addendum line=40 text=PsMatMovingSurface true<CR>
dump text_addendum line=41 text=PsMatEnd<CR>
dump text_addendum line=42 text=### End Material Definition ####<CR>
dump text_addendum line=43 text=<CR>
dump text_addendum line=44 text=<CR>
dump text_addendum line=45 text=### Begin Material Definition ####<CR>
dump text_addendum line=46 text=PsMatBegin mat3<CR>
dump text_addendum line=47 text=PsMatDynamicFriction 1.25<CR>
dump text_addendum line=48 text=PsMatStaticFriction 1.5<CR>
dump text_addendum line=49 text=PsMatSpinFriction 0<CR>
dump text_addendum line=50 text=PsMatRollFriction 0<CR>
dump text_addendum line=51 text=PsMatRestitution 0.875<CR>
dump text_addendum line=52 text=PsMatDynamicFrictionV 0<CR>
dump text_addendum line=53 text=PsMatStaticFrictionV 0<CR>
dump text_addendum line=54 text=PsMatDirOfAnisotropy 1 0 0<CR>
dump text_addendum line=55 text=PsMatDirOfMotion 1 0 0<CR>
dump text_addendum line=56 text=PsMatSpeedOfMotion 0<CR>
dump text_addendum line=57 text=PsMatAnisotropic false<CR>
dump text_addendum line=58 text=PsMatMovingSurface false<CR>
dump text_addendum line=59 text=PsMatEnd<CR>
dump text_addendum line=60 text=### End Material Definition ####<CR>
dump text_addendum line=61 text=<CR>
dump text_addendum line=62 text=PsAssetBegin Asset__P1<CR>
dump text_addendum line=63 text=################################################################<CR>
dump text_addendum line=64 text=### Novodex Specific Physics Simulation Constants<CR>
dump text_addendum line=65 text=################################################################<CR>
dump text_addendum line=66 text=PsSetConstant NX_PENALTY_FORCE 0.75<CR>
dump text_addendum line=67 text=PsSetConstant NX_MIN_SEPARATION_FOR_PENALTY -0.050000001<CR>
dump text_addendum line=68 text=PsSetConstant NX_DEFAULT_SLEEP_LIN_VEL_SQUARED 0.022500001<CR>
dump text_addendum line=69 text=PsSetConstant NX_DEFAULT_SLEEP_ANG_VEL_SQUARED 0.0196<CR>
dump text_addendum line=70 text=PsSetConstant NX_BOUNCE_TRESHOLD -1.5<CR>
dump text_addendum line=71 text=PsSetConstant NX_DYN_FRICT_SCALING 1<CR>
dump text_addendum line=72 text=PsSetConstant NX_STA_FRICT_SCALING 1<CR>
dump text_addendum line=73 text=PsSetConstant NX_MAX_ANGULAR_VELOCITY 9<CR>
dump text_addendum line=74 text=PsSetConstant NX_MESH_MESH_LEVEL 4<CR>
dump text_addendum line=75 text=PsSetConstant NX_ENABLE_MESH_DEBUG 0<CR>
dump text_addendum line=76 text=PsSetConstant NX_COLL_INFINITY fltmax<CR>
dump text_addendum line=77 text=PsSetConstant NX_CONTINUOUS_CD 0<CR>
dump text_addendum line=78 text=PsSetConstant NX_MESH_HINT_SPEED 1<CR>
dump text_addendum line=79 text=################################################################<CR>
dump text_addendum line=80 text=<CR>
dump text_addendum line=81 text=################################################################<CR>
dump text_addendum line=82 text=### Collision Group Flags<CR>
dump text_addendum line=83 text=################################################################<CR>
dump text_addendum line=84 text=PsGroupCollisionFlag 1 FFFFFFF7<CR>
dump text_addendum line=85 text=PsGroupCollisionFlag 2 FFFFFFFB<CR>
dump text_addendum line=86 text=PsGroupCollisionFlag 3 FFFFFFFD<CR>
dump text_addendum line=87 text=################################################################<CR>
dump text_addendum line=88 text=<CR>
dump text_addendum line=89 text=###########################################################<CR>
dump text_addendum line=90 text=#### Asset Information<CR>
dump text_addendum line=91 text=###########################################################<CR>
dump text_addendum line=92 text=## Scene in initial configuration.<CR>
dump text_addendum line=93 text=###########################################################<CR>
dump text_addendum line=94 text=PsGravity 0.5 -9.81000042 0.25<CR>
dump text_addendum line=95 text=PsJointEnd<CR>
dump text_addendum line=96 text=PsJointEnd<CR>
dump text_addendum line=97 text=PsJointEnd<CR>
dump text_addendum line=98 text=PsJointLimitPlane 0 1 0 -0.25<CR>
dump text_addendum line=99 text=PsJointEnd<CR>
dump text_addendum line=100 text=PsJointBegin $__P2<CR>
dump text_addendum line=101 text=### Point In Plane Joint<CR>
dump text_addendum line=102 text=PsJointOffset frame(primary)   body(primary)   offset(-1,0.25,-2)<CR>
dump text_addendum line=103 text=PsJointOffset frame(secondary) body(secondary) offset(0.103896126,0.311038971,2.225974083)<CR>
dump text_addendum line=104 text=PsJointAxes   frame(primary)   body(primary)   xaxis(0,1,0) yaxis(0,0,1)<CR>
dump text_addendum line=105 text=PsJointAxes   frame(secondary) body(secondary) xaxis(-0.155844167,0.958441556,-0.238961041) yaxis(-0.415584415,0.155844152,0.896103919)<CR>
dump text_addendum line=106 text=PsDefaultSettings bodycollide(false) breakable(false) <CR>
dump text_addendum line=107 text=PsJointLimit swing1(free) swing2(free) twist(free) linear(free,free,locked)<CR>
dump text_addendum line=108 text=PsJointEnd<CR>
dump text_addendum line=109 text=PsJointBegin $__P3<CR>
dump text_addendum line=110 text=### Point On Line Joint<CR>
dump text_addendum line=111 text=PsJointOffset frame(primary)   body(primary)   offset(0.157894701,-0.392105132,2.152631521)<CR>
dump text_addendum line=112 text=PsJointOffset frame(secondary) body(secondary) offset(-1.719177961,-0.680136979,-1.180822015)<CR>
dump text_addendum line=113 text=PsJointAxes   frame(primary)   body(primary)   xaxis(0.221052676,-0.618947327,0.753684223) yaxis(0.82105267,-0.298947304,-0.486315757)<CR>
dump text_addendum line=114 text=PsJointAxes   frame(secondary) body(secondary) xaxis(0.950684905,-0.111780807,0.289315104) yaxis(0.26301375,-0.203835607,-0.943013668)<CR>
dump text_addendum line=115 text=PsDefaultSettings bodycollide(false) breakable(false) <CR>
dump text_addendum line=116 text=PsJointLimit swing1(free) swing2(free) twist(free) linear(free,locked,locked)<CR>
dump text_addendum line=117 text=PsJointLimitPlane -0.000000038 -0.000000041 1 -1.999999762<CR>
dump text_addendum line=118 text=PsJointEnd<CR>
dump text_addendum line=119 text=PsJointBegin $__P4<CR>
dump text_addendum line=120 text=### Spherical Joint<CR>
dump text_addendum line=121 text=PsJointOffset frame(primary)   body(primary)   offset(1,4,2)<CR>
dump text_addendum line=122 text=PsJointOffset frame(secondary) body(secondary) offset(0,1,0)<CR>
dump text_addendum line=123 text=PsJointAxes   frame(primary)   body(primary)   xaxis(0,1,0) yaxis(0,0,1)<CR>
dump text_addendum line=124 text=PsJointAxes   frame(secondary) body(secondary) xaxis(0,1,0) yaxis(0,0,1)<CR>
dump text_addendum line=125 text=PsDefaultSettings bodycollide(false) breakable(false) <CR>
dump text_addendum line=126 text=PsJointLimit swing1(free) swing2(free) twist(free) twistspring(none) swingspring(none) jointspring(none) projection(none) linear(locked,locked,locked)<CR>
dump text_addendum line=127 text=PsJointEnd<CR>
dump text_addendum line=128 text=PsJointBegin "shoulder joint___P5"<CR>
dump text_addendum line=129 text=### Spherical Joint<CR>
dump text_addendum line=130 text=PsJointOffset frame(primary)   body(primary)   offset(-1.168831229,-0.361688316,0.357792228)<CR>
dump text_addendum line=131 text=PsJointOffset frame(secondary) body(secondary) offset(0.713043511,-0.697825968,-0.79347831)<CR>
dump text_addendum line=132 text=PsJointAxes   frame(primary)   body(primary)   xaxis(-0.425974041,0.699740291,0.573506534) yaxis(0.896103919,0.238961041,0.374025971)<CR>
dump text_addendum line=133 text=PsJointAxes   frame(secondary) body(secondary) xaxis(0.463768095,0.855072498,0.231884152) yaxis(0.884057999,-0.463768065,-0.057971034)<CR>
dump text_addendum line=134 text=PsDefaultSettings bodycollide(false) breakable(false) name("shoulder joint") <CR>
dump text_addendum line=135 text=PsJointLimit swing1(0.25,0.5,1) swing2(0.25,0.5,1) twist(-0.5,0.25,1,  0.375,0.125,1) twistspring(6,0.25,0.125) swingspring(4,0.75,0.0625) jointspring(3,0.5,0.25) projection(0.125) linear(locked,locked,locked)<CR>
dump text_addendum line=136 text=PsJointEnd<CR>
dump text_addendum line=137 text=PsJointBegin $__P6<CR>
dump text_addendum line=138 text=### Cylindrical Joint<CR>
dump text_addendum line=139 text=PsJointOffset frame(primary)   body(primary)   offset(-2.547945261,-0.075342514,0.04794509)<CR>
dump text_addendum line=140 text=PsJointOffset frame(secondary) body(secondary) offset(1.090909123,1.190909147,1.972727299)<CR>
dump text_addendum line=141 text=PsJointAxes   frame(primary)   body(primary)   xaxis(0.164383546,0.972602725,-0.164383546) yaxis(0.602739692,0.032876715,0.797260284)<CR>
dump text_addendum line=142 text=PsJointAxes   frame(secondary) body(secondary) xaxis(-0.155844167,0.958441556,-0.238961041) yaxis(-0.415584415,0.155844152,0.896103919)<CR>
dump text_addendum line=143 text=PsDefaultSettings bodycollide(false) breakable(100,250.5) <CR>
dump text_addendum line=144 text=PsJointLimit twist(free) swing1(locked) swing2(locked) linear(free,locked,locked)<CR>
dump text_addendum line=145 text=PsJointEnd<CR>
dump text_addendum line=146 text=PsJointBegin $__P7<CR>
dump text_addendum line=147 text=### Revolute Joint<CR>
dump text_addendum line=148 text=PsJointOffset frame(primary)   body(primary)   offset(1.214492798,0.157971084,0.007246431)<CR>
dump text_addendum line=149 text=PsJointOffset frame(secondary) body(secondary) offset(-4.6712327,0.145205364,2.271232605)<CR>
dump text_addendum line=150 text=PsJointAxes   frame(primary)   body(primary)   xaxis(0.884057999,-0.463768065,-0.057971034) yaxis(0.336231858,0.544927478,0.768115997)<CR>
dump text_addendum line=151 text=PsJointAxes   frame(secondary) body(secondary) xaxis(0.780821919,-0.230136961,-0.580821872) yaxis(0.602739692,0.032876715,0.797260284)<CR>
dump text_addendum line=152 text=PsDefaultSettings bodycollide(false) breakable(false) <CR>
dump text_addendum line=153 text=PsJointLimit twist(free) motor(false) twistspring(none) swing1(locked) swing2(locked) linear(locked,locked,locked)<CR>
dump text_addendum line=154 text=PsJointEnd<CR>
dump text_addendum line=155 text=PsJointBegin hinge___P8<CR>
dump text_addendum line=156 text=### Revolute Joint<CR>
dump text_addendum line=157 text=PsJointOffset frame(primary)   body(primary)   offset(-2.105263233,1.494736671,1.181578875)<CR>
dump text_addendum line=158 text=PsJointOffset frame(secondary) body(secondary) offset(1.952173948,-1.491304159,-1.423913121)<CR>
dump text_addendum line=159 text=PsJointAxes   frame(primary)   body(primary)   xaxis(-0.315789461,-0.315789461,0.894736826) yaxis(0.789473712,-0.610526204,0.063157901)<CR>
dump text_addendum line=160 text=PsJointAxes   frame(secondary) body(secondary) xaxis(0.336231858,0.544927478,0.768115997) yaxis(0.884057999,-0.463768065,-0.057971034)<CR>
dump text_addendum line=161 text=PsDefaultSettings bodycollide(true) breakable(false) name("hinge") <CR>
dump text_addendum line=162 text=PsJointLimit twist(-0.25,0.5,0.75,  0.125,0.25,1) motor(2.5,30,true) twistspring(8,0.5,0.0625) swing1(locked) swing2(locked) linear(locked,locked,locked)<CR>
dump text_addendum line=163 text=PsJointLimitPlane -0.000000029 1 -0.000000041 3.000000238<CR>
dump text_addendum line=164 text=PsJointEnd<CR>
dump text_addendum line=165 text=PsJointBegin $__P9<CR>
dump text_addendum line=166 text=### Prismatic Joint<CR>
dump text_addendum line=167 text=PsJointOffset frame(primary)   body(primary)   offset(1.590909123,0.040909097,0.172727257)<CR>
dump text_addendum line=168 text=PsJointOffset frame(secondary) body(secondary) offset(-1.210526347,0.93947351,0.463157862)<CR>
dump text_addendum line=169 text=PsJointAxes   frame(primary)   body(primary)   xaxis(-0.084675312,0.670753241,0.736831188) yaxis(0.993177295,-0.002690522,0.116583377)<CR>
dump text_addendum line=170 text=PsJointAxes   frame(secondary) body(secondary) xaxis(0.284210503,-0.123789415,0.950736821) yaxis(0.736541331,-0.606635511,-0.299165726)<CR>
dump text_addendum line=171 text=PsDefaultSettings bodycollide(false) breakable(false) <CR>
dump text_addendum line=172 text=PsJointLimit swing1(locked) swing2(locked) twist(locked) linear(free,locked,locked)<CR>
dump text_addendum line=173 text=PsJointEnd<CR>
dump text_addendum line=174 text=PsPlane  plane(0,1,0,-0.5) localposition(0,0,0) localorientation(0,0,0,1) group(0) material(mat1) name(ground___P10) awake(false) position(0,0,0) orientation(0,0,0,1) static(true) <CR>
dump text_addendum line=175 text=PsDefaultSettings localposition(0,0,0)<CR>
dump text_addendum line=176 text=PsDefaultSettings localorientation(0,0,0,1)<CR>
dump text_addendum line=177 text=PsDefaultSettings group(0)<CR>
dump text_addendum line=178 text=PsBox sides(8,4,0.5) material(mat3) triggerevent(enter,leave,stay) name("wall block___P11") awake(false) position(-3,2,5) orientation(0,0.38176015,0,0.924261451) static(true) <CR>
dump text_addendum line=179 text=PsSphere radius(0.625) material(mat1) name(ball___P12) position(0,1,0) orientation(0.101929434,0.203858867,-0.101929441,0.968329668) com(0,0,0) comrot(0,0,0,1) inertia(0.3125,0.3125,0.3125) mass(2.045000076) solvercount(4) velocity(0.5,-0.25,1) angularvelocity(0.300000012,0.699999988,-0.200000003) wakeupcounter(0.399999976) lineardamping(0) angulardamping(0.050000001) maxangularvelocity(9) <CR>
dump text_addendum line=180 text=PsDefaultSettings wakeupcounter(0.399999976)<CR>
dump text_addendum line=181 text=PsBox sides(2,1,1.5) localposition(0.125,-0.25,0.5) localorientation(0,0,0.382683486,0.923879504) material(mat2) group(3) name("crate"q___P13") position(3,0.5,-1) orientation(-0.20519565,0.102597833,0.307793438,0.923380554) com(0.125,-0.25,0.5) comrot(0,0,-0.382683486,0.923879504) inertia(2.34375,1.21875,1.875) mass(4.5) solvercount(7) velocity(0,0,0) angularvelocity(0,0,0) lineardamping(0.125) angulardamping(0.0625) maxangularvelocity(12.5) <CR>
dump text_addendum line=182 text=PsDefaultSettings angularvelocity(0,0,0)<CR>
dump text_addendum line=183 text=PsCapsule height(1.25) radius(0.375) localposition(0,0,0) localorientation(0,0,0,1) material(mat1) group(2) name(pill___P14) position(-2,0.5,1.5) orientation(0.323029101,-0.107676379,0.215352729,0.915249228) com(0,0,0) comrot(0,0,0,1) inertia(0.975000024,0.1875,0.975000024) mass(2.650000095) solvercount(4) velocity(-0.75,0.100000001,0.400000006) lineardamping(0) angulardamping(0.050000001) maxangularvelocity(9) locked(true,false,false,false,false,true) <CR>
dump text_addendum line=184 text=PsDefaultSettings com(0,0,0)<CR>
dump text_addendum line=185 text=PsDefaultSettings comrot(0,0,0,1)<CR>
dump text_addendum line=186 text=PsDefaultSettings solvercount(4)<CR>
dump text_addendum line=187 text=PsDefaultSettings lineardamping(0)<CR>
dump text_addendum line=188 text=PsDefaultSettings angulardamping(0.050000001)<CR>
dump text_addendum line=189 text=PsDefaultSettings maxangularvelocity(9)<CR>
dump text_addendum line=190 text=PsDefaultSettings localposition(0,0,0)<CR>
dump text_addendum line=191 text=PsDefaultSettings localorientation(0,0,0,1)<CR>
dump text_addendum line=192 text=PsDefaultSettings material(mat1)<CR>
dump text_addendum line=193 text=PsBox sides(1,1,4) group(0) name(mover___P15) position(1,3,2) orientation(0,0,0,1) density(1) inertia(5.666666985,5.666666985,0.666666687) mass(4) velocity(0,0,0) kinematic(true) <CR>
dump text_addendum line=194 text=PsDefaultSettings velocity(0,0,0)<CR>
dump text_addendum line=195 text=PsShapeBegin Shape1<CR>
dump text_addendum line=196 text=PsDefaultSettings group(0)<CR>
dump text_addendum line=197 text=PsBox sides(1,0.5,1) localposition(0,-0.5,0) <CR>
dump text_addendum line=198 text=PsSphere radius(0.25) localposition(0,0.5,0) material(mat2) triggerevent(leave,) <CR>
dump text_addendum line=199 text=PsCapsule height(0.75) radius(0.125) localposition(0.5,0,0) localorientation(0.707106888,0,0,0.707106709) material(mat1) group(5) <CR>
dump text_addendum line=200 text=PsShapeEnd<CR>
dump text_addendum line=201 text=PsShape Shape1 name(compound___P16) position(4,2,3) orientation(0.052342389,-0.31405434,0.10468477,0.94216305) com(0.044699065,-0.455300927,0) comrot(0,0,0.154588833,0.987978876) inertia(0.159999996,0.25,0.1875) mass(1.375) angularvelocity(0,1.5,0) <CR>
dump text_addendum line=202 text=PsDefaultSettings group(0)<CR>
dump text_addendum line=203 text=PsBox sides(0.600000024,0.600000024,0.600000024) name("frozen one___P17") position(-4,1,-4) orientation(0,0,0,1) com(0,0,0) comrot(0,0,0,1) inertia(0.01296,0.01296,0.01296) mass(0.216000006) angularvelocity(0,0,0) locked(true) collision(false) <CR>
dump text_addendum line=204 text=PsDefaultSettings orientation(0,0,0,1)<CR>
dump text_addendum line=205 text=PsDefaultSettings comrot(0,0,0,1)<CR>
dump text_addendum line=206 text=PsDefaultSettings angularvelocity(0,0,0)<CR>
dump text_addendum line=207 text=PsShapeBegin Shape2<CR>
dump text_addendum line=208 text=PsShapeEnd<CR>
dump text_addendum line=209 text=PsShape Shape2 name(ghost___P18) position(0,6,0) com(0,0.25,0) inertia(1,0.5,0.25) mass(2) <CR>
dump text_addendum line=210 text=PsSphere radius(0.5) name($__P19) position(2,0.5,4) com(0,0,0) inertia(0.050000001,0.050000001,0.050000001) mass(0.5) wakeupcounter(0) <CR>
dump text_addendum line=211 text=PsJoint $__P20 pill___P14 $__P19<CR>
dump text_addendum line=212 text=PsJoint $__P21 compound___P16 $__P19<CR>
dump text_addendum line=213 text=PsJoint $__P22 ball___P12 "crate"q___P13"<CR>
dump text_addendum line=214 text=PsJoint rope___P23 ball___P12 $__P19<CR>
dump text_addendum line=215 text=PsJoint $__P2 $__P19 ball___P12<CR>
dump text_addendum line=216 text=PsJoint $__P3 "crate"q___P13" compound___P16<CR>
dump text_addendum line=217 text=PsJoint $__P4 @world mover___P15<CR>
dump text_addendum line=218 text=PsJoint "shoulder joint___P5" ball___P12 pill___P14<CR>
dump text_addendum line=219 text=PsJoint $__P6 compound___P16 ball___P12<CR>
dump text_addendum line=220 text=PsJoint $__P7 pill___P14 compound___P16<CR>
dump text_addendum line=221 text=PsJoint hinge___P8 "crate"q___P13" pill___P14<CR>
dump text_addendum line=222 text=PsJoint $__P9 ball___P12 "crate"q___P13"<CR>
dump text_addendum line=223 text=PsDefaultSettings spring_dist_relaxed(1.250000)
dump text_addendum line=224 text=PsDefaultSettings spring_dist_compress_saturate(0.500000) spring_dist_stretch_saturate(3.000000)
dump text_addendum line=225 text=PsDefaultSettings spring_max_compress_force(40.000000) spring_max_stretch_force(55.000000)
dump text_addendum line=226 text=PsDefaultSettings spring_vel_compress_saturate(-2.500000) spring_vel_stretch_saturate(1.750000)
dump text_addendum line=227 text=PsDefaultSettings spring_damper_max_compress_force(7.000000) spring_damper_max_stretch_force(9.500000)
dump text_addendum line=228 text=PsDefaultSettings spring_pos1(0.250000,1.500000,-0.300000)
dump text_addendum line=229 text=PsDefaultSettings spring_pos2(-1.750000,0.200000,1.250000)
dump text_addendum line=230 text=PsSpring ball___P12 pill___P14
dump text_addendum line=231 text=PsAssetEnd<CR>
dump text_addendum line=232 text=##################################################################################<CR>
dump text_addendum line=233 text=<CR>
dump text_addendum line=234 text=PsAssetBegin Asset__P24<CR>
dump text_addendum line=235 text=################################################################<CR>
dump text_addendum line=236 text=### Novodex Specific Physics Simulation Constants<CR>
dump text_addendum line=237 text=################################################################<CR>
dump text_addendum line=238 text=PsSetConstant NX_PENALTY_FORCE 0.75<CR>
dump text_addendum line=239 text=PsSetConstant NX_MIN_SEPARATION_FOR_PENALTY -0.050000001<CR>
dump text_addendum line=240 text=PsSetConstant NX_DEFAULT_SLEEP_LIN_VEL_SQUARED 0.022500001<CR>
dump text_addendum line=241 text=PsSetConstant NX_DEFAULT_SLEEP_ANG_VEL_SQUARED 0.0196<CR>
dump text_addendum line=242 text=PsSetConstant NX_BOUNCE_TRESHOLD -1.5<CR>
dump text_addendum line=243 text=PsSetConstant NX_DYN_FRICT_SCALING 1<CR>
dump text_addendum line=244 text=PsSetConstant NX_STA_FRICT_SCALING 1<CR>
dump text_addendum line=245 text=PsSetConstant NX_MAX_ANGULAR_VELOCITY 9<CR>
dump text_addendum line=246 text=PsSetConstant NX_MESH_MESH_LEVEL 4<CR>
dump text_addendum line=247 text=PsSetConstant NX_ENABLE_MESH_DEBUG 0<CR>
dump text_addendum line=248 text=PsSetConstant NX_COLL_INFINITY fltmax<CR>
dump text_addendum line=249 text=PsSetConstant NX_CONTINUOUS_CD 0<CR>
dump text_addendum line=250 text=PsSetConstant NX_MESH_HINT_SPEED 1<CR>
dump text_addendum line=251 text=################################################################<CR>
dump text_addendum line=252 text=<CR>
dump text_addendum line=253 text=################################################################<CR>
dump text_addendum line=254 text=### Collision Group Flags<CR>
dump text_addendum line=255 text=################################################################<CR>
dump text_addendum line=256 text=PsGroupCollisionFlag 1 FFFFFFF7<CR>
dump text_addendum line=257 text=PsGroupCollisionFlag 2 FFFFFFFB<CR>
dump text_addendum line=258 text=PsGroupCollisionFlag 3 FFFFFFFD<CR>
dump text_addendum line=259 text=################################################################<CR>
dump text_addendum line=260 text=<CR>
dump text_addendum line=261 text=###########################################################<CR>
dump text_addendum line=262 text=#### Asset Information<CR>
dump text_addendum line=263 text=###########################################################<CR>
dump text_addendum line=264 text=## Scene in initial configuration.<CR>
dump text_addendum line=265 text=###########################################################<CR>
dump text_addendum line=266 text=PsGravity 0 -3.5 0<CR>
dump text_addendum line=267 text=PsBox sides(20,1,20) localposition(0,0,0) localorientation(0,0,0,1) material(mat1) group(0) name(floor___P25) awake(false) position(0,-0.5,0) orientation(0,0,0,1) static(true) <CR>
dump text_addendum line=268 text=PsDefaultSettings orientation(0,0,0,1)<CR>
dump text_addendum line=269 text=PsDefaultSettings localposition(0,0,0)<CR>
dump text_addendum line=270 text=PsDefaultSettings localorientation(0,0,0,1)<CR>
dump text_addendum line=271 text=PsDefaultSettings material(mat1)<CR>
dump text_addendum line=272 text=PsDefaultSettings group(0)<CR>
dump text_addendum line=273 text=PsSphere radius(0.75) name(drop___P26) position(0,3,0) com(0,0,0) comrot(0,0,0,1) inertia(0.375,0.375,0.375) mass(1.75) solvercount(4) velocity(0,0,0) angularvelocity(0,0,0) wakeupcounter(0.399999976) lineardamping(0) angulardamping(0.050000001) maxangularvelocity(9) <CR>
dump text_addendum line=274 text=PsDefaultSettings comrot(0,0,0,1)<CR>
dump text_addendum line=275 text=PsDefaultSettings solvercount(4)<CR>
dump text_addendum line=276 text=PsDefaultSettings velocity(0,0,0)<CR>
dump text_addendum line=277 text=PsDefaultSettings angularvelocity(0,0,0)<CR>
dump text_addendum line=278 text=PsDefaultSettings wakeupcounter(0.399999976)<CR>
dump text_addendum line=279 text=PsDefaultSettings lineardamping(0)<CR>
dump text_addendum line=280 text=PsDefaultSettings angulardamping(0.050000001)<CR>
dump text_addendum line=281 text=PsDefaultSettings maxangularvelocity(9)<CR>
dump text_addendum line=282 text=PsShapeBegin Shape3<CR>
dump text_addendum line=283 text=PsBox sides(0.5,0.5,0.5) localposition(-0.5,0,0) <CR>
dump text_addendum line=284 text=PsBox sides(0.5,1,0.5) localposition(0.5,0,0) material(mat3) <CR>
dump text_addendum line=285 text=PsShapeEnd<CR>
dump text_addendum line=286 text=PsShape Shape3 name(pair___P27) position(2,1,0) orientation(0,0,0.199960008,0.979804039) com(0.166666672,0,0) inertia(0.03125,0.100000001,0.115000002) mass(0.375) <CR>
dump text_addendum line=287 text=PsAssetEnd<CR>
dump text_addendum line=288 text=##################################################################################<CR>
dump text_addendum line=289 text=<CR>
dump text_addendum line=290 text=<CR>
dump text_addendum line=291 text=PsSetScene 0<CR>
dump text_addendum line=292 text=PsAsset Asset__P1 position(0,0,0) orientation(0,0,0,1)<CR>
dump text_addendum line=293 text=<CR>
dump text_addendum line=294 text=PsSetScene 1<CR>
dump text_addendum line=295 text=PsAsset Asset__P24 position(0,0,0) orientation(0,0,0,1)<CR>
dump text_addendum line=296 text=<CR>
dump text_addendum line=297 text=PsSetScene 0<CR>
dump text_addendum line=298 text=### Begin : User supplied addendum script.<CR>
dump text_addendum line=299 text=PsSetScene 0<CR>
dump text_addendum line=300 text=PsUserLine hello, world<CR>
dump text_addendum line=301 text=### End   : User supplied addendum script.<CR>
dump text_addendum lines=302 normalised_bytes=17079
dump binary coreDump binary=1 addendum=no returned=0
dump binary present=yes
dump binary line=0 text=################################################################<CR>
dump binary line=1 text=### Core Dump from Novodex Physics SDK<CR>
dump binary line=2 text=### Core Dump Generated on <date><CR>
dump binary line=3 text=### Contains 2 assets.<CR>
dump binary line=4 text=PsReset<CR>
dump binary line=5 text=PsVersion 1.4<CR>
dump binary line=6 text=PsNameSpace PhysicsSDK__P0<CR>
dump binary line=7 text=<CR>
dump binary line=8 text=<CR>
dump binary line=9 text=### Begin Material Definition ####<CR>
dump binary line=10 text=PsMatBegin mat1<CR>
dump binary line=11 text=PsMatDynamicFriction 0<CR>
dump binary line=12 text=PsMatStaticFriction 0<CR>
dump binary line=13 text=PsMatSpinFriction 0<CR>
dump binary line=14 text=PsMatRollFriction 0<CR>
dump binary line=15 text=PsMatRestitution 0<CR>
dump binary line=16 text=PsMatDynamicFrictionV 0<CR>
dump binary line=17 text=PsMatStaticFrictionV 0<CR>
dump binary line=18 text=PsMatDirOfAnisotropy 1 0 0<CR>
dump binary line=19 text=PsMatDirOfMotion 1 0 0<CR>
dump binary line=20 text=PsMatSpeedOfMotion 0<CR>
dump binary line=21 text=PsMatAnisotropic false<CR>
dump binary line=22 text=PsMatMovingSurface false<CR>
dump binary line=23 text=PsMatEnd<CR>
dump binary line=24 text=### End Material Definition ####<CR>
dump binary line=25 text=<CR>
dump binary line=26 text=<CR>
dump binary line=27 text=### Begin Material Definition ####<CR>
dump binary line=28 text=PsMatBegin mat2<CR>
dump binary line=29 text=PsMatDynamicFriction 0.3750$3ec00000<CR>
dump binary line=30 text=PsMatStaticFriction 0.6250$3f200000<CR>
dump binary line=31 text=PsMatSpinFriction 0<CR>
dump binary line=32 text=PsMatRollFriction 0<CR>
dump binary line=33 text=PsMatRestitution 0.2500$3e800000<CR>
dump binary line=34 text=PsMatDynamicFrictionV 0.1250$3e000000<CR>
dump binary line=35 text=PsMatStaticFrictionV 0.3000$3e99999a<CR>
dump binary line=36 text=PsMatDirOfAnisotropy 0 0 1<CR>
dump binary line=37 text=PsMatDirOfMotion 1 0 0<CR>
dump binary line=38 text=PsMatSpeedOfMotion 2.5000$40200000<CR>
dump binary line=39 text=PsMatAnisotropic true<CR>
dump binary line=40 text=PsMatMovingSurface true<CR>
dump binary line=41 text=PsMatEnd<CR>
dump binary line=42 text=### End Material Definition ####<CR>
dump binary line=43 text=<CR>
dump binary line=44 text=<CR>
dump binary line=45 text=### Begin Material Definition ####<CR>
dump binary line=46 text=PsMatBegin mat3<CR>
dump binary line=47 text=PsMatDynamicFriction 1.2500$3fa00000<CR>
dump binary line=48 text=PsMatStaticFriction 1.5000$3fc00000<CR>
dump binary line=49 text=PsMatSpinFriction 0<CR>
dump binary line=50 text=PsMatRollFriction 0<CR>
dump binary line=51 text=PsMatRestitution 0.8750$3f600000<CR>
dump binary line=52 text=PsMatDynamicFrictionV 0<CR>
dump binary line=53 text=PsMatStaticFrictionV 0<CR>
dump binary line=54 text=PsMatDirOfAnisotropy 1 0 0<CR>
dump binary line=55 text=PsMatDirOfMotion 1 0 0<CR>
dump binary line=56 text=PsMatSpeedOfMotion 0<CR>
dump binary line=57 text=PsMatAnisotropic false<CR>
dump binary line=58 text=PsMatMovingSurface false<CR>
dump binary line=59 text=PsMatEnd<CR>
dump binary line=60 text=### End Material Definition ####<CR>
dump binary line=61 text=<CR>
dump binary line=62 text=PsAssetBegin Asset__P1<CR>
dump binary line=63 text=################################################################<CR>
dump binary line=64 text=### Novodex Specific Physics Simulation Constants<CR>
dump binary line=65 text=################################################################<CR>
dump binary line=66 text=PsSetConstant NX_PENALTY_FORCE 0.7500$3f400000<CR>
dump binary line=67 text=PsSetConstant NX_MIN_SEPARATION_FOR_PENALTY -0.0500$bd4ccccd<CR>
dump binary line=68 text=PsSetConstant NX_DEFAULT_SLEEP_LIN_VEL_SQUARED 0.0225$3cb851ec<CR>
dump binary line=69 text=PsSetConstant NX_DEFAULT_SLEEP_ANG_VEL_SQUARED 0.0196$3ca0902e<CR>
dump binary line=70 text=PsSetConstant NX_BOUNCE_TRESHOLD -1.5000$bfc00000<CR>
dump binary line=71 text=PsSetConstant NX_DYN_FRICT_SCALING 1<CR>
dump binary line=72 text=PsSetConstant NX_STA_FRICT_SCALING 1<CR>
dump binary line=73 text=PsSetConstant NX_MAX_ANGULAR_VELOCITY 9.0000$41100000<CR>
dump binary line=74 text=PsSetConstant NX_MESH_MESH_LEVEL 4.0000$40800000<CR>
dump binary line=75 text=PsSetConstant NX_ENABLE_MESH_DEBUG 0<CR>
dump binary line=76 text=PsSetConstant NX_COLL_INFINITY fltmax<CR>
dump binary line=77 text=PsSetConstant NX_CONTINUOUS_CD 0<CR>
dump binary line=78 text=PsSetConstant NX_MESH_HINT_SPEED 1<CR>
dump binary line=79 text=################################################################<CR>
dump binary line=80 text=<CR>
dump binary line=81 text=################################################################<CR>
dump binary line=82 text=### Collision Group Flags<CR>
dump binary line=83 text=################################################################<CR>
dump binary line=84 text=PsGroupCollisionFlag 1 FFFFFFF7<CR>
dump binary line=85 text=PsGroupCollisionFlag 2 FFFFFFFB<CR>
dump binary line=86 text=PsGroupCollisionFlag 3 FFFFFFFD<CR>
dump binary line=87 text=################################################################<CR>
dump binary line=88 text=<CR>
dump binary line=89 text=###########################################################<CR>
dump binary line=90 text=#### Asset Information<CR>
dump binary line=91 text=###########################################################<CR>
dump binary line=92 text=## Scene in initial configuration.<CR>
dump binary line=93 text=###########################################################<CR>
dump binary line=94 text=PsGravity 0.5000$3f000000 -9.8100$c11cf5c3 0.2500$3e800000<CR>
dump binary line=95 text=PsJointEnd<CR>
dump binary line=96 text=PsJointEnd<CR>
dump binary line=97 text=PsJointEnd<CR>
dump binary line=98 text=PsJointLimitPlane 0 1 0 -0.2500$be800000<CR>
dump binary line=99 text=PsJointEnd<CR>
dump binary line=100 text=PsJointBegin $__P2<CR>
dump binary line=101 text=### Point In Plane Joint<CR>
dump binary line=102 text=PsJointOffset frame(primary)   body(primary)   offset(-1,0.2500$3e800000,-2.0000$c0000000)<CR>
dump binary line=103 text=PsJointOffset frame(secondary) body(secondary) offset(0.1039$3dd4c77e,0.3110$3e9f4080,2.2260$400e765c)<CR>
dump binary line=104 text=PsJointAxes   frame(primary)   body(primary)   xaxis(0,1,0) yaxis(0,0,1)<CR>
dump binary line=105 text=PsJointAxes   frame(secondary) body(secondary) xaxis(-0.1558$be1f959d,0.9584$3f755c6d,-0.2390$be74b234) yaxis(-0.4156$bed4c77b,0.1558$3e1f959c,0.8961$3f656711)<CR>
dump binary line=106 text=PsDefaultSettings bodycollide(false) breakable(false) <CR>
dump binary line=107 text=PsJointLimit swing1(free) swing2(free) twist(free) linear(free,free,locked)<CR>
dump binary line=108 text=PsJointEnd<CR>
dump binary line=109 text=PsJointBegin $__P3<CR>
dump binary line=110 text=### Point On Line Joint<CR>
dump binary line=111 text=PsJointOffset frame(primary)   body(primary)   offset(0.1579$3e21af26,-0.3921$bec8c201,2.1526$4009c4b7)<CR>
dump binary line=112 text=PsJointOffset frame(secondary) body(secondary) offset(-1.7192$bfdc0e06,-0.6801$bf2e1d75,-1.1808$bf97252d)<CR>
dump binary line=113 text=PsJointAxes   frame(primary)   body(primary)   xaxis(0.2211$3e625ba2,-0.6189$bf1e7355,0.7537$3f40f173) yaxis(0.8211$3f523082,-0.2989$be990f9f,-0.4863$bef8fe61)<CR>
dump binary line=114 text=PsJointAxes   frame(secondary) body(secondary) xaxis(0.9507$3f736016,-0.1118$bde4ed56,0.2893$3e94211c) yaxis(0.2630$3e86a9bd,-0.2038$be50ba48,-0.9430$bf716958)<CR>
dump binary line=115 text=PsDefaultSettings bodycollide(false) breakable(false) <CR>
dump binary line=116 text=PsJointLimit swing1(free) swing2(free) twist(free) linear(free,locked,locked)<CR>
dump binary line=117 text=PsJointLimitPlane -0.0000$b323fc9e -0.0000$b3309d79 1 -2.0000$bffffffe<CR>
dump binary line=118 text=PsJointEnd<CR>
dump binary line=119 text=PsJointBegin $__P4<CR>
dump binary line=120 text=### Spherical Joint<CR>
dump binary line=121 text=PsJointOffset frame(primary)   body(primary)   offset(1,4.0000$40800000,2.0000$40000000)<CR>
dump binary line=122 text=PsJointOffset frame(secondary) body(secondary) offset(0,1,0)<CR>
dump binary line=123 text=PsJointAxes   frame(primary)   body(primary)   xaxis(0,1,0) yaxis(0,0,1)<CR>
dump binary line=124 text=PsJointAxes   frame(secondary) body(secondary) xaxis(0,1,0) yaxis(0,0,1)<CR>
dump binary line=125 text=PsDefaultSettings bodycollide(false) breakable(false) <CR>
dump binary line=126 text=PsJointLimit swing1(free) swing2(free) twist(free) twistspring(none) swingspring(none) jointspring(none) projection(none) linear(locked,locked,locked)<CR>
dump binary line=127 text=PsJointEnd<CR>
dump binary line=128 text=PsJointBegin "shoulder joint___P5"<CR>
dump binary line=129 text=### Spherical Joint<CR>
dump binary line=130 text=PsJointOffset frame(primary)   body(primary)   offset(-1.1688$bf959c43,-0.3617$beb92f36,0.3578$3eb7308b)<CR>
dump binary line=131 text=PsJointOffset frame(secondary) body(secondary) offset(0.7130$3f368a05,-0.6978$bf32a4b9,-0.7935$bf4b2165)<CR>
dump binary line=132 text=PsJointAxes   frame(primary)   body(primary)   xaxis(-0.4260$beda1945,0.6997$3f33222e,0.5735$3f12d153) yaxis(0.8961$3f656711,0.2390$3e74b234,0.3740$3ebf8055)<CR>
dump binary line=133 text=PsJointAxes   frame(secondary) body(secondary) xaxis(0.4638$3eed7303,0.8551$3f5ae608,0.2319$3e6d730a) yaxis(0.8841$3f6251a0,-0.4638$beed7302,-0.0580$bd6d7309)<CR>
dump binary line=134 text=PsDefaultSettings bodycollide(false) breakable(false) name("shoulder joint") <CR>
dump binary line=135 text=PsJointLimit swing1(0.2500$3e800000,0.5000$3f000000,1) swing2(0.2500$3e800000,0.5000$3f000000,1) twist(-0.5000$bf000000,0.2500$3e800000,1,  0.3750$3ec00000,0.1250$3e000000,1) twistspring(6.0000$40c00000,0.2500$3e800000,0.1250$3e000000) swingspring(4.0000$40800000,0.7500$3f400000,0.0625$3d800000) jointspring(3.0000$40400000,0.5000$3f000000,0.2500$3e800000) projection(0.1250$3e000000) linear(locked,locked,locked)<CR>
dump binary line=136 text=PsJointEnd<CR>
dump binary line=137 text=PsJointBegin $__P6<CR>
dump binary line=138 text=### Cylindrical Joint<CR>
dump binary line=139 text=PsJointOffset frame(primary)   body(primary)   offset(-2.5479$c0231189,-0.0753$bd9a4d2d,0.0479$3d446212)<CR>
dump binary line=140 text=PsJointOffset frame(secondary) body(secondary) offset(1.0909$3f8ba2e9,1.1909$3f986fb6,1.9727$3ffc8254)<CR>
dump binary line=141 text=PsJointAxes   frame(primary)   body(primary)   xaxis(0.1644$3e285429,0.9726$3f78fc7e,-0.1644$be285429) yaxis(0.6027$3f1a4d26,0.0329$3d06a9bc,0.7973$3f4c1940)<CR>
dump binary line=142 text=PsJointAxes   frame(secondary) body(secondary) xaxis(-0.1558$be1f959d,0.9584$3f755c6d,-0.2390$be74b234) yaxis(-0.4156$bed4c77b,0.1558$3e1f959c,0.8961$3f656711)<CR>
dump binary line=143 text=PsDefaultSettings bodycollide(false) breakable(100.0000$42c80000,250.5000$437a8000) <CR>
dump binary line=144 text=PsJointLimit twist(free) swing1(locked) swing2(locked) linear(free,locked,locked)<CR>
dump binary line=145 text=PsJointEnd<CR>
dump binary line=146 text=PsJointBegin $__P7<CR>
dump binary line=147 text=### Revolute Joint<CR>
dump binary line=148 text=PsJointOffset frame(primary)   body(primary)   offset(1.2145$3f9b7480,0.1580$3e21c32c,0.0072$3bed7378)<CR>
dump binary line=149 text=PsJointOffset frame(secondary) body(secondary) offset(-4.6712$c0957abd,0.1452$3e14b0b7,2.2712$40115be0)<CR>
dump binary line=150 text=PsJointAxes   frame(primary)   body(primary)   xaxis(0.8841$3f6251a0,-0.4638$beed7302,-0.0580$bd6d7309) yaxis(0.3362$3eac2695,0.5449$3f0b805e,0.7681$3f44a340)<CR>
dump binary line=151 text=PsJointAxes   frame(secondary) body(secondary) xaxis(0.7808$3f47e3f2,-0.2301$be6ba906,-0.5808$bf14b0be) yaxis(0.6027$3f1a4d26,0.0329$3d06a9bc,0.7973$3f4c1940)<CR>
dump binary line=152 text=PsDefaultSettings bodycollide(false) breakable(false) <CR>
dump binary line=153 text=PsJointLimit twist(free) motor(false) twistspring(none) swing1(locked) swing2(locked) linear(locked,locked,locked)<CR>
dump binary line=154 text=PsJointEnd<CR>
dump binary line=155 text=PsJointBegin hinge___P8<CR>
dump binary line=156 text=### Revolute Joint<CR>
dump binary line=157 text=PsJointOffset frame(primary)   body(primary)   offset(-2.1053$c006bca2,1.4947$3fbf5388,1.1816$3f973dfa)<CR>
dump binary line=158 text=PsJointOffset frame(secondary) body(secondary) offset(1.9522$3ff9e0d6,-1.4913$bfbee30e,-1.4239$bfb642c9)<CR>
dump binary line=159 text=PsJointAxes   frame(primary)   body(primary)   xaxis(-0.3158$bea1af28,-0.3158$bea1af28,0.8947$3f650d79) yaxis(0.7895$3f4a1af3,-0.6105$bf1c4b72,0.0632$3d8158ee)<CR>
dump binary line=160 text=PsJointAxes   frame(secondary) body(secondary) xaxis(0.3362$3eac2695,0.5449$3f0b805e,0.7681$3f44a340) yaxis(0.8841$3f6251a0,-0.4638$beed7302,-0.0580$bd6d7309)<CR>
dump binary line=161 text=PsDefaultSettings bodycollide(true) breakable(false) name("hinge") <CR>
dump binary line=162 text=PsJointLimit twist(-0.2500$be800000,0.5000$3f000000,0.7500$3f400000,  0.1250$3e000000,0.2500$3e800000,1) motor(2.5000$40200000,30.0000$41f00000,true) twistspring(8.0000$41000000,0.5000$3f000000,0.0625$3d800000) swing1(locked) swing2(locked) linear(locked,locked,locked)<CR>
dump binary line=163 text=PsJointLimitPlane -0.0000$b2fa4576 1 -0.0000$b3309d79 3.0000$40400001<CR>
dump binary line=164 text=PsJointEnd<CR>
dump binary line=165 text=PsJointBegin $__P9<CR>
dump binary line=166 text=### Prismatic Joint<CR>
dump binary line=167 text=PsJointOffset frame(primary)   body(primary)   offset(1.5909$3fcba2e9,0.0409$3d27904c,0.1727$3e30df6a)<CR>
dump binary line=168 text=PsJointOffset frame(secondary) body(secondary) offset(-1.2105$bf9af287,0.9395$3f708156,0.4632$3eed2307)<CR>
dump binary line=169 text=PsJointAxes   frame(primary)   body(primary)   xaxis(-0.0847$bdad6a40,0.6708$3f2bb67c,0.7368$3f3ca0f8) yaxis(0.9932$3f7e40de,-0.0027$bb305378,0.1166$3deec344)<CR>
dump binary line=170 text=PsJointAxes   frame(secondary) body(secondary) xaxis(0.2842$3e91840a,-0.1238$bdfd854e,0.9507$3f73637d) yaxis(0.7365$3f3c8df9,-0.6066$bf1b4c77,-0.2992$be992c40)<CR>
dump binary line=171 text=PsDefaultSettings bodycollide(false) breakable(false) <CR>
dump binary line=172 text=PsJointLimit swing1(locked) swing2(locked) twist(locked) linear(free,locked,locked)<CR>
dump binary line=173 text=PsJointEnd<CR>
dump binary line=174 text=PsPlane  plane(0,1,0,-0.5000$bf000000) localposition(0,0,0) localorientation(0,0,0,1) group(0) material(mat1) name(ground___P10) awake(false) position(0,0,0) orientation(0,0,0,1) static(true) <CR>
dump binary line=175 text=PsDefaultSettings localposition(0,0,0)<CR>
dump binary line=176 text=PsDefaultSettings localorientation(0,0,0,1)<CR>
dump binary line=177 text=PsDefaultSettings group(0)<CR>
dump binary line=178 text=PsBox sides(8.0000$41000000,4.0000$40800000,0.5000$3f000000) material(mat3) triggerevent(enter,leave,stay) name("wall block___P11") awake(false) position(-3.0000$c0400000,2.0000$40000000,5.0000$40a00000) orientation(0,0.3818$3ec37611,0,0.9243$3f6c9c66) static(true) <CR>
dump binary line=179 text=PsSphere radius(0.6250$3f200000) material(mat1) name(ball___P12) position(0,1,0) orientation(0.1019$3dd0c061,0.2039$3e50c061,-0.1019$bdd0c062,0.9683$3f77e474) com(0,0,0) comrot(0,0,0,1) inertia(0.3125$3ea00000,0.3125$3ea00000,0.3125$3ea00000) mass(2.0450$4002e148) solvercount(4) velocity(0.5000$3f000000,-0.2500$be800000,1) angularvelocity(0.3000$3e99999a,0.7000$3f333333,-0.2000$be4ccccd) wakeupcounter(0.4000$3ecccccc) lineardamping(0) angulardamping(0.0500$3d4ccccd) maxangularvelocity(9.0000$41100000) <CR>
dump binary line=180 text=PsDefaultSettings wakeupcounter(0.4000$3ecccccc)<CR>
dump binary line=181 text=PsBox sides(2.0000$40000000,1,1.5000$3fc00000) localposition(0.1250$3e000000,-0.2500$be800000,0.5000$3f000000) localorientation(0,0,0.3827$3ec3ef17,0.9239$3f6c835e) material(mat2) group(3) name("crate"q___P13") position(3.0000$40400000,0.5000$3f000000,-1) orientation(-0.2052$be521ecf,0.1026$3dd21ed0,0.3078$3e9d971a,0.9234$3f6c62ab) com(0.1250$3e000000,-0.2500$be800000,0.5000$3f000000) comrot(0,0,-0.3827$bec3ef17,0.9239$3f6c835e) inertia(2.3438$40160000,1.2188$3f9c0000,1.8750$3ff00000) mass(4.5000$40900000) solvercount(7) velocity(0,0,0) angularvelocity(0,0,0) lineardamping(0.1250$3e000000) angulardamping(0.0625$3d800000) maxangularvelocity(12.5000$41480000) <CR>
dump binary line=182 text=PsDefaultSettings angularvelocity(0,0,0)<CR>
dump binary line=183 text=PsCapsule height(1.2500$3fa00000) radius(0.3750$3ec00000) localposition(0,0,0) localorientation(0,0,0,1) material(mat1) group(2) name(pill___P14) position(-2.0000$c0000000,0.5000$3f000000,1.5000$3fc00000) orientation(0.3230$3ea56412,-0.1077$bddc856f,0.2154$3e5c856d,0.9152$3f6a4dc6) com(0,0,0) comrot(0,0,0,1) inertia(0.9750$3f79999a,0.1875$3e400000,0.9750$3f79999a) mass(2.6500$4029999a) solvercount(4) velocity(-0.7500$bf400000,0.1000$3dcccccd,0.4000$3ecccccd) lineardamping(0) angulardamping(0.0500$3d4ccccd) maxangularvelocity(9.0000$41100000) locked(true,false,false,false,false,true) <CR>
dump binary line=184 text=PsDefaultSettings com(0,0,0)<CR>
dump binary line=185 text=PsDefaultSettings comrot(0,0,0,1)<CR>
dump binary line=186 text=PsDefaultSettings solvercount(4)<CR>
dump binary line=187 text=PsDefaultSettings lineardamping(0)<CR>
dump binary line=188 text=PsDefaultSettings angulardamping(0.0500$3d4ccccd)<CR>
dump binary line=189 text=PsDefaultSettings maxangularvelocity(9.0000$41100000)<CR>
dump binary line=190 text=PsDefaultSettings localposition(0,0,0)<CR>
dump binary line=191 text=PsDefaultSettings localorientation(0,0,0,1)<CR>
dump binary line=192 text=PsDefaultSettings material(mat1)<CR>
dump binary line=193 text=PsBox sides(1,1,4.0000$40800000) group(0) name(mover___P15) position(1,3.0000$40400000,2.0000$40000000) orientation(0,0,0,1) density(1) inertia(5.6667$40b55556,5.6667$40b55556,0.6667$3f2aaaab) mass(4.0000$40800000) velocity(0,0,0) kinematic(true) <CR>
dump binary line=194 text=PsDefaultSettings velocity(0,0,0)<CR>
dump binary line=195 text=PsShapeBegin Shape1<CR>
dump binary line=196 text=PsDefaultSettings group(0)<CR>
dump binary line=197 text=PsBox sides(1,0.5000$3f000000,1) localposition(0,-0.5000$bf000000,0) <CR>
dump binary line=198 text=PsSphere radius(0.2500$3e800000) localposition(0,0.5000$3f000000,0) material(mat2) triggerevent(leave,) <CR>
dump binary line=199 text=PsCapsule height(0.7500$3f400000) radius(0.1250$3e000000) localposition(0.5000$3f000000,0,0) localorientation(0.7071$3f3504f5,0,0,0.7071$3f3504f2) material(mat1) group(5) <CR>
dump binary line=200 text=PsShapeEnd<CR>
dump binary line=201 text=PsShape Shape1 name(compound___P16) position(4.0000$40800000,2.0000$40000000,3.0000$40400000) orientation(0.0523$3d5664f9,-0.3141$bea0cbbb,0.1047$3dd664f8,0.9422$3f713199) com(0.0447$3d37165e,-0.4553$bee91d34,0) comrot(0,0,0.1546$3e1e4c89,0.9880$3f7cec2f) inertia(0.1600$3e23d70a,0.2500$3e800000,0.1875$3e400000) mass(1.3750$3fb00000) angularvelocity(0,1.5000$3fc00000,0) <CR>
dump binary line=202 text=PsDefaultSettings group(0)<CR>
dump binary line=203 text=PsBox sides(0.6000$3f19999a,0.6000$3f19999a,0.6000$3f19999a) name("frozen one___P17") position(-4.0000$c0800000,1,-4.0000$c0800000) orientation(0,0,0,1) com(0,0,0) comrot(0,0,0,1) inertia(0.0130$3c54562e,0.0130$3c54562e,0.0130$3c54562e) mass(0.2160$3e5d2f1b) angularvelocity(0,0,0) locked(true) collision(false) <CR>
dump binary line=204 text=PsDefaultSettings orientation(0,0,0,1)<CR>
dump binary line=205 text=PsDefaultSettings comrot(0,0,0,1)<CR>
dump binary line=206 text=PsDefaultSettings angularvelocity(0,0,0)<CR>
dump binary line=207 text=PsShapeBegin Shape2<CR>
dump binary line=208 text=PsShapeEnd<CR>
dump binary line=209 text=PsShape Shape2 name(ghost___P18) position(0,6.0000$40c00000,0) com(0,0.2500$3e800000,0) inertia(1,0.5000$3f000000,0.2500$3e800000) mass(2.0000$40000000) <CR>
dump binary line=210 text=PsSphere radius(0.5000$3f000000) name($__P19) position(2.0000$40000000,0.5000$3f000000,4.0000$40800000) com(0,0,0) inertia(0.0500$3d4ccccd,0.0500$3d4ccccd,0.0500$3d4ccccd) mass(0.5000$3f000000) wakeupcounter(0) <CR>
dump binary line=211 text=PsJoint $__P20 pill___P14 $__P19<CR>
dump binary line=212 text=PsJoint $__P21 compound___P16 $__P19<CR>
dump binary line=213 text=PsJoint $__P22 ball___P12 "crate"q___P13"<CR>
dump binary line=214 text=PsJoint rope___P23 ball___P12 $__P19<CR>
dump binary line=215 text=PsJoint $__P2 $__P19 ball___P12<CR>
dump binary line=216 text=PsJoint $__P3 "crate"q___P13" compound___P16<CR>
dump binary line=217 text=PsJoint $__P4 @world mover___P15<CR>
dump binary line=218 text=PsJoint "shoulder joint___P5" ball___P12 pill___P14<CR>
dump binary line=219 text=PsJoint $__P6 compound___P16 ball___P12<CR>
dump binary line=220 text=PsJoint $__P7 pill___P14 compound___P16<CR>
dump binary line=221 text=PsJoint hinge___P8 "crate"q___P13" pill___P14<CR>
dump binary line=222 text=PsJoint $__P9 ball___P12 "crate"q___P13"<CR>
dump binary line=223 text=PsDefaultSettings spring_dist_relaxed(1.250000)
dump binary line=224 text=PsDefaultSettings spring_dist_compress_saturate(0.500000) spring_dist_stretch_saturate(3.000000)
dump binary line=225 text=PsDefaultSettings spring_max_compress_force(40.000000) spring_max_stretch_force(55.000000)
dump binary line=226 text=PsDefaultSettings spring_vel_compress_saturate(-2.500000) spring_vel_stretch_saturate(1.750000)
dump binary line=227 text=PsDefaultSettings spring_damper_max_compress_force(7.000000) spring_damper_max_stretch_force(9.500000)
dump binary line=228 text=PsDefaultSettings spring_pos1(0.250000,1.500000,-0.300000)
dump binary line=229 text=PsDefaultSettings spring_pos2(-1.750000,0.200000,1.250000)
dump binary line=230 text=PsSpring ball___P12 pill___P14
dump binary line=231 text=PsAssetEnd<CR>
dump binary line=232 text=##################################################################################<CR>
dump binary line=233 text=<CR>
dump binary line=234 text=PsAssetBegin Asset__P24<CR>
dump binary line=235 text=################################################################<CR>
dump binary line=236 text=### Novodex Specific Physics Simulation Constants<CR>
dump binary line=237 text=################################################################<CR>
dump binary line=238 text=PsSetConstant NX_PENALTY_FORCE 0.7500$3f400000<CR>
dump binary line=239 text=PsSetConstant NX_MIN_SEPARATION_FOR_PENALTY -0.0500$bd4ccccd<CR>
dump binary line=240 text=PsSetConstant NX_DEFAULT_SLEEP_LIN_VEL_SQUARED 0.0225$3cb851ec<CR>
dump binary line=241 text=PsSetConstant NX_DEFAULT_SLEEP_ANG_VEL_SQUARED 0.0196$3ca0902e<CR>
dump binary line=242 text=PsSetConstant NX_BOUNCE_TRESHOLD -1.5000$bfc00000<CR>
dump binary line=243 text=PsSetConstant NX_DYN_FRICT_SCALING 1<CR>
dump binary line=244 text=PsSetConstant NX_STA_FRICT_SCALING 1<CR>
dump binary line=245 text=PsSetConstant NX_MAX_ANGULAR_VELOCITY 9.0000$41100000<CR>
dump binary line=246 text=PsSetConstant NX_MESH_MESH_LEVEL 4.0000$40800000<CR>
dump binary line=247 text=PsSetConstant NX_ENABLE_MESH_DEBUG 0<CR>
dump binary line=248 text=PsSetConstant NX_COLL_INFINITY fltmax<CR>
dump binary line=249 text=PsSetConstant NX_CONTINUOUS_CD 0<CR>
dump binary line=250 text=PsSetConstant NX_MESH_HINT_SPEED 1<CR>
dump binary line=251 text=################################################################<CR>
dump binary line=252 text=<CR>
dump binary line=253 text=################################################################<CR>
dump binary line=254 text=### Collision Group Flags<CR>
dump binary line=255 text=################################################################<CR>
dump binary line=256 text=PsGroupCollisionFlag 1 FFFFFFF7<CR>
dump binary line=257 text=PsGroupCollisionFlag 2 FFFFFFFB<CR>
dump binary line=258 text=PsGroupCollisionFlag 3 FFFFFFFD<CR>
dump binary line=259 text=################################################################<CR>
dump binary line=260 text=<CR>
dump binary line=261 text=###########################################################<CR>
dump binary line=262 text=#### Asset Information<CR>
dump binary line=263 text=###########################################################<CR>
dump binary line=264 text=## Scene in initial configuration.<CR>
dump binary line=265 text=###########################################################<CR>
dump binary line=266 text=PsGravity 0 -3.5000$c0600000 0<CR>
dump binary line=267 text=PsBox sides(20.0000$41a00000,1,20.0000$41a00000) localposition(0,0,0) localorientation(0,0,0,1) material(mat1) group(0) name(floor___P25) awake(false) position(0,-0.5000$bf000000,0) orientation(0,0,0,1) static(true) <CR>
dump binary line=268 text=PsDefaultSettings orientation(0,0,0,1)<CR>
dump binary line=269 text=PsDefaultSettings localposition(0,0,0)<CR>
dump binary line=270 text=PsDefaultSettings localorientation(0,0,0,1)<CR>
dump binary line=271 text=PsDefaultSettings material(mat1)<CR>
dump binary line=272 text=PsDefaultSettings group(0)<CR>
dump binary line=273 text=PsSphere radius(0.7500$3f400000) name(drop___P26) position(0,3.0000$40400000,0) com(0,0,0) comrot(0,0,0,1) inertia(0.3750$3ec00000,0.3750$3ec00000,0.3750$3ec00000) mass(1.7500$3fe00000) solvercount(4) velocity(0,0,0) angularvelocity(0,0,0) wakeupcounter(0.4000$3ecccccc) lineardamping(0) angulardamping(0.0500$3d4ccccd) maxangularvelocity(9.0000$41100000) <CR>
dump binary line=274 text=PsDefaultSettings comrot(0,0,0,1)<CR>
dump binary line=275 text=PsDefaultSettings solvercount(4)<CR>
dump binary line=276 text=PsDefaultSettings velocity(0,0,0)<CR>
dump binary line=277 text=PsDefaultSettings angularvelocity(0,0,0)<CR>
dump binary line=278 text=PsDefaultSettings wakeupcounter(0.4000$3ecccccc)<CR>
dump binary line=279 text=PsDefaultSettings lineardamping(0)<CR>
dump binary line=280 text=PsDefaultSettings angulardamping(0.0500$3d4ccccd)<CR>
dump binary line=281 text=PsDefaultSettings maxangularvelocity(9.0000$41100000)<CR>
dump binary line=282 text=PsShapeBegin Shape3<CR>
dump binary line=283 text=PsBox sides(0.5000$3f000000,0.5000$3f000000,0.5000$3f000000) localposition(-0.5000$bf000000,0,0) <CR>
dump binary line=284 text=PsBox sides(0.5000$3f000000,1,0.5000$3f000000) localposition(0.5000$3f000000,0,0) material(mat3) <CR>
dump binary line=285 text=PsShapeEnd<CR>
dump binary line=286 text=PsShape Shape3 name(pair___P27) position(2.0000$40000000,1,0) orientation(0,0,0.2000$3e4cc251,0.9798$3f7ad470) com(0.1667$3e2aaaab,0,0) inertia(0.0313$3d000000,0.1000$3dcccccd,0.1150$3deb851f) mass(0.3750$3ec00000) <CR>
dump binary line=287 text=PsAssetEnd<CR>
dump binary line=288 text=##################################################################################<CR>
dump binary line=289 text=<CR>
dump binary line=290 text=<CR>
dump binary line=291 text=PsSetScene 0<CR>
dump binary line=292 text=PsAsset Asset__P1 position(0,0,0) orientation(0,0,0,1)<CR>
dump binary line=293 text=<CR>
dump binary line=294 text=PsSetScene 1<CR>
dump binary line=295 text=PsAsset Asset__P24 position(0,0,0) orientation(0,0,0,1)<CR>
dump binary line=296 text=<CR>
dump binary line=297 text=PsSetScene 0<CR>
dump binary lines=298 normalised_bytes=19479
dump binary_addendum coreDump binary=1 addendum=yes returned=0
dump binary_addendum present=yes
dump binary_addendum line=0 text=################################################################<CR>
dump binary_addendum line=1 text=### Core Dump from Novodex Physics SDK<CR>
dump binary_addendum line=2 text=### Core Dump Generated on <date><CR>
dump binary_addendum line=3 text=### Contains 2 assets.<CR>
dump binary_addendum line=4 text=PsReset<CR>
dump binary_addendum line=5 text=PsVersion 1.4<CR>
dump binary_addendum line=6 text=PsNameSpace PhysicsSDK__P0<CR>
dump binary_addendum line=7 text=<CR>
dump binary_addendum line=8 text=<CR>
dump binary_addendum line=9 text=### Begin Material Definition ####<CR>
dump binary_addendum line=10 text=PsMatBegin mat1<CR>
dump binary_addendum line=11 text=PsMatDynamicFriction 0<CR>
dump binary_addendum line=12 text=PsMatStaticFriction 0<CR>
dump binary_addendum line=13 text=PsMatSpinFriction 0<CR>
dump binary_addendum line=14 text=PsMatRollFriction 0<CR>
dump binary_addendum line=15 text=PsMatRestitution 0<CR>
dump binary_addendum line=16 text=PsMatDynamicFrictionV 0<CR>
dump binary_addendum line=17 text=PsMatStaticFrictionV 0<CR>
dump binary_addendum line=18 text=PsMatDirOfAnisotropy 1 0 0<CR>
dump binary_addendum line=19 text=PsMatDirOfMotion 1 0 0<CR>
dump binary_addendum line=20 text=PsMatSpeedOfMotion 0<CR>
dump binary_addendum line=21 text=PsMatAnisotropic false<CR>
dump binary_addendum line=22 text=PsMatMovingSurface false<CR>
dump binary_addendum line=23 text=PsMatEnd<CR>
dump binary_addendum line=24 text=### End Material Definition ####<CR>
dump binary_addendum line=25 text=<CR>
dump binary_addendum line=26 text=<CR>
dump binary_addendum line=27 text=### Begin Material Definition ####<CR>
dump binary_addendum line=28 text=PsMatBegin mat2<CR>
dump binary_addendum line=29 text=PsMatDynamicFriction 0.3750$3ec00000<CR>
dump binary_addendum line=30 text=PsMatStaticFriction 0.6250$3f200000<CR>
dump binary_addendum line=31 text=PsMatSpinFriction 0<CR>
dump binary_addendum line=32 text=PsMatRollFriction 0<CR>
dump binary_addendum line=33 text=PsMatRestitution 0.2500$3e800000<CR>
dump binary_addendum line=34 text=PsMatDynamicFrictionV 0.1250$3e000000<CR>
dump binary_addendum line=35 text=PsMatStaticFrictionV 0.3000$3e99999a<CR>
dump binary_addendum line=36 text=PsMatDirOfAnisotropy 0 0 1<CR>
dump binary_addendum line=37 text=PsMatDirOfMotion 1 0 0<CR>
dump binary_addendum line=38 text=PsMatSpeedOfMotion 2.5000$40200000<CR>
dump binary_addendum line=39 text=PsMatAnisotropic true<CR>
dump binary_addendum line=40 text=PsMatMovingSurface true<CR>
dump binary_addendum line=41 text=PsMatEnd<CR>
dump binary_addendum line=42 text=### End Material Definition ####<CR>
dump binary_addendum line=43 text=<CR>
dump binary_addendum line=44 text=<CR>
dump binary_addendum line=45 text=### Begin Material Definition ####<CR>
dump binary_addendum line=46 text=PsMatBegin mat3<CR>
dump binary_addendum line=47 text=PsMatDynamicFriction 1.2500$3fa00000<CR>
dump binary_addendum line=48 text=PsMatStaticFriction 1.5000$3fc00000<CR>
dump binary_addendum line=49 text=PsMatSpinFriction 0<CR>
dump binary_addendum line=50 text=PsMatRollFriction 0<CR>
dump binary_addendum line=51 text=PsMatRestitution 0.8750$3f600000<CR>
dump binary_addendum line=52 text=PsMatDynamicFrictionV 0<CR>
dump binary_addendum line=53 text=PsMatStaticFrictionV 0<CR>
dump binary_addendum line=54 text=PsMatDirOfAnisotropy 1 0 0<CR>
dump binary_addendum line=55 text=PsMatDirOfMotion 1 0 0<CR>
dump binary_addendum line=56 text=PsMatSpeedOfMotion 0<CR>
dump binary_addendum line=57 text=PsMatAnisotropic false<CR>
dump binary_addendum line=58 text=PsMatMovingSurface false<CR>
dump binary_addendum line=59 text=PsMatEnd<CR>
dump binary_addendum line=60 text=### End Material Definition ####<CR>
dump binary_addendum line=61 text=<CR>
dump binary_addendum line=62 text=PsAssetBegin Asset__P1<CR>
dump binary_addendum line=63 text=################################################################<CR>
dump binary_addendum line=64 text=### Novodex Specific Physics Simulation Constants<CR>
dump binary_addendum line=65 text=################################################################<CR>
dump binary_addendum line=66 text=PsSetConstant NX_PENALTY_FORCE 0.7500$3f400000<CR>
dump binary_addendum line=67 text=PsSetConstant NX_MIN_SEPARATION_FOR_PENALTY -0.0500$bd4ccccd<CR>
dump binary_addendum line=68 text=PsSetConstant NX_DEFAULT_SLEEP_LIN_VEL_SQUARED 0.0225$3cb851ec<CR>
dump binary_addendum line=69 text=PsSetConstant NX_DEFAULT_SLEEP_ANG_VEL_SQUARED 0.0196$3ca0902e<CR>
dump binary_addendum line=70 text=PsSetConstant NX_BOUNCE_TRESHOLD -1.5000$bfc00000<CR>
dump binary_addendum line=71 text=PsSetConstant NX_DYN_FRICT_SCALING 1<CR>
dump binary_addendum line=72 text=PsSetConstant NX_STA_FRICT_SCALING 1<CR>
dump binary_addendum line=73 text=PsSetConstant NX_MAX_ANGULAR_VELOCITY 9.0000$41100000<CR>
dump binary_addendum line=74 text=PsSetConstant NX_MESH_MESH_LEVEL 4.0000$40800000<CR>
dump binary_addendum line=75 text=PsSetConstant NX_ENABLE_MESH_DEBUG 0<CR>
dump binary_addendum line=76 text=PsSetConstant NX_COLL_INFINITY fltmax<CR>
dump binary_addendum line=77 text=PsSetConstant NX_CONTINUOUS_CD 0<CR>
dump binary_addendum line=78 text=PsSetConstant NX_MESH_HINT_SPEED 1<CR>
dump binary_addendum line=79 text=################################################################<CR>
dump binary_addendum line=80 text=<CR>
dump binary_addendum line=81 text=################################################################<CR>
dump binary_addendum line=82 text=### Collision Group Flags<CR>
dump binary_addendum line=83 text=################################################################<CR>
dump binary_addendum line=84 text=PsGroupCollisionFlag 1 FFFFFFF7<CR>
dump binary_addendum line=85 text=PsGroupCollisionFlag 2 FFFFFFFB<CR>
dump binary_addendum line=86 text=PsGroupCollisionFlag 3 FFFFFFFD<CR>
dump binary_addendum line=87 text=################################################################<CR>
dump binary_addendum line=88 text=<CR>
dump binary_addendum line=89 text=###########################################################<CR>
dump binary_addendum line=90 text=#### Asset Information<CR>
dump binary_addendum line=91 text=###########################################################<CR>
dump binary_addendum line=92 text=## Scene in initial configuration.<CR>
dump binary_addendum line=93 text=###########################################################<CR>
dump binary_addendum line=94 text=PsGravity 0.5000$3f000000 -9.8100$c11cf5c3 0.2500$3e800000<CR>
dump binary_addendum line=95 text=PsJointEnd<CR>
dump binary_addendum line=96 text=PsJointEnd<CR>
dump binary_addendum line=97 text=PsJointEnd<CR>
dump binary_addendum line=98 text=PsJointLimitPlane 0 1 0 -0.2500$be800000<CR>
dump binary_addendum line=99 text=PsJointEnd<CR>
dump binary_addendum line=100 text=PsJointBegin $__P2<CR>
dump binary_addendum line=101 text=### Point In Plane Joint<CR>
dump binary_addendum line=102 text=PsJointOffset frame(primary)   body(primary)   offset(-1,0.2500$3e800000,-2.0000$c0000000)<CR>
dump binary_addendum line=103 text=PsJointOffset frame(secondary) body(secondary) offset(0.1039$3dd4c77e,0.3110$3e9f4080,2.2260$400e765c)<CR>
dump binary_addendum line=104 text=PsJointAxes   frame(primary)   body(primary)   xaxis(0,1,0) yaxis(0,0,1)<CR>
dump binary_addendum line=105 text=PsJointAxes   frame(secondary) body(secondary) xaxis(-0.1558$be1f959d,0.9584$3f755c6d,-0.2390$be74b234) yaxis(-0.4156$bed4c77b,0.1558$3e1f959c,0.8961$3f656711)<CR>
dump binary_addendum line=106 text=PsDefaultSettings bodycollide(false) breakable(false) <CR>
dump binary_addendum line=107 text=PsJointLimit swing1(free) swing2(free) twist(free) linear(free,free,locked)<CR>
dump binary_addendum line=108 text=PsJointEnd<CR>
dump binary_addendum line=109 text=PsJointBegin $__P3<CR>
dump binary_addendum line=110 text=### Point On Line Joint<CR>
dump binary_addendum line=111 text=PsJointOffset frame(primary)   body(primary)   offset(0.1579$3e21af26,-0.3921$bec8c201,2.1526$4009c4b7)<CR>
dump binary_addendum line=112 text=PsJointOffset frame(secondary) body(secondary) offset(-1.7192$bfdc0e06,-0.6801$bf2e1d75,-1.1808$bf97252d)<CR>
dump binary_addendum line=113 text=PsJointAxes   frame(primary)   body(primary)   xaxis(0.2211$3e625ba2,-0.6189$bf1e7355,0.7537$3f40f173) yaxis(0.8211$3f523082,-0.2989$be990f9f,-0.4863$bef8fe61)<CR>
dump binary_addendum line=114 text=PsJointAxes   frame(secondary) body(secondary) xaxis(0.9507$3f736016,-0.1118$bde4ed56,0.2893$3e94211c) yaxis(0.2630$3e86a9bd,-0.2038$be50ba48,-0.9430$bf716958)<CR>
dump binary_addendum line=115 text=PsDefaultSettings bodycollide(false) breakable(false) <CR>
dump binary_addendum line=116 text=PsJointLimit swing1(free) swing2(free) twist(free) linear(free,locked,locked)<CR>
dump binary_addendum line=117 text=PsJointLimitPlane -0.0000$b323fc9e -0.0000$b3309d79 1 -2.0000$bffffffe<CR>
dump binary_addendum line=118 text=PsJointEnd<CR>
dump binary_addendum line=119 text=PsJointBegin $__P4<CR>
dump binary_addendum line=120 text=### Spherical Joint<CR>
dump binary_addendum line=121 text=PsJointOffset frame(primary)   body(primary)   offset(1,4.0000$40800000,2.0000$40000000)<CR>
dump binary_addendum line=122 text=PsJointOffset frame(secondary) body(secondary) offset(0,1,0)<CR>
dump binary_addendum line=123 text=PsJointAxes   frame(primary)   body(primary)   xaxis(0,1,0) yaxis(0,0,1)<CR>
dump binary_addendum line=124 text=PsJointAxes   frame(secondary) body(secondary) xaxis(0,1,0) yaxis(0,0,1)<CR>
dump binary_addendum line=125 text=PsDefaultSettings bodycollide(false) breakable(false) <CR>
dump binary_addendum line=126 text=PsJointLimit swing1(free) swing2(free) twist(free) twistspring(none) swingspring(none) jointspring(none) projection(none) linear(locked,locked,locked)<CR>
dump binary_addendum line=127 text=PsJointEnd<CR>
dump binary_addendum line=128 text=PsJointBegin "shoulder joint___P5"<CR>
dump binary_addendum line=129 text=### Spherical Joint<CR>
dump binary_addendum line=130 text=PsJointOffset frame(primary)   body(primary)   offset(-1.1688$bf959c43,-0.3617$beb92f36,0.3578$3eb7308b)<CR>
dump binary_addendum line=131 text=PsJointOffset frame(secondary) body(secondary) offset(0.7130$3f368a05,-0.6978$bf32a4b9,-0.7935$bf4b2165)<CR>
dump binary_addendum line=132 text=PsJointAxes   frame(primary)   body(primary)   xaxis(-0.4260$beda1945,0.6997$3f33222e,0.5735$3f12d153) yaxis(0.8961$3f656711,0.2390$3e74b234,0.3740$3ebf8055)<CR>
dump binary_addendum line=133 text=PsJointAxes   frame(secondary) body(secondary) xaxis(0.4638$3eed7303,0.8551$3f5ae608,0.2319$3e6d730a) yaxis(0.8841$3f6251a0,-0.4638$beed7302,-0.0580$bd6d7309)<CR>
dump binary_addendum line=134 text=PsDefaultSettings bodycollide(false) breakable(false) name("shoulder joint") <CR>
dump binary_addendum line=135 text=PsJointLimit swing1(0.2500$3e800000,0.5000$3f000000,1) swing2(0.2500$3e800000,0.5000$3f000000,1) twist(-0.5000$bf000000,0.2500$3e800000,1,  0.3750$3ec00000,0.1250$3e000000,1) twistspring(6.0000$40c00000,0.2500$3e800000,0.1250$3e000000) swingspring(4.0000$40800000,0.7500$3f400000,0.0625$3d800000) jointspring(3.0000$40400000,0.5000$3f000000,0.2500$3e800000) projection(0.1250$3e000000) linear(locked,locked,locked)<CR>
dump binary_addendum line=136 text=PsJointEnd<CR>
dump binary_addendum line=137 text=PsJointBegin $__P6<CR>
dump binary_addendum line=138 text=### Cylindrical Joint<CR>
dump binary_addendum line=139 text=PsJointOffset frame(primary)   body(primary)   offset(-2.5479$c0231189,-0.0753$bd9a4d2d,0.0479$3d446212)<CR>
dump binary_addendum line=140 text=PsJointOffset frame(secondary) body(secondary) offset(1.0909$3f8ba2e9,1.1909$3f986fb6,1.9727$3ffc8254)<CR>
dump binary_addendum line=141 text=PsJointAxes   frame(primary)   body(primary)   xaxis(0.1644$3e285429,0.9726$3f78fc7e,-0.1644$be285429) yaxis(0.6027$3f1a4d26,0.0329$3d06a9bc,0.7973$3f4c1940)<CR>
dump binary_addendum line=142 text=PsJointAxes   frame(secondary) body(secondary) xaxis(-0.1558$be1f959d,0.9584$3f755c6d,-0.2390$be74b234) yaxis(-0.4156$bed4c77b,0.1558$3e1f959c,0.8961$3f656711)<CR>
dump binary_addendum line=143 text=PsDefaultSettings bodycollide(false) breakable(100.0000$42c80000,250.5000$437a8000) <CR>
dump binary_addendum line=144 text=PsJointLimit twist(free) swing1(locked) swing2(locked) linear(free,locked,locked)<CR>
dump binary_addendum line=145 text=PsJointEnd<CR>
dump binary_addendum line=146 text=PsJointBegin $__P7<CR>
dump binary_addendum line=147 text=### Revolute Joint<CR>
dump binary_addendum line=148 text=PsJointOffset frame(primary)   body(primary)   offset(1.2145$3f9b7480,0.1580$3e21c32c,0.0072$3bed7378)<CR>
dump binary_addendum line=149 text=PsJointOffset frame(secondary) body(secondary) offset(-4.6712$c0957abd,0.1452$3e14b0b7,2.2712$40115be0)<CR>
dump binary_addendum line=150 text=PsJointAxes   frame(primary)   body(primary)   xaxis(0.8841$3f6251a0,-0.4638$beed7302,-0.0580$bd6d7309) yaxis(0.3362$3eac2695,0.5449$3f0b805e,0.7681$3f44a340)<CR>
dump binary_addendum line=151 text=PsJointAxes   frame(secondary) body(secondary) xaxis(0.7808$3f47e3f2,-0.2301$be6ba906,-0.5808$bf14b0be) yaxis(0.6027$3f1a4d26,0.0329$3d06a9bc,0.7973$3f4c1940)<CR>
dump binary_addendum line=152 text=PsDefaultSettings bodycollide(false) breakable(false) <CR>
dump binary_addendum line=153 text=PsJointLimit twist(free) motor(false) twistspring(none) swing1(locked) swing2(locked) linear(locked,locked,locked)<CR>
dump binary_addendum line=154 text=PsJointEnd<CR>
dump binary_addendum line=155 text=PsJointBegin hinge___P8<CR>
dump binary_addendum line=156 text=### Revolute Joint<CR>
dump binary_addendum line=157 text=PsJointOffset frame(primary)   body(primary)   offset(-2.1053$c006bca2,1.4947$3fbf5388,1.1816$3f973dfa)<CR>
dump binary_addendum line=158 text=PsJointOffset frame(secondary) body(secondary) offset(1.9522$3ff9e0d6,-1.4913$bfbee30e,-1.4239$bfb642c9)<CR>
dump binary_addendum line=159 text=PsJointAxes   frame(primary)   body(primary)   xaxis(-0.3158$bea1af28,-0.3158$bea1af28,0.8947$3f650d79) yaxis(0.7895$3f4a1af3,-0.6105$bf1c4b72,0.0632$3d8158ee)<CR>
dump binary_addendum line=160 text=PsJointAxes   frame(secondary) body(secondary) xaxis(0.3362$3eac2695,0.5449$3f0b805e,0.7681$3f44a340) yaxis(0.8841$3f6251a0,-0.4638$beed7302,-0.0580$bd6d7309)<CR>
dump binary_addendum line=161 text=PsDefaultSettings bodycollide(true) breakable(false) name("hinge") <CR>
dump binary_addendum line=162 text=PsJointLimit twist(-0.2500$be800000,0.5000$3f000000,0.7500$3f400000,  0.1250$3e000000,0.2500$3e800000,1) motor(2.5000$40200000,30.0000$41f00000,true) twistspring(8.0000$41000000,0.5000$3f000000,0.0625$3d800000) swing1(locked) swing2(locked) linear(locked,locked,locked)<CR>
dump binary_addendum line=163 text=PsJointLimitPlane -0.0000$b2fa4576 1 -0.0000$b3309d79 3.0000$40400001<CR>
dump binary_addendum line=164 text=PsJointEnd<CR>
dump binary_addendum line=165 text=PsJointBegin $__P9<CR>
dump binary_addendum line=166 text=### Prismatic Joint<CR>
dump binary_addendum line=167 text=PsJointOffset frame(primary)   body(primary)   offset(1.5909$3fcba2e9,0.0409$3d27904c,0.1727$3e30df6a)<CR>
dump binary_addendum line=168 text=PsJointOffset frame(secondary) body(secondary) offset(-1.2105$bf9af287,0.9395$3f708156,0.4632$3eed2307)<CR>
dump binary_addendum line=169 text=PsJointAxes   frame(primary)   body(primary)   xaxis(-0.0847$bdad6a40,0.6708$3f2bb67c,0.7368$3f3ca0f8) yaxis(0.9932$3f7e40de,-0.0027$bb305378,0.1166$3deec344)<CR>
dump binary_addendum line=170 text=PsJointAxes   frame(secondary) body(secondary) xaxis(0.2842$3e91840a,-0.1238$bdfd854e,0.9507$3f73637d) yaxis(0.7365$3f3c8df9,-0.6066$bf1b4c77,-0.2992$be992c40)<CR>
dump binary_addendum line=171 text=PsDefaultSettings bodycollide(false) breakable(false) <CR>
dump binary_addendum line=172 text=PsJointLimit swing1(locked) swing2(locked) twist(locked) linear(free,locked,locked)<CR>
dump binary_addendum line=173 text=PsJointEnd<CR>
dump binary_addendum line=174 text=PsPlane  plane(0,1,0,-0.5000$bf000000) localposition(0,0,0) localorientation(0,0,0,1) group(0) material(mat1) name(ground___P10) awake(false) position(0,0,0) orientation(0,0,0,1) static(true) <CR>
dump binary_addendum line=175 text=PsDefaultSettings localposition(0,0,0)<CR>
dump binary_addendum line=176 text=PsDefaultSettings localorientation(0,0,0,1)<CR>
dump binary_addendum line=177 text=PsDefaultSettings group(0)<CR>
dump binary_addendum line=178 text=PsBox sides(8.0000$41000000,4.0000$40800000,0.5000$3f000000) material(mat3) triggerevent(enter,leave,stay) name("wall block___P11") awake(false) position(-3.0000$c0400000,2.0000$40000000,5.0000$40a00000) orientation(0,0.3818$3ec37611,0,0.9243$3f6c9c66) static(true) <CR>
dump binary_addendum line=179 text=PsSphere radius(0.6250$3f200000) material(mat1) name(ball___P12) position(0,1,0) orientation(0.1019$3dd0c061,0.2039$3e50c061,-0.1019$bdd0c062,0.9683$3f77e474) com(0,0,0) comrot(0,0,0,1) inertia(0.3125$3ea00000,0.3125$3ea00000,0.3125$3ea00000) mass(2.0450$4002e148) solvercount(4) velocity(0.5000$3f000000,-0.2500$be800000,1) angularvelocity(0.3000$3e99999a,0.7000$3f333333,-0.2000$be4ccccd) wakeupcounter(0.4000$3ecccccc) lineardamping(0) angulardamping(0.0500$3d4ccccd) maxangularvelocity(9.0000$41100000) <CR>
dump binary_addendum line=180 text=PsDefaultSettings wakeupcounter(0.4000$3ecccccc)<CR>
dump binary_addendum line=181 text=PsBox sides(2.0000$40000000,1,1.5000$3fc00000) localposition(0.1250$3e000000,-0.2500$be800000,0.5000$3f000000) localorientation(0,0,0.3827$3ec3ef17,0.9239$3f6c835e) material(mat2) group(3) name("crate"q___P13") position(3.0000$40400000,0.5000$3f000000,-1) orientation(-0.2052$be521ecf,0.1026$3dd21ed0,0.3078$3e9d971a,0.9234$3f6c62ab) com(0.1250$3e000000,-0.2500$be800000,0.5000$3f000000) comrot(0,0,-0.3827$bec3ef17,0.9239$3f6c835e) inertia(2.3438$40160000,1.2188$3f9c0000,1.8750$3ff00000) mass(4.5000$40900000) solvercount(7) velocity(0,0,0) angularvelocity(0,0,0) lineardamping(0.1250$3e000000) angulardamping(0.0625$3d800000) maxangularvelocity(12.5000$41480000) <CR>
dump binary_addendum line=182 text=PsDefaultSettings angularvelocity(0,0,0)<CR>
dump binary_addendum line=183 text=PsCapsule height(1.2500$3fa00000) radius(0.3750$3ec00000) localposition(0,0,0) localorientation(0,0,0,1) material(mat1) group(2) name(pill___P14) position(-2.0000$c0000000,0.5000$3f000000,1.5000$3fc00000) orientation(0.3230$3ea56412,-0.1077$bddc856f,0.2154$3e5c856d,0.9152$3f6a4dc6) com(0,0,0) comrot(0,0,0,1) inertia(0.9750$3f79999a,0.1875$3e400000,0.9750$3f79999a) mass(2.6500$4029999a) solvercount(4) velocity(-0.7500$bf400000,0.1000$3dcccccd,0.4000$3ecccccd) lineardamping(0) angulardamping(0.0500$3d4ccccd) maxangularvelocity(9.0000$41100000) locked(true,false,false,false,false,true) <CR>
dump binary_addendum line=184 text=PsDefaultSettings com(0,0,0)<CR>
dump binary_addendum line=185 text=PsDefaultSettings comrot(0,0,0,1)<CR>
dump binary_addendum line=186 text=PsDefaultSettings solvercount(4)<CR>
dump binary_addendum line=187 text=PsDefaultSettings lineardamping(0)<CR>
dump binary_addendum line=188 text=PsDefaultSettings angulardamping(0.0500$3d4ccccd)<CR>
dump binary_addendum line=189 text=PsDefaultSettings maxangularvelocity(9.0000$41100000)<CR>
dump binary_addendum line=190 text=PsDefaultSettings localposition(0,0,0)<CR>
dump binary_addendum line=191 text=PsDefaultSettings localorientation(0,0,0,1)<CR>
dump binary_addendum line=192 text=PsDefaultSettings material(mat1)<CR>
dump binary_addendum line=193 text=PsBox sides(1,1,4.0000$40800000) group(0) name(mover___P15) position(1,3.0000$40400000,2.0000$40000000) orientation(0,0,0,1) density(1) inertia(5.6667$40b55556,5.6667$40b55556,0.6667$3f2aaaab) mass(4.0000$40800000) velocity(0,0,0) kinematic(true) <CR>
dump binary_addendum line=194 text=PsDefaultSettings velocity(0,0,0)<CR>
dump binary_addendum line=195 text=PsShapeBegin Shape1<CR>
dump binary_addendum line=196 text=PsDefaultSettings group(0)<CR>
dump binary_addendum line=197 text=PsBox sides(1,0.5000$3f000000,1) localposition(0,-0.5000$bf000000,0) <CR>
dump binary_addendum line=198 text=PsSphere radius(0.2500$3e800000) localposition(0,0.5000$3f000000,0) material(mat2) triggerevent(leave,) <CR>
dump binary_addendum line=199 text=PsCapsule height(0.7500$3f400000) radius(0.1250$3e000000) localposition(0.5000$3f000000,0,0) localorientation(0.7071$3f3504f5,0,0,0.7071$3f3504f2) material(mat1) group(5) <CR>
dump binary_addendum line=200 text=PsShapeEnd<CR>
dump binary_addendum line=201 text=PsShape Shape1 name(compound___P16) position(4.0000$40800000,2.0000$40000000,3.0000$40400000) orientation(0.0523$3d5664f9,-0.3141$bea0cbbb,0.1047$3dd664f8,0.9422$3f713199) com(0.0447$3d37165e,-0.4553$bee91d34,0) comrot(0,0,0.1546$3e1e4c89,0.9880$3f7cec2f) inertia(0.1600$3e23d70a,0.2500$3e800000,0.1875$3e400000) mass(1.3750$3fb00000) angularvelocity(0,1.5000$3fc00000,0) <CR>
dump binary_addendum line=202 text=PsDefaultSettings group(0)<CR>
dump binary_addendum line=203 text=PsBox sides(0.6000$3f19999a,0.6000$3f19999a,0.6000$3f19999a) name("frozen one___P17") position(-4.0000$c0800000,1,-4.0000$c0800000) orientation(0,0,0,1) com(0,0,0) comrot(0,0,0,1) inertia(0.0130$3c54562e,0.0130$3c54562e,0.0130$3c54562e) mass(0.2160$3e5d2f1b) angularvelocity(0,0,0) locked(true) collision(false) <CR>
dump binary_addendum line=204 text=PsDefaultSettings orientation(0,0,0,1)<CR>
dump binary_addendum line=205 text=PsDefaultSettings comrot(0,0,0,1)<CR>
dump binary_addendum line=206 text=PsDefaultSettings angularvelocity(0,0,0)<CR>
dump binary_addendum line=207 text=PsShapeBegin Shape2<CR>
dump binary_addendum line=208 text=PsShapeEnd<CR>
dump binary_addendum line=209 text=PsShape Shape2 name(ghost___P18) position(0,6.0000$40c00000,0) com(0,0.2500$3e800000,0) inertia(1,0.5000$3f000000,0.2500$3e800000) mass(2.0000$40000000) <CR>
dump binary_addendum line=210 text=PsSphere radius(0.5000$3f000000) name($__P19) position(2.0000$40000000,0.5000$3f000000,4.0000$40800000) com(0,0,0) inertia(0.0500$3d4ccccd,0.0500$3d4ccccd,0.0500$3d4ccccd) mass(0.5000$3f000000) wakeupcounter(0) <CR>
dump binary_addendum line=211 text=PsJoint $__P20 pill___P14 $__P19<CR>
dump binary_addendum line=212 text=PsJoint $__P21 compound___P16 $__P19<CR>
dump binary_addendum line=213 text=PsJoint $__P22 ball___P12 "crate"q___P13"<CR>
dump binary_addendum line=214 text=PsJoint rope___P23 ball___P12 $__P19<CR>
dump binary_addendum line=215 text=PsJoint $__P2 $__P19 ball___P12<CR>
dump binary_addendum line=216 text=PsJoint $__P3 "crate"q___P13" compound___P16<CR>
dump binary_addendum line=217 text=PsJoint $__P4 @world mover___P15<CR>
dump binary_addendum line=218 text=PsJoint "shoulder joint___P5" ball___P12 pill___P14<CR>
dump binary_addendum line=219 text=PsJoint $__P6 compound___P16 ball___P12<CR>
dump binary_addendum line=220 text=PsJoint $__P7 pill___P14 compound___P16<CR>
dump binary_addendum line=221 text=PsJoint hinge___P8 "crate"q___P13" pill___P14<CR>
dump binary_addendum line=222 text=PsJoint $__P9 ball___P12 "crate"q___P13"<CR>
dump binary_addendum line=223 text=PsDefaultSettings spring_dist_relaxed(1.250000)
dump binary_addendum line=224 text=PsDefaultSettings spring_dist_compress_saturate(0.500000) spring_dist_stretch_saturate(3.000000)
dump binary_addendum line=225 text=PsDefaultSettings spring_max_compress_force(40.000000) spring_max_stretch_force(55.000000)
dump binary_addendum line=226 text=PsDefaultSettings spring_vel_compress_saturate(-2.500000) spring_vel_stretch_saturate(1.750000)
dump binary_addendum line=227 text=PsDefaultSettings spring_damper_max_compress_force(7.000000) spring_damper_max_stretch_force(9.500000)
dump binary_addendum line=228 text=PsDefaultSettings spring_pos1(0.250000,1.500000,-0.300000)
dump binary_addendum line=229 text=PsDefaultSettings spring_pos2(-1.750000,0.200000,1.250000)
dump binary_addendum line=230 text=PsSpring ball___P12 pill___P14
dump binary_addendum line=231 text=PsAssetEnd<CR>
dump binary_addendum line=232 text=##################################################################################<CR>
dump binary_addendum line=233 text=<CR>
dump binary_addendum line=234 text=PsAssetBegin Asset__P24<CR>
dump binary_addendum line=235 text=################################################################<CR>
dump binary_addendum line=236 text=### Novodex Specific Physics Simulation Constants<CR>
dump binary_addendum line=237 text=################################################################<CR>
dump binary_addendum line=238 text=PsSetConstant NX_PENALTY_FORCE 0.7500$3f400000<CR>
dump binary_addendum line=239 text=PsSetConstant NX_MIN_SEPARATION_FOR_PENALTY -0.0500$bd4ccccd<CR>
dump binary_addendum line=240 text=PsSetConstant NX_DEFAULT_SLEEP_LIN_VEL_SQUARED 0.0225$3cb851ec<CR>
dump binary_addendum line=241 text=PsSetConstant NX_DEFAULT_SLEEP_ANG_VEL_SQUARED 0.0196$3ca0902e<CR>
dump binary_addendum line=242 text=PsSetConstant NX_BOUNCE_TRESHOLD -1.5000$bfc00000<CR>
dump binary_addendum line=243 text=PsSetConstant NX_DYN_FRICT_SCALING 1<CR>
dump binary_addendum line=244 text=PsSetConstant NX_STA_FRICT_SCALING 1<CR>
dump binary_addendum line=245 text=PsSetConstant NX_MAX_ANGULAR_VELOCITY 9.0000$41100000<CR>
dump binary_addendum line=246 text=PsSetConstant NX_MESH_MESH_LEVEL 4.0000$40800000<CR>
dump binary_addendum line=247 text=PsSetConstant NX_ENABLE_MESH_DEBUG 0<CR>
dump binary_addendum line=248 text=PsSetConstant NX_COLL_INFINITY fltmax<CR>
dump binary_addendum line=249 text=PsSetConstant NX_CONTINUOUS_CD 0<CR>
dump binary_addendum line=250 text=PsSetConstant NX_MESH_HINT_SPEED 1<CR>
dump binary_addendum line=251 text=################################################################<CR>
dump binary_addendum line=252 text=<CR>
dump binary_addendum line=253 text=################################################################<CR>
dump binary_addendum line=254 text=### Collision Group Flags<CR>
dump binary_addendum line=255 text=################################################################<CR>
dump binary_addendum line=256 text=PsGroupCollisionFlag 1 FFFFFFF7<CR>
dump binary_addendum line=257 text=PsGroupCollisionFlag 2 FFFFFFFB<CR>
dump binary_addendum line=258 text=PsGroupCollisionFlag 3 FFFFFFFD<CR>
dump binary_addendum line=259 text=################################################################<CR>
dump binary_addendum line=260 text=<CR>
dump binary_addendum line=261 text=###########################################################<CR>
dump binary_addendum line=262 text=#### Asset Information<CR>
dump binary_addendum line=263 text=###########################################################<CR>
dump binary_addendum line=264 text=## Scene in initial configuration.<CR>
dump binary_addendum line=265 text=###########################################################<CR>
dump binary_addendum line=266 text=PsGravity 0 -3.5000$c0600000 0<CR>
dump binary_addendum line=267 text=PsBox sides(20.0000$41a00000,1,20.0000$41a00000) localposition(0,0,0) localorientation(0,0,0,1) material(mat1) group(0) name(floor___P25) awake(false) position(0,-0.5000$bf000000,0) orientation(0,0,0,1) static(true) <CR>
dump binary_addendum line=268 text=PsDefaultSettings orientation(0,0,0,1)<CR>
dump binary_addendum line=269 text=PsDefaultSettings localposition(0,0,0)<CR>
dump binary_addendum line=270 text=PsDefaultSettings localorientation(0,0,0,1)<CR>
dump binary_addendum line=271 text=PsDefaultSettings material(mat1)<CR>
dump binary_addendum line=272 text=PsDefaultSettings group(0)<CR>
dump binary_addendum line=273 text=PsSphere radius(0.7500$3f400000) name(drop___P26) position(0,3.0000$40400000,0) com(0,0,0) comrot(0,0,0,1) inertia(0.3750$3ec00000,0.3750$3ec00000,0.3750$3ec00000) mass(1.7500$3fe00000) solvercount(4) velocity(0,0,0) angularvelocity(0,0,0) wakeupcounter(0.4000$3ecccccc) lineardamping(0) angulardamping(0.0500$3d4ccccd) maxangularvelocity(9.0000$41100000) <CR>
dump binary_addendum line=274 text=PsDefaultSettings comrot(0,0,0,1)<CR>
dump binary_addendum line=275 text=PsDefaultSettings solvercount(4)<CR>
dump binary_addendum line=276 text=PsDefaultSettings velocity(0,0,0)<CR>
dump binary_addendum line=277 text=PsDefaultSettings angularvelocity(0,0,0)<CR>
dump binary_addendum line=278 text=PsDefaultSettings wakeupcounter(0.4000$3ecccccc)<CR>
dump binary_addendum line=279 text=PsDefaultSettings lineardamping(0)<CR>
dump binary_addendum line=280 text=PsDefaultSettings angulardamping(0.0500$3d4ccccd)<CR>
dump binary_addendum line=281 text=PsDefaultSettings maxangularvelocity(9.0000$41100000)<CR>
dump binary_addendum line=282 text=PsShapeBegin Shape3<CR>
dump binary_addendum line=283 text=PsBox sides(0.5000$3f000000,0.5000$3f000000,0.5000$3f000000) localposition(-0.5000$bf000000,0,0) <CR>
dump binary_addendum line=284 text=PsBox sides(0.5000$3f000000,1,0.5000$3f000000) localposition(0.5000$3f000000,0,0) material(mat3) <CR>
dump binary_addendum line=285 text=PsShapeEnd<CR>
dump binary_addendum line=286 text=PsShape Shape3 name(pair___P27) position(2.0000$40000000,1,0) orientation(0,0,0.2000$3e4cc251,0.9798$3f7ad470) com(0.1667$3e2aaaab,0,0) inertia(0.0313$3d000000,0.1000$3dcccccd,0.1150$3deb851f) mass(0.3750$3ec00000) <CR>
dump binary_addendum line=287 text=PsAssetEnd<CR>
dump binary_addendum line=288 text=##################################################################################<CR>
dump binary_addendum line=289 text=<CR>
dump binary_addendum line=290 text=<CR>
dump binary_addendum line=291 text=PsSetScene 0<CR>
dump binary_addendum line=292 text=PsAsset Asset__P1 position(0,0,0) orientation(0,0,0,1)<CR>
dump binary_addendum line=293 text=<CR>
dump binary_addendum line=294 text=PsSetScene 1<CR>
dump binary_addendum line=295 text=PsAsset Asset__P24 position(0,0,0) orientation(0,0,0,1)<CR>
dump binary_addendum line=296 text=<CR>
dump binary_addendum line=297 text=PsSetScene 0<CR>
dump binary_addendum line=298 text=### Begin : User supplied addendum script.<CR>
dump binary_addendum line=299 text=# addendum for the binary dump<CR>
dump binary_addendum line=300 text=### End   : User supplied addendum script.<CR>
dump binary_addendum lines=301 normalised_bytes=19608
deadlock before a_flag=0 b_flag=0
report error code=2 file=\Epic\Novodex\SDKs\Physics\src\NpPhysicsSDK.cpp line=225 message=PhysicsSDK: WriteLock is still aquired. Procedure call skipped to avoid a deadlock!
dump deadlock coreDump binary=0 addendum=yes returned=0
dump deadlock present=no
deadlock after a_flag=0 a_owner_is_self=1 b_flag=1
allocator window scene_b_release allocations=5 frees=54 alloc_sizes=8,8,8,24,24 free_prefix=20,24,32,4,32,4,40,24,28,552,80,24,608,28,228,80
dump one_scene coreDump binary=0 addendum=no returned=0
dump one_scene present=yes
dump one_scene line=0 text=################################################################<CR>
dump one_scene line=1 text=### Core Dump from Novodex Physics SDK<CR>
dump one_scene line=2 text=### Core Dump Generated on <date><CR>
dump one_scene line=3 text=### Contains one Asset.<CR>
dump one_scene line=4 text=PsReset<CR>
dump one_scene line=5 text=PsVersion 1.4<CR>
dump one_scene line=6 text=PsNameSpace PhysicsSDK__P0<CR>
dump one_scene line=7 text=<CR>
dump one_scene line=8 text=<CR>
dump one_scene line=9 text=### Begin Material Definition ####<CR>
dump one_scene line=10 text=PsMatBegin mat1<CR>
dump one_scene line=11 text=PsMatDynamicFriction 0<CR>
dump one_scene line=12 text=PsMatStaticFriction 0<CR>
dump one_scene line=13 text=PsMatSpinFriction 0<CR>
dump one_scene line=14 text=PsMatRollFriction 0<CR>
dump one_scene line=15 text=PsMatRestitution 0<CR>
dump one_scene line=16 text=PsMatDynamicFrictionV 0<CR>
dump one_scene line=17 text=PsMatStaticFrictionV 0<CR>
dump one_scene line=18 text=PsMatDirOfAnisotropy 1 0 0<CR>
dump one_scene line=19 text=PsMatDirOfMotion 1 0 0<CR>
dump one_scene line=20 text=PsMatSpeedOfMotion 0<CR>
dump one_scene line=21 text=PsMatAnisotropic false<CR>
dump one_scene line=22 text=PsMatMovingSurface false<CR>
dump one_scene line=23 text=PsMatEnd<CR>
dump one_scene line=24 text=### End Material Definition ####<CR>
dump one_scene line=25 text=<CR>
dump one_scene line=26 text=<CR>
dump one_scene line=27 text=### Begin Material Definition ####<CR>
dump one_scene line=28 text=PsMatBegin mat2<CR>
dump one_scene line=29 text=PsMatDynamicFriction 0.375<CR>
dump one_scene line=30 text=PsMatStaticFriction 0.625<CR>
dump one_scene line=31 text=PsMatSpinFriction 0<CR>
dump one_scene line=32 text=PsMatRollFriction 0<CR>
dump one_scene line=33 text=PsMatRestitution 0.25<CR>
dump one_scene line=34 text=PsMatDynamicFrictionV 0.125<CR>
dump one_scene line=35 text=PsMatStaticFrictionV 0.300000012<CR>
dump one_scene line=36 text=PsMatDirOfAnisotropy 0 0 1<CR>
dump one_scene line=37 text=PsMatDirOfMotion 1 0 0<CR>
dump one_scene line=38 text=PsMatSpeedOfMotion 2.5<CR>
dump one_scene line=39 text=PsMatAnisotropic true<CR>
dump one_scene line=40 text=PsMatMovingSurface true<CR>
dump one_scene line=41 text=PsMatEnd<CR>
dump one_scene line=42 text=### End Material Definition ####<CR>
dump one_scene line=43 text=<CR>
dump one_scene line=44 text=<CR>
dump one_scene line=45 text=### Begin Material Definition ####<CR>
dump one_scene line=46 text=PsMatBegin mat3<CR>
dump one_scene line=47 text=PsMatDynamicFriction 1.25<CR>
dump one_scene line=48 text=PsMatStaticFriction 1.5<CR>
dump one_scene line=49 text=PsMatSpinFriction 0<CR>
dump one_scene line=50 text=PsMatRollFriction 0<CR>
dump one_scene line=51 text=PsMatRestitution 0.875<CR>
dump one_scene line=52 text=PsMatDynamicFrictionV 0<CR>
dump one_scene line=53 text=PsMatStaticFrictionV 0<CR>
dump one_scene line=54 text=PsMatDirOfAnisotropy 1 0 0<CR>
dump one_scene line=55 text=PsMatDirOfMotion 1 0 0<CR>
dump one_scene line=56 text=PsMatSpeedOfMotion 0<CR>
dump one_scene line=57 text=PsMatAnisotropic false<CR>
dump one_scene line=58 text=PsMatMovingSurface false<CR>
dump one_scene line=59 text=PsMatEnd<CR>
dump one_scene line=60 text=### End Material Definition ####<CR>
dump one_scene line=61 text=<CR>
dump one_scene line=62 text=PsAssetBegin Asset__P1<CR>
dump one_scene line=63 text=################################################################<CR>
dump one_scene line=64 text=### Novodex Specific Physics Simulation Constants<CR>
dump one_scene line=65 text=################################################################<CR>
dump one_scene line=66 text=PsSetConstant NX_PENALTY_FORCE 0.75<CR>
dump one_scene line=67 text=PsSetConstant NX_MIN_SEPARATION_FOR_PENALTY -0.050000001<CR>
dump one_scene line=68 text=PsSetConstant NX_DEFAULT_SLEEP_LIN_VEL_SQUARED 0.022500001<CR>
dump one_scene line=69 text=PsSetConstant NX_DEFAULT_SLEEP_ANG_VEL_SQUARED 0.0196<CR>
dump one_scene line=70 text=PsSetConstant NX_BOUNCE_TRESHOLD -1.5<CR>
dump one_scene line=71 text=PsSetConstant NX_DYN_FRICT_SCALING 1<CR>
dump one_scene line=72 text=PsSetConstant NX_STA_FRICT_SCALING 1<CR>
dump one_scene line=73 text=PsSetConstant NX_MAX_ANGULAR_VELOCITY 9<CR>
dump one_scene line=74 text=PsSetConstant NX_MESH_MESH_LEVEL 4<CR>
dump one_scene line=75 text=PsSetConstant NX_ENABLE_MESH_DEBUG 0<CR>
dump one_scene line=76 text=PsSetConstant NX_COLL_INFINITY fltmax<CR>
dump one_scene line=77 text=PsSetConstant NX_CONTINUOUS_CD 0<CR>
dump one_scene line=78 text=PsSetConstant NX_MESH_HINT_SPEED 1<CR>
dump one_scene line=79 text=################################################################<CR>
dump one_scene line=80 text=<CR>
dump one_scene line=81 text=################################################################<CR>
dump one_scene line=82 text=### Collision Group Flags<CR>
dump one_scene line=83 text=################################################################<CR>
dump one_scene line=84 text=PsGroupCollisionFlag 1 FFFFFFF7<CR>
dump one_scene line=85 text=PsGroupCollisionFlag 2 FFFFFFFB<CR>
dump one_scene line=86 text=PsGroupCollisionFlag 3 FFFFFFFD<CR>
dump one_scene line=87 text=################################################################<CR>
dump one_scene line=88 text=<CR>
dump one_scene line=89 text=###########################################################<CR>
dump one_scene line=90 text=#### Asset Information<CR>
dump one_scene line=91 text=###########################################################<CR>
dump one_scene line=92 text=## Scene in initial configuration.<CR>
dump one_scene line=93 text=###########################################################<CR>
dump one_scene line=94 text=PsGravity 0.5 -9.81000042 0.25<CR>
dump one_scene line=95 text=PsJointEnd<CR>
dump one_scene line=96 text=PsJointEnd<CR>
dump one_scene line=97 text=PsJointEnd<CR>
dump one_scene line=98 text=PsJointLimitPlane 0 1 0 -0.25<CR>
dump one_scene line=99 text=PsJointEnd<CR>
dump one_scene line=100 text=PsJointBegin $__P2<CR>
dump one_scene line=101 text=### Point In Plane Joint<CR>
dump one_scene line=102 text=PsJointOffset frame(primary)   body(primary)   offset(-1,0.25,-2)<CR>
dump one_scene line=103 text=PsJointOffset frame(secondary) body(secondary) offset(0.103896126,0.311038971,2.225974083)<CR>
dump one_scene line=104 text=PsJointAxes   frame(primary)   body(primary)   xaxis(0,1,0) yaxis(0,0,1)<CR>
dump one_scene line=105 text=PsJointAxes   frame(secondary) body(secondary) xaxis(-0.155844167,0.958441556,-0.238961041) yaxis(-0.415584415,0.155844152,0.896103919)<CR>
dump one_scene line=106 text=PsDefaultSettings bodycollide(false) breakable(false) <CR>
dump one_scene line=107 text=PsJointLimit swing1(free) swing2(free) twist(free) linear(free,free,locked)<CR>
dump one_scene line=108 text=PsJointEnd<CR>
dump one_scene line=109 text=PsJointBegin $__P3<CR>
dump one_scene line=110 text=### Point On Line Joint<CR>
dump one_scene line=111 text=PsJointOffset frame(primary)   body(primary)   offset(0.157894701,-0.392105132,2.152631521)<CR>
dump one_scene line=112 text=PsJointOffset frame(secondary) body(secondary) offset(-1.719177961,-0.680136979,-1.180822015)<CR>
dump one_scene line=113 text=PsJointAxes   frame(primary)   body(primary)   xaxis(0.221052676,-0.618947327,0.753684223) yaxis(0.82105267,-0.298947304,-0.486315757)<CR>
dump one_scene line=114 text=PsJointAxes   frame(secondary) body(secondary) xaxis(0.950684905,-0.111780807,0.289315104) yaxis(0.26301375,-0.203835607,-0.943013668)<CR>
dump one_scene line=115 text=PsDefaultSettings bodycollide(false) breakable(false) <CR>
dump one_scene line=116 text=PsJointLimit swing1(free) swing2(free) twist(free) linear(free,locked,locked)<CR>
dump one_scene line=117 text=PsJointLimitPlane -0.000000038 -0.000000041 1 -1.999999762<CR>
dump one_scene line=118 text=PsJointEnd<CR>
dump one_scene line=119 text=PsJointBegin $__P4<CR>
dump one_scene line=120 text=### Spherical Joint<CR>
dump one_scene line=121 text=PsJointOffset frame(primary)   body(primary)   offset(1,4,2)<CR>
dump one_scene line=122 text=PsJointOffset frame(secondary) body(secondary) offset(0,1,0)<CR>
dump one_scene line=123 text=PsJointAxes   frame(primary)   body(primary)   xaxis(0,1,0) yaxis(0,0,1)<CR>
dump one_scene line=124 text=PsJointAxes   frame(secondary) body(secondary) xaxis(0,1,0) yaxis(0,0,1)<CR>
dump one_scene line=125 text=PsDefaultSettings bodycollide(false) breakable(false) <CR>
dump one_scene line=126 text=PsJointLimit swing1(free) swing2(free) twist(free) twistspring(none) swingspring(none) jointspring(none) projection(none) linear(locked,locked,locked)<CR>
dump one_scene line=127 text=PsJointEnd<CR>
dump one_scene line=128 text=PsJointBegin "shoulder joint___P5"<CR>
dump one_scene line=129 text=### Spherical Joint<CR>
dump one_scene line=130 text=PsJointOffset frame(primary)   body(primary)   offset(-1.168831229,-0.361688316,0.357792228)<CR>
dump one_scene line=131 text=PsJointOffset frame(secondary) body(secondary) offset(0.713043511,-0.697825968,-0.79347831)<CR>
dump one_scene line=132 text=PsJointAxes   frame(primary)   body(primary)   xaxis(-0.425974041,0.699740291,0.573506534) yaxis(0.896103919,0.238961041,0.374025971)<CR>
dump one_scene line=133 text=PsJointAxes   frame(secondary) body(secondary) xaxis(0.463768095,0.855072498,0.231884152) yaxis(0.884057999,-0.463768065,-0.057971034)<CR>
dump one_scene line=134 text=PsDefaultSettings bodycollide(false) breakable(false) name("shoulder joint") <CR>
dump one_scene line=135 text=PsJointLimit swing1(0.25,0.5,1) swing2(0.25,0.5,1) twist(-0.5,0.25,1,  0.375,0.125,1) twistspring(6,0.25,0.125) swingspring(4,0.75,0.0625) jointspring(3,0.5,0.25) projection(0.125) linear(locked,locked,locked)<CR>
dump one_scene line=136 text=PsJointEnd<CR>
dump one_scene line=137 text=PsJointBegin $__P6<CR>
dump one_scene line=138 text=### Cylindrical Joint<CR>
dump one_scene line=139 text=PsJointOffset frame(primary)   body(primary)   offset(-2.547945261,-0.075342514,0.04794509)<CR>
dump one_scene line=140 text=PsJointOffset frame(secondary) body(secondary) offset(1.090909123,1.190909147,1.972727299)<CR>
dump one_scene line=141 text=PsJointAxes   frame(primary)   body(primary)   xaxis(0.164383546,0.972602725,-0.164383546) yaxis(0.602739692,0.032876715,0.797260284)<CR>
dump one_scene line=142 text=PsJointAxes   frame(secondary) body(secondary) xaxis(-0.155844167,0.958441556,-0.238961041) yaxis(-0.415584415,0.155844152,0.896103919)<CR>
dump one_scene line=143 text=PsDefaultSettings bodycollide(false) breakable(100,250.5) <CR>
dump one_scene line=144 text=PsJointLimit twist(free) swing1(locked) swing2(locked) linear(free,locked,locked)<CR>
dump one_scene line=145 text=PsJointEnd<CR>
dump one_scene line=146 text=PsJointBegin $__P7<CR>
dump one_scene line=147 text=### Revolute Joint<CR>
dump one_scene line=148 text=PsJointOffset frame(primary)   body(primary)   offset(1.214492798,0.157971084,0.007246431)<CR>
dump one_scene line=149 text=PsJointOffset frame(secondary) body(secondary) offset(-4.6712327,0.145205364,2.271232605)<CR>
dump one_scene line=150 text=PsJointAxes   frame(primary)   body(primary)   xaxis(0.884057999,-0.463768065,-0.057971034) yaxis(0.336231858,0.544927478,0.768115997)<CR>
dump one_scene line=151 text=PsJointAxes   frame(secondary) body(secondary) xaxis(0.780821919,-0.230136961,-0.580821872) yaxis(0.602739692,0.032876715,0.797260284)<CR>
dump one_scene line=152 text=PsDefaultSettings bodycollide(false) breakable(false) <CR>
dump one_scene line=153 text=PsJointLimit twist(free) motor(false) twistspring(none) swing1(locked) swing2(locked) linear(locked,locked,locked)<CR>
dump one_scene line=154 text=PsJointEnd<CR>
dump one_scene line=155 text=PsJointBegin hinge___P8<CR>
dump one_scene line=156 text=### Revolute Joint<CR>
dump one_scene line=157 text=PsJointOffset frame(primary)   body(primary)   offset(-2.105263233,1.494736671,1.181578875)<CR>
dump one_scene line=158 text=PsJointOffset frame(secondary) body(secondary) offset(1.952173948,-1.491304159,-1.423913121)<CR>
dump one_scene line=159 text=PsJointAxes   frame(primary)   body(primary)   xaxis(-0.315789461,-0.315789461,0.894736826) yaxis(0.789473712,-0.610526204,0.063157901)<CR>
dump one_scene line=160 text=PsJointAxes   frame(secondary) body(secondary) xaxis(0.336231858,0.544927478,0.768115997) yaxis(0.884057999,-0.463768065,-0.057971034)<CR>
dump one_scene line=161 text=PsDefaultSettings bodycollide(true) breakable(false) name("hinge") <CR>
dump one_scene line=162 text=PsJointLimit twist(-0.25,0.5,0.75,  0.125,0.25,1) motor(2.5,30,true) twistspring(8,0.5,0.0625) swing1(locked) swing2(locked) linear(locked,locked,locked)<CR>
dump one_scene line=163 text=PsJointLimitPlane -0.000000029 1 -0.000000041 3.000000238<CR>
dump one_scene line=164 text=PsJointEnd<CR>
dump one_scene line=165 text=PsJointBegin $__P9<CR>
dump one_scene line=166 text=### Prismatic Joint<CR>
dump one_scene line=167 text=PsJointOffset frame(primary)   body(primary)   offset(1.590909123,0.040909097,0.172727257)<CR>
dump one_scene line=168 text=PsJointOffset frame(secondary) body(secondary) offset(-1.210526347,0.93947351,0.463157862)<CR>
dump one_scene line=169 text=PsJointAxes   frame(primary)   body(primary)   xaxis(-0.084675312,0.670753241,0.736831188) yaxis(0.993177295,-0.002690522,0.116583377)<CR>
dump one_scene line=170 text=PsJointAxes   frame(secondary) body(secondary) xaxis(0.284210503,-0.123789415,0.950736821) yaxis(0.736541331,-0.606635511,-0.299165726)<CR>
dump one_scene line=171 text=PsDefaultSettings bodycollide(false) breakable(false) <CR>
dump one_scene line=172 text=PsJointLimit swing1(locked) swing2(locked) twist(locked) linear(free,locked,locked)<CR>
dump one_scene line=173 text=PsJointEnd<CR>
dump one_scene line=174 text=PsPlane  plane(0,1,0,-0.5) localposition(0,0,0) localorientation(0,0,0,1) group(0) material(mat1) name(ground___P10) awake(false) position(0,0,0) orientation(0,0,0,1) static(true) <CR>
dump one_scene line=175 text=PsDefaultSettings localposition(0,0,0)<CR>
dump one_scene line=176 text=PsDefaultSettings localorientation(0,0,0,1)<CR>
dump one_scene line=177 text=PsDefaultSettings group(0)<CR>
dump one_scene line=178 text=PsBox sides(8,4,0.5) material(mat3) triggerevent(enter,leave,stay) name("wall block___P11") awake(false) position(-3,2,5) orientation(0,0.38176015,0,0.924261451) static(true) <CR>
dump one_scene line=179 text=PsSphere radius(0.625) material(mat1) name(ball___P12) position(0,1,0) orientation(0.101929434,0.203858867,-0.101929441,0.968329668) com(0,0,0) comrot(0,0,0,1) inertia(0.3125,0.3125,0.3125) mass(2.045000076) solvercount(4) velocity(0.5,-0.25,1) angularvelocity(0.300000012,0.699999988,-0.200000003) wakeupcounter(0.399999976) lineardamping(0) angulardamping(0.050000001) maxangularvelocity(9) <CR>
dump one_scene line=180 text=PsDefaultSettings wakeupcounter(0.399999976)<CR>
dump one_scene line=181 text=PsBox sides(2,1,1.5) localposition(0.125,-0.25,0.5) localorientation(0,0,0.382683486,0.923879504) material(mat2) group(3) name("crate"q___P13") position(3,0.5,-1) orientation(-0.20519565,0.102597833,0.307793438,0.923380554) com(0.125,-0.25,0.5) comrot(0,0,-0.382683486,0.923879504) inertia(2.34375,1.21875,1.875) mass(4.5) solvercount(7) velocity(0,0,0) angularvelocity(0,0,0) lineardamping(0.125) angulardamping(0.0625) maxangularvelocity(12.5) <CR>
dump one_scene line=182 text=PsDefaultSettings angularvelocity(0,0,0)<CR>
dump one_scene line=183 text=PsCapsule height(1.25) radius(0.375) localposition(0,0,0) localorientation(0,0,0,1) material(mat1) group(2) name(pill___P14) position(-2,0.5,1.5) orientation(0.323029101,-0.107676379,0.215352729,0.915249228) com(0,0,0) comrot(0,0,0,1) inertia(0.975000024,0.1875,0.975000024) mass(2.650000095) solvercount(4) velocity(-0.75,0.100000001,0.400000006) lineardamping(0) angulardamping(0.050000001) maxangularvelocity(9) locked(true,false,false,false,false,true) <CR>
dump one_scene line=184 text=PsDefaultSettings com(0,0,0)<CR>
dump one_scene line=185 text=PsDefaultSettings comrot(0,0,0,1)<CR>
dump one_scene line=186 text=PsDefaultSettings solvercount(4)<CR>
dump one_scene line=187 text=PsDefaultSettings lineardamping(0)<CR>
dump one_scene line=188 text=PsDefaultSettings angulardamping(0.050000001)<CR>
dump one_scene line=189 text=PsDefaultSettings maxangularvelocity(9)<CR>
dump one_scene line=190 text=PsDefaultSettings localposition(0,0,0)<CR>
dump one_scene line=191 text=PsDefaultSettings localorientation(0,0,0,1)<CR>
dump one_scene line=192 text=PsDefaultSettings material(mat1)<CR>
dump one_scene line=193 text=PsBox sides(1,1,4) group(0) name(mover___P15) position(1,3,2) orientation(0,0,0,1) density(1) inertia(5.666666985,5.666666985,0.666666687) mass(4) velocity(0,0,0) kinematic(true) <CR>
dump one_scene line=194 text=PsDefaultSettings velocity(0,0,0)<CR>
dump one_scene line=195 text=PsShapeBegin Shape1<CR>
dump one_scene line=196 text=PsDefaultSettings group(0)<CR>
dump one_scene line=197 text=PsBox sides(1,0.5,1) localposition(0,-0.5,0) <CR>
dump one_scene line=198 text=PsSphere radius(0.25) localposition(0,0.5,0) material(mat2) triggerevent(leave,) <CR>
dump one_scene line=199 text=PsCapsule height(0.75) radius(0.125) localposition(0.5,0,0) localorientation(0.707106888,0,0,0.707106709) material(mat1) group(5) <CR>
dump one_scene line=200 text=PsShapeEnd<CR>
dump one_scene line=201 text=PsShape Shape1 name(compound___P16) position(4,2,3) orientation(0.052342389,-0.31405434,0.10468477,0.94216305) com(0.044699065,-0.455300927,0) comrot(0,0,0.154588833,0.987978876) inertia(0.159999996,0.25,0.1875) mass(1.375) angularvelocity(0,1.5,0) <CR>
dump one_scene line=202 text=PsDefaultSettings group(0)<CR>
dump one_scene line=203 text=PsBox sides(0.600000024,0.600000024,0.600000024) name("frozen one___P17") position(-4,1,-4) orientation(0,0,0,1) com(0,0,0) comrot(0,0,0,1) inertia(0.01296,0.01296,0.01296) mass(0.216000006) angularvelocity(0,0,0) locked(true) collision(false) <CR>
dump one_scene line=204 text=PsDefaultSettings orientation(0,0,0,1)<CR>
dump one_scene line=205 text=PsDefaultSettings comrot(0,0,0,1)<CR>
dump one_scene line=206 text=PsDefaultSettings angularvelocity(0,0,0)<CR>
dump one_scene line=207 text=PsShapeBegin Shape2<CR>
dump one_scene line=208 text=PsShapeEnd<CR>
dump one_scene line=209 text=PsShape Shape2 name(ghost___P18) position(0,6,0) com(0,0.25,0) inertia(1,0.5,0.25) mass(2) <CR>
dump one_scene line=210 text=PsSphere radius(0.5) name($__P19) position(2,0.5,4) com(0,0,0) inertia(0.050000001,0.050000001,0.050000001) mass(0.5) wakeupcounter(0) <CR>
dump one_scene line=211 text=PsJoint $__P20 pill___P14 $__P19<CR>
dump one_scene line=212 text=PsJoint $__P21 compound___P16 $__P19<CR>
dump one_scene line=213 text=PsJoint $__P22 ball___P12 "crate"q___P13"<CR>
dump one_scene line=214 text=PsJoint rope___P23 ball___P12 $__P19<CR>
dump one_scene line=215 text=PsJoint $__P2 $__P19 ball___P12<CR>
dump one_scene line=216 text=PsJoint $__P3 "crate"q___P13" compound___P16<CR>
dump one_scene line=217 text=PsJoint $__P4 @world mover___P15<CR>
dump one_scene line=218 text=PsJoint "shoulder joint___P5" ball___P12 pill___P14<CR>
dump one_scene line=219 text=PsJoint $__P6 compound___P16 ball___P12<CR>
dump one_scene line=220 text=PsJoint $__P7 pill___P14 compound___P16<CR>
dump one_scene line=221 text=PsJoint hinge___P8 "crate"q___P13" pill___P14<CR>
dump one_scene line=222 text=PsJoint $__P9 ball___P12 "crate"q___P13"<CR>
dump one_scene line=223 text=PsDefaultSettings spring_dist_relaxed(1.250000)
dump one_scene line=224 text=PsDefaultSettings spring_dist_compress_saturate(0.500000) spring_dist_stretch_saturate(3.000000)
dump one_scene line=225 text=PsDefaultSettings spring_max_compress_force(40.000000) spring_max_stretch_force(55.000000)
dump one_scene line=226 text=PsDefaultSettings spring_vel_compress_saturate(-2.500000) spring_vel_stretch_saturate(1.750000)
dump one_scene line=227 text=PsDefaultSettings spring_damper_max_compress_force(7.000000) spring_damper_max_stretch_force(9.500000)
dump one_scene line=228 text=PsDefaultSettings spring_pos1(0.250000,1.500000,-0.300000)
dump one_scene line=229 text=PsDefaultSettings spring_pos2(-1.750000,0.200000,1.250000)
dump one_scene line=230 text=PsSpring ball___P12 pill___P14
dump one_scene line=231 text=PsAssetEnd<CR>
dump one_scene line=232 text=##################################################################################<CR>
dump one_scene line=233 text=<CR>
dump one_scene line=234 text=<CR>
dump one_scene line=235 text=PsSetScene 0<CR>
dump one_scene line=236 text=PsAsset Asset__P1 position(0,0,0) orientation(0,0,0,1)<CR>
dump one_scene line=237 text=<CR>
dump one_scene line=238 text=PsSetScene 0<CR>
dump one_scene lines=239 normalised_bytes=13916
allocator window scene_a_release allocations=9 frees=125
dump no_scene coreDump binary=1 addendum=yes returned=0
dump no_scene present=yes
dump no_scene line=0 text=################################################################<CR>
dump no_scene line=1 text=### Core Dump from Novodex Physics SDK<CR>
dump no_scene line=2 text=### Core Dump Generated on <date><CR>
dump no_scene line=3 text=### Contains 0 assets.<CR>
dump no_scene line=4 text=PsReset<CR>
dump no_scene line=5 text=PsVersion 1.4<CR>
dump no_scene line=6 text=PsNameSpace PhysicsSDK__P0<CR>
dump no_scene line=7 text=<CR>
dump no_scene line=8 text=<CR>
dump no_scene line=9 text=### Begin Material Definition ####<CR>
dump no_scene line=10 text=PsMatBegin mat1<CR>
dump no_scene line=11 text=PsMatDynamicFriction 0<CR>
dump no_scene line=12 text=PsMatStaticFriction 0<CR>
dump no_scene line=13 text=PsMatSpinFriction 0<CR>
dump no_scene line=14 text=PsMatRollFriction 0<CR>
dump no_scene line=15 text=PsMatRestitution 0<CR>
dump no_scene line=16 text=PsMatDynamicFrictionV 0<CR>
dump no_scene line=17 text=PsMatStaticFrictionV 0<CR>
dump no_scene line=18 text=PsMatDirOfAnisotropy 1 0 0<CR>
dump no_scene line=19 text=PsMatDirOfMotion 1 0 0<CR>
dump no_scene line=20 text=PsMatSpeedOfMotion 0<CR>
dump no_scene line=21 text=PsMatAnisotropic false<CR>
dump no_scene line=22 text=PsMatMovingSurface false<CR>
dump no_scene line=23 text=PsMatEnd<CR>
dump no_scene line=24 text=### End Material Definition ####<CR>
dump no_scene line=25 text=<CR>
dump no_scene line=26 text=<CR>
dump no_scene line=27 text=### Begin Material Definition ####<CR>
dump no_scene line=28 text=PsMatBegin mat2<CR>
dump no_scene line=29 text=PsMatDynamicFriction 0.3750$3ec00000<CR>
dump no_scene line=30 text=PsMatStaticFriction 0.6250$3f200000<CR>
dump no_scene line=31 text=PsMatSpinFriction 0<CR>
dump no_scene line=32 text=PsMatRollFriction 0<CR>
dump no_scene line=33 text=PsMatRestitution 0.2500$3e800000<CR>
dump no_scene line=34 text=PsMatDynamicFrictionV 0.1250$3e000000<CR>
dump no_scene line=35 text=PsMatStaticFrictionV 0.3000$3e99999a<CR>
dump no_scene line=36 text=PsMatDirOfAnisotropy 0 0 1<CR>
dump no_scene line=37 text=PsMatDirOfMotion 1 0 0<CR>
dump no_scene line=38 text=PsMatSpeedOfMotion 2.5000$40200000<CR>
dump no_scene line=39 text=PsMatAnisotropic true<CR>
dump no_scene line=40 text=PsMatMovingSurface true<CR>
dump no_scene line=41 text=PsMatEnd<CR>
dump no_scene line=42 text=### End Material Definition ####<CR>
dump no_scene line=43 text=<CR>
dump no_scene line=44 text=<CR>
dump no_scene line=45 text=### Begin Material Definition ####<CR>
dump no_scene line=46 text=PsMatBegin mat3<CR>
dump no_scene line=47 text=PsMatDynamicFriction 1.2500$3fa00000<CR>
dump no_scene line=48 text=PsMatStaticFriction 1.5000$3fc00000<CR>
dump no_scene line=49 text=PsMatSpinFriction 0<CR>
dump no_scene line=50 text=PsMatRollFriction 0<CR>
dump no_scene line=51 text=PsMatRestitution 0.8750$3f600000<CR>
dump no_scene line=52 text=PsMatDynamicFrictionV 0<CR>
dump no_scene line=53 text=PsMatStaticFrictionV 0<CR>
dump no_scene line=54 text=PsMatDirOfAnisotropy 1 0 0<CR>
dump no_scene line=55 text=PsMatDirOfMotion 1 0 0<CR>
dump no_scene line=56 text=PsMatSpeedOfMotion 0<CR>
dump no_scene line=57 text=PsMatAnisotropic false<CR>
dump no_scene line=58 text=PsMatMovingSurface false<CR>
dump no_scene line=59 text=PsMatEnd<CR>
dump no_scene line=60 text=### End Material Definition ####<CR>
dump no_scene line=61 text=<CR>
dump no_scene line=62 text=<CR>
dump no_scene line=63 text=PsSetScene 0<CR>
dump no_scene line=64 text=### Begin : User supplied addendum script.<CR>
dump no_scene line=65 text=<CR>
dump no_scene line=66 text=### End   : User supplied addendum script.<CR>
dump no_scene lines=67 normalised_bytes=1799
scene=released
allocator after_release outstanding=14
scene c=created
dump pointer_epoch reset
scene actor napper=created
scene actor sensor=created
scene actor sensor 2=created
scene actor west=created
scene actor west again=created
scene actor pebble=created
scene actor pebble 2=created
scene actor twin=created
scene actor twin 2=created
scene actor brick=created
scene actor brick 2=created
scene actor gate=created
dump scene_c coreDump binary=0 addendum=no returned=0
dump scene_c present=yes
dump scene_c line=0 text=################################################################<CR>
dump scene_c line=1 text=### Core Dump from Novodex Physics SDK<CR>
dump scene_c line=2 text=### Core Dump Generated on <date><CR>
dump scene_c line=3 text=### Contains one Asset.<CR>
dump scene_c line=4 text=PsReset<CR>
dump scene_c line=5 text=PsVersion 1.4<CR>
dump scene_c line=6 text=PsNameSpace PhysicsSDK__P0<CR>
dump scene_c line=7 text=<CR>
dump scene_c line=8 text=<CR>
dump scene_c line=9 text=### Begin Material Definition ####<CR>
dump scene_c line=10 text=PsMatBegin mat1<CR>
dump scene_c line=11 text=PsMatDynamicFriction 0<CR>
dump scene_c line=12 text=PsMatStaticFriction 0<CR>
dump scene_c line=13 text=PsMatSpinFriction 0<CR>
dump scene_c line=14 text=PsMatRollFriction 0<CR>
dump scene_c line=15 text=PsMatRestitution 0<CR>
dump scene_c line=16 text=PsMatDynamicFrictionV 0<CR>
dump scene_c line=17 text=PsMatStaticFrictionV 0<CR>
dump scene_c line=18 text=PsMatDirOfAnisotropy 1 0 0<CR>
dump scene_c line=19 text=PsMatDirOfMotion 1 0 0<CR>
dump scene_c line=20 text=PsMatSpeedOfMotion 0<CR>
dump scene_c line=21 text=PsMatAnisotropic false<CR>
dump scene_c line=22 text=PsMatMovingSurface false<CR>
dump scene_c line=23 text=PsMatEnd<CR>
dump scene_c line=24 text=### End Material Definition ####<CR>
dump scene_c line=25 text=<CR>
dump scene_c line=26 text=<CR>
dump scene_c line=27 text=### Begin Material Definition ####<CR>
dump scene_c line=28 text=PsMatBegin mat2<CR>
dump scene_c line=29 text=PsMatDynamicFriction 0.375<CR>
dump scene_c line=30 text=PsMatStaticFriction 0.625<CR>
dump scene_c line=31 text=PsMatSpinFriction 0<CR>
dump scene_c line=32 text=PsMatRollFriction 0<CR>
dump scene_c line=33 text=PsMatRestitution 0.25<CR>
dump scene_c line=34 text=PsMatDynamicFrictionV 0.125<CR>
dump scene_c line=35 text=PsMatStaticFrictionV 0.300000012<CR>
dump scene_c line=36 text=PsMatDirOfAnisotropy 0 0 1<CR>
dump scene_c line=37 text=PsMatDirOfMotion 1 0 0<CR>
dump scene_c line=38 text=PsMatSpeedOfMotion 2.5<CR>
dump scene_c line=39 text=PsMatAnisotropic true<CR>
dump scene_c line=40 text=PsMatMovingSurface true<CR>
dump scene_c line=41 text=PsMatEnd<CR>
dump scene_c line=42 text=### End Material Definition ####<CR>
dump scene_c line=43 text=<CR>
dump scene_c line=44 text=<CR>
dump scene_c line=45 text=### Begin Material Definition ####<CR>
dump scene_c line=46 text=PsMatBegin mat3<CR>
dump scene_c line=47 text=PsMatDynamicFriction 1.25<CR>
dump scene_c line=48 text=PsMatStaticFriction 1.5<CR>
dump scene_c line=49 text=PsMatSpinFriction 0<CR>
dump scene_c line=50 text=PsMatRollFriction 0<CR>
dump scene_c line=51 text=PsMatRestitution 0.875<CR>
dump scene_c line=52 text=PsMatDynamicFrictionV 0<CR>
dump scene_c line=53 text=PsMatStaticFrictionV 0<CR>
dump scene_c line=54 text=PsMatDirOfAnisotropy 1 0 0<CR>
dump scene_c line=55 text=PsMatDirOfMotion 1 0 0<CR>
dump scene_c line=56 text=PsMatSpeedOfMotion 0<CR>
dump scene_c line=57 text=PsMatAnisotropic false<CR>
dump scene_c line=58 text=PsMatMovingSurface false<CR>
dump scene_c line=59 text=PsMatEnd<CR>
dump scene_c line=60 text=### End Material Definition ####<CR>
dump scene_c line=61 text=<CR>
dump scene_c line=62 text=PsAssetBegin Asset__P1<CR>
dump scene_c line=63 text=################################################################<CR>
dump scene_c line=64 text=### Novodex Specific Physics Simulation Constants<CR>
dump scene_c line=65 text=################################################################<CR>
dump scene_c line=66 text=PsSetConstant NX_PENALTY_FORCE 0.75<CR>
dump scene_c line=67 text=PsSetConstant NX_MIN_SEPARATION_FOR_PENALTY -0.050000001<CR>
dump scene_c line=68 text=PsSetConstant NX_DEFAULT_SLEEP_LIN_VEL_SQUARED 0.022500001<CR>
dump scene_c line=69 text=PsSetConstant NX_DEFAULT_SLEEP_ANG_VEL_SQUARED 0.0196<CR>
dump scene_c line=70 text=PsSetConstant NX_BOUNCE_TRESHOLD -1.5<CR>
dump scene_c line=71 text=PsSetConstant NX_DYN_FRICT_SCALING 1<CR>
dump scene_c line=72 text=PsSetConstant NX_STA_FRICT_SCALING 1<CR>
dump scene_c line=73 text=PsSetConstant NX_MAX_ANGULAR_VELOCITY 9<CR>
dump scene_c line=74 text=PsSetConstant NX_MESH_MESH_LEVEL 4<CR>
dump scene_c line=75 text=PsSetConstant NX_ENABLE_MESH_DEBUG 0<CR>
dump scene_c line=76 text=PsSetConstant NX_COLL_INFINITY fltmax<CR>
dump scene_c line=77 text=PsSetConstant NX_CONTINUOUS_CD 0<CR>
dump scene_c line=78 text=PsSetConstant NX_MESH_HINT_SPEED 1<CR>
dump scene_c line=79 text=################################################################<CR>
dump scene_c line=80 text=<CR>
dump scene_c line=81 text=################################################################<CR>
dump scene_c line=82 text=### Collision Group Flags<CR>
dump scene_c line=83 text=################################################################<CR>
dump scene_c line=84 text=PsGroupCollisionFlag 1 FFFFFFF7<CR>
dump scene_c line=85 text=PsGroupCollisionFlag 2 FFFFFFFB<CR>
dump scene_c line=86 text=PsGroupCollisionFlag 3 FFFFFFFD<CR>
dump scene_c line=87 text=################################################################<CR>
dump scene_c line=88 text=<CR>
dump scene_c line=89 text=###########################################################<CR>
dump scene_c line=90 text=#### Asset Information<CR>
dump scene_c line=91 text=###########################################################<CR>
dump scene_c line=92 text=## Scene in initial configuration.<CR>
dump scene_c line=93 text=###########################################################<CR>
dump scene_c line=94 text=PsGravity 0 -9.81000042 0<CR>
dump scene_c line=95 text=PsSphere radius(0.5) localposition(0,0,0) localorientation(0,0,0,1) material(mat1) group(0) name(napper___P2) awake(false) position(-6,0.5,0) orientation(0,0,0,1) com(0,0,0) comrot(0,0,0,1) inertia(0.050000001,0.050000001,0.050000001) mass(0.5) solvercount(4) velocity(0,0,0) angularvelocity(0,0,0) wakeupcounter(0) lineardamping(0) angulardamping(0.050000001) maxangularvelocity(9) <CR>
dump scene_c line=96 text=PsDefaultSettings localposition(0,0,0)<CR>
dump scene_c line=97 text=PsDefaultSettings localorientation(0,0,0,1)<CR>
dump scene_c line=98 text=PsDefaultSettings material(mat1)<CR>
dump scene_c line=99 text=PsDefaultSettings group(0)<CR>
dump scene_c line=100 text=PsCapsule height(2) radius(0.25) name(sensor___P3) awake(false) position(0,1,-6) orientation(0,0,0.382683486,0.923879504) static(true) <CR>
dump scene_c line=101 text=PsDefaultSettings position(0,1,-6)<CR>
dump scene_c line=102 text=PsDefaultSettings orientation(0,0,0.382683486,0.923879504)<CR>
dump scene_c line=103 text=PsDefaultSettings radius(0.25)<CR>
dump scene_c line=104 text=PsDefaultSettings height(2)<CR>
dump scene_c line=105 text=PsCapsule triggerevent(enter,) name("sensor 2___P4") awake(false) static(true) <CR>
dump scene_c line=106 text=PsPlane  plane(1,0,0,-20) name(west___P5) awake(false) position(0,0,0) orientation(0,0,0,1) static(true) <CR>
dump scene_c line=107 text=PsDefaultSettings position(0,0,0)<CR>
dump scene_c line=108 text=PsDefaultSettings orientation(0,0,0,1)<CR>
dump scene_c line=109 text=PsDefaultSettings plane(1,0,0,-20)<CR>
dump scene_c line=110 text=PsPlane  name("west again___P6") awake(false) static(true) <CR>
dump scene_c line=111 text=PsSphere radius(0.375) material(mat3) name(pebble___P7) awake(false) position(3,0.375,3) static(true) <CR>
dump scene_c line=112 text=PsDefaultSettings position(3,0.375,3)<CR>
dump scene_c line=113 text=PsDefaultSettings radius(0.375)<CR>
dump scene_c line=114 text=PsDefaultSettings material(mat3)<CR>
dump scene_c line=115 text=PsSphere name("pebble 2___P8") awake(false) static(true) <CR>
dump scene_c line=116 text=PsDefaultSettings comrot(0,0,0,1)<CR>
dump scene_c line=117 text=PsBox sides(1,1.5,2.5) localposition(0,0.25,0) material(mat2) group(4) name(twin___P9) position(5,1,5) orientation(0,0.301131338,0,0.953582644) com(0,0.25,0) inertia(0.5,0.625,0.75) mass(3) solvercount(6) velocity(0.25,0,-0.5) angularvelocity(0,0.75,0) wakeupcounter(0.399999976) lineardamping(0.25) angulardamping(0.125) maxangularvelocity(5) <CR>
dump scene_c line=118 text=PsDefaultSettings position(5,1,5)<CR>
dump scene_c line=119 text=PsDefaultSettings orientation(0,0.301131338,0,0.953582644)<CR>
dump scene_c line=120 text=PsDefaultSettings com(0,0.25,0)<CR>
dump scene_c line=121 text=PsDefaultSettings inertia(0.5,0.625,0.75)<CR>
dump scene_c line=122 text=PsDefaultSettings mass(3)<CR>
dump scene_c line=123 text=PsDefaultSettings solvercount(6)<CR>
dump scene_c line=124 text=PsDefaultSettings velocity(0.25,0,-0.5)<CR>
dump scene_c line=125 text=PsDefaultSettings angularvelocity(0,0.75,0)<CR>
dump scene_c line=126 text=PsDefaultSettings wakeupcounter(0.399999976)<CR>
dump scene_c line=127 text=PsDefaultSettings lineardamping(0.25)<CR>
dump scene_c line=128 text=PsDefaultSettings angulardamping(0.125)<CR>
dump scene_c line=129 text=PsDefaultSettings maxangularvelocity(5)<CR>
dump scene_c line=130 text=PsDefaultSettings sides(1,1.5,2.5)<CR>
dump scene_c line=131 text=PsDefaultSettings localposition(0,0.25,0)<CR>
dump scene_c line=132 text=PsDefaultSettings material(mat2)<CR>
dump scene_c line=133 text=PsDefaultSettings group(4)<CR>
dump scene_c line=134 text=PsBox name("twin 2___P10") <CR>
dump scene_c line=135 text=PsBox sides(0.5,0.5,1) localposition(0,0,0) material(mat1) group(0) name(brick___P11) position(-3,2,-3) orientation(0,0,0,1) density(2) com(0,0,0) inertia(0.052083336,0.052083336,0.020833334) mass(0.5) solvercount(4) velocity(0,0,0) angularvelocity(0,0,0) lineardamping(0) angulardamping(0.050000001) maxangularvelocity(9) <CR>
dump scene_c line=136 text=PsDefaultSettings orientation(0,0,0,1)<CR>
dump scene_c line=137 text=PsDefaultSettings density(2)<CR>
dump scene_c line=138 text=PsDefaultSettings com(0,0,0)<CR>
dump scene_c line=139 text=PsDefaultSettings inertia(0.052083336,0.052083336,0.020833334)<CR>
dump scene_c line=140 text=PsDefaultSettings mass(0.5)<CR>
dump scene_c line=141 text=PsDefaultSettings solvercount(4)<CR>
dump scene_c line=142 text=PsDefaultSettings velocity(0,0,0)<CR>
dump scene_c line=143 text=PsDefaultSettings angularvelocity(0,0,0)<CR>
dump scene_c line=144 text=PsDefaultSettings lineardamping(0)<CR>
dump scene_c line=145 text=PsDefaultSettings angulardamping(0.050000001)<CR>
dump scene_c line=146 text=PsDefaultSettings maxangularvelocity(9)<CR>
dump scene_c line=147 text=PsDefaultSettings sides(0.5,0.5,1)<CR>
dump scene_c line=148 text=PsDefaultSettings localposition(0,0,0)<CR>
dump scene_c line=149 text=PsDefaultSettings material(mat1)<CR>
dump scene_c line=150 text=PsDefaultSettings group(0)<CR>
dump scene_c line=151 text=PsBox name("brick 2___P12") position(-3,3,-3) <CR>
dump scene_c line=152 text=PsShapeBegin Shape1<CR>
dump scene_c line=153 text=PsBox sides(0.5,4,0.5) localposition(-1,0,0) <CR>
dump scene_c line=154 text=PsDefaultSettings sides(0.5,4,0.5)<CR>
dump scene_c line=155 text=PsBox localposition(1,0,0) <CR>
dump scene_c line=156 text=PsCapsule radius(0.200000003) localposition(0,2,0) localorientation(0,0,0.707106888,0.707106709) group(6) <CR>
dump scene_c line=157 text=PsShapeEnd<CR>
dump scene_c line=158 text=PsShape Shape1 name(gate___P13) awake(false) position(8,2,-2) static(true) <CR>
dump scene_c line=159 text=PsAssetEnd<CR>
dump scene_c line=160 text=##################################################################################<CR>
dump scene_c line=161 text=<CR>
dump scene_c line=162 text=<CR>
dump scene_c line=163 text=PsSetScene 0<CR>
dump scene_c line=164 text=PsAsset Asset__P1 position(0,0,0) orientation(0,0,0,1)<CR>
dump scene_c line=165 text=<CR>
dump scene_c line=166 text=PsSetScene 0<CR>
dump scene_c lines=167 normalised_bytes=7270
dump scene_c_binary coreDump binary=1 addendum=no returned=0
dump scene_c_binary present=yes
dump scene_c_binary line=0 text=################################################################<CR>
dump scene_c_binary line=1 text=### Core Dump from Novodex Physics SDK<CR>
dump scene_c_binary line=2 text=### Core Dump Generated on <date><CR>
dump scene_c_binary line=3 text=### Contains one Asset.<CR>
dump scene_c_binary line=4 text=PsReset<CR>
dump scene_c_binary line=5 text=PsVersion 1.4<CR>
dump scene_c_binary line=6 text=PsNameSpace PhysicsSDK__P0<CR>
dump scene_c_binary line=7 text=<CR>
dump scene_c_binary line=8 text=<CR>
dump scene_c_binary line=9 text=### Begin Material Definition ####<CR>
dump scene_c_binary line=10 text=PsMatBegin mat1<CR>
dump scene_c_binary line=11 text=PsMatDynamicFriction 0<CR>
dump scene_c_binary line=12 text=PsMatStaticFriction 0<CR>
dump scene_c_binary line=13 text=PsMatSpinFriction 0<CR>
dump scene_c_binary line=14 text=PsMatRollFriction 0<CR>
dump scene_c_binary line=15 text=PsMatRestitution 0<CR>
dump scene_c_binary line=16 text=PsMatDynamicFrictionV 0<CR>
dump scene_c_binary line=17 text=PsMatStaticFrictionV 0<CR>
dump scene_c_binary line=18 text=PsMatDirOfAnisotropy 1 0 0<CR>
dump scene_c_binary line=19 text=PsMatDirOfMotion 1 0 0<CR>
dump scene_c_binary line=20 text=PsMatSpeedOfMotion 0<CR>
dump scene_c_binary line=21 text=PsMatAnisotropic false<CR>
dump scene_c_binary line=22 text=PsMatMovingSurface false<CR>
dump scene_c_binary line=23 text=PsMatEnd<CR>
dump scene_c_binary line=24 text=### End Material Definition ####<CR>
dump scene_c_binary line=25 text=<CR>
dump scene_c_binary line=26 text=<CR>
dump scene_c_binary line=27 text=### Begin Material Definition ####<CR>
dump scene_c_binary line=28 text=PsMatBegin mat2<CR>
dump scene_c_binary line=29 text=PsMatDynamicFriction 0.3750$3ec00000<CR>
dump scene_c_binary line=30 text=PsMatStaticFriction 0.6250$3f200000<CR>
dump scene_c_binary line=31 text=PsMatSpinFriction 0<CR>
dump scene_c_binary line=32 text=PsMatRollFriction 0<CR>
dump scene_c_binary line=33 text=PsMatRestitution 0.2500$3e800000<CR>
dump scene_c_binary line=34 text=PsMatDynamicFrictionV 0.1250$3e000000<CR>
dump scene_c_binary line=35 text=PsMatStaticFrictionV 0.3000$3e99999a<CR>
dump scene_c_binary line=36 text=PsMatDirOfAnisotropy 0 0 1<CR>
dump scene_c_binary line=37 text=PsMatDirOfMotion 1 0 0<CR>
dump scene_c_binary line=38 text=PsMatSpeedOfMotion 2.5000$40200000<CR>
dump scene_c_binary line=39 text=PsMatAnisotropic true<CR>
dump scene_c_binary line=40 text=PsMatMovingSurface true<CR>
dump scene_c_binary line=41 text=PsMatEnd<CR>
dump scene_c_binary line=42 text=### End Material Definition ####<CR>
dump scene_c_binary line=43 text=<CR>
dump scene_c_binary line=44 text=<CR>
dump scene_c_binary line=45 text=### Begin Material Definition ####<CR>
dump scene_c_binary line=46 text=PsMatBegin mat3<CR>
dump scene_c_binary line=47 text=PsMatDynamicFriction 1.2500$3fa00000<CR>
dump scene_c_binary line=48 text=PsMatStaticFriction 1.5000$3fc00000<CR>
dump scene_c_binary line=49 text=PsMatSpinFriction 0<CR>
dump scene_c_binary line=50 text=PsMatRollFriction 0<CR>
dump scene_c_binary line=51 text=PsMatRestitution 0.8750$3f600000<CR>
dump scene_c_binary line=52 text=PsMatDynamicFrictionV 0<CR>
dump scene_c_binary line=53 text=PsMatStaticFrictionV 0<CR>
dump scene_c_binary line=54 text=PsMatDirOfAnisotropy 1 0 0<CR>
dump scene_c_binary line=55 text=PsMatDirOfMotion 1 0 0<CR>
dump scene_c_binary line=56 text=PsMatSpeedOfMotion 0<CR>
dump scene_c_binary line=57 text=PsMatAnisotropic false<CR>
dump scene_c_binary line=58 text=PsMatMovingSurface false<CR>
dump scene_c_binary line=59 text=PsMatEnd<CR>
dump scene_c_binary line=60 text=### End Material Definition ####<CR>
dump scene_c_binary line=61 text=<CR>
dump scene_c_binary line=62 text=PsAssetBegin Asset__P1<CR>
dump scene_c_binary line=63 text=################################################################<CR>
dump scene_c_binary line=64 text=### Novodex Specific Physics Simulation Constants<CR>
dump scene_c_binary line=65 text=################################################################<CR>
dump scene_c_binary line=66 text=PsSetConstant NX_PENALTY_FORCE 0.7500$3f400000<CR>
dump scene_c_binary line=67 text=PsSetConstant NX_MIN_SEPARATION_FOR_PENALTY -0.0500$bd4ccccd<CR>
dump scene_c_binary line=68 text=PsSetConstant NX_DEFAULT_SLEEP_LIN_VEL_SQUARED 0.0225$3cb851ec<CR>
dump scene_c_binary line=69 text=PsSetConstant NX_DEFAULT_SLEEP_ANG_VEL_SQUARED 0.0196$3ca0902e<CR>
dump scene_c_binary line=70 text=PsSetConstant NX_BOUNCE_TRESHOLD -1.5000$bfc00000<CR>
dump scene_c_binary line=71 text=PsSetConstant NX_DYN_FRICT_SCALING 1<CR>
dump scene_c_binary line=72 text=PsSetConstant NX_STA_FRICT_SCALING 1<CR>
dump scene_c_binary line=73 text=PsSetConstant NX_MAX_ANGULAR_VELOCITY 9.0000$41100000<CR>
dump scene_c_binary line=74 text=PsSetConstant NX_MESH_MESH_LEVEL 4.0000$40800000<CR>
dump scene_c_binary line=75 text=PsSetConstant NX_ENABLE_MESH_DEBUG 0<CR>
dump scene_c_binary line=76 text=PsSetConstant NX_COLL_INFINITY fltmax<CR>
dump scene_c_binary line=77 text=PsSetConstant NX_CONTINUOUS_CD 0<CR>
dump scene_c_binary line=78 text=PsSetConstant NX_MESH_HINT_SPEED 1<CR>
dump scene_c_binary line=79 text=################################################################<CR>
dump scene_c_binary line=80 text=<CR>
dump scene_c_binary line=81 text=################################################################<CR>
dump scene_c_binary line=82 text=### Collision Group Flags<CR>
dump scene_c_binary line=83 text=################################################################<CR>
dump scene_c_binary line=84 text=PsGroupCollisionFlag 1 FFFFFFF7<CR>
dump scene_c_binary line=85 text=PsGroupCollisionFlag 2 FFFFFFFB<CR>
dump scene_c_binary line=86 text=PsGroupCollisionFlag 3 FFFFFFFD<CR>
dump scene_c_binary line=87 text=################################################################<CR>
dump scene_c_binary line=88 text=<CR>
dump scene_c_binary line=89 text=###########################################################<CR>
dump scene_c_binary line=90 text=#### Asset Information<CR>
dump scene_c_binary line=91 text=###########################################################<CR>
dump scene_c_binary line=92 text=## Scene in initial configuration.<CR>
dump scene_c_binary line=93 text=###########################################################<CR>
dump scene_c_binary line=94 text=PsGravity 0 -9.8100$c11cf5c3 0<CR>
dump scene_c_binary line=95 text=PsSphere radius(0.5000$3f000000) localposition(0,0,0) localorientation(0,0,0,1) material(mat1) group(0) name(napper___P2) awake(false) position(-6.0000$c0c00000,0.5000$3f000000,0) orientation(0,0,0,1) com(0,0,0) comrot(0,0,0,1) inertia(0.0500$3d4ccccd,0.0500$3d4ccccd,0.0500$3d4ccccd) mass(0.5000$3f000000) solvercount(4) velocity(0,0,0) angularvelocity(0,0,0) wakeupcounter(0) lineardamping(0) angulardamping(0.0500$3d4ccccd) maxangularvelocity(9.0000$41100000) <CR>
dump scene_c_binary line=96 text=PsDefaultSettings localposition(0,0,0)<CR>
dump scene_c_binary line=97 text=PsDefaultSettings localorientation(0,0,0,1)<CR>
dump scene_c_binary line=98 text=PsDefaultSettings material(mat1)<CR>
dump scene_c_binary line=99 text=PsDefaultSettings group(0)<CR>
dump scene_c_binary line=100 text=PsCapsule height(2.0000$40000000) radius(0.2500$3e800000) name(sensor___P3) awake(false) position(0,1,-6.0000$c0c00000) orientation(0,0,0.3827$3ec3ef17,0.9239$3f6c835e) static(true) <CR>
dump scene_c_binary line=101 text=PsDefaultSettings position(0,1,-6.0000$c0c00000)<CR>
dump scene_c_binary line=102 text=PsDefaultSettings orientation(0,0,0.3827$3ec3ef17,0.9239$3f6c835e)<CR>
dump scene_c_binary line=103 text=PsDefaultSettings radius(0.2500$3e800000)<CR>
dump scene_c_binary line=104 text=PsDefaultSettings height(2.0000$40000000)<CR>
dump scene_c_binary line=105 text=PsCapsule triggerevent(enter,) name("sensor 2___P4") awake(false) static(true) <CR>
dump scene_c_binary line=106 text=PsPlane  plane(1,0,0,-20.0000$c1a00000) name(west___P5) awake(false) position(0,0,0) orientation(0,0,0,1) static(true) <CR>
dump scene_c_binary line=107 text=PsDefaultSettings position(0,0,0)<CR>
dump scene_c_binary line=108 text=PsDefaultSettings orientation(0,0,0,1)<CR>
dump scene_c_binary line=109 text=PsDefaultSettings plane(1,0,0,-20.0000$c1a00000)<CR>
dump scene_c_binary line=110 text=PsPlane  name("west again___P6") awake(false) static(true) <CR>
dump scene_c_binary line=111 text=PsSphere radius(0.3750$3ec00000) material(mat3) name(pebble___P7) awake(false) position(3.0000$40400000,0.3750$3ec00000,3.0000$40400000) static(true) <CR>
dump scene_c_binary line=112 text=PsDefaultSettings position(3.0000$40400000,0.3750$3ec00000,3.0000$40400000)<CR>
dump scene_c_binary line=113 text=PsDefaultSettings radius(0.3750$3ec00000)<CR>
dump scene_c_binary line=114 text=PsDefaultSettings material(mat3)<CR>
dump scene_c_binary line=115 text=PsSphere name("pebble 2___P8") awake(false) static(true) <CR>
dump scene_c_binary line=116 text=PsDefaultSettings comrot(0,0,0,1)<CR>
dump scene_c_binary line=117 text=PsBox sides(1,1.5000$3fc00000,2.5000$40200000) localposition(0,0.2500$3e800000,0) material(mat2) group(4) name(twin___P9) position(5.0000$40a00000,1,5.0000$40a00000) orientation(0,0.3011$3e9a2de3,0,0.9536$3f741dfe) com(0,0.2500$3e800000,0) inertia(0.5000$3f000000,0.6250$3f200000,0.7500$3f400000) mass(3.0000$40400000) solvercount(6) velocity(0.2500$3e800000,0,-0.5000$bf000000) angularvelocity(0,0.7500$3f400000,0) wakeupcounter(0.4000$3ecccccc) lineardamping(0.2500$3e800000) angulardamping(0.1250$3e000000) maxangularvelocity(5.0000$40a00000) <CR>
dump scene_c_binary line=118 text=PsDefaultSettings position(5.0000$40a00000,1,5.0000$40a00000)<CR>
dump scene_c_binary line=119 text=PsDefaultSettings orientation(0,0.3011$3e9a2de3,0,0.9536$3f741dfe)<CR>
dump scene_c_binary line=120 text=PsDefaultSettings com(0,0.2500$3e800000,0)<CR>
dump scene_c_binary line=121 text=PsDefaultSettings inertia(0.5000$3f000000,0.6250$3f200000,0.7500$3f400000)<CR>
dump scene_c_binary line=122 text=PsDefaultSettings mass(3.0000$40400000)<CR>
dump scene_c_binary line=123 text=PsDefaultSettings solvercount(6)<CR>
dump scene_c_binary line=124 text=PsDefaultSettings velocity(0.2500$3e800000,0,-0.5000$bf000000)<CR>
dump scene_c_binary line=125 text=PsDefaultSettings angularvelocity(0,0.7500$3f400000,0)<CR>
dump scene_c_binary line=126 text=PsDefaultSettings wakeupcounter(0.4000$3ecccccc)<CR>
dump scene_c_binary line=127 text=PsDefaultSettings lineardamping(0.2500$3e800000)<CR>
dump scene_c_binary line=128 text=PsDefaultSettings angulardamping(0.1250$3e000000)<CR>
dump scene_c_binary line=129 text=PsDefaultSettings maxangularvelocity(5.0000$40a00000)<CR>
dump scene_c_binary line=130 text=PsDefaultSettings sides(1,1.5000$3fc00000,2.5000$40200000)<CR>
dump scene_c_binary line=131 text=PsDefaultSettings localposition(0,0.2500$3e800000,0)<CR>
dump scene_c_binary line=132 text=PsDefaultSettings material(mat2)<CR>
dump scene_c_binary line=133 text=PsDefaultSettings group(4)<CR>
dump scene_c_binary line=134 text=PsBox name("twin 2___P10") <CR>
dump scene_c_binary line=135 text=PsBox sides(0.5000$3f000000,0.5000$3f000000,1) localposition(0,0,0) material(mat1) group(0) name(brick___P11) position(-3.0000$c0400000,2.0000$40000000,-3.0000$c0400000) orientation(0,0,0,1) density(2.0000$40000000) com(0,0,0) inertia(0.0521$3d555556,0.0521$3d555556,0.0208$3caaaaab) mass(0.5000$3f000000) solvercount(4) velocity(0,0,0) angularvelocity(0,0,0) lineardamping(0) angulardamping(0.0500$3d4ccccd) maxangularvelocity(9.0000$41100000) <CR>
dump scene_c_binary line=136 text=PsDefaultSettings orientation(0,0,0,1)<CR>
dump scene_c_binary line=137 text=PsDefaultSettings density(2.0000$40000000)<CR>
dump scene_c_binary line=138 text=PsDefaultSettings com(0,0,0)<CR>
dump scene_c_binary line=139 text=PsDefaultSettings inertia(0.0521$3d555556,0.0521$3d555556,0.0208$3caaaaab)<CR>
dump scene_c_binary line=140 text=PsDefaultSettings mass(0.5000$3f000000)<CR>
dump scene_c_binary line=141 text=PsDefaultSettings solvercount(4)<CR>
dump scene_c_binary line=142 text=PsDefaultSettings velocity(0,0,0)<CR>
dump scene_c_binary line=143 text=PsDefaultSettings angularvelocity(0,0,0)<CR>
dump scene_c_binary line=144 text=PsDefaultSettings lineardamping(0)<CR>
dump scene_c_binary line=145 text=PsDefaultSettings angulardamping(0.0500$3d4ccccd)<CR>
dump scene_c_binary line=146 text=PsDefaultSettings maxangularvelocity(9.0000$41100000)<CR>
dump scene_c_binary line=147 text=PsDefaultSettings sides(0.5000$3f000000,0.5000$3f000000,1)<CR>
dump scene_c_binary line=148 text=PsDefaultSettings localposition(0,0,0)<CR>
dump scene_c_binary line=149 text=PsDefaultSettings material(mat1)<CR>
dump scene_c_binary line=150 text=PsDefaultSettings group(0)<CR>
dump scene_c_binary line=151 text=PsBox name("brick 2___P12") position(-3.0000$c0400000,3.0000$40400000,-3.0000$c0400000) <CR>
dump scene_c_binary line=152 text=PsShapeBegin Shape1<CR>
dump scene_c_binary line=153 text=PsBox sides(0.5000$3f000000,4.0000$40800000,0.5000$3f000000) localposition(-1,0,0) <CR>
dump scene_c_binary line=154 text=PsDefaultSettings sides(0.5000$3f000000,4.0000$40800000,0.5000$3f000000)<CR>
dump scene_c_binary line=155 text=PsBox localposition(1,0,0) <CR>
dump scene_c_binary line=156 text=PsCapsule radius(0.2000$3e4ccccd) localposition(0,2.0000$40000000,0) localorientation(0,0,0.7071$3f3504f5,0.7071$3f3504f2) group(6) <CR>
dump scene_c_binary line=157 text=PsShapeEnd<CR>
dump scene_c_binary line=158 text=PsShape Shape1 name(gate___P13) awake(false) position(8.0000$41000000,2.0000$40000000,-2.0000$c0000000) static(true) <CR>
dump scene_c_binary line=159 text=PsAssetEnd<CR>
dump scene_c_binary line=160 text=##################################################################################<CR>
dump scene_c_binary line=161 text=<CR>
dump scene_c_binary line=162 text=<CR>
dump scene_c_binary line=163 text=PsSetScene 0<CR>
dump scene_c_binary line=164 text=PsAsset Asset__P1 position(0,0,0) orientation(0,0,0,1)<CR>
dump scene_c_binary line=165 text=<CR>
dump scene_c_binary line=166 text=PsSetScene 0<CR>
dump scene_c_binary lines=167 normalised_bytes=8523
scene c=released
scene d=created
dump pointer_epoch reset
scene actor ball=created
scene actor crate=created
scene actor pill=created
scene actor compound=created
scene actor cube=created
report error code=1 file=\Epic\Novodex\SDKs\Physics\src\Scene.cpp line=515 message=Supplied NxActorDesc is not valid. createActor returns NULL.
scene actor heavy=null
report error code=1 file=\Epic\Novodex\SDKs\Physics\src\Actor.cpp line=230 message=Actor::loadFromDescInternal: Can't compute mass from shapes: must have at least one non-trigger shape!
report error code=1 file=\Epic\Novodex\SDKs\Physics\src\Scene.cpp line=552 message=Actor Initialisation failed: returned NULL.
scene actor lure=null
scene actor sleeper=created
scene actor pair=created
scene joint revolute=created
dump scene_d coreDump binary=0 addendum=no returned=0
dump scene_d present=yes
dump scene_d line=0 text=################################################################<CR>
dump scene_d line=1 text=### Core Dump from Novodex Physics SDK<CR>
dump scene_d line=2 text=### Core Dump Generated on <date><CR>
dump scene_d line=3 text=### Contains one Asset.<CR>
dump scene_d line=4 text=PsReset<CR>
dump scene_d line=5 text=PsVersion 1.4<CR>
dump scene_d line=6 text=PsNameSpace PhysicsSDK__P0<CR>
dump scene_d line=7 text=<CR>
dump scene_d line=8 text=<CR>
dump scene_d line=9 text=### Begin Material Definition ####<CR>
dump scene_d line=10 text=PsMatBegin mat1<CR>
dump scene_d line=11 text=PsMatDynamicFriction 0<CR>
dump scene_d line=12 text=PsMatStaticFriction 0<CR>
dump scene_d line=13 text=PsMatSpinFriction 0<CR>
dump scene_d line=14 text=PsMatRollFriction 0<CR>
dump scene_d line=15 text=PsMatRestitution 0<CR>
dump scene_d line=16 text=PsMatDynamicFrictionV 0<CR>
dump scene_d line=17 text=PsMatStaticFrictionV 0<CR>
dump scene_d line=18 text=PsMatDirOfAnisotropy 1 0 0<CR>
dump scene_d line=19 text=PsMatDirOfMotion 1 0 0<CR>
dump scene_d line=20 text=PsMatSpeedOfMotion 0<CR>
dump scene_d line=21 text=PsMatAnisotropic false<CR>
dump scene_d line=22 text=PsMatMovingSurface false<CR>
dump scene_d line=23 text=PsMatEnd<CR>
dump scene_d line=24 text=### End Material Definition ####<CR>
dump scene_d line=25 text=<CR>
dump scene_d line=26 text=<CR>
dump scene_d line=27 text=### Begin Material Definition ####<CR>
dump scene_d line=28 text=PsMatBegin mat2<CR>
dump scene_d line=29 text=PsMatDynamicFriction 0.375<CR>
dump scene_d line=30 text=PsMatStaticFriction 0.625<CR>
dump scene_d line=31 text=PsMatSpinFriction 0<CR>
dump scene_d line=32 text=PsMatRollFriction 0<CR>
dump scene_d line=33 text=PsMatRestitution 0.25<CR>
dump scene_d line=34 text=PsMatDynamicFrictionV 0.125<CR>
dump scene_d line=35 text=PsMatStaticFrictionV 0.300000012<CR>
dump scene_d line=36 text=PsMatDirOfAnisotropy 0 0 1<CR>
dump scene_d line=37 text=PsMatDirOfMotion 1 0 0<CR>
dump scene_d line=38 text=PsMatSpeedOfMotion 2.5<CR>
dump scene_d line=39 text=PsMatAnisotropic true<CR>
dump scene_d line=40 text=PsMatMovingSurface true<CR>
dump scene_d line=41 text=PsMatEnd<CR>
dump scene_d line=42 text=### End Material Definition ####<CR>
dump scene_d line=43 text=<CR>
dump scene_d line=44 text=<CR>
dump scene_d line=45 text=### Begin Material Definition ####<CR>
dump scene_d line=46 text=PsMatBegin mat3<CR>
dump scene_d line=47 text=PsMatDynamicFriction 1.25<CR>
dump scene_d line=48 text=PsMatStaticFriction 1.5<CR>
dump scene_d line=49 text=PsMatSpinFriction 0<CR>
dump scene_d line=50 text=PsMatRollFriction 0<CR>
dump scene_d line=51 text=PsMatRestitution 0.875<CR>
dump scene_d line=52 text=PsMatDynamicFrictionV 0<CR>
dump scene_d line=53 text=PsMatStaticFrictionV 0<CR>
dump scene_d line=54 text=PsMatDirOfAnisotropy 1 0 0<CR>
dump scene_d line=55 text=PsMatDirOfMotion 1 0 0<CR>
dump scene_d line=56 text=PsMatSpeedOfMotion 0<CR>
dump scene_d line=57 text=PsMatAnisotropic false<CR>
dump scene_d line=58 text=PsMatMovingSurface false<CR>
dump scene_d line=59 text=PsMatEnd<CR>
dump scene_d line=60 text=### End Material Definition ####<CR>
dump scene_d line=61 text=<CR>
dump scene_d line=62 text=PsAssetBegin Asset__P1<CR>
dump scene_d line=63 text=################################################################<CR>
dump scene_d line=64 text=### Novodex Specific Physics Simulation Constants<CR>
dump scene_d line=65 text=################################################################<CR>
dump scene_d line=66 text=PsSetConstant NX_PENALTY_FORCE 0.75<CR>
dump scene_d line=67 text=PsSetConstant NX_MIN_SEPARATION_FOR_PENALTY -0.050000001<CR>
dump scene_d line=68 text=PsSetConstant NX_DEFAULT_SLEEP_LIN_VEL_SQUARED 0.022500001<CR>
dump scene_d line=69 text=PsSetConstant NX_DEFAULT_SLEEP_ANG_VEL_SQUARED 0.0196<CR>
dump scene_d line=70 text=PsSetConstant NX_BOUNCE_TRESHOLD -1.5<CR>
dump scene_d line=71 text=PsSetConstant NX_DYN_FRICT_SCALING 1<CR>
dump scene_d line=72 text=PsSetConstant NX_STA_FRICT_SCALING 1<CR>
dump scene_d line=73 text=PsSetConstant NX_MAX_ANGULAR_VELOCITY 9<CR>
dump scene_d line=74 text=PsSetConstant NX_MESH_MESH_LEVEL 4<CR>
dump scene_d line=75 text=PsSetConstant NX_ENABLE_MESH_DEBUG 0<CR>
dump scene_d line=76 text=PsSetConstant NX_COLL_INFINITY fltmax<CR>
dump scene_d line=77 text=PsSetConstant NX_CONTINUOUS_CD 0<CR>
dump scene_d line=78 text=PsSetConstant NX_MESH_HINT_SPEED 1<CR>
dump scene_d line=79 text=################################################################<CR>
dump scene_d line=80 text=<CR>
dump scene_d line=81 text=################################################################<CR>
dump scene_d line=82 text=### Collision Group Flags<CR>
dump scene_d line=83 text=################################################################<CR>
dump scene_d line=84 text=PsGroupCollisionFlag 1 FFFFFFF7<CR>
dump scene_d line=85 text=PsGroupCollisionFlag 2 FFFFFFFB<CR>
dump scene_d line=86 text=PsGroupCollisionFlag 3 FFFFFFFD<CR>
dump scene_d line=87 text=################################################################<CR>
dump scene_d line=88 text=<CR>
dump scene_d line=89 text=###########################################################<CR>
dump scene_d line=90 text=#### Asset Information<CR>
dump scene_d line=91 text=###########################################################<CR>
dump scene_d line=92 text=## Scene in initial configuration.<CR>
dump scene_d line=93 text=###########################################################<CR>
dump scene_d line=94 text=PsGravity 0 -9.81000042 0<CR>
dump scene_d line=95 text=PsJointBegin $__P2<CR>
dump scene_d line=96 text=### Revolute Joint<CR>
dump scene_d line=97 text=PsJointOffset frame(primary)   body(primary)   offset(-2.105263233,1.494736671,1.181578875)<CR>
dump scene_d line=98 text=PsJointOffset frame(secondary) body(secondary) offset(1.952173948,-1.491304159,-1.423913121)<CR>
dump scene_d line=99 text=PsJointAxes   frame(primary)   body(primary)   xaxis(-0.315789461,-0.315789461,0.894736826) yaxis(0.789473712,-0.610526204,0.063157901)<CR>
dump scene_d line=100 text=PsJointAxes   frame(secondary) body(secondary) xaxis(0.336231858,0.544927478,0.768115997) yaxis(0.884057999,-0.463768065,-0.057971034)<CR>
dump scene_d line=101 text=PsDefaultSettings bodycollide(false) breakable(false) <CR>
dump scene_d line=102 text=PsJointLimit twist(free) motor(false) twistspring(none) swing1(locked) swing2(locked) linear(locked,locked,locked)<CR>
dump scene_d line=103 text=PsJointLimitPlane -0.000000008 1 -0.000000007 3.000000238<CR>
dump scene_d line=104 text=PsJointEnd<CR>
dump scene_d line=105 text=PsSphere radius(0.625) localposition(0,0,0) localorientation(0,0,0,1) material(mat1) group(0) name(ball___P3) position(0,1,0) orientation(0.101929434,0.203858867,-0.101929441,0.968329668) density(1.25) com(0,0,0) comrot(0,0,0,1) inertia(0.199737087,0.199737087,0.199737087) mass(1.278317451) solvercount(4) velocity(0.5,-0.25,1) angularvelocity(0.300000012,0.699999988,-0.200000003) wakeupcounter(0.399999976) lineardamping(0) angulardamping(0.050000001) maxangularvelocity(9) <CR>
dump scene_d line=106 text=PsDefaultSettings wakeupcounter(0.399999976)<CR>
dump scene_d line=107 text=PsBox sides(2,1,1.5) localposition(0.125,-0.25,0.5) localorientation(0,0,0.382683486,0.923879504) material(mat2) group(3) name(crate___P4) position(3,0.5,-1) orientation(-0.20519565,0.102597833,0.307793438,0.923380554) density(0.800000012) com(0.125,-0.25,0.5) comrot(0,0,-0.382683426,0.923879504) inertia(1.25,0.649999976,1) mass(2.400000095) solvercount(7) velocity(0,0,0) angularvelocity(0,0,0) lineardamping(0.125) angulardamping(0.0625) maxangularvelocity(12.5) <CR>
dump scene_d line=108 text=PsDefaultSettings angularvelocity(0,0,0)<CR>
dump scene_d line=109 text=PsCapsule height(1.25) radius(0.375) localposition(0,0,0) localorientation(0,0,0,1) material(mat1) group(2) name(pill___P5) position(-2,0.5,1.5) orientation(0.323029101,-0.107676379,0.215352729,0.915249228) density(1.5) com(0,0,0) comrot(0,0,0,1) inertia(0.488381177,0.093189336,0.488381177) mass(1.325359344) solvercount(4) velocity(-0.75,0.100000001,0.400000006) lineardamping(0) angulardamping(0.050000001) maxangularvelocity(9) <CR>
dump scene_d line=110 text=PsDefaultSettings solvercount(4)<CR>
dump scene_d line=111 text=PsDefaultSettings lineardamping(0)<CR>
dump scene_d line=112 text=PsDefaultSettings angulardamping(0.050000001)<CR>
dump scene_d line=113 text=PsDefaultSettings maxangularvelocity(9)<CR>
dump scene_d line=114 text=PsShapeBegin Shape1<CR>
dump scene_d line=115 text=PsDefaultSettings localorientation(0,0,0,1)<CR>
dump scene_d line=116 text=PsDefaultSettings material(mat1)<CR>
dump scene_d line=117 text=PsBox sides(1,0.5,1) localposition(0,-0.5,0) group(0) <CR>
dump scene_d line=118 text=PsDefaultSettings group(0)<CR>
dump scene_d line=119 text=PsSphere radius(0.25) localposition(0,0.5,0) triggerevent(leave,) <CR>
dump scene_d line=120 text=PsCapsule height(0.75) radius(0.125) localposition(0.5,0,0) localorientation(0.707106888,0,0,0.707106709) <CR>
dump scene_d line=121 text=PsShapeEnd<CR>
dump scene_d line=122 text=PsShape Shape1 name(compound___P6) position(4,2,3) orientation(0.052342389,-0.31405434,0.10468477,0.94216305) density(2) com(0.044699065,-0.455300927,0) comrot(0.000000007,0.000000008,0.154588804,0.987978876) inertia(0.127911374,0.204750523,0.149632752) mass(1.09817481) velocity(0,0,0) angularvelocity(0,1.5,0) <CR>
dump scene_d line=123 text=PsDefaultSettings velocity(0,0,0)<CR>
dump scene_d line=124 text=PsDefaultSettings localposition(0,0,0)<CR>
dump scene_d line=125 text=PsDefaultSettings localorientation(0,0,0,1)<CR>
dump scene_d line=126 text=PsDefaultSettings material(mat1)<CR>
dump scene_d line=127 text=PsBox sides(0.600000024,0.600000024,0.600000024) group(0) name(cube___P7) position(-4,1,-4) orientation(0,0,0,1) density(8) com(0,0,0) comrot(0,0,0,1) inertia(0.103680022,0.103680022,0.103680022) mass(1.728000164) angularvelocity(0,0,0) <CR>
dump scene_d line=128 text=PsDefaultSettings orientation(0,0,0,1)<CR>
dump scene_d line=129 text=PsDefaultSettings com(0,0,0)<CR>
dump scene_d line=130 text=PsDefaultSettings comrot(0,0,0,1)<CR>
dump scene_d line=131 text=PsDefaultSettings angularvelocity(0,0,0)<CR>
dump scene_d line=132 text=PsDefaultSettings group(0)<CR>
dump scene_d line=133 text=PsSphere radius(0.5) name(sleeper___P8) awake(false) position(2,0.5,4) density(0.949999988) inertia(0.049741883,0.049741883,0.049741883) mass(0.497418851) wakeupcounter(0) <CR>
dump scene_d line=134 text=PsShapeBegin Shape2<CR>
dump scene_d line=135 text=PsBox sides(0.5,0.5,0.5) localposition(-0.5,0,0) <CR>
dump scene_d line=136 text=PsBox sides(0.5,1,0.5) localposition(0.5,0,0) <CR>
dump scene_d line=137 text=PsShapeEnd<CR>
dump scene_d line=138 text=PsShape Shape2 name(pair___P9) position(2,1,0) orientation(0,0,0.199960008,0.979804039) density(3) com(0.166666672,0,0) inertia(0.09375,0.296875,0.34375) mass(1.125) wakeupcounter(0.399999976) <CR>
dump scene_d line=139 text=PsJoint $__P2 crate___P4 pill___P5<CR>
dump scene_d line=140 text=PsAssetEnd<CR>
dump scene_d line=141 text=##################################################################################<CR>
dump scene_d line=142 text=<CR>
dump scene_d line=143 text=<CR>
dump scene_d line=144 text=PsSetScene 0<CR>
dump scene_d line=145 text=PsAsset Asset__P1 position(0,0,0) orientation(0,0,0,1)<CR>
dump scene_d line=146 text=<CR>
dump scene_d line=147 text=PsSetScene 0<CR>
dump scene_d lines=148 normalised_bytes=7615
dump scene_d_binary coreDump binary=1 addendum=no returned=0
dump scene_d_binary present=yes
dump scene_d_binary line=0 text=################################################################<CR>
dump scene_d_binary line=1 text=### Core Dump from Novodex Physics SDK<CR>
dump scene_d_binary line=2 text=### Core Dump Generated on <date><CR>
dump scene_d_binary line=3 text=### Contains one Asset.<CR>
dump scene_d_binary line=4 text=PsReset<CR>
dump scene_d_binary line=5 text=PsVersion 1.4<CR>
dump scene_d_binary line=6 text=PsNameSpace PhysicsSDK__P0<CR>
dump scene_d_binary line=7 text=<CR>
dump scene_d_binary line=8 text=<CR>
dump scene_d_binary line=9 text=### Begin Material Definition ####<CR>
dump scene_d_binary line=10 text=PsMatBegin mat1<CR>
dump scene_d_binary line=11 text=PsMatDynamicFriction 0<CR>
dump scene_d_binary line=12 text=PsMatStaticFriction 0<CR>
dump scene_d_binary line=13 text=PsMatSpinFriction 0<CR>
dump scene_d_binary line=14 text=PsMatRollFriction 0<CR>
dump scene_d_binary line=15 text=PsMatRestitution 0<CR>
dump scene_d_binary line=16 text=PsMatDynamicFrictionV 0<CR>
dump scene_d_binary line=17 text=PsMatStaticFrictionV 0<CR>
dump scene_d_binary line=18 text=PsMatDirOfAnisotropy 1 0 0<CR>
dump scene_d_binary line=19 text=PsMatDirOfMotion 1 0 0<CR>
dump scene_d_binary line=20 text=PsMatSpeedOfMotion 0<CR>
dump scene_d_binary line=21 text=PsMatAnisotropic false<CR>
dump scene_d_binary line=22 text=PsMatMovingSurface false<CR>
dump scene_d_binary line=23 text=PsMatEnd<CR>
dump scene_d_binary line=24 text=### End Material Definition ####<CR>
dump scene_d_binary line=25 text=<CR>
dump scene_d_binary line=26 text=<CR>
dump scene_d_binary line=27 text=### Begin Material Definition ####<CR>
dump scene_d_binary line=28 text=PsMatBegin mat2<CR>
dump scene_d_binary line=29 text=PsMatDynamicFriction 0.3750$3ec00000<CR>
dump scene_d_binary line=30 text=PsMatStaticFriction 0.6250$3f200000<CR>
dump scene_d_binary line=31 text=PsMatSpinFriction 0<CR>
dump scene_d_binary line=32 text=PsMatRollFriction 0<CR>
dump scene_d_binary line=33 text=PsMatRestitution 0.2500$3e800000<CR>
dump scene_d_binary line=34 text=PsMatDynamicFrictionV 0.1250$3e000000<CR>
dump scene_d_binary line=35 text=PsMatStaticFrictionV 0.3000$3e99999a<CR>
dump scene_d_binary line=36 text=PsMatDirOfAnisotropy 0 0 1<CR>
dump scene_d_binary line=37 text=PsMatDirOfMotion 1 0 0<CR>
dump scene_d_binary line=38 text=PsMatSpeedOfMotion 2.5000$40200000<CR>
dump scene_d_binary line=39 text=PsMatAnisotropic true<CR>
dump scene_d_binary line=40 text=PsMatMovingSurface true<CR>
dump scene_d_binary line=41 text=PsMatEnd<CR>
dump scene_d_binary line=42 text=### End Material Definition ####<CR>
dump scene_d_binary line=43 text=<CR>
dump scene_d_binary line=44 text=<CR>
dump scene_d_binary line=45 text=### Begin Material Definition ####<CR>
dump scene_d_binary line=46 text=PsMatBegin mat3<CR>
dump scene_d_binary line=47 text=PsMatDynamicFriction 1.2500$3fa00000<CR>
dump scene_d_binary line=48 text=PsMatStaticFriction 1.5000$3fc00000<CR>
dump scene_d_binary line=49 text=PsMatSpinFriction 0<CR>
dump scene_d_binary line=50 text=PsMatRollFriction 0<CR>
dump scene_d_binary line=51 text=PsMatRestitution 0.8750$3f600000<CR>
dump scene_d_binary line=52 text=PsMatDynamicFrictionV 0<CR>
dump scene_d_binary line=53 text=PsMatStaticFrictionV 0<CR>
dump scene_d_binary line=54 text=PsMatDirOfAnisotropy 1 0 0<CR>
dump scene_d_binary line=55 text=PsMatDirOfMotion 1 0 0<CR>
dump scene_d_binary line=56 text=PsMatSpeedOfMotion 0<CR>
dump scene_d_binary line=57 text=PsMatAnisotropic false<CR>
dump scene_d_binary line=58 text=PsMatMovingSurface false<CR>
dump scene_d_binary line=59 text=PsMatEnd<CR>
dump scene_d_binary line=60 text=### End Material Definition ####<CR>
dump scene_d_binary line=61 text=<CR>
dump scene_d_binary line=62 text=PsAssetBegin Asset__P1<CR>
dump scene_d_binary line=63 text=################################################################<CR>
dump scene_d_binary line=64 text=### Novodex Specific Physics Simulation Constants<CR>
dump scene_d_binary line=65 text=################################################################<CR>
dump scene_d_binary line=66 text=PsSetConstant NX_PENALTY_FORCE 0.7500$3f400000<CR>
dump scene_d_binary line=67 text=PsSetConstant NX_MIN_SEPARATION_FOR_PENALTY -0.0500$bd4ccccd<CR>
dump scene_d_binary line=68 text=PsSetConstant NX_DEFAULT_SLEEP_LIN_VEL_SQUARED 0.0225$3cb851ec<CR>
dump scene_d_binary line=69 text=PsSetConstant NX_DEFAULT_SLEEP_ANG_VEL_SQUARED 0.0196$3ca0902e<CR>
dump scene_d_binary line=70 text=PsSetConstant NX_BOUNCE_TRESHOLD -1.5000$bfc00000<CR>
dump scene_d_binary line=71 text=PsSetConstant NX_DYN_FRICT_SCALING 1<CR>
dump scene_d_binary line=72 text=PsSetConstant NX_STA_FRICT_SCALING 1<CR>
dump scene_d_binary line=73 text=PsSetConstant NX_MAX_ANGULAR_VELOCITY 9.0000$41100000<CR>
dump scene_d_binary line=74 text=PsSetConstant NX_MESH_MESH_LEVEL 4.0000$40800000<CR>
dump scene_d_binary line=75 text=PsSetConstant NX_ENABLE_MESH_DEBUG 0<CR>
dump scene_d_binary line=76 text=PsSetConstant NX_COLL_INFINITY fltmax<CR>
dump scene_d_binary line=77 text=PsSetConstant NX_CONTINUOUS_CD 0<CR>
dump scene_d_binary line=78 text=PsSetConstant NX_MESH_HINT_SPEED 1<CR>
dump scene_d_binary line=79 text=################################################################<CR>
dump scene_d_binary line=80 text=<CR>
dump scene_d_binary line=81 text=################################################################<CR>
dump scene_d_binary line=82 text=### Collision Group Flags<CR>
dump scene_d_binary line=83 text=################################################################<CR>
dump scene_d_binary line=84 text=PsGroupCollisionFlag 1 FFFFFFF7<CR>
dump scene_d_binary line=85 text=PsGroupCollisionFlag 2 FFFFFFFB<CR>
dump scene_d_binary line=86 text=PsGroupCollisionFlag 3 FFFFFFFD<CR>
dump scene_d_binary line=87 text=################################################################<CR>
dump scene_d_binary line=88 text=<CR>
dump scene_d_binary line=89 text=###########################################################<CR>
dump scene_d_binary line=90 text=#### Asset Information<CR>
dump scene_d_binary line=91 text=###########################################################<CR>
dump scene_d_binary line=92 text=## Scene in initial configuration.<CR>
dump scene_d_binary line=93 text=###########################################################<CR>
dump scene_d_binary line=94 text=PsGravity 0 -9.8100$c11cf5c3 0<CR>
dump scene_d_binary line=95 text=PsJointBegin $__P2<CR>
dump scene_d_binary line=96 text=### Revolute Joint<CR>
dump scene_d_binary line=97 text=PsJointOffset frame(primary)   body(primary)   offset(-2.1053$c006bca2,1.4947$3fbf5388,1.1816$3f973dfa)<CR>
dump scene_d_binary line=98 text=PsJointOffset frame(secondary) body(secondary) offset(1.9522$3ff9e0d6,-1.4913$bfbee30e,-1.4239$bfb642c9)<CR>
dump scene_d_binary line=99 text=PsJointAxes   frame(primary)   body(primary)   xaxis(-0.3158$bea1af28,-0.3158$bea1af28,0.8947$3f650d79) yaxis(0.7895$3f4a1af3,-0.6105$bf1c4b72,0.0632$3d8158ee)<CR>
dump scene_d_binary line=100 text=PsJointAxes   frame(secondary) body(secondary) xaxis(0.3362$3eac2695,0.5449$3f0b805e,0.7681$3f44a340) yaxis(0.8841$3f6251a0,-0.4638$beed7302,-0.0580$bd6d7309)<CR>
dump scene_d_binary line=101 text=PsDefaultSettings bodycollide(false) breakable(false) <CR>
dump scene_d_binary line=102 text=PsJointLimit twist(free) motor(false) twistspring(none) swing1(locked) swing2(locked) linear(locked,locked,locked)<CR>
dump scene_d_binary line=103 text=PsJointLimitPlane -0.0000$b20e5099 1 -0.0000$b1e787fc 3.0000$40400001<CR>
dump scene_d_binary line=104 text=PsJointEnd<CR>
dump scene_d_binary line=105 text=PsSphere radius(0.6250$3f200000) localposition(0,0,0) localorientation(0,0,0,1) material(mat1) group(0) name(ball___P3) position(0,1,0) orientation(0.1019$3dd0c061,0.2039$3e50c061,-0.1019$bdd0c062,0.9683$3f77e474) density(1.2500$3fa00000) com(0,0,0) comrot(0,0,0,1) inertia(0.1997$3e4c87e1,0.1997$3e4c87e1,0.1997$3e4c87e1) mass(1.2783$3fa39fe8) solvercount(4) velocity(0.5000$3f000000,-0.2500$be800000,1) angularvelocity(0.3000$3e99999a,0.7000$3f333333,-0.2000$be4ccccd) wakeupcounter(0.4000$3ecccccc) lineardamping(0) angulardamping(0.0500$3d4ccccd) maxangularvelocity(9.0000$41100000) <CR>
dump scene_d_binary line=106 text=PsDefaultSettings wakeupcounter(0.4000$3ecccccc)<CR>
dump scene_d_binary line=107 text=PsBox sides(2.0000$40000000,1,1.5000$3fc00000) localposition(0.1250$3e000000,-0.2500$be800000,0.5000$3f000000) localorientation(0,0,0.3827$3ec3ef17,0.9239$3f6c835e) material(mat2) group(3) name(crate___P4) position(3.0000$40400000,0.5000$3f000000,-1) orientation(-0.2052$be521ecf,0.1026$3dd21ed0,0.3078$3e9d971a,0.9234$3f6c62ab) density(0.8000$3f4ccccd) com(0.1250$3e000000,-0.2500$be800000,0.5000$3f000000) comrot(0,0,-0.3827$bec3ef15,0.9239$3f6c835e) inertia(1.2500$3fa00000,0.6500$3f266666,1) mass(2.4000$4019999a) solvercount(7) velocity(0,0,0) angularvelocity(0,0,0) lineardamping(0.1250$3e000000) angulardamping(0.0625$3d800000) maxangularvelocity(12.5000$41480000) <CR>
dump scene_d_binary line=108 text=PsDefaultSettings angularvelocity(0,0,0)<CR>
dump scene_d_binary line=109 text=PsCapsule height(1.2500$3fa00000) radius(0.3750$3ec00000) localposition(0,0,0) localorientation(0,0,0,1) material(mat1) group(2) name(pill___P5) position(-2.0000$c0000000,0.5000$3f000000,1.5000$3fc00000) orientation(0.3230$3ea56412,-0.1077$bddc856f,0.2154$3e5c856d,0.9152$3f6a4dc6) density(1.5000$3fc00000) com(0,0,0) comrot(0,0,0,1) inertia(0.4884$3efa0d19,0.0932$3dbeda0d,0.4884$3efa0d19) mass(1.3254$3fa9a560) solvercount(4) velocity(-0.7500$bf400000,0.1000$3dcccccd,0.4000$3ecccccd) lineardamping(0) angulardamping(0.0500$3d4ccccd) maxangularvelocity(9.0000$41100000) <CR>
dump scene_d_binary line=110 text=PsDefaultSettings solvercount(4)<CR>
dump scene_d_binary line=111 text=PsDefaultSettings lineardamping(0)<CR>
dump scene_d_binary line=112 text=PsDefaultSettings angulardamping(0.0500$3d4ccccd)<CR>
dump scene_d_binary line=113 text=PsDefaultSettings maxangularvelocity(9.0000$41100000)<CR>
dump scene_d_binary line=114 text=PsShapeBegin Shape1<CR>
dump scene_d_binary line=115 text=PsDefaultSettings localorientation(0,0,0,1)<CR>
dump scene_d_binary line=116 text=PsDefaultSettings material(mat1)<CR>
dump scene_d_binary line=117 text=PsBox sides(1,0.5000$3f000000,1) localposition(0,-0.5000$bf000000,0) group(0) <CR>
dump scene_d_binary line=118 text=PsDefaultSettings group(0)<CR>
dump scene_d_binary line=119 text=PsSphere radius(0.2500$3e800000) localposition(0,0.5000$3f000000,0) triggerevent(leave,) <CR>
dump scene_d_binary line=120 text=PsCapsule height(0.7500$3f400000) radius(0.1250$3e000000) localposition(0.5000$3f000000,0,0) localorientation(0.7071$3f3504f5,0,0,0.7071$3f3504f2) <CR>
dump scene_d_binary line=121 text=PsShapeEnd<CR>
dump scene_d_binary line=122 text=PsShape Shape1 name(compound___P6) position(4.0000$40800000,2.0000$40000000,3.0000$40400000) orientation(0.0523$3d5664f9,-0.3141$bea0cbbb,0.1047$3dd664f8,0.9422$3f713199) density(2.0000$40000000) com(0.0447$3d37165e,-0.4553$bee91d34,0) comrot(0.0000$31eddb69,0.0000$32044391,0.1546$3e1e4c87,0.9880$3f7cec2f) inertia(0.1279$3e02fb33,0.2048$3e51aa1f,0.1496$3e193954) mass(1.0982$3f8c90fe) velocity(0,0,0) angularvelocity(0,1.5000$3fc00000,0) <CR>
dump scene_d_binary line=123 text=PsDefaultSettings velocity(0,0,0)<CR>
dump scene_d_binary line=124 text=PsDefaultSettings localposition(0,0,0)<CR>
dump scene_d_binary line=125 text=PsDefaultSettings localorientation(0,0,0,1)<CR>
dump scene_d_binary line=126 text=PsDefaultSettings material(mat1)<CR>
dump scene_d_binary line=127 text=PsBox sides(0.6000$3f19999a,0.6000$3f19999a,0.6000$3f19999a) group(0) name(cube___P7) position(-4.0000$c0800000,1,-4.0000$c0800000) orientation(0,0,0,1) density(8.0000$41000000) com(0,0,0) comrot(0,0,0,1) inertia(0.1037$3dd45631,0.1037$3dd45631,0.1037$3dd45631) mass(1.7280$3fdd2f1c) angularvelocity(0,0,0) <CR>
dump scene_d_binary line=128 text=PsDefaultSettings orientation(0,0,0,1)<CR>
dump scene_d_binary line=129 text=PsDefaultSettings com(0,0,0)<CR>
dump scene_d_binary line=130 text=PsDefaultSettings comrot(0,0,0,1)<CR>
dump scene_d_binary line=131 text=PsDefaultSettings angularvelocity(0,0,0)<CR>
dump scene_d_binary line=132 text=PsDefaultSettings group(0)<CR>
dump scene_d_binary line=133 text=PsSphere radius(0.5000$3f000000) name(sleeper___P8) awake(false) position(2.0000$40000000,0.5000$3f000000,4.0000$40800000) density(0.9500$3f733333) inertia(0.0497$3d4bbe25,0.0497$3d4bbe25,0.0497$3d4bbe25) mass(0.4974$3efeadaf) wakeupcounter(0) <CR>
dump scene_d_binary line=134 text=PsShapeBegin Shape2<CR>
dump scene_d_binary line=135 text=PsBox sides(0.5000$3f000000,0.5000$3f000000,0.5000$3f000000) localposition(-0.5000$bf000000,0,0) <CR>
dump scene_d_binary line=136 text=PsBox sides(0.5000$3f000000,1,0.5000$3f000000) localposition(0.5000$3f000000,0,0) <CR>
dump scene_d_binary line=137 text=PsShapeEnd<CR>
dump scene_d_binary line=138 text=PsShape Shape2 name(pair___P9) position(2.0000$40000000,1,0) orientation(0,0,0.2000$3e4cc251,0.9798$3f7ad470) density(3.0000$40400000) com(0.1667$3e2aaaab,0,0) inertia(0.0938$3dc00000,0.2969$3e980000,0.3438$3eb00000) mass(1.1250$3f900000) wakeupcounter(0.4000$3ecccccc) <CR>
dump scene_d_binary line=139 text=PsJoint $__P2 crate___P4 pill___P5<CR>
dump scene_d_binary line=140 text=PsAssetEnd<CR>
dump scene_d_binary line=141 text=##################################################################################<CR>
dump scene_d_binary line=142 text=<CR>
dump scene_d_binary line=143 text=<CR>
dump scene_d_binary line=144 text=PsSetScene 0<CR>
dump scene_d_binary line=145 text=PsAsset Asset__P1 position(0,0,0) orientation(0,0,0,1)<CR>
dump scene_d_binary line=146 text=<CR>
dump scene_d_binary line=147 text=PsSetScene 0<CR>
dump scene_d_binary lines=148 normalised_bytes=8858
scene d=released
sdk=released
modules pair=2 trusted_system=11 rejected=0
loaded module=NxPhysics.dll path=C:\Users\raynorpat\.codex\worktrees\nxphysics-contact-report-scene-release\Novodex\build\pairs\oracle\NxPhysics.dll sha256=4b7db3e126735c576f79fe5666e6fa661de9724b2a78808bb0924325ac79602c
loaded module=NxFoundation.dll path=C:\Users\raynorpat\.codex\worktrees\nxphysics-contact-report-scene-release\Novodex\build\pairs\oracle\NxFoundation.dll sha256=7e0596e45af2f1ab937a948100528e51c80dfd02b295ba678898081883ae0990
child_stdout_end
child_stderr_begin
child_stderr_end
pass: NxPhysicsCoreDumpTests/oracle reported the staged identity: loaded module=NxPhysics.dll path=C:\Users\raynorpat\.codex\worktrees\nxphysics-contact-report-scene-release\Novodex\build\pairs\oracle\NxPhysics.dll sha256=4b7db3e126735c576f79fe5666e6fa661de9724b2a78808bb0924325ac79602c
pass: NxPhysicsCoreDumpTests/oracle reported the staged identity: loaded module=NxFoundation.dll path=C:\Users\raynorpat\.codex\worktrees\nxphysics-contact-report-scene-release\Novodex\build\pairs\oracle\NxFoundation.dll sha256=7e0596e45af2f1ab937a948100528e51c80dfd02b295ba678898081883ae0990
pass: test target is built: C:\Users\raynorpat\.codex\worktrees\nxphysics-contact-report-scene-release\Novodex\build\Release\NxPhysicsCoreDumpTests.exe
child target=NxPhysicsCoreDumpTests pair=candidate command="C:\Users\raynorpat\.codex\worktrees\nxphysics-contact-report-scene-release\Novodex\build\Release\NxPhysicsCoreDumpTests.exe" "C:\Users\raynorpat\.codex\worktrees\nxphysics-contact-report-scene-release\Novodex\build\pairs\candidate" exit=0
child_stdout_begin
pair_directory=C:\Users\raynorpat\.codex\worktrees\nxphysics-contact-report-scene-release\Novodex\build\pairs\candidate
modules pair=2 trusted_system=7 rejected=0
loaded module=NxPhysics.dll path=C:\Users\raynorpat\.codex\worktrees\nxphysics-contact-report-scene-release\Novodex\build\pairs\candidate\NxPhysics.dll sha256=8e5f244603cbfd7d74a8d9fb465c43c0d131d20998bf2ed3700def778310a6ad
loaded module=NxFoundation.dll path=C:\Users\raynorpat\.codex\worktrees\nxphysics-contact-report-scene-release\Novodex\build\pairs\candidate\NxFoundation.dll sha256=798c121ab880a97ee7fbf62e4772bb868f42b871da5f0df53b1a5969cd964969
export=NxCreatePhysicsSDK present=yes
sdk=created
sdk materials=3 added=1,2
sdk group_1_3=0 group_2_2=0
scene a=created b=created
scene actor ground=created
scene actor wall block=created
scene actor ball=created
scene actor crate"q=created
scene actor pill=created
scene actor mover=created
scene actor compound=created
scene actor frozen one=created
scene actor ghost=created
scene actor unnamed=created
scene joint prismatic=created
scene joint revolute=created
joint_limit_probe name=hinge index=0 in_front=yes normal=b2fa4576.3f800000.b3309d79 d=40400001
scene joint revolute_plain=created
scene joint cylindrical=created
scene joint breakable cylindrical=42c80000.437a8000
scene joint spherical=created
scene joint spherical_world=created
scene joint point_on_line=created
scene joint point_in_plane=created
scene joint distance=created
scene joint pulley=created
scene joint fixed=created
scene joint d6=created
scene effector=created
scene actor floor=created
scene actor drop=created
scene actor pair=created
dump text coreDump binary=0 addendum=no returned=0
dump text present=yes
dump text line=0 text=################################################################<CR>
dump text line=1 text=### Core Dump from Novodex Physics SDK<CR>
dump text line=2 text=### Core Dump Generated on <date><CR>
dump text line=3 text=### Contains 2 assets.<CR>
dump text line=4 text=PsReset<CR>
dump text line=5 text=PsVersion 1.4<CR>
dump text line=6 text=PsNameSpace PhysicsSDK__P0<CR>
dump text line=7 text=<CR>
dump text line=8 text=<CR>
dump text line=9 text=### Begin Material Definition ####<CR>
dump text line=10 text=PsMatBegin mat1<CR>
dump text line=11 text=PsMatDynamicFriction 0<CR>
dump text line=12 text=PsMatStaticFriction 0<CR>
dump text line=13 text=PsMatSpinFriction 0<CR>
dump text line=14 text=PsMatRollFriction 0<CR>
dump text line=15 text=PsMatRestitution 0<CR>
dump text line=16 text=PsMatDynamicFrictionV 0<CR>
dump text line=17 text=PsMatStaticFrictionV 0<CR>
dump text line=18 text=PsMatDirOfAnisotropy 1 0 0<CR>
dump text line=19 text=PsMatDirOfMotion 1 0 0<CR>
dump text line=20 text=PsMatSpeedOfMotion 0<CR>
dump text line=21 text=PsMatAnisotropic false<CR>
dump text line=22 text=PsMatMovingSurface false<CR>
dump text line=23 text=PsMatEnd<CR>
dump text line=24 text=### End Material Definition ####<CR>
dump text line=25 text=<CR>
dump text line=26 text=<CR>
dump text line=27 text=### Begin Material Definition ####<CR>
dump text line=28 text=PsMatBegin mat2<CR>
dump text line=29 text=PsMatDynamicFriction 0.375<CR>
dump text line=30 text=PsMatStaticFriction 0.625<CR>
dump text line=31 text=PsMatSpinFriction 0<CR>
dump text line=32 text=PsMatRollFriction 0<CR>
dump text line=33 text=PsMatRestitution 0.25<CR>
dump text line=34 text=PsMatDynamicFrictionV 0.125<CR>
dump text line=35 text=PsMatStaticFrictionV 0.300000012<CR>
dump text line=36 text=PsMatDirOfAnisotropy 0 0 1<CR>
dump text line=37 text=PsMatDirOfMotion 1 0 0<CR>
dump text line=38 text=PsMatSpeedOfMotion 2.5<CR>
dump text line=39 text=PsMatAnisotropic true<CR>
dump text line=40 text=PsMatMovingSurface true<CR>
dump text line=41 text=PsMatEnd<CR>
dump text line=42 text=### End Material Definition ####<CR>
dump text line=43 text=<CR>
dump text line=44 text=<CR>
dump text line=45 text=### Begin Material Definition ####<CR>
dump text line=46 text=PsMatBegin mat3<CR>
dump text line=47 text=PsMatDynamicFriction 1.25<CR>
dump text line=48 text=PsMatStaticFriction 1.5<CR>
dump text line=49 text=PsMatSpinFriction 0<CR>
dump text line=50 text=PsMatRollFriction 0<CR>
dump text line=51 text=PsMatRestitution 0.875<CR>
dump text line=52 text=PsMatDynamicFrictionV 0<CR>
dump text line=53 text=PsMatStaticFrictionV 0<CR>
dump text line=54 text=PsMatDirOfAnisotropy 1 0 0<CR>
dump text line=55 text=PsMatDirOfMotion 1 0 0<CR>
dump text line=56 text=PsMatSpeedOfMotion 0<CR>
dump text line=57 text=PsMatAnisotropic false<CR>
dump text line=58 text=PsMatMovingSurface false<CR>
dump text line=59 text=PsMatEnd<CR>
dump text line=60 text=### End Material Definition ####<CR>
dump text line=61 text=<CR>
dump text line=62 text=PsAssetBegin Asset__P1<CR>
dump text line=63 text=################################################################<CR>
dump text line=64 text=### Novodex Specific Physics Simulation Constants<CR>
dump text line=65 text=################################################################<CR>
dump text line=66 text=PsSetConstant NX_PENALTY_FORCE 0.75<CR>
dump text line=67 text=PsSetConstant NX_MIN_SEPARATION_FOR_PENALTY -0.050000001<CR>
dump text line=68 text=PsSetConstant NX_DEFAULT_SLEEP_LIN_VEL_SQUARED 0.022500001<CR>
dump text line=69 text=PsSetConstant NX_DEFAULT_SLEEP_ANG_VEL_SQUARED 0.0196<CR>
dump text line=70 text=PsSetConstant NX_BOUNCE_TRESHOLD -1.5<CR>
dump text line=71 text=PsSetConstant NX_DYN_FRICT_SCALING 1<CR>
dump text line=72 text=PsSetConstant NX_STA_FRICT_SCALING 1<CR>
dump text line=73 text=PsSetConstant NX_MAX_ANGULAR_VELOCITY 9<CR>
dump text line=74 text=PsSetConstant NX_MESH_MESH_LEVEL 4<CR>
dump text line=75 text=PsSetConstant NX_ENABLE_MESH_DEBUG 0<CR>
dump text line=76 text=PsSetConstant NX_COLL_INFINITY fltmax<CR>
dump text line=77 text=PsSetConstant NX_CONTINUOUS_CD 0<CR>
dump text line=78 text=PsSetConstant NX_MESH_HINT_SPEED 1<CR>
dump text line=79 text=################################################################<CR>
dump text line=80 text=<CR>
dump text line=81 text=################################################################<CR>
dump text line=82 text=### Collision Group Flags<CR>
dump text line=83 text=################################################################<CR>
dump text line=84 text=PsGroupCollisionFlag 1 FFFFFFF7<CR>
dump text line=85 text=PsGroupCollisionFlag 2 FFFFFFFB<CR>
dump text line=86 text=PsGroupCollisionFlag 3 FFFFFFFD<CR>
dump text line=87 text=################################################################<CR>
dump text line=88 text=<CR>
dump text line=89 text=###########################################################<CR>
dump text line=90 text=#### Asset Information<CR>
dump text line=91 text=###########################################################<CR>
dump text line=92 text=## Scene in initial configuration.<CR>
dump text line=93 text=###########################################################<CR>
dump text line=94 text=PsGravity 0.5 -9.81000042 0.25<CR>
dump text line=95 text=PsJointEnd<CR>
dump text line=96 text=PsJointEnd<CR>
dump text line=97 text=PsJointEnd<CR>
dump text line=98 text=PsJointLimitPlane 0 1 0 -0.25<CR>
dump text line=99 text=PsJointEnd<CR>
dump text line=100 text=PsJointBegin $__P2<CR>
dump text line=101 text=### Point In Plane Joint<CR>
dump text line=102 text=PsJointOffset frame(primary)   body(primary)   offset(-1,0.25,-2)<CR>
dump text line=103 text=PsJointOffset frame(secondary) body(secondary) offset(0.103896126,0.311038971,2.225974083)<CR>
dump text line=104 text=PsJointAxes   frame(primary)   body(primary)   xaxis(0,1,0) yaxis(0,0,1)<CR>
dump text line=105 text=PsJointAxes   frame(secondary) body(secondary) xaxis(-0.155844167,0.958441556,-0.238961041) yaxis(-0.415584415,0.155844152,0.896103919)<CR>
dump text line=106 text=PsDefaultSettings bodycollide(false) breakable(false) <CR>
dump text line=107 text=PsJointLimit swing1(free) swing2(free) twist(free) linear(free,free,locked)<CR>
dump text line=108 text=PsJointEnd<CR>
dump text line=109 text=PsJointBegin $__P3<CR>
dump text line=110 text=### Point On Line Joint<CR>
dump text line=111 text=PsJointOffset frame(primary)   body(primary)   offset(0.157894701,-0.392105132,2.152631521)<CR>
dump text line=112 text=PsJointOffset frame(secondary) body(secondary) offset(-1.719177961,-0.680136979,-1.180822015)<CR>
dump text line=113 text=PsJointAxes   frame(primary)   body(primary)   xaxis(0.221052676,-0.618947327,0.753684223) yaxis(0.82105267,-0.298947304,-0.486315757)<CR>
dump text line=114 text=PsJointAxes   frame(secondary) body(secondary) xaxis(0.950684905,-0.111780807,0.289315104) yaxis(0.26301375,-0.203835607,-0.943013668)<CR>
dump text line=115 text=PsDefaultSettings bodycollide(false) breakable(false) <CR>
dump text line=116 text=PsJointLimit swing1(free) swing2(free) twist(free) linear(free,locked,locked)<CR>
dump text line=117 text=PsJointLimitPlane -0.000000038 -0.000000041 1 -1.999999762<CR>
dump text line=118 text=PsJointEnd<CR>
dump text line=119 text=PsJointBegin $__P4<CR>
dump text line=120 text=### Spherical Joint<CR>
dump text line=121 text=PsJointOffset frame(primary)   body(primary)   offset(1,4,2)<CR>
dump text line=122 text=PsJointOffset frame(secondary) body(secondary) offset(0,1,0)<CR>
dump text line=123 text=PsJointAxes   frame(primary)   body(primary)   xaxis(0,1,0) yaxis(0,0,1)<CR>
dump text line=124 text=PsJointAxes   frame(secondary) body(secondary) xaxis(0,1,0) yaxis(0,0,1)<CR>
dump text line=125 text=PsDefaultSettings bodycollide(false) breakable(false) <CR>
dump text line=126 text=PsJointLimit swing1(free) swing2(free) twist(free) twistspring(none) swingspring(none) jointspring(none) projection(none) linear(locked,locked,locked)<CR>
dump text line=127 text=PsJointEnd<CR>
dump text line=128 text=PsJointBegin "shoulder joint___P5"<CR>
dump text line=129 text=### Spherical Joint<CR>
dump text line=130 text=PsJointOffset frame(primary)   body(primary)   offset(-1.168831229,-0.361688316,0.357792228)<CR>
dump text line=131 text=PsJointOffset frame(secondary) body(secondary) offset(0.713043511,-0.697825968,-0.79347831)<CR>
dump text line=132 text=PsJointAxes   frame(primary)   body(primary)   xaxis(-0.425974041,0.699740291,0.573506534) yaxis(0.896103919,0.238961041,0.374025971)<CR>
dump text line=133 text=PsJointAxes   frame(secondary) body(secondary) xaxis(0.463768095,0.855072498,0.231884152) yaxis(0.884057999,-0.463768065,-0.057971034)<CR>
dump text line=134 text=PsDefaultSettings bodycollide(false) breakable(false) name("shoulder joint") <CR>
dump text line=135 text=PsJointLimit swing1(0.25,0.5,1) swing2(0.25,0.5,1) twist(-0.5,0.25,1,  0.375,0.125,1) twistspring(6,0.25,0.125) swingspring(4,0.75,0.0625) jointspring(3,0.5,0.25) projection(0.125) linear(locked,locked,locked)<CR>
dump text line=136 text=PsJointEnd<CR>
dump text line=137 text=PsJointBegin $__P6<CR>
dump text line=138 text=### Cylindrical Joint<CR>
dump text line=139 text=PsJointOffset frame(primary)   body(primary)   offset(-2.547945261,-0.075342514,0.04794509)<CR>
dump text line=140 text=PsJointOffset frame(secondary) body(secondary) offset(1.090909123,1.190909147,1.972727299)<CR>
dump text line=141 text=PsJointAxes   frame(primary)   body(primary)   xaxis(0.164383546,0.972602725,-0.164383546) yaxis(0.602739692,0.032876715,0.797260284)<CR>
dump text line=142 text=PsJointAxes   frame(secondary) body(secondary) xaxis(-0.155844167,0.958441556,-0.238961041) yaxis(-0.415584415,0.155844152,0.896103919)<CR>
dump text line=143 text=PsDefaultSettings bodycollide(false) breakable(100,250.5) <CR>
dump text line=144 text=PsJointLimit twist(free) swing1(locked) swing2(locked) linear(free,locked,locked)<CR>
dump text line=145 text=PsJointEnd<CR>
dump text line=146 text=PsJointBegin $__P7<CR>
dump text line=147 text=### Revolute Joint<CR>
dump text line=148 text=PsJointOffset frame(primary)   body(primary)   offset(1.214492798,0.157971084,0.007246431)<CR>
dump text line=149 text=PsJointOffset frame(secondary) body(secondary) offset(-4.6712327,0.145205364,2.271232605)<CR>
dump text line=150 text=PsJointAxes   frame(primary)   body(primary)   xaxis(0.884057999,-0.463768065,-0.057971034) yaxis(0.336231858,0.544927478,0.768115997)<CR>
dump text line=151 text=PsJointAxes   frame(secondary) body(secondary) xaxis(0.780821919,-0.230136961,-0.580821872) yaxis(0.602739692,0.032876715,0.797260284)<CR>
dump text line=152 text=PsDefaultSettings bodycollide(false) breakable(false) <CR>
dump text line=153 text=PsJointLimit twist(free) motor(false) twistspring(none) swing1(locked) swing2(locked) linear(locked,locked,locked)<CR>
dump text line=154 text=PsJointEnd<CR>
dump text line=155 text=PsJointBegin hinge___P8<CR>
dump text line=156 text=### Revolute Joint<CR>
dump text line=157 text=PsJointOffset frame(primary)   body(primary)   offset(-2.105263233,1.494736671,1.181578875)<CR>
dump text line=158 text=PsJointOffset frame(secondary) body(secondary) offset(1.952173948,-1.491304159,-1.423913121)<CR>
dump text line=159 text=PsJointAxes   frame(primary)   body(primary)   xaxis(-0.315789461,-0.315789461,0.894736826) yaxis(0.789473712,-0.610526204,0.063157901)<CR>
dump text line=160 text=PsJointAxes   frame(secondary) body(secondary) xaxis(0.336231858,0.544927478,0.768115997) yaxis(0.884057999,-0.463768065,-0.057971034)<CR>
dump text line=161 text=PsDefaultSettings bodycollide(true) breakable(false) name("hinge") <CR>
dump text line=162 text=PsJointLimit twist(-0.25,0.5,0.75,  0.125,0.25,1) motor(2.5,30,true) twistspring(8,0.5,0.0625) swing1(locked) swing2(locked) linear(locked,locked,locked)<CR>
dump text line=163 text=PsJointLimitPlane -0.000000029 1 -0.000000041 3.000000238<CR>
dump text line=164 text=PsJointEnd<CR>
dump text line=165 text=PsJointBegin $__P9<CR>
dump text line=166 text=### Prismatic Joint<CR>
dump text line=167 text=PsJointOffset frame(primary)   body(primary)   offset(1.590909123,0.040909097,0.172727257)<CR>
dump text line=168 text=PsJointOffset frame(secondary) body(secondary) offset(-1.210526347,0.93947351,0.463157862)<CR>
dump text line=169 text=PsJointAxes   frame(primary)   body(primary)   xaxis(-0.084675312,0.670753241,0.736831188) yaxis(0.993177295,-0.002690522,0.116583377)<CR>
dump text line=170 text=PsJointAxes   frame(secondary) body(secondary) xaxis(0.284210503,-0.123789415,0.950736821) yaxis(0.736541331,-0.606635511,-0.299165726)<CR>
dump text line=171 text=PsDefaultSettings bodycollide(false) breakable(false) <CR>
dump text line=172 text=PsJointLimit swing1(locked) swing2(locked) twist(locked) linear(free,locked,locked)<CR>
dump text line=173 text=PsJointEnd<CR>
dump text line=174 text=PsPlane  plane(0,1,0,-0.5) localposition(0,0,0) localorientation(0,0,0,1) group(0) material(mat1) name(ground___P10) awake(false) position(0,0,0) orientation(0,0,0,1) static(true) <CR>
dump text line=175 text=PsDefaultSettings localposition(0,0,0)<CR>
dump text line=176 text=PsDefaultSettings localorientation(0,0,0,1)<CR>
dump text line=177 text=PsDefaultSettings group(0)<CR>
dump text line=178 text=PsBox sides(8,4,0.5) material(mat3) triggerevent(enter,leave,stay) name("wall block___P11") awake(false) position(-3,2,5) orientation(0,0.38176015,0,0.924261451) static(true) <CR>
dump text line=179 text=PsSphere radius(0.625) material(mat1) name(ball___P12) position(0,1,0) orientation(0.101929434,0.203858867,-0.101929441,0.968329668) com(0,0,0) comrot(0,0,0,1) inertia(0.3125,0.3125,0.3125) mass(2.045000076) solvercount(4) velocity(0.5,-0.25,1) angularvelocity(0.300000012,0.699999988,-0.200000003) wakeupcounter(0.399999976) lineardamping(0) angulardamping(0.050000001) maxangularvelocity(9) <CR>
dump text line=180 text=PsDefaultSettings wakeupcounter(0.399999976)<CR>
dump text line=181 text=PsBox sides(2,1,1.5) localposition(0.125,-0.25,0.5) localorientation(0,0,0.382683486,0.923879504) material(mat2) group(3) name("crate"q___P13") position(3,0.5,-1) orientation(-0.20519565,0.102597833,0.307793438,0.923380554) com(0.125,-0.25,0.5) comrot(0,0,-0.382683486,0.923879504) inertia(2.34375,1.21875,1.875) mass(4.5) solvercount(7) velocity(0,0,0) angularvelocity(0,0,0) lineardamping(0.125) angulardamping(0.0625) maxangularvelocity(12.5) <CR>
dump text line=182 text=PsDefaultSettings angularvelocity(0,0,0)<CR>
dump text line=183 text=PsCapsule height(1.25) radius(0.375) localposition(0,0,0) localorientation(0,0,0,1) material(mat1) group(2) name(pill___P14) position(-2,0.5,1.5) orientation(0.323029101,-0.107676379,0.215352729,0.915249228) com(0,0,0) comrot(0,0,0,1) inertia(0.975000024,0.1875,0.975000024) mass(2.650000095) solvercount(4) velocity(-0.75,0.100000001,0.400000006) lineardamping(0) angulardamping(0.050000001) maxangularvelocity(9) locked(true,false,false,false,false,true) <CR>
dump text line=184 text=PsDefaultSettings com(0,0,0)<CR>
dump text line=185 text=PsDefaultSettings comrot(0,0,0,1)<CR>
dump text line=186 text=PsDefaultSettings solvercount(4)<CR>
dump text line=187 text=PsDefaultSettings lineardamping(0)<CR>
dump text line=188 text=PsDefaultSettings angulardamping(0.050000001)<CR>
dump text line=189 text=PsDefaultSettings maxangularvelocity(9)<CR>
dump text line=190 text=PsDefaultSettings localposition(0,0,0)<CR>
dump text line=191 text=PsDefaultSettings localorientation(0,0,0,1)<CR>
dump text line=192 text=PsDefaultSettings material(mat1)<CR>
dump text line=193 text=PsBox sides(1,1,4) group(0) name(mover___P15) position(1,3,2) orientation(0,0,0,1) density(1) inertia(5.666666985,5.666666985,0.666666687) mass(4) velocity(0,0,0) kinematic(true) <CR>
dump text line=194 text=PsDefaultSettings velocity(0,0,0)<CR>
dump text line=195 text=PsShapeBegin Shape1<CR>
dump text line=196 text=PsDefaultSettings group(0)<CR>
dump text line=197 text=PsBox sides(1,0.5,1) localposition(0,-0.5,0) <CR>
dump text line=198 text=PsSphere radius(0.25) localposition(0,0.5,0) material(mat2) triggerevent(leave,) <CR>
dump text line=199 text=PsCapsule height(0.75) radius(0.125) localposition(0.5,0,0) localorientation(0.707106888,0,0,0.707106709) material(mat1) group(5) <CR>
dump text line=200 text=PsShapeEnd<CR>
dump text line=201 text=PsShape Shape1 name(compound___P16) position(4,2,3) orientation(0.052342389,-0.31405434,0.10468477,0.94216305) com(0.044699065,-0.455300927,0) comrot(0,0,0.154588833,0.987978876) inertia(0.159999996,0.25,0.1875) mass(1.375) angularvelocity(0,1.5,0) <CR>
dump text line=202 text=PsDefaultSettings group(0)<CR>
dump text line=203 text=PsBox sides(0.600000024,0.600000024,0.600000024) name("frozen one___P17") position(-4,1,-4) orientation(0,0,0,1) com(0,0,0) comrot(0,0,0,1) inertia(0.01296,0.01296,0.01296) mass(0.216000006) angularvelocity(0,0,0) locked(true) collision(false) <CR>
dump text line=204 text=PsDefaultSettings orientation(0,0,0,1)<CR>
dump text line=205 text=PsDefaultSettings comrot(0,0,0,1)<CR>
dump text line=206 text=PsDefaultSettings angularvelocity(0,0,0)<CR>
dump text line=207 text=PsShapeBegin Shape2<CR>
dump text line=208 text=PsShapeEnd<CR>
dump text line=209 text=PsShape Shape2 name(ghost___P18) position(0,6,0) com(0,0.25,0) inertia(1,0.5,0.25) mass(2) <CR>
dump text line=210 text=PsSphere radius(0.5) name($__P19) position(2,0.5,4) com(0,0,0) inertia(0.050000001,0.050000001,0.050000001) mass(0.5) wakeupcounter(0) <CR>
dump text line=211 text=PsJoint $__P20 pill___P14 $__P19<CR>
dump text line=212 text=PsJoint $__P21 compound___P16 $__P19<CR>
dump text line=213 text=PsJoint $__P22 ball___P12 "crate"q___P13"<CR>
dump text line=214 text=PsJoint rope___P23 ball___P12 $__P19<CR>
dump text line=215 text=PsJoint $__P2 $__P19 ball___P12<CR>
dump text line=216 text=PsJoint $__P3 "crate"q___P13" compound___P16<CR>
dump text line=217 text=PsJoint $__P4 @world mover___P15<CR>
dump text line=218 text=PsJoint "shoulder joint___P5" ball___P12 pill___P14<CR>
dump text line=219 text=PsJoint $__P6 compound___P16 ball___P12<CR>
dump text line=220 text=PsJoint $__P7 pill___P14 compound___P16<CR>
dump text line=221 text=PsJoint hinge___P8 "crate"q___P13" pill___P14<CR>
dump text line=222 text=PsJoint $__P9 ball___P12 "crate"q___P13"<CR>
dump text line=223 text=PsDefaultSettings spring_dist_relaxed(1.250000)
dump text line=224 text=PsDefaultSettings spring_dist_compress_saturate(0.500000) spring_dist_stretch_saturate(3.000000)
dump text line=225 text=PsDefaultSettings spring_max_compress_force(40.000000) spring_max_stretch_force(55.000000)
dump text line=226 text=PsDefaultSettings spring_vel_compress_saturate(-2.500000) spring_vel_stretch_saturate(1.750000)
dump text line=227 text=PsDefaultSettings spring_damper_max_compress_force(7.000000) spring_damper_max_stretch_force(9.500000)
dump text line=228 text=PsDefaultSettings spring_pos1(0.250000,1.500000,-0.300000)
dump text line=229 text=PsDefaultSettings spring_pos2(-1.750000,0.200000,1.250000)
dump text line=230 text=PsSpring ball___P12 pill___P14
dump text line=231 text=PsAssetEnd<CR>
dump text line=232 text=##################################################################################<CR>
dump text line=233 text=<CR>
dump text line=234 text=PsAssetBegin Asset__P24<CR>
dump text line=235 text=################################################################<CR>
dump text line=236 text=### Novodex Specific Physics Simulation Constants<CR>
dump text line=237 text=################################################################<CR>
dump text line=238 text=PsSetConstant NX_PENALTY_FORCE 0.75<CR>
dump text line=239 text=PsSetConstant NX_MIN_SEPARATION_FOR_PENALTY -0.050000001<CR>
dump text line=240 text=PsSetConstant NX_DEFAULT_SLEEP_LIN_VEL_SQUARED 0.022500001<CR>
dump text line=241 text=PsSetConstant NX_DEFAULT_SLEEP_ANG_VEL_SQUARED 0.0196<CR>
dump text line=242 text=PsSetConstant NX_BOUNCE_TRESHOLD -1.5<CR>
dump text line=243 text=PsSetConstant NX_DYN_FRICT_SCALING 1<CR>
dump text line=244 text=PsSetConstant NX_STA_FRICT_SCALING 1<CR>
dump text line=245 text=PsSetConstant NX_MAX_ANGULAR_VELOCITY 9<CR>
dump text line=246 text=PsSetConstant NX_MESH_MESH_LEVEL 4<CR>
dump text line=247 text=PsSetConstant NX_ENABLE_MESH_DEBUG 0<CR>
dump text line=248 text=PsSetConstant NX_COLL_INFINITY fltmax<CR>
dump text line=249 text=PsSetConstant NX_CONTINUOUS_CD 0<CR>
dump text line=250 text=PsSetConstant NX_MESH_HINT_SPEED 1<CR>
dump text line=251 text=################################################################<CR>
dump text line=252 text=<CR>
dump text line=253 text=################################################################<CR>
dump text line=254 text=### Collision Group Flags<CR>
dump text line=255 text=################################################################<CR>
dump text line=256 text=PsGroupCollisionFlag 1 FFFFFFF7<CR>
dump text line=257 text=PsGroupCollisionFlag 2 FFFFFFFB<CR>
dump text line=258 text=PsGroupCollisionFlag 3 FFFFFFFD<CR>
dump text line=259 text=################################################################<CR>
dump text line=260 text=<CR>
dump text line=261 text=###########################################################<CR>
dump text line=262 text=#### Asset Information<CR>
dump text line=263 text=###########################################################<CR>
dump text line=264 text=## Scene in initial configuration.<CR>
dump text line=265 text=###########################################################<CR>
dump text line=266 text=PsGravity 0 -3.5 0<CR>
dump text line=267 text=PsBox sides(20,1,20) localposition(0,0,0) localorientation(0,0,0,1) material(mat1) group(0) name(floor___P25) awake(false) position(0,-0.5,0) orientation(0,0,0,1) static(true) <CR>
dump text line=268 text=PsDefaultSettings orientation(0,0,0,1)<CR>
dump text line=269 text=PsDefaultSettings localposition(0,0,0)<CR>
dump text line=270 text=PsDefaultSettings localorientation(0,0,0,1)<CR>
dump text line=271 text=PsDefaultSettings material(mat1)<CR>
dump text line=272 text=PsDefaultSettings group(0)<CR>
dump text line=273 text=PsSphere radius(0.75) name(drop___P26) position(0,3,0) com(0,0,0) comrot(0,0,0,1) inertia(0.375,0.375,0.375) mass(1.75) solvercount(4) velocity(0,0,0) angularvelocity(0,0,0) wakeupcounter(0.399999976) lineardamping(0) angulardamping(0.050000001) maxangularvelocity(9) <CR>
dump text line=274 text=PsDefaultSettings comrot(0,0,0,1)<CR>
dump text line=275 text=PsDefaultSettings solvercount(4)<CR>
dump text line=276 text=PsDefaultSettings velocity(0,0,0)<CR>
dump text line=277 text=PsDefaultSettings angularvelocity(0,0,0)<CR>
dump text line=278 text=PsDefaultSettings wakeupcounter(0.399999976)<CR>
dump text line=279 text=PsDefaultSettings lineardamping(0)<CR>
dump text line=280 text=PsDefaultSettings angulardamping(0.050000001)<CR>
dump text line=281 text=PsDefaultSettings maxangularvelocity(9)<CR>
dump text line=282 text=PsShapeBegin Shape3<CR>
dump text line=283 text=PsBox sides(0.5,0.5,0.5) localposition(-0.5,0,0) <CR>
dump text line=284 text=PsBox sides(0.5,1,0.5) localposition(0.5,0,0) material(mat3) <CR>
dump text line=285 text=PsShapeEnd<CR>
dump text line=286 text=PsShape Shape3 name(pair___P27) position(2,1,0) orientation(0,0,0.199960008,0.979804039) com(0.166666672,0,0) inertia(0.03125,0.100000001,0.115000002) mass(0.375) <CR>
dump text line=287 text=PsAssetEnd<CR>
dump text line=288 text=##################################################################################<CR>
dump text line=289 text=<CR>
dump text line=290 text=<CR>
dump text line=291 text=PsSetScene 0<CR>
dump text line=292 text=PsAsset Asset__P1 position(0,0,0) orientation(0,0,0,1)<CR>
dump text line=293 text=<CR>
dump text line=294 text=PsSetScene 1<CR>
dump text line=295 text=PsAsset Asset__P24 position(0,0,0) orientation(0,0,0,1)<CR>
dump text line=296 text=<CR>
dump text line=297 text=PsSetScene 0<CR>
dump text lines=298 normalised_bytes=16940
dump text_addendum coreDump binary=0 addendum=yes returned=0
dump text_addendum present=yes
dump text_addendum line=0 text=################################################################<CR>
dump text_addendum line=1 text=### Core Dump from Novodex Physics SDK<CR>
dump text_addendum line=2 text=### Core Dump Generated on <date><CR>
dump text_addendum line=3 text=### Contains 2 assets.<CR>
dump text_addendum line=4 text=PsReset<CR>
dump text_addendum line=5 text=PsVersion 1.4<CR>
dump text_addendum line=6 text=PsNameSpace PhysicsSDK__P0<CR>
dump text_addendum line=7 text=<CR>
dump text_addendum line=8 text=<CR>
dump text_addendum line=9 text=### Begin Material Definition ####<CR>
dump text_addendum line=10 text=PsMatBegin mat1<CR>
dump text_addendum line=11 text=PsMatDynamicFriction 0<CR>
dump text_addendum line=12 text=PsMatStaticFriction 0<CR>
dump text_addendum line=13 text=PsMatSpinFriction 0<CR>
dump text_addendum line=14 text=PsMatRollFriction 0<CR>
dump text_addendum line=15 text=PsMatRestitution 0<CR>
dump text_addendum line=16 text=PsMatDynamicFrictionV 0<CR>
dump text_addendum line=17 text=PsMatStaticFrictionV 0<CR>
dump text_addendum line=18 text=PsMatDirOfAnisotropy 1 0 0<CR>
dump text_addendum line=19 text=PsMatDirOfMotion 1 0 0<CR>
dump text_addendum line=20 text=PsMatSpeedOfMotion 0<CR>
dump text_addendum line=21 text=PsMatAnisotropic false<CR>
dump text_addendum line=22 text=PsMatMovingSurface false<CR>
dump text_addendum line=23 text=PsMatEnd<CR>
dump text_addendum line=24 text=### End Material Definition ####<CR>
dump text_addendum line=25 text=<CR>
dump text_addendum line=26 text=<CR>
dump text_addendum line=27 text=### Begin Material Definition ####<CR>
dump text_addendum line=28 text=PsMatBegin mat2<CR>
dump text_addendum line=29 text=PsMatDynamicFriction 0.375<CR>
dump text_addendum line=30 text=PsMatStaticFriction 0.625<CR>
dump text_addendum line=31 text=PsMatSpinFriction 0<CR>
dump text_addendum line=32 text=PsMatRollFriction 0<CR>
dump text_addendum line=33 text=PsMatRestitution 0.25<CR>
dump text_addendum line=34 text=PsMatDynamicFrictionV 0.125<CR>
dump text_addendum line=35 text=PsMatStaticFrictionV 0.300000012<CR>
dump text_addendum line=36 text=PsMatDirOfAnisotropy 0 0 1<CR>
dump text_addendum line=37 text=PsMatDirOfMotion 1 0 0<CR>
dump text_addendum line=38 text=PsMatSpeedOfMotion 2.5<CR>
dump text_addendum line=39 text=PsMatAnisotropic true<CR>
dump text_addendum line=40 text=PsMatMovingSurface true<CR>
dump text_addendum line=41 text=PsMatEnd<CR>
dump text_addendum line=42 text=### End Material Definition ####<CR>
dump text_addendum line=43 text=<CR>
dump text_addendum line=44 text=<CR>
dump text_addendum line=45 text=### Begin Material Definition ####<CR>
dump text_addendum line=46 text=PsMatBegin mat3<CR>
dump text_addendum line=47 text=PsMatDynamicFriction 1.25<CR>
dump text_addendum line=48 text=PsMatStaticFriction 1.5<CR>
dump text_addendum line=49 text=PsMatSpinFriction 0<CR>
dump text_addendum line=50 text=PsMatRollFriction 0<CR>
dump text_addendum line=51 text=PsMatRestitution 0.875<CR>
dump text_addendum line=52 text=PsMatDynamicFrictionV 0<CR>
dump text_addendum line=53 text=PsMatStaticFrictionV 0<CR>
dump text_addendum line=54 text=PsMatDirOfAnisotropy 1 0 0<CR>
dump text_addendum line=55 text=PsMatDirOfMotion 1 0 0<CR>
dump text_addendum line=56 text=PsMatSpeedOfMotion 0<CR>
dump text_addendum line=57 text=PsMatAnisotropic false<CR>
dump text_addendum line=58 text=PsMatMovingSurface false<CR>
dump text_addendum line=59 text=PsMatEnd<CR>
dump text_addendum line=60 text=### End Material Definition ####<CR>
dump text_addendum line=61 text=<CR>
dump text_addendum line=62 text=PsAssetBegin Asset__P1<CR>
dump text_addendum line=63 text=################################################################<CR>
dump text_addendum line=64 text=### Novodex Specific Physics Simulation Constants<CR>
dump text_addendum line=65 text=################################################################<CR>
dump text_addendum line=66 text=PsSetConstant NX_PENALTY_FORCE 0.75<CR>
dump text_addendum line=67 text=PsSetConstant NX_MIN_SEPARATION_FOR_PENALTY -0.050000001<CR>
dump text_addendum line=68 text=PsSetConstant NX_DEFAULT_SLEEP_LIN_VEL_SQUARED 0.022500001<CR>
dump text_addendum line=69 text=PsSetConstant NX_DEFAULT_SLEEP_ANG_VEL_SQUARED 0.0196<CR>
dump text_addendum line=70 text=PsSetConstant NX_BOUNCE_TRESHOLD -1.5<CR>
dump text_addendum line=71 text=PsSetConstant NX_DYN_FRICT_SCALING 1<CR>
dump text_addendum line=72 text=PsSetConstant NX_STA_FRICT_SCALING 1<CR>
dump text_addendum line=73 text=PsSetConstant NX_MAX_ANGULAR_VELOCITY 9<CR>
dump text_addendum line=74 text=PsSetConstant NX_MESH_MESH_LEVEL 4<CR>
dump text_addendum line=75 text=PsSetConstant NX_ENABLE_MESH_DEBUG 0<CR>
dump text_addendum line=76 text=PsSetConstant NX_COLL_INFINITY fltmax<CR>
dump text_addendum line=77 text=PsSetConstant NX_CONTINUOUS_CD 0<CR>
dump text_addendum line=78 text=PsSetConstant NX_MESH_HINT_SPEED 1<CR>
dump text_addendum line=79 text=################################################################<CR>
dump text_addendum line=80 text=<CR>
dump text_addendum line=81 text=################################################################<CR>
dump text_addendum line=82 text=### Collision Group Flags<CR>
dump text_addendum line=83 text=################################################################<CR>
dump text_addendum line=84 text=PsGroupCollisionFlag 1 FFFFFFF7<CR>
dump text_addendum line=85 text=PsGroupCollisionFlag 2 FFFFFFFB<CR>
dump text_addendum line=86 text=PsGroupCollisionFlag 3 FFFFFFFD<CR>
dump text_addendum line=87 text=################################################################<CR>
dump text_addendum line=88 text=<CR>
dump text_addendum line=89 text=###########################################################<CR>
dump text_addendum line=90 text=#### Asset Information<CR>
dump text_addendum line=91 text=###########################################################<CR>
dump text_addendum line=92 text=## Scene in initial configuration.<CR>
dump text_addendum line=93 text=###########################################################<CR>
dump text_addendum line=94 text=PsGravity 0.5 -9.81000042 0.25<CR>
dump text_addendum line=95 text=PsJointEnd<CR>
dump text_addendum line=96 text=PsJointEnd<CR>
dump text_addendum line=97 text=PsJointEnd<CR>
dump text_addendum line=98 text=PsJointLimitPlane 0 1 0 -0.25<CR>
dump text_addendum line=99 text=PsJointEnd<CR>
dump text_addendum line=100 text=PsJointBegin $__P2<CR>
dump text_addendum line=101 text=### Point In Plane Joint<CR>
dump text_addendum line=102 text=PsJointOffset frame(primary)   body(primary)   offset(-1,0.25,-2)<CR>
dump text_addendum line=103 text=PsJointOffset frame(secondary) body(secondary) offset(0.103896126,0.311038971,2.225974083)<CR>
dump text_addendum line=104 text=PsJointAxes   frame(primary)   body(primary)   xaxis(0,1,0) yaxis(0,0,1)<CR>
dump text_addendum line=105 text=PsJointAxes   frame(secondary) body(secondary) xaxis(-0.155844167,0.958441556,-0.238961041) yaxis(-0.415584415,0.155844152,0.896103919)<CR>
dump text_addendum line=106 text=PsDefaultSettings bodycollide(false) breakable(false) <CR>
dump text_addendum line=107 text=PsJointLimit swing1(free) swing2(free) twist(free) linear(free,free,locked)<CR>
dump text_addendum line=108 text=PsJointEnd<CR>
dump text_addendum line=109 text=PsJointBegin $__P3<CR>
dump text_addendum line=110 text=### Point On Line Joint<CR>
dump text_addendum line=111 text=PsJointOffset frame(primary)   body(primary)   offset(0.157894701,-0.392105132,2.152631521)<CR>
dump text_addendum line=112 text=PsJointOffset frame(secondary) body(secondary) offset(-1.719177961,-0.680136979,-1.180822015)<CR>
dump text_addendum line=113 text=PsJointAxes   frame(primary)   body(primary)   xaxis(0.221052676,-0.618947327,0.753684223) yaxis(0.82105267,-0.298947304,-0.486315757)<CR>
dump text_addendum line=114 text=PsJointAxes   frame(secondary) body(secondary) xaxis(0.950684905,-0.111780807,0.289315104) yaxis(0.26301375,-0.203835607,-0.943013668)<CR>
dump text_addendum line=115 text=PsDefaultSettings bodycollide(false) breakable(false) <CR>
dump text_addendum line=116 text=PsJointLimit swing1(free) swing2(free) twist(free) linear(free,locked,locked)<CR>
dump text_addendum line=117 text=PsJointLimitPlane -0.000000038 -0.000000041 1 -1.999999762<CR>
dump text_addendum line=118 text=PsJointEnd<CR>
dump text_addendum line=119 text=PsJointBegin $__P4<CR>
dump text_addendum line=120 text=### Spherical Joint<CR>
dump text_addendum line=121 text=PsJointOffset frame(primary)   body(primary)   offset(1,4,2)<CR>
dump text_addendum line=122 text=PsJointOffset frame(secondary) body(secondary) offset(0,1,0)<CR>
dump text_addendum line=123 text=PsJointAxes   frame(primary)   body(primary)   xaxis(0,1,0) yaxis(0,0,1)<CR>
dump text_addendum line=124 text=PsJointAxes   frame(secondary) body(secondary) xaxis(0,1,0) yaxis(0,0,1)<CR>
dump text_addendum line=125 text=PsDefaultSettings bodycollide(false) breakable(false) <CR>
dump text_addendum line=126 text=PsJointLimit swing1(free) swing2(free) twist(free) twistspring(none) swingspring(none) jointspring(none) projection(none) linear(locked,locked,locked)<CR>
dump text_addendum line=127 text=PsJointEnd<CR>
dump text_addendum line=128 text=PsJointBegin "shoulder joint___P5"<CR>
dump text_addendum line=129 text=### Spherical Joint<CR>
dump text_addendum line=130 text=PsJointOffset frame(primary)   body(primary)   offset(-1.168831229,-0.361688316,0.357792228)<CR>
dump text_addendum line=131 text=PsJointOffset frame(secondary) body(secondary) offset(0.713043511,-0.697825968,-0.79347831)<CR>
dump text_addendum line=132 text=PsJointAxes   frame(primary)   body(primary)   xaxis(-0.425974041,0.699740291,0.573506534) yaxis(0.896103919,0.238961041,0.374025971)<CR>
dump text_addendum line=133 text=PsJointAxes   frame(secondary) body(secondary) xaxis(0.463768095,0.855072498,0.231884152) yaxis(0.884057999,-0.463768065,-0.057971034)<CR>
dump text_addendum line=134 text=PsDefaultSettings bodycollide(false) breakable(false) name("shoulder joint") <CR>
dump text_addendum line=135 text=PsJointLimit swing1(0.25,0.5,1) swing2(0.25,0.5,1) twist(-0.5,0.25,1,  0.375,0.125,1) twistspring(6,0.25,0.125) swingspring(4,0.75,0.0625) jointspring(3,0.5,0.25) projection(0.125) linear(locked,locked,locked)<CR>
dump text_addendum line=136 text=PsJointEnd<CR>
dump text_addendum line=137 text=PsJointBegin $__P6<CR>
dump text_addendum line=138 text=### Cylindrical Joint<CR>
dump text_addendum line=139 text=PsJointOffset frame(primary)   body(primary)   offset(-2.547945261,-0.075342514,0.04794509)<CR>
dump text_addendum line=140 text=PsJointOffset frame(secondary) body(secondary) offset(1.090909123,1.190909147,1.972727299)<CR>
dump text_addendum line=141 text=PsJointAxes   frame(primary)   body(primary)   xaxis(0.164383546,0.972602725,-0.164383546) yaxis(0.602739692,0.032876715,0.797260284)<CR>
dump text_addendum line=142 text=PsJointAxes   frame(secondary) body(secondary) xaxis(-0.155844167,0.958441556,-0.238961041) yaxis(-0.415584415,0.155844152,0.896103919)<CR>
dump text_addendum line=143 text=PsDefaultSettings bodycollide(false) breakable(100,250.5) <CR>
dump text_addendum line=144 text=PsJointLimit twist(free) swing1(locked) swing2(locked) linear(free,locked,locked)<CR>
dump text_addendum line=145 text=PsJointEnd<CR>
dump text_addendum line=146 text=PsJointBegin $__P7<CR>
dump text_addendum line=147 text=### Revolute Joint<CR>
dump text_addendum line=148 text=PsJointOffset frame(primary)   body(primary)   offset(1.214492798,0.157971084,0.007246431)<CR>
dump text_addendum line=149 text=PsJointOffset frame(secondary) body(secondary) offset(-4.6712327,0.145205364,2.271232605)<CR>
dump text_addendum line=150 text=PsJointAxes   frame(primary)   body(primary)   xaxis(0.884057999,-0.463768065,-0.057971034) yaxis(0.336231858,0.544927478,0.768115997)<CR>
dump text_addendum line=151 text=PsJointAxes   frame(secondary) body(secondary) xaxis(0.780821919,-0.230136961,-0.580821872) yaxis(0.602739692,0.032876715,0.797260284)<CR>
dump text_addendum line=152 text=PsDefaultSettings bodycollide(false) breakable(false) <CR>
dump text_addendum line=153 text=PsJointLimit twist(free) motor(false) twistspring(none) swing1(locked) swing2(locked) linear(locked,locked,locked)<CR>
dump text_addendum line=154 text=PsJointEnd<CR>
dump text_addendum line=155 text=PsJointBegin hinge___P8<CR>
dump text_addendum line=156 text=### Revolute Joint<CR>
dump text_addendum line=157 text=PsJointOffset frame(primary)   body(primary)   offset(-2.105263233,1.494736671,1.181578875)<CR>
dump text_addendum line=158 text=PsJointOffset frame(secondary) body(secondary) offset(1.952173948,-1.491304159,-1.423913121)<CR>
dump text_addendum line=159 text=PsJointAxes   frame(primary)   body(primary)   xaxis(-0.315789461,-0.315789461,0.894736826) yaxis(0.789473712,-0.610526204,0.063157901)<CR>
dump text_addendum line=160 text=PsJointAxes   frame(secondary) body(secondary) xaxis(0.336231858,0.544927478,0.768115997) yaxis(0.884057999,-0.463768065,-0.057971034)<CR>
dump text_addendum line=161 text=PsDefaultSettings bodycollide(true) breakable(false) name("hinge") <CR>
dump text_addendum line=162 text=PsJointLimit twist(-0.25,0.5,0.75,  0.125,0.25,1) motor(2.5,30,true) twistspring(8,0.5,0.0625) swing1(locked) swing2(locked) linear(locked,locked,locked)<CR>
dump text_addendum line=163 text=PsJointLimitPlane -0.000000029 1 -0.000000041 3.000000238<CR>
dump text_addendum line=164 text=PsJointEnd<CR>
dump text_addendum line=165 text=PsJointBegin $__P9<CR>
dump text_addendum line=166 text=### Prismatic Joint<CR>
dump text_addendum line=167 text=PsJointOffset frame(primary)   body(primary)   offset(1.590909123,0.040909097,0.172727257)<CR>
dump text_addendum line=168 text=PsJointOffset frame(secondary) body(secondary) offset(-1.210526347,0.93947351,0.463157862)<CR>
dump text_addendum line=169 text=PsJointAxes   frame(primary)   body(primary)   xaxis(-0.084675312,0.670753241,0.736831188) yaxis(0.993177295,-0.002690522,0.116583377)<CR>
dump text_addendum line=170 text=PsJointAxes   frame(secondary) body(secondary) xaxis(0.284210503,-0.123789415,0.950736821) yaxis(0.736541331,-0.606635511,-0.299165726)<CR>
dump text_addendum line=171 text=PsDefaultSettings bodycollide(false) breakable(false) <CR>
dump text_addendum line=172 text=PsJointLimit swing1(locked) swing2(locked) twist(locked) linear(free,locked,locked)<CR>
dump text_addendum line=173 text=PsJointEnd<CR>
dump text_addendum line=174 text=PsPlane  plane(0,1,0,-0.5) localposition(0,0,0) localorientation(0,0,0,1) group(0) material(mat1) name(ground___P10) awake(false) position(0,0,0) orientation(0,0,0,1) static(true) <CR>
dump text_addendum line=175 text=PsDefaultSettings localposition(0,0,0)<CR>
dump text_addendum line=176 text=PsDefaultSettings localorientation(0,0,0,1)<CR>
dump text_addendum line=177 text=PsDefaultSettings group(0)<CR>
dump text_addendum line=178 text=PsBox sides(8,4,0.5) material(mat3) triggerevent(enter,leave,stay) name("wall block___P11") awake(false) position(-3,2,5) orientation(0,0.38176015,0,0.924261451) static(true) <CR>
dump text_addendum line=179 text=PsSphere radius(0.625) material(mat1) name(ball___P12) position(0,1,0) orientation(0.101929434,0.203858867,-0.101929441,0.968329668) com(0,0,0) comrot(0,0,0,1) inertia(0.3125,0.3125,0.3125) mass(2.045000076) solvercount(4) velocity(0.5,-0.25,1) angularvelocity(0.300000012,0.699999988,-0.200000003) wakeupcounter(0.399999976) lineardamping(0) angulardamping(0.050000001) maxangularvelocity(9) <CR>
dump text_addendum line=180 text=PsDefaultSettings wakeupcounter(0.399999976)<CR>
dump text_addendum line=181 text=PsBox sides(2,1,1.5) localposition(0.125,-0.25,0.5) localorientation(0,0,0.382683486,0.923879504) material(mat2) group(3) name("crate"q___P13") position(3,0.5,-1) orientation(-0.20519565,0.102597833,0.307793438,0.923380554) com(0.125,-0.25,0.5) comrot(0,0,-0.382683486,0.923879504) inertia(2.34375,1.21875,1.875) mass(4.5) solvercount(7) velocity(0,0,0) angularvelocity(0,0,0) lineardamping(0.125) angulardamping(0.0625) maxangularvelocity(12.5) <CR>
dump text_addendum line=182 text=PsDefaultSettings angularvelocity(0,0,0)<CR>
dump text_addendum line=183 text=PsCapsule height(1.25) radius(0.375) localposition(0,0,0) localorientation(0,0,0,1) material(mat1) group(2) name(pill___P14) position(-2,0.5,1.5) orientation(0.323029101,-0.107676379,0.215352729,0.915249228) com(0,0,0) comrot(0,0,0,1) inertia(0.975000024,0.1875,0.975000024) mass(2.650000095) solvercount(4) velocity(-0.75,0.100000001,0.400000006) lineardamping(0) angulardamping(0.050000001) maxangularvelocity(9) locked(true,false,false,false,false,true) <CR>
dump text_addendum line=184 text=PsDefaultSettings com(0,0,0)<CR>
dump text_addendum line=185 text=PsDefaultSettings comrot(0,0,0,1)<CR>
dump text_addendum line=186 text=PsDefaultSettings solvercount(4)<CR>
dump text_addendum line=187 text=PsDefaultSettings lineardamping(0)<CR>
dump text_addendum line=188 text=PsDefaultSettings angulardamping(0.050000001)<CR>
dump text_addendum line=189 text=PsDefaultSettings maxangularvelocity(9)<CR>
dump text_addendum line=190 text=PsDefaultSettings localposition(0,0,0)<CR>
dump text_addendum line=191 text=PsDefaultSettings localorientation(0,0,0,1)<CR>
dump text_addendum line=192 text=PsDefaultSettings material(mat1)<CR>
dump text_addendum line=193 text=PsBox sides(1,1,4) group(0) name(mover___P15) position(1,3,2) orientation(0,0,0,1) density(1) inertia(5.666666985,5.666666985,0.666666687) mass(4) velocity(0,0,0) kinematic(true) <CR>
dump text_addendum line=194 text=PsDefaultSettings velocity(0,0,0)<CR>
dump text_addendum line=195 text=PsShapeBegin Shape1<CR>
dump text_addendum line=196 text=PsDefaultSettings group(0)<CR>
dump text_addendum line=197 text=PsBox sides(1,0.5,1) localposition(0,-0.5,0) <CR>
dump text_addendum line=198 text=PsSphere radius(0.25) localposition(0,0.5,0) material(mat2) triggerevent(leave,) <CR>
dump text_addendum line=199 text=PsCapsule height(0.75) radius(0.125) localposition(0.5,0,0) localorientation(0.707106888,0,0,0.707106709) material(mat1) group(5) <CR>
dump text_addendum line=200 text=PsShapeEnd<CR>
dump text_addendum line=201 text=PsShape Shape1 name(compound___P16) position(4,2,3) orientation(0.052342389,-0.31405434,0.10468477,0.94216305) com(0.044699065,-0.455300927,0) comrot(0,0,0.154588833,0.987978876) inertia(0.159999996,0.25,0.1875) mass(1.375) angularvelocity(0,1.5,0) <CR>
dump text_addendum line=202 text=PsDefaultSettings group(0)<CR>
dump text_addendum line=203 text=PsBox sides(0.600000024,0.600000024,0.600000024) name("frozen one___P17") position(-4,1,-4) orientation(0,0,0,1) com(0,0,0) comrot(0,0,0,1) inertia(0.01296,0.01296,0.01296) mass(0.216000006) angularvelocity(0,0,0) locked(true) collision(false) <CR>
dump text_addendum line=204 text=PsDefaultSettings orientation(0,0,0,1)<CR>
dump text_addendum line=205 text=PsDefaultSettings comrot(0,0,0,1)<CR>
dump text_addendum line=206 text=PsDefaultSettings angularvelocity(0,0,0)<CR>
dump text_addendum line=207 text=PsShapeBegin Shape2<CR>
dump text_addendum line=208 text=PsShapeEnd<CR>
dump text_addendum line=209 text=PsShape Shape2 name(ghost___P18) position(0,6,0) com(0,0.25,0) inertia(1,0.5,0.25) mass(2) <CR>
dump text_addendum line=210 text=PsSphere radius(0.5) name($__P19) position(2,0.5,4) com(0,0,0) inertia(0.050000001,0.050000001,0.050000001) mass(0.5) wakeupcounter(0) <CR>
dump text_addendum line=211 text=PsJoint $__P20 pill___P14 $__P19<CR>
dump text_addendum line=212 text=PsJoint $__P21 compound___P16 $__P19<CR>
dump text_addendum line=213 text=PsJoint $__P22 ball___P12 "crate"q___P13"<CR>
dump text_addendum line=214 text=PsJoint rope___P23 ball___P12 $__P19<CR>
dump text_addendum line=215 text=PsJoint $__P2 $__P19 ball___P12<CR>
dump text_addendum line=216 text=PsJoint $__P3 "crate"q___P13" compound___P16<CR>
dump text_addendum line=217 text=PsJoint $__P4 @world mover___P15<CR>
dump text_addendum line=218 text=PsJoint "shoulder joint___P5" ball___P12 pill___P14<CR>
dump text_addendum line=219 text=PsJoint $__P6 compound___P16 ball___P12<CR>
dump text_addendum line=220 text=PsJoint $__P7 pill___P14 compound___P16<CR>
dump text_addendum line=221 text=PsJoint hinge___P8 "crate"q___P13" pill___P14<CR>
dump text_addendum line=222 text=PsJoint $__P9 ball___P12 "crate"q___P13"<CR>
dump text_addendum line=223 text=PsDefaultSettings spring_dist_relaxed(1.250000)
dump text_addendum line=224 text=PsDefaultSettings spring_dist_compress_saturate(0.500000) spring_dist_stretch_saturate(3.000000)
dump text_addendum line=225 text=PsDefaultSettings spring_max_compress_force(40.000000) spring_max_stretch_force(55.000000)
dump text_addendum line=226 text=PsDefaultSettings spring_vel_compress_saturate(-2.500000) spring_vel_stretch_saturate(1.750000)
dump text_addendum line=227 text=PsDefaultSettings spring_damper_max_compress_force(7.000000) spring_damper_max_stretch_force(9.500000)
dump text_addendum line=228 text=PsDefaultSettings spring_pos1(0.250000,1.500000,-0.300000)
dump text_addendum line=229 text=PsDefaultSettings spring_pos2(-1.750000,0.200000,1.250000)
dump text_addendum line=230 text=PsSpring ball___P12 pill___P14
dump text_addendum line=231 text=PsAssetEnd<CR>
dump text_addendum line=232 text=##################################################################################<CR>
dump text_addendum line=233 text=<CR>
dump text_addendum line=234 text=PsAssetBegin Asset__P24<CR>
dump text_addendum line=235 text=################################################################<CR>
dump text_addendum line=236 text=### Novodex Specific Physics Simulation Constants<CR>
dump text_addendum line=237 text=################################################################<CR>
dump text_addendum line=238 text=PsSetConstant NX_PENALTY_FORCE 0.75<CR>
dump text_addendum line=239 text=PsSetConstant NX_MIN_SEPARATION_FOR_PENALTY -0.050000001<CR>
dump text_addendum line=240 text=PsSetConstant NX_DEFAULT_SLEEP_LIN_VEL_SQUARED 0.022500001<CR>
dump text_addendum line=241 text=PsSetConstant NX_DEFAULT_SLEEP_ANG_VEL_SQUARED 0.0196<CR>
dump text_addendum line=242 text=PsSetConstant NX_BOUNCE_TRESHOLD -1.5<CR>
dump text_addendum line=243 text=PsSetConstant NX_DYN_FRICT_SCALING 1<CR>
dump text_addendum line=244 text=PsSetConstant NX_STA_FRICT_SCALING 1<CR>
dump text_addendum line=245 text=PsSetConstant NX_MAX_ANGULAR_VELOCITY 9<CR>
dump text_addendum line=246 text=PsSetConstant NX_MESH_MESH_LEVEL 4<CR>
dump text_addendum line=247 text=PsSetConstant NX_ENABLE_MESH_DEBUG 0<CR>
dump text_addendum line=248 text=PsSetConstant NX_COLL_INFINITY fltmax<CR>
dump text_addendum line=249 text=PsSetConstant NX_CONTINUOUS_CD 0<CR>
dump text_addendum line=250 text=PsSetConstant NX_MESH_HINT_SPEED 1<CR>
dump text_addendum line=251 text=################################################################<CR>
dump text_addendum line=252 text=<CR>
dump text_addendum line=253 text=################################################################<CR>
dump text_addendum line=254 text=### Collision Group Flags<CR>
dump text_addendum line=255 text=################################################################<CR>
dump text_addendum line=256 text=PsGroupCollisionFlag 1 FFFFFFF7<CR>
dump text_addendum line=257 text=PsGroupCollisionFlag 2 FFFFFFFB<CR>
dump text_addendum line=258 text=PsGroupCollisionFlag 3 FFFFFFFD<CR>
dump text_addendum line=259 text=################################################################<CR>
dump text_addendum line=260 text=<CR>
dump text_addendum line=261 text=###########################################################<CR>
dump text_addendum line=262 text=#### Asset Information<CR>
dump text_addendum line=263 text=###########################################################<CR>
dump text_addendum line=264 text=## Scene in initial configuration.<CR>
dump text_addendum line=265 text=###########################################################<CR>
dump text_addendum line=266 text=PsGravity 0 -3.5 0<CR>
dump text_addendum line=267 text=PsBox sides(20,1,20) localposition(0,0,0) localorientation(0,0,0,1) material(mat1) group(0) name(floor___P25) awake(false) position(0,-0.5,0) orientation(0,0,0,1) static(true) <CR>
dump text_addendum line=268 text=PsDefaultSettings orientation(0,0,0,1)<CR>
dump text_addendum line=269 text=PsDefaultSettings localposition(0,0,0)<CR>
dump text_addendum line=270 text=PsDefaultSettings localorientation(0,0,0,1)<CR>
dump text_addendum line=271 text=PsDefaultSettings material(mat1)<CR>
dump text_addendum line=272 text=PsDefaultSettings group(0)<CR>
dump text_addendum line=273 text=PsSphere radius(0.75) name(drop___P26) position(0,3,0) com(0,0,0) comrot(0,0,0,1) inertia(0.375,0.375,0.375) mass(1.75) solvercount(4) velocity(0,0,0) angularvelocity(0,0,0) wakeupcounter(0.399999976) lineardamping(0) angulardamping(0.050000001) maxangularvelocity(9) <CR>
dump text_addendum line=274 text=PsDefaultSettings comrot(0,0,0,1)<CR>
dump text_addendum line=275 text=PsDefaultSettings solvercount(4)<CR>
dump text_addendum line=276 text=PsDefaultSettings velocity(0,0,0)<CR>
dump text_addendum line=277 text=PsDefaultSettings angularvelocity(0,0,0)<CR>
dump text_addendum line=278 text=PsDefaultSettings wakeupcounter(0.399999976)<CR>
dump text_addendum line=279 text=PsDefaultSettings lineardamping(0)<CR>
dump text_addendum line=280 text=PsDefaultSettings angulardamping(0.050000001)<CR>
dump text_addendum line=281 text=PsDefaultSettings maxangularvelocity(9)<CR>
dump text_addendum line=282 text=PsShapeBegin Shape3<CR>
dump text_addendum line=283 text=PsBox sides(0.5,0.5,0.5) localposition(-0.5,0,0) <CR>
dump text_addendum line=284 text=PsBox sides(0.5,1,0.5) localposition(0.5,0,0) material(mat3) <CR>
dump text_addendum line=285 text=PsShapeEnd<CR>
dump text_addendum line=286 text=PsShape Shape3 name(pair___P27) position(2,1,0) orientation(0,0,0.199960008,0.979804039) com(0.166666672,0,0) inertia(0.03125,0.100000001,0.115000002) mass(0.375) <CR>
dump text_addendum line=287 text=PsAssetEnd<CR>
dump text_addendum line=288 text=##################################################################################<CR>
dump text_addendum line=289 text=<CR>
dump text_addendum line=290 text=<CR>
dump text_addendum line=291 text=PsSetScene 0<CR>
dump text_addendum line=292 text=PsAsset Asset__P1 position(0,0,0) orientation(0,0,0,1)<CR>
dump text_addendum line=293 text=<CR>
dump text_addendum line=294 text=PsSetScene 1<CR>
dump text_addendum line=295 text=PsAsset Asset__P24 position(0,0,0) orientation(0,0,0,1)<CR>
dump text_addendum line=296 text=<CR>
dump text_addendum line=297 text=PsSetScene 0<CR>
dump text_addendum line=298 text=### Begin : User supplied addendum script.<CR>
dump text_addendum line=299 text=PsSetScene 0<CR>
dump text_addendum line=300 text=PsUserLine hello, world<CR>
dump text_addendum line=301 text=### End   : User supplied addendum script.<CR>
dump text_addendum lines=302 normalised_bytes=17079
dump binary coreDump binary=1 addendum=no returned=0
dump binary present=yes
dump binary line=0 text=################################################################<CR>
dump binary line=1 text=### Core Dump from Novodex Physics SDK<CR>
dump binary line=2 text=### Core Dump Generated on <date><CR>
dump binary line=3 text=### Contains 2 assets.<CR>
dump binary line=4 text=PsReset<CR>
dump binary line=5 text=PsVersion 1.4<CR>
dump binary line=6 text=PsNameSpace PhysicsSDK__P0<CR>
dump binary line=7 text=<CR>
dump binary line=8 text=<CR>
dump binary line=9 text=### Begin Material Definition ####<CR>
dump binary line=10 text=PsMatBegin mat1<CR>
dump binary line=11 text=PsMatDynamicFriction 0<CR>
dump binary line=12 text=PsMatStaticFriction 0<CR>
dump binary line=13 text=PsMatSpinFriction 0<CR>
dump binary line=14 text=PsMatRollFriction 0<CR>
dump binary line=15 text=PsMatRestitution 0<CR>
dump binary line=16 text=PsMatDynamicFrictionV 0<CR>
dump binary line=17 text=PsMatStaticFrictionV 0<CR>
dump binary line=18 text=PsMatDirOfAnisotropy 1 0 0<CR>
dump binary line=19 text=PsMatDirOfMotion 1 0 0<CR>
dump binary line=20 text=PsMatSpeedOfMotion 0<CR>
dump binary line=21 text=PsMatAnisotropic false<CR>
dump binary line=22 text=PsMatMovingSurface false<CR>
dump binary line=23 text=PsMatEnd<CR>
dump binary line=24 text=### End Material Definition ####<CR>
dump binary line=25 text=<CR>
dump binary line=26 text=<CR>
dump binary line=27 text=### Begin Material Definition ####<CR>
dump binary line=28 text=PsMatBegin mat2<CR>
dump binary line=29 text=PsMatDynamicFriction 0.3750$3ec00000<CR>
dump binary line=30 text=PsMatStaticFriction 0.6250$3f200000<CR>
dump binary line=31 text=PsMatSpinFriction 0<CR>
dump binary line=32 text=PsMatRollFriction 0<CR>
dump binary line=33 text=PsMatRestitution 0.2500$3e800000<CR>
dump binary line=34 text=PsMatDynamicFrictionV 0.1250$3e000000<CR>
dump binary line=35 text=PsMatStaticFrictionV 0.3000$3e99999a<CR>
dump binary line=36 text=PsMatDirOfAnisotropy 0 0 1<CR>
dump binary line=37 text=PsMatDirOfMotion 1 0 0<CR>
dump binary line=38 text=PsMatSpeedOfMotion 2.5000$40200000<CR>
dump binary line=39 text=PsMatAnisotropic true<CR>
dump binary line=40 text=PsMatMovingSurface true<CR>
dump binary line=41 text=PsMatEnd<CR>
dump binary line=42 text=### End Material Definition ####<CR>
dump binary line=43 text=<CR>
dump binary line=44 text=<CR>
dump binary line=45 text=### Begin Material Definition ####<CR>
dump binary line=46 text=PsMatBegin mat3<CR>
dump binary line=47 text=PsMatDynamicFriction 1.2500$3fa00000<CR>
dump binary line=48 text=PsMatStaticFriction 1.5000$3fc00000<CR>
dump binary line=49 text=PsMatSpinFriction 0<CR>
dump binary line=50 text=PsMatRollFriction 0<CR>
dump binary line=51 text=PsMatRestitution 0.8750$3f600000<CR>
dump binary line=52 text=PsMatDynamicFrictionV 0<CR>
dump binary line=53 text=PsMatStaticFrictionV 0<CR>
dump binary line=54 text=PsMatDirOfAnisotropy 1 0 0<CR>
dump binary line=55 text=PsMatDirOfMotion 1 0 0<CR>
dump binary line=56 text=PsMatSpeedOfMotion 0<CR>
dump binary line=57 text=PsMatAnisotropic false<CR>
dump binary line=58 text=PsMatMovingSurface false<CR>
dump binary line=59 text=PsMatEnd<CR>
dump binary line=60 text=### End Material Definition ####<CR>
dump binary line=61 text=<CR>
dump binary line=62 text=PsAssetBegin Asset__P1<CR>
dump binary line=63 text=################################################################<CR>
dump binary line=64 text=### Novodex Specific Physics Simulation Constants<CR>
dump binary line=65 text=################################################################<CR>
dump binary line=66 text=PsSetConstant NX_PENALTY_FORCE 0.7500$3f400000<CR>
dump binary line=67 text=PsSetConstant NX_MIN_SEPARATION_FOR_PENALTY -0.0500$bd4ccccd<CR>
dump binary line=68 text=PsSetConstant NX_DEFAULT_SLEEP_LIN_VEL_SQUARED 0.0225$3cb851ec<CR>
dump binary line=69 text=PsSetConstant NX_DEFAULT_SLEEP_ANG_VEL_SQUARED 0.0196$3ca0902e<CR>
dump binary line=70 text=PsSetConstant NX_BOUNCE_TRESHOLD -1.5000$bfc00000<CR>
dump binary line=71 text=PsSetConstant NX_DYN_FRICT_SCALING 1<CR>
dump binary line=72 text=PsSetConstant NX_STA_FRICT_SCALING 1<CR>
dump binary line=73 text=PsSetConstant NX_MAX_ANGULAR_VELOCITY 9.0000$41100000<CR>
dump binary line=74 text=PsSetConstant NX_MESH_MESH_LEVEL 4.0000$40800000<CR>
dump binary line=75 text=PsSetConstant NX_ENABLE_MESH_DEBUG 0<CR>
dump binary line=76 text=PsSetConstant NX_COLL_INFINITY fltmax<CR>
dump binary line=77 text=PsSetConstant NX_CONTINUOUS_CD 0<CR>
dump binary line=78 text=PsSetConstant NX_MESH_HINT_SPEED 1<CR>
dump binary line=79 text=################################################################<CR>
dump binary line=80 text=<CR>
dump binary line=81 text=################################################################<CR>
dump binary line=82 text=### Collision Group Flags<CR>
dump binary line=83 text=################################################################<CR>
dump binary line=84 text=PsGroupCollisionFlag 1 FFFFFFF7<CR>
dump binary line=85 text=PsGroupCollisionFlag 2 FFFFFFFB<CR>
dump binary line=86 text=PsGroupCollisionFlag 3 FFFFFFFD<CR>
dump binary line=87 text=################################################################<CR>
dump binary line=88 text=<CR>
dump binary line=89 text=###########################################################<CR>
dump binary line=90 text=#### Asset Information<CR>
dump binary line=91 text=###########################################################<CR>
dump binary line=92 text=## Scene in initial configuration.<CR>
dump binary line=93 text=###########################################################<CR>
dump binary line=94 text=PsGravity 0.5000$3f000000 -9.8100$c11cf5c3 0.2500$3e800000<CR>
dump binary line=95 text=PsJointEnd<CR>
dump binary line=96 text=PsJointEnd<CR>
dump binary line=97 text=PsJointEnd<CR>
dump binary line=98 text=PsJointLimitPlane 0 1 0 -0.2500$be800000<CR>
dump binary line=99 text=PsJointEnd<CR>
dump binary line=100 text=PsJointBegin $__P2<CR>
dump binary line=101 text=### Point In Plane Joint<CR>
dump binary line=102 text=PsJointOffset frame(primary)   body(primary)   offset(-1,0.2500$3e800000,-2.0000$c0000000)<CR>
dump binary line=103 text=PsJointOffset frame(secondary) body(secondary) offset(0.1039$3dd4c77e,0.3110$3e9f4080,2.2260$400e765c)<CR>
dump binary line=104 text=PsJointAxes   frame(primary)   body(primary)   xaxis(0,1,0) yaxis(0,0,1)<CR>
dump binary line=105 text=PsJointAxes   frame(secondary) body(secondary) xaxis(-0.1558$be1f959d,0.9584$3f755c6d,-0.2390$be74b234) yaxis(-0.4156$bed4c77b,0.1558$3e1f959c,0.8961$3f656711)<CR>
dump binary line=106 text=PsDefaultSettings bodycollide(false) breakable(false) <CR>
dump binary line=107 text=PsJointLimit swing1(free) swing2(free) twist(free) linear(free,free,locked)<CR>
dump binary line=108 text=PsJointEnd<CR>
dump binary line=109 text=PsJointBegin $__P3<CR>
dump binary line=110 text=### Point On Line Joint<CR>
dump binary line=111 text=PsJointOffset frame(primary)   body(primary)   offset(0.1579$3e21af26,-0.3921$bec8c201,2.1526$4009c4b7)<CR>
dump binary line=112 text=PsJointOffset frame(secondary) body(secondary) offset(-1.7192$bfdc0e06,-0.6801$bf2e1d75,-1.1808$bf97252d)<CR>
dump binary line=113 text=PsJointAxes   frame(primary)   body(primary)   xaxis(0.2211$3e625ba2,-0.6189$bf1e7355,0.7537$3f40f173) yaxis(0.8211$3f523082,-0.2989$be990f9f,-0.4863$bef8fe61)<CR>
dump binary line=114 text=PsJointAxes   frame(secondary) body(secondary) xaxis(0.9507$3f736016,-0.1118$bde4ed56,0.2893$3e94211c) yaxis(0.2630$3e86a9bd,-0.2038$be50ba48,-0.9430$bf716958)<CR>
dump binary line=115 text=PsDefaultSettings bodycollide(false) breakable(false) <CR>
dump binary line=116 text=PsJointLimit swing1(free) swing2(free) twist(free) linear(free,locked,locked)<CR>
dump binary line=117 text=PsJointLimitPlane -0.0000$b323fc9e -0.0000$b3309d79 1 -2.0000$bffffffe<CR>
dump binary line=118 text=PsJointEnd<CR>
dump binary line=119 text=PsJointBegin $__P4<CR>
dump binary line=120 text=### Spherical Joint<CR>
dump binary line=121 text=PsJointOffset frame(primary)   body(primary)   offset(1,4.0000$40800000,2.0000$40000000)<CR>
dump binary line=122 text=PsJointOffset frame(secondary) body(secondary) offset(0,1,0)<CR>
dump binary line=123 text=PsJointAxes   frame(primary)   body(primary)   xaxis(0,1,0) yaxis(0,0,1)<CR>
dump binary line=124 text=PsJointAxes   frame(secondary) body(secondary) xaxis(0,1,0) yaxis(0,0,1)<CR>
dump binary line=125 text=PsDefaultSettings bodycollide(false) breakable(false) <CR>
dump binary line=126 text=PsJointLimit swing1(free) swing2(free) twist(free) twistspring(none) swingspring(none) jointspring(none) projection(none) linear(locked,locked,locked)<CR>
dump binary line=127 text=PsJointEnd<CR>
dump binary line=128 text=PsJointBegin "shoulder joint___P5"<CR>
dump binary line=129 text=### Spherical Joint<CR>
dump binary line=130 text=PsJointOffset frame(primary)   body(primary)   offset(-1.1688$bf959c43,-0.3617$beb92f36,0.3578$3eb7308b)<CR>
dump binary line=131 text=PsJointOffset frame(secondary) body(secondary) offset(0.7130$3f368a05,-0.6978$bf32a4b9,-0.7935$bf4b2165)<CR>
dump binary line=132 text=PsJointAxes   frame(primary)   body(primary)   xaxis(-0.4260$beda1945,0.6997$3f33222e,0.5735$3f12d153) yaxis(0.8961$3f656711,0.2390$3e74b234,0.3740$3ebf8055)<CR>
dump binary line=133 text=PsJointAxes   frame(secondary) body(secondary) xaxis(0.4638$3eed7303,0.8551$3f5ae608,0.2319$3e6d730a) yaxis(0.8841$3f6251a0,-0.4638$beed7302,-0.0580$bd6d7309)<CR>
dump binary line=134 text=PsDefaultSettings bodycollide(false) breakable(false) name("shoulder joint") <CR>
dump binary line=135 text=PsJointLimit swing1(0.2500$3e800000,0.5000$3f000000,1) swing2(0.2500$3e800000,0.5000$3f000000,1) twist(-0.5000$bf000000,0.2500$3e800000,1,  0.3750$3ec00000,0.1250$3e000000,1) twistspring(6.0000$40c00000,0.2500$3e800000,0.1250$3e000000) swingspring(4.0000$40800000,0.7500$3f400000,0.0625$3d800000) jointspring(3.0000$40400000,0.5000$3f000000,0.2500$3e800000) projection(0.1250$3e000000) linear(locked,locked,locked)<CR>
dump binary line=136 text=PsJointEnd<CR>
dump binary line=137 text=PsJointBegin $__P6<CR>
dump binary line=138 text=### Cylindrical Joint<CR>
dump binary line=139 text=PsJointOffset frame(primary)   body(primary)   offset(-2.5479$c0231189,-0.0753$bd9a4d2d,0.0479$3d446212)<CR>
dump binary line=140 text=PsJointOffset frame(secondary) body(secondary) offset(1.0909$3f8ba2e9,1.1909$3f986fb6,1.9727$3ffc8254)<CR>
dump binary line=141 text=PsJointAxes   frame(primary)   body(primary)   xaxis(0.1644$3e285429,0.9726$3f78fc7e,-0.1644$be285429) yaxis(0.6027$3f1a4d26,0.0329$3d06a9bc,0.7973$3f4c1940)<CR>
dump binary line=142 text=PsJointAxes   frame(secondary) body(secondary) xaxis(-0.1558$be1f959d,0.9584$3f755c6d,-0.2390$be74b234) yaxis(-0.4156$bed4c77b,0.1558$3e1f959c,0.8961$3f656711)<CR>
dump binary line=143 text=PsDefaultSettings bodycollide(false) breakable(100.0000$42c80000,250.5000$437a8000) <CR>
dump binary line=144 text=PsJointLimit twist(free) swing1(locked) swing2(locked) linear(free,locked,locked)<CR>
dump binary line=145 text=PsJointEnd<CR>
dump binary line=146 text=PsJointBegin $__P7<CR>
dump binary line=147 text=### Revolute Joint<CR>
dump binary line=148 text=PsJointOffset frame(primary)   body(primary)   offset(1.2145$3f9b7480,0.1580$3e21c32c,0.0072$3bed7378)<CR>
dump binary line=149 text=PsJointOffset frame(secondary) body(secondary) offset(-4.6712$c0957abd,0.1452$3e14b0b7,2.2712$40115be0)<CR>
dump binary line=150 text=PsJointAxes   frame(primary)   body(primary)   xaxis(0.8841$3f6251a0,-0.4638$beed7302,-0.0580$bd6d7309) yaxis(0.3362$3eac2695,0.5449$3f0b805e,0.7681$3f44a340)<CR>
dump binary line=151 text=PsJointAxes   frame(secondary) body(secondary) xaxis(0.7808$3f47e3f2,-0.2301$be6ba906,-0.5808$bf14b0be) yaxis(0.6027$3f1a4d26,0.0329$3d06a9bc,0.7973$3f4c1940)<CR>
dump binary line=152 text=PsDefaultSettings bodycollide(false) breakable(false) <CR>
dump binary line=153 text=PsJointLimit twist(free) motor(false) twistspring(none) swing1(locked) swing2(locked) linear(locked,locked,locked)<CR>
dump binary line=154 text=PsJointEnd<CR>
dump binary line=155 text=PsJointBegin hinge___P8<CR>
dump binary line=156 text=### Revolute Joint<CR>
dump binary line=157 text=PsJointOffset frame(primary)   body(primary)   offset(-2.1053$c006bca2,1.4947$3fbf5388,1.1816$3f973dfa)<CR>
dump binary line=158 text=PsJointOffset frame(secondary) body(secondary) offset(1.9522$3ff9e0d6,-1.4913$bfbee30e,-1.4239$bfb642c9)<CR>
dump binary line=159 text=PsJointAxes   frame(primary)   body(primary)   xaxis(-0.3158$bea1af28,-0.3158$bea1af28,0.8947$3f650d79) yaxis(0.7895$3f4a1af3,-0.6105$bf1c4b72,0.0632$3d8158ee)<CR>
dump binary line=160 text=PsJointAxes   frame(secondary) body(secondary) xaxis(0.3362$3eac2695,0.5449$3f0b805e,0.7681$3f44a340) yaxis(0.8841$3f6251a0,-0.4638$beed7302,-0.0580$bd6d7309)<CR>
dump binary line=161 text=PsDefaultSettings bodycollide(true) breakable(false) name("hinge") <CR>
dump binary line=162 text=PsJointLimit twist(-0.2500$be800000,0.5000$3f000000,0.7500$3f400000,  0.1250$3e000000,0.2500$3e800000,1) motor(2.5000$40200000,30.0000$41f00000,true) twistspring(8.0000$41000000,0.5000$3f000000,0.0625$3d800000) swing1(locked) swing2(locked) linear(locked,locked,locked)<CR>
dump binary line=163 text=PsJointLimitPlane -0.0000$b2fa4576 1 -0.0000$b3309d79 3.0000$40400001<CR>
dump binary line=164 text=PsJointEnd<CR>
dump binary line=165 text=PsJointBegin $__P9<CR>
dump binary line=166 text=### Prismatic Joint<CR>
dump binary line=167 text=PsJointOffset frame(primary)   body(primary)   offset(1.5909$3fcba2e9,0.0409$3d27904c,0.1727$3e30df6a)<CR>
dump binary line=168 text=PsJointOffset frame(secondary) body(secondary) offset(-1.2105$bf9af287,0.9395$3f708156,0.4632$3eed2307)<CR>
dump binary line=169 text=PsJointAxes   frame(primary)   body(primary)   xaxis(-0.0847$bdad6a40,0.6708$3f2bb67c,0.7368$3f3ca0f8) yaxis(0.9932$3f7e40de,-0.0027$bb305378,0.1166$3deec344)<CR>
dump binary line=170 text=PsJointAxes   frame(secondary) body(secondary) xaxis(0.2842$3e91840a,-0.1238$bdfd854e,0.9507$3f73637d) yaxis(0.7365$3f3c8df9,-0.6066$bf1b4c77,-0.2992$be992c40)<CR>
dump binary line=171 text=PsDefaultSettings bodycollide(false) breakable(false) <CR>
dump binary line=172 text=PsJointLimit swing1(locked) swing2(locked) twist(locked) linear(free,locked,locked)<CR>
dump binary line=173 text=PsJointEnd<CR>
dump binary line=174 text=PsPlane  plane(0,1,0,-0.5000$bf000000) localposition(0,0,0) localorientation(0,0,0,1) group(0) material(mat1) name(ground___P10) awake(false) position(0,0,0) orientation(0,0,0,1) static(true) <CR>
dump binary line=175 text=PsDefaultSettings localposition(0,0,0)<CR>
dump binary line=176 text=PsDefaultSettings localorientation(0,0,0,1)<CR>
dump binary line=177 text=PsDefaultSettings group(0)<CR>
dump binary line=178 text=PsBox sides(8.0000$41000000,4.0000$40800000,0.5000$3f000000) material(mat3) triggerevent(enter,leave,stay) name("wall block___P11") awake(false) position(-3.0000$c0400000,2.0000$40000000,5.0000$40a00000) orientation(0,0.3818$3ec37611,0,0.9243$3f6c9c66) static(true) <CR>
dump binary line=179 text=PsSphere radius(0.6250$3f200000) material(mat1) name(ball___P12) position(0,1,0) orientation(0.1019$3dd0c061,0.2039$3e50c061,-0.1019$bdd0c062,0.9683$3f77e474) com(0,0,0) comrot(0,0,0,1) inertia(0.3125$3ea00000,0.3125$3ea00000,0.3125$3ea00000) mass(2.0450$4002e148) solvercount(4) velocity(0.5000$3f000000,-0.2500$be800000,1) angularvelocity(0.3000$3e99999a,0.7000$3f333333,-0.2000$be4ccccd) wakeupcounter(0.4000$3ecccccc) lineardamping(0) angulardamping(0.0500$3d4ccccd) maxangularvelocity(9.0000$41100000) <CR>
dump binary line=180 text=PsDefaultSettings wakeupcounter(0.4000$3ecccccc)<CR>
dump binary line=181 text=PsBox sides(2.0000$40000000,1,1.5000$3fc00000) localposition(0.1250$3e000000,-0.2500$be800000,0.5000$3f000000) localorientation(0,0,0.3827$3ec3ef17,0.9239$3f6c835e) material(mat2) group(3) name("crate"q___P13") position(3.0000$40400000,0.5000$3f000000,-1) orientation(-0.2052$be521ecf,0.1026$3dd21ed0,0.3078$3e9d971a,0.9234$3f6c62ab) com(0.1250$3e000000,-0.2500$be800000,0.5000$3f000000) comrot(0,0,-0.3827$bec3ef17,0.9239$3f6c835e) inertia(2.3438$40160000,1.2188$3f9c0000,1.8750$3ff00000) mass(4.5000$40900000) solvercount(7) velocity(0,0,0) angularvelocity(0,0,0) lineardamping(0.1250$3e000000) angulardamping(0.0625$3d800000) maxangularvelocity(12.5000$41480000) <CR>
dump binary line=182 text=PsDefaultSettings angularvelocity(0,0,0)<CR>
dump binary line=183 text=PsCapsule height(1.2500$3fa00000) radius(0.3750$3ec00000) localposition(0,0,0) localorientation(0,0,0,1) material(mat1) group(2) name(pill___P14) position(-2.0000$c0000000,0.5000$3f000000,1.5000$3fc00000) orientation(0.3230$3ea56412,-0.1077$bddc856f,0.2154$3e5c856d,0.9152$3f6a4dc6) com(0,0,0) comrot(0,0,0,1) inertia(0.9750$3f79999a,0.1875$3e400000,0.9750$3f79999a) mass(2.6500$4029999a) solvercount(4) velocity(-0.7500$bf400000,0.1000$3dcccccd,0.4000$3ecccccd) lineardamping(0) angulardamping(0.0500$3d4ccccd) maxangularvelocity(9.0000$41100000) locked(true,false,false,false,false,true) <CR>
dump binary line=184 text=PsDefaultSettings com(0,0,0)<CR>
dump binary line=185 text=PsDefaultSettings comrot(0,0,0,1)<CR>
dump binary line=186 text=PsDefaultSettings solvercount(4)<CR>
dump binary line=187 text=PsDefaultSettings lineardamping(0)<CR>
dump binary line=188 text=PsDefaultSettings angulardamping(0.0500$3d4ccccd)<CR>
dump binary line=189 text=PsDefaultSettings maxangularvelocity(9.0000$41100000)<CR>
dump binary line=190 text=PsDefaultSettings localposition(0,0,0)<CR>
dump binary line=191 text=PsDefaultSettings localorientation(0,0,0,1)<CR>
dump binary line=192 text=PsDefaultSettings material(mat1)<CR>
dump binary line=193 text=PsBox sides(1,1,4.0000$40800000) group(0) name(mover___P15) position(1,3.0000$40400000,2.0000$40000000) orientation(0,0,0,1) density(1) inertia(5.6667$40b55556,5.6667$40b55556,0.6667$3f2aaaab) mass(4.0000$40800000) velocity(0,0,0) kinematic(true) <CR>
dump binary line=194 text=PsDefaultSettings velocity(0,0,0)<CR>
dump binary line=195 text=PsShapeBegin Shape1<CR>
dump binary line=196 text=PsDefaultSettings group(0)<CR>
dump binary line=197 text=PsBox sides(1,0.5000$3f000000,1) localposition(0,-0.5000$bf000000,0) <CR>
dump binary line=198 text=PsSphere radius(0.2500$3e800000) localposition(0,0.5000$3f000000,0) material(mat2) triggerevent(leave,) <CR>
dump binary line=199 text=PsCapsule height(0.7500$3f400000) radius(0.1250$3e000000) localposition(0.5000$3f000000,0,0) localorientation(0.7071$3f3504f5,0,0,0.7071$3f3504f2) material(mat1) group(5) <CR>
dump binary line=200 text=PsShapeEnd<CR>
dump binary line=201 text=PsShape Shape1 name(compound___P16) position(4.0000$40800000,2.0000$40000000,3.0000$40400000) orientation(0.0523$3d5664f9,-0.3141$bea0cbbb,0.1047$3dd664f8,0.9422$3f713199) com(0.0447$3d37165e,-0.4553$bee91d34,0) comrot(0,0,0.1546$3e1e4c89,0.9880$3f7cec2f) inertia(0.1600$3e23d70a,0.2500$3e800000,0.1875$3e400000) mass(1.3750$3fb00000) angularvelocity(0,1.5000$3fc00000,0) <CR>
dump binary line=202 text=PsDefaultSettings group(0)<CR>
dump binary line=203 text=PsBox sides(0.6000$3f19999a,0.6000$3f19999a,0.6000$3f19999a) name("frozen one___P17") position(-4.0000$c0800000,1,-4.0000$c0800000) orientation(0,0,0,1) com(0,0,0) comrot(0,0,0,1) inertia(0.0130$3c54562e,0.0130$3c54562e,0.0130$3c54562e) mass(0.2160$3e5d2f1b) angularvelocity(0,0,0) locked(true) collision(false) <CR>
dump binary line=204 text=PsDefaultSettings orientation(0,0,0,1)<CR>
dump binary line=205 text=PsDefaultSettings comrot(0,0,0,1)<CR>
dump binary line=206 text=PsDefaultSettings angularvelocity(0,0,0)<CR>
dump binary line=207 text=PsShapeBegin Shape2<CR>
dump binary line=208 text=PsShapeEnd<CR>
dump binary line=209 text=PsShape Shape2 name(ghost___P18) position(0,6.0000$40c00000,0) com(0,0.2500$3e800000,0) inertia(1,0.5000$3f000000,0.2500$3e800000) mass(2.0000$40000000) <CR>
dump binary line=210 text=PsSphere radius(0.5000$3f000000) name($__P19) position(2.0000$40000000,0.5000$3f000000,4.0000$40800000) com(0,0,0) inertia(0.0500$3d4ccccd,0.0500$3d4ccccd,0.0500$3d4ccccd) mass(0.5000$3f000000) wakeupcounter(0) <CR>
dump binary line=211 text=PsJoint $__P20 pill___P14 $__P19<CR>
dump binary line=212 text=PsJoint $__P21 compound___P16 $__P19<CR>
dump binary line=213 text=PsJoint $__P22 ball___P12 "crate"q___P13"<CR>
dump binary line=214 text=PsJoint rope___P23 ball___P12 $__P19<CR>
dump binary line=215 text=PsJoint $__P2 $__P19 ball___P12<CR>
dump binary line=216 text=PsJoint $__P3 "crate"q___P13" compound___P16<CR>
dump binary line=217 text=PsJoint $__P4 @world mover___P15<CR>
dump binary line=218 text=PsJoint "shoulder joint___P5" ball___P12 pill___P14<CR>
dump binary line=219 text=PsJoint $__P6 compound___P16 ball___P12<CR>
dump binary line=220 text=PsJoint $__P7 pill___P14 compound___P16<CR>
dump binary line=221 text=PsJoint hinge___P8 "crate"q___P13" pill___P14<CR>
dump binary line=222 text=PsJoint $__P9 ball___P12 "crate"q___P13"<CR>
dump binary line=223 text=PsDefaultSettings spring_dist_relaxed(1.250000)
dump binary line=224 text=PsDefaultSettings spring_dist_compress_saturate(0.500000) spring_dist_stretch_saturate(3.000000)
dump binary line=225 text=PsDefaultSettings spring_max_compress_force(40.000000) spring_max_stretch_force(55.000000)
dump binary line=226 text=PsDefaultSettings spring_vel_compress_saturate(-2.500000) spring_vel_stretch_saturate(1.750000)
dump binary line=227 text=PsDefaultSettings spring_damper_max_compress_force(7.000000) spring_damper_max_stretch_force(9.500000)
dump binary line=228 text=PsDefaultSettings spring_pos1(0.250000,1.500000,-0.300000)
dump binary line=229 text=PsDefaultSettings spring_pos2(-1.750000,0.200000,1.250000)
dump binary line=230 text=PsSpring ball___P12 pill___P14
dump binary line=231 text=PsAssetEnd<CR>
dump binary line=232 text=##################################################################################<CR>
dump binary line=233 text=<CR>
dump binary line=234 text=PsAssetBegin Asset__P24<CR>
dump binary line=235 text=################################################################<CR>
dump binary line=236 text=### Novodex Specific Physics Simulation Constants<CR>
dump binary line=237 text=################################################################<CR>
dump binary line=238 text=PsSetConstant NX_PENALTY_FORCE 0.7500$3f400000<CR>
dump binary line=239 text=PsSetConstant NX_MIN_SEPARATION_FOR_PENALTY -0.0500$bd4ccccd<CR>
dump binary line=240 text=PsSetConstant NX_DEFAULT_SLEEP_LIN_VEL_SQUARED 0.0225$3cb851ec<CR>
dump binary line=241 text=PsSetConstant NX_DEFAULT_SLEEP_ANG_VEL_SQUARED 0.0196$3ca0902e<CR>
dump binary line=242 text=PsSetConstant NX_BOUNCE_TRESHOLD -1.5000$bfc00000<CR>
dump binary line=243 text=PsSetConstant NX_DYN_FRICT_SCALING 1<CR>
dump binary line=244 text=PsSetConstant NX_STA_FRICT_SCALING 1<CR>
dump binary line=245 text=PsSetConstant NX_MAX_ANGULAR_VELOCITY 9.0000$41100000<CR>
dump binary line=246 text=PsSetConstant NX_MESH_MESH_LEVEL 4.0000$40800000<CR>
dump binary line=247 text=PsSetConstant NX_ENABLE_MESH_DEBUG 0<CR>
dump binary line=248 text=PsSetConstant NX_COLL_INFINITY fltmax<CR>
dump binary line=249 text=PsSetConstant NX_CONTINUOUS_CD 0<CR>
dump binary line=250 text=PsSetConstant NX_MESH_HINT_SPEED 1<CR>
dump binary line=251 text=################################################################<CR>
dump binary line=252 text=<CR>
dump binary line=253 text=################################################################<CR>
dump binary line=254 text=### Collision Group Flags<CR>
dump binary line=255 text=################################################################<CR>
dump binary line=256 text=PsGroupCollisionFlag 1 FFFFFFF7<CR>
dump binary line=257 text=PsGroupCollisionFlag 2 FFFFFFFB<CR>
dump binary line=258 text=PsGroupCollisionFlag 3 FFFFFFFD<CR>
dump binary line=259 text=################################################################<CR>
dump binary line=260 text=<CR>
dump binary line=261 text=###########################################################<CR>
dump binary line=262 text=#### Asset Information<CR>
dump binary line=263 text=###########################################################<CR>
dump binary line=264 text=## Scene in initial configuration.<CR>
dump binary line=265 text=###########################################################<CR>
dump binary line=266 text=PsGravity 0 -3.5000$c0600000 0<CR>
dump binary line=267 text=PsBox sides(20.0000$41a00000,1,20.0000$41a00000) localposition(0,0,0) localorientation(0,0,0,1) material(mat1) group(0) name(floor___P25) awake(false) position(0,-0.5000$bf000000,0) orientation(0,0,0,1) static(true) <CR>
dump binary line=268 text=PsDefaultSettings orientation(0,0,0,1)<CR>
dump binary line=269 text=PsDefaultSettings localposition(0,0,0)<CR>
dump binary line=270 text=PsDefaultSettings localorientation(0,0,0,1)<CR>
dump binary line=271 text=PsDefaultSettings material(mat1)<CR>
dump binary line=272 text=PsDefaultSettings group(0)<CR>
dump binary line=273 text=PsSphere radius(0.7500$3f400000) name(drop___P26) position(0,3.0000$40400000,0) com(0,0,0) comrot(0,0,0,1) inertia(0.3750$3ec00000,0.3750$3ec00000,0.3750$3ec00000) mass(1.7500$3fe00000) solvercount(4) velocity(0,0,0) angularvelocity(0,0,0) wakeupcounter(0.4000$3ecccccc) lineardamping(0) angulardamping(0.0500$3d4ccccd) maxangularvelocity(9.0000$41100000) <CR>
dump binary line=274 text=PsDefaultSettings comrot(0,0,0,1)<CR>
dump binary line=275 text=PsDefaultSettings solvercount(4)<CR>
dump binary line=276 text=PsDefaultSettings velocity(0,0,0)<CR>
dump binary line=277 text=PsDefaultSettings angularvelocity(0,0,0)<CR>
dump binary line=278 text=PsDefaultSettings wakeupcounter(0.4000$3ecccccc)<CR>
dump binary line=279 text=PsDefaultSettings lineardamping(0)<CR>
dump binary line=280 text=PsDefaultSettings angulardamping(0.0500$3d4ccccd)<CR>
dump binary line=281 text=PsDefaultSettings maxangularvelocity(9.0000$41100000)<CR>
dump binary line=282 text=PsShapeBegin Shape3<CR>
dump binary line=283 text=PsBox sides(0.5000$3f000000,0.5000$3f000000,0.5000$3f000000) localposition(-0.5000$bf000000,0,0) <CR>
dump binary line=284 text=PsBox sides(0.5000$3f000000,1,0.5000$3f000000) localposition(0.5000$3f000000,0,0) material(mat3) <CR>
dump binary line=285 text=PsShapeEnd<CR>
dump binary line=286 text=PsShape Shape3 name(pair___P27) position(2.0000$40000000,1,0) orientation(0,0,0.2000$3e4cc251,0.9798$3f7ad470) com(0.1667$3e2aaaab,0,0) inertia(0.0313$3d000000,0.1000$3dcccccd,0.1150$3deb851f) mass(0.3750$3ec00000) <CR>
dump binary line=287 text=PsAssetEnd<CR>
dump binary line=288 text=##################################################################################<CR>
dump binary line=289 text=<CR>
dump binary line=290 text=<CR>
dump binary line=291 text=PsSetScene 0<CR>
dump binary line=292 text=PsAsset Asset__P1 position(0,0,0) orientation(0,0,0,1)<CR>
dump binary line=293 text=<CR>
dump binary line=294 text=PsSetScene 1<CR>
dump binary line=295 text=PsAsset Asset__P24 position(0,0,0) orientation(0,0,0,1)<CR>
dump binary line=296 text=<CR>
dump binary line=297 text=PsSetScene 0<CR>
dump binary lines=298 normalised_bytes=19479
dump binary_addendum coreDump binary=1 addendum=yes returned=0
dump binary_addendum present=yes
dump binary_addendum line=0 text=################################################################<CR>
dump binary_addendum line=1 text=### Core Dump from Novodex Physics SDK<CR>
dump binary_addendum line=2 text=### Core Dump Generated on <date><CR>
dump binary_addendum line=3 text=### Contains 2 assets.<CR>
dump binary_addendum line=4 text=PsReset<CR>
dump binary_addendum line=5 text=PsVersion 1.4<CR>
dump binary_addendum line=6 text=PsNameSpace PhysicsSDK__P0<CR>
dump binary_addendum line=7 text=<CR>
dump binary_addendum line=8 text=<CR>
dump binary_addendum line=9 text=### Begin Material Definition ####<CR>
dump binary_addendum line=10 text=PsMatBegin mat1<CR>
dump binary_addendum line=11 text=PsMatDynamicFriction 0<CR>
dump binary_addendum line=12 text=PsMatStaticFriction 0<CR>
dump binary_addendum line=13 text=PsMatSpinFriction 0<CR>
dump binary_addendum line=14 text=PsMatRollFriction 0<CR>
dump binary_addendum line=15 text=PsMatRestitution 0<CR>
dump binary_addendum line=16 text=PsMatDynamicFrictionV 0<CR>
dump binary_addendum line=17 text=PsMatStaticFrictionV 0<CR>
dump binary_addendum line=18 text=PsMatDirOfAnisotropy 1 0 0<CR>
dump binary_addendum line=19 text=PsMatDirOfMotion 1 0 0<CR>
dump binary_addendum line=20 text=PsMatSpeedOfMotion 0<CR>
dump binary_addendum line=21 text=PsMatAnisotropic false<CR>
dump binary_addendum line=22 text=PsMatMovingSurface false<CR>
dump binary_addendum line=23 text=PsMatEnd<CR>
dump binary_addendum line=24 text=### End Material Definition ####<CR>
dump binary_addendum line=25 text=<CR>
dump binary_addendum line=26 text=<CR>
dump binary_addendum line=27 text=### Begin Material Definition ####<CR>
dump binary_addendum line=28 text=PsMatBegin mat2<CR>
dump binary_addendum line=29 text=PsMatDynamicFriction 0.3750$3ec00000<CR>
dump binary_addendum line=30 text=PsMatStaticFriction 0.6250$3f200000<CR>
dump binary_addendum line=31 text=PsMatSpinFriction 0<CR>
dump binary_addendum line=32 text=PsMatRollFriction 0<CR>
dump binary_addendum line=33 text=PsMatRestitution 0.2500$3e800000<CR>
dump binary_addendum line=34 text=PsMatDynamicFrictionV 0.1250$3e000000<CR>
dump binary_addendum line=35 text=PsMatStaticFrictionV 0.3000$3e99999a<CR>
dump binary_addendum line=36 text=PsMatDirOfAnisotropy 0 0 1<CR>
dump binary_addendum line=37 text=PsMatDirOfMotion 1 0 0<CR>
dump binary_addendum line=38 text=PsMatSpeedOfMotion 2.5000$40200000<CR>
dump binary_addendum line=39 text=PsMatAnisotropic true<CR>
dump binary_addendum line=40 text=PsMatMovingSurface true<CR>
dump binary_addendum line=41 text=PsMatEnd<CR>
dump binary_addendum line=42 text=### End Material Definition ####<CR>
dump binary_addendum line=43 text=<CR>
dump binary_addendum line=44 text=<CR>
dump binary_addendum line=45 text=### Begin Material Definition ####<CR>
dump binary_addendum line=46 text=PsMatBegin mat3<CR>
dump binary_addendum line=47 text=PsMatDynamicFriction 1.2500$3fa00000<CR>
dump binary_addendum line=48 text=PsMatStaticFriction 1.5000$3fc00000<CR>
dump binary_addendum line=49 text=PsMatSpinFriction 0<CR>
dump binary_addendum line=50 text=PsMatRollFriction 0<CR>
dump binary_addendum line=51 text=PsMatRestitution 0.8750$3f600000<CR>
dump binary_addendum line=52 text=PsMatDynamicFrictionV 0<CR>
dump binary_addendum line=53 text=PsMatStaticFrictionV 0<CR>
dump binary_addendum line=54 text=PsMatDirOfAnisotropy 1 0 0<CR>
dump binary_addendum line=55 text=PsMatDirOfMotion 1 0 0<CR>
dump binary_addendum line=56 text=PsMatSpeedOfMotion 0<CR>
dump binary_addendum line=57 text=PsMatAnisotropic false<CR>
dump binary_addendum line=58 text=PsMatMovingSurface false<CR>
dump binary_addendum line=59 text=PsMatEnd<CR>
dump binary_addendum line=60 text=### End Material Definition ####<CR>
dump binary_addendum line=61 text=<CR>
dump binary_addendum line=62 text=PsAssetBegin Asset__P1<CR>
dump binary_addendum line=63 text=################################################################<CR>
dump binary_addendum line=64 text=### Novodex Specific Physics Simulation Constants<CR>
dump binary_addendum line=65 text=################################################################<CR>
dump binary_addendum line=66 text=PsSetConstant NX_PENALTY_FORCE 0.7500$3f400000<CR>
dump binary_addendum line=67 text=PsSetConstant NX_MIN_SEPARATION_FOR_PENALTY -0.0500$bd4ccccd<CR>
dump binary_addendum line=68 text=PsSetConstant NX_DEFAULT_SLEEP_LIN_VEL_SQUARED 0.0225$3cb851ec<CR>
dump binary_addendum line=69 text=PsSetConstant NX_DEFAULT_SLEEP_ANG_VEL_SQUARED 0.0196$3ca0902e<CR>
dump binary_addendum line=70 text=PsSetConstant NX_BOUNCE_TRESHOLD -1.5000$bfc00000<CR>
dump binary_addendum line=71 text=PsSetConstant NX_DYN_FRICT_SCALING 1<CR>
dump binary_addendum line=72 text=PsSetConstant NX_STA_FRICT_SCALING 1<CR>
dump binary_addendum line=73 text=PsSetConstant NX_MAX_ANGULAR_VELOCITY 9.0000$41100000<CR>
dump binary_addendum line=74 text=PsSetConstant NX_MESH_MESH_LEVEL 4.0000$40800000<CR>
dump binary_addendum line=75 text=PsSetConstant NX_ENABLE_MESH_DEBUG 0<CR>
dump binary_addendum line=76 text=PsSetConstant NX_COLL_INFINITY fltmax<CR>
dump binary_addendum line=77 text=PsSetConstant NX_CONTINUOUS_CD 0<CR>
dump binary_addendum line=78 text=PsSetConstant NX_MESH_HINT_SPEED 1<CR>
dump binary_addendum line=79 text=################################################################<CR>
dump binary_addendum line=80 text=<CR>
dump binary_addendum line=81 text=################################################################<CR>
dump binary_addendum line=82 text=### Collision Group Flags<CR>
dump binary_addendum line=83 text=################################################################<CR>
dump binary_addendum line=84 text=PsGroupCollisionFlag 1 FFFFFFF7<CR>
dump binary_addendum line=85 text=PsGroupCollisionFlag 2 FFFFFFFB<CR>
dump binary_addendum line=86 text=PsGroupCollisionFlag 3 FFFFFFFD<CR>
dump binary_addendum line=87 text=################################################################<CR>
dump binary_addendum line=88 text=<CR>
dump binary_addendum line=89 text=###########################################################<CR>
dump binary_addendum line=90 text=#### Asset Information<CR>
dump binary_addendum line=91 text=###########################################################<CR>
dump binary_addendum line=92 text=## Scene in initial configuration.<CR>
dump binary_addendum line=93 text=###########################################################<CR>
dump binary_addendum line=94 text=PsGravity 0.5000$3f000000 -9.8100$c11cf5c3 0.2500$3e800000<CR>
dump binary_addendum line=95 text=PsJointEnd<CR>
dump binary_addendum line=96 text=PsJointEnd<CR>
dump binary_addendum line=97 text=PsJointEnd<CR>
dump binary_addendum line=98 text=PsJointLimitPlane 0 1 0 -0.2500$be800000<CR>
dump binary_addendum line=99 text=PsJointEnd<CR>
dump binary_addendum line=100 text=PsJointBegin $__P2<CR>
dump binary_addendum line=101 text=### Point In Plane Joint<CR>
dump binary_addendum line=102 text=PsJointOffset frame(primary)   body(primary)   offset(-1,0.2500$3e800000,-2.0000$c0000000)<CR>
dump binary_addendum line=103 text=PsJointOffset frame(secondary) body(secondary) offset(0.1039$3dd4c77e,0.3110$3e9f4080,2.2260$400e765c)<CR>
dump binary_addendum line=104 text=PsJointAxes   frame(primary)   body(primary)   xaxis(0,1,0) yaxis(0,0,1)<CR>
dump binary_addendum line=105 text=PsJointAxes   frame(secondary) body(secondary) xaxis(-0.1558$be1f959d,0.9584$3f755c6d,-0.2390$be74b234) yaxis(-0.4156$bed4c77b,0.1558$3e1f959c,0.8961$3f656711)<CR>
dump binary_addendum line=106 text=PsDefaultSettings bodycollide(false) breakable(false) <CR>
dump binary_addendum line=107 text=PsJointLimit swing1(free) swing2(free) twist(free) linear(free,free,locked)<CR>
dump binary_addendum line=108 text=PsJointEnd<CR>
dump binary_addendum line=109 text=PsJointBegin $__P3<CR>
dump binary_addendum line=110 text=### Point On Line Joint<CR>
dump binary_addendum line=111 text=PsJointOffset frame(primary)   body(primary)   offset(0.1579$3e21af26,-0.3921$bec8c201,2.1526$4009c4b7)<CR>
dump binary_addendum line=112 text=PsJointOffset frame(secondary) body(secondary) offset(-1.7192$bfdc0e06,-0.6801$bf2e1d75,-1.1808$bf97252d)<CR>
dump binary_addendum line=113 text=PsJointAxes   frame(primary)   body(primary)   xaxis(0.2211$3e625ba2,-0.6189$bf1e7355,0.7537$3f40f173) yaxis(0.8211$3f523082,-0.2989$be990f9f,-0.4863$bef8fe61)<CR>
dump binary_addendum line=114 text=PsJointAxes   frame(secondary) body(secondary) xaxis(0.9507$3f736016,-0.1118$bde4ed56,0.2893$3e94211c) yaxis(0.2630$3e86a9bd,-0.2038$be50ba48,-0.9430$bf716958)<CR>
dump binary_addendum line=115 text=PsDefaultSettings bodycollide(false) breakable(false) <CR>
dump binary_addendum line=116 text=PsJointLimit swing1(free) swing2(free) twist(free) linear(free,locked,locked)<CR>
dump binary_addendum line=117 text=PsJointLimitPlane -0.0000$b323fc9e -0.0000$b3309d79 1 -2.0000$bffffffe<CR>
dump binary_addendum line=118 text=PsJointEnd<CR>
dump binary_addendum line=119 text=PsJointBegin $__P4<CR>
dump binary_addendum line=120 text=### Spherical Joint<CR>
dump binary_addendum line=121 text=PsJointOffset frame(primary)   body(primary)   offset(1,4.0000$40800000,2.0000$40000000)<CR>
dump binary_addendum line=122 text=PsJointOffset frame(secondary) body(secondary) offset(0,1,0)<CR>
dump binary_addendum line=123 text=PsJointAxes   frame(primary)   body(primary)   xaxis(0,1,0) yaxis(0,0,1)<CR>
dump binary_addendum line=124 text=PsJointAxes   frame(secondary) body(secondary) xaxis(0,1,0) yaxis(0,0,1)<CR>
dump binary_addendum line=125 text=PsDefaultSettings bodycollide(false) breakable(false) <CR>
dump binary_addendum line=126 text=PsJointLimit swing1(free) swing2(free) twist(free) twistspring(none) swingspring(none) jointspring(none) projection(none) linear(locked,locked,locked)<CR>
dump binary_addendum line=127 text=PsJointEnd<CR>
dump binary_addendum line=128 text=PsJointBegin "shoulder joint___P5"<CR>
dump binary_addendum line=129 text=### Spherical Joint<CR>
dump binary_addendum line=130 text=PsJointOffset frame(primary)   body(primary)   offset(-1.1688$bf959c43,-0.3617$beb92f36,0.3578$3eb7308b)<CR>
dump binary_addendum line=131 text=PsJointOffset frame(secondary) body(secondary) offset(0.7130$3f368a05,-0.6978$bf32a4b9,-0.7935$bf4b2165)<CR>
dump binary_addendum line=132 text=PsJointAxes   frame(primary)   body(primary)   xaxis(-0.4260$beda1945,0.6997$3f33222e,0.5735$3f12d153) yaxis(0.8961$3f656711,0.2390$3e74b234,0.3740$3ebf8055)<CR>
dump binary_addendum line=133 text=PsJointAxes   frame(secondary) body(secondary) xaxis(0.4638$3eed7303,0.8551$3f5ae608,0.2319$3e6d730a) yaxis(0.8841$3f6251a0,-0.4638$beed7302,-0.0580$bd6d7309)<CR>
dump binary_addendum line=134 text=PsDefaultSettings bodycollide(false) breakable(false) name("shoulder joint") <CR>
dump binary_addendum line=135 text=PsJointLimit swing1(0.2500$3e800000,0.5000$3f000000,1) swing2(0.2500$3e800000,0.5000$3f000000,1) twist(-0.5000$bf000000,0.2500$3e800000,1,  0.3750$3ec00000,0.1250$3e000000,1) twistspring(6.0000$40c00000,0.2500$3e800000,0.1250$3e000000) swingspring(4.0000$40800000,0.7500$3f400000,0.0625$3d800000) jointspring(3.0000$40400000,0.5000$3f000000,0.2500$3e800000) projection(0.1250$3e000000) linear(locked,locked,locked)<CR>
dump binary_addendum line=136 text=PsJointEnd<CR>
dump binary_addendum line=137 text=PsJointBegin $__P6<CR>
dump binary_addendum line=138 text=### Cylindrical Joint<CR>
dump binary_addendum line=139 text=PsJointOffset frame(primary)   body(primary)   offset(-2.5479$c0231189,-0.0753$bd9a4d2d,0.0479$3d446212)<CR>
dump binary_addendum line=140 text=PsJointOffset frame(secondary) body(secondary) offset(1.0909$3f8ba2e9,1.1909$3f986fb6,1.9727$3ffc8254)<CR>
dump binary_addendum line=141 text=PsJointAxes   frame(primary)   body(primary)   xaxis(0.1644$3e285429,0.9726$3f78fc7e,-0.1644$be285429) yaxis(0.6027$3f1a4d26,0.0329$3d06a9bc,0.7973$3f4c1940)<CR>
dump binary_addendum line=142 text=PsJointAxes   frame(secondary) body(secondary) xaxis(-0.1558$be1f959d,0.9584$3f755c6d,-0.2390$be74b234) yaxis(-0.4156$bed4c77b,0.1558$3e1f959c,0.8961$3f656711)<CR>
dump binary_addendum line=143 text=PsDefaultSettings bodycollide(false) breakable(100.0000$42c80000,250.5000$437a8000) <CR>
dump binary_addendum line=144 text=PsJointLimit twist(free) swing1(locked) swing2(locked) linear(free,locked,locked)<CR>
dump binary_addendum line=145 text=PsJointEnd<CR>
dump binary_addendum line=146 text=PsJointBegin $__P7<CR>
dump binary_addendum line=147 text=### Revolute Joint<CR>
dump binary_addendum line=148 text=PsJointOffset frame(primary)   body(primary)   offset(1.2145$3f9b7480,0.1580$3e21c32c,0.0072$3bed7378)<CR>
dump binary_addendum line=149 text=PsJointOffset frame(secondary) body(secondary) offset(-4.6712$c0957abd,0.1452$3e14b0b7,2.2712$40115be0)<CR>
dump binary_addendum line=150 text=PsJointAxes   frame(primary)   body(primary)   xaxis(0.8841$3f6251a0,-0.4638$beed7302,-0.0580$bd6d7309) yaxis(0.3362$3eac2695,0.5449$3f0b805e,0.7681$3f44a340)<CR>
dump binary_addendum line=151 text=PsJointAxes   frame(secondary) body(secondary) xaxis(0.7808$3f47e3f2,-0.2301$be6ba906,-0.5808$bf14b0be) yaxis(0.6027$3f1a4d26,0.0329$3d06a9bc,0.7973$3f4c1940)<CR>
dump binary_addendum line=152 text=PsDefaultSettings bodycollide(false) breakable(false) <CR>
dump binary_addendum line=153 text=PsJointLimit twist(free) motor(false) twistspring(none) swing1(locked) swing2(locked) linear(locked,locked,locked)<CR>
dump binary_addendum line=154 text=PsJointEnd<CR>
dump binary_addendum line=155 text=PsJointBegin hinge___P8<CR>
dump binary_addendum line=156 text=### Revolute Joint<CR>
dump binary_addendum line=157 text=PsJointOffset frame(primary)   body(primary)   offset(-2.1053$c006bca2,1.4947$3fbf5388,1.1816$3f973dfa)<CR>
dump binary_addendum line=158 text=PsJointOffset frame(secondary) body(secondary) offset(1.9522$3ff9e0d6,-1.4913$bfbee30e,-1.4239$bfb642c9)<CR>
dump binary_addendum line=159 text=PsJointAxes   frame(primary)   body(primary)   xaxis(-0.3158$bea1af28,-0.3158$bea1af28,0.8947$3f650d79) yaxis(0.7895$3f4a1af3,-0.6105$bf1c4b72,0.0632$3d8158ee)<CR>
dump binary_addendum line=160 text=PsJointAxes   frame(secondary) body(secondary) xaxis(0.3362$3eac2695,0.5449$3f0b805e,0.7681$3f44a340) yaxis(0.8841$3f6251a0,-0.4638$beed7302,-0.0580$bd6d7309)<CR>
dump binary_addendum line=161 text=PsDefaultSettings bodycollide(true) breakable(false) name("hinge") <CR>
dump binary_addendum line=162 text=PsJointLimit twist(-0.2500$be800000,0.5000$3f000000,0.7500$3f400000,  0.1250$3e000000,0.2500$3e800000,1) motor(2.5000$40200000,30.0000$41f00000,true) twistspring(8.0000$41000000,0.5000$3f000000,0.0625$3d800000) swing1(locked) swing2(locked) linear(locked,locked,locked)<CR>
dump binary_addendum line=163 text=PsJointLimitPlane -0.0000$b2fa4576 1 -0.0000$b3309d79 3.0000$40400001<CR>
dump binary_addendum line=164 text=PsJointEnd<CR>
dump binary_addendum line=165 text=PsJointBegin $__P9<CR>
dump binary_addendum line=166 text=### Prismatic Joint<CR>
dump binary_addendum line=167 text=PsJointOffset frame(primary)   body(primary)   offset(1.5909$3fcba2e9,0.0409$3d27904c,0.1727$3e30df6a)<CR>
dump binary_addendum line=168 text=PsJointOffset frame(secondary) body(secondary) offset(-1.2105$bf9af287,0.9395$3f708156,0.4632$3eed2307)<CR>
dump binary_addendum line=169 text=PsJointAxes   frame(primary)   body(primary)   xaxis(-0.0847$bdad6a40,0.6708$3f2bb67c,0.7368$3f3ca0f8) yaxis(0.9932$3f7e40de,-0.0027$bb305378,0.1166$3deec344)<CR>
dump binary_addendum line=170 text=PsJointAxes   frame(secondary) body(secondary) xaxis(0.2842$3e91840a,-0.1238$bdfd854e,0.9507$3f73637d) yaxis(0.7365$3f3c8df9,-0.6066$bf1b4c77,-0.2992$be992c40)<CR>
dump binary_addendum line=171 text=PsDefaultSettings bodycollide(false) breakable(false) <CR>
dump binary_addendum line=172 text=PsJointLimit swing1(locked) swing2(locked) twist(locked) linear(free,locked,locked)<CR>
dump binary_addendum line=173 text=PsJointEnd<CR>
dump binary_addendum line=174 text=PsPlane  plane(0,1,0,-0.5000$bf000000) localposition(0,0,0) localorientation(0,0,0,1) group(0) material(mat1) name(ground___P10) awake(false) position(0,0,0) orientation(0,0,0,1) static(true) <CR>
dump binary_addendum line=175 text=PsDefaultSettings localposition(0,0,0)<CR>
dump binary_addendum line=176 text=PsDefaultSettings localorientation(0,0,0,1)<CR>
dump binary_addendum line=177 text=PsDefaultSettings group(0)<CR>
dump binary_addendum line=178 text=PsBox sides(8.0000$41000000,4.0000$40800000,0.5000$3f000000) material(mat3) triggerevent(enter,leave,stay) name("wall block___P11") awake(false) position(-3.0000$c0400000,2.0000$40000000,5.0000$40a00000) orientation(0,0.3818$3ec37611,0,0.9243$3f6c9c66) static(true) <CR>
dump binary_addendum line=179 text=PsSphere radius(0.6250$3f200000) material(mat1) name(ball___P12) position(0,1,0) orientation(0.1019$3dd0c061,0.2039$3e50c061,-0.1019$bdd0c062,0.9683$3f77e474) com(0,0,0) comrot(0,0,0,1) inertia(0.3125$3ea00000,0.3125$3ea00000,0.3125$3ea00000) mass(2.0450$4002e148) solvercount(4) velocity(0.5000$3f000000,-0.2500$be800000,1) angularvelocity(0.3000$3e99999a,0.7000$3f333333,-0.2000$be4ccccd) wakeupcounter(0.4000$3ecccccc) lineardamping(0) angulardamping(0.0500$3d4ccccd) maxangularvelocity(9.0000$41100000) <CR>
dump binary_addendum line=180 text=PsDefaultSettings wakeupcounter(0.4000$3ecccccc)<CR>
dump binary_addendum line=181 text=PsBox sides(2.0000$40000000,1,1.5000$3fc00000) localposition(0.1250$3e000000,-0.2500$be800000,0.5000$3f000000) localorientation(0,0,0.3827$3ec3ef17,0.9239$3f6c835e) material(mat2) group(3) name("crate"q___P13") position(3.0000$40400000,0.5000$3f000000,-1) orientation(-0.2052$be521ecf,0.1026$3dd21ed0,0.3078$3e9d971a,0.9234$3f6c62ab) com(0.1250$3e000000,-0.2500$be800000,0.5000$3f000000) comrot(0,0,-0.3827$bec3ef17,0.9239$3f6c835e) inertia(2.3438$40160000,1.2188$3f9c0000,1.8750$3ff00000) mass(4.5000$40900000) solvercount(7) velocity(0,0,0) angularvelocity(0,0,0) lineardamping(0.1250$3e000000) angulardamping(0.0625$3d800000) maxangularvelocity(12.5000$41480000) <CR>
dump binary_addendum line=182 text=PsDefaultSettings angularvelocity(0,0,0)<CR>
dump binary_addendum line=183 text=PsCapsule height(1.2500$3fa00000) radius(0.3750$3ec00000) localposition(0,0,0) localorientation(0,0,0,1) material(mat1) group(2) name(pill___P14) position(-2.0000$c0000000,0.5000$3f000000,1.5000$3fc00000) orientation(0.3230$3ea56412,-0.1077$bddc856f,0.2154$3e5c856d,0.9152$3f6a4dc6) com(0,0,0) comrot(0,0,0,1) inertia(0.9750$3f79999a,0.1875$3e400000,0.9750$3f79999a) mass(2.6500$4029999a) solvercount(4) velocity(-0.7500$bf400000,0.1000$3dcccccd,0.4000$3ecccccd) lineardamping(0) angulardamping(0.0500$3d4ccccd) maxangularvelocity(9.0000$41100000) locked(true,false,false,false,false,true) <CR>
dump binary_addendum line=184 text=PsDefaultSettings com(0,0,0)<CR>
dump binary_addendum line=185 text=PsDefaultSettings comrot(0,0,0,1)<CR>
dump binary_addendum line=186 text=PsDefaultSettings solvercount(4)<CR>
dump binary_addendum line=187 text=PsDefaultSettings lineardamping(0)<CR>
dump binary_addendum line=188 text=PsDefaultSettings angulardamping(0.0500$3d4ccccd)<CR>
dump binary_addendum line=189 text=PsDefaultSettings maxangularvelocity(9.0000$41100000)<CR>
dump binary_addendum line=190 text=PsDefaultSettings localposition(0,0,0)<CR>
dump binary_addendum line=191 text=PsDefaultSettings localorientation(0,0,0,1)<CR>
dump binary_addendum line=192 text=PsDefaultSettings material(mat1)<CR>
dump binary_addendum line=193 text=PsBox sides(1,1,4.0000$40800000) group(0) name(mover___P15) position(1,3.0000$40400000,2.0000$40000000) orientation(0,0,0,1) density(1) inertia(5.6667$40b55556,5.6667$40b55556,0.6667$3f2aaaab) mass(4.0000$40800000) velocity(0,0,0) kinematic(true) <CR>
dump binary_addendum line=194 text=PsDefaultSettings velocity(0,0,0)<CR>
dump binary_addendum line=195 text=PsShapeBegin Shape1<CR>
dump binary_addendum line=196 text=PsDefaultSettings group(0)<CR>
dump binary_addendum line=197 text=PsBox sides(1,0.5000$3f000000,1) localposition(0,-0.5000$bf000000,0) <CR>
dump binary_addendum line=198 text=PsSphere radius(0.2500$3e800000) localposition(0,0.5000$3f000000,0) material(mat2) triggerevent(leave,) <CR>
dump binary_addendum line=199 text=PsCapsule height(0.7500$3f400000) radius(0.1250$3e000000) localposition(0.5000$3f000000,0,0) localorientation(0.7071$3f3504f5,0,0,0.7071$3f3504f2) material(mat1) group(5) <CR>
dump binary_addendum line=200 text=PsShapeEnd<CR>
dump binary_addendum line=201 text=PsShape Shape1 name(compound___P16) position(4.0000$40800000,2.0000$40000000,3.0000$40400000) orientation(0.0523$3d5664f9,-0.3141$bea0cbbb,0.1047$3dd664f8,0.9422$3f713199) com(0.0447$3d37165e,-0.4553$bee91d34,0) comrot(0,0,0.1546$3e1e4c89,0.9880$3f7cec2f) inertia(0.1600$3e23d70a,0.2500$3e800000,0.1875$3e400000) mass(1.3750$3fb00000) angularvelocity(0,1.5000$3fc00000,0) <CR>
dump binary_addendum line=202 text=PsDefaultSettings group(0)<CR>
dump binary_addendum line=203 text=PsBox sides(0.6000$3f19999a,0.6000$3f19999a,0.6000$3f19999a) name("frozen one___P17") position(-4.0000$c0800000,1,-4.0000$c0800000) orientation(0,0,0,1) com(0,0,0) comrot(0,0,0,1) inertia(0.0130$3c54562e,0.0130$3c54562e,0.0130$3c54562e) mass(0.2160$3e5d2f1b) angularvelocity(0,0,0) locked(true) collision(false) <CR>
dump binary_addendum line=204 text=PsDefaultSettings orientation(0,0,0,1)<CR>
dump binary_addendum line=205 text=PsDefaultSettings comrot(0,0,0,1)<CR>
dump binary_addendum line=206 text=PsDefaultSettings angularvelocity(0,0,0)<CR>
dump binary_addendum line=207 text=PsShapeBegin Shape2<CR>
dump binary_addendum line=208 text=PsShapeEnd<CR>
dump binary_addendum line=209 text=PsShape Shape2 name(ghost___P18) position(0,6.0000$40c00000,0) com(0,0.2500$3e800000,0) inertia(1,0.5000$3f000000,0.2500$3e800000) mass(2.0000$40000000) <CR>
dump binary_addendum line=210 text=PsSphere radius(0.5000$3f000000) name($__P19) position(2.0000$40000000,0.5000$3f000000,4.0000$40800000) com(0,0,0) inertia(0.0500$3d4ccccd,0.0500$3d4ccccd,0.0500$3d4ccccd) mass(0.5000$3f000000) wakeupcounter(0) <CR>
dump binary_addendum line=211 text=PsJoint $__P20 pill___P14 $__P19<CR>
dump binary_addendum line=212 text=PsJoint $__P21 compound___P16 $__P19<CR>
dump binary_addendum line=213 text=PsJoint $__P22 ball___P12 "crate"q___P13"<CR>
dump binary_addendum line=214 text=PsJoint rope___P23 ball___P12 $__P19<CR>
dump binary_addendum line=215 text=PsJoint $__P2 $__P19 ball___P12<CR>
dump binary_addendum line=216 text=PsJoint $__P3 "crate"q___P13" compound___P16<CR>
dump binary_addendum line=217 text=PsJoint $__P4 @world mover___P15<CR>
dump binary_addendum line=218 text=PsJoint "shoulder joint___P5" ball___P12 pill___P14<CR>
dump binary_addendum line=219 text=PsJoint $__P6 compound___P16 ball___P12<CR>
dump binary_addendum line=220 text=PsJoint $__P7 pill___P14 compound___P16<CR>
dump binary_addendum line=221 text=PsJoint hinge___P8 "crate"q___P13" pill___P14<CR>
dump binary_addendum line=222 text=PsJoint $__P9 ball___P12 "crate"q___P13"<CR>
dump binary_addendum line=223 text=PsDefaultSettings spring_dist_relaxed(1.250000)
dump binary_addendum line=224 text=PsDefaultSettings spring_dist_compress_saturate(0.500000) spring_dist_stretch_saturate(3.000000)
dump binary_addendum line=225 text=PsDefaultSettings spring_max_compress_force(40.000000) spring_max_stretch_force(55.000000)
dump binary_addendum line=226 text=PsDefaultSettings spring_vel_compress_saturate(-2.500000) spring_vel_stretch_saturate(1.750000)
dump binary_addendum line=227 text=PsDefaultSettings spring_damper_max_compress_force(7.000000) spring_damper_max_stretch_force(9.500000)
dump binary_addendum line=228 text=PsDefaultSettings spring_pos1(0.250000,1.500000,-0.300000)
dump binary_addendum line=229 text=PsDefaultSettings spring_pos2(-1.750000,0.200000,1.250000)
dump binary_addendum line=230 text=PsSpring ball___P12 pill___P14
dump binary_addendum line=231 text=PsAssetEnd<CR>
dump binary_addendum line=232 text=##################################################################################<CR>
dump binary_addendum line=233 text=<CR>
dump binary_addendum line=234 text=PsAssetBegin Asset__P24<CR>
dump binary_addendum line=235 text=################################################################<CR>
dump binary_addendum line=236 text=### Novodex Specific Physics Simulation Constants<CR>
dump binary_addendum line=237 text=################################################################<CR>
dump binary_addendum line=238 text=PsSetConstant NX_PENALTY_FORCE 0.7500$3f400000<CR>
dump binary_addendum line=239 text=PsSetConstant NX_MIN_SEPARATION_FOR_PENALTY -0.0500$bd4ccccd<CR>
dump binary_addendum line=240 text=PsSetConstant NX_DEFAULT_SLEEP_LIN_VEL_SQUARED 0.0225$3cb851ec<CR>
dump binary_addendum line=241 text=PsSetConstant NX_DEFAULT_SLEEP_ANG_VEL_SQUARED 0.0196$3ca0902e<CR>
dump binary_addendum line=242 text=PsSetConstant NX_BOUNCE_TRESHOLD -1.5000$bfc00000<CR>
dump binary_addendum line=243 text=PsSetConstant NX_DYN_FRICT_SCALING 1<CR>
dump binary_addendum line=244 text=PsSetConstant NX_STA_FRICT_SCALING 1<CR>
dump binary_addendum line=245 text=PsSetConstant NX_MAX_ANGULAR_VELOCITY 9.0000$41100000<CR>
dump binary_addendum line=246 text=PsSetConstant NX_MESH_MESH_LEVEL 4.0000$40800000<CR>
dump binary_addendum line=247 text=PsSetConstant NX_ENABLE_MESH_DEBUG 0<CR>
dump binary_addendum line=248 text=PsSetConstant NX_COLL_INFINITY fltmax<CR>
dump binary_addendum line=249 text=PsSetConstant NX_CONTINUOUS_CD 0<CR>
dump binary_addendum line=250 text=PsSetConstant NX_MESH_HINT_SPEED 1<CR>
dump binary_addendum line=251 text=################################################################<CR>
dump binary_addendum line=252 text=<CR>
dump binary_addendum line=253 text=################################################################<CR>
dump binary_addendum line=254 text=### Collision Group Flags<CR>
dump binary_addendum line=255 text=################################################################<CR>
dump binary_addendum line=256 text=PsGroupCollisionFlag 1 FFFFFFF7<CR>
dump binary_addendum line=257 text=PsGroupCollisionFlag 2 FFFFFFFB<CR>
dump binary_addendum line=258 text=PsGroupCollisionFlag 3 FFFFFFFD<CR>
dump binary_addendum line=259 text=################################################################<CR>
dump binary_addendum line=260 text=<CR>
dump binary_addendum line=261 text=###########################################################<CR>
dump binary_addendum line=262 text=#### Asset Information<CR>
dump binary_addendum line=263 text=###########################################################<CR>
dump binary_addendum line=264 text=## Scene in initial configuration.<CR>
dump binary_addendum line=265 text=###########################################################<CR>
dump binary_addendum line=266 text=PsGravity 0 -3.5000$c0600000 0<CR>
dump binary_addendum line=267 text=PsBox sides(20.0000$41a00000,1,20.0000$41a00000) localposition(0,0,0) localorientation(0,0,0,1) material(mat1) group(0) name(floor___P25) awake(false) position(0,-0.5000$bf000000,0) orientation(0,0,0,1) static(true) <CR>
dump binary_addendum line=268 text=PsDefaultSettings orientation(0,0,0,1)<CR>
dump binary_addendum line=269 text=PsDefaultSettings localposition(0,0,0)<CR>
dump binary_addendum line=270 text=PsDefaultSettings localorientation(0,0,0,1)<CR>
dump binary_addendum line=271 text=PsDefaultSettings material(mat1)<CR>
dump binary_addendum line=272 text=PsDefaultSettings group(0)<CR>
dump binary_addendum line=273 text=PsSphere radius(0.7500$3f400000) name(drop___P26) position(0,3.0000$40400000,0) com(0,0,0) comrot(0,0,0,1) inertia(0.3750$3ec00000,0.3750$3ec00000,0.3750$3ec00000) mass(1.7500$3fe00000) solvercount(4) velocity(0,0,0) angularvelocity(0,0,0) wakeupcounter(0.4000$3ecccccc) lineardamping(0) angulardamping(0.0500$3d4ccccd) maxangularvelocity(9.0000$41100000) <CR>
dump binary_addendum line=274 text=PsDefaultSettings comrot(0,0,0,1)<CR>
dump binary_addendum line=275 text=PsDefaultSettings solvercount(4)<CR>
dump binary_addendum line=276 text=PsDefaultSettings velocity(0,0,0)<CR>
dump binary_addendum line=277 text=PsDefaultSettings angularvelocity(0,0,0)<CR>
dump binary_addendum line=278 text=PsDefaultSettings wakeupcounter(0.4000$3ecccccc)<CR>
dump binary_addendum line=279 text=PsDefaultSettings lineardamping(0)<CR>
dump binary_addendum line=280 text=PsDefaultSettings angulardamping(0.0500$3d4ccccd)<CR>
dump binary_addendum line=281 text=PsDefaultSettings maxangularvelocity(9.0000$41100000)<CR>
dump binary_addendum line=282 text=PsShapeBegin Shape3<CR>
dump binary_addendum line=283 text=PsBox sides(0.5000$3f000000,0.5000$3f000000,0.5000$3f000000) localposition(-0.5000$bf000000,0,0) <CR>
dump binary_addendum line=284 text=PsBox sides(0.5000$3f000000,1,0.5000$3f000000) localposition(0.5000$3f000000,0,0) material(mat3) <CR>
dump binary_addendum line=285 text=PsShapeEnd<CR>
dump binary_addendum line=286 text=PsShape Shape3 name(pair___P27) position(2.0000$40000000,1,0) orientation(0,0,0.2000$3e4cc251,0.9798$3f7ad470) com(0.1667$3e2aaaab,0,0) inertia(0.0313$3d000000,0.1000$3dcccccd,0.1150$3deb851f) mass(0.3750$3ec00000) <CR>
dump binary_addendum line=287 text=PsAssetEnd<CR>
dump binary_addendum line=288 text=##################################################################################<CR>
dump binary_addendum line=289 text=<CR>
dump binary_addendum line=290 text=<CR>
dump binary_addendum line=291 text=PsSetScene 0<CR>
dump binary_addendum line=292 text=PsAsset Asset__P1 position(0,0,0) orientation(0,0,0,1)<CR>
dump binary_addendum line=293 text=<CR>
dump binary_addendum line=294 text=PsSetScene 1<CR>
dump binary_addendum line=295 text=PsAsset Asset__P24 position(0,0,0) orientation(0,0,0,1)<CR>
dump binary_addendum line=296 text=<CR>
dump binary_addendum line=297 text=PsSetScene 0<CR>
dump binary_addendum line=298 text=### Begin : User supplied addendum script.<CR>
dump binary_addendum line=299 text=# addendum for the binary dump<CR>
dump binary_addendum line=300 text=### End   : User supplied addendum script.<CR>
dump binary_addendum lines=301 normalised_bytes=19608
deadlock before a_flag=0 b_flag=0
report error code=2 file=\Epic\Novodex\SDKs\Physics\src\NpPhysicsSDK.cpp line=225 message=PhysicsSDK: WriteLock is still aquired. Procedure call skipped to avoid a deadlock!
dump deadlock coreDump binary=0 addendum=yes returned=0
dump deadlock present=no
deadlock after a_flag=0 a_owner_is_self=1 b_flag=1
allocator window scene_b_release allocations=5 frees=54 alloc_sizes=8,8,8,24,24 free_prefix=20,24,32,4,32,4,40,24,28,552,80,24,608,28,228,80
dump one_scene coreDump binary=0 addendum=no returned=0
dump one_scene present=yes
dump one_scene line=0 text=################################################################<CR>
dump one_scene line=1 text=### Core Dump from Novodex Physics SDK<CR>
dump one_scene line=2 text=### Core Dump Generated on <date><CR>
dump one_scene line=3 text=### Contains one Asset.<CR>
dump one_scene line=4 text=PsReset<CR>
dump one_scene line=5 text=PsVersion 1.4<CR>
dump one_scene line=6 text=PsNameSpace PhysicsSDK__P0<CR>
dump one_scene line=7 text=<CR>
dump one_scene line=8 text=<CR>
dump one_scene line=9 text=### Begin Material Definition ####<CR>
dump one_scene line=10 text=PsMatBegin mat1<CR>
dump one_scene line=11 text=PsMatDynamicFriction 0<CR>
dump one_scene line=12 text=PsMatStaticFriction 0<CR>
dump one_scene line=13 text=PsMatSpinFriction 0<CR>
dump one_scene line=14 text=PsMatRollFriction 0<CR>
dump one_scene line=15 text=PsMatRestitution 0<CR>
dump one_scene line=16 text=PsMatDynamicFrictionV 0<CR>
dump one_scene line=17 text=PsMatStaticFrictionV 0<CR>
dump one_scene line=18 text=PsMatDirOfAnisotropy 1 0 0<CR>
dump one_scene line=19 text=PsMatDirOfMotion 1 0 0<CR>
dump one_scene line=20 text=PsMatSpeedOfMotion 0<CR>
dump one_scene line=21 text=PsMatAnisotropic false<CR>
dump one_scene line=22 text=PsMatMovingSurface false<CR>
dump one_scene line=23 text=PsMatEnd<CR>
dump one_scene line=24 text=### End Material Definition ####<CR>
dump one_scene line=25 text=<CR>
dump one_scene line=26 text=<CR>
dump one_scene line=27 text=### Begin Material Definition ####<CR>
dump one_scene line=28 text=PsMatBegin mat2<CR>
dump one_scene line=29 text=PsMatDynamicFriction 0.375<CR>
dump one_scene line=30 text=PsMatStaticFriction 0.625<CR>
dump one_scene line=31 text=PsMatSpinFriction 0<CR>
dump one_scene line=32 text=PsMatRollFriction 0<CR>
dump one_scene line=33 text=PsMatRestitution 0.25<CR>
dump one_scene line=34 text=PsMatDynamicFrictionV 0.125<CR>
dump one_scene line=35 text=PsMatStaticFrictionV 0.300000012<CR>
dump one_scene line=36 text=PsMatDirOfAnisotropy 0 0 1<CR>
dump one_scene line=37 text=PsMatDirOfMotion 1 0 0<CR>
dump one_scene line=38 text=PsMatSpeedOfMotion 2.5<CR>
dump one_scene line=39 text=PsMatAnisotropic true<CR>
dump one_scene line=40 text=PsMatMovingSurface true<CR>
dump one_scene line=41 text=PsMatEnd<CR>
dump one_scene line=42 text=### End Material Definition ####<CR>
dump one_scene line=43 text=<CR>
dump one_scene line=44 text=<CR>
dump one_scene line=45 text=### Begin Material Definition ####<CR>
dump one_scene line=46 text=PsMatBegin mat3<CR>
dump one_scene line=47 text=PsMatDynamicFriction 1.25<CR>
dump one_scene line=48 text=PsMatStaticFriction 1.5<CR>
dump one_scene line=49 text=PsMatSpinFriction 0<CR>
dump one_scene line=50 text=PsMatRollFriction 0<CR>
dump one_scene line=51 text=PsMatRestitution 0.875<CR>
dump one_scene line=52 text=PsMatDynamicFrictionV 0<CR>
dump one_scene line=53 text=PsMatStaticFrictionV 0<CR>
dump one_scene line=54 text=PsMatDirOfAnisotropy 1 0 0<CR>
dump one_scene line=55 text=PsMatDirOfMotion 1 0 0<CR>
dump one_scene line=56 text=PsMatSpeedOfMotion 0<CR>
dump one_scene line=57 text=PsMatAnisotropic false<CR>
dump one_scene line=58 text=PsMatMovingSurface false<CR>
dump one_scene line=59 text=PsMatEnd<CR>
dump one_scene line=60 text=### End Material Definition ####<CR>
dump one_scene line=61 text=<CR>
dump one_scene line=62 text=PsAssetBegin Asset__P1<CR>
dump one_scene line=63 text=################################################################<CR>
dump one_scene line=64 text=### Novodex Specific Physics Simulation Constants<CR>
dump one_scene line=65 text=################################################################<CR>
dump one_scene line=66 text=PsSetConstant NX_PENALTY_FORCE 0.75<CR>
dump one_scene line=67 text=PsSetConstant NX_MIN_SEPARATION_FOR_PENALTY -0.050000001<CR>
dump one_scene line=68 text=PsSetConstant NX_DEFAULT_SLEEP_LIN_VEL_SQUARED 0.022500001<CR>
dump one_scene line=69 text=PsSetConstant NX_DEFAULT_SLEEP_ANG_VEL_SQUARED 0.0196<CR>
dump one_scene line=70 text=PsSetConstant NX_BOUNCE_TRESHOLD -1.5<CR>
dump one_scene line=71 text=PsSetConstant NX_DYN_FRICT_SCALING 1<CR>
dump one_scene line=72 text=PsSetConstant NX_STA_FRICT_SCALING 1<CR>
dump one_scene line=73 text=PsSetConstant NX_MAX_ANGULAR_VELOCITY 9<CR>
dump one_scene line=74 text=PsSetConstant NX_MESH_MESH_LEVEL 4<CR>
dump one_scene line=75 text=PsSetConstant NX_ENABLE_MESH_DEBUG 0<CR>
dump one_scene line=76 text=PsSetConstant NX_COLL_INFINITY fltmax<CR>
dump one_scene line=77 text=PsSetConstant NX_CONTINUOUS_CD 0<CR>
dump one_scene line=78 text=PsSetConstant NX_MESH_HINT_SPEED 1<CR>
dump one_scene line=79 text=################################################################<CR>
dump one_scene line=80 text=<CR>
dump one_scene line=81 text=################################################################<CR>
dump one_scene line=82 text=### Collision Group Flags<CR>
dump one_scene line=83 text=################################################################<CR>
dump one_scene line=84 text=PsGroupCollisionFlag 1 FFFFFFF7<CR>
dump one_scene line=85 text=PsGroupCollisionFlag 2 FFFFFFFB<CR>
dump one_scene line=86 text=PsGroupCollisionFlag 3 FFFFFFFD<CR>
dump one_scene line=87 text=################################################################<CR>
dump one_scene line=88 text=<CR>
dump one_scene line=89 text=###########################################################<CR>
dump one_scene line=90 text=#### Asset Information<CR>
dump one_scene line=91 text=###########################################################<CR>
dump one_scene line=92 text=## Scene in initial configuration.<CR>
dump one_scene line=93 text=###########################################################<CR>
dump one_scene line=94 text=PsGravity 0.5 -9.81000042 0.25<CR>
dump one_scene line=95 text=PsJointEnd<CR>
dump one_scene line=96 text=PsJointEnd<CR>
dump one_scene line=97 text=PsJointEnd<CR>
dump one_scene line=98 text=PsJointLimitPlane 0 1 0 -0.25<CR>
dump one_scene line=99 text=PsJointEnd<CR>
dump one_scene line=100 text=PsJointBegin $__P2<CR>
dump one_scene line=101 text=### Point In Plane Joint<CR>
dump one_scene line=102 text=PsJointOffset frame(primary)   body(primary)   offset(-1,0.25,-2)<CR>
dump one_scene line=103 text=PsJointOffset frame(secondary) body(secondary) offset(0.103896126,0.311038971,2.225974083)<CR>
dump one_scene line=104 text=PsJointAxes   frame(primary)   body(primary)   xaxis(0,1,0) yaxis(0,0,1)<CR>
dump one_scene line=105 text=PsJointAxes   frame(secondary) body(secondary) xaxis(-0.155844167,0.958441556,-0.238961041) yaxis(-0.415584415,0.155844152,0.896103919)<CR>
dump one_scene line=106 text=PsDefaultSettings bodycollide(false) breakable(false) <CR>
dump one_scene line=107 text=PsJointLimit swing1(free) swing2(free) twist(free) linear(free,free,locked)<CR>
dump one_scene line=108 text=PsJointEnd<CR>
dump one_scene line=109 text=PsJointBegin $__P3<CR>
dump one_scene line=110 text=### Point On Line Joint<CR>
dump one_scene line=111 text=PsJointOffset frame(primary)   body(primary)   offset(0.157894701,-0.392105132,2.152631521)<CR>
dump one_scene line=112 text=PsJointOffset frame(secondary) body(secondary) offset(-1.719177961,-0.680136979,-1.180822015)<CR>
dump one_scene line=113 text=PsJointAxes   frame(primary)   body(primary)   xaxis(0.221052676,-0.618947327,0.753684223) yaxis(0.82105267,-0.298947304,-0.486315757)<CR>
dump one_scene line=114 text=PsJointAxes   frame(secondary) body(secondary) xaxis(0.950684905,-0.111780807,0.289315104) yaxis(0.26301375,-0.203835607,-0.943013668)<CR>
dump one_scene line=115 text=PsDefaultSettings bodycollide(false) breakable(false) <CR>
dump one_scene line=116 text=PsJointLimit swing1(free) swing2(free) twist(free) linear(free,locked,locked)<CR>
dump one_scene line=117 text=PsJointLimitPlane -0.000000038 -0.000000041 1 -1.999999762<CR>
dump one_scene line=118 text=PsJointEnd<CR>
dump one_scene line=119 text=PsJointBegin $__P4<CR>
dump one_scene line=120 text=### Spherical Joint<CR>
dump one_scene line=121 text=PsJointOffset frame(primary)   body(primary)   offset(1,4,2)<CR>
dump one_scene line=122 text=PsJointOffset frame(secondary) body(secondary) offset(0,1,0)<CR>
dump one_scene line=123 text=PsJointAxes   frame(primary)   body(primary)   xaxis(0,1,0) yaxis(0,0,1)<CR>
dump one_scene line=124 text=PsJointAxes   frame(secondary) body(secondary) xaxis(0,1,0) yaxis(0,0,1)<CR>
dump one_scene line=125 text=PsDefaultSettings bodycollide(false) breakable(false) <CR>
dump one_scene line=126 text=PsJointLimit swing1(free) swing2(free) twist(free) twistspring(none) swingspring(none) jointspring(none) projection(none) linear(locked,locked,locked)<CR>
dump one_scene line=127 text=PsJointEnd<CR>
dump one_scene line=128 text=PsJointBegin "shoulder joint___P5"<CR>
dump one_scene line=129 text=### Spherical Joint<CR>
dump one_scene line=130 text=PsJointOffset frame(primary)   body(primary)   offset(-1.168831229,-0.361688316,0.357792228)<CR>
dump one_scene line=131 text=PsJointOffset frame(secondary) body(secondary) offset(0.713043511,-0.697825968,-0.79347831)<CR>
dump one_scene line=132 text=PsJointAxes   frame(primary)   body(primary)   xaxis(-0.425974041,0.699740291,0.573506534) yaxis(0.896103919,0.238961041,0.374025971)<CR>
dump one_scene line=133 text=PsJointAxes   frame(secondary) body(secondary) xaxis(0.463768095,0.855072498,0.231884152) yaxis(0.884057999,-0.463768065,-0.057971034)<CR>
dump one_scene line=134 text=PsDefaultSettings bodycollide(false) breakable(false) name("shoulder joint") <CR>
dump one_scene line=135 text=PsJointLimit swing1(0.25,0.5,1) swing2(0.25,0.5,1) twist(-0.5,0.25,1,  0.375,0.125,1) twistspring(6,0.25,0.125) swingspring(4,0.75,0.0625) jointspring(3,0.5,0.25) projection(0.125) linear(locked,locked,locked)<CR>
dump one_scene line=136 text=PsJointEnd<CR>
dump one_scene line=137 text=PsJointBegin $__P6<CR>
dump one_scene line=138 text=### Cylindrical Joint<CR>
dump one_scene line=139 text=PsJointOffset frame(primary)   body(primary)   offset(-2.547945261,-0.075342514,0.04794509)<CR>
dump one_scene line=140 text=PsJointOffset frame(secondary) body(secondary) offset(1.090909123,1.190909147,1.972727299)<CR>
dump one_scene line=141 text=PsJointAxes   frame(primary)   body(primary)   xaxis(0.164383546,0.972602725,-0.164383546) yaxis(0.602739692,0.032876715,0.797260284)<CR>
dump one_scene line=142 text=PsJointAxes   frame(secondary) body(secondary) xaxis(-0.155844167,0.958441556,-0.238961041) yaxis(-0.415584415,0.155844152,0.896103919)<CR>
dump one_scene line=143 text=PsDefaultSettings bodycollide(false) breakable(100,250.5) <CR>
dump one_scene line=144 text=PsJointLimit twist(free) swing1(locked) swing2(locked) linear(free,locked,locked)<CR>
dump one_scene line=145 text=PsJointEnd<CR>
dump one_scene line=146 text=PsJointBegin $__P7<CR>
dump one_scene line=147 text=### Revolute Joint<CR>
dump one_scene line=148 text=PsJointOffset frame(primary)   body(primary)   offset(1.214492798,0.157971084,0.007246431)<CR>
dump one_scene line=149 text=PsJointOffset frame(secondary) body(secondary) offset(-4.6712327,0.145205364,2.271232605)<CR>
dump one_scene line=150 text=PsJointAxes   frame(primary)   body(primary)   xaxis(0.884057999,-0.463768065,-0.057971034) yaxis(0.336231858,0.544927478,0.768115997)<CR>
dump one_scene line=151 text=PsJointAxes   frame(secondary) body(secondary) xaxis(0.780821919,-0.230136961,-0.580821872) yaxis(0.602739692,0.032876715,0.797260284)<CR>
dump one_scene line=152 text=PsDefaultSettings bodycollide(false) breakable(false) <CR>
dump one_scene line=153 text=PsJointLimit twist(free) motor(false) twistspring(none) swing1(locked) swing2(locked) linear(locked,locked,locked)<CR>
dump one_scene line=154 text=PsJointEnd<CR>
dump one_scene line=155 text=PsJointBegin hinge___P8<CR>
dump one_scene line=156 text=### Revolute Joint<CR>
dump one_scene line=157 text=PsJointOffset frame(primary)   body(primary)   offset(-2.105263233,1.494736671,1.181578875)<CR>
dump one_scene line=158 text=PsJointOffset frame(secondary) body(secondary) offset(1.952173948,-1.491304159,-1.423913121)<CR>
dump one_scene line=159 text=PsJointAxes   frame(primary)   body(primary)   xaxis(-0.315789461,-0.315789461,0.894736826) yaxis(0.789473712,-0.610526204,0.063157901)<CR>
dump one_scene line=160 text=PsJointAxes   frame(secondary) body(secondary) xaxis(0.336231858,0.544927478,0.768115997) yaxis(0.884057999,-0.463768065,-0.057971034)<CR>
dump one_scene line=161 text=PsDefaultSettings bodycollide(true) breakable(false) name("hinge") <CR>
dump one_scene line=162 text=PsJointLimit twist(-0.25,0.5,0.75,  0.125,0.25,1) motor(2.5,30,true) twistspring(8,0.5,0.0625) swing1(locked) swing2(locked) linear(locked,locked,locked)<CR>
dump one_scene line=163 text=PsJointLimitPlane -0.000000029 1 -0.000000041 3.000000238<CR>
dump one_scene line=164 text=PsJointEnd<CR>
dump one_scene line=165 text=PsJointBegin $__P9<CR>
dump one_scene line=166 text=### Prismatic Joint<CR>
dump one_scene line=167 text=PsJointOffset frame(primary)   body(primary)   offset(1.590909123,0.040909097,0.172727257)<CR>
dump one_scene line=168 text=PsJointOffset frame(secondary) body(secondary) offset(-1.210526347,0.93947351,0.463157862)<CR>
dump one_scene line=169 text=PsJointAxes   frame(primary)   body(primary)   xaxis(-0.084675312,0.670753241,0.736831188) yaxis(0.993177295,-0.002690522,0.116583377)<CR>
dump one_scene line=170 text=PsJointAxes   frame(secondary) body(secondary) xaxis(0.284210503,-0.123789415,0.950736821) yaxis(0.736541331,-0.606635511,-0.299165726)<CR>
dump one_scene line=171 text=PsDefaultSettings bodycollide(false) breakable(false) <CR>
dump one_scene line=172 text=PsJointLimit swing1(locked) swing2(locked) twist(locked) linear(free,locked,locked)<CR>
dump one_scene line=173 text=PsJointEnd<CR>
dump one_scene line=174 text=PsPlane  plane(0,1,0,-0.5) localposition(0,0,0) localorientation(0,0,0,1) group(0) material(mat1) name(ground___P10) awake(false) position(0,0,0) orientation(0,0,0,1) static(true) <CR>
dump one_scene line=175 text=PsDefaultSettings localposition(0,0,0)<CR>
dump one_scene line=176 text=PsDefaultSettings localorientation(0,0,0,1)<CR>
dump one_scene line=177 text=PsDefaultSettings group(0)<CR>
dump one_scene line=178 text=PsBox sides(8,4,0.5) material(mat3) triggerevent(enter,leave,stay) name("wall block___P11") awake(false) position(-3,2,5) orientation(0,0.38176015,0,0.924261451) static(true) <CR>
dump one_scene line=179 text=PsSphere radius(0.625) material(mat1) name(ball___P12) position(0,1,0) orientation(0.101929434,0.203858867,-0.101929441,0.968329668) com(0,0,0) comrot(0,0,0,1) inertia(0.3125,0.3125,0.3125) mass(2.045000076) solvercount(4) velocity(0.5,-0.25,1) angularvelocity(0.300000012,0.699999988,-0.200000003) wakeupcounter(0.399999976) lineardamping(0) angulardamping(0.050000001) maxangularvelocity(9) <CR>
dump one_scene line=180 text=PsDefaultSettings wakeupcounter(0.399999976)<CR>
dump one_scene line=181 text=PsBox sides(2,1,1.5) localposition(0.125,-0.25,0.5) localorientation(0,0,0.382683486,0.923879504) material(mat2) group(3) name("crate"q___P13") position(3,0.5,-1) orientation(-0.20519565,0.102597833,0.307793438,0.923380554) com(0.125,-0.25,0.5) comrot(0,0,-0.382683486,0.923879504) inertia(2.34375,1.21875,1.875) mass(4.5) solvercount(7) velocity(0,0,0) angularvelocity(0,0,0) lineardamping(0.125) angulardamping(0.0625) maxangularvelocity(12.5) <CR>
dump one_scene line=182 text=PsDefaultSettings angularvelocity(0,0,0)<CR>
dump one_scene line=183 text=PsCapsule height(1.25) radius(0.375) localposition(0,0,0) localorientation(0,0,0,1) material(mat1) group(2) name(pill___P14) position(-2,0.5,1.5) orientation(0.323029101,-0.107676379,0.215352729,0.915249228) com(0,0,0) comrot(0,0,0,1) inertia(0.975000024,0.1875,0.975000024) mass(2.650000095) solvercount(4) velocity(-0.75,0.100000001,0.400000006) lineardamping(0) angulardamping(0.050000001) maxangularvelocity(9) locked(true,false,false,false,false,true) <CR>
dump one_scene line=184 text=PsDefaultSettings com(0,0,0)<CR>
dump one_scene line=185 text=PsDefaultSettings comrot(0,0,0,1)<CR>
dump one_scene line=186 text=PsDefaultSettings solvercount(4)<CR>
dump one_scene line=187 text=PsDefaultSettings lineardamping(0)<CR>
dump one_scene line=188 text=PsDefaultSettings angulardamping(0.050000001)<CR>
dump one_scene line=189 text=PsDefaultSettings maxangularvelocity(9)<CR>
dump one_scene line=190 text=PsDefaultSettings localposition(0,0,0)<CR>
dump one_scene line=191 text=PsDefaultSettings localorientation(0,0,0,1)<CR>
dump one_scene line=192 text=PsDefaultSettings material(mat1)<CR>
dump one_scene line=193 text=PsBox sides(1,1,4) group(0) name(mover___P15) position(1,3,2) orientation(0,0,0,1) density(1) inertia(5.666666985,5.666666985,0.666666687) mass(4) velocity(0,0,0) kinematic(true) <CR>
dump one_scene line=194 text=PsDefaultSettings velocity(0,0,0)<CR>
dump one_scene line=195 text=PsShapeBegin Shape1<CR>
dump one_scene line=196 text=PsDefaultSettings group(0)<CR>
dump one_scene line=197 text=PsBox sides(1,0.5,1) localposition(0,-0.5,0) <CR>
dump one_scene line=198 text=PsSphere radius(0.25) localposition(0,0.5,0) material(mat2) triggerevent(leave,) <CR>
dump one_scene line=199 text=PsCapsule height(0.75) radius(0.125) localposition(0.5,0,0) localorientation(0.707106888,0,0,0.707106709) material(mat1) group(5) <CR>
dump one_scene line=200 text=PsShapeEnd<CR>
dump one_scene line=201 text=PsShape Shape1 name(compound___P16) position(4,2,3) orientation(0.052342389,-0.31405434,0.10468477,0.94216305) com(0.044699065,-0.455300927,0) comrot(0,0,0.154588833,0.987978876) inertia(0.159999996,0.25,0.1875) mass(1.375) angularvelocity(0,1.5,0) <CR>
dump one_scene line=202 text=PsDefaultSettings group(0)<CR>
dump one_scene line=203 text=PsBox sides(0.600000024,0.600000024,0.600000024) name("frozen one___P17") position(-4,1,-4) orientation(0,0,0,1) com(0,0,0) comrot(0,0,0,1) inertia(0.01296,0.01296,0.01296) mass(0.216000006) angularvelocity(0,0,0) locked(true) collision(false) <CR>
dump one_scene line=204 text=PsDefaultSettings orientation(0,0,0,1)<CR>
dump one_scene line=205 text=PsDefaultSettings comrot(0,0,0,1)<CR>
dump one_scene line=206 text=PsDefaultSettings angularvelocity(0,0,0)<CR>
dump one_scene line=207 text=PsShapeBegin Shape2<CR>
dump one_scene line=208 text=PsShapeEnd<CR>
dump one_scene line=209 text=PsShape Shape2 name(ghost___P18) position(0,6,0) com(0,0.25,0) inertia(1,0.5,0.25) mass(2) <CR>
dump one_scene line=210 text=PsSphere radius(0.5) name($__P19) position(2,0.5,4) com(0,0,0) inertia(0.050000001,0.050000001,0.050000001) mass(0.5) wakeupcounter(0) <CR>
dump one_scene line=211 text=PsJoint $__P20 pill___P14 $__P19<CR>
dump one_scene line=212 text=PsJoint $__P21 compound___P16 $__P19<CR>
dump one_scene line=213 text=PsJoint $__P22 ball___P12 "crate"q___P13"<CR>
dump one_scene line=214 text=PsJoint rope___P23 ball___P12 $__P19<CR>
dump one_scene line=215 text=PsJoint $__P2 $__P19 ball___P12<CR>
dump one_scene line=216 text=PsJoint $__P3 "crate"q___P13" compound___P16<CR>
dump one_scene line=217 text=PsJoint $__P4 @world mover___P15<CR>
dump one_scene line=218 text=PsJoint "shoulder joint___P5" ball___P12 pill___P14<CR>
dump one_scene line=219 text=PsJoint $__P6 compound___P16 ball___P12<CR>
dump one_scene line=220 text=PsJoint $__P7 pill___P14 compound___P16<CR>
dump one_scene line=221 text=PsJoint hinge___P8 "crate"q___P13" pill___P14<CR>
dump one_scene line=222 text=PsJoint $__P9 ball___P12 "crate"q___P13"<CR>
dump one_scene line=223 text=PsDefaultSettings spring_dist_relaxed(1.250000)
dump one_scene line=224 text=PsDefaultSettings spring_dist_compress_saturate(0.500000) spring_dist_stretch_saturate(3.000000)
dump one_scene line=225 text=PsDefaultSettings spring_max_compress_force(40.000000) spring_max_stretch_force(55.000000)
dump one_scene line=226 text=PsDefaultSettings spring_vel_compress_saturate(-2.500000) spring_vel_stretch_saturate(1.750000)
dump one_scene line=227 text=PsDefaultSettings spring_damper_max_compress_force(7.000000) spring_damper_max_stretch_force(9.500000)
dump one_scene line=228 text=PsDefaultSettings spring_pos1(0.250000,1.500000,-0.300000)
dump one_scene line=229 text=PsDefaultSettings spring_pos2(-1.750000,0.200000,1.250000)
dump one_scene line=230 text=PsSpring ball___P12 pill___P14
dump one_scene line=231 text=PsAssetEnd<CR>
dump one_scene line=232 text=##################################################################################<CR>
dump one_scene line=233 text=<CR>
dump one_scene line=234 text=<CR>
dump one_scene line=235 text=PsSetScene 0<CR>
dump one_scene line=236 text=PsAsset Asset__P1 position(0,0,0) orientation(0,0,0,1)<CR>
dump one_scene line=237 text=<CR>
dump one_scene line=238 text=PsSetScene 0<CR>
dump one_scene lines=239 normalised_bytes=13916
allocator window scene_a_release allocations=9 frees=125
dump no_scene coreDump binary=1 addendum=yes returned=0
dump no_scene present=yes
dump no_scene line=0 text=################################################################<CR>
dump no_scene line=1 text=### Core Dump from Novodex Physics SDK<CR>
dump no_scene line=2 text=### Core Dump Generated on <date><CR>
dump no_scene line=3 text=### Contains 0 assets.<CR>
dump no_scene line=4 text=PsReset<CR>
dump no_scene line=5 text=PsVersion 1.4<CR>
dump no_scene line=6 text=PsNameSpace PhysicsSDK__P0<CR>
dump no_scene line=7 text=<CR>
dump no_scene line=8 text=<CR>
dump no_scene line=9 text=### Begin Material Definition ####<CR>
dump no_scene line=10 text=PsMatBegin mat1<CR>
dump no_scene line=11 text=PsMatDynamicFriction 0<CR>
dump no_scene line=12 text=PsMatStaticFriction 0<CR>
dump no_scene line=13 text=PsMatSpinFriction 0<CR>
dump no_scene line=14 text=PsMatRollFriction 0<CR>
dump no_scene line=15 text=PsMatRestitution 0<CR>
dump no_scene line=16 text=PsMatDynamicFrictionV 0<CR>
dump no_scene line=17 text=PsMatStaticFrictionV 0<CR>
dump no_scene line=18 text=PsMatDirOfAnisotropy 1 0 0<CR>
dump no_scene line=19 text=PsMatDirOfMotion 1 0 0<CR>
dump no_scene line=20 text=PsMatSpeedOfMotion 0<CR>
dump no_scene line=21 text=PsMatAnisotropic false<CR>
dump no_scene line=22 text=PsMatMovingSurface false<CR>
dump no_scene line=23 text=PsMatEnd<CR>
dump no_scene line=24 text=### End Material Definition ####<CR>
dump no_scene line=25 text=<CR>
dump no_scene line=26 text=<CR>
dump no_scene line=27 text=### Begin Material Definition ####<CR>
dump no_scene line=28 text=PsMatBegin mat2<CR>
dump no_scene line=29 text=PsMatDynamicFriction 0.3750$3ec00000<CR>
dump no_scene line=30 text=PsMatStaticFriction 0.6250$3f200000<CR>
dump no_scene line=31 text=PsMatSpinFriction 0<CR>
dump no_scene line=32 text=PsMatRollFriction 0<CR>
dump no_scene line=33 text=PsMatRestitution 0.2500$3e800000<CR>
dump no_scene line=34 text=PsMatDynamicFrictionV 0.1250$3e000000<CR>
dump no_scene line=35 text=PsMatStaticFrictionV 0.3000$3e99999a<CR>
dump no_scene line=36 text=PsMatDirOfAnisotropy 0 0 1<CR>
dump no_scene line=37 text=PsMatDirOfMotion 1 0 0<CR>
dump no_scene line=38 text=PsMatSpeedOfMotion 2.5000$40200000<CR>
dump no_scene line=39 text=PsMatAnisotropic true<CR>
dump no_scene line=40 text=PsMatMovingSurface true<CR>
dump no_scene line=41 text=PsMatEnd<CR>
dump no_scene line=42 text=### End Material Definition ####<CR>
dump no_scene line=43 text=<CR>
dump no_scene line=44 text=<CR>
dump no_scene line=45 text=### Begin Material Definition ####<CR>
dump no_scene line=46 text=PsMatBegin mat3<CR>
dump no_scene line=47 text=PsMatDynamicFriction 1.2500$3fa00000<CR>
dump no_scene line=48 text=PsMatStaticFriction 1.5000$3fc00000<CR>
dump no_scene line=49 text=PsMatSpinFriction 0<CR>
dump no_scene line=50 text=PsMatRollFriction 0<CR>
dump no_scene line=51 text=PsMatRestitution 0.8750$3f600000<CR>
dump no_scene line=52 text=PsMatDynamicFrictionV 0<CR>
dump no_scene line=53 text=PsMatStaticFrictionV 0<CR>
dump no_scene line=54 text=PsMatDirOfAnisotropy 1 0 0<CR>
dump no_scene line=55 text=PsMatDirOfMotion 1 0 0<CR>
dump no_scene line=56 text=PsMatSpeedOfMotion 0<CR>
dump no_scene line=57 text=PsMatAnisotropic false<CR>
dump no_scene line=58 text=PsMatMovingSurface false<CR>
dump no_scene line=59 text=PsMatEnd<CR>
dump no_scene line=60 text=### End Material Definition ####<CR>
dump no_scene line=61 text=<CR>
dump no_scene line=62 text=<CR>
dump no_scene line=63 text=PsSetScene 0<CR>
dump no_scene line=64 text=### Begin : User supplied addendum script.<CR>
dump no_scene line=65 text=<CR>
dump no_scene line=66 text=### End   : User supplied addendum script.<CR>
dump no_scene lines=67 normalised_bytes=1799
scene=released
allocator after_release outstanding=14
scene c=created
dump pointer_epoch reset
scene actor napper=created
scene actor sensor=created
scene actor sensor 2=created
scene actor west=created
scene actor west again=created
scene actor pebble=created
scene actor pebble 2=created
scene actor twin=created
scene actor twin 2=created
scene actor brick=created
scene actor brick 2=created
scene actor gate=created
dump scene_c coreDump binary=0 addendum=no returned=0
dump scene_c present=yes
dump scene_c line=0 text=################################################################<CR>
dump scene_c line=1 text=### Core Dump from Novodex Physics SDK<CR>
dump scene_c line=2 text=### Core Dump Generated on <date><CR>
dump scene_c line=3 text=### Contains one Asset.<CR>
dump scene_c line=4 text=PsReset<CR>
dump scene_c line=5 text=PsVersion 1.4<CR>
dump scene_c line=6 text=PsNameSpace PhysicsSDK__P0<CR>
dump scene_c line=7 text=<CR>
dump scene_c line=8 text=<CR>
dump scene_c line=9 text=### Begin Material Definition ####<CR>
dump scene_c line=10 text=PsMatBegin mat1<CR>
dump scene_c line=11 text=PsMatDynamicFriction 0<CR>
dump scene_c line=12 text=PsMatStaticFriction 0<CR>
dump scene_c line=13 text=PsMatSpinFriction 0<CR>
dump scene_c line=14 text=PsMatRollFriction 0<CR>
dump scene_c line=15 text=PsMatRestitution 0<CR>
dump scene_c line=16 text=PsMatDynamicFrictionV 0<CR>
dump scene_c line=17 text=PsMatStaticFrictionV 0<CR>
dump scene_c line=18 text=PsMatDirOfAnisotropy 1 0 0<CR>
dump scene_c line=19 text=PsMatDirOfMotion 1 0 0<CR>
dump scene_c line=20 text=PsMatSpeedOfMotion 0<CR>
dump scene_c line=21 text=PsMatAnisotropic false<CR>
dump scene_c line=22 text=PsMatMovingSurface false<CR>
dump scene_c line=23 text=PsMatEnd<CR>
dump scene_c line=24 text=### End Material Definition ####<CR>
dump scene_c line=25 text=<CR>
dump scene_c line=26 text=<CR>
dump scene_c line=27 text=### Begin Material Definition ####<CR>
dump scene_c line=28 text=PsMatBegin mat2<CR>
dump scene_c line=29 text=PsMatDynamicFriction 0.375<CR>
dump scene_c line=30 text=PsMatStaticFriction 0.625<CR>
dump scene_c line=31 text=PsMatSpinFriction 0<CR>
dump scene_c line=32 text=PsMatRollFriction 0<CR>
dump scene_c line=33 text=PsMatRestitution 0.25<CR>
dump scene_c line=34 text=PsMatDynamicFrictionV 0.125<CR>
dump scene_c line=35 text=PsMatStaticFrictionV 0.300000012<CR>
dump scene_c line=36 text=PsMatDirOfAnisotropy 0 0 1<CR>
dump scene_c line=37 text=PsMatDirOfMotion 1 0 0<CR>
dump scene_c line=38 text=PsMatSpeedOfMotion 2.5<CR>
dump scene_c line=39 text=PsMatAnisotropic true<CR>
dump scene_c line=40 text=PsMatMovingSurface true<CR>
dump scene_c line=41 text=PsMatEnd<CR>
dump scene_c line=42 text=### End Material Definition ####<CR>
dump scene_c line=43 text=<CR>
dump scene_c line=44 text=<CR>
dump scene_c line=45 text=### Begin Material Definition ####<CR>
dump scene_c line=46 text=PsMatBegin mat3<CR>
dump scene_c line=47 text=PsMatDynamicFriction 1.25<CR>
dump scene_c line=48 text=PsMatStaticFriction 1.5<CR>
dump scene_c line=49 text=PsMatSpinFriction 0<CR>
dump scene_c line=50 text=PsMatRollFriction 0<CR>
dump scene_c line=51 text=PsMatRestitution 0.875<CR>
dump scene_c line=52 text=PsMatDynamicFrictionV 0<CR>
dump scene_c line=53 text=PsMatStaticFrictionV 0<CR>
dump scene_c line=54 text=PsMatDirOfAnisotropy 1 0 0<CR>
dump scene_c line=55 text=PsMatDirOfMotion 1 0 0<CR>
dump scene_c line=56 text=PsMatSpeedOfMotion 0<CR>
dump scene_c line=57 text=PsMatAnisotropic false<CR>
dump scene_c line=58 text=PsMatMovingSurface false<CR>
dump scene_c line=59 text=PsMatEnd<CR>
dump scene_c line=60 text=### End Material Definition ####<CR>
dump scene_c line=61 text=<CR>
dump scene_c line=62 text=PsAssetBegin Asset__P1<CR>
dump scene_c line=63 text=################################################################<CR>
dump scene_c line=64 text=### Novodex Specific Physics Simulation Constants<CR>
dump scene_c line=65 text=################################################################<CR>
dump scene_c line=66 text=PsSetConstant NX_PENALTY_FORCE 0.75<CR>
dump scene_c line=67 text=PsSetConstant NX_MIN_SEPARATION_FOR_PENALTY -0.050000001<CR>
dump scene_c line=68 text=PsSetConstant NX_DEFAULT_SLEEP_LIN_VEL_SQUARED 0.022500001<CR>
dump scene_c line=69 text=PsSetConstant NX_DEFAULT_SLEEP_ANG_VEL_SQUARED 0.0196<CR>
dump scene_c line=70 text=PsSetConstant NX_BOUNCE_TRESHOLD -1.5<CR>
dump scene_c line=71 text=PsSetConstant NX_DYN_FRICT_SCALING 1<CR>
dump scene_c line=72 text=PsSetConstant NX_STA_FRICT_SCALING 1<CR>
dump scene_c line=73 text=PsSetConstant NX_MAX_ANGULAR_VELOCITY 9<CR>
dump scene_c line=74 text=PsSetConstant NX_MESH_MESH_LEVEL 4<CR>
dump scene_c line=75 text=PsSetConstant NX_ENABLE_MESH_DEBUG 0<CR>
dump scene_c line=76 text=PsSetConstant NX_COLL_INFINITY fltmax<CR>
dump scene_c line=77 text=PsSetConstant NX_CONTINUOUS_CD 0<CR>
dump scene_c line=78 text=PsSetConstant NX_MESH_HINT_SPEED 1<CR>
dump scene_c line=79 text=################################################################<CR>
dump scene_c line=80 text=<CR>
dump scene_c line=81 text=################################################################<CR>
dump scene_c line=82 text=### Collision Group Flags<CR>
dump scene_c line=83 text=################################################################<CR>
dump scene_c line=84 text=PsGroupCollisionFlag 1 FFFFFFF7<CR>
dump scene_c line=85 text=PsGroupCollisionFlag 2 FFFFFFFB<CR>
dump scene_c line=86 text=PsGroupCollisionFlag 3 FFFFFFFD<CR>
dump scene_c line=87 text=################################################################<CR>
dump scene_c line=88 text=<CR>
dump scene_c line=89 text=###########################################################<CR>
dump scene_c line=90 text=#### Asset Information<CR>
dump scene_c line=91 text=###########################################################<CR>
dump scene_c line=92 text=## Scene in initial configuration.<CR>
dump scene_c line=93 text=###########################################################<CR>
dump scene_c line=94 text=PsGravity 0 -9.81000042 0<CR>
dump scene_c line=95 text=PsSphere radius(0.5) localposition(0,0,0) localorientation(0,0,0,1) material(mat1) group(0) name(napper___P2) awake(false) position(-6,0.5,0) orientation(0,0,0,1) com(0,0,0) comrot(0,0,0,1) inertia(0.050000001,0.050000001,0.050000001) mass(0.5) solvercount(4) velocity(0,0,0) angularvelocity(0,0,0) wakeupcounter(0) lineardamping(0) angulardamping(0.050000001) maxangularvelocity(9) <CR>
dump scene_c line=96 text=PsDefaultSettings localposition(0,0,0)<CR>
dump scene_c line=97 text=PsDefaultSettings localorientation(0,0,0,1)<CR>
dump scene_c line=98 text=PsDefaultSettings material(mat1)<CR>
dump scene_c line=99 text=PsDefaultSettings group(0)<CR>
dump scene_c line=100 text=PsCapsule height(2) radius(0.25) name(sensor___P3) awake(false) position(0,1,-6) orientation(0,0,0.382683486,0.923879504) static(true) <CR>
dump scene_c line=101 text=PsDefaultSettings position(0,1,-6)<CR>
dump scene_c line=102 text=PsDefaultSettings orientation(0,0,0.382683486,0.923879504)<CR>
dump scene_c line=103 text=PsDefaultSettings radius(0.25)<CR>
dump scene_c line=104 text=PsDefaultSettings height(2)<CR>
dump scene_c line=105 text=PsCapsule triggerevent(enter,) name("sensor 2___P4") awake(false) static(true) <CR>
dump scene_c line=106 text=PsPlane  plane(1,0,0,-20) name(west___P5) awake(false) position(0,0,0) orientation(0,0,0,1) static(true) <CR>
dump scene_c line=107 text=PsDefaultSettings position(0,0,0)<CR>
dump scene_c line=108 text=PsDefaultSettings orientation(0,0,0,1)<CR>
dump scene_c line=109 text=PsDefaultSettings plane(1,0,0,-20)<CR>
dump scene_c line=110 text=PsPlane  name("west again___P6") awake(false) static(true) <CR>
dump scene_c line=111 text=PsSphere radius(0.375) material(mat3) name(pebble___P7) awake(false) position(3,0.375,3) static(true) <CR>
dump scene_c line=112 text=PsDefaultSettings position(3,0.375,3)<CR>
dump scene_c line=113 text=PsDefaultSettings radius(0.375)<CR>
dump scene_c line=114 text=PsDefaultSettings material(mat3)<CR>
dump scene_c line=115 text=PsSphere name("pebble 2___P8") awake(false) static(true) <CR>
dump scene_c line=116 text=PsDefaultSettings comrot(0,0,0,1)<CR>
dump scene_c line=117 text=PsBox sides(1,1.5,2.5) localposition(0,0.25,0) material(mat2) group(4) name(twin___P9) position(5,1,5) orientation(0,0.301131338,0,0.953582644) com(0,0.25,0) inertia(0.5,0.625,0.75) mass(3) solvercount(6) velocity(0.25,0,-0.5) angularvelocity(0,0.75,0) wakeupcounter(0.399999976) lineardamping(0.25) angulardamping(0.125) maxangularvelocity(5) <CR>
dump scene_c line=118 text=PsDefaultSettings position(5,1,5)<CR>
dump scene_c line=119 text=PsDefaultSettings orientation(0,0.301131338,0,0.953582644)<CR>
dump scene_c line=120 text=PsDefaultSettings com(0,0.25,0)<CR>
dump scene_c line=121 text=PsDefaultSettings inertia(0.5,0.625,0.75)<CR>
dump scene_c line=122 text=PsDefaultSettings mass(3)<CR>
dump scene_c line=123 text=PsDefaultSettings solvercount(6)<CR>
dump scene_c line=124 text=PsDefaultSettings velocity(0.25,0,-0.5)<CR>
dump scene_c line=125 text=PsDefaultSettings angularvelocity(0,0.75,0)<CR>
dump scene_c line=126 text=PsDefaultSettings wakeupcounter(0.399999976)<CR>
dump scene_c line=127 text=PsDefaultSettings lineardamping(0.25)<CR>
dump scene_c line=128 text=PsDefaultSettings angulardamping(0.125)<CR>
dump scene_c line=129 text=PsDefaultSettings maxangularvelocity(5)<CR>
dump scene_c line=130 text=PsDefaultSettings sides(1,1.5,2.5)<CR>
dump scene_c line=131 text=PsDefaultSettings localposition(0,0.25,0)<CR>
dump scene_c line=132 text=PsDefaultSettings material(mat2)<CR>
dump scene_c line=133 text=PsDefaultSettings group(4)<CR>
dump scene_c line=134 text=PsBox name("twin 2___P10") <CR>
dump scene_c line=135 text=PsBox sides(0.5,0.5,1) localposition(0,0,0) material(mat1) group(0) name(brick___P11) position(-3,2,-3) orientation(0,0,0,1) density(2) com(0,0,0) inertia(0.052083336,0.052083336,0.020833334) mass(0.5) solvercount(4) velocity(0,0,0) angularvelocity(0,0,0) lineardamping(0) angulardamping(0.050000001) maxangularvelocity(9) <CR>
dump scene_c line=136 text=PsDefaultSettings orientation(0,0,0,1)<CR>
dump scene_c line=137 text=PsDefaultSettings density(2)<CR>
dump scene_c line=138 text=PsDefaultSettings com(0,0,0)<CR>
dump scene_c line=139 text=PsDefaultSettings inertia(0.052083336,0.052083336,0.020833334)<CR>
dump scene_c line=140 text=PsDefaultSettings mass(0.5)<CR>
dump scene_c line=141 text=PsDefaultSettings solvercount(4)<CR>
dump scene_c line=142 text=PsDefaultSettings velocity(0,0,0)<CR>
dump scene_c line=143 text=PsDefaultSettings angularvelocity(0,0,0)<CR>
dump scene_c line=144 text=PsDefaultSettings lineardamping(0)<CR>
dump scene_c line=145 text=PsDefaultSettings angulardamping(0.050000001)<CR>
dump scene_c line=146 text=PsDefaultSettings maxangularvelocity(9)<CR>
dump scene_c line=147 text=PsDefaultSettings sides(0.5,0.5,1)<CR>
dump scene_c line=148 text=PsDefaultSettings localposition(0,0,0)<CR>
dump scene_c line=149 text=PsDefaultSettings material(mat1)<CR>
dump scene_c line=150 text=PsDefaultSettings group(0)<CR>
dump scene_c line=151 text=PsBox name("brick 2___P12") position(-3,3,-3) <CR>
dump scene_c line=152 text=PsShapeBegin Shape1<CR>
dump scene_c line=153 text=PsBox sides(0.5,4,0.5) localposition(-1,0,0) <CR>
dump scene_c line=154 text=PsDefaultSettings sides(0.5,4,0.5)<CR>
dump scene_c line=155 text=PsBox localposition(1,0,0) <CR>
dump scene_c line=156 text=PsCapsule radius(0.200000003) localposition(0,2,0) localorientation(0,0,0.707106888,0.707106709) group(6) <CR>
dump scene_c line=157 text=PsShapeEnd<CR>
dump scene_c line=158 text=PsShape Shape1 name(gate___P13) awake(false) position(8,2,-2) static(true) <CR>
dump scene_c line=159 text=PsAssetEnd<CR>
dump scene_c line=160 text=##################################################################################<CR>
dump scene_c line=161 text=<CR>
dump scene_c line=162 text=<CR>
dump scene_c line=163 text=PsSetScene 0<CR>
dump scene_c line=164 text=PsAsset Asset__P1 position(0,0,0) orientation(0,0,0,1)<CR>
dump scene_c line=165 text=<CR>
dump scene_c line=166 text=PsSetScene 0<CR>
dump scene_c lines=167 normalised_bytes=7270
dump scene_c_binary coreDump binary=1 addendum=no returned=0
dump scene_c_binary present=yes
dump scene_c_binary line=0 text=################################################################<CR>
dump scene_c_binary line=1 text=### Core Dump from Novodex Physics SDK<CR>
dump scene_c_binary line=2 text=### Core Dump Generated on <date><CR>
dump scene_c_binary line=3 text=### Contains one Asset.<CR>
dump scene_c_binary line=4 text=PsReset<CR>
dump scene_c_binary line=5 text=PsVersion 1.4<CR>
dump scene_c_binary line=6 text=PsNameSpace PhysicsSDK__P0<CR>
dump scene_c_binary line=7 text=<CR>
dump scene_c_binary line=8 text=<CR>
dump scene_c_binary line=9 text=### Begin Material Definition ####<CR>
dump scene_c_binary line=10 text=PsMatBegin mat1<CR>
dump scene_c_binary line=11 text=PsMatDynamicFriction 0<CR>
dump scene_c_binary line=12 text=PsMatStaticFriction 0<CR>
dump scene_c_binary line=13 text=PsMatSpinFriction 0<CR>
dump scene_c_binary line=14 text=PsMatRollFriction 0<CR>
dump scene_c_binary line=15 text=PsMatRestitution 0<CR>
dump scene_c_binary line=16 text=PsMatDynamicFrictionV 0<CR>
dump scene_c_binary line=17 text=PsMatStaticFrictionV 0<CR>
dump scene_c_binary line=18 text=PsMatDirOfAnisotropy 1 0 0<CR>
dump scene_c_binary line=19 text=PsMatDirOfMotion 1 0 0<CR>
dump scene_c_binary line=20 text=PsMatSpeedOfMotion 0<CR>
dump scene_c_binary line=21 text=PsMatAnisotropic false<CR>
dump scene_c_binary line=22 text=PsMatMovingSurface false<CR>
dump scene_c_binary line=23 text=PsMatEnd<CR>
dump scene_c_binary line=24 text=### End Material Definition ####<CR>
dump scene_c_binary line=25 text=<CR>
dump scene_c_binary line=26 text=<CR>
dump scene_c_binary line=27 text=### Begin Material Definition ####<CR>
dump scene_c_binary line=28 text=PsMatBegin mat2<CR>
dump scene_c_binary line=29 text=PsMatDynamicFriction 0.3750$3ec00000<CR>
dump scene_c_binary line=30 text=PsMatStaticFriction 0.6250$3f200000<CR>
dump scene_c_binary line=31 text=PsMatSpinFriction 0<CR>
dump scene_c_binary line=32 text=PsMatRollFriction 0<CR>
dump scene_c_binary line=33 text=PsMatRestitution 0.2500$3e800000<CR>
dump scene_c_binary line=34 text=PsMatDynamicFrictionV 0.1250$3e000000<CR>
dump scene_c_binary line=35 text=PsMatStaticFrictionV 0.3000$3e99999a<CR>
dump scene_c_binary line=36 text=PsMatDirOfAnisotropy 0 0 1<CR>
dump scene_c_binary line=37 text=PsMatDirOfMotion 1 0 0<CR>
dump scene_c_binary line=38 text=PsMatSpeedOfMotion 2.5000$40200000<CR>
dump scene_c_binary line=39 text=PsMatAnisotropic true<CR>
dump scene_c_binary line=40 text=PsMatMovingSurface true<CR>
dump scene_c_binary line=41 text=PsMatEnd<CR>
dump scene_c_binary line=42 text=### End Material Definition ####<CR>
dump scene_c_binary line=43 text=<CR>
dump scene_c_binary line=44 text=<CR>
dump scene_c_binary line=45 text=### Begin Material Definition ####<CR>
dump scene_c_binary line=46 text=PsMatBegin mat3<CR>
dump scene_c_binary line=47 text=PsMatDynamicFriction 1.2500$3fa00000<CR>
dump scene_c_binary line=48 text=PsMatStaticFriction 1.5000$3fc00000<CR>
dump scene_c_binary line=49 text=PsMatSpinFriction 0<CR>
dump scene_c_binary line=50 text=PsMatRollFriction 0<CR>
dump scene_c_binary line=51 text=PsMatRestitution 0.8750$3f600000<CR>
dump scene_c_binary line=52 text=PsMatDynamicFrictionV 0<CR>
dump scene_c_binary line=53 text=PsMatStaticFrictionV 0<CR>
dump scene_c_binary line=54 text=PsMatDirOfAnisotropy 1 0 0<CR>
dump scene_c_binary line=55 text=PsMatDirOfMotion 1 0 0<CR>
dump scene_c_binary line=56 text=PsMatSpeedOfMotion 0<CR>
dump scene_c_binary line=57 text=PsMatAnisotropic false<CR>
dump scene_c_binary line=58 text=PsMatMovingSurface false<CR>
dump scene_c_binary line=59 text=PsMatEnd<CR>
dump scene_c_binary line=60 text=### End Material Definition ####<CR>
dump scene_c_binary line=61 text=<CR>
dump scene_c_binary line=62 text=PsAssetBegin Asset__P1<CR>
dump scene_c_binary line=63 text=################################################################<CR>
dump scene_c_binary line=64 text=### Novodex Specific Physics Simulation Constants<CR>
dump scene_c_binary line=65 text=################################################################<CR>
dump scene_c_binary line=66 text=PsSetConstant NX_PENALTY_FORCE 0.7500$3f400000<CR>
dump scene_c_binary line=67 text=PsSetConstant NX_MIN_SEPARATION_FOR_PENALTY -0.0500$bd4ccccd<CR>
dump scene_c_binary line=68 text=PsSetConstant NX_DEFAULT_SLEEP_LIN_VEL_SQUARED 0.0225$3cb851ec<CR>
dump scene_c_binary line=69 text=PsSetConstant NX_DEFAULT_SLEEP_ANG_VEL_SQUARED 0.0196$3ca0902e<CR>
dump scene_c_binary line=70 text=PsSetConstant NX_BOUNCE_TRESHOLD -1.5000$bfc00000<CR>
dump scene_c_binary line=71 text=PsSetConstant NX_DYN_FRICT_SCALING 1<CR>
dump scene_c_binary line=72 text=PsSetConstant NX_STA_FRICT_SCALING 1<CR>
dump scene_c_binary line=73 text=PsSetConstant NX_MAX_ANGULAR_VELOCITY 9.0000$41100000<CR>
dump scene_c_binary line=74 text=PsSetConstant NX_MESH_MESH_LEVEL 4.0000$40800000<CR>
dump scene_c_binary line=75 text=PsSetConstant NX_ENABLE_MESH_DEBUG 0<CR>
dump scene_c_binary line=76 text=PsSetConstant NX_COLL_INFINITY fltmax<CR>
dump scene_c_binary line=77 text=PsSetConstant NX_CONTINUOUS_CD 0<CR>
dump scene_c_binary line=78 text=PsSetConstant NX_MESH_HINT_SPEED 1<CR>
dump scene_c_binary line=79 text=################################################################<CR>
dump scene_c_binary line=80 text=<CR>
dump scene_c_binary line=81 text=################################################################<CR>
dump scene_c_binary line=82 text=### Collision Group Flags<CR>
dump scene_c_binary line=83 text=################################################################<CR>
dump scene_c_binary line=84 text=PsGroupCollisionFlag 1 FFFFFFF7<CR>
dump scene_c_binary line=85 text=PsGroupCollisionFlag 2 FFFFFFFB<CR>
dump scene_c_binary line=86 text=PsGroupCollisionFlag 3 FFFFFFFD<CR>
dump scene_c_binary line=87 text=################################################################<CR>
dump scene_c_binary line=88 text=<CR>
dump scene_c_binary line=89 text=###########################################################<CR>
dump scene_c_binary line=90 text=#### Asset Information<CR>
dump scene_c_binary line=91 text=###########################################################<CR>
dump scene_c_binary line=92 text=## Scene in initial configuration.<CR>
dump scene_c_binary line=93 text=###########################################################<CR>
dump scene_c_binary line=94 text=PsGravity 0 -9.8100$c11cf5c3 0<CR>
dump scene_c_binary line=95 text=PsSphere radius(0.5000$3f000000) localposition(0,0,0) localorientation(0,0,0,1) material(mat1) group(0) name(napper___P2) awake(false) position(-6.0000$c0c00000,0.5000$3f000000,0) orientation(0,0,0,1) com(0,0,0) comrot(0,0,0,1) inertia(0.0500$3d4ccccd,0.0500$3d4ccccd,0.0500$3d4ccccd) mass(0.5000$3f000000) solvercount(4) velocity(0,0,0) angularvelocity(0,0,0) wakeupcounter(0) lineardamping(0) angulardamping(0.0500$3d4ccccd) maxangularvelocity(9.0000$41100000) <CR>
dump scene_c_binary line=96 text=PsDefaultSettings localposition(0,0,0)<CR>
dump scene_c_binary line=97 text=PsDefaultSettings localorientation(0,0,0,1)<CR>
dump scene_c_binary line=98 text=PsDefaultSettings material(mat1)<CR>
dump scene_c_binary line=99 text=PsDefaultSettings group(0)<CR>
dump scene_c_binary line=100 text=PsCapsule height(2.0000$40000000) radius(0.2500$3e800000) name(sensor___P3) awake(false) position(0,1,-6.0000$c0c00000) orientation(0,0,0.3827$3ec3ef17,0.9239$3f6c835e) static(true) <CR>
dump scene_c_binary line=101 text=PsDefaultSettings position(0,1,-6.0000$c0c00000)<CR>
dump scene_c_binary line=102 text=PsDefaultSettings orientation(0,0,0.3827$3ec3ef17,0.9239$3f6c835e)<CR>
dump scene_c_binary line=103 text=PsDefaultSettings radius(0.2500$3e800000)<CR>
dump scene_c_binary line=104 text=PsDefaultSettings height(2.0000$40000000)<CR>
dump scene_c_binary line=105 text=PsCapsule triggerevent(enter,) name("sensor 2___P4") awake(false) static(true) <CR>
dump scene_c_binary line=106 text=PsPlane  plane(1,0,0,-20.0000$c1a00000) name(west___P5) awake(false) position(0,0,0) orientation(0,0,0,1) static(true) <CR>
dump scene_c_binary line=107 text=PsDefaultSettings position(0,0,0)<CR>
dump scene_c_binary line=108 text=PsDefaultSettings orientation(0,0,0,1)<CR>
dump scene_c_binary line=109 text=PsDefaultSettings plane(1,0,0,-20.0000$c1a00000)<CR>
dump scene_c_binary line=110 text=PsPlane  name("west again___P6") awake(false) static(true) <CR>
dump scene_c_binary line=111 text=PsSphere radius(0.3750$3ec00000) material(mat3) name(pebble___P7) awake(false) position(3.0000$40400000,0.3750$3ec00000,3.0000$40400000) static(true) <CR>
dump scene_c_binary line=112 text=PsDefaultSettings position(3.0000$40400000,0.3750$3ec00000,3.0000$40400000)<CR>
dump scene_c_binary line=113 text=PsDefaultSettings radius(0.3750$3ec00000)<CR>
dump scene_c_binary line=114 text=PsDefaultSettings material(mat3)<CR>
dump scene_c_binary line=115 text=PsSphere name("pebble 2___P8") awake(false) static(true) <CR>
dump scene_c_binary line=116 text=PsDefaultSettings comrot(0,0,0,1)<CR>
dump scene_c_binary line=117 text=PsBox sides(1,1.5000$3fc00000,2.5000$40200000) localposition(0,0.2500$3e800000,0) material(mat2) group(4) name(twin___P9) position(5.0000$40a00000,1,5.0000$40a00000) orientation(0,0.3011$3e9a2de3,0,0.9536$3f741dfe) com(0,0.2500$3e800000,0) inertia(0.5000$3f000000,0.6250$3f200000,0.7500$3f400000) mass(3.0000$40400000) solvercount(6) velocity(0.2500$3e800000,0,-0.5000$bf000000) angularvelocity(0,0.7500$3f400000,0) wakeupcounter(0.4000$3ecccccc) lineardamping(0.2500$3e800000) angulardamping(0.1250$3e000000) maxangularvelocity(5.0000$40a00000) <CR>
dump scene_c_binary line=118 text=PsDefaultSettings position(5.0000$40a00000,1,5.0000$40a00000)<CR>
dump scene_c_binary line=119 text=PsDefaultSettings orientation(0,0.3011$3e9a2de3,0,0.9536$3f741dfe)<CR>
dump scene_c_binary line=120 text=PsDefaultSettings com(0,0.2500$3e800000,0)<CR>
dump scene_c_binary line=121 text=PsDefaultSettings inertia(0.5000$3f000000,0.6250$3f200000,0.7500$3f400000)<CR>
dump scene_c_binary line=122 text=PsDefaultSettings mass(3.0000$40400000)<CR>
dump scene_c_binary line=123 text=PsDefaultSettings solvercount(6)<CR>
dump scene_c_binary line=124 text=PsDefaultSettings velocity(0.2500$3e800000,0,-0.5000$bf000000)<CR>
dump scene_c_binary line=125 text=PsDefaultSettings angularvelocity(0,0.7500$3f400000,0)<CR>
dump scene_c_binary line=126 text=PsDefaultSettings wakeupcounter(0.4000$3ecccccc)<CR>
dump scene_c_binary line=127 text=PsDefaultSettings lineardamping(0.2500$3e800000)<CR>
dump scene_c_binary line=128 text=PsDefaultSettings angulardamping(0.1250$3e000000)<CR>
dump scene_c_binary line=129 text=PsDefaultSettings maxangularvelocity(5.0000$40a00000)<CR>
dump scene_c_binary line=130 text=PsDefaultSettings sides(1,1.5000$3fc00000,2.5000$40200000)<CR>
dump scene_c_binary line=131 text=PsDefaultSettings localposition(0,0.2500$3e800000,0)<CR>
dump scene_c_binary line=132 text=PsDefaultSettings material(mat2)<CR>
dump scene_c_binary line=133 text=PsDefaultSettings group(4)<CR>
dump scene_c_binary line=134 text=PsBox name("twin 2___P10") <CR>
dump scene_c_binary line=135 text=PsBox sides(0.5000$3f000000,0.5000$3f000000,1) localposition(0,0,0) material(mat1) group(0) name(brick___P11) position(-3.0000$c0400000,2.0000$40000000,-3.0000$c0400000) orientation(0,0,0,1) density(2.0000$40000000) com(0,0,0) inertia(0.0521$3d555556,0.0521$3d555556,0.0208$3caaaaab) mass(0.5000$3f000000) solvercount(4) velocity(0,0,0) angularvelocity(0,0,0) lineardamping(0) angulardamping(0.0500$3d4ccccd) maxangularvelocity(9.0000$41100000) <CR>
dump scene_c_binary line=136 text=PsDefaultSettings orientation(0,0,0,1)<CR>
dump scene_c_binary line=137 text=PsDefaultSettings density(2.0000$40000000)<CR>
dump scene_c_binary line=138 text=PsDefaultSettings com(0,0,0)<CR>
dump scene_c_binary line=139 text=PsDefaultSettings inertia(0.0521$3d555556,0.0521$3d555556,0.0208$3caaaaab)<CR>
dump scene_c_binary line=140 text=PsDefaultSettings mass(0.5000$3f000000)<CR>
dump scene_c_binary line=141 text=PsDefaultSettings solvercount(4)<CR>
dump scene_c_binary line=142 text=PsDefaultSettings velocity(0,0,0)<CR>
dump scene_c_binary line=143 text=PsDefaultSettings angularvelocity(0,0,0)<CR>
dump scene_c_binary line=144 text=PsDefaultSettings lineardamping(0)<CR>
dump scene_c_binary line=145 text=PsDefaultSettings angulardamping(0.0500$3d4ccccd)<CR>
dump scene_c_binary line=146 text=PsDefaultSettings maxangularvelocity(9.0000$41100000)<CR>
dump scene_c_binary line=147 text=PsDefaultSettings sides(0.5000$3f000000,0.5000$3f000000,1)<CR>
dump scene_c_binary line=148 text=PsDefaultSettings localposition(0,0,0)<CR>
dump scene_c_binary line=149 text=PsDefaultSettings material(mat1)<CR>
dump scene_c_binary line=150 text=PsDefaultSettings group(0)<CR>
dump scene_c_binary line=151 text=PsBox name("brick 2___P12") position(-3.0000$c0400000,3.0000$40400000,-3.0000$c0400000) <CR>
dump scene_c_binary line=152 text=PsShapeBegin Shape1<CR>
dump scene_c_binary line=153 text=PsBox sides(0.5000$3f000000,4.0000$40800000,0.5000$3f000000) localposition(-1,0,0) <CR>
dump scene_c_binary line=154 text=PsDefaultSettings sides(0.5000$3f000000,4.0000$40800000,0.5000$3f000000)<CR>
dump scene_c_binary line=155 text=PsBox localposition(1,0,0) <CR>
dump scene_c_binary line=156 text=PsCapsule radius(0.2000$3e4ccccd) localposition(0,2.0000$40000000,0) localorientation(0,0,0.7071$3f3504f5,0.7071$3f3504f2) group(6) <CR>
dump scene_c_binary line=157 text=PsShapeEnd<CR>
dump scene_c_binary line=158 text=PsShape Shape1 name(gate___P13) awake(false) position(8.0000$41000000,2.0000$40000000,-2.0000$c0000000) static(true) <CR>
dump scene_c_binary line=159 text=PsAssetEnd<CR>
dump scene_c_binary line=160 text=##################################################################################<CR>
dump scene_c_binary line=161 text=<CR>
dump scene_c_binary line=162 text=<CR>
dump scene_c_binary line=163 text=PsSetScene 0<CR>
dump scene_c_binary line=164 text=PsAsset Asset__P1 position(0,0,0) orientation(0,0,0,1)<CR>
dump scene_c_binary line=165 text=<CR>
dump scene_c_binary line=166 text=PsSetScene 0<CR>
dump scene_c_binary lines=167 normalised_bytes=8523
scene c=released
scene d=created
dump pointer_epoch reset
scene actor ball=created
scene actor crate=created
scene actor pill=created
scene actor compound=created
scene actor cube=created
report error code=1 file=\Epic\Novodex\SDKs\Physics\src\Scene.cpp line=515 message=Supplied NxActorDesc is not valid. createActor returns NULL.
scene actor heavy=null
report error code=1 file=\Epic\Novodex\SDKs\Physics\src\Actor.cpp line=230 message=Actor::loadFromDescInternal: Can't compute mass from shapes: must have at least one non-trigger shape!
report error code=1 file=\Epic\Novodex\SDKs\Physics\src\Scene.cpp line=552 message=Actor Initialisation failed: returned NULL.
scene actor lure=null
scene actor sleeper=created
scene actor pair=created
scene joint revolute=created
dump scene_d coreDump binary=0 addendum=no returned=0
dump scene_d present=yes
dump scene_d line=0 text=################################################################<CR>
dump scene_d line=1 text=### Core Dump from Novodex Physics SDK<CR>
dump scene_d line=2 text=### Core Dump Generated on <date><CR>
dump scene_d line=3 text=### Contains one Asset.<CR>
dump scene_d line=4 text=PsReset<CR>
dump scene_d line=5 text=PsVersion 1.4<CR>
dump scene_d line=6 text=PsNameSpace PhysicsSDK__P0<CR>
dump scene_d line=7 text=<CR>
dump scene_d line=8 text=<CR>
dump scene_d line=9 text=### Begin Material Definition ####<CR>
dump scene_d line=10 text=PsMatBegin mat1<CR>
dump scene_d line=11 text=PsMatDynamicFriction 0<CR>
dump scene_d line=12 text=PsMatStaticFriction 0<CR>
dump scene_d line=13 text=PsMatSpinFriction 0<CR>
dump scene_d line=14 text=PsMatRollFriction 0<CR>
dump scene_d line=15 text=PsMatRestitution 0<CR>
dump scene_d line=16 text=PsMatDynamicFrictionV 0<CR>
dump scene_d line=17 text=PsMatStaticFrictionV 0<CR>
dump scene_d line=18 text=PsMatDirOfAnisotropy 1 0 0<CR>
dump scene_d line=19 text=PsMatDirOfMotion 1 0 0<CR>
dump scene_d line=20 text=PsMatSpeedOfMotion 0<CR>
dump scene_d line=21 text=PsMatAnisotropic false<CR>
dump scene_d line=22 text=PsMatMovingSurface false<CR>
dump scene_d line=23 text=PsMatEnd<CR>
dump scene_d line=24 text=### End Material Definition ####<CR>
dump scene_d line=25 text=<CR>
dump scene_d line=26 text=<CR>
dump scene_d line=27 text=### Begin Material Definition ####<CR>
dump scene_d line=28 text=PsMatBegin mat2<CR>
dump scene_d line=29 text=PsMatDynamicFriction 0.375<CR>
dump scene_d line=30 text=PsMatStaticFriction 0.625<CR>
dump scene_d line=31 text=PsMatSpinFriction 0<CR>
dump scene_d line=32 text=PsMatRollFriction 0<CR>
dump scene_d line=33 text=PsMatRestitution 0.25<CR>
dump scene_d line=34 text=PsMatDynamicFrictionV 0.125<CR>
dump scene_d line=35 text=PsMatStaticFrictionV 0.300000012<CR>
dump scene_d line=36 text=PsMatDirOfAnisotropy 0 0 1<CR>
dump scene_d line=37 text=PsMatDirOfMotion 1 0 0<CR>
dump scene_d line=38 text=PsMatSpeedOfMotion 2.5<CR>
dump scene_d line=39 text=PsMatAnisotropic true<CR>
dump scene_d line=40 text=PsMatMovingSurface true<CR>
dump scene_d line=41 text=PsMatEnd<CR>
dump scene_d line=42 text=### End Material Definition ####<CR>
dump scene_d line=43 text=<CR>
dump scene_d line=44 text=<CR>
dump scene_d line=45 text=### Begin Material Definition ####<CR>
dump scene_d line=46 text=PsMatBegin mat3<CR>
dump scene_d line=47 text=PsMatDynamicFriction 1.25<CR>
dump scene_d line=48 text=PsMatStaticFriction 1.5<CR>
dump scene_d line=49 text=PsMatSpinFriction 0<CR>
dump scene_d line=50 text=PsMatRollFriction 0<CR>
dump scene_d line=51 text=PsMatRestitution 0.875<CR>
dump scene_d line=52 text=PsMatDynamicFrictionV 0<CR>
dump scene_d line=53 text=PsMatStaticFrictionV 0<CR>
dump scene_d line=54 text=PsMatDirOfAnisotropy 1 0 0<CR>
dump scene_d line=55 text=PsMatDirOfMotion 1 0 0<CR>
dump scene_d line=56 text=PsMatSpeedOfMotion 0<CR>
dump scene_d line=57 text=PsMatAnisotropic false<CR>
dump scene_d line=58 text=PsMatMovingSurface false<CR>
dump scene_d line=59 text=PsMatEnd<CR>
dump scene_d line=60 text=### End Material Definition ####<CR>
dump scene_d line=61 text=<CR>
dump scene_d line=62 text=PsAssetBegin Asset__P1<CR>
dump scene_d line=63 text=################################################################<CR>
dump scene_d line=64 text=### Novodex Specific Physics Simulation Constants<CR>
dump scene_d line=65 text=################################################################<CR>
dump scene_d line=66 text=PsSetConstant NX_PENALTY_FORCE 0.75<CR>
dump scene_d line=67 text=PsSetConstant NX_MIN_SEPARATION_FOR_PENALTY -0.050000001<CR>
dump scene_d line=68 text=PsSetConstant NX_DEFAULT_SLEEP_LIN_VEL_SQUARED 0.022500001<CR>
dump scene_d line=69 text=PsSetConstant NX_DEFAULT_SLEEP_ANG_VEL_SQUARED 0.0196<CR>
dump scene_d line=70 text=PsSetConstant NX_BOUNCE_TRESHOLD -1.5<CR>
dump scene_d line=71 text=PsSetConstant NX_DYN_FRICT_SCALING 1<CR>
dump scene_d line=72 text=PsSetConstant NX_STA_FRICT_SCALING 1<CR>
dump scene_d line=73 text=PsSetConstant NX_MAX_ANGULAR_VELOCITY 9<CR>
dump scene_d line=74 text=PsSetConstant NX_MESH_MESH_LEVEL 4<CR>
dump scene_d line=75 text=PsSetConstant NX_ENABLE_MESH_DEBUG 0<CR>
dump scene_d line=76 text=PsSetConstant NX_COLL_INFINITY fltmax<CR>
dump scene_d line=77 text=PsSetConstant NX_CONTINUOUS_CD 0<CR>
dump scene_d line=78 text=PsSetConstant NX_MESH_HINT_SPEED 1<CR>
dump scene_d line=79 text=################################################################<CR>
dump scene_d line=80 text=<CR>
dump scene_d line=81 text=################################################################<CR>
dump scene_d line=82 text=### Collision Group Flags<CR>
dump scene_d line=83 text=################################################################<CR>
dump scene_d line=84 text=PsGroupCollisionFlag 1 FFFFFFF7<CR>
dump scene_d line=85 text=PsGroupCollisionFlag 2 FFFFFFFB<CR>
dump scene_d line=86 text=PsGroupCollisionFlag 3 FFFFFFFD<CR>
dump scene_d line=87 text=################################################################<CR>
dump scene_d line=88 text=<CR>
dump scene_d line=89 text=###########################################################<CR>
dump scene_d line=90 text=#### Asset Information<CR>
dump scene_d line=91 text=###########################################################<CR>
dump scene_d line=92 text=## Scene in initial configuration.<CR>
dump scene_d line=93 text=###########################################################<CR>
dump scene_d line=94 text=PsGravity 0 -9.81000042 0<CR>
dump scene_d line=95 text=PsJointBegin $__P2<CR>
dump scene_d line=96 text=### Revolute Joint<CR>
dump scene_d line=97 text=PsJointOffset frame(primary)   body(primary)   offset(-2.105263233,1.494736671,1.181578875)<CR>
dump scene_d line=98 text=PsJointOffset frame(secondary) body(secondary) offset(1.952173948,-1.491304159,-1.423913121)<CR>
dump scene_d line=99 text=PsJointAxes   frame(primary)   body(primary)   xaxis(-0.315789461,-0.315789461,0.894736826) yaxis(0.789473712,-0.610526204,0.063157901)<CR>
dump scene_d line=100 text=PsJointAxes   frame(secondary) body(secondary) xaxis(0.336231858,0.544927478,0.768115997) yaxis(0.884057999,-0.463768065,-0.057971034)<CR>
dump scene_d line=101 text=PsDefaultSettings bodycollide(false) breakable(false) <CR>
dump scene_d line=102 text=PsJointLimit twist(free) motor(false) twistspring(none) swing1(locked) swing2(locked) linear(locked,locked,locked)<CR>
dump scene_d line=103 text=PsJointLimitPlane -0.000000008 1 -0.000000007 3.000000238<CR>
dump scene_d line=104 text=PsJointEnd<CR>
dump scene_d line=105 text=PsSphere radius(0.625) localposition(0,0,0) localorientation(0,0,0,1) material(mat1) group(0) name(ball___P3) position(0,1,0) orientation(0.101929434,0.203858867,-0.101929441,0.968329668) density(1.25) com(0,0,0) comrot(0,0,0,1) inertia(0.199737087,0.199737087,0.199737087) mass(1.278317451) solvercount(4) velocity(0.5,-0.25,1) angularvelocity(0.300000012,0.699999988,-0.200000003) wakeupcounter(0.399999976) lineardamping(0) angulardamping(0.050000001) maxangularvelocity(9) <CR>
dump scene_d line=106 text=PsDefaultSettings wakeupcounter(0.399999976)<CR>
dump scene_d line=107 text=PsBox sides(2,1,1.5) localposition(0.125,-0.25,0.5) localorientation(0,0,0.382683486,0.923879504) material(mat2) group(3) name(crate___P4) position(3,0.5,-1) orientation(-0.20519565,0.102597833,0.307793438,0.923380554) density(0.800000012) com(0.125,-0.25,0.5) comrot(0,0,-0.382683426,0.923879504) inertia(1.25,0.649999976,1) mass(2.400000095) solvercount(7) velocity(0,0,0) angularvelocity(0,0,0) lineardamping(0.125) angulardamping(0.0625) maxangularvelocity(12.5) <CR>
dump scene_d line=108 text=PsDefaultSettings angularvelocity(0,0,0)<CR>
dump scene_d line=109 text=PsCapsule height(1.25) radius(0.375) localposition(0,0,0) localorientation(0,0,0,1) material(mat1) group(2) name(pill___P5) position(-2,0.5,1.5) orientation(0.323029101,-0.107676379,0.215352729,0.915249228) density(1.5) com(0,0,0) comrot(0,0,0,1) inertia(0.488381177,0.093189336,0.488381177) mass(1.325359344) solvercount(4) velocity(-0.75,0.100000001,0.400000006) lineardamping(0) angulardamping(0.050000001) maxangularvelocity(9) <CR>
dump scene_d line=110 text=PsDefaultSettings solvercount(4)<CR>
dump scene_d line=111 text=PsDefaultSettings lineardamping(0)<CR>
dump scene_d line=112 text=PsDefaultSettings angulardamping(0.050000001)<CR>
dump scene_d line=113 text=PsDefaultSettings maxangularvelocity(9)<CR>
dump scene_d line=114 text=PsShapeBegin Shape1<CR>
dump scene_d line=115 text=PsDefaultSettings localorientation(0,0,0,1)<CR>
dump scene_d line=116 text=PsDefaultSettings material(mat1)<CR>
dump scene_d line=117 text=PsBox sides(1,0.5,1) localposition(0,-0.5,0) group(0) <CR>
dump scene_d line=118 text=PsDefaultSettings group(0)<CR>
dump scene_d line=119 text=PsSphere radius(0.25) localposition(0,0.5,0) triggerevent(leave,) <CR>
dump scene_d line=120 text=PsCapsule height(0.75) radius(0.125) localposition(0.5,0,0) localorientation(0.707106888,0,0,0.707106709) <CR>
dump scene_d line=121 text=PsShapeEnd<CR>
dump scene_d line=122 text=PsShape Shape1 name(compound___P6) position(4,2,3) orientation(0.052342389,-0.31405434,0.10468477,0.94216305) density(2) com(0.044699065,-0.455300927,0) comrot(0.000000007,0.000000008,0.154588804,0.987978876) inertia(0.127911374,0.204750523,0.149632752) mass(1.09817481) velocity(0,0,0) angularvelocity(0,1.5,0) <CR>
dump scene_d line=123 text=PsDefaultSettings velocity(0,0,0)<CR>
dump scene_d line=124 text=PsDefaultSettings localposition(0,0,0)<CR>
dump scene_d line=125 text=PsDefaultSettings localorientation(0,0,0,1)<CR>
dump scene_d line=126 text=PsDefaultSettings material(mat1)<CR>
dump scene_d line=127 text=PsBox sides(0.600000024,0.600000024,0.600000024) group(0) name(cube___P7) position(-4,1,-4) orientation(0,0,0,1) density(8) com(0,0,0) comrot(0,0,0,1) inertia(0.103680022,0.103680022,0.103680022) mass(1.728000164) angularvelocity(0,0,0) <CR>
dump scene_d line=128 text=PsDefaultSettings orientation(0,0,0,1)<CR>
dump scene_d line=129 text=PsDefaultSettings com(0,0,0)<CR>
dump scene_d line=130 text=PsDefaultSettings comrot(0,0,0,1)<CR>
dump scene_d line=131 text=PsDefaultSettings angularvelocity(0,0,0)<CR>
dump scene_d line=132 text=PsDefaultSettings group(0)<CR>
dump scene_d line=133 text=PsSphere radius(0.5) name(sleeper___P8) awake(false) position(2,0.5,4) density(0.949999988) inertia(0.049741883,0.049741883,0.049741883) mass(0.497418851) wakeupcounter(0) <CR>
dump scene_d line=134 text=PsShapeBegin Shape2<CR>
dump scene_d line=135 text=PsBox sides(0.5,0.5,0.5) localposition(-0.5,0,0) <CR>
dump scene_d line=136 text=PsBox sides(0.5,1,0.5) localposition(0.5,0,0) <CR>
dump scene_d line=137 text=PsShapeEnd<CR>
dump scene_d line=138 text=PsShape Shape2 name(pair___P9) position(2,1,0) orientation(0,0,0.199960008,0.979804039) density(3) com(0.166666672,0,0) inertia(0.09375,0.296875,0.34375) mass(1.125) wakeupcounter(0.399999976) <CR>
dump scene_d line=139 text=PsJoint $__P2 crate___P4 pill___P5<CR>
dump scene_d line=140 text=PsAssetEnd<CR>
dump scene_d line=141 text=##################################################################################<CR>
dump scene_d line=142 text=<CR>
dump scene_d line=143 text=<CR>
dump scene_d line=144 text=PsSetScene 0<CR>
dump scene_d line=145 text=PsAsset Asset__P1 position(0,0,0) orientation(0,0,0,1)<CR>
dump scene_d line=146 text=<CR>
dump scene_d line=147 text=PsSetScene 0<CR>
dump scene_d lines=148 normalised_bytes=7615
dump scene_d_binary coreDump binary=1 addendum=no returned=0
dump scene_d_binary present=yes
dump scene_d_binary line=0 text=################################################################<CR>
dump scene_d_binary line=1 text=### Core Dump from Novodex Physics SDK<CR>
dump scene_d_binary line=2 text=### Core Dump Generated on <date><CR>
dump scene_d_binary line=3 text=### Contains one Asset.<CR>
dump scene_d_binary line=4 text=PsReset<CR>
dump scene_d_binary line=5 text=PsVersion 1.4<CR>
dump scene_d_binary line=6 text=PsNameSpace PhysicsSDK__P0<CR>
dump scene_d_binary line=7 text=<CR>
dump scene_d_binary line=8 text=<CR>
dump scene_d_binary line=9 text=### Begin Material Definition ####<CR>
dump scene_d_binary line=10 text=PsMatBegin mat1<CR>
dump scene_d_binary line=11 text=PsMatDynamicFriction 0<CR>
dump scene_d_binary line=12 text=PsMatStaticFriction 0<CR>
dump scene_d_binary line=13 text=PsMatSpinFriction 0<CR>
dump scene_d_binary line=14 text=PsMatRollFriction 0<CR>
dump scene_d_binary line=15 text=PsMatRestitution 0<CR>
dump scene_d_binary line=16 text=PsMatDynamicFrictionV 0<CR>
dump scene_d_binary line=17 text=PsMatStaticFrictionV 0<CR>
dump scene_d_binary line=18 text=PsMatDirOfAnisotropy 1 0 0<CR>
dump scene_d_binary line=19 text=PsMatDirOfMotion 1 0 0<CR>
dump scene_d_binary line=20 text=PsMatSpeedOfMotion 0<CR>
dump scene_d_binary line=21 text=PsMatAnisotropic false<CR>
dump scene_d_binary line=22 text=PsMatMovingSurface false<CR>
dump scene_d_binary line=23 text=PsMatEnd<CR>
dump scene_d_binary line=24 text=### End Material Definition ####<CR>
dump scene_d_binary line=25 text=<CR>
dump scene_d_binary line=26 text=<CR>
dump scene_d_binary line=27 text=### Begin Material Definition ####<CR>
dump scene_d_binary line=28 text=PsMatBegin mat2<CR>
dump scene_d_binary line=29 text=PsMatDynamicFriction 0.3750$3ec00000<CR>
dump scene_d_binary line=30 text=PsMatStaticFriction 0.6250$3f200000<CR>
dump scene_d_binary line=31 text=PsMatSpinFriction 0<CR>
dump scene_d_binary line=32 text=PsMatRollFriction 0<CR>
dump scene_d_binary line=33 text=PsMatRestitution 0.2500$3e800000<CR>
dump scene_d_binary line=34 text=PsMatDynamicFrictionV 0.1250$3e000000<CR>
dump scene_d_binary line=35 text=PsMatStaticFrictionV 0.3000$3e99999a<CR>
dump scene_d_binary line=36 text=PsMatDirOfAnisotropy 0 0 1<CR>
dump scene_d_binary line=37 text=PsMatDirOfMotion 1 0 0<CR>
dump scene_d_binary line=38 text=PsMatSpeedOfMotion 2.5000$40200000<CR>
dump scene_d_binary line=39 text=PsMatAnisotropic true<CR>
dump scene_d_binary line=40 text=PsMatMovingSurface true<CR>
dump scene_d_binary line=41 text=PsMatEnd<CR>
dump scene_d_binary line=42 text=### End Material Definition ####<CR>
dump scene_d_binary line=43 text=<CR>
dump scene_d_binary line=44 text=<CR>
dump scene_d_binary line=45 text=### Begin Material Definition ####<CR>
dump scene_d_binary line=46 text=PsMatBegin mat3<CR>
dump scene_d_binary line=47 text=PsMatDynamicFriction 1.2500$3fa00000<CR>
dump scene_d_binary line=48 text=PsMatStaticFriction 1.5000$3fc00000<CR>
dump scene_d_binary line=49 text=PsMatSpinFriction 0<CR>
dump scene_d_binary line=50 text=PsMatRollFriction 0<CR>
dump scene_d_binary line=51 text=PsMatRestitution 0.8750$3f600000<CR>
dump scene_d_binary line=52 text=PsMatDynamicFrictionV 0<CR>
dump scene_d_binary line=53 text=PsMatStaticFrictionV 0<CR>
dump scene_d_binary line=54 text=PsMatDirOfAnisotropy 1 0 0<CR>
dump scene_d_binary line=55 text=PsMatDirOfMotion 1 0 0<CR>
dump scene_d_binary line=56 text=PsMatSpeedOfMotion 0<CR>
dump scene_d_binary line=57 text=PsMatAnisotropic false<CR>
dump scene_d_binary line=58 text=PsMatMovingSurface false<CR>
dump scene_d_binary line=59 text=PsMatEnd<CR>
dump scene_d_binary line=60 text=### End Material Definition ####<CR>
dump scene_d_binary line=61 text=<CR>
dump scene_d_binary line=62 text=PsAssetBegin Asset__P1<CR>
dump scene_d_binary line=63 text=################################################################<CR>
dump scene_d_binary line=64 text=### Novodex Specific Physics Simulation Constants<CR>
dump scene_d_binary line=65 text=################################################################<CR>
dump scene_d_binary line=66 text=PsSetConstant NX_PENALTY_FORCE 0.7500$3f400000<CR>
dump scene_d_binary line=67 text=PsSetConstant NX_MIN_SEPARATION_FOR_PENALTY -0.0500$bd4ccccd<CR>
dump scene_d_binary line=68 text=PsSetConstant NX_DEFAULT_SLEEP_LIN_VEL_SQUARED 0.0225$3cb851ec<CR>
dump scene_d_binary line=69 text=PsSetConstant NX_DEFAULT_SLEEP_ANG_VEL_SQUARED 0.0196$3ca0902e<CR>
dump scene_d_binary line=70 text=PsSetConstant NX_BOUNCE_TRESHOLD -1.5000$bfc00000<CR>
dump scene_d_binary line=71 text=PsSetConstant NX_DYN_FRICT_SCALING 1<CR>
dump scene_d_binary line=72 text=PsSetConstant NX_STA_FRICT_SCALING 1<CR>
dump scene_d_binary line=73 text=PsSetConstant NX_MAX_ANGULAR_VELOCITY 9.0000$41100000<CR>
dump scene_d_binary line=74 text=PsSetConstant NX_MESH_MESH_LEVEL 4.0000$40800000<CR>
dump scene_d_binary line=75 text=PsSetConstant NX_ENABLE_MESH_DEBUG 0<CR>
dump scene_d_binary line=76 text=PsSetConstant NX_COLL_INFINITY fltmax<CR>
dump scene_d_binary line=77 text=PsSetConstant NX_CONTINUOUS_CD 0<CR>
dump scene_d_binary line=78 text=PsSetConstant NX_MESH_HINT_SPEED 1<CR>
dump scene_d_binary line=79 text=################################################################<CR>
dump scene_d_binary line=80 text=<CR>
dump scene_d_binary line=81 text=################################################################<CR>
dump scene_d_binary line=82 text=### Collision Group Flags<CR>
dump scene_d_binary line=83 text=################################################################<CR>
dump scene_d_binary line=84 text=PsGroupCollisionFlag 1 FFFFFFF7<CR>
dump scene_d_binary line=85 text=PsGroupCollisionFlag 2 FFFFFFFB<CR>
dump scene_d_binary line=86 text=PsGroupCollisionFlag 3 FFFFFFFD<CR>
dump scene_d_binary line=87 text=################################################################<CR>
dump scene_d_binary line=88 text=<CR>
dump scene_d_binary line=89 text=###########################################################<CR>
dump scene_d_binary line=90 text=#### Asset Information<CR>
dump scene_d_binary line=91 text=###########################################################<CR>
dump scene_d_binary line=92 text=## Scene in initial configuration.<CR>
dump scene_d_binary line=93 text=###########################################################<CR>
dump scene_d_binary line=94 text=PsGravity 0 -9.8100$c11cf5c3 0<CR>
dump scene_d_binary line=95 text=PsJointBegin $__P2<CR>
dump scene_d_binary line=96 text=### Revolute Joint<CR>
dump scene_d_binary line=97 text=PsJointOffset frame(primary)   body(primary)   offset(-2.1053$c006bca2,1.4947$3fbf5388,1.1816$3f973dfa)<CR>
dump scene_d_binary line=98 text=PsJointOffset frame(secondary) body(secondary) offset(1.9522$3ff9e0d6,-1.4913$bfbee30e,-1.4239$bfb642c9)<CR>
dump scene_d_binary line=99 text=PsJointAxes   frame(primary)   body(primary)   xaxis(-0.3158$bea1af28,-0.3158$bea1af28,0.8947$3f650d79) yaxis(0.7895$3f4a1af3,-0.6105$bf1c4b72,0.0632$3d8158ee)<CR>
dump scene_d_binary line=100 text=PsJointAxes   frame(secondary) body(secondary) xaxis(0.3362$3eac2695,0.5449$3f0b805e,0.7681$3f44a340) yaxis(0.8841$3f6251a0,-0.4638$beed7302,-0.0580$bd6d7309)<CR>
dump scene_d_binary line=101 text=PsDefaultSettings bodycollide(false) breakable(false) <CR>
dump scene_d_binary line=102 text=PsJointLimit twist(free) motor(false) twistspring(none) swing1(locked) swing2(locked) linear(locked,locked,locked)<CR>
dump scene_d_binary line=103 text=PsJointLimitPlane -0.0000$b20e5099 1 -0.0000$b1e787fc 3.0000$40400001<CR>
dump scene_d_binary line=104 text=PsJointEnd<CR>
dump scene_d_binary line=105 text=PsSphere radius(0.6250$3f200000) localposition(0,0,0) localorientation(0,0,0,1) material(mat1) group(0) name(ball___P3) position(0,1,0) orientation(0.1019$3dd0c061,0.2039$3e50c061,-0.1019$bdd0c062,0.9683$3f77e474) density(1.2500$3fa00000) com(0,0,0) comrot(0,0,0,1) inertia(0.1997$3e4c87e1,0.1997$3e4c87e1,0.1997$3e4c87e1) mass(1.2783$3fa39fe8) solvercount(4) velocity(0.5000$3f000000,-0.2500$be800000,1) angularvelocity(0.3000$3e99999a,0.7000$3f333333,-0.2000$be4ccccd) wakeupcounter(0.4000$3ecccccc) lineardamping(0) angulardamping(0.0500$3d4ccccd) maxangularvelocity(9.0000$41100000) <CR>
dump scene_d_binary line=106 text=PsDefaultSettings wakeupcounter(0.4000$3ecccccc)<CR>
dump scene_d_binary line=107 text=PsBox sides(2.0000$40000000,1,1.5000$3fc00000) localposition(0.1250$3e000000,-0.2500$be800000,0.5000$3f000000) localorientation(0,0,0.3827$3ec3ef17,0.9239$3f6c835e) material(mat2) group(3) name(crate___P4) position(3.0000$40400000,0.5000$3f000000,-1) orientation(-0.2052$be521ecf,0.1026$3dd21ed0,0.3078$3e9d971a,0.9234$3f6c62ab) density(0.8000$3f4ccccd) com(0.1250$3e000000,-0.2500$be800000,0.5000$3f000000) comrot(0,0,-0.3827$bec3ef15,0.9239$3f6c835e) inertia(1.2500$3fa00000,0.6500$3f266666,1) mass(2.4000$4019999a) solvercount(7) velocity(0,0,0) angularvelocity(0,0,0) lineardamping(0.1250$3e000000) angulardamping(0.0625$3d800000) maxangularvelocity(12.5000$41480000) <CR>
dump scene_d_binary line=108 text=PsDefaultSettings angularvelocity(0,0,0)<CR>
dump scene_d_binary line=109 text=PsCapsule height(1.2500$3fa00000) radius(0.3750$3ec00000) localposition(0,0,0) localorientation(0,0,0,1) material(mat1) group(2) name(pill___P5) position(-2.0000$c0000000,0.5000$3f000000,1.5000$3fc00000) orientation(0.3230$3ea56412,-0.1077$bddc856f,0.2154$3e5c856d,0.9152$3f6a4dc6) density(1.5000$3fc00000) com(0,0,0) comrot(0,0,0,1) inertia(0.4884$3efa0d19,0.0932$3dbeda0d,0.4884$3efa0d19) mass(1.3254$3fa9a560) solvercount(4) velocity(-0.7500$bf400000,0.1000$3dcccccd,0.4000$3ecccccd) lineardamping(0) angulardamping(0.0500$3d4ccccd) maxangularvelocity(9.0000$41100000) <CR>
dump scene_d_binary line=110 text=PsDefaultSettings solvercount(4)<CR>
dump scene_d_binary line=111 text=PsDefaultSettings lineardamping(0)<CR>
dump scene_d_binary line=112 text=PsDefaultSettings angulardamping(0.0500$3d4ccccd)<CR>
dump scene_d_binary line=113 text=PsDefaultSettings maxangularvelocity(9.0000$41100000)<CR>
dump scene_d_binary line=114 text=PsShapeBegin Shape1<CR>
dump scene_d_binary line=115 text=PsDefaultSettings localorientation(0,0,0,1)<CR>
dump scene_d_binary line=116 text=PsDefaultSettings material(mat1)<CR>
dump scene_d_binary line=117 text=PsBox sides(1,0.5000$3f000000,1) localposition(0,-0.5000$bf000000,0) group(0) <CR>
dump scene_d_binary line=118 text=PsDefaultSettings group(0)<CR>
dump scene_d_binary line=119 text=PsSphere radius(0.2500$3e800000) localposition(0,0.5000$3f000000,0) triggerevent(leave,) <CR>
dump scene_d_binary line=120 text=PsCapsule height(0.7500$3f400000) radius(0.1250$3e000000) localposition(0.5000$3f000000,0,0) localorientation(0.7071$3f3504f5,0,0,0.7071$3f3504f2) <CR>
dump scene_d_binary line=121 text=PsShapeEnd<CR>
dump scene_d_binary line=122 text=PsShape Shape1 name(compound___P6) position(4.0000$40800000,2.0000$40000000,3.0000$40400000) orientation(0.0523$3d5664f9,-0.3141$bea0cbbb,0.1047$3dd664f8,0.9422$3f713199) density(2.0000$40000000) com(0.0447$3d37165e,-0.4553$bee91d34,0) comrot(0.0000$31eddb69,0.0000$32044391,0.1546$3e1e4c87,0.9880$3f7cec2f) inertia(0.1279$3e02fb33,0.2048$3e51aa1f,0.1496$3e193954) mass(1.0982$3f8c90fe) velocity(0,0,0) angularvelocity(0,1.5000$3fc00000,0) <CR>
dump scene_d_binary line=123 text=PsDefaultSettings velocity(0,0,0)<CR>
dump scene_d_binary line=124 text=PsDefaultSettings localposition(0,0,0)<CR>
dump scene_d_binary line=125 text=PsDefaultSettings localorientation(0,0,0,1)<CR>
dump scene_d_binary line=126 text=PsDefaultSettings material(mat1)<CR>
dump scene_d_binary line=127 text=PsBox sides(0.6000$3f19999a,0.6000$3f19999a,0.6000$3f19999a) group(0) name(cube___P7) position(-4.0000$c0800000,1,-4.0000$c0800000) orientation(0,0,0,1) density(8.0000$41000000) com(0,0,0) comrot(0,0,0,1) inertia(0.1037$3dd45631,0.1037$3dd45631,0.1037$3dd45631) mass(1.7280$3fdd2f1c) angularvelocity(0,0,0) <CR>
dump scene_d_binary line=128 text=PsDefaultSettings orientation(0,0,0,1)<CR>
dump scene_d_binary line=129 text=PsDefaultSettings com(0,0,0)<CR>
dump scene_d_binary line=130 text=PsDefaultSettings comrot(0,0,0,1)<CR>
dump scene_d_binary line=131 text=PsDefaultSettings angularvelocity(0,0,0)<CR>
dump scene_d_binary line=132 text=PsDefaultSettings group(0)<CR>
dump scene_d_binary line=133 text=PsSphere radius(0.5000$3f000000) name(sleeper___P8) awake(false) position(2.0000$40000000,0.5000$3f000000,4.0000$40800000) density(0.9500$3f733333) inertia(0.0497$3d4bbe25,0.0497$3d4bbe25,0.0497$3d4bbe25) mass(0.4974$3efeadaf) wakeupcounter(0) <CR>
dump scene_d_binary line=134 text=PsShapeBegin Shape2<CR>
dump scene_d_binary line=135 text=PsBox sides(0.5000$3f000000,0.5000$3f000000,0.5000$3f000000) localposition(-0.5000$bf000000,0,0) <CR>
dump scene_d_binary line=136 text=PsBox sides(0.5000$3f000000,1,0.5000$3f000000) localposition(0.5000$3f000000,0,0) <CR>
dump scene_d_binary line=137 text=PsShapeEnd<CR>
dump scene_d_binary line=138 text=PsShape Shape2 name(pair___P9) position(2.0000$40000000,1,0) orientation(0,0,0.2000$3e4cc251,0.9798$3f7ad470) density(3.0000$40400000) com(0.1667$3e2aaaab,0,0) inertia(0.0938$3dc00000,0.2969$3e980000,0.3438$3eb00000) mass(1.1250$3f900000) wakeupcounter(0.4000$3ecccccc) <CR>
dump scene_d_binary line=139 text=PsJoint $__P2 crate___P4 pill___P5<CR>
dump scene_d_binary line=140 text=PsAssetEnd<CR>
dump scene_d_binary line=141 text=##################################################################################<CR>
dump scene_d_binary line=142 text=<CR>
dump scene_d_binary line=143 text=<CR>
dump scene_d_binary line=144 text=PsSetScene 0<CR>
dump scene_d_binary line=145 text=PsAsset Asset__P1 position(0,0,0) orientation(0,0,0,1)<CR>
dump scene_d_binary line=146 text=<CR>
dump scene_d_binary line=147 text=PsSetScene 0<CR>
dump scene_d_binary lines=148 normalised_bytes=8858
scene d=released
sdk=released
modules pair=2 trusted_system=8 rejected=0
loaded module=NxPhysics.dll path=C:\Users\raynorpat\.codex\worktrees\nxphysics-contact-report-scene-release\Novodex\build\pairs\candidate\NxPhysics.dll sha256=8e5f244603cbfd7d74a8d9fb465c43c0d131d20998bf2ed3700def778310a6ad
loaded module=NxFoundation.dll path=C:\Users\raynorpat\.codex\worktrees\nxphysics-contact-report-scene-release\Novodex\build\pairs\candidate\NxFoundation.dll sha256=798c121ab880a97ee7fbf62e4772bb868f42b871da5f0df53b1a5969cd964969
child_stdout_end
child_stderr_begin
child_stderr_end
pass: NxPhysicsCoreDumpTests/candidate reported the staged identity: loaded module=NxPhysics.dll path=C:\Users\raynorpat\.codex\worktrees\nxphysics-contact-report-scene-release\Novodex\build\pairs\candidate\NxPhysics.dll sha256=8e5f244603cbfd7d74a8d9fb465c43c0d131d20998bf2ed3700def778310a6ad
pass: NxPhysicsCoreDumpTests/candidate reported the staged identity: loaded module=NxFoundation.dll path=C:\Users\raynorpat\.codex\worktrees\nxphysics-contact-report-scene-release\Novodex\build\pairs\candidate\NxFoundation.dll sha256=798c121ab880a97ee7fbf62e4772bb868f42b871da5f0df53b1a5969cd964969
differential target=NxPhysicsCoreDumpTests oracle_exit=0 candidate_exit=0 both_exit_zero=True stdout_delta=0 stderr_exact=True
differential_targets=NxPhysicsCoreDumpTests
differential_pairs=C:\Users\raynorpat\.codex\worktrees\nxphysics-contact-report-scene-release\Novodex\build\pairs\oracle,C:\Users\raynorpat\.codex\worktrees\nxphysics-contact-report-scene-release\Novodex\build\pairs\candidate
pass: every requested target produces identical oracle and candidate results
differential=pass
