phase=none resolved_targets=NxPhysicsJointStagedPairTests
pass: at least one test target was requested
pass: test target is registered in gate_targets.ps1: NxPhysicsJointStagedPairTests
pass: program pin file exists: C:\Users\raynorpat\.codex\worktrees\nxphysics-contact-report-scene-release\Novodex\docs\reconstruction\novodex-physics\program.json
pass: shipped NxPhysics.dll matches the pinned oracle hash
pass: shipped NxPhysics.dll matches the pinned oracle size
pass: shipped NxFoundation.dll matches the pinned oracle hash
pass: source exists: D:\FlamingEnt__\Unreal_3\Binaries\NxPhysics.dll
pass: source exists: D:\FlamingEnt__\Unreal_3\Binaries\NxFoundation.dll
pass: pair directory is directly under the pairs root: C:\Users\raynorpat\.codex\worktrees\nxphysics-contact-report-scene-release\Novodex\build\pairs\oracle
staged pair=oracle module=NxPhysics.dll source=D:\FlamingEnt__\Unreal_3\Binaries\NxPhysics.dll source_sha256=4b7db3e126735c576f79fe5666e6fa661de9724b2a78808bb0924325ac79602c staged=C:\Users\raynorpat\.codex\worktrees\nxphysics-contact-report-scene-release\Novodex\build\pairs\oracle\NxPhysics.dll staged_sha256=4b7db3e126735c576f79fe5666e6fa661de9724b2a78808bb0924325ac79602c
pass: staged oracle/NxPhysics.dll byte-matches its source
staged pair=oracle module=NxFoundation.dll source=D:\FlamingEnt__\Unreal_3\Binaries\NxFoundation.dll source_sha256=7e0596e45af2f1ab937a948100528e51c80dfd02b295ba678898081883ae0990 staged=C:\Users\raynorpat\.codex\worktrees\nxphysics-contact-report-scene-release\Novodex\build\pairs\oracle\NxFoundation.dll staged_sha256=7e0596e45af2f1ab937a948100528e51c80dfd02b295ba678898081883ae0990
pass: staged oracle/NxFoundation.dll byte-matches its source
pass: source exists: C:\Users\raynorpat\.codex\worktrees\nxphysics-contact-report-scene-release\Novodex\build\Release\NxPhysics.dll
pass: source exists: C:\Users\raynorpat\.codex\worktrees\nxphysics-contact-report-scene-release\Novodex\build\Release\NxFoundation.dll
pass: pair directory is directly under the pairs root: C:\Users\raynorpat\.codex\worktrees\nxphysics-contact-report-scene-release\Novodex\build\pairs\candidate
staged pair=candidate module=NxPhysics.dll source=C:\Users\raynorpat\.codex\worktrees\nxphysics-contact-report-scene-release\Novodex\build\Release\NxPhysics.dll source_sha256=74b466dde168e268a53f6ef99195c60ac4db329e184466da7852182275954251 staged=C:\Users\raynorpat\.codex\worktrees\nxphysics-contact-report-scene-release\Novodex\build\pairs\candidate\NxPhysics.dll staged_sha256=74b466dde168e268a53f6ef99195c60ac4db329e184466da7852182275954251
pass: staged candidate/NxPhysics.dll byte-matches its source
staged pair=candidate module=NxFoundation.dll source=C:\Users\raynorpat\.codex\worktrees\nxphysics-contact-report-scene-release\Novodex\build\Release\NxFoundation.dll source_sha256=d5f080bbc8367d0e73435f3b04aebde2352cad53ba0d33225e5c05e630cc2a34 staged=C:\Users\raynorpat\.codex\worktrees\nxphysics-contact-report-scene-release\Novodex\build\pairs\candidate\NxFoundation.dll staged_sha256=d5f080bbc8367d0e73435f3b04aebde2352cad53ba0d33225e5c05e630cc2a34
pass: staged candidate/NxFoundation.dll byte-matches its source
pass: candidate NxPhysics linker map exists: C:\Users\raynorpat\.codex\worktrees\nxphysics-contact-report-scene-release\Novodex\build\Release\NxPhysics.map
staged candidate map source=C:\Users\raynorpat\.codex\worktrees\nxphysics-contact-report-scene-release\Novodex\build\Release\NxPhysics.map staged=C:\Users\raynorpat\.codex\worktrees\nxphysics-contact-report-scene-release\Novodex\build\pairs\candidate\NxPhysics.map
pass: candidate NxPhysics.dll is not the shipped oracle file
pass: test target is built: C:\Users\raynorpat\.codex\worktrees\nxphysics-contact-report-scene-release\Novodex\build\Release\NxPhysicsJointStagedPairTests.exe
child target=NxPhysicsJointStagedPairTests pair=oracle command="C:\Users\raynorpat\.codex\worktrees\nxphysics-contact-report-scene-release\Novodex\build\Release\NxPhysicsJointStagedPairTests.exe" "C:\Users\raynorpat\.codex\worktrees\nxphysics-contact-report-scene-release\Novodex\build\pairs\oracle" exit=0
child_stdout_begin
pair_directory=C:\Users\raynorpat\.codex\worktrees\nxphysics-contact-report-scene-release\Novodex\build\pairs\oracle
modules pair=2 trusted_system=10 rejected=0
loaded module=NxPhysics.dll path=C:\Users\raynorpat\.codex\worktrees\nxphysics-contact-report-scene-release\Novodex\build\pairs\oracle\NxPhysics.dll sha256=4b7db3e126735c576f79fe5666e6fa661de9724b2a78808bb0924325ac79602c
loaded module=NxFoundation.dll path=C:\Users\raynorpat\.codex\worktrees\nxphysics-contact-report-scene-release\Novodex\build\pairs\oracle\NxFoundation.dll sha256=7e0596e45af2f1ab937a948100528e51c80dfd02b295ba678898081883ae0990
export=NxCreatePhysicsSDK present=yes
export=NxJointDesc_SetGlobalAnchor present=yes
export=NxJointDesc_SetGlobalAxis present=yes
version=0x02010200
sdk=created
scene=created
fixture=a,created b,created
case=revolute index=0 in_anchor=00000000.00000000.00000000 in_axis=3f800000.00000000.00000000
case=revolute index=0 created=yes
case=revolute index=0 out_anchor=00000000.00000000.00000000 out_axis=3f800000.00000000.00000000 state=0
case=revolute index=0 abi_sret cases=2 flags=0 mismatches=0
case=revolute index=0 abi_sret_values anchor=00000000.00000000.00000000 axis=3f800000.00000000.00000000
case=revolute index=0 actors a=match b=match
case=revolute index=0 saved anchor0=00000000.00000000.00000000 anchor1=c0800000.00000000.00000000
case=revolute index=0 saved axis0=3f800000.00000000.00000000 axis1=3f800000.00000000.00000000
case=revolute index=0 saved normal0=00000000.00000000.3f800000 normal1=00000000.00000000.3f800000
case=revolute index=0 scene_joints when=before_release count=1 enumerated=1 order=1 self=yes end=null
case=revolute index=0 released=yes
case=revolute index=0 scene_joints when=after_release count=0 enumerated=0 order=none self=no end=null
case=revolute index=1 in_anchor=3f800000.40000000.40400000 in_axis=00000000.3f800000.00000000
case=revolute index=1 created=yes
case=revolute index=1 out_anchor=3f800000.40000000.40400000 out_axis=00000000.3f800000.00000000 state=0
case=revolute index=1 abi_sret cases=2 flags=0 mismatches=0
case=revolute index=1 abi_sret_values anchor=3f800000.40000000.40400000 axis=00000000.3f800000.00000000
case=revolute index=1 actors a=match b=match
case=revolute index=1 saved anchor0=3f800000.40000000.40400000 anchor1=c0400000.40000000.40400000
case=revolute index=1 saved axis0=00000000.3f800000.00000000 axis1=00000000.3f800000.00000000
case=revolute index=1 saved normal0=00000000.00000000.3f800000 normal1=00000000.00000000.3f800000
case=revolute index=1 scene_joints when=before_release count=1 enumerated=1 order=1 self=yes end=null
case=revolute index=1 released=yes
case=revolute index=1 scene_joints when=after_release count=0 enumerated=0 order=none self=no end=null
case=revolute index=2 in_anchor=bfc00000.3e800000.41000000 in_axis=00000000.00000000.3f800000
case=revolute index=2 created=yes
case=revolute index=2 out_anchor=bfc00000.3e800000.41000000 out_axis=00000000.00000000.3f800000 state=0
case=revolute index=2 abi_sret cases=2 flags=0 mismatches=0
case=revolute index=2 abi_sret_values anchor=bfc00000.3e800000.41000000 axis=00000000.00000000.3f800000
case=revolute index=2 actors a=match b=match
case=revolute index=2 saved anchor0=bfc00000.3e800000.41000000 anchor1=c0b00000.3e800000.41000000
case=revolute index=2 saved axis0=00000000.00000000.3f800000 axis1=00000000.00000000.3f800000
case=revolute index=2 saved normal0=3f800000.00000000.00000000 normal1=3f800000.00000000.00000000
case=revolute index=2 scene_joints when=before_release count=1 enumerated=1 order=1 self=yes end=null
case=revolute index=2 released=yes
case=revolute index=2 scene_joints when=after_release count=0 enumerated=0 order=none self=no end=null
case=revolute index=3 in_anchor=40000000.40800000.00000000 in_axis=3f000000.3f000000.3f000000
case=revolute index=3 created=yes
case=revolute index=3 out_anchor=40000000.40800000.00000000 out_axis=3f13cd3a.3f13cd3a.3f13cd3a state=0
case=revolute index=3 abi_sret cases=2 flags=0 mismatches=0
case=revolute index=3 abi_sret_values anchor=40000000.40800000.00000000 axis=3f13cd3a.3f13cd3a.3f13cd3a
case=revolute index=3 actors a=match b=match
case=revolute index=3 saved anchor0=40000000.40800000.00000000 anchor1=c0000000.40800000.00000000
case=revolute index=3 saved axis0=3f13cd3a.3f13cd3a.3f13cd3a axis1=3f13cd3a.3f13cd3a.3f13cd3a
case=revolute index=3 saved normal0=bed105ec.bed105ec.3f5105ec normal1=bed105ec.bed105ec.3f5105ec
case=revolute index=3 scene_joints when=before_release count=1 enumerated=1 order=1 self=yes end=null
case=revolute index=3 released=yes
case=revolute index=3 scene_joints when=after_release count=0 enumerated=0 order=none self=no end=null
case=prismatic index=0 in_anchor=00000000.00000000.00000000 in_axis=3f800000.00000000.00000000
case=prismatic index=0 created=yes
case=prismatic index=0 out_anchor=00000000.00000000.00000000 out_axis=3f800000.00000000.00000000 state=0
case=prismatic index=0 abi_sret cases=2 flags=0 mismatches=0
case=prismatic index=0 abi_sret_values anchor=00000000.00000000.00000000 axis=3f800000.00000000.00000000
case=prismatic index=0 actors a=match b=match
case=prismatic index=0 type=0 is_prismatic=yes is_revolute=no
case=prismatic index=0 saved anchor0=00000000.00000000.00000000 anchor1=c0800000.00000000.00000000
case=prismatic index=0 saved axis0=3f800000.00000000.00000000 axis1=3f800000.00000000.00000000
case=prismatic index=0 saved normal0=00000000.00000000.3f800000 normal1=00000000.00000000.3f800000
case=prismatic index=0 saved max_force=7f7fffff max_torque=7f7fffff flags=00000002 actors a=match b=match
case=prismatic index=0 scene_joints when=before_release count=1 enumerated=1 order=0 self=yes end=null
case=prismatic index=0 released=yes
case=prismatic index=0 scene_joints when=after_release count=0 enumerated=0 order=none self=no end=null
case=prismatic index=3 in_anchor=40000000.40800000.00000000 in_axis=3f000000.3f000000.3f000000
case=prismatic index=3 created=yes
case=prismatic index=3 out_anchor=40000000.40800000.00000000 out_axis=3f13cd3a.3f13cd3a.3f13cd3a state=0
case=prismatic index=3 abi_sret cases=2 flags=0 mismatches=0
case=prismatic index=3 abi_sret_values anchor=40000000.40800000.00000000 axis=3f13cd3a.3f13cd3a.3f13cd3a
case=prismatic index=3 actors a=match b=match
case=prismatic index=3 type=0 is_prismatic=yes is_revolute=no
case=prismatic index=3 saved anchor0=40000000.40800000.00000000 anchor1=c0000000.40800000.00000000
case=prismatic index=3 saved axis0=3f13cd3a.3f13cd3a.3f13cd3a axis1=3f13cd3a.3f13cd3a.3f13cd3a
case=prismatic index=3 saved normal0=bed105ec.bed105ec.3f5105ec normal1=bed105ec.bed105ec.3f5105ec
case=prismatic index=3 saved max_force=7f7fffff max_torque=7f7fffff flags=00000002 actors a=match b=match
case=prismatic index=3 scene_joints when=before_release count=1 enumerated=1 order=0 self=yes end=null
case=prismatic index=3 released=yes
case=prismatic index=3 scene_joints when=after_release count=0 enumerated=0 order=none self=no end=null
case=cylindrical index=0 in_anchor=00000000.00000000.00000000 in_axis=3f800000.00000000.00000000
case=cylindrical index=0 created=yes
case=cylindrical index=0 out_anchor=00000000.00000000.00000000 out_axis=3f800000.00000000.00000000 state=0
case=cylindrical index=0 abi_sret cases=2 flags=0 mismatches=0
case=cylindrical index=0 abi_sret_values anchor=00000000.00000000.00000000 axis=3f800000.00000000.00000000
case=cylindrical index=0 actors a=match b=match
case=cylindrical index=0 type=2 is_cylindrical=yes is_prismatic=no
case=cylindrical index=0 saved anchor0=00000000.00000000.00000000 anchor1=c0800000.00000000.00000000
case=cylindrical index=0 saved axis0=3f800000.00000000.00000000 axis1=3f800000.00000000.00000000
case=cylindrical index=0 saved normal0=00000000.00000000.3f800000 normal1=00000000.00000000.3f800000
case=cylindrical index=0 saved max_force=7f7fffff max_torque=7f7fffff flags=00000002 actors a=match b=match
case=cylindrical index=0 scene_joints when=before_release count=1 enumerated=1 order=2 self=yes end=null
case=cylindrical index=0 released=yes
case=cylindrical index=0 scene_joints when=after_release count=0 enumerated=0 order=none self=no end=null
case=cylindrical index=3 in_anchor=40000000.40800000.00000000 in_axis=3f000000.3f000000.3f000000
case=cylindrical index=3 created=yes
case=cylindrical index=3 out_anchor=40000000.40800000.00000000 out_axis=3f13cd3a.3f13cd3a.3f13cd3a state=0
case=cylindrical index=3 abi_sret cases=2 flags=0 mismatches=0
case=cylindrical index=3 abi_sret_values anchor=40000000.40800000.00000000 axis=3f13cd3a.3f13cd3a.3f13cd3a
case=cylindrical index=3 actors a=match b=match
case=cylindrical index=3 type=2 is_cylindrical=yes is_prismatic=no
case=cylindrical index=3 saved anchor0=40000000.40800000.00000000 anchor1=c0000000.40800000.00000000
case=cylindrical index=3 saved axis0=3f13cd3a.3f13cd3a.3f13cd3a axis1=3f13cd3a.3f13cd3a.3f13cd3a
case=cylindrical index=3 saved normal0=bed105ec.bed105ec.3f5105ec normal1=bed105ec.bed105ec.3f5105ec
case=cylindrical index=3 saved max_force=7f7fffff max_torque=7f7fffff flags=00000002 actors a=match b=match
case=cylindrical index=3 scene_joints when=before_release count=1 enumerated=1 order=2 self=yes end=null
case=cylindrical index=3 released=yes
case=cylindrical index=3 scene_joints when=after_release count=0 enumerated=0 order=none self=no end=null
case=spherical index=0 in_anchor=00000000.00000000.00000000 in_axis=3f800000.00000000.00000000
case=spherical index=0 created=yes
case=spherical index=0 out_anchor=00000000.00000000.00000000 out_axis=3f800000.00000000.00000000 state=0
case=spherical index=0 abi_sret cases=2 flags=0 mismatches=0
case=spherical index=0 abi_sret_values anchor=00000000.00000000.00000000 axis=3f800000.00000000.00000000
case=spherical index=0 actors a=match b=match
case=spherical index=0 type=3 is_spherical=yes is_revolute=no
case=spherical index=0 flags=00000009 projection_mode=1
case=spherical index=0 saved anchor0=00000000.00000000.00000000 anchor1=c0800000.00000000.00000000
case=spherical index=0 saved axis0=3f800000.00000000.00000000 axis1=3f800000.00000000.00000000
case=spherical index=0 saved normal0=00000000.00000000.3f800000 normal1=00000000.00000000.3f800000
case=spherical index=0 saved swing_axis=3f19999a.00000000.3f4ccccd projection_distance=3e800000 flags=00000009 projection_mode=1
case=spherical index=0 saved twist_limit=bf000000.3e800000.3f800000.3f400000.00000000.3f000000 swing_limit=3f200000.3f000000.3f400000
case=spherical index=0 saved twist_spring=40000000.3f000000.3e000000 swing_spring=40400000.3f800000.3ec00000 joint_spring=40800000.40000000.00000000
case=spherical index=0 saved max_force=7f7fffff max_torque=7f7fffff flags=00000002 actors a=match b=match
case=spherical index=0 scene_joints when=before_release count=1 enumerated=1 order=3 self=yes end=null
case=spherical index=0 released=yes
case=spherical index=0 scene_joints when=after_release count=0 enumerated=0 order=none self=no end=null
case=spherical index=3 in_anchor=40000000.40800000.00000000 in_axis=3f000000.3f000000.3f000000
case=spherical index=3 created=yes
case=spherical index=3 out_anchor=40000000.40800000.00000000 out_axis=3f13cd3a.3f13cd3a.3f13cd3a state=0
case=spherical index=3 abi_sret cases=2 flags=0 mismatches=0
case=spherical index=3 abi_sret_values anchor=40000000.40800000.00000000 axis=3f13cd3a.3f13cd3a.3f13cd3a
case=spherical index=3 actors a=match b=match
case=spherical index=3 type=3 is_spherical=yes is_revolute=no
case=spherical index=3 flags=00000009 projection_mode=1
case=spherical index=3 saved anchor0=40000000.40800000.00000000 anchor1=c0000000.40800000.00000000
case=spherical index=3 saved axis0=3f13cd3a.3f13cd3a.3f13cd3a axis1=3f13cd3a.3f13cd3a.3f13cd3a
case=spherical index=3 saved normal0=bed105ec.bed105ec.3f5105ec normal1=bed105ec.bed105ec.3f5105ec
case=spherical index=3 saved swing_axis=3f19999a.00000000.3f4ccccd projection_distance=3e800000 flags=00000009 projection_mode=1
case=spherical index=3 saved twist_limit=bf000000.3e800000.3f800000.3f400000.00000000.3f000000 swing_limit=3f200000.3f000000.3f400000
case=spherical index=3 saved twist_spring=40000000.3f000000.3e000000 swing_spring=40400000.3f800000.3ec00000 joint_spring=40800000.40000000.00000000
case=spherical index=3 saved max_force=7f7fffff max_torque=7f7fffff flags=00000002 actors a=match b=match
case=spherical index=3 scene_joints when=before_release count=1 enumerated=1 order=3 self=yes end=null
case=spherical index=3 released=yes
case=spherical index=3 scene_joints when=after_release count=0 enumerated=0 order=none self=no end=null
case=point_on_line index=0 in_anchor=00000000.00000000.00000000 in_axis=3f800000.00000000.00000000
case=point_on_line index=0 created=yes
case=point_on_line index=0 out_anchor=00000000.00000000.00000000 out_axis=3f800000.00000000.00000000 state=0
case=point_on_line index=0 abi_sret cases=2 flags=0 mismatches=0
case=point_on_line index=0 abi_sret_values anchor=00000000.00000000.00000000 axis=3f800000.00000000.00000000
case=point_on_line index=0 actors a=match b=match
case=point_on_line index=0 type=4 is_point_on_line=yes is_revolute=no
case=point_on_line index=0 saved anchor0=00000000.00000000.00000000 anchor1=c0800000.00000000.00000000
case=point_on_line index=0 saved axis0=3f800000.00000000.00000000 axis1=3f800000.00000000.00000000
case=point_on_line index=0 saved normal0=00000000.00000000.3f800000 normal1=00000000.00000000.3f800000
case=point_on_line index=0 saved max_force=7f7fffff max_torque=7f7fffff flags=00000002 actors a=match b=match
case=point_on_line index=0 scene_joints when=before_release count=1 enumerated=1 order=4 self=yes end=null
case=point_on_line index=0 released=yes
case=point_on_line index=0 scene_joints when=after_release count=0 enumerated=0 order=none self=no end=null
case=point_on_line index=3 in_anchor=40000000.40800000.00000000 in_axis=3f000000.3f000000.3f000000
case=point_on_line index=3 created=yes
case=point_on_line index=3 out_anchor=40000000.40800000.00000000 out_axis=3f13cd3a.3f13cd3a.3f13cd3a state=0
case=point_on_line index=3 abi_sret cases=2 flags=0 mismatches=0
case=point_on_line index=3 abi_sret_values anchor=40000000.40800000.00000000 axis=3f13cd3a.3f13cd3a.3f13cd3a
case=point_on_line index=3 actors a=match b=match
case=point_on_line index=3 type=4 is_point_on_line=yes is_revolute=no
case=point_on_line index=3 saved anchor0=40000000.40800000.00000000 anchor1=c0000000.40800000.00000000
case=point_on_line index=3 saved axis0=3f13cd3a.3f13cd3a.3f13cd3a axis1=3f13cd3a.3f13cd3a.3f13cd3a
case=point_on_line index=3 saved normal0=bed105ec.bed105ec.3f5105ec normal1=bed105ec.bed105ec.3f5105ec
case=point_on_line index=3 saved max_force=7f7fffff max_torque=7f7fffff flags=00000002 actors a=match b=match
case=point_on_line index=3 scene_joints when=before_release count=1 enumerated=1 order=4 self=yes end=null
case=point_on_line index=3 released=yes
case=point_on_line index=3 scene_joints when=after_release count=0 enumerated=0 order=none self=no end=null
case=point_in_plane index=0 in_anchor=00000000.00000000.00000000 in_axis=3f800000.00000000.00000000
case=point_in_plane index=0 created=yes
case=point_in_plane index=0 out_anchor=00000000.00000000.00000000 out_axis=3f800000.00000000.00000000 state=0
case=point_in_plane index=0 abi_sret cases=2 flags=0 mismatches=0
case=point_in_plane index=0 abi_sret_values anchor=00000000.00000000.00000000 axis=3f800000.00000000.00000000
case=point_in_plane index=0 actors a=match b=match
case=point_in_plane index=0 type=5 is_point_in_plane=yes is_revolute=no
case=point_in_plane index=0 saved anchor0=00000000.00000000.00000000 anchor1=c0800000.00000000.00000000
case=point_in_plane index=0 saved axis0=3f800000.00000000.00000000 axis1=3f800000.00000000.00000000
case=point_in_plane index=0 saved normal0=00000000.00000000.3f800000 normal1=00000000.00000000.3f800000
case=point_in_plane index=0 saved max_force=7f7fffff max_torque=7f7fffff flags=00000002 actors a=match b=match
case=point_in_plane index=0 scene_joints when=before_release count=1 enumerated=1 order=5 self=yes end=null
case=point_in_plane index=0 released=yes
case=point_in_plane index=0 scene_joints when=after_release count=0 enumerated=0 order=none self=no end=null
case=point_in_plane index=3 in_anchor=40000000.40800000.00000000 in_axis=3f000000.3f000000.3f000000
case=point_in_plane index=3 created=yes
case=point_in_plane index=3 out_anchor=40000000.40800000.00000000 out_axis=3f13cd3a.3f13cd3a.3f13cd3a state=0
case=point_in_plane index=3 abi_sret cases=2 flags=0 mismatches=0
case=point_in_plane index=3 abi_sret_values anchor=40000000.40800000.00000000 axis=3f13cd3a.3f13cd3a.3f13cd3a
case=point_in_plane index=3 actors a=match b=match
case=point_in_plane index=3 type=5 is_point_in_plane=yes is_revolute=no
case=point_in_plane index=3 saved anchor0=40000000.40800000.00000000 anchor1=c0000000.40800000.00000000
case=point_in_plane index=3 saved axis0=3f13cd3a.3f13cd3a.3f13cd3a axis1=3f13cd3a.3f13cd3a.3f13cd3a
case=point_in_plane index=3 saved normal0=bed105ec.bed105ec.3f5105ec normal1=bed105ec.bed105ec.3f5105ec
case=point_in_plane index=3 saved max_force=7f7fffff max_torque=7f7fffff flags=00000002 actors a=match b=match
case=point_in_plane index=3 scene_joints when=before_release count=1 enumerated=1 order=5 self=yes end=null
case=point_in_plane index=3 released=yes
case=point_in_plane index=3 scene_joints when=after_release count=0 enumerated=0 order=none self=no end=null
case=distance index=0 in_anchor=00000000.00000000.00000000 in_axis=3f800000.00000000.00000000 max_distance=40200000 min_distance=3f000000 spring=41200000.3f000000.3e800000 flags=00000007
case=distance index=0 created=yes
case=distance index=0 out_anchor=00000000.00000000.00000000 out_axis=3f800000.00000000.00000000 state=0
case=distance index=0 abi_sret cases=2 flags=0 mismatches=0
case=distance index=0 abi_sret_values anchor=00000000.00000000.00000000 axis=3f800000.00000000.00000000
case=distance index=0 actors a=match b=match
case=distance index=0 type=6 is_distance=yes is_revolute=no
case=distance index=0 saved max_distance=40200000 min_distance=3f000000 spring=41200000.3f000000.3e800000 flags=00000007
case=distance index=0 saved anchor0=00000000.00000000.00000000 anchor1=c0800000.00000000.00000000
case=distance index=0 saved axis0=3f800000.00000000.00000000 axis1=3f800000.00000000.00000000
case=distance index=0 saved normal0=00000000.00000000.3f800000 normal1=00000000.00000000.3f800000
case=distance index=0 saved max_force=7f7fffff max_torque=7f7fffff flags=00000002 actors a=match b=match
case=distance index=0 scene_joints when=before_release count=1 enumerated=1 order=6 self=yes end=null
case=distance index=0 released=yes
case=distance index=0 scene_joints when=after_release count=0 enumerated=0 order=none self=no end=null
case=distance index=3 in_anchor=40000000.40800000.00000000 in_axis=3f000000.3f000000.3f000000 max_distance=3fa00000 min_distance=3fa00000 spring=00000000.00000000.00000000 flags=00000003
case=distance index=3 created=yes
case=distance index=3 out_anchor=40000000.40800000.00000000 out_axis=3f13cd3a.3f13cd3a.3f13cd3a state=0
case=distance index=3 abi_sret cases=2 flags=0 mismatches=0
case=distance index=3 abi_sret_values anchor=40000000.40800000.00000000 axis=3f13cd3a.3f13cd3a.3f13cd3a
case=distance index=3 actors a=match b=match
case=distance index=3 type=6 is_distance=yes is_revolute=no
case=distance index=3 saved max_distance=3fa00000 min_distance=3fa00000 spring=00000000.00000000.00000000 flags=00000003
case=distance index=3 saved anchor0=40000000.40800000.00000000 anchor1=c0000000.40800000.00000000
case=distance index=3 saved axis0=3f13cd3a.3f13cd3a.3f13cd3a axis1=3f13cd3a.3f13cd3a.3f13cd3a
case=distance index=3 saved normal0=bed105ec.bed105ec.3f5105ec normal1=bed105ec.bed105ec.3f5105ec
case=distance index=3 saved max_force=7f7fffff max_torque=7f7fffff flags=00000002 actors a=match b=match
case=distance index=3 scene_joints when=before_release count=1 enumerated=1 order=6 self=yes end=null
case=distance index=3 released=yes
case=distance index=3 scene_joints when=after_release count=0 enumerated=0 order=none self=no end=null
case=pulley index=0 in_anchor=00000000.00000000.00000000 in_axis=3f800000.00000000.00000000
case=pulley index=0 in_pulley0=00000000.40a00000.00000000 in_pulley1=40800000.40a00000.00000000 distance=40c00000 stiffness=3f400000 ratio=3fc00000 flags=00000001
case=pulley index=0 created=yes
case=pulley index=0 out_anchor=00000000.00000000.00000000 out_axis=3f800000.00000000.00000000 state=0
case=pulley index=0 abi_sret cases=2 flags=0 mismatches=0
case=pulley index=0 abi_sret_values anchor=00000000.00000000.00000000 axis=3f800000.00000000.00000000
case=pulley index=0 actors a=match b=match
case=pulley index=0 type=7 is_pulley=yes is_distance=no
case=pulley index=0 saved pulley0=00000000.40a00000.00000000 pulley1=40800000.40a00000.00000000
case=pulley index=0 saved distance=40c00000 stiffness=3f400000 ratio=3fc00000 flags=00000001
case=pulley index=0 saved anchor0=00000000.00000000.00000000 anchor1=c0800000.00000000.00000000
case=pulley index=0 saved axis0=3f800000.00000000.00000000 axis1=3f800000.00000000.00000000
case=pulley index=0 saved normal0=00000000.00000000.3f800000 normal1=00000000.00000000.3f800000
case=pulley index=0 saved max_force=7f7fffff max_torque=7f7fffff flags=00000002 actors a=match b=match
case=pulley index=0 scene_joints when=before_release count=1 enumerated=1 order=7 self=yes end=null
case=pulley index=0 released=yes
case=pulley index=0 scene_joints when=after_release count=0 enumerated=0 order=none self=no end=null
case=pulley index=3 in_anchor=40000000.40800000.00000000 in_axis=3f000000.3f000000.3f000000
case=pulley index=3 in_pulley0=3f800000.40000000.40400000 in_pulley1=c0000000.40c00000.3f000000 distance=40500000 stiffness=3f000000 ratio=40000000 flags=00000000
case=pulley index=3 created=yes
case=pulley index=3 out_anchor=40000000.40800000.00000000 out_axis=3f13cd3a.3f13cd3a.3f13cd3a state=0
case=pulley index=3 abi_sret cases=2 flags=0 mismatches=0
case=pulley index=3 abi_sret_values anchor=40000000.40800000.00000000 axis=3f13cd3a.3f13cd3a.3f13cd3a
case=pulley index=3 actors a=match b=match
case=pulley index=3 type=7 is_pulley=yes is_distance=no
case=pulley index=3 saved pulley0=3f800000.40000000.40400000 pulley1=c0000000.40c00000.3f000000
case=pulley index=3 saved distance=40500000 stiffness=3f000000 ratio=40000000 flags=00000000
case=pulley index=3 saved anchor0=40000000.40800000.00000000 anchor1=c0000000.40800000.00000000
case=pulley index=3 saved axis0=3f13cd3a.3f13cd3a.3f13cd3a axis1=3f13cd3a.3f13cd3a.3f13cd3a
case=pulley index=3 saved normal0=bed105ec.bed105ec.3f5105ec normal1=bed105ec.bed105ec.3f5105ec
case=pulley index=3 saved max_force=7f7fffff max_torque=7f7fffff flags=00000002 actors a=match b=match
case=pulley index=3 scene_joints when=before_release count=1 enumerated=1 order=7 self=yes end=null
case=pulley index=3 released=yes
case=pulley index=3 scene_joints when=after_release count=0 enumerated=0 order=none self=no end=null
case=fixed index=0 in_anchor=00000000.00000000.00000000 in_axis=3f800000.00000000.00000000
case=fixed index=0 created=yes
case=fixed index=0 out_anchor=00000000.00000000.00000000 out_axis=3f800000.00000000.00000000 state=0
case=fixed index=0 abi_sret cases=2 flags=0 mismatches=0
case=fixed index=0 abi_sret_values anchor=00000000.00000000.00000000 axis=3f800000.00000000.00000000
case=fixed index=0 actors a=match b=match
case=fixed index=0 type=8 is_fixed=yes is_pulley=no
case=fixed index=0 saved anchor0=00000000.00000000.00000000 anchor1=c0800000.00000000.00000000
case=fixed index=0 saved axis0=3f800000.00000000.00000000 axis1=3f800000.00000000.00000000
case=fixed index=0 saved normal0=00000000.00000000.3f800000 normal1=00000000.00000000.3f800000
case=fixed index=0 saved max_force=7f7fffff max_torque=7f7fffff flags=00000002 actors a=match b=match
case=fixed index=0 scene_joints when=before_release count=1 enumerated=1 order=8 self=yes end=null
case=fixed index=0 released=yes
case=fixed index=0 scene_joints when=after_release count=0 enumerated=0 order=none self=no end=null
case=fixed index=3 in_anchor=40000000.40800000.00000000 in_axis=3f000000.3f000000.3f000000
case=fixed index=3 created=yes
case=fixed index=3 out_anchor=40000000.40800000.00000000 out_axis=3f13cd3a.3f13cd3a.3f13cd3a state=0
case=fixed index=3 abi_sret cases=2 flags=0 mismatches=0
case=fixed index=3 abi_sret_values anchor=40000000.40800000.00000000 axis=3f13cd3a.3f13cd3a.3f13cd3a
case=fixed index=3 actors a=match b=match
case=fixed index=3 type=8 is_fixed=yes is_pulley=no
case=fixed index=3 saved anchor0=40000000.40800000.00000000 anchor1=c0000000.40800000.00000000
case=fixed index=3 saved axis0=3f13cd3a.3f13cd3a.3f13cd3a axis1=3f13cd3a.3f13cd3a.3f13cd3a
case=fixed index=3 saved normal0=bed105ec.bed105ec.3f5105ec normal1=bed105ec.bed105ec.3f5105ec
case=fixed index=3 saved max_force=7f7fffff max_torque=7f7fffff flags=00000002 actors a=match b=match
case=fixed index=3 scene_joints when=before_release count=1 enumerated=1 order=8 self=yes end=null
case=fixed index=3 released=yes
case=fixed index=3 scene_joints when=after_release count=0 enumerated=0 order=none self=no end=null
case=d6 index=0 in_anchor=00000000.00000000.00000000 in_axis=3f800000.00000000.00000000
case=d6 index=0 in motions=0.1.2.1.1.2
case=d6 index=0 in linear=3f000000.3e800000.3f400000 twist_low=bf000000.3e000000.3f600000 twist_high=3f400000.3e800000.3f200000
case=d6 index=0 in swing1=3f200000.3ec00000.3f000000 swing2=3ec00000.3d800000.3f700000
case=d6 index=0 in drive_x=00000001.40000000.3f800000.42c80000
case=d6 index=0 in drive_y=00000002.40400000.3fc00000.42ca0000
case=d6 index=0 in drive_z=00000001.40800000.40000000.42cc0000
case=d6 index=0 in drive_swing=00000002.40a00000.40200000.42ce0000
case=d6 index=0 in drive_twist=00000001.40c00000.40400000.42d00000
case=d6 index=0 in drive_spherical=00000002.40e00000.40600000.42d20000
case=d6 index=0 in use_spherical=1 drive_position=3f800000.40000000.40400000 drive_orientation=00000000.3f19999a.00000000.3f4ccccd
case=d6 index=0 in drive_linear_velocity=3f000000.bf000000.3fc00000 drive_angular_velocity=be800000.3e000000.40200000
case=d6 index=0 in projection distance=3e000000 angle=3d800000 mode=1
case=d6 index=0 created=yes
case=d6 index=0 out_anchor=00000000.00000000.00000000 out_axis=3f800000.00000000.00000000 state=0
case=d6 index=0 abi_sret cases=2 flags=0 mismatches=0
case=d6 index=0 abi_sret_values anchor=00000000.00000000.00000000 axis=3f800000.00000000.00000000
case=d6 index=0 actors a=match b=match
case=d6 index=0 type=9 is_d6=yes is_fixed=no
case=d6 index=0 saved motions=2.0.2.0.2.0
case=d6 index=0 saved linear=41100000.3f000000.3f000000 twist_low=c1100000.3e000000.3f600000 twist_high=41180000.3e800000.3f200000
case=d6 index=0 saved swing1=41000000.3ec00000.3f000000 swing2=40e00000.3d800000.3f700000
case=d6 index=0 saved drive_x=00000001.41a00000.41200000.42c80000
case=d6 index=0 saved drive_y=00000002.41a80000.41280000.42ca0000
case=d6 index=0 saved drive_z=00000001.41b00000.41300000.42cc0000
case=d6 index=0 saved drive_swing=00000002.41b80000.41380000.42ce0000
case=d6 index=0 saved drive_twist=00000001.41c00000.41400000.42d00000
case=d6 index=0 saved drive_spherical=00000002.41c80000.41480000.42d20000
case=d6 index=0 saved use_spherical=1 drive_position=41300000.41400000.41500000 drive_orientation=3f000000.3f000000.3f000000.3f000000
case=d6 index=0 saved drive_linear_velocity=41a80000.41b00000.41b80000 drive_angular_velocity=41f80000.42000000.42040000
case=d6 index=0 saved projection distance=42c60000 angle=42c40000 mode=1
case=d6 index=0 saved anchor0=00000000.00000000.00000000 anchor1=c0800000.00000000.00000000
case=d6 index=0 saved axis0=3f800000.00000000.00000000 axis1=3f800000.00000000.00000000
case=d6 index=0 saved normal0=00000000.00000000.3f800000 normal1=00000000.00000000.3f800000
case=d6 index=0 saved max_force=7f7fffff max_torque=7f7fffff flags=00000002 actors a=match b=match
case=d6 index=0 drive_contended reports=1 code=2 line=40
case=d6 index=0 drive_orientation_contended reports=1 code=2 line=47
case=d6 index=0 drive_linear_velocity_contended reports=1 code=2 line=54
case=d6 index=0 drive_angular_velocity_contended reports=1 code=2 line=61
case=d6 index=0 drive_setters=called
case=d6 index=0 resaved motions=2.0.2.0.2.0
case=d6 index=0 resaved linear=41100000.3f000000.3f000000 twist_low=c1100000.3e000000.3f600000 twist_high=41180000.3e800000.3f200000
case=d6 index=0 resaved swing1=41000000.3ec00000.3f000000 swing2=40e00000.3d800000.3f700000
case=d6 index=0 resaved drive_x=00000001.41a00000.41200000.42c80000
case=d6 index=0 resaved drive_y=00000002.41a80000.41280000.42ca0000
case=d6 index=0 resaved drive_z=00000001.41b00000.41300000.42cc0000
case=d6 index=0 resaved drive_swing=00000002.41b80000.41380000.42ce0000
case=d6 index=0 resaved drive_twist=00000001.41c00000.41400000.42d00000
case=d6 index=0 resaved drive_spherical=00000002.41c80000.41480000.42d20000
case=d6 index=0 resaved use_spherical=1 drive_position=41300000.41400000.41500000 drive_orientation=3f000000.3f000000.3f000000.3f000000
case=d6 index=0 resaved drive_linear_velocity=41a80000.41b00000.41b80000 drive_angular_velocity=41f80000.42000000.42040000
case=d6 index=0 resaved projection distance=42c60000 angle=42c40000 mode=1
case=d6 index=0 scene_joints when=before_release count=1 enumerated=1 order=9 self=yes end=null
case=d6 index=0 released=yes
case=d6 index=0 scene_joints when=after_release count=0 enumerated=0 order=none self=no end=null
case=d6 index=3 in_anchor=40000000.40800000.00000000 in_axis=3f000000.3f000000.3f000000
case=d6 index=3 in motions=1.1.1.1.1.1
case=d6 index=3 in linear=3fa00000.00000000.3f800000 twist_low=bf800000.3e000000.3f600000 twist_high=3fc00000.3e800000.3f200000
case=d6 index=3 in swing1=3e800000.3ec00000.3f000000 swing2=3f800000.3d800000.3f700000
case=d6 index=3 in drive_x=00000001.40800000.40000000.42c80000
case=d6 index=3 in drive_y=00000002.40a00000.40200000.42ca0000
case=d6 index=3 in drive_z=00000001.40c00000.40400000.42cc0000
case=d6 index=3 in drive_swing=00000002.40e00000.40600000.42ce0000
case=d6 index=3 in drive_twist=00000001.41000000.40800000.42d00000
case=d6 index=3 in drive_spherical=00000002.41100000.40900000.42d20000
case=d6 index=3 in use_spherical=0 drive_position=c0000000.3f000000.40800000 drive_orientation=00000000.00000000.00000000.3f800000
case=d6 index=3 in drive_linear_velocity=00000000.00000000.00000000 drive_angular_velocity=40400000.00000000.c0400000
case=d6 index=3 in projection distance=40000000 angle=3f000000 mode=0
case=d6 index=3 created=yes
case=d6 index=3 out_anchor=40000000.40800000.00000000 out_axis=3f13cd3a.3f13cd3a.3f13cd3a state=0
case=d6 index=3 abi_sret cases=2 flags=0 mismatches=0
case=d6 index=3 abi_sret_values anchor=40000000.40800000.00000000 axis=3f13cd3a.3f13cd3a.3f13cd3a
case=d6 index=3 actors a=match b=match
case=d6 index=3 type=9 is_d6=yes is_fixed=no
case=d6 index=3 set_anchor out_anchor=40100000.bfc00000.3f400000
case=d6 index=3 set_axis out_axis=3e9b28d0.bf4ee116.3f014cae
case=d6 index=3 breakable force=418a0000 torque=42020000
case=d6 index=3 limit_point present=0 point=bf400000.3fc00000.40100000
case=d6 index=3 limit_plane added=0 read=0 normal=00000000.00000000.00000000 d=00000000
case=d6 index=3 name=d6:phase6-setname
case=d6 index=3 saved motions=2.0.2.0.2.0
case=d6 index=3 saved linear=41100000.3f000000.3f000000 twist_low=c1100000.3e000000.3f600000 twist_high=41180000.3e800000.3f200000
case=d6 index=3 saved swing1=41000000.3ec00000.3f000000 swing2=40e00000.3d800000.3f700000
case=d6 index=3 saved drive_x=00000001.41a00000.41200000.42c80000
case=d6 index=3 saved drive_y=00000002.41a80000.41280000.42ca0000
case=d6 index=3 saved drive_z=00000001.41b00000.41300000.42cc0000
case=d6 index=3 saved drive_swing=00000002.41b80000.41380000.42ce0000
case=d6 index=3 saved drive_twist=00000001.41c00000.41400000.42d00000
case=d6 index=3 saved drive_spherical=00000002.41c80000.41480000.42d20000
case=d6 index=3 saved use_spherical=1 drive_position=41300000.41400000.41500000 drive_orientation=3f000000.3f000000.3f000000.3f000000
case=d6 index=3 saved drive_linear_velocity=41a80000.41b00000.41b80000 drive_angular_velocity=41f80000.42000000.42040000
case=d6 index=3 saved projection distance=42c60000 angle=42c40000 mode=1
case=d6 index=3 saved anchor0=40100000.bfc00000.3f400000 anchor1=bfe00000.bfc00000.3f400000
case=d6 index=3 saved axis0=3e9b28d0.bf4ee116.3f014cae axis1=3e9b28d0.bf4ee116.3f014cae
case=d6 index=3 saved normal0=be3599b2.3ef22244.3f5cf277 normal1=be3599b2.3ef22244.3f5cf277
case=d6 index=3 saved max_force=418a0000 max_torque=42020000 flags=00000002 actors a=match b=match
case=d6 index=3 drive_contended reports=1 code=2 line=40
case=d6 index=3 drive_orientation_contended reports=1 code=2 line=47
case=d6 index=3 drive_linear_velocity_contended reports=1 code=2 line=54
case=d6 index=3 drive_angular_velocity_contended reports=1 code=2 line=61
case=d6 index=3 drive_setters=called
case=d6 index=3 resaved motions=2.0.2.0.2.0
case=d6 index=3 resaved linear=41100000.3f000000.3f000000 twist_low=c1100000.3e000000.3f600000 twist_high=41180000.3e800000.3f200000
case=d6 index=3 resaved swing1=41000000.3ec00000.3f000000 swing2=40e00000.3d800000.3f700000
case=d6 index=3 resaved drive_x=00000001.41a00000.41200000.42c80000
case=d6 index=3 resaved drive_y=00000002.41a80000.41280000.42ca0000
case=d6 index=3 resaved drive_z=00000001.41b00000.41300000.42cc0000
case=d6 index=3 resaved drive_swing=00000002.41b80000.41380000.42ce0000
case=d6 index=3 resaved drive_twist=00000001.41c00000.41400000.42d00000
case=d6 index=3 resaved drive_spherical=00000002.41c80000.41480000.42d20000
case=d6 index=3 resaved use_spherical=1 drive_position=41300000.41400000.41500000 drive_orientation=3f000000.3f000000.3f000000.3f000000
case=d6 index=3 resaved drive_linear_velocity=41a80000.41b00000.41b80000 drive_angular_velocity=41f80000.42000000.42040000
case=d6 index=3 resaved projection distance=42c60000 angle=42c40000 mode=1
case=d6 index=3 scene_joints when=before_release count=1 enumerated=1 order=9 self=yes end=null
case=d6 index=3 released=yes
case=d6 index=3 scene_joints when=after_release count=0 enumerated=0 order=none self=no end=null
case=cycle index=0 scene_joints when=start count=0 enumerated=0 order=none self=no end=null
case=cycle create=revolute created=yes
case=cycle create=spherical created=yes
case=cycle create=fixed created=yes
case=cycle index=1 scene_joints when=three_created count=3 enumerated=3 order=8.3.1 self=yes end=null
case=cycle release=spherical released=yes
case=cycle index=2 scene_joints when=middle_released count=2 enumerated=2 order=8.1 self=no end=null
case=cycle create=d6 created=yes
case=cycle index=3 scene_joints when=d6_created count=3 enumerated=3 order=9.8.1 self=yes end=null
case=cycle release=d6 released=yes
case=cycle index=4 scene_joints when=head_released count=2 enumerated=2 order=8.1 self=no end=null
case=cycle release=revolute released=yes
case=cycle index=5 scene_joints when=tail_released count=1 enumerated=1 order=8 self=no end=null
case=cycle create=prismatic created=yes
case=cycle index=6 scene_joints when=prismatic_created count=2 enumerated=2 order=0.8 self=yes end=null
case=cycle left_for_scene_release=2
case=revolute index=4 in_anchor=3f800000.c0000000.3f000000 in_axis=3dcdbcfd.3e4dbcfd.3f797526
case=revolute index=4 created=yes
case=revolute index=4 out_anchor=3f800000.c0000000.3f000000 out_axis=3dcdbcfe.3e4dbcfe.3f797527 state=0
case=revolute index=4 abi_sret cases=2 flags=0 mismatches=0
case=revolute index=4 abi_sret_values anchor=3f800000.c0000000.3f000000 axis=3dcdbcfe.3e4dbcfe.3f797527
case=revolute index=4 internal off=04c words=3f7eb479.bca62f73.bdc97fed.3f7eb479.bca62f73.bdc97fed.b119e830.bf7ab9da
case=revolute index=4 internal off=06c words=3e4ec8c9.b119e830.bf7ab9da.3e4ec8c9.3dcdbcfe.3e4dbcfe.3f797527.3dcdbcfe
case=revolute index=4 internal off=08c words=3e4dbcfe.3f797527.3f800000.c0000000.3f000000.c0400000.c0000000.3f000000
case=revolute index=4 internal off=0ac words=bf1335cc.bf051850.bed8e79d.3eefe880.bf1335cc.bf051850.bed8e79d.3eefe880
case=revolute index=4 internal off=0cc words=3f7eb479.bca62f73.bdc97fed.3f7eb479.bca62f73.bdc97fed.b119e830.bf7ab9da
case=revolute index=4 internal off=0ec words=3e4ec8c9.b119e830.bf7ab9da.3e4ec8c9.3dcdbcfe.3e4dbcfe.3f797527.3dcdbcfe
case=revolute index=4 internal off=10c words=3e4dbcfe.3f797527.3f800000.c0000000.3f000000.c0400000.c0000000.3f000000
case=revolute index=4 internal off=12c words=bf1335cc.bf051850.bed8e79d.3eefe880.bf1335cc.bf051850.bed8e79d.3eefe880
case=revolute index=4 internal off=16c words=00000000.00000000.3f800000.00000000.00000000.3f800000.7f7fffff.00000000
case=revolute index=4 internal off=18c words=00000000.00000000.00000000.00000000.3f800000.3f7f06ff.3db25bff.00000000
case=revolute index=4 internal off=1ac words=cdcdcdcd.cdcdcdcd.cdcdcdcd.cdcdcdcd.cdcdcdcd.cdcdcdcd.cdcdcdcd.cdcdcdcd
case=revolute index=4 internal off=1cc words=cdcdcdcd.cdcdcdcd.cdcdcdcd.cdcdcdcd.cdcdcdcd.cdcdcdcd.cdcdcdcd.cdcdcdcd
case=revolute index=4 internal off=1ec words=cdcdcdcd.cdcdcdcd.cdcdcdcd.cdcdcdcd.cdcdcdcd.cdcdcdcd
case=revolute index=4 actors a=match b=match
case=revolute index=4 saved anchor0=3f800000.c0000000.3f000000 anchor1=c0400000.c0000000.3f000000
case=revolute index=4 saved axis0=3dcdbcfe.3e4dbcfe.3f797527 axis1=3dcdbcfe.3e4dbcfe.3f797527
case=revolute index=4 saved normal0=3f7eb479.bca62f73.bdc97fed normal1=3f7eb479.bca62f73.bdc97fed
case=revolute index=4 scene_joints when=before_release count=3 enumerated=3 order=1.0.8 self=yes end=null
case=revolute index=4 released=yes
case=revolute index=4 scene_joints when=after_release count=2 enumerated=2 order=0.8 self=no end=null
case=prismatic index=4 in_anchor=3f800000.c0000000.3f000000 in_axis=3dcdbcfd.3e4dbcfd.3f797526
case=prismatic index=4 created=yes
case=prismatic index=4 out_anchor=3f800000.c0000000.3f000000 out_axis=3dcdbcfe.3e4dbcfe.3f797527 state=0
case=prismatic index=4 abi_sret cases=2 flags=0 mismatches=0
case=prismatic index=4 abi_sret_values anchor=3f800000.c0000000.3f000000 axis=3dcdbcfe.3e4dbcfe.3f797527
case=prismatic index=4 internal off=04c words=3f7eb479.bca62f73.bdc97fed.3f7eb479.bca62f73.bdc97fed.b119e830.bf7ab9da
case=prismatic index=4 internal off=06c words=3e4ec8c9.b119e830.bf7ab9da.3e4ec8c9.3dcdbcfe.3e4dbcfe.3f797527.3dcdbcfe
case=prismatic index=4 internal off=08c words=3e4dbcfe.3f797527.3f800000.c0000000.3f000000.c0400000.c0000000.3f000000
case=prismatic index=4 internal off=0ac words=bf1335cc.bf051850.bed8e79d.3eefe880.bf1335cc.bf051850.bed8e79d.3eefe880
case=prismatic index=4 internal off=0cc words=3f7eb479.bca62f73.bdc97fed.3f7eb479.bca62f73.bdc97fed.b119e830.bf7ab9da
case=prismatic index=4 internal off=0ec words=3e4ec8c9.b119e830.bf7ab9da.3e4ec8c9.3dcdbcfe.3e4dbcfe.3f797527.3dcdbcfe
case=prismatic index=4 internal off=10c words=3e4dbcfe.3f797527.3f800000.c0000000.3f000000.c0400000.c0000000.3f000000
case=prismatic index=4 internal off=12c words=bf1335cc.bf051850.bed8e79d.3eefe880.bf1335cc.bf051850.bed8e79d.3eefe880
case=prismatic index=4 internal off=16c words=80000000.80000000.80000000.3f800000
case=prismatic index=4 actors a=match b=match
case=prismatic index=4 type=0 is_prismatic=yes is_revolute=no
case=prismatic index=4 saved anchor0=3f800000.c0000000.3f000000 anchor1=c0400000.c0000000.3f000000
case=prismatic index=4 saved axis0=3dcdbcfe.3e4dbcfe.3f797527 axis1=3dcdbcfe.3e4dbcfe.3f797527
case=prismatic index=4 saved normal0=3f7eb479.bca62f73.bdc97fed normal1=3f7eb479.bca62f73.bdc97fed
case=prismatic index=4 saved max_force=7f7fffff max_torque=7f7fffff flags=00000002 actors a=match b=match
case=prismatic index=4 scene_joints when=before_release count=3 enumerated=3 order=0.0.8 self=yes end=null
case=prismatic index=4 released=yes
case=prismatic index=4 scene_joints when=after_release count=2 enumerated=2 order=0.8 self=no end=null
case=cylindrical index=4 in_anchor=3f800000.c0000000.3f000000 in_axis=3dcdbcfd.3e4dbcfd.3f797526
case=cylindrical index=4 created=yes
case=cylindrical index=4 out_anchor=3f800000.c0000000.3f000000 out_axis=3dcdbcfe.3e4dbcfe.3f797527 state=0
case=cylindrical index=4 abi_sret cases=2 flags=0 mismatches=0
case=cylindrical index=4 abi_sret_values anchor=3f800000.c0000000.3f000000 axis=3dcdbcfe.3e4dbcfe.3f797527
case=cylindrical index=4 internal off=04c words=3f7eb479.bca62f73.bdc97fed.3f7eb479.bca62f73.bdc97fed.b119e830.bf7ab9da
case=cylindrical index=4 internal off=06c words=3e4ec8c9.b119e830.bf7ab9da.3e4ec8c9.3dcdbcfe.3e4dbcfe.3f797527.3dcdbcfe
case=cylindrical index=4 internal off=08c words=3e4dbcfe.3f797527.3f800000.c0000000.3f000000.c0400000.c0000000.3f000000
case=cylindrical index=4 internal off=0ac words=bf1335cc.bf051850.bed8e79d.3eefe880.bf1335cc.bf051850.bed8e79d.3eefe880
case=cylindrical index=4 internal off=0cc words=3f7eb479.bca62f73.bdc97fed.3f7eb479.bca62f73.bdc97fed.b119e830.bf7ab9da
case=cylindrical index=4 internal off=0ec words=3e4ec8c9.b119e830.bf7ab9da.3e4ec8c9.3dcdbcfe.3e4dbcfe.3f797527.3dcdbcfe
case=cylindrical index=4 internal off=10c words=3e4dbcfe.3f797527.3f800000.c0000000.3f000000.c0400000.c0000000.3f000000
case=cylindrical index=4 internal off=12c words=bf1335cc.bf051850.bed8e79d.3eefe880.bf1335cc.bf051850.bed8e79d.3eefe880
case=cylindrical index=4 actors a=match b=match
case=cylindrical index=4 type=2 is_cylindrical=yes is_prismatic=no
case=cylindrical index=4 saved anchor0=3f800000.c0000000.3f000000 anchor1=c0400000.c0000000.3f000000
case=cylindrical index=4 saved axis0=3dcdbcfe.3e4dbcfe.3f797527 axis1=3dcdbcfe.3e4dbcfe.3f797527
case=cylindrical index=4 saved normal0=3f7eb479.bca62f73.bdc97fed normal1=3f7eb479.bca62f73.bdc97fed
case=cylindrical index=4 saved max_force=7f7fffff max_torque=7f7fffff flags=00000002 actors a=match b=match
case=cylindrical index=4 scene_joints when=before_release count=3 enumerated=3 order=2.0.8 self=yes end=null
case=cylindrical index=4 released=yes
case=cylindrical index=4 scene_joints when=after_release count=2 enumerated=2 order=0.8 self=no end=null
case=spherical index=4 in_anchor=3f800000.c0000000.3f000000 in_axis=3dcdbcfd.3e4dbcfd.3f797526
case=spherical index=4 created=yes
case=spherical index=4 out_anchor=3f800000.c0000000.3f000000 out_axis=3dcdbcfe.3e4dbcfe.3f797527 state=0
case=spherical index=4 abi_sret cases=2 flags=0 mismatches=0
case=spherical index=4 abi_sret_values anchor=3f800000.c0000000.3f000000 axis=3dcdbcfe.3e4dbcfe.3f797527
case=spherical index=4 internal off=04c words=3f7eb479.bca62f73.bdc97fed.3f7eb479.bca62f73.bdc97fed.b119e830.bf7ab9da
case=spherical index=4 internal off=06c words=3e4ec8c9.b119e830.bf7ab9da.3e4ec8c9.3dcdbcfe.3e4dbcfe.3f797527.3dcdbcfe
case=spherical index=4 internal off=08c words=3e4dbcfe.3f797527.3f800000.c0000000.3f000000.c0400000.c0000000.3f000000
case=spherical index=4 internal off=0ac words=bf1335cc.bf051850.bed8e79d.3eefe880.bf1335cc.bf051850.bed8e79d.3eefe880
case=spherical index=4 internal off=0cc words=3f7eb479.bca62f73.bdc97fed.3f7eb479.bca62f73.bdc97fed.b119e830.bf7ab9da
case=spherical index=4 internal off=0ec words=3e4ec8c9.b119e830.bf7ab9da.3e4ec8c9.3dcdbcfe.3e4dbcfe.3f797527.3dcdbcfe
case=spherical index=4 internal off=10c words=3e4dbcfe.3f797527.3f800000.c0000000.3f000000.c0400000.c0000000.3f000000
case=spherical index=4 internal off=12c words=bf1335cc.bf051850.bed8e79d.3eefe880.bf1335cc.bf051850.bed8e79d.3eefe880
case=spherical index=4 internal off=16c words=bf000000.3e800000.3f800000.3f400000.00000000.3f000000.3f200000.3f000000
case=spherical index=4 internal off=18c words=3f400000.40000000.3f000000.3e000000.40400000.3f800000.3ec00000.40800000
case=spherical index=4 internal off=1ac words=40000000.00000000.3f19999a.00000000.3f4ccccd.3f2d6596.3e182070.3f387421
case=spherical index=4 internal off=1cc words=3f4f9b47.00000009.3e800000.cdcdcdcd.cdcdcdcd.cdcdcdcd.cdcdcdcd.cdcdcdcd
case=spherical index=4 internal off=1ec words=cdcdcdcd.cdcdcdcd.cdcdcdcd.cdcdcdcd.cdcdcdcd.cdcdcdcd.cdcdcdcd.cdcdcdcd
case=spherical index=4 internal off=20c words=cdcdcdcd.cdcdcdcd.cdcdcdcd.cdcdcdcd.cdcdcdcd.cdcdcdcd.cdcdcdcd.cdcdcdcd
case=spherical index=4 internal off=22c words=cdcdcdcd.cdcdcdcd.cdcdcdcd.cdcdcdcd
case=spherical index=4 actors a=match b=match
case=spherical index=4 type=3 is_spherical=yes is_revolute=no
case=spherical index=4 flags=00000009 projection_mode=1
case=spherical index=4 saved anchor0=3f800000.c0000000.3f000000 anchor1=c0400000.c0000000.3f000000
case=spherical index=4 saved axis0=3dcdbcfe.3e4dbcfe.3f797527 axis1=3dcdbcfe.3e4dbcfe.3f797527
case=spherical index=4 saved normal0=3f7eb479.bca62f73.bdc97fed normal1=3f7eb479.bca62f73.bdc97fed
case=spherical index=4 saved swing_axis=3f19999a.00000000.3f4ccccd projection_distance=3e800000 flags=00000009 projection_mode=1
case=spherical index=4 saved twist_limit=bf000000.3e800000.3f800000.3f400000.00000000.3f000000 swing_limit=3f200000.3f000000.3f400000
case=spherical index=4 saved twist_spring=40000000.3f000000.3e000000 swing_spring=40400000.3f800000.3ec00000 joint_spring=40800000.40000000.00000000
case=spherical index=4 saved max_force=7f7fffff max_torque=7f7fffff flags=00000002 actors a=match b=match
case=spherical index=4 scene_joints when=before_release count=3 enumerated=3 order=3.0.8 self=yes end=null
case=spherical index=4 released=yes
case=spherical index=4 scene_joints when=after_release count=2 enumerated=2 order=0.8 self=no end=null
case=point_on_line index=4 in_anchor=3f800000.c0000000.3f000000 in_axis=3dcdbcfd.3e4dbcfd.3f797526
case=point_on_line index=4 created=yes
case=point_on_line index=4 out_anchor=3f800000.c0000000.3f000000 out_axis=3dcdbcfe.3e4dbcfe.3f797527 state=0
case=point_on_line index=4 abi_sret cases=2 flags=0 mismatches=0
case=point_on_line index=4 abi_sret_values anchor=3f800000.c0000000.3f000000 axis=3dcdbcfe.3e4dbcfe.3f797527
case=point_on_line index=4 internal off=04c words=3f7eb479.bca62f73.bdc97fed.3f7eb479.bca62f73.bdc97fed.b119e830.bf7ab9da
case=point_on_line index=4 internal off=06c words=3e4ec8c9.b119e830.bf7ab9da.3e4ec8c9.3dcdbcfe.3e4dbcfe.3f797527.3dcdbcfe
case=point_on_line index=4 internal off=08c words=3e4dbcfe.3f797527.3f800000.c0000000.3f000000.c0400000.c0000000.3f000000
case=point_on_line index=4 internal off=0ac words=bf1335cc.bf051850.bed8e79d.3eefe880.bf1335cc.bf051850.bed8e79d.3eefe880
case=point_on_line index=4 internal off=0cc words=3f7eb479.bca62f73.bdc97fed.3f7eb479.bca62f73.bdc97fed.b119e830.bf7ab9da
case=point_on_line index=4 internal off=0ec words=3e4ec8c9.b119e830.bf7ab9da.3e4ec8c9.3dcdbcfe.3e4dbcfe.3f797527.3dcdbcfe
case=point_on_line index=4 internal off=10c words=3e4dbcfe.3f797527.3f800000.c0000000.3f000000.c0400000.c0000000.3f000000
case=point_on_line index=4 internal off=12c words=bf1335cc.bf051850.bed8e79d.3eefe880.bf1335cc.bf051850.bed8e79d.3eefe880
case=point_on_line index=4 actors a=match b=match
case=point_on_line index=4 type=4 is_point_on_line=yes is_revolute=no
case=point_on_line index=4 saved anchor0=3f800000.c0000000.3f000000 anchor1=c0400000.c0000000.3f000000
case=point_on_line index=4 saved axis0=3dcdbcfe.3e4dbcfe.3f797527 axis1=3dcdbcfe.3e4dbcfe.3f797527
case=point_on_line index=4 saved normal0=3f7eb479.bca62f73.bdc97fed normal1=3f7eb479.bca62f73.bdc97fed
case=point_on_line index=4 saved max_force=7f7fffff max_torque=7f7fffff flags=00000002 actors a=match b=match
case=point_on_line index=4 scene_joints when=before_release count=3 enumerated=3 order=4.0.8 self=yes end=null
case=point_on_line index=4 released=yes
case=point_on_line index=4 scene_joints when=after_release count=2 enumerated=2 order=0.8 self=no end=null
case=point_in_plane index=4 in_anchor=3f800000.c0000000.3f000000 in_axis=3dcdbcfd.3e4dbcfd.3f797526
case=point_in_plane index=4 created=yes
case=point_in_plane index=4 out_anchor=3f800000.c0000000.3f000000 out_axis=3dcdbcfe.3e4dbcfe.3f797527 state=0
case=point_in_plane index=4 abi_sret cases=2 flags=0 mismatches=0
case=point_in_plane index=4 abi_sret_values anchor=3f800000.c0000000.3f000000 axis=3dcdbcfe.3e4dbcfe.3f797527
case=point_in_plane index=4 internal off=04c words=3f7eb479.bca62f73.bdc97fed.3f7eb479.bca62f73.bdc97fed.b119e830.bf7ab9da
case=point_in_plane index=4 internal off=06c words=3e4ec8c9.b119e830.bf7ab9da.3e4ec8c9.3dcdbcfe.3e4dbcfe.3f797527.3dcdbcfe
case=point_in_plane index=4 internal off=08c words=3e4dbcfe.3f797527.3f800000.c0000000.3f000000.c0400000.c0000000.3f000000
case=point_in_plane index=4 internal off=0ac words=bf1335cc.bf051850.bed8e79d.3eefe880.bf1335cc.bf051850.bed8e79d.3eefe880
case=point_in_plane index=4 internal off=0cc words=3f7eb479.bca62f73.bdc97fed.3f7eb479.bca62f73.bdc97fed.b119e830.bf7ab9da
case=point_in_plane index=4 internal off=0ec words=3e4ec8c9.b119e830.bf7ab9da.3e4ec8c9.3dcdbcfe.3e4dbcfe.3f797527.3dcdbcfe
case=point_in_plane index=4 internal off=10c words=3e4dbcfe.3f797527.3f800000.c0000000.3f000000.c0400000.c0000000.3f000000
case=point_in_plane index=4 internal off=12c words=bf1335cc.bf051850.bed8e79d.3eefe880.bf1335cc.bf051850.bed8e79d.3eefe880
case=point_in_plane index=4 actors a=match b=match
case=point_in_plane index=4 type=5 is_point_in_plane=yes is_revolute=no
case=point_in_plane index=4 saved anchor0=3f800000.c0000000.3f000000 anchor1=c0400000.c0000000.3f000000
case=point_in_plane index=4 saved axis0=3dcdbcfe.3e4dbcfe.3f797527 axis1=3dcdbcfe.3e4dbcfe.3f797527
case=point_in_plane index=4 saved normal0=3f7eb479.bca62f73.bdc97fed normal1=3f7eb479.bca62f73.bdc97fed
case=point_in_plane index=4 saved max_force=7f7fffff max_torque=7f7fffff flags=00000002 actors a=match b=match
case=point_in_plane index=4 scene_joints when=before_release count=3 enumerated=3 order=5.0.8 self=yes end=null
case=point_in_plane index=4 released=yes
case=point_in_plane index=4 scene_joints when=after_release count=2 enumerated=2 order=0.8 self=no end=null
case=distance index=4 in_anchor=3f800000.c0000000.3f000000 in_axis=3dcdbcfd.3e4dbcfd.3f797526 max_distance=40200000 min_distance=3f000000 spring=41200000.3f000000.3e800000 flags=00000007
case=distance index=4 created=yes
case=distance index=4 out_anchor=3f800000.c0000000.3f000000 out_axis=3dcdbcfe.3e4dbcfe.3f797527 state=0
case=distance index=4 abi_sret cases=2 flags=0 mismatches=0
case=distance index=4 abi_sret_values anchor=3f800000.c0000000.3f000000 axis=3dcdbcfe.3e4dbcfe.3f797527
case=distance index=4 internal off=04c words=3f7eb479.bca62f73.bdc97fed.3f7eb479.bca62f73.bdc97fed.b119e830.bf7ab9da
case=distance index=4 internal off=06c words=3e4ec8c9.b119e830.bf7ab9da.3e4ec8c9.3dcdbcfe.3e4dbcfe.3f797527.3dcdbcfe
case=distance index=4 internal off=08c words=3e4dbcfe.3f797527.3f800000.c0000000.3f000000.c0400000.c0000000.3f000000
case=distance index=4 internal off=0ac words=bf1335cc.bf051850.bed8e79d.3eefe880.bf1335cc.bf051850.bed8e79d.3eefe880
case=distance index=4 internal off=0cc words=3f7eb479.bca62f73.bdc97fed.3f7eb479.bca62f73.bdc97fed.b119e830.bf7ab9da
case=distance index=4 internal off=0ec words=3e4ec8c9.b119e830.bf7ab9da.3e4ec8c9.3dcdbcfe.3e4dbcfe.3f797527.3dcdbcfe
case=distance index=4 internal off=10c words=3e4dbcfe.3f797527.3f800000.c0000000.3f000000.c0400000.c0000000.3f000000
case=distance index=4 internal off=12c words=bf1335cc.bf051850.bed8e79d.3eefe880.bf1335cc.bf051850.bed8e79d.3eefe880
case=distance index=4 internal off=16c words=40200000.3f000000.41200000.3f000000.3e800000.00000007
case=distance index=4 actors a=match b=match
case=distance index=4 type=6 is_distance=yes is_revolute=no
case=distance index=4 saved max_distance=40200000 min_distance=3f000000 spring=41200000.3f000000.3e800000 flags=00000007
case=distance index=4 saved anchor0=3f800000.c0000000.3f000000 anchor1=c0400000.c0000000.3f000000
case=distance index=4 saved axis0=3dcdbcfe.3e4dbcfe.3f797527 axis1=3dcdbcfe.3e4dbcfe.3f797527
case=distance index=4 saved normal0=3f7eb479.bca62f73.bdc97fed normal1=3f7eb479.bca62f73.bdc97fed
case=distance index=4 saved max_force=7f7fffff max_torque=7f7fffff flags=00000002 actors a=match b=match
case=distance index=4 scene_joints when=before_release count=3 enumerated=3 order=6.0.8 self=yes end=null
case=distance index=4 released=yes
case=distance index=4 scene_joints when=after_release count=2 enumerated=2 order=0.8 self=no end=null
case=pulley index=4 in_anchor=3f800000.c0000000.3f000000 in_axis=3dcdbcfd.3e4dbcfd.3f797526
case=pulley index=4 in_pulley0=00000000.40a00000.00000000 in_pulley1=40800000.40a00000.00000000 distance=40c00000 stiffness=3f400000 ratio=3fc00000 flags=00000001
case=pulley index=4 created=yes
case=pulley index=4 out_anchor=3f800000.c0000000.3f000000 out_axis=3dcdbcfe.3e4dbcfe.3f797527 state=0
case=pulley index=4 abi_sret cases=2 flags=0 mismatches=0
case=pulley index=4 abi_sret_values anchor=3f800000.c0000000.3f000000 axis=3dcdbcfe.3e4dbcfe.3f797527
case=pulley index=4 internal off=04c words=3f7eb479.bca62f73.bdc97fed.3f7eb479.bca62f73.bdc97fed.b119e830.bf7ab9da
case=pulley index=4 internal off=06c words=3e4ec8c9.b119e830.bf7ab9da.3e4ec8c9.3dcdbcfe.3e4dbcfe.3f797527.3dcdbcfe
case=pulley index=4 internal off=08c words=3e4dbcfe.3f797527.3f800000.c0000000.3f000000.c0400000.c0000000.3f000000
case=pulley index=4 internal off=0ac words=bf1335cc.bf051850.bed8e79d.3eefe880.bf1335cc.bf051850.bed8e79d.3eefe880
case=pulley index=4 internal off=0cc words=3f7eb479.bca62f73.bdc97fed.3f7eb479.bca62f73.bdc97fed.b119e830.bf7ab9da
case=pulley index=4 internal off=0ec words=3e4ec8c9.b119e830.bf7ab9da.3e4ec8c9.3dcdbcfe.3e4dbcfe.3f797527.3dcdbcfe
case=pulley index=4 internal off=10c words=3e4dbcfe.3f797527.3f800000.c0000000.3f000000.c0400000.c0000000.3f000000
case=pulley index=4 internal off=12c words=bf1335cc.bf051850.bed8e79d.3eefe880.bf1335cc.bf051850.bed8e79d.3eefe880
case=pulley index=4 actors a=match b=match
case=pulley index=4 type=7 is_pulley=yes is_distance=no
case=pulley index=4 saved pulley0=00000000.40a00000.00000000 pulley1=40800000.40a00000.00000000
case=pulley index=4 saved distance=40c00000 stiffness=3f400000 ratio=3fc00000 flags=00000001
case=pulley index=4 saved anchor0=3f800000.c0000000.3f000000 anchor1=c0400000.c0000000.3f000000
case=pulley index=4 saved axis0=3dcdbcfe.3e4dbcfe.3f797527 axis1=3dcdbcfe.3e4dbcfe.3f797527
case=pulley index=4 saved normal0=3f7eb479.bca62f73.bdc97fed normal1=3f7eb479.bca62f73.bdc97fed
case=pulley index=4 saved max_force=7f7fffff max_torque=7f7fffff flags=00000002 actors a=match b=match
case=pulley index=4 scene_joints when=before_release count=3 enumerated=3 order=7.0.8 self=yes end=null
case=pulley index=4 released=yes
case=pulley index=4 scene_joints when=after_release count=2 enumerated=2 order=0.8 self=no end=null
case=fixed index=4 in_anchor=3f800000.c0000000.3f000000 in_axis=3dcdbcfd.3e4dbcfd.3f797526
case=fixed index=4 created=yes
case=fixed index=4 out_anchor=3f800000.c0000000.3f000000 out_axis=3dcdbcfe.3e4dbcfe.3f797527 state=0
case=fixed index=4 abi_sret cases=2 flags=0 mismatches=0
case=fixed index=4 abi_sret_values anchor=3f800000.c0000000.3f000000 axis=3dcdbcfe.3e4dbcfe.3f797527
case=fixed index=4 internal off=04c words=3f7eb479.bca62f73.bdc97fed.3f7eb479.bca62f73.bdc97fed.b119e830.bf7ab9da
case=fixed index=4 internal off=06c words=3e4ec8c9.b119e830.bf7ab9da.3e4ec8c9.3dcdbcfe.3e4dbcfe.3f797527.3dcdbcfe
case=fixed index=4 internal off=08c words=3e4dbcfe.3f797527.3f800000.c0000000.3f000000.c0400000.c0000000.3f000000
case=fixed index=4 internal off=0ac words=bf1335cc.bf051850.bed8e79d.3eefe880.bf1335cc.bf051850.bed8e79d.3eefe880
case=fixed index=4 internal off=0cc words=3f7eb479.bca62f73.bdc97fed.3f7eb479.bca62f73.bdc97fed.b119e830.bf7ab9da
case=fixed index=4 internal off=0ec words=3e4ec8c9.b119e830.bf7ab9da.3e4ec8c9.3dcdbcfe.3e4dbcfe.3f797527.3dcdbcfe
case=fixed index=4 internal off=10c words=3e4dbcfe.3f797527.3f800000.c0000000.3f000000.c0400000.c0000000.3f000000
case=fixed index=4 internal off=12c words=bf1335cc.bf051850.bed8e79d.3eefe880.bf1335cc.bf051850.bed8e79d.3eefe880
case=fixed index=4 internal off=16c words=40800000.00000000.00000000.80000000.80000000.80000000.3f800000
case=fixed index=4 actors a=match b=match
case=fixed index=4 type=8 is_fixed=yes is_pulley=no
case=fixed index=4 saved anchor0=3f800000.c0000000.3f000000 anchor1=c0400000.c0000000.3f000000
case=fixed index=4 saved axis0=3dcdbcfe.3e4dbcfe.3f797527 axis1=3dcdbcfe.3e4dbcfe.3f797527
case=fixed index=4 saved normal0=3f7eb479.bca62f73.bdc97fed normal1=3f7eb479.bca62f73.bdc97fed
case=fixed index=4 saved max_force=7f7fffff max_torque=7f7fffff flags=00000002 actors a=match b=match
case=fixed index=4 scene_joints when=before_release count=3 enumerated=3 order=8.0.8 self=yes end=null
case=fixed index=4 released=yes
case=fixed index=4 scene_joints when=after_release count=2 enumerated=2 order=0.8 self=no end=null
case=d6 index=4 in_anchor=3f800000.c0000000.3f000000 in_axis=3dcdbcfd.3e4dbcfd.3f797526
case=d6 index=4 in motions=0.1.2.1.1.2
case=d6 index=4 in linear=3f000000.3e800000.3f400000 twist_low=bf000000.3e000000.3f600000 twist_high=3f400000.3e800000.3f200000
case=d6 index=4 in swing1=3f200000.3ec00000.3f000000 swing2=3ec00000.3d800000.3f700000
case=d6 index=4 in drive_x=00000001.40000000.3f800000.42c80000
case=d6 index=4 in drive_y=00000002.40400000.3fc00000.42ca0000
case=d6 index=4 in drive_z=00000001.40800000.40000000.42cc0000
case=d6 index=4 in drive_swing=00000002.40a00000.40200000.42ce0000
case=d6 index=4 in drive_twist=00000001.40c00000.40400000.42d00000
case=d6 index=4 in drive_spherical=00000002.40e00000.40600000.42d20000
case=d6 index=4 in use_spherical=1 drive_position=3f800000.40000000.40400000 drive_orientation=00000000.3f19999a.00000000.3f4ccccd
case=d6 index=4 in drive_linear_velocity=3f000000.bf000000.3fc00000 drive_angular_velocity=be800000.3e000000.40200000
case=d6 index=4 in projection distance=3e000000 angle=3d800000 mode=1
case=d6 index=4 created=yes
case=d6 index=4 out_anchor=3f800000.c0000000.3f000000 out_axis=3dcdbcfe.3e4dbcfe.3f797527 state=0
case=d6 index=4 abi_sret cases=2 flags=0 mismatches=0
case=d6 index=4 abi_sret_values anchor=3f800000.c0000000.3f000000 axis=3dcdbcfe.3e4dbcfe.3f797527
case=d6 index=4 internal off=04c words=3f7eb479.bca62f73.bdc97fed.3f7eb479.bca62f73.bdc97fed.b119e830.bf7ab9da
case=d6 index=4 internal off=06c words=3e4ec8c9.b119e830.bf7ab9da.3e4ec8c9.3dcdbcfe.3e4dbcfe.3f797527.3dcdbcfe
case=d6 index=4 internal off=08c words=3e4dbcfe.3f797527.3f800000.c0000000.3f000000.c0400000.c0000000.3f000000
case=d6 index=4 internal off=0ac words=bf1335cc.bf051850.bed8e79d.3eefe880.bf1335cc.bf051850.bed8e79d.3eefe880
case=d6 index=4 internal off=0cc words=3f7eb479.bca62f73.bdc97fed.3f7eb479.bca62f73.bdc97fed.b119e830.bf7ab9da
case=d6 index=4 internal off=0ec words=3e4ec8c9.b119e830.bf7ab9da.3e4ec8c9.3dcdbcfe.3e4dbcfe.3f797527.3dcdbcfe
case=d6 index=4 internal off=10c words=3e4dbcfe.3f797527.3f800000.c0000000.3f000000.c0400000.c0000000.3f000000
case=d6 index=4 internal off=12c words=bf1335cc.bf051850.bed8e79d.3eefe880.bf1335cc.bf051850.bed8e79d.3eefe880
case=d6 index=4 internal off=16c words=00000000.00000001.00000002.00000001.00000001.00000002.3f000000.3e800000
case=d6 index=4 internal off=18c words=3f400000.3f200000.3ec00000.3f000000.3ec00000.3d800000.3f700000.bf000000
case=d6 index=4 internal off=1ac words=3e000000.3f600000.3f400000.3e800000.3f200000.00000001.40000000.3f800000
case=d6 index=4 internal off=1cc words=42c80000.00000002.40400000.3fc00000.42ca0000.00000001.40800000.40000000
case=d6 index=4 internal off=1ec words=42cc0000.00000000.00000000.00000000.7f7fffff.00000000.00000000.00000000
case=d6 index=4 internal off=20c words=7f7fffff.00000000.00000000.00000000.7f7fffff.cdcdcd01.3f800000.40000000
case=d6 index=4 internal off=22c words=40400000.00000000.3f19999a.00000000.3f4ccccd.3f000000.bf000000.3fc00000
case=d6 index=4 internal off=24c words=be800000.3e000000.40200000.3e000000.3d800000.3f7399f5.cdcdcdcd.3f6e35bf
case=d6 index=4 internal off=26c words=cdcd0101
case=d6 index=4 actors a=match b=match
case=d6 index=4 type=9 is_d6=yes is_fixed=no
case=d6 index=4 saved motions=2.0.2.0.2.0
case=d6 index=4 saved linear=41100000.3f000000.3f000000 twist_low=c1100000.3e000000.3f600000 twist_high=41180000.3e800000.3f200000
case=d6 index=4 saved swing1=41000000.3ec00000.3f000000 swing2=40e00000.3d800000.3f700000
case=d6 index=4 saved drive_x=00000001.41a00000.41200000.42c80000
case=d6 index=4 saved drive_y=00000002.41a80000.41280000.42ca0000
case=d6 index=4 saved drive_z=00000001.41b00000.41300000.42cc0000
case=d6 index=4 saved drive_swing=00000002.41b80000.41380000.42ce0000
case=d6 index=4 saved drive_twist=00000001.41c00000.41400000.42d00000
case=d6 index=4 saved drive_spherical=00000002.41c80000.41480000.42d20000
case=d6 index=4 saved use_spherical=1 drive_position=41300000.41400000.41500000 drive_orientation=3f000000.3f000000.3f000000.3f000000
case=d6 index=4 saved drive_linear_velocity=41a80000.41b00000.41b80000 drive_angular_velocity=41f80000.42000000.42040000
case=d6 index=4 saved projection distance=42c60000 angle=42c40000 mode=1
case=d6 index=4 saved anchor0=3f800000.c0000000.3f000000 anchor1=c0400000.c0000000.3f000000
case=d6 index=4 saved axis0=3dcdbcfe.3e4dbcfe.3f797527 axis1=3dcdbcfe.3e4dbcfe.3f797527
case=d6 index=4 saved normal0=3f7eb479.bca62f73.bdc97fed normal1=3f7eb479.bca62f73.bdc97fed
case=d6 index=4 saved max_force=7f7fffff max_torque=7f7fffff flags=00000002 actors a=match b=match
case=d6 index=4 drive_contended reports=1 code=2 line=40
case=d6 index=4 drive_orientation_contended reports=1 code=2 line=47
case=d6 index=4 drive_linear_velocity_contended reports=1 code=2 line=54
case=d6 index=4 drive_angular_velocity_contended reports=1 code=2 line=61
case=d6 index=4 drive_setters=called
case=d6 index=4 resaved motions=2.0.2.0.2.0
case=d6 index=4 resaved linear=41100000.3f000000.3f000000 twist_low=c1100000.3e000000.3f600000 twist_high=41180000.3e800000.3f200000
case=d6 index=4 resaved swing1=41000000.3ec00000.3f000000 swing2=40e00000.3d800000.3f700000
case=d6 index=4 resaved drive_x=00000001.41a00000.41200000.42c80000
case=d6 index=4 resaved drive_y=00000002.41a80000.41280000.42ca0000
case=d6 index=4 resaved drive_z=00000001.41b00000.41300000.42cc0000
case=d6 index=4 resaved drive_swing=00000002.41b80000.41380000.42ce0000
case=d6 index=4 resaved drive_twist=00000001.41c00000.41400000.42d00000
case=d6 index=4 resaved drive_spherical=00000002.41c80000.41480000.42d20000
case=d6 index=4 resaved use_spherical=1 drive_position=41300000.41400000.41500000 drive_orientation=3f000000.3f000000.3f000000.3f000000
case=d6 index=4 resaved drive_linear_velocity=41a80000.41b00000.41b80000 drive_angular_velocity=41f80000.42000000.42040000
case=d6 index=4 resaved projection distance=42c60000 angle=42c40000 mode=1
case=d6 index=4 scene_joints when=before_release count=3 enumerated=3 order=9.0.8 self=yes end=null
case=d6 index=4 released=yes
case=d6 index=4 scene_joints when=after_release count=2 enumerated=2 order=0.8 self=no end=null
case=revolute index=5 in_anchor=bf000000.3fc00000.40000000 in_axis=00000000.00000000.3f800000
case=revolute index=5 created=yes
case=revolute index=5 out_anchor=bf000000.3fc00000.40000000 out_axis=00000000.00000000.3f800000 state=0
case=revolute index=5 abi_sret cases=2 flags=0 mismatches=0
case=revolute index=5 abi_sret_values anchor=bf000000.3fc00000.40000000 axis=00000000.00000000.3f800000
case=revolute index=5 internal off=04c words=3f800000.00000000.00000000.3f800000.00000000.00000000.00000000.bf800000
case=revolute index=5 internal off=06c words=00000000.00000000.bf800000.00000000.00000000.00000000.3f800000.00000000
case=revolute index=5 internal off=08c words=00000000.3f800000.bf000000.3fc00000.40000000.c0900000.3fc00000.40000000
case=revolute index=5 internal off=0ac words=bf000000.bf000000.bf000000.3f000000.bf000000.bf000000.bf000000.3f000000
case=revolute index=5 internal off=0cc words=3f800000.00000000.00000000.3f800000.00000000.00000000.00000000.bf800000
case=revolute index=5 internal off=0ec words=00000000.00000000.bf800000.00000000.00000000.00000000.3f800000.00000000
case=revolute index=5 internal off=10c words=00000000.3f800000.bf000000.3fc00000.40000000.c0900000.3fc00000.40000000
case=revolute index=5 internal off=12c words=bf000000.bf000000.bf000000.3f000000.bf000000.bf000000.bf000000.3f000000
case=revolute index=5 internal off=16c words=00000000.00000000.3f800000.00000000.00000000.3f800000.7f7fffff.00000000
case=revolute index=5 internal off=18c words=00000000.00000000.00000000.00000000.3f800000.3f7f06ff.3db25bff.00000000
case=revolute index=5 internal off=1ac words=cdcdcdcd.cdcdcdcd.cdcdcdcd.cdcdcdcd.cdcdcdcd.cdcdcdcd.cdcdcdcd.cdcdcdcd
case=revolute index=5 internal off=1cc words=cdcdcdcd.cdcdcdcd.cdcdcdcd.cdcdcdcd.cdcdcdcd.cdcdcdcd.cdcdcdcd.cdcdcdcd
case=revolute index=5 internal off=1ec words=cdcdcdcd.cdcdcdcd.cdcdcdcd.cdcdcdcd.cdcdcdcd.cdcdcdcd
case=revolute index=5 actors a=match b=match
case=revolute index=5 saved anchor0=bf000000.3fc00000.40000000 anchor1=c0900000.3fc00000.40000000
case=revolute index=5 saved axis0=00000000.00000000.3f800000 axis1=00000000.00000000.3f800000
case=revolute index=5 saved normal0=3f800000.00000000.00000000 normal1=3f800000.00000000.00000000
case=revolute index=5 scene_joints when=before_release count=3 enumerated=3 order=1.0.8 self=yes end=null
case=revolute index=5 released=yes
case=revolute index=5 scene_joints when=after_release count=2 enumerated=2 order=0.8 self=no end=null
case=prismatic index=5 in_anchor=bf000000.3fc00000.40000000 in_axis=00000000.00000000.3f800000
case=prismatic index=5 created=yes
case=prismatic index=5 out_anchor=bf000000.3fc00000.40000000 out_axis=00000000.00000000.3f800000 state=0
case=prismatic index=5 abi_sret cases=2 flags=0 mismatches=0
case=prismatic index=5 abi_sret_values anchor=bf000000.3fc00000.40000000 axis=00000000.00000000.3f800000
case=prismatic index=5 internal off=04c words=3f800000.00000000.00000000.3f800000.00000000.00000000.00000000.bf800000
case=prismatic index=5 internal off=06c words=00000000.00000000.bf800000.00000000.00000000.00000000.3f800000.00000000
case=prismatic index=5 internal off=08c words=00000000.3f800000.bf000000.3fc00000.40000000.c0900000.3fc00000.40000000
case=prismatic index=5 internal off=0ac words=bf000000.bf000000.bf000000.3f000000.bf000000.bf000000.bf000000.3f000000
case=prismatic index=5 internal off=0cc words=3f800000.00000000.00000000.3f800000.00000000.00000000.00000000.bf800000
case=prismatic index=5 internal off=0ec words=00000000.00000000.bf800000.00000000.00000000.00000000.3f800000.00000000
case=prismatic index=5 internal off=10c words=00000000.3f800000.bf000000.3fc00000.40000000.c0900000.3fc00000.40000000
case=prismatic index=5 internal off=12c words=bf000000.bf000000.bf000000.3f000000.bf000000.bf000000.bf000000.3f000000
case=prismatic index=5 internal off=16c words=80000000.80000000.80000000.3f800000
case=prismatic index=5 actors a=match b=match
case=prismatic index=5 type=0 is_prismatic=yes is_revolute=no
case=prismatic index=5 saved anchor0=bf000000.3fc00000.40000000 anchor1=c0900000.3fc00000.40000000
case=prismatic index=5 saved axis0=00000000.00000000.3f800000 axis1=00000000.00000000.3f800000
case=prismatic index=5 saved normal0=3f800000.00000000.00000000 normal1=3f800000.00000000.00000000
case=prismatic index=5 saved max_force=7f7fffff max_torque=7f7fffff flags=00000002 actors a=match b=match
case=prismatic index=5 scene_joints when=before_release count=3 enumerated=3 order=0.0.8 self=yes end=null
case=prismatic index=5 released=yes
case=prismatic index=5 scene_joints when=after_release count=2 enumerated=2 order=0.8 self=no end=null
case=cylindrical index=5 in_anchor=bf000000.3fc00000.40000000 in_axis=00000000.00000000.3f800000
case=cylindrical index=5 created=yes
case=cylindrical index=5 out_anchor=bf000000.3fc00000.40000000 out_axis=00000000.00000000.3f800000 state=0
case=cylindrical index=5 abi_sret cases=2 flags=0 mismatches=0
case=cylindrical index=5 abi_sret_values anchor=bf000000.3fc00000.40000000 axis=00000000.00000000.3f800000
case=cylindrical index=5 internal off=04c words=3f800000.00000000.00000000.3f800000.00000000.00000000.00000000.bf800000
case=cylindrical index=5 internal off=06c words=00000000.00000000.bf800000.00000000.00000000.00000000.3f800000.00000000
case=cylindrical index=5 internal off=08c words=00000000.3f800000.bf000000.3fc00000.40000000.c0900000.3fc00000.40000000
case=cylindrical index=5 internal off=0ac words=bf000000.bf000000.bf000000.3f000000.bf000000.bf000000.bf000000.3f000000
case=cylindrical index=5 internal off=0cc words=3f800000.00000000.00000000.3f800000.00000000.00000000.00000000.bf800000
case=cylindrical index=5 internal off=0ec words=00000000.00000000.bf800000.00000000.00000000.00000000.3f800000.00000000
case=cylindrical index=5 internal off=10c words=00000000.3f800000.bf000000.3fc00000.40000000.c0900000.3fc00000.40000000
case=cylindrical index=5 internal off=12c words=bf000000.bf000000.bf000000.3f000000.bf000000.bf000000.bf000000.3f000000
case=cylindrical index=5 actors a=match b=match
case=cylindrical index=5 type=2 is_cylindrical=yes is_prismatic=no
case=cylindrical index=5 saved anchor0=bf000000.3fc00000.40000000 anchor1=c0900000.3fc00000.40000000
case=cylindrical index=5 saved axis0=00000000.00000000.3f800000 axis1=00000000.00000000.3f800000
case=cylindrical index=5 saved normal0=3f800000.00000000.00000000 normal1=3f800000.00000000.00000000
case=cylindrical index=5 saved max_force=7f7fffff max_torque=7f7fffff flags=00000002 actors a=match b=match
case=cylindrical index=5 scene_joints when=before_release count=3 enumerated=3 order=2.0.8 self=yes end=null
case=cylindrical index=5 released=yes
case=cylindrical index=5 scene_joints when=after_release count=2 enumerated=2 order=0.8 self=no end=null
case=spherical index=5 in_anchor=bf000000.3fc00000.40000000 in_axis=00000000.00000000.3f800000
case=spherical index=5 created=yes
case=spherical index=5 out_anchor=bf000000.3fc00000.40000000 out_axis=00000000.00000000.3f800000 state=0
case=spherical index=5 abi_sret cases=2 flags=0 mismatches=0
case=spherical index=5 abi_sret_values anchor=bf000000.3fc00000.40000000 axis=00000000.00000000.3f800000
case=spherical index=5 internal off=04c words=3f800000.00000000.00000000.3f800000.00000000.00000000.00000000.bf800000
case=spherical index=5 internal off=06c words=00000000.00000000.bf800000.00000000.00000000.00000000.3f800000.00000000
case=spherical index=5 internal off=08c words=00000000.3f800000.bf000000.3fc00000.40000000.c0900000.3fc00000.40000000
case=spherical index=5 internal off=0ac words=bf000000.bf000000.bf000000.3f000000.bf000000.bf000000.bf000000.3f000000
case=spherical index=5 internal off=0cc words=3f800000.00000000.00000000.3f800000.00000000.00000000.00000000.bf800000
case=spherical index=5 internal off=0ec words=00000000.00000000.bf800000.00000000.00000000.00000000.3f800000.00000000
case=spherical index=5 internal off=10c words=00000000.3f800000.bf000000.3fc00000.40000000.c0900000.3fc00000.40000000
case=spherical index=5 internal off=12c words=bf000000.bf000000.bf000000.3f000000.bf000000.bf000000.bf000000.3f000000
case=spherical index=5 internal off=16c words=bf000000.3e800000.3f800000.3f400000.00000000.3f000000.3f200000.3f000000
case=spherical index=5 internal off=18c words=3f400000.40000000.3f000000.3e000000.40400000.3f800000.3ec00000.40800000
case=spherical index=5 internal off=1ac words=40000000.00000000.3f19999a.00000000.3f4ccccd.3f19999a.00000000.3f4ccccd
case=spherical index=5 internal off=1cc words=3f4f9b47.00000009.3e800000.cdcdcdcd.cdcdcdcd.cdcdcdcd.cdcdcdcd.cdcdcdcd
case=spherical index=5 internal off=1ec words=cdcdcdcd.cdcdcdcd.cdcdcdcd.cdcdcdcd.cdcdcdcd.cdcdcdcd.cdcdcdcd.cdcdcdcd
case=spherical index=5 internal off=20c words=cdcdcdcd.cdcdcdcd.cdcdcdcd.cdcdcdcd.cdcdcdcd.cdcdcdcd.cdcdcdcd.cdcdcdcd
case=spherical index=5 internal off=22c words=cdcdcdcd.cdcdcdcd.cdcdcdcd.cdcdcdcd
case=spherical index=5 actors a=match b=match
case=spherical index=5 type=3 is_spherical=yes is_revolute=no
case=spherical index=5 flags=00000009 projection_mode=1
case=spherical index=5 saved anchor0=bf000000.3fc00000.40000000 anchor1=c0900000.3fc00000.40000000
case=spherical index=5 saved axis0=00000000.00000000.3f800000 axis1=00000000.00000000.3f800000
case=spherical index=5 saved normal0=3f800000.00000000.00000000 normal1=3f800000.00000000.00000000
case=spherical index=5 saved swing_axis=3f19999a.00000000.3f4ccccd projection_distance=3e800000 flags=00000009 projection_mode=1
case=spherical index=5 saved twist_limit=bf000000.3e800000.3f800000.3f400000.00000000.3f000000 swing_limit=3f200000.3f000000.3f400000
case=spherical index=5 saved twist_spring=40000000.3f000000.3e000000 swing_spring=40400000.3f800000.3ec00000 joint_spring=40800000.40000000.00000000
case=spherical index=5 saved max_force=7f7fffff max_torque=7f7fffff flags=00000002 actors a=match b=match
case=spherical index=5 scene_joints when=before_release count=3 enumerated=3 order=3.0.8 self=yes end=null
case=spherical index=5 released=yes
case=spherical index=5 scene_joints when=after_release count=2 enumerated=2 order=0.8 self=no end=null
case=point_on_line index=5 in_anchor=bf000000.3fc00000.40000000 in_axis=00000000.00000000.3f800000
case=point_on_line index=5 created=yes
case=point_on_line index=5 out_anchor=bf000000.3fc00000.40000000 out_axis=00000000.00000000.3f800000 state=0
case=point_on_line index=5 abi_sret cases=2 flags=0 mismatches=0
case=point_on_line index=5 abi_sret_values anchor=bf000000.3fc00000.40000000 axis=00000000.00000000.3f800000
case=point_on_line index=5 internal off=04c words=3f800000.00000000.00000000.3f800000.00000000.00000000.00000000.bf800000
case=point_on_line index=5 internal off=06c words=00000000.00000000.bf800000.00000000.00000000.00000000.3f800000.00000000
case=point_on_line index=5 internal off=08c words=00000000.3f800000.bf000000.3fc00000.40000000.c0900000.3fc00000.40000000
case=point_on_line index=5 internal off=0ac words=bf000000.bf000000.bf000000.3f000000.bf000000.bf000000.bf000000.3f000000
case=point_on_line index=5 internal off=0cc words=3f800000.00000000.00000000.3f800000.00000000.00000000.00000000.bf800000
case=point_on_line index=5 internal off=0ec words=00000000.00000000.bf800000.00000000.00000000.00000000.3f800000.00000000
case=point_on_line index=5 internal off=10c words=00000000.3f800000.bf000000.3fc00000.40000000.c0900000.3fc00000.40000000
case=point_on_line index=5 internal off=12c words=bf000000.bf000000.bf000000.3f000000.bf000000.bf000000.bf000000.3f000000
case=point_on_line index=5 actors a=match b=match
case=point_on_line index=5 type=4 is_point_on_line=yes is_revolute=no
case=point_on_line index=5 saved anchor0=bf000000.3fc00000.40000000 anchor1=c0900000.3fc00000.40000000
case=point_on_line index=5 saved axis0=00000000.00000000.3f800000 axis1=00000000.00000000.3f800000
case=point_on_line index=5 saved normal0=3f800000.00000000.00000000 normal1=3f800000.00000000.00000000
case=point_on_line index=5 saved max_force=7f7fffff max_torque=7f7fffff flags=00000002 actors a=match b=match
case=point_on_line index=5 scene_joints when=before_release count=3 enumerated=3 order=4.0.8 self=yes end=null
case=point_on_line index=5 released=yes
case=point_on_line index=5 scene_joints when=after_release count=2 enumerated=2 order=0.8 self=no end=null
case=point_in_plane index=5 in_anchor=bf000000.3fc00000.40000000 in_axis=00000000.00000000.3f800000
case=point_in_plane index=5 created=yes
case=point_in_plane index=5 out_anchor=bf000000.3fc00000.40000000 out_axis=00000000.00000000.3f800000 state=0
case=point_in_plane index=5 abi_sret cases=2 flags=0 mismatches=0
case=point_in_plane index=5 abi_sret_values anchor=bf000000.3fc00000.40000000 axis=00000000.00000000.3f800000
case=point_in_plane index=5 internal off=04c words=3f800000.00000000.00000000.3f800000.00000000.00000000.00000000.bf800000
case=point_in_plane index=5 internal off=06c words=00000000.00000000.bf800000.00000000.00000000.00000000.3f800000.00000000
case=point_in_plane index=5 internal off=08c words=00000000.3f800000.bf000000.3fc00000.40000000.c0900000.3fc00000.40000000
case=point_in_plane index=5 internal off=0ac words=bf000000.bf000000.bf000000.3f000000.bf000000.bf000000.bf000000.3f000000
case=point_in_plane index=5 internal off=0cc words=3f800000.00000000.00000000.3f800000.00000000.00000000.00000000.bf800000
case=point_in_plane index=5 internal off=0ec words=00000000.00000000.bf800000.00000000.00000000.00000000.3f800000.00000000
case=point_in_plane index=5 internal off=10c words=00000000.3f800000.bf000000.3fc00000.40000000.c0900000.3fc00000.40000000
case=point_in_plane index=5 internal off=12c words=bf000000.bf000000.bf000000.3f000000.bf000000.bf000000.bf000000.3f000000
case=point_in_plane index=5 actors a=match b=match
case=point_in_plane index=5 type=5 is_point_in_plane=yes is_revolute=no
case=point_in_plane index=5 saved anchor0=bf000000.3fc00000.40000000 anchor1=c0900000.3fc00000.40000000
case=point_in_plane index=5 saved axis0=00000000.00000000.3f800000 axis1=00000000.00000000.3f800000
case=point_in_plane index=5 saved normal0=3f800000.00000000.00000000 normal1=3f800000.00000000.00000000
case=point_in_plane index=5 saved max_force=7f7fffff max_torque=7f7fffff flags=00000002 actors a=match b=match
case=point_in_plane index=5 scene_joints when=before_release count=3 enumerated=3 order=5.0.8 self=yes end=null
case=point_in_plane index=5 released=yes
case=point_in_plane index=5 scene_joints when=after_release count=2 enumerated=2 order=0.8 self=no end=null
case=distance index=5 in_anchor=bf000000.3fc00000.40000000 in_axis=00000000.00000000.3f800000 max_distance=40200000 min_distance=3f000000 spring=41200000.3f000000.3e800000 flags=00000007
case=distance index=5 created=yes
case=distance index=5 out_anchor=bf000000.3fc00000.40000000 out_axis=00000000.00000000.3f800000 state=0
case=distance index=5 abi_sret cases=2 flags=0 mismatches=0
case=distance index=5 abi_sret_values anchor=bf000000.3fc00000.40000000 axis=00000000.00000000.3f800000
case=distance index=5 internal off=04c words=3f800000.00000000.00000000.3f800000.00000000.00000000.00000000.bf800000
case=distance index=5 internal off=06c words=00000000.00000000.bf800000.00000000.00000000.00000000.3f800000.00000000
case=distance index=5 internal off=08c words=00000000.3f800000.bf000000.3fc00000.40000000.c0900000.3fc00000.40000000
case=distance index=5 internal off=0ac words=bf000000.bf000000.bf000000.3f000000.bf000000.bf000000.bf000000.3f000000
case=distance index=5 internal off=0cc words=3f800000.00000000.00000000.3f800000.00000000.00000000.00000000.bf800000
case=distance index=5 internal off=0ec words=00000000.00000000.bf800000.00000000.00000000.00000000.3f800000.00000000
case=distance index=5 internal off=10c words=00000000.3f800000.bf000000.3fc00000.40000000.c0900000.3fc00000.40000000
case=distance index=5 internal off=12c words=bf000000.bf000000.bf000000.3f000000.bf000000.bf000000.bf000000.3f000000
case=distance index=5 internal off=16c words=40200000.3f000000.41200000.3f000000.3e800000.00000007
case=distance index=5 actors a=match b=match
case=distance index=5 type=6 is_distance=yes is_revolute=no
case=distance index=5 saved max_distance=40200000 min_distance=3f000000 spring=41200000.3f000000.3e800000 flags=00000007
case=distance index=5 saved anchor0=bf000000.3fc00000.40000000 anchor1=c0900000.3fc00000.40000000
case=distance index=5 saved axis0=00000000.00000000.3f800000 axis1=00000000.00000000.3f800000
case=distance index=5 saved normal0=3f800000.00000000.00000000 normal1=3f800000.00000000.00000000
case=distance index=5 saved max_force=7f7fffff max_torque=7f7fffff flags=00000002 actors a=match b=match
case=distance index=5 scene_joints when=before_release count=3 enumerated=3 order=6.0.8 self=yes end=null
case=distance index=5 released=yes
case=distance index=5 scene_joints when=after_release count=2 enumerated=2 order=0.8 self=no end=null
case=pulley index=5 in_anchor=bf000000.3fc00000.40000000 in_axis=00000000.00000000.3f800000
case=pulley index=5 in_pulley0=00000000.40a00000.00000000 in_pulley1=40800000.40a00000.00000000 distance=40c00000 stiffness=3f400000 ratio=3fc00000 flags=00000001
case=pulley index=5 created=yes
case=pulley index=5 out_anchor=bf000000.3fc00000.40000000 out_axis=00000000.00000000.3f800000 state=0
case=pulley index=5 abi_sret cases=2 flags=0 mismatches=0
case=pulley index=5 abi_sret_values anchor=bf000000.3fc00000.40000000 axis=00000000.00000000.3f800000
case=pulley index=5 internal off=04c words=3f800000.00000000.00000000.3f800000.00000000.00000000.00000000.bf800000
case=pulley index=5 internal off=06c words=00000000.00000000.bf800000.00000000.00000000.00000000.3f800000.00000000
case=pulley index=5 internal off=08c words=00000000.3f800000.bf000000.3fc00000.40000000.c0900000.3fc00000.40000000
case=pulley index=5 internal off=0ac words=bf000000.bf000000.bf000000.3f000000.bf000000.bf000000.bf000000.3f000000
case=pulley index=5 internal off=0cc words=3f800000.00000000.00000000.3f800000.00000000.00000000.00000000.bf800000
case=pulley index=5 internal off=0ec words=00000000.00000000.bf800000.00000000.00000000.00000000.3f800000.00000000
case=pulley index=5 internal off=10c words=00000000.3f800000.bf000000.3fc00000.40000000.c0900000.3fc00000.40000000
case=pulley index=5 internal off=12c words=bf000000.bf000000.bf000000.3f000000.bf000000.bf000000.bf000000.3f000000
case=pulley index=5 actors a=match b=match
case=pulley index=5 type=7 is_pulley=yes is_distance=no
case=pulley index=5 saved pulley0=00000000.40a00000.00000000 pulley1=40800000.40a00000.00000000
case=pulley index=5 saved distance=40c00000 stiffness=3f400000 ratio=3fc00000 flags=00000001
case=pulley index=5 saved anchor0=bf000000.3fc00000.40000000 anchor1=c0900000.3fc00000.40000000
case=pulley index=5 saved axis0=00000000.00000000.3f800000 axis1=00000000.00000000.3f800000
case=pulley index=5 saved normal0=3f800000.00000000.00000000 normal1=3f800000.00000000.00000000
case=pulley index=5 saved max_force=7f7fffff max_torque=7f7fffff flags=00000002 actors a=match b=match
case=pulley index=5 scene_joints when=before_release count=3 enumerated=3 order=7.0.8 self=yes end=null
case=pulley index=5 released=yes
case=pulley index=5 scene_joints when=after_release count=2 enumerated=2 order=0.8 self=no end=null
case=fixed index=5 in_anchor=bf000000.3fc00000.40000000 in_axis=00000000.00000000.3f800000
case=fixed index=5 created=yes
case=fixed index=5 out_anchor=bf000000.3fc00000.40000000 out_axis=00000000.00000000.3f800000 state=0
case=fixed index=5 abi_sret cases=2 flags=0 mismatches=0
case=fixed index=5 abi_sret_values anchor=bf000000.3fc00000.40000000 axis=00000000.00000000.3f800000
case=fixed index=5 internal off=04c words=3f800000.00000000.00000000.3f800000.00000000.00000000.00000000.bf800000
case=fixed index=5 internal off=06c words=00000000.00000000.bf800000.00000000.00000000.00000000.3f800000.00000000
case=fixed index=5 internal off=08c words=00000000.3f800000.bf000000.3fc00000.40000000.c0900000.3fc00000.40000000
case=fixed index=5 internal off=0ac words=bf000000.bf000000.bf000000.3f000000.bf000000.bf000000.bf000000.3f000000
case=fixed index=5 internal off=0cc words=3f800000.00000000.00000000.3f800000.00000000.00000000.00000000.bf800000
case=fixed index=5 internal off=0ec words=00000000.00000000.bf800000.00000000.00000000.00000000.3f800000.00000000
case=fixed index=5 internal off=10c words=00000000.3f800000.bf000000.3fc00000.40000000.c0900000.3fc00000.40000000
case=fixed index=5 internal off=12c words=bf000000.bf000000.bf000000.3f000000.bf000000.bf000000.bf000000.3f000000
case=fixed index=5 internal off=16c words=40800000.00000000.00000000.80000000.80000000.80000000.3f800000
case=fixed index=5 actors a=match b=match
case=fixed index=5 type=8 is_fixed=yes is_pulley=no
case=fixed index=5 saved anchor0=bf000000.3fc00000.40000000 anchor1=c0900000.3fc00000.40000000
case=fixed index=5 saved axis0=00000000.00000000.3f800000 axis1=00000000.00000000.3f800000
case=fixed index=5 saved normal0=3f800000.00000000.00000000 normal1=3f800000.00000000.00000000
case=fixed index=5 saved max_force=7f7fffff max_torque=7f7fffff flags=00000002 actors a=match b=match
case=fixed index=5 scene_joints when=before_release count=3 enumerated=3 order=8.0.8 self=yes end=null
case=fixed index=5 released=yes
case=fixed index=5 scene_joints when=after_release count=2 enumerated=2 order=0.8 self=no end=null
case=d6 index=5 in_anchor=bf000000.3fc00000.40000000 in_axis=00000000.00000000.3f800000
case=d6 index=5 in motions=0.1.2.1.1.2
case=d6 index=5 in linear=3f000000.3e800000.3f400000 twist_low=bf000000.3e000000.3f600000 twist_high=3f400000.3e800000.3f200000
case=d6 index=5 in swing1=3f200000.3ec00000.3f000000 swing2=3ec00000.3d800000.3f700000
case=d6 index=5 in drive_x=00000001.40000000.3f800000.42c80000
case=d6 index=5 in drive_y=00000002.40400000.3fc00000.42ca0000
case=d6 index=5 in drive_z=00000001.40800000.40000000.42cc0000
case=d6 index=5 in drive_swing=00000002.40a00000.40200000.42ce0000
case=d6 index=5 in drive_twist=00000001.40c00000.40400000.42d00000
case=d6 index=5 in drive_spherical=00000002.40e00000.40600000.42d20000
case=d6 index=5 in use_spherical=1 drive_position=3f800000.40000000.40400000 drive_orientation=00000000.3f19999a.00000000.3f4ccccd
case=d6 index=5 in drive_linear_velocity=3f000000.bf000000.3fc00000 drive_angular_velocity=be800000.3e000000.40200000
case=d6 index=5 in projection distance=3e000000 angle=3d800000 mode=1
case=d6 index=5 created=yes
case=d6 index=5 out_anchor=bf000000.3fc00000.40000000 out_axis=00000000.00000000.3f800000 state=0
case=d6 index=5 abi_sret cases=2 flags=0 mismatches=0
case=d6 index=5 abi_sret_values anchor=bf000000.3fc00000.40000000 axis=00000000.00000000.3f800000
case=d6 index=5 internal off=04c words=3f800000.00000000.00000000.3f800000.00000000.00000000.00000000.bf800000
case=d6 index=5 internal off=06c words=00000000.00000000.bf800000.00000000.00000000.00000000.3f800000.00000000
case=d6 index=5 internal off=08c words=00000000.3f800000.bf000000.3fc00000.40000000.c0900000.3fc00000.40000000
case=d6 index=5 internal off=0ac words=bf000000.bf000000.bf000000.3f000000.bf000000.bf000000.bf000000.3f000000
case=d6 index=5 internal off=0cc words=3f800000.00000000.00000000.3f800000.00000000.00000000.00000000.bf800000
case=d6 index=5 internal off=0ec words=00000000.00000000.bf800000.00000000.00000000.00000000.3f800000.00000000
case=d6 index=5 internal off=10c words=00000000.3f800000.bf000000.3fc00000.40000000.c0900000.3fc00000.40000000
case=d6 index=5 internal off=12c words=bf000000.bf000000.bf000000.3f000000.bf000000.bf000000.bf000000.3f000000
case=d6 index=5 internal off=16c words=00000000.00000001.00000002.00000001.00000001.00000002.3f000000.3e800000
case=d6 index=5 internal off=18c words=3f400000.3f200000.3ec00000.3f000000.3ec00000.3d800000.3f700000.bf000000
case=d6 index=5 internal off=1ac words=3e000000.3f600000.3f400000.3e800000.3f200000.00000001.40000000.3f800000
case=d6 index=5 internal off=1cc words=42c80000.00000002.40400000.3fc00000.42ca0000.00000001.40800000.40000000
case=d6 index=5 internal off=1ec words=42cc0000.00000000.00000000.00000000.7f7fffff.00000000.00000000.00000000
case=d6 index=5 internal off=20c words=7f7fffff.00000000.00000000.00000000.7f7fffff.cdcdcd01.3f800000.40000000
case=d6 index=5 internal off=22c words=40400000.00000000.3f19999a.00000000.3f4ccccd.3f000000.bf000000.3fc00000
case=d6 index=5 internal off=24c words=be800000.3e000000.40200000.3e000000.3d800000.3f7399f5.cdcdcdcd.3f6e35bf
case=d6 index=5 internal off=26c words=cdcd0101
case=d6 index=5 actors a=match b=match
case=d6 index=5 type=9 is_d6=yes is_fixed=no
case=d6 index=5 saved motions=2.0.2.0.2.0
case=d6 index=5 saved linear=41100000.3f000000.3f000000 twist_low=c1100000.3e000000.3f600000 twist_high=41180000.3e800000.3f200000
case=d6 index=5 saved swing1=41000000.3ec00000.3f000000 swing2=40e00000.3d800000.3f700000
case=d6 index=5 saved drive_x=00000001.41a00000.41200000.42c80000
case=d6 index=5 saved drive_y=00000002.41a80000.41280000.42ca0000
case=d6 index=5 saved drive_z=00000001.41b00000.41300000.42cc0000
case=d6 index=5 saved drive_swing=00000002.41b80000.41380000.42ce0000
case=d6 index=5 saved drive_twist=00000001.41c00000.41400000.42d00000
case=d6 index=5 saved drive_spherical=00000002.41c80000.41480000.42d20000
case=d6 index=5 saved use_spherical=1 drive_position=41300000.41400000.41500000 drive_orientation=3f000000.3f000000.3f000000.3f000000
case=d6 index=5 saved drive_linear_velocity=41a80000.41b00000.41b80000 drive_angular_velocity=41f80000.42000000.42040000
case=d6 index=5 saved projection distance=42c60000 angle=42c40000 mode=1
case=d6 index=5 saved anchor0=bf000000.3fc00000.40000000 anchor1=c0900000.3fc00000.40000000
case=d6 index=5 saved axis0=00000000.00000000.3f800000 axis1=00000000.00000000.3f800000
case=d6 index=5 saved normal0=3f800000.00000000.00000000 normal1=3f800000.00000000.00000000
case=d6 index=5 saved max_force=7f7fffff max_torque=7f7fffff flags=00000002 actors a=match b=match
case=d6 index=5 drive_contended reports=1 code=2 line=40
case=d6 index=5 drive_orientation_contended reports=1 code=2 line=47
case=d6 index=5 drive_linear_velocity_contended reports=1 code=2 line=54
case=d6 index=5 drive_angular_velocity_contended reports=1 code=2 line=61
case=d6 index=5 drive_setters=called
case=d6 index=5 resaved motions=2.0.2.0.2.0
case=d6 index=5 resaved linear=41100000.3f000000.3f000000 twist_low=c1100000.3e000000.3f600000 twist_high=41180000.3e800000.3f200000
case=d6 index=5 resaved swing1=41000000.3ec00000.3f000000 swing2=40e00000.3d800000.3f700000
case=d6 index=5 resaved drive_x=00000001.41a00000.41200000.42c80000
case=d6 index=5 resaved drive_y=00000002.41a80000.41280000.42ca0000
case=d6 index=5 resaved drive_z=00000001.41b00000.41300000.42cc0000
case=d6 index=5 resaved drive_swing=00000002.41b80000.41380000.42ce0000
case=d6 index=5 resaved drive_twist=00000001.41c00000.41400000.42d00000
case=d6 index=5 resaved drive_spherical=00000002.41c80000.41480000.42d20000
case=d6 index=5 resaved use_spherical=1 drive_position=41300000.41400000.41500000 drive_orientation=3f000000.3f000000.3f000000.3f000000
case=d6 index=5 resaved drive_linear_velocity=41a80000.41b00000.41b80000 drive_angular_velocity=41f80000.42000000.42040000
case=d6 index=5 resaved projection distance=42c60000 angle=42c40000 mode=1
case=d6 index=5 scene_joints when=before_release count=3 enumerated=3 order=9.0.8 self=yes end=null
case=d6 index=5 released=yes
case=d6 index=5 scene_joints when=after_release count=2 enumerated=2 order=0.8 self=no end=null
scene=released
rotated_scene=created
rotated_fixture input=a row0=00000000.00000000.3f800000 row1=00000000.3f800000.00000000 row2=bf800000.00000000.00000000 t=00000000.3f800000.00000000
rotated_fixture input=b row0=3e088888.bf2aaaab.3f3bbbbb row1=3f6eeeef.3eaaaaaa.3e08888a row2=beaaaaaa.3f2aaaaa.3f2aaaab t=40800000.bf800000.40000000
rotated_fixture actor=a t=00000000.3f800000.00000000 quat=00000000.3f3504f3.00000000.3f3504f3
rotated_fixture actor=a row0=33800000.00000000.3f7fffff row1=00000000.3f800000.00000000 row2=bf7fffff.00000000.33800000
rotated_fixture actor=a record off=05c words=00000000.3f3504f3.00000000.3f3504f3
rotated_fixture actor=a record off=0dc words=3f800000.00000000.00000000.00000000.3f800000.00000000.00000000.00000000.3f800000
rotated_fixture actor=a record off=124 words=00000000.3f3504f2.00000000.3f3504f4
rotated_fixture actor=a record off=134 words=33800000.00000000.3f7fffff.00000000.3f800000.00000000.bf7fffff.00000000.33800000
rotated_fixture actor=a record off=158 words=00000000.3f800000.00000000
rotated_fixture actor=a record off=164 words=3e3ffffe.00000000.a5800000.00000000.3e400000.00000000.a5800000.00000000.3e3fffff
rotated_fixture actor=b t=40800000.bf800000.40000000 quat=3e3af4b9.3ebaf4b9.3f0c378c.3f3af4ba
rotated_fixture actor=b row0=3e088889.bf2aaaab.3f3bbbbb row1=3f6eeeef.3eaaaaaa.3e088889 row2=beaaaaaa.3f2aaaaa.3f2aaaac
rotated_fixture actor=b record off=05c words=3e3af4b9.3ebaf4b9.3f0c378c.3f3af4ba
rotated_fixture actor=b record off=0dc words=3f800000.00000000.00000000.00000000.3f800000.00000000.00000000.00000000.3f800000
rotated_fixture actor=b record off=124 words=3e3af4b9.3ebaf4b9.3f0c378c.3f3af4ba
rotated_fixture actor=b record off=134 words=3e088889.bf2aaaab.3f3bbbbb.3f6eeeef.3eaaaaaa.3e088889.beaaaaaa.3f2aaaaa.3f2aaaac
rotated_fixture actor=b record off=158 words=40800000.bf800000.40000000
rotated_fixture actor=b record off=164 words=3e3fffff.31599999.32099999.31599999.3e400000.314cccce.32099999.314cccce.3e400001
rotated_fixture=a,created b,created
case=revolute index=10 in_anchor=3f800000.40000000.40400000 in_axis=3f19999a.bf4ccccd.00000000
case=revolute index=10 created=yes
case=revolute index=10 out_anchor=3f800000.40000000.403fffff out_axis=3f199998.bf4ccccd.a6cccccc state=0
case=revolute index=10 abi_sret cases=2 flags=0 mismatches=0
case=revolute index=10 abi_sret_values anchor=3f800000.40000000.403fffff axis=3f199998.bf4ccccd.a6cccccc
case=revolute index=10 internal off=04c words=bf7fffff.00000000.33800000.beaaaaaa.3f2aaaaa.3f2aaaac.334ccccd.3f199998
case=revolute index=10 internal off=06c words=3f4ccccc.3f2aaaab.beaaaaad.3f2aaaaa.3319999a.bf4ccccd.3f199999.bf2aaaab
case=revolute index=10 internal off=08c words=bf2aaaab.3eaaaaaa.c03fffff.3f800000.3f800001.40044444.406aaaaa.bf91110f
case=revolute index=10 internal off=0ac words=bf2bbae3.3f2bbae2.be64f92c.be64f92d.3e93cd3a.bf5db3d7.be93cd3c.3e93cd3a
case=revolute index=10 internal off=0cc words=bf7fffff.00000000.33800000.beaaaaaa.3f2aaaaa.3f2aaaac.334ccccd.3f199998
case=revolute index=10 internal off=0ec words=3f4ccccc.3f2aaaab.beaaaaad.3f2aaaaa.3319999a.bf4ccccd.3f199999.bf2aaaab
case=revolute index=10 internal off=10c words=bf2aaaab.3eaaaaaa.c03fffff.3f800000.3f800001.40044444.406aaaaa.bf91110f
case=revolute index=10 internal off=12c words=bf2bbae3.3f2bbae2.be64f92c.be64f92d.3e93cd3a.bf5db3d7.be93cd3c.3e93cd3a
case=revolute index=10 internal off=16c words=00000000.00000000.3f800000.00000000.00000000.3f800000.7f7fffff.00000000
case=revolute index=10 internal off=18c words=00000000.00000000.00000000.00000000.3f800000.3f7f06ff.3db25bff.00000000
case=revolute index=10 internal off=1ac words=cdcdcdcd.cdcdcdcd.cdcdcdcd.cdcdcdcd.cdcdcdcd.cdcdcdcd.cdcdcdcd.cdcdcdcd
case=revolute index=10 internal off=1cc words=cdcdcdcd.cdcdcdcd.cdcdcdcd.cdcdcdcd.cdcdcdcd.cdcdcdcd.cdcdcdcd.cdcdcdcd
case=revolute index=10 internal off=1ec words=cdcdcdcd.cdcdcdcd.cdcdcdcd.cdcdcdcd.cdcdcdcd.cdcdcdcd
case=revolute index=10 actors a=match b=match
case=revolute index=10 saved anchor0=c03fffff.3f800000.3f800001 anchor1=40044444.406aaaaa.bf91110f
case=revolute index=10 saved axis0=3319999a.bf4ccccd.3f199999 axis1=bf2aaaab.bf2aaaab.3eaaaaaa
case=revolute index=10 saved normal0=bf7fffff.00000000.33800000 normal1=beaaaaaa.3f2aaaaa.3f2aaaac
case=revolute index=10 scene_joints when=before_release count=1 enumerated=1 order=1 self=yes end=null
case=revolute index=10 released=yes
case=revolute index=10 scene_joints when=after_release count=0 enumerated=0 order=none self=no end=null
case=prismatic index=10 in_anchor=3f800000.40000000.40400000 in_axis=3f19999a.bf4ccccd.00000000
case=prismatic index=10 created=yes
case=prismatic index=10 out_anchor=3f800000.40000000.403fffff out_axis=3f199998.bf4ccccd.a6cccccc state=0
case=prismatic index=10 abi_sret cases=2 flags=0 mismatches=0
case=prismatic index=10 abi_sret_values anchor=3f800000.40000000.403fffff axis=3f199998.bf4ccccd.a6cccccc
case=prismatic index=10 internal off=04c words=bf7fffff.00000000.33800000.beaaaaaa.3f2aaaaa.3f2aaaac.334ccccd.3f199998
case=prismatic index=10 internal off=06c words=3f4ccccc.3f2aaaab.beaaaaad.3f2aaaaa.3319999a.bf4ccccd.3f199999.bf2aaaab
case=prismatic index=10 internal off=08c words=bf2aaaab.3eaaaaaa.c03fffff.3f800000.3f800001.40044444.406aaaaa.bf91110f
case=prismatic index=10 internal off=0ac words=bf2bbae3.3f2bbae2.be64f92c.be64f92d.3e93cd3a.bf5db3d7.be93cd3c.3e93cd3a
case=prismatic index=10 internal off=0cc words=bf7fffff.00000000.33800000.beaaaaaa.3f2aaaaa.3f2aaaac.334ccccd.3f199998
case=prismatic index=10 internal off=0ec words=3f4ccccc.3f2aaaab.beaaaaad.3f2aaaaa.3319999a.bf4ccccd.3f199999.bf2aaaab
case=prismatic index=10 internal off=10c words=bf2aaaab.3eaaaaaa.c03fffff.3f800000.3f800001.40044444.406aaaaa.bf91110f
case=prismatic index=10 internal off=12c words=bf2bbae3.3f2bbae2.be64f92c.be64f92d.3e93cd3a.bf5db3d7.be93cd3c.3e93cd3a
case=prismatic index=10 internal off=16c words=3e8432a4.3e8432a3.bf0432a5.3f464bf7
case=prismatic index=10 actors a=match b=match
case=prismatic index=10 type=0 is_prismatic=yes is_revolute=no
case=prismatic index=10 saved anchor0=c03fffff.3f800000.3f800001 anchor1=40044444.406aaaaa.bf91110f
case=prismatic index=10 saved axis0=3319999a.bf4ccccd.3f199999 axis1=bf2aaaab.bf2aaaab.3eaaaaaa
case=prismatic index=10 saved normal0=bf7fffff.00000000.33800000 normal1=beaaaaaa.3f2aaaaa.3f2aaaac
case=prismatic index=10 saved max_force=7f7fffff max_torque=7f7fffff flags=00000002 actors a=match b=match
case=prismatic index=10 scene_joints when=before_release count=1 enumerated=1 order=0 self=yes end=null
case=prismatic index=10 released=yes
case=prismatic index=10 scene_joints when=after_release count=0 enumerated=0 order=none self=no end=null
case=cylindrical index=10 in_anchor=3f800000.40000000.40400000 in_axis=3f19999a.bf4ccccd.00000000
case=cylindrical index=10 created=yes
case=cylindrical index=10 out_anchor=3f800000.40000000.403fffff out_axis=3f199998.bf4ccccd.a6cccccc state=0
case=cylindrical index=10 abi_sret cases=2 flags=0 mismatches=0
case=cylindrical index=10 abi_sret_values anchor=3f800000.40000000.403fffff axis=3f199998.bf4ccccd.a6cccccc
case=cylindrical index=10 internal off=04c words=bf7fffff.00000000.33800000.beaaaaaa.3f2aaaaa.3f2aaaac.334ccccd.3f199998
case=cylindrical index=10 internal off=06c words=3f4ccccc.3f2aaaab.beaaaaad.3f2aaaaa.3319999a.bf4ccccd.3f199999.bf2aaaab
case=cylindrical index=10 internal off=08c words=bf2aaaab.3eaaaaaa.c03fffff.3f800000.3f800001.40044444.406aaaaa.bf91110f
case=cylindrical index=10 internal off=0ac words=bf2bbae3.3f2bbae2.be64f92c.be64f92d.3e93cd3a.bf5db3d7.be93cd3c.3e93cd3a
case=cylindrical index=10 internal off=0cc words=bf7fffff.00000000.33800000.beaaaaaa.3f2aaaaa.3f2aaaac.334ccccd.3f199998
case=cylindrical index=10 internal off=0ec words=3f4ccccc.3f2aaaab.beaaaaad.3f2aaaaa.3319999a.bf4ccccd.3f199999.bf2aaaab
case=cylindrical index=10 internal off=10c words=bf2aaaab.3eaaaaaa.c03fffff.3f800000.3f800001.40044444.406aaaaa.bf91110f
case=cylindrical index=10 internal off=12c words=bf2bbae3.3f2bbae2.be64f92c.be64f92d.3e93cd3a.bf5db3d7.be93cd3c.3e93cd3a
case=cylindrical index=10 actors a=match b=match
case=cylindrical index=10 type=2 is_cylindrical=yes is_prismatic=no
case=cylindrical index=10 saved anchor0=c03fffff.3f800000.3f800001 anchor1=40044444.406aaaaa.bf91110f
case=cylindrical index=10 saved axis0=3319999a.bf4ccccd.3f199999 axis1=bf2aaaab.bf2aaaab.3eaaaaaa
case=cylindrical index=10 saved normal0=bf7fffff.00000000.33800000 normal1=beaaaaaa.3f2aaaaa.3f2aaaac
case=cylindrical index=10 saved max_force=7f7fffff max_torque=7f7fffff flags=00000002 actors a=match b=match
case=cylindrical index=10 scene_joints when=before_release count=1 enumerated=1 order=2 self=yes end=null
case=cylindrical index=10 released=yes
case=cylindrical index=10 scene_joints when=after_release count=0 enumerated=0 order=none self=no end=null
case=spherical index=10 in_anchor=3f800000.40000000.40400000 in_axis=3f19999a.bf4ccccd.00000000
case=spherical index=10 created=yes
case=spherical index=10 out_anchor=3f800000.40000000.403fffff out_axis=3f199998.bf4ccccd.a6cccccc state=0
case=spherical index=10 abi_sret cases=2 flags=0 mismatches=0
case=spherical index=10 abi_sret_values anchor=3f800000.40000000.403fffff axis=3f199998.bf4ccccd.a6cccccc
case=spherical index=10 internal off=04c words=bf7fffff.00000000.33800000.beaaaaaa.3f2aaaaa.3f2aaaac.334ccccd.3f199998
case=spherical index=10 internal off=06c words=3f4ccccc.3f2aaaab.beaaaaad.3f2aaaaa.3319999a.bf4ccccd.3f199999.bf2aaaab
case=spherical index=10 internal off=08c words=bf2aaaab.3eaaaaaa.c03fffff.3f800000.3f800001.40044444.406aaaaa.bf91110f
case=spherical index=10 internal off=0ac words=bf2bbae3.3f2bbae2.be64f92c.be64f92d.3e93cd3a.bf5db3d7.be93cd3c.3e93cd3a
case=spherical index=10 internal off=0cc words=bf7fffff.00000000.33800000.beaaaaaa.3f2aaaaa.3f2aaaac.334ccccd.3f199998
case=spherical index=10 internal off=0ec words=3f4ccccc.3f2aaaab.beaaaaad.3f2aaaaa.3319999a.bf4ccccd.3f199999.bf2aaaab
case=spherical index=10 internal off=10c words=bf2aaaab.3eaaaaaa.c03fffff.3f800000.3f800001.40044444.406aaaaa.bf91110f
case=spherical index=10 internal off=12c words=bf2bbae3.3f2bbae2.be64f92c.be64f92d.3e93cd3a.bf5db3d7.be93cd3c.3e93cd3a
case=spherical index=10 internal off=16c words=bf000000.3e800000.3f800000.3f400000.00000000.3f000000.3f200000.3f000000
case=spherical index=10 internal off=18c words=3f400000.40000000.3f000000.3e000000.40400000.3f800000.3ec00000.40800000
case=spherical index=10 internal off=1ac words=40000000.00000000.3f19999a.00000000.3f4ccccd.bf199999.bf23d70b.3ef5c290
case=spherical index=10 internal off=1cc words=3f4f9b47.00000009.3e800000.cdcdcdcd.cdcdcdcd.cdcdcdcd.cdcdcdcd.cdcdcdcd
case=spherical index=10 internal off=1ec words=cdcdcdcd.cdcdcdcd.cdcdcdcd.cdcdcdcd.cdcdcdcd.cdcdcdcd.cdcdcdcd.cdcdcdcd
case=spherical index=10 internal off=20c words=cdcdcdcd.cdcdcdcd.cdcdcdcd.cdcdcdcd.cdcdcdcd.cdcdcdcd.cdcdcdcd.cdcdcdcd
case=spherical index=10 internal off=22c words=cdcdcdcd.cdcdcdcd.cdcdcdcd.cdcdcdcd
case=spherical index=10 actors a=match b=match
case=spherical index=10 type=3 is_spherical=yes is_revolute=no
case=spherical index=10 flags=00000009 projection_mode=1
case=spherical index=10 saved anchor0=c03fffff.3f800000.3f800001 anchor1=40044444.406aaaaa.bf91110f
case=spherical index=10 saved axis0=3319999a.bf4ccccd.3f199999 axis1=bf2aaaab.bf2aaaab.3eaaaaaa
case=spherical index=10 saved normal0=bf7fffff.00000000.33800000 normal1=beaaaaaa.3f2aaaaa.3f2aaaac
case=spherical index=10 saved swing_axis=3f19999a.00000000.3f4ccccd projection_distance=3e800000 flags=00000009 projection_mode=1
case=spherical index=10 saved twist_limit=bf000000.3e800000.3f800000.3f400000.00000000.3f000000 swing_limit=3f200000.3f000000.3f400000
case=spherical index=10 saved twist_spring=40000000.3f000000.3e000000 swing_spring=40400000.3f800000.3ec00000 joint_spring=40800000.40000000.00000000
case=spherical index=10 saved max_force=7f7fffff max_torque=7f7fffff flags=00000002 actors a=match b=match
case=spherical index=10 scene_joints when=before_release count=1 enumerated=1 order=3 self=yes end=null
case=spherical index=10 released=yes
case=spherical index=10 scene_joints when=after_release count=0 enumerated=0 order=none self=no end=null
case=point_on_line index=10 in_anchor=3f800000.40000000.40400000 in_axis=3f19999a.bf4ccccd.00000000
case=point_on_line index=10 created=yes
case=point_on_line index=10 out_anchor=3f800000.40000000.403fffff out_axis=3f199998.bf4ccccd.a6cccccc state=0
case=point_on_line index=10 abi_sret cases=2 flags=0 mismatches=0
case=point_on_line index=10 abi_sret_values anchor=3f800000.40000000.403fffff axis=3f199998.bf4ccccd.a6cccccc
case=point_on_line index=10 internal off=04c words=bf7fffff.00000000.33800000.beaaaaaa.3f2aaaaa.3f2aaaac.334ccccd.3f199998
case=point_on_line index=10 internal off=06c words=3f4ccccc.3f2aaaab.beaaaaad.3f2aaaaa.3319999a.bf4ccccd.3f199999.bf2aaaab
case=point_on_line index=10 internal off=08c words=bf2aaaab.3eaaaaaa.c03fffff.3f800000.3f800001.40044444.406aaaaa.bf91110f
case=point_on_line index=10 internal off=0ac words=bf2bbae3.3f2bbae2.be64f92c.be64f92d.3e93cd3a.bf5db3d7.be93cd3c.3e93cd3a
case=point_on_line index=10 internal off=0cc words=bf7fffff.00000000.33800000.beaaaaaa.3f2aaaaa.3f2aaaac.334ccccd.3f199998
case=point_on_line index=10 internal off=0ec words=3f4ccccc.3f2aaaab.beaaaaad.3f2aaaaa.3319999a.bf4ccccd.3f199999.bf2aaaab
case=point_on_line index=10 internal off=10c words=bf2aaaab.3eaaaaaa.c03fffff.3f800000.3f800001.40044444.406aaaaa.bf91110f
case=point_on_line index=10 internal off=12c words=bf2bbae3.3f2bbae2.be64f92c.be64f92d.3e93cd3a.bf5db3d7.be93cd3c.3e93cd3a
case=point_on_line index=10 actors a=match b=match
case=point_on_line index=10 type=4 is_point_on_line=yes is_revolute=no
case=point_on_line index=10 saved anchor0=c03fffff.3f800000.3f800001 anchor1=40044444.406aaaaa.bf91110f
case=point_on_line index=10 saved axis0=3319999a.bf4ccccd.3f199999 axis1=bf2aaaab.bf2aaaab.3eaaaaaa
case=point_on_line index=10 saved normal0=bf7fffff.00000000.33800000 normal1=beaaaaaa.3f2aaaaa.3f2aaaac
case=point_on_line index=10 saved max_force=7f7fffff max_torque=7f7fffff flags=00000002 actors a=match b=match
case=point_on_line index=10 scene_joints when=before_release count=1 enumerated=1 order=4 self=yes end=null
case=point_on_line index=10 released=yes
case=point_on_line index=10 scene_joints when=after_release count=0 enumerated=0 order=none self=no end=null
case=point_in_plane index=10 in_anchor=3f800000.40000000.40400000 in_axis=3f19999a.bf4ccccd.00000000
case=point_in_plane index=10 created=yes
case=point_in_plane index=10 out_anchor=3f800000.40000000.403fffff out_axis=3f199998.bf4ccccd.a6cccccc state=0
case=point_in_plane index=10 abi_sret cases=2 flags=0 mismatches=0
case=point_in_plane index=10 abi_sret_values anchor=3f800000.40000000.403fffff axis=3f199998.bf4ccccd.a6cccccc
case=point_in_plane index=10 internal off=04c words=bf7fffff.00000000.33800000.beaaaaaa.3f2aaaaa.3f2aaaac.334ccccd.3f199998
case=point_in_plane index=10 internal off=06c words=3f4ccccc.3f2aaaab.beaaaaad.3f2aaaaa.3319999a.bf4ccccd.3f199999.bf2aaaab
case=point_in_plane index=10 internal off=08c words=bf2aaaab.3eaaaaaa.c03fffff.3f800000.3f800001.40044444.406aaaaa.bf91110f
case=point_in_plane index=10 internal off=0ac words=bf2bbae3.3f2bbae2.be64f92c.be64f92d.3e93cd3a.bf5db3d7.be93cd3c.3e93cd3a
case=point_in_plane index=10 internal off=0cc words=bf7fffff.00000000.33800000.beaaaaaa.3f2aaaaa.3f2aaaac.334ccccd.3f199998
case=point_in_plane index=10 internal off=0ec words=3f4ccccc.3f2aaaab.beaaaaad.3f2aaaaa.3319999a.bf4ccccd.3f199999.bf2aaaab
case=point_in_plane index=10 internal off=10c words=bf2aaaab.3eaaaaaa.c03fffff.3f800000.3f800001.40044444.406aaaaa.bf91110f
case=point_in_plane index=10 internal off=12c words=bf2bbae3.3f2bbae2.be64f92c.be64f92d.3e93cd3a.bf5db3d7.be93cd3c.3e93cd3a
case=point_in_plane index=10 actors a=match b=match
case=point_in_plane index=10 type=5 is_point_in_plane=yes is_revolute=no
case=point_in_plane index=10 saved anchor0=c03fffff.3f800000.3f800001 anchor1=40044444.406aaaaa.bf91110f
case=point_in_plane index=10 saved axis0=3319999a.bf4ccccd.3f199999 axis1=bf2aaaab.bf2aaaab.3eaaaaaa
case=point_in_plane index=10 saved normal0=bf7fffff.00000000.33800000 normal1=beaaaaaa.3f2aaaaa.3f2aaaac
case=point_in_plane index=10 saved max_force=7f7fffff max_torque=7f7fffff flags=00000002 actors a=match b=match
case=point_in_plane index=10 scene_joints when=before_release count=1 enumerated=1 order=5 self=yes end=null
case=point_in_plane index=10 released=yes
case=point_in_plane index=10 scene_joints when=after_release count=0 enumerated=0 order=none self=no end=null
case=distance index=10 in_anchor=3f800000.40000000.40400000 in_axis=3f19999a.bf4ccccd.00000000 max_distance=40200000 min_distance=3f000000 spring=41200000.3f000000.3e800000 flags=00000007
case=distance index=10 created=yes
case=distance index=10 out_anchor=3f800000.40000000.403fffff out_axis=3f199998.bf4ccccd.a6cccccc state=0
case=distance index=10 abi_sret cases=2 flags=0 mismatches=0
case=distance index=10 abi_sret_values anchor=3f800000.40000000.403fffff axis=3f199998.bf4ccccd.a6cccccc
case=distance index=10 internal off=04c words=bf7fffff.00000000.33800000.beaaaaaa.3f2aaaaa.3f2aaaac.334ccccd.3f199998
case=distance index=10 internal off=06c words=3f4ccccc.3f2aaaab.beaaaaad.3f2aaaaa.3319999a.bf4ccccd.3f199999.bf2aaaab
case=distance index=10 internal off=08c words=bf2aaaab.3eaaaaaa.c03fffff.3f800000.3f800001.40044444.406aaaaa.bf91110f
case=distance index=10 internal off=0ac words=bf2bbae3.3f2bbae2.be64f92c.be64f92d.3e93cd3a.bf5db3d7.be93cd3c.3e93cd3a
case=distance index=10 internal off=0cc words=bf7fffff.00000000.33800000.beaaaaaa.3f2aaaaa.3f2aaaac.334ccccd.3f199998
case=distance index=10 internal off=0ec words=3f4ccccc.3f2aaaab.beaaaaad.3f2aaaaa.3319999a.bf4ccccd.3f199999.bf2aaaab
case=distance index=10 internal off=10c words=bf2aaaab.3eaaaaaa.c03fffff.3f800000.3f800001.40044444.406aaaaa.bf91110f
case=distance index=10 internal off=12c words=bf2bbae3.3f2bbae2.be64f92c.be64f92d.3e93cd3a.bf5db3d7.be93cd3c.3e93cd3a
case=distance index=10 internal off=16c words=40200000.3f000000.41200000.3f000000.3e800000.00000007
case=distance index=10 actors a=match b=match
case=distance index=10 type=6 is_distance=yes is_revolute=no
case=distance index=10 saved max_distance=40200000 min_distance=3f000000 spring=41200000.3f000000.3e800000 flags=00000007
case=distance index=10 saved anchor0=c03fffff.3f800000.3f800001 anchor1=40044444.406aaaaa.bf91110f
case=distance index=10 saved axis0=3319999a.bf4ccccd.3f199999 axis1=bf2aaaab.bf2aaaab.3eaaaaaa
case=distance index=10 saved normal0=bf7fffff.00000000.33800000 normal1=beaaaaaa.3f2aaaaa.3f2aaaac
case=distance index=10 saved max_force=7f7fffff max_torque=7f7fffff flags=00000002 actors a=match b=match
case=distance index=10 scene_joints when=before_release count=1 enumerated=1 order=6 self=yes end=null
case=distance index=10 released=yes
case=distance index=10 scene_joints when=after_release count=0 enumerated=0 order=none self=no end=null
case=pulley index=10 in_anchor=3f800000.40000000.40400000 in_axis=3f19999a.bf4ccccd.00000000
case=pulley index=10 in_pulley0=00000000.40a00000.00000000 in_pulley1=40800000.40a00000.00000000 distance=40c00000 stiffness=3f400000 ratio=3fc00000 flags=00000001
case=pulley index=10 created=yes
case=pulley index=10 out_anchor=3f800000.40000000.403fffff out_axis=3f199998.bf4ccccd.a6cccccc state=0
case=pulley index=10 abi_sret cases=2 flags=0 mismatches=0
case=pulley index=10 abi_sret_values anchor=3f800000.40000000.403fffff axis=3f199998.bf4ccccd.a6cccccc
case=pulley index=10 internal off=04c words=bf7fffff.00000000.33800000.beaaaaaa.3f2aaaaa.3f2aaaac.334ccccd.3f199998
case=pulley index=10 internal off=06c words=3f4ccccc.3f2aaaab.beaaaaad.3f2aaaaa.3319999a.bf4ccccd.3f199999.bf2aaaab
case=pulley index=10 internal off=08c words=bf2aaaab.3eaaaaaa.c03fffff.3f800000.3f800001.40044444.406aaaaa.bf91110f
case=pulley index=10 internal off=0ac words=bf2bbae3.3f2bbae2.be64f92c.be64f92d.3e93cd3a.bf5db3d7.be93cd3c.3e93cd3a
case=pulley index=10 internal off=0cc words=bf7fffff.00000000.33800000.beaaaaaa.3f2aaaaa.3f2aaaac.334ccccd.3f199998
case=pulley index=10 internal off=0ec words=3f4ccccc.3f2aaaab.beaaaaad.3f2aaaaa.3319999a.bf4ccccd.3f199999.bf2aaaab
case=pulley index=10 internal off=10c words=bf2aaaab.3eaaaaaa.c03fffff.3f800000.3f800001.40044444.406aaaaa.bf91110f
case=pulley index=10 internal off=12c words=bf2bbae3.3f2bbae2.be64f92c.be64f92d.3e93cd3a.bf5db3d7.be93cd3c.3e93cd3a
case=pulley index=10 actors a=match b=match
case=pulley index=10 type=7 is_pulley=yes is_distance=no
case=pulley index=10 saved pulley0=00000000.40a00000.00000000 pulley1=40800000.40a00000.00000000
case=pulley index=10 saved distance=40c00000 stiffness=3f400000 ratio=3fc00000 flags=00000001
case=pulley index=10 saved anchor0=c03fffff.3f800000.3f800001 anchor1=40044444.406aaaaa.bf91110f
case=pulley index=10 saved axis0=3319999a.bf4ccccd.3f199999 axis1=bf2aaaab.bf2aaaab.3eaaaaaa
case=pulley index=10 saved normal0=bf7fffff.00000000.33800000 normal1=beaaaaaa.3f2aaaaa.3f2aaaac
case=pulley index=10 saved max_force=7f7fffff max_torque=7f7fffff flags=00000002 actors a=match b=match
case=pulley index=10 scene_joints when=before_release count=1 enumerated=1 order=7 self=yes end=null
case=pulley index=10 released=yes
case=pulley index=10 scene_joints when=after_release count=0 enumerated=0 order=none self=no end=null
case=fixed index=10 in_anchor=3f800000.40000000.40400000 in_axis=3f19999a.bf4ccccd.00000000
case=fixed index=10 created=yes
case=fixed index=10 out_anchor=3f800000.40000000.403fffff out_axis=3f199998.bf4ccccd.a6cccccc state=0
case=fixed index=10 abi_sret cases=2 flags=0 mismatches=0
case=fixed index=10 abi_sret_values anchor=3f800000.40000000.403fffff axis=3f199998.bf4ccccd.a6cccccc
case=fixed index=10 internal off=04c words=bf7fffff.00000000.33800000.beaaaaaa.3f2aaaaa.3f2aaaac.334ccccd.3f199998
case=fixed index=10 internal off=06c words=3f4ccccc.3f2aaaab.beaaaaad.3f2aaaaa.3319999a.bf4ccccd.3f199999.bf2aaaab
case=fixed index=10 internal off=08c words=bf2aaaab.3eaaaaaa.c03fffff.3f800000.3f800001.40044444.406aaaaa.bf91110f
case=fixed index=10 internal off=0ac words=bf2bbae3.3f2bbae2.be64f92c.be64f92d.3e93cd3a.bf5db3d7.be93cd3c.3e93cd3a
case=fixed index=10 internal off=0cc words=bf7fffff.00000000.33800000.beaaaaaa.3f2aaaaa.3f2aaaac.334ccccd.3f199998
case=fixed index=10 internal off=0ec words=3f4ccccc.3f2aaaab.beaaaaad.3f2aaaaa.3319999a.bf4ccccd.3f199999.bf2aaaab
case=fixed index=10 internal off=10c words=bf2aaaab.3eaaaaaa.c03fffff.3f800000.3f800001.40044444.406aaaaa.bf91110f
case=fixed index=10 internal off=12c words=bf2bbae3.3f2bbae2.be64f92c.be64f92d.3e93cd3a.bf5db3d7.be93cd3c.3e93cd3a
case=fixed index=10 internal off=16c words=bffffffd.c0000000.40800000.3e8432a4.3e8432a3.bf0432a5.3f464bf7
case=fixed index=10 actors a=match b=match
case=fixed index=10 type=8 is_fixed=yes is_pulley=no
case=fixed index=10 saved anchor0=c03fffff.3f800000.3f800001 anchor1=40044444.406aaaaa.bf91110f
case=fixed index=10 saved axis0=3319999a.bf4ccccd.3f199999 axis1=bf2aaaab.bf2aaaab.3eaaaaaa
case=fixed index=10 saved normal0=bf7fffff.00000000.33800000 normal1=beaaaaaa.3f2aaaaa.3f2aaaac
case=fixed index=10 saved max_force=7f7fffff max_torque=7f7fffff flags=00000002 actors a=match b=match
case=fixed index=10 scene_joints when=before_release count=1 enumerated=1 order=8 self=yes end=null
case=fixed index=10 released=yes
case=fixed index=10 scene_joints when=after_release count=0 enumerated=0 order=none self=no end=null
case=d6 index=10 in_anchor=3f800000.40000000.40400000 in_axis=3f19999a.bf4ccccd.00000000
case=d6 index=10 in motions=0.1.2.1.1.2
case=d6 index=10 in linear=3f000000.3e800000.3f400000 twist_low=bf000000.3e000000.3f600000 twist_high=3f400000.3e800000.3f200000
case=d6 index=10 in swing1=3f200000.3ec00000.3f000000 swing2=3ec00000.3d800000.3f700000
case=d6 index=10 in drive_x=00000001.40000000.3f800000.42c80000
case=d6 index=10 in drive_y=00000002.40400000.3fc00000.42ca0000
case=d6 index=10 in drive_z=00000001.40800000.40000000.42cc0000
case=d6 index=10 in drive_swing=00000002.40a00000.40200000.42ce0000
case=d6 index=10 in drive_twist=00000001.40c00000.40400000.42d00000
case=d6 index=10 in drive_spherical=00000002.40e00000.40600000.42d20000
case=d6 index=10 in use_spherical=1 drive_position=3f800000.40000000.40400000 drive_orientation=00000000.3f19999a.00000000.3f4ccccd
case=d6 index=10 in drive_linear_velocity=3f000000.bf000000.3fc00000 drive_angular_velocity=be800000.3e000000.40200000
case=d6 index=10 in projection distance=3e000000 angle=3d800000 mode=1
case=d6 index=10 created=yes
case=d6 index=10 out_anchor=3f800000.40000000.403fffff out_axis=3f199998.bf4ccccd.a6cccccc state=0
case=d6 index=10 abi_sret cases=2 flags=0 mismatches=0
case=d6 index=10 abi_sret_values anchor=3f800000.40000000.403fffff axis=3f199998.bf4ccccd.a6cccccc
case=d6 index=10 internal off=04c words=bf7fffff.00000000.33800000.beaaaaaa.3f2aaaaa.3f2aaaac.334ccccd.3f199998
case=d6 index=10 internal off=06c words=3f4ccccc.3f2aaaab.beaaaaad.3f2aaaaa.3319999a.bf4ccccd.3f199999.bf2aaaab
case=d6 index=10 internal off=08c words=bf2aaaab.3eaaaaaa.c03fffff.3f800000.3f800001.40044444.406aaaaa.bf91110f
case=d6 index=10 internal off=0ac words=bf2bbae3.3f2bbae2.be64f92c.be64f92d.3e93cd3a.bf5db3d7.be93cd3c.3e93cd3a
case=d6 index=10 internal off=0cc words=bf7fffff.00000000.33800000.beaaaaaa.3f2aaaaa.3f2aaaac.334ccccd.3f199998
case=d6 index=10 internal off=0ec words=3f4ccccc.3f2aaaab.beaaaaad.3f2aaaaa.3319999a.bf4ccccd.3f199999.bf2aaaab
case=d6 index=10 internal off=10c words=bf2aaaab.3eaaaaaa.c03fffff.3f800000.3f800001.40044444.406aaaaa.bf91110f
case=d6 index=10 internal off=12c words=bf2bbae3.3f2bbae2.be64f92c.be64f92d.3e93cd3a.bf5db3d7.be93cd3c.3e93cd3a
case=d6 index=10 internal off=16c words=00000000.00000001.00000002.00000001.00000001.00000002.3f000000.3e800000
case=d6 index=10 internal off=18c words=3f400000.3f200000.3ec00000.3f000000.3ec00000.3d800000.3f700000.bf000000
case=d6 index=10 internal off=1ac words=3e000000.3f600000.3f400000.3e800000.3f200000.00000001.40000000.3f800000
case=d6 index=10 internal off=1cc words=42c80000.00000002.40400000.3fc00000.42ca0000.00000001.40800000.40000000
case=d6 index=10 internal off=1ec words=42cc0000.00000000.00000000.00000000.7f7fffff.00000000.00000000.00000000
case=d6 index=10 internal off=20c words=7f7fffff.00000000.00000000.00000000.7f7fffff.cdcdcd01.3f800000.40000000
case=d6 index=10 internal off=22c words=40400000.00000000.3f19999a.00000000.3f4ccccd.3f000000.bf000000.3fc00000
case=d6 index=10 internal off=24c words=be800000.3e000000.40200000.3e000000.3d800000.3f7399f5.cdcdcdcd.3f6e35bf
case=d6 index=10 internal off=26c words=cdcd0101
case=d6 index=10 actors a=match b=match
case=d6 index=10 type=9 is_d6=yes is_fixed=no
case=d6 index=10 saved motions=2.0.2.0.2.0
case=d6 index=10 saved linear=41100000.3f000000.3f000000 twist_low=c1100000.3e000000.3f600000 twist_high=41180000.3e800000.3f200000
case=d6 index=10 saved swing1=41000000.3ec00000.3f000000 swing2=40e00000.3d800000.3f700000
case=d6 index=10 saved drive_x=00000001.41a00000.41200000.42c80000
case=d6 index=10 saved drive_y=00000002.41a80000.41280000.42ca0000
case=d6 index=10 saved drive_z=00000001.41b00000.41300000.42cc0000
case=d6 index=10 saved drive_swing=00000002.41b80000.41380000.42ce0000
case=d6 index=10 saved drive_twist=00000001.41c00000.41400000.42d00000
case=d6 index=10 saved drive_spherical=00000002.41c80000.41480000.42d20000
case=d6 index=10 saved use_spherical=1 drive_position=41300000.41400000.41500000 drive_orientation=3f000000.3f000000.3f000000.3f000000
case=d6 index=10 saved drive_linear_velocity=41a80000.41b00000.41b80000 drive_angular_velocity=41f80000.42000000.42040000
case=d6 index=10 saved projection distance=42c60000 angle=42c40000 mode=1
case=d6 index=10 saved anchor0=c03fffff.3f800000.3f800001 anchor1=40044444.406aaaaa.bf91110f
case=d6 index=10 saved axis0=3319999a.bf4ccccd.3f199999 axis1=bf2aaaab.bf2aaaab.3eaaaaaa
case=d6 index=10 saved normal0=bf7fffff.00000000.33800000 normal1=beaaaaaa.3f2aaaaa.3f2aaaac
case=d6 index=10 saved max_force=7f7fffff max_torque=7f7fffff flags=00000002 actors a=match b=match
case=d6 index=10 drive_contended reports=1 code=2 line=40
case=d6 index=10 drive_orientation_contended reports=1 code=2 line=47
case=d6 index=10 drive_linear_velocity_contended reports=1 code=2 line=54
case=d6 index=10 drive_angular_velocity_contended reports=1 code=2 line=61
case=d6 index=10 drive_setters=called
case=d6 index=10 resaved motions=2.0.2.0.2.0
case=d6 index=10 resaved linear=41100000.3f000000.3f000000 twist_low=c1100000.3e000000.3f600000 twist_high=41180000.3e800000.3f200000
case=d6 index=10 resaved swing1=41000000.3ec00000.3f000000 swing2=40e00000.3d800000.3f700000
case=d6 index=10 resaved drive_x=00000001.41a00000.41200000.42c80000
case=d6 index=10 resaved drive_y=00000002.41a80000.41280000.42ca0000
case=d6 index=10 resaved drive_z=00000001.41b00000.41300000.42cc0000
case=d6 index=10 resaved drive_swing=00000002.41b80000.41380000.42ce0000
case=d6 index=10 resaved drive_twist=00000001.41c00000.41400000.42d00000
case=d6 index=10 resaved drive_spherical=00000002.41c80000.41480000.42d20000
case=d6 index=10 resaved use_spherical=1 drive_position=41300000.41400000.41500000 drive_orientation=3f000000.3f000000.3f000000.3f000000
case=d6 index=10 resaved drive_linear_velocity=41a80000.41b00000.41b80000 drive_angular_velocity=41f80000.42000000.42040000
case=d6 index=10 resaved projection distance=42c60000 angle=42c40000 mode=1
case=d6 index=10 scene_joints when=before_release count=1 enumerated=1 order=9 self=yes end=null
case=d6 index=10 released=yes
case=d6 index=10 scene_joints when=after_release count=0 enumerated=0 order=none self=no end=null
case=revolute index=11 in_anchor=40000000.40800000.00000000 in_axis=3f000000.3f000000.3f000000
case=revolute index=11 created=yes
case=revolute index=11 out_anchor=3fffffff.40800000.b4000000 out_axis=3f13cd39.3f13cd3a.3f13cd39 state=0
case=revolute index=11 abi_sret cases=2 flags=0 mismatches=0
case=revolute index=11 abi_sret_values anchor=3fffffff.40800000.b4000000 axis=3f13cd39.3f13cd3a.3f13cd39
case=revolute index=11 internal off=04c words=bf5105ec.bed105ec.bed105ea.bf352744.3f2e2f9a.3e43169d.b313cd3a.3f3504f2
case=revolute index=11 internal off=06c words=bf3504f3.3f10d0c3.3f3504f4.bed93924.bf13cd39.3f13cd3a.3f13cd3a.3ed8c69a
case=revolute index=11 internal off=08c words=3e4511a0.3f62a115.34000000.40400000.3fffffff.40a22222.3fd55556.c0088889
case=revolute index=11 internal off=0ac words=be342459.3eae00f7.bf520a89.bed9735b.3e908619.bee99d4f.3e90eb66.3f4b84cb
case=revolute index=11 internal off=0cc words=bf5105ec.bed105ec.bed105ea.bf352744.3f2e2f9a.3e43169d.b313cd3a.3f3504f2
case=revolute index=11 internal off=0ec words=bf3504f3.3f10d0c3.3f3504f4.bed93924.bf13cd39.3f13cd3a.3f13cd3a.3ed8c69a
case=revolute index=11 internal off=10c words=3e4511a0.3f62a115.34000000.40400000.3fffffff.40a22222.3fd55556.c0088889
case=revolute index=11 internal off=12c words=be342459.3eae00f7.bf520a89.bed9735b.3e908619.bee99d4f.3e90eb66.3f4b84cb
case=revolute index=11 internal off=16c words=00000000.00000000.3f800000.00000000.00000000.3f800000.7f7fffff.00000000
case=revolute index=11 internal off=18c words=00000000.00000000.00000000.00000000.3f800000.3f7f06ff.3db25bff.00000000
case=revolute index=11 internal off=1ac words=cdcdcdcd.cdcdcdcd.cdcdcdcd.cdcdcdcd.cdcdcdcd.cdcdcdcd.cdcdcdcd.cdcdcdcd
case=revolute index=11 internal off=1cc words=cdcdcdcd.cdcdcdcd.cdcdcdcd.cdcdcdcd.cdcdcdcd.cdcdcdcd.cdcdcdcd.cdcdcdcd
case=revolute index=11 internal off=1ec words=cdcdcdcd.cdcdcdcd.cdcdcdcd.cdcdcdcd.cdcdcdcd.cdcdcdcd
case=revolute index=11 actors a=match b=match
case=revolute index=11 saved anchor0=34000000.40400000.3fffffff anchor1=40a22222.3fd55556.c0088889
case=revolute index=11 saved axis0=bf13cd39.3f13cd3a.3f13cd3a axis1=3ed8c69a.3e4511a0.3f62a115
case=revolute index=11 saved normal0=bf5105ec.bed105ec.bed105ea normal1=bf352744.3f2e2f9a.3e43169d
case=revolute index=11 scene_joints when=before_release count=1 enumerated=1 order=1 self=yes end=null
case=revolute index=11 released=yes
case=revolute index=11 scene_joints when=after_release count=0 enumerated=0 order=none self=no end=null
case=prismatic index=11 in_anchor=40000000.40800000.00000000 in_axis=3f000000.3f000000.3f000000
case=prismatic index=11 created=yes
case=prismatic index=11 out_anchor=3fffffff.40800000.b4000000 out_axis=3f13cd39.3f13cd3a.3f13cd39 state=0
case=prismatic index=11 abi_sret cases=2 flags=0 mismatches=0
case=prismatic index=11 abi_sret_values anchor=3fffffff.40800000.b4000000 axis=3f13cd39.3f13cd3a.3f13cd39
case=prismatic index=11 internal off=04c words=bf5105ec.bed105ec.bed105ea.bf352744.3f2e2f9a.3e43169d.b313cd3a.3f3504f2
case=prismatic index=11 internal off=06c words=bf3504f3.3f10d0c3.3f3504f4.bed93924.bf13cd39.3f13cd3a.3f13cd3a.3ed8c69a
case=prismatic index=11 internal off=08c words=3e4511a0.3f62a115.34000000.40400000.3fffffff.40a22222.3fd55556.c0088889
case=prismatic index=11 internal off=0ac words=be342459.3eae00f7.bf520a89.bed9735b.3e908619.bee99d4f.3e90eb66.3f4b84cb
case=prismatic index=11 internal off=0cc words=bf5105ec.bed105ec.bed105ea.bf352744.3f2e2f9a.3e43169d.b313cd3a.3f3504f2
case=prismatic index=11 internal off=0ec words=bf3504f3.3f10d0c3.3f3504f4.bed93924.bf13cd39.3f13cd3a.3f13cd3a.3ed8c69a
case=prismatic index=11 internal off=10c words=3e4511a0.3f62a115.34000000.40400000.3fffffff.40a22222.3fd55556.c0088889
case=prismatic index=11 internal off=12c words=be342459.3eae00f7.bf520a89.bed9735b.3e908619.bee99d4f.3e90eb66.3f4b84cb
case=prismatic index=11 internal off=16c words=3e8432a4.3e8432a3.bf0432a5.3f464bf7
case=prismatic index=11 actors a=match b=match
case=prismatic index=11 type=0 is_prismatic=yes is_revolute=no
case=prismatic index=11 saved anchor0=34000000.40400000.3fffffff anchor1=40a22222.3fd55556.c0088889
case=prismatic index=11 saved axis0=bf13cd39.3f13cd3a.3f13cd3a axis1=3ed8c69a.3e4511a0.3f62a115
case=prismatic index=11 saved normal0=bf5105ec.bed105ec.bed105ea normal1=bf352744.3f2e2f9a.3e43169d
case=prismatic index=11 saved max_force=7f7fffff max_torque=7f7fffff flags=00000002 actors a=match b=match
case=prismatic index=11 scene_joints when=before_release count=1 enumerated=1 order=0 self=yes end=null
case=prismatic index=11 released=yes
case=prismatic index=11 scene_joints when=after_release count=0 enumerated=0 order=none self=no end=null
case=cylindrical index=11 in_anchor=40000000.40800000.00000000 in_axis=3f000000.3f000000.3f000000
case=cylindrical index=11 created=yes
case=cylindrical index=11 out_anchor=3fffffff.40800000.b4000000 out_axis=3f13cd39.3f13cd3a.3f13cd39 state=0
case=cylindrical index=11 abi_sret cases=2 flags=0 mismatches=0
case=cylindrical index=11 abi_sret_values anchor=3fffffff.40800000.b4000000 axis=3f13cd39.3f13cd3a.3f13cd39
case=cylindrical index=11 internal off=04c words=bf5105ec.bed105ec.bed105ea.bf352744.3f2e2f9a.3e43169d.b313cd3a.3f3504f2
case=cylindrical index=11 internal off=06c words=bf3504f3.3f10d0c3.3f3504f4.bed93924.bf13cd39.3f13cd3a.3f13cd3a.3ed8c69a
case=cylindrical index=11 internal off=08c words=3e4511a0.3f62a115.34000000.40400000.3fffffff.40a22222.3fd55556.c0088889
case=cylindrical index=11 internal off=0ac words=be342459.3eae00f7.bf520a89.bed9735b.3e908619.bee99d4f.3e90eb66.3f4b84cb
case=cylindrical index=11 internal off=0cc words=bf5105ec.bed105ec.bed105ea.bf352744.3f2e2f9a.3e43169d.b313cd3a.3f3504f2
case=cylindrical index=11 internal off=0ec words=bf3504f3.3f10d0c3.3f3504f4.bed93924.bf13cd39.3f13cd3a.3f13cd3a.3ed8c69a
case=cylindrical index=11 internal off=10c words=3e4511a0.3f62a115.34000000.40400000.3fffffff.40a22222.3fd55556.c0088889
case=cylindrical index=11 internal off=12c words=be342459.3eae00f7.bf520a89.bed9735b.3e908619.bee99d4f.3e90eb66.3f4b84cb
case=cylindrical index=11 actors a=match b=match
case=cylindrical index=11 type=2 is_cylindrical=yes is_prismatic=no
case=cylindrical index=11 saved anchor0=34000000.40400000.3fffffff anchor1=40a22222.3fd55556.c0088889
case=cylindrical index=11 saved axis0=bf13cd39.3f13cd3a.3f13cd3a axis1=3ed8c69a.3e4511a0.3f62a115
case=cylindrical index=11 saved normal0=bf5105ec.bed105ec.bed105ea normal1=bf352744.3f2e2f9a.3e43169d
case=cylindrical index=11 saved max_force=7f7fffff max_torque=7f7fffff flags=00000002 actors a=match b=match
case=cylindrical index=11 scene_joints when=before_release count=1 enumerated=1 order=2 self=yes end=null
case=cylindrical index=11 released=yes
case=cylindrical index=11 scene_joints when=after_release count=0 enumerated=0 order=none self=no end=null
case=spherical index=11 in_anchor=40000000.40800000.00000000 in_axis=3f000000.3f000000.3f000000
case=spherical index=11 created=yes
case=spherical index=11 out_anchor=3fffffff.40800000.b4000000 out_axis=3f13cd39.3f13cd3a.3f13cd39 state=0
case=spherical index=11 abi_sret cases=2 flags=0 mismatches=0
case=spherical index=11 abi_sret_values anchor=3fffffff.40800000.b4000000 axis=3f13cd39.3f13cd3a.3f13cd39
case=spherical index=11 internal off=04c words=bf5105ec.bed105ec.bed105ea.bf352744.3f2e2f9a.3e43169d.b313cd3a.3f3504f2
case=spherical index=11 internal off=06c words=bf3504f3.3f10d0c3.3f3504f4.bed93924.bf13cd39.3f13cd3a.3f13cd3a.3ed8c69a
case=spherical index=11 internal off=08c words=3e4511a0.3f62a115.34000000.40400000.3fffffff.40a22222.3fd55556.c0088889
case=spherical index=11 internal off=0ac words=be342459.3eae00f7.bf520a89.bed9735b.3e908619.bee99d4f.3e90eb66.3f4b84cb
case=spherical index=11 internal off=0cc words=bf5105ec.bed105ec.bed105ea.bf352744.3f2e2f9a.3e43169d.b313cd3a.3f3504f2
case=spherical index=11 internal off=0ec words=bf3504f3.3f10d0c3.3f3504f4.bed93924.bf13cd39.3f13cd3a.3f13cd3a.3ed8c69a
case=spherical index=11 internal off=10c words=3e4511a0.3f62a115.34000000.40400000.3fffffff.40a22222.3fd55556.c0088889
case=spherical index=11 internal off=12c words=be342459.3eae00f7.bf520a89.bed9735b.3e908619.bee99d4f.3e90eb66.3f4b84cb
case=spherical index=11 internal off=16c words=bf000000.3e800000.3f800000.3f400000.00000000.3f000000.3f200000.3f000000
case=spherical index=11 internal off=18c words=3f400000.40000000.3f000000.3e000000.40400000.3f800000.3ec00000.40800000
case=spherical index=11 internal off=1ac words=40000000.00000000.3f19999a.00000000.3f4ccccd.bf73a7bc.3e5e2338.3e5e233a
case=spherical index=11 internal off=1cc words=3f4f9b47.00000009.3e800000.cdcdcdcd.cdcdcdcd.cdcdcdcd.cdcdcdcd.cdcdcdcd
case=spherical index=11 internal off=1ec words=cdcdcdcd.cdcdcdcd.cdcdcdcd.cdcdcdcd.cdcdcdcd.cdcdcdcd.cdcdcdcd.cdcdcdcd
case=spherical index=11 internal off=20c words=cdcdcdcd.cdcdcdcd.cdcdcdcd.cdcdcdcd.cdcdcdcd.cdcdcdcd.cdcdcdcd.cdcdcdcd
case=spherical index=11 internal off=22c words=cdcdcdcd.cdcdcdcd.cdcdcdcd.cdcdcdcd
case=spherical index=11 actors a=match b=match
case=spherical index=11 type=3 is_spherical=yes is_revolute=no
case=spherical index=11 flags=00000009 projection_mode=1
case=spherical index=11 saved anchor0=34000000.40400000.3fffffff anchor1=40a22222.3fd55556.c0088889
case=spherical index=11 saved axis0=bf13cd39.3f13cd3a.3f13cd3a axis1=3ed8c69a.3e4511a0.3f62a115
case=spherical index=11 saved normal0=bf5105ec.bed105ec.bed105ea normal1=bf352744.3f2e2f9a.3e43169d
case=spherical index=11 saved swing_axis=3f19999a.00000000.3f4ccccd projection_distance=3e800000 flags=00000009 projection_mode=1
case=spherical index=11 saved twist_limit=bf000000.3e800000.3f800000.3f400000.00000000.3f000000 swing_limit=3f200000.3f000000.3f400000
case=spherical index=11 saved twist_spring=40000000.3f000000.3e000000 swing_spring=40400000.3f800000.3ec00000 joint_spring=40800000.40000000.00000000
case=spherical index=11 saved max_force=7f7fffff max_torque=7f7fffff flags=00000002 actors a=match b=match
case=spherical index=11 scene_joints when=before_release count=1 enumerated=1 order=3 self=yes end=null
case=spherical index=11 released=yes
case=spherical index=11 scene_joints when=after_release count=0 enumerated=0 order=none self=no end=null
case=point_on_line index=11 in_anchor=40000000.40800000.00000000 in_axis=3f000000.3f000000.3f000000
case=point_on_line index=11 created=yes
case=point_on_line index=11 out_anchor=3fffffff.40800000.b4000000 out_axis=3f13cd39.3f13cd3a.3f13cd39 state=0
case=point_on_line index=11 abi_sret cases=2 flags=0 mismatches=0
case=point_on_line index=11 abi_sret_values anchor=3fffffff.40800000.b4000000 axis=3f13cd39.3f13cd3a.3f13cd39
case=point_on_line index=11 internal off=04c words=bf5105ec.bed105ec.bed105ea.bf352744.3f2e2f9a.3e43169d.b313cd3a.3f3504f2
case=point_on_line index=11 internal off=06c words=bf3504f3.3f10d0c3.3f3504f4.bed93924.bf13cd39.3f13cd3a.3f13cd3a.3ed8c69a
case=point_on_line index=11 internal off=08c words=3e4511a0.3f62a115.34000000.40400000.3fffffff.40a22222.3fd55556.c0088889
case=point_on_line index=11 internal off=0ac words=be342459.3eae00f7.bf520a89.bed9735b.3e908619.bee99d4f.3e90eb66.3f4b84cb
case=point_on_line index=11 internal off=0cc words=bf5105ec.bed105ec.bed105ea.bf352744.3f2e2f9a.3e43169d.b313cd3a.3f3504f2
case=point_on_line index=11 internal off=0ec words=bf3504f3.3f10d0c3.3f3504f4.bed93924.bf13cd39.3f13cd3a.3f13cd3a.3ed8c69a
case=point_on_line index=11 internal off=10c words=3e4511a0.3f62a115.34000000.40400000.3fffffff.40a22222.3fd55556.c0088889
case=point_on_line index=11 internal off=12c words=be342459.3eae00f7.bf520a89.bed9735b.3e908619.bee99d4f.3e90eb66.3f4b84cb
case=point_on_line index=11 actors a=match b=match
case=point_on_line index=11 type=4 is_point_on_line=yes is_revolute=no
case=point_on_line index=11 saved anchor0=34000000.40400000.3fffffff anchor1=40a22222.3fd55556.c0088889
case=point_on_line index=11 saved axis0=bf13cd39.3f13cd3a.3f13cd3a axis1=3ed8c69a.3e4511a0.3f62a115
case=point_on_line index=11 saved normal0=bf5105ec.bed105ec.bed105ea normal1=bf352744.3f2e2f9a.3e43169d
case=point_on_line index=11 saved max_force=7f7fffff max_torque=7f7fffff flags=00000002 actors a=match b=match
case=point_on_line index=11 scene_joints when=before_release count=1 enumerated=1 order=4 self=yes end=null
case=point_on_line index=11 released=yes
case=point_on_line index=11 scene_joints when=after_release count=0 enumerated=0 order=none self=no end=null
case=point_in_plane index=11 in_anchor=40000000.40800000.00000000 in_axis=3f000000.3f000000.3f000000
case=point_in_plane index=11 created=yes
case=point_in_plane index=11 out_anchor=3fffffff.40800000.b4000000 out_axis=3f13cd39.3f13cd3a.3f13cd39 state=0
case=point_in_plane index=11 abi_sret cases=2 flags=0 mismatches=0
case=point_in_plane index=11 abi_sret_values anchor=3fffffff.40800000.b4000000 axis=3f13cd39.3f13cd3a.3f13cd39
case=point_in_plane index=11 internal off=04c words=bf5105ec.bed105ec.bed105ea.bf352744.3f2e2f9a.3e43169d.b313cd3a.3f3504f2
case=point_in_plane index=11 internal off=06c words=bf3504f3.3f10d0c3.3f3504f4.bed93924.bf13cd39.3f13cd3a.3f13cd3a.3ed8c69a
case=point_in_plane index=11 internal off=08c words=3e4511a0.3f62a115.34000000.40400000.3fffffff.40a22222.3fd55556.c0088889
case=point_in_plane index=11 internal off=0ac words=be342459.3eae00f7.bf520a89.bed9735b.3e908619.bee99d4f.3e90eb66.3f4b84cb
case=point_in_plane index=11 internal off=0cc words=bf5105ec.bed105ec.bed105ea.bf352744.3f2e2f9a.3e43169d.b313cd3a.3f3504f2
case=point_in_plane index=11 internal off=0ec words=bf3504f3.3f10d0c3.3f3504f4.bed93924.bf13cd39.3f13cd3a.3f13cd3a.3ed8c69a
case=point_in_plane index=11 internal off=10c words=3e4511a0.3f62a115.34000000.40400000.3fffffff.40a22222.3fd55556.c0088889
case=point_in_plane index=11 internal off=12c words=be342459.3eae00f7.bf520a89.bed9735b.3e908619.bee99d4f.3e90eb66.3f4b84cb
case=point_in_plane index=11 actors a=match b=match
case=point_in_plane index=11 type=5 is_point_in_plane=yes is_revolute=no
case=point_in_plane index=11 saved anchor0=34000000.40400000.3fffffff anchor1=40a22222.3fd55556.c0088889
case=point_in_plane index=11 saved axis0=bf13cd39.3f13cd3a.3f13cd3a axis1=3ed8c69a.3e4511a0.3f62a115
case=point_in_plane index=11 saved normal0=bf5105ec.bed105ec.bed105ea normal1=bf352744.3f2e2f9a.3e43169d
case=point_in_plane index=11 saved max_force=7f7fffff max_torque=7f7fffff flags=00000002 actors a=match b=match
case=point_in_plane index=11 scene_joints when=before_release count=1 enumerated=1 order=5 self=yes end=null
case=point_in_plane index=11 released=yes
case=point_in_plane index=11 scene_joints when=after_release count=0 enumerated=0 order=none self=no end=null
case=distance index=11 in_anchor=40000000.40800000.00000000 in_axis=3f000000.3f000000.3f000000 max_distance=40200000 min_distance=3f000000 spring=41200000.3f000000.3e800000 flags=00000007
case=distance index=11 created=yes
case=distance index=11 out_anchor=3fffffff.40800000.b4000000 out_axis=3f13cd39.3f13cd3a.3f13cd39 state=0
case=distance index=11 abi_sret cases=2 flags=0 mismatches=0
case=distance index=11 abi_sret_values anchor=3fffffff.40800000.b4000000 axis=3f13cd39.3f13cd3a.3f13cd39
case=distance index=11 internal off=04c words=bf5105ec.bed105ec.bed105ea.bf352744.3f2e2f9a.3e43169d.b313cd3a.3f3504f2
case=distance index=11 internal off=06c words=bf3504f3.3f10d0c3.3f3504f4.bed93924.bf13cd39.3f13cd3a.3f13cd3a.3ed8c69a
case=distance index=11 internal off=08c words=3e4511a0.3f62a115.34000000.40400000.3fffffff.40a22222.3fd55556.c0088889
case=distance index=11 internal off=0ac words=be342459.3eae00f7.bf520a89.bed9735b.3e908619.bee99d4f.3e90eb66.3f4b84cb
case=distance index=11 internal off=0cc words=bf5105ec.bed105ec.bed105ea.bf352744.3f2e2f9a.3e43169d.b313cd3a.3f3504f2
case=distance index=11 internal off=0ec words=bf3504f3.3f10d0c3.3f3504f4.bed93924.bf13cd39.3f13cd3a.3f13cd3a.3ed8c69a
case=distance index=11 internal off=10c words=3e4511a0.3f62a115.34000000.40400000.3fffffff.40a22222.3fd55556.c0088889
case=distance index=11 internal off=12c words=be342459.3eae00f7.bf520a89.bed9735b.3e908619.bee99d4f.3e90eb66.3f4b84cb
case=distance index=11 internal off=16c words=40200000.3f000000.41200000.3f000000.3e800000.00000007
case=distance index=11 actors a=match b=match
case=distance index=11 type=6 is_distance=yes is_revolute=no
case=distance index=11 saved max_distance=40200000 min_distance=3f000000 spring=41200000.3f000000.3e800000 flags=00000007
case=distance index=11 saved anchor0=34000000.40400000.3fffffff anchor1=40a22222.3fd55556.c0088889
case=distance index=11 saved axis0=bf13cd39.3f13cd3a.3f13cd3a axis1=3ed8c69a.3e4511a0.3f62a115
case=distance index=11 saved normal0=bf5105ec.bed105ec.bed105ea normal1=bf352744.3f2e2f9a.3e43169d
case=distance index=11 saved max_force=7f7fffff max_torque=7f7fffff flags=00000002 actors a=match b=match
case=distance index=11 scene_joints when=before_release count=1 enumerated=1 order=6 self=yes end=null
case=distance index=11 released=yes
case=distance index=11 scene_joints when=after_release count=0 enumerated=0 order=none self=no end=null
case=pulley index=11 in_anchor=40000000.40800000.00000000 in_axis=3f000000.3f000000.3f000000
case=pulley index=11 in_pulley0=00000000.40a00000.00000000 in_pulley1=40800000.40a00000.00000000 distance=40c00000 stiffness=3f400000 ratio=3fc00000 flags=00000001
case=pulley index=11 created=yes
case=pulley index=11 out_anchor=3fffffff.40800000.b4000000 out_axis=3f13cd39.3f13cd3a.3f13cd39 state=0
case=pulley index=11 abi_sret cases=2 flags=0 mismatches=0
case=pulley index=11 abi_sret_values anchor=3fffffff.40800000.b4000000 axis=3f13cd39.3f13cd3a.3f13cd39
case=pulley index=11 internal off=04c words=bf5105ec.bed105ec.bed105ea.bf352744.3f2e2f9a.3e43169d.b313cd3a.3f3504f2
case=pulley index=11 internal off=06c words=bf3504f3.3f10d0c3.3f3504f4.bed93924.bf13cd39.3f13cd3a.3f13cd3a.3ed8c69a
case=pulley index=11 internal off=08c words=3e4511a0.3f62a115.34000000.40400000.3fffffff.40a22222.3fd55556.c0088889
case=pulley index=11 internal off=0ac words=be342459.3eae00f7.bf520a89.bed9735b.3e908619.bee99d4f.3e90eb66.3f4b84cb
case=pulley index=11 internal off=0cc words=bf5105ec.bed105ec.bed105ea.bf352744.3f2e2f9a.3e43169d.b313cd3a.3f3504f2
case=pulley index=11 internal off=0ec words=bf3504f3.3f10d0c3.3f3504f4.bed93924.bf13cd39.3f13cd3a.3f13cd3a.3ed8c69a
case=pulley index=11 internal off=10c words=3e4511a0.3f62a115.34000000.40400000.3fffffff.40a22222.3fd55556.c0088889
case=pulley index=11 internal off=12c words=be342459.3eae00f7.bf520a89.bed9735b.3e908619.bee99d4f.3e90eb66.3f4b84cb
case=pulley index=11 actors a=match b=match
case=pulley index=11 type=7 is_pulley=yes is_distance=no
case=pulley index=11 saved pulley0=00000000.40a00000.00000000 pulley1=40800000.40a00000.00000000
case=pulley index=11 saved distance=40c00000 stiffness=3f400000 ratio=3fc00000 flags=00000001
case=pulley index=11 saved anchor0=34000000.40400000.3fffffff anchor1=40a22222.3fd55556.c0088889
case=pulley index=11 saved axis0=bf13cd39.3f13cd3a.3f13cd3a axis1=3ed8c69a.3e4511a0.3f62a115
case=pulley index=11 saved normal0=bf5105ec.bed105ec.bed105ea normal1=bf352744.3f2e2f9a.3e43169d
case=pulley index=11 saved max_force=7f7fffff max_torque=7f7fffff flags=00000002 actors a=match b=match
case=pulley index=11 scene_joints when=before_release count=1 enumerated=1 order=7 self=yes end=null
case=pulley index=11 released=yes
case=pulley index=11 scene_joints when=after_release count=0 enumerated=0 order=none self=no end=null
case=fixed index=11 in_anchor=40000000.40800000.00000000 in_axis=3f000000.3f000000.3f000000
case=fixed index=11 created=yes
case=fixed index=11 out_anchor=3fffffff.40800000.b4000000 out_axis=3f13cd39.3f13cd3a.3f13cd39 state=0
case=fixed index=11 abi_sret cases=2 flags=0 mismatches=0
case=fixed index=11 abi_sret_values anchor=3fffffff.40800000.b4000000 axis=3f13cd39.3f13cd3a.3f13cd39
case=fixed index=11 internal off=04c words=bf5105ec.bed105ec.bed105ea.bf352744.3f2e2f9a.3e43169d.b313cd3a.3f3504f2
case=fixed index=11 internal off=06c words=bf3504f3.3f10d0c3.3f3504f4.bed93924.bf13cd39.3f13cd3a.3f13cd3a.3ed8c69a
case=fixed index=11 internal off=08c words=3e4511a0.3f62a115.34000000.40400000.3fffffff.40a22222.3fd55556.c0088889
case=fixed index=11 internal off=0ac words=be342459.3eae00f7.bf520a89.bed9735b.3e908619.bee99d4f.3e90eb66.3f4b84cb
case=fixed index=11 internal off=0cc words=bf5105ec.bed105ec.bed105ea.bf352744.3f2e2f9a.3e43169d.b313cd3a.3f3504f2
case=fixed index=11 internal off=0ec words=bf3504f3.3f10d0c3.3f3504f4.bed93924.bf13cd39.3f13cd3a.3f13cd3a.3ed8c69a
case=fixed index=11 internal off=10c words=3e4511a0.3f62a115.34000000.40400000.3fffffff.40a22222.3fd55556.c0088889
case=fixed index=11 internal off=12c words=be342459.3eae00f7.bf520a89.bed9735b.3e908619.bee99d4f.3e90eb66.3f4b84cb
case=fixed index=11 internal off=16c words=bffffffd.c0000000.40800000.3e8432a4.3e8432a3.bf0432a5.3f464bf7
case=fixed index=11 actors a=match b=match
case=fixed index=11 type=8 is_fixed=yes is_pulley=no
case=fixed index=11 saved anchor0=34000000.40400000.3fffffff anchor1=40a22222.3fd55556.c0088889
case=fixed index=11 saved axis0=bf13cd39.3f13cd3a.3f13cd3a axis1=3ed8c69a.3e4511a0.3f62a115
case=fixed index=11 saved normal0=bf5105ec.bed105ec.bed105ea normal1=bf352744.3f2e2f9a.3e43169d
case=fixed index=11 saved max_force=7f7fffff max_torque=7f7fffff flags=00000002 actors a=match b=match
case=fixed index=11 scene_joints when=before_release count=1 enumerated=1 order=8 self=yes end=null
case=fixed index=11 released=yes
case=fixed index=11 scene_joints when=after_release count=0 enumerated=0 order=none self=no end=null
case=d6 index=11 in_anchor=40000000.40800000.00000000 in_axis=3f000000.3f000000.3f000000
case=d6 index=11 in motions=0.1.2.1.1.2
case=d6 index=11 in linear=3f000000.3e800000.3f400000 twist_low=bf000000.3e000000.3f600000 twist_high=3f400000.3e800000.3f200000
case=d6 index=11 in swing1=3f200000.3ec00000.3f000000 swing2=3ec00000.3d800000.3f700000
case=d6 index=11 in drive_x=00000001.40000000.3f800000.42c80000
case=d6 index=11 in drive_y=00000002.40400000.3fc00000.42ca0000
case=d6 index=11 in drive_z=00000001.40800000.40000000.42cc0000
case=d6 index=11 in drive_swing=00000002.40a00000.40200000.42ce0000
case=d6 index=11 in drive_twist=00000001.40c00000.40400000.42d00000
case=d6 index=11 in drive_spherical=00000002.40e00000.40600000.42d20000
case=d6 index=11 in use_spherical=1 drive_position=3f800000.40000000.40400000 drive_orientation=00000000.3f19999a.00000000.3f4ccccd
case=d6 index=11 in drive_linear_velocity=3f000000.bf000000.3fc00000 drive_angular_velocity=be800000.3e000000.40200000
case=d6 index=11 in projection distance=3e000000 angle=3d800000 mode=1
case=d6 index=11 created=yes
case=d6 index=11 out_anchor=3fffffff.40800000.b4000000 out_axis=3f13cd39.3f13cd3a.3f13cd39 state=0
case=d6 index=11 abi_sret cases=2 flags=0 mismatches=0
case=d6 index=11 abi_sret_values anchor=3fffffff.40800000.b4000000 axis=3f13cd39.3f13cd3a.3f13cd39
case=d6 index=11 internal off=04c words=bf5105ec.bed105ec.bed105ea.bf352744.3f2e2f9a.3e43169d.b313cd3a.3f3504f2
case=d6 index=11 internal off=06c words=bf3504f3.3f10d0c3.3f3504f4.bed93924.bf13cd39.3f13cd3a.3f13cd3a.3ed8c69a
case=d6 index=11 internal off=08c words=3e4511a0.3f62a115.34000000.40400000.3fffffff.40a22222.3fd55556.c0088889
case=d6 index=11 internal off=0ac words=be342459.3eae00f7.bf520a89.bed9735b.3e908619.bee99d4f.3e90eb66.3f4b84cb
case=d6 index=11 internal off=0cc words=bf5105ec.bed105ec.bed105ea.bf352744.3f2e2f9a.3e43169d.b313cd3a.3f3504f2
case=d6 index=11 internal off=0ec words=bf3504f3.3f10d0c3.3f3504f4.bed93924.bf13cd39.3f13cd3a.3f13cd3a.3ed8c69a
case=d6 index=11 internal off=10c words=3e4511a0.3f62a115.34000000.40400000.3fffffff.40a22222.3fd55556.c0088889
case=d6 index=11 internal off=12c words=be342459.3eae00f7.bf520a89.bed9735b.3e908619.bee99d4f.3e90eb66.3f4b84cb
case=d6 index=11 internal off=16c words=00000000.00000001.00000002.00000001.00000001.00000002.3f000000.3e800000
case=d6 index=11 internal off=18c words=3f400000.3f200000.3ec00000.3f000000.3ec00000.3d800000.3f700000.bf000000
case=d6 index=11 internal off=1ac words=3e000000.3f600000.3f400000.3e800000.3f200000.00000001.40000000.3f800000
case=d6 index=11 internal off=1cc words=42c80000.00000002.40400000.3fc00000.42ca0000.00000001.40800000.40000000
case=d6 index=11 internal off=1ec words=42cc0000.00000000.00000000.00000000.7f7fffff.00000000.00000000.00000000
case=d6 index=11 internal off=20c words=7f7fffff.00000000.00000000.00000000.7f7fffff.cdcdcd01.3f800000.40000000
case=d6 index=11 internal off=22c words=40400000.00000000.3f19999a.00000000.3f4ccccd.3f000000.bf000000.3fc00000
case=d6 index=11 internal off=24c words=be800000.3e000000.40200000.3e000000.3d800000.3f7399f5.cdcdcdcd.3f6e35bf
case=d6 index=11 internal off=26c words=cdcd0101
case=d6 index=11 actors a=match b=match
case=d6 index=11 type=9 is_d6=yes is_fixed=no
case=d6 index=11 saved motions=2.0.2.0.2.0
case=d6 index=11 saved linear=41100000.3f000000.3f000000 twist_low=c1100000.3e000000.3f600000 twist_high=41180000.3e800000.3f200000
case=d6 index=11 saved swing1=41000000.3ec00000.3f000000 swing2=40e00000.3d800000.3f700000
case=d6 index=11 saved drive_x=00000001.41a00000.41200000.42c80000
case=d6 index=11 saved drive_y=00000002.41a80000.41280000.42ca0000
case=d6 index=11 saved drive_z=00000001.41b00000.41300000.42cc0000
case=d6 index=11 saved drive_swing=00000002.41b80000.41380000.42ce0000
case=d6 index=11 saved drive_twist=00000001.41c00000.41400000.42d00000
case=d6 index=11 saved drive_spherical=00000002.41c80000.41480000.42d20000
case=d6 index=11 saved use_spherical=1 drive_position=41300000.41400000.41500000 drive_orientation=3f000000.3f000000.3f000000.3f000000
case=d6 index=11 saved drive_linear_velocity=41a80000.41b00000.41b80000 drive_angular_velocity=41f80000.42000000.42040000
case=d6 index=11 saved projection distance=42c60000 angle=42c40000 mode=1
case=d6 index=11 saved anchor0=34000000.40400000.3fffffff anchor1=40a22222.3fd55556.c0088889
case=d6 index=11 saved axis0=bf13cd39.3f13cd3a.3f13cd3a axis1=3ed8c69a.3e4511a0.3f62a115
case=d6 index=11 saved normal0=bf5105ec.bed105ec.bed105ea normal1=bf352744.3f2e2f9a.3e43169d
case=d6 index=11 saved max_force=7f7fffff max_torque=7f7fffff flags=00000002 actors a=match b=match
case=d6 index=11 drive_contended reports=1 code=2 line=40
case=d6 index=11 drive_orientation_contended reports=1 code=2 line=47
case=d6 index=11 drive_linear_velocity_contended reports=1 code=2 line=54
case=d6 index=11 drive_angular_velocity_contended reports=1 code=2 line=61
case=d6 index=11 drive_setters=called
case=d6 index=11 resaved motions=2.0.2.0.2.0
case=d6 index=11 resaved linear=41100000.3f000000.3f000000 twist_low=c1100000.3e000000.3f600000 twist_high=41180000.3e800000.3f200000
case=d6 index=11 resaved swing1=41000000.3ec00000.3f000000 swing2=40e00000.3d800000.3f700000
case=d6 index=11 resaved drive_x=00000001.41a00000.41200000.42c80000
case=d6 index=11 resaved drive_y=00000002.41a80000.41280000.42ca0000
case=d6 index=11 resaved drive_z=00000001.41b00000.41300000.42cc0000
case=d6 index=11 resaved drive_swing=00000002.41b80000.41380000.42ce0000
case=d6 index=11 resaved drive_twist=00000001.41c00000.41400000.42d00000
case=d6 index=11 resaved drive_spherical=00000002.41c80000.41480000.42d20000
case=d6 index=11 resaved use_spherical=1 drive_position=41300000.41400000.41500000 drive_orientation=3f000000.3f000000.3f000000.3f000000
case=d6 index=11 resaved drive_linear_velocity=41a80000.41b00000.41b80000 drive_angular_velocity=41f80000.42000000.42040000
case=d6 index=11 resaved projection distance=42c60000 angle=42c40000 mode=1
case=d6 index=11 scene_joints when=before_release count=1 enumerated=1 order=9 self=yes end=null
case=d6 index=11 released=yes
case=d6 index=11 scene_joints when=after_release count=0 enumerated=0 order=none self=no end=null
case=revolute index=12 in_anchor=bfc00000.3e800000.41000000 in_axis=3dcdbcfd.3e4dbcfd.3f797526
case=revolute index=12 created=yes
case=revolute index=12 out_anchor=bfbffffc.3e7ffffc.40ffffff out_axis=3dcdbcfc.3e4dbcfe.3f797525 state=0
case=revolute index=12 abi_sret cases=2 flags=0 mismatches=0
case=revolute index=12 abi_sret_values anchor=bfbffffc.3e7ffffc.40ffffff axis=3dcdbcfc.3e4dbcfe.3f797525
case=revolute index=12 internal off=04c words=3dc97ff4.bca62f73.3f7eb478.3e1609a3.bf3c5379.3f294caf.be4ec8c8.bf7ab9d8
case=revolute index=12 internal off=06c words=32225141.bf7b3e31.be4471f1.3b84578d.bf797526.3e4dbcfe.3dcdbd05.bdfdbe69
case=revolute index=12 internal off=08c words=3f264e19.3f4005bb.c0ffffff.bf400000.bfbffffb.bfc88888.41015555.3e0888b9
case=revolute index=12 internal off=0ac words=bddb3f43.bf32eec6.bf34c7db.bd14ac04.bf22b49e.bea0571e.bf2e5b9a.be3d1a85
case=revolute index=12 internal off=0cc words=3dc97ff4.bca62f73.3f7eb478.3e1609a3.bf3c5379.3f294caf.be4ec8c8.bf7ab9d8
case=revolute index=12 internal off=0ec words=32225141.bf7b3e31.be4471f1.3b84578d.bf797526.3e4dbcfe.3dcdbd05.bdfdbe69
case=revolute index=12 internal off=10c words=3f264e19.3f4005bb.c0ffffff.bf400000.bfbffffb.bfc88888.41015555.3e0888b9
case=revolute index=12 internal off=12c words=bddb3f43.bf32eec6.bf34c7db.bd14ac04.bf22b49e.bea0571e.bf2e5b9a.be3d1a85
case=revolute index=12 internal off=16c words=00000000.00000000.3f800000.00000000.00000000.3f800000.7f7fffff.00000000
case=revolute index=12 internal off=18c words=00000000.00000000.00000000.00000000.3f800000.3f7f06ff.3db25bff.00000000
case=revolute index=12 internal off=1ac words=cdcdcdcd.cdcdcdcd.cdcdcdcd.cdcdcdcd.cdcdcdcd.cdcdcdcd.cdcdcdcd.cdcdcdcd
case=revolute index=12 internal off=1cc words=cdcdcdcd.cdcdcdcd.cdcdcdcd.cdcdcdcd.cdcdcdcd.cdcdcdcd.cdcdcdcd.cdcdcdcd
case=revolute index=12 internal off=1ec words=cdcdcdcd.cdcdcdcd.cdcdcdcd.cdcdcdcd.cdcdcdcd.cdcdcdcd
case=revolute index=12 actors a=match b=match
case=revolute index=12 saved anchor0=c0ffffff.bf400000.bfbffffb anchor1=bfc88888.41015555.3e0888b9
case=revolute index=12 saved axis0=bf797526.3e4dbcfe.3dcdbd05 axis1=bdfdbe69.3f264e19.3f4005bb
case=revolute index=12 saved normal0=3dc97ff4.bca62f73.3f7eb478 normal1=3e1609a3.bf3c5379.3f294caf
case=revolute index=12 scene_joints when=before_release count=1 enumerated=1 order=1 self=yes end=null
case=revolute index=12 released=yes
case=revolute index=12 scene_joints when=after_release count=0 enumerated=0 order=none self=no end=null
case=prismatic index=12 in_anchor=bfc00000.3e800000.41000000 in_axis=3dcdbcfd.3e4dbcfd.3f797526
case=prismatic index=12 created=yes
case=prismatic index=12 out_anchor=bfbffffc.3e7ffffc.40ffffff out_axis=3dcdbcfc.3e4dbcfe.3f797525 state=0
case=prismatic index=12 abi_sret cases=2 flags=0 mismatches=0
case=prismatic index=12 abi_sret_values anchor=bfbffffc.3e7ffffc.40ffffff axis=3dcdbcfc.3e4dbcfe.3f797525
case=prismatic index=12 internal off=04c words=3dc97ff4.bca62f73.3f7eb478.3e1609a3.bf3c5379.3f294caf.be4ec8c8.bf7ab9d8
case=prismatic index=12 internal off=06c words=32225141.bf7b3e31.be4471f1.3b84578d.bf797526.3e4dbcfe.3dcdbd05.bdfdbe69
case=prismatic index=12 internal off=08c words=3f264e19.3f4005bb.c0ffffff.bf400000.bfbffffb.bfc88888.41015555.3e0888b9
case=prismatic index=12 internal off=0ac words=bddb3f43.bf32eec6.bf34c7db.bd14ac04.bf22b49e.bea0571e.bf2e5b9a.be3d1a85
case=prismatic index=12 internal off=0cc words=3dc97ff4.bca62f73.3f7eb478.3e1609a3.bf3c5379.3f294caf.be4ec8c8.bf7ab9d8
case=prismatic index=12 internal off=0ec words=32225141.bf7b3e31.be4471f1.3b84578d.bf797526.3e4dbcfe.3dcdbd05.bdfdbe69
case=prismatic index=12 internal off=10c words=3f264e19.3f4005bb.c0ffffff.bf400000.bfbffffb.bfc88888.41015555.3e0888b9
case=prismatic index=12 internal off=12c words=bddb3f43.bf32eec6.bf34c7db.bd14ac04.bf22b49e.bea0571e.bf2e5b9a.be3d1a85
case=prismatic index=12 internal off=16c words=3e8432a4.3e8432a3.bf0432a5.3f464bf7
case=prismatic index=12 actors a=match b=match
case=prismatic index=12 type=0 is_prismatic=yes is_revolute=no
case=prismatic index=12 saved anchor0=c0ffffff.bf400000.bfbffffb anchor1=bfc88888.41015555.3e0888b9
case=prismatic index=12 saved axis0=bf797526.3e4dbcfe.3dcdbd05 axis1=bdfdbe69.3f264e19.3f4005bb
case=prismatic index=12 saved normal0=3dc97ff4.bca62f73.3f7eb478 normal1=3e1609a3.bf3c5379.3f294caf
case=prismatic index=12 saved max_force=7f7fffff max_torque=7f7fffff flags=00000002 actors a=match b=match
case=prismatic index=12 scene_joints when=before_release count=1 enumerated=1 order=0 self=yes end=null
case=prismatic index=12 released=yes
case=prismatic index=12 scene_joints when=after_release count=0 enumerated=0 order=none self=no end=null
case=cylindrical index=12 in_anchor=bfc00000.3e800000.41000000 in_axis=3dcdbcfd.3e4dbcfd.3f797526
case=cylindrical index=12 created=yes
case=cylindrical index=12 out_anchor=bfbffffc.3e7ffffc.40ffffff out_axis=3dcdbcfc.3e4dbcfe.3f797525 state=0
case=cylindrical index=12 abi_sret cases=2 flags=0 mismatches=0
case=cylindrical index=12 abi_sret_values anchor=bfbffffc.3e7ffffc.40ffffff axis=3dcdbcfc.3e4dbcfe.3f797525
case=cylindrical index=12 internal off=04c words=3dc97ff4.bca62f73.3f7eb478.3e1609a3.bf3c5379.3f294caf.be4ec8c8.bf7ab9d8
case=cylindrical index=12 internal off=06c words=32225141.bf7b3e31.be4471f1.3b84578d.bf797526.3e4dbcfe.3dcdbd05.bdfdbe69
case=cylindrical index=12 internal off=08c words=3f264e19.3f4005bb.c0ffffff.bf400000.bfbffffb.bfc88888.41015555.3e0888b9
case=cylindrical index=12 internal off=0ac words=bddb3f43.bf32eec6.bf34c7db.bd14ac04.bf22b49e.bea0571e.bf2e5b9a.be3d1a85
case=cylindrical index=12 internal off=0cc words=3dc97ff4.bca62f73.3f7eb478.3e1609a3.bf3c5379.3f294caf.be4ec8c8.bf7ab9d8
case=cylindrical index=12 internal off=0ec words=32225141.bf7b3e31.be4471f1.3b84578d.bf797526.3e4dbcfe.3dcdbd05.bdfdbe69
case=cylindrical index=12 internal off=10c words=3f264e19.3f4005bb.c0ffffff.bf400000.bfbffffb.bfc88888.41015555.3e0888b9
case=cylindrical index=12 internal off=12c words=bddb3f43.bf32eec6.bf34c7db.bd14ac04.bf22b49e.bea0571e.bf2e5b9a.be3d1a85
case=cylindrical index=12 actors a=match b=match
case=cylindrical index=12 type=2 is_cylindrical=yes is_prismatic=no
case=cylindrical index=12 saved anchor0=c0ffffff.bf400000.bfbffffb anchor1=bfc88888.41015555.3e0888b9
case=cylindrical index=12 saved axis0=bf797526.3e4dbcfe.3dcdbd05 axis1=bdfdbe69.3f264e19.3f4005bb
case=cylindrical index=12 saved normal0=3dc97ff4.bca62f73.3f7eb478 normal1=3e1609a3.bf3c5379.3f294caf
case=cylindrical index=12 saved max_force=7f7fffff max_torque=7f7fffff flags=00000002 actors a=match b=match
case=cylindrical index=12 scene_joints when=before_release count=1 enumerated=1 order=2 self=yes end=null
case=cylindrical index=12 released=yes
case=cylindrical index=12 scene_joints when=after_release count=0 enumerated=0 order=none self=no end=null
case=spherical index=12 in_anchor=bfc00000.3e800000.41000000 in_axis=3dcdbcfd.3e4dbcfd.3f797526
case=spherical index=12 created=yes
case=spherical index=12 out_anchor=bfbffffc.3e7ffffc.40ffffff out_axis=3dcdbcfc.3e4dbcfe.3f797525 state=0
case=spherical index=12 abi_sret cases=2 flags=0 mismatches=0
case=spherical index=12 abi_sret_values anchor=bfbffffc.3e7ffffc.40ffffff axis=3dcdbcfc.3e4dbcfe.3f797525
case=spherical index=12 internal off=04c words=3dc97ff4.bca62f73.3f7eb478.3e1609a3.bf3c5379.3f294caf.be4ec8c8.bf7ab9d8
case=spherical index=12 internal off=06c words=32225141.bf7b3e31.be4471f1.3b84578d.bf797526.3e4dbcfe.3dcdbd05.bdfdbe69
case=spherical index=12 internal off=08c words=3f264e19.3f4005bb.c0ffffff.bf400000.bfbffffb.bfc88888.41015555.3e0888b9
case=spherical index=12 internal off=0ac words=bddb3f43.bf32eec6.bf34c7db.bd14ac04.bf22b49e.bea0571e.bf2e5b9a.be3d1a85
case=spherical index=12 internal off=0cc words=3dc97ff4.bca62f73.3f7eb478.3e1609a3.bf3c5379.3f294caf.be4ec8c8.bf7ab9d8
case=spherical index=12 internal off=0ec words=32225141.bf7b3e31.be4471f1.3b84578d.bf797526.3e4dbcfe.3dcdbd05.bdfdbe69
case=spherical index=12 internal off=10c words=3f264e19.3f4005bb.c0ffffff.bf400000.bfbffffb.bfc88888.41015555.3e0888b9
case=spherical index=12 internal off=12c words=bddb3f43.bf32eec6.bf34c7db.bd14ac04.bf22b49e.bea0571e.bf2e5b9a.be3d1a85
case=spherical index=12 internal off=16c words=bf000000.3e800000.3f800000.3f400000.00000000.3f000000.3f200000.3f000000
case=spherical index=12 internal off=18c words=3f400000.40000000.3f000000.3e000000.40400000.3f800000.3ec00000.40800000
case=spherical index=12 internal off=1ac words=40000000.00000000.3f19999a.00000000.3f4ccccd.bf38741f.3e182070.3f2d6596
case=spherical index=12 internal off=1cc words=3f4f9b47.00000009.3e800000.cdcdcdcd.cdcdcdcd.cdcdcdcd.cdcdcdcd.cdcdcdcd
case=spherical index=12 internal off=1ec words=cdcdcdcd.cdcdcdcd.cdcdcdcd.cdcdcdcd.cdcdcdcd.cdcdcdcd.cdcdcdcd.cdcdcdcd
case=spherical index=12 internal off=20c words=cdcdcdcd.cdcdcdcd.cdcdcdcd.cdcdcdcd.cdcdcdcd.cdcdcdcd.cdcdcdcd.cdcdcdcd
case=spherical index=12 internal off=22c words=cdcdcdcd.cdcdcdcd.cdcdcdcd.cdcdcdcd
case=spherical index=12 actors a=match b=match
case=spherical index=12 type=3 is_spherical=yes is_revolute=no
case=spherical index=12 flags=00000009 projection_mode=1
case=spherical index=12 saved anchor0=c0ffffff.bf400000.bfbffffb anchor1=bfc88888.41015555.3e0888b9
case=spherical index=12 saved axis0=bf797526.3e4dbcfe.3dcdbd05 axis1=bdfdbe69.3f264e19.3f4005bb
case=spherical index=12 saved normal0=3dc97ff4.bca62f73.3f7eb478 normal1=3e1609a3.bf3c5379.3f294caf
case=spherical index=12 saved swing_axis=3f19999a.00000000.3f4ccccd projection_distance=3e800000 flags=00000009 projection_mode=1
case=spherical index=12 saved twist_limit=bf000000.3e800000.3f800000.3f400000.00000000.3f000000 swing_limit=3f200000.3f000000.3f400000
case=spherical index=12 saved twist_spring=40000000.3f000000.3e000000 swing_spring=40400000.3f800000.3ec00000 joint_spring=40800000.40000000.00000000
case=spherical index=12 saved max_force=7f7fffff max_torque=7f7fffff flags=00000002 actors a=match b=match
case=spherical index=12 scene_joints when=before_release count=1 enumerated=1 order=3 self=yes end=null
case=spherical index=12 released=yes
case=spherical index=12 scene_joints when=after_release count=0 enumerated=0 order=none self=no end=null
case=point_on_line index=12 in_anchor=bfc00000.3e800000.41000000 in_axis=3dcdbcfd.3e4dbcfd.3f797526
case=point_on_line index=12 created=yes
case=point_on_line index=12 out_anchor=bfbffffc.3e7ffffc.40ffffff out_axis=3dcdbcfc.3e4dbcfe.3f797525 state=0
case=point_on_line index=12 abi_sret cases=2 flags=0 mismatches=0
case=point_on_line index=12 abi_sret_values anchor=bfbffffc.3e7ffffc.40ffffff axis=3dcdbcfc.3e4dbcfe.3f797525
case=point_on_line index=12 internal off=04c words=3dc97ff4.bca62f73.3f7eb478.3e1609a3.bf3c5379.3f294caf.be4ec8c8.bf7ab9d8
case=point_on_line index=12 internal off=06c words=32225141.bf7b3e31.be4471f1.3b84578d.bf797526.3e4dbcfe.3dcdbd05.bdfdbe69
case=point_on_line index=12 internal off=08c words=3f264e19.3f4005bb.c0ffffff.bf400000.bfbffffb.bfc88888.41015555.3e0888b9
case=point_on_line index=12 internal off=0ac words=bddb3f43.bf32eec6.bf34c7db.bd14ac04.bf22b49e.bea0571e.bf2e5b9a.be3d1a85
case=point_on_line index=12 internal off=0cc words=3dc97ff4.bca62f73.3f7eb478.3e1609a3.bf3c5379.3f294caf.be4ec8c8.bf7ab9d8
case=point_on_line index=12 internal off=0ec words=32225141.bf7b3e31.be4471f1.3b84578d.bf797526.3e4dbcfe.3dcdbd05.bdfdbe69
case=point_on_line index=12 internal off=10c words=3f264e19.3f4005bb.c0ffffff.bf400000.bfbffffb.bfc88888.41015555.3e0888b9
case=point_on_line index=12 internal off=12c words=bddb3f43.bf32eec6.bf34c7db.bd14ac04.bf22b49e.bea0571e.bf2e5b9a.be3d1a85
case=point_on_line index=12 actors a=match b=match
case=point_on_line index=12 type=4 is_point_on_line=yes is_revolute=no
case=point_on_line index=12 saved anchor0=c0ffffff.bf400000.bfbffffb anchor1=bfc88888.41015555.3e0888b9
case=point_on_line index=12 saved axis0=bf797526.3e4dbcfe.3dcdbd05 axis1=bdfdbe69.3f264e19.3f4005bb
case=point_on_line index=12 saved normal0=3dc97ff4.bca62f73.3f7eb478 normal1=3e1609a3.bf3c5379.3f294caf
case=point_on_line index=12 saved max_force=7f7fffff max_torque=7f7fffff flags=00000002 actors a=match b=match
case=point_on_line index=12 scene_joints when=before_release count=1 enumerated=1 order=4 self=yes end=null
case=point_on_line index=12 released=yes
case=point_on_line index=12 scene_joints when=after_release count=0 enumerated=0 order=none self=no end=null
case=point_in_plane index=12 in_anchor=bfc00000.3e800000.41000000 in_axis=3dcdbcfd.3e4dbcfd.3f797526
case=point_in_plane index=12 created=yes
case=point_in_plane index=12 out_anchor=bfbffffc.3e7ffffc.40ffffff out_axis=3dcdbcfc.3e4dbcfe.3f797525 state=0
case=point_in_plane index=12 abi_sret cases=2 flags=0 mismatches=0
case=point_in_plane index=12 abi_sret_values anchor=bfbffffc.3e7ffffc.40ffffff axis=3dcdbcfc.3e4dbcfe.3f797525
case=point_in_plane index=12 internal off=04c words=3dc97ff4.bca62f73.3f7eb478.3e1609a3.bf3c5379.3f294caf.be4ec8c8.bf7ab9d8
case=point_in_plane index=12 internal off=06c words=32225141.bf7b3e31.be4471f1.3b84578d.bf797526.3e4dbcfe.3dcdbd05.bdfdbe69
case=point_in_plane index=12 internal off=08c words=3f264e19.3f4005bb.c0ffffff.bf400000.bfbffffb.bfc88888.41015555.3e0888b9
case=point_in_plane index=12 internal off=0ac words=bddb3f43.bf32eec6.bf34c7db.bd14ac04.bf22b49e.bea0571e.bf2e5b9a.be3d1a85
case=point_in_plane index=12 internal off=0cc words=3dc97ff4.bca62f73.3f7eb478.3e1609a3.bf3c5379.3f294caf.be4ec8c8.bf7ab9d8
case=point_in_plane index=12 internal off=0ec words=32225141.bf7b3e31.be4471f1.3b84578d.bf797526.3e4dbcfe.3dcdbd05.bdfdbe69
case=point_in_plane index=12 internal off=10c words=3f264e19.3f4005bb.c0ffffff.bf400000.bfbffffb.bfc88888.41015555.3e0888b9
case=point_in_plane index=12 internal off=12c words=bddb3f43.bf32eec6.bf34c7db.bd14ac04.bf22b49e.bea0571e.bf2e5b9a.be3d1a85
case=point_in_plane index=12 actors a=match b=match
case=point_in_plane index=12 type=5 is_point_in_plane=yes is_revolute=no
case=point_in_plane index=12 saved anchor0=c0ffffff.bf400000.bfbffffb anchor1=bfc88888.41015555.3e0888b9
case=point_in_plane index=12 saved axis0=bf797526.3e4dbcfe.3dcdbd05 axis1=bdfdbe69.3f264e19.3f4005bb
case=point_in_plane index=12 saved normal0=3dc97ff4.bca62f73.3f7eb478 normal1=3e1609a3.bf3c5379.3f294caf
case=point_in_plane index=12 saved max_force=7f7fffff max_torque=7f7fffff flags=00000002 actors a=match b=match
case=point_in_plane index=12 scene_joints when=before_release count=1 enumerated=1 order=5 self=yes end=null
case=point_in_plane index=12 released=yes
case=point_in_plane index=12 scene_joints when=after_release count=0 enumerated=0 order=none self=no end=null
case=distance index=12 in_anchor=bfc00000.3e800000.41000000 in_axis=3dcdbcfd.3e4dbcfd.3f797526 max_distance=40200000 min_distance=3f000000 spring=41200000.3f000000.3e800000 flags=00000007
case=distance index=12 created=yes
case=distance index=12 out_anchor=bfbffffc.3e7ffffc.40ffffff out_axis=3dcdbcfc.3e4dbcfe.3f797525 state=0
case=distance index=12 abi_sret cases=2 flags=0 mismatches=0
case=distance index=12 abi_sret_values anchor=bfbffffc.3e7ffffc.40ffffff axis=3dcdbcfc.3e4dbcfe.3f797525
case=distance index=12 internal off=04c words=3dc97ff4.bca62f73.3f7eb478.3e1609a3.bf3c5379.3f294caf.be4ec8c8.bf7ab9d8
case=distance index=12 internal off=06c words=32225141.bf7b3e31.be4471f1.3b84578d.bf797526.3e4dbcfe.3dcdbd05.bdfdbe69
case=distance index=12 internal off=08c words=3f264e19.3f4005bb.c0ffffff.bf400000.bfbffffb.bfc88888.41015555.3e0888b9
case=distance index=12 internal off=0ac words=bddb3f43.bf32eec6.bf34c7db.bd14ac04.bf22b49e.bea0571e.bf2e5b9a.be3d1a85
case=distance index=12 internal off=0cc words=3dc97ff4.bca62f73.3f7eb478.3e1609a3.bf3c5379.3f294caf.be4ec8c8.bf7ab9d8
case=distance index=12 internal off=0ec words=32225141.bf7b3e31.be4471f1.3b84578d.bf797526.3e4dbcfe.3dcdbd05.bdfdbe69
case=distance index=12 internal off=10c words=3f264e19.3f4005bb.c0ffffff.bf400000.bfbffffb.bfc88888.41015555.3e0888b9
case=distance index=12 internal off=12c words=bddb3f43.bf32eec6.bf34c7db.bd14ac04.bf22b49e.bea0571e.bf2e5b9a.be3d1a85
case=distance index=12 internal off=16c words=40200000.3f000000.41200000.3f000000.3e800000.00000007
case=distance index=12 actors a=match b=match
case=distance index=12 type=6 is_distance=yes is_revolute=no
case=distance index=12 saved max_distance=40200000 min_distance=3f000000 spring=41200000.3f000000.3e800000 flags=00000007
case=distance index=12 saved anchor0=c0ffffff.bf400000.bfbffffb anchor1=bfc88888.41015555.3e0888b9
case=distance index=12 saved axis0=bf797526.3e4dbcfe.3dcdbd05 axis1=bdfdbe69.3f264e19.3f4005bb
case=distance index=12 saved normal0=3dc97ff4.bca62f73.3f7eb478 normal1=3e1609a3.bf3c5379.3f294caf
case=distance index=12 saved max_force=7f7fffff max_torque=7f7fffff flags=00000002 actors a=match b=match
case=distance index=12 scene_joints when=before_release count=1 enumerated=1 order=6 self=yes end=null
case=distance index=12 released=yes
case=distance index=12 scene_joints when=after_release count=0 enumerated=0 order=none self=no end=null
case=pulley index=12 in_anchor=bfc00000.3e800000.41000000 in_axis=3dcdbcfd.3e4dbcfd.3f797526
case=pulley index=12 in_pulley0=00000000.40a00000.00000000 in_pulley1=40800000.40a00000.00000000 distance=40c00000 stiffness=3f400000 ratio=3fc00000 flags=00000001
case=pulley index=12 created=yes
case=pulley index=12 out_anchor=bfbffffc.3e7ffffc.40ffffff out_axis=3dcdbcfc.3e4dbcfe.3f797525 state=0
case=pulley index=12 abi_sret cases=2 flags=0 mismatches=0
case=pulley index=12 abi_sret_values anchor=bfbffffc.3e7ffffc.40ffffff axis=3dcdbcfc.3e4dbcfe.3f797525
case=pulley index=12 internal off=04c words=3dc97ff4.bca62f73.3f7eb478.3e1609a3.bf3c5379.3f294caf.be4ec8c8.bf7ab9d8
case=pulley index=12 internal off=06c words=32225141.bf7b3e31.be4471f1.3b84578d.bf797526.3e4dbcfe.3dcdbd05.bdfdbe69
case=pulley index=12 internal off=08c words=3f264e19.3f4005bb.c0ffffff.bf400000.bfbffffb.bfc88888.41015555.3e0888b9
case=pulley index=12 internal off=0ac words=bddb3f43.bf32eec6.bf34c7db.bd14ac04.bf22b49e.bea0571e.bf2e5b9a.be3d1a85
case=pulley index=12 internal off=0cc words=3dc97ff4.bca62f73.3f7eb478.3e1609a3.bf3c5379.3f294caf.be4ec8c8.bf7ab9d8
case=pulley index=12 internal off=0ec words=32225141.bf7b3e31.be4471f1.3b84578d.bf797526.3e4dbcfe.3dcdbd05.bdfdbe69
case=pulley index=12 internal off=10c words=3f264e19.3f4005bb.c0ffffff.bf400000.bfbffffb.bfc88888.41015555.3e0888b9
case=pulley index=12 internal off=12c words=bddb3f43.bf32eec6.bf34c7db.bd14ac04.bf22b49e.bea0571e.bf2e5b9a.be3d1a85
case=pulley index=12 actors a=match b=match
case=pulley index=12 type=7 is_pulley=yes is_distance=no
case=pulley index=12 saved pulley0=00000000.40a00000.00000000 pulley1=40800000.40a00000.00000000
case=pulley index=12 saved distance=40c00000 stiffness=3f400000 ratio=3fc00000 flags=00000001
case=pulley index=12 saved anchor0=c0ffffff.bf400000.bfbffffb anchor1=bfc88888.41015555.3e0888b9
case=pulley index=12 saved axis0=bf797526.3e4dbcfe.3dcdbd05 axis1=bdfdbe69.3f264e19.3f4005bb
case=pulley index=12 saved normal0=3dc97ff4.bca62f73.3f7eb478 normal1=3e1609a3.bf3c5379.3f294caf
case=pulley index=12 saved max_force=7f7fffff max_torque=7f7fffff flags=00000002 actors a=match b=match
case=pulley index=12 scene_joints when=before_release count=1 enumerated=1 order=7 self=yes end=null
case=pulley index=12 released=yes
case=pulley index=12 scene_joints when=after_release count=0 enumerated=0 order=none self=no end=null
case=fixed index=12 in_anchor=bfc00000.3e800000.41000000 in_axis=3dcdbcfd.3e4dbcfd.3f797526
case=fixed index=12 created=yes
case=fixed index=12 out_anchor=bfbffffc.3e7ffffc.40ffffff out_axis=3dcdbcfc.3e4dbcfe.3f797525 state=0
case=fixed index=12 abi_sret cases=2 flags=0 mismatches=0
case=fixed index=12 abi_sret_values anchor=bfbffffc.3e7ffffc.40ffffff axis=3dcdbcfc.3e4dbcfe.3f797525
case=fixed index=12 internal off=04c words=3dc97ff4.bca62f73.3f7eb478.3e1609a3.bf3c5379.3f294caf.be4ec8c8.bf7ab9d8
case=fixed index=12 internal off=06c words=32225141.bf7b3e31.be4471f1.3b84578d.bf797526.3e4dbcfe.3dcdbd05.bdfdbe69
case=fixed index=12 internal off=08c words=3f264e19.3f4005bb.c0ffffff.bf400000.bfbffffb.bfc88888.41015555.3e0888b9
case=fixed index=12 internal off=0ac words=bddb3f43.bf32eec6.bf34c7db.bd14ac04.bf22b49e.bea0571e.bf2e5b9a.be3d1a85
case=fixed index=12 internal off=0cc words=3dc97ff4.bca62f73.3f7eb478.3e1609a3.bf3c5379.3f294caf.be4ec8c8.bf7ab9d8
case=fixed index=12 internal off=0ec words=32225141.bf7b3e31.be4471f1.3b84578d.bf797526.3e4dbcfe.3dcdbd05.bdfdbe69
case=fixed index=12 internal off=10c words=3f264e19.3f4005bb.c0ffffff.bf400000.bfbffffb.bfc88888.41015555.3e0888b9
case=fixed index=12 internal off=12c words=bddb3f43.bf32eec6.bf34c7db.bd14ac04.bf22b49e.bea0571e.bf2e5b9a.be3d1a85
case=fixed index=12 internal off=16c words=bffffffd.c0000000.40800000.3e8432a4.3e8432a3.bf0432a5.3f464bf7
case=fixed index=12 actors a=match b=match
case=fixed index=12 type=8 is_fixed=yes is_pulley=no
case=fixed index=12 saved anchor0=c0ffffff.bf400000.bfbffffb anchor1=bfc88888.41015555.3e0888b9
case=fixed index=12 saved axis0=bf797526.3e4dbcfe.3dcdbd05 axis1=bdfdbe69.3f264e19.3f4005bb
case=fixed index=12 saved normal0=3dc97ff4.bca62f73.3f7eb478 normal1=3e1609a3.bf3c5379.3f294caf
case=fixed index=12 saved max_force=7f7fffff max_torque=7f7fffff flags=00000002 actors a=match b=match
case=fixed index=12 scene_joints when=before_release count=1 enumerated=1 order=8 self=yes end=null
case=fixed index=12 released=yes
case=fixed index=12 scene_joints when=after_release count=0 enumerated=0 order=none self=no end=null
case=d6 index=12 in_anchor=bfc00000.3e800000.41000000 in_axis=3dcdbcfd.3e4dbcfd.3f797526
case=d6 index=12 in motions=0.1.2.1.1.2
case=d6 index=12 in linear=3f000000.3e800000.3f400000 twist_low=bf000000.3e000000.3f600000 twist_high=3f400000.3e800000.3f200000
case=d6 index=12 in swing1=3f200000.3ec00000.3f000000 swing2=3ec00000.3d800000.3f700000
case=d6 index=12 in drive_x=00000001.40000000.3f800000.42c80000
case=d6 index=12 in drive_y=00000002.40400000.3fc00000.42ca0000
case=d6 index=12 in drive_z=00000001.40800000.40000000.42cc0000
case=d6 index=12 in drive_swing=00000002.40a00000.40200000.42ce0000
case=d6 index=12 in drive_twist=00000001.40c00000.40400000.42d00000
case=d6 index=12 in drive_spherical=00000002.40e00000.40600000.42d20000
case=d6 index=12 in use_spherical=1 drive_position=3f800000.40000000.40400000 drive_orientation=00000000.3f19999a.00000000.3f4ccccd
case=d6 index=12 in drive_linear_velocity=3f000000.bf000000.3fc00000 drive_angular_velocity=be800000.3e000000.40200000
case=d6 index=12 in projection distance=3e000000 angle=3d800000 mode=1
case=d6 index=12 created=yes
case=d6 index=12 out_anchor=bfbffffc.3e7ffffc.40ffffff out_axis=3dcdbcfc.3e4dbcfe.3f797525 state=0
case=d6 index=12 abi_sret cases=2 flags=0 mismatches=0
case=d6 index=12 abi_sret_values anchor=bfbffffc.3e7ffffc.40ffffff axis=3dcdbcfc.3e4dbcfe.3f797525
case=d6 index=12 internal off=04c words=3dc97ff4.bca62f73.3f7eb478.3e1609a3.bf3c5379.3f294caf.be4ec8c8.bf7ab9d8
case=d6 index=12 internal off=06c words=32225141.bf7b3e31.be4471f1.3b84578d.bf797526.3e4dbcfe.3dcdbd05.bdfdbe69
case=d6 index=12 internal off=08c words=3f264e19.3f4005bb.c0ffffff.bf400000.bfbffffb.bfc88888.41015555.3e0888b9
case=d6 index=12 internal off=0ac words=bddb3f43.bf32eec6.bf34c7db.bd14ac04.bf22b49e.bea0571e.bf2e5b9a.be3d1a85
case=d6 index=12 internal off=0cc words=3dc97ff4.bca62f73.3f7eb478.3e1609a3.bf3c5379.3f294caf.be4ec8c8.bf7ab9d8
case=d6 index=12 internal off=0ec words=32225141.bf7b3e31.be4471f1.3b84578d.bf797526.3e4dbcfe.3dcdbd05.bdfdbe69
case=d6 index=12 internal off=10c words=3f264e19.3f4005bb.c0ffffff.bf400000.bfbffffb.bfc88888.41015555.3e0888b9
case=d6 index=12 internal off=12c words=bddb3f43.bf32eec6.bf34c7db.bd14ac04.bf22b49e.bea0571e.bf2e5b9a.be3d1a85
case=d6 index=12 internal off=16c words=00000000.00000001.00000002.00000001.00000001.00000002.3f000000.3e800000
case=d6 index=12 internal off=18c words=3f400000.3f200000.3ec00000.3f000000.3ec00000.3d800000.3f700000.bf000000
case=d6 index=12 internal off=1ac words=3e000000.3f600000.3f400000.3e800000.3f200000.00000001.40000000.3f800000
case=d6 index=12 internal off=1cc words=42c80000.00000002.40400000.3fc00000.42ca0000.00000001.40800000.40000000
case=d6 index=12 internal off=1ec words=42cc0000.00000000.00000000.00000000.7f7fffff.00000000.00000000.00000000
case=d6 index=12 internal off=20c words=7f7fffff.00000000.00000000.00000000.7f7fffff.cdcdcd01.3f800000.40000000
case=d6 index=12 internal off=22c words=40400000.00000000.3f19999a.00000000.3f4ccccd.3f000000.bf000000.3fc00000
case=d6 index=12 internal off=24c words=be800000.3e000000.40200000.3e000000.3d800000.3f7399f5.cdcdcdcd.3f6e35bf
case=d6 index=12 internal off=26c words=cdcd0101
case=d6 index=12 actors a=match b=match
case=d6 index=12 type=9 is_d6=yes is_fixed=no
case=d6 index=12 saved motions=2.0.2.0.2.0
case=d6 index=12 saved linear=41100000.3f000000.3f000000 twist_low=c1100000.3e000000.3f600000 twist_high=41180000.3e800000.3f200000
case=d6 index=12 saved swing1=41000000.3ec00000.3f000000 swing2=40e00000.3d800000.3f700000
case=d6 index=12 saved drive_x=00000001.41a00000.41200000.42c80000
case=d6 index=12 saved drive_y=00000002.41a80000.41280000.42ca0000
case=d6 index=12 saved drive_z=00000001.41b00000.41300000.42cc0000
case=d6 index=12 saved drive_swing=00000002.41b80000.41380000.42ce0000
case=d6 index=12 saved drive_twist=00000001.41c00000.41400000.42d00000
case=d6 index=12 saved drive_spherical=00000002.41c80000.41480000.42d20000
case=d6 index=12 saved use_spherical=1 drive_position=41300000.41400000.41500000 drive_orientation=3f000000.3f000000.3f000000.3f000000
case=d6 index=12 saved drive_linear_velocity=41a80000.41b00000.41b80000 drive_angular_velocity=41f80000.42000000.42040000
case=d6 index=12 saved projection distance=42c60000 angle=42c40000 mode=1
case=d6 index=12 saved anchor0=c0ffffff.bf400000.bfbffffb anchor1=bfc88888.41015555.3e0888b9
case=d6 index=12 saved axis0=bf797526.3e4dbcfe.3dcdbd05 axis1=bdfdbe69.3f264e19.3f4005bb
case=d6 index=12 saved normal0=3dc97ff4.bca62f73.3f7eb478 normal1=3e1609a3.bf3c5379.3f294caf
case=d6 index=12 saved max_force=7f7fffff max_torque=7f7fffff flags=00000002 actors a=match b=match
case=d6 index=12 drive_contended reports=1 code=2 line=40
case=d6 index=12 drive_orientation_contended reports=1 code=2 line=47
case=d6 index=12 drive_linear_velocity_contended reports=1 code=2 line=54
case=d6 index=12 drive_angular_velocity_contended reports=1 code=2 line=61
case=d6 index=12 drive_setters=called
case=d6 index=12 resaved motions=2.0.2.0.2.0
case=d6 index=12 resaved linear=41100000.3f000000.3f000000 twist_low=c1100000.3e000000.3f600000 twist_high=41180000.3e800000.3f200000
case=d6 index=12 resaved swing1=41000000.3ec00000.3f000000 swing2=40e00000.3d800000.3f700000
case=d6 index=12 resaved drive_x=00000001.41a00000.41200000.42c80000
case=d6 index=12 resaved drive_y=00000002.41a80000.41280000.42ca0000
case=d6 index=12 resaved drive_z=00000001.41b00000.41300000.42cc0000
case=d6 index=12 resaved drive_swing=00000002.41b80000.41380000.42ce0000
case=d6 index=12 resaved drive_twist=00000001.41c00000.41400000.42d00000
case=d6 index=12 resaved drive_spherical=00000002.41c80000.41480000.42d20000
case=d6 index=12 resaved use_spherical=1 drive_position=41300000.41400000.41500000 drive_orientation=3f000000.3f000000.3f000000.3f000000
case=d6 index=12 resaved drive_linear_velocity=41a80000.41b00000.41b80000 drive_angular_velocity=41f80000.42000000.42040000
case=d6 index=12 resaved projection distance=42c60000 angle=42c40000 mode=1
case=d6 index=12 scene_joints when=before_release count=1 enumerated=1 order=9 self=yes end=null
case=d6 index=12 released=yes
case=d6 index=12 scene_joints when=after_release count=0 enumerated=0 order=none self=no end=null
case=revolute index=13 in_anchor=00000000.00000000.00000000 in_axis=00000000.00000000.3f800000
case=revolute index=13 created=yes
case=revolute index=13 out_anchor=33c88888.b31dddde.b4000000 out_axis=00000000.00000000.3f7ffffe state=0
case=revolute index=13 abi_sret cases=2 flags=0 mismatches=0
case=revolute index=13 abi_sret_values anchor=33c88888.b31dddde.b4000000 axis=00000000.00000000.3f7ffffe
case=revolute index=13 internal off=04c words=33800000.00000000.3f7fffff.3e088889.bf2aaaab.3f3bbbbb.00000000.bf7ffffe
case=revolute index=13 internal off=06c words=00000000.bf6eeeef.beaaaaaa.be088888.bf7fffff.00000000.33800000.beaaaaaa
case=revolute index=13 internal off=08c words=3f2aaaaa.3f2aaaac.00000000.bf800000.00000000.3f888888.3fd55556.c0844444
case=revolute index=13 internal off=0ac words=b2b504f3.bf3504f3.bf3504f2.32b504f3.bf0c378c.bebaf4b9.bf3af4ba.be3af4b9
case=revolute index=13 internal off=0cc words=33800000.00000000.3f7fffff.3e088889.bf2aaaab.3f3bbbbb.00000000.bf7ffffe
case=revolute index=13 internal off=0ec words=00000000.bf6eeeef.beaaaaaa.be088888.bf7fffff.00000000.33800000.beaaaaaa
case=revolute index=13 internal off=10c words=3f2aaaaa.3f2aaaac.00000000.bf800000.00000000.3f888888.3fd55556.c0844444
case=revolute index=13 internal off=12c words=b2b504f3.bf3504f3.bf3504f2.32b504f3.bf0c378c.bebaf4b9.bf3af4ba.be3af4b9
case=revolute index=13 internal off=16c words=00000000.00000000.3f800000.00000000.00000000.3f800000.7f7fffff.00000000
case=revolute index=13 internal off=18c words=00000000.00000000.00000000.00000000.3f800000.3f7f06ff.3db25bff.00000000
case=revolute index=13 internal off=1ac words=cdcdcdcd.cdcdcdcd.cdcdcdcd.cdcdcdcd.cdcdcdcd.cdcdcdcd.cdcdcdcd.cdcdcdcd
case=revolute index=13 internal off=1cc words=cdcdcdcd.cdcdcdcd.cdcdcdcd.cdcdcdcd.cdcdcdcd.cdcdcdcd.cdcdcdcd.cdcdcdcd
case=revolute index=13 internal off=1ec words=cdcdcdcd.cdcdcdcd.cdcdcdcd.cdcdcdcd.cdcdcdcd.cdcdcdcd
case=revolute index=13 actors a=match b=match
case=revolute index=13 saved anchor0=00000000.bf800000.00000000 anchor1=3f888888.3fd55556.c0844444
case=revolute index=13 saved axis0=bf7fffff.00000000.33800000 axis1=beaaaaaa.3f2aaaaa.3f2aaaac
case=revolute index=13 saved normal0=33800000.00000000.3f7fffff normal1=3e088889.bf2aaaab.3f3bbbbb
case=revolute index=13 scene_joints when=before_release count=1 enumerated=1 order=1 self=yes end=null
case=revolute index=13 released=yes
case=revolute index=13 scene_joints when=after_release count=0 enumerated=0 order=none self=no end=null
case=prismatic index=13 in_anchor=00000000.00000000.00000000 in_axis=00000000.00000000.3f800000
case=prismatic index=13 created=yes
case=prismatic index=13 out_anchor=33c88888.b31dddde.b4000000 out_axis=00000000.00000000.3f7ffffe state=0
case=prismatic index=13 abi_sret cases=2 flags=0 mismatches=0
case=prismatic index=13 abi_sret_values anchor=33c88888.b31dddde.b4000000 axis=00000000.00000000.3f7ffffe
case=prismatic index=13 internal off=04c words=33800000.00000000.3f7fffff.3e088889.bf2aaaab.3f3bbbbb.00000000.bf7ffffe
case=prismatic index=13 internal off=06c words=00000000.bf6eeeef.beaaaaaa.be088888.bf7fffff.00000000.33800000.beaaaaaa
case=prismatic index=13 internal off=08c words=3f2aaaaa.3f2aaaac.00000000.bf800000.00000000.3f888888.3fd55556.c0844444
case=prismatic index=13 internal off=0ac words=b2b504f3.bf3504f3.bf3504f2.32b504f3.bf0c378c.bebaf4b9.bf3af4ba.be3af4b9
case=prismatic index=13 internal off=0cc words=33800000.00000000.3f7fffff.3e088889.bf2aaaab.3f3bbbbb.00000000.bf7ffffe
case=prismatic index=13 internal off=0ec words=00000000.bf6eeeef.beaaaaaa.be088888.bf7fffff.00000000.33800000.beaaaaaa
case=prismatic index=13 internal off=10c words=3f2aaaaa.3f2aaaac.00000000.bf800000.00000000.3f888888.3fd55556.c0844444
case=prismatic index=13 internal off=12c words=b2b504f3.bf3504f3.bf3504f2.32b504f3.bf0c378c.bebaf4b9.bf3af4ba.be3af4b9
case=prismatic index=13 internal off=16c words=3e8432a4.3e8432a3.bf0432a5.3f464bf7
case=prismatic index=13 actors a=match b=match
case=prismatic index=13 type=0 is_prismatic=yes is_revolute=no
case=prismatic index=13 saved anchor0=00000000.bf800000.00000000 anchor1=3f888888.3fd55556.c0844444
case=prismatic index=13 saved axis0=bf7fffff.00000000.33800000 axis1=beaaaaaa.3f2aaaaa.3f2aaaac
case=prismatic index=13 saved normal0=33800000.00000000.3f7fffff normal1=3e088889.bf2aaaab.3f3bbbbb
case=prismatic index=13 saved max_force=7f7fffff max_torque=7f7fffff flags=00000002 actors a=match b=match
case=prismatic index=13 scene_joints when=before_release count=1 enumerated=1 order=0 self=yes end=null
case=prismatic index=13 released=yes
case=prismatic index=13 scene_joints when=after_release count=0 enumerated=0 order=none self=no end=null
case=cylindrical index=13 in_anchor=00000000.00000000.00000000 in_axis=00000000.00000000.3f800000
case=cylindrical index=13 created=yes
case=cylindrical index=13 out_anchor=33c88888.b31dddde.b4000000 out_axis=00000000.00000000.3f7ffffe state=0
case=cylindrical index=13 abi_sret cases=2 flags=0 mismatches=0
case=cylindrical index=13 abi_sret_values anchor=33c88888.b31dddde.b4000000 axis=00000000.00000000.3f7ffffe
case=cylindrical index=13 internal off=04c words=33800000.00000000.3f7fffff.3e088889.bf2aaaab.3f3bbbbb.00000000.bf7ffffe
case=cylindrical index=13 internal off=06c words=00000000.bf6eeeef.beaaaaaa.be088888.bf7fffff.00000000.33800000.beaaaaaa
case=cylindrical index=13 internal off=08c words=3f2aaaaa.3f2aaaac.00000000.bf800000.00000000.3f888888.3fd55556.c0844444
case=cylindrical index=13 internal off=0ac words=b2b504f3.bf3504f3.bf3504f2.32b504f3.bf0c378c.bebaf4b9.bf3af4ba.be3af4b9
case=cylindrical index=13 internal off=0cc words=33800000.00000000.3f7fffff.3e088889.bf2aaaab.3f3bbbbb.00000000.bf7ffffe
case=cylindrical index=13 internal off=0ec words=00000000.bf6eeeef.beaaaaaa.be088888.bf7fffff.00000000.33800000.beaaaaaa
case=cylindrical index=13 internal off=10c words=3f2aaaaa.3f2aaaac.00000000.bf800000.00000000.3f888888.3fd55556.c0844444
case=cylindrical index=13 internal off=12c words=b2b504f3.bf3504f3.bf3504f2.32b504f3.bf0c378c.bebaf4b9.bf3af4ba.be3af4b9
case=cylindrical index=13 actors a=match b=match
case=cylindrical index=13 type=2 is_cylindrical=yes is_prismatic=no
case=cylindrical index=13 saved anchor0=00000000.bf800000.00000000 anchor1=3f888888.3fd55556.c0844444
case=cylindrical index=13 saved axis0=bf7fffff.00000000.33800000 axis1=beaaaaaa.3f2aaaaa.3f2aaaac
case=cylindrical index=13 saved normal0=33800000.00000000.3f7fffff normal1=3e088889.bf2aaaab.3f3bbbbb
case=cylindrical index=13 saved max_force=7f7fffff max_torque=7f7fffff flags=00000002 actors a=match b=match
case=cylindrical index=13 scene_joints when=before_release count=1 enumerated=1 order=2 self=yes end=null
case=cylindrical index=13 released=yes
case=cylindrical index=13 scene_joints when=after_release count=0 enumerated=0 order=none self=no end=null
case=spherical index=13 in_anchor=00000000.00000000.00000000 in_axis=00000000.00000000.3f800000
case=spherical index=13 created=yes
case=spherical index=13 out_anchor=33c88888.b31dddde.b4000000 out_axis=00000000.00000000.3f7ffffe state=0
case=spherical index=13 abi_sret cases=2 flags=0 mismatches=0
case=spherical index=13 abi_sret_values anchor=33c88888.b31dddde.b4000000 axis=00000000.00000000.3f7ffffe
case=spherical index=13 internal off=04c words=33800000.00000000.3f7fffff.3e088889.bf2aaaab.3f3bbbbb.00000000.bf7ffffe
case=spherical index=13 internal off=06c words=00000000.bf6eeeef.beaaaaaa.be088888.bf7fffff.00000000.33800000.beaaaaaa
case=spherical index=13 internal off=08c words=3f2aaaaa.3f2aaaac.00000000.bf800000.00000000.3f888888.3fd55556.c0844444
case=spherical index=13 internal off=0ac words=b2b504f3.bf3504f3.bf3504f2.32b504f3.bf0c378c.bebaf4b9.bf3af4ba.be3af4b9
case=spherical index=13 internal off=0cc words=33800000.00000000.3f7fffff.3e088889.bf2aaaab.3f3bbbbb.00000000.bf7ffffe
case=spherical index=13 internal off=0ec words=00000000.bf6eeeef.beaaaaaa.be088888.bf7fffff.00000000.33800000.beaaaaaa
case=spherical index=13 internal off=10c words=3f2aaaaa.3f2aaaac.00000000.bf800000.00000000.3f888888.3fd55556.c0844444
case=spherical index=13 internal off=12c words=b2b504f3.bf3504f3.bf3504f2.32b504f3.bf0c378c.bebaf4b9.bf3af4ba.be3af4b9
case=spherical index=13 internal off=16c words=bf000000.3e800000.3f800000.3f400000.00000000.3f000000.3f200000.3f000000
case=spherical index=13 internal off=18c words=3f400000.40000000.3f000000.3e000000.40400000.3f800000.3ec00000.40800000
case=spherical index=13 internal off=1ac words=40000000.00000000.3f19999a.00000000.3f4ccccd.bf4ccccc.00000000.3f19999a
case=spherical index=13 internal off=1cc words=3f4f9b47.00000009.3e800000.cdcdcdcd.cdcdcdcd.cdcdcdcd.cdcdcdcd.cdcdcdcd
case=spherical index=13 internal off=1ec words=cdcdcdcd.cdcdcdcd.cdcdcdcd.cdcdcdcd.cdcdcdcd.cdcdcdcd.cdcdcdcd.cdcdcdcd
case=spherical index=13 internal off=20c words=cdcdcdcd.cdcdcdcd.cdcdcdcd.cdcdcdcd.cdcdcdcd.cdcdcdcd.cdcdcdcd.cdcdcdcd
case=spherical index=13 internal off=22c words=cdcdcdcd.cdcdcdcd.cdcdcdcd.cdcdcdcd
case=spherical index=13 actors a=match b=match
case=spherical index=13 type=3 is_spherical=yes is_revolute=no
case=spherical index=13 flags=00000009 projection_mode=1
case=spherical index=13 saved anchor0=00000000.bf800000.00000000 anchor1=3f888888.3fd55556.c0844444
case=spherical index=13 saved axis0=bf7fffff.00000000.33800000 axis1=beaaaaaa.3f2aaaaa.3f2aaaac
case=spherical index=13 saved normal0=33800000.00000000.3f7fffff normal1=3e088889.bf2aaaab.3f3bbbbb
case=spherical index=13 saved swing_axis=3f19999a.00000000.3f4ccccd projection_distance=3e800000 flags=00000009 projection_mode=1
case=spherical index=13 saved twist_limit=bf000000.3e800000.3f800000.3f400000.00000000.3f000000 swing_limit=3f200000.3f000000.3f400000
case=spherical index=13 saved twist_spring=40000000.3f000000.3e000000 swing_spring=40400000.3f800000.3ec00000 joint_spring=40800000.40000000.00000000
case=spherical index=13 saved max_force=7f7fffff max_torque=7f7fffff flags=00000002 actors a=match b=match
case=spherical index=13 scene_joints when=before_release count=1 enumerated=1 order=3 self=yes end=null
case=spherical index=13 released=yes
case=spherical index=13 scene_joints when=after_release count=0 enumerated=0 order=none self=no end=null
case=point_on_line index=13 in_anchor=00000000.00000000.00000000 in_axis=00000000.00000000.3f800000
case=point_on_line index=13 created=yes
case=point_on_line index=13 out_anchor=33c88888.b31dddde.b4000000 out_axis=00000000.00000000.3f7ffffe state=0
case=point_on_line index=13 abi_sret cases=2 flags=0 mismatches=0
case=point_on_line index=13 abi_sret_values anchor=33c88888.b31dddde.b4000000 axis=00000000.00000000.3f7ffffe
case=point_on_line index=13 internal off=04c words=33800000.00000000.3f7fffff.3e088889.bf2aaaab.3f3bbbbb.00000000.bf7ffffe
case=point_on_line index=13 internal off=06c words=00000000.bf6eeeef.beaaaaaa.be088888.bf7fffff.00000000.33800000.beaaaaaa
case=point_on_line index=13 internal off=08c words=3f2aaaaa.3f2aaaac.00000000.bf800000.00000000.3f888888.3fd55556.c0844444
case=point_on_line index=13 internal off=0ac words=b2b504f3.bf3504f3.bf3504f2.32b504f3.bf0c378c.bebaf4b9.bf3af4ba.be3af4b9
case=point_on_line index=13 internal off=0cc words=33800000.00000000.3f7fffff.3e088889.bf2aaaab.3f3bbbbb.00000000.bf7ffffe
case=point_on_line index=13 internal off=0ec words=00000000.bf6eeeef.beaaaaaa.be088888.bf7fffff.00000000.33800000.beaaaaaa
case=point_on_line index=13 internal off=10c words=3f2aaaaa.3f2aaaac.00000000.bf800000.00000000.3f888888.3fd55556.c0844444
case=point_on_line index=13 internal off=12c words=b2b504f3.bf3504f3.bf3504f2.32b504f3.bf0c378c.bebaf4b9.bf3af4ba.be3af4b9
case=point_on_line index=13 actors a=match b=match
case=point_on_line index=13 type=4 is_point_on_line=yes is_revolute=no
case=point_on_line index=13 saved anchor0=00000000.bf800000.00000000 anchor1=3f888888.3fd55556.c0844444
case=point_on_line index=13 saved axis0=bf7fffff.00000000.33800000 axis1=beaaaaaa.3f2aaaaa.3f2aaaac
case=point_on_line index=13 saved normal0=33800000.00000000.3f7fffff normal1=3e088889.bf2aaaab.3f3bbbbb
case=point_on_line index=13 saved max_force=7f7fffff max_torque=7f7fffff flags=00000002 actors a=match b=match
case=point_on_line index=13 scene_joints when=before_release count=1 enumerated=1 order=4 self=yes end=null
case=point_on_line index=13 released=yes
case=point_on_line index=13 scene_joints when=after_release count=0 enumerated=0 order=none self=no end=null
case=point_in_plane index=13 in_anchor=00000000.00000000.00000000 in_axis=00000000.00000000.3f800000
case=point_in_plane index=13 created=yes
case=point_in_plane index=13 out_anchor=33c88888.b31dddde.b4000000 out_axis=00000000.00000000.3f7ffffe state=0
case=point_in_plane index=13 abi_sret cases=2 flags=0 mismatches=0
case=point_in_plane index=13 abi_sret_values anchor=33c88888.b31dddde.b4000000 axis=00000000.00000000.3f7ffffe
case=point_in_plane index=13 internal off=04c words=33800000.00000000.3f7fffff.3e088889.bf2aaaab.3f3bbbbb.00000000.bf7ffffe
case=point_in_plane index=13 internal off=06c words=00000000.bf6eeeef.beaaaaaa.be088888.bf7fffff.00000000.33800000.beaaaaaa
case=point_in_plane index=13 internal off=08c words=3f2aaaaa.3f2aaaac.00000000.bf800000.00000000.3f888888.3fd55556.c0844444
case=point_in_plane index=13 internal off=0ac words=b2b504f3.bf3504f3.bf3504f2.32b504f3.bf0c378c.bebaf4b9.bf3af4ba.be3af4b9
case=point_in_plane index=13 internal off=0cc words=33800000.00000000.3f7fffff.3e088889.bf2aaaab.3f3bbbbb.00000000.bf7ffffe
case=point_in_plane index=13 internal off=0ec words=00000000.bf6eeeef.beaaaaaa.be088888.bf7fffff.00000000.33800000.beaaaaaa
case=point_in_plane index=13 internal off=10c words=3f2aaaaa.3f2aaaac.00000000.bf800000.00000000.3f888888.3fd55556.c0844444
case=point_in_plane index=13 internal off=12c words=b2b504f3.bf3504f3.bf3504f2.32b504f3.bf0c378c.bebaf4b9.bf3af4ba.be3af4b9
case=point_in_plane index=13 actors a=match b=match
case=point_in_plane index=13 type=5 is_point_in_plane=yes is_revolute=no
case=point_in_plane index=13 saved anchor0=00000000.bf800000.00000000 anchor1=3f888888.3fd55556.c0844444
case=point_in_plane index=13 saved axis0=bf7fffff.00000000.33800000 axis1=beaaaaaa.3f2aaaaa.3f2aaaac
case=point_in_plane index=13 saved normal0=33800000.00000000.3f7fffff normal1=3e088889.bf2aaaab.3f3bbbbb
case=point_in_plane index=13 saved max_force=7f7fffff max_torque=7f7fffff flags=00000002 actors a=match b=match
case=point_in_plane index=13 scene_joints when=before_release count=1 enumerated=1 order=5 self=yes end=null
case=point_in_plane index=13 released=yes
case=point_in_plane index=13 scene_joints when=after_release count=0 enumerated=0 order=none self=no end=null
case=distance index=13 in_anchor=00000000.00000000.00000000 in_axis=00000000.00000000.3f800000 max_distance=40200000 min_distance=3f000000 spring=41200000.3f000000.3e800000 flags=00000007
case=distance index=13 created=yes
case=distance index=13 out_anchor=33c88888.b31dddde.b4000000 out_axis=00000000.00000000.3f7ffffe state=0
case=distance index=13 abi_sret cases=2 flags=0 mismatches=0
case=distance index=13 abi_sret_values anchor=33c88888.b31dddde.b4000000 axis=00000000.00000000.3f7ffffe
case=distance index=13 internal off=04c words=33800000.00000000.3f7fffff.3e088889.bf2aaaab.3f3bbbbb.00000000.bf7ffffe
case=distance index=13 internal off=06c words=00000000.bf6eeeef.beaaaaaa.be088888.bf7fffff.00000000.33800000.beaaaaaa
case=distance index=13 internal off=08c words=3f2aaaaa.3f2aaaac.00000000.bf800000.00000000.3f888888.3fd55556.c0844444
case=distance index=13 internal off=0ac words=b2b504f3.bf3504f3.bf3504f2.32b504f3.bf0c378c.bebaf4b9.bf3af4ba.be3af4b9
case=distance index=13 internal off=0cc words=33800000.00000000.3f7fffff.3e088889.bf2aaaab.3f3bbbbb.00000000.bf7ffffe
case=distance index=13 internal off=0ec words=00000000.bf6eeeef.beaaaaaa.be088888.bf7fffff.00000000.33800000.beaaaaaa
case=distance index=13 internal off=10c words=3f2aaaaa.3f2aaaac.00000000.bf800000.00000000.3f888888.3fd55556.c0844444
case=distance index=13 internal off=12c words=b2b504f3.bf3504f3.bf3504f2.32b504f3.bf0c378c.bebaf4b9.bf3af4ba.be3af4b9
case=distance index=13 internal off=16c words=40200000.3f000000.41200000.3f000000.3e800000.00000007
case=distance index=13 actors a=match b=match
case=distance index=13 type=6 is_distance=yes is_revolute=no
case=distance index=13 saved max_distance=40200000 min_distance=3f000000 spring=41200000.3f000000.3e800000 flags=00000007
case=distance index=13 saved anchor0=00000000.bf800000.00000000 anchor1=3f888888.3fd55556.c0844444
case=distance index=13 saved axis0=bf7fffff.00000000.33800000 axis1=beaaaaaa.3f2aaaaa.3f2aaaac
case=distance index=13 saved normal0=33800000.00000000.3f7fffff normal1=3e088889.bf2aaaab.3f3bbbbb
case=distance index=13 saved max_force=7f7fffff max_torque=7f7fffff flags=00000002 actors a=match b=match
case=distance index=13 scene_joints when=before_release count=1 enumerated=1 order=6 self=yes end=null
case=distance index=13 released=yes
case=distance index=13 scene_joints when=after_release count=0 enumerated=0 order=none self=no end=null
case=pulley index=13 in_anchor=00000000.00000000.00000000 in_axis=00000000.00000000.3f800000
case=pulley index=13 in_pulley0=00000000.40a00000.00000000 in_pulley1=40800000.40a00000.00000000 distance=40c00000 stiffness=3f400000 ratio=3fc00000 flags=00000001
case=pulley index=13 created=yes
case=pulley index=13 out_anchor=33c88888.b31dddde.b4000000 out_axis=00000000.00000000.3f7ffffe state=0
case=pulley index=13 abi_sret cases=2 flags=0 mismatches=0
case=pulley index=13 abi_sret_values anchor=33c88888.b31dddde.b4000000 axis=00000000.00000000.3f7ffffe
case=pulley index=13 internal off=04c words=33800000.00000000.3f7fffff.3e088889.bf2aaaab.3f3bbbbb.00000000.bf7ffffe
case=pulley index=13 internal off=06c words=00000000.bf6eeeef.beaaaaaa.be088888.bf7fffff.00000000.33800000.beaaaaaa
case=pulley index=13 internal off=08c words=3f2aaaaa.3f2aaaac.00000000.bf800000.00000000.3f888888.3fd55556.c0844444
case=pulley index=13 internal off=0ac words=b2b504f3.bf3504f3.bf3504f2.32b504f3.bf0c378c.bebaf4b9.bf3af4ba.be3af4b9
case=pulley index=13 internal off=0cc words=33800000.00000000.3f7fffff.3e088889.bf2aaaab.3f3bbbbb.00000000.bf7ffffe
case=pulley index=13 internal off=0ec words=00000000.bf6eeeef.beaaaaaa.be088888.bf7fffff.00000000.33800000.beaaaaaa
case=pulley index=13 internal off=10c words=3f2aaaaa.3f2aaaac.00000000.bf800000.00000000.3f888888.3fd55556.c0844444
case=pulley index=13 internal off=12c words=b2b504f3.bf3504f3.bf3504f2.32b504f3.bf0c378c.bebaf4b9.bf3af4ba.be3af4b9
case=pulley index=13 actors a=match b=match
case=pulley index=13 type=7 is_pulley=yes is_distance=no
case=pulley index=13 saved pulley0=00000000.40a00000.00000000 pulley1=40800000.40a00000.00000000
case=pulley index=13 saved distance=40c00000 stiffness=3f400000 ratio=3fc00000 flags=00000001
case=pulley index=13 saved anchor0=00000000.bf800000.00000000 anchor1=3f888888.3fd55556.c0844444
case=pulley index=13 saved axis0=bf7fffff.00000000.33800000 axis1=beaaaaaa.3f2aaaaa.3f2aaaac
case=pulley index=13 saved normal0=33800000.00000000.3f7fffff normal1=3e088889.bf2aaaab.3f3bbbbb
case=pulley index=13 saved max_force=7f7fffff max_torque=7f7fffff flags=00000002 actors a=match b=match
case=pulley index=13 scene_joints when=before_release count=1 enumerated=1 order=7 self=yes end=null
case=pulley index=13 released=yes
case=pulley index=13 scene_joints when=after_release count=0 enumerated=0 order=none self=no end=null
case=fixed index=13 in_anchor=00000000.00000000.00000000 in_axis=00000000.00000000.3f800000
case=fixed index=13 created=yes
case=fixed index=13 out_anchor=33c88888.b31dddde.b4000000 out_axis=00000000.00000000.3f7ffffe state=0
case=fixed index=13 abi_sret cases=2 flags=0 mismatches=0
case=fixed index=13 abi_sret_values anchor=33c88888.b31dddde.b4000000 axis=00000000.00000000.3f7ffffe
case=fixed index=13 internal off=04c words=33800000.00000000.3f7fffff.3e088889.bf2aaaab.3f3bbbbb.00000000.bf7ffffe
case=fixed index=13 internal off=06c words=00000000.bf6eeeef.beaaaaaa.be088888.bf7fffff.00000000.33800000.beaaaaaa
case=fixed index=13 internal off=08c words=3f2aaaaa.3f2aaaac.00000000.bf800000.00000000.3f888888.3fd55556.c0844444
case=fixed index=13 internal off=0ac words=b2b504f3.bf3504f3.bf3504f2.32b504f3.bf0c378c.bebaf4b9.bf3af4ba.be3af4b9
case=fixed index=13 internal off=0cc words=33800000.00000000.3f7fffff.3e088889.bf2aaaab.3f3bbbbb.00000000.bf7ffffe
case=fixed index=13 internal off=0ec words=00000000.bf6eeeef.beaaaaaa.be088888.bf7fffff.00000000.33800000.beaaaaaa
case=fixed index=13 internal off=10c words=3f2aaaaa.3f2aaaac.00000000.bf800000.00000000.3f888888.3fd55556.c0844444
case=fixed index=13 internal off=12c words=b2b504f3.bf3504f3.bf3504f2.32b504f3.bf0c378c.bebaf4b9.bf3af4ba.be3af4b9
case=fixed index=13 internal off=16c words=bffffffd.c0000000.40800000.3e8432a4.3e8432a3.bf0432a5.3f464bf7
case=fixed index=13 actors a=match b=match
case=fixed index=13 type=8 is_fixed=yes is_pulley=no
case=fixed index=13 saved anchor0=00000000.bf800000.00000000 anchor1=3f888888.3fd55556.c0844444
case=fixed index=13 saved axis0=bf7fffff.00000000.33800000 axis1=beaaaaaa.3f2aaaaa.3f2aaaac
case=fixed index=13 saved normal0=33800000.00000000.3f7fffff normal1=3e088889.bf2aaaab.3f3bbbbb
case=fixed index=13 saved max_force=7f7fffff max_torque=7f7fffff flags=00000002 actors a=match b=match
case=fixed index=13 scene_joints when=before_release count=1 enumerated=1 order=8 self=yes end=null
case=fixed index=13 released=yes
case=fixed index=13 scene_joints when=after_release count=0 enumerated=0 order=none self=no end=null
case=d6 index=13 in_anchor=00000000.00000000.00000000 in_axis=00000000.00000000.3f800000
case=d6 index=13 in motions=0.1.2.1.1.2
case=d6 index=13 in linear=3f000000.3e800000.3f400000 twist_low=bf000000.3e000000.3f600000 twist_high=3f400000.3e800000.3f200000
case=d6 index=13 in swing1=3f200000.3ec00000.3f000000 swing2=3ec00000.3d800000.3f700000
case=d6 index=13 in drive_x=00000001.40000000.3f800000.42c80000
case=d6 index=13 in drive_y=00000002.40400000.3fc00000.42ca0000
case=d6 index=13 in drive_z=00000001.40800000.40000000.42cc0000
case=d6 index=13 in drive_swing=00000002.40a00000.40200000.42ce0000
case=d6 index=13 in drive_twist=00000001.40c00000.40400000.42d00000
case=d6 index=13 in drive_spherical=00000002.40e00000.40600000.42d20000
case=d6 index=13 in use_spherical=1 drive_position=3f800000.40000000.40400000 drive_orientation=00000000.3f19999a.00000000.3f4ccccd
case=d6 index=13 in drive_linear_velocity=3f000000.bf000000.3fc00000 drive_angular_velocity=be800000.3e000000.40200000
case=d6 index=13 in projection distance=3e000000 angle=3d800000 mode=1
case=d6 index=13 created=yes
case=d6 index=13 out_anchor=33c88888.b31dddde.b4000000 out_axis=00000000.00000000.3f7ffffe state=0
case=d6 index=13 abi_sret cases=2 flags=0 mismatches=0
case=d6 index=13 abi_sret_values anchor=33c88888.b31dddde.b4000000 axis=00000000.00000000.3f7ffffe
case=d6 index=13 internal off=04c words=33800000.00000000.3f7fffff.3e088889.bf2aaaab.3f3bbbbb.00000000.bf7ffffe
case=d6 index=13 internal off=06c words=00000000.bf6eeeef.beaaaaaa.be088888.bf7fffff.00000000.33800000.beaaaaaa
case=d6 index=13 internal off=08c words=3f2aaaaa.3f2aaaac.00000000.bf800000.00000000.3f888888.3fd55556.c0844444
case=d6 index=13 internal off=0ac words=b2b504f3.bf3504f3.bf3504f2.32b504f3.bf0c378c.bebaf4b9.bf3af4ba.be3af4b9
case=d6 index=13 internal off=0cc words=33800000.00000000.3f7fffff.3e088889.bf2aaaab.3f3bbbbb.00000000.bf7ffffe
case=d6 index=13 internal off=0ec words=00000000.bf6eeeef.beaaaaaa.be088888.bf7fffff.00000000.33800000.beaaaaaa
case=d6 index=13 internal off=10c words=3f2aaaaa.3f2aaaac.00000000.bf800000.00000000.3f888888.3fd55556.c0844444
case=d6 index=13 internal off=12c words=b2b504f3.bf3504f3.bf3504f2.32b504f3.bf0c378c.bebaf4b9.bf3af4ba.be3af4b9
case=d6 index=13 internal off=16c words=00000000.00000001.00000002.00000001.00000001.00000002.3f000000.3e800000
case=d6 index=13 internal off=18c words=3f400000.3f200000.3ec00000.3f000000.3ec00000.3d800000.3f700000.bf000000
case=d6 index=13 internal off=1ac words=3e000000.3f600000.3f400000.3e800000.3f200000.00000001.40000000.3f800000
case=d6 index=13 internal off=1cc words=42c80000.00000002.40400000.3fc00000.42ca0000.00000001.40800000.40000000
case=d6 index=13 internal off=1ec words=42cc0000.00000000.00000000.00000000.7f7fffff.00000000.00000000.00000000
case=d6 index=13 internal off=20c words=7f7fffff.00000000.00000000.00000000.7f7fffff.cdcdcd01.3f800000.40000000
case=d6 index=13 internal off=22c words=40400000.00000000.3f19999a.00000000.3f4ccccd.3f000000.bf000000.3fc00000
case=d6 index=13 internal off=24c words=be800000.3e000000.40200000.3e000000.3d800000.3f7399f5.cdcdcdcd.3f6e35bf
case=d6 index=13 internal off=26c words=cdcd0101
case=d6 index=13 actors a=match b=match
case=d6 index=13 type=9 is_d6=yes is_fixed=no
case=d6 index=13 saved motions=2.0.2.0.2.0
case=d6 index=13 saved linear=41100000.3f000000.3f000000 twist_low=c1100000.3e000000.3f600000 twist_high=41180000.3e800000.3f200000
case=d6 index=13 saved swing1=41000000.3ec00000.3f000000 swing2=40e00000.3d800000.3f700000
case=d6 index=13 saved drive_x=00000001.41a00000.41200000.42c80000
case=d6 index=13 saved drive_y=00000002.41a80000.41280000.42ca0000
case=d6 index=13 saved drive_z=00000001.41b00000.41300000.42cc0000
case=d6 index=13 saved drive_swing=00000002.41b80000.41380000.42ce0000
case=d6 index=13 saved drive_twist=00000001.41c00000.41400000.42d00000
case=d6 index=13 saved drive_spherical=00000002.41c80000.41480000.42d20000
case=d6 index=13 saved use_spherical=1 drive_position=41300000.41400000.41500000 drive_orientation=3f000000.3f000000.3f000000.3f000000
case=d6 index=13 saved drive_linear_velocity=41a80000.41b00000.41b80000 drive_angular_velocity=41f80000.42000000.42040000
case=d6 index=13 saved projection distance=42c60000 angle=42c40000 mode=1
case=d6 index=13 saved anchor0=00000000.bf800000.00000000 anchor1=3f888888.3fd55556.c0844444
case=d6 index=13 saved axis0=bf7fffff.00000000.33800000 axis1=beaaaaaa.3f2aaaaa.3f2aaaac
case=d6 index=13 saved normal0=33800000.00000000.3f7fffff normal1=3e088889.bf2aaaab.3f3bbbbb
case=d6 index=13 saved max_force=7f7fffff max_torque=7f7fffff flags=00000002 actors a=match b=match
case=d6 index=13 drive_contended reports=1 code=2 line=40
case=d6 index=13 drive_orientation_contended reports=1 code=2 line=47
case=d6 index=13 drive_linear_velocity_contended reports=1 code=2 line=54
case=d6 index=13 drive_angular_velocity_contended reports=1 code=2 line=61
case=d6 index=13 drive_setters=called
case=d6 index=13 resaved motions=2.0.2.0.2.0
case=d6 index=13 resaved linear=41100000.3f000000.3f000000 twist_low=c1100000.3e000000.3f600000 twist_high=41180000.3e800000.3f200000
case=d6 index=13 resaved swing1=41000000.3ec00000.3f000000 swing2=40e00000.3d800000.3f700000
case=d6 index=13 resaved drive_x=00000001.41a00000.41200000.42c80000
case=d6 index=13 resaved drive_y=00000002.41a80000.41280000.42ca0000
case=d6 index=13 resaved drive_z=00000001.41b00000.41300000.42cc0000
case=d6 index=13 resaved drive_swing=00000002.41b80000.41380000.42ce0000
case=d6 index=13 resaved drive_twist=00000001.41c00000.41400000.42d00000
case=d6 index=13 resaved drive_spherical=00000002.41c80000.41480000.42d20000
case=d6 index=13 resaved use_spherical=1 drive_position=41300000.41400000.41500000 drive_orientation=3f000000.3f000000.3f000000.3f000000
case=d6 index=13 resaved drive_linear_velocity=41a80000.41b00000.41b80000 drive_angular_velocity=41f80000.42000000.42040000
case=d6 index=13 resaved projection distance=42c60000 angle=42c40000 mode=1
case=d6 index=13 scene_joints when=before_release count=1 enumerated=1 order=9 self=yes end=null
case=d6 index=13 released=yes
case=d6 index=13 scene_joints when=after_release count=0 enumerated=0 order=none self=no end=null
rotated_scene=released
posed_scene=flip_xy created
posed_fixture=flip_xy input=a row0=3f800000.00000000.00000000 row1=00000000.bf800000.00000000 row2=00000000.00000000.bf800000
posed_fixture=flip_xy input=b row0=bf800000.00000000.00000000 row1=00000000.3f800000.00000000 row2=00000000.00000000.bf800000
posed_fixture=flip_xy a,created b,created
rotated_fixture actor=flip_xy_a t=00000000.3f800000.00000000 quat=3f800000.00000000.00000000.00000000
rotated_fixture actor=flip_xy_a row0=3f800000.00000000.00000000 row1=00000000.bf800000.00000000 row2=00000000.00000000.bf800000
rotated_fixture actor=flip_xy_a record off=05c words=3f800000.00000000.00000000.00000000
rotated_fixture actor=flip_xy_a record off=0dc words=3f800000.00000000.00000000.00000000.3f800000.00000000.00000000.00000000.3f800000
rotated_fixture actor=flip_xy_a record off=124 words=3f800000.00000000.00000000.00000000
rotated_fixture actor=flip_xy_a record off=134 words=3f800000.00000000.00000000.00000000.bf800000.00000000.00000000.00000000.bf800000
rotated_fixture actor=flip_xy_a record off=158 words=00000000.3f800000.00000000
rotated_fixture actor=flip_xy_a record off=164 words=3e400000.00000000.00000000.00000000.3e400000.00000000.00000000.00000000.3e400000
rotated_fixture actor=flip_xy_b t=40800000.bf800000.40000000 quat=00000000.3f800000.00000000.00000000
rotated_fixture actor=flip_xy_b row0=bf800000.00000000.00000000 row1=00000000.3f800000.00000000 row2=00000000.00000000.bf800000
rotated_fixture actor=flip_xy_b record off=05c words=00000000.3f800000.00000000.00000000
rotated_fixture actor=flip_xy_b record off=0dc words=3f800000.00000000.00000000.00000000.3f800000.00000000.00000000.00000000.3f800000
rotated_fixture actor=flip_xy_b record off=124 words=00000000.3f800000.00000000.00000000
rotated_fixture actor=flip_xy_b record off=134 words=bf800000.00000000.00000000.00000000.3f800000.00000000.00000000.00000000.bf800000
rotated_fixture actor=flip_xy_b record off=158 words=40800000.bf800000.40000000
rotated_fixture actor=flip_xy_b record off=164 words=3e400000.00000000.00000000.00000000.3e400000.00000000.00000000.00000000.3e400000
case=revolute index=20 in_anchor=3f800000.40000000.40400000 in_axis=3f19999a.bf4ccccd.00000000
case=revolute index=20 created=yes
case=revolute index=20 out_anchor=3f800000.40000000.40400000 out_axis=3f19999a.bf4ccccd.00000000 state=0
case=revolute index=20 abi_sret cases=2 flags=0 mismatches=0
case=revolute index=20 abi_sret_values anchor=3f800000.40000000.40400000 axis=3f19999a.bf4ccccd.00000000
case=revolute index=20 internal off=04c words=00000000.00000000.bf800000.00000000.00000000.bf800000.3f4ccccd.bf19999a
case=revolute index=20 internal off=06c words=00000000.bf4ccccd.3f19999a.00000000.3f19999a.3f4ccccd.00000000.bf19999a
case=revolute index=20 internal off=08c words=bf4ccccd.00000000.3f800000.bf800000.c0400000.40400000.40400000.bf800000
case=revolute index=20 internal off=0ac words=bf21e89b.bea1e89b.3ea1e89b.3f21e89b.3ea1e89b.bf21e89b.3f21e89b.bea1e89b
case=revolute index=20 internal off=0cc words=00000000.00000000.bf800000.00000000.00000000.bf800000.3f4ccccd.bf19999a
case=revolute index=20 internal off=0ec words=00000000.bf4ccccd.3f19999a.00000000.3f19999a.3f4ccccd.00000000.bf19999a
case=revolute index=20 internal off=10c words=bf4ccccd.00000000.3f800000.bf800000.c0400000.40400000.40400000.bf800000
case=revolute index=20 internal off=12c words=bf21e89b.bea1e89b.3ea1e89b.3f21e89b.3ea1e89b.bf21e89b.3f21e89b.bea1e89b
case=revolute index=20 internal off=16c words=00000000.00000000.3f800000.00000000.00000000.3f800000.7f7fffff.00000000
case=revolute index=20 internal off=18c words=00000000.00000000.00000000.00000000.3f800000.3f7f06ff.3db25bff.00000000
case=revolute index=20 internal off=1ac words=cdcdcdcd.cdcdcdcd.cdcdcdcd.cdcdcdcd.cdcdcdcd.cdcdcdcd.cdcdcdcd.cdcdcdcd
case=revolute index=20 internal off=1cc words=cdcdcdcd.cdcdcdcd.cdcdcdcd.cdcdcdcd.cdcdcdcd.cdcdcdcd.cdcdcdcd.cdcdcdcd
case=revolute index=20 internal off=1ec words=cdcdcdcd.cdcdcdcd.cdcdcdcd.cdcdcdcd.cdcdcdcd.cdcdcdcd
case=revolute index=20 actors a=match b=match
case=revolute index=20 saved anchor0=3f800000.bf800000.c0400000 anchor1=40400000.40400000.bf800000
case=revolute index=20 saved axis0=3f19999a.3f4ccccd.00000000 axis1=bf19999a.bf4ccccd.00000000
case=revolute index=20 saved normal0=00000000.00000000.bf800000 normal1=00000000.00000000.bf800000
case=revolute index=20 scene_joints when=before_release count=1 enumerated=1 order=1 self=yes end=null
case=revolute index=20 released=yes
case=revolute index=20 scene_joints when=after_release count=0 enumerated=0 order=none self=no end=null
case=prismatic index=20 in_anchor=3f800000.40000000.40400000 in_axis=3f19999a.bf4ccccd.00000000
case=prismatic index=20 created=yes
case=prismatic index=20 out_anchor=3f800000.40000000.40400000 out_axis=3f19999a.bf4ccccd.00000000 state=0
case=prismatic index=20 abi_sret cases=2 flags=0 mismatches=0
case=prismatic index=20 abi_sret_values anchor=3f800000.40000000.40400000 axis=3f19999a.bf4ccccd.00000000
case=prismatic index=20 internal off=04c words=00000000.00000000.bf800000.00000000.00000000.bf800000.3f4ccccd.bf19999a
case=prismatic index=20 internal off=06c words=00000000.bf4ccccd.3f19999a.00000000.3f19999a.3f4ccccd.00000000.bf19999a
case=prismatic index=20 internal off=08c words=bf4ccccd.00000000.3f800000.bf800000.c0400000.40400000.40400000.bf800000
case=prismatic index=20 internal off=0ac words=bf21e89b.bea1e89b.3ea1e89b.3f21e89b.3ea1e89b.bf21e89b.3f21e89b.bea1e89b
case=prismatic index=20 internal off=0cc words=00000000.00000000.bf800000.00000000.00000000.bf800000.3f4ccccd.bf19999a
case=prismatic index=20 internal off=0ec words=00000000.bf4ccccd.3f19999a.00000000.3f19999a.3f4ccccd.00000000.bf19999a
case=prismatic index=20 internal off=10c words=bf4ccccd.00000000.3f800000.bf800000.c0400000.40400000.40400000.bf800000
case=prismatic index=20 internal off=12c words=bf21e89b.bea1e89b.3ea1e89b.3f21e89b.3ea1e89b.bf21e89b.3f21e89b.bea1e89b
case=prismatic index=20 internal off=16c words=80000000.80000000.3f800000.00000000
case=prismatic index=20 actors a=match b=match
case=prismatic index=20 type=0 is_prismatic=yes is_revolute=no
case=prismatic index=20 saved anchor0=3f800000.bf800000.c0400000 anchor1=40400000.40400000.bf800000
case=prismatic index=20 saved axis0=3f19999a.3f4ccccd.00000000 axis1=bf19999a.bf4ccccd.00000000
case=prismatic index=20 saved normal0=00000000.00000000.bf800000 normal1=00000000.00000000.bf800000
case=prismatic index=20 saved max_force=7f7fffff max_torque=7f7fffff flags=00000002 actors a=match b=match
case=prismatic index=20 scene_joints when=before_release count=1 enumerated=1 order=0 self=yes end=null
case=prismatic index=20 released=yes
case=prismatic index=20 scene_joints when=after_release count=0 enumerated=0 order=none self=no end=null
case=cylindrical index=20 in_anchor=3f800000.40000000.40400000 in_axis=3f19999a.bf4ccccd.00000000
case=cylindrical index=20 created=yes
case=cylindrical index=20 out_anchor=3f800000.40000000.40400000 out_axis=3f19999a.bf4ccccd.00000000 state=0
case=cylindrical index=20 abi_sret cases=2 flags=0 mismatches=0
case=cylindrical index=20 abi_sret_values anchor=3f800000.40000000.40400000 axis=3f19999a.bf4ccccd.00000000
case=cylindrical index=20 internal off=04c words=00000000.00000000.bf800000.00000000.00000000.bf800000.3f4ccccd.bf19999a
case=cylindrical index=20 internal off=06c words=00000000.bf4ccccd.3f19999a.00000000.3f19999a.3f4ccccd.00000000.bf19999a
case=cylindrical index=20 internal off=08c words=bf4ccccd.00000000.3f800000.bf800000.c0400000.40400000.40400000.bf800000
case=cylindrical index=20 internal off=0ac words=bf21e89b.bea1e89b.3ea1e89b.3f21e89b.3ea1e89b.bf21e89b.3f21e89b.bea1e89b
case=cylindrical index=20 internal off=0cc words=00000000.00000000.bf800000.00000000.00000000.bf800000.3f4ccccd.bf19999a
case=cylindrical index=20 internal off=0ec words=00000000.bf4ccccd.3f19999a.00000000.3f19999a.3f4ccccd.00000000.bf19999a
case=cylindrical index=20 internal off=10c words=bf4ccccd.00000000.3f800000.bf800000.c0400000.40400000.40400000.bf800000
case=cylindrical index=20 internal off=12c words=bf21e89b.bea1e89b.3ea1e89b.3f21e89b.3ea1e89b.bf21e89b.3f21e89b.bea1e89b
case=cylindrical index=20 actors a=match b=match
case=cylindrical index=20 type=2 is_cylindrical=yes is_prismatic=no
case=cylindrical index=20 saved anchor0=3f800000.bf800000.c0400000 anchor1=40400000.40400000.bf800000
case=cylindrical index=20 saved axis0=3f19999a.3f4ccccd.00000000 axis1=bf19999a.bf4ccccd.00000000
case=cylindrical index=20 saved normal0=00000000.00000000.bf800000 normal1=00000000.00000000.bf800000
case=cylindrical index=20 saved max_force=7f7fffff max_torque=7f7fffff flags=00000002 actors a=match b=match
case=cylindrical index=20 scene_joints when=before_release count=1 enumerated=1 order=2 self=yes end=null
case=cylindrical index=20 released=yes
case=cylindrical index=20 scene_joints when=after_release count=0 enumerated=0 order=none self=no end=null
case=spherical index=20 in_anchor=3f800000.40000000.40400000 in_axis=3f19999a.bf4ccccd.00000000
case=spherical index=20 created=yes
case=spherical index=20 out_anchor=3f800000.40000000.40400000 out_axis=3f19999a.bf4ccccd.00000000 state=0
case=spherical index=20 abi_sret cases=2 flags=0 mismatches=0
case=spherical index=20 abi_sret_values anchor=3f800000.40000000.40400000 axis=3f19999a.bf4ccccd.00000000
case=spherical index=20 internal off=04c words=00000000.00000000.bf800000.00000000.00000000.bf800000.3f4ccccd.bf19999a
case=spherical index=20 internal off=06c words=00000000.bf4ccccd.3f19999a.00000000.3f19999a.3f4ccccd.00000000.bf19999a
case=spherical index=20 internal off=08c words=bf4ccccd.00000000.3f800000.bf800000.c0400000.40400000.40400000.bf800000
case=spherical index=20 internal off=0ac words=bf21e89b.bea1e89b.3ea1e89b.3f21e89b.3ea1e89b.bf21e89b.3f21e89b.bea1e89b
case=spherical index=20 internal off=0cc words=00000000.00000000.bf800000.00000000.00000000.bf800000.3f4ccccd.bf19999a
case=spherical index=20 internal off=0ec words=00000000.bf4ccccd.3f19999a.00000000.3f19999a.3f4ccccd.00000000.bf19999a
case=spherical index=20 internal off=10c words=bf4ccccd.00000000.3f800000.bf800000.c0400000.40400000.40400000.bf800000
case=spherical index=20 internal off=12c words=bf21e89b.bea1e89b.3ea1e89b.3f21e89b.3ea1e89b.bf21e89b.3f21e89b.bea1e89b
case=spherical index=20 internal off=16c words=bf000000.3e800000.3f800000.3f400000.00000000.3f000000.3f200000.3f000000
case=spherical index=20 internal off=18c words=3f400000.40000000.3f000000.3e000000.40400000.3f800000.3ec00000.40800000
case=spherical index=20 internal off=1ac words=40000000.00000000.3f19999a.00000000.3f4ccccd.3ef5c290.3f23d70b.bf19999a
case=spherical index=20 internal off=1cc words=3f4f9b47.00000009.3e800000.cdcdcdcd.cdcdcdcd.cdcdcdcd.cdcdcdcd.cdcdcdcd
case=spherical index=20 internal off=1ec words=cdcdcdcd.cdcdcdcd.cdcdcdcd.cdcdcdcd.cdcdcdcd.cdcdcdcd.cdcdcdcd.cdcdcdcd
case=spherical index=20 internal off=20c words=cdcdcdcd.cdcdcdcd.cdcdcdcd.cdcdcdcd.cdcdcdcd.cdcdcdcd.cdcdcdcd.cdcdcdcd
case=spherical index=20 internal off=22c words=cdcdcdcd.cdcdcdcd.cdcdcdcd.cdcdcdcd
case=spherical index=20 actors a=match b=match
case=spherical index=20 type=3 is_spherical=yes is_revolute=no
case=spherical index=20 flags=00000009 projection_mode=1
case=spherical index=20 saved anchor0=3f800000.bf800000.c0400000 anchor1=40400000.40400000.bf800000
case=spherical index=20 saved axis0=3f19999a.3f4ccccd.00000000 axis1=bf19999a.bf4ccccd.00000000
case=spherical index=20 saved normal0=00000000.00000000.bf800000 normal1=00000000.00000000.bf800000
case=spherical index=20 saved swing_axis=3f19999a.00000000.3f4ccccd projection_distance=3e800000 flags=00000009 projection_mode=1
case=spherical index=20 saved twist_limit=bf000000.3e800000.3f800000.3f400000.00000000.3f000000 swing_limit=3f200000.3f000000.3f400000
case=spherical index=20 saved twist_spring=40000000.3f000000.3e000000 swing_spring=40400000.3f800000.3ec00000 joint_spring=40800000.40000000.00000000
case=spherical index=20 saved max_force=7f7fffff max_torque=7f7fffff flags=00000002 actors a=match b=match
case=spherical index=20 scene_joints when=before_release count=1 enumerated=1 order=3 self=yes end=null
case=spherical index=20 released=yes
case=spherical index=20 scene_joints when=after_release count=0 enumerated=0 order=none self=no end=null
case=point_on_line index=20 in_anchor=3f800000.40000000.40400000 in_axis=3f19999a.bf4ccccd.00000000
case=point_on_line index=20 created=yes
case=point_on_line index=20 out_anchor=3f800000.40000000.40400000 out_axis=3f19999a.bf4ccccd.00000000 state=0
case=point_on_line index=20 abi_sret cases=2 flags=0 mismatches=0
case=point_on_line index=20 abi_sret_values anchor=3f800000.40000000.40400000 axis=3f19999a.bf4ccccd.00000000
case=point_on_line index=20 internal off=04c words=00000000.00000000.bf800000.00000000.00000000.bf800000.3f4ccccd.bf19999a
case=point_on_line index=20 internal off=06c words=00000000.bf4ccccd.3f19999a.00000000.3f19999a.3f4ccccd.00000000.bf19999a
case=point_on_line index=20 internal off=08c words=bf4ccccd.00000000.3f800000.bf800000.c0400000.40400000.40400000.bf800000
case=point_on_line index=20 internal off=0ac words=bf21e89b.bea1e89b.3ea1e89b.3f21e89b.3ea1e89b.bf21e89b.3f21e89b.bea1e89b
case=point_on_line index=20 internal off=0cc words=00000000.00000000.bf800000.00000000.00000000.bf800000.3f4ccccd.bf19999a
case=point_on_line index=20 internal off=0ec words=00000000.bf4ccccd.3f19999a.00000000.3f19999a.3f4ccccd.00000000.bf19999a
case=point_on_line index=20 internal off=10c words=bf4ccccd.00000000.3f800000.bf800000.c0400000.40400000.40400000.bf800000
case=point_on_line index=20 internal off=12c words=bf21e89b.bea1e89b.3ea1e89b.3f21e89b.3ea1e89b.bf21e89b.3f21e89b.bea1e89b
case=point_on_line index=20 actors a=match b=match
case=point_on_line index=20 type=4 is_point_on_line=yes is_revolute=no
case=point_on_line index=20 saved anchor0=3f800000.bf800000.c0400000 anchor1=40400000.40400000.bf800000
case=point_on_line index=20 saved axis0=3f19999a.3f4ccccd.00000000 axis1=bf19999a.bf4ccccd.00000000
case=point_on_line index=20 saved normal0=00000000.00000000.bf800000 normal1=00000000.00000000.bf800000
case=point_on_line index=20 saved max_force=7f7fffff max_torque=7f7fffff flags=00000002 actors a=match b=match
case=point_on_line index=20 scene_joints when=before_release count=1 enumerated=1 order=4 self=yes end=null
case=point_on_line index=20 released=yes
case=point_on_line index=20 scene_joints when=after_release count=0 enumerated=0 order=none self=no end=null
case=point_in_plane index=20 in_anchor=3f800000.40000000.40400000 in_axis=3f19999a.bf4ccccd.00000000
case=point_in_plane index=20 created=yes
case=point_in_plane index=20 out_anchor=3f800000.40000000.40400000 out_axis=3f19999a.bf4ccccd.00000000 state=0
case=point_in_plane index=20 abi_sret cases=2 flags=0 mismatches=0
case=point_in_plane index=20 abi_sret_values anchor=3f800000.40000000.40400000 axis=3f19999a.bf4ccccd.00000000
case=point_in_plane index=20 internal off=04c words=00000000.00000000.bf800000.00000000.00000000.bf800000.3f4ccccd.bf19999a
case=point_in_plane index=20 internal off=06c words=00000000.bf4ccccd.3f19999a.00000000.3f19999a.3f4ccccd.00000000.bf19999a
case=point_in_plane index=20 internal off=08c words=bf4ccccd.00000000.3f800000.bf800000.c0400000.40400000.40400000.bf800000
case=point_in_plane index=20 internal off=0ac words=bf21e89b.bea1e89b.3ea1e89b.3f21e89b.3ea1e89b.bf21e89b.3f21e89b.bea1e89b
case=point_in_plane index=20 internal off=0cc words=00000000.00000000.bf800000.00000000.00000000.bf800000.3f4ccccd.bf19999a
case=point_in_plane index=20 internal off=0ec words=00000000.bf4ccccd.3f19999a.00000000.3f19999a.3f4ccccd.00000000.bf19999a
case=point_in_plane index=20 internal off=10c words=bf4ccccd.00000000.3f800000.bf800000.c0400000.40400000.40400000.bf800000
case=point_in_plane index=20 internal off=12c words=bf21e89b.bea1e89b.3ea1e89b.3f21e89b.3ea1e89b.bf21e89b.3f21e89b.bea1e89b
case=point_in_plane index=20 actors a=match b=match
case=point_in_plane index=20 type=5 is_point_in_plane=yes is_revolute=no
case=point_in_plane index=20 saved anchor0=3f800000.bf800000.c0400000 anchor1=40400000.40400000.bf800000
case=point_in_plane index=20 saved axis0=3f19999a.3f4ccccd.00000000 axis1=bf19999a.bf4ccccd.00000000
case=point_in_plane index=20 saved normal0=00000000.00000000.bf800000 normal1=00000000.00000000.bf800000
case=point_in_plane index=20 saved max_force=7f7fffff max_torque=7f7fffff flags=00000002 actors a=match b=match
case=point_in_plane index=20 scene_joints when=before_release count=1 enumerated=1 order=5 self=yes end=null
case=point_in_plane index=20 released=yes
case=point_in_plane index=20 scene_joints when=after_release count=0 enumerated=0 order=none self=no end=null
case=distance index=20 in_anchor=3f800000.40000000.40400000 in_axis=3f19999a.bf4ccccd.00000000 max_distance=40200000 min_distance=3f000000 spring=41200000.3f000000.3e800000 flags=00000007
case=distance index=20 created=yes
case=distance index=20 out_anchor=3f800000.40000000.40400000 out_axis=3f19999a.bf4ccccd.00000000 state=0
case=distance index=20 abi_sret cases=2 flags=0 mismatches=0
case=distance index=20 abi_sret_values anchor=3f800000.40000000.40400000 axis=3f19999a.bf4ccccd.00000000
case=distance index=20 internal off=04c words=00000000.00000000.bf800000.00000000.00000000.bf800000.3f4ccccd.bf19999a
case=distance index=20 internal off=06c words=00000000.bf4ccccd.3f19999a.00000000.3f19999a.3f4ccccd.00000000.bf19999a
case=distance index=20 internal off=08c words=bf4ccccd.00000000.3f800000.bf800000.c0400000.40400000.40400000.bf800000
case=distance index=20 internal off=0ac words=bf21e89b.bea1e89b.3ea1e89b.3f21e89b.3ea1e89b.bf21e89b.3f21e89b.bea1e89b
case=distance index=20 internal off=0cc words=00000000.00000000.bf800000.00000000.00000000.bf800000.3f4ccccd.bf19999a
case=distance index=20 internal off=0ec words=00000000.bf4ccccd.3f19999a.00000000.3f19999a.3f4ccccd.00000000.bf19999a
case=distance index=20 internal off=10c words=bf4ccccd.00000000.3f800000.bf800000.c0400000.40400000.40400000.bf800000
case=distance index=20 internal off=12c words=bf21e89b.bea1e89b.3ea1e89b.3f21e89b.3ea1e89b.bf21e89b.3f21e89b.bea1e89b
case=distance index=20 internal off=16c words=40200000.3f000000.41200000.3f000000.3e800000.00000007
case=distance index=20 actors a=match b=match
case=distance index=20 type=6 is_distance=yes is_revolute=no
case=distance index=20 saved max_distance=40200000 min_distance=3f000000 spring=41200000.3f000000.3e800000 flags=00000007
case=distance index=20 saved anchor0=3f800000.bf800000.c0400000 anchor1=40400000.40400000.bf800000
case=distance index=20 saved axis0=3f19999a.3f4ccccd.00000000 axis1=bf19999a.bf4ccccd.00000000
case=distance index=20 saved normal0=00000000.00000000.bf800000 normal1=00000000.00000000.bf800000
case=distance index=20 saved max_force=7f7fffff max_torque=7f7fffff flags=00000002 actors a=match b=match
case=distance index=20 scene_joints when=before_release count=1 enumerated=1 order=6 self=yes end=null
case=distance index=20 released=yes
case=distance index=20 scene_joints when=after_release count=0 enumerated=0 order=none self=no end=null
case=pulley index=20 in_anchor=3f800000.40000000.40400000 in_axis=3f19999a.bf4ccccd.00000000
case=pulley index=20 in_pulley0=00000000.40a00000.00000000 in_pulley1=40800000.40a00000.00000000 distance=40c00000 stiffness=3f400000 ratio=3fc00000 flags=00000001
case=pulley index=20 created=yes
case=pulley index=20 out_anchor=3f800000.40000000.40400000 out_axis=3f19999a.bf4ccccd.00000000 state=0
case=pulley index=20 abi_sret cases=2 flags=0 mismatches=0
case=pulley index=20 abi_sret_values anchor=3f800000.40000000.40400000 axis=3f19999a.bf4ccccd.00000000
case=pulley index=20 internal off=04c words=00000000.00000000.bf800000.00000000.00000000.bf800000.3f4ccccd.bf19999a
case=pulley index=20 internal off=06c words=00000000.bf4ccccd.3f19999a.00000000.3f19999a.3f4ccccd.00000000.bf19999a
case=pulley index=20 internal off=08c words=bf4ccccd.00000000.3f800000.bf800000.c0400000.40400000.40400000.bf800000
case=pulley index=20 internal off=0ac words=bf21e89b.bea1e89b.3ea1e89b.3f21e89b.3ea1e89b.bf21e89b.3f21e89b.bea1e89b
case=pulley index=20 internal off=0cc words=00000000.00000000.bf800000.00000000.00000000.bf800000.3f4ccccd.bf19999a
case=pulley index=20 internal off=0ec words=00000000.bf4ccccd.3f19999a.00000000.3f19999a.3f4ccccd.00000000.bf19999a
case=pulley index=20 internal off=10c words=bf4ccccd.00000000.3f800000.bf800000.c0400000.40400000.40400000.bf800000
case=pulley index=20 internal off=12c words=bf21e89b.bea1e89b.3ea1e89b.3f21e89b.3ea1e89b.bf21e89b.3f21e89b.bea1e89b
case=pulley index=20 actors a=match b=match
case=pulley index=20 type=7 is_pulley=yes is_distance=no
case=pulley index=20 saved pulley0=00000000.40a00000.00000000 pulley1=40800000.40a00000.00000000
case=pulley index=20 saved distance=40c00000 stiffness=3f400000 ratio=3fc00000 flags=00000001
case=pulley index=20 saved anchor0=3f800000.bf800000.c0400000 anchor1=40400000.40400000.bf800000
case=pulley index=20 saved axis0=3f19999a.3f4ccccd.00000000 axis1=bf19999a.bf4ccccd.00000000
case=pulley index=20 saved normal0=00000000.00000000.bf800000 normal1=00000000.00000000.bf800000
case=pulley index=20 saved max_force=7f7fffff max_torque=7f7fffff flags=00000002 actors a=match b=match
case=pulley index=20 scene_joints when=before_release count=1 enumerated=1 order=7 self=yes end=null
case=pulley index=20 released=yes
case=pulley index=20 scene_joints when=after_release count=0 enumerated=0 order=none self=no end=null
case=fixed index=20 in_anchor=3f800000.40000000.40400000 in_axis=3f19999a.bf4ccccd.00000000
case=fixed index=20 created=yes
case=fixed index=20 out_anchor=3f800000.40000000.40400000 out_axis=3f19999a.bf4ccccd.00000000 state=0
case=fixed index=20 abi_sret cases=2 flags=0 mismatches=0
case=fixed index=20 abi_sret_values anchor=3f800000.40000000.40400000 axis=3f19999a.bf4ccccd.00000000
case=fixed index=20 internal off=04c words=00000000.00000000.bf800000.00000000.00000000.bf800000.3f4ccccd.bf19999a
case=fixed index=20 internal off=06c words=00000000.bf4ccccd.3f19999a.00000000.3f19999a.3f4ccccd.00000000.bf19999a
case=fixed index=20 internal off=08c words=bf4ccccd.00000000.3f800000.bf800000.c0400000.40400000.40400000.bf800000
case=fixed index=20 internal off=0ac words=bf21e89b.bea1e89b.3ea1e89b.3f21e89b.3ea1e89b.bf21e89b.3f21e89b.bea1e89b
case=fixed index=20 internal off=0cc words=00000000.00000000.bf800000.00000000.00000000.bf800000.3f4ccccd.bf19999a
case=fixed index=20 internal off=0ec words=00000000.bf4ccccd.3f19999a.00000000.3f19999a.3f4ccccd.00000000.bf19999a
case=fixed index=20 internal off=10c words=bf4ccccd.00000000.3f800000.bf800000.c0400000.40400000.40400000.bf800000
case=fixed index=20 internal off=12c words=bf21e89b.bea1e89b.3ea1e89b.3f21e89b.3ea1e89b.bf21e89b.3f21e89b.bea1e89b
case=fixed index=20 internal off=16c words=40800000.40000000.c0000000.80000000.80000000.3f800000.00000000
case=fixed index=20 actors a=match b=match
case=fixed index=20 type=8 is_fixed=yes is_pulley=no
case=fixed index=20 saved anchor0=3f800000.bf800000.c0400000 anchor1=40400000.40400000.bf800000
case=fixed index=20 saved axis0=3f19999a.3f4ccccd.00000000 axis1=bf19999a.bf4ccccd.00000000
case=fixed index=20 saved normal0=00000000.00000000.bf800000 normal1=00000000.00000000.bf800000
case=fixed index=20 saved max_force=7f7fffff max_torque=7f7fffff flags=00000002 actors a=match b=match
case=fixed index=20 scene_joints when=before_release count=1 enumerated=1 order=8 self=yes end=null
case=fixed index=20 released=yes
case=fixed index=20 scene_joints when=after_release count=0 enumerated=0 order=none self=no end=null
case=d6 index=20 in_anchor=3f800000.40000000.40400000 in_axis=3f19999a.bf4ccccd.00000000
case=d6 index=20 in motions=0.1.2.1.1.2
case=d6 index=20 in linear=3f000000.3e800000.3f400000 twist_low=bf000000.3e000000.3f600000 twist_high=3f400000.3e800000.3f200000
case=d6 index=20 in swing1=3f200000.3ec00000.3f000000 swing2=3ec00000.3d800000.3f700000
case=d6 index=20 in drive_x=00000001.40000000.3f800000.42c80000
case=d6 index=20 in drive_y=00000002.40400000.3fc00000.42ca0000
case=d6 index=20 in drive_z=00000001.40800000.40000000.42cc0000
case=d6 index=20 in drive_swing=00000002.40a00000.40200000.42ce0000
case=d6 index=20 in drive_twist=00000001.40c00000.40400000.42d00000
case=d6 index=20 in drive_spherical=00000002.40e00000.40600000.42d20000
case=d6 index=20 in use_spherical=1 drive_position=3f800000.40000000.40400000 drive_orientation=00000000.3f19999a.00000000.3f4ccccd
case=d6 index=20 in drive_linear_velocity=3f000000.bf000000.3fc00000 drive_angular_velocity=be800000.3e000000.40200000
case=d6 index=20 in projection distance=3e000000 angle=3d800000 mode=1
case=d6 index=20 created=yes
case=d6 index=20 out_anchor=3f800000.40000000.40400000 out_axis=3f19999a.bf4ccccd.00000000 state=0
case=d6 index=20 abi_sret cases=2 flags=0 mismatches=0
case=d6 index=20 abi_sret_values anchor=3f800000.40000000.40400000 axis=3f19999a.bf4ccccd.00000000
case=d6 index=20 internal off=04c words=00000000.00000000.bf800000.00000000.00000000.bf800000.3f4ccccd.bf19999a
case=d6 index=20 internal off=06c words=00000000.bf4ccccd.3f19999a.00000000.3f19999a.3f4ccccd.00000000.bf19999a
case=d6 index=20 internal off=08c words=bf4ccccd.00000000.3f800000.bf800000.c0400000.40400000.40400000.bf800000
case=d6 index=20 internal off=0ac words=bf21e89b.bea1e89b.3ea1e89b.3f21e89b.3ea1e89b.bf21e89b.3f21e89b.bea1e89b
case=d6 index=20 internal off=0cc words=00000000.00000000.bf800000.00000000.00000000.bf800000.3f4ccccd.bf19999a
case=d6 index=20 internal off=0ec words=00000000.bf4ccccd.3f19999a.00000000.3f19999a.3f4ccccd.00000000.bf19999a
case=d6 index=20 internal off=10c words=bf4ccccd.00000000.3f800000.bf800000.c0400000.40400000.40400000.bf800000
case=d6 index=20 internal off=12c words=bf21e89b.bea1e89b.3ea1e89b.3f21e89b.3ea1e89b.bf21e89b.3f21e89b.bea1e89b
case=d6 index=20 internal off=16c words=00000000.00000001.00000002.00000001.00000001.00000002.3f000000.3e800000
case=d6 index=20 internal off=18c words=3f400000.3f200000.3ec00000.3f000000.3ec00000.3d800000.3f700000.bf000000
case=d6 index=20 internal off=1ac words=3e000000.3f600000.3f400000.3e800000.3f200000.00000001.40000000.3f800000
case=d6 index=20 internal off=1cc words=42c80000.00000002.40400000.3fc00000.42ca0000.00000001.40800000.40000000
case=d6 index=20 internal off=1ec words=42cc0000.00000000.00000000.00000000.7f7fffff.00000000.00000000.00000000
case=d6 index=20 internal off=20c words=7f7fffff.00000000.00000000.00000000.7f7fffff.cdcdcd01.3f800000.40000000
case=d6 index=20 internal off=22c words=40400000.00000000.3f19999a.00000000.3f4ccccd.3f000000.bf000000.3fc00000
case=d6 index=20 internal off=24c words=be800000.3e000000.40200000.3e000000.3d800000.3f7399f5.cdcdcdcd.3f6e35bf
case=d6 index=20 internal off=26c words=cdcd0101
case=d6 index=20 actors a=match b=match
case=d6 index=20 type=9 is_d6=yes is_fixed=no
case=d6 index=20 saved motions=2.0.2.0.2.0
case=d6 index=20 saved linear=41100000.3f000000.3f000000 twist_low=c1100000.3e000000.3f600000 twist_high=41180000.3e800000.3f200000
case=d6 index=20 saved swing1=41000000.3ec00000.3f000000 swing2=40e00000.3d800000.3f700000
case=d6 index=20 saved drive_x=00000001.41a00000.41200000.42c80000
case=d6 index=20 saved drive_y=00000002.41a80000.41280000.42ca0000
case=d6 index=20 saved drive_z=00000001.41b00000.41300000.42cc0000
case=d6 index=20 saved drive_swing=00000002.41b80000.41380000.42ce0000
case=d6 index=20 saved drive_twist=00000001.41c00000.41400000.42d00000
case=d6 index=20 saved drive_spherical=00000002.41c80000.41480000.42d20000
case=d6 index=20 saved use_spherical=1 drive_position=41300000.41400000.41500000 drive_orientation=3f000000.3f000000.3f000000.3f000000
case=d6 index=20 saved drive_linear_velocity=41a80000.41b00000.41b80000 drive_angular_velocity=41f80000.42000000.42040000
case=d6 index=20 saved projection distance=42c60000 angle=42c40000 mode=1
case=d6 index=20 saved anchor0=3f800000.bf800000.c0400000 anchor1=40400000.40400000.bf800000
case=d6 index=20 saved axis0=3f19999a.3f4ccccd.00000000 axis1=bf19999a.bf4ccccd.00000000
case=d6 index=20 saved normal0=00000000.00000000.bf800000 normal1=00000000.00000000.bf800000
case=d6 index=20 saved max_force=7f7fffff max_torque=7f7fffff flags=00000002 actors a=match b=match
case=d6 index=20 drive_contended reports=1 code=2 line=40
case=d6 index=20 drive_orientation_contended reports=1 code=2 line=47
case=d6 index=20 drive_linear_velocity_contended reports=1 code=2 line=54
case=d6 index=20 drive_angular_velocity_contended reports=1 code=2 line=61
case=d6 index=20 drive_setters=called
case=d6 index=20 resaved motions=2.0.2.0.2.0
case=d6 index=20 resaved linear=41100000.3f000000.3f000000 twist_low=c1100000.3e000000.3f600000 twist_high=41180000.3e800000.3f200000
case=d6 index=20 resaved swing1=41000000.3ec00000.3f000000 swing2=40e00000.3d800000.3f700000
case=d6 index=20 resaved drive_x=00000001.41a00000.41200000.42c80000
case=d6 index=20 resaved drive_y=00000002.41a80000.41280000.42ca0000
case=d6 index=20 resaved drive_z=00000001.41b00000.41300000.42cc0000
case=d6 index=20 resaved drive_swing=00000002.41b80000.41380000.42ce0000
case=d6 index=20 resaved drive_twist=00000001.41c00000.41400000.42d00000
case=d6 index=20 resaved drive_spherical=00000002.41c80000.41480000.42d20000
case=d6 index=20 resaved use_spherical=1 drive_position=41300000.41400000.41500000 drive_orientation=3f000000.3f000000.3f000000.3f000000
case=d6 index=20 resaved drive_linear_velocity=41a80000.41b00000.41b80000 drive_angular_velocity=41f80000.42000000.42040000
case=d6 index=20 resaved projection distance=42c60000 angle=42c40000 mode=1
case=d6 index=20 scene_joints when=before_release count=1 enumerated=1 order=9 self=yes end=null
case=d6 index=20 released=yes
case=d6 index=20 scene_joints when=after_release count=0 enumerated=0 order=none self=no end=null
case=revolute index=21 in_anchor=bfc00000.3e800000.41000000 in_axis=3dcdbcfd.3e4dbcfd.3f797526
case=revolute index=21 created=yes
case=revolute index=21 out_anchor=bfc00000.3e800000.41000000 out_axis=3dcdbcfe.3e4dbcfe.3f797527 state=0
case=revolute index=21 abi_sret cases=2 flags=0 mismatches=0
case=revolute index=21 abi_sret_values anchor=bfc00000.3e800000.41000000 axis=3dcdbcfe.3e4dbcfe.3f797527
case=revolute index=21 internal off=04c words=3f7eb479.3ca62f73.3dc97fed.bf7eb479.bca62f73.3dc97fed.b119e830.3f7ab9da
case=revolute index=21 internal off=06c words=be4ec8c9.3119e830.bf7ab9da.be4ec8c9.3dcdbcfe.be4dbcfe.bf797527.bdcdbcfe
case=revolute index=21 internal off=08c words=3e4dbcfe.bf797527.bfc00000.3f400000.c1000000.40b00000.3fa00000.c0c00000
case=revolute index=21 internal off=0ac words=3eefe880.3ed8e79c.bf051850.3f1335cc.bed8e79d.3eefe880.3f1335cc.3f051850
case=revolute index=21 internal off=0cc words=3f7eb479.3ca62f73.3dc97fed.bf7eb479.bca62f73.3dc97fed.b119e830.3f7ab9da
case=revolute index=21 internal off=0ec words=be4ec8c9.3119e830.bf7ab9da.be4ec8c9.3dcdbcfe.be4dbcfe.bf797527.bdcdbcfe
case=revolute index=21 internal off=10c words=3e4dbcfe.bf797527.bfc00000.3f400000.c1000000.40b00000.3fa00000.c0c00000
case=revolute index=21 internal off=12c words=3eefe880.3ed8e79c.bf051850.3f1335cc.bed8e79d.3eefe880.3f1335cc.3f051850
case=revolute index=21 internal off=16c words=00000000.00000000.3f800000.00000000.00000000.3f800000.7f7fffff.00000000
case=revolute index=21 internal off=18c words=00000000.00000000.00000000.00000000.3f800000.3f7f06ff.3db25bff.00000000
case=revolute index=21 internal off=1ac words=cdcdcdcd.cdcdcdcd.cdcdcdcd.cdcdcdcd.cdcdcdcd.cdcdcdcd.cdcdcdcd.cdcdcdcd
case=revolute index=21 internal off=1cc words=cdcdcdcd.cdcdcdcd.cdcdcdcd.cdcdcdcd.cdcdcdcd.cdcdcdcd.cdcdcdcd.cdcdcdcd
case=revolute index=21 internal off=1ec words=cdcdcdcd.cdcdcdcd.cdcdcdcd.cdcdcdcd.cdcdcdcd.cdcdcdcd
case=revolute index=21 actors a=match b=match
case=revolute index=21 saved anchor0=bfc00000.3f400000.c1000000 anchor1=40b00000.3fa00000.c0c00000
case=revolute index=21 saved axis0=3dcdbcfe.be4dbcfe.bf797527 axis1=bdcdbcfe.3e4dbcfe.bf797527
case=revolute index=21 saved normal0=3f7eb479.3ca62f73.3dc97fed normal1=bf7eb479.bca62f73.3dc97fed
case=revolute index=21 scene_joints when=before_release count=1 enumerated=1 order=1 self=yes end=null
case=revolute index=21 released=yes
case=revolute index=21 scene_joints when=after_release count=0 enumerated=0 order=none self=no end=null
case=prismatic index=21 in_anchor=bfc00000.3e800000.41000000 in_axis=3dcdbcfd.3e4dbcfd.3f797526
case=prismatic index=21 created=yes
case=prismatic index=21 out_anchor=bfc00000.3e800000.41000000 out_axis=3dcdbcfe.3e4dbcfe.3f797527 state=0
case=prismatic index=21 abi_sret cases=2 flags=0 mismatches=0
case=prismatic index=21 abi_sret_values anchor=bfc00000.3e800000.41000000 axis=3dcdbcfe.3e4dbcfe.3f797527
case=prismatic index=21 internal off=04c words=3f7eb479.3ca62f73.3dc97fed.bf7eb479.bca62f73.3dc97fed.b119e830.3f7ab9da
case=prismatic index=21 internal off=06c words=be4ec8c9.3119e830.bf7ab9da.be4ec8c9.3dcdbcfe.be4dbcfe.bf797527.bdcdbcfe
case=prismatic index=21 internal off=08c words=3e4dbcfe.bf797527.bfc00000.3f400000.c1000000.40b00000.3fa00000.c0c00000
case=prismatic index=21 internal off=0ac words=3eefe880.3ed8e79c.bf051850.3f1335cc.bed8e79d.3eefe880.3f1335cc.3f051850
case=prismatic index=21 internal off=0cc words=3f7eb479.3ca62f73.3dc97fed.bf7eb479.bca62f73.3dc97fed.b119e830.3f7ab9da
case=prismatic index=21 internal off=0ec words=be4ec8c9.3119e830.bf7ab9da.be4ec8c9.3dcdbcfe.be4dbcfe.bf797527.bdcdbcfe
case=prismatic index=21 internal off=10c words=3e4dbcfe.bf797527.bfc00000.3f400000.c1000000.40b00000.3fa00000.c0c00000
case=prismatic index=21 internal off=12c words=3eefe880.3ed8e79c.bf051850.3f1335cc.bed8e79d.3eefe880.3f1335cc.3f051850
case=prismatic index=21 internal off=16c words=80000000.80000000.3f800000.00000000
case=prismatic index=21 actors a=match b=match
case=prismatic index=21 type=0 is_prismatic=yes is_revolute=no
case=prismatic index=21 saved anchor0=bfc00000.3f400000.c1000000 anchor1=40b00000.3fa00000.c0c00000
case=prismatic index=21 saved axis0=3dcdbcfe.be4dbcfe.bf797527 axis1=bdcdbcfe.3e4dbcfe.bf797527
case=prismatic index=21 saved normal0=3f7eb479.3ca62f73.3dc97fed normal1=bf7eb479.bca62f73.3dc97fed
case=prismatic index=21 saved max_force=7f7fffff max_torque=7f7fffff flags=00000002 actors a=match b=match
case=prismatic index=21 scene_joints when=before_release count=1 enumerated=1 order=0 self=yes end=null
case=prismatic index=21 released=yes
case=prismatic index=21 scene_joints when=after_release count=0 enumerated=0 order=none self=no end=null
case=cylindrical index=21 in_anchor=bfc00000.3e800000.41000000 in_axis=3dcdbcfd.3e4dbcfd.3f797526
case=cylindrical index=21 created=yes
case=cylindrical index=21 out_anchor=bfc00000.3e800000.41000000 out_axis=3dcdbcfe.3e4dbcfe.3f797527 state=0
case=cylindrical index=21 abi_sret cases=2 flags=0 mismatches=0
case=cylindrical index=21 abi_sret_values anchor=bfc00000.3e800000.41000000 axis=3dcdbcfe.3e4dbcfe.3f797527
case=cylindrical index=21 internal off=04c words=3f7eb479.3ca62f73.3dc97fed.bf7eb479.bca62f73.3dc97fed.b119e830.3f7ab9da
case=cylindrical index=21 internal off=06c words=be4ec8c9.3119e830.bf7ab9da.be4ec8c9.3dcdbcfe.be4dbcfe.bf797527.bdcdbcfe
case=cylindrical index=21 internal off=08c words=3e4dbcfe.bf797527.bfc00000.3f400000.c1000000.40b00000.3fa00000.c0c00000
case=cylindrical index=21 internal off=0ac words=3eefe880.3ed8e79c.bf051850.3f1335cc.bed8e79d.3eefe880.3f1335cc.3f051850
case=cylindrical index=21 internal off=0cc words=3f7eb479.3ca62f73.3dc97fed.bf7eb479.bca62f73.3dc97fed.b119e830.3f7ab9da
case=cylindrical index=21 internal off=0ec words=be4ec8c9.3119e830.bf7ab9da.be4ec8c9.3dcdbcfe.be4dbcfe.bf797527.bdcdbcfe
case=cylindrical index=21 internal off=10c words=3e4dbcfe.bf797527.bfc00000.3f400000.c1000000.40b00000.3fa00000.c0c00000
case=cylindrical index=21 internal off=12c words=3eefe880.3ed8e79c.bf051850.3f1335cc.bed8e79d.3eefe880.3f1335cc.3f051850
case=cylindrical index=21 actors a=match b=match
case=cylindrical index=21 type=2 is_cylindrical=yes is_prismatic=no
case=cylindrical index=21 saved anchor0=bfc00000.3f400000.c1000000 anchor1=40b00000.3fa00000.c0c00000
case=cylindrical index=21 saved axis0=3dcdbcfe.be4dbcfe.bf797527 axis1=bdcdbcfe.3e4dbcfe.bf797527
case=cylindrical index=21 saved normal0=3f7eb479.3ca62f73.3dc97fed normal1=bf7eb479.bca62f73.3dc97fed
case=cylindrical index=21 saved max_force=7f7fffff max_torque=7f7fffff flags=00000002 actors a=match b=match
case=cylindrical index=21 scene_joints when=before_release count=1 enumerated=1 order=2 self=yes end=null
case=cylindrical index=21 released=yes
case=cylindrical index=21 scene_joints when=after_release count=0 enumerated=0 order=none self=no end=null
case=spherical index=21 in_anchor=bfc00000.3e800000.41000000 in_axis=3dcdbcfd.3e4dbcfd.3f797526
case=spherical index=21 created=yes
case=spherical index=21 out_anchor=bfc00000.3e800000.41000000 out_axis=3dcdbcfe.3e4dbcfe.3f797527 state=0
case=spherical index=21 abi_sret cases=2 flags=0 mismatches=0
case=spherical index=21 abi_sret_values anchor=bfc00000.3e800000.41000000 axis=3dcdbcfe.3e4dbcfe.3f797527
case=spherical index=21 internal off=04c words=3f7eb479.3ca62f73.3dc97fed.bf7eb479.bca62f73.3dc97fed.b119e830.3f7ab9da
case=spherical index=21 internal off=06c words=be4ec8c9.3119e830.bf7ab9da.be4ec8c9.3dcdbcfe.be4dbcfe.bf797527.bdcdbcfe
case=spherical index=21 internal off=08c words=3e4dbcfe.bf797527.bfc00000.3f400000.c1000000.40b00000.3fa00000.c0c00000
case=spherical index=21 internal off=0ac words=3eefe880.3ed8e79c.bf051850.3f1335cc.bed8e79d.3eefe880.3f1335cc.3f051850
case=spherical index=21 internal off=0cc words=3f7eb479.3ca62f73.3dc97fed.bf7eb479.bca62f73.3dc97fed.b119e830.3f7ab9da
case=spherical index=21 internal off=0ec words=be4ec8c9.3119e830.bf7ab9da.be4ec8c9.3dcdbcfe.be4dbcfe.bf797527.bdcdbcfe
case=spherical index=21 internal off=10c words=3e4dbcfe.bf797527.bfc00000.3f400000.c1000000.40b00000.3fa00000.c0c00000
case=spherical index=21 internal off=12c words=3eefe880.3ed8e79c.bf051850.3f1335cc.bed8e79d.3eefe880.3f1335cc.3f051850
case=spherical index=21 internal off=16c words=bf000000.3e800000.3f800000.3f400000.00000000.3f000000.3f200000.3f000000
case=spherical index=21 internal off=18c words=3f400000.40000000.3f000000.3e000000.40400000.3f800000.3ec00000.40800000
case=spherical index=21 internal off=1ac words=40000000.00000000.3f19999a.00000000.3f4ccccd.3f2d6596.be182070.bf387421
case=spherical index=21 internal off=1cc words=3f4f9b47.00000009.3e800000.cdcdcdcd.cdcdcdcd.cdcdcdcd.cdcdcdcd.cdcdcdcd
case=spherical index=21 internal off=1ec words=cdcdcdcd.cdcdcdcd.cdcdcdcd.cdcdcdcd.cdcdcdcd.cdcdcdcd.cdcdcdcd.cdcdcdcd
case=spherical index=21 internal off=20c words=cdcdcdcd.cdcdcdcd.cdcdcdcd.cdcdcdcd.cdcdcdcd.cdcdcdcd.cdcdcdcd.cdcdcdcd
case=spherical index=21 internal off=22c words=cdcdcdcd.cdcdcdcd.cdcdcdcd.cdcdcdcd
case=spherical index=21 actors a=match b=match
case=spherical index=21 type=3 is_spherical=yes is_revolute=no
case=spherical index=21 flags=00000009 projection_mode=1
case=spherical index=21 saved anchor0=bfc00000.3f400000.c1000000 anchor1=40b00000.3fa00000.c0c00000
case=spherical index=21 saved axis0=3dcdbcfe.be4dbcfe.bf797527 axis1=bdcdbcfe.3e4dbcfe.bf797527
case=spherical index=21 saved normal0=3f7eb479.3ca62f73.3dc97fed normal1=bf7eb479.bca62f73.3dc97fed
case=spherical index=21 saved swing_axis=3f19999a.00000000.3f4ccccd projection_distance=3e800000 flags=00000009 projection_mode=1
case=spherical index=21 saved twist_limit=bf000000.3e800000.3f800000.3f400000.00000000.3f000000 swing_limit=3f200000.3f000000.3f400000
case=spherical index=21 saved twist_spring=40000000.3f000000.3e000000 swing_spring=40400000.3f800000.3ec00000 joint_spring=40800000.40000000.00000000
case=spherical index=21 saved max_force=7f7fffff max_torque=7f7fffff flags=00000002 actors a=match b=match
case=spherical index=21 scene_joints when=before_release count=1 enumerated=1 order=3 self=yes end=null
case=spherical index=21 released=yes
case=spherical index=21 scene_joints when=after_release count=0 enumerated=0 order=none self=no end=null
case=point_on_line index=21 in_anchor=bfc00000.3e800000.41000000 in_axis=3dcdbcfd.3e4dbcfd.3f797526
case=point_on_line index=21 created=yes
case=point_on_line index=21 out_anchor=bfc00000.3e800000.41000000 out_axis=3dcdbcfe.3e4dbcfe.3f797527 state=0
case=point_on_line index=21 abi_sret cases=2 flags=0 mismatches=0
case=point_on_line index=21 abi_sret_values anchor=bfc00000.3e800000.41000000 axis=3dcdbcfe.3e4dbcfe.3f797527
case=point_on_line index=21 internal off=04c words=3f7eb479.3ca62f73.3dc97fed.bf7eb479.bca62f73.3dc97fed.b119e830.3f7ab9da
case=point_on_line index=21 internal off=06c words=be4ec8c9.3119e830.bf7ab9da.be4ec8c9.3dcdbcfe.be4dbcfe.bf797527.bdcdbcfe
case=point_on_line index=21 internal off=08c words=3e4dbcfe.bf797527.bfc00000.3f400000.c1000000.40b00000.3fa00000.c0c00000
case=point_on_line index=21 internal off=0ac words=3eefe880.3ed8e79c.bf051850.3f1335cc.bed8e79d.3eefe880.3f1335cc.3f051850
case=point_on_line index=21 internal off=0cc words=3f7eb479.3ca62f73.3dc97fed.bf7eb479.bca62f73.3dc97fed.b119e830.3f7ab9da
case=point_on_line index=21 internal off=0ec words=be4ec8c9.3119e830.bf7ab9da.be4ec8c9.3dcdbcfe.be4dbcfe.bf797527.bdcdbcfe
case=point_on_line index=21 internal off=10c words=3e4dbcfe.bf797527.bfc00000.3f400000.c1000000.40b00000.3fa00000.c0c00000
case=point_on_line index=21 internal off=12c words=3eefe880.3ed8e79c.bf051850.3f1335cc.bed8e79d.3eefe880.3f1335cc.3f051850
case=point_on_line index=21 actors a=match b=match
case=point_on_line index=21 type=4 is_point_on_line=yes is_revolute=no
case=point_on_line index=21 saved anchor0=bfc00000.3f400000.c1000000 anchor1=40b00000.3fa00000.c0c00000
case=point_on_line index=21 saved axis0=3dcdbcfe.be4dbcfe.bf797527 axis1=bdcdbcfe.3e4dbcfe.bf797527
case=point_on_line index=21 saved normal0=3f7eb479.3ca62f73.3dc97fed normal1=bf7eb479.bca62f73.3dc97fed
case=point_on_line index=21 saved max_force=7f7fffff max_torque=7f7fffff flags=00000002 actors a=match b=match
case=point_on_line index=21 scene_joints when=before_release count=1 enumerated=1 order=4 self=yes end=null
case=point_on_line index=21 released=yes
case=point_on_line index=21 scene_joints when=after_release count=0 enumerated=0 order=none self=no end=null
case=point_in_plane index=21 in_anchor=bfc00000.3e800000.41000000 in_axis=3dcdbcfd.3e4dbcfd.3f797526
case=point_in_plane index=21 created=yes
case=point_in_plane index=21 out_anchor=bfc00000.3e800000.41000000 out_axis=3dcdbcfe.3e4dbcfe.3f797527 state=0
case=point_in_plane index=21 abi_sret cases=2 flags=0 mismatches=0
case=point_in_plane index=21 abi_sret_values anchor=bfc00000.3e800000.41000000 axis=3dcdbcfe.3e4dbcfe.3f797527
case=point_in_plane index=21 internal off=04c words=3f7eb479.3ca62f73.3dc97fed.bf7eb479.bca62f73.3dc97fed.b119e830.3f7ab9da
case=point_in_plane index=21 internal off=06c words=be4ec8c9.3119e830.bf7ab9da.be4ec8c9.3dcdbcfe.be4dbcfe.bf797527.bdcdbcfe
case=point_in_plane index=21 internal off=08c words=3e4dbcfe.bf797527.bfc00000.3f400000.c1000000.40b00000.3fa00000.c0c00000
case=point_in_plane index=21 internal off=0ac words=3eefe880.3ed8e79c.bf051850.3f1335cc.bed8e79d.3eefe880.3f1335cc.3f051850
case=point_in_plane index=21 internal off=0cc words=3f7eb479.3ca62f73.3dc97fed.bf7eb479.bca62f73.3dc97fed.b119e830.3f7ab9da
case=point_in_plane index=21 internal off=0ec words=be4ec8c9.3119e830.bf7ab9da.be4ec8c9.3dcdbcfe.be4dbcfe.bf797527.bdcdbcfe
case=point_in_plane index=21 internal off=10c words=3e4dbcfe.bf797527.bfc00000.3f400000.c1000000.40b00000.3fa00000.c0c00000
case=point_in_plane index=21 internal off=12c words=3eefe880.3ed8e79c.bf051850.3f1335cc.bed8e79d.3eefe880.3f1335cc.3f051850
case=point_in_plane index=21 actors a=match b=match
case=point_in_plane index=21 type=5 is_point_in_plane=yes is_revolute=no
case=point_in_plane index=21 saved anchor0=bfc00000.3f400000.c1000000 anchor1=40b00000.3fa00000.c0c00000
case=point_in_plane index=21 saved axis0=3dcdbcfe.be4dbcfe.bf797527 axis1=bdcdbcfe.3e4dbcfe.bf797527
case=point_in_plane index=21 saved normal0=3f7eb479.3ca62f73.3dc97fed normal1=bf7eb479.bca62f73.3dc97fed
case=point_in_plane index=21 saved max_force=7f7fffff max_torque=7f7fffff flags=00000002 actors a=match b=match
case=point_in_plane index=21 scene_joints when=before_release count=1 enumerated=1 order=5 self=yes end=null
case=point_in_plane index=21 released=yes
case=point_in_plane index=21 scene_joints when=after_release count=0 enumerated=0 order=none self=no end=null
case=distance index=21 in_anchor=bfc00000.3e800000.41000000 in_axis=3dcdbcfd.3e4dbcfd.3f797526 max_distance=40200000 min_distance=3f000000 spring=41200000.3f000000.3e800000 flags=00000007
case=distance index=21 created=yes
case=distance index=21 out_anchor=bfc00000.3e800000.41000000 out_axis=3dcdbcfe.3e4dbcfe.3f797527 state=0
case=distance index=21 abi_sret cases=2 flags=0 mismatches=0
case=distance index=21 abi_sret_values anchor=bfc00000.3e800000.41000000 axis=3dcdbcfe.3e4dbcfe.3f797527
case=distance index=21 internal off=04c words=3f7eb479.3ca62f73.3dc97fed.bf7eb479.bca62f73.3dc97fed.b119e830.3f7ab9da
case=distance index=21 internal off=06c words=be4ec8c9.3119e830.bf7ab9da.be4ec8c9.3dcdbcfe.be4dbcfe.bf797527.bdcdbcfe
case=distance index=21 internal off=08c words=3e4dbcfe.bf797527.bfc00000.3f400000.c1000000.40b00000.3fa00000.c0c00000
case=distance index=21 internal off=0ac words=3eefe880.3ed8e79c.bf051850.3f1335cc.bed8e79d.3eefe880.3f1335cc.3f051850
case=distance index=21 internal off=0cc words=3f7eb479.3ca62f73.3dc97fed.bf7eb479.bca62f73.3dc97fed.b119e830.3f7ab9da
case=distance index=21 internal off=0ec words=be4ec8c9.3119e830.bf7ab9da.be4ec8c9.3dcdbcfe.be4dbcfe.bf797527.bdcdbcfe
case=distance index=21 internal off=10c words=3e4dbcfe.bf797527.bfc00000.3f400000.c1000000.40b00000.3fa00000.c0c00000
case=distance index=21 internal off=12c words=3eefe880.3ed8e79c.bf051850.3f1335cc.bed8e79d.3eefe880.3f1335cc.3f051850
case=distance index=21 internal off=16c words=40200000.3f000000.41200000.3f000000.3e800000.00000007
case=distance index=21 actors a=match b=match
case=distance index=21 type=6 is_distance=yes is_revolute=no
case=distance index=21 saved max_distance=40200000 min_distance=3f000000 spring=41200000.3f000000.3e800000 flags=00000007
case=distance index=21 saved anchor0=bfc00000.3f400000.c1000000 anchor1=40b00000.3fa00000.c0c00000
case=distance index=21 saved axis0=3dcdbcfe.be4dbcfe.bf797527 axis1=bdcdbcfe.3e4dbcfe.bf797527
case=distance index=21 saved normal0=3f7eb479.3ca62f73.3dc97fed normal1=bf7eb479.bca62f73.3dc97fed
case=distance index=21 saved max_force=7f7fffff max_torque=7f7fffff flags=00000002 actors a=match b=match
case=distance index=21 scene_joints when=before_release count=1 enumerated=1 order=6 self=yes end=null
case=distance index=21 released=yes
case=distance index=21 scene_joints when=after_release count=0 enumerated=0 order=none self=no end=null
case=pulley index=21 in_anchor=bfc00000.3e800000.41000000 in_axis=3dcdbcfd.3e4dbcfd.3f797526
case=pulley index=21 in_pulley0=00000000.40a00000.00000000 in_pulley1=40800000.40a00000.00000000 distance=40c00000 stiffness=3f400000 ratio=3fc00000 flags=00000001
case=pulley index=21 created=yes
case=pulley index=21 out_anchor=bfc00000.3e800000.41000000 out_axis=3dcdbcfe.3e4dbcfe.3f797527 state=0
case=pulley index=21 abi_sret cases=2 flags=0 mismatches=0
case=pulley index=21 abi_sret_values anchor=bfc00000.3e800000.41000000 axis=3dcdbcfe.3e4dbcfe.3f797527
case=pulley index=21 internal off=04c words=3f7eb479.3ca62f73.3dc97fed.bf7eb479.bca62f73.3dc97fed.b119e830.3f7ab9da
case=pulley index=21 internal off=06c words=be4ec8c9.3119e830.bf7ab9da.be4ec8c9.3dcdbcfe.be4dbcfe.bf797527.bdcdbcfe
case=pulley index=21 internal off=08c words=3e4dbcfe.bf797527.bfc00000.3f400000.c1000000.40b00000.3fa00000.c0c00000
case=pulley index=21 internal off=0ac words=3eefe880.3ed8e79c.bf051850.3f1335cc.bed8e79d.3eefe880.3f1335cc.3f051850
case=pulley index=21 internal off=0cc words=3f7eb479.3ca62f73.3dc97fed.bf7eb479.bca62f73.3dc97fed.b119e830.3f7ab9da
case=pulley index=21 internal off=0ec words=be4ec8c9.3119e830.bf7ab9da.be4ec8c9.3dcdbcfe.be4dbcfe.bf797527.bdcdbcfe
case=pulley index=21 internal off=10c words=3e4dbcfe.bf797527.bfc00000.3f400000.c1000000.40b00000.3fa00000.c0c00000
case=pulley index=21 internal off=12c words=3eefe880.3ed8e79c.bf051850.3f1335cc.bed8e79d.3eefe880.3f1335cc.3f051850
case=pulley index=21 actors a=match b=match
case=pulley index=21 type=7 is_pulley=yes is_distance=no
case=pulley index=21 saved pulley0=00000000.40a00000.00000000 pulley1=40800000.40a00000.00000000
case=pulley index=21 saved distance=40c00000 stiffness=3f400000 ratio=3fc00000 flags=00000001
case=pulley index=21 saved anchor0=bfc00000.3f400000.c1000000 anchor1=40b00000.3fa00000.c0c00000
case=pulley index=21 saved axis0=3dcdbcfe.be4dbcfe.bf797527 axis1=bdcdbcfe.3e4dbcfe.bf797527
case=pulley index=21 saved normal0=3f7eb479.3ca62f73.3dc97fed normal1=bf7eb479.bca62f73.3dc97fed
case=pulley index=21 saved max_force=7f7fffff max_torque=7f7fffff flags=00000002 actors a=match b=match
case=pulley index=21 scene_joints when=before_release count=1 enumerated=1 order=7 self=yes end=null
case=pulley index=21 released=yes
case=pulley index=21 scene_joints when=after_release count=0 enumerated=0 order=none self=no end=null
case=fixed index=21 in_anchor=bfc00000.3e800000.41000000 in_axis=3dcdbcfd.3e4dbcfd.3f797526
case=fixed index=21 created=yes
case=fixed index=21 out_anchor=bfc00000.3e800000.41000000 out_axis=3dcdbcfe.3e4dbcfe.3f797527 state=0
case=fixed index=21 abi_sret cases=2 flags=0 mismatches=0
case=fixed index=21 abi_sret_values anchor=bfc00000.3e800000.41000000 axis=3dcdbcfe.3e4dbcfe.3f797527
case=fixed index=21 internal off=04c words=3f7eb479.3ca62f73.3dc97fed.bf7eb479.bca62f73.3dc97fed.b119e830.3f7ab9da
case=fixed index=21 internal off=06c words=be4ec8c9.3119e830.bf7ab9da.be4ec8c9.3dcdbcfe.be4dbcfe.bf797527.bdcdbcfe
case=fixed index=21 internal off=08c words=3e4dbcfe.bf797527.bfc00000.3f400000.c1000000.40b00000.3fa00000.c0c00000
case=fixed index=21 internal off=0ac words=3eefe880.3ed8e79c.bf051850.3f1335cc.bed8e79d.3eefe880.3f1335cc.3f051850
case=fixed index=21 internal off=0cc words=3f7eb479.3ca62f73.3dc97fed.bf7eb479.bca62f73.3dc97fed.b119e830.3f7ab9da
case=fixed index=21 internal off=0ec words=be4ec8c9.3119e830.bf7ab9da.be4ec8c9.3dcdbcfe.be4dbcfe.bf797527.bdcdbcfe
case=fixed index=21 internal off=10c words=3e4dbcfe.bf797527.bfc00000.3f400000.c1000000.40b00000.3fa00000.c0c00000
case=fixed index=21 internal off=12c words=3eefe880.3ed8e79c.bf051850.3f1335cc.bed8e79d.3eefe880.3f1335cc.3f051850
case=fixed index=21 internal off=16c words=40800000.40000000.c0000000.80000000.80000000.3f800000.00000000
case=fixed index=21 actors a=match b=match
case=fixed index=21 type=8 is_fixed=yes is_pulley=no
case=fixed index=21 saved anchor0=bfc00000.3f400000.c1000000 anchor1=40b00000.3fa00000.c0c00000
case=fixed index=21 saved axis0=3dcdbcfe.be4dbcfe.bf797527 axis1=bdcdbcfe.3e4dbcfe.bf797527
case=fixed index=21 saved normal0=3f7eb479.3ca62f73.3dc97fed normal1=bf7eb479.bca62f73.3dc97fed
case=fixed index=21 saved max_force=7f7fffff max_torque=7f7fffff flags=00000002 actors a=match b=match
case=fixed index=21 scene_joints when=before_release count=1 enumerated=1 order=8 self=yes end=null
case=fixed index=21 released=yes
case=fixed index=21 scene_joints when=after_release count=0 enumerated=0 order=none self=no end=null
case=d6 index=21 in_anchor=bfc00000.3e800000.41000000 in_axis=3dcdbcfd.3e4dbcfd.3f797526
case=d6 index=21 in motions=0.1.2.1.1.2
case=d6 index=21 in linear=3f000000.3e800000.3f400000 twist_low=bf000000.3e000000.3f600000 twist_high=3f400000.3e800000.3f200000
case=d6 index=21 in swing1=3f200000.3ec00000.3f000000 swing2=3ec00000.3d800000.3f700000
case=d6 index=21 in drive_x=00000001.40000000.3f800000.42c80000
case=d6 index=21 in drive_y=00000002.40400000.3fc00000.42ca0000
case=d6 index=21 in drive_z=00000001.40800000.40000000.42cc0000
case=d6 index=21 in drive_swing=00000002.40a00000.40200000.42ce0000
case=d6 index=21 in drive_twist=00000001.40c00000.40400000.42d00000
case=d6 index=21 in drive_spherical=00000002.40e00000.40600000.42d20000
case=d6 index=21 in use_spherical=1 drive_position=3f800000.40000000.40400000 drive_orientation=00000000.3f19999a.00000000.3f4ccccd
case=d6 index=21 in drive_linear_velocity=3f000000.bf000000.3fc00000 drive_angular_velocity=be800000.3e000000.40200000
case=d6 index=21 in projection distance=3e000000 angle=3d800000 mode=1
case=d6 index=21 created=yes
case=d6 index=21 out_anchor=bfc00000.3e800000.41000000 out_axis=3dcdbcfe.3e4dbcfe.3f797527 state=0
case=d6 index=21 abi_sret cases=2 flags=0 mismatches=0
case=d6 index=21 abi_sret_values anchor=bfc00000.3e800000.41000000 axis=3dcdbcfe.3e4dbcfe.3f797527
case=d6 index=21 internal off=04c words=3f7eb479.3ca62f73.3dc97fed.bf7eb479.bca62f73.3dc97fed.b119e830.3f7ab9da
case=d6 index=21 internal off=06c words=be4ec8c9.3119e830.bf7ab9da.be4ec8c9.3dcdbcfe.be4dbcfe.bf797527.bdcdbcfe
case=d6 index=21 internal off=08c words=3e4dbcfe.bf797527.bfc00000.3f400000.c1000000.40b00000.3fa00000.c0c00000
case=d6 index=21 internal off=0ac words=3eefe880.3ed8e79c.bf051850.3f1335cc.bed8e79d.3eefe880.3f1335cc.3f051850
case=d6 index=21 internal off=0cc words=3f7eb479.3ca62f73.3dc97fed.bf7eb479.bca62f73.3dc97fed.b119e830.3f7ab9da
case=d6 index=21 internal off=0ec words=be4ec8c9.3119e830.bf7ab9da.be4ec8c9.3dcdbcfe.be4dbcfe.bf797527.bdcdbcfe
case=d6 index=21 internal off=10c words=3e4dbcfe.bf797527.bfc00000.3f400000.c1000000.40b00000.3fa00000.c0c00000
case=d6 index=21 internal off=12c words=3eefe880.3ed8e79c.bf051850.3f1335cc.bed8e79d.3eefe880.3f1335cc.3f051850
case=d6 index=21 internal off=16c words=00000000.00000001.00000002.00000001.00000001.00000002.3f000000.3e800000
case=d6 index=21 internal off=18c words=3f400000.3f200000.3ec00000.3f000000.3ec00000.3d800000.3f700000.bf000000
case=d6 index=21 internal off=1ac words=3e000000.3f600000.3f400000.3e800000.3f200000.00000001.40000000.3f800000
case=d6 index=21 internal off=1cc words=42c80000.00000002.40400000.3fc00000.42ca0000.00000001.40800000.40000000
case=d6 index=21 internal off=1ec words=42cc0000.00000000.00000000.00000000.7f7fffff.00000000.00000000.00000000
case=d6 index=21 internal off=20c words=7f7fffff.00000000.00000000.00000000.7f7fffff.cdcdcd01.3f800000.40000000
case=d6 index=21 internal off=22c words=40400000.00000000.3f19999a.00000000.3f4ccccd.3f000000.bf000000.3fc00000
case=d6 index=21 internal off=24c words=be800000.3e000000.40200000.3e000000.3d800000.3f7399f5.cdcdcdcd.3f6e35bf
case=d6 index=21 internal off=26c words=cdcd0101
case=d6 index=21 actors a=match b=match
case=d6 index=21 type=9 is_d6=yes is_fixed=no
case=d6 index=21 saved motions=2.0.2.0.2.0
case=d6 index=21 saved linear=41100000.3f000000.3f000000 twist_low=c1100000.3e000000.3f600000 twist_high=41180000.3e800000.3f200000
case=d6 index=21 saved swing1=41000000.3ec00000.3f000000 swing2=40e00000.3d800000.3f700000
case=d6 index=21 saved drive_x=00000001.41a00000.41200000.42c80000
case=d6 index=21 saved drive_y=00000002.41a80000.41280000.42ca0000
case=d6 index=21 saved drive_z=00000001.41b00000.41300000.42cc0000
case=d6 index=21 saved drive_swing=00000002.41b80000.41380000.42ce0000
case=d6 index=21 saved drive_twist=00000001.41c00000.41400000.42d00000
case=d6 index=21 saved drive_spherical=00000002.41c80000.41480000.42d20000
case=d6 index=21 saved use_spherical=1 drive_position=41300000.41400000.41500000 drive_orientation=3f000000.3f000000.3f000000.3f000000
case=d6 index=21 saved drive_linear_velocity=41a80000.41b00000.41b80000 drive_angular_velocity=41f80000.42000000.42040000
case=d6 index=21 saved projection distance=42c60000 angle=42c40000 mode=1
case=d6 index=21 saved anchor0=bfc00000.3f400000.c1000000 anchor1=40b00000.3fa00000.c0c00000
case=d6 index=21 saved axis0=3dcdbcfe.be4dbcfe.bf797527 axis1=bdcdbcfe.3e4dbcfe.bf797527
case=d6 index=21 saved normal0=3f7eb479.3ca62f73.3dc97fed normal1=bf7eb479.bca62f73.3dc97fed
case=d6 index=21 saved max_force=7f7fffff max_torque=7f7fffff flags=00000002 actors a=match b=match
case=d6 index=21 drive_contended reports=1 code=2 line=40
case=d6 index=21 drive_orientation_contended reports=1 code=2 line=47
case=d6 index=21 drive_linear_velocity_contended reports=1 code=2 line=54
case=d6 index=21 drive_angular_velocity_contended reports=1 code=2 line=61
case=d6 index=21 drive_setters=called
case=d6 index=21 resaved motions=2.0.2.0.2.0
case=d6 index=21 resaved linear=41100000.3f000000.3f000000 twist_low=c1100000.3e000000.3f600000 twist_high=41180000.3e800000.3f200000
case=d6 index=21 resaved swing1=41000000.3ec00000.3f000000 swing2=40e00000.3d800000.3f700000
case=d6 index=21 resaved drive_x=00000001.41a00000.41200000.42c80000
case=d6 index=21 resaved drive_y=00000002.41a80000.41280000.42ca0000
case=d6 index=21 resaved drive_z=00000001.41b00000.41300000.42cc0000
case=d6 index=21 resaved drive_swing=00000002.41b80000.41380000.42ce0000
case=d6 index=21 resaved drive_twist=00000001.41c00000.41400000.42d00000
case=d6 index=21 resaved drive_spherical=00000002.41c80000.41480000.42d20000
case=d6 index=21 resaved use_spherical=1 drive_position=41300000.41400000.41500000 drive_orientation=3f000000.3f000000.3f000000.3f000000
case=d6 index=21 resaved drive_linear_velocity=41a80000.41b00000.41b80000 drive_angular_velocity=41f80000.42000000.42040000
case=d6 index=21 resaved projection distance=42c60000 angle=42c40000 mode=1
case=d6 index=21 scene_joints when=before_release count=1 enumerated=1 order=9 self=yes end=null
case=d6 index=21 released=yes
case=d6 index=21 scene_joints when=after_release count=0 enumerated=0 order=none self=no end=null
posed_scene=flip_xy released
posed_scene=near_xy created
posed_fixture=near_xy input=a row0=3f6634e0.3eaf653c.3e8b48dd row1=3ed8aa3c.bf56bafc.beaf653c row2=3de2fb7b.3ed8aa3c.bf6634dc
posed_fixture=near_xy input=b row0=bf53d13e.3eda5094.3ebb207e row1=3df980a8.3f4585d8.bf1fd66c row2=bf0c585f.bef1b4a4.bf30bb26
posed_fixture=near_xy a,created b,created
rotated_fixture actor=near_xy_a t=00000000.3f800000.00000000 quat=3f741dfd.3e4d9285.3dcd9285.3e4d9285
rotated_fixture actor=near_xy_a row0=3f6634e0.3eaf653c.3e8b48dd row1=3ed8aa3b.bf56bafb.beaf653c row2=3de2fb7b.3ed8aa3b.bf6634dc
rotated_fixture actor=near_xy_a record off=05c words=3f741dfd.3e4d9285.3dcd9285.3e4d9285
rotated_fixture actor=near_xy_a record off=0dc words=3f800000.00000000.00000000.00000000.3f800000.00000000.00000000.00000000.3f800000
rotated_fixture actor=near_xy_a record off=124 words=3f741dfd.3e4d9285.3dcd9285.3e4d9285
rotated_fixture actor=near_xy_a record off=134 words=3f6634e0.3eaf653c.3e8b48dd.3ed8aa3b.bf56bafb.beaf653c.3de2fb7b.3ed8aa3b.bf6634dc
rotated_fixture actor=near_xy_a record off=158 words=00000000.3f800000.00000000
rotated_fixture actor=near_xy_a record off=164 words=3e3fffff.32aeca79.320019cb.32aeca79.3e3ffff8.3235eca6.320019cb.3235eca6.3e3ffffa
rotated_fixture actor=near_xy_b t=40800000.bf800000.40000000 quat=3e1ac3e0.3f6825d0.be9ac3e0.3e80f890
rotated_fixture actor=near_xy_b row0=bf53d13e.3eda5094.3ebb207f row1=3df980a9.3f4585d8.bf1fd66c row2=bf0c585f.bef1b4a4.bf30bb26
rotated_fixture actor=near_xy_b record off=05c words=3e1ac3e0.3f6825d0.be9ac3e0.3e80f890
rotated_fixture actor=near_xy_b record off=0dc words=3f800000.00000000.00000000.00000000.3f800000.00000000.00000000.00000000.3f800000
rotated_fixture actor=near_xy_b record off=124 words=3e1ac3e0.3f6825d0.be9ac3e0.3e80f890
rotated_fixture actor=near_xy_b record off=134 words=bf53d13e.3eda5094.3ebb207f.3df980a9.3f4585d8.bf1fd66c.bf0c585f.bef1b4a4.bf30bb26
rotated_fixture actor=near_xy_b record off=158 words=40800000.bf800000.40000000
rotated_fixture actor=near_xy_b record off=164 words=3e400009.b29c9bf2.3202462e.b29c9bf2.3e400000.3324b5ef.3202462e.3324b5ef.3e400008
case=revolute index=22 in_anchor=3f800000.40000000.40400000 in_axis=3f19999a.bf4ccccd.00000000
case=revolute index=22 created=yes
case=revolute index=22 out_anchor=3f7fffed.40000000.403fffff out_axis=3f199998.bf4cccc3.3133c7c8 state=0
case=revolute index=22 abi_sret cases=2 flags=0 mismatches=0
case=revolute index=22 abi_sret_values anchor=3f7fffed.40000000.403fffff axis=3f199998.bf4cccc3.3133c7c8
case=revolute index=22 internal off=04c words=3de2fb7b.3ed8aa3b.bf6634dc.bf0c585f.bef1b4a4.bf30bb26.3f792a24.be6ab86b
case=revolute index=22 internal off=06c words=3c4617c7.bf16bdbd.3f4dd6f8.bda86a25.3e4dd4f0.3f606728.3edfe31b.bf180a6a
case=revolute index=22 internal off=08c words=beb90c34.3f380216.3fd3d426.3f45f6fc.c0312b31.40132ae7.3f103e58.c06a3bca
case=revolute index=22 internal off=0ac words=bee386df.bf0e344a.3e9a64a8.3f2284eb.bee46439.3f02826c.bf3b9b78.bd828270
case=revolute index=22 internal off=0cc words=3de2fb7b.3ed8aa3b.bf6634dc.bf0c585f.bef1b4a4.bf30bb26.3f792a24.be6ab86b
case=revolute index=22 internal off=0ec words=3c4617c7.bf16bdbd.3f4dd6f8.bda86a25.3e4dd4f0.3f606728.3edfe31b.bf180a6a
case=revolute index=22 internal off=10c words=beb90c34.3f380216.3fd3d426.3f45f6fc.c0312b31.40132ae7.3f103e58.c06a3bca
case=revolute index=22 internal off=12c words=bee386df.bf0e344a.3e9a64a8.3f2284eb.bee46439.3f02826c.bf3b9b78.bd828270
case=revolute index=22 internal off=16c words=00000000.00000000.3f800000.00000000.00000000.3f800000.7f7fffff.00000000
case=revolute index=22 internal off=18c words=00000000.00000000.00000000.00000000.3f800000.3f7f06ff.3db25bff.00000000
case=revolute index=22 internal off=1ac words=cdcdcdcd.cdcdcdcd.cdcdcdcd.cdcdcdcd.cdcdcdcd.cdcdcdcd.cdcdcdcd.cdcdcdcd
case=revolute index=22 internal off=1cc words=cdcdcdcd.cdcdcdcd.cdcdcdcd.cdcdcdcd.cdcdcdcd.cdcdcdcd.cdcdcdcd.cdcdcdcd
case=revolute index=22 internal off=1ec words=cdcdcdcd.cdcdcdcd.cdcdcdcd.cdcdcdcd.cdcdcdcd.cdcdcdcd
case=revolute index=22 actors a=match b=match
case=revolute index=22 saved anchor0=3fd3d426.3f45f6fc.c0312b31 anchor1=40132ae7.3f103e58.c06a3bca
case=revolute index=22 saved axis0=3e4dd4f0.3f606728.3edfe31b axis1=bf180a6a.beb90c34.3f380216
case=revolute index=22 saved normal0=3de2fb7b.3ed8aa3b.bf6634dc normal1=bf0c585f.bef1b4a4.bf30bb26
case=revolute index=22 scene_joints when=before_release count=1 enumerated=1 order=1 self=yes end=null
case=revolute index=22 released=yes
case=revolute index=22 scene_joints when=after_release count=0 enumerated=0 order=none self=no end=null
case=prismatic index=22 in_anchor=3f800000.40000000.40400000 in_axis=3f19999a.bf4ccccd.00000000
case=prismatic index=22 created=yes
case=prismatic index=22 out_anchor=3f7fffed.40000000.403fffff out_axis=3f199998.bf4cccc3.3133c7c8 state=0
case=prismatic index=22 abi_sret cases=2 flags=0 mismatches=0
case=prismatic index=22 abi_sret_values anchor=3f7fffed.40000000.403fffff axis=3f199998.bf4cccc3.3133c7c8
case=prismatic index=22 internal off=04c words=3de2fb7b.3ed8aa3b.bf6634dc.bf0c585f.bef1b4a4.bf30bb26.3f792a24.be6ab86b
case=prismatic index=22 internal off=06c words=3c4617c7.bf16bdbd.3f4dd6f8.bda86a25.3e4dd4f0.3f606728.3edfe31b.bf180a6a
case=prismatic index=22 internal off=08c words=beb90c34.3f380216.3fd3d426.3f45f6fc.c0312b31.40132ae7.3f103e58.c06a3bca
case=prismatic index=22 internal off=0ac words=bee386df.bf0e344a.3e9a64a8.3f2284eb.bee46439.3f02826c.bf3b9b78.bd828270
case=prismatic index=22 internal off=0cc words=3de2fb7b.3ed8aa3b.bf6634dc.bf0c585f.bef1b4a4.bf30bb26.3f792a24.be6ab86b
case=prismatic index=22 internal off=0ec words=3c4617c7.bf16bdbd.3f4dd6f8.bda86a25.3e4dd4f0.3f606728.3edfe31b.bf180a6a
case=prismatic index=22 internal off=10c words=beb90c34.3f380216.3fd3d426.3f45f6fc.c0312b31.40132ae7.3f103e58.c06a3bca
case=prismatic index=22 internal off=12c words=bee386df.bf0e344a.3e9a64a8.3f2284eb.bee46439.3f02826c.bf3b9b78.bd828270
case=prismatic index=22 internal off=16c words=3d6e3390.3e300fdb.3f6b9cc1.3eb15b45
case=prismatic index=22 actors a=match b=match
case=prismatic index=22 type=0 is_prismatic=yes is_revolute=no
case=prismatic index=22 saved anchor0=3fd3d426.3f45f6fc.c0312b31 anchor1=40132ae7.3f103e58.c06a3bca
case=prismatic index=22 saved axis0=3e4dd4f0.3f606728.3edfe31b axis1=bf180a6a.beb90c34.3f380216
case=prismatic index=22 saved normal0=3de2fb7b.3ed8aa3b.bf6634dc normal1=bf0c585f.bef1b4a4.bf30bb26
case=prismatic index=22 saved max_force=7f7fffff max_torque=7f7fffff flags=00000002 actors a=match b=match
case=prismatic index=22 scene_joints when=before_release count=1 enumerated=1 order=0 self=yes end=null
case=prismatic index=22 released=yes
case=prismatic index=22 scene_joints when=after_release count=0 enumerated=0 order=none self=no end=null
case=cylindrical index=22 in_anchor=3f800000.40000000.40400000 in_axis=3f19999a.bf4ccccd.00000000
case=cylindrical index=22 created=yes
case=cylindrical index=22 out_anchor=3f7fffed.40000000.403fffff out_axis=3f199998.bf4cccc3.3133c7c8 state=0
case=cylindrical index=22 abi_sret cases=2 flags=0 mismatches=0
case=cylindrical index=22 abi_sret_values anchor=3f7fffed.40000000.403fffff axis=3f199998.bf4cccc3.3133c7c8
case=cylindrical index=22 internal off=04c words=3de2fb7b.3ed8aa3b.bf6634dc.bf0c585f.bef1b4a4.bf30bb26.3f792a24.be6ab86b
case=cylindrical index=22 internal off=06c words=3c4617c7.bf16bdbd.3f4dd6f8.bda86a25.3e4dd4f0.3f606728.3edfe31b.bf180a6a
case=cylindrical index=22 internal off=08c words=beb90c34.3f380216.3fd3d426.3f45f6fc.c0312b31.40132ae7.3f103e58.c06a3bca
case=cylindrical index=22 internal off=0ac words=bee386df.bf0e344a.3e9a64a8.3f2284eb.bee46439.3f02826c.bf3b9b78.bd828270
case=cylindrical index=22 internal off=0cc words=3de2fb7b.3ed8aa3b.bf6634dc.bf0c585f.bef1b4a4.bf30bb26.3f792a24.be6ab86b
case=cylindrical index=22 internal off=0ec words=3c4617c7.bf16bdbd.3f4dd6f8.bda86a25.3e4dd4f0.3f606728.3edfe31b.bf180a6a
case=cylindrical index=22 internal off=10c words=beb90c34.3f380216.3fd3d426.3f45f6fc.c0312b31.40132ae7.3f103e58.c06a3bca
case=cylindrical index=22 internal off=12c words=bee386df.bf0e344a.3e9a64a8.3f2284eb.bee46439.3f02826c.bf3b9b78.bd828270
case=cylindrical index=22 actors a=match b=match
case=cylindrical index=22 type=2 is_cylindrical=yes is_prismatic=no
case=cylindrical index=22 saved anchor0=3fd3d426.3f45f6fc.c0312b31 anchor1=40132ae7.3f103e58.c06a3bca
case=cylindrical index=22 saved axis0=3e4dd4f0.3f606728.3edfe31b axis1=bf180a6a.beb90c34.3f380216
case=cylindrical index=22 saved normal0=3de2fb7b.3ed8aa3b.bf6634dc normal1=bf0c585f.bef1b4a4.bf30bb26
case=cylindrical index=22 saved max_force=7f7fffff max_torque=7f7fffff flags=00000002 actors a=match b=match
case=cylindrical index=22 scene_joints when=before_release count=1 enumerated=1 order=2 self=yes end=null
case=cylindrical index=22 released=yes
case=cylindrical index=22 scene_joints when=after_release count=0 enumerated=0 order=none self=no end=null
case=spherical index=22 in_anchor=3f800000.40000000.40400000 in_axis=3f19999a.bf4ccccd.00000000
case=spherical index=22 created=yes
case=spherical index=22 out_anchor=3f7fffed.40000000.403fffff out_axis=3f199998.bf4cccc3.3133c7c8 state=0
case=spherical index=22 abi_sret cases=2 flags=0 mismatches=0
case=spherical index=22 abi_sret_values anchor=3f7fffed.40000000.403fffff axis=3f199998.bf4cccc3.3133c7c8
case=spherical index=22 internal off=04c words=3de2fb7b.3ed8aa3b.bf6634dc.bf0c585f.bef1b4a4.bf30bb26.3f792a24.be6ab86b
case=spherical index=22 internal off=06c words=3c4617c7.bf16bdbd.3f4dd6f8.bda86a25.3e4dd4f0.3f606728.3edfe31b.bf180a6a
case=spherical index=22 internal off=08c words=beb90c34.3f380216.3fd3d426.3f45f6fc.c0312b31.40132ae7.3f103e58.c06a3bca
case=spherical index=22 internal off=0ac words=bee386df.bf0e344a.3e9a64a8.3f2284eb.bee46439.3f02826c.bf3b9b78.bd828270
case=spherical index=22 internal off=0cc words=3de2fb7b.3ed8aa3b.bf6634dc.bf0c585f.bef1b4a4.bf30bb26.3f792a24.be6ab86b
case=spherical index=22 internal off=0ec words=3c4617c7.bf16bdbd.3f4dd6f8.bda86a25.3e4dd4f0.3f606728.3edfe31b.bf180a6a
case=spherical index=22 internal off=10c words=beb90c34.3f380216.3fd3d426.3f45f6fc.c0312b31.40132ae7.3f103e58.c06a3bca
case=spherical index=22 internal off=12c words=bee386df.bf0e344a.3e9a64a8.3f2284eb.bee46439.3f02826c.bf3b9b78.bd828270
case=spherical index=22 internal off=16c words=bf000000.3e800000.3f800000.3f400000.00000000.3f000000.3f200000.3f000000
case=spherical index=22 internal off=18c words=3f400000.40000000.3f000000.3e000000.40400000.3f800000.3ec00000.40800000
case=spherical index=22 internal off=1ac words=40000000.00000000.3f19999a.00000000.3f4ccccd.3e68c298.3f748598.be4246b3
case=spherical index=22 internal off=1cc words=3f4f9b47.00000009.3e800000.cdcdcdcd.cdcdcdcd.cdcdcdcd.cdcdcdcd.cdcdcdcd
case=spherical index=22 internal off=1ec words=cdcdcdcd.cdcdcdcd.cdcdcdcd.cdcdcdcd.cdcdcdcd.cdcdcdcd.cdcdcdcd.cdcdcdcd
case=spherical index=22 internal off=20c words=cdcdcdcd.cdcdcdcd.cdcdcdcd.cdcdcdcd.cdcdcdcd.cdcdcdcd.cdcdcdcd.cdcdcdcd
case=spherical index=22 internal off=22c words=cdcdcdcd.cdcdcdcd.cdcdcdcd.cdcdcdcd
case=spherical index=22 actors a=match b=match
case=spherical index=22 type=3 is_spherical=yes is_revolute=no
case=spherical index=22 flags=00000009 projection_mode=1
case=spherical index=22 saved anchor0=3fd3d426.3f45f6fc.c0312b31 anchor1=40132ae7.3f103e58.c06a3bca
case=spherical index=22 saved axis0=3e4dd4f0.3f606728.3edfe31b axis1=bf180a6a.beb90c34.3f380216
case=spherical index=22 saved normal0=3de2fb7b.3ed8aa3b.bf6634dc normal1=bf0c585f.bef1b4a4.bf30bb26
case=spherical index=22 saved swing_axis=3f19999a.00000000.3f4ccccd projection_distance=3e800000 flags=00000009 projection_mode=1
case=spherical index=22 saved twist_limit=bf000000.3e800000.3f800000.3f400000.00000000.3f000000 swing_limit=3f200000.3f000000.3f400000
case=spherical index=22 saved twist_spring=40000000.3f000000.3e000000 swing_spring=40400000.3f800000.3ec00000 joint_spring=40800000.40000000.00000000
case=spherical index=22 saved max_force=7f7fffff max_torque=7f7fffff flags=00000002 actors a=match b=match
case=spherical index=22 scene_joints when=before_release count=1 enumerated=1 order=3 self=yes end=null
case=spherical index=22 released=yes
case=spherical index=22 scene_joints when=after_release count=0 enumerated=0 order=none self=no end=null
case=point_on_line index=22 in_anchor=3f800000.40000000.40400000 in_axis=3f19999a.bf4ccccd.00000000
case=point_on_line index=22 created=yes
case=point_on_line index=22 out_anchor=3f7fffed.40000000.403fffff out_axis=3f199998.bf4cccc3.3133c7c8 state=0
case=point_on_line index=22 abi_sret cases=2 flags=0 mismatches=0
case=point_on_line index=22 abi_sret_values anchor=3f7fffed.40000000.403fffff axis=3f199998.bf4cccc3.3133c7c8
case=point_on_line index=22 internal off=04c words=3de2fb7b.3ed8aa3b.bf6634dc.bf0c585f.bef1b4a4.bf30bb26.3f792a24.be6ab86b
case=point_on_line index=22 internal off=06c words=3c4617c7.bf16bdbd.3f4dd6f8.bda86a25.3e4dd4f0.3f606728.3edfe31b.bf180a6a
case=point_on_line index=22 internal off=08c words=beb90c34.3f380216.3fd3d426.3f45f6fc.c0312b31.40132ae7.3f103e58.c06a3bca
case=point_on_line index=22 internal off=0ac words=bee386df.bf0e344a.3e9a64a8.3f2284eb.bee46439.3f02826c.bf3b9b78.bd828270
case=point_on_line index=22 internal off=0cc words=3de2fb7b.3ed8aa3b.bf6634dc.bf0c585f.bef1b4a4.bf30bb26.3f792a24.be6ab86b
case=point_on_line index=22 internal off=0ec words=3c4617c7.bf16bdbd.3f4dd6f8.bda86a25.3e4dd4f0.3f606728.3edfe31b.bf180a6a
case=point_on_line index=22 internal off=10c words=beb90c34.3f380216.3fd3d426.3f45f6fc.c0312b31.40132ae7.3f103e58.c06a3bca
case=point_on_line index=22 internal off=12c words=bee386df.bf0e344a.3e9a64a8.3f2284eb.bee46439.3f02826c.bf3b9b78.bd828270
case=point_on_line index=22 actors a=match b=match
case=point_on_line index=22 type=4 is_point_on_line=yes is_revolute=no
case=point_on_line index=22 saved anchor0=3fd3d426.3f45f6fc.c0312b31 anchor1=40132ae7.3f103e58.c06a3bca
case=point_on_line index=22 saved axis0=3e4dd4f0.3f606728.3edfe31b axis1=bf180a6a.beb90c34.3f380216
case=point_on_line index=22 saved normal0=3de2fb7b.3ed8aa3b.bf6634dc normal1=bf0c585f.bef1b4a4.bf30bb26
case=point_on_line index=22 saved max_force=7f7fffff max_torque=7f7fffff flags=00000002 actors a=match b=match
case=point_on_line index=22 scene_joints when=before_release count=1 enumerated=1 order=4 self=yes end=null
case=point_on_line index=22 released=yes
case=point_on_line index=22 scene_joints when=after_release count=0 enumerated=0 order=none self=no end=null
case=point_in_plane index=22 in_anchor=3f800000.40000000.40400000 in_axis=3f19999a.bf4ccccd.00000000
case=point_in_plane index=22 created=yes
case=point_in_plane index=22 out_anchor=3f7fffed.40000000.403fffff out_axis=3f199998.bf4cccc3.3133c7c8 state=0
case=point_in_plane index=22 abi_sret cases=2 flags=0 mismatches=0
case=point_in_plane index=22 abi_sret_values anchor=3f7fffed.40000000.403fffff axis=3f199998.bf4cccc3.3133c7c8
case=point_in_plane index=22 internal off=04c words=3de2fb7b.3ed8aa3b.bf6634dc.bf0c585f.bef1b4a4.bf30bb26.3f792a24.be6ab86b
case=point_in_plane index=22 internal off=06c words=3c4617c7.bf16bdbd.3f4dd6f8.bda86a25.3e4dd4f0.3f606728.3edfe31b.bf180a6a
case=point_in_plane index=22 internal off=08c words=beb90c34.3f380216.3fd3d426.3f45f6fc.c0312b31.40132ae7.3f103e58.c06a3bca
case=point_in_plane index=22 internal off=0ac words=bee386df.bf0e344a.3e9a64a8.3f2284eb.bee46439.3f02826c.bf3b9b78.bd828270
case=point_in_plane index=22 internal off=0cc words=3de2fb7b.3ed8aa3b.bf6634dc.bf0c585f.bef1b4a4.bf30bb26.3f792a24.be6ab86b
case=point_in_plane index=22 internal off=0ec words=3c4617c7.bf16bdbd.3f4dd6f8.bda86a25.3e4dd4f0.3f606728.3edfe31b.bf180a6a
case=point_in_plane index=22 internal off=10c words=beb90c34.3f380216.3fd3d426.3f45f6fc.c0312b31.40132ae7.3f103e58.c06a3bca
case=point_in_plane index=22 internal off=12c words=bee386df.bf0e344a.3e9a64a8.3f2284eb.bee46439.3f02826c.bf3b9b78.bd828270
case=point_in_plane index=22 actors a=match b=match
case=point_in_plane index=22 type=5 is_point_in_plane=yes is_revolute=no
case=point_in_plane index=22 saved anchor0=3fd3d426.3f45f6fc.c0312b31 anchor1=40132ae7.3f103e58.c06a3bca
case=point_in_plane index=22 saved axis0=3e4dd4f0.3f606728.3edfe31b axis1=bf180a6a.beb90c34.3f380216
case=point_in_plane index=22 saved normal0=3de2fb7b.3ed8aa3b.bf6634dc normal1=bf0c585f.bef1b4a4.bf30bb26
case=point_in_plane index=22 saved max_force=7f7fffff max_torque=7f7fffff flags=00000002 actors a=match b=match
case=point_in_plane index=22 scene_joints when=before_release count=1 enumerated=1 order=5 self=yes end=null
case=point_in_plane index=22 released=yes
case=point_in_plane index=22 scene_joints when=after_release count=0 enumerated=0 order=none self=no end=null
case=distance index=22 in_anchor=3f800000.40000000.40400000 in_axis=3f19999a.bf4ccccd.00000000 max_distance=40200000 min_distance=3f000000 spring=41200000.3f000000.3e800000 flags=00000007
case=distance index=22 created=yes
case=distance index=22 out_anchor=3f7fffed.40000000.403fffff out_axis=3f199998.bf4cccc3.3133c7c8 state=0
case=distance index=22 abi_sret cases=2 flags=0 mismatches=0
case=distance index=22 abi_sret_values anchor=3f7fffed.40000000.403fffff axis=3f199998.bf4cccc3.3133c7c8
case=distance index=22 internal off=04c words=3de2fb7b.3ed8aa3b.bf6634dc.bf0c585f.bef1b4a4.bf30bb26.3f792a24.be6ab86b
case=distance index=22 internal off=06c words=3c4617c7.bf16bdbd.3f4dd6f8.bda86a25.3e4dd4f0.3f606728.3edfe31b.bf180a6a
case=distance index=22 internal off=08c words=beb90c34.3f380216.3fd3d426.3f45f6fc.c0312b31.40132ae7.3f103e58.c06a3bca
case=distance index=22 internal off=0ac words=bee386df.bf0e344a.3e9a64a8.3f2284eb.bee46439.3f02826c.bf3b9b78.bd828270
case=distance index=22 internal off=0cc words=3de2fb7b.3ed8aa3b.bf6634dc.bf0c585f.bef1b4a4.bf30bb26.3f792a24.be6ab86b
case=distance index=22 internal off=0ec words=3c4617c7.bf16bdbd.3f4dd6f8.bda86a25.3e4dd4f0.3f606728.3edfe31b.bf180a6a
case=distance index=22 internal off=10c words=beb90c34.3f380216.3fd3d426.3f45f6fc.c0312b31.40132ae7.3f103e58.c06a3bca
case=distance index=22 internal off=12c words=bee386df.bf0e344a.3e9a64a8.3f2284eb.bee46439.3f02826c.bf3b9b78.bd828270
case=distance index=22 internal off=16c words=40200000.3f000000.41200000.3f000000.3e800000.00000007
case=distance index=22 actors a=match b=match
case=distance index=22 type=6 is_distance=yes is_revolute=no
case=distance index=22 saved max_distance=40200000 min_distance=3f000000 spring=41200000.3f000000.3e800000 flags=00000007
case=distance index=22 saved anchor0=3fd3d426.3f45f6fc.c0312b31 anchor1=40132ae7.3f103e58.c06a3bca
case=distance index=22 saved axis0=3e4dd4f0.3f606728.3edfe31b axis1=bf180a6a.beb90c34.3f380216
case=distance index=22 saved normal0=3de2fb7b.3ed8aa3b.bf6634dc normal1=bf0c585f.bef1b4a4.bf30bb26
case=distance index=22 saved max_force=7f7fffff max_torque=7f7fffff flags=00000002 actors a=match b=match
case=distance index=22 scene_joints when=before_release count=1 enumerated=1 order=6 self=yes end=null
case=distance index=22 released=yes
case=distance index=22 scene_joints when=after_release count=0 enumerated=0 order=none self=no end=null
case=pulley index=22 in_anchor=3f800000.40000000.40400000 in_axis=3f19999a.bf4ccccd.00000000
case=pulley index=22 in_pulley0=00000000.40a00000.00000000 in_pulley1=40800000.40a00000.00000000 distance=40c00000 stiffness=3f400000 ratio=3fc00000 flags=00000001
case=pulley index=22 created=yes
case=pulley index=22 out_anchor=3f7fffed.40000000.403fffff out_axis=3f199998.bf4cccc3.3133c7c8 state=0
case=pulley index=22 abi_sret cases=2 flags=0 mismatches=0
case=pulley index=22 abi_sret_values anchor=3f7fffed.40000000.403fffff axis=3f199998.bf4cccc3.3133c7c8
case=pulley index=22 internal off=04c words=3de2fb7b.3ed8aa3b.bf6634dc.bf0c585f.bef1b4a4.bf30bb26.3f792a24.be6ab86b
case=pulley index=22 internal off=06c words=3c4617c7.bf16bdbd.3f4dd6f8.bda86a25.3e4dd4f0.3f606728.3edfe31b.bf180a6a
case=pulley index=22 internal off=08c words=beb90c34.3f380216.3fd3d426.3f45f6fc.c0312b31.40132ae7.3f103e58.c06a3bca
case=pulley index=22 internal off=0ac words=bee386df.bf0e344a.3e9a64a8.3f2284eb.bee46439.3f02826c.bf3b9b78.bd828270
case=pulley index=22 internal off=0cc words=3de2fb7b.3ed8aa3b.bf6634dc.bf0c585f.bef1b4a4.bf30bb26.3f792a24.be6ab86b
case=pulley index=22 internal off=0ec words=3c4617c7.bf16bdbd.3f4dd6f8.bda86a25.3e4dd4f0.3f606728.3edfe31b.bf180a6a
case=pulley index=22 internal off=10c words=beb90c34.3f380216.3fd3d426.3f45f6fc.c0312b31.40132ae7.3f103e58.c06a3bca
case=pulley index=22 internal off=12c words=bee386df.bf0e344a.3e9a64a8.3f2284eb.bee46439.3f02826c.bf3b9b78.bd828270
case=pulley index=22 actors a=match b=match
case=pulley index=22 type=7 is_pulley=yes is_distance=no
case=pulley index=22 saved pulley0=00000000.40a00000.00000000 pulley1=40800000.40a00000.00000000
case=pulley index=22 saved distance=40c00000 stiffness=3f400000 ratio=3fc00000 flags=00000001
case=pulley index=22 saved anchor0=3fd3d426.3f45f6fc.c0312b31 anchor1=40132ae7.3f103e58.c06a3bca
case=pulley index=22 saved axis0=3e4dd4f0.3f606728.3edfe31b axis1=bf180a6a.beb90c34.3f380216
case=pulley index=22 saved normal0=3de2fb7b.3ed8aa3b.bf6634dc normal1=bf0c585f.bef1b4a4.bf30bb26
case=pulley index=22 saved max_force=7f7fffff max_torque=7f7fffff flags=00000002 actors a=match b=match
case=pulley index=22 scene_joints when=before_release count=1 enumerated=1 order=7 self=yes end=null
case=pulley index=22 released=yes
case=pulley index=22 scene_joints when=after_release count=0 enumerated=0 order=none self=no end=null
case=fixed index=22 in_anchor=3f800000.40000000.40400000 in_axis=3f19999a.bf4ccccd.00000000
case=fixed index=22 created=yes
case=fixed index=22 out_anchor=3f7fffed.40000000.403fffff out_axis=3f199998.bf4cccc3.3133c7c8 state=0
case=fixed index=22 abi_sret cases=2 flags=0 mismatches=0
case=fixed index=22 abi_sret_values anchor=3f7fffed.40000000.403fffff axis=3f199998.bf4cccc3.3133c7c8
case=fixed index=22 internal off=04c words=3de2fb7b.3ed8aa3b.bf6634dc.bf0c585f.bef1b4a4.bf30bb26.3f792a24.be6ab86b
case=fixed index=22 internal off=06c words=3c4617c7.bf16bdbd.3f4dd6f8.bda86a25.3e4dd4f0.3f606728.3edfe31b.bf180a6a
case=fixed index=22 internal off=08c words=beb90c34.3f380216.3fd3d426.3f45f6fc.c0312b31.40132ae7.3f103e58.c06a3bca
case=fixed index=22 internal off=0ac words=bee386df.bf0e344a.3e9a64a8.3f2284eb.bee46439.3f02826c.bf3b9b78.bd828270
case=fixed index=22 internal off=0cc words=3de2fb7b.3ed8aa3b.bf6634dc.bf0c585f.bef1b4a4.bf30bb26.3f792a24.be6ab86b
case=fixed index=22 internal off=0ec words=3c4617c7.bf16bdbd.3f4dd6f8.bda86a25.3e4dd4f0.3f606728.3edfe31b.bf180a6a
case=fixed index=22 internal off=10c words=beb90c34.3f380216.3fd3d426.3f45f6fc.c0312b31.40132ae7.3f103e58.c06a3bca
case=fixed index=22 internal off=12c words=bee386df.bf0e344a.3e9a64a8.3f2284eb.bee46439.3f02826c.bf3b9b78.bd828270
case=fixed index=22 internal off=16c words=403e3a09.40793aaa.bcce5840.3d6e3390.3e300fdb.3f6b9cc1.3eb15b45
case=fixed index=22 actors a=match b=match
case=fixed index=22 type=8 is_fixed=yes is_pulley=no
case=fixed index=22 saved anchor0=3fd3d426.3f45f6fc.c0312b31 anchor1=40132ae7.3f103e58.c06a3bca
case=fixed index=22 saved axis0=3e4dd4f0.3f606728.3edfe31b axis1=bf180a6a.beb90c34.3f380216
case=fixed index=22 saved normal0=3de2fb7b.3ed8aa3b.bf6634dc normal1=bf0c585f.bef1b4a4.bf30bb26
case=fixed index=22 saved max_force=7f7fffff max_torque=7f7fffff flags=00000002 actors a=match b=match
case=fixed index=22 scene_joints when=before_release count=1 enumerated=1 order=8 self=yes end=null
case=fixed index=22 released=yes
case=fixed index=22 scene_joints when=after_release count=0 enumerated=0 order=none self=no end=null
case=d6 index=22 in_anchor=3f800000.40000000.40400000 in_axis=3f19999a.bf4ccccd.00000000
case=d6 index=22 in motions=0.1.2.1.1.2
case=d6 index=22 in linear=3f000000.3e800000.3f400000 twist_low=bf000000.3e000000.3f600000 twist_high=3f400000.3e800000.3f200000
case=d6 index=22 in swing1=3f200000.3ec00000.3f000000 swing2=3ec00000.3d800000.3f700000
case=d6 index=22 in drive_x=00000001.40000000.3f800000.42c80000
case=d6 index=22 in drive_y=00000002.40400000.3fc00000.42ca0000
case=d6 index=22 in drive_z=00000001.40800000.40000000.42cc0000
case=d6 index=22 in drive_swing=00000002.40a00000.40200000.42ce0000
case=d6 index=22 in drive_twist=00000001.40c00000.40400000.42d00000
case=d6 index=22 in drive_spherical=00000002.40e00000.40600000.42d20000
case=d6 index=22 in use_spherical=1 drive_position=3f800000.40000000.40400000 drive_orientation=00000000.3f19999a.00000000.3f4ccccd
case=d6 index=22 in drive_linear_velocity=3f000000.bf000000.3fc00000 drive_angular_velocity=be800000.3e000000.40200000
case=d6 index=22 in projection distance=3e000000 angle=3d800000 mode=1
case=d6 index=22 created=yes
case=d6 index=22 out_anchor=3f7fffed.40000000.403fffff out_axis=3f199998.bf4cccc3.3133c7c8 state=0
case=d6 index=22 abi_sret cases=2 flags=0 mismatches=0
case=d6 index=22 abi_sret_values anchor=3f7fffed.40000000.403fffff axis=3f199998.bf4cccc3.3133c7c8
case=d6 index=22 internal off=04c words=3de2fb7b.3ed8aa3b.bf6634dc.bf0c585f.bef1b4a4.bf30bb26.3f792a24.be6ab86b
case=d6 index=22 internal off=06c words=3c4617c7.bf16bdbd.3f4dd6f8.bda86a25.3e4dd4f0.3f606728.3edfe31b.bf180a6a
case=d6 index=22 internal off=08c words=beb90c34.3f380216.3fd3d426.3f45f6fc.c0312b31.40132ae7.3f103e58.c06a3bca
case=d6 index=22 internal off=0ac words=bee386df.bf0e344a.3e9a64a8.3f2284eb.bee46439.3f02826c.bf3b9b78.bd828270
case=d6 index=22 internal off=0cc words=3de2fb7b.3ed8aa3b.bf6634dc.bf0c585f.bef1b4a4.bf30bb26.3f792a24.be6ab86b
case=d6 index=22 internal off=0ec words=3c4617c7.bf16bdbd.3f4dd6f8.bda86a25.3e4dd4f0.3f606728.3edfe31b.bf180a6a
case=d6 index=22 internal off=10c words=beb90c34.3f380216.3fd3d426.3f45f6fc.c0312b31.40132ae7.3f103e58.c06a3bca
case=d6 index=22 internal off=12c words=bee386df.bf0e344a.3e9a64a8.3f2284eb.bee46439.3f02826c.bf3b9b78.bd828270
case=d6 index=22 internal off=16c words=00000000.00000001.00000002.00000001.00000001.00000002.3f000000.3e800000
case=d6 index=22 internal off=18c words=3f400000.3f200000.3ec00000.3f000000.3ec00000.3d800000.3f700000.bf000000
case=d6 index=22 internal off=1ac words=3e000000.3f600000.3f400000.3e800000.3f200000.00000001.40000000.3f800000
case=d6 index=22 internal off=1cc words=42c80000.00000002.40400000.3fc00000.42ca0000.00000001.40800000.40000000
case=d6 index=22 internal off=1ec words=42cc0000.00000000.00000000.00000000.7f7fffff.00000000.00000000.00000000
case=d6 index=22 internal off=20c words=7f7fffff.00000000.00000000.00000000.7f7fffff.cdcdcd01.3f800000.40000000
case=d6 index=22 internal off=22c words=40400000.00000000.3f19999a.00000000.3f4ccccd.3f000000.bf000000.3fc00000
case=d6 index=22 internal off=24c words=be800000.3e000000.40200000.3e000000.3d800000.3f7399f5.cdcdcdcd.3f6e35bf
case=d6 index=22 internal off=26c words=cdcd0101
case=d6 index=22 actors a=match b=match
case=d6 index=22 type=9 is_d6=yes is_fixed=no
case=d6 index=22 saved motions=2.0.2.0.2.0
case=d6 index=22 saved linear=41100000.3f000000.3f000000 twist_low=c1100000.3e000000.3f600000 twist_high=41180000.3e800000.3f200000
case=d6 index=22 saved swing1=41000000.3ec00000.3f000000 swing2=40e00000.3d800000.3f700000
case=d6 index=22 saved drive_x=00000001.41a00000.41200000.42c80000
case=d6 index=22 saved drive_y=00000002.41a80000.41280000.42ca0000
case=d6 index=22 saved drive_z=00000001.41b00000.41300000.42cc0000
case=d6 index=22 saved drive_swing=00000002.41b80000.41380000.42ce0000
case=d6 index=22 saved drive_twist=00000001.41c00000.41400000.42d00000
case=d6 index=22 saved drive_spherical=00000002.41c80000.41480000.42d20000
case=d6 index=22 saved use_spherical=1 drive_position=41300000.41400000.41500000 drive_orientation=3f000000.3f000000.3f000000.3f000000
case=d6 index=22 saved drive_linear_velocity=41a80000.41b00000.41b80000 drive_angular_velocity=41f80000.42000000.42040000
case=d6 index=22 saved projection distance=42c60000 angle=42c40000 mode=1
case=d6 index=22 saved anchor0=3fd3d426.3f45f6fc.c0312b31 anchor1=40132ae7.3f103e58.c06a3bca
case=d6 index=22 saved axis0=3e4dd4f0.3f606728.3edfe31b axis1=bf180a6a.beb90c34.3f380216
case=d6 index=22 saved normal0=3de2fb7b.3ed8aa3b.bf6634dc normal1=bf0c585f.bef1b4a4.bf30bb26
case=d6 index=22 saved max_force=7f7fffff max_torque=7f7fffff flags=00000002 actors a=match b=match
case=d6 index=22 drive_contended reports=1 code=2 line=40
case=d6 index=22 drive_orientation_contended reports=1 code=2 line=47
case=d6 index=22 drive_linear_velocity_contended reports=1 code=2 line=54
case=d6 index=22 drive_angular_velocity_contended reports=1 code=2 line=61
case=d6 index=22 drive_setters=called
case=d6 index=22 resaved motions=2.0.2.0.2.0
case=d6 index=22 resaved linear=41100000.3f000000.3f000000 twist_low=c1100000.3e000000.3f600000 twist_high=41180000.3e800000.3f200000
case=d6 index=22 resaved swing1=41000000.3ec00000.3f000000 swing2=40e00000.3d800000.3f700000
case=d6 index=22 resaved drive_x=00000001.41a00000.41200000.42c80000
case=d6 index=22 resaved drive_y=00000002.41a80000.41280000.42ca0000
case=d6 index=22 resaved drive_z=00000001.41b00000.41300000.42cc0000
case=d6 index=22 resaved drive_swing=00000002.41b80000.41380000.42ce0000
case=d6 index=22 resaved drive_twist=00000001.41c00000.41400000.42d00000
case=d6 index=22 resaved drive_spherical=00000002.41c80000.41480000.42d20000
case=d6 index=22 resaved use_spherical=1 drive_position=41300000.41400000.41500000 drive_orientation=3f000000.3f000000.3f000000.3f000000
case=d6 index=22 resaved drive_linear_velocity=41a80000.41b00000.41b80000 drive_angular_velocity=41f80000.42000000.42040000
case=d6 index=22 resaved projection distance=42c60000 angle=42c40000 mode=1
case=d6 index=22 scene_joints when=before_release count=1 enumerated=1 order=9 self=yes end=null
case=d6 index=22 released=yes
case=d6 index=22 scene_joints when=after_release count=0 enumerated=0 order=none self=no end=null
case=revolute index=23 in_anchor=bfc00000.3e800000.41000000 in_axis=3dcdbcfd.3e4dbcfd.3f797526
case=revolute index=23 created=yes
case=revolute index=23 out_anchor=bfc0000e.3e800028.41000000 out_axis=3dcdbd04.3e4dbcf9.3f79751f state=0
case=revolute index=23 abi_sret cases=2 flags=0 mismatches=0
case=revolute index=23 abi_sret_values anchor=bfc0000e.3e800028.41000000 axis=3dcdbd04.3e4dbcf9.3f79751f
case=revolute index=23 internal off=04c words=3f600d83.3ea1e72b.3ebb7000.bf4591f6.3ee8fa38.3ee37124.bec8be00.3f682edc
case=revolute index=23 internal off=06c words=3e1d9d4e.be6b8b9c.bf59dbc4.3ef1b64c.3e911442.3e8e764b.bf6af272.bf17c56a
case=revolute index=23 internal off=08c words=be8639d9.bf42ede3.bf4793ab.40600a4f.c0eb0af2.3fb4f45b.c086d287.c0ddd909
case=revolute index=23 internal off=0ac words=3f0786d0.3f0b7141.be7e344f.3f19e6b9.3ea6bc39.bf4b316c.bed0e046.be9fe3a9
case=revolute index=23 internal off=0cc words=3f600d83.3ea1e72b.3ebb7000.bf4591f6.3ee8fa38.3ee37124.bec8be00.3f682edc
case=revolute index=23 internal off=0ec words=3e1d9d4e.be6b8b9c.bf59dbc4.3ef1b64c.3e911442.3e8e764b.bf6af272.bf17c56a
case=revolute index=23 internal off=10c words=be8639d9.bf42ede3.bf4793ab.40600a4f.c0eb0af2.3fb4f45b.c086d287.c0ddd909
case=revolute index=23 internal off=12c words=3f0786d0.3f0b7141.be7e344f.3f19e6b9.3ea6bc39.bf4b316c.bed0e046.be9fe3a9
case=revolute index=23 internal off=16c words=00000000.00000000.3f800000.00000000.00000000.3f800000.7f7fffff.00000000
case=revolute index=23 internal off=18c words=00000000.00000000.00000000.00000000.3f800000.3f7f06ff.3db25bff.00000000
case=revolute index=23 internal off=1ac words=cdcdcdcd.cdcdcdcd.cdcdcdcd.cdcdcdcd.cdcdcdcd.cdcdcdcd.cdcdcdcd.cdcdcdcd
case=revolute index=23 internal off=1cc words=cdcdcdcd.cdcdcdcd.cdcdcdcd.cdcdcdcd.cdcdcdcd.cdcdcdcd.cdcdcdcd.cdcdcdcd
case=revolute index=23 internal off=1ec words=cdcdcdcd.cdcdcdcd.cdcdcdcd.cdcdcdcd.cdcdcdcd.cdcdcdcd
case=revolute index=23 actors a=match b=match
case=revolute index=23 saved anchor0=bf4793ab.40600a4f.c0eb0af2 anchor1=3fb4f45b.c086d287.c0ddd909
case=revolute index=23 saved axis0=3e911442.3e8e764b.bf6af272 axis1=bf17c56a.be8639d9.bf42ede3
case=revolute index=23 saved normal0=3f600d83.3ea1e72b.3ebb7000 normal1=bf4591f6.3ee8fa38.3ee37124
case=revolute index=23 scene_joints when=before_release count=1 enumerated=1 order=1 self=yes end=null
case=revolute index=23 released=yes
case=revolute index=23 scene_joints when=after_release count=0 enumerated=0 order=none self=no end=null
case=prismatic index=23 in_anchor=bfc00000.3e800000.41000000 in_axis=3dcdbcfd.3e4dbcfd.3f797526
case=prismatic index=23 created=yes
case=prismatic index=23 out_anchor=bfc0000e.3e800028.41000000 out_axis=3dcdbd04.3e4dbcf9.3f79751f state=0
case=prismatic index=23 abi_sret cases=2 flags=0 mismatches=0
case=prismatic index=23 abi_sret_values anchor=bfc0000e.3e800028.41000000 axis=3dcdbd04.3e4dbcf9.3f79751f
case=prismatic index=23 internal off=04c words=3f600d83.3ea1e72b.3ebb7000.bf4591f6.3ee8fa38.3ee37124.bec8be00.3f682edc
case=prismatic index=23 internal off=06c words=3e1d9d4e.be6b8b9c.bf59dbc4.3ef1b64c.3e911442.3e8e764b.bf6af272.bf17c56a
case=prismatic index=23 internal off=08c words=be8639d9.bf42ede3.bf4793ab.40600a4f.c0eb0af2.3fb4f45b.c086d287.c0ddd909
case=prismatic index=23 internal off=0ac words=3f0786d0.3f0b7141.be7e344f.3f19e6b9.3ea6bc39.bf4b316c.bed0e046.be9fe3a9
case=prismatic index=23 internal off=0cc words=3f600d83.3ea1e72b.3ebb7000.bf4591f6.3ee8fa38.3ee37124.bec8be00.3f682edc
case=prismatic index=23 internal off=0ec words=3e1d9d4e.be6b8b9c.bf59dbc4.3ef1b64c.3e911442.3e8e764b.bf6af272.bf17c56a
case=prismatic index=23 internal off=10c words=be8639d9.bf42ede3.bf4793ab.40600a4f.c0eb0af2.3fb4f45b.c086d287.c0ddd909
case=prismatic index=23 internal off=12c words=3f0786d0.3f0b7141.be7e344f.3f19e6b9.3ea6bc39.bf4b316c.bed0e046.be9fe3a9
case=prismatic index=23 internal off=16c words=3d6e3390.3e300fdb.3f6b9cc1.3eb15b45
case=prismatic index=23 actors a=match b=match
case=prismatic index=23 type=0 is_prismatic=yes is_revolute=no
case=prismatic index=23 saved anchor0=bf4793ab.40600a4f.c0eb0af2 anchor1=3fb4f45b.c086d287.c0ddd909
case=prismatic index=23 saved axis0=3e911442.3e8e764b.bf6af272 axis1=bf17c56a.be8639d9.bf42ede3
case=prismatic index=23 saved normal0=3f600d83.3ea1e72b.3ebb7000 normal1=bf4591f6.3ee8fa38.3ee37124
case=prismatic index=23 saved max_force=7f7fffff max_torque=7f7fffff flags=00000002 actors a=match b=match
case=prismatic index=23 scene_joints when=before_release count=1 enumerated=1 order=0 self=yes end=null
case=prismatic index=23 released=yes
case=prismatic index=23 scene_joints when=after_release count=0 enumerated=0 order=none self=no end=null
case=cylindrical index=23 in_anchor=bfc00000.3e800000.41000000 in_axis=3dcdbcfd.3e4dbcfd.3f797526
case=cylindrical index=23 created=yes
case=cylindrical index=23 out_anchor=bfc0000e.3e800028.41000000 out_axis=3dcdbd04.3e4dbcf9.3f79751f state=0
case=cylindrical index=23 abi_sret cases=2 flags=0 mismatches=0
case=cylindrical index=23 abi_sret_values anchor=bfc0000e.3e800028.41000000 axis=3dcdbd04.3e4dbcf9.3f79751f
case=cylindrical index=23 internal off=04c words=3f600d83.3ea1e72b.3ebb7000.bf4591f6.3ee8fa38.3ee37124.bec8be00.3f682edc
case=cylindrical index=23 internal off=06c words=3e1d9d4e.be6b8b9c.bf59dbc4.3ef1b64c.3e911442.3e8e764b.bf6af272.bf17c56a
case=cylindrical index=23 internal off=08c words=be8639d9.bf42ede3.bf4793ab.40600a4f.c0eb0af2.3fb4f45b.c086d287.c0ddd909
case=cylindrical index=23 internal off=0ac words=3f0786d0.3f0b7141.be7e344f.3f19e6b9.3ea6bc39.bf4b316c.bed0e046.be9fe3a9
case=cylindrical index=23 internal off=0cc words=3f600d83.3ea1e72b.3ebb7000.bf4591f6.3ee8fa38.3ee37124.bec8be00.3f682edc
case=cylindrical index=23 internal off=0ec words=3e1d9d4e.be6b8b9c.bf59dbc4.3ef1b64c.3e911442.3e8e764b.bf6af272.bf17c56a
case=cylindrical index=23 internal off=10c words=be8639d9.bf42ede3.bf4793ab.40600a4f.c0eb0af2.3fb4f45b.c086d287.c0ddd909
case=cylindrical index=23 internal off=12c words=3f0786d0.3f0b7141.be7e344f.3f19e6b9.3ea6bc39.bf4b316c.bed0e046.be9fe3a9
case=cylindrical index=23 actors a=match b=match
case=cylindrical index=23 type=2 is_cylindrical=yes is_prismatic=no
case=cylindrical index=23 saved anchor0=bf4793ab.40600a4f.c0eb0af2 anchor1=3fb4f45b.c086d287.c0ddd909
case=cylindrical index=23 saved axis0=3e911442.3e8e764b.bf6af272 axis1=bf17c56a.be8639d9.bf42ede3
case=cylindrical index=23 saved normal0=3f600d83.3ea1e72b.3ebb7000 normal1=bf4591f6.3ee8fa38.3ee37124
case=cylindrical index=23 saved max_force=7f7fffff max_torque=7f7fffff flags=00000002 actors a=match b=match
case=cylindrical index=23 scene_joints when=before_release count=1 enumerated=1 order=2 self=yes end=null
case=cylindrical index=23 released=yes
case=cylindrical index=23 scene_joints when=after_release count=0 enumerated=0 order=none self=no end=null
case=spherical index=23 in_anchor=bfc00000.3e800000.41000000 in_axis=3dcdbcfd.3e4dbcfd.3f797526
case=spherical index=23 created=yes
case=spherical index=23 out_anchor=bfc0000e.3e800028.41000000 out_axis=3dcdbd04.3e4dbcf9.3f79751f state=0
case=spherical index=23 abi_sret cases=2 flags=0 mismatches=0
case=spherical index=23 abi_sret_values anchor=bfc0000e.3e800028.41000000 axis=3dcdbd04.3e4dbcf9.3f79751f
case=spherical index=23 internal off=04c words=3f600d83.3ea1e72b.3ebb7000.bf4591f6.3ee8fa38.3ee37124.bec8be00.3f682edc
case=spherical index=23 internal off=06c words=3e1d9d4e.be6b8b9c.bf59dbc4.3ef1b64c.3e911442.3e8e764b.bf6af272.bf17c56a
case=spherical index=23 internal off=08c words=be8639d9.bf42ede3.bf4793ab.40600a4f.c0eb0af2.3fb4f45b.c086d287.c0ddd909
case=spherical index=23 internal off=0ac words=3f0786d0.3f0b7141.be7e344f.3f19e6b9.3ea6bc39.bf4b316c.bed0e046.be9fe3a9
case=spherical index=23 internal off=0cc words=3f600d83.3ea1e72b.3ebb7000.bf4591f6.3ee8fa38.3ee37124.bec8be00.3f682edc
case=spherical index=23 internal off=0ec words=3e1d9d4e.be6b8b9c.bf59dbc4.3ef1b64c.3e911442.3e8e764b.bf6af272.bf17c56a
case=spherical index=23 internal off=10c words=be8639d9.bf42ede3.bf4793ab.40600a4f.c0eb0af2.3fb4f45b.c086d287.c0ddd909
case=spherical index=23 internal off=12c words=3f0786d0.3f0b7141.be7e344f.3f19e6b9.3ea6bc39.bf4b316c.bed0e046.be9fe3a9
case=spherical index=23 internal off=16c words=bf000000.3e800000.3f800000.3f400000.00000000.3f000000.3f200000.3f000000
case=spherical index=23 internal off=18c words=3f400000.40000000.3f000000.3e000000.40400000.3f800000.3ec00000.40800000
case=spherical index=23 internal off=1ac words=40000000.00000000.3f19999a.00000000.3f4ccccd.3f40769d.3ed31c89.bf03b9f5
case=spherical index=23 internal off=1cc words=3f4f9b47.00000009.3e800000.cdcdcdcd.cdcdcdcd.cdcdcdcd.cdcdcdcd.cdcdcdcd
case=spherical index=23 internal off=1ec words=cdcdcdcd.cdcdcdcd.cdcdcdcd.cdcdcdcd.cdcdcdcd.cdcdcdcd.cdcdcdcd.cdcdcdcd
case=spherical index=23 internal off=20c words=cdcdcdcd.cdcdcdcd.cdcdcdcd.cdcdcdcd.cdcdcdcd.cdcdcdcd.cdcdcdcd.cdcdcdcd
case=spherical index=23 internal off=22c words=cdcdcdcd.cdcdcdcd.cdcdcdcd.cdcdcdcd
case=spherical index=23 actors a=match b=match
case=spherical index=23 type=3 is_spherical=yes is_revolute=no
case=spherical index=23 flags=00000009 projection_mode=1
case=spherical index=23 saved anchor0=bf4793ab.40600a4f.c0eb0af2 anchor1=3fb4f45b.c086d287.c0ddd909
case=spherical index=23 saved axis0=3e911442.3e8e764b.bf6af272 axis1=bf17c56a.be8639d9.bf42ede3
case=spherical index=23 saved normal0=3f600d83.3ea1e72b.3ebb7000 normal1=bf4591f6.3ee8fa38.3ee37124
case=spherical index=23 saved swing_axis=3f19999a.00000000.3f4ccccd projection_distance=3e800000 flags=00000009 projection_mode=1
case=spherical index=23 saved twist_limit=bf000000.3e800000.3f800000.3f400000.00000000.3f000000 swing_limit=3f200000.3f000000.3f400000
case=spherical index=23 saved twist_spring=40000000.3f000000.3e000000 swing_spring=40400000.3f800000.3ec00000 joint_spring=40800000.40000000.00000000
case=spherical index=23 saved max_force=7f7fffff max_torque=7f7fffff flags=00000002 actors a=match b=match
case=spherical index=23 scene_joints when=before_release count=1 enumerated=1 order=3 self=yes end=null
case=spherical index=23 released=yes
case=spherical index=23 scene_joints when=after_release count=0 enumerated=0 order=none self=no end=null
case=point_on_line index=23 in_anchor=bfc00000.3e800000.41000000 in_axis=3dcdbcfd.3e4dbcfd.3f797526
case=point_on_line index=23 created=yes
case=point_on_line index=23 out_anchor=bfc0000e.3e800028.41000000 out_axis=3dcdbd04.3e4dbcf9.3f79751f state=0
case=point_on_line index=23 abi_sret cases=2 flags=0 mismatches=0
case=point_on_line index=23 abi_sret_values anchor=bfc0000e.3e800028.41000000 axis=3dcdbd04.3e4dbcf9.3f79751f
case=point_on_line index=23 internal off=04c words=3f600d83.3ea1e72b.3ebb7000.bf4591f6.3ee8fa38.3ee37124.bec8be00.3f682edc
case=point_on_line index=23 internal off=06c words=3e1d9d4e.be6b8b9c.bf59dbc4.3ef1b64c.3e911442.3e8e764b.bf6af272.bf17c56a
case=point_on_line index=23 internal off=08c words=be8639d9.bf42ede3.bf4793ab.40600a4f.c0eb0af2.3fb4f45b.c086d287.c0ddd909
case=point_on_line index=23 internal off=0ac words=3f0786d0.3f0b7141.be7e344f.3f19e6b9.3ea6bc39.bf4b316c.bed0e046.be9fe3a9
case=point_on_line index=23 internal off=0cc words=3f600d83.3ea1e72b.3ebb7000.bf4591f6.3ee8fa38.3ee37124.bec8be00.3f682edc
case=point_on_line index=23 internal off=0ec words=3e1d9d4e.be6b8b9c.bf59dbc4.3ef1b64c.3e911442.3e8e764b.bf6af272.bf17c56a
case=point_on_line index=23 internal off=10c words=be8639d9.bf42ede3.bf4793ab.40600a4f.c0eb0af2.3fb4f45b.c086d287.c0ddd909
case=point_on_line index=23 internal off=12c words=3f0786d0.3f0b7141.be7e344f.3f19e6b9.3ea6bc39.bf4b316c.bed0e046.be9fe3a9
case=point_on_line index=23 actors a=match b=match
case=point_on_line index=23 type=4 is_point_on_line=yes is_revolute=no
case=point_on_line index=23 saved anchor0=bf4793ab.40600a4f.c0eb0af2 anchor1=3fb4f45b.c086d287.c0ddd909
case=point_on_line index=23 saved axis0=3e911442.3e8e764b.bf6af272 axis1=bf17c56a.be8639d9.bf42ede3
case=point_on_line index=23 saved normal0=3f600d83.3ea1e72b.3ebb7000 normal1=bf4591f6.3ee8fa38.3ee37124
case=point_on_line index=23 saved max_force=7f7fffff max_torque=7f7fffff flags=00000002 actors a=match b=match
case=point_on_line index=23 scene_joints when=before_release count=1 enumerated=1 order=4 self=yes end=null
case=point_on_line index=23 released=yes
case=point_on_line index=23 scene_joints when=after_release count=0 enumerated=0 order=none self=no end=null
case=point_in_plane index=23 in_anchor=bfc00000.3e800000.41000000 in_axis=3dcdbcfd.3e4dbcfd.3f797526
case=point_in_plane index=23 created=yes
case=point_in_plane index=23 out_anchor=bfc0000e.3e800028.41000000 out_axis=3dcdbd04.3e4dbcf9.3f79751f state=0
case=point_in_plane index=23 abi_sret cases=2 flags=0 mismatches=0
case=point_in_plane index=23 abi_sret_values anchor=bfc0000e.3e800028.41000000 axis=3dcdbd04.3e4dbcf9.3f79751f
case=point_in_plane index=23 internal off=04c words=3f600d83.3ea1e72b.3ebb7000.bf4591f6.3ee8fa38.3ee37124.bec8be00.3f682edc
case=point_in_plane index=23 internal off=06c words=3e1d9d4e.be6b8b9c.bf59dbc4.3ef1b64c.3e911442.3e8e764b.bf6af272.bf17c56a
case=point_in_plane index=23 internal off=08c words=be8639d9.bf42ede3.bf4793ab.40600a4f.c0eb0af2.3fb4f45b.c086d287.c0ddd909
case=point_in_plane index=23 internal off=0ac words=3f0786d0.3f0b7141.be7e344f.3f19e6b9.3ea6bc39.bf4b316c.bed0e046.be9fe3a9
case=point_in_plane index=23 internal off=0cc words=3f600d83.3ea1e72b.3ebb7000.bf4591f6.3ee8fa38.3ee37124.bec8be00.3f682edc
case=point_in_plane index=23 internal off=0ec words=3e1d9d4e.be6b8b9c.bf59dbc4.3ef1b64c.3e911442.3e8e764b.bf6af272.bf17c56a
case=point_in_plane index=23 internal off=10c words=be8639d9.bf42ede3.bf4793ab.40600a4f.c0eb0af2.3fb4f45b.c086d287.c0ddd909
case=point_in_plane index=23 internal off=12c words=3f0786d0.3f0b7141.be7e344f.3f19e6b9.3ea6bc39.bf4b316c.bed0e046.be9fe3a9
case=point_in_plane index=23 actors a=match b=match
case=point_in_plane index=23 type=5 is_point_in_plane=yes is_revolute=no
case=point_in_plane index=23 saved anchor0=bf4793ab.40600a4f.c0eb0af2 anchor1=3fb4f45b.c086d287.c0ddd909
case=point_in_plane index=23 saved axis0=3e911442.3e8e764b.bf6af272 axis1=bf17c56a.be8639d9.bf42ede3
case=point_in_plane index=23 saved normal0=3f600d83.3ea1e72b.3ebb7000 normal1=bf4591f6.3ee8fa38.3ee37124
case=point_in_plane index=23 saved max_force=7f7fffff max_torque=7f7fffff flags=00000002 actors a=match b=match
case=point_in_plane index=23 scene_joints when=before_release count=1 enumerated=1 order=5 self=yes end=null
case=point_in_plane index=23 released=yes
case=point_in_plane index=23 scene_joints when=after_release count=0 enumerated=0 order=none self=no end=null
case=distance index=23 in_anchor=bfc00000.3e800000.41000000 in_axis=3dcdbcfd.3e4dbcfd.3f797526 max_distance=40200000 min_distance=3f000000 spring=41200000.3f000000.3e800000 flags=00000007
case=distance index=23 created=yes
case=distance index=23 out_anchor=bfc0000e.3e800028.41000000 out_axis=3dcdbd04.3e4dbcf9.3f79751f state=0
case=distance index=23 abi_sret cases=2 flags=0 mismatches=0
case=distance index=23 abi_sret_values anchor=bfc0000e.3e800028.41000000 axis=3dcdbd04.3e4dbcf9.3f79751f
case=distance index=23 internal off=04c words=3f600d83.3ea1e72b.3ebb7000.bf4591f6.3ee8fa38.3ee37124.bec8be00.3f682edc
case=distance index=23 internal off=06c words=3e1d9d4e.be6b8b9c.bf59dbc4.3ef1b64c.3e911442.3e8e764b.bf6af272.bf17c56a
case=distance index=23 internal off=08c words=be8639d9.bf42ede3.bf4793ab.40600a4f.c0eb0af2.3fb4f45b.c086d287.c0ddd909
case=distance index=23 internal off=0ac words=3f0786d0.3f0b7141.be7e344f.3f19e6b9.3ea6bc39.bf4b316c.bed0e046.be9fe3a9
case=distance index=23 internal off=0cc words=3f600d83.3ea1e72b.3ebb7000.bf4591f6.3ee8fa38.3ee37124.bec8be00.3f682edc
case=distance index=23 internal off=0ec words=3e1d9d4e.be6b8b9c.bf59dbc4.3ef1b64c.3e911442.3e8e764b.bf6af272.bf17c56a
case=distance index=23 internal off=10c words=be8639d9.bf42ede3.bf4793ab.40600a4f.c0eb0af2.3fb4f45b.c086d287.c0ddd909
case=distance index=23 internal off=12c words=3f0786d0.3f0b7141.be7e344f.3f19e6b9.3ea6bc39.bf4b316c.bed0e046.be9fe3a9
case=distance index=23 internal off=16c words=40200000.3f000000.41200000.3f000000.3e800000.00000007
case=distance index=23 actors a=match b=match
case=distance index=23 type=6 is_distance=yes is_revolute=no
case=distance index=23 saved max_distance=40200000 min_distance=3f000000 spring=41200000.3f000000.3e800000 flags=00000007
case=distance index=23 saved anchor0=bf4793ab.40600a4f.c0eb0af2 anchor1=3fb4f45b.c086d287.c0ddd909
case=distance index=23 saved axis0=3e911442.3e8e764b.bf6af272 axis1=bf17c56a.be8639d9.bf42ede3
case=distance index=23 saved normal0=3f600d83.3ea1e72b.3ebb7000 normal1=bf4591f6.3ee8fa38.3ee37124
case=distance index=23 saved max_force=7f7fffff max_torque=7f7fffff flags=00000002 actors a=match b=match
case=distance index=23 scene_joints when=before_release count=1 enumerated=1 order=6 self=yes end=null
case=distance index=23 released=yes
case=distance index=23 scene_joints when=after_release count=0 enumerated=0 order=none self=no end=null
case=pulley index=23 in_anchor=bfc00000.3e800000.41000000 in_axis=3dcdbcfd.3e4dbcfd.3f797526
case=pulley index=23 in_pulley0=00000000.40a00000.00000000 in_pulley1=40800000.40a00000.00000000 distance=40c00000 stiffness=3f400000 ratio=3fc00000 flags=00000001
case=pulley index=23 created=yes
case=pulley index=23 out_anchor=bfc0000e.3e800028.41000000 out_axis=3dcdbd04.3e4dbcf9.3f79751f state=0
case=pulley index=23 abi_sret cases=2 flags=0 mismatches=0
case=pulley index=23 abi_sret_values anchor=bfc0000e.3e800028.41000000 axis=3dcdbd04.3e4dbcf9.3f79751f
case=pulley index=23 internal off=04c words=3f600d83.3ea1e72b.3ebb7000.bf4591f6.3ee8fa38.3ee37124.bec8be00.3f682edc
case=pulley index=23 internal off=06c words=3e1d9d4e.be6b8b9c.bf59dbc4.3ef1b64c.3e911442.3e8e764b.bf6af272.bf17c56a
case=pulley index=23 internal off=08c words=be8639d9.bf42ede3.bf4793ab.40600a4f.c0eb0af2.3fb4f45b.c086d287.c0ddd909
case=pulley index=23 internal off=0ac words=3f0786d0.3f0b7141.be7e344f.3f19e6b9.3ea6bc39.bf4b316c.bed0e046.be9fe3a9
case=pulley index=23 internal off=0cc words=3f600d83.3ea1e72b.3ebb7000.bf4591f6.3ee8fa38.3ee37124.bec8be00.3f682edc
case=pulley index=23 internal off=0ec words=3e1d9d4e.be6b8b9c.bf59dbc4.3ef1b64c.3e911442.3e8e764b.bf6af272.bf17c56a
case=pulley index=23 internal off=10c words=be8639d9.bf42ede3.bf4793ab.40600a4f.c0eb0af2.3fb4f45b.c086d287.c0ddd909
case=pulley index=23 internal off=12c words=3f0786d0.3f0b7141.be7e344f.3f19e6b9.3ea6bc39.bf4b316c.bed0e046.be9fe3a9
case=pulley index=23 actors a=match b=match
case=pulley index=23 type=7 is_pulley=yes is_distance=no
case=pulley index=23 saved pulley0=00000000.40a00000.00000000 pulley1=40800000.40a00000.00000000
case=pulley index=23 saved distance=40c00000 stiffness=3f400000 ratio=3fc00000 flags=00000001
case=pulley index=23 saved anchor0=bf4793ab.40600a4f.c0eb0af2 anchor1=3fb4f45b.c086d287.c0ddd909
case=pulley index=23 saved axis0=3e911442.3e8e764b.bf6af272 axis1=bf17c56a.be8639d9.bf42ede3
case=pulley index=23 saved normal0=3f600d83.3ea1e72b.3ebb7000 normal1=bf4591f6.3ee8fa38.3ee37124
case=pulley index=23 saved max_force=7f7fffff max_torque=7f7fffff flags=00000002 actors a=match b=match
case=pulley index=23 scene_joints when=before_release count=1 enumerated=1 order=7 self=yes end=null
case=pulley index=23 released=yes
case=pulley index=23 scene_joints when=after_release count=0 enumerated=0 order=none self=no end=null
case=fixed index=23 in_anchor=bfc00000.3e800000.41000000 in_axis=3dcdbcfd.3e4dbcfd.3f797526
case=fixed index=23 created=yes
case=fixed index=23 out_anchor=bfc0000e.3e800028.41000000 out_axis=3dcdbd04.3e4dbcf9.3f79751f state=0
case=fixed index=23 abi_sret cases=2 flags=0 mismatches=0
case=fixed index=23 abi_sret_values anchor=bfc0000e.3e800028.41000000 axis=3dcdbd04.3e4dbcf9.3f79751f
case=fixed index=23 internal off=04c words=3f600d83.3ea1e72b.3ebb7000.bf4591f6.3ee8fa38.3ee37124.bec8be00.3f682edc
case=fixed index=23 internal off=06c words=3e1d9d4e.be6b8b9c.bf59dbc4.3ef1b64c.3e911442.3e8e764b.bf6af272.bf17c56a
case=fixed index=23 internal off=08c words=be8639d9.bf42ede3.bf4793ab.40600a4f.c0eb0af2.3fb4f45b.c086d287.c0ddd909
case=fixed index=23 internal off=0ac words=3f0786d0.3f0b7141.be7e344f.3f19e6b9.3ea6bc39.bf4b316c.bed0e046.be9fe3a9
case=fixed index=23 internal off=0cc words=3f600d83.3ea1e72b.3ebb7000.bf4591f6.3ee8fa38.3ee37124.bec8be00.3f682edc
case=fixed index=23 internal off=0ec words=3e1d9d4e.be6b8b9c.bf59dbc4.3ef1b64c.3e911442.3e8e764b.bf6af272.bf17c56a
case=fixed index=23 internal off=10c words=be8639d9.bf42ede3.bf4793ab.40600a4f.c0eb0af2.3fb4f45b.c086d287.c0ddd909
case=fixed index=23 internal off=12c words=3f0786d0.3f0b7141.be7e344f.3f19e6b9.3ea6bc39.bf4b316c.bed0e046.be9fe3a9
case=fixed index=23 internal off=16c words=403e3a09.40793aaa.bcce5840.3d6e3390.3e300fdb.3f6b9cc1.3eb15b45
case=fixed index=23 actors a=match b=match
case=fixed index=23 type=8 is_fixed=yes is_pulley=no
case=fixed index=23 saved anchor0=bf4793ab.40600a4f.c0eb0af2 anchor1=3fb4f45b.c086d287.c0ddd909
case=fixed index=23 saved axis0=3e911442.3e8e764b.bf6af272 axis1=bf17c56a.be8639d9.bf42ede3
case=fixed index=23 saved normal0=3f600d83.3ea1e72b.3ebb7000 normal1=bf4591f6.3ee8fa38.3ee37124
case=fixed index=23 saved max_force=7f7fffff max_torque=7f7fffff flags=00000002 actors a=match b=match
case=fixed index=23 scene_joints when=before_release count=1 enumerated=1 order=8 self=yes end=null
case=fixed index=23 released=yes
case=fixed index=23 scene_joints when=after_release count=0 enumerated=0 order=none self=no end=null
case=d6 index=23 in_anchor=bfc00000.3e800000.41000000 in_axis=3dcdbcfd.3e4dbcfd.3f797526
case=d6 index=23 in motions=0.1.2.1.1.2
case=d6 index=23 in linear=3f000000.3e800000.3f400000 twist_low=bf000000.3e000000.3f600000 twist_high=3f400000.3e800000.3f200000
case=d6 index=23 in swing1=3f200000.3ec00000.3f000000 swing2=3ec00000.3d800000.3f700000
case=d6 index=23 in drive_x=00000001.40000000.3f800000.42c80000
case=d6 index=23 in drive_y=00000002.40400000.3fc00000.42ca0000
case=d6 index=23 in drive_z=00000001.40800000.40000000.42cc0000
case=d6 index=23 in drive_swing=00000002.40a00000.40200000.42ce0000
case=d6 index=23 in drive_twist=00000001.40c00000.40400000.42d00000
case=d6 index=23 in drive_spherical=00000002.40e00000.40600000.42d20000
case=d6 index=23 in use_spherical=1 drive_position=3f800000.40000000.40400000 drive_orientation=00000000.3f19999a.00000000.3f4ccccd
case=d6 index=23 in drive_linear_velocity=3f000000.bf000000.3fc00000 drive_angular_velocity=be800000.3e000000.40200000
case=d6 index=23 in projection distance=3e000000 angle=3d800000 mode=1
case=d6 index=23 created=yes
case=d6 index=23 out_anchor=bfc0000e.3e800028.41000000 out_axis=3dcdbd04.3e4dbcf9.3f79751f state=0
case=d6 index=23 abi_sret cases=2 flags=0 mismatches=0
case=d6 index=23 abi_sret_values anchor=bfc0000e.3e800028.41000000 axis=3dcdbd04.3e4dbcf9.3f79751f
case=d6 index=23 internal off=04c words=3f600d83.3ea1e72b.3ebb7000.bf4591f6.3ee8fa38.3ee37124.bec8be00.3f682edc
case=d6 index=23 internal off=06c words=3e1d9d4e.be6b8b9c.bf59dbc4.3ef1b64c.3e911442.3e8e764b.bf6af272.bf17c56a
case=d6 index=23 internal off=08c words=be8639d9.bf42ede3.bf4793ab.40600a4f.c0eb0af2.3fb4f45b.c086d287.c0ddd909
case=d6 index=23 internal off=0ac words=3f0786d0.3f0b7141.be7e344f.3f19e6b9.3ea6bc39.bf4b316c.bed0e046.be9fe3a9
case=d6 index=23 internal off=0cc words=3f600d83.3ea1e72b.3ebb7000.bf4591f6.3ee8fa38.3ee37124.bec8be00.3f682edc
case=d6 index=23 internal off=0ec words=3e1d9d4e.be6b8b9c.bf59dbc4.3ef1b64c.3e911442.3e8e764b.bf6af272.bf17c56a
case=d6 index=23 internal off=10c words=be8639d9.bf42ede3.bf4793ab.40600a4f.c0eb0af2.3fb4f45b.c086d287.c0ddd909
case=d6 index=23 internal off=12c words=3f0786d0.3f0b7141.be7e344f.3f19e6b9.3ea6bc39.bf4b316c.bed0e046.be9fe3a9
case=d6 index=23 internal off=16c words=00000000.00000001.00000002.00000001.00000001.00000002.3f000000.3e800000
case=d6 index=23 internal off=18c words=3f400000.3f200000.3ec00000.3f000000.3ec00000.3d800000.3f700000.bf000000
case=d6 index=23 internal off=1ac words=3e000000.3f600000.3f400000.3e800000.3f200000.00000001.40000000.3f800000
case=d6 index=23 internal off=1cc words=42c80000.00000002.40400000.3fc00000.42ca0000.00000001.40800000.40000000
case=d6 index=23 internal off=1ec words=42cc0000.00000000.00000000.00000000.7f7fffff.00000000.00000000.00000000
case=d6 index=23 internal off=20c words=7f7fffff.00000000.00000000.00000000.7f7fffff.cdcdcd01.3f800000.40000000
case=d6 index=23 internal off=22c words=40400000.00000000.3f19999a.00000000.3f4ccccd.3f000000.bf000000.3fc00000
case=d6 index=23 internal off=24c words=be800000.3e000000.40200000.3e000000.3d800000.3f7399f5.cdcdcdcd.3f6e35bf
case=d6 index=23 internal off=26c words=cdcd0101
case=d6 index=23 actors a=match b=match
case=d6 index=23 type=9 is_d6=yes is_fixed=no
case=d6 index=23 saved motions=2.0.2.0.2.0
case=d6 index=23 saved linear=41100000.3f000000.3f000000 twist_low=c1100000.3e000000.3f600000 twist_high=41180000.3e800000.3f200000
case=d6 index=23 saved swing1=41000000.3ec00000.3f000000 swing2=40e00000.3d800000.3f700000
case=d6 index=23 saved drive_x=00000001.41a00000.41200000.42c80000
case=d6 index=23 saved drive_y=00000002.41a80000.41280000.42ca0000
case=d6 index=23 saved drive_z=00000001.41b00000.41300000.42cc0000
case=d6 index=23 saved drive_swing=00000002.41b80000.41380000.42ce0000
case=d6 index=23 saved drive_twist=00000001.41c00000.41400000.42d00000
case=d6 index=23 saved drive_spherical=00000002.41c80000.41480000.42d20000
case=d6 index=23 saved use_spherical=1 drive_position=41300000.41400000.41500000 drive_orientation=3f000000.3f000000.3f000000.3f000000
case=d6 index=23 saved drive_linear_velocity=41a80000.41b00000.41b80000 drive_angular_velocity=41f80000.42000000.42040000
case=d6 index=23 saved projection distance=42c60000 angle=42c40000 mode=1
case=d6 index=23 saved anchor0=bf4793ab.40600a4f.c0eb0af2 anchor1=3fb4f45b.c086d287.c0ddd909
case=d6 index=23 saved axis0=3e911442.3e8e764b.bf6af272 axis1=bf17c56a.be8639d9.bf42ede3
case=d6 index=23 saved normal0=3f600d83.3ea1e72b.3ebb7000 normal1=bf4591f6.3ee8fa38.3ee37124
case=d6 index=23 saved max_force=7f7fffff max_torque=7f7fffff flags=00000002 actors a=match b=match
case=d6 index=23 drive_contended reports=1 code=2 line=40
case=d6 index=23 drive_orientation_contended reports=1 code=2 line=47
case=d6 index=23 drive_linear_velocity_contended reports=1 code=2 line=54
case=d6 index=23 drive_angular_velocity_contended reports=1 code=2 line=61
case=d6 index=23 drive_setters=called
case=d6 index=23 resaved motions=2.0.2.0.2.0
case=d6 index=23 resaved linear=41100000.3f000000.3f000000 twist_low=c1100000.3e000000.3f600000 twist_high=41180000.3e800000.3f200000
case=d6 index=23 resaved swing1=41000000.3ec00000.3f000000 swing2=40e00000.3d800000.3f700000
case=d6 index=23 resaved drive_x=00000001.41a00000.41200000.42c80000
case=d6 index=23 resaved drive_y=00000002.41a80000.41280000.42ca0000
case=d6 index=23 resaved drive_z=00000001.41b00000.41300000.42cc0000
case=d6 index=23 resaved drive_swing=00000002.41b80000.41380000.42ce0000
case=d6 index=23 resaved drive_twist=00000001.41c00000.41400000.42d00000
case=d6 index=23 resaved drive_spherical=00000002.41c80000.41480000.42d20000
case=d6 index=23 resaved use_spherical=1 drive_position=41300000.41400000.41500000 drive_orientation=3f000000.3f000000.3f000000.3f000000
case=d6 index=23 resaved drive_linear_velocity=41a80000.41b00000.41b80000 drive_angular_velocity=41f80000.42000000.42040000
case=d6 index=23 resaved projection distance=42c60000 angle=42c40000 mode=1
case=d6 index=23 scene_joints when=before_release count=1 enumerated=1 order=9 self=yes end=null
case=d6 index=23 released=yes
case=d6 index=23 scene_joints when=after_release count=0 enumerated=0 order=none self=no end=null
posed_scene=near_xy released
sdk=released
modules pair=2 trusted_system=11 rejected=0
loaded module=NxPhysics.dll path=C:\Users\raynorpat\.codex\worktrees\nxphysics-contact-report-scene-release\Novodex\build\pairs\oracle\NxPhysics.dll sha256=4b7db3e126735c576f79fe5666e6fa661de9724b2a78808bb0924325ac79602c
loaded module=NxFoundation.dll path=C:\Users\raynorpat\.codex\worktrees\nxphysics-contact-report-scene-release\Novodex\build\pairs\oracle\NxFoundation.dll sha256=7e0596e45af2f1ab937a948100528e51c80dfd02b295ba678898081883ae0990
child_stdout_end
child_stderr_begin
child_stderr_end
pass: NxPhysicsJointStagedPairTests/oracle reported the staged identity: loaded module=NxPhysics.dll path=C:\Users\raynorpat\.codex\worktrees\nxphysics-contact-report-scene-release\Novodex\build\pairs\oracle\NxPhysics.dll sha256=4b7db3e126735c576f79fe5666e6fa661de9724b2a78808bb0924325ac79602c
pass: NxPhysicsJointStagedPairTests/oracle reported the staged identity: loaded module=NxFoundation.dll path=C:\Users\raynorpat\.codex\worktrees\nxphysics-contact-report-scene-release\Novodex\build\pairs\oracle\NxFoundation.dll sha256=7e0596e45af2f1ab937a948100528e51c80dfd02b295ba678898081883ae0990
pass: test target is built: C:\Users\raynorpat\.codex\worktrees\nxphysics-contact-report-scene-release\Novodex\build\Release\NxPhysicsJointStagedPairTests.exe
child target=NxPhysicsJointStagedPairTests pair=candidate command="C:\Users\raynorpat\.codex\worktrees\nxphysics-contact-report-scene-release\Novodex\build\Release\NxPhysicsJointStagedPairTests.exe" "C:\Users\raynorpat\.codex\worktrees\nxphysics-contact-report-scene-release\Novodex\build\pairs\candidate" exit=0
child_stdout_begin
pair_directory=C:\Users\raynorpat\.codex\worktrees\nxphysics-contact-report-scene-release\Novodex\build\pairs\candidate
modules pair=2 trusted_system=7 rejected=0
loaded module=NxPhysics.dll path=C:\Users\raynorpat\.codex\worktrees\nxphysics-contact-report-scene-release\Novodex\build\pairs\candidate\NxPhysics.dll sha256=74b466dde168e268a53f6ef99195c60ac4db329e184466da7852182275954251
loaded module=NxFoundation.dll path=C:\Users\raynorpat\.codex\worktrees\nxphysics-contact-report-scene-release\Novodex\build\pairs\candidate\NxFoundation.dll sha256=d5f080bbc8367d0e73435f3b04aebde2352cad53ba0d33225e5c05e630cc2a34
export=NxCreatePhysicsSDK present=yes
export=NxJointDesc_SetGlobalAnchor present=yes
export=NxJointDesc_SetGlobalAxis present=yes
version=0x02010200
sdk=created
scene=created
fixture=a,created b,created
case=revolute index=0 in_anchor=00000000.00000000.00000000 in_axis=3f800000.00000000.00000000
case=revolute index=0 created=yes
case=revolute index=0 out_anchor=00000000.00000000.00000000 out_axis=3f800000.00000000.00000000 state=0
case=revolute index=0 abi_sret cases=2 flags=0 mismatches=0
case=revolute index=0 abi_sret_values anchor=00000000.00000000.00000000 axis=40000000.00000000.00000000
case=revolute index=0 actors a=match b=match
case=revolute index=0 saved anchor0=00000000.00000000.00000000 anchor1=c0800000.00000000.00000000
case=revolute index=0 saved axis0=3f800000.00000000.00000000 axis1=3f800000.00000000.00000000
case=revolute index=0 saved normal0=00000000.00000000.3f800000 normal1=00000000.00000000.3f800000
case=revolute index=0 scene_joints when=before_release count=1 enumerated=1 order=1 self=yes end=null
case=revolute index=0 released=yes
case=revolute index=0 scene_joints when=after_release count=0 enumerated=0 order=none self=no end=null
case=revolute index=1 in_anchor=3f800000.40000000.40400000 in_axis=00000000.3f800000.00000000
case=revolute index=1 created=yes
case=revolute index=1 out_anchor=3f800000.40000000.40400000 out_axis=00000000.3f800000.00000000 state=0
case=revolute index=1 abi_sret cases=2 flags=0 mismatches=0
case=revolute index=1 abi_sret_values anchor=3f800000.40000000.40400000 axis=3f800000.3f800000.00000000
case=revolute index=1 actors a=match b=match
case=revolute index=1 saved anchor0=3f800000.40000000.40400000 anchor1=c0400000.40000000.40400000
case=revolute index=1 saved axis0=00000000.3f800000.00000000 axis1=00000000.3f800000.00000000
case=revolute index=1 saved normal0=00000000.00000000.3f800000 normal1=00000000.00000000.3f800000
case=revolute index=1 scene_joints when=before_release count=1 enumerated=1 order=1 self=yes end=null
case=revolute index=1 released=yes
case=revolute index=1 scene_joints when=after_release count=0 enumerated=0 order=none self=no end=null
case=revolute index=2 in_anchor=bfc00000.3e800000.41000000 in_axis=00000000.00000000.3f800000
case=revolute index=2 created=yes
case=revolute index=2 out_anchor=bfc00000.3e800000.41000000 out_axis=00000000.00000000.3f800000 state=0
case=revolute index=2 abi_sret cases=2 flags=0 mismatches=0
case=revolute index=2 abi_sret_values anchor=bfc00000.3e800000.41000000 axis=3f800000.00000000.3f800000
case=revolute index=2 actors a=match b=match
case=revolute index=2 saved anchor0=bfc00000.3e800000.41000000 anchor1=c0b00000.3e800000.41000000
case=revolute index=2 saved axis0=00000000.00000000.3f800000 axis1=00000000.00000000.3f800000
case=revolute index=2 saved normal0=3f800000.00000000.00000000 normal1=3f800000.00000000.00000000
case=revolute index=2 scene_joints when=before_release count=1 enumerated=1 order=1 self=yes end=null
case=revolute index=2 released=yes
case=revolute index=2 scene_joints when=after_release count=0 enumerated=0 order=none self=no end=null
case=revolute index=3 in_anchor=40000000.40800000.00000000 in_axis=3f000000.3f000000.3f000000
case=revolute index=3 created=yes
case=revolute index=3 out_anchor=40000000.40800000.00000000 out_axis=3f13cd3a.3f13cd3a.3f13cd3a state=0
case=revolute index=3 abi_sret cases=2 flags=0 mismatches=0
case=revolute index=3 abi_sret_values anchor=40000000.40800000.00000000 axis=3fc9e69d.3f13cd3a.3f13cd3a
case=revolute index=3 actors a=match b=match
case=revolute index=3 saved anchor0=40000000.40800000.00000000 anchor1=c0000000.40800000.00000000
case=revolute index=3 saved axis0=3f13cd3a.3f13cd3a.3f13cd3a axis1=3f13cd3a.3f13cd3a.3f13cd3a
case=revolute index=3 saved normal0=bed105ec.bed105ec.3f5105ec normal1=bed105ec.bed105ec.3f5105ec
case=revolute index=3 scene_joints when=before_release count=1 enumerated=1 order=1 self=yes end=null
case=revolute index=3 released=yes
case=revolute index=3 scene_joints when=after_release count=0 enumerated=0 order=none self=no end=null
case=prismatic index=0 in_anchor=00000000.00000000.00000000 in_axis=3f800000.00000000.00000000
case=prismatic index=0 created=yes
case=prismatic index=0 out_anchor=00000000.00000000.00000000 out_axis=3f800000.00000000.00000000 state=0
case=prismatic index=0 abi_sret cases=2 flags=0 mismatches=0
case=prismatic index=0 abi_sret_values anchor=00000000.00000000.00000000 axis=40000000.00000000.00000000
case=prismatic index=0 actors a=match b=match
case=prismatic index=0 type=0 is_prismatic=yes is_revolute=no
case=prismatic index=0 saved anchor0=00000000.00000000.00000000 anchor1=c0800000.00000000.00000000
case=prismatic index=0 saved axis0=3f800000.00000000.00000000 axis1=3f800000.00000000.00000000
case=prismatic index=0 saved normal0=00000000.00000000.3f800000 normal1=00000000.00000000.3f800000
case=prismatic index=0 saved max_force=7f7fffff max_torque=7f7fffff flags=00000002 actors a=match b=match
case=prismatic index=0 scene_joints when=before_release count=1 enumerated=1 order=0 self=yes end=null
case=prismatic index=0 released=yes
case=prismatic index=0 scene_joints when=after_release count=0 enumerated=0 order=none self=no end=null
case=prismatic index=3 in_anchor=40000000.40800000.00000000 in_axis=3f000000.3f000000.3f000000
case=prismatic index=3 created=yes
case=prismatic index=3 out_anchor=40000000.40800000.00000000 out_axis=3f13cd3a.3f13cd3a.3f13cd3a state=0
case=prismatic index=3 abi_sret cases=2 flags=0 mismatches=0
case=prismatic index=3 abi_sret_values anchor=40000000.40800000.00000000 axis=3fc9e69d.3f13cd3a.3f13cd3a
case=prismatic index=3 actors a=match b=match
case=prismatic index=3 type=0 is_prismatic=yes is_revolute=no
case=prismatic index=3 saved anchor0=40000000.40800000.00000000 anchor1=c0000000.40800000.00000000
case=prismatic index=3 saved axis0=3f13cd3a.3f13cd3a.3f13cd3a axis1=3f13cd3a.3f13cd3a.3f13cd3a
case=prismatic index=3 saved normal0=bed105ec.bed105ec.3f5105ec normal1=bed105ec.bed105ec.3f5105ec
case=prismatic index=3 saved max_force=7f7fffff max_torque=7f7fffff flags=00000002 actors a=match b=match
case=prismatic index=3 scene_joints when=before_release count=1 enumerated=1 order=0 self=yes end=null
case=prismatic index=3 released=yes
case=prismatic index=3 scene_joints when=after_release count=0 enumerated=0 order=none self=no end=null
case=cylindrical index=0 in_anchor=00000000.00000000.00000000 in_axis=3f800000.00000000.00000000
case=cylindrical index=0 created=yes
case=cylindrical index=0 out_anchor=00000000.00000000.00000000 out_axis=3f800000.00000000.00000000 state=0
case=cylindrical index=0 abi_sret cases=2 flags=0 mismatches=0
case=cylindrical index=0 abi_sret_values anchor=00000000.00000000.00000000 axis=40000000.00000000.00000000
case=cylindrical index=0 actors a=match b=match
case=cylindrical index=0 type=2 is_cylindrical=yes is_prismatic=no
case=cylindrical index=0 saved anchor0=00000000.00000000.00000000 anchor1=c0800000.00000000.00000000
case=cylindrical index=0 saved axis0=3f800000.00000000.00000000 axis1=3f800000.00000000.00000000
case=cylindrical index=0 saved normal0=00000000.00000000.3f800000 normal1=00000000.00000000.3f800000
case=cylindrical index=0 saved max_force=7f7fffff max_torque=7f7fffff flags=00000002 actors a=match b=match
case=cylindrical index=0 scene_joints when=before_release count=1 enumerated=1 order=2 self=yes end=null
case=cylindrical index=0 released=yes
case=cylindrical index=0 scene_joints when=after_release count=0 enumerated=0 order=none self=no end=null
case=cylindrical index=3 in_anchor=40000000.40800000.00000000 in_axis=3f000000.3f000000.3f000000
case=cylindrical index=3 created=yes
case=cylindrical index=3 out_anchor=40000000.40800000.00000000 out_axis=3f13cd3a.3f13cd3a.3f13cd3a state=0
case=cylindrical index=3 abi_sret cases=2 flags=0 mismatches=0
case=cylindrical index=3 abi_sret_values anchor=40000000.40800000.00000000 axis=3fc9e69d.3f13cd3a.3f13cd3a
case=cylindrical index=3 actors a=match b=match
case=cylindrical index=3 type=2 is_cylindrical=yes is_prismatic=no
case=cylindrical index=3 saved anchor0=40000000.40800000.00000000 anchor1=c0000000.40800000.00000000
case=cylindrical index=3 saved axis0=3f13cd3a.3f13cd3a.3f13cd3a axis1=3f13cd3a.3f13cd3a.3f13cd3a
case=cylindrical index=3 saved normal0=bed105ec.bed105ec.3f5105ec normal1=bed105ec.bed105ec.3f5105ec
case=cylindrical index=3 saved max_force=7f7fffff max_torque=7f7fffff flags=00000002 actors a=match b=match
case=cylindrical index=3 scene_joints when=before_release count=1 enumerated=1 order=2 self=yes end=null
case=cylindrical index=3 released=yes
case=cylindrical index=3 scene_joints when=after_release count=0 enumerated=0 order=none self=no end=null
case=spherical index=0 in_anchor=00000000.00000000.00000000 in_axis=3f800000.00000000.00000000
case=spherical index=0 created=yes
case=spherical index=0 out_anchor=00000000.00000000.00000000 out_axis=3f800000.00000000.00000000 state=0
case=spherical index=0 abi_sret cases=2 flags=0 mismatches=0
case=spherical index=0 abi_sret_values anchor=00000000.00000000.00000000 axis=40000000.00000000.00000000
case=spherical index=0 actors a=match b=match
case=spherical index=0 type=3 is_spherical=yes is_revolute=no
case=spherical index=0 flags=00000009 projection_mode=1
case=spherical index=0 saved anchor0=00000000.00000000.00000000 anchor1=c0800000.00000000.00000000
case=spherical index=0 saved axis0=3f800000.00000000.00000000 axis1=3f800000.00000000.00000000
case=spherical index=0 saved normal0=00000000.00000000.3f800000 normal1=00000000.00000000.3f800000
case=spherical index=0 saved swing_axis=3f19999a.00000000.3f4ccccd projection_distance=3e800000 flags=00000009 projection_mode=1
case=spherical index=0 saved twist_limit=bf000000.3e800000.3f800000.3f400000.00000000.3f000000 swing_limit=3f200000.3f000000.3f400000
case=spherical index=0 saved twist_spring=40000000.3f000000.3e000000 swing_spring=40400000.3f800000.3ec00000 joint_spring=40800000.40000000.00000000
case=spherical index=0 saved max_force=7f7fffff max_torque=7f7fffff flags=00000002 actors a=match b=match
case=spherical index=0 scene_joints when=before_release count=1 enumerated=1 order=3 self=yes end=null
case=spherical index=0 released=yes
case=spherical index=0 scene_joints when=after_release count=0 enumerated=0 order=none self=no end=null
case=spherical index=3 in_anchor=40000000.40800000.00000000 in_axis=3f000000.3f000000.3f000000
case=spherical index=3 created=yes
case=spherical index=3 out_anchor=40000000.40800000.00000000 out_axis=3f13cd3a.3f13cd3a.3f13cd3a state=0
case=spherical index=3 abi_sret cases=2 flags=0 mismatches=0
case=spherical index=3 abi_sret_values anchor=40000000.40800000.00000000 axis=3fc9e69d.3f13cd3a.3f13cd3a
case=spherical index=3 actors a=match b=match
case=spherical index=3 type=3 is_spherical=yes is_revolute=no
case=spherical index=3 flags=00000009 projection_mode=1
case=spherical index=3 saved anchor0=40000000.40800000.00000000 anchor1=c0000000.40800000.00000000
case=spherical index=3 saved axis0=3f13cd3a.3f13cd3a.3f13cd3a axis1=3f13cd3a.3f13cd3a.3f13cd3a
case=spherical index=3 saved normal0=bed105ec.bed105ec.3f5105ec normal1=bed105ec.bed105ec.3f5105ec
case=spherical index=3 saved swing_axis=3f19999a.00000000.3f4ccccd projection_distance=3e800000 flags=00000009 projection_mode=1
case=spherical index=3 saved twist_limit=bf000000.3e800000.3f800000.3f400000.00000000.3f000000 swing_limit=3f200000.3f000000.3f400000
case=spherical index=3 saved twist_spring=40000000.3f000000.3e000000 swing_spring=40400000.3f800000.3ec00000 joint_spring=40800000.40000000.00000000
case=spherical index=3 saved max_force=7f7fffff max_torque=7f7fffff flags=00000002 actors a=match b=match
case=spherical index=3 scene_joints when=before_release count=1 enumerated=1 order=3 self=yes end=null
case=spherical index=3 released=yes
case=spherical index=3 scene_joints when=after_release count=0 enumerated=0 order=none self=no end=null
case=point_on_line index=0 in_anchor=00000000.00000000.00000000 in_axis=3f800000.00000000.00000000
case=point_on_line index=0 created=yes
case=point_on_line index=0 out_anchor=00000000.00000000.00000000 out_axis=3f800000.00000000.00000000 state=0
case=point_on_line index=0 abi_sret cases=2 flags=0 mismatches=0
case=point_on_line index=0 abi_sret_values anchor=00000000.00000000.00000000 axis=40000000.00000000.00000000
case=point_on_line index=0 actors a=match b=match
case=point_on_line index=0 type=4 is_point_on_line=yes is_revolute=no
case=point_on_line index=0 saved anchor0=00000000.00000000.00000000 anchor1=c0800000.00000000.00000000
case=point_on_line index=0 saved axis0=3f800000.00000000.00000000 axis1=3f800000.00000000.00000000
case=point_on_line index=0 saved normal0=00000000.00000000.3f800000 normal1=00000000.00000000.3f800000
case=point_on_line index=0 saved max_force=7f7fffff max_torque=7f7fffff flags=00000002 actors a=match b=match
case=point_on_line index=0 scene_joints when=before_release count=1 enumerated=1 order=4 self=yes end=null
case=point_on_line index=0 released=yes
case=point_on_line index=0 scene_joints when=after_release count=0 enumerated=0 order=none self=no end=null
case=point_on_line index=3 in_anchor=40000000.40800000.00000000 in_axis=3f000000.3f000000.3f000000
case=point_on_line index=3 created=yes
case=point_on_line index=3 out_anchor=40000000.40800000.00000000 out_axis=3f13cd3a.3f13cd3a.3f13cd3a state=0
case=point_on_line index=3 abi_sret cases=2 flags=0 mismatches=0
case=point_on_line index=3 abi_sret_values anchor=40000000.40800000.00000000 axis=3fc9e69d.3f13cd3a.3f13cd3a
case=point_on_line index=3 actors a=match b=match
case=point_on_line index=3 type=4 is_point_on_line=yes is_revolute=no
case=point_on_line index=3 saved anchor0=40000000.40800000.00000000 anchor1=c0000000.40800000.00000000
case=point_on_line index=3 saved axis0=3f13cd3a.3f13cd3a.3f13cd3a axis1=3f13cd3a.3f13cd3a.3f13cd3a
case=point_on_line index=3 saved normal0=bed105ec.bed105ec.3f5105ec normal1=bed105ec.bed105ec.3f5105ec
case=point_on_line index=3 saved max_force=7f7fffff max_torque=7f7fffff flags=00000002 actors a=match b=match
case=point_on_line index=3 scene_joints when=before_release count=1 enumerated=1 order=4 self=yes end=null
case=point_on_line index=3 released=yes
case=point_on_line index=3 scene_joints when=after_release count=0 enumerated=0 order=none self=no end=null
case=point_in_plane index=0 in_anchor=00000000.00000000.00000000 in_axis=3f800000.00000000.00000000
case=point_in_plane index=0 created=yes
case=point_in_plane index=0 out_anchor=00000000.00000000.00000000 out_axis=3f800000.00000000.00000000 state=0
case=point_in_plane index=0 abi_sret cases=2 flags=0 mismatches=0
case=point_in_plane index=0 abi_sret_values anchor=00000000.00000000.00000000 axis=40000000.00000000.00000000
case=point_in_plane index=0 actors a=match b=match
case=point_in_plane index=0 type=5 is_point_in_plane=yes is_revolute=no
case=point_in_plane index=0 saved anchor0=00000000.00000000.00000000 anchor1=c0800000.00000000.00000000
case=point_in_plane index=0 saved axis0=3f800000.00000000.00000000 axis1=3f800000.00000000.00000000
case=point_in_plane index=0 saved normal0=00000000.00000000.3f800000 normal1=00000000.00000000.3f800000
case=point_in_plane index=0 saved max_force=7f7fffff max_torque=7f7fffff flags=00000002 actors a=match b=match
case=point_in_plane index=0 scene_joints when=before_release count=1 enumerated=1 order=5 self=yes end=null
case=point_in_plane index=0 released=yes
case=point_in_plane index=0 scene_joints when=after_release count=0 enumerated=0 order=none self=no end=null
case=point_in_plane index=3 in_anchor=40000000.40800000.00000000 in_axis=3f000000.3f000000.3f000000
case=point_in_plane index=3 created=yes
case=point_in_plane index=3 out_anchor=40000000.40800000.00000000 out_axis=3f13cd3a.3f13cd3a.3f13cd3a state=0
case=point_in_plane index=3 abi_sret cases=2 flags=0 mismatches=0
case=point_in_plane index=3 abi_sret_values anchor=40000000.40800000.00000000 axis=3fc9e69d.3f13cd3a.3f13cd3a
case=point_in_plane index=3 actors a=match b=match
case=point_in_plane index=3 type=5 is_point_in_plane=yes is_revolute=no
case=point_in_plane index=3 saved anchor0=40000000.40800000.00000000 anchor1=c0000000.40800000.00000000
case=point_in_plane index=3 saved axis0=3f13cd3a.3f13cd3a.3f13cd3a axis1=3f13cd3a.3f13cd3a.3f13cd3a
case=point_in_plane index=3 saved normal0=bed105ec.bed105ec.3f5105ec normal1=bed105ec.bed105ec.3f5105ec
case=point_in_plane index=3 saved max_force=7f7fffff max_torque=7f7fffff flags=00000002 actors a=match b=match
case=point_in_plane index=3 scene_joints when=before_release count=1 enumerated=1 order=5 self=yes end=null
case=point_in_plane index=3 released=yes
case=point_in_plane index=3 scene_joints when=after_release count=0 enumerated=0 order=none self=no end=null
case=distance index=0 in_anchor=00000000.00000000.00000000 in_axis=3f800000.00000000.00000000 max_distance=40200000 min_distance=3f000000 spring=41200000.3f000000.3e800000 flags=00000007
case=distance index=0 created=yes
case=distance index=0 out_anchor=00000000.00000000.00000000 out_axis=3f800000.00000000.00000000 state=0
case=distance index=0 abi_sret cases=2 flags=0 mismatches=0
case=distance index=0 abi_sret_values anchor=00000000.00000000.00000000 axis=40000000.00000000.00000000
case=distance index=0 actors a=match b=match
case=distance index=0 type=6 is_distance=yes is_revolute=no
case=distance index=0 saved max_distance=40200000 min_distance=3f000000 spring=41200000.3f000000.3e800000 flags=00000007
case=distance index=0 saved anchor0=00000000.00000000.00000000 anchor1=c0800000.00000000.00000000
case=distance index=0 saved axis0=3f800000.00000000.00000000 axis1=3f800000.00000000.00000000
case=distance index=0 saved normal0=00000000.00000000.3f800000 normal1=00000000.00000000.3f800000
case=distance index=0 saved max_force=7f7fffff max_torque=7f7fffff flags=00000002 actors a=match b=match
case=distance index=0 scene_joints when=before_release count=1 enumerated=1 order=6 self=yes end=null
case=distance index=0 released=yes
case=distance index=0 scene_joints when=after_release count=0 enumerated=0 order=none self=no end=null
case=distance index=3 in_anchor=40000000.40800000.00000000 in_axis=3f000000.3f000000.3f000000 max_distance=3fa00000 min_distance=3fa00000 spring=00000000.00000000.00000000 flags=00000003
case=distance index=3 created=yes
case=distance index=3 out_anchor=40000000.40800000.00000000 out_axis=3f13cd3a.3f13cd3a.3f13cd3a state=0
case=distance index=3 abi_sret cases=2 flags=0 mismatches=0
case=distance index=3 abi_sret_values anchor=40000000.40800000.00000000 axis=3fc9e69d.3f13cd3a.3f13cd3a
case=distance index=3 actors a=match b=match
case=distance index=3 type=6 is_distance=yes is_revolute=no
case=distance index=3 saved max_distance=3fa00000 min_distance=3fa00000 spring=00000000.00000000.00000000 flags=00000003
case=distance index=3 saved anchor0=40000000.40800000.00000000 anchor1=c0000000.40800000.00000000
case=distance index=3 saved axis0=3f13cd3a.3f13cd3a.3f13cd3a axis1=3f13cd3a.3f13cd3a.3f13cd3a
case=distance index=3 saved normal0=bed105ec.bed105ec.3f5105ec normal1=bed105ec.bed105ec.3f5105ec
case=distance index=3 saved max_force=7f7fffff max_torque=7f7fffff flags=00000002 actors a=match b=match
case=distance index=3 scene_joints when=before_release count=1 enumerated=1 order=6 self=yes end=null
case=distance index=3 released=yes
case=distance index=3 scene_joints when=after_release count=0 enumerated=0 order=none self=no end=null
case=pulley index=0 in_anchor=00000000.00000000.00000000 in_axis=3f800000.00000000.00000000
case=pulley index=0 in_pulley0=00000000.40a00000.00000000 in_pulley1=40800000.40a00000.00000000 distance=40c00000 stiffness=3f400000 ratio=3fc00000 flags=00000001
case=pulley index=0 created=yes
case=pulley index=0 out_anchor=00000000.00000000.00000000 out_axis=3f800000.00000000.00000000 state=0
case=pulley index=0 abi_sret cases=2 flags=0 mismatches=0
case=pulley index=0 abi_sret_values anchor=00000000.00000000.00000000 axis=40000000.00000000.00000000
case=pulley index=0 actors a=match b=match
case=pulley index=0 type=7 is_pulley=yes is_distance=no
case=pulley index=0 saved pulley0=00000000.40a00000.00000000 pulley1=40800000.40a00000.00000000
case=pulley index=0 saved distance=40c00000 stiffness=3f400000 ratio=3fc00000 flags=00000001
case=pulley index=0 saved anchor0=00000000.00000000.00000000 anchor1=c0800000.00000000.00000000
case=pulley index=0 saved axis0=3f800000.00000000.00000000 axis1=3f800000.00000000.00000000
case=pulley index=0 saved normal0=00000000.00000000.3f800000 normal1=00000000.00000000.3f800000
case=pulley index=0 saved max_force=7f7fffff max_torque=7f7fffff flags=00000002 actors a=match b=match
case=pulley index=0 scene_joints when=before_release count=1 enumerated=1 order=7 self=yes end=null
case=pulley index=0 released=yes
case=pulley index=0 scene_joints when=after_release count=0 enumerated=0 order=none self=no end=null
case=pulley index=3 in_anchor=40000000.40800000.00000000 in_axis=3f000000.3f000000.3f000000
case=pulley index=3 in_pulley0=3f800000.40000000.40400000 in_pulley1=c0000000.40c00000.3f000000 distance=40500000 stiffness=3f000000 ratio=40000000 flags=00000000
case=pulley index=3 created=yes
case=pulley index=3 out_anchor=40000000.40800000.00000000 out_axis=3f13cd3a.3f13cd3a.3f13cd3a state=0
case=pulley index=3 abi_sret cases=2 flags=0 mismatches=0
case=pulley index=3 abi_sret_values anchor=40000000.40800000.00000000 axis=3fc9e69d.3f13cd3a.3f13cd3a
case=pulley index=3 actors a=match b=match
case=pulley index=3 type=7 is_pulley=yes is_distance=no
case=pulley index=3 saved pulley0=3f800000.40000000.40400000 pulley1=c0000000.40c00000.3f000000
case=pulley index=3 saved distance=40500000 stiffness=3f000000 ratio=40000000 flags=00000000
case=pulley index=3 saved anchor0=40000000.40800000.00000000 anchor1=c0000000.40800000.00000000
case=pulley index=3 saved axis0=3f13cd3a.3f13cd3a.3f13cd3a axis1=3f13cd3a.3f13cd3a.3f13cd3a
case=pulley index=3 saved normal0=bed105ec.bed105ec.3f5105ec normal1=bed105ec.bed105ec.3f5105ec
case=pulley index=3 saved max_force=7f7fffff max_torque=7f7fffff flags=00000002 actors a=match b=match
case=pulley index=3 scene_joints when=before_release count=1 enumerated=1 order=7 self=yes end=null
case=pulley index=3 released=yes
case=pulley index=3 scene_joints when=after_release count=0 enumerated=0 order=none self=no end=null
case=fixed index=0 in_anchor=00000000.00000000.00000000 in_axis=3f800000.00000000.00000000
case=fixed index=0 created=yes
case=fixed index=0 out_anchor=00000000.00000000.00000000 out_axis=3f800000.00000000.00000000 state=0
case=fixed index=0 abi_sret cases=2 flags=0 mismatches=0
case=fixed index=0 abi_sret_values anchor=00000000.00000000.00000000 axis=40000000.00000000.00000000
case=fixed index=0 actors a=match b=match
case=fixed index=0 type=8 is_fixed=yes is_pulley=no
case=fixed index=0 saved anchor0=00000000.00000000.00000000 anchor1=c0800000.00000000.00000000
case=fixed index=0 saved axis0=3f800000.00000000.00000000 axis1=3f800000.00000000.00000000
case=fixed index=0 saved normal0=00000000.00000000.3f800000 normal1=00000000.00000000.3f800000
case=fixed index=0 saved max_force=7f7fffff max_torque=7f7fffff flags=00000002 actors a=match b=match
case=fixed index=0 scene_joints when=before_release count=1 enumerated=1 order=8 self=yes end=null
case=fixed index=0 released=yes
case=fixed index=0 scene_joints when=after_release count=0 enumerated=0 order=none self=no end=null
case=fixed index=3 in_anchor=40000000.40800000.00000000 in_axis=3f000000.3f000000.3f000000
case=fixed index=3 created=yes
case=fixed index=3 out_anchor=40000000.40800000.00000000 out_axis=3f13cd3a.3f13cd3a.3f13cd3a state=0
case=fixed index=3 abi_sret cases=2 flags=0 mismatches=0
case=fixed index=3 abi_sret_values anchor=40000000.40800000.00000000 axis=3fc9e69d.3f13cd3a.3f13cd3a
case=fixed index=3 actors a=match b=match
case=fixed index=3 type=8 is_fixed=yes is_pulley=no
case=fixed index=3 saved anchor0=40000000.40800000.00000000 anchor1=c0000000.40800000.00000000
case=fixed index=3 saved axis0=3f13cd3a.3f13cd3a.3f13cd3a axis1=3f13cd3a.3f13cd3a.3f13cd3a
case=fixed index=3 saved normal0=bed105ec.bed105ec.3f5105ec normal1=bed105ec.bed105ec.3f5105ec
case=fixed index=3 saved max_force=7f7fffff max_torque=7f7fffff flags=00000002 actors a=match b=match
case=fixed index=3 scene_joints when=before_release count=1 enumerated=1 order=8 self=yes end=null
case=fixed index=3 released=yes
case=fixed index=3 scene_joints when=after_release count=0 enumerated=0 order=none self=no end=null
case=d6 index=0 in_anchor=00000000.00000000.00000000 in_axis=3f800000.00000000.00000000
case=d6 index=0 in motions=0.1.2.1.1.2
case=d6 index=0 in linear=3f000000.3e800000.3f400000 twist_low=bf000000.3e000000.3f600000 twist_high=3f400000.3e800000.3f200000
case=d6 index=0 in swing1=3f200000.3ec00000.3f000000 swing2=3ec00000.3d800000.3f700000
case=d6 index=0 in drive_x=00000001.40000000.3f800000.42c80000
case=d6 index=0 in drive_y=00000002.40400000.3fc00000.42ca0000
case=d6 index=0 in drive_z=00000001.40800000.40000000.42cc0000
case=d6 index=0 in drive_swing=00000002.40a00000.40200000.42ce0000
case=d6 index=0 in drive_twist=00000001.40c00000.40400000.42d00000
case=d6 index=0 in drive_spherical=00000002.40e00000.40600000.42d20000
case=d6 index=0 in use_spherical=1 drive_position=3f800000.40000000.40400000 drive_orientation=00000000.3f19999a.00000000.3f4ccccd
case=d6 index=0 in drive_linear_velocity=3f000000.bf000000.3fc00000 drive_angular_velocity=be800000.3e000000.40200000
case=d6 index=0 in projection distance=3e000000 angle=3d800000 mode=1
case=d6 index=0 created=yes
case=d6 index=0 out_anchor=00000000.00000000.00000000 out_axis=3f800000.00000000.00000000 state=0
case=d6 index=0 abi_sret cases=2 flags=0 mismatches=0
case=d6 index=0 abi_sret_values anchor=00000000.00000000.00000000 axis=40000000.00000000.00000000
case=d6 index=0 actors a=match b=match
case=d6 index=0 type=9 is_d6=yes is_fixed=no
case=d6 index=0 saved motions=2.0.2.0.2.0
case=d6 index=0 saved linear=41100000.3f000000.3f000000 twist_low=c1100000.3e000000.3f600000 twist_high=41180000.3e800000.3f200000
case=d6 index=0 saved swing1=41000000.3ec00000.3f000000 swing2=40e00000.3d800000.3f700000
case=d6 index=0 saved drive_x=00000001.41a00000.41200000.42c80000
case=d6 index=0 saved drive_y=00000002.41a80000.41280000.42ca0000
case=d6 index=0 saved drive_z=00000001.41b00000.41300000.42cc0000
case=d6 index=0 saved drive_swing=00000002.41b80000.41380000.42ce0000
case=d6 index=0 saved drive_twist=00000001.41c00000.41400000.42d00000
case=d6 index=0 saved drive_spherical=00000002.41c80000.41480000.42d20000
case=d6 index=0 saved use_spherical=1 drive_position=41300000.41400000.41500000 drive_orientation=3f000000.3f000000.3f000000.3f000000
case=d6 index=0 saved drive_linear_velocity=41a80000.41b00000.41b80000 drive_angular_velocity=41f80000.42000000.42040000
case=d6 index=0 saved projection distance=42c60000 angle=42c40000 mode=1
case=d6 index=0 saved anchor0=00000000.00000000.00000000 anchor1=c0800000.00000000.00000000
case=d6 index=0 saved axis0=3f800000.00000000.00000000 axis1=3f800000.00000000.00000000
case=d6 index=0 saved normal0=00000000.00000000.3f800000 normal1=00000000.00000000.3f800000
case=d6 index=0 saved max_force=7f7fffff max_torque=7f7fffff flags=00000002 actors a=match b=match
case=d6 index=0 drive_contended reports=1 code=2 line=40
case=d6 index=0 drive_orientation_contended reports=1 code=2 line=47
case=d6 index=0 drive_linear_velocity_contended reports=1 code=2 line=54
case=d6 index=0 drive_angular_velocity_contended reports=1 code=2 line=61
case=d6 index=0 drive_setters=called
case=d6 index=0 resaved motions=2.0.2.0.2.0
case=d6 index=0 resaved linear=41100000.3f000000.3f000000 twist_low=c1100000.3e000000.3f600000 twist_high=41180000.3e800000.3f200000
case=d6 index=0 resaved swing1=41000000.3ec00000.3f000000 swing2=40e00000.3d800000.3f700000
case=d6 index=0 resaved drive_x=00000001.41a00000.41200000.42c80000
case=d6 index=0 resaved drive_y=00000002.41a80000.41280000.42ca0000
case=d6 index=0 resaved drive_z=00000001.41b00000.41300000.42cc0000
case=d6 index=0 resaved drive_swing=00000002.41b80000.41380000.42ce0000
case=d6 index=0 resaved drive_twist=00000001.41c00000.41400000.42d00000
case=d6 index=0 resaved drive_spherical=00000002.41c80000.41480000.42d20000
case=d6 index=0 resaved use_spherical=1 drive_position=41300000.41400000.41500000 drive_orientation=3f000000.3f000000.3f000000.3f000000
case=d6 index=0 resaved drive_linear_velocity=41a80000.41b00000.41b80000 drive_angular_velocity=41f80000.42000000.42040000
case=d6 index=0 resaved projection distance=42c60000 angle=42c40000 mode=1
case=d6 index=0 scene_joints when=before_release count=1 enumerated=1 order=9 self=yes end=null
case=d6 index=0 released=yes
case=d6 index=0 scene_joints when=after_release count=0 enumerated=0 order=none self=no end=null
case=d6 index=3 in_anchor=40000000.40800000.00000000 in_axis=3f000000.3f000000.3f000000
case=d6 index=3 in motions=1.1.1.1.1.1
case=d6 index=3 in linear=3fa00000.00000000.3f800000 twist_low=bf800000.3e000000.3f600000 twist_high=3fc00000.3e800000.3f200000
case=d6 index=3 in swing1=3e800000.3ec00000.3f000000 swing2=3f800000.3d800000.3f700000
case=d6 index=3 in drive_x=00000001.40800000.40000000.42c80000
case=d6 index=3 in drive_y=00000002.40a00000.40200000.42ca0000
case=d6 index=3 in drive_z=00000001.40c00000.40400000.42cc0000
case=d6 index=3 in drive_swing=00000002.40e00000.40600000.42ce0000
case=d6 index=3 in drive_twist=00000001.41000000.40800000.42d00000
case=d6 index=3 in drive_spherical=00000002.41100000.40900000.42d20000
case=d6 index=3 in use_spherical=0 drive_position=c0000000.3f000000.40800000 drive_orientation=00000000.00000000.00000000.3f800000
case=d6 index=3 in drive_linear_velocity=00000000.00000000.00000000 drive_angular_velocity=40400000.00000000.c0400000
case=d6 index=3 in projection distance=40000000 angle=3f000000 mode=0
case=d6 index=3 created=yes
case=d6 index=3 out_anchor=40000000.40800000.00000000 out_axis=3f13cd3a.3f13cd3a.3f13cd3a state=0
case=d6 index=3 abi_sret cases=2 flags=0 mismatches=0
case=d6 index=3 abi_sret_values anchor=40000000.40800000.00000000 axis=3fc9e69d.3f13cd3a.3f13cd3a
case=d6 index=3 actors a=match b=match
case=d6 index=3 type=9 is_d6=yes is_fixed=no
case=d6 index=3 set_anchor out_anchor=40100000.bfc00000.3f400000
case=d6 index=3 set_axis out_axis=3e9b28d0.bf4ee116.3f014cae
case=d6 index=3 breakable force=418a0000 torque=42020000
case=d6 index=3 limit_point present=0 point=bf400000.3fc00000.40100000
case=d6 index=3 limit_plane added=0 read=0 normal=00000000.00000000.00000000 d=00000000
case=d6 index=3 name=d6:phase6-setname
case=d6 index=3 saved motions=2.0.2.0.2.0
case=d6 index=3 saved linear=41100000.3f000000.3f000000 twist_low=c1100000.3e000000.3f600000 twist_high=41180000.3e800000.3f200000
case=d6 index=3 saved swing1=41000000.3ec00000.3f000000 swing2=40e00000.3d800000.3f700000
case=d6 index=3 saved drive_x=00000001.41a00000.41200000.42c80000
case=d6 index=3 saved drive_y=00000002.41a80000.41280000.42ca0000
case=d6 index=3 saved drive_z=00000001.41b00000.41300000.42cc0000
case=d6 index=3 saved drive_swing=00000002.41b80000.41380000.42ce0000
case=d6 index=3 saved drive_twist=00000001.41c00000.41400000.42d00000
case=d6 index=3 saved drive_spherical=00000002.41c80000.41480000.42d20000
case=d6 index=3 saved use_spherical=1 drive_position=41300000.41400000.41500000 drive_orientation=3f000000.3f000000.3f000000.3f000000
case=d6 index=3 saved drive_linear_velocity=41a80000.41b00000.41b80000 drive_angular_velocity=41f80000.42000000.42040000
case=d6 index=3 saved projection distance=42c60000 angle=42c40000 mode=1
case=d6 index=3 saved anchor0=40100000.bfc00000.3f400000 anchor1=bfe00000.bfc00000.3f400000
case=d6 index=3 saved axis0=3e9b28d0.bf4ee116.3f014cae axis1=3e9b28d0.bf4ee116.3f014cae
case=d6 index=3 saved normal0=be3599b2.3ef22244.3f5cf277 normal1=be3599b2.3ef22244.3f5cf277
case=d6 index=3 saved max_force=418a0000 max_torque=42020000 flags=00000002 actors a=match b=match
case=d6 index=3 drive_contended reports=1 code=2 line=40
case=d6 index=3 drive_orientation_contended reports=1 code=2 line=47
case=d6 index=3 drive_linear_velocity_contended reports=1 code=2 line=54
case=d6 index=3 drive_angular_velocity_contended reports=1 code=2 line=61
case=d6 index=3 drive_setters=called
case=d6 index=3 resaved motions=2.0.2.0.2.0
case=d6 index=3 resaved linear=41100000.3f000000.3f000000 twist_low=c1100000.3e000000.3f600000 twist_high=41180000.3e800000.3f200000
case=d6 index=3 resaved swing1=41000000.3ec00000.3f000000 swing2=40e00000.3d800000.3f700000
case=d6 index=3 resaved drive_x=00000001.41a00000.41200000.42c80000
case=d6 index=3 resaved drive_y=00000002.41a80000.41280000.42ca0000
case=d6 index=3 resaved drive_z=00000001.41b00000.41300000.42cc0000
case=d6 index=3 resaved drive_swing=00000002.41b80000.41380000.42ce0000
case=d6 index=3 resaved drive_twist=00000001.41c00000.41400000.42d00000
case=d6 index=3 resaved drive_spherical=00000002.41c80000.41480000.42d20000
case=d6 index=3 resaved use_spherical=1 drive_position=41300000.41400000.41500000 drive_orientation=3f000000.3f000000.3f000000.3f000000
case=d6 index=3 resaved drive_linear_velocity=41a80000.41b00000.41b80000 drive_angular_velocity=41f80000.42000000.42040000
case=d6 index=3 resaved projection distance=42c60000 angle=42c40000 mode=1
case=d6 index=3 scene_joints when=before_release count=1 enumerated=1 order=9 self=yes end=null
case=d6 index=3 released=yes
case=d6 index=3 scene_joints when=after_release count=0 enumerated=0 order=none self=no end=null
case=cycle index=0 scene_joints when=start count=0 enumerated=0 order=none self=no end=null
case=cycle create=revolute created=yes
case=cycle create=spherical created=yes
case=cycle create=fixed created=yes
case=cycle index=1 scene_joints when=three_created count=3 enumerated=3 order=8.3.1 self=yes end=null
case=cycle release=spherical released=yes
case=cycle index=2 scene_joints when=middle_released count=2 enumerated=2 order=8.1 self=no end=null
case=cycle create=d6 created=yes
case=cycle index=3 scene_joints when=d6_created count=3 enumerated=3 order=9.8.1 self=yes end=null
case=cycle release=d6 released=yes
case=cycle index=4 scene_joints when=head_released count=2 enumerated=2 order=8.1 self=no end=null
case=cycle release=revolute released=yes
case=cycle index=5 scene_joints when=tail_released count=1 enumerated=1 order=8 self=no end=null
case=cycle create=prismatic created=yes
case=cycle index=6 scene_joints when=prismatic_created count=2 enumerated=2 order=0.8 self=yes end=null
case=cycle left_for_scene_release=2
case=revolute index=4 in_anchor=3f800000.c0000000.3f000000 in_axis=3dcdbcfd.3e4dbcfd.3f797526
case=revolute index=4 created=yes
case=revolute index=4 out_anchor=3f800000.c0000000.3f000000 out_axis=3dcdbcfe.3e4dbcfe.3f797527 state=0
case=revolute index=4 abi_sret cases=2 flags=0 mismatches=0
case=revolute index=4 abi_sret_values anchor=3f800000.c0000000.3f000000 axis=3f8cdbd0.3e4dbcfe.3f797527
case=revolute index=4 internal off=04c words=3f7eb479.bca62f73.bdc97fed.3f7eb479.bca62f73.bdc97fed.b119e830.bf7ab9da
case=revolute index=4 internal off=06c words=3e4ec8c9.b119e830.bf7ab9da.3e4ec8c9.3dcdbcfe.3e4dbcfe.3f797527.3dcdbcfe
case=revolute index=4 internal off=08c words=3e4dbcfe.3f797527.3f800000.c0000000.3f000000.c0400000.c0000000.3f000000
case=revolute index=4 internal off=0ac words=bf1335cc.bf051850.bed8e79d.3eefe880.bf1335cc.bf051850.bed8e79d.3eefe880
case=revolute index=4 internal off=0cc words=3f7eb479.bca62f73.bdc97fed.3f7eb479.bca62f73.bdc97fed.b119e830.bf7ab9da
case=revolute index=4 internal off=0ec words=3e4ec8c9.b119e830.bf7ab9da.3e4ec8c9.3dcdbcfe.3e4dbcfe.3f797527.3dcdbcfe
case=revolute index=4 internal off=10c words=3e4dbcfe.3f797527.3f800000.c0000000.3f000000.c0400000.c0000000.3f000000
case=revolute index=4 internal off=12c words=bf1335cc.bf051850.bed8e79d.3eefe880.bf1335cc.bf051850.bed8e79d.3eefe880
case=revolute index=4 internal off=16c words=00000000.00000000.3f800000.00000000.00000000.3f800000.7f7fffff.00000000
case=revolute index=4 internal off=18c words=00000000.00000000.00000000.00000000.3f800000.3f7f06ff.3db25bff.00000000
case=revolute index=4 internal off=1ac words=cdcdcdcd.cdcdcdcd.cdcdcdcd.cdcdcdcd.cdcdcdcd.cdcdcdcd.cdcdcdcd.cdcdcdcd
case=revolute index=4 internal off=1cc words=cdcdcdcd.cdcdcdcd.cdcdcdcd.cdcdcdcd.cdcdcdcd.cdcdcdcd.cdcdcdcd.cdcdcdcd
case=revolute index=4 internal off=1ec words=cdcdcdcd.cdcdcdcd.cdcdcdcd.cdcdcdcd.cdcdcdcd.cdcdcdcd
case=revolute index=4 actors a=match b=match
case=revolute index=4 saved anchor0=3f800000.c0000000.3f000000 anchor1=c0400000.c0000000.3f000000
case=revolute index=4 saved axis0=3dcdbcfe.3e4dbcfe.3f797527 axis1=3dcdbcfe.3e4dbcfe.3f797527
case=revolute index=4 saved normal0=3f7eb479.bca62f73.bdc97fed normal1=3f7eb479.bca62f73.bdc97fed
case=revolute index=4 scene_joints when=before_release count=3 enumerated=3 order=1.0.8 self=yes end=null
case=revolute index=4 released=yes
case=revolute index=4 scene_joints when=after_release count=2 enumerated=2 order=0.8 self=no end=null
case=prismatic index=4 in_anchor=3f800000.c0000000.3f000000 in_axis=3dcdbcfd.3e4dbcfd.3f797526
case=prismatic index=4 created=yes
case=prismatic index=4 out_anchor=3f800000.c0000000.3f000000 out_axis=3dcdbcfe.3e4dbcfe.3f797527 state=0
case=prismatic index=4 abi_sret cases=2 flags=0 mismatches=0
case=prismatic index=4 abi_sret_values anchor=3f800000.c0000000.3f000000 axis=3f8cdbd0.3e4dbcfe.3f797527
case=prismatic index=4 internal off=04c words=3f7eb479.bca62f73.bdc97fed.3f7eb479.bca62f73.bdc97fed.b119e830.bf7ab9da
case=prismatic index=4 internal off=06c words=3e4ec8c9.b119e830.bf7ab9da.3e4ec8c9.3dcdbcfe.3e4dbcfe.3f797527.3dcdbcfe
case=prismatic index=4 internal off=08c words=3e4dbcfe.3f797527.3f800000.c0000000.3f000000.c0400000.c0000000.3f000000
case=prismatic index=4 internal off=0ac words=bf1335cc.bf051850.bed8e79d.3eefe880.bf1335cc.bf051850.bed8e79d.3eefe880
case=prismatic index=4 internal off=0cc words=3f7eb479.bca62f73.bdc97fed.3f7eb479.bca62f73.bdc97fed.b119e830.bf7ab9da
case=prismatic index=4 internal off=0ec words=3e4ec8c9.b119e830.bf7ab9da.3e4ec8c9.3dcdbcfe.3e4dbcfe.3f797527.3dcdbcfe
case=prismatic index=4 internal off=10c words=3e4dbcfe.3f797527.3f800000.c0000000.3f000000.c0400000.c0000000.3f000000
case=prismatic index=4 internal off=12c words=bf1335cc.bf051850.bed8e79d.3eefe880.bf1335cc.bf051850.bed8e79d.3eefe880
case=prismatic index=4 internal off=16c words=80000000.80000000.80000000.3f800000
case=prismatic index=4 actors a=match b=match
case=prismatic index=4 type=0 is_prismatic=yes is_revolute=no
case=prismatic index=4 saved anchor0=3f800000.c0000000.3f000000 anchor1=c0400000.c0000000.3f000000
case=prismatic index=4 saved axis0=3dcdbcfe.3e4dbcfe.3f797527 axis1=3dcdbcfe.3e4dbcfe.3f797527
case=prismatic index=4 saved normal0=3f7eb479.bca62f73.bdc97fed normal1=3f7eb479.bca62f73.bdc97fed
case=prismatic index=4 saved max_force=7f7fffff max_torque=7f7fffff flags=00000002 actors a=match b=match
case=prismatic index=4 scene_joints when=before_release count=3 enumerated=3 order=0.0.8 self=yes end=null
case=prismatic index=4 released=yes
case=prismatic index=4 scene_joints when=after_release count=2 enumerated=2 order=0.8 self=no end=null
case=cylindrical index=4 in_anchor=3f800000.c0000000.3f000000 in_axis=3dcdbcfd.3e4dbcfd.3f797526
case=cylindrical index=4 created=yes
case=cylindrical index=4 out_anchor=3f800000.c0000000.3f000000 out_axis=3dcdbcfe.3e4dbcfe.3f797527 state=0
case=cylindrical index=4 abi_sret cases=2 flags=0 mismatches=0
case=cylindrical index=4 abi_sret_values anchor=3f800000.c0000000.3f000000 axis=3f8cdbd0.3e4dbcfe.3f797527
case=cylindrical index=4 internal off=04c words=3f7eb479.bca62f73.bdc97fed.3f7eb479.bca62f73.bdc97fed.b119e830.bf7ab9da
case=cylindrical index=4 internal off=06c words=3e4ec8c9.b119e830.bf7ab9da.3e4ec8c9.3dcdbcfe.3e4dbcfe.3f797527.3dcdbcfe
case=cylindrical index=4 internal off=08c words=3e4dbcfe.3f797527.3f800000.c0000000.3f000000.c0400000.c0000000.3f000000
case=cylindrical index=4 internal off=0ac words=bf1335cc.bf051850.bed8e79d.3eefe880.bf1335cc.bf051850.bed8e79d.3eefe880
case=cylindrical index=4 internal off=0cc words=3f7eb479.bca62f73.bdc97fed.3f7eb479.bca62f73.bdc97fed.b119e830.bf7ab9da
case=cylindrical index=4 internal off=0ec words=3e4ec8c9.b119e830.bf7ab9da.3e4ec8c9.3dcdbcfe.3e4dbcfe.3f797527.3dcdbcfe
case=cylindrical index=4 internal off=10c words=3e4dbcfe.3f797527.3f800000.c0000000.3f000000.c0400000.c0000000.3f000000
case=cylindrical index=4 internal off=12c words=bf1335cc.bf051850.bed8e79d.3eefe880.bf1335cc.bf051850.bed8e79d.3eefe880
case=cylindrical index=4 actors a=match b=match
case=cylindrical index=4 type=2 is_cylindrical=yes is_prismatic=no
case=cylindrical index=4 saved anchor0=3f800000.c0000000.3f000000 anchor1=c0400000.c0000000.3f000000
case=cylindrical index=4 saved axis0=3dcdbcfe.3e4dbcfe.3f797527 axis1=3dcdbcfe.3e4dbcfe.3f797527
case=cylindrical index=4 saved normal0=3f7eb479.bca62f73.bdc97fed normal1=3f7eb479.bca62f73.bdc97fed
case=cylindrical index=4 saved max_force=7f7fffff max_torque=7f7fffff flags=00000002 actors a=match b=match
case=cylindrical index=4 scene_joints when=before_release count=3 enumerated=3 order=2.0.8 self=yes end=null
case=cylindrical index=4 released=yes
case=cylindrical index=4 scene_joints when=after_release count=2 enumerated=2 order=0.8 self=no end=null
case=spherical index=4 in_anchor=3f800000.c0000000.3f000000 in_axis=3dcdbcfd.3e4dbcfd.3f797526
case=spherical index=4 created=yes
case=spherical index=4 out_anchor=3f800000.c0000000.3f000000 out_axis=3dcdbcfe.3e4dbcfe.3f797527 state=0
case=spherical index=4 abi_sret cases=2 flags=0 mismatches=0
case=spherical index=4 abi_sret_values anchor=3f800000.c0000000.3f000000 axis=3f8cdbd0.3e4dbcfe.3f797527
case=spherical index=4 internal off=04c words=3f7eb479.bca62f73.bdc97fed.3f7eb479.bca62f73.bdc97fed.b119e830.bf7ab9da
case=spherical index=4 internal off=06c words=3e4ec8c9.b119e830.bf7ab9da.3e4ec8c9.3dcdbcfe.3e4dbcfe.3f797527.3dcdbcfe
case=spherical index=4 internal off=08c words=3e4dbcfe.3f797527.3f800000.c0000000.3f000000.c0400000.c0000000.3f000000
case=spherical index=4 internal off=0ac words=bf1335cc.bf051850.bed8e79d.3eefe880.bf1335cc.bf051850.bed8e79d.3eefe880
case=spherical index=4 internal off=0cc words=3f7eb479.bca62f73.bdc97fed.3f7eb479.bca62f73.bdc97fed.b119e830.bf7ab9da
case=spherical index=4 internal off=0ec words=3e4ec8c9.b119e830.bf7ab9da.3e4ec8c9.3dcdbcfe.3e4dbcfe.3f797527.3dcdbcfe
case=spherical index=4 internal off=10c words=3e4dbcfe.3f797527.3f800000.c0000000.3f000000.c0400000.c0000000.3f000000
case=spherical index=4 internal off=12c words=bf1335cc.bf051850.bed8e79d.3eefe880.bf1335cc.bf051850.bed8e79d.3eefe880
case=spherical index=4 internal off=16c words=bf000000.3e800000.3f800000.3f400000.00000000.3f000000.3f200000.3f000000
case=spherical index=4 internal off=18c words=3f400000.40000000.3f000000.3e000000.40400000.3f800000.3ec00000.40800000
case=spherical index=4 internal off=1ac words=40000000.00000000.3f19999a.00000000.3f4ccccd.3f2d6596.3e182070.3f387421
case=spherical index=4 internal off=1cc words=3f4f9b47.00000009.3e800000.cdcdcdcd.cdcdcdcd.cdcdcdcd.cdcdcdcd.cdcdcdcd
case=spherical index=4 internal off=1ec words=cdcdcdcd.cdcdcdcd.cdcdcdcd.cdcdcdcd.cdcdcdcd.cdcdcdcd.cdcdcdcd.cdcdcdcd
case=spherical index=4 internal off=20c words=cdcdcdcd.cdcdcdcd.cdcdcdcd.cdcdcdcd.cdcdcdcd.cdcdcdcd.cdcdcdcd.cdcdcdcd
case=spherical index=4 internal off=22c words=cdcdcdcd.cdcdcdcd.cdcdcdcd.cdcdcdcd
case=spherical index=4 actors a=match b=match
case=spherical index=4 type=3 is_spherical=yes is_revolute=no
case=spherical index=4 flags=00000009 projection_mode=1
case=spherical index=4 saved anchor0=3f800000.c0000000.3f000000 anchor1=c0400000.c0000000.3f000000
case=spherical index=4 saved axis0=3dcdbcfe.3e4dbcfe.3f797527 axis1=3dcdbcfe.3e4dbcfe.3f797527
case=spherical index=4 saved normal0=3f7eb479.bca62f73.bdc97fed normal1=3f7eb479.bca62f73.bdc97fed
case=spherical index=4 saved swing_axis=3f19999a.00000000.3f4ccccd projection_distance=3e800000 flags=00000009 projection_mode=1
case=spherical index=4 saved twist_limit=bf000000.3e800000.3f800000.3f400000.00000000.3f000000 swing_limit=3f200000.3f000000.3f400000
case=spherical index=4 saved twist_spring=40000000.3f000000.3e000000 swing_spring=40400000.3f800000.3ec00000 joint_spring=40800000.40000000.00000000
case=spherical index=4 saved max_force=7f7fffff max_torque=7f7fffff flags=00000002 actors a=match b=match
case=spherical index=4 scene_joints when=before_release count=3 enumerated=3 order=3.0.8 self=yes end=null
case=spherical index=4 released=yes
case=spherical index=4 scene_joints when=after_release count=2 enumerated=2 order=0.8 self=no end=null
case=point_on_line index=4 in_anchor=3f800000.c0000000.3f000000 in_axis=3dcdbcfd.3e4dbcfd.3f797526
case=point_on_line index=4 created=yes
case=point_on_line index=4 out_anchor=3f800000.c0000000.3f000000 out_axis=3dcdbcfe.3e4dbcfe.3f797527 state=0
case=point_on_line index=4 abi_sret cases=2 flags=0 mismatches=0
case=point_on_line index=4 abi_sret_values anchor=3f800000.c0000000.3f000000 axis=3f8cdbd0.3e4dbcfe.3f797527
case=point_on_line index=4 internal off=04c words=3f7eb479.bca62f73.bdc97fed.3f7eb479.bca62f73.bdc97fed.b119e830.bf7ab9da
case=point_on_line index=4 internal off=06c words=3e4ec8c9.b119e830.bf7ab9da.3e4ec8c9.3dcdbcfe.3e4dbcfe.3f797527.3dcdbcfe
case=point_on_line index=4 internal off=08c words=3e4dbcfe.3f797527.3f800000.c0000000.3f000000.c0400000.c0000000.3f000000
case=point_on_line index=4 internal off=0ac words=bf1335cc.bf051850.bed8e79d.3eefe880.bf1335cc.bf051850.bed8e79d.3eefe880
case=point_on_line index=4 internal off=0cc words=3f7eb479.bca62f73.bdc97fed.3f7eb479.bca62f73.bdc97fed.b119e830.bf7ab9da
case=point_on_line index=4 internal off=0ec words=3e4ec8c9.b119e830.bf7ab9da.3e4ec8c9.3dcdbcfe.3e4dbcfe.3f797527.3dcdbcfe
case=point_on_line index=4 internal off=10c words=3e4dbcfe.3f797527.3f800000.c0000000.3f000000.c0400000.c0000000.3f000000
case=point_on_line index=4 internal off=12c words=bf1335cc.bf051850.bed8e79d.3eefe880.bf1335cc.bf051850.bed8e79d.3eefe880
case=point_on_line index=4 actors a=match b=match
case=point_on_line index=4 type=4 is_point_on_line=yes is_revolute=no
case=point_on_line index=4 saved anchor0=3f800000.c0000000.3f000000 anchor1=c0400000.c0000000.3f000000
case=point_on_line index=4 saved axis0=3dcdbcfe.3e4dbcfe.3f797527 axis1=3dcdbcfe.3e4dbcfe.3f797527
case=point_on_line index=4 saved normal0=3f7eb479.bca62f73.bdc97fed normal1=3f7eb479.bca62f73.bdc97fed
case=point_on_line index=4 saved max_force=7f7fffff max_torque=7f7fffff flags=00000002 actors a=match b=match
case=point_on_line index=4 scene_joints when=before_release count=3 enumerated=3 order=4.0.8 self=yes end=null
case=point_on_line index=4 released=yes
case=point_on_line index=4 scene_joints when=after_release count=2 enumerated=2 order=0.8 self=no end=null
case=point_in_plane index=4 in_anchor=3f800000.c0000000.3f000000 in_axis=3dcdbcfd.3e4dbcfd.3f797526
case=point_in_plane index=4 created=yes
case=point_in_plane index=4 out_anchor=3f800000.c0000000.3f000000 out_axis=3dcdbcfe.3e4dbcfe.3f797527 state=0
case=point_in_plane index=4 abi_sret cases=2 flags=0 mismatches=0
case=point_in_plane index=4 abi_sret_values anchor=3f800000.c0000000.3f000000 axis=3f8cdbd0.3e4dbcfe.3f797527
case=point_in_plane index=4 internal off=04c words=3f7eb479.bca62f73.bdc97fed.3f7eb479.bca62f73.bdc97fed.b119e830.bf7ab9da
case=point_in_plane index=4 internal off=06c words=3e4ec8c9.b119e830.bf7ab9da.3e4ec8c9.3dcdbcfe.3e4dbcfe.3f797527.3dcdbcfe
case=point_in_plane index=4 internal off=08c words=3e4dbcfe.3f797527.3f800000.c0000000.3f000000.c0400000.c0000000.3f000000
case=point_in_plane index=4 internal off=0ac words=bf1335cc.bf051850.bed8e79d.3eefe880.bf1335cc.bf051850.bed8e79d.3eefe880
case=point_in_plane index=4 internal off=0cc words=3f7eb479.bca62f73.bdc97fed.3f7eb479.bca62f73.bdc97fed.b119e830.bf7ab9da
case=point_in_plane index=4 internal off=0ec words=3e4ec8c9.b119e830.bf7ab9da.3e4ec8c9.3dcdbcfe.3e4dbcfe.3f797527.3dcdbcfe
case=point_in_plane index=4 internal off=10c words=3e4dbcfe.3f797527.3f800000.c0000000.3f000000.c0400000.c0000000.3f000000
case=point_in_plane index=4 internal off=12c words=bf1335cc.bf051850.bed8e79d.3eefe880.bf1335cc.bf051850.bed8e79d.3eefe880
case=point_in_plane index=4 actors a=match b=match
case=point_in_plane index=4 type=5 is_point_in_plane=yes is_revolute=no
case=point_in_plane index=4 saved anchor0=3f800000.c0000000.3f000000 anchor1=c0400000.c0000000.3f000000
case=point_in_plane index=4 saved axis0=3dcdbcfe.3e4dbcfe.3f797527 axis1=3dcdbcfe.3e4dbcfe.3f797527
case=point_in_plane index=4 saved normal0=3f7eb479.bca62f73.bdc97fed normal1=3f7eb479.bca62f73.bdc97fed
case=point_in_plane index=4 saved max_force=7f7fffff max_torque=7f7fffff flags=00000002 actors a=match b=match
case=point_in_plane index=4 scene_joints when=before_release count=3 enumerated=3 order=5.0.8 self=yes end=null
case=point_in_plane index=4 released=yes
case=point_in_plane index=4 scene_joints when=after_release count=2 enumerated=2 order=0.8 self=no end=null
case=distance index=4 in_anchor=3f800000.c0000000.3f000000 in_axis=3dcdbcfd.3e4dbcfd.3f797526 max_distance=40200000 min_distance=3f000000 spring=41200000.3f000000.3e800000 flags=00000007
case=distance index=4 created=yes
case=distance index=4 out_anchor=3f800000.c0000000.3f000000 out_axis=3dcdbcfe.3e4dbcfe.3f797527 state=0
case=distance index=4 abi_sret cases=2 flags=0 mismatches=0
case=distance index=4 abi_sret_values anchor=3f800000.c0000000.3f000000 axis=3f8cdbd0.3e4dbcfe.3f797527
case=distance index=4 internal off=04c words=3f7eb479.bca62f73.bdc97fed.3f7eb479.bca62f73.bdc97fed.b119e830.bf7ab9da
case=distance index=4 internal off=06c words=3e4ec8c9.b119e830.bf7ab9da.3e4ec8c9.3dcdbcfe.3e4dbcfe.3f797527.3dcdbcfe
case=distance index=4 internal off=08c words=3e4dbcfe.3f797527.3f800000.c0000000.3f000000.c0400000.c0000000.3f000000
case=distance index=4 internal off=0ac words=bf1335cc.bf051850.bed8e79d.3eefe880.bf1335cc.bf051850.bed8e79d.3eefe880
case=distance index=4 internal off=0cc words=3f7eb479.bca62f73.bdc97fed.3f7eb479.bca62f73.bdc97fed.b119e830.bf7ab9da
case=distance index=4 internal off=0ec words=3e4ec8c9.b119e830.bf7ab9da.3e4ec8c9.3dcdbcfe.3e4dbcfe.3f797527.3dcdbcfe
case=distance index=4 internal off=10c words=3e4dbcfe.3f797527.3f800000.c0000000.3f000000.c0400000.c0000000.3f000000
case=distance index=4 internal off=12c words=bf1335cc.bf051850.bed8e79d.3eefe880.bf1335cc.bf051850.bed8e79d.3eefe880
case=distance index=4 internal off=16c words=40200000.3f000000.41200000.3f000000.3e800000.00000007
case=distance index=4 actors a=match b=match
case=distance index=4 type=6 is_distance=yes is_revolute=no
case=distance index=4 saved max_distance=40200000 min_distance=3f000000 spring=41200000.3f000000.3e800000 flags=00000007
case=distance index=4 saved anchor0=3f800000.c0000000.3f000000 anchor1=c0400000.c0000000.3f000000
case=distance index=4 saved axis0=3dcdbcfe.3e4dbcfe.3f797527 axis1=3dcdbcfe.3e4dbcfe.3f797527
case=distance index=4 saved normal0=3f7eb479.bca62f73.bdc97fed normal1=3f7eb479.bca62f73.bdc97fed
case=distance index=4 saved max_force=7f7fffff max_torque=7f7fffff flags=00000002 actors a=match b=match
case=distance index=4 scene_joints when=before_release count=3 enumerated=3 order=6.0.8 self=yes end=null
case=distance index=4 released=yes
case=distance index=4 scene_joints when=after_release count=2 enumerated=2 order=0.8 self=no end=null
case=pulley index=4 in_anchor=3f800000.c0000000.3f000000 in_axis=3dcdbcfd.3e4dbcfd.3f797526
case=pulley index=4 in_pulley0=00000000.40a00000.00000000 in_pulley1=40800000.40a00000.00000000 distance=40c00000 stiffness=3f400000 ratio=3fc00000 flags=00000001
case=pulley index=4 created=yes
case=pulley index=4 out_anchor=3f800000.c0000000.3f000000 out_axis=3dcdbcfe.3e4dbcfe.3f797527 state=0
case=pulley index=4 abi_sret cases=2 flags=0 mismatches=0
case=pulley index=4 abi_sret_values anchor=3f800000.c0000000.3f000000 axis=3f8cdbd0.3e4dbcfe.3f797527
case=pulley index=4 internal off=04c words=3f7eb479.bca62f73.bdc97fed.3f7eb479.bca62f73.bdc97fed.b119e830.bf7ab9da
case=pulley index=4 internal off=06c words=3e4ec8c9.b119e830.bf7ab9da.3e4ec8c9.3dcdbcfe.3e4dbcfe.3f797527.3dcdbcfe
case=pulley index=4 internal off=08c words=3e4dbcfe.3f797527.3f800000.c0000000.3f000000.c0400000.c0000000.3f000000
case=pulley index=4 internal off=0ac words=bf1335cc.bf051850.bed8e79d.3eefe880.bf1335cc.bf051850.bed8e79d.3eefe880
case=pulley index=4 internal off=0cc words=3f7eb479.bca62f73.bdc97fed.3f7eb479.bca62f73.bdc97fed.b119e830.bf7ab9da
case=pulley index=4 internal off=0ec words=3e4ec8c9.b119e830.bf7ab9da.3e4ec8c9.3dcdbcfe.3e4dbcfe.3f797527.3dcdbcfe
case=pulley index=4 internal off=10c words=3e4dbcfe.3f797527.3f800000.c0000000.3f000000.c0400000.c0000000.3f000000
case=pulley index=4 internal off=12c words=bf1335cc.bf051850.bed8e79d.3eefe880.bf1335cc.bf051850.bed8e79d.3eefe880
case=pulley index=4 actors a=match b=match
case=pulley index=4 type=7 is_pulley=yes is_distance=no
case=pulley index=4 saved pulley0=00000000.40a00000.00000000 pulley1=40800000.40a00000.00000000
case=pulley index=4 saved distance=40c00000 stiffness=3f400000 ratio=3fc00000 flags=00000001
case=pulley index=4 saved anchor0=3f800000.c0000000.3f000000 anchor1=c0400000.c0000000.3f000000
case=pulley index=4 saved axis0=3dcdbcfe.3e4dbcfe.3f797527 axis1=3dcdbcfe.3e4dbcfe.3f797527
case=pulley index=4 saved normal0=3f7eb479.bca62f73.bdc97fed normal1=3f7eb479.bca62f73.bdc97fed
case=pulley index=4 saved max_force=7f7fffff max_torque=7f7fffff flags=00000002 actors a=match b=match
case=pulley index=4 scene_joints when=before_release count=3 enumerated=3 order=7.0.8 self=yes end=null
case=pulley index=4 released=yes
case=pulley index=4 scene_joints when=after_release count=2 enumerated=2 order=0.8 self=no end=null
case=fixed index=4 in_anchor=3f800000.c0000000.3f000000 in_axis=3dcdbcfd.3e4dbcfd.3f797526
case=fixed index=4 created=yes
case=fixed index=4 out_anchor=3f800000.c0000000.3f000000 out_axis=3dcdbcfe.3e4dbcfe.3f797527 state=0
case=fixed index=4 abi_sret cases=2 flags=0 mismatches=0
case=fixed index=4 abi_sret_values anchor=3f800000.c0000000.3f000000 axis=3f8cdbd0.3e4dbcfe.3f797527
case=fixed index=4 internal off=04c words=3f7eb479.bca62f73.bdc97fed.3f7eb479.bca62f73.bdc97fed.b119e830.bf7ab9da
case=fixed index=4 internal off=06c words=3e4ec8c9.b119e830.bf7ab9da.3e4ec8c9.3dcdbcfe.3e4dbcfe.3f797527.3dcdbcfe
case=fixed index=4 internal off=08c words=3e4dbcfe.3f797527.3f800000.c0000000.3f000000.c0400000.c0000000.3f000000
case=fixed index=4 internal off=0ac words=bf1335cc.bf051850.bed8e79d.3eefe880.bf1335cc.bf051850.bed8e79d.3eefe880
case=fixed index=4 internal off=0cc words=3f7eb479.bca62f73.bdc97fed.3f7eb479.bca62f73.bdc97fed.b119e830.bf7ab9da
case=fixed index=4 internal off=0ec words=3e4ec8c9.b119e830.bf7ab9da.3e4ec8c9.3dcdbcfe.3e4dbcfe.3f797527.3dcdbcfe
case=fixed index=4 internal off=10c words=3e4dbcfe.3f797527.3f800000.c0000000.3f000000.c0400000.c0000000.3f000000
case=fixed index=4 internal off=12c words=bf1335cc.bf051850.bed8e79d.3eefe880.bf1335cc.bf051850.bed8e79d.3eefe880
case=fixed index=4 internal off=16c words=40800000.00000000.00000000.80000000.80000000.80000000.3f800000
case=fixed index=4 actors a=match b=match
case=fixed index=4 type=8 is_fixed=yes is_pulley=no
case=fixed index=4 saved anchor0=3f800000.c0000000.3f000000 anchor1=c0400000.c0000000.3f000000
case=fixed index=4 saved axis0=3dcdbcfe.3e4dbcfe.3f797527 axis1=3dcdbcfe.3e4dbcfe.3f797527
case=fixed index=4 saved normal0=3f7eb479.bca62f73.bdc97fed normal1=3f7eb479.bca62f73.bdc97fed
case=fixed index=4 saved max_force=7f7fffff max_torque=7f7fffff flags=00000002 actors a=match b=match
case=fixed index=4 scene_joints when=before_release count=3 enumerated=3 order=8.0.8 self=yes end=null
case=fixed index=4 released=yes
case=fixed index=4 scene_joints when=after_release count=2 enumerated=2 order=0.8 self=no end=null
case=d6 index=4 in_anchor=3f800000.c0000000.3f000000 in_axis=3dcdbcfd.3e4dbcfd.3f797526
case=d6 index=4 in motions=0.1.2.1.1.2
case=d6 index=4 in linear=3f000000.3e800000.3f400000 twist_low=bf000000.3e000000.3f600000 twist_high=3f400000.3e800000.3f200000
case=d6 index=4 in swing1=3f200000.3ec00000.3f000000 swing2=3ec00000.3d800000.3f700000
case=d6 index=4 in drive_x=00000001.40000000.3f800000.42c80000
case=d6 index=4 in drive_y=00000002.40400000.3fc00000.42ca0000
case=d6 index=4 in drive_z=00000001.40800000.40000000.42cc0000
case=d6 index=4 in drive_swing=00000002.40a00000.40200000.42ce0000
case=d6 index=4 in drive_twist=00000001.40c00000.40400000.42d00000
case=d6 index=4 in drive_spherical=00000002.40e00000.40600000.42d20000
case=d6 index=4 in use_spherical=1 drive_position=3f800000.40000000.40400000 drive_orientation=00000000.3f19999a.00000000.3f4ccccd
case=d6 index=4 in drive_linear_velocity=3f000000.bf000000.3fc00000 drive_angular_velocity=be800000.3e000000.40200000
case=d6 index=4 in projection distance=3e000000 angle=3d800000 mode=1
case=d6 index=4 created=yes
case=d6 index=4 out_anchor=3f800000.c0000000.3f000000 out_axis=3dcdbcfe.3e4dbcfe.3f797527 state=0
case=d6 index=4 abi_sret cases=2 flags=0 mismatches=0
case=d6 index=4 abi_sret_values anchor=3f800000.c0000000.3f000000 axis=3f8cdbd0.3e4dbcfe.3f797527
case=d6 index=4 internal off=04c words=3f7eb479.bca62f73.bdc97fed.3f7eb479.bca62f73.bdc97fed.b119e830.bf7ab9da
case=d6 index=4 internal off=06c words=3e4ec8c9.b119e830.bf7ab9da.3e4ec8c9.3dcdbcfe.3e4dbcfe.3f797527.3dcdbcfe
case=d6 index=4 internal off=08c words=3e4dbcfe.3f797527.3f800000.c0000000.3f000000.c0400000.c0000000.3f000000
case=d6 index=4 internal off=0ac words=bf1335cc.bf051850.bed8e79d.3eefe880.bf1335cc.bf051850.bed8e79d.3eefe880
case=d6 index=4 internal off=0cc words=3f7eb479.bca62f73.bdc97fed.3f7eb479.bca62f73.bdc97fed.b119e830.bf7ab9da
case=d6 index=4 internal off=0ec words=3e4ec8c9.b119e830.bf7ab9da.3e4ec8c9.3dcdbcfe.3e4dbcfe.3f797527.3dcdbcfe
case=d6 index=4 internal off=10c words=3e4dbcfe.3f797527.3f800000.c0000000.3f000000.c0400000.c0000000.3f000000
case=d6 index=4 internal off=12c words=bf1335cc.bf051850.bed8e79d.3eefe880.bf1335cc.bf051850.bed8e79d.3eefe880
case=d6 index=4 internal off=16c words=00000000.00000001.00000002.00000001.00000001.00000002.3f000000.3e800000
case=d6 index=4 internal off=18c words=3f400000.3f200000.3ec00000.3f000000.3ec00000.3d800000.3f700000.bf000000
case=d6 index=4 internal off=1ac words=3e000000.3f600000.3f400000.3e800000.3f200000.00000001.40000000.3f800000
case=d6 index=4 internal off=1cc words=42c80000.00000002.40400000.3fc00000.42ca0000.00000001.40800000.40000000
case=d6 index=4 internal off=1ec words=42cc0000.00000000.00000000.00000000.7f7fffff.00000000.00000000.00000000
case=d6 index=4 internal off=20c words=7f7fffff.00000000.00000000.00000000.7f7fffff.cdcdcd01.3f800000.40000000
case=d6 index=4 internal off=22c words=40400000.00000000.3f19999a.00000000.3f4ccccd.3f000000.bf000000.3fc00000
case=d6 index=4 internal off=24c words=be800000.3e000000.40200000.3e000000.3d800000.3f7399f5.cdcdcdcd.3f6e35bf
case=d6 index=4 internal off=26c words=cdcd0101
case=d6 index=4 actors a=match b=match
case=d6 index=4 type=9 is_d6=yes is_fixed=no
case=d6 index=4 saved motions=2.0.2.0.2.0
case=d6 index=4 saved linear=41100000.3f000000.3f000000 twist_low=c1100000.3e000000.3f600000 twist_high=41180000.3e800000.3f200000
case=d6 index=4 saved swing1=41000000.3ec00000.3f000000 swing2=40e00000.3d800000.3f700000
case=d6 index=4 saved drive_x=00000001.41a00000.41200000.42c80000
case=d6 index=4 saved drive_y=00000002.41a80000.41280000.42ca0000
case=d6 index=4 saved drive_z=00000001.41b00000.41300000.42cc0000
case=d6 index=4 saved drive_swing=00000002.41b80000.41380000.42ce0000
case=d6 index=4 saved drive_twist=00000001.41c00000.41400000.42d00000
case=d6 index=4 saved drive_spherical=00000002.41c80000.41480000.42d20000
case=d6 index=4 saved use_spherical=1 drive_position=41300000.41400000.41500000 drive_orientation=3f000000.3f000000.3f000000.3f000000
case=d6 index=4 saved drive_linear_velocity=41a80000.41b00000.41b80000 drive_angular_velocity=41f80000.42000000.42040000
case=d6 index=4 saved projection distance=42c60000 angle=42c40000 mode=1
case=d6 index=4 saved anchor0=3f800000.c0000000.3f000000 anchor1=c0400000.c0000000.3f000000
case=d6 index=4 saved axis0=3dcdbcfe.3e4dbcfe.3f797527 axis1=3dcdbcfe.3e4dbcfe.3f797527
case=d6 index=4 saved normal0=3f7eb479.bca62f73.bdc97fed normal1=3f7eb479.bca62f73.bdc97fed
case=d6 index=4 saved max_force=7f7fffff max_torque=7f7fffff flags=00000002 actors a=match b=match
case=d6 index=4 drive_contended reports=1 code=2 line=40
case=d6 index=4 drive_orientation_contended reports=1 code=2 line=47
case=d6 index=4 drive_linear_velocity_contended reports=1 code=2 line=54
case=d6 index=4 drive_angular_velocity_contended reports=1 code=2 line=61
case=d6 index=4 drive_setters=called
case=d6 index=4 resaved motions=2.0.2.0.2.0
case=d6 index=4 resaved linear=41100000.3f000000.3f000000 twist_low=c1100000.3e000000.3f600000 twist_high=41180000.3e800000.3f200000
case=d6 index=4 resaved swing1=41000000.3ec00000.3f000000 swing2=40e00000.3d800000.3f700000
case=d6 index=4 resaved drive_x=00000001.41a00000.41200000.42c80000
case=d6 index=4 resaved drive_y=00000002.41a80000.41280000.42ca0000
case=d6 index=4 resaved drive_z=00000001.41b00000.41300000.42cc0000
case=d6 index=4 resaved drive_swing=00000002.41b80000.41380000.42ce0000
case=d6 index=4 resaved drive_twist=00000001.41c00000.41400000.42d00000
case=d6 index=4 resaved drive_spherical=00000002.41c80000.41480000.42d20000
case=d6 index=4 resaved use_spherical=1 drive_position=41300000.41400000.41500000 drive_orientation=3f000000.3f000000.3f000000.3f000000
case=d6 index=4 resaved drive_linear_velocity=41a80000.41b00000.41b80000 drive_angular_velocity=41f80000.42000000.42040000
case=d6 index=4 resaved projection distance=42c60000 angle=42c40000 mode=1
case=d6 index=4 scene_joints when=before_release count=3 enumerated=3 order=9.0.8 self=yes end=null
case=d6 index=4 released=yes
case=d6 index=4 scene_joints when=after_release count=2 enumerated=2 order=0.8 self=no end=null
case=revolute index=5 in_anchor=bf000000.3fc00000.40000000 in_axis=00000000.00000000.3f800000
case=revolute index=5 created=yes
case=revolute index=5 out_anchor=bf000000.3fc00000.40000000 out_axis=00000000.00000000.3f800000 state=0
case=revolute index=5 abi_sret cases=2 flags=0 mismatches=0
case=revolute index=5 abi_sret_values anchor=bf000000.3fc00000.40000000 axis=3f800000.00000000.3f800000
case=revolute index=5 internal off=04c words=3f800000.00000000.00000000.3f800000.00000000.00000000.00000000.bf800000
case=revolute index=5 internal off=06c words=00000000.00000000.bf800000.00000000.00000000.00000000.3f800000.00000000
case=revolute index=5 internal off=08c words=00000000.3f800000.bf000000.3fc00000.40000000.c0900000.3fc00000.40000000
case=revolute index=5 internal off=0ac words=bf000000.bf000000.bf000000.3f000000.bf000000.bf000000.bf000000.3f000000
case=revolute index=5 internal off=0cc words=3f800000.00000000.00000000.3f800000.00000000.00000000.00000000.bf800000
case=revolute index=5 internal off=0ec words=00000000.00000000.bf800000.00000000.00000000.00000000.3f800000.00000000
case=revolute index=5 internal off=10c words=00000000.3f800000.bf000000.3fc00000.40000000.c0900000.3fc00000.40000000
case=revolute index=5 internal off=12c words=bf000000.bf000000.bf000000.3f000000.bf000000.bf000000.bf000000.3f000000
case=revolute index=5 internal off=16c words=00000000.00000000.3f800000.00000000.00000000.3f800000.7f7fffff.00000000
case=revolute index=5 internal off=18c words=00000000.00000000.00000000.00000000.3f800000.3f7f06ff.3db25bff.00000000
case=revolute index=5 internal off=1ac words=cdcdcdcd.cdcdcdcd.cdcdcdcd.cdcdcdcd.cdcdcdcd.cdcdcdcd.cdcdcdcd.cdcdcdcd
case=revolute index=5 internal off=1cc words=cdcdcdcd.cdcdcdcd.cdcdcdcd.cdcdcdcd.cdcdcdcd.cdcdcdcd.cdcdcdcd.cdcdcdcd
case=revolute index=5 internal off=1ec words=cdcdcdcd.cdcdcdcd.cdcdcdcd.cdcdcdcd.cdcdcdcd.cdcdcdcd
case=revolute index=5 actors a=match b=match
case=revolute index=5 saved anchor0=bf000000.3fc00000.40000000 anchor1=c0900000.3fc00000.40000000
case=revolute index=5 saved axis0=00000000.00000000.3f800000 axis1=00000000.00000000.3f800000
case=revolute index=5 saved normal0=3f800000.00000000.00000000 normal1=3f800000.00000000.00000000
case=revolute index=5 scene_joints when=before_release count=3 enumerated=3 order=1.0.8 self=yes end=null
case=revolute index=5 released=yes
case=revolute index=5 scene_joints when=after_release count=2 enumerated=2 order=0.8 self=no end=null
case=prismatic index=5 in_anchor=bf000000.3fc00000.40000000 in_axis=00000000.00000000.3f800000
case=prismatic index=5 created=yes
case=prismatic index=5 out_anchor=bf000000.3fc00000.40000000 out_axis=00000000.00000000.3f800000 state=0
case=prismatic index=5 abi_sret cases=2 flags=0 mismatches=0
case=prismatic index=5 abi_sret_values anchor=bf000000.3fc00000.40000000 axis=3f800000.00000000.3f800000
case=prismatic index=5 internal off=04c words=3f800000.00000000.00000000.3f800000.00000000.00000000.00000000.bf800000
case=prismatic index=5 internal off=06c words=00000000.00000000.bf800000.00000000.00000000.00000000.3f800000.00000000
case=prismatic index=5 internal off=08c words=00000000.3f800000.bf000000.3fc00000.40000000.c0900000.3fc00000.40000000
case=prismatic index=5 internal off=0ac words=bf000000.bf000000.bf000000.3f000000.bf000000.bf000000.bf000000.3f000000
case=prismatic index=5 internal off=0cc words=3f800000.00000000.00000000.3f800000.00000000.00000000.00000000.bf800000
case=prismatic index=5 internal off=0ec words=00000000.00000000.bf800000.00000000.00000000.00000000.3f800000.00000000
case=prismatic index=5 internal off=10c words=00000000.3f800000.bf000000.3fc00000.40000000.c0900000.3fc00000.40000000
case=prismatic index=5 internal off=12c words=bf000000.bf000000.bf000000.3f000000.bf000000.bf000000.bf000000.3f000000
case=prismatic index=5 internal off=16c words=80000000.80000000.80000000.3f800000
case=prismatic index=5 actors a=match b=match
case=prismatic index=5 type=0 is_prismatic=yes is_revolute=no
case=prismatic index=5 saved anchor0=bf000000.3fc00000.40000000 anchor1=c0900000.3fc00000.40000000
case=prismatic index=5 saved axis0=00000000.00000000.3f800000 axis1=00000000.00000000.3f800000
case=prismatic index=5 saved normal0=3f800000.00000000.00000000 normal1=3f800000.00000000.00000000
case=prismatic index=5 saved max_force=7f7fffff max_torque=7f7fffff flags=00000002 actors a=match b=match
case=prismatic index=5 scene_joints when=before_release count=3 enumerated=3 order=0.0.8 self=yes end=null
case=prismatic index=5 released=yes
case=prismatic index=5 scene_joints when=after_release count=2 enumerated=2 order=0.8 self=no end=null
case=cylindrical index=5 in_anchor=bf000000.3fc00000.40000000 in_axis=00000000.00000000.3f800000
case=cylindrical index=5 created=yes
case=cylindrical index=5 out_anchor=bf000000.3fc00000.40000000 out_axis=00000000.00000000.3f800000 state=0
case=cylindrical index=5 abi_sret cases=2 flags=0 mismatches=0
case=cylindrical index=5 abi_sret_values anchor=bf000000.3fc00000.40000000 axis=3f800000.00000000.3f800000
case=cylindrical index=5 internal off=04c words=3f800000.00000000.00000000.3f800000.00000000.00000000.00000000.bf800000
case=cylindrical index=5 internal off=06c words=00000000.00000000.bf800000.00000000.00000000.00000000.3f800000.00000000
case=cylindrical index=5 internal off=08c words=00000000.3f800000.bf000000.3fc00000.40000000.c0900000.3fc00000.40000000
case=cylindrical index=5 internal off=0ac words=bf000000.bf000000.bf000000.3f000000.bf000000.bf000000.bf000000.3f000000
case=cylindrical index=5 internal off=0cc words=3f800000.00000000.00000000.3f800000.00000000.00000000.00000000.bf800000
case=cylindrical index=5 internal off=0ec words=00000000.00000000.bf800000.00000000.00000000.00000000.3f800000.00000000
case=cylindrical index=5 internal off=10c words=00000000.3f800000.bf000000.3fc00000.40000000.c0900000.3fc00000.40000000
case=cylindrical index=5 internal off=12c words=bf000000.bf000000.bf000000.3f000000.bf000000.bf000000.bf000000.3f000000
case=cylindrical index=5 actors a=match b=match
case=cylindrical index=5 type=2 is_cylindrical=yes is_prismatic=no
case=cylindrical index=5 saved anchor0=bf000000.3fc00000.40000000 anchor1=c0900000.3fc00000.40000000
case=cylindrical index=5 saved axis0=00000000.00000000.3f800000 axis1=00000000.00000000.3f800000
case=cylindrical index=5 saved normal0=3f800000.00000000.00000000 normal1=3f800000.00000000.00000000
case=cylindrical index=5 saved max_force=7f7fffff max_torque=7f7fffff flags=00000002 actors a=match b=match
case=cylindrical index=5 scene_joints when=before_release count=3 enumerated=3 order=2.0.8 self=yes end=null
case=cylindrical index=5 released=yes
case=cylindrical index=5 scene_joints when=after_release count=2 enumerated=2 order=0.8 self=no end=null
case=spherical index=5 in_anchor=bf000000.3fc00000.40000000 in_axis=00000000.00000000.3f800000
case=spherical index=5 created=yes
case=spherical index=5 out_anchor=bf000000.3fc00000.40000000 out_axis=00000000.00000000.3f800000 state=0
case=spherical index=5 abi_sret cases=2 flags=0 mismatches=0
case=spherical index=5 abi_sret_values anchor=bf000000.3fc00000.40000000 axis=3f800000.00000000.3f800000
case=spherical index=5 internal off=04c words=3f800000.00000000.00000000.3f800000.00000000.00000000.00000000.bf800000
case=spherical index=5 internal off=06c words=00000000.00000000.bf800000.00000000.00000000.00000000.3f800000.00000000
case=spherical index=5 internal off=08c words=00000000.3f800000.bf000000.3fc00000.40000000.c0900000.3fc00000.40000000
case=spherical index=5 internal off=0ac words=bf000000.bf000000.bf000000.3f000000.bf000000.bf000000.bf000000.3f000000
case=spherical index=5 internal off=0cc words=3f800000.00000000.00000000.3f800000.00000000.00000000.00000000.bf800000
case=spherical index=5 internal off=0ec words=00000000.00000000.bf800000.00000000.00000000.00000000.3f800000.00000000
case=spherical index=5 internal off=10c words=00000000.3f800000.bf000000.3fc00000.40000000.c0900000.3fc00000.40000000
case=spherical index=5 internal off=12c words=bf000000.bf000000.bf000000.3f000000.bf000000.bf000000.bf000000.3f000000
case=spherical index=5 internal off=16c words=bf000000.3e800000.3f800000.3f400000.00000000.3f000000.3f200000.3f000000
case=spherical index=5 internal off=18c words=3f400000.40000000.3f000000.3e000000.40400000.3f800000.3ec00000.40800000
case=spherical index=5 internal off=1ac words=40000000.00000000.3f19999a.00000000.3f4ccccd.3f19999a.00000000.3f4ccccd
case=spherical index=5 internal off=1cc words=3f4f9b47.00000009.3e800000.cdcdcdcd.cdcdcdcd.cdcdcdcd.cdcdcdcd.cdcdcdcd
case=spherical index=5 internal off=1ec words=cdcdcdcd.cdcdcdcd.cdcdcdcd.cdcdcdcd.cdcdcdcd.cdcdcdcd.cdcdcdcd.cdcdcdcd
case=spherical index=5 internal off=20c words=cdcdcdcd.cdcdcdcd.cdcdcdcd.cdcdcdcd.cdcdcdcd.cdcdcdcd.cdcdcdcd.cdcdcdcd
case=spherical index=5 internal off=22c words=cdcdcdcd.cdcdcdcd.cdcdcdcd.cdcdcdcd
case=spherical index=5 actors a=match b=match
case=spherical index=5 type=3 is_spherical=yes is_revolute=no
case=spherical index=5 flags=00000009 projection_mode=1
case=spherical index=5 saved anchor0=bf000000.3fc00000.40000000 anchor1=c0900000.3fc00000.40000000
case=spherical index=5 saved axis0=00000000.00000000.3f800000 axis1=00000000.00000000.3f800000
case=spherical index=5 saved normal0=3f800000.00000000.00000000 normal1=3f800000.00000000.00000000
case=spherical index=5 saved swing_axis=3f19999a.00000000.3f4ccccd projection_distance=3e800000 flags=00000009 projection_mode=1
case=spherical index=5 saved twist_limit=bf000000.3e800000.3f800000.3f400000.00000000.3f000000 swing_limit=3f200000.3f000000.3f400000
case=spherical index=5 saved twist_spring=40000000.3f000000.3e000000 swing_spring=40400000.3f800000.3ec00000 joint_spring=40800000.40000000.00000000
case=spherical index=5 saved max_force=7f7fffff max_torque=7f7fffff flags=00000002 actors a=match b=match
case=spherical index=5 scene_joints when=before_release count=3 enumerated=3 order=3.0.8 self=yes end=null
case=spherical index=5 released=yes
case=spherical index=5 scene_joints when=after_release count=2 enumerated=2 order=0.8 self=no end=null
case=point_on_line index=5 in_anchor=bf000000.3fc00000.40000000 in_axis=00000000.00000000.3f800000
case=point_on_line index=5 created=yes
case=point_on_line index=5 out_anchor=bf000000.3fc00000.40000000 out_axis=00000000.00000000.3f800000 state=0
case=point_on_line index=5 abi_sret cases=2 flags=0 mismatches=0
case=point_on_line index=5 abi_sret_values anchor=bf000000.3fc00000.40000000 axis=3f800000.00000000.3f800000
case=point_on_line index=5 internal off=04c words=3f800000.00000000.00000000.3f800000.00000000.00000000.00000000.bf800000
case=point_on_line index=5 internal off=06c words=00000000.00000000.bf800000.00000000.00000000.00000000.3f800000.00000000
case=point_on_line index=5 internal off=08c words=00000000.3f800000.bf000000.3fc00000.40000000.c0900000.3fc00000.40000000
case=point_on_line index=5 internal off=0ac words=bf000000.bf000000.bf000000.3f000000.bf000000.bf000000.bf000000.3f000000
case=point_on_line index=5 internal off=0cc words=3f800000.00000000.00000000.3f800000.00000000.00000000.00000000.bf800000
case=point_on_line index=5 internal off=0ec words=00000000.00000000.bf800000.00000000.00000000.00000000.3f800000.00000000
case=point_on_line index=5 internal off=10c words=00000000.3f800000.bf000000.3fc00000.40000000.c0900000.3fc00000.40000000
case=point_on_line index=5 internal off=12c words=bf000000.bf000000.bf000000.3f000000.bf000000.bf000000.bf000000.3f000000
case=point_on_line index=5 actors a=match b=match
case=point_on_line index=5 type=4 is_point_on_line=yes is_revolute=no
case=point_on_line index=5 saved anchor0=bf000000.3fc00000.40000000 anchor1=c0900000.3fc00000.40000000
case=point_on_line index=5 saved axis0=00000000.00000000.3f800000 axis1=00000000.00000000.3f800000
case=point_on_line index=5 saved normal0=3f800000.00000000.00000000 normal1=3f800000.00000000.00000000
case=point_on_line index=5 saved max_force=7f7fffff max_torque=7f7fffff flags=00000002 actors a=match b=match
case=point_on_line index=5 scene_joints when=before_release count=3 enumerated=3 order=4.0.8 self=yes end=null
case=point_on_line index=5 released=yes
case=point_on_line index=5 scene_joints when=after_release count=2 enumerated=2 order=0.8 self=no end=null
case=point_in_plane index=5 in_anchor=bf000000.3fc00000.40000000 in_axis=00000000.00000000.3f800000
case=point_in_plane index=5 created=yes
case=point_in_plane index=5 out_anchor=bf000000.3fc00000.40000000 out_axis=00000000.00000000.3f800000 state=0
case=point_in_plane index=5 abi_sret cases=2 flags=0 mismatches=0
case=point_in_plane index=5 abi_sret_values anchor=bf000000.3fc00000.40000000 axis=3f800000.00000000.3f800000
case=point_in_plane index=5 internal off=04c words=3f800000.00000000.00000000.3f800000.00000000.00000000.00000000.bf800000
case=point_in_plane index=5 internal off=06c words=00000000.00000000.bf800000.00000000.00000000.00000000.3f800000.00000000
case=point_in_plane index=5 internal off=08c words=00000000.3f800000.bf000000.3fc00000.40000000.c0900000.3fc00000.40000000
case=point_in_plane index=5 internal off=0ac words=bf000000.bf000000.bf000000.3f000000.bf000000.bf000000.bf000000.3f000000
case=point_in_plane index=5 internal off=0cc words=3f800000.00000000.00000000.3f800000.00000000.00000000.00000000.bf800000
case=point_in_plane index=5 internal off=0ec words=00000000.00000000.bf800000.00000000.00000000.00000000.3f800000.00000000
case=point_in_plane index=5 internal off=10c words=00000000.3f800000.bf000000.3fc00000.40000000.c0900000.3fc00000.40000000
case=point_in_plane index=5 internal off=12c words=bf000000.bf000000.bf000000.3f000000.bf000000.bf000000.bf000000.3f000000
case=point_in_plane index=5 actors a=match b=match
case=point_in_plane index=5 type=5 is_point_in_plane=yes is_revolute=no
case=point_in_plane index=5 saved anchor0=bf000000.3fc00000.40000000 anchor1=c0900000.3fc00000.40000000
case=point_in_plane index=5 saved axis0=00000000.00000000.3f800000 axis1=00000000.00000000.3f800000
case=point_in_plane index=5 saved normal0=3f800000.00000000.00000000 normal1=3f800000.00000000.00000000
case=point_in_plane index=5 saved max_force=7f7fffff max_torque=7f7fffff flags=00000002 actors a=match b=match
case=point_in_plane index=5 scene_joints when=before_release count=3 enumerated=3 order=5.0.8 self=yes end=null
case=point_in_plane index=5 released=yes
case=point_in_plane index=5 scene_joints when=after_release count=2 enumerated=2 order=0.8 self=no end=null
case=distance index=5 in_anchor=bf000000.3fc00000.40000000 in_axis=00000000.00000000.3f800000 max_distance=40200000 min_distance=3f000000 spring=41200000.3f000000.3e800000 flags=00000007
case=distance index=5 created=yes
case=distance index=5 out_anchor=bf000000.3fc00000.40000000 out_axis=00000000.00000000.3f800000 state=0
case=distance index=5 abi_sret cases=2 flags=0 mismatches=0
case=distance index=5 abi_sret_values anchor=bf000000.3fc00000.40000000 axis=3f800000.00000000.3f800000
case=distance index=5 internal off=04c words=3f800000.00000000.00000000.3f800000.00000000.00000000.00000000.bf800000
case=distance index=5 internal off=06c words=00000000.00000000.bf800000.00000000.00000000.00000000.3f800000.00000000
case=distance index=5 internal off=08c words=00000000.3f800000.bf000000.3fc00000.40000000.c0900000.3fc00000.40000000
case=distance index=5 internal off=0ac words=bf000000.bf000000.bf000000.3f000000.bf000000.bf000000.bf000000.3f000000
case=distance index=5 internal off=0cc words=3f800000.00000000.00000000.3f800000.00000000.00000000.00000000.bf800000
case=distance index=5 internal off=0ec words=00000000.00000000.bf800000.00000000.00000000.00000000.3f800000.00000000
case=distance index=5 internal off=10c words=00000000.3f800000.bf000000.3fc00000.40000000.c0900000.3fc00000.40000000
case=distance index=5 internal off=12c words=bf000000.bf000000.bf000000.3f000000.bf000000.bf000000.bf000000.3f000000
case=distance index=5 internal off=16c words=40200000.3f000000.41200000.3f000000.3e800000.00000007
case=distance index=5 actors a=match b=match
case=distance index=5 type=6 is_distance=yes is_revolute=no
case=distance index=5 saved max_distance=40200000 min_distance=3f000000 spring=41200000.3f000000.3e800000 flags=00000007
case=distance index=5 saved anchor0=bf000000.3fc00000.40000000 anchor1=c0900000.3fc00000.40000000
case=distance index=5 saved axis0=00000000.00000000.3f800000 axis1=00000000.00000000.3f800000
case=distance index=5 saved normal0=3f800000.00000000.00000000 normal1=3f800000.00000000.00000000
case=distance index=5 saved max_force=7f7fffff max_torque=7f7fffff flags=00000002 actors a=match b=match
case=distance index=5 scene_joints when=before_release count=3 enumerated=3 order=6.0.8 self=yes end=null
case=distance index=5 released=yes
case=distance index=5 scene_joints when=after_release count=2 enumerated=2 order=0.8 self=no end=null
case=pulley index=5 in_anchor=bf000000.3fc00000.40000000 in_axis=00000000.00000000.3f800000
case=pulley index=5 in_pulley0=00000000.40a00000.00000000 in_pulley1=40800000.40a00000.00000000 distance=40c00000 stiffness=3f400000 ratio=3fc00000 flags=00000001
case=pulley index=5 created=yes
case=pulley index=5 out_anchor=bf000000.3fc00000.40000000 out_axis=00000000.00000000.3f800000 state=0
case=pulley index=5 abi_sret cases=2 flags=0 mismatches=0
case=pulley index=5 abi_sret_values anchor=bf000000.3fc00000.40000000 axis=3f800000.00000000.3f800000
case=pulley index=5 internal off=04c words=3f800000.00000000.00000000.3f800000.00000000.00000000.00000000.bf800000
case=pulley index=5 internal off=06c words=00000000.00000000.bf800000.00000000.00000000.00000000.3f800000.00000000
case=pulley index=5 internal off=08c words=00000000.3f800000.bf000000.3fc00000.40000000.c0900000.3fc00000.40000000
case=pulley index=5 internal off=0ac words=bf000000.bf000000.bf000000.3f000000.bf000000.bf000000.bf000000.3f000000
case=pulley index=5 internal off=0cc words=3f800000.00000000.00000000.3f800000.00000000.00000000.00000000.bf800000
case=pulley index=5 internal off=0ec words=00000000.00000000.bf800000.00000000.00000000.00000000.3f800000.00000000
case=pulley index=5 internal off=10c words=00000000.3f800000.bf000000.3fc00000.40000000.c0900000.3fc00000.40000000
case=pulley index=5 internal off=12c words=bf000000.bf000000.bf000000.3f000000.bf000000.bf000000.bf000000.3f000000
case=pulley index=5 actors a=match b=match
case=pulley index=5 type=7 is_pulley=yes is_distance=no
case=pulley index=5 saved pulley0=00000000.40a00000.00000000 pulley1=40800000.40a00000.00000000
case=pulley index=5 saved distance=40c00000 stiffness=3f400000 ratio=3fc00000 flags=00000001
case=pulley index=5 saved anchor0=bf000000.3fc00000.40000000 anchor1=c0900000.3fc00000.40000000
case=pulley index=5 saved axis0=00000000.00000000.3f800000 axis1=00000000.00000000.3f800000
case=pulley index=5 saved normal0=3f800000.00000000.00000000 normal1=3f800000.00000000.00000000
case=pulley index=5 saved max_force=7f7fffff max_torque=7f7fffff flags=00000002 actors a=match b=match
case=pulley index=5 scene_joints when=before_release count=3 enumerated=3 order=7.0.8 self=yes end=null
case=pulley index=5 released=yes
case=pulley index=5 scene_joints when=after_release count=2 enumerated=2 order=0.8 self=no end=null
case=fixed index=5 in_anchor=bf000000.3fc00000.40000000 in_axis=00000000.00000000.3f800000
case=fixed index=5 created=yes
case=fixed index=5 out_anchor=bf000000.3fc00000.40000000 out_axis=00000000.00000000.3f800000 state=0
case=fixed index=5 abi_sret cases=2 flags=0 mismatches=0
case=fixed index=5 abi_sret_values anchor=bf000000.3fc00000.40000000 axis=3f800000.00000000.3f800000
case=fixed index=5 internal off=04c words=3f800000.00000000.00000000.3f800000.00000000.00000000.00000000.bf800000
case=fixed index=5 internal off=06c words=00000000.00000000.bf800000.00000000.00000000.00000000.3f800000.00000000
case=fixed index=5 internal off=08c words=00000000.3f800000.bf000000.3fc00000.40000000.c0900000.3fc00000.40000000
case=fixed index=5 internal off=0ac words=bf000000.bf000000.bf000000.3f000000.bf000000.bf000000.bf000000.3f000000
case=fixed index=5 internal off=0cc words=3f800000.00000000.00000000.3f800000.00000000.00000000.00000000.bf800000
case=fixed index=5 internal off=0ec words=00000000.00000000.bf800000.00000000.00000000.00000000.3f800000.00000000
case=fixed index=5 internal off=10c words=00000000.3f800000.bf000000.3fc00000.40000000.c0900000.3fc00000.40000000
case=fixed index=5 internal off=12c words=bf000000.bf000000.bf000000.3f000000.bf000000.bf000000.bf000000.3f000000
case=fixed index=5 internal off=16c words=40800000.00000000.00000000.80000000.80000000.80000000.3f800000
case=fixed index=5 actors a=match b=match
case=fixed index=5 type=8 is_fixed=yes is_pulley=no
case=fixed index=5 saved anchor0=bf000000.3fc00000.40000000 anchor1=c0900000.3fc00000.40000000
case=fixed index=5 saved axis0=00000000.00000000.3f800000 axis1=00000000.00000000.3f800000
case=fixed index=5 saved normal0=3f800000.00000000.00000000 normal1=3f800000.00000000.00000000
case=fixed index=5 saved max_force=7f7fffff max_torque=7f7fffff flags=00000002 actors a=match b=match
case=fixed index=5 scene_joints when=before_release count=3 enumerated=3 order=8.0.8 self=yes end=null
case=fixed index=5 released=yes
case=fixed index=5 scene_joints when=after_release count=2 enumerated=2 order=0.8 self=no end=null
case=d6 index=5 in_anchor=bf000000.3fc00000.40000000 in_axis=00000000.00000000.3f800000
case=d6 index=5 in motions=0.1.2.1.1.2
case=d6 index=5 in linear=3f000000.3e800000.3f400000 twist_low=bf000000.3e000000.3f600000 twist_high=3f400000.3e800000.3f200000
case=d6 index=5 in swing1=3f200000.3ec00000.3f000000 swing2=3ec00000.3d800000.3f700000
case=d6 index=5 in drive_x=00000001.40000000.3f800000.42c80000
case=d6 index=5 in drive_y=00000002.40400000.3fc00000.42ca0000
case=d6 index=5 in drive_z=00000001.40800000.40000000.42cc0000
case=d6 index=5 in drive_swing=00000002.40a00000.40200000.42ce0000
case=d6 index=5 in drive_twist=00000001.40c00000.40400000.42d00000
case=d6 index=5 in drive_spherical=00000002.40e00000.40600000.42d20000
case=d6 index=5 in use_spherical=1 drive_position=3f800000.40000000.40400000 drive_orientation=00000000.3f19999a.00000000.3f4ccccd
case=d6 index=5 in drive_linear_velocity=3f000000.bf000000.3fc00000 drive_angular_velocity=be800000.3e000000.40200000
case=d6 index=5 in projection distance=3e000000 angle=3d800000 mode=1
case=d6 index=5 created=yes
case=d6 index=5 out_anchor=bf000000.3fc00000.40000000 out_axis=00000000.00000000.3f800000 state=0
case=d6 index=5 abi_sret cases=2 flags=0 mismatches=0
case=d6 index=5 abi_sret_values anchor=bf000000.3fc00000.40000000 axis=3f800000.00000000.3f800000
case=d6 index=5 internal off=04c words=3f800000.00000000.00000000.3f800000.00000000.00000000.00000000.bf800000
case=d6 index=5 internal off=06c words=00000000.00000000.bf800000.00000000.00000000.00000000.3f800000.00000000
case=d6 index=5 internal off=08c words=00000000.3f800000.bf000000.3fc00000.40000000.c0900000.3fc00000.40000000
case=d6 index=5 internal off=0ac words=bf000000.bf000000.bf000000.3f000000.bf000000.bf000000.bf000000.3f000000
case=d6 index=5 internal off=0cc words=3f800000.00000000.00000000.3f800000.00000000.00000000.00000000.bf800000
case=d6 index=5 internal off=0ec words=00000000.00000000.bf800000.00000000.00000000.00000000.3f800000.00000000
case=d6 index=5 internal off=10c words=00000000.3f800000.bf000000.3fc00000.40000000.c0900000.3fc00000.40000000
case=d6 index=5 internal off=12c words=bf000000.bf000000.bf000000.3f000000.bf000000.bf000000.bf000000.3f000000
case=d6 index=5 internal off=16c words=00000000.00000001.00000002.00000001.00000001.00000002.3f000000.3e800000
case=d6 index=5 internal off=18c words=3f400000.3f200000.3ec00000.3f000000.3ec00000.3d800000.3f700000.bf000000
case=d6 index=5 internal off=1ac words=3e000000.3f600000.3f400000.3e800000.3f200000.00000001.40000000.3f800000
case=d6 index=5 internal off=1cc words=42c80000.00000002.40400000.3fc00000.42ca0000.00000001.40800000.40000000
case=d6 index=5 internal off=1ec words=42cc0000.00000000.00000000.00000000.7f7fffff.00000000.00000000.00000000
case=d6 index=5 internal off=20c words=7f7fffff.00000000.00000000.00000000.7f7fffff.cdcdcd01.3f800000.40000000
case=d6 index=5 internal off=22c words=40400000.00000000.3f19999a.00000000.3f4ccccd.3f000000.bf000000.3fc00000
case=d6 index=5 internal off=24c words=be800000.3e000000.40200000.3e000000.3d800000.3f7399f5.cdcdcdcd.3f6e35bf
case=d6 index=5 internal off=26c words=cdcd0101
case=d6 index=5 actors a=match b=match
case=d6 index=5 type=9 is_d6=yes is_fixed=no
case=d6 index=5 saved motions=2.0.2.0.2.0
case=d6 index=5 saved linear=41100000.3f000000.3f000000 twist_low=c1100000.3e000000.3f600000 twist_high=41180000.3e800000.3f200000
case=d6 index=5 saved swing1=41000000.3ec00000.3f000000 swing2=40e00000.3d800000.3f700000
case=d6 index=5 saved drive_x=00000001.41a00000.41200000.42c80000
case=d6 index=5 saved drive_y=00000002.41a80000.41280000.42ca0000
case=d6 index=5 saved drive_z=00000001.41b00000.41300000.42cc0000
case=d6 index=5 saved drive_swing=00000002.41b80000.41380000.42ce0000
case=d6 index=5 saved drive_twist=00000001.41c00000.41400000.42d00000
case=d6 index=5 saved drive_spherical=00000002.41c80000.41480000.42d20000
case=d6 index=5 saved use_spherical=1 drive_position=41300000.41400000.41500000 drive_orientation=3f000000.3f000000.3f000000.3f000000
case=d6 index=5 saved drive_linear_velocity=41a80000.41b00000.41b80000 drive_angular_velocity=41f80000.42000000.42040000
case=d6 index=5 saved projection distance=42c60000 angle=42c40000 mode=1
case=d6 index=5 saved anchor0=bf000000.3fc00000.40000000 anchor1=c0900000.3fc00000.40000000
case=d6 index=5 saved axis0=00000000.00000000.3f800000 axis1=00000000.00000000.3f800000
case=d6 index=5 saved normal0=3f800000.00000000.00000000 normal1=3f800000.00000000.00000000
case=d6 index=5 saved max_force=7f7fffff max_torque=7f7fffff flags=00000002 actors a=match b=match
case=d6 index=5 drive_contended reports=1 code=2 line=40
case=d6 index=5 drive_orientation_contended reports=1 code=2 line=47
case=d6 index=5 drive_linear_velocity_contended reports=1 code=2 line=54
case=d6 index=5 drive_angular_velocity_contended reports=1 code=2 line=61
case=d6 index=5 drive_setters=called
case=d6 index=5 resaved motions=2.0.2.0.2.0
case=d6 index=5 resaved linear=41100000.3f000000.3f000000 twist_low=c1100000.3e000000.3f600000 twist_high=41180000.3e800000.3f200000
case=d6 index=5 resaved swing1=41000000.3ec00000.3f000000 swing2=40e00000.3d800000.3f700000
case=d6 index=5 resaved drive_x=00000001.41a00000.41200000.42c80000
case=d6 index=5 resaved drive_y=00000002.41a80000.41280000.42ca0000
case=d6 index=5 resaved drive_z=00000001.41b00000.41300000.42cc0000
case=d6 index=5 resaved drive_swing=00000002.41b80000.41380000.42ce0000
case=d6 index=5 resaved drive_twist=00000001.41c00000.41400000.42d00000
case=d6 index=5 resaved drive_spherical=00000002.41c80000.41480000.42d20000
case=d6 index=5 resaved use_spherical=1 drive_position=41300000.41400000.41500000 drive_orientation=3f000000.3f000000.3f000000.3f000000
case=d6 index=5 resaved drive_linear_velocity=41a80000.41b00000.41b80000 drive_angular_velocity=41f80000.42000000.42040000
case=d6 index=5 resaved projection distance=42c60000 angle=42c40000 mode=1
case=d6 index=5 scene_joints when=before_release count=3 enumerated=3 order=9.0.8 self=yes end=null
case=d6 index=5 released=yes
case=d6 index=5 scene_joints when=after_release count=2 enumerated=2 order=0.8 self=no end=null
scene=released
rotated_scene=created
rotated_fixture input=a row0=00000000.00000000.3f800000 row1=00000000.3f800000.00000000 row2=bf800000.00000000.00000000 t=00000000.3f800000.00000000
rotated_fixture input=b row0=3e088888.bf2aaaab.3f3bbbbb row1=3f6eeeef.3eaaaaaa.3e08888a row2=beaaaaaa.3f2aaaaa.3f2aaaab t=40800000.bf800000.40000000
rotated_fixture actor=a t=00000000.3f800000.00000000 quat=00000000.3f3504f3.00000000.3f3504f3
rotated_fixture actor=a row0=33800000.00000000.3f7fffff row1=00000000.3f800000.00000000 row2=bf7fffff.00000000.33800000
rotated_fixture actor=a record off=05c words=00000000.3f3504f3.00000000.3f3504f3
rotated_fixture actor=a record off=0dc words=3f800000.00000000.00000000.00000000.3f800000.00000000.00000000.00000000.3f800000
rotated_fixture actor=a record off=124 words=00000000.3f3504f2.00000000.3f3504f4
rotated_fixture actor=a record off=134 words=33800000.00000000.3f7fffff.00000000.3f800000.00000000.bf7fffff.00000000.33800000
rotated_fixture actor=a record off=158 words=00000000.3f800000.00000000
rotated_fixture actor=a record off=164 words=3e3ffffe.00000000.a5800000.00000000.3e400000.00000000.a5800000.00000000.3e3fffff
rotated_fixture actor=b t=40800000.bf800000.40000000 quat=3e3af4b9.3ebaf4b9.3f0c378c.3f3af4ba
rotated_fixture actor=b row0=3e088889.bf2aaaab.3f3bbbbb row1=3f6eeeef.3eaaaaaa.3e088889 row2=beaaaaaa.3f2aaaaa.3f2aaaac
rotated_fixture actor=b record off=05c words=3e3af4b9.3ebaf4b9.3f0c378c.3f3af4ba
rotated_fixture actor=b record off=0dc words=3f800000.00000000.00000000.00000000.3f800000.00000000.00000000.00000000.3f800000
rotated_fixture actor=b record off=124 words=3e3af4b9.3ebaf4b9.3f0c378c.3f3af4ba
rotated_fixture actor=b record off=134 words=3e088889.bf2aaaab.3f3bbbbb.3f6eeeef.3eaaaaaa.3e088889.beaaaaaa.3f2aaaaa.3f2aaaac
rotated_fixture actor=b record off=158 words=40800000.bf800000.40000000
rotated_fixture actor=b record off=164 words=3e3fffff.31599999.32099999.31599999.3e400000.314cccce.32099999.314cccce.3e400001
rotated_fixture=a,created b,created
case=revolute index=10 in_anchor=3f800000.40000000.40400000 in_axis=3f19999a.bf4ccccd.00000000
case=revolute index=10 created=yes
case=revolute index=10 out_anchor=3f800000.40000000.403fffff out_axis=3f199998.bf4ccccd.a6cccccc state=0
case=revolute index=10 abi_sret cases=2 flags=0 mismatches=0
case=revolute index=10 abi_sret_values anchor=3f800000.40000000.403fffff axis=3fcccccc.bf4ccccd.a6cccccc
case=revolute index=10 internal off=04c words=bf7fffff.00000000.33800000.beaaaaaa.3f2aaaaa.3f2aaaac.334ccccd.3f199998
case=revolute index=10 internal off=06c words=3f4ccccc.3f2aaaab.beaaaaad.3f2aaaaa.3319999a.bf4ccccd.3f199999.bf2aaaab
case=revolute index=10 internal off=08c words=bf2aaaab.3eaaaaaa.c03fffff.3f800000.3f800001.40044444.406aaaaa.bf91110f
case=revolute index=10 internal off=0ac words=bf2bbae3.3f2bbae2.be64f92c.be64f92d.3e93cd3a.bf5db3d7.be93cd3c.3e93cd3a
case=revolute index=10 internal off=0cc words=bf7fffff.00000000.33800000.beaaaaaa.3f2aaaaa.3f2aaaac.334ccccd.3f199998
case=revolute index=10 internal off=0ec words=3f4ccccc.3f2aaaab.beaaaaad.3f2aaaaa.3319999a.bf4ccccd.3f199999.bf2aaaab
case=revolute index=10 internal off=10c words=bf2aaaab.3eaaaaaa.c03fffff.3f800000.3f800001.40044444.406aaaaa.bf91110f
case=revolute index=10 internal off=12c words=bf2bbae3.3f2bbae2.be64f92c.be64f92d.3e93cd3a.bf5db3d7.be93cd3c.3e93cd3a
case=revolute index=10 internal off=16c words=00000000.00000000.3f800000.00000000.00000000.3f800000.7f7fffff.00000000
case=revolute index=10 internal off=18c words=00000000.00000000.00000000.00000000.3f800000.3f7f06ff.3db25bff.00000000
case=revolute index=10 internal off=1ac words=cdcdcdcd.cdcdcdcd.cdcdcdcd.cdcdcdcd.cdcdcdcd.cdcdcdcd.cdcdcdcd.cdcdcdcd
case=revolute index=10 internal off=1cc words=cdcdcdcd.cdcdcdcd.cdcdcdcd.cdcdcdcd.cdcdcdcd.cdcdcdcd.cdcdcdcd.cdcdcdcd
case=revolute index=10 internal off=1ec words=cdcdcdcd.cdcdcdcd.cdcdcdcd.cdcdcdcd.cdcdcdcd.cdcdcdcd
case=revolute index=10 actors a=match b=match
case=revolute index=10 saved anchor0=c03fffff.3f800000.3f800001 anchor1=40044444.406aaaaa.bf91110f
case=revolute index=10 saved axis0=3319999a.bf4ccccd.3f199999 axis1=bf2aaaab.bf2aaaab.3eaaaaaa
case=revolute index=10 saved normal0=bf7fffff.00000000.33800000 normal1=beaaaaaa.3f2aaaaa.3f2aaaac
case=revolute index=10 scene_joints when=before_release count=1 enumerated=1 order=1 self=yes end=null
case=revolute index=10 released=yes
case=revolute index=10 scene_joints when=after_release count=0 enumerated=0 order=none self=no end=null
case=prismatic index=10 in_anchor=3f800000.40000000.40400000 in_axis=3f19999a.bf4ccccd.00000000
case=prismatic index=10 created=yes
case=prismatic index=10 out_anchor=3f800000.40000000.403fffff out_axis=3f199998.bf4ccccd.a6cccccc state=0
case=prismatic index=10 abi_sret cases=2 flags=0 mismatches=0
case=prismatic index=10 abi_sret_values anchor=3f800000.40000000.403fffff axis=3fcccccc.bf4ccccd.a6cccccc
case=prismatic index=10 internal off=04c words=bf7fffff.00000000.33800000.beaaaaaa.3f2aaaaa.3f2aaaac.334ccccd.3f199998
case=prismatic index=10 internal off=06c words=3f4ccccc.3f2aaaab.beaaaaad.3f2aaaaa.3319999a.bf4ccccd.3f199999.bf2aaaab
case=prismatic index=10 internal off=08c words=bf2aaaab.3eaaaaaa.c03fffff.3f800000.3f800001.40044444.406aaaaa.bf91110f
case=prismatic index=10 internal off=0ac words=bf2bbae3.3f2bbae2.be64f92c.be64f92d.3e93cd3a.bf5db3d7.be93cd3c.3e93cd3a
case=prismatic index=10 internal off=0cc words=bf7fffff.00000000.33800000.beaaaaaa.3f2aaaaa.3f2aaaac.334ccccd.3f199998
case=prismatic index=10 internal off=0ec words=3f4ccccc.3f2aaaab.beaaaaad.3f2aaaaa.3319999a.bf4ccccd.3f199999.bf2aaaab
case=prismatic index=10 internal off=10c words=bf2aaaab.3eaaaaaa.c03fffff.3f800000.3f800001.40044444.406aaaaa.bf91110f
case=prismatic index=10 internal off=12c words=bf2bbae3.3f2bbae2.be64f92c.be64f92d.3e93cd3a.bf5db3d7.be93cd3c.3e93cd3a
case=prismatic index=10 internal off=16c words=3e8432a4.3e8432a3.bf0432a5.3f464bf7
case=prismatic index=10 actors a=match b=match
case=prismatic index=10 type=0 is_prismatic=yes is_revolute=no
case=prismatic index=10 saved anchor0=c03fffff.3f800000.3f800001 anchor1=40044444.406aaaaa.bf91110f
case=prismatic index=10 saved axis0=3319999a.bf4ccccd.3f199999 axis1=bf2aaaab.bf2aaaab.3eaaaaaa
case=prismatic index=10 saved normal0=bf7fffff.00000000.33800000 normal1=beaaaaaa.3f2aaaaa.3f2aaaac
case=prismatic index=10 saved max_force=7f7fffff max_torque=7f7fffff flags=00000002 actors a=match b=match
case=prismatic index=10 scene_joints when=before_release count=1 enumerated=1 order=0 self=yes end=null
case=prismatic index=10 released=yes
case=prismatic index=10 scene_joints when=after_release count=0 enumerated=0 order=none self=no end=null
case=cylindrical index=10 in_anchor=3f800000.40000000.40400000 in_axis=3f19999a.bf4ccccd.00000000
case=cylindrical index=10 created=yes
case=cylindrical index=10 out_anchor=3f800000.40000000.403fffff out_axis=3f199998.bf4ccccd.a6cccccc state=0
case=cylindrical index=10 abi_sret cases=2 flags=0 mismatches=0
case=cylindrical index=10 abi_sret_values anchor=3f800000.40000000.403fffff axis=3fcccccc.bf4ccccd.a6cccccc
case=cylindrical index=10 internal off=04c words=bf7fffff.00000000.33800000.beaaaaaa.3f2aaaaa.3f2aaaac.334ccccd.3f199998
case=cylindrical index=10 internal off=06c words=3f4ccccc.3f2aaaab.beaaaaad.3f2aaaaa.3319999a.bf4ccccd.3f199999.bf2aaaab
case=cylindrical index=10 internal off=08c words=bf2aaaab.3eaaaaaa.c03fffff.3f800000.3f800001.40044444.406aaaaa.bf91110f
case=cylindrical index=10 internal off=0ac words=bf2bbae3.3f2bbae2.be64f92c.be64f92d.3e93cd3a.bf5db3d7.be93cd3c.3e93cd3a
case=cylindrical index=10 internal off=0cc words=bf7fffff.00000000.33800000.beaaaaaa.3f2aaaaa.3f2aaaac.334ccccd.3f199998
case=cylindrical index=10 internal off=0ec words=3f4ccccc.3f2aaaab.beaaaaad.3f2aaaaa.3319999a.bf4ccccd.3f199999.bf2aaaab
case=cylindrical index=10 internal off=10c words=bf2aaaab.3eaaaaaa.c03fffff.3f800000.3f800001.40044444.406aaaaa.bf91110f
case=cylindrical index=10 internal off=12c words=bf2bbae3.3f2bbae2.be64f92c.be64f92d.3e93cd3a.bf5db3d7.be93cd3c.3e93cd3a
case=cylindrical index=10 actors a=match b=match
case=cylindrical index=10 type=2 is_cylindrical=yes is_prismatic=no
case=cylindrical index=10 saved anchor0=c03fffff.3f800000.3f800001 anchor1=40044444.406aaaaa.bf91110f
case=cylindrical index=10 saved axis0=3319999a.bf4ccccd.3f199999 axis1=bf2aaaab.bf2aaaab.3eaaaaaa
case=cylindrical index=10 saved normal0=bf7fffff.00000000.33800000 normal1=beaaaaaa.3f2aaaaa.3f2aaaac
case=cylindrical index=10 saved max_force=7f7fffff max_torque=7f7fffff flags=00000002 actors a=match b=match
case=cylindrical index=10 scene_joints when=before_release count=1 enumerated=1 order=2 self=yes end=null
case=cylindrical index=10 released=yes
case=cylindrical index=10 scene_joints when=after_release count=0 enumerated=0 order=none self=no end=null
case=spherical index=10 in_anchor=3f800000.40000000.40400000 in_axis=3f19999a.bf4ccccd.00000000
case=spherical index=10 created=yes
case=spherical index=10 out_anchor=3f800000.40000000.403fffff out_axis=3f199998.bf4ccccd.a6cccccc state=0
case=spherical index=10 abi_sret cases=2 flags=0 mismatches=0
case=spherical index=10 abi_sret_values anchor=3f800000.40000000.403fffff axis=3fcccccc.bf4ccccd.a6cccccc
case=spherical index=10 internal off=04c words=bf7fffff.00000000.33800000.beaaaaaa.3f2aaaaa.3f2aaaac.334ccccd.3f199998
case=spherical index=10 internal off=06c words=3f4ccccc.3f2aaaab.beaaaaad.3f2aaaaa.3319999a.bf4ccccd.3f199999.bf2aaaab
case=spherical index=10 internal off=08c words=bf2aaaab.3eaaaaaa.c03fffff.3f800000.3f800001.40044444.406aaaaa.bf91110f
case=spherical index=10 internal off=0ac words=bf2bbae3.3f2bbae2.be64f92c.be64f92d.3e93cd3a.bf5db3d7.be93cd3c.3e93cd3a
case=spherical index=10 internal off=0cc words=bf7fffff.00000000.33800000.beaaaaaa.3f2aaaaa.3f2aaaac.334ccccd.3f199998
case=spherical index=10 internal off=0ec words=3f4ccccc.3f2aaaab.beaaaaad.3f2aaaaa.3319999a.bf4ccccd.3f199999.bf2aaaab
case=spherical index=10 internal off=10c words=bf2aaaab.3eaaaaaa.c03fffff.3f800000.3f800001.40044444.406aaaaa.bf91110f
case=spherical index=10 internal off=12c words=bf2bbae3.3f2bbae2.be64f92c.be64f92d.3e93cd3a.bf5db3d7.be93cd3c.3e93cd3a
case=spherical index=10 internal off=16c words=bf000000.3e800000.3f800000.3f400000.00000000.3f000000.3f200000.3f000000
case=spherical index=10 internal off=18c words=3f400000.40000000.3f000000.3e000000.40400000.3f800000.3ec00000.40800000
case=spherical index=10 internal off=1ac words=40000000.00000000.3f19999a.00000000.3f4ccccd.bf199999.bf23d70b.3ef5c290
case=spherical index=10 internal off=1cc words=3f4f9b47.00000009.3e800000.cdcdcdcd.cdcdcdcd.cdcdcdcd.cdcdcdcd.cdcdcdcd
case=spherical index=10 internal off=1ec words=cdcdcdcd.cdcdcdcd.cdcdcdcd.cdcdcdcd.cdcdcdcd.cdcdcdcd.cdcdcdcd.cdcdcdcd
case=spherical index=10 internal off=20c words=cdcdcdcd.cdcdcdcd.cdcdcdcd.cdcdcdcd.cdcdcdcd.cdcdcdcd.cdcdcdcd.cdcdcdcd
case=spherical index=10 internal off=22c words=cdcdcdcd.cdcdcdcd.cdcdcdcd.cdcdcdcd
case=spherical index=10 actors a=match b=match
case=spherical index=10 type=3 is_spherical=yes is_revolute=no
case=spherical index=10 flags=00000009 projection_mode=1
case=spherical index=10 saved anchor0=c03fffff.3f800000.3f800001 anchor1=40044444.406aaaaa.bf91110f
case=spherical index=10 saved axis0=3319999a.bf4ccccd.3f199999 axis1=bf2aaaab.bf2aaaab.3eaaaaaa
case=spherical index=10 saved normal0=bf7fffff.00000000.33800000 normal1=beaaaaaa.3f2aaaaa.3f2aaaac
case=spherical index=10 saved swing_axis=3f19999a.00000000.3f4ccccd projection_distance=3e800000 flags=00000009 projection_mode=1
case=spherical index=10 saved twist_limit=bf000000.3e800000.3f800000.3f400000.00000000.3f000000 swing_limit=3f200000.3f000000.3f400000
case=spherical index=10 saved twist_spring=40000000.3f000000.3e000000 swing_spring=40400000.3f800000.3ec00000 joint_spring=40800000.40000000.00000000
case=spherical index=10 saved max_force=7f7fffff max_torque=7f7fffff flags=00000002 actors a=match b=match
case=spherical index=10 scene_joints when=before_release count=1 enumerated=1 order=3 self=yes end=null
case=spherical index=10 released=yes
case=spherical index=10 scene_joints when=after_release count=0 enumerated=0 order=none self=no end=null
case=point_on_line index=10 in_anchor=3f800000.40000000.40400000 in_axis=3f19999a.bf4ccccd.00000000
case=point_on_line index=10 created=yes
case=point_on_line index=10 out_anchor=3f800000.40000000.403fffff out_axis=3f199998.bf4ccccd.a6cccccc state=0
case=point_on_line index=10 abi_sret cases=2 flags=0 mismatches=0
case=point_on_line index=10 abi_sret_values anchor=3f800000.40000000.403fffff axis=3fcccccc.bf4ccccd.a6cccccc
case=point_on_line index=10 internal off=04c words=bf7fffff.00000000.33800000.beaaaaaa.3f2aaaaa.3f2aaaac.334ccccd.3f199998
case=point_on_line index=10 internal off=06c words=3f4ccccc.3f2aaaab.beaaaaad.3f2aaaaa.3319999a.bf4ccccd.3f199999.bf2aaaab
case=point_on_line index=10 internal off=08c words=bf2aaaab.3eaaaaaa.c03fffff.3f800000.3f800001.40044444.406aaaaa.bf91110f
case=point_on_line index=10 internal off=0ac words=bf2bbae3.3f2bbae2.be64f92c.be64f92d.3e93cd3a.bf5db3d7.be93cd3c.3e93cd3a
case=point_on_line index=10 internal off=0cc words=bf7fffff.00000000.33800000.beaaaaaa.3f2aaaaa.3f2aaaac.334ccccd.3f199998
case=point_on_line index=10 internal off=0ec words=3f4ccccc.3f2aaaab.beaaaaad.3f2aaaaa.3319999a.bf4ccccd.3f199999.bf2aaaab
case=point_on_line index=10 internal off=10c words=bf2aaaab.3eaaaaaa.c03fffff.3f800000.3f800001.40044444.406aaaaa.bf91110f
case=point_on_line index=10 internal off=12c words=bf2bbae3.3f2bbae2.be64f92c.be64f92d.3e93cd3a.bf5db3d7.be93cd3c.3e93cd3a
case=point_on_line index=10 actors a=match b=match
case=point_on_line index=10 type=4 is_point_on_line=yes is_revolute=no
case=point_on_line index=10 saved anchor0=c03fffff.3f800000.3f800001 anchor1=40044444.406aaaaa.bf91110f
case=point_on_line index=10 saved axis0=3319999a.bf4ccccd.3f199999 axis1=bf2aaaab.bf2aaaab.3eaaaaaa
case=point_on_line index=10 saved normal0=bf7fffff.00000000.33800000 normal1=beaaaaaa.3f2aaaaa.3f2aaaac
case=point_on_line index=10 saved max_force=7f7fffff max_torque=7f7fffff flags=00000002 actors a=match b=match
case=point_on_line index=10 scene_joints when=before_release count=1 enumerated=1 order=4 self=yes end=null
case=point_on_line index=10 released=yes
case=point_on_line index=10 scene_joints when=after_release count=0 enumerated=0 order=none self=no end=null
case=point_in_plane index=10 in_anchor=3f800000.40000000.40400000 in_axis=3f19999a.bf4ccccd.00000000
case=point_in_plane index=10 created=yes
case=point_in_plane index=10 out_anchor=3f800000.40000000.403fffff out_axis=3f199998.bf4ccccd.a6cccccc state=0
case=point_in_plane index=10 abi_sret cases=2 flags=0 mismatches=0
case=point_in_plane index=10 abi_sret_values anchor=3f800000.40000000.403fffff axis=3fcccccc.bf4ccccd.a6cccccc
case=point_in_plane index=10 internal off=04c words=bf7fffff.00000000.33800000.beaaaaaa.3f2aaaaa.3f2aaaac.334ccccd.3f199998
case=point_in_plane index=10 internal off=06c words=3f4ccccc.3f2aaaab.beaaaaad.3f2aaaaa.3319999a.bf4ccccd.3f199999.bf2aaaab
case=point_in_plane index=10 internal off=08c words=bf2aaaab.3eaaaaaa.c03fffff.3f800000.3f800001.40044444.406aaaaa.bf91110f
case=point_in_plane index=10 internal off=0ac words=bf2bbae3.3f2bbae2.be64f92c.be64f92d.3e93cd3a.bf5db3d7.be93cd3c.3e93cd3a
case=point_in_plane index=10 internal off=0cc words=bf7fffff.00000000.33800000.beaaaaaa.3f2aaaaa.3f2aaaac.334ccccd.3f199998
case=point_in_plane index=10 internal off=0ec words=3f4ccccc.3f2aaaab.beaaaaad.3f2aaaaa.3319999a.bf4ccccd.3f199999.bf2aaaab
case=point_in_plane index=10 internal off=10c words=bf2aaaab.3eaaaaaa.c03fffff.3f800000.3f800001.40044444.406aaaaa.bf91110f
case=point_in_plane index=10 internal off=12c words=bf2bbae3.3f2bbae2.be64f92c.be64f92d.3e93cd3a.bf5db3d7.be93cd3c.3e93cd3a
case=point_in_plane index=10 actors a=match b=match
case=point_in_plane index=10 type=5 is_point_in_plane=yes is_revolute=no
case=point_in_plane index=10 saved anchor0=c03fffff.3f800000.3f800001 anchor1=40044444.406aaaaa.bf91110f
case=point_in_plane index=10 saved axis0=3319999a.bf4ccccd.3f199999 axis1=bf2aaaab.bf2aaaab.3eaaaaaa
case=point_in_plane index=10 saved normal0=bf7fffff.00000000.33800000 normal1=beaaaaaa.3f2aaaaa.3f2aaaac
case=point_in_plane index=10 saved max_force=7f7fffff max_torque=7f7fffff flags=00000002 actors a=match b=match
case=point_in_plane index=10 scene_joints when=before_release count=1 enumerated=1 order=5 self=yes end=null
case=point_in_plane index=10 released=yes
case=point_in_plane index=10 scene_joints when=after_release count=0 enumerated=0 order=none self=no end=null
case=distance index=10 in_anchor=3f800000.40000000.40400000 in_axis=3f19999a.bf4ccccd.00000000 max_distance=40200000 min_distance=3f000000 spring=41200000.3f000000.3e800000 flags=00000007
case=distance index=10 created=yes
case=distance index=10 out_anchor=3f800000.40000000.403fffff out_axis=3f199998.bf4ccccd.a6cccccc state=0
case=distance index=10 abi_sret cases=2 flags=0 mismatches=0
case=distance index=10 abi_sret_values anchor=3f800000.40000000.403fffff axis=3fcccccc.bf4ccccd.a6cccccc
case=distance index=10 internal off=04c words=bf7fffff.00000000.33800000.beaaaaaa.3f2aaaaa.3f2aaaac.334ccccd.3f199998
case=distance index=10 internal off=06c words=3f4ccccc.3f2aaaab.beaaaaad.3f2aaaaa.3319999a.bf4ccccd.3f199999.bf2aaaab
case=distance index=10 internal off=08c words=bf2aaaab.3eaaaaaa.c03fffff.3f800000.3f800001.40044444.406aaaaa.bf91110f
case=distance index=10 internal off=0ac words=bf2bbae3.3f2bbae2.be64f92c.be64f92d.3e93cd3a.bf5db3d7.be93cd3c.3e93cd3a
case=distance index=10 internal off=0cc words=bf7fffff.00000000.33800000.beaaaaaa.3f2aaaaa.3f2aaaac.334ccccd.3f199998
case=distance index=10 internal off=0ec words=3f4ccccc.3f2aaaab.beaaaaad.3f2aaaaa.3319999a.bf4ccccd.3f199999.bf2aaaab
case=distance index=10 internal off=10c words=bf2aaaab.3eaaaaaa.c03fffff.3f800000.3f800001.40044444.406aaaaa.bf91110f
case=distance index=10 internal off=12c words=bf2bbae3.3f2bbae2.be64f92c.be64f92d.3e93cd3a.bf5db3d7.be93cd3c.3e93cd3a
case=distance index=10 internal off=16c words=40200000.3f000000.41200000.3f000000.3e800000.00000007
case=distance index=10 actors a=match b=match
case=distance index=10 type=6 is_distance=yes is_revolute=no
case=distance index=10 saved max_distance=40200000 min_distance=3f000000 spring=41200000.3f000000.3e800000 flags=00000007
case=distance index=10 saved anchor0=c03fffff.3f800000.3f800001 anchor1=40044444.406aaaaa.bf91110f
case=distance index=10 saved axis0=3319999a.bf4ccccd.3f199999 axis1=bf2aaaab.bf2aaaab.3eaaaaaa
case=distance index=10 saved normal0=bf7fffff.00000000.33800000 normal1=beaaaaaa.3f2aaaaa.3f2aaaac
case=distance index=10 saved max_force=7f7fffff max_torque=7f7fffff flags=00000002 actors a=match b=match
case=distance index=10 scene_joints when=before_release count=1 enumerated=1 order=6 self=yes end=null
case=distance index=10 released=yes
case=distance index=10 scene_joints when=after_release count=0 enumerated=0 order=none self=no end=null
case=pulley index=10 in_anchor=3f800000.40000000.40400000 in_axis=3f19999a.bf4ccccd.00000000
case=pulley index=10 in_pulley0=00000000.40a00000.00000000 in_pulley1=40800000.40a00000.00000000 distance=40c00000 stiffness=3f400000 ratio=3fc00000 flags=00000001
case=pulley index=10 created=yes
case=pulley index=10 out_anchor=3f800000.40000000.403fffff out_axis=3f199998.bf4ccccd.a6cccccc state=0
case=pulley index=10 abi_sret cases=2 flags=0 mismatches=0
case=pulley index=10 abi_sret_values anchor=3f800000.40000000.403fffff axis=3fcccccc.bf4ccccd.a6cccccc
case=pulley index=10 internal off=04c words=bf7fffff.00000000.33800000.beaaaaaa.3f2aaaaa.3f2aaaac.334ccccd.3f199998
case=pulley index=10 internal off=06c words=3f4ccccc.3f2aaaab.beaaaaad.3f2aaaaa.3319999a.bf4ccccd.3f199999.bf2aaaab
case=pulley index=10 internal off=08c words=bf2aaaab.3eaaaaaa.c03fffff.3f800000.3f800001.40044444.406aaaaa.bf91110f
case=pulley index=10 internal off=0ac words=bf2bbae3.3f2bbae2.be64f92c.be64f92d.3e93cd3a.bf5db3d7.be93cd3c.3e93cd3a
case=pulley index=10 internal off=0cc words=bf7fffff.00000000.33800000.beaaaaaa.3f2aaaaa.3f2aaaac.334ccccd.3f199998
case=pulley index=10 internal off=0ec words=3f4ccccc.3f2aaaab.beaaaaad.3f2aaaaa.3319999a.bf4ccccd.3f199999.bf2aaaab
case=pulley index=10 internal off=10c words=bf2aaaab.3eaaaaaa.c03fffff.3f800000.3f800001.40044444.406aaaaa.bf91110f
case=pulley index=10 internal off=12c words=bf2bbae3.3f2bbae2.be64f92c.be64f92d.3e93cd3a.bf5db3d7.be93cd3c.3e93cd3a
case=pulley index=10 actors a=match b=match
case=pulley index=10 type=7 is_pulley=yes is_distance=no
case=pulley index=10 saved pulley0=00000000.40a00000.00000000 pulley1=40800000.40a00000.00000000
case=pulley index=10 saved distance=40c00000 stiffness=3f400000 ratio=3fc00000 flags=00000001
case=pulley index=10 saved anchor0=c03fffff.3f800000.3f800001 anchor1=40044444.406aaaaa.bf91110f
case=pulley index=10 saved axis0=3319999a.bf4ccccd.3f199999 axis1=bf2aaaab.bf2aaaab.3eaaaaaa
case=pulley index=10 saved normal0=bf7fffff.00000000.33800000 normal1=beaaaaaa.3f2aaaaa.3f2aaaac
case=pulley index=10 saved max_force=7f7fffff max_torque=7f7fffff flags=00000002 actors a=match b=match
case=pulley index=10 scene_joints when=before_release count=1 enumerated=1 order=7 self=yes end=null
case=pulley index=10 released=yes
case=pulley index=10 scene_joints when=after_release count=0 enumerated=0 order=none self=no end=null
case=fixed index=10 in_anchor=3f800000.40000000.40400000 in_axis=3f19999a.bf4ccccd.00000000
case=fixed index=10 created=yes
case=fixed index=10 out_anchor=3f800000.40000000.403fffff out_axis=3f199998.bf4ccccd.a6cccccc state=0
case=fixed index=10 abi_sret cases=2 flags=0 mismatches=0
case=fixed index=10 abi_sret_values anchor=3f800000.40000000.403fffff axis=3fcccccc.bf4ccccd.a6cccccc
case=fixed index=10 internal off=04c words=bf7fffff.00000000.33800000.beaaaaaa.3f2aaaaa.3f2aaaac.334ccccd.3f199998
case=fixed index=10 internal off=06c words=3f4ccccc.3f2aaaab.beaaaaad.3f2aaaaa.3319999a.bf4ccccd.3f199999.bf2aaaab
case=fixed index=10 internal off=08c words=bf2aaaab.3eaaaaaa.c03fffff.3f800000.3f800001.40044444.406aaaaa.bf91110f
case=fixed index=10 internal off=0ac words=bf2bbae3.3f2bbae2.be64f92c.be64f92d.3e93cd3a.bf5db3d7.be93cd3c.3e93cd3a
case=fixed index=10 internal off=0cc words=bf7fffff.00000000.33800000.beaaaaaa.3f2aaaaa.3f2aaaac.334ccccd.3f199998
case=fixed index=10 internal off=0ec words=3f4ccccc.3f2aaaab.beaaaaad.3f2aaaaa.3319999a.bf4ccccd.3f199999.bf2aaaab
case=fixed index=10 internal off=10c words=bf2aaaab.3eaaaaaa.c03fffff.3f800000.3f800001.40044444.406aaaaa.bf91110f
case=fixed index=10 internal off=12c words=bf2bbae3.3f2bbae2.be64f92c.be64f92d.3e93cd3a.bf5db3d7.be93cd3c.3e93cd3a
case=fixed index=10 internal off=16c words=bffffffd.c0000000.40800000.3e8432a4.3e8432a3.bf0432a5.3f464bf7
case=fixed index=10 actors a=match b=match
case=fixed index=10 type=8 is_fixed=yes is_pulley=no
case=fixed index=10 saved anchor0=c03fffff.3f800000.3f800001 anchor1=40044444.406aaaaa.bf91110f
case=fixed index=10 saved axis0=3319999a.bf4ccccd.3f199999 axis1=bf2aaaab.bf2aaaab.3eaaaaaa
case=fixed index=10 saved normal0=bf7fffff.00000000.33800000 normal1=beaaaaaa.3f2aaaaa.3f2aaaac
case=fixed index=10 saved max_force=7f7fffff max_torque=7f7fffff flags=00000002 actors a=match b=match
case=fixed index=10 scene_joints when=before_release count=1 enumerated=1 order=8 self=yes end=null
case=fixed index=10 released=yes
case=fixed index=10 scene_joints when=after_release count=0 enumerated=0 order=none self=no end=null
case=d6 index=10 in_anchor=3f800000.40000000.40400000 in_axis=3f19999a.bf4ccccd.00000000
case=d6 index=10 in motions=0.1.2.1.1.2
case=d6 index=10 in linear=3f000000.3e800000.3f400000 twist_low=bf000000.3e000000.3f600000 twist_high=3f400000.3e800000.3f200000
case=d6 index=10 in swing1=3f200000.3ec00000.3f000000 swing2=3ec00000.3d800000.3f700000
case=d6 index=10 in drive_x=00000001.40000000.3f800000.42c80000
case=d6 index=10 in drive_y=00000002.40400000.3fc00000.42ca0000
case=d6 index=10 in drive_z=00000001.40800000.40000000.42cc0000
case=d6 index=10 in drive_swing=00000002.40a00000.40200000.42ce0000
case=d6 index=10 in drive_twist=00000001.40c00000.40400000.42d00000
case=d6 index=10 in drive_spherical=00000002.40e00000.40600000.42d20000
case=d6 index=10 in use_spherical=1 drive_position=3f800000.40000000.40400000 drive_orientation=00000000.3f19999a.00000000.3f4ccccd
case=d6 index=10 in drive_linear_velocity=3f000000.bf000000.3fc00000 drive_angular_velocity=be800000.3e000000.40200000
case=d6 index=10 in projection distance=3e000000 angle=3d800000 mode=1
case=d6 index=10 created=yes
case=d6 index=10 out_anchor=3f800000.40000000.403fffff out_axis=3f199998.bf4ccccd.a6cccccc state=0
case=d6 index=10 abi_sret cases=2 flags=0 mismatches=0
case=d6 index=10 abi_sret_values anchor=3f800000.40000000.403fffff axis=3fcccccc.bf4ccccd.a6cccccc
case=d6 index=10 internal off=04c words=bf7fffff.00000000.33800000.beaaaaaa.3f2aaaaa.3f2aaaac.334ccccd.3f199998
case=d6 index=10 internal off=06c words=3f4ccccc.3f2aaaab.beaaaaad.3f2aaaaa.3319999a.bf4ccccd.3f199999.bf2aaaab
case=d6 index=10 internal off=08c words=bf2aaaab.3eaaaaaa.c03fffff.3f800000.3f800001.40044444.406aaaaa.bf91110f
case=d6 index=10 internal off=0ac words=bf2bbae3.3f2bbae2.be64f92c.be64f92d.3e93cd3a.bf5db3d7.be93cd3c.3e93cd3a
case=d6 index=10 internal off=0cc words=bf7fffff.00000000.33800000.beaaaaaa.3f2aaaaa.3f2aaaac.334ccccd.3f199998
case=d6 index=10 internal off=0ec words=3f4ccccc.3f2aaaab.beaaaaad.3f2aaaaa.3319999a.bf4ccccd.3f199999.bf2aaaab
case=d6 index=10 internal off=10c words=bf2aaaab.3eaaaaaa.c03fffff.3f800000.3f800001.40044444.406aaaaa.bf91110f
case=d6 index=10 internal off=12c words=bf2bbae3.3f2bbae2.be64f92c.be64f92d.3e93cd3a.bf5db3d7.be93cd3c.3e93cd3a
case=d6 index=10 internal off=16c words=00000000.00000001.00000002.00000001.00000001.00000002.3f000000.3e800000
case=d6 index=10 internal off=18c words=3f400000.3f200000.3ec00000.3f000000.3ec00000.3d800000.3f700000.bf000000
case=d6 index=10 internal off=1ac words=3e000000.3f600000.3f400000.3e800000.3f200000.00000001.40000000.3f800000
case=d6 index=10 internal off=1cc words=42c80000.00000002.40400000.3fc00000.42ca0000.00000001.40800000.40000000
case=d6 index=10 internal off=1ec words=42cc0000.00000000.00000000.00000000.7f7fffff.00000000.00000000.00000000
case=d6 index=10 internal off=20c words=7f7fffff.00000000.00000000.00000000.7f7fffff.cdcdcd01.3f800000.40000000
case=d6 index=10 internal off=22c words=40400000.00000000.3f19999a.00000000.3f4ccccd.3f000000.bf000000.3fc00000
case=d6 index=10 internal off=24c words=be800000.3e000000.40200000.3e000000.3d800000.3f7399f5.cdcdcdcd.3f6e35bf
case=d6 index=10 internal off=26c words=cdcd0101
case=d6 index=10 actors a=match b=match
case=d6 index=10 type=9 is_d6=yes is_fixed=no
case=d6 index=10 saved motions=2.0.2.0.2.0
case=d6 index=10 saved linear=41100000.3f000000.3f000000 twist_low=c1100000.3e000000.3f600000 twist_high=41180000.3e800000.3f200000
case=d6 index=10 saved swing1=41000000.3ec00000.3f000000 swing2=40e00000.3d800000.3f700000
case=d6 index=10 saved drive_x=00000001.41a00000.41200000.42c80000
case=d6 index=10 saved drive_y=00000002.41a80000.41280000.42ca0000
case=d6 index=10 saved drive_z=00000001.41b00000.41300000.42cc0000
case=d6 index=10 saved drive_swing=00000002.41b80000.41380000.42ce0000
case=d6 index=10 saved drive_twist=00000001.41c00000.41400000.42d00000
case=d6 index=10 saved drive_spherical=00000002.41c80000.41480000.42d20000
case=d6 index=10 saved use_spherical=1 drive_position=41300000.41400000.41500000 drive_orientation=3f000000.3f000000.3f000000.3f000000
case=d6 index=10 saved drive_linear_velocity=41a80000.41b00000.41b80000 drive_angular_velocity=41f80000.42000000.42040000
case=d6 index=10 saved projection distance=42c60000 angle=42c40000 mode=1
case=d6 index=10 saved anchor0=c03fffff.3f800000.3f800001 anchor1=40044444.406aaaaa.bf91110f
case=d6 index=10 saved axis0=3319999a.bf4ccccd.3f199999 axis1=bf2aaaab.bf2aaaab.3eaaaaaa
case=d6 index=10 saved normal0=bf7fffff.00000000.33800000 normal1=beaaaaaa.3f2aaaaa.3f2aaaac
case=d6 index=10 saved max_force=7f7fffff max_torque=7f7fffff flags=00000002 actors a=match b=match
case=d6 index=10 drive_contended reports=1 code=2 line=40
case=d6 index=10 drive_orientation_contended reports=1 code=2 line=47
case=d6 index=10 drive_linear_velocity_contended reports=1 code=2 line=54
case=d6 index=10 drive_angular_velocity_contended reports=1 code=2 line=61
case=d6 index=10 drive_setters=called
case=d6 index=10 resaved motions=2.0.2.0.2.0
case=d6 index=10 resaved linear=41100000.3f000000.3f000000 twist_low=c1100000.3e000000.3f600000 twist_high=41180000.3e800000.3f200000
case=d6 index=10 resaved swing1=41000000.3ec00000.3f000000 swing2=40e00000.3d800000.3f700000
case=d6 index=10 resaved drive_x=00000001.41a00000.41200000.42c80000
case=d6 index=10 resaved drive_y=00000002.41a80000.41280000.42ca0000
case=d6 index=10 resaved drive_z=00000001.41b00000.41300000.42cc0000
case=d6 index=10 resaved drive_swing=00000002.41b80000.41380000.42ce0000
case=d6 index=10 resaved drive_twist=00000001.41c00000.41400000.42d00000
case=d6 index=10 resaved drive_spherical=00000002.41c80000.41480000.42d20000
case=d6 index=10 resaved use_spherical=1 drive_position=41300000.41400000.41500000 drive_orientation=3f000000.3f000000.3f000000.3f000000
case=d6 index=10 resaved drive_linear_velocity=41a80000.41b00000.41b80000 drive_angular_velocity=41f80000.42000000.42040000
case=d6 index=10 resaved projection distance=42c60000 angle=42c40000 mode=1
case=d6 index=10 scene_joints when=before_release count=1 enumerated=1 order=9 self=yes end=null
case=d6 index=10 released=yes
case=d6 index=10 scene_joints when=after_release count=0 enumerated=0 order=none self=no end=null
case=revolute index=11 in_anchor=40000000.40800000.00000000 in_axis=3f000000.3f000000.3f000000
case=revolute index=11 created=yes
case=revolute index=11 out_anchor=3fffffff.40800000.b4000000 out_axis=3f13cd39.3f13cd3a.3f13cd39 state=0
case=revolute index=11 abi_sret cases=2 flags=0 mismatches=0
case=revolute index=11 abi_sret_values anchor=3fffffff.40800000.b4000000 axis=3fc9e69c.3f13cd3a.3f13cd39
case=revolute index=11 internal off=04c words=bf5105ec.bed105ec.bed105ea.bf352744.3f2e2f9a.3e43169d.b313cd3a.3f3504f2
case=revolute index=11 internal off=06c words=bf3504f3.3f10d0c3.3f3504f4.bed93924.bf13cd39.3f13cd3a.3f13cd3a.3ed8c69a
case=revolute index=11 internal off=08c words=3e4511a0.3f62a115.34000000.40400000.3fffffff.40a22222.3fd55556.c0088889
case=revolute index=11 internal off=0ac words=be342459.3eae00f7.bf520a89.bed9735b.3e908619.bee99d4f.3e90eb66.3f4b84cb
case=revolute index=11 internal off=0cc words=bf5105ec.bed105ec.bed105ea.bf352744.3f2e2f9a.3e43169d.b313cd3a.3f3504f2
case=revolute index=11 internal off=0ec words=bf3504f3.3f10d0c3.3f3504f4.bed93924.bf13cd39.3f13cd3a.3f13cd3a.3ed8c69a
case=revolute index=11 internal off=10c words=3e4511a0.3f62a115.34000000.40400000.3fffffff.40a22222.3fd55556.c0088889
case=revolute index=11 internal off=12c words=be342459.3eae00f7.bf520a89.bed9735b.3e908619.bee99d4f.3e90eb66.3f4b84cb
case=revolute index=11 internal off=16c words=00000000.00000000.3f800000.00000000.00000000.3f800000.7f7fffff.00000000
case=revolute index=11 internal off=18c words=00000000.00000000.00000000.00000000.3f800000.3f7f06ff.3db25bff.00000000
case=revolute index=11 internal off=1ac words=cdcdcdcd.cdcdcdcd.cdcdcdcd.cdcdcdcd.cdcdcdcd.cdcdcdcd.cdcdcdcd.cdcdcdcd
case=revolute index=11 internal off=1cc words=cdcdcdcd.cdcdcdcd.cdcdcdcd.cdcdcdcd.cdcdcdcd.cdcdcdcd.cdcdcdcd.cdcdcdcd
case=revolute index=11 internal off=1ec words=cdcdcdcd.cdcdcdcd.cdcdcdcd.cdcdcdcd.cdcdcdcd.cdcdcdcd
case=revolute index=11 actors a=match b=match
case=revolute index=11 saved anchor0=34000000.40400000.3fffffff anchor1=40a22222.3fd55556.c0088889
case=revolute index=11 saved axis0=bf13cd39.3f13cd3a.3f13cd3a axis1=3ed8c69a.3e4511a0.3f62a115
case=revolute index=11 saved normal0=bf5105ec.bed105ec.bed105ea normal1=bf352744.3f2e2f9a.3e43169d
case=revolute index=11 scene_joints when=before_release count=1 enumerated=1 order=1 self=yes end=null
case=revolute index=11 released=yes
case=revolute index=11 scene_joints when=after_release count=0 enumerated=0 order=none self=no end=null
case=prismatic index=11 in_anchor=40000000.40800000.00000000 in_axis=3f000000.3f000000.3f000000
case=prismatic index=11 created=yes
case=prismatic index=11 out_anchor=3fffffff.40800000.b4000000 out_axis=3f13cd39.3f13cd3a.3f13cd39 state=0
case=prismatic index=11 abi_sret cases=2 flags=0 mismatches=0
case=prismatic index=11 abi_sret_values anchor=3fffffff.40800000.b4000000 axis=3fc9e69c.3f13cd3a.3f13cd39
case=prismatic index=11 internal off=04c words=bf5105ec.bed105ec.bed105ea.bf352744.3f2e2f9a.3e43169d.b313cd3a.3f3504f2
case=prismatic index=11 internal off=06c words=bf3504f3.3f10d0c3.3f3504f4.bed93924.bf13cd39.3f13cd3a.3f13cd3a.3ed8c69a
case=prismatic index=11 internal off=08c words=3e4511a0.3f62a115.34000000.40400000.3fffffff.40a22222.3fd55556.c0088889
case=prismatic index=11 internal off=0ac words=be342459.3eae00f7.bf520a89.bed9735b.3e908619.bee99d4f.3e90eb66.3f4b84cb
case=prismatic index=11 internal off=0cc words=bf5105ec.bed105ec.bed105ea.bf352744.3f2e2f9a.3e43169d.b313cd3a.3f3504f2
case=prismatic index=11 internal off=0ec words=bf3504f3.3f10d0c3.3f3504f4.bed93924.bf13cd39.3f13cd3a.3f13cd3a.3ed8c69a
case=prismatic index=11 internal off=10c words=3e4511a0.3f62a115.34000000.40400000.3fffffff.40a22222.3fd55556.c0088889
case=prismatic index=11 internal off=12c words=be342459.3eae00f7.bf520a89.bed9735b.3e908619.bee99d4f.3e90eb66.3f4b84cb
case=prismatic index=11 internal off=16c words=3e8432a4.3e8432a3.bf0432a5.3f464bf7
case=prismatic index=11 actors a=match b=match
case=prismatic index=11 type=0 is_prismatic=yes is_revolute=no
case=prismatic index=11 saved anchor0=34000000.40400000.3fffffff anchor1=40a22222.3fd55556.c0088889
case=prismatic index=11 saved axis0=bf13cd39.3f13cd3a.3f13cd3a axis1=3ed8c69a.3e4511a0.3f62a115
case=prismatic index=11 saved normal0=bf5105ec.bed105ec.bed105ea normal1=bf352744.3f2e2f9a.3e43169d
case=prismatic index=11 saved max_force=7f7fffff max_torque=7f7fffff flags=00000002 actors a=match b=match
case=prismatic index=11 scene_joints when=before_release count=1 enumerated=1 order=0 self=yes end=null
case=prismatic index=11 released=yes
case=prismatic index=11 scene_joints when=after_release count=0 enumerated=0 order=none self=no end=null
case=cylindrical index=11 in_anchor=40000000.40800000.00000000 in_axis=3f000000.3f000000.3f000000
case=cylindrical index=11 created=yes
case=cylindrical index=11 out_anchor=3fffffff.40800000.b4000000 out_axis=3f13cd39.3f13cd3a.3f13cd39 state=0
case=cylindrical index=11 abi_sret cases=2 flags=0 mismatches=0
case=cylindrical index=11 abi_sret_values anchor=3fffffff.40800000.b4000000 axis=3fc9e69c.3f13cd3a.3f13cd39
case=cylindrical index=11 internal off=04c words=bf5105ec.bed105ec.bed105ea.bf352744.3f2e2f9a.3e43169d.b313cd3a.3f3504f2
case=cylindrical index=11 internal off=06c words=bf3504f3.3f10d0c3.3f3504f4.bed93924.bf13cd39.3f13cd3a.3f13cd3a.3ed8c69a
case=cylindrical index=11 internal off=08c words=3e4511a0.3f62a115.34000000.40400000.3fffffff.40a22222.3fd55556.c0088889
case=cylindrical index=11 internal off=0ac words=be342459.3eae00f7.bf520a89.bed9735b.3e908619.bee99d4f.3e90eb66.3f4b84cb
case=cylindrical index=11 internal off=0cc words=bf5105ec.bed105ec.bed105ea.bf352744.3f2e2f9a.3e43169d.b313cd3a.3f3504f2
case=cylindrical index=11 internal off=0ec words=bf3504f3.3f10d0c3.3f3504f4.bed93924.bf13cd39.3f13cd3a.3f13cd3a.3ed8c69a
case=cylindrical index=11 internal off=10c words=3e4511a0.3f62a115.34000000.40400000.3fffffff.40a22222.3fd55556.c0088889
case=cylindrical index=11 internal off=12c words=be342459.3eae00f7.bf520a89.bed9735b.3e908619.bee99d4f.3e90eb66.3f4b84cb
case=cylindrical index=11 actors a=match b=match
case=cylindrical index=11 type=2 is_cylindrical=yes is_prismatic=no
case=cylindrical index=11 saved anchor0=34000000.40400000.3fffffff anchor1=40a22222.3fd55556.c0088889
case=cylindrical index=11 saved axis0=bf13cd39.3f13cd3a.3f13cd3a axis1=3ed8c69a.3e4511a0.3f62a115
case=cylindrical index=11 saved normal0=bf5105ec.bed105ec.bed105ea normal1=bf352744.3f2e2f9a.3e43169d
case=cylindrical index=11 saved max_force=7f7fffff max_torque=7f7fffff flags=00000002 actors a=match b=match
case=cylindrical index=11 scene_joints when=before_release count=1 enumerated=1 order=2 self=yes end=null
case=cylindrical index=11 released=yes
case=cylindrical index=11 scene_joints when=after_release count=0 enumerated=0 order=none self=no end=null
case=spherical index=11 in_anchor=40000000.40800000.00000000 in_axis=3f000000.3f000000.3f000000
case=spherical index=11 created=yes
case=spherical index=11 out_anchor=3fffffff.40800000.b4000000 out_axis=3f13cd39.3f13cd3a.3f13cd39 state=0
case=spherical index=11 abi_sret cases=2 flags=0 mismatches=0
case=spherical index=11 abi_sret_values anchor=3fffffff.40800000.b4000000 axis=3fc9e69c.3f13cd3a.3f13cd39
case=spherical index=11 internal off=04c words=bf5105ec.bed105ec.bed105ea.bf352744.3f2e2f9a.3e43169d.b313cd3a.3f3504f2
case=spherical index=11 internal off=06c words=bf3504f3.3f10d0c3.3f3504f4.bed93924.bf13cd39.3f13cd3a.3f13cd3a.3ed8c69a
case=spherical index=11 internal off=08c words=3e4511a0.3f62a115.34000000.40400000.3fffffff.40a22222.3fd55556.c0088889
case=spherical index=11 internal off=0ac words=be342459.3eae00f7.bf520a89.bed9735b.3e908619.bee99d4f.3e90eb66.3f4b84cb
case=spherical index=11 internal off=0cc words=bf5105ec.bed105ec.bed105ea.bf352744.3f2e2f9a.3e43169d.b313cd3a.3f3504f2
case=spherical index=11 internal off=0ec words=bf3504f3.3f10d0c3.3f3504f4.bed93924.bf13cd39.3f13cd3a.3f13cd3a.3ed8c69a
case=spherical index=11 internal off=10c words=3e4511a0.3f62a115.34000000.40400000.3fffffff.40a22222.3fd55556.c0088889
case=spherical index=11 internal off=12c words=be342459.3eae00f7.bf520a89.bed9735b.3e908619.bee99d4f.3e90eb66.3f4b84cb
case=spherical index=11 internal off=16c words=bf000000.3e800000.3f800000.3f400000.00000000.3f000000.3f200000.3f000000
case=spherical index=11 internal off=18c words=3f400000.40000000.3f000000.3e000000.40400000.3f800000.3ec00000.40800000
case=spherical index=11 internal off=1ac words=40000000.00000000.3f19999a.00000000.3f4ccccd.bf73a7bc.3e5e2338.3e5e233a
case=spherical index=11 internal off=1cc words=3f4f9b47.00000009.3e800000.cdcdcdcd.cdcdcdcd.cdcdcdcd.cdcdcdcd.cdcdcdcd
case=spherical index=11 internal off=1ec words=cdcdcdcd.cdcdcdcd.cdcdcdcd.cdcdcdcd.cdcdcdcd.cdcdcdcd.cdcdcdcd.cdcdcdcd
case=spherical index=11 internal off=20c words=cdcdcdcd.cdcdcdcd.cdcdcdcd.cdcdcdcd.cdcdcdcd.cdcdcdcd.cdcdcdcd.cdcdcdcd
case=spherical index=11 internal off=22c words=cdcdcdcd.cdcdcdcd.cdcdcdcd.cdcdcdcd
case=spherical index=11 actors a=match b=match
case=spherical index=11 type=3 is_spherical=yes is_revolute=no
case=spherical index=11 flags=00000009 projection_mode=1
case=spherical index=11 saved anchor0=34000000.40400000.3fffffff anchor1=40a22222.3fd55556.c0088889
case=spherical index=11 saved axis0=bf13cd39.3f13cd3a.3f13cd3a axis1=3ed8c69a.3e4511a0.3f62a115
case=spherical index=11 saved normal0=bf5105ec.bed105ec.bed105ea normal1=bf352744.3f2e2f9a.3e43169d
case=spherical index=11 saved swing_axis=3f19999a.00000000.3f4ccccd projection_distance=3e800000 flags=00000009 projection_mode=1
case=spherical index=11 saved twist_limit=bf000000.3e800000.3f800000.3f400000.00000000.3f000000 swing_limit=3f200000.3f000000.3f400000
case=spherical index=11 saved twist_spring=40000000.3f000000.3e000000 swing_spring=40400000.3f800000.3ec00000 joint_spring=40800000.40000000.00000000
case=spherical index=11 saved max_force=7f7fffff max_torque=7f7fffff flags=00000002 actors a=match b=match
case=spherical index=11 scene_joints when=before_release count=1 enumerated=1 order=3 self=yes end=null
case=spherical index=11 released=yes
case=spherical index=11 scene_joints when=after_release count=0 enumerated=0 order=none self=no end=null
case=point_on_line index=11 in_anchor=40000000.40800000.00000000 in_axis=3f000000.3f000000.3f000000
case=point_on_line index=11 created=yes
case=point_on_line index=11 out_anchor=3fffffff.40800000.b4000000 out_axis=3f13cd39.3f13cd3a.3f13cd39 state=0
case=point_on_line index=11 abi_sret cases=2 flags=0 mismatches=0
case=point_on_line index=11 abi_sret_values anchor=3fffffff.40800000.b4000000 axis=3fc9e69c.3f13cd3a.3f13cd39
case=point_on_line index=11 internal off=04c words=bf5105ec.bed105ec.bed105ea.bf352744.3f2e2f9a.3e43169d.b313cd3a.3f3504f2
case=point_on_line index=11 internal off=06c words=bf3504f3.3f10d0c3.3f3504f4.bed93924.bf13cd39.3f13cd3a.3f13cd3a.3ed8c69a
case=point_on_line index=11 internal off=08c words=3e4511a0.3f62a115.34000000.40400000.3fffffff.40a22222.3fd55556.c0088889
case=point_on_line index=11 internal off=0ac words=be342459.3eae00f7.bf520a89.bed9735b.3e908619.bee99d4f.3e90eb66.3f4b84cb
case=point_on_line index=11 internal off=0cc words=bf5105ec.bed105ec.bed105ea.bf352744.3f2e2f9a.3e43169d.b313cd3a.3f3504f2
case=point_on_line index=11 internal off=0ec words=bf3504f3.3f10d0c3.3f3504f4.bed93924.bf13cd39.3f13cd3a.3f13cd3a.3ed8c69a
case=point_on_line index=11 internal off=10c words=3e4511a0.3f62a115.34000000.40400000.3fffffff.40a22222.3fd55556.c0088889
case=point_on_line index=11 internal off=12c words=be342459.3eae00f7.bf520a89.bed9735b.3e908619.bee99d4f.3e90eb66.3f4b84cb
case=point_on_line index=11 actors a=match b=match
case=point_on_line index=11 type=4 is_point_on_line=yes is_revolute=no
case=point_on_line index=11 saved anchor0=34000000.40400000.3fffffff anchor1=40a22222.3fd55556.c0088889
case=point_on_line index=11 saved axis0=bf13cd39.3f13cd3a.3f13cd3a axis1=3ed8c69a.3e4511a0.3f62a115
case=point_on_line index=11 saved normal0=bf5105ec.bed105ec.bed105ea normal1=bf352744.3f2e2f9a.3e43169d
case=point_on_line index=11 saved max_force=7f7fffff max_torque=7f7fffff flags=00000002 actors a=match b=match
case=point_on_line index=11 scene_joints when=before_release count=1 enumerated=1 order=4 self=yes end=null
case=point_on_line index=11 released=yes
case=point_on_line index=11 scene_joints when=after_release count=0 enumerated=0 order=none self=no end=null
case=point_in_plane index=11 in_anchor=40000000.40800000.00000000 in_axis=3f000000.3f000000.3f000000
case=point_in_plane index=11 created=yes
case=point_in_plane index=11 out_anchor=3fffffff.40800000.b4000000 out_axis=3f13cd39.3f13cd3a.3f13cd39 state=0
case=point_in_plane index=11 abi_sret cases=2 flags=0 mismatches=0
case=point_in_plane index=11 abi_sret_values anchor=3fffffff.40800000.b4000000 axis=3fc9e69c.3f13cd3a.3f13cd39
case=point_in_plane index=11 internal off=04c words=bf5105ec.bed105ec.bed105ea.bf352744.3f2e2f9a.3e43169d.b313cd3a.3f3504f2
case=point_in_plane index=11 internal off=06c words=bf3504f3.3f10d0c3.3f3504f4.bed93924.bf13cd39.3f13cd3a.3f13cd3a.3ed8c69a
case=point_in_plane index=11 internal off=08c words=3e4511a0.3f62a115.34000000.40400000.3fffffff.40a22222.3fd55556.c0088889
case=point_in_plane index=11 internal off=0ac words=be342459.3eae00f7.bf520a89.bed9735b.3e908619.bee99d4f.3e90eb66.3f4b84cb
case=point_in_plane index=11 internal off=0cc words=bf5105ec.bed105ec.bed105ea.bf352744.3f2e2f9a.3e43169d.b313cd3a.3f3504f2
case=point_in_plane index=11 internal off=0ec words=bf3504f3.3f10d0c3.3f3504f4.bed93924.bf13cd39.3f13cd3a.3f13cd3a.3ed8c69a
case=point_in_plane index=11 internal off=10c words=3e4511a0.3f62a115.34000000.40400000.3fffffff.40a22222.3fd55556.c0088889
case=point_in_plane index=11 internal off=12c words=be342459.3eae00f7.bf520a89.bed9735b.3e908619.bee99d4f.3e90eb66.3f4b84cb
case=point_in_plane index=11 actors a=match b=match
case=point_in_plane index=11 type=5 is_point_in_plane=yes is_revolute=no
case=point_in_plane index=11 saved anchor0=34000000.40400000.3fffffff anchor1=40a22222.3fd55556.c0088889
case=point_in_plane index=11 saved axis0=bf13cd39.3f13cd3a.3f13cd3a axis1=3ed8c69a.3e4511a0.3f62a115
case=point_in_plane index=11 saved normal0=bf5105ec.bed105ec.bed105ea normal1=bf352744.3f2e2f9a.3e43169d
case=point_in_plane index=11 saved max_force=7f7fffff max_torque=7f7fffff flags=00000002 actors a=match b=match
case=point_in_plane index=11 scene_joints when=before_release count=1 enumerated=1 order=5 self=yes end=null
case=point_in_plane index=11 released=yes
case=point_in_plane index=11 scene_joints when=after_release count=0 enumerated=0 order=none self=no end=null
case=distance index=11 in_anchor=40000000.40800000.00000000 in_axis=3f000000.3f000000.3f000000 max_distance=40200000 min_distance=3f000000 spring=41200000.3f000000.3e800000 flags=00000007
case=distance index=11 created=yes
case=distance index=11 out_anchor=3fffffff.40800000.b4000000 out_axis=3f13cd39.3f13cd3a.3f13cd39 state=0
case=distance index=11 abi_sret cases=2 flags=0 mismatches=0
case=distance index=11 abi_sret_values anchor=3fffffff.40800000.b4000000 axis=3fc9e69c.3f13cd3a.3f13cd39
case=distance index=11 internal off=04c words=bf5105ec.bed105ec.bed105ea.bf352744.3f2e2f9a.3e43169d.b313cd3a.3f3504f2
case=distance index=11 internal off=06c words=bf3504f3.3f10d0c3.3f3504f4.bed93924.bf13cd39.3f13cd3a.3f13cd3a.3ed8c69a
case=distance index=11 internal off=08c words=3e4511a0.3f62a115.34000000.40400000.3fffffff.40a22222.3fd55556.c0088889
case=distance index=11 internal off=0ac words=be342459.3eae00f7.bf520a89.bed9735b.3e908619.bee99d4f.3e90eb66.3f4b84cb
case=distance index=11 internal off=0cc words=bf5105ec.bed105ec.bed105ea.bf352744.3f2e2f9a.3e43169d.b313cd3a.3f3504f2
case=distance index=11 internal off=0ec words=bf3504f3.3f10d0c3.3f3504f4.bed93924.bf13cd39.3f13cd3a.3f13cd3a.3ed8c69a
case=distance index=11 internal off=10c words=3e4511a0.3f62a115.34000000.40400000.3fffffff.40a22222.3fd55556.c0088889
case=distance index=11 internal off=12c words=be342459.3eae00f7.bf520a89.bed9735b.3e908619.bee99d4f.3e90eb66.3f4b84cb
case=distance index=11 internal off=16c words=40200000.3f000000.41200000.3f000000.3e800000.00000007
case=distance index=11 actors a=match b=match
case=distance index=11 type=6 is_distance=yes is_revolute=no
case=distance index=11 saved max_distance=40200000 min_distance=3f000000 spring=41200000.3f000000.3e800000 flags=00000007
case=distance index=11 saved anchor0=34000000.40400000.3fffffff anchor1=40a22222.3fd55556.c0088889
case=distance index=11 saved axis0=bf13cd39.3f13cd3a.3f13cd3a axis1=3ed8c69a.3e4511a0.3f62a115
case=distance index=11 saved normal0=bf5105ec.bed105ec.bed105ea normal1=bf352744.3f2e2f9a.3e43169d
case=distance index=11 saved max_force=7f7fffff max_torque=7f7fffff flags=00000002 actors a=match b=match
case=distance index=11 scene_joints when=before_release count=1 enumerated=1 order=6 self=yes end=null
case=distance index=11 released=yes
case=distance index=11 scene_joints when=after_release count=0 enumerated=0 order=none self=no end=null
case=pulley index=11 in_anchor=40000000.40800000.00000000 in_axis=3f000000.3f000000.3f000000
case=pulley index=11 in_pulley0=00000000.40a00000.00000000 in_pulley1=40800000.40a00000.00000000 distance=40c00000 stiffness=3f400000 ratio=3fc00000 flags=00000001
case=pulley index=11 created=yes
case=pulley index=11 out_anchor=3fffffff.40800000.b4000000 out_axis=3f13cd39.3f13cd3a.3f13cd39 state=0
case=pulley index=11 abi_sret cases=2 flags=0 mismatches=0
case=pulley index=11 abi_sret_values anchor=3fffffff.40800000.b4000000 axis=3fc9e69c.3f13cd3a.3f13cd39
case=pulley index=11 internal off=04c words=bf5105ec.bed105ec.bed105ea.bf352744.3f2e2f9a.3e43169d.b313cd3a.3f3504f2
case=pulley index=11 internal off=06c words=bf3504f3.3f10d0c3.3f3504f4.bed93924.bf13cd39.3f13cd3a.3f13cd3a.3ed8c69a
case=pulley index=11 internal off=08c words=3e4511a0.3f62a115.34000000.40400000.3fffffff.40a22222.3fd55556.c0088889
case=pulley index=11 internal off=0ac words=be342459.3eae00f7.bf520a89.bed9735b.3e908619.bee99d4f.3e90eb66.3f4b84cb
case=pulley index=11 internal off=0cc words=bf5105ec.bed105ec.bed105ea.bf352744.3f2e2f9a.3e43169d.b313cd3a.3f3504f2
case=pulley index=11 internal off=0ec words=bf3504f3.3f10d0c3.3f3504f4.bed93924.bf13cd39.3f13cd3a.3f13cd3a.3ed8c69a
case=pulley index=11 internal off=10c words=3e4511a0.3f62a115.34000000.40400000.3fffffff.40a22222.3fd55556.c0088889
case=pulley index=11 internal off=12c words=be342459.3eae00f7.bf520a89.bed9735b.3e908619.bee99d4f.3e90eb66.3f4b84cb
case=pulley index=11 actors a=match b=match
case=pulley index=11 type=7 is_pulley=yes is_distance=no
case=pulley index=11 saved pulley0=00000000.40a00000.00000000 pulley1=40800000.40a00000.00000000
case=pulley index=11 saved distance=40c00000 stiffness=3f400000 ratio=3fc00000 flags=00000001
case=pulley index=11 saved anchor0=34000000.40400000.3fffffff anchor1=40a22222.3fd55556.c0088889
case=pulley index=11 saved axis0=bf13cd39.3f13cd3a.3f13cd3a axis1=3ed8c69a.3e4511a0.3f62a115
case=pulley index=11 saved normal0=bf5105ec.bed105ec.bed105ea normal1=bf352744.3f2e2f9a.3e43169d
case=pulley index=11 saved max_force=7f7fffff max_torque=7f7fffff flags=00000002 actors a=match b=match
case=pulley index=11 scene_joints when=before_release count=1 enumerated=1 order=7 self=yes end=null
case=pulley index=11 released=yes
case=pulley index=11 scene_joints when=after_release count=0 enumerated=0 order=none self=no end=null
case=fixed index=11 in_anchor=40000000.40800000.00000000 in_axis=3f000000.3f000000.3f000000
case=fixed index=11 created=yes
case=fixed index=11 out_anchor=3fffffff.40800000.b4000000 out_axis=3f13cd39.3f13cd3a.3f13cd39 state=0
case=fixed index=11 abi_sret cases=2 flags=0 mismatches=0
case=fixed index=11 abi_sret_values anchor=3fffffff.40800000.b4000000 axis=3fc9e69c.3f13cd3a.3f13cd39
case=fixed index=11 internal off=04c words=bf5105ec.bed105ec.bed105ea.bf352744.3f2e2f9a.3e43169d.b313cd3a.3f3504f2
case=fixed index=11 internal off=06c words=bf3504f3.3f10d0c3.3f3504f4.bed93924.bf13cd39.3f13cd3a.3f13cd3a.3ed8c69a
case=fixed index=11 internal off=08c words=3e4511a0.3f62a115.34000000.40400000.3fffffff.40a22222.3fd55556.c0088889
case=fixed index=11 internal off=0ac words=be342459.3eae00f7.bf520a89.bed9735b.3e908619.bee99d4f.3e90eb66.3f4b84cb
case=fixed index=11 internal off=0cc words=bf5105ec.bed105ec.bed105ea.bf352744.3f2e2f9a.3e43169d.b313cd3a.3f3504f2
case=fixed index=11 internal off=0ec words=bf3504f3.3f10d0c3.3f3504f4.bed93924.bf13cd39.3f13cd3a.3f13cd3a.3ed8c69a
case=fixed index=11 internal off=10c words=3e4511a0.3f62a115.34000000.40400000.3fffffff.40a22222.3fd55556.c0088889
case=fixed index=11 internal off=12c words=be342459.3eae00f7.bf520a89.bed9735b.3e908619.bee99d4f.3e90eb66.3f4b84cb
case=fixed index=11 internal off=16c words=bffffffd.c0000000.40800000.3e8432a4.3e8432a3.bf0432a5.3f464bf7
case=fixed index=11 actors a=match b=match
case=fixed index=11 type=8 is_fixed=yes is_pulley=no
case=fixed index=11 saved anchor0=34000000.40400000.3fffffff anchor1=40a22222.3fd55556.c0088889
case=fixed index=11 saved axis0=bf13cd39.3f13cd3a.3f13cd3a axis1=3ed8c69a.3e4511a0.3f62a115
case=fixed index=11 saved normal0=bf5105ec.bed105ec.bed105ea normal1=bf352744.3f2e2f9a.3e43169d
case=fixed index=11 saved max_force=7f7fffff max_torque=7f7fffff flags=00000002 actors a=match b=match
case=fixed index=11 scene_joints when=before_release count=1 enumerated=1 order=8 self=yes end=null
case=fixed index=11 released=yes
case=fixed index=11 scene_joints when=after_release count=0 enumerated=0 order=none self=no end=null
case=d6 index=11 in_anchor=40000000.40800000.00000000 in_axis=3f000000.3f000000.3f000000
case=d6 index=11 in motions=0.1.2.1.1.2
case=d6 index=11 in linear=3f000000.3e800000.3f400000 twist_low=bf000000.3e000000.3f600000 twist_high=3f400000.3e800000.3f200000
case=d6 index=11 in swing1=3f200000.3ec00000.3f000000 swing2=3ec00000.3d800000.3f700000
case=d6 index=11 in drive_x=00000001.40000000.3f800000.42c80000
case=d6 index=11 in drive_y=00000002.40400000.3fc00000.42ca0000
case=d6 index=11 in drive_z=00000001.40800000.40000000.42cc0000
case=d6 index=11 in drive_swing=00000002.40a00000.40200000.42ce0000
case=d6 index=11 in drive_twist=00000001.40c00000.40400000.42d00000
case=d6 index=11 in drive_spherical=00000002.40e00000.40600000.42d20000
case=d6 index=11 in use_spherical=1 drive_position=3f800000.40000000.40400000 drive_orientation=00000000.3f19999a.00000000.3f4ccccd
case=d6 index=11 in drive_linear_velocity=3f000000.bf000000.3fc00000 drive_angular_velocity=be800000.3e000000.40200000
case=d6 index=11 in projection distance=3e000000 angle=3d800000 mode=1
case=d6 index=11 created=yes
case=d6 index=11 out_anchor=3fffffff.40800000.b4000000 out_axis=3f13cd39.3f13cd3a.3f13cd39 state=0
case=d6 index=11 abi_sret cases=2 flags=0 mismatches=0
case=d6 index=11 abi_sret_values anchor=3fffffff.40800000.b4000000 axis=3fc9e69c.3f13cd3a.3f13cd39
case=d6 index=11 internal off=04c words=bf5105ec.bed105ec.bed105ea.bf352744.3f2e2f9a.3e43169d.b313cd3a.3f3504f2
case=d6 index=11 internal off=06c words=bf3504f3.3f10d0c3.3f3504f4.bed93924.bf13cd39.3f13cd3a.3f13cd3a.3ed8c69a
case=d6 index=11 internal off=08c words=3e4511a0.3f62a115.34000000.40400000.3fffffff.40a22222.3fd55556.c0088889
case=d6 index=11 internal off=0ac words=be342459.3eae00f7.bf520a89.bed9735b.3e908619.bee99d4f.3e90eb66.3f4b84cb
case=d6 index=11 internal off=0cc words=bf5105ec.bed105ec.bed105ea.bf352744.3f2e2f9a.3e43169d.b313cd3a.3f3504f2
case=d6 index=11 internal off=0ec words=bf3504f3.3f10d0c3.3f3504f4.bed93924.bf13cd39.3f13cd3a.3f13cd3a.3ed8c69a
case=d6 index=11 internal off=10c words=3e4511a0.3f62a115.34000000.40400000.3fffffff.40a22222.3fd55556.c0088889
case=d6 index=11 internal off=12c words=be342459.3eae00f7.bf520a89.bed9735b.3e908619.bee99d4f.3e90eb66.3f4b84cb
case=d6 index=11 internal off=16c words=00000000.00000001.00000002.00000001.00000001.00000002.3f000000.3e800000
case=d6 index=11 internal off=18c words=3f400000.3f200000.3ec00000.3f000000.3ec00000.3d800000.3f700000.bf000000
case=d6 index=11 internal off=1ac words=3e000000.3f600000.3f400000.3e800000.3f200000.00000001.40000000.3f800000
case=d6 index=11 internal off=1cc words=42c80000.00000002.40400000.3fc00000.42ca0000.00000001.40800000.40000000
case=d6 index=11 internal off=1ec words=42cc0000.00000000.00000000.00000000.7f7fffff.00000000.00000000.00000000
case=d6 index=11 internal off=20c words=7f7fffff.00000000.00000000.00000000.7f7fffff.cdcdcd01.3f800000.40000000
case=d6 index=11 internal off=22c words=40400000.00000000.3f19999a.00000000.3f4ccccd.3f000000.bf000000.3fc00000
case=d6 index=11 internal off=24c words=be800000.3e000000.40200000.3e000000.3d800000.3f7399f5.cdcdcdcd.3f6e35bf
case=d6 index=11 internal off=26c words=cdcd0101
case=d6 index=11 actors a=match b=match
case=d6 index=11 type=9 is_d6=yes is_fixed=no
case=d6 index=11 saved motions=2.0.2.0.2.0
case=d6 index=11 saved linear=41100000.3f000000.3f000000 twist_low=c1100000.3e000000.3f600000 twist_high=41180000.3e800000.3f200000
case=d6 index=11 saved swing1=41000000.3ec00000.3f000000 swing2=40e00000.3d800000.3f700000
case=d6 index=11 saved drive_x=00000001.41a00000.41200000.42c80000
case=d6 index=11 saved drive_y=00000002.41a80000.41280000.42ca0000
case=d6 index=11 saved drive_z=00000001.41b00000.41300000.42cc0000
case=d6 index=11 saved drive_swing=00000002.41b80000.41380000.42ce0000
case=d6 index=11 saved drive_twist=00000001.41c00000.41400000.42d00000
case=d6 index=11 saved drive_spherical=00000002.41c80000.41480000.42d20000
case=d6 index=11 saved use_spherical=1 drive_position=41300000.41400000.41500000 drive_orientation=3f000000.3f000000.3f000000.3f000000
case=d6 index=11 saved drive_linear_velocity=41a80000.41b00000.41b80000 drive_angular_velocity=41f80000.42000000.42040000
case=d6 index=11 saved projection distance=42c60000 angle=42c40000 mode=1
case=d6 index=11 saved anchor0=34000000.40400000.3fffffff anchor1=40a22222.3fd55556.c0088889
case=d6 index=11 saved axis0=bf13cd39.3f13cd3a.3f13cd3a axis1=3ed8c69a.3e4511a0.3f62a115
case=d6 index=11 saved normal0=bf5105ec.bed105ec.bed105ea normal1=bf352744.3f2e2f9a.3e43169d
case=d6 index=11 saved max_force=7f7fffff max_torque=7f7fffff flags=00000002 actors a=match b=match
case=d6 index=11 drive_contended reports=1 code=2 line=40
case=d6 index=11 drive_orientation_contended reports=1 code=2 line=47
case=d6 index=11 drive_linear_velocity_contended reports=1 code=2 line=54
case=d6 index=11 drive_angular_velocity_contended reports=1 code=2 line=61
case=d6 index=11 drive_setters=called
case=d6 index=11 resaved motions=2.0.2.0.2.0
case=d6 index=11 resaved linear=41100000.3f000000.3f000000 twist_low=c1100000.3e000000.3f600000 twist_high=41180000.3e800000.3f200000
case=d6 index=11 resaved swing1=41000000.3ec00000.3f000000 swing2=40e00000.3d800000.3f700000
case=d6 index=11 resaved drive_x=00000001.41a00000.41200000.42c80000
case=d6 index=11 resaved drive_y=00000002.41a80000.41280000.42ca0000
case=d6 index=11 resaved drive_z=00000001.41b00000.41300000.42cc0000
case=d6 index=11 resaved drive_swing=00000002.41b80000.41380000.42ce0000
case=d6 index=11 resaved drive_twist=00000001.41c00000.41400000.42d00000
case=d6 index=11 resaved drive_spherical=00000002.41c80000.41480000.42d20000
case=d6 index=11 resaved use_spherical=1 drive_position=41300000.41400000.41500000 drive_orientation=3f000000.3f000000.3f000000.3f000000
case=d6 index=11 resaved drive_linear_velocity=41a80000.41b00000.41b80000 drive_angular_velocity=41f80000.42000000.42040000
case=d6 index=11 resaved projection distance=42c60000 angle=42c40000 mode=1
case=d6 index=11 scene_joints when=before_release count=1 enumerated=1 order=9 self=yes end=null
case=d6 index=11 released=yes
case=d6 index=11 scene_joints when=after_release count=0 enumerated=0 order=none self=no end=null
case=revolute index=12 in_anchor=bfc00000.3e800000.41000000 in_axis=3dcdbcfd.3e4dbcfd.3f797526
case=revolute index=12 created=yes
case=revolute index=12 out_anchor=bfbffffc.3e7ffffc.40ffffff out_axis=3dcdbcfc.3e4dbcfe.3f797525 state=0
case=revolute index=12 abi_sret cases=2 flags=0 mismatches=0
case=revolute index=12 abi_sret_values anchor=bfbffffc.3e7ffffc.40ffffff axis=3f8cdbd0.3e4dbcfe.3f797525
case=revolute index=12 internal off=04c words=3dc97ff4.bca62f73.3f7eb478.3e1609a3.bf3c5379.3f294caf.be4ec8c8.bf7ab9d8
case=revolute index=12 internal off=06c words=32225141.bf7b3e31.be4471f1.3b84578d.bf797526.3e4dbcfe.3dcdbd05.bdfdbe69
case=revolute index=12 internal off=08c words=3f264e19.3f4005bb.c0ffffff.bf400000.bfbffffb.bfc88888.41015555.3e0888b9
case=revolute index=12 internal off=0ac words=bddb3f43.bf32eec6.bf34c7db.bd14ac04.bf22b49e.bea0571e.bf2e5b9a.be3d1a85
case=revolute index=12 internal off=0cc words=3dc97ff4.bca62f73.3f7eb478.3e1609a3.bf3c5379.3f294caf.be4ec8c8.bf7ab9d8
case=revolute index=12 internal off=0ec words=32225141.bf7b3e31.be4471f1.3b84578d.bf797526.3e4dbcfe.3dcdbd05.bdfdbe69
case=revolute index=12 internal off=10c words=3f264e19.3f4005bb.c0ffffff.bf400000.bfbffffb.bfc88888.41015555.3e0888b9
case=revolute index=12 internal off=12c words=bddb3f43.bf32eec6.bf34c7db.bd14ac04.bf22b49e.bea0571e.bf2e5b9a.be3d1a85
case=revolute index=12 internal off=16c words=00000000.00000000.3f800000.00000000.00000000.3f800000.7f7fffff.00000000
case=revolute index=12 internal off=18c words=00000000.00000000.00000000.00000000.3f800000.3f7f06ff.3db25bff.00000000
case=revolute index=12 internal off=1ac words=cdcdcdcd.cdcdcdcd.cdcdcdcd.cdcdcdcd.cdcdcdcd.cdcdcdcd.cdcdcdcd.cdcdcdcd
case=revolute index=12 internal off=1cc words=cdcdcdcd.cdcdcdcd.cdcdcdcd.cdcdcdcd.cdcdcdcd.cdcdcdcd.cdcdcdcd.cdcdcdcd
case=revolute index=12 internal off=1ec words=cdcdcdcd.cdcdcdcd.cdcdcdcd.cdcdcdcd.cdcdcdcd.cdcdcdcd
case=revolute index=12 actors a=match b=match
case=revolute index=12 saved anchor0=c0ffffff.bf400000.bfbffffb anchor1=bfc88888.41015555.3e0888b9
case=revolute index=12 saved axis0=bf797526.3e4dbcfe.3dcdbd05 axis1=bdfdbe69.3f264e19.3f4005bb
case=revolute index=12 saved normal0=3dc97ff4.bca62f73.3f7eb478 normal1=3e1609a3.bf3c5379.3f294caf
case=revolute index=12 scene_joints when=before_release count=1 enumerated=1 order=1 self=yes end=null
case=revolute index=12 released=yes
case=revolute index=12 scene_joints when=after_release count=0 enumerated=0 order=none self=no end=null
case=prismatic index=12 in_anchor=bfc00000.3e800000.41000000 in_axis=3dcdbcfd.3e4dbcfd.3f797526
case=prismatic index=12 created=yes
case=prismatic index=12 out_anchor=bfbffffc.3e7ffffc.40ffffff out_axis=3dcdbcfc.3e4dbcfe.3f797525 state=0
case=prismatic index=12 abi_sret cases=2 flags=0 mismatches=0
case=prismatic index=12 abi_sret_values anchor=bfbffffc.3e7ffffc.40ffffff axis=3f8cdbd0.3e4dbcfe.3f797525
case=prismatic index=12 internal off=04c words=3dc97ff4.bca62f73.3f7eb478.3e1609a3.bf3c5379.3f294caf.be4ec8c8.bf7ab9d8
case=prismatic index=12 internal off=06c words=32225141.bf7b3e31.be4471f1.3b84578d.bf797526.3e4dbcfe.3dcdbd05.bdfdbe69
case=prismatic index=12 internal off=08c words=3f264e19.3f4005bb.c0ffffff.bf400000.bfbffffb.bfc88888.41015555.3e0888b9
case=prismatic index=12 internal off=0ac words=bddb3f43.bf32eec6.bf34c7db.bd14ac04.bf22b49e.bea0571e.bf2e5b9a.be3d1a85
case=prismatic index=12 internal off=0cc words=3dc97ff4.bca62f73.3f7eb478.3e1609a3.bf3c5379.3f294caf.be4ec8c8.bf7ab9d8
case=prismatic index=12 internal off=0ec words=32225141.bf7b3e31.be4471f1.3b84578d.bf797526.3e4dbcfe.3dcdbd05.bdfdbe69
case=prismatic index=12 internal off=10c words=3f264e19.3f4005bb.c0ffffff.bf400000.bfbffffb.bfc88888.41015555.3e0888b9
case=prismatic index=12 internal off=12c words=bddb3f43.bf32eec6.bf34c7db.bd14ac04.bf22b49e.bea0571e.bf2e5b9a.be3d1a85
case=prismatic index=12 internal off=16c words=3e8432a4.3e8432a3.bf0432a5.3f464bf7
case=prismatic index=12 actors a=match b=match
case=prismatic index=12 type=0 is_prismatic=yes is_revolute=no
case=prismatic index=12 saved anchor0=c0ffffff.bf400000.bfbffffb anchor1=bfc88888.41015555.3e0888b9
case=prismatic index=12 saved axis0=bf797526.3e4dbcfe.3dcdbd05 axis1=bdfdbe69.3f264e19.3f4005bb
case=prismatic index=12 saved normal0=3dc97ff4.bca62f73.3f7eb478 normal1=3e1609a3.bf3c5379.3f294caf
case=prismatic index=12 saved max_force=7f7fffff max_torque=7f7fffff flags=00000002 actors a=match b=match
case=prismatic index=12 scene_joints when=before_release count=1 enumerated=1 order=0 self=yes end=null
case=prismatic index=12 released=yes
case=prismatic index=12 scene_joints when=after_release count=0 enumerated=0 order=none self=no end=null
case=cylindrical index=12 in_anchor=bfc00000.3e800000.41000000 in_axis=3dcdbcfd.3e4dbcfd.3f797526
case=cylindrical index=12 created=yes
case=cylindrical index=12 out_anchor=bfbffffc.3e7ffffc.40ffffff out_axis=3dcdbcfc.3e4dbcfe.3f797525 state=0
case=cylindrical index=12 abi_sret cases=2 flags=0 mismatches=0
case=cylindrical index=12 abi_sret_values anchor=bfbffffc.3e7ffffc.40ffffff axis=3f8cdbd0.3e4dbcfe.3f797525
case=cylindrical index=12 internal off=04c words=3dc97ff4.bca62f73.3f7eb478.3e1609a3.bf3c5379.3f294caf.be4ec8c8.bf7ab9d8
case=cylindrical index=12 internal off=06c words=32225141.bf7b3e31.be4471f1.3b84578d.bf797526.3e4dbcfe.3dcdbd05.bdfdbe69
case=cylindrical index=12 internal off=08c words=3f264e19.3f4005bb.c0ffffff.bf400000.bfbffffb.bfc88888.41015555.3e0888b9
case=cylindrical index=12 internal off=0ac words=bddb3f43.bf32eec6.bf34c7db.bd14ac04.bf22b49e.bea0571e.bf2e5b9a.be3d1a85
case=cylindrical index=12 internal off=0cc words=3dc97ff4.bca62f73.3f7eb478.3e1609a3.bf3c5379.3f294caf.be4ec8c8.bf7ab9d8
case=cylindrical index=12 internal off=0ec words=32225141.bf7b3e31.be4471f1.3b84578d.bf797526.3e4dbcfe.3dcdbd05.bdfdbe69
case=cylindrical index=12 internal off=10c words=3f264e19.3f4005bb.c0ffffff.bf400000.bfbffffb.bfc88888.41015555.3e0888b9
case=cylindrical index=12 internal off=12c words=bddb3f43.bf32eec6.bf34c7db.bd14ac04.bf22b49e.bea0571e.bf2e5b9a.be3d1a85
case=cylindrical index=12 actors a=match b=match
case=cylindrical index=12 type=2 is_cylindrical=yes is_prismatic=no
case=cylindrical index=12 saved anchor0=c0ffffff.bf400000.bfbffffb anchor1=bfc88888.41015555.3e0888b9
case=cylindrical index=12 saved axis0=bf797526.3e4dbcfe.3dcdbd05 axis1=bdfdbe69.3f264e19.3f4005bb
case=cylindrical index=12 saved normal0=3dc97ff4.bca62f73.3f7eb478 normal1=3e1609a3.bf3c5379.3f294caf
case=cylindrical index=12 saved max_force=7f7fffff max_torque=7f7fffff flags=00000002 actors a=match b=match
case=cylindrical index=12 scene_joints when=before_release count=1 enumerated=1 order=2 self=yes end=null
case=cylindrical index=12 released=yes
case=cylindrical index=12 scene_joints when=after_release count=0 enumerated=0 order=none self=no end=null
case=spherical index=12 in_anchor=bfc00000.3e800000.41000000 in_axis=3dcdbcfd.3e4dbcfd.3f797526
case=spherical index=12 created=yes
case=spherical index=12 out_anchor=bfbffffc.3e7ffffc.40ffffff out_axis=3dcdbcfc.3e4dbcfe.3f797525 state=0
case=spherical index=12 abi_sret cases=2 flags=0 mismatches=0
case=spherical index=12 abi_sret_values anchor=bfbffffc.3e7ffffc.40ffffff axis=3f8cdbd0.3e4dbcfe.3f797525
case=spherical index=12 internal off=04c words=3dc97ff4.bca62f73.3f7eb478.3e1609a3.bf3c5379.3f294caf.be4ec8c8.bf7ab9d8
case=spherical index=12 internal off=06c words=32225141.bf7b3e31.be4471f1.3b84578d.bf797526.3e4dbcfe.3dcdbd05.bdfdbe69
case=spherical index=12 internal off=08c words=3f264e19.3f4005bb.c0ffffff.bf400000.bfbffffb.bfc88888.41015555.3e0888b9
case=spherical index=12 internal off=0ac words=bddb3f43.bf32eec6.bf34c7db.bd14ac04.bf22b49e.bea0571e.bf2e5b9a.be3d1a85
case=spherical index=12 internal off=0cc words=3dc97ff4.bca62f73.3f7eb478.3e1609a3.bf3c5379.3f294caf.be4ec8c8.bf7ab9d8
case=spherical index=12 internal off=0ec words=32225141.bf7b3e31.be4471f1.3b84578d.bf797526.3e4dbcfe.3dcdbd05.bdfdbe69
case=spherical index=12 internal off=10c words=3f264e19.3f4005bb.c0ffffff.bf400000.bfbffffb.bfc88888.41015555.3e0888b9
case=spherical index=12 internal off=12c words=bddb3f43.bf32eec6.bf34c7db.bd14ac04.bf22b49e.bea0571e.bf2e5b9a.be3d1a85
case=spherical index=12 internal off=16c words=bf000000.3e800000.3f800000.3f400000.00000000.3f000000.3f200000.3f000000
case=spherical index=12 internal off=18c words=3f400000.40000000.3f000000.3e000000.40400000.3f800000.3ec00000.40800000
case=spherical index=12 internal off=1ac words=40000000.00000000.3f19999a.00000000.3f4ccccd.bf38741f.3e182070.3f2d6596
case=spherical index=12 internal off=1cc words=3f4f9b47.00000009.3e800000.cdcdcdcd.cdcdcdcd.cdcdcdcd.cdcdcdcd.cdcdcdcd
case=spherical index=12 internal off=1ec words=cdcdcdcd.cdcdcdcd.cdcdcdcd.cdcdcdcd.cdcdcdcd.cdcdcdcd.cdcdcdcd.cdcdcdcd
case=spherical index=12 internal off=20c words=cdcdcdcd.cdcdcdcd.cdcdcdcd.cdcdcdcd.cdcdcdcd.cdcdcdcd.cdcdcdcd.cdcdcdcd
case=spherical index=12 internal off=22c words=cdcdcdcd.cdcdcdcd.cdcdcdcd.cdcdcdcd
case=spherical index=12 actors a=match b=match
case=spherical index=12 type=3 is_spherical=yes is_revolute=no
case=spherical index=12 flags=00000009 projection_mode=1
case=spherical index=12 saved anchor0=c0ffffff.bf400000.bfbffffb anchor1=bfc88888.41015555.3e0888b9
case=spherical index=12 saved axis0=bf797526.3e4dbcfe.3dcdbd05 axis1=bdfdbe69.3f264e19.3f4005bb
case=spherical index=12 saved normal0=3dc97ff4.bca62f73.3f7eb478 normal1=3e1609a3.bf3c5379.3f294caf
case=spherical index=12 saved swing_axis=3f19999a.00000000.3f4ccccd projection_distance=3e800000 flags=00000009 projection_mode=1
case=spherical index=12 saved twist_limit=bf000000.3e800000.3f800000.3f400000.00000000.3f000000 swing_limit=3f200000.3f000000.3f400000
case=spherical index=12 saved twist_spring=40000000.3f000000.3e000000 swing_spring=40400000.3f800000.3ec00000 joint_spring=40800000.40000000.00000000
case=spherical index=12 saved max_force=7f7fffff max_torque=7f7fffff flags=00000002 actors a=match b=match
case=spherical index=12 scene_joints when=before_release count=1 enumerated=1 order=3 self=yes end=null
case=spherical index=12 released=yes
case=spherical index=12 scene_joints when=after_release count=0 enumerated=0 order=none self=no end=null
case=point_on_line index=12 in_anchor=bfc00000.3e800000.41000000 in_axis=3dcdbcfd.3e4dbcfd.3f797526
case=point_on_line index=12 created=yes
case=point_on_line index=12 out_anchor=bfbffffc.3e7ffffc.40ffffff out_axis=3dcdbcfc.3e4dbcfe.3f797525 state=0
case=point_on_line index=12 abi_sret cases=2 flags=0 mismatches=0
case=point_on_line index=12 abi_sret_values anchor=bfbffffc.3e7ffffc.40ffffff axis=3f8cdbd0.3e4dbcfe.3f797525
case=point_on_line index=12 internal off=04c words=3dc97ff4.bca62f73.3f7eb478.3e1609a3.bf3c5379.3f294caf.be4ec8c8.bf7ab9d8
case=point_on_line index=12 internal off=06c words=32225141.bf7b3e31.be4471f1.3b84578d.bf797526.3e4dbcfe.3dcdbd05.bdfdbe69
case=point_on_line index=12 internal off=08c words=3f264e19.3f4005bb.c0ffffff.bf400000.bfbffffb.bfc88888.41015555.3e0888b9
case=point_on_line index=12 internal off=0ac words=bddb3f43.bf32eec6.bf34c7db.bd14ac04.bf22b49e.bea0571e.bf2e5b9a.be3d1a85
case=point_on_line index=12 internal off=0cc words=3dc97ff4.bca62f73.3f7eb478.3e1609a3.bf3c5379.3f294caf.be4ec8c8.bf7ab9d8
case=point_on_line index=12 internal off=0ec words=32225141.bf7b3e31.be4471f1.3b84578d.bf797526.3e4dbcfe.3dcdbd05.bdfdbe69
case=point_on_line index=12 internal off=10c words=3f264e19.3f4005bb.c0ffffff.bf400000.bfbffffb.bfc88888.41015555.3e0888b9
case=point_on_line index=12 internal off=12c words=bddb3f43.bf32eec6.bf34c7db.bd14ac04.bf22b49e.bea0571e.bf2e5b9a.be3d1a85
case=point_on_line index=12 actors a=match b=match
case=point_on_line index=12 type=4 is_point_on_line=yes is_revolute=no
case=point_on_line index=12 saved anchor0=c0ffffff.bf400000.bfbffffb anchor1=bfc88888.41015555.3e0888b9
case=point_on_line index=12 saved axis0=bf797526.3e4dbcfe.3dcdbd05 axis1=bdfdbe69.3f264e19.3f4005bb
case=point_on_line index=12 saved normal0=3dc97ff4.bca62f73.3f7eb478 normal1=3e1609a3.bf3c5379.3f294caf
case=point_on_line index=12 saved max_force=7f7fffff max_torque=7f7fffff flags=00000002 actors a=match b=match
case=point_on_line index=12 scene_joints when=before_release count=1 enumerated=1 order=4 self=yes end=null
case=point_on_line index=12 released=yes
case=point_on_line index=12 scene_joints when=after_release count=0 enumerated=0 order=none self=no end=null
case=point_in_plane index=12 in_anchor=bfc00000.3e800000.41000000 in_axis=3dcdbcfd.3e4dbcfd.3f797526
case=point_in_plane index=12 created=yes
case=point_in_plane index=12 out_anchor=bfbffffc.3e7ffffc.40ffffff out_axis=3dcdbcfc.3e4dbcfe.3f797525 state=0
case=point_in_plane index=12 abi_sret cases=2 flags=0 mismatches=0
case=point_in_plane index=12 abi_sret_values anchor=bfbffffc.3e7ffffc.40ffffff axis=3f8cdbd0.3e4dbcfe.3f797525
case=point_in_plane index=12 internal off=04c words=3dc97ff4.bca62f73.3f7eb478.3e1609a3.bf3c5379.3f294caf.be4ec8c8.bf7ab9d8
case=point_in_plane index=12 internal off=06c words=32225141.bf7b3e31.be4471f1.3b84578d.bf797526.3e4dbcfe.3dcdbd05.bdfdbe69
case=point_in_plane index=12 internal off=08c words=3f264e19.3f4005bb.c0ffffff.bf400000.bfbffffb.bfc88888.41015555.3e0888b9
case=point_in_plane index=12 internal off=0ac words=bddb3f43.bf32eec6.bf34c7db.bd14ac04.bf22b49e.bea0571e.bf2e5b9a.be3d1a85
case=point_in_plane index=12 internal off=0cc words=3dc97ff4.bca62f73.3f7eb478.3e1609a3.bf3c5379.3f294caf.be4ec8c8.bf7ab9d8
case=point_in_plane index=12 internal off=0ec words=32225141.bf7b3e31.be4471f1.3b84578d.bf797526.3e4dbcfe.3dcdbd05.bdfdbe69
case=point_in_plane index=12 internal off=10c words=3f264e19.3f4005bb.c0ffffff.bf400000.bfbffffb.bfc88888.41015555.3e0888b9
case=point_in_plane index=12 internal off=12c words=bddb3f43.bf32eec6.bf34c7db.bd14ac04.bf22b49e.bea0571e.bf2e5b9a.be3d1a85
case=point_in_plane index=12 actors a=match b=match
case=point_in_plane index=12 type=5 is_point_in_plane=yes is_revolute=no
case=point_in_plane index=12 saved anchor0=c0ffffff.bf400000.bfbffffb anchor1=bfc88888.41015555.3e0888b9
case=point_in_plane index=12 saved axis0=bf797526.3e4dbcfe.3dcdbd05 axis1=bdfdbe69.3f264e19.3f4005bb
case=point_in_plane index=12 saved normal0=3dc97ff4.bca62f73.3f7eb478 normal1=3e1609a3.bf3c5379.3f294caf
case=point_in_plane index=12 saved max_force=7f7fffff max_torque=7f7fffff flags=00000002 actors a=match b=match
case=point_in_plane index=12 scene_joints when=before_release count=1 enumerated=1 order=5 self=yes end=null
case=point_in_plane index=12 released=yes
case=point_in_plane index=12 scene_joints when=after_release count=0 enumerated=0 order=none self=no end=null
case=distance index=12 in_anchor=bfc00000.3e800000.41000000 in_axis=3dcdbcfd.3e4dbcfd.3f797526 max_distance=40200000 min_distance=3f000000 spring=41200000.3f000000.3e800000 flags=00000007
case=distance index=12 created=yes
case=distance index=12 out_anchor=bfbffffc.3e7ffffc.40ffffff out_axis=3dcdbcfc.3e4dbcfe.3f797525 state=0
case=distance index=12 abi_sret cases=2 flags=0 mismatches=0
case=distance index=12 abi_sret_values anchor=bfbffffc.3e7ffffc.40ffffff axis=3f8cdbd0.3e4dbcfe.3f797525
case=distance index=12 internal off=04c words=3dc97ff4.bca62f73.3f7eb478.3e1609a3.bf3c5379.3f294caf.be4ec8c8.bf7ab9d8
case=distance index=12 internal off=06c words=32225141.bf7b3e31.be4471f1.3b84578d.bf797526.3e4dbcfe.3dcdbd05.bdfdbe69
case=distance index=12 internal off=08c words=3f264e19.3f4005bb.c0ffffff.bf400000.bfbffffb.bfc88888.41015555.3e0888b9
case=distance index=12 internal off=0ac words=bddb3f43.bf32eec6.bf34c7db.bd14ac04.bf22b49e.bea0571e.bf2e5b9a.be3d1a85
case=distance index=12 internal off=0cc words=3dc97ff4.bca62f73.3f7eb478.3e1609a3.bf3c5379.3f294caf.be4ec8c8.bf7ab9d8
case=distance index=12 internal off=0ec words=32225141.bf7b3e31.be4471f1.3b84578d.bf797526.3e4dbcfe.3dcdbd05.bdfdbe69
case=distance index=12 internal off=10c words=3f264e19.3f4005bb.c0ffffff.bf400000.bfbffffb.bfc88888.41015555.3e0888b9
case=distance index=12 internal off=12c words=bddb3f43.bf32eec6.bf34c7db.bd14ac04.bf22b49e.bea0571e.bf2e5b9a.be3d1a85
case=distance index=12 internal off=16c words=40200000.3f000000.41200000.3f000000.3e800000.00000007
case=distance index=12 actors a=match b=match
case=distance index=12 type=6 is_distance=yes is_revolute=no
case=distance index=12 saved max_distance=40200000 min_distance=3f000000 spring=41200000.3f000000.3e800000 flags=00000007
case=distance index=12 saved anchor0=c0ffffff.bf400000.bfbffffb anchor1=bfc88888.41015555.3e0888b9
case=distance index=12 saved axis0=bf797526.3e4dbcfe.3dcdbd05 axis1=bdfdbe69.3f264e19.3f4005bb
case=distance index=12 saved normal0=3dc97ff4.bca62f73.3f7eb478 normal1=3e1609a3.bf3c5379.3f294caf
case=distance index=12 saved max_force=7f7fffff max_torque=7f7fffff flags=00000002 actors a=match b=match
case=distance index=12 scene_joints when=before_release count=1 enumerated=1 order=6 self=yes end=null
case=distance index=12 released=yes
case=distance index=12 scene_joints when=after_release count=0 enumerated=0 order=none self=no end=null
case=pulley index=12 in_anchor=bfc00000.3e800000.41000000 in_axis=3dcdbcfd.3e4dbcfd.3f797526
case=pulley index=12 in_pulley0=00000000.40a00000.00000000 in_pulley1=40800000.40a00000.00000000 distance=40c00000 stiffness=3f400000 ratio=3fc00000 flags=00000001
case=pulley index=12 created=yes
case=pulley index=12 out_anchor=bfbffffc.3e7ffffc.40ffffff out_axis=3dcdbcfc.3e4dbcfe.3f797525 state=0
case=pulley index=12 abi_sret cases=2 flags=0 mismatches=0
case=pulley index=12 abi_sret_values anchor=bfbffffc.3e7ffffc.40ffffff axis=3f8cdbd0.3e4dbcfe.3f797525
case=pulley index=12 internal off=04c words=3dc97ff4.bca62f73.3f7eb478.3e1609a3.bf3c5379.3f294caf.be4ec8c8.bf7ab9d8
case=pulley index=12 internal off=06c words=32225141.bf7b3e31.be4471f1.3b84578d.bf797526.3e4dbcfe.3dcdbd05.bdfdbe69
case=pulley index=12 internal off=08c words=3f264e19.3f4005bb.c0ffffff.bf400000.bfbffffb.bfc88888.41015555.3e0888b9
case=pulley index=12 internal off=0ac words=bddb3f43.bf32eec6.bf34c7db.bd14ac04.bf22b49e.bea0571e.bf2e5b9a.be3d1a85
case=pulley index=12 internal off=0cc words=3dc97ff4.bca62f73.3f7eb478.3e1609a3.bf3c5379.3f294caf.be4ec8c8.bf7ab9d8
case=pulley index=12 internal off=0ec words=32225141.bf7b3e31.be4471f1.3b84578d.bf797526.3e4dbcfe.3dcdbd05.bdfdbe69
case=pulley index=12 internal off=10c words=3f264e19.3f4005bb.c0ffffff.bf400000.bfbffffb.bfc88888.41015555.3e0888b9
case=pulley index=12 internal off=12c words=bddb3f43.bf32eec6.bf34c7db.bd14ac04.bf22b49e.bea0571e.bf2e5b9a.be3d1a85
case=pulley index=12 actors a=match b=match
case=pulley index=12 type=7 is_pulley=yes is_distance=no
case=pulley index=12 saved pulley0=00000000.40a00000.00000000 pulley1=40800000.40a00000.00000000
case=pulley index=12 saved distance=40c00000 stiffness=3f400000 ratio=3fc00000 flags=00000001
case=pulley index=12 saved anchor0=c0ffffff.bf400000.bfbffffb anchor1=bfc88888.41015555.3e0888b9
case=pulley index=12 saved axis0=bf797526.3e4dbcfe.3dcdbd05 axis1=bdfdbe69.3f264e19.3f4005bb
case=pulley index=12 saved normal0=3dc97ff4.bca62f73.3f7eb478 normal1=3e1609a3.bf3c5379.3f294caf
case=pulley index=12 saved max_force=7f7fffff max_torque=7f7fffff flags=00000002 actors a=match b=match
case=pulley index=12 scene_joints when=before_release count=1 enumerated=1 order=7 self=yes end=null
case=pulley index=12 released=yes
case=pulley index=12 scene_joints when=after_release count=0 enumerated=0 order=none self=no end=null
case=fixed index=12 in_anchor=bfc00000.3e800000.41000000 in_axis=3dcdbcfd.3e4dbcfd.3f797526
case=fixed index=12 created=yes
case=fixed index=12 out_anchor=bfbffffc.3e7ffffc.40ffffff out_axis=3dcdbcfc.3e4dbcfe.3f797525 state=0
case=fixed index=12 abi_sret cases=2 flags=0 mismatches=0
case=fixed index=12 abi_sret_values anchor=bfbffffc.3e7ffffc.40ffffff axis=3f8cdbd0.3e4dbcfe.3f797525
case=fixed index=12 internal off=04c words=3dc97ff4.bca62f73.3f7eb478.3e1609a3.bf3c5379.3f294caf.be4ec8c8.bf7ab9d8
case=fixed index=12 internal off=06c words=32225141.bf7b3e31.be4471f1.3b84578d.bf797526.3e4dbcfe.3dcdbd05.bdfdbe69
case=fixed index=12 internal off=08c words=3f264e19.3f4005bb.c0ffffff.bf400000.bfbffffb.bfc88888.41015555.3e0888b9
case=fixed index=12 internal off=0ac words=bddb3f43.bf32eec6.bf34c7db.bd14ac04.bf22b49e.bea0571e.bf2e5b9a.be3d1a85
case=fixed index=12 internal off=0cc words=3dc97ff4.bca62f73.3f7eb478.3e1609a3.bf3c5379.3f294caf.be4ec8c8.bf7ab9d8
case=fixed index=12 internal off=0ec words=32225141.bf7b3e31.be4471f1.3b84578d.bf797526.3e4dbcfe.3dcdbd05.bdfdbe69
case=fixed index=12 internal off=10c words=3f264e19.3f4005bb.c0ffffff.bf400000.bfbffffb.bfc88888.41015555.3e0888b9
case=fixed index=12 internal off=12c words=bddb3f43.bf32eec6.bf34c7db.bd14ac04.bf22b49e.bea0571e.bf2e5b9a.be3d1a85
case=fixed index=12 internal off=16c words=bffffffd.c0000000.40800000.3e8432a4.3e8432a3.bf0432a5.3f464bf7
case=fixed index=12 actors a=match b=match
case=fixed index=12 type=8 is_fixed=yes is_pulley=no
case=fixed index=12 saved anchor0=c0ffffff.bf400000.bfbffffb anchor1=bfc88888.41015555.3e0888b9
case=fixed index=12 saved axis0=bf797526.3e4dbcfe.3dcdbd05 axis1=bdfdbe69.3f264e19.3f4005bb
case=fixed index=12 saved normal0=3dc97ff4.bca62f73.3f7eb478 normal1=3e1609a3.bf3c5379.3f294caf
case=fixed index=12 saved max_force=7f7fffff max_torque=7f7fffff flags=00000002 actors a=match b=match
case=fixed index=12 scene_joints when=before_release count=1 enumerated=1 order=8 self=yes end=null
case=fixed index=12 released=yes
case=fixed index=12 scene_joints when=after_release count=0 enumerated=0 order=none self=no end=null
case=d6 index=12 in_anchor=bfc00000.3e800000.41000000 in_axis=3dcdbcfd.3e4dbcfd.3f797526
case=d6 index=12 in motions=0.1.2.1.1.2
case=d6 index=12 in linear=3f000000.3e800000.3f400000 twist_low=bf000000.3e000000.3f600000 twist_high=3f400000.3e800000.3f200000
case=d6 index=12 in swing1=3f200000.3ec00000.3f000000 swing2=3ec00000.3d800000.3f700000
case=d6 index=12 in drive_x=00000001.40000000.3f800000.42c80000
case=d6 index=12 in drive_y=00000002.40400000.3fc00000.42ca0000
case=d6 index=12 in drive_z=00000001.40800000.40000000.42cc0000
case=d6 index=12 in drive_swing=00000002.40a00000.40200000.42ce0000
case=d6 index=12 in drive_twist=00000001.40c00000.40400000.42d00000
case=d6 index=12 in drive_spherical=00000002.40e00000.40600000.42d20000
case=d6 index=12 in use_spherical=1 drive_position=3f800000.40000000.40400000 drive_orientation=00000000.3f19999a.00000000.3f4ccccd
case=d6 index=12 in drive_linear_velocity=3f000000.bf000000.3fc00000 drive_angular_velocity=be800000.3e000000.40200000
case=d6 index=12 in projection distance=3e000000 angle=3d800000 mode=1
case=d6 index=12 created=yes
case=d6 index=12 out_anchor=bfbffffc.3e7ffffc.40ffffff out_axis=3dcdbcfc.3e4dbcfe.3f797525 state=0
case=d6 index=12 abi_sret cases=2 flags=0 mismatches=0
case=d6 index=12 abi_sret_values anchor=bfbffffc.3e7ffffc.40ffffff axis=3f8cdbd0.3e4dbcfe.3f797525
case=d6 index=12 internal off=04c words=3dc97ff4.bca62f73.3f7eb478.3e1609a3.bf3c5379.3f294caf.be4ec8c8.bf7ab9d8
case=d6 index=12 internal off=06c words=32225141.bf7b3e31.be4471f1.3b84578d.bf797526.3e4dbcfe.3dcdbd05.bdfdbe69
case=d6 index=12 internal off=08c words=3f264e19.3f4005bb.c0ffffff.bf400000.bfbffffb.bfc88888.41015555.3e0888b9
case=d6 index=12 internal off=0ac words=bddb3f43.bf32eec6.bf34c7db.bd14ac04.bf22b49e.bea0571e.bf2e5b9a.be3d1a85
case=d6 index=12 internal off=0cc words=3dc97ff4.bca62f73.3f7eb478.3e1609a3.bf3c5379.3f294caf.be4ec8c8.bf7ab9d8
case=d6 index=12 internal off=0ec words=32225141.bf7b3e31.be4471f1.3b84578d.bf797526.3e4dbcfe.3dcdbd05.bdfdbe69
case=d6 index=12 internal off=10c words=3f264e19.3f4005bb.c0ffffff.bf400000.bfbffffb.bfc88888.41015555.3e0888b9
case=d6 index=12 internal off=12c words=bddb3f43.bf32eec6.bf34c7db.bd14ac04.bf22b49e.bea0571e.bf2e5b9a.be3d1a85
case=d6 index=12 internal off=16c words=00000000.00000001.00000002.00000001.00000001.00000002.3f000000.3e800000
case=d6 index=12 internal off=18c words=3f400000.3f200000.3ec00000.3f000000.3ec00000.3d800000.3f700000.bf000000
case=d6 index=12 internal off=1ac words=3e000000.3f600000.3f400000.3e800000.3f200000.00000001.40000000.3f800000
case=d6 index=12 internal off=1cc words=42c80000.00000002.40400000.3fc00000.42ca0000.00000001.40800000.40000000
case=d6 index=12 internal off=1ec words=42cc0000.00000000.00000000.00000000.7f7fffff.00000000.00000000.00000000
case=d6 index=12 internal off=20c words=7f7fffff.00000000.00000000.00000000.7f7fffff.cdcdcd01.3f800000.40000000
case=d6 index=12 internal off=22c words=40400000.00000000.3f19999a.00000000.3f4ccccd.3f000000.bf000000.3fc00000
case=d6 index=12 internal off=24c words=be800000.3e000000.40200000.3e000000.3d800000.3f7399f5.cdcdcdcd.3f6e35bf
case=d6 index=12 internal off=26c words=cdcd0101
case=d6 index=12 actors a=match b=match
case=d6 index=12 type=9 is_d6=yes is_fixed=no
case=d6 index=12 saved motions=2.0.2.0.2.0
case=d6 index=12 saved linear=41100000.3f000000.3f000000 twist_low=c1100000.3e000000.3f600000 twist_high=41180000.3e800000.3f200000
case=d6 index=12 saved swing1=41000000.3ec00000.3f000000 swing2=40e00000.3d800000.3f700000
case=d6 index=12 saved drive_x=00000001.41a00000.41200000.42c80000
case=d6 index=12 saved drive_y=00000002.41a80000.41280000.42ca0000
case=d6 index=12 saved drive_z=00000001.41b00000.41300000.42cc0000
case=d6 index=12 saved drive_swing=00000002.41b80000.41380000.42ce0000
case=d6 index=12 saved drive_twist=00000001.41c00000.41400000.42d00000
case=d6 index=12 saved drive_spherical=00000002.41c80000.41480000.42d20000
case=d6 index=12 saved use_spherical=1 drive_position=41300000.41400000.41500000 drive_orientation=3f000000.3f000000.3f000000.3f000000
case=d6 index=12 saved drive_linear_velocity=41a80000.41b00000.41b80000 drive_angular_velocity=41f80000.42000000.42040000
case=d6 index=12 saved projection distance=42c60000 angle=42c40000 mode=1
case=d6 index=12 saved anchor0=c0ffffff.bf400000.bfbffffb anchor1=bfc88888.41015555.3e0888b9
case=d6 index=12 saved axis0=bf797526.3e4dbcfe.3dcdbd05 axis1=bdfdbe69.3f264e19.3f4005bb
case=d6 index=12 saved normal0=3dc97ff4.bca62f73.3f7eb478 normal1=3e1609a3.bf3c5379.3f294caf
case=d6 index=12 saved max_force=7f7fffff max_torque=7f7fffff flags=00000002 actors a=match b=match
case=d6 index=12 drive_contended reports=1 code=2 line=40
case=d6 index=12 drive_orientation_contended reports=1 code=2 line=47
case=d6 index=12 drive_linear_velocity_contended reports=1 code=2 line=54
case=d6 index=12 drive_angular_velocity_contended reports=1 code=2 line=61
case=d6 index=12 drive_setters=called
case=d6 index=12 resaved motions=2.0.2.0.2.0
case=d6 index=12 resaved linear=41100000.3f000000.3f000000 twist_low=c1100000.3e000000.3f600000 twist_high=41180000.3e800000.3f200000
case=d6 index=12 resaved swing1=41000000.3ec00000.3f000000 swing2=40e00000.3d800000.3f700000
case=d6 index=12 resaved drive_x=00000001.41a00000.41200000.42c80000
case=d6 index=12 resaved drive_y=00000002.41a80000.41280000.42ca0000
case=d6 index=12 resaved drive_z=00000001.41b00000.41300000.42cc0000
case=d6 index=12 resaved drive_swing=00000002.41b80000.41380000.42ce0000
case=d6 index=12 resaved drive_twist=00000001.41c00000.41400000.42d00000
case=d6 index=12 resaved drive_spherical=00000002.41c80000.41480000.42d20000
case=d6 index=12 resaved use_spherical=1 drive_position=41300000.41400000.41500000 drive_orientation=3f000000.3f000000.3f000000.3f000000
case=d6 index=12 resaved drive_linear_velocity=41a80000.41b00000.41b80000 drive_angular_velocity=41f80000.42000000.42040000
case=d6 index=12 resaved projection distance=42c60000 angle=42c40000 mode=1
case=d6 index=12 scene_joints when=before_release count=1 enumerated=1 order=9 self=yes end=null
case=d6 index=12 released=yes
case=d6 index=12 scene_joints when=after_release count=0 enumerated=0 order=none self=no end=null
case=revolute index=13 in_anchor=00000000.00000000.00000000 in_axis=00000000.00000000.3f800000
case=revolute index=13 created=yes
case=revolute index=13 out_anchor=33c88888.b31dddde.b4000000 out_axis=00000000.00000000.3f7ffffe state=0
case=revolute index=13 abi_sret cases=2 flags=0 mismatches=0
case=revolute index=13 abi_sret_values anchor=33c88888.b31dddde.b4000000 axis=3f800000.00000000.3f7ffffe
case=revolute index=13 internal off=04c words=33800000.00000000.3f7fffff.3e088889.bf2aaaab.3f3bbbbb.00000000.bf7ffffe
case=revolute index=13 internal off=06c words=00000000.bf6eeeef.beaaaaaa.be088888.bf7fffff.00000000.33800000.beaaaaaa
case=revolute index=13 internal off=08c words=3f2aaaaa.3f2aaaac.00000000.bf800000.00000000.3f888888.3fd55556.c0844444
case=revolute index=13 internal off=0ac words=b2b504f3.bf3504f3.bf3504f2.32b504f3.bf0c378c.bebaf4b9.bf3af4ba.be3af4b9
case=revolute index=13 internal off=0cc words=33800000.00000000.3f7fffff.3e088889.bf2aaaab.3f3bbbbb.00000000.bf7ffffe
case=revolute index=13 internal off=0ec words=00000000.bf6eeeef.beaaaaaa.be088888.bf7fffff.00000000.33800000.beaaaaaa
case=revolute index=13 internal off=10c words=3f2aaaaa.3f2aaaac.00000000.bf800000.00000000.3f888888.3fd55556.c0844444
case=revolute index=13 internal off=12c words=b2b504f3.bf3504f3.bf3504f2.32b504f3.bf0c378c.bebaf4b9.bf3af4ba.be3af4b9
case=revolute index=13 internal off=16c words=00000000.00000000.3f800000.00000000.00000000.3f800000.7f7fffff.00000000
case=revolute index=13 internal off=18c words=00000000.00000000.00000000.00000000.3f800000.3f7f06ff.3db25bff.00000000
case=revolute index=13 internal off=1ac words=cdcdcdcd.cdcdcdcd.cdcdcdcd.cdcdcdcd.cdcdcdcd.cdcdcdcd.cdcdcdcd.cdcdcdcd
case=revolute index=13 internal off=1cc words=cdcdcdcd.cdcdcdcd.cdcdcdcd.cdcdcdcd.cdcdcdcd.cdcdcdcd.cdcdcdcd.cdcdcdcd
case=revolute index=13 internal off=1ec words=cdcdcdcd.cdcdcdcd.cdcdcdcd.cdcdcdcd.cdcdcdcd.cdcdcdcd
case=revolute index=13 actors a=match b=match
case=revolute index=13 saved anchor0=00000000.bf800000.00000000 anchor1=3f888888.3fd55556.c0844444
case=revolute index=13 saved axis0=bf7fffff.00000000.33800000 axis1=beaaaaaa.3f2aaaaa.3f2aaaac
case=revolute index=13 saved normal0=33800000.00000000.3f7fffff normal1=3e088889.bf2aaaab.3f3bbbbb
case=revolute index=13 scene_joints when=before_release count=1 enumerated=1 order=1 self=yes end=null
case=revolute index=13 released=yes
case=revolute index=13 scene_joints when=after_release count=0 enumerated=0 order=none self=no end=null
case=prismatic index=13 in_anchor=00000000.00000000.00000000 in_axis=00000000.00000000.3f800000
case=prismatic index=13 created=yes
case=prismatic index=13 out_anchor=33c88888.b31dddde.b4000000 out_axis=00000000.00000000.3f7ffffe state=0
case=prismatic index=13 abi_sret cases=2 flags=0 mismatches=0
case=prismatic index=13 abi_sret_values anchor=33c88888.b31dddde.b4000000 axis=3f800000.00000000.3f7ffffe
case=prismatic index=13 internal off=04c words=33800000.00000000.3f7fffff.3e088889.bf2aaaab.3f3bbbbb.00000000.bf7ffffe
case=prismatic index=13 internal off=06c words=00000000.bf6eeeef.beaaaaaa.be088888.bf7fffff.00000000.33800000.beaaaaaa
case=prismatic index=13 internal off=08c words=3f2aaaaa.3f2aaaac.00000000.bf800000.00000000.3f888888.3fd55556.c0844444
case=prismatic index=13 internal off=0ac words=b2b504f3.bf3504f3.bf3504f2.32b504f3.bf0c378c.bebaf4b9.bf3af4ba.be3af4b9
case=prismatic index=13 internal off=0cc words=33800000.00000000.3f7fffff.3e088889.bf2aaaab.3f3bbbbb.00000000.bf7ffffe
case=prismatic index=13 internal off=0ec words=00000000.bf6eeeef.beaaaaaa.be088888.bf7fffff.00000000.33800000.beaaaaaa
case=prismatic index=13 internal off=10c words=3f2aaaaa.3f2aaaac.00000000.bf800000.00000000.3f888888.3fd55556.c0844444
case=prismatic index=13 internal off=12c words=b2b504f3.bf3504f3.bf3504f2.32b504f3.bf0c378c.bebaf4b9.bf3af4ba.be3af4b9
case=prismatic index=13 internal off=16c words=3e8432a4.3e8432a3.bf0432a5.3f464bf7
case=prismatic index=13 actors a=match b=match
case=prismatic index=13 type=0 is_prismatic=yes is_revolute=no
case=prismatic index=13 saved anchor0=00000000.bf800000.00000000 anchor1=3f888888.3fd55556.c0844444
case=prismatic index=13 saved axis0=bf7fffff.00000000.33800000 axis1=beaaaaaa.3f2aaaaa.3f2aaaac
case=prismatic index=13 saved normal0=33800000.00000000.3f7fffff normal1=3e088889.bf2aaaab.3f3bbbbb
case=prismatic index=13 saved max_force=7f7fffff max_torque=7f7fffff flags=00000002 actors a=match b=match
case=prismatic index=13 scene_joints when=before_release count=1 enumerated=1 order=0 self=yes end=null
case=prismatic index=13 released=yes
case=prismatic index=13 scene_joints when=after_release count=0 enumerated=0 order=none self=no end=null
case=cylindrical index=13 in_anchor=00000000.00000000.00000000 in_axis=00000000.00000000.3f800000
case=cylindrical index=13 created=yes
case=cylindrical index=13 out_anchor=33c88888.b31dddde.b4000000 out_axis=00000000.00000000.3f7ffffe state=0
case=cylindrical index=13 abi_sret cases=2 flags=0 mismatches=0
case=cylindrical index=13 abi_sret_values anchor=33c88888.b31dddde.b4000000 axis=3f800000.00000000.3f7ffffe
case=cylindrical index=13 internal off=04c words=33800000.00000000.3f7fffff.3e088889.bf2aaaab.3f3bbbbb.00000000.bf7ffffe
case=cylindrical index=13 internal off=06c words=00000000.bf6eeeef.beaaaaaa.be088888.bf7fffff.00000000.33800000.beaaaaaa
case=cylindrical index=13 internal off=08c words=3f2aaaaa.3f2aaaac.00000000.bf800000.00000000.3f888888.3fd55556.c0844444
case=cylindrical index=13 internal off=0ac words=b2b504f3.bf3504f3.bf3504f2.32b504f3.bf0c378c.bebaf4b9.bf3af4ba.be3af4b9
case=cylindrical index=13 internal off=0cc words=33800000.00000000.3f7fffff.3e088889.bf2aaaab.3f3bbbbb.00000000.bf7ffffe
case=cylindrical index=13 internal off=0ec words=00000000.bf6eeeef.beaaaaaa.be088888.bf7fffff.00000000.33800000.beaaaaaa
case=cylindrical index=13 internal off=10c words=3f2aaaaa.3f2aaaac.00000000.bf800000.00000000.3f888888.3fd55556.c0844444
case=cylindrical index=13 internal off=12c words=b2b504f3.bf3504f3.bf3504f2.32b504f3.bf0c378c.bebaf4b9.bf3af4ba.be3af4b9
case=cylindrical index=13 actors a=match b=match
case=cylindrical index=13 type=2 is_cylindrical=yes is_prismatic=no
case=cylindrical index=13 saved anchor0=00000000.bf800000.00000000 anchor1=3f888888.3fd55556.c0844444
case=cylindrical index=13 saved axis0=bf7fffff.00000000.33800000 axis1=beaaaaaa.3f2aaaaa.3f2aaaac
case=cylindrical index=13 saved normal0=33800000.00000000.3f7fffff normal1=3e088889.bf2aaaab.3f3bbbbb
case=cylindrical index=13 saved max_force=7f7fffff max_torque=7f7fffff flags=00000002 actors a=match b=match
case=cylindrical index=13 scene_joints when=before_release count=1 enumerated=1 order=2 self=yes end=null
case=cylindrical index=13 released=yes
case=cylindrical index=13 scene_joints when=after_release count=0 enumerated=0 order=none self=no end=null
case=spherical index=13 in_anchor=00000000.00000000.00000000 in_axis=00000000.00000000.3f800000
case=spherical index=13 created=yes
case=spherical index=13 out_anchor=33c88888.b31dddde.b4000000 out_axis=00000000.00000000.3f7ffffe state=0
case=spherical index=13 abi_sret cases=2 flags=0 mismatches=0
case=spherical index=13 abi_sret_values anchor=33c88888.b31dddde.b4000000 axis=3f800000.00000000.3f7ffffe
case=spherical index=13 internal off=04c words=33800000.00000000.3f7fffff.3e088889.bf2aaaab.3f3bbbbb.00000000.bf7ffffe
case=spherical index=13 internal off=06c words=00000000.bf6eeeef.beaaaaaa.be088888.bf7fffff.00000000.33800000.beaaaaaa
case=spherical index=13 internal off=08c words=3f2aaaaa.3f2aaaac.00000000.bf800000.00000000.3f888888.3fd55556.c0844444
case=spherical index=13 internal off=0ac words=b2b504f3.bf3504f3.bf3504f2.32b504f3.bf0c378c.bebaf4b9.bf3af4ba.be3af4b9
case=spherical index=13 internal off=0cc words=33800000.00000000.3f7fffff.3e088889.bf2aaaab.3f3bbbbb.00000000.bf7ffffe
case=spherical index=13 internal off=0ec words=00000000.bf6eeeef.beaaaaaa.be088888.bf7fffff.00000000.33800000.beaaaaaa
case=spherical index=13 internal off=10c words=3f2aaaaa.3f2aaaac.00000000.bf800000.00000000.3f888888.3fd55556.c0844444
case=spherical index=13 internal off=12c words=b2b504f3.bf3504f3.bf3504f2.32b504f3.bf0c378c.bebaf4b9.bf3af4ba.be3af4b9
case=spherical index=13 internal off=16c words=bf000000.3e800000.3f800000.3f400000.00000000.3f000000.3f200000.3f000000
case=spherical index=13 internal off=18c words=3f400000.40000000.3f000000.3e000000.40400000.3f800000.3ec00000.40800000
case=spherical index=13 internal off=1ac words=40000000.00000000.3f19999a.00000000.3f4ccccd.bf4ccccc.00000000.3f19999a
case=spherical index=13 internal off=1cc words=3f4f9b47.00000009.3e800000.cdcdcdcd.cdcdcdcd.cdcdcdcd.cdcdcdcd.cdcdcdcd
case=spherical index=13 internal off=1ec words=cdcdcdcd.cdcdcdcd.cdcdcdcd.cdcdcdcd.cdcdcdcd.cdcdcdcd.cdcdcdcd.cdcdcdcd
case=spherical index=13 internal off=20c words=cdcdcdcd.cdcdcdcd.cdcdcdcd.cdcdcdcd.cdcdcdcd.cdcdcdcd.cdcdcdcd.cdcdcdcd
case=spherical index=13 internal off=22c words=cdcdcdcd.cdcdcdcd.cdcdcdcd.cdcdcdcd
case=spherical index=13 actors a=match b=match
case=spherical index=13 type=3 is_spherical=yes is_revolute=no
case=spherical index=13 flags=00000009 projection_mode=1
case=spherical index=13 saved anchor0=00000000.bf800000.00000000 anchor1=3f888888.3fd55556.c0844444
case=spherical index=13 saved axis0=bf7fffff.00000000.33800000 axis1=beaaaaaa.3f2aaaaa.3f2aaaac
case=spherical index=13 saved normal0=33800000.00000000.3f7fffff normal1=3e088889.bf2aaaab.3f3bbbbb
case=spherical index=13 saved swing_axis=3f19999a.00000000.3f4ccccd projection_distance=3e800000 flags=00000009 projection_mode=1
case=spherical index=13 saved twist_limit=bf000000.3e800000.3f800000.3f400000.00000000.3f000000 swing_limit=3f200000.3f000000.3f400000
case=spherical index=13 saved twist_spring=40000000.3f000000.3e000000 swing_spring=40400000.3f800000.3ec00000 joint_spring=40800000.40000000.00000000
case=spherical index=13 saved max_force=7f7fffff max_torque=7f7fffff flags=00000002 actors a=match b=match
case=spherical index=13 scene_joints when=before_release count=1 enumerated=1 order=3 self=yes end=null
case=spherical index=13 released=yes
case=spherical index=13 scene_joints when=after_release count=0 enumerated=0 order=none self=no end=null
case=point_on_line index=13 in_anchor=00000000.00000000.00000000 in_axis=00000000.00000000.3f800000
case=point_on_line index=13 created=yes
case=point_on_line index=13 out_anchor=33c88888.b31dddde.b4000000 out_axis=00000000.00000000.3f7ffffe state=0
case=point_on_line index=13 abi_sret cases=2 flags=0 mismatches=0
case=point_on_line index=13 abi_sret_values anchor=33c88888.b31dddde.b4000000 axis=3f800000.00000000.3f7ffffe
case=point_on_line index=13 internal off=04c words=33800000.00000000.3f7fffff.3e088889.bf2aaaab.3f3bbbbb.00000000.bf7ffffe
case=point_on_line index=13 internal off=06c words=00000000.bf6eeeef.beaaaaaa.be088888.bf7fffff.00000000.33800000.beaaaaaa
case=point_on_line index=13 internal off=08c words=3f2aaaaa.3f2aaaac.00000000.bf800000.00000000.3f888888.3fd55556.c0844444
case=point_on_line index=13 internal off=0ac words=b2b504f3.bf3504f3.bf3504f2.32b504f3.bf0c378c.bebaf4b9.bf3af4ba.be3af4b9
case=point_on_line index=13 internal off=0cc words=33800000.00000000.3f7fffff.3e088889.bf2aaaab.3f3bbbbb.00000000.bf7ffffe
case=point_on_line index=13 internal off=0ec words=00000000.bf6eeeef.beaaaaaa.be088888.bf7fffff.00000000.33800000.beaaaaaa
case=point_on_line index=13 internal off=10c words=3f2aaaaa.3f2aaaac.00000000.bf800000.00000000.3f888888.3fd55556.c0844444
case=point_on_line index=13 internal off=12c words=b2b504f3.bf3504f3.bf3504f2.32b504f3.bf0c378c.bebaf4b9.bf3af4ba.be3af4b9
case=point_on_line index=13 actors a=match b=match
case=point_on_line index=13 type=4 is_point_on_line=yes is_revolute=no
case=point_on_line index=13 saved anchor0=00000000.bf800000.00000000 anchor1=3f888888.3fd55556.c0844444
case=point_on_line index=13 saved axis0=bf7fffff.00000000.33800000 axis1=beaaaaaa.3f2aaaaa.3f2aaaac
case=point_on_line index=13 saved normal0=33800000.00000000.3f7fffff normal1=3e088889.bf2aaaab.3f3bbbbb
case=point_on_line index=13 saved max_force=7f7fffff max_torque=7f7fffff flags=00000002 actors a=match b=match
case=point_on_line index=13 scene_joints when=before_release count=1 enumerated=1 order=4 self=yes end=null
case=point_on_line index=13 released=yes
case=point_on_line index=13 scene_joints when=after_release count=0 enumerated=0 order=none self=no end=null
case=point_in_plane index=13 in_anchor=00000000.00000000.00000000 in_axis=00000000.00000000.3f800000
case=point_in_plane index=13 created=yes
case=point_in_plane index=13 out_anchor=33c88888.b31dddde.b4000000 out_axis=00000000.00000000.3f7ffffe state=0
case=point_in_plane index=13 abi_sret cases=2 flags=0 mismatches=0
case=point_in_plane index=13 abi_sret_values anchor=33c88888.b31dddde.b4000000 axis=3f800000.00000000.3f7ffffe
case=point_in_plane index=13 internal off=04c words=33800000.00000000.3f7fffff.3e088889.bf2aaaab.3f3bbbbb.00000000.bf7ffffe
case=point_in_plane index=13 internal off=06c words=00000000.bf6eeeef.beaaaaaa.be088888.bf7fffff.00000000.33800000.beaaaaaa
case=point_in_plane index=13 internal off=08c words=3f2aaaaa.3f2aaaac.00000000.bf800000.00000000.3f888888.3fd55556.c0844444
case=point_in_plane index=13 internal off=0ac words=b2b504f3.bf3504f3.bf3504f2.32b504f3.bf0c378c.bebaf4b9.bf3af4ba.be3af4b9
case=point_in_plane index=13 internal off=0cc words=33800000.00000000.3f7fffff.3e088889.bf2aaaab.3f3bbbbb.00000000.bf7ffffe
case=point_in_plane index=13 internal off=0ec words=00000000.bf6eeeef.beaaaaaa.be088888.bf7fffff.00000000.33800000.beaaaaaa
case=point_in_plane index=13 internal off=10c words=3f2aaaaa.3f2aaaac.00000000.bf800000.00000000.3f888888.3fd55556.c0844444
case=point_in_plane index=13 internal off=12c words=b2b504f3.bf3504f3.bf3504f2.32b504f3.bf0c378c.bebaf4b9.bf3af4ba.be3af4b9
case=point_in_plane index=13 actors a=match b=match
case=point_in_plane index=13 type=5 is_point_in_plane=yes is_revolute=no
case=point_in_plane index=13 saved anchor0=00000000.bf800000.00000000 anchor1=3f888888.3fd55556.c0844444
case=point_in_plane index=13 saved axis0=bf7fffff.00000000.33800000 axis1=beaaaaaa.3f2aaaaa.3f2aaaac
case=point_in_plane index=13 saved normal0=33800000.00000000.3f7fffff normal1=3e088889.bf2aaaab.3f3bbbbb
case=point_in_plane index=13 saved max_force=7f7fffff max_torque=7f7fffff flags=00000002 actors a=match b=match
case=point_in_plane index=13 scene_joints when=before_release count=1 enumerated=1 order=5 self=yes end=null
case=point_in_plane index=13 released=yes
case=point_in_plane index=13 scene_joints when=after_release count=0 enumerated=0 order=none self=no end=null
case=distance index=13 in_anchor=00000000.00000000.00000000 in_axis=00000000.00000000.3f800000 max_distance=40200000 min_distance=3f000000 spring=41200000.3f000000.3e800000 flags=00000007
case=distance index=13 created=yes
case=distance index=13 out_anchor=33c88888.b31dddde.b4000000 out_axis=00000000.00000000.3f7ffffe state=0
case=distance index=13 abi_sret cases=2 flags=0 mismatches=0
case=distance index=13 abi_sret_values anchor=33c88888.b31dddde.b4000000 axis=3f800000.00000000.3f7ffffe
case=distance index=13 internal off=04c words=33800000.00000000.3f7fffff.3e088889.bf2aaaab.3f3bbbbb.00000000.bf7ffffe
case=distance index=13 internal off=06c words=00000000.bf6eeeef.beaaaaaa.be088888.bf7fffff.00000000.33800000.beaaaaaa
case=distance index=13 internal off=08c words=3f2aaaaa.3f2aaaac.00000000.bf800000.00000000.3f888888.3fd55556.c0844444
case=distance index=13 internal off=0ac words=b2b504f3.bf3504f3.bf3504f2.32b504f3.bf0c378c.bebaf4b9.bf3af4ba.be3af4b9
case=distance index=13 internal off=0cc words=33800000.00000000.3f7fffff.3e088889.bf2aaaab.3f3bbbbb.00000000.bf7ffffe
case=distance index=13 internal off=0ec words=00000000.bf6eeeef.beaaaaaa.be088888.bf7fffff.00000000.33800000.beaaaaaa
case=distance index=13 internal off=10c words=3f2aaaaa.3f2aaaac.00000000.bf800000.00000000.3f888888.3fd55556.c0844444
case=distance index=13 internal off=12c words=b2b504f3.bf3504f3.bf3504f2.32b504f3.bf0c378c.bebaf4b9.bf3af4ba.be3af4b9
case=distance index=13 internal off=16c words=40200000.3f000000.41200000.3f000000.3e800000.00000007
case=distance index=13 actors a=match b=match
case=distance index=13 type=6 is_distance=yes is_revolute=no
case=distance index=13 saved max_distance=40200000 min_distance=3f000000 spring=41200000.3f000000.3e800000 flags=00000007
case=distance index=13 saved anchor0=00000000.bf800000.00000000 anchor1=3f888888.3fd55556.c0844444
case=distance index=13 saved axis0=bf7fffff.00000000.33800000 axis1=beaaaaaa.3f2aaaaa.3f2aaaac
case=distance index=13 saved normal0=33800000.00000000.3f7fffff normal1=3e088889.bf2aaaab.3f3bbbbb
case=distance index=13 saved max_force=7f7fffff max_torque=7f7fffff flags=00000002 actors a=match b=match
case=distance index=13 scene_joints when=before_release count=1 enumerated=1 order=6 self=yes end=null
case=distance index=13 released=yes
case=distance index=13 scene_joints when=after_release count=0 enumerated=0 order=none self=no end=null
case=pulley index=13 in_anchor=00000000.00000000.00000000 in_axis=00000000.00000000.3f800000
case=pulley index=13 in_pulley0=00000000.40a00000.00000000 in_pulley1=40800000.40a00000.00000000 distance=40c00000 stiffness=3f400000 ratio=3fc00000 flags=00000001
case=pulley index=13 created=yes
case=pulley index=13 out_anchor=33c88888.b31dddde.b4000000 out_axis=00000000.00000000.3f7ffffe state=0
case=pulley index=13 abi_sret cases=2 flags=0 mismatches=0
case=pulley index=13 abi_sret_values anchor=33c88888.b31dddde.b4000000 axis=3f800000.00000000.3f7ffffe
case=pulley index=13 internal off=04c words=33800000.00000000.3f7fffff.3e088889.bf2aaaab.3f3bbbbb.00000000.bf7ffffe
case=pulley index=13 internal off=06c words=00000000.bf6eeeef.beaaaaaa.be088888.bf7fffff.00000000.33800000.beaaaaaa
case=pulley index=13 internal off=08c words=3f2aaaaa.3f2aaaac.00000000.bf800000.00000000.3f888888.3fd55556.c0844444
case=pulley index=13 internal off=0ac words=b2b504f3.bf3504f3.bf3504f2.32b504f3.bf0c378c.bebaf4b9.bf3af4ba.be3af4b9
case=pulley index=13 internal off=0cc words=33800000.00000000.3f7fffff.3e088889.bf2aaaab.3f3bbbbb.00000000.bf7ffffe
case=pulley index=13 internal off=0ec words=00000000.bf6eeeef.beaaaaaa.be088888.bf7fffff.00000000.33800000.beaaaaaa
case=pulley index=13 internal off=10c words=3f2aaaaa.3f2aaaac.00000000.bf800000.00000000.3f888888.3fd55556.c0844444
case=pulley index=13 internal off=12c words=b2b504f3.bf3504f3.bf3504f2.32b504f3.bf0c378c.bebaf4b9.bf3af4ba.be3af4b9
case=pulley index=13 actors a=match b=match
case=pulley index=13 type=7 is_pulley=yes is_distance=no
case=pulley index=13 saved pulley0=00000000.40a00000.00000000 pulley1=40800000.40a00000.00000000
case=pulley index=13 saved distance=40c00000 stiffness=3f400000 ratio=3fc00000 flags=00000001
case=pulley index=13 saved anchor0=00000000.bf800000.00000000 anchor1=3f888888.3fd55556.c0844444
case=pulley index=13 saved axis0=bf7fffff.00000000.33800000 axis1=beaaaaaa.3f2aaaaa.3f2aaaac
case=pulley index=13 saved normal0=33800000.00000000.3f7fffff normal1=3e088889.bf2aaaab.3f3bbbbb
case=pulley index=13 saved max_force=7f7fffff max_torque=7f7fffff flags=00000002 actors a=match b=match
case=pulley index=13 scene_joints when=before_release count=1 enumerated=1 order=7 self=yes end=null
case=pulley index=13 released=yes
case=pulley index=13 scene_joints when=after_release count=0 enumerated=0 order=none self=no end=null
case=fixed index=13 in_anchor=00000000.00000000.00000000 in_axis=00000000.00000000.3f800000
case=fixed index=13 created=yes
case=fixed index=13 out_anchor=33c88888.b31dddde.b4000000 out_axis=00000000.00000000.3f7ffffe state=0
case=fixed index=13 abi_sret cases=2 flags=0 mismatches=0
case=fixed index=13 abi_sret_values anchor=33c88888.b31dddde.b4000000 axis=3f800000.00000000.3f7ffffe
case=fixed index=13 internal off=04c words=33800000.00000000.3f7fffff.3e088889.bf2aaaab.3f3bbbbb.00000000.bf7ffffe
case=fixed index=13 internal off=06c words=00000000.bf6eeeef.beaaaaaa.be088888.bf7fffff.00000000.33800000.beaaaaaa
case=fixed index=13 internal off=08c words=3f2aaaaa.3f2aaaac.00000000.bf800000.00000000.3f888888.3fd55556.c0844444
case=fixed index=13 internal off=0ac words=b2b504f3.bf3504f3.bf3504f2.32b504f3.bf0c378c.bebaf4b9.bf3af4ba.be3af4b9
case=fixed index=13 internal off=0cc words=33800000.00000000.3f7fffff.3e088889.bf2aaaab.3f3bbbbb.00000000.bf7ffffe
case=fixed index=13 internal off=0ec words=00000000.bf6eeeef.beaaaaaa.be088888.bf7fffff.00000000.33800000.beaaaaaa
case=fixed index=13 internal off=10c words=3f2aaaaa.3f2aaaac.00000000.bf800000.00000000.3f888888.3fd55556.c0844444
case=fixed index=13 internal off=12c words=b2b504f3.bf3504f3.bf3504f2.32b504f3.bf0c378c.bebaf4b9.bf3af4ba.be3af4b9
case=fixed index=13 internal off=16c words=bffffffd.c0000000.40800000.3e8432a4.3e8432a3.bf0432a5.3f464bf7
case=fixed index=13 actors a=match b=match
case=fixed index=13 type=8 is_fixed=yes is_pulley=no
case=fixed index=13 saved anchor0=00000000.bf800000.00000000 anchor1=3f888888.3fd55556.c0844444
case=fixed index=13 saved axis0=bf7fffff.00000000.33800000 axis1=beaaaaaa.3f2aaaaa.3f2aaaac
case=fixed index=13 saved normal0=33800000.00000000.3f7fffff normal1=3e088889.bf2aaaab.3f3bbbbb
case=fixed index=13 saved max_force=7f7fffff max_torque=7f7fffff flags=00000002 actors a=match b=match
case=fixed index=13 scene_joints when=before_release count=1 enumerated=1 order=8 self=yes end=null
case=fixed index=13 released=yes
case=fixed index=13 scene_joints when=after_release count=0 enumerated=0 order=none self=no end=null
case=d6 index=13 in_anchor=00000000.00000000.00000000 in_axis=00000000.00000000.3f800000
case=d6 index=13 in motions=0.1.2.1.1.2
case=d6 index=13 in linear=3f000000.3e800000.3f400000 twist_low=bf000000.3e000000.3f600000 twist_high=3f400000.3e800000.3f200000
case=d6 index=13 in swing1=3f200000.3ec00000.3f000000 swing2=3ec00000.3d800000.3f700000
case=d6 index=13 in drive_x=00000001.40000000.3f800000.42c80000
case=d6 index=13 in drive_y=00000002.40400000.3fc00000.42ca0000
case=d6 index=13 in drive_z=00000001.40800000.40000000.42cc0000
case=d6 index=13 in drive_swing=00000002.40a00000.40200000.42ce0000
case=d6 index=13 in drive_twist=00000001.40c00000.40400000.42d00000
case=d6 index=13 in drive_spherical=00000002.40e00000.40600000.42d20000
case=d6 index=13 in use_spherical=1 drive_position=3f800000.40000000.40400000 drive_orientation=00000000.3f19999a.00000000.3f4ccccd
case=d6 index=13 in drive_linear_velocity=3f000000.bf000000.3fc00000 drive_angular_velocity=be800000.3e000000.40200000
case=d6 index=13 in projection distance=3e000000 angle=3d800000 mode=1
case=d6 index=13 created=yes
case=d6 index=13 out_anchor=33c88888.b31dddde.b4000000 out_axis=00000000.00000000.3f7ffffe state=0
case=d6 index=13 abi_sret cases=2 flags=0 mismatches=0
case=d6 index=13 abi_sret_values anchor=33c88888.b31dddde.b4000000 axis=3f800000.00000000.3f7ffffe
case=d6 index=13 internal off=04c words=33800000.00000000.3f7fffff.3e088889.bf2aaaab.3f3bbbbb.00000000.bf7ffffe
case=d6 index=13 internal off=06c words=00000000.bf6eeeef.beaaaaaa.be088888.bf7fffff.00000000.33800000.beaaaaaa
case=d6 index=13 internal off=08c words=3f2aaaaa.3f2aaaac.00000000.bf800000.00000000.3f888888.3fd55556.c0844444
case=d6 index=13 internal off=0ac words=b2b504f3.bf3504f3.bf3504f2.32b504f3.bf0c378c.bebaf4b9.bf3af4ba.be3af4b9
case=d6 index=13 internal off=0cc words=33800000.00000000.3f7fffff.3e088889.bf2aaaab.3f3bbbbb.00000000.bf7ffffe
case=d6 index=13 internal off=0ec words=00000000.bf6eeeef.beaaaaaa.be088888.bf7fffff.00000000.33800000.beaaaaaa
case=d6 index=13 internal off=10c words=3f2aaaaa.3f2aaaac.00000000.bf800000.00000000.3f888888.3fd55556.c0844444
case=d6 index=13 internal off=12c words=b2b504f3.bf3504f3.bf3504f2.32b504f3.bf0c378c.bebaf4b9.bf3af4ba.be3af4b9
case=d6 index=13 internal off=16c words=00000000.00000001.00000002.00000001.00000001.00000002.3f000000.3e800000
case=d6 index=13 internal off=18c words=3f400000.3f200000.3ec00000.3f000000.3ec00000.3d800000.3f700000.bf000000
case=d6 index=13 internal off=1ac words=3e000000.3f600000.3f400000.3e800000.3f200000.00000001.40000000.3f800000
case=d6 index=13 internal off=1cc words=42c80000.00000002.40400000.3fc00000.42ca0000.00000001.40800000.40000000
case=d6 index=13 internal off=1ec words=42cc0000.00000000.00000000.00000000.7f7fffff.00000000.00000000.00000000
case=d6 index=13 internal off=20c words=7f7fffff.00000000.00000000.00000000.7f7fffff.cdcdcd01.3f800000.40000000
case=d6 index=13 internal off=22c words=40400000.00000000.3f19999a.00000000.3f4ccccd.3f000000.bf000000.3fc00000
case=d6 index=13 internal off=24c words=be800000.3e000000.40200000.3e000000.3d800000.3f7399f5.cdcdcdcd.3f6e35bf
case=d6 index=13 internal off=26c words=cdcd0101
case=d6 index=13 actors a=match b=match
case=d6 index=13 type=9 is_d6=yes is_fixed=no
case=d6 index=13 saved motions=2.0.2.0.2.0
case=d6 index=13 saved linear=41100000.3f000000.3f000000 twist_low=c1100000.3e000000.3f600000 twist_high=41180000.3e800000.3f200000
case=d6 index=13 saved swing1=41000000.3ec00000.3f000000 swing2=40e00000.3d800000.3f700000
case=d6 index=13 saved drive_x=00000001.41a00000.41200000.42c80000
case=d6 index=13 saved drive_y=00000002.41a80000.41280000.42ca0000
case=d6 index=13 saved drive_z=00000001.41b00000.41300000.42cc0000
case=d6 index=13 saved drive_swing=00000002.41b80000.41380000.42ce0000
case=d6 index=13 saved drive_twist=00000001.41c00000.41400000.42d00000
case=d6 index=13 saved drive_spherical=00000002.41c80000.41480000.42d20000
case=d6 index=13 saved use_spherical=1 drive_position=41300000.41400000.41500000 drive_orientation=3f000000.3f000000.3f000000.3f000000
case=d6 index=13 saved drive_linear_velocity=41a80000.41b00000.41b80000 drive_angular_velocity=41f80000.42000000.42040000
case=d6 index=13 saved projection distance=42c60000 angle=42c40000 mode=1
case=d6 index=13 saved anchor0=00000000.bf800000.00000000 anchor1=3f888888.3fd55556.c0844444
case=d6 index=13 saved axis0=bf7fffff.00000000.33800000 axis1=beaaaaaa.3f2aaaaa.3f2aaaac
case=d6 index=13 saved normal0=33800000.00000000.3f7fffff normal1=3e088889.bf2aaaab.3f3bbbbb
case=d6 index=13 saved max_force=7f7fffff max_torque=7f7fffff flags=00000002 actors a=match b=match
case=d6 index=13 drive_contended reports=1 code=2 line=40
case=d6 index=13 drive_orientation_contended reports=1 code=2 line=47
case=d6 index=13 drive_linear_velocity_contended reports=1 code=2 line=54
case=d6 index=13 drive_angular_velocity_contended reports=1 code=2 line=61
case=d6 index=13 drive_setters=called
case=d6 index=13 resaved motions=2.0.2.0.2.0
case=d6 index=13 resaved linear=41100000.3f000000.3f000000 twist_low=c1100000.3e000000.3f600000 twist_high=41180000.3e800000.3f200000
case=d6 index=13 resaved swing1=41000000.3ec00000.3f000000 swing2=40e00000.3d800000.3f700000
case=d6 index=13 resaved drive_x=00000001.41a00000.41200000.42c80000
case=d6 index=13 resaved drive_y=00000002.41a80000.41280000.42ca0000
case=d6 index=13 resaved drive_z=00000001.41b00000.41300000.42cc0000
case=d6 index=13 resaved drive_swing=00000002.41b80000.41380000.42ce0000
case=d6 index=13 resaved drive_twist=00000001.41c00000.41400000.42d00000
case=d6 index=13 resaved drive_spherical=00000002.41c80000.41480000.42d20000
case=d6 index=13 resaved use_spherical=1 drive_position=41300000.41400000.41500000 drive_orientation=3f000000.3f000000.3f000000.3f000000
case=d6 index=13 resaved drive_linear_velocity=41a80000.41b00000.41b80000 drive_angular_velocity=41f80000.42000000.42040000
case=d6 index=13 resaved projection distance=42c60000 angle=42c40000 mode=1
case=d6 index=13 scene_joints when=before_release count=1 enumerated=1 order=9 self=yes end=null
case=d6 index=13 released=yes
case=d6 index=13 scene_joints when=after_release count=0 enumerated=0 order=none self=no end=null
rotated_scene=released
posed_scene=flip_xy created
posed_fixture=flip_xy input=a row0=3f800000.00000000.00000000 row1=00000000.bf800000.00000000 row2=00000000.00000000.bf800000
posed_fixture=flip_xy input=b row0=bf800000.00000000.00000000 row1=00000000.3f800000.00000000 row2=00000000.00000000.bf800000
posed_fixture=flip_xy a,created b,created
rotated_fixture actor=flip_xy_a t=00000000.3f800000.00000000 quat=3f800000.00000000.00000000.00000000
rotated_fixture actor=flip_xy_a row0=3f800000.00000000.00000000 row1=00000000.bf800000.00000000 row2=00000000.00000000.bf800000
rotated_fixture actor=flip_xy_a record off=05c words=3f800000.00000000.00000000.00000000
rotated_fixture actor=flip_xy_a record off=0dc words=3f800000.00000000.00000000.00000000.3f800000.00000000.00000000.00000000.3f800000
rotated_fixture actor=flip_xy_a record off=124 words=3f800000.00000000.00000000.00000000
rotated_fixture actor=flip_xy_a record off=134 words=3f800000.00000000.00000000.00000000.bf800000.00000000.00000000.00000000.bf800000
rotated_fixture actor=flip_xy_a record off=158 words=00000000.3f800000.00000000
rotated_fixture actor=flip_xy_a record off=164 words=3e400000.00000000.00000000.00000000.3e400000.00000000.00000000.00000000.3e400000
rotated_fixture actor=flip_xy_b t=40800000.bf800000.40000000 quat=00000000.3f800000.00000000.00000000
rotated_fixture actor=flip_xy_b row0=bf800000.00000000.00000000 row1=00000000.3f800000.00000000 row2=00000000.00000000.bf800000
rotated_fixture actor=flip_xy_b record off=05c words=00000000.3f800000.00000000.00000000
rotated_fixture actor=flip_xy_b record off=0dc words=3f800000.00000000.00000000.00000000.3f800000.00000000.00000000.00000000.3f800000
rotated_fixture actor=flip_xy_b record off=124 words=00000000.3f800000.00000000.00000000
rotated_fixture actor=flip_xy_b record off=134 words=bf800000.00000000.00000000.00000000.3f800000.00000000.00000000.00000000.bf800000
rotated_fixture actor=flip_xy_b record off=158 words=40800000.bf800000.40000000
rotated_fixture actor=flip_xy_b record off=164 words=3e400000.00000000.00000000.00000000.3e400000.00000000.00000000.00000000.3e400000
case=revolute index=20 in_anchor=3f800000.40000000.40400000 in_axis=3f19999a.bf4ccccd.00000000
case=revolute index=20 created=yes
case=revolute index=20 out_anchor=3f800000.40000000.40400000 out_axis=3f19999a.bf4ccccd.00000000 state=0
case=revolute index=20 abi_sret cases=2 flags=0 mismatches=0
case=revolute index=20 abi_sret_values anchor=3f800000.40000000.40400000 axis=3fcccccd.bf4ccccd.00000000
case=revolute index=20 internal off=04c words=00000000.00000000.bf800000.00000000.00000000.bf800000.3f4ccccd.bf19999a
case=revolute index=20 internal off=06c words=00000000.bf4ccccd.3f19999a.00000000.3f19999a.3f4ccccd.00000000.bf19999a
case=revolute index=20 internal off=08c words=bf4ccccd.00000000.3f800000.bf800000.c0400000.40400000.40400000.bf800000
case=revolute index=20 internal off=0ac words=bf21e89b.bea1e89b.3ea1e89b.3f21e89b.3ea1e89b.bf21e89b.3f21e89b.bea1e89b
case=revolute index=20 internal off=0cc words=00000000.00000000.bf800000.00000000.00000000.bf800000.3f4ccccd.bf19999a
case=revolute index=20 internal off=0ec words=00000000.bf4ccccd.3f19999a.00000000.3f19999a.3f4ccccd.00000000.bf19999a
case=revolute index=20 internal off=10c words=bf4ccccd.00000000.3f800000.bf800000.c0400000.40400000.40400000.bf800000
case=revolute index=20 internal off=12c words=bf21e89b.bea1e89b.3ea1e89b.3f21e89b.3ea1e89b.bf21e89b.3f21e89b.bea1e89b
case=revolute index=20 internal off=16c words=00000000.00000000.3f800000.00000000.00000000.3f800000.7f7fffff.00000000
case=revolute index=20 internal off=18c words=00000000.00000000.00000000.00000000.3f800000.3f7f06ff.3db25bff.00000000
case=revolute index=20 internal off=1ac words=cdcdcdcd.cdcdcdcd.cdcdcdcd.cdcdcdcd.cdcdcdcd.cdcdcdcd.cdcdcdcd.cdcdcdcd
case=revolute index=20 internal off=1cc words=cdcdcdcd.cdcdcdcd.cdcdcdcd.cdcdcdcd.cdcdcdcd.cdcdcdcd.cdcdcdcd.cdcdcdcd
case=revolute index=20 internal off=1ec words=cdcdcdcd.cdcdcdcd.cdcdcdcd.cdcdcdcd.cdcdcdcd.cdcdcdcd
case=revolute index=20 actors a=match b=match
case=revolute index=20 saved anchor0=3f800000.bf800000.c0400000 anchor1=40400000.40400000.bf800000
case=revolute index=20 saved axis0=3f19999a.3f4ccccd.00000000 axis1=bf19999a.bf4ccccd.00000000
case=revolute index=20 saved normal0=00000000.00000000.bf800000 normal1=00000000.00000000.bf800000
case=revolute index=20 scene_joints when=before_release count=1 enumerated=1 order=1 self=yes end=null
case=revolute index=20 released=yes
case=revolute index=20 scene_joints when=after_release count=0 enumerated=0 order=none self=no end=null
case=prismatic index=20 in_anchor=3f800000.40000000.40400000 in_axis=3f19999a.bf4ccccd.00000000
case=prismatic index=20 created=yes
case=prismatic index=20 out_anchor=3f800000.40000000.40400000 out_axis=3f19999a.bf4ccccd.00000000 state=0
case=prismatic index=20 abi_sret cases=2 flags=0 mismatches=0
case=prismatic index=20 abi_sret_values anchor=3f800000.40000000.40400000 axis=3fcccccd.bf4ccccd.00000000
case=prismatic index=20 internal off=04c words=00000000.00000000.bf800000.00000000.00000000.bf800000.3f4ccccd.bf19999a
case=prismatic index=20 internal off=06c words=00000000.bf4ccccd.3f19999a.00000000.3f19999a.3f4ccccd.00000000.bf19999a
case=prismatic index=20 internal off=08c words=bf4ccccd.00000000.3f800000.bf800000.c0400000.40400000.40400000.bf800000
case=prismatic index=20 internal off=0ac words=bf21e89b.bea1e89b.3ea1e89b.3f21e89b.3ea1e89b.bf21e89b.3f21e89b.bea1e89b
case=prismatic index=20 internal off=0cc words=00000000.00000000.bf800000.00000000.00000000.bf800000.3f4ccccd.bf19999a
case=prismatic index=20 internal off=0ec words=00000000.bf4ccccd.3f19999a.00000000.3f19999a.3f4ccccd.00000000.bf19999a
case=prismatic index=20 internal off=10c words=bf4ccccd.00000000.3f800000.bf800000.c0400000.40400000.40400000.bf800000
case=prismatic index=20 internal off=12c words=bf21e89b.bea1e89b.3ea1e89b.3f21e89b.3ea1e89b.bf21e89b.3f21e89b.bea1e89b
case=prismatic index=20 internal off=16c words=80000000.80000000.3f800000.00000000
case=prismatic index=20 actors a=match b=match
case=prismatic index=20 type=0 is_prismatic=yes is_revolute=no
case=prismatic index=20 saved anchor0=3f800000.bf800000.c0400000 anchor1=40400000.40400000.bf800000
case=prismatic index=20 saved axis0=3f19999a.3f4ccccd.00000000 axis1=bf19999a.bf4ccccd.00000000
case=prismatic index=20 saved normal0=00000000.00000000.bf800000 normal1=00000000.00000000.bf800000
case=prismatic index=20 saved max_force=7f7fffff max_torque=7f7fffff flags=00000002 actors a=match b=match
case=prismatic index=20 scene_joints when=before_release count=1 enumerated=1 order=0 self=yes end=null
case=prismatic index=20 released=yes
case=prismatic index=20 scene_joints when=after_release count=0 enumerated=0 order=none self=no end=null
case=cylindrical index=20 in_anchor=3f800000.40000000.40400000 in_axis=3f19999a.bf4ccccd.00000000
case=cylindrical index=20 created=yes
case=cylindrical index=20 out_anchor=3f800000.40000000.40400000 out_axis=3f19999a.bf4ccccd.00000000 state=0
case=cylindrical index=20 abi_sret cases=2 flags=0 mismatches=0
case=cylindrical index=20 abi_sret_values anchor=3f800000.40000000.40400000 axis=3fcccccd.bf4ccccd.00000000
case=cylindrical index=20 internal off=04c words=00000000.00000000.bf800000.00000000.00000000.bf800000.3f4ccccd.bf19999a
case=cylindrical index=20 internal off=06c words=00000000.bf4ccccd.3f19999a.00000000.3f19999a.3f4ccccd.00000000.bf19999a
case=cylindrical index=20 internal off=08c words=bf4ccccd.00000000.3f800000.bf800000.c0400000.40400000.40400000.bf800000
case=cylindrical index=20 internal off=0ac words=bf21e89b.bea1e89b.3ea1e89b.3f21e89b.3ea1e89b.bf21e89b.3f21e89b.bea1e89b
case=cylindrical index=20 internal off=0cc words=00000000.00000000.bf800000.00000000.00000000.bf800000.3f4ccccd.bf19999a
case=cylindrical index=20 internal off=0ec words=00000000.bf4ccccd.3f19999a.00000000.3f19999a.3f4ccccd.00000000.bf19999a
case=cylindrical index=20 internal off=10c words=bf4ccccd.00000000.3f800000.bf800000.c0400000.40400000.40400000.bf800000
case=cylindrical index=20 internal off=12c words=bf21e89b.bea1e89b.3ea1e89b.3f21e89b.3ea1e89b.bf21e89b.3f21e89b.bea1e89b
case=cylindrical index=20 actors a=match b=match
case=cylindrical index=20 type=2 is_cylindrical=yes is_prismatic=no
case=cylindrical index=20 saved anchor0=3f800000.bf800000.c0400000 anchor1=40400000.40400000.bf800000
case=cylindrical index=20 saved axis0=3f19999a.3f4ccccd.00000000 axis1=bf19999a.bf4ccccd.00000000
case=cylindrical index=20 saved normal0=00000000.00000000.bf800000 normal1=00000000.00000000.bf800000
case=cylindrical index=20 saved max_force=7f7fffff max_torque=7f7fffff flags=00000002 actors a=match b=match
case=cylindrical index=20 scene_joints when=before_release count=1 enumerated=1 order=2 self=yes end=null
case=cylindrical index=20 released=yes
case=cylindrical index=20 scene_joints when=after_release count=0 enumerated=0 order=none self=no end=null
case=spherical index=20 in_anchor=3f800000.40000000.40400000 in_axis=3f19999a.bf4ccccd.00000000
case=spherical index=20 created=yes
case=spherical index=20 out_anchor=3f800000.40000000.40400000 out_axis=3f19999a.bf4ccccd.00000000 state=0
case=spherical index=20 abi_sret cases=2 flags=0 mismatches=0
case=spherical index=20 abi_sret_values anchor=3f800000.40000000.40400000 axis=3fcccccd.bf4ccccd.00000000
case=spherical index=20 internal off=04c words=00000000.00000000.bf800000.00000000.00000000.bf800000.3f4ccccd.bf19999a
case=spherical index=20 internal off=06c words=00000000.bf4ccccd.3f19999a.00000000.3f19999a.3f4ccccd.00000000.bf19999a
case=spherical index=20 internal off=08c words=bf4ccccd.00000000.3f800000.bf800000.c0400000.40400000.40400000.bf800000
case=spherical index=20 internal off=0ac words=bf21e89b.bea1e89b.3ea1e89b.3f21e89b.3ea1e89b.bf21e89b.3f21e89b.bea1e89b
case=spherical index=20 internal off=0cc words=00000000.00000000.bf800000.00000000.00000000.bf800000.3f4ccccd.bf19999a
case=spherical index=20 internal off=0ec words=00000000.bf4ccccd.3f19999a.00000000.3f19999a.3f4ccccd.00000000.bf19999a
case=spherical index=20 internal off=10c words=bf4ccccd.00000000.3f800000.bf800000.c0400000.40400000.40400000.bf800000
case=spherical index=20 internal off=12c words=bf21e89b.bea1e89b.3ea1e89b.3f21e89b.3ea1e89b.bf21e89b.3f21e89b.bea1e89b
case=spherical index=20 internal off=16c words=bf000000.3e800000.3f800000.3f400000.00000000.3f000000.3f200000.3f000000
case=spherical index=20 internal off=18c words=3f400000.40000000.3f000000.3e000000.40400000.3f800000.3ec00000.40800000
case=spherical index=20 internal off=1ac words=40000000.00000000.3f19999a.00000000.3f4ccccd.3ef5c290.3f23d70b.bf19999a
case=spherical index=20 internal off=1cc words=3f4f9b47.00000009.3e800000.cdcdcdcd.cdcdcdcd.cdcdcdcd.cdcdcdcd.cdcdcdcd
case=spherical index=20 internal off=1ec words=cdcdcdcd.cdcdcdcd.cdcdcdcd.cdcdcdcd.cdcdcdcd.cdcdcdcd.cdcdcdcd.cdcdcdcd
case=spherical index=20 internal off=20c words=cdcdcdcd.cdcdcdcd.cdcdcdcd.cdcdcdcd.cdcdcdcd.cdcdcdcd.cdcdcdcd.cdcdcdcd
case=spherical index=20 internal off=22c words=cdcdcdcd.cdcdcdcd.cdcdcdcd.cdcdcdcd
case=spherical index=20 actors a=match b=match
case=spherical index=20 type=3 is_spherical=yes is_revolute=no
case=spherical index=20 flags=00000009 projection_mode=1
case=spherical index=20 saved anchor0=3f800000.bf800000.c0400000 anchor1=40400000.40400000.bf800000
case=spherical index=20 saved axis0=3f19999a.3f4ccccd.00000000 axis1=bf19999a.bf4ccccd.00000000
case=spherical index=20 saved normal0=00000000.00000000.bf800000 normal1=00000000.00000000.bf800000
case=spherical index=20 saved swing_axis=3f19999a.00000000.3f4ccccd projection_distance=3e800000 flags=00000009 projection_mode=1
case=spherical index=20 saved twist_limit=bf000000.3e800000.3f800000.3f400000.00000000.3f000000 swing_limit=3f200000.3f000000.3f400000
case=spherical index=20 saved twist_spring=40000000.3f000000.3e000000 swing_spring=40400000.3f800000.3ec00000 joint_spring=40800000.40000000.00000000
case=spherical index=20 saved max_force=7f7fffff max_torque=7f7fffff flags=00000002 actors a=match b=match
case=spherical index=20 scene_joints when=before_release count=1 enumerated=1 order=3 self=yes end=null
case=spherical index=20 released=yes
case=spherical index=20 scene_joints when=after_release count=0 enumerated=0 order=none self=no end=null
case=point_on_line index=20 in_anchor=3f800000.40000000.40400000 in_axis=3f19999a.bf4ccccd.00000000
case=point_on_line index=20 created=yes
case=point_on_line index=20 out_anchor=3f800000.40000000.40400000 out_axis=3f19999a.bf4ccccd.00000000 state=0
case=point_on_line index=20 abi_sret cases=2 flags=0 mismatches=0
case=point_on_line index=20 abi_sret_values anchor=3f800000.40000000.40400000 axis=3fcccccd.bf4ccccd.00000000
case=point_on_line index=20 internal off=04c words=00000000.00000000.bf800000.00000000.00000000.bf800000.3f4ccccd.bf19999a
case=point_on_line index=20 internal off=06c words=00000000.bf4ccccd.3f19999a.00000000.3f19999a.3f4ccccd.00000000.bf19999a
case=point_on_line index=20 internal off=08c words=bf4ccccd.00000000.3f800000.bf800000.c0400000.40400000.40400000.bf800000
case=point_on_line index=20 internal off=0ac words=bf21e89b.bea1e89b.3ea1e89b.3f21e89b.3ea1e89b.bf21e89b.3f21e89b.bea1e89b
case=point_on_line index=20 internal off=0cc words=00000000.00000000.bf800000.00000000.00000000.bf800000.3f4ccccd.bf19999a
case=point_on_line index=20 internal off=0ec words=00000000.bf4ccccd.3f19999a.00000000.3f19999a.3f4ccccd.00000000.bf19999a
case=point_on_line index=20 internal off=10c words=bf4ccccd.00000000.3f800000.bf800000.c0400000.40400000.40400000.bf800000
case=point_on_line index=20 internal off=12c words=bf21e89b.bea1e89b.3ea1e89b.3f21e89b.3ea1e89b.bf21e89b.3f21e89b.bea1e89b
case=point_on_line index=20 actors a=match b=match
case=point_on_line index=20 type=4 is_point_on_line=yes is_revolute=no
case=point_on_line index=20 saved anchor0=3f800000.bf800000.c0400000 anchor1=40400000.40400000.bf800000
case=point_on_line index=20 saved axis0=3f19999a.3f4ccccd.00000000 axis1=bf19999a.bf4ccccd.00000000
case=point_on_line index=20 saved normal0=00000000.00000000.bf800000 normal1=00000000.00000000.bf800000
case=point_on_line index=20 saved max_force=7f7fffff max_torque=7f7fffff flags=00000002 actors a=match b=match
case=point_on_line index=20 scene_joints when=before_release count=1 enumerated=1 order=4 self=yes end=null
case=point_on_line index=20 released=yes
case=point_on_line index=20 scene_joints when=after_release count=0 enumerated=0 order=none self=no end=null
case=point_in_plane index=20 in_anchor=3f800000.40000000.40400000 in_axis=3f19999a.bf4ccccd.00000000
case=point_in_plane index=20 created=yes
case=point_in_plane index=20 out_anchor=3f800000.40000000.40400000 out_axis=3f19999a.bf4ccccd.00000000 state=0
case=point_in_plane index=20 abi_sret cases=2 flags=0 mismatches=0
case=point_in_plane index=20 abi_sret_values anchor=3f800000.40000000.40400000 axis=3fcccccd.bf4ccccd.00000000
case=point_in_plane index=20 internal off=04c words=00000000.00000000.bf800000.00000000.00000000.bf800000.3f4ccccd.bf19999a
case=point_in_plane index=20 internal off=06c words=00000000.bf4ccccd.3f19999a.00000000.3f19999a.3f4ccccd.00000000.bf19999a
case=point_in_plane index=20 internal off=08c words=bf4ccccd.00000000.3f800000.bf800000.c0400000.40400000.40400000.bf800000
case=point_in_plane index=20 internal off=0ac words=bf21e89b.bea1e89b.3ea1e89b.3f21e89b.3ea1e89b.bf21e89b.3f21e89b.bea1e89b
case=point_in_plane index=20 internal off=0cc words=00000000.00000000.bf800000.00000000.00000000.bf800000.3f4ccccd.bf19999a
case=point_in_plane index=20 internal off=0ec words=00000000.bf4ccccd.3f19999a.00000000.3f19999a.3f4ccccd.00000000.bf19999a
case=point_in_plane index=20 internal off=10c words=bf4ccccd.00000000.3f800000.bf800000.c0400000.40400000.40400000.bf800000
case=point_in_plane index=20 internal off=12c words=bf21e89b.bea1e89b.3ea1e89b.3f21e89b.3ea1e89b.bf21e89b.3f21e89b.bea1e89b
case=point_in_plane index=20 actors a=match b=match
case=point_in_plane index=20 type=5 is_point_in_plane=yes is_revolute=no
case=point_in_plane index=20 saved anchor0=3f800000.bf800000.c0400000 anchor1=40400000.40400000.bf800000
case=point_in_plane index=20 saved axis0=3f19999a.3f4ccccd.00000000 axis1=bf19999a.bf4ccccd.00000000
case=point_in_plane index=20 saved normal0=00000000.00000000.bf800000 normal1=00000000.00000000.bf800000
case=point_in_plane index=20 saved max_force=7f7fffff max_torque=7f7fffff flags=00000002 actors a=match b=match
case=point_in_plane index=20 scene_joints when=before_release count=1 enumerated=1 order=5 self=yes end=null
case=point_in_plane index=20 released=yes
case=point_in_plane index=20 scene_joints when=after_release count=0 enumerated=0 order=none self=no end=null
case=distance index=20 in_anchor=3f800000.40000000.40400000 in_axis=3f19999a.bf4ccccd.00000000 max_distance=40200000 min_distance=3f000000 spring=41200000.3f000000.3e800000 flags=00000007
case=distance index=20 created=yes
case=distance index=20 out_anchor=3f800000.40000000.40400000 out_axis=3f19999a.bf4ccccd.00000000 state=0
case=distance index=20 abi_sret cases=2 flags=0 mismatches=0
case=distance index=20 abi_sret_values anchor=3f800000.40000000.40400000 axis=3fcccccd.bf4ccccd.00000000
case=distance index=20 internal off=04c words=00000000.00000000.bf800000.00000000.00000000.bf800000.3f4ccccd.bf19999a
case=distance index=20 internal off=06c words=00000000.bf4ccccd.3f19999a.00000000.3f19999a.3f4ccccd.00000000.bf19999a
case=distance index=20 internal off=08c words=bf4ccccd.00000000.3f800000.bf800000.c0400000.40400000.40400000.bf800000
case=distance index=20 internal off=0ac words=bf21e89b.bea1e89b.3ea1e89b.3f21e89b.3ea1e89b.bf21e89b.3f21e89b.bea1e89b
case=distance index=20 internal off=0cc words=00000000.00000000.bf800000.00000000.00000000.bf800000.3f4ccccd.bf19999a
case=distance index=20 internal off=0ec words=00000000.bf4ccccd.3f19999a.00000000.3f19999a.3f4ccccd.00000000.bf19999a
case=distance index=20 internal off=10c words=bf4ccccd.00000000.3f800000.bf800000.c0400000.40400000.40400000.bf800000
case=distance index=20 internal off=12c words=bf21e89b.bea1e89b.3ea1e89b.3f21e89b.3ea1e89b.bf21e89b.3f21e89b.bea1e89b
case=distance index=20 internal off=16c words=40200000.3f000000.41200000.3f000000.3e800000.00000007
case=distance index=20 actors a=match b=match
case=distance index=20 type=6 is_distance=yes is_revolute=no
case=distance index=20 saved max_distance=40200000 min_distance=3f000000 spring=41200000.3f000000.3e800000 flags=00000007
case=distance index=20 saved anchor0=3f800000.bf800000.c0400000 anchor1=40400000.40400000.bf800000
case=distance index=20 saved axis0=3f19999a.3f4ccccd.00000000 axis1=bf19999a.bf4ccccd.00000000
case=distance index=20 saved normal0=00000000.00000000.bf800000 normal1=00000000.00000000.bf800000
case=distance index=20 saved max_force=7f7fffff max_torque=7f7fffff flags=00000002 actors a=match b=match
case=distance index=20 scene_joints when=before_release count=1 enumerated=1 order=6 self=yes end=null
case=distance index=20 released=yes
case=distance index=20 scene_joints when=after_release count=0 enumerated=0 order=none self=no end=null
case=pulley index=20 in_anchor=3f800000.40000000.40400000 in_axis=3f19999a.bf4ccccd.00000000
case=pulley index=20 in_pulley0=00000000.40a00000.00000000 in_pulley1=40800000.40a00000.00000000 distance=40c00000 stiffness=3f400000 ratio=3fc00000 flags=00000001
case=pulley index=20 created=yes
case=pulley index=20 out_anchor=3f800000.40000000.40400000 out_axis=3f19999a.bf4ccccd.00000000 state=0
case=pulley index=20 abi_sret cases=2 flags=0 mismatches=0
case=pulley index=20 abi_sret_values anchor=3f800000.40000000.40400000 axis=3fcccccd.bf4ccccd.00000000
case=pulley index=20 internal off=04c words=00000000.00000000.bf800000.00000000.00000000.bf800000.3f4ccccd.bf19999a
case=pulley index=20 internal off=06c words=00000000.bf4ccccd.3f19999a.00000000.3f19999a.3f4ccccd.00000000.bf19999a
case=pulley index=20 internal off=08c words=bf4ccccd.00000000.3f800000.bf800000.c0400000.40400000.40400000.bf800000
case=pulley index=20 internal off=0ac words=bf21e89b.bea1e89b.3ea1e89b.3f21e89b.3ea1e89b.bf21e89b.3f21e89b.bea1e89b
case=pulley index=20 internal off=0cc words=00000000.00000000.bf800000.00000000.00000000.bf800000.3f4ccccd.bf19999a
case=pulley index=20 internal off=0ec words=00000000.bf4ccccd.3f19999a.00000000.3f19999a.3f4ccccd.00000000.bf19999a
case=pulley index=20 internal off=10c words=bf4ccccd.00000000.3f800000.bf800000.c0400000.40400000.40400000.bf800000
case=pulley index=20 internal off=12c words=bf21e89b.bea1e89b.3ea1e89b.3f21e89b.3ea1e89b.bf21e89b.3f21e89b.bea1e89b
case=pulley index=20 actors a=match b=match
case=pulley index=20 type=7 is_pulley=yes is_distance=no
case=pulley index=20 saved pulley0=00000000.40a00000.00000000 pulley1=40800000.40a00000.00000000
case=pulley index=20 saved distance=40c00000 stiffness=3f400000 ratio=3fc00000 flags=00000001
case=pulley index=20 saved anchor0=3f800000.bf800000.c0400000 anchor1=40400000.40400000.bf800000
case=pulley index=20 saved axis0=3f19999a.3f4ccccd.00000000 axis1=bf19999a.bf4ccccd.00000000
case=pulley index=20 saved normal0=00000000.00000000.bf800000 normal1=00000000.00000000.bf800000
case=pulley index=20 saved max_force=7f7fffff max_torque=7f7fffff flags=00000002 actors a=match b=match
case=pulley index=20 scene_joints when=before_release count=1 enumerated=1 order=7 self=yes end=null
case=pulley index=20 released=yes
case=pulley index=20 scene_joints when=after_release count=0 enumerated=0 order=none self=no end=null
case=fixed index=20 in_anchor=3f800000.40000000.40400000 in_axis=3f19999a.bf4ccccd.00000000
case=fixed index=20 created=yes
case=fixed index=20 out_anchor=3f800000.40000000.40400000 out_axis=3f19999a.bf4ccccd.00000000 state=0
case=fixed index=20 abi_sret cases=2 flags=0 mismatches=0
case=fixed index=20 abi_sret_values anchor=3f800000.40000000.40400000 axis=3fcccccd.bf4ccccd.00000000
case=fixed index=20 internal off=04c words=00000000.00000000.bf800000.00000000.00000000.bf800000.3f4ccccd.bf19999a
case=fixed index=20 internal off=06c words=00000000.bf4ccccd.3f19999a.00000000.3f19999a.3f4ccccd.00000000.bf19999a
case=fixed index=20 internal off=08c words=bf4ccccd.00000000.3f800000.bf800000.c0400000.40400000.40400000.bf800000
case=fixed index=20 internal off=0ac words=bf21e89b.bea1e89b.3ea1e89b.3f21e89b.3ea1e89b.bf21e89b.3f21e89b.bea1e89b
case=fixed index=20 internal off=0cc words=00000000.00000000.bf800000.00000000.00000000.bf800000.3f4ccccd.bf19999a
case=fixed index=20 internal off=0ec words=00000000.bf4ccccd.3f19999a.00000000.3f19999a.3f4ccccd.00000000.bf19999a
case=fixed index=20 internal off=10c words=bf4ccccd.00000000.3f800000.bf800000.c0400000.40400000.40400000.bf800000
case=fixed index=20 internal off=12c words=bf21e89b.bea1e89b.3ea1e89b.3f21e89b.3ea1e89b.bf21e89b.3f21e89b.bea1e89b
case=fixed index=20 internal off=16c words=40800000.40000000.c0000000.80000000.80000000.3f800000.00000000
case=fixed index=20 actors a=match b=match
case=fixed index=20 type=8 is_fixed=yes is_pulley=no
case=fixed index=20 saved anchor0=3f800000.bf800000.c0400000 anchor1=40400000.40400000.bf800000
case=fixed index=20 saved axis0=3f19999a.3f4ccccd.00000000 axis1=bf19999a.bf4ccccd.00000000
case=fixed index=20 saved normal0=00000000.00000000.bf800000 normal1=00000000.00000000.bf800000
case=fixed index=20 saved max_force=7f7fffff max_torque=7f7fffff flags=00000002 actors a=match b=match
case=fixed index=20 scene_joints when=before_release count=1 enumerated=1 order=8 self=yes end=null
case=fixed index=20 released=yes
case=fixed index=20 scene_joints when=after_release count=0 enumerated=0 order=none self=no end=null
case=d6 index=20 in_anchor=3f800000.40000000.40400000 in_axis=3f19999a.bf4ccccd.00000000
case=d6 index=20 in motions=0.1.2.1.1.2
case=d6 index=20 in linear=3f000000.3e800000.3f400000 twist_low=bf000000.3e000000.3f600000 twist_high=3f400000.3e800000.3f200000
case=d6 index=20 in swing1=3f200000.3ec00000.3f000000 swing2=3ec00000.3d800000.3f700000
case=d6 index=20 in drive_x=00000001.40000000.3f800000.42c80000
case=d6 index=20 in drive_y=00000002.40400000.3fc00000.42ca0000
case=d6 index=20 in drive_z=00000001.40800000.40000000.42cc0000
case=d6 index=20 in drive_swing=00000002.40a00000.40200000.42ce0000
case=d6 index=20 in drive_twist=00000001.40c00000.40400000.42d00000
case=d6 index=20 in drive_spherical=00000002.40e00000.40600000.42d20000
case=d6 index=20 in use_spherical=1 drive_position=3f800000.40000000.40400000 drive_orientation=00000000.3f19999a.00000000.3f4ccccd
case=d6 index=20 in drive_linear_velocity=3f000000.bf000000.3fc00000 drive_angular_velocity=be800000.3e000000.40200000
case=d6 index=20 in projection distance=3e000000 angle=3d800000 mode=1
case=d6 index=20 created=yes
case=d6 index=20 out_anchor=3f800000.40000000.40400000 out_axis=3f19999a.bf4ccccd.00000000 state=0
case=d6 index=20 abi_sret cases=2 flags=0 mismatches=0
case=d6 index=20 abi_sret_values anchor=3f800000.40000000.40400000 axis=3fcccccd.bf4ccccd.00000000
case=d6 index=20 internal off=04c words=00000000.00000000.bf800000.00000000.00000000.bf800000.3f4ccccd.bf19999a
case=d6 index=20 internal off=06c words=00000000.bf4ccccd.3f19999a.00000000.3f19999a.3f4ccccd.00000000.bf19999a
case=d6 index=20 internal off=08c words=bf4ccccd.00000000.3f800000.bf800000.c0400000.40400000.40400000.bf800000
case=d6 index=20 internal off=0ac words=bf21e89b.bea1e89b.3ea1e89b.3f21e89b.3ea1e89b.bf21e89b.3f21e89b.bea1e89b
case=d6 index=20 internal off=0cc words=00000000.00000000.bf800000.00000000.00000000.bf800000.3f4ccccd.bf19999a
case=d6 index=20 internal off=0ec words=00000000.bf4ccccd.3f19999a.00000000.3f19999a.3f4ccccd.00000000.bf19999a
case=d6 index=20 internal off=10c words=bf4ccccd.00000000.3f800000.bf800000.c0400000.40400000.40400000.bf800000
case=d6 index=20 internal off=12c words=bf21e89b.bea1e89b.3ea1e89b.3f21e89b.3ea1e89b.bf21e89b.3f21e89b.bea1e89b
case=d6 index=20 internal off=16c words=00000000.00000001.00000002.00000001.00000001.00000002.3f000000.3e800000
case=d6 index=20 internal off=18c words=3f400000.3f200000.3ec00000.3f000000.3ec00000.3d800000.3f700000.bf000000
case=d6 index=20 internal off=1ac words=3e000000.3f600000.3f400000.3e800000.3f200000.00000001.40000000.3f800000
case=d6 index=20 internal off=1cc words=42c80000.00000002.40400000.3fc00000.42ca0000.00000001.40800000.40000000
case=d6 index=20 internal off=1ec words=42cc0000.00000000.00000000.00000000.7f7fffff.00000000.00000000.00000000
case=d6 index=20 internal off=20c words=7f7fffff.00000000.00000000.00000000.7f7fffff.cdcdcd01.3f800000.40000000
case=d6 index=20 internal off=22c words=40400000.00000000.3f19999a.00000000.3f4ccccd.3f000000.bf000000.3fc00000
case=d6 index=20 internal off=24c words=be800000.3e000000.40200000.3e000000.3d800000.3f7399f5.cdcdcdcd.3f6e35bf
case=d6 index=20 internal off=26c words=cdcd0101
case=d6 index=20 actors a=match b=match
case=d6 index=20 type=9 is_d6=yes is_fixed=no
case=d6 index=20 saved motions=2.0.2.0.2.0
case=d6 index=20 saved linear=41100000.3f000000.3f000000 twist_low=c1100000.3e000000.3f600000 twist_high=41180000.3e800000.3f200000
case=d6 index=20 saved swing1=41000000.3ec00000.3f000000 swing2=40e00000.3d800000.3f700000
case=d6 index=20 saved drive_x=00000001.41a00000.41200000.42c80000
case=d6 index=20 saved drive_y=00000002.41a80000.41280000.42ca0000
case=d6 index=20 saved drive_z=00000001.41b00000.41300000.42cc0000
case=d6 index=20 saved drive_swing=00000002.41b80000.41380000.42ce0000
case=d6 index=20 saved drive_twist=00000001.41c00000.41400000.42d00000
case=d6 index=20 saved drive_spherical=00000002.41c80000.41480000.42d20000
case=d6 index=20 saved use_spherical=1 drive_position=41300000.41400000.41500000 drive_orientation=3f000000.3f000000.3f000000.3f000000
case=d6 index=20 saved drive_linear_velocity=41a80000.41b00000.41b80000 drive_angular_velocity=41f80000.42000000.42040000
case=d6 index=20 saved projection distance=42c60000 angle=42c40000 mode=1
case=d6 index=20 saved anchor0=3f800000.bf800000.c0400000 anchor1=40400000.40400000.bf800000
case=d6 index=20 saved axis0=3f19999a.3f4ccccd.00000000 axis1=bf19999a.bf4ccccd.00000000
case=d6 index=20 saved normal0=00000000.00000000.bf800000 normal1=00000000.00000000.bf800000
case=d6 index=20 saved max_force=7f7fffff max_torque=7f7fffff flags=00000002 actors a=match b=match
case=d6 index=20 drive_contended reports=1 code=2 line=40
case=d6 index=20 drive_orientation_contended reports=1 code=2 line=47
case=d6 index=20 drive_linear_velocity_contended reports=1 code=2 line=54
case=d6 index=20 drive_angular_velocity_contended reports=1 code=2 line=61
case=d6 index=20 drive_setters=called
case=d6 index=20 resaved motions=2.0.2.0.2.0
case=d6 index=20 resaved linear=41100000.3f000000.3f000000 twist_low=c1100000.3e000000.3f600000 twist_high=41180000.3e800000.3f200000
case=d6 index=20 resaved swing1=41000000.3ec00000.3f000000 swing2=40e00000.3d800000.3f700000
case=d6 index=20 resaved drive_x=00000001.41a00000.41200000.42c80000
case=d6 index=20 resaved drive_y=00000002.41a80000.41280000.42ca0000
case=d6 index=20 resaved drive_z=00000001.41b00000.41300000.42cc0000
case=d6 index=20 resaved drive_swing=00000002.41b80000.41380000.42ce0000
case=d6 index=20 resaved drive_twist=00000001.41c00000.41400000.42d00000
case=d6 index=20 resaved drive_spherical=00000002.41c80000.41480000.42d20000
case=d6 index=20 resaved use_spherical=1 drive_position=41300000.41400000.41500000 drive_orientation=3f000000.3f000000.3f000000.3f000000
case=d6 index=20 resaved drive_linear_velocity=41a80000.41b00000.41b80000 drive_angular_velocity=41f80000.42000000.42040000
case=d6 index=20 resaved projection distance=42c60000 angle=42c40000 mode=1
case=d6 index=20 scene_joints when=before_release count=1 enumerated=1 order=9 self=yes end=null
case=d6 index=20 released=yes
case=d6 index=20 scene_joints when=after_release count=0 enumerated=0 order=none self=no end=null
case=revolute index=21 in_anchor=bfc00000.3e800000.41000000 in_axis=3dcdbcfd.3e4dbcfd.3f797526
case=revolute index=21 created=yes
case=revolute index=21 out_anchor=bfc00000.3e800000.41000000 out_axis=3dcdbcfe.3e4dbcfe.3f797527 state=0
case=revolute index=21 abi_sret cases=2 flags=0 mismatches=0
case=revolute index=21 abi_sret_values anchor=bfc00000.3e800000.41000000 axis=3f8cdbd0.3e4dbcfe.3f797527
case=revolute index=21 internal off=04c words=3f7eb479.3ca62f73.3dc97fed.bf7eb479.bca62f73.3dc97fed.b119e830.3f7ab9da
case=revolute index=21 internal off=06c words=be4ec8c9.3119e830.bf7ab9da.be4ec8c9.3dcdbcfe.be4dbcfe.bf797527.bdcdbcfe
case=revolute index=21 internal off=08c words=3e4dbcfe.bf797527.bfc00000.3f400000.c1000000.40b00000.3fa00000.c0c00000
case=revolute index=21 internal off=0ac words=3eefe880.3ed8e79c.bf051850.3f1335cc.bed8e79d.3eefe880.3f1335cc.3f051850
case=revolute index=21 internal off=0cc words=3f7eb479.3ca62f73.3dc97fed.bf7eb479.bca62f73.3dc97fed.b119e830.3f7ab9da
case=revolute index=21 internal off=0ec words=be4ec8c9.3119e830.bf7ab9da.be4ec8c9.3dcdbcfe.be4dbcfe.bf797527.bdcdbcfe
case=revolute index=21 internal off=10c words=3e4dbcfe.bf797527.bfc00000.3f400000.c1000000.40b00000.3fa00000.c0c00000
case=revolute index=21 internal off=12c words=3eefe880.3ed8e79c.bf051850.3f1335cc.bed8e79d.3eefe880.3f1335cc.3f051850
case=revolute index=21 internal off=16c words=00000000.00000000.3f800000.00000000.00000000.3f800000.7f7fffff.00000000
case=revolute index=21 internal off=18c words=00000000.00000000.00000000.00000000.3f800000.3f7f06ff.3db25bff.00000000
case=revolute index=21 internal off=1ac words=cdcdcdcd.cdcdcdcd.cdcdcdcd.cdcdcdcd.cdcdcdcd.cdcdcdcd.cdcdcdcd.cdcdcdcd
case=revolute index=21 internal off=1cc words=cdcdcdcd.cdcdcdcd.cdcdcdcd.cdcdcdcd.cdcdcdcd.cdcdcdcd.cdcdcdcd.cdcdcdcd
case=revolute index=21 internal off=1ec words=cdcdcdcd.cdcdcdcd.cdcdcdcd.cdcdcdcd.cdcdcdcd.cdcdcdcd
case=revolute index=21 actors a=match b=match
case=revolute index=21 saved anchor0=bfc00000.3f400000.c1000000 anchor1=40b00000.3fa00000.c0c00000
case=revolute index=21 saved axis0=3dcdbcfe.be4dbcfe.bf797527 axis1=bdcdbcfe.3e4dbcfe.bf797527
case=revolute index=21 saved normal0=3f7eb479.3ca62f73.3dc97fed normal1=bf7eb479.bca62f73.3dc97fed
case=revolute index=21 scene_joints when=before_release count=1 enumerated=1 order=1 self=yes end=null
case=revolute index=21 released=yes
case=revolute index=21 scene_joints when=after_release count=0 enumerated=0 order=none self=no end=null
case=prismatic index=21 in_anchor=bfc00000.3e800000.41000000 in_axis=3dcdbcfd.3e4dbcfd.3f797526
case=prismatic index=21 created=yes
case=prismatic index=21 out_anchor=bfc00000.3e800000.41000000 out_axis=3dcdbcfe.3e4dbcfe.3f797527 state=0
case=prismatic index=21 abi_sret cases=2 flags=0 mismatches=0
case=prismatic index=21 abi_sret_values anchor=bfc00000.3e800000.41000000 axis=3f8cdbd0.3e4dbcfe.3f797527
case=prismatic index=21 internal off=04c words=3f7eb479.3ca62f73.3dc97fed.bf7eb479.bca62f73.3dc97fed.b119e830.3f7ab9da
case=prismatic index=21 internal off=06c words=be4ec8c9.3119e830.bf7ab9da.be4ec8c9.3dcdbcfe.be4dbcfe.bf797527.bdcdbcfe
case=prismatic index=21 internal off=08c words=3e4dbcfe.bf797527.bfc00000.3f400000.c1000000.40b00000.3fa00000.c0c00000
case=prismatic index=21 internal off=0ac words=3eefe880.3ed8e79c.bf051850.3f1335cc.bed8e79d.3eefe880.3f1335cc.3f051850
case=prismatic index=21 internal off=0cc words=3f7eb479.3ca62f73.3dc97fed.bf7eb479.bca62f73.3dc97fed.b119e830.3f7ab9da
case=prismatic index=21 internal off=0ec words=be4ec8c9.3119e830.bf7ab9da.be4ec8c9.3dcdbcfe.be4dbcfe.bf797527.bdcdbcfe
case=prismatic index=21 internal off=10c words=3e4dbcfe.bf797527.bfc00000.3f400000.c1000000.40b00000.3fa00000.c0c00000
case=prismatic index=21 internal off=12c words=3eefe880.3ed8e79c.bf051850.3f1335cc.bed8e79d.3eefe880.3f1335cc.3f051850
case=prismatic index=21 internal off=16c words=80000000.80000000.3f800000.00000000
case=prismatic index=21 actors a=match b=match
case=prismatic index=21 type=0 is_prismatic=yes is_revolute=no
case=prismatic index=21 saved anchor0=bfc00000.3f400000.c1000000 anchor1=40b00000.3fa00000.c0c00000
case=prismatic index=21 saved axis0=3dcdbcfe.be4dbcfe.bf797527 axis1=bdcdbcfe.3e4dbcfe.bf797527
case=prismatic index=21 saved normal0=3f7eb479.3ca62f73.3dc97fed normal1=bf7eb479.bca62f73.3dc97fed
case=prismatic index=21 saved max_force=7f7fffff max_torque=7f7fffff flags=00000002 actors a=match b=match
case=prismatic index=21 scene_joints when=before_release count=1 enumerated=1 order=0 self=yes end=null
case=prismatic index=21 released=yes
case=prismatic index=21 scene_joints when=after_release count=0 enumerated=0 order=none self=no end=null
case=cylindrical index=21 in_anchor=bfc00000.3e800000.41000000 in_axis=3dcdbcfd.3e4dbcfd.3f797526
case=cylindrical index=21 created=yes
case=cylindrical index=21 out_anchor=bfc00000.3e800000.41000000 out_axis=3dcdbcfe.3e4dbcfe.3f797527 state=0
case=cylindrical index=21 abi_sret cases=2 flags=0 mismatches=0
case=cylindrical index=21 abi_sret_values anchor=bfc00000.3e800000.41000000 axis=3f8cdbd0.3e4dbcfe.3f797527
case=cylindrical index=21 internal off=04c words=3f7eb479.3ca62f73.3dc97fed.bf7eb479.bca62f73.3dc97fed.b119e830.3f7ab9da
case=cylindrical index=21 internal off=06c words=be4ec8c9.3119e830.bf7ab9da.be4ec8c9.3dcdbcfe.be4dbcfe.bf797527.bdcdbcfe
case=cylindrical index=21 internal off=08c words=3e4dbcfe.bf797527.bfc00000.3f400000.c1000000.40b00000.3fa00000.c0c00000
case=cylindrical index=21 internal off=0ac words=3eefe880.3ed8e79c.bf051850.3f1335cc.bed8e79d.3eefe880.3f1335cc.3f051850
case=cylindrical index=21 internal off=0cc words=3f7eb479.3ca62f73.3dc97fed.bf7eb479.bca62f73.3dc97fed.b119e830.3f7ab9da
case=cylindrical index=21 internal off=0ec words=be4ec8c9.3119e830.bf7ab9da.be4ec8c9.3dcdbcfe.be4dbcfe.bf797527.bdcdbcfe
case=cylindrical index=21 internal off=10c words=3e4dbcfe.bf797527.bfc00000.3f400000.c1000000.40b00000.3fa00000.c0c00000
case=cylindrical index=21 internal off=12c words=3eefe880.3ed8e79c.bf051850.3f1335cc.bed8e79d.3eefe880.3f1335cc.3f051850
case=cylindrical index=21 actors a=match b=match
case=cylindrical index=21 type=2 is_cylindrical=yes is_prismatic=no
case=cylindrical index=21 saved anchor0=bfc00000.3f400000.c1000000 anchor1=40b00000.3fa00000.c0c00000
case=cylindrical index=21 saved axis0=3dcdbcfe.be4dbcfe.bf797527 axis1=bdcdbcfe.3e4dbcfe.bf797527
case=cylindrical index=21 saved normal0=3f7eb479.3ca62f73.3dc97fed normal1=bf7eb479.bca62f73.3dc97fed
case=cylindrical index=21 saved max_force=7f7fffff max_torque=7f7fffff flags=00000002 actors a=match b=match
case=cylindrical index=21 scene_joints when=before_release count=1 enumerated=1 order=2 self=yes end=null
case=cylindrical index=21 released=yes
case=cylindrical index=21 scene_joints when=after_release count=0 enumerated=0 order=none self=no end=null
case=spherical index=21 in_anchor=bfc00000.3e800000.41000000 in_axis=3dcdbcfd.3e4dbcfd.3f797526
case=spherical index=21 created=yes
case=spherical index=21 out_anchor=bfc00000.3e800000.41000000 out_axis=3dcdbcfe.3e4dbcfe.3f797527 state=0
case=spherical index=21 abi_sret cases=2 flags=0 mismatches=0
case=spherical index=21 abi_sret_values anchor=bfc00000.3e800000.41000000 axis=3f8cdbd0.3e4dbcfe.3f797527
case=spherical index=21 internal off=04c words=3f7eb479.3ca62f73.3dc97fed.bf7eb479.bca62f73.3dc97fed.b119e830.3f7ab9da
case=spherical index=21 internal off=06c words=be4ec8c9.3119e830.bf7ab9da.be4ec8c9.3dcdbcfe.be4dbcfe.bf797527.bdcdbcfe
case=spherical index=21 internal off=08c words=3e4dbcfe.bf797527.bfc00000.3f400000.c1000000.40b00000.3fa00000.c0c00000
case=spherical index=21 internal off=0ac words=3eefe880.3ed8e79c.bf051850.3f1335cc.bed8e79d.3eefe880.3f1335cc.3f051850
case=spherical index=21 internal off=0cc words=3f7eb479.3ca62f73.3dc97fed.bf7eb479.bca62f73.3dc97fed.b119e830.3f7ab9da
case=spherical index=21 internal off=0ec words=be4ec8c9.3119e830.bf7ab9da.be4ec8c9.3dcdbcfe.be4dbcfe.bf797527.bdcdbcfe
case=spherical index=21 internal off=10c words=3e4dbcfe.bf797527.bfc00000.3f400000.c1000000.40b00000.3fa00000.c0c00000
case=spherical index=21 internal off=12c words=3eefe880.3ed8e79c.bf051850.3f1335cc.bed8e79d.3eefe880.3f1335cc.3f051850
case=spherical index=21 internal off=16c words=bf000000.3e800000.3f800000.3f400000.00000000.3f000000.3f200000.3f000000
case=spherical index=21 internal off=18c words=3f400000.40000000.3f000000.3e000000.40400000.3f800000.3ec00000.40800000
case=spherical index=21 internal off=1ac words=40000000.00000000.3f19999a.00000000.3f4ccccd.3f2d6596.be182070.bf387421
case=spherical index=21 internal off=1cc words=3f4f9b47.00000009.3e800000.cdcdcdcd.cdcdcdcd.cdcdcdcd.cdcdcdcd.cdcdcdcd
case=spherical index=21 internal off=1ec words=cdcdcdcd.cdcdcdcd.cdcdcdcd.cdcdcdcd.cdcdcdcd.cdcdcdcd.cdcdcdcd.cdcdcdcd
case=spherical index=21 internal off=20c words=cdcdcdcd.cdcdcdcd.cdcdcdcd.cdcdcdcd.cdcdcdcd.cdcdcdcd.cdcdcdcd.cdcdcdcd
case=spherical index=21 internal off=22c words=cdcdcdcd.cdcdcdcd.cdcdcdcd.cdcdcdcd
case=spherical index=21 actors a=match b=match
case=spherical index=21 type=3 is_spherical=yes is_revolute=no
case=spherical index=21 flags=00000009 projection_mode=1
case=spherical index=21 saved anchor0=bfc00000.3f400000.c1000000 anchor1=40b00000.3fa00000.c0c00000
case=spherical index=21 saved axis0=3dcdbcfe.be4dbcfe.bf797527 axis1=bdcdbcfe.3e4dbcfe.bf797527
case=spherical index=21 saved normal0=3f7eb479.3ca62f73.3dc97fed normal1=bf7eb479.bca62f73.3dc97fed
case=spherical index=21 saved swing_axis=3f19999a.00000000.3f4ccccd projection_distance=3e800000 flags=00000009 projection_mode=1
case=spherical index=21 saved twist_limit=bf000000.3e800000.3f800000.3f400000.00000000.3f000000 swing_limit=3f200000.3f000000.3f400000
case=spherical index=21 saved twist_spring=40000000.3f000000.3e000000 swing_spring=40400000.3f800000.3ec00000 joint_spring=40800000.40000000.00000000
case=spherical index=21 saved max_force=7f7fffff max_torque=7f7fffff flags=00000002 actors a=match b=match
case=spherical index=21 scene_joints when=before_release count=1 enumerated=1 order=3 self=yes end=null
case=spherical index=21 released=yes
case=spherical index=21 scene_joints when=after_release count=0 enumerated=0 order=none self=no end=null
case=point_on_line index=21 in_anchor=bfc00000.3e800000.41000000 in_axis=3dcdbcfd.3e4dbcfd.3f797526
case=point_on_line index=21 created=yes
case=point_on_line index=21 out_anchor=bfc00000.3e800000.41000000 out_axis=3dcdbcfe.3e4dbcfe.3f797527 state=0
case=point_on_line index=21 abi_sret cases=2 flags=0 mismatches=0
case=point_on_line index=21 abi_sret_values anchor=bfc00000.3e800000.41000000 axis=3f8cdbd0.3e4dbcfe.3f797527
case=point_on_line index=21 internal off=04c words=3f7eb479.3ca62f73.3dc97fed.bf7eb479.bca62f73.3dc97fed.b119e830.3f7ab9da
case=point_on_line index=21 internal off=06c words=be4ec8c9.3119e830.bf7ab9da.be4ec8c9.3dcdbcfe.be4dbcfe.bf797527.bdcdbcfe
case=point_on_line index=21 internal off=08c words=3e4dbcfe.bf797527.bfc00000.3f400000.c1000000.40b00000.3fa00000.c0c00000
case=point_on_line index=21 internal off=0ac words=3eefe880.3ed8e79c.bf051850.3f1335cc.bed8e79d.3eefe880.3f1335cc.3f051850
case=point_on_line index=21 internal off=0cc words=3f7eb479.3ca62f73.3dc97fed.bf7eb479.bca62f73.3dc97fed.b119e830.3f7ab9da
case=point_on_line index=21 internal off=0ec words=be4ec8c9.3119e830.bf7ab9da.be4ec8c9.3dcdbcfe.be4dbcfe.bf797527.bdcdbcfe
case=point_on_line index=21 internal off=10c words=3e4dbcfe.bf797527.bfc00000.3f400000.c1000000.40b00000.3fa00000.c0c00000
case=point_on_line index=21 internal off=12c words=3eefe880.3ed8e79c.bf051850.3f1335cc.bed8e79d.3eefe880.3f1335cc.3f051850
case=point_on_line index=21 actors a=match b=match
case=point_on_line index=21 type=4 is_point_on_line=yes is_revolute=no
case=point_on_line index=21 saved anchor0=bfc00000.3f400000.c1000000 anchor1=40b00000.3fa00000.c0c00000
case=point_on_line index=21 saved axis0=3dcdbcfe.be4dbcfe.bf797527 axis1=bdcdbcfe.3e4dbcfe.bf797527
case=point_on_line index=21 saved normal0=3f7eb479.3ca62f73.3dc97fed normal1=bf7eb479.bca62f73.3dc97fed
case=point_on_line index=21 saved max_force=7f7fffff max_torque=7f7fffff flags=00000002 actors a=match b=match
case=point_on_line index=21 scene_joints when=before_release count=1 enumerated=1 order=4 self=yes end=null
case=point_on_line index=21 released=yes
case=point_on_line index=21 scene_joints when=after_release count=0 enumerated=0 order=none self=no end=null
case=point_in_plane index=21 in_anchor=bfc00000.3e800000.41000000 in_axis=3dcdbcfd.3e4dbcfd.3f797526
case=point_in_plane index=21 created=yes
case=point_in_plane index=21 out_anchor=bfc00000.3e800000.41000000 out_axis=3dcdbcfe.3e4dbcfe.3f797527 state=0
case=point_in_plane index=21 abi_sret cases=2 flags=0 mismatches=0
case=point_in_plane index=21 abi_sret_values anchor=bfc00000.3e800000.41000000 axis=3f8cdbd0.3e4dbcfe.3f797527
case=point_in_plane index=21 internal off=04c words=3f7eb479.3ca62f73.3dc97fed.bf7eb479.bca62f73.3dc97fed.b119e830.3f7ab9da
case=point_in_plane index=21 internal off=06c words=be4ec8c9.3119e830.bf7ab9da.be4ec8c9.3dcdbcfe.be4dbcfe.bf797527.bdcdbcfe
case=point_in_plane index=21 internal off=08c words=3e4dbcfe.bf797527.bfc00000.3f400000.c1000000.40b00000.3fa00000.c0c00000
case=point_in_plane index=21 internal off=0ac words=3eefe880.3ed8e79c.bf051850.3f1335cc.bed8e79d.3eefe880.3f1335cc.3f051850
case=point_in_plane index=21 internal off=0cc words=3f7eb479.3ca62f73.3dc97fed.bf7eb479.bca62f73.3dc97fed.b119e830.3f7ab9da
case=point_in_plane index=21 internal off=0ec words=be4ec8c9.3119e830.bf7ab9da.be4ec8c9.3dcdbcfe.be4dbcfe.bf797527.bdcdbcfe
case=point_in_plane index=21 internal off=10c words=3e4dbcfe.bf797527.bfc00000.3f400000.c1000000.40b00000.3fa00000.c0c00000
case=point_in_plane index=21 internal off=12c words=3eefe880.3ed8e79c.bf051850.3f1335cc.bed8e79d.3eefe880.3f1335cc.3f051850
case=point_in_plane index=21 actors a=match b=match
case=point_in_plane index=21 type=5 is_point_in_plane=yes is_revolute=no
case=point_in_plane index=21 saved anchor0=bfc00000.3f400000.c1000000 anchor1=40b00000.3fa00000.c0c00000
case=point_in_plane index=21 saved axis0=3dcdbcfe.be4dbcfe.bf797527 axis1=bdcdbcfe.3e4dbcfe.bf797527
case=point_in_plane index=21 saved normal0=3f7eb479.3ca62f73.3dc97fed normal1=bf7eb479.bca62f73.3dc97fed
case=point_in_plane index=21 saved max_force=7f7fffff max_torque=7f7fffff flags=00000002 actors a=match b=match
case=point_in_plane index=21 scene_joints when=before_release count=1 enumerated=1 order=5 self=yes end=null
case=point_in_plane index=21 released=yes
case=point_in_plane index=21 scene_joints when=after_release count=0 enumerated=0 order=none self=no end=null
case=distance index=21 in_anchor=bfc00000.3e800000.41000000 in_axis=3dcdbcfd.3e4dbcfd.3f797526 max_distance=40200000 min_distance=3f000000 spring=41200000.3f000000.3e800000 flags=00000007
case=distance index=21 created=yes
case=distance index=21 out_anchor=bfc00000.3e800000.41000000 out_axis=3dcdbcfe.3e4dbcfe.3f797527 state=0
case=distance index=21 abi_sret cases=2 flags=0 mismatches=0
case=distance index=21 abi_sret_values anchor=bfc00000.3e800000.41000000 axis=3f8cdbd0.3e4dbcfe.3f797527
case=distance index=21 internal off=04c words=3f7eb479.3ca62f73.3dc97fed.bf7eb479.bca62f73.3dc97fed.b119e830.3f7ab9da
case=distance index=21 internal off=06c words=be4ec8c9.3119e830.bf7ab9da.be4ec8c9.3dcdbcfe.be4dbcfe.bf797527.bdcdbcfe
case=distance index=21 internal off=08c words=3e4dbcfe.bf797527.bfc00000.3f400000.c1000000.40b00000.3fa00000.c0c00000
case=distance index=21 internal off=0ac words=3eefe880.3ed8e79c.bf051850.3f1335cc.bed8e79d.3eefe880.3f1335cc.3f051850
case=distance index=21 internal off=0cc words=3f7eb479.3ca62f73.3dc97fed.bf7eb479.bca62f73.3dc97fed.b119e830.3f7ab9da
case=distance index=21 internal off=0ec words=be4ec8c9.3119e830.bf7ab9da.be4ec8c9.3dcdbcfe.be4dbcfe.bf797527.bdcdbcfe
case=distance index=21 internal off=10c words=3e4dbcfe.bf797527.bfc00000.3f400000.c1000000.40b00000.3fa00000.c0c00000
case=distance index=21 internal off=12c words=3eefe880.3ed8e79c.bf051850.3f1335cc.bed8e79d.3eefe880.3f1335cc.3f051850
case=distance index=21 internal off=16c words=40200000.3f000000.41200000.3f000000.3e800000.00000007
case=distance index=21 actors a=match b=match
case=distance index=21 type=6 is_distance=yes is_revolute=no
case=distance index=21 saved max_distance=40200000 min_distance=3f000000 spring=41200000.3f000000.3e800000 flags=00000007
case=distance index=21 saved anchor0=bfc00000.3f400000.c1000000 anchor1=40b00000.3fa00000.c0c00000
case=distance index=21 saved axis0=3dcdbcfe.be4dbcfe.bf797527 axis1=bdcdbcfe.3e4dbcfe.bf797527
case=distance index=21 saved normal0=3f7eb479.3ca62f73.3dc97fed normal1=bf7eb479.bca62f73.3dc97fed
case=distance index=21 saved max_force=7f7fffff max_torque=7f7fffff flags=00000002 actors a=match b=match
case=distance index=21 scene_joints when=before_release count=1 enumerated=1 order=6 self=yes end=null
case=distance index=21 released=yes
case=distance index=21 scene_joints when=after_release count=0 enumerated=0 order=none self=no end=null
case=pulley index=21 in_anchor=bfc00000.3e800000.41000000 in_axis=3dcdbcfd.3e4dbcfd.3f797526
case=pulley index=21 in_pulley0=00000000.40a00000.00000000 in_pulley1=40800000.40a00000.00000000 distance=40c00000 stiffness=3f400000 ratio=3fc00000 flags=00000001
case=pulley index=21 created=yes
case=pulley index=21 out_anchor=bfc00000.3e800000.41000000 out_axis=3dcdbcfe.3e4dbcfe.3f797527 state=0
case=pulley index=21 abi_sret cases=2 flags=0 mismatches=0
case=pulley index=21 abi_sret_values anchor=bfc00000.3e800000.41000000 axis=3f8cdbd0.3e4dbcfe.3f797527
case=pulley index=21 internal off=04c words=3f7eb479.3ca62f73.3dc97fed.bf7eb479.bca62f73.3dc97fed.b119e830.3f7ab9da
case=pulley index=21 internal off=06c words=be4ec8c9.3119e830.bf7ab9da.be4ec8c9.3dcdbcfe.be4dbcfe.bf797527.bdcdbcfe
case=pulley index=21 internal off=08c words=3e4dbcfe.bf797527.bfc00000.3f400000.c1000000.40b00000.3fa00000.c0c00000
case=pulley index=21 internal off=0ac words=3eefe880.3ed8e79c.bf051850.3f1335cc.bed8e79d.3eefe880.3f1335cc.3f051850
case=pulley index=21 internal off=0cc words=3f7eb479.3ca62f73.3dc97fed.bf7eb479.bca62f73.3dc97fed.b119e830.3f7ab9da
case=pulley index=21 internal off=0ec words=be4ec8c9.3119e830.bf7ab9da.be4ec8c9.3dcdbcfe.be4dbcfe.bf797527.bdcdbcfe
case=pulley index=21 internal off=10c words=3e4dbcfe.bf797527.bfc00000.3f400000.c1000000.40b00000.3fa00000.c0c00000
case=pulley index=21 internal off=12c words=3eefe880.3ed8e79c.bf051850.3f1335cc.bed8e79d.3eefe880.3f1335cc.3f051850
case=pulley index=21 actors a=match b=match
case=pulley index=21 type=7 is_pulley=yes is_distance=no
case=pulley index=21 saved pulley0=00000000.40a00000.00000000 pulley1=40800000.40a00000.00000000
case=pulley index=21 saved distance=40c00000 stiffness=3f400000 ratio=3fc00000 flags=00000001
case=pulley index=21 saved anchor0=bfc00000.3f400000.c1000000 anchor1=40b00000.3fa00000.c0c00000
case=pulley index=21 saved axis0=3dcdbcfe.be4dbcfe.bf797527 axis1=bdcdbcfe.3e4dbcfe.bf797527
case=pulley index=21 saved normal0=3f7eb479.3ca62f73.3dc97fed normal1=bf7eb479.bca62f73.3dc97fed
case=pulley index=21 saved max_force=7f7fffff max_torque=7f7fffff flags=00000002 actors a=match b=match
case=pulley index=21 scene_joints when=before_release count=1 enumerated=1 order=7 self=yes end=null
case=pulley index=21 released=yes
case=pulley index=21 scene_joints when=after_release count=0 enumerated=0 order=none self=no end=null
case=fixed index=21 in_anchor=bfc00000.3e800000.41000000 in_axis=3dcdbcfd.3e4dbcfd.3f797526
case=fixed index=21 created=yes
case=fixed index=21 out_anchor=bfc00000.3e800000.41000000 out_axis=3dcdbcfe.3e4dbcfe.3f797527 state=0
case=fixed index=21 abi_sret cases=2 flags=0 mismatches=0
case=fixed index=21 abi_sret_values anchor=bfc00000.3e800000.41000000 axis=3f8cdbd0.3e4dbcfe.3f797527
case=fixed index=21 internal off=04c words=3f7eb479.3ca62f73.3dc97fed.bf7eb479.bca62f73.3dc97fed.b119e830.3f7ab9da
case=fixed index=21 internal off=06c words=be4ec8c9.3119e830.bf7ab9da.be4ec8c9.3dcdbcfe.be4dbcfe.bf797527.bdcdbcfe
case=fixed index=21 internal off=08c words=3e4dbcfe.bf797527.bfc00000.3f400000.c1000000.40b00000.3fa00000.c0c00000
case=fixed index=21 internal off=0ac words=3eefe880.3ed8e79c.bf051850.3f1335cc.bed8e79d.3eefe880.3f1335cc.3f051850
case=fixed index=21 internal off=0cc words=3f7eb479.3ca62f73.3dc97fed.bf7eb479.bca62f73.3dc97fed.b119e830.3f7ab9da
case=fixed index=21 internal off=0ec words=be4ec8c9.3119e830.bf7ab9da.be4ec8c9.3dcdbcfe.be4dbcfe.bf797527.bdcdbcfe
case=fixed index=21 internal off=10c words=3e4dbcfe.bf797527.bfc00000.3f400000.c1000000.40b00000.3fa00000.c0c00000
case=fixed index=21 internal off=12c words=3eefe880.3ed8e79c.bf051850.3f1335cc.bed8e79d.3eefe880.3f1335cc.3f051850
case=fixed index=21 internal off=16c words=40800000.40000000.c0000000.80000000.80000000.3f800000.00000000
case=fixed index=21 actors a=match b=match
case=fixed index=21 type=8 is_fixed=yes is_pulley=no
case=fixed index=21 saved anchor0=bfc00000.3f400000.c1000000 anchor1=40b00000.3fa00000.c0c00000
case=fixed index=21 saved axis0=3dcdbcfe.be4dbcfe.bf797527 axis1=bdcdbcfe.3e4dbcfe.bf797527
case=fixed index=21 saved normal0=3f7eb479.3ca62f73.3dc97fed normal1=bf7eb479.bca62f73.3dc97fed
case=fixed index=21 saved max_force=7f7fffff max_torque=7f7fffff flags=00000002 actors a=match b=match
case=fixed index=21 scene_joints when=before_release count=1 enumerated=1 order=8 self=yes end=null
case=fixed index=21 released=yes
case=fixed index=21 scene_joints when=after_release count=0 enumerated=0 order=none self=no end=null
case=d6 index=21 in_anchor=bfc00000.3e800000.41000000 in_axis=3dcdbcfd.3e4dbcfd.3f797526
case=d6 index=21 in motions=0.1.2.1.1.2
case=d6 index=21 in linear=3f000000.3e800000.3f400000 twist_low=bf000000.3e000000.3f600000 twist_high=3f400000.3e800000.3f200000
case=d6 index=21 in swing1=3f200000.3ec00000.3f000000 swing2=3ec00000.3d800000.3f700000
case=d6 index=21 in drive_x=00000001.40000000.3f800000.42c80000
case=d6 index=21 in drive_y=00000002.40400000.3fc00000.42ca0000
case=d6 index=21 in drive_z=00000001.40800000.40000000.42cc0000
case=d6 index=21 in drive_swing=00000002.40a00000.40200000.42ce0000
case=d6 index=21 in drive_twist=00000001.40c00000.40400000.42d00000
case=d6 index=21 in drive_spherical=00000002.40e00000.40600000.42d20000
case=d6 index=21 in use_spherical=1 drive_position=3f800000.40000000.40400000 drive_orientation=00000000.3f19999a.00000000.3f4ccccd
case=d6 index=21 in drive_linear_velocity=3f000000.bf000000.3fc00000 drive_angular_velocity=be800000.3e000000.40200000
case=d6 index=21 in projection distance=3e000000 angle=3d800000 mode=1
case=d6 index=21 created=yes
case=d6 index=21 out_anchor=bfc00000.3e800000.41000000 out_axis=3dcdbcfe.3e4dbcfe.3f797527 state=0
case=d6 index=21 abi_sret cases=2 flags=0 mismatches=0
case=d6 index=21 abi_sret_values anchor=bfc00000.3e800000.41000000 axis=3f8cdbd0.3e4dbcfe.3f797527
case=d6 index=21 internal off=04c words=3f7eb479.3ca62f73.3dc97fed.bf7eb479.bca62f73.3dc97fed.b119e830.3f7ab9da
case=d6 index=21 internal off=06c words=be4ec8c9.3119e830.bf7ab9da.be4ec8c9.3dcdbcfe.be4dbcfe.bf797527.bdcdbcfe
case=d6 index=21 internal off=08c words=3e4dbcfe.bf797527.bfc00000.3f400000.c1000000.40b00000.3fa00000.c0c00000
case=d6 index=21 internal off=0ac words=3eefe880.3ed8e79c.bf051850.3f1335cc.bed8e79d.3eefe880.3f1335cc.3f051850
case=d6 index=21 internal off=0cc words=3f7eb479.3ca62f73.3dc97fed.bf7eb479.bca62f73.3dc97fed.b119e830.3f7ab9da
case=d6 index=21 internal off=0ec words=be4ec8c9.3119e830.bf7ab9da.be4ec8c9.3dcdbcfe.be4dbcfe.bf797527.bdcdbcfe
case=d6 index=21 internal off=10c words=3e4dbcfe.bf797527.bfc00000.3f400000.c1000000.40b00000.3fa00000.c0c00000
case=d6 index=21 internal off=12c words=3eefe880.3ed8e79c.bf051850.3f1335cc.bed8e79d.3eefe880.3f1335cc.3f051850
case=d6 index=21 internal off=16c words=00000000.00000001.00000002.00000001.00000001.00000002.3f000000.3e800000
case=d6 index=21 internal off=18c words=3f400000.3f200000.3ec00000.3f000000.3ec00000.3d800000.3f700000.bf000000
case=d6 index=21 internal off=1ac words=3e000000.3f600000.3f400000.3e800000.3f200000.00000001.40000000.3f800000
case=d6 index=21 internal off=1cc words=42c80000.00000002.40400000.3fc00000.42ca0000.00000001.40800000.40000000
case=d6 index=21 internal off=1ec words=42cc0000.00000000.00000000.00000000.7f7fffff.00000000.00000000.00000000
case=d6 index=21 internal off=20c words=7f7fffff.00000000.00000000.00000000.7f7fffff.cdcdcd01.3f800000.40000000
case=d6 index=21 internal off=22c words=40400000.00000000.3f19999a.00000000.3f4ccccd.3f000000.bf000000.3fc00000
case=d6 index=21 internal off=24c words=be800000.3e000000.40200000.3e000000.3d800000.3f7399f5.cdcdcdcd.3f6e35bf
case=d6 index=21 internal off=26c words=cdcd0101
case=d6 index=21 actors a=match b=match
case=d6 index=21 type=9 is_d6=yes is_fixed=no
case=d6 index=21 saved motions=2.0.2.0.2.0
case=d6 index=21 saved linear=41100000.3f000000.3f000000 twist_low=c1100000.3e000000.3f600000 twist_high=41180000.3e800000.3f200000
case=d6 index=21 saved swing1=41000000.3ec00000.3f000000 swing2=40e00000.3d800000.3f700000
case=d6 index=21 saved drive_x=00000001.41a00000.41200000.42c80000
case=d6 index=21 saved drive_y=00000002.41a80000.41280000.42ca0000
case=d6 index=21 saved drive_z=00000001.41b00000.41300000.42cc0000
case=d6 index=21 saved drive_swing=00000002.41b80000.41380000.42ce0000
case=d6 index=21 saved drive_twist=00000001.41c00000.41400000.42d00000
case=d6 index=21 saved drive_spherical=00000002.41c80000.41480000.42d20000
case=d6 index=21 saved use_spherical=1 drive_position=41300000.41400000.41500000 drive_orientation=3f000000.3f000000.3f000000.3f000000
case=d6 index=21 saved drive_linear_velocity=41a80000.41b00000.41b80000 drive_angular_velocity=41f80000.42000000.42040000
case=d6 index=21 saved projection distance=42c60000 angle=42c40000 mode=1
case=d6 index=21 saved anchor0=bfc00000.3f400000.c1000000 anchor1=40b00000.3fa00000.c0c00000
case=d6 index=21 saved axis0=3dcdbcfe.be4dbcfe.bf797527 axis1=bdcdbcfe.3e4dbcfe.bf797527
case=d6 index=21 saved normal0=3f7eb479.3ca62f73.3dc97fed normal1=bf7eb479.bca62f73.3dc97fed
case=d6 index=21 saved max_force=7f7fffff max_torque=7f7fffff flags=00000002 actors a=match b=match
case=d6 index=21 drive_contended reports=1 code=2 line=40
case=d6 index=21 drive_orientation_contended reports=1 code=2 line=47
case=d6 index=21 drive_linear_velocity_contended reports=1 code=2 line=54
case=d6 index=21 drive_angular_velocity_contended reports=1 code=2 line=61
case=d6 index=21 drive_setters=called
case=d6 index=21 resaved motions=2.0.2.0.2.0
case=d6 index=21 resaved linear=41100000.3f000000.3f000000 twist_low=c1100000.3e000000.3f600000 twist_high=41180000.3e800000.3f200000
case=d6 index=21 resaved swing1=41000000.3ec00000.3f000000 swing2=40e00000.3d800000.3f700000
case=d6 index=21 resaved drive_x=00000001.41a00000.41200000.42c80000
case=d6 index=21 resaved drive_y=00000002.41a80000.41280000.42ca0000
case=d6 index=21 resaved drive_z=00000001.41b00000.41300000.42cc0000
case=d6 index=21 resaved drive_swing=00000002.41b80000.41380000.42ce0000
case=d6 index=21 resaved drive_twist=00000001.41c00000.41400000.42d00000
case=d6 index=21 resaved drive_spherical=00000002.41c80000.41480000.42d20000
case=d6 index=21 resaved use_spherical=1 drive_position=41300000.41400000.41500000 drive_orientation=3f000000.3f000000.3f000000.3f000000
case=d6 index=21 resaved drive_linear_velocity=41a80000.41b00000.41b80000 drive_angular_velocity=41f80000.42000000.42040000
case=d6 index=21 resaved projection distance=42c60000 angle=42c40000 mode=1
case=d6 index=21 scene_joints when=before_release count=1 enumerated=1 order=9 self=yes end=null
case=d6 index=21 released=yes
case=d6 index=21 scene_joints when=after_release count=0 enumerated=0 order=none self=no end=null
posed_scene=flip_xy released
posed_scene=near_xy created
posed_fixture=near_xy input=a row0=3f6634e0.3eaf653c.3e8b48dd row1=3ed8aa3c.bf56bafc.beaf653c row2=3de2fb7b.3ed8aa3c.bf6634dc
posed_fixture=near_xy input=b row0=bf53d13e.3eda5094.3ebb207e row1=3df980a8.3f4585d8.bf1fd66c row2=bf0c585f.bef1b4a4.bf30bb26
posed_fixture=near_xy a,created b,created
rotated_fixture actor=near_xy_a t=00000000.3f800000.00000000 quat=3f741dfd.3e4d9285.3dcd9285.3e4d9285
rotated_fixture actor=near_xy_a row0=3f6634e0.3eaf653c.3e8b48dd row1=3ed8aa3b.bf56bafb.beaf653c row2=3de2fb7b.3ed8aa3b.bf6634dc
rotated_fixture actor=near_xy_a record off=05c words=3f741dfd.3e4d9285.3dcd9285.3e4d9285
rotated_fixture actor=near_xy_a record off=0dc words=3f800000.00000000.00000000.00000000.3f800000.00000000.00000000.00000000.3f800000
rotated_fixture actor=near_xy_a record off=124 words=3f741dfd.3e4d9285.3dcd9285.3e4d9285
rotated_fixture actor=near_xy_a record off=134 words=3f6634e0.3eaf653c.3e8b48dd.3ed8aa3b.bf56bafb.beaf653c.3de2fb7b.3ed8aa3b.bf6634dc
rotated_fixture actor=near_xy_a record off=158 words=00000000.3f800000.00000000
rotated_fixture actor=near_xy_a record off=164 words=3e3fffff.32aeca79.320019cb.32aeca79.3e3ffff8.3235eca6.320019cb.3235eca6.3e3ffffa
rotated_fixture actor=near_xy_b t=40800000.bf800000.40000000 quat=3e1ac3e0.3f6825d0.be9ac3e0.3e80f890
rotated_fixture actor=near_xy_b row0=bf53d13e.3eda5094.3ebb207f row1=3df980a9.3f4585d8.bf1fd66c row2=bf0c585f.bef1b4a4.bf30bb26
rotated_fixture actor=near_xy_b record off=05c words=3e1ac3e0.3f6825d0.be9ac3e0.3e80f890
rotated_fixture actor=near_xy_b record off=0dc words=3f800000.00000000.00000000.00000000.3f800000.00000000.00000000.00000000.3f800000
rotated_fixture actor=near_xy_b record off=124 words=3e1ac3e0.3f6825d0.be9ac3e0.3e80f890
rotated_fixture actor=near_xy_b record off=134 words=bf53d13e.3eda5094.3ebb207f.3df980a9.3f4585d8.bf1fd66c.bf0c585f.bef1b4a4.bf30bb26
rotated_fixture actor=near_xy_b record off=158 words=40800000.bf800000.40000000
rotated_fixture actor=near_xy_b record off=164 words=3e400009.b29c9bf2.3202462e.b29c9bf2.3e400000.3324b5ef.3202462e.3324b5ef.3e400008
case=revolute index=22 in_anchor=3f800000.40000000.40400000 in_axis=3f19999a.bf4ccccd.00000000
case=revolute index=22 created=yes
case=revolute index=22 out_anchor=3f7fffed.40000000.403fffff out_axis=3f199998.bf4cccc3.3133c7c8 state=0
case=revolute index=22 abi_sret cases=2 flags=0 mismatches=0
case=revolute index=22 abi_sret_values anchor=3f7fffed.40000000.403fffff axis=3fcccccc.bf4cccc3.3133c7c8
case=revolute index=22 internal off=04c words=3de2fb7b.3ed8aa3b.bf6634dc.bf0c585f.bef1b4a4.bf30bb26.3f792a24.be6ab86b
case=revolute index=22 internal off=06c words=3c4617c7.bf16bdbd.3f4dd6f8.bda86a25.3e4dd4f0.3f606728.3edfe31b.bf180a6a
case=revolute index=22 internal off=08c words=beb90c34.3f380216.3fd3d426.3f45f6fc.c0312b31.40132ae7.3f103e58.c06a3bca
case=revolute index=22 internal off=0ac words=bee386df.bf0e344a.3e9a64a8.3f2284eb.bee46439.3f02826c.bf3b9b78.bd828270
case=revolute index=22 internal off=0cc words=3de2fb7b.3ed8aa3b.bf6634dc.bf0c585f.bef1b4a4.bf30bb26.3f792a24.be6ab86b
case=revolute index=22 internal off=0ec words=3c4617c7.bf16bdbd.3f4dd6f8.bda86a25.3e4dd4f0.3f606728.3edfe31b.bf180a6a
case=revolute index=22 internal off=10c words=beb90c34.3f380216.3fd3d426.3f45f6fc.c0312b31.40132ae7.3f103e58.c06a3bca
case=revolute index=22 internal off=12c words=bee386df.bf0e344a.3e9a64a8.3f2284eb.bee46439.3f02826c.bf3b9b78.bd828270
case=revolute index=22 internal off=16c words=00000000.00000000.3f800000.00000000.00000000.3f800000.7f7fffff.00000000
case=revolute index=22 internal off=18c words=00000000.00000000.00000000.00000000.3f800000.3f7f06ff.3db25bff.00000000
case=revolute index=22 internal off=1ac words=cdcdcdcd.cdcdcdcd.cdcdcdcd.cdcdcdcd.cdcdcdcd.cdcdcdcd.cdcdcdcd.cdcdcdcd
case=revolute index=22 internal off=1cc words=cdcdcdcd.cdcdcdcd.cdcdcdcd.cdcdcdcd.cdcdcdcd.cdcdcdcd.cdcdcdcd.cdcdcdcd
case=revolute index=22 internal off=1ec words=cdcdcdcd.cdcdcdcd.cdcdcdcd.cdcdcdcd.cdcdcdcd.cdcdcdcd
case=revolute index=22 actors a=match b=match
case=revolute index=22 saved anchor0=3fd3d426.3f45f6fc.c0312b31 anchor1=40132ae7.3f103e58.c06a3bca
case=revolute index=22 saved axis0=3e4dd4f0.3f606728.3edfe31b axis1=bf180a6a.beb90c34.3f380216
case=revolute index=22 saved normal0=3de2fb7b.3ed8aa3b.bf6634dc normal1=bf0c585f.bef1b4a4.bf30bb26
case=revolute index=22 scene_joints when=before_release count=1 enumerated=1 order=1 self=yes end=null
case=revolute index=22 released=yes
case=revolute index=22 scene_joints when=after_release count=0 enumerated=0 order=none self=no end=null
case=prismatic index=22 in_anchor=3f800000.40000000.40400000 in_axis=3f19999a.bf4ccccd.00000000
case=prismatic index=22 created=yes
case=prismatic index=22 out_anchor=3f7fffed.40000000.403fffff out_axis=3f199998.bf4cccc3.3133c7c8 state=0
case=prismatic index=22 abi_sret cases=2 flags=0 mismatches=0
case=prismatic index=22 abi_sret_values anchor=3f7fffed.40000000.403fffff axis=3fcccccc.bf4cccc3.3133c7c8
case=prismatic index=22 internal off=04c words=3de2fb7b.3ed8aa3b.bf6634dc.bf0c585f.bef1b4a4.bf30bb26.3f792a24.be6ab86b
case=prismatic index=22 internal off=06c words=3c4617c7.bf16bdbd.3f4dd6f8.bda86a25.3e4dd4f0.3f606728.3edfe31b.bf180a6a
case=prismatic index=22 internal off=08c words=beb90c34.3f380216.3fd3d426.3f45f6fc.c0312b31.40132ae7.3f103e58.c06a3bca
case=prismatic index=22 internal off=0ac words=bee386df.bf0e344a.3e9a64a8.3f2284eb.bee46439.3f02826c.bf3b9b78.bd828270
case=prismatic index=22 internal off=0cc words=3de2fb7b.3ed8aa3b.bf6634dc.bf0c585f.bef1b4a4.bf30bb26.3f792a24.be6ab86b
case=prismatic index=22 internal off=0ec words=3c4617c7.bf16bdbd.3f4dd6f8.bda86a25.3e4dd4f0.3f606728.3edfe31b.bf180a6a
case=prismatic index=22 internal off=10c words=beb90c34.3f380216.3fd3d426.3f45f6fc.c0312b31.40132ae7.3f103e58.c06a3bca
case=prismatic index=22 internal off=12c words=bee386df.bf0e344a.3e9a64a8.3f2284eb.bee46439.3f02826c.bf3b9b78.bd828270
case=prismatic index=22 internal off=16c words=3d6e3390.3e300fdb.3f6b9cc1.3eb15b45
case=prismatic index=22 actors a=match b=match
case=prismatic index=22 type=0 is_prismatic=yes is_revolute=no
case=prismatic index=22 saved anchor0=3fd3d426.3f45f6fc.c0312b31 anchor1=40132ae7.3f103e58.c06a3bca
case=prismatic index=22 saved axis0=3e4dd4f0.3f606728.3edfe31b axis1=bf180a6a.beb90c34.3f380216
case=prismatic index=22 saved normal0=3de2fb7b.3ed8aa3b.bf6634dc normal1=bf0c585f.bef1b4a4.bf30bb26
case=prismatic index=22 saved max_force=7f7fffff max_torque=7f7fffff flags=00000002 actors a=match b=match
case=prismatic index=22 scene_joints when=before_release count=1 enumerated=1 order=0 self=yes end=null
case=prismatic index=22 released=yes
case=prismatic index=22 scene_joints when=after_release count=0 enumerated=0 order=none self=no end=null
case=cylindrical index=22 in_anchor=3f800000.40000000.40400000 in_axis=3f19999a.bf4ccccd.00000000
case=cylindrical index=22 created=yes
case=cylindrical index=22 out_anchor=3f7fffed.40000000.403fffff out_axis=3f199998.bf4cccc3.3133c7c8 state=0
case=cylindrical index=22 abi_sret cases=2 flags=0 mismatches=0
case=cylindrical index=22 abi_sret_values anchor=3f7fffed.40000000.403fffff axis=3fcccccc.bf4cccc3.3133c7c8
case=cylindrical index=22 internal off=04c words=3de2fb7b.3ed8aa3b.bf6634dc.bf0c585f.bef1b4a4.bf30bb26.3f792a24.be6ab86b
case=cylindrical index=22 internal off=06c words=3c4617c7.bf16bdbd.3f4dd6f8.bda86a25.3e4dd4f0.3f606728.3edfe31b.bf180a6a
case=cylindrical index=22 internal off=08c words=beb90c34.3f380216.3fd3d426.3f45f6fc.c0312b31.40132ae7.3f103e58.c06a3bca
case=cylindrical index=22 internal off=0ac words=bee386df.bf0e344a.3e9a64a8.3f2284eb.bee46439.3f02826c.bf3b9b78.bd828270
case=cylindrical index=22 internal off=0cc words=3de2fb7b.3ed8aa3b.bf6634dc.bf0c585f.bef1b4a4.bf30bb26.3f792a24.be6ab86b
case=cylindrical index=22 internal off=0ec words=3c4617c7.bf16bdbd.3f4dd6f8.bda86a25.3e4dd4f0.3f606728.3edfe31b.bf180a6a
case=cylindrical index=22 internal off=10c words=beb90c34.3f380216.3fd3d426.3f45f6fc.c0312b31.40132ae7.3f103e58.c06a3bca
case=cylindrical index=22 internal off=12c words=bee386df.bf0e344a.3e9a64a8.3f2284eb.bee46439.3f02826c.bf3b9b78.bd828270
case=cylindrical index=22 actors a=match b=match
case=cylindrical index=22 type=2 is_cylindrical=yes is_prismatic=no
case=cylindrical index=22 saved anchor0=3fd3d426.3f45f6fc.c0312b31 anchor1=40132ae7.3f103e58.c06a3bca
case=cylindrical index=22 saved axis0=3e4dd4f0.3f606728.3edfe31b axis1=bf180a6a.beb90c34.3f380216
case=cylindrical index=22 saved normal0=3de2fb7b.3ed8aa3b.bf6634dc normal1=bf0c585f.bef1b4a4.bf30bb26
case=cylindrical index=22 saved max_force=7f7fffff max_torque=7f7fffff flags=00000002 actors a=match b=match
case=cylindrical index=22 scene_joints when=before_release count=1 enumerated=1 order=2 self=yes end=null
case=cylindrical index=22 released=yes
case=cylindrical index=22 scene_joints when=after_release count=0 enumerated=0 order=none self=no end=null
case=spherical index=22 in_anchor=3f800000.40000000.40400000 in_axis=3f19999a.bf4ccccd.00000000
case=spherical index=22 created=yes
case=spherical index=22 out_anchor=3f7fffed.40000000.403fffff out_axis=3f199998.bf4cccc3.3133c7c8 state=0
case=spherical index=22 abi_sret cases=2 flags=0 mismatches=0
case=spherical index=22 abi_sret_values anchor=3f7fffed.40000000.403fffff axis=3fcccccc.bf4cccc3.3133c7c8
case=spherical index=22 internal off=04c words=3de2fb7b.3ed8aa3b.bf6634dc.bf0c585f.bef1b4a4.bf30bb26.3f792a24.be6ab86b
case=spherical index=22 internal off=06c words=3c4617c7.bf16bdbd.3f4dd6f8.bda86a25.3e4dd4f0.3f606728.3edfe31b.bf180a6a
case=spherical index=22 internal off=08c words=beb90c34.3f380216.3fd3d426.3f45f6fc.c0312b31.40132ae7.3f103e58.c06a3bca
case=spherical index=22 internal off=0ac words=bee386df.bf0e344a.3e9a64a8.3f2284eb.bee46439.3f02826c.bf3b9b78.bd828270
case=spherical index=22 internal off=0cc words=3de2fb7b.3ed8aa3b.bf6634dc.bf0c585f.bef1b4a4.bf30bb26.3f792a24.be6ab86b
case=spherical index=22 internal off=0ec words=3c4617c7.bf16bdbd.3f4dd6f8.bda86a25.3e4dd4f0.3f606728.3edfe31b.bf180a6a
case=spherical index=22 internal off=10c words=beb90c34.3f380216.3fd3d426.3f45f6fc.c0312b31.40132ae7.3f103e58.c06a3bca
case=spherical index=22 internal off=12c words=bee386df.bf0e344a.3e9a64a8.3f2284eb.bee46439.3f02826c.bf3b9b78.bd828270
case=spherical index=22 internal off=16c words=bf000000.3e800000.3f800000.3f400000.00000000.3f000000.3f200000.3f000000
case=spherical index=22 internal off=18c words=3f400000.40000000.3f000000.3e000000.40400000.3f800000.3ec00000.40800000
case=spherical index=22 internal off=1ac words=40000000.00000000.3f19999a.00000000.3f4ccccd.3e68c298.3f748598.be4246b3
case=spherical index=22 internal off=1cc words=3f4f9b47.00000009.3e800000.cdcdcdcd.cdcdcdcd.cdcdcdcd.cdcdcdcd.cdcdcdcd
case=spherical index=22 internal off=1ec words=cdcdcdcd.cdcdcdcd.cdcdcdcd.cdcdcdcd.cdcdcdcd.cdcdcdcd.cdcdcdcd.cdcdcdcd
case=spherical index=22 internal off=20c words=cdcdcdcd.cdcdcdcd.cdcdcdcd.cdcdcdcd.cdcdcdcd.cdcdcdcd.cdcdcdcd.cdcdcdcd
case=spherical index=22 internal off=22c words=cdcdcdcd.cdcdcdcd.cdcdcdcd.cdcdcdcd
case=spherical index=22 actors a=match b=match
case=spherical index=22 type=3 is_spherical=yes is_revolute=no
case=spherical index=22 flags=00000009 projection_mode=1
case=spherical index=22 saved anchor0=3fd3d426.3f45f6fc.c0312b31 anchor1=40132ae7.3f103e58.c06a3bca
case=spherical index=22 saved axis0=3e4dd4f0.3f606728.3edfe31b axis1=bf180a6a.beb90c34.3f380216
case=spherical index=22 saved normal0=3de2fb7b.3ed8aa3b.bf6634dc normal1=bf0c585f.bef1b4a4.bf30bb26
case=spherical index=22 saved swing_axis=3f19999a.00000000.3f4ccccd projection_distance=3e800000 flags=00000009 projection_mode=1
case=spherical index=22 saved twist_limit=bf000000.3e800000.3f800000.3f400000.00000000.3f000000 swing_limit=3f200000.3f000000.3f400000
case=spherical index=22 saved twist_spring=40000000.3f000000.3e000000 swing_spring=40400000.3f800000.3ec00000 joint_spring=40800000.40000000.00000000
case=spherical index=22 saved max_force=7f7fffff max_torque=7f7fffff flags=00000002 actors a=match b=match
case=spherical index=22 scene_joints when=before_release count=1 enumerated=1 order=3 self=yes end=null
case=spherical index=22 released=yes
case=spherical index=22 scene_joints when=after_release count=0 enumerated=0 order=none self=no end=null
case=point_on_line index=22 in_anchor=3f800000.40000000.40400000 in_axis=3f19999a.bf4ccccd.00000000
case=point_on_line index=22 created=yes
case=point_on_line index=22 out_anchor=3f7fffed.40000000.403fffff out_axis=3f199998.bf4cccc3.3133c7c8 state=0
case=point_on_line index=22 abi_sret cases=2 flags=0 mismatches=0
case=point_on_line index=22 abi_sret_values anchor=3f7fffed.40000000.403fffff axis=3fcccccc.bf4cccc3.3133c7c8
case=point_on_line index=22 internal off=04c words=3de2fb7b.3ed8aa3b.bf6634dc.bf0c585f.bef1b4a4.bf30bb26.3f792a24.be6ab86b
case=point_on_line index=22 internal off=06c words=3c4617c7.bf16bdbd.3f4dd6f8.bda86a25.3e4dd4f0.3f606728.3edfe31b.bf180a6a
case=point_on_line index=22 internal off=08c words=beb90c34.3f380216.3fd3d426.3f45f6fc.c0312b31.40132ae7.3f103e58.c06a3bca
case=point_on_line index=22 internal off=0ac words=bee386df.bf0e344a.3e9a64a8.3f2284eb.bee46439.3f02826c.bf3b9b78.bd828270
case=point_on_line index=22 internal off=0cc words=3de2fb7b.3ed8aa3b.bf6634dc.bf0c585f.bef1b4a4.bf30bb26.3f792a24.be6ab86b
case=point_on_line index=22 internal off=0ec words=3c4617c7.bf16bdbd.3f4dd6f8.bda86a25.3e4dd4f0.3f606728.3edfe31b.bf180a6a
case=point_on_line index=22 internal off=10c words=beb90c34.3f380216.3fd3d426.3f45f6fc.c0312b31.40132ae7.3f103e58.c06a3bca
case=point_on_line index=22 internal off=12c words=bee386df.bf0e344a.3e9a64a8.3f2284eb.bee46439.3f02826c.bf3b9b78.bd828270
case=point_on_line index=22 actors a=match b=match
case=point_on_line index=22 type=4 is_point_on_line=yes is_revolute=no
case=point_on_line index=22 saved anchor0=3fd3d426.3f45f6fc.c0312b31 anchor1=40132ae7.3f103e58.c06a3bca
case=point_on_line index=22 saved axis0=3e4dd4f0.3f606728.3edfe31b axis1=bf180a6a.beb90c34.3f380216
case=point_on_line index=22 saved normal0=3de2fb7b.3ed8aa3b.bf6634dc normal1=bf0c585f.bef1b4a4.bf30bb26
case=point_on_line index=22 saved max_force=7f7fffff max_torque=7f7fffff flags=00000002 actors a=match b=match
case=point_on_line index=22 scene_joints when=before_release count=1 enumerated=1 order=4 self=yes end=null
case=point_on_line index=22 released=yes
case=point_on_line index=22 scene_joints when=after_release count=0 enumerated=0 order=none self=no end=null
case=point_in_plane index=22 in_anchor=3f800000.40000000.40400000 in_axis=3f19999a.bf4ccccd.00000000
case=point_in_plane index=22 created=yes
case=point_in_plane index=22 out_anchor=3f7fffed.40000000.403fffff out_axis=3f199998.bf4cccc3.3133c7c8 state=0
case=point_in_plane index=22 abi_sret cases=2 flags=0 mismatches=0
case=point_in_plane index=22 abi_sret_values anchor=3f7fffed.40000000.403fffff axis=3fcccccc.bf4cccc3.3133c7c8
case=point_in_plane index=22 internal off=04c words=3de2fb7b.3ed8aa3b.bf6634dc.bf0c585f.bef1b4a4.bf30bb26.3f792a24.be6ab86b
case=point_in_plane index=22 internal off=06c words=3c4617c7.bf16bdbd.3f4dd6f8.bda86a25.3e4dd4f0.3f606728.3edfe31b.bf180a6a
case=point_in_plane index=22 internal off=08c words=beb90c34.3f380216.3fd3d426.3f45f6fc.c0312b31.40132ae7.3f103e58.c06a3bca
case=point_in_plane index=22 internal off=0ac words=bee386df.bf0e344a.3e9a64a8.3f2284eb.bee46439.3f02826c.bf3b9b78.bd828270
case=point_in_plane index=22 internal off=0cc words=3de2fb7b.3ed8aa3b.bf6634dc.bf0c585f.bef1b4a4.bf30bb26.3f792a24.be6ab86b
case=point_in_plane index=22 internal off=0ec words=3c4617c7.bf16bdbd.3f4dd6f8.bda86a25.3e4dd4f0.3f606728.3edfe31b.bf180a6a
case=point_in_plane index=22 internal off=10c words=beb90c34.3f380216.3fd3d426.3f45f6fc.c0312b31.40132ae7.3f103e58.c06a3bca
case=point_in_plane index=22 internal off=12c words=bee386df.bf0e344a.3e9a64a8.3f2284eb.bee46439.3f02826c.bf3b9b78.bd828270
case=point_in_plane index=22 actors a=match b=match
case=point_in_plane index=22 type=5 is_point_in_plane=yes is_revolute=no
case=point_in_plane index=22 saved anchor0=3fd3d426.3f45f6fc.c0312b31 anchor1=40132ae7.3f103e58.c06a3bca
case=point_in_plane index=22 saved axis0=3e4dd4f0.3f606728.3edfe31b axis1=bf180a6a.beb90c34.3f380216
case=point_in_plane index=22 saved normal0=3de2fb7b.3ed8aa3b.bf6634dc normal1=bf0c585f.bef1b4a4.bf30bb26
case=point_in_plane index=22 saved max_force=7f7fffff max_torque=7f7fffff flags=00000002 actors a=match b=match
case=point_in_plane index=22 scene_joints when=before_release count=1 enumerated=1 order=5 self=yes end=null
case=point_in_plane index=22 released=yes
case=point_in_plane index=22 scene_joints when=after_release count=0 enumerated=0 order=none self=no end=null
case=distance index=22 in_anchor=3f800000.40000000.40400000 in_axis=3f19999a.bf4ccccd.00000000 max_distance=40200000 min_distance=3f000000 spring=41200000.3f000000.3e800000 flags=00000007
case=distance index=22 created=yes
case=distance index=22 out_anchor=3f7fffed.40000000.403fffff out_axis=3f199998.bf4cccc3.3133c7c8 state=0
case=distance index=22 abi_sret cases=2 flags=0 mismatches=0
case=distance index=22 abi_sret_values anchor=3f7fffed.40000000.403fffff axis=3fcccccc.bf4cccc3.3133c7c8
case=distance index=22 internal off=04c words=3de2fb7b.3ed8aa3b.bf6634dc.bf0c585f.bef1b4a4.bf30bb26.3f792a24.be6ab86b
case=distance index=22 internal off=06c words=3c4617c7.bf16bdbd.3f4dd6f8.bda86a25.3e4dd4f0.3f606728.3edfe31b.bf180a6a
case=distance index=22 internal off=08c words=beb90c34.3f380216.3fd3d426.3f45f6fc.c0312b31.40132ae7.3f103e58.c06a3bca
case=distance index=22 internal off=0ac words=bee386df.bf0e344a.3e9a64a8.3f2284eb.bee46439.3f02826c.bf3b9b78.bd828270
case=distance index=22 internal off=0cc words=3de2fb7b.3ed8aa3b.bf6634dc.bf0c585f.bef1b4a4.bf30bb26.3f792a24.be6ab86b
case=distance index=22 internal off=0ec words=3c4617c7.bf16bdbd.3f4dd6f8.bda86a25.3e4dd4f0.3f606728.3edfe31b.bf180a6a
case=distance index=22 internal off=10c words=beb90c34.3f380216.3fd3d426.3f45f6fc.c0312b31.40132ae7.3f103e58.c06a3bca
case=distance index=22 internal off=12c words=bee386df.bf0e344a.3e9a64a8.3f2284eb.bee46439.3f02826c.bf3b9b78.bd828270
case=distance index=22 internal off=16c words=40200000.3f000000.41200000.3f000000.3e800000.00000007
case=distance index=22 actors a=match b=match
case=distance index=22 type=6 is_distance=yes is_revolute=no
case=distance index=22 saved max_distance=40200000 min_distance=3f000000 spring=41200000.3f000000.3e800000 flags=00000007
case=distance index=22 saved anchor0=3fd3d426.3f45f6fc.c0312b31 anchor1=40132ae7.3f103e58.c06a3bca
case=distance index=22 saved axis0=3e4dd4f0.3f606728.3edfe31b axis1=bf180a6a.beb90c34.3f380216
case=distance index=22 saved normal0=3de2fb7b.3ed8aa3b.bf6634dc normal1=bf0c585f.bef1b4a4.bf30bb26
case=distance index=22 saved max_force=7f7fffff max_torque=7f7fffff flags=00000002 actors a=match b=match
case=distance index=22 scene_joints when=before_release count=1 enumerated=1 order=6 self=yes end=null
case=distance index=22 released=yes
case=distance index=22 scene_joints when=after_release count=0 enumerated=0 order=none self=no end=null
case=pulley index=22 in_anchor=3f800000.40000000.40400000 in_axis=3f19999a.bf4ccccd.00000000
case=pulley index=22 in_pulley0=00000000.40a00000.00000000 in_pulley1=40800000.40a00000.00000000 distance=40c00000 stiffness=3f400000 ratio=3fc00000 flags=00000001
case=pulley index=22 created=yes
case=pulley index=22 out_anchor=3f7fffed.40000000.403fffff out_axis=3f199998.bf4cccc3.3133c7c8 state=0
case=pulley index=22 abi_sret cases=2 flags=0 mismatches=0
case=pulley index=22 abi_sret_values anchor=3f7fffed.40000000.403fffff axis=3fcccccc.bf4cccc3.3133c7c8
case=pulley index=22 internal off=04c words=3de2fb7b.3ed8aa3b.bf6634dc.bf0c585f.bef1b4a4.bf30bb26.3f792a24.be6ab86b
case=pulley index=22 internal off=06c words=3c4617c7.bf16bdbd.3f4dd6f8.bda86a25.3e4dd4f0.3f606728.3edfe31b.bf180a6a
case=pulley index=22 internal off=08c words=beb90c34.3f380216.3fd3d426.3f45f6fc.c0312b31.40132ae7.3f103e58.c06a3bca
case=pulley index=22 internal off=0ac words=bee386df.bf0e344a.3e9a64a8.3f2284eb.bee46439.3f02826c.bf3b9b78.bd828270
case=pulley index=22 internal off=0cc words=3de2fb7b.3ed8aa3b.bf6634dc.bf0c585f.bef1b4a4.bf30bb26.3f792a24.be6ab86b
case=pulley index=22 internal off=0ec words=3c4617c7.bf16bdbd.3f4dd6f8.bda86a25.3e4dd4f0.3f606728.3edfe31b.bf180a6a
case=pulley index=22 internal off=10c words=beb90c34.3f380216.3fd3d426.3f45f6fc.c0312b31.40132ae7.3f103e58.c06a3bca
case=pulley index=22 internal off=12c words=bee386df.bf0e344a.3e9a64a8.3f2284eb.bee46439.3f02826c.bf3b9b78.bd828270
case=pulley index=22 actors a=match b=match
case=pulley index=22 type=7 is_pulley=yes is_distance=no
case=pulley index=22 saved pulley0=00000000.40a00000.00000000 pulley1=40800000.40a00000.00000000
case=pulley index=22 saved distance=40c00000 stiffness=3f400000 ratio=3fc00000 flags=00000001
case=pulley index=22 saved anchor0=3fd3d426.3f45f6fc.c0312b31 anchor1=40132ae7.3f103e58.c06a3bca
case=pulley index=22 saved axis0=3e4dd4f0.3f606728.3edfe31b axis1=bf180a6a.beb90c34.3f380216
case=pulley index=22 saved normal0=3de2fb7b.3ed8aa3b.bf6634dc normal1=bf0c585f.bef1b4a4.bf30bb26
case=pulley index=22 saved max_force=7f7fffff max_torque=7f7fffff flags=00000002 actors a=match b=match
case=pulley index=22 scene_joints when=before_release count=1 enumerated=1 order=7 self=yes end=null
case=pulley index=22 released=yes
case=pulley index=22 scene_joints when=after_release count=0 enumerated=0 order=none self=no end=null
case=fixed index=22 in_anchor=3f800000.40000000.40400000 in_axis=3f19999a.bf4ccccd.00000000
case=fixed index=22 created=yes
case=fixed index=22 out_anchor=3f7fffed.40000000.403fffff out_axis=3f199998.bf4cccc3.3133c7c8 state=0
case=fixed index=22 abi_sret cases=2 flags=0 mismatches=0
case=fixed index=22 abi_sret_values anchor=3f7fffed.40000000.403fffff axis=3fcccccc.bf4cccc3.3133c7c8
case=fixed index=22 internal off=04c words=3de2fb7b.3ed8aa3b.bf6634dc.bf0c585f.bef1b4a4.bf30bb26.3f792a24.be6ab86b
case=fixed index=22 internal off=06c words=3c4617c7.bf16bdbd.3f4dd6f8.bda86a25.3e4dd4f0.3f606728.3edfe31b.bf180a6a
case=fixed index=22 internal off=08c words=beb90c34.3f380216.3fd3d426.3f45f6fc.c0312b31.40132ae7.3f103e58.c06a3bca
case=fixed index=22 internal off=0ac words=bee386df.bf0e344a.3e9a64a8.3f2284eb.bee46439.3f02826c.bf3b9b78.bd828270
case=fixed index=22 internal off=0cc words=3de2fb7b.3ed8aa3b.bf6634dc.bf0c585f.bef1b4a4.bf30bb26.3f792a24.be6ab86b
case=fixed index=22 internal off=0ec words=3c4617c7.bf16bdbd.3f4dd6f8.bda86a25.3e4dd4f0.3f606728.3edfe31b.bf180a6a
case=fixed index=22 internal off=10c words=beb90c34.3f380216.3fd3d426.3f45f6fc.c0312b31.40132ae7.3f103e58.c06a3bca
case=fixed index=22 internal off=12c words=bee386df.bf0e344a.3e9a64a8.3f2284eb.bee46439.3f02826c.bf3b9b78.bd828270
case=fixed index=22 internal off=16c words=403e3a09.40793aaa.bcce5840.3d6e3390.3e300fdb.3f6b9cc1.3eb15b45
case=fixed index=22 actors a=match b=match
case=fixed index=22 type=8 is_fixed=yes is_pulley=no
case=fixed index=22 saved anchor0=3fd3d426.3f45f6fc.c0312b31 anchor1=40132ae7.3f103e58.c06a3bca
case=fixed index=22 saved axis0=3e4dd4f0.3f606728.3edfe31b axis1=bf180a6a.beb90c34.3f380216
case=fixed index=22 saved normal0=3de2fb7b.3ed8aa3b.bf6634dc normal1=bf0c585f.bef1b4a4.bf30bb26
case=fixed index=22 saved max_force=7f7fffff max_torque=7f7fffff flags=00000002 actors a=match b=match
case=fixed index=22 scene_joints when=before_release count=1 enumerated=1 order=8 self=yes end=null
case=fixed index=22 released=yes
case=fixed index=22 scene_joints when=after_release count=0 enumerated=0 order=none self=no end=null
case=d6 index=22 in_anchor=3f800000.40000000.40400000 in_axis=3f19999a.bf4ccccd.00000000
case=d6 index=22 in motions=0.1.2.1.1.2
case=d6 index=22 in linear=3f000000.3e800000.3f400000 twist_low=bf000000.3e000000.3f600000 twist_high=3f400000.3e800000.3f200000
case=d6 index=22 in swing1=3f200000.3ec00000.3f000000 swing2=3ec00000.3d800000.3f700000
case=d6 index=22 in drive_x=00000001.40000000.3f800000.42c80000
case=d6 index=22 in drive_y=00000002.40400000.3fc00000.42ca0000
case=d6 index=22 in drive_z=00000001.40800000.40000000.42cc0000
case=d6 index=22 in drive_swing=00000002.40a00000.40200000.42ce0000
case=d6 index=22 in drive_twist=00000001.40c00000.40400000.42d00000
case=d6 index=22 in drive_spherical=00000002.40e00000.40600000.42d20000
case=d6 index=22 in use_spherical=1 drive_position=3f800000.40000000.40400000 drive_orientation=00000000.3f19999a.00000000.3f4ccccd
case=d6 index=22 in drive_linear_velocity=3f000000.bf000000.3fc00000 drive_angular_velocity=be800000.3e000000.40200000
case=d6 index=22 in projection distance=3e000000 angle=3d800000 mode=1
case=d6 index=22 created=yes
case=d6 index=22 out_anchor=3f7fffed.40000000.403fffff out_axis=3f199998.bf4cccc3.3133c7c8 state=0
case=d6 index=22 abi_sret cases=2 flags=0 mismatches=0
case=d6 index=22 abi_sret_values anchor=3f7fffed.40000000.403fffff axis=3fcccccc.bf4cccc3.3133c7c8
case=d6 index=22 internal off=04c words=3de2fb7b.3ed8aa3b.bf6634dc.bf0c585f.bef1b4a4.bf30bb26.3f792a24.be6ab86b
case=d6 index=22 internal off=06c words=3c4617c7.bf16bdbd.3f4dd6f8.bda86a25.3e4dd4f0.3f606728.3edfe31b.bf180a6a
case=d6 index=22 internal off=08c words=beb90c34.3f380216.3fd3d426.3f45f6fc.c0312b31.40132ae7.3f103e58.c06a3bca
case=d6 index=22 internal off=0ac words=bee386df.bf0e344a.3e9a64a8.3f2284eb.bee46439.3f02826c.bf3b9b78.bd828270
case=d6 index=22 internal off=0cc words=3de2fb7b.3ed8aa3b.bf6634dc.bf0c585f.bef1b4a4.bf30bb26.3f792a24.be6ab86b
case=d6 index=22 internal off=0ec words=3c4617c7.bf16bdbd.3f4dd6f8.bda86a25.3e4dd4f0.3f606728.3edfe31b.bf180a6a
case=d6 index=22 internal off=10c words=beb90c34.3f380216.3fd3d426.3f45f6fc.c0312b31.40132ae7.3f103e58.c06a3bca
case=d6 index=22 internal off=12c words=bee386df.bf0e344a.3e9a64a8.3f2284eb.bee46439.3f02826c.bf3b9b78.bd828270
case=d6 index=22 internal off=16c words=00000000.00000001.00000002.00000001.00000001.00000002.3f000000.3e800000
case=d6 index=22 internal off=18c words=3f400000.3f200000.3ec00000.3f000000.3ec00000.3d800000.3f700000.bf000000
case=d6 index=22 internal off=1ac words=3e000000.3f600000.3f400000.3e800000.3f200000.00000001.40000000.3f800000
case=d6 index=22 internal off=1cc words=42c80000.00000002.40400000.3fc00000.42ca0000.00000001.40800000.40000000
case=d6 index=22 internal off=1ec words=42cc0000.00000000.00000000.00000000.7f7fffff.00000000.00000000.00000000
case=d6 index=22 internal off=20c words=7f7fffff.00000000.00000000.00000000.7f7fffff.cdcdcd01.3f800000.40000000
case=d6 index=22 internal off=22c words=40400000.00000000.3f19999a.00000000.3f4ccccd.3f000000.bf000000.3fc00000
case=d6 index=22 internal off=24c words=be800000.3e000000.40200000.3e000000.3d800000.3f7399f5.cdcdcdcd.3f6e35bf
case=d6 index=22 internal off=26c words=cdcd0101
case=d6 index=22 actors a=match b=match
case=d6 index=22 type=9 is_d6=yes is_fixed=no
case=d6 index=22 saved motions=2.0.2.0.2.0
case=d6 index=22 saved linear=41100000.3f000000.3f000000 twist_low=c1100000.3e000000.3f600000 twist_high=41180000.3e800000.3f200000
case=d6 index=22 saved swing1=41000000.3ec00000.3f000000 swing2=40e00000.3d800000.3f700000
case=d6 index=22 saved drive_x=00000001.41a00000.41200000.42c80000
case=d6 index=22 saved drive_y=00000002.41a80000.41280000.42ca0000
case=d6 index=22 saved drive_z=00000001.41b00000.41300000.42cc0000
case=d6 index=22 saved drive_swing=00000002.41b80000.41380000.42ce0000
case=d6 index=22 saved drive_twist=00000001.41c00000.41400000.42d00000
case=d6 index=22 saved drive_spherical=00000002.41c80000.41480000.42d20000
case=d6 index=22 saved use_spherical=1 drive_position=41300000.41400000.41500000 drive_orientation=3f000000.3f000000.3f000000.3f000000
case=d6 index=22 saved drive_linear_velocity=41a80000.41b00000.41b80000 drive_angular_velocity=41f80000.42000000.42040000
case=d6 index=22 saved projection distance=42c60000 angle=42c40000 mode=1
case=d6 index=22 saved anchor0=3fd3d426.3f45f6fc.c0312b31 anchor1=40132ae7.3f103e58.c06a3bca
case=d6 index=22 saved axis0=3e4dd4f0.3f606728.3edfe31b axis1=bf180a6a.beb90c34.3f380216
case=d6 index=22 saved normal0=3de2fb7b.3ed8aa3b.bf6634dc normal1=bf0c585f.bef1b4a4.bf30bb26
case=d6 index=22 saved max_force=7f7fffff max_torque=7f7fffff flags=00000002 actors a=match b=match
case=d6 index=22 drive_contended reports=1 code=2 line=40
case=d6 index=22 drive_orientation_contended reports=1 code=2 line=47
case=d6 index=22 drive_linear_velocity_contended reports=1 code=2 line=54
case=d6 index=22 drive_angular_velocity_contended reports=1 code=2 line=61
case=d6 index=22 drive_setters=called
case=d6 index=22 resaved motions=2.0.2.0.2.0
case=d6 index=22 resaved linear=41100000.3f000000.3f000000 twist_low=c1100000.3e000000.3f600000 twist_high=41180000.3e800000.3f200000
case=d6 index=22 resaved swing1=41000000.3ec00000.3f000000 swing2=40e00000.3d800000.3f700000
case=d6 index=22 resaved drive_x=00000001.41a00000.41200000.42c80000
case=d6 index=22 resaved drive_y=00000002.41a80000.41280000.42ca0000
case=d6 index=22 resaved drive_z=00000001.41b00000.41300000.42cc0000
case=d6 index=22 resaved drive_swing=00000002.41b80000.41380000.42ce0000
case=d6 index=22 resaved drive_twist=00000001.41c00000.41400000.42d00000
case=d6 index=22 resaved drive_spherical=00000002.41c80000.41480000.42d20000
case=d6 index=22 resaved use_spherical=1 drive_position=41300000.41400000.41500000 drive_orientation=3f000000.3f000000.3f000000.3f000000
case=d6 index=22 resaved drive_linear_velocity=41a80000.41b00000.41b80000 drive_angular_velocity=41f80000.42000000.42040000
case=d6 index=22 resaved projection distance=42c60000 angle=42c40000 mode=1
case=d6 index=22 scene_joints when=before_release count=1 enumerated=1 order=9 self=yes end=null
case=d6 index=22 released=yes
case=d6 index=22 scene_joints when=after_release count=0 enumerated=0 order=none self=no end=null
case=revolute index=23 in_anchor=bfc00000.3e800000.41000000 in_axis=3dcdbcfd.3e4dbcfd.3f797526
case=revolute index=23 created=yes
case=revolute index=23 out_anchor=bfc0000e.3e800028.41000000 out_axis=3dcdbd04.3e4dbcf9.3f79751f state=0
case=revolute index=23 abi_sret cases=2 flags=0 mismatches=0
case=revolute index=23 abi_sret_values anchor=bfc0000e.3e800028.41000000 axis=3f8cdbd0.3e4dbcf9.3f79751f
case=revolute index=23 internal off=04c words=3f600d83.3ea1e72b.3ebb7000.bf4591f6.3ee8fa38.3ee37124.bec8be00.3f682edc
case=revolute index=23 internal off=06c words=3e1d9d4e.be6b8b9c.bf59dbc4.3ef1b64c.3e911442.3e8e764b.bf6af272.bf17c56a
case=revolute index=23 internal off=08c words=be8639d9.bf42ede3.bf4793ab.40600a4f.c0eb0af2.3fb4f45b.c086d287.c0ddd909
case=revolute index=23 internal off=0ac words=3f0786d0.3f0b7141.be7e344f.3f19e6b9.3ea6bc39.bf4b316c.bed0e046.be9fe3a9
case=revolute index=23 internal off=0cc words=3f600d83.3ea1e72b.3ebb7000.bf4591f6.3ee8fa38.3ee37124.bec8be00.3f682edc
case=revolute index=23 internal off=0ec words=3e1d9d4e.be6b8b9c.bf59dbc4.3ef1b64c.3e911442.3e8e764b.bf6af272.bf17c56a
case=revolute index=23 internal off=10c words=be8639d9.bf42ede3.bf4793ab.40600a4f.c0eb0af2.3fb4f45b.c086d287.c0ddd909
case=revolute index=23 internal off=12c words=3f0786d0.3f0b7141.be7e344f.3f19e6b9.3ea6bc39.bf4b316c.bed0e046.be9fe3a9
case=revolute index=23 internal off=16c words=00000000.00000000.3f800000.00000000.00000000.3f800000.7f7fffff.00000000
case=revolute index=23 internal off=18c words=00000000.00000000.00000000.00000000.3f800000.3f7f06ff.3db25bff.00000000
case=revolute index=23 internal off=1ac words=cdcdcdcd.cdcdcdcd.cdcdcdcd.cdcdcdcd.cdcdcdcd.cdcdcdcd.cdcdcdcd.cdcdcdcd
case=revolute index=23 internal off=1cc words=cdcdcdcd.cdcdcdcd.cdcdcdcd.cdcdcdcd.cdcdcdcd.cdcdcdcd.cdcdcdcd.cdcdcdcd
case=revolute index=23 internal off=1ec words=cdcdcdcd.cdcdcdcd.cdcdcdcd.cdcdcdcd.cdcdcdcd.cdcdcdcd
case=revolute index=23 actors a=match b=match
case=revolute index=23 saved anchor0=bf4793ab.40600a4f.c0eb0af2 anchor1=3fb4f45b.c086d287.c0ddd909
case=revolute index=23 saved axis0=3e911442.3e8e764b.bf6af272 axis1=bf17c56a.be8639d9.bf42ede3
case=revolute index=23 saved normal0=3f600d83.3ea1e72b.3ebb7000 normal1=bf4591f6.3ee8fa38.3ee37124
case=revolute index=23 scene_joints when=before_release count=1 enumerated=1 order=1 self=yes end=null
case=revolute index=23 released=yes
case=revolute index=23 scene_joints when=after_release count=0 enumerated=0 order=none self=no end=null
case=prismatic index=23 in_anchor=bfc00000.3e800000.41000000 in_axis=3dcdbcfd.3e4dbcfd.3f797526
case=prismatic index=23 created=yes
case=prismatic index=23 out_anchor=bfc0000e.3e800028.41000000 out_axis=3dcdbd04.3e4dbcf9.3f79751f state=0
case=prismatic index=23 abi_sret cases=2 flags=0 mismatches=0
case=prismatic index=23 abi_sret_values anchor=bfc0000e.3e800028.41000000 axis=3f8cdbd0.3e4dbcf9.3f79751f
case=prismatic index=23 internal off=04c words=3f600d83.3ea1e72b.3ebb7000.bf4591f6.3ee8fa38.3ee37124.bec8be00.3f682edc
case=prismatic index=23 internal off=06c words=3e1d9d4e.be6b8b9c.bf59dbc4.3ef1b64c.3e911442.3e8e764b.bf6af272.bf17c56a
case=prismatic index=23 internal off=08c words=be8639d9.bf42ede3.bf4793ab.40600a4f.c0eb0af2.3fb4f45b.c086d287.c0ddd909
case=prismatic index=23 internal off=0ac words=3f0786d0.3f0b7141.be7e344f.3f19e6b9.3ea6bc39.bf4b316c.bed0e046.be9fe3a9
case=prismatic index=23 internal off=0cc words=3f600d83.3ea1e72b.3ebb7000.bf4591f6.3ee8fa38.3ee37124.bec8be00.3f682edc
case=prismatic index=23 internal off=0ec words=3e1d9d4e.be6b8b9c.bf59dbc4.3ef1b64c.3e911442.3e8e764b.bf6af272.bf17c56a
case=prismatic index=23 internal off=10c words=be8639d9.bf42ede3.bf4793ab.40600a4f.c0eb0af2.3fb4f45b.c086d287.c0ddd909
case=prismatic index=23 internal off=12c words=3f0786d0.3f0b7141.be7e344f.3f19e6b9.3ea6bc39.bf4b316c.bed0e046.be9fe3a9
case=prismatic index=23 internal off=16c words=3d6e3390.3e300fdb.3f6b9cc1.3eb15b45
case=prismatic index=23 actors a=match b=match
case=prismatic index=23 type=0 is_prismatic=yes is_revolute=no
case=prismatic index=23 saved anchor0=bf4793ab.40600a4f.c0eb0af2 anchor1=3fb4f45b.c086d287.c0ddd909
case=prismatic index=23 saved axis0=3e911442.3e8e764b.bf6af272 axis1=bf17c56a.be8639d9.bf42ede3
case=prismatic index=23 saved normal0=3f600d83.3ea1e72b.3ebb7000 normal1=bf4591f6.3ee8fa38.3ee37124
case=prismatic index=23 saved max_force=7f7fffff max_torque=7f7fffff flags=00000002 actors a=match b=match
case=prismatic index=23 scene_joints when=before_release count=1 enumerated=1 order=0 self=yes end=null
case=prismatic index=23 released=yes
case=prismatic index=23 scene_joints when=after_release count=0 enumerated=0 order=none self=no end=null
case=cylindrical index=23 in_anchor=bfc00000.3e800000.41000000 in_axis=3dcdbcfd.3e4dbcfd.3f797526
case=cylindrical index=23 created=yes
case=cylindrical index=23 out_anchor=bfc0000e.3e800028.41000000 out_axis=3dcdbd04.3e4dbcf9.3f79751f state=0
case=cylindrical index=23 abi_sret cases=2 flags=0 mismatches=0
case=cylindrical index=23 abi_sret_values anchor=bfc0000e.3e800028.41000000 axis=3f8cdbd0.3e4dbcf9.3f79751f
case=cylindrical index=23 internal off=04c words=3f600d83.3ea1e72b.3ebb7000.bf4591f6.3ee8fa38.3ee37124.bec8be00.3f682edc
case=cylindrical index=23 internal off=06c words=3e1d9d4e.be6b8b9c.bf59dbc4.3ef1b64c.3e911442.3e8e764b.bf6af272.bf17c56a
case=cylindrical index=23 internal off=08c words=be8639d9.bf42ede3.bf4793ab.40600a4f.c0eb0af2.3fb4f45b.c086d287.c0ddd909
case=cylindrical index=23 internal off=0ac words=3f0786d0.3f0b7141.be7e344f.3f19e6b9.3ea6bc39.bf4b316c.bed0e046.be9fe3a9
case=cylindrical index=23 internal off=0cc words=3f600d83.3ea1e72b.3ebb7000.bf4591f6.3ee8fa38.3ee37124.bec8be00.3f682edc
case=cylindrical index=23 internal off=0ec words=3e1d9d4e.be6b8b9c.bf59dbc4.3ef1b64c.3e911442.3e8e764b.bf6af272.bf17c56a
case=cylindrical index=23 internal off=10c words=be8639d9.bf42ede3.bf4793ab.40600a4f.c0eb0af2.3fb4f45b.c086d287.c0ddd909
case=cylindrical index=23 internal off=12c words=3f0786d0.3f0b7141.be7e344f.3f19e6b9.3ea6bc39.bf4b316c.bed0e046.be9fe3a9
case=cylindrical index=23 actors a=match b=match
case=cylindrical index=23 type=2 is_cylindrical=yes is_prismatic=no
case=cylindrical index=23 saved anchor0=bf4793ab.40600a4f.c0eb0af2 anchor1=3fb4f45b.c086d287.c0ddd909
case=cylindrical index=23 saved axis0=3e911442.3e8e764b.bf6af272 axis1=bf17c56a.be8639d9.bf42ede3
case=cylindrical index=23 saved normal0=3f600d83.3ea1e72b.3ebb7000 normal1=bf4591f6.3ee8fa38.3ee37124
case=cylindrical index=23 saved max_force=7f7fffff max_torque=7f7fffff flags=00000002 actors a=match b=match
case=cylindrical index=23 scene_joints when=before_release count=1 enumerated=1 order=2 self=yes end=null
case=cylindrical index=23 released=yes
case=cylindrical index=23 scene_joints when=after_release count=0 enumerated=0 order=none self=no end=null
case=spherical index=23 in_anchor=bfc00000.3e800000.41000000 in_axis=3dcdbcfd.3e4dbcfd.3f797526
case=spherical index=23 created=yes
case=spherical index=23 out_anchor=bfc0000e.3e800028.41000000 out_axis=3dcdbd04.3e4dbcf9.3f79751f state=0
case=spherical index=23 abi_sret cases=2 flags=0 mismatches=0
case=spherical index=23 abi_sret_values anchor=bfc0000e.3e800028.41000000 axis=3f8cdbd0.3e4dbcf9.3f79751f
case=spherical index=23 internal off=04c words=3f600d83.3ea1e72b.3ebb7000.bf4591f6.3ee8fa38.3ee37124.bec8be00.3f682edc
case=spherical index=23 internal off=06c words=3e1d9d4e.be6b8b9c.bf59dbc4.3ef1b64c.3e911442.3e8e764b.bf6af272.bf17c56a
case=spherical index=23 internal off=08c words=be8639d9.bf42ede3.bf4793ab.40600a4f.c0eb0af2.3fb4f45b.c086d287.c0ddd909
case=spherical index=23 internal off=0ac words=3f0786d0.3f0b7141.be7e344f.3f19e6b9.3ea6bc39.bf4b316c.bed0e046.be9fe3a9
case=spherical index=23 internal off=0cc words=3f600d83.3ea1e72b.3ebb7000.bf4591f6.3ee8fa38.3ee37124.bec8be00.3f682edc
case=spherical index=23 internal off=0ec words=3e1d9d4e.be6b8b9c.bf59dbc4.3ef1b64c.3e911442.3e8e764b.bf6af272.bf17c56a
case=spherical index=23 internal off=10c words=be8639d9.bf42ede3.bf4793ab.40600a4f.c0eb0af2.3fb4f45b.c086d287.c0ddd909
case=spherical index=23 internal off=12c words=3f0786d0.3f0b7141.be7e344f.3f19e6b9.3ea6bc39.bf4b316c.bed0e046.be9fe3a9
case=spherical index=23 internal off=16c words=bf000000.3e800000.3f800000.3f400000.00000000.3f000000.3f200000.3f000000
case=spherical index=23 internal off=18c words=3f400000.40000000.3f000000.3e000000.40400000.3f800000.3ec00000.40800000
case=spherical index=23 internal off=1ac words=40000000.00000000.3f19999a.00000000.3f4ccccd.3f40769d.3ed31c89.bf03b9f5
case=spherical index=23 internal off=1cc words=3f4f9b47.00000009.3e800000.cdcdcdcd.cdcdcdcd.cdcdcdcd.cdcdcdcd.cdcdcdcd
case=spherical index=23 internal off=1ec words=cdcdcdcd.cdcdcdcd.cdcdcdcd.cdcdcdcd.cdcdcdcd.cdcdcdcd.cdcdcdcd.cdcdcdcd
case=spherical index=23 internal off=20c words=cdcdcdcd.cdcdcdcd.cdcdcdcd.cdcdcdcd.cdcdcdcd.cdcdcdcd.cdcdcdcd.cdcdcdcd
case=spherical index=23 internal off=22c words=cdcdcdcd.cdcdcdcd.cdcdcdcd.cdcdcdcd
case=spherical index=23 actors a=match b=match
case=spherical index=23 type=3 is_spherical=yes is_revolute=no
case=spherical index=23 flags=00000009 projection_mode=1
case=spherical index=23 saved anchor0=bf4793ab.40600a4f.c0eb0af2 anchor1=3fb4f45b.c086d287.c0ddd909
case=spherical index=23 saved axis0=3e911442.3e8e764b.bf6af272 axis1=bf17c56a.be8639d9.bf42ede3
case=spherical index=23 saved normal0=3f600d83.3ea1e72b.3ebb7000 normal1=bf4591f6.3ee8fa38.3ee37124
case=spherical index=23 saved swing_axis=3f19999a.00000000.3f4ccccd projection_distance=3e800000 flags=00000009 projection_mode=1
case=spherical index=23 saved twist_limit=bf000000.3e800000.3f800000.3f400000.00000000.3f000000 swing_limit=3f200000.3f000000.3f400000
case=spherical index=23 saved twist_spring=40000000.3f000000.3e000000 swing_spring=40400000.3f800000.3ec00000 joint_spring=40800000.40000000.00000000
case=spherical index=23 saved max_force=7f7fffff max_torque=7f7fffff flags=00000002 actors a=match b=match
case=spherical index=23 scene_joints when=before_release count=1 enumerated=1 order=3 self=yes end=null
case=spherical index=23 released=yes
case=spherical index=23 scene_joints when=after_release count=0 enumerated=0 order=none self=no end=null
case=point_on_line index=23 in_anchor=bfc00000.3e800000.41000000 in_axis=3dcdbcfd.3e4dbcfd.3f797526
case=point_on_line index=23 created=yes
case=point_on_line index=23 out_anchor=bfc0000e.3e800028.41000000 out_axis=3dcdbd04.3e4dbcf9.3f79751f state=0
case=point_on_line index=23 abi_sret cases=2 flags=0 mismatches=0
case=point_on_line index=23 abi_sret_values anchor=bfc0000e.3e800028.41000000 axis=3f8cdbd0.3e4dbcf9.3f79751f
case=point_on_line index=23 internal off=04c words=3f600d83.3ea1e72b.3ebb7000.bf4591f6.3ee8fa38.3ee37124.bec8be00.3f682edc
case=point_on_line index=23 internal off=06c words=3e1d9d4e.be6b8b9c.bf59dbc4.3ef1b64c.3e911442.3e8e764b.bf6af272.bf17c56a
case=point_on_line index=23 internal off=08c words=be8639d9.bf42ede3.bf4793ab.40600a4f.c0eb0af2.3fb4f45b.c086d287.c0ddd909
case=point_on_line index=23 internal off=0ac words=3f0786d0.3f0b7141.be7e344f.3f19e6b9.3ea6bc39.bf4b316c.bed0e046.be9fe3a9
case=point_on_line index=23 internal off=0cc words=3f600d83.3ea1e72b.3ebb7000.bf4591f6.3ee8fa38.3ee37124.bec8be00.3f682edc
case=point_on_line index=23 internal off=0ec words=3e1d9d4e.be6b8b9c.bf59dbc4.3ef1b64c.3e911442.3e8e764b.bf6af272.bf17c56a
case=point_on_line index=23 internal off=10c words=be8639d9.bf42ede3.bf4793ab.40600a4f.c0eb0af2.3fb4f45b.c086d287.c0ddd909
case=point_on_line index=23 internal off=12c words=3f0786d0.3f0b7141.be7e344f.3f19e6b9.3ea6bc39.bf4b316c.bed0e046.be9fe3a9
case=point_on_line index=23 actors a=match b=match
case=point_on_line index=23 type=4 is_point_on_line=yes is_revolute=no
case=point_on_line index=23 saved anchor0=bf4793ab.40600a4f.c0eb0af2 anchor1=3fb4f45b.c086d287.c0ddd909
case=point_on_line index=23 saved axis0=3e911442.3e8e764b.bf6af272 axis1=bf17c56a.be8639d9.bf42ede3
case=point_on_line index=23 saved normal0=3f600d83.3ea1e72b.3ebb7000 normal1=bf4591f6.3ee8fa38.3ee37124
case=point_on_line index=23 saved max_force=7f7fffff max_torque=7f7fffff flags=00000002 actors a=match b=match
case=point_on_line index=23 scene_joints when=before_release count=1 enumerated=1 order=4 self=yes end=null
case=point_on_line index=23 released=yes
case=point_on_line index=23 scene_joints when=after_release count=0 enumerated=0 order=none self=no end=null
case=point_in_plane index=23 in_anchor=bfc00000.3e800000.41000000 in_axis=3dcdbcfd.3e4dbcfd.3f797526
case=point_in_plane index=23 created=yes
case=point_in_plane index=23 out_anchor=bfc0000e.3e800028.41000000 out_axis=3dcdbd04.3e4dbcf9.3f79751f state=0
case=point_in_plane index=23 abi_sret cases=2 flags=0 mismatches=0
case=point_in_plane index=23 abi_sret_values anchor=bfc0000e.3e800028.41000000 axis=3f8cdbd0.3e4dbcf9.3f79751f
case=point_in_plane index=23 internal off=04c words=3f600d83.3ea1e72b.3ebb7000.bf4591f6.3ee8fa38.3ee37124.bec8be00.3f682edc
case=point_in_plane index=23 internal off=06c words=3e1d9d4e.be6b8b9c.bf59dbc4.3ef1b64c.3e911442.3e8e764b.bf6af272.bf17c56a
case=point_in_plane index=23 internal off=08c words=be8639d9.bf42ede3.bf4793ab.40600a4f.c0eb0af2.3fb4f45b.c086d287.c0ddd909
case=point_in_plane index=23 internal off=0ac words=3f0786d0.3f0b7141.be7e344f.3f19e6b9.3ea6bc39.bf4b316c.bed0e046.be9fe3a9
case=point_in_plane index=23 internal off=0cc words=3f600d83.3ea1e72b.3ebb7000.bf4591f6.3ee8fa38.3ee37124.bec8be00.3f682edc
case=point_in_plane index=23 internal off=0ec words=3e1d9d4e.be6b8b9c.bf59dbc4.3ef1b64c.3e911442.3e8e764b.bf6af272.bf17c56a
case=point_in_plane index=23 internal off=10c words=be8639d9.bf42ede3.bf4793ab.40600a4f.c0eb0af2.3fb4f45b.c086d287.c0ddd909
case=point_in_plane index=23 internal off=12c words=3f0786d0.3f0b7141.be7e344f.3f19e6b9.3ea6bc39.bf4b316c.bed0e046.be9fe3a9
case=point_in_plane index=23 actors a=match b=match
case=point_in_plane index=23 type=5 is_point_in_plane=yes is_revolute=no
case=point_in_plane index=23 saved anchor0=bf4793ab.40600a4f.c0eb0af2 anchor1=3fb4f45b.c086d287.c0ddd909
case=point_in_plane index=23 saved axis0=3e911442.3e8e764b.bf6af272 axis1=bf17c56a.be8639d9.bf42ede3
case=point_in_plane index=23 saved normal0=3f600d83.3ea1e72b.3ebb7000 normal1=bf4591f6.3ee8fa38.3ee37124
case=point_in_plane index=23 saved max_force=7f7fffff max_torque=7f7fffff flags=00000002 actors a=match b=match
case=point_in_plane index=23 scene_joints when=before_release count=1 enumerated=1 order=5 self=yes end=null
case=point_in_plane index=23 released=yes
case=point_in_plane index=23 scene_joints when=after_release count=0 enumerated=0 order=none self=no end=null
case=distance index=23 in_anchor=bfc00000.3e800000.41000000 in_axis=3dcdbcfd.3e4dbcfd.3f797526 max_distance=40200000 min_distance=3f000000 spring=41200000.3f000000.3e800000 flags=00000007
case=distance index=23 created=yes
case=distance index=23 out_anchor=bfc0000e.3e800028.41000000 out_axis=3dcdbd04.3e4dbcf9.3f79751f state=0
case=distance index=23 abi_sret cases=2 flags=0 mismatches=0
case=distance index=23 abi_sret_values anchor=bfc0000e.3e800028.41000000 axis=3f8cdbd0.3e4dbcf9.3f79751f
case=distance index=23 internal off=04c words=3f600d83.3ea1e72b.3ebb7000.bf4591f6.3ee8fa38.3ee37124.bec8be00.3f682edc
case=distance index=23 internal off=06c words=3e1d9d4e.be6b8b9c.bf59dbc4.3ef1b64c.3e911442.3e8e764b.bf6af272.bf17c56a
case=distance index=23 internal off=08c words=be8639d9.bf42ede3.bf4793ab.40600a4f.c0eb0af2.3fb4f45b.c086d287.c0ddd909
case=distance index=23 internal off=0ac words=3f0786d0.3f0b7141.be7e344f.3f19e6b9.3ea6bc39.bf4b316c.bed0e046.be9fe3a9
case=distance index=23 internal off=0cc words=3f600d83.3ea1e72b.3ebb7000.bf4591f6.3ee8fa38.3ee37124.bec8be00.3f682edc
case=distance index=23 internal off=0ec words=3e1d9d4e.be6b8b9c.bf59dbc4.3ef1b64c.3e911442.3e8e764b.bf6af272.bf17c56a
case=distance index=23 internal off=10c words=be8639d9.bf42ede3.bf4793ab.40600a4f.c0eb0af2.3fb4f45b.c086d287.c0ddd909
case=distance index=23 internal off=12c words=3f0786d0.3f0b7141.be7e344f.3f19e6b9.3ea6bc39.bf4b316c.bed0e046.be9fe3a9
case=distance index=23 internal off=16c words=40200000.3f000000.41200000.3f000000.3e800000.00000007
case=distance index=23 actors a=match b=match
case=distance index=23 type=6 is_distance=yes is_revolute=no
case=distance index=23 saved max_distance=40200000 min_distance=3f000000 spring=41200000.3f000000.3e800000 flags=00000007
case=distance index=23 saved anchor0=bf4793ab.40600a4f.c0eb0af2 anchor1=3fb4f45b.c086d287.c0ddd909
case=distance index=23 saved axis0=3e911442.3e8e764b.bf6af272 axis1=bf17c56a.be8639d9.bf42ede3
case=distance index=23 saved normal0=3f600d83.3ea1e72b.3ebb7000 normal1=bf4591f6.3ee8fa38.3ee37124
case=distance index=23 saved max_force=7f7fffff max_torque=7f7fffff flags=00000002 actors a=match b=match
case=distance index=23 scene_joints when=before_release count=1 enumerated=1 order=6 self=yes end=null
case=distance index=23 released=yes
case=distance index=23 scene_joints when=after_release count=0 enumerated=0 order=none self=no end=null
case=pulley index=23 in_anchor=bfc00000.3e800000.41000000 in_axis=3dcdbcfd.3e4dbcfd.3f797526
case=pulley index=23 in_pulley0=00000000.40a00000.00000000 in_pulley1=40800000.40a00000.00000000 distance=40c00000 stiffness=3f400000 ratio=3fc00000 flags=00000001
case=pulley index=23 created=yes
case=pulley index=23 out_anchor=bfc0000e.3e800028.41000000 out_axis=3dcdbd04.3e4dbcf9.3f79751f state=0
case=pulley index=23 abi_sret cases=2 flags=0 mismatches=0
case=pulley index=23 abi_sret_values anchor=bfc0000e.3e800028.41000000 axis=3f8cdbd0.3e4dbcf9.3f79751f
case=pulley index=23 internal off=04c words=3f600d83.3ea1e72b.3ebb7000.bf4591f6.3ee8fa38.3ee37124.bec8be00.3f682edc
case=pulley index=23 internal off=06c words=3e1d9d4e.be6b8b9c.bf59dbc4.3ef1b64c.3e911442.3e8e764b.bf6af272.bf17c56a
case=pulley index=23 internal off=08c words=be8639d9.bf42ede3.bf4793ab.40600a4f.c0eb0af2.3fb4f45b.c086d287.c0ddd909
case=pulley index=23 internal off=0ac words=3f0786d0.3f0b7141.be7e344f.3f19e6b9.3ea6bc39.bf4b316c.bed0e046.be9fe3a9
case=pulley index=23 internal off=0cc words=3f600d83.3ea1e72b.3ebb7000.bf4591f6.3ee8fa38.3ee37124.bec8be00.3f682edc
case=pulley index=23 internal off=0ec words=3e1d9d4e.be6b8b9c.bf59dbc4.3ef1b64c.3e911442.3e8e764b.bf6af272.bf17c56a
case=pulley index=23 internal off=10c words=be8639d9.bf42ede3.bf4793ab.40600a4f.c0eb0af2.3fb4f45b.c086d287.c0ddd909
case=pulley index=23 internal off=12c words=3f0786d0.3f0b7141.be7e344f.3f19e6b9.3ea6bc39.bf4b316c.bed0e046.be9fe3a9
case=pulley index=23 actors a=match b=match
case=pulley index=23 type=7 is_pulley=yes is_distance=no
case=pulley index=23 saved pulley0=00000000.40a00000.00000000 pulley1=40800000.40a00000.00000000
case=pulley index=23 saved distance=40c00000 stiffness=3f400000 ratio=3fc00000 flags=00000001
case=pulley index=23 saved anchor0=bf4793ab.40600a4f.c0eb0af2 anchor1=3fb4f45b.c086d287.c0ddd909
case=pulley index=23 saved axis0=3e911442.3e8e764b.bf6af272 axis1=bf17c56a.be8639d9.bf42ede3
case=pulley index=23 saved normal0=3f600d83.3ea1e72b.3ebb7000 normal1=bf4591f6.3ee8fa38.3ee37124
case=pulley index=23 saved max_force=7f7fffff max_torque=7f7fffff flags=00000002 actors a=match b=match
case=pulley index=23 scene_joints when=before_release count=1 enumerated=1 order=7 self=yes end=null
case=pulley index=23 released=yes
case=pulley index=23 scene_joints when=after_release count=0 enumerated=0 order=none self=no end=null
case=fixed index=23 in_anchor=bfc00000.3e800000.41000000 in_axis=3dcdbcfd.3e4dbcfd.3f797526
case=fixed index=23 created=yes
case=fixed index=23 out_anchor=bfc0000e.3e800028.41000000 out_axis=3dcdbd04.3e4dbcf9.3f79751f state=0
case=fixed index=23 abi_sret cases=2 flags=0 mismatches=0
case=fixed index=23 abi_sret_values anchor=bfc0000e.3e800028.41000000 axis=3f8cdbd0.3e4dbcf9.3f79751f
case=fixed index=23 internal off=04c words=3f600d83.3ea1e72b.3ebb7000.bf4591f6.3ee8fa38.3ee37124.bec8be00.3f682edc
case=fixed index=23 internal off=06c words=3e1d9d4e.be6b8b9c.bf59dbc4.3ef1b64c.3e911442.3e8e764b.bf6af272.bf17c56a
case=fixed index=23 internal off=08c words=be8639d9.bf42ede3.bf4793ab.40600a4f.c0eb0af2.3fb4f45b.c086d287.c0ddd909
case=fixed index=23 internal off=0ac words=3f0786d0.3f0b7141.be7e344f.3f19e6b9.3ea6bc39.bf4b316c.bed0e046.be9fe3a9
case=fixed index=23 internal off=0cc words=3f600d83.3ea1e72b.3ebb7000.bf4591f6.3ee8fa38.3ee37124.bec8be00.3f682edc
case=fixed index=23 internal off=0ec words=3e1d9d4e.be6b8b9c.bf59dbc4.3ef1b64c.3e911442.3e8e764b.bf6af272.bf17c56a
case=fixed index=23 internal off=10c words=be8639d9.bf42ede3.bf4793ab.40600a4f.c0eb0af2.3fb4f45b.c086d287.c0ddd909
case=fixed index=23 internal off=12c words=3f0786d0.3f0b7141.be7e344f.3f19e6b9.3ea6bc39.bf4b316c.bed0e046.be9fe3a9
case=fixed index=23 internal off=16c words=403e3a09.40793aaa.bcce5840.3d6e3390.3e300fdb.3f6b9cc1.3eb15b45
case=fixed index=23 actors a=match b=match
case=fixed index=23 type=8 is_fixed=yes is_pulley=no
case=fixed index=23 saved anchor0=bf4793ab.40600a4f.c0eb0af2 anchor1=3fb4f45b.c086d287.c0ddd909
case=fixed index=23 saved axis0=3e911442.3e8e764b.bf6af272 axis1=bf17c56a.be8639d9.bf42ede3
case=fixed index=23 saved normal0=3f600d83.3ea1e72b.3ebb7000 normal1=bf4591f6.3ee8fa38.3ee37124
case=fixed index=23 saved max_force=7f7fffff max_torque=7f7fffff flags=00000002 actors a=match b=match
case=fixed index=23 scene_joints when=before_release count=1 enumerated=1 order=8 self=yes end=null
case=fixed index=23 released=yes
case=fixed index=23 scene_joints when=after_release count=0 enumerated=0 order=none self=no end=null
case=d6 index=23 in_anchor=bfc00000.3e800000.41000000 in_axis=3dcdbcfd.3e4dbcfd.3f797526
case=d6 index=23 in motions=0.1.2.1.1.2
case=d6 index=23 in linear=3f000000.3e800000.3f400000 twist_low=bf000000.3e000000.3f600000 twist_high=3f400000.3e800000.3f200000
case=d6 index=23 in swing1=3f200000.3ec00000.3f000000 swing2=3ec00000.3d800000.3f700000
case=d6 index=23 in drive_x=00000001.40000000.3f800000.42c80000
case=d6 index=23 in drive_y=00000002.40400000.3fc00000.42ca0000
case=d6 index=23 in drive_z=00000001.40800000.40000000.42cc0000
case=d6 index=23 in drive_swing=00000002.40a00000.40200000.42ce0000
case=d6 index=23 in drive_twist=00000001.40c00000.40400000.42d00000
case=d6 index=23 in drive_spherical=00000002.40e00000.40600000.42d20000
case=d6 index=23 in use_spherical=1 drive_position=3f800000.40000000.40400000 drive_orientation=00000000.3f19999a.00000000.3f4ccccd
case=d6 index=23 in drive_linear_velocity=3f000000.bf000000.3fc00000 drive_angular_velocity=be800000.3e000000.40200000
case=d6 index=23 in projection distance=3e000000 angle=3d800000 mode=1
case=d6 index=23 created=yes
case=d6 index=23 out_anchor=bfc0000e.3e800028.41000000 out_axis=3dcdbd04.3e4dbcf9.3f79751f state=0
case=d6 index=23 abi_sret cases=2 flags=0 mismatches=0
case=d6 index=23 abi_sret_values anchor=bfc0000e.3e800028.41000000 axis=3f8cdbd0.3e4dbcf9.3f79751f
case=d6 index=23 internal off=04c words=3f600d83.3ea1e72b.3ebb7000.bf4591f6.3ee8fa38.3ee37124.bec8be00.3f682edc
case=d6 index=23 internal off=06c words=3e1d9d4e.be6b8b9c.bf59dbc4.3ef1b64c.3e911442.3e8e764b.bf6af272.bf17c56a
case=d6 index=23 internal off=08c words=be8639d9.bf42ede3.bf4793ab.40600a4f.c0eb0af2.3fb4f45b.c086d287.c0ddd909
case=d6 index=23 internal off=0ac words=3f0786d0.3f0b7141.be7e344f.3f19e6b9.3ea6bc39.bf4b316c.bed0e046.be9fe3a9
case=d6 index=23 internal off=0cc words=3f600d83.3ea1e72b.3ebb7000.bf4591f6.3ee8fa38.3ee37124.bec8be00.3f682edc
case=d6 index=23 internal off=0ec words=3e1d9d4e.be6b8b9c.bf59dbc4.3ef1b64c.3e911442.3e8e764b.bf6af272.bf17c56a
case=d6 index=23 internal off=10c words=be8639d9.bf42ede3.bf4793ab.40600a4f.c0eb0af2.3fb4f45b.c086d287.c0ddd909
case=d6 index=23 internal off=12c words=3f0786d0.3f0b7141.be7e344f.3f19e6b9.3ea6bc39.bf4b316c.bed0e046.be9fe3a9
case=d6 index=23 internal off=16c words=00000000.00000001.00000002.00000001.00000001.00000002.3f000000.3e800000
case=d6 index=23 internal off=18c words=3f400000.3f200000.3ec00000.3f000000.3ec00000.3d800000.3f700000.bf000000
case=d6 index=23 internal off=1ac words=3e000000.3f600000.3f400000.3e800000.3f200000.00000001.40000000.3f800000
case=d6 index=23 internal off=1cc words=42c80000.00000002.40400000.3fc00000.42ca0000.00000001.40800000.40000000
case=d6 index=23 internal off=1ec words=42cc0000.00000000.00000000.00000000.7f7fffff.00000000.00000000.00000000
case=d6 index=23 internal off=20c words=7f7fffff.00000000.00000000.00000000.7f7fffff.cdcdcd01.3f800000.40000000
case=d6 index=23 internal off=22c words=40400000.00000000.3f19999a.00000000.3f4ccccd.3f000000.bf000000.3fc00000
case=d6 index=23 internal off=24c words=be800000.3e000000.40200000.3e000000.3d800000.3f7399f5.cdcdcdcd.3f6e35bf
case=d6 index=23 internal off=26c words=cdcd0101
case=d6 index=23 actors a=match b=match
case=d6 index=23 type=9 is_d6=yes is_fixed=no
case=d6 index=23 saved motions=2.0.2.0.2.0
case=d6 index=23 saved linear=41100000.3f000000.3f000000 twist_low=c1100000.3e000000.3f600000 twist_high=41180000.3e800000.3f200000
case=d6 index=23 saved swing1=41000000.3ec00000.3f000000 swing2=40e00000.3d800000.3f700000
case=d6 index=23 saved drive_x=00000001.41a00000.41200000.42c80000
case=d6 index=23 saved drive_y=00000002.41a80000.41280000.42ca0000
case=d6 index=23 saved drive_z=00000001.41b00000.41300000.42cc0000
case=d6 index=23 saved drive_swing=00000002.41b80000.41380000.42ce0000
case=d6 index=23 saved drive_twist=00000001.41c00000.41400000.42d00000
case=d6 index=23 saved drive_spherical=00000002.41c80000.41480000.42d20000
case=d6 index=23 saved use_spherical=1 drive_position=41300000.41400000.41500000 drive_orientation=3f000000.3f000000.3f000000.3f000000
case=d6 index=23 saved drive_linear_velocity=41a80000.41b00000.41b80000 drive_angular_velocity=41f80000.42000000.42040000
case=d6 index=23 saved projection distance=42c60000 angle=42c40000 mode=1
case=d6 index=23 saved anchor0=bf4793ab.40600a4f.c0eb0af2 anchor1=3fb4f45b.c086d287.c0ddd909
case=d6 index=23 saved axis0=3e911442.3e8e764b.bf6af272 axis1=bf17c56a.be8639d9.bf42ede3
case=d6 index=23 saved normal0=3f600d83.3ea1e72b.3ebb7000 normal1=bf4591f6.3ee8fa38.3ee37124
case=d6 index=23 saved max_force=7f7fffff max_torque=7f7fffff flags=00000002 actors a=match b=match
case=d6 index=23 drive_contended reports=1 code=2 line=40
case=d6 index=23 drive_orientation_contended reports=1 code=2 line=47
case=d6 index=23 drive_linear_velocity_contended reports=1 code=2 line=54
case=d6 index=23 drive_angular_velocity_contended reports=1 code=2 line=61
case=d6 index=23 drive_setters=called
case=d6 index=23 resaved motions=2.0.2.0.2.0
case=d6 index=23 resaved linear=41100000.3f000000.3f000000 twist_low=c1100000.3e000000.3f600000 twist_high=41180000.3e800000.3f200000
case=d6 index=23 resaved swing1=41000000.3ec00000.3f000000 swing2=40e00000.3d800000.3f700000
case=d6 index=23 resaved drive_x=00000001.41a00000.41200000.42c80000
case=d6 index=23 resaved drive_y=00000002.41a80000.41280000.42ca0000
case=d6 index=23 resaved drive_z=00000001.41b00000.41300000.42cc0000
case=d6 index=23 resaved drive_swing=00000002.41b80000.41380000.42ce0000
case=d6 index=23 resaved drive_twist=00000001.41c00000.41400000.42d00000
case=d6 index=23 resaved drive_spherical=00000002.41c80000.41480000.42d20000
case=d6 index=23 resaved use_spherical=1 drive_position=41300000.41400000.41500000 drive_orientation=3f000000.3f000000.3f000000.3f000000
case=d6 index=23 resaved drive_linear_velocity=41a80000.41b00000.41b80000 drive_angular_velocity=41f80000.42000000.42040000
case=d6 index=23 resaved projection distance=42c60000 angle=42c40000 mode=1
case=d6 index=23 scene_joints when=before_release count=1 enumerated=1 order=9 self=yes end=null
case=d6 index=23 released=yes
case=d6 index=23 scene_joints when=after_release count=0 enumerated=0 order=none self=no end=null
posed_scene=near_xy released
sdk=released
modules pair=2 trusted_system=8 rejected=0
loaded module=NxPhysics.dll path=C:\Users\raynorpat\.codex\worktrees\nxphysics-contact-report-scene-release\Novodex\build\pairs\candidate\NxPhysics.dll sha256=74b466dde168e268a53f6ef99195c60ac4db329e184466da7852182275954251
loaded module=NxFoundation.dll path=C:\Users\raynorpat\.codex\worktrees\nxphysics-contact-report-scene-release\Novodex\build\pairs\candidate\NxFoundation.dll sha256=d5f080bbc8367d0e73435f3b04aebde2352cad53ba0d33225e5c05e630cc2a34
child_stdout_end
child_stderr_begin
child_stderr_end
pass: NxPhysicsJointStagedPairTests/candidate reported the staged identity: loaded module=NxPhysics.dll path=C:\Users\raynorpat\.codex\worktrees\nxphysics-contact-report-scene-release\Novodex\build\pairs\candidate\NxPhysics.dll sha256=74b466dde168e268a53f6ef99195c60ac4db329e184466da7852182275954251
pass: NxPhysicsJointStagedPairTests/candidate reported the staged identity: loaded module=NxFoundation.dll path=C:\Users\raynorpat\.codex\worktrees\nxphysics-contact-report-scene-release\Novodex\build\pairs\candidate\NxFoundation.dll sha256=d5f080bbc8367d0e73435f3b04aebde2352cad53ba0d33225e5c05e630cc2a34
differential target=NxPhysicsJointStagedPairTests oracle_exit=0 candidate_exit=0 both_exit_zero=True stdout_delta=244 stderr_exact=True
differential_targets=NxPhysicsJointStagedPairTests
differential_pairs=C:\Users\raynorpat\.codex\worktrees\nxphysics-contact-report-scene-release\Novodex\build\pairs\oracle,C:\Users\raynorpat\.codex\worktrees\nxphysics-contact-report-scene-release\Novodex\build\pairs\candidate
GATE FAILED: requirement not met: every requested target produces identical oracle and candidate results
At C:\Users\raynorpat\.codex\worktrees\nxphysics-contact-report-scene-release\Novodex\docs\reconstruction\novodex-physi
cs\tools\run_differential.ps1:62 char:9
+         throw "GATE FAILED: requirement not met: $Requirement"
+         ~~~~~~~~~~~~~~~~~~~~~~~~~~~~~~~~~~~~~~~~~~~~~~~~~~~~~~
    + CategoryInfo          : OperationStopped: (GATE FAILED: re...ndidate results:String) [], RuntimeException
    + FullyQualifiedErrorId : GATE FAILED: requirement not met: every requested target produces identical oracle and c
   andidate results
