phase=none resolved_targets=NxPhysicsActorShapeMutationTests
pass: at least one test target was requested
pass: test target is registered in gate_targets.ps1: NxPhysicsActorShapeMutationTests
pass: program pin file exists: C:\Users\raynorpat\.codex\worktrees\nxphysics-contact-report-scene-release\Novodex\docs\reconstruction\novodex-physics\program.json
pass: shipped NxPhysics.dll matches the pinned oracle hash
pass: shipped NxPhysics.dll matches the pinned oracle size
pass: shipped NxFoundation.dll matches the pinned oracle hash
pass: source exists: D:\FlamingEnt__\Unreal_3\Binaries\NxPhysics.dll
pass: source exists: D:\FlamingEnt__\Unreal_3\Binaries\NxFoundation.dll
pass: pair directory is directly under the pairs root: C:\Users\raynorpat\.codex\worktrees\nxphysics-contact-report-scene-release\Novodex\build\pairs\oracle
staged pair=oracle module=NxPhysics.dll source=D:\FlamingEnt__\Unreal_3\Binaries\NxPhysics.dll source_sha256=4b7db3e126735c576f79fe5666e6fa661de9724b2a78808bb0924325ac79602c staged=C:\Users\raynorpat\.codex\worktrees\nxphysics-contact-report-scene-release\Novodex\build\pairs\oracle\NxPhysics.dll staged_sha256=4b7db3e126735c576f79fe5666e6fa661de9724b2a78808bb0924325ac79602c
pass: staged oracle/NxPhysics.dll byte-matches its source
staged pair=oracle module=NxFoundation.dll source=D:\FlamingEnt__\Unreal_3\Binaries\NxFoundation.dll source_sha256=7e0596e45af2f1ab937a948100528e51c80dfd02b295ba678898081883ae0990 staged=C:\Users\raynorpat\.codex\worktrees\nxphysics-contact-report-scene-release\Novodex\build\pairs\oracle\NxFoundation.dll staged_sha256=7e0596e45af2f1ab937a948100528e51c80dfd02b295ba678898081883ae0990
pass: staged oracle/NxFoundation.dll byte-matches its source
pass: source exists: C:\Users\raynorpat\.codex\worktrees\nxphysics-contact-report-scene-release\Novodex\build\Release\NxPhysics.dll
pass: source exists: C:\Users\raynorpat\.codex\worktrees\nxphysics-contact-report-scene-release\Novodex\build\Release\NxFoundation.dll
pass: pair directory is directly under the pairs root: C:\Users\raynorpat\.codex\worktrees\nxphysics-contact-report-scene-release\Novodex\build\pairs\candidate
staged pair=candidate module=NxPhysics.dll source=C:\Users\raynorpat\.codex\worktrees\nxphysics-contact-report-scene-release\Novodex\build\Release\NxPhysics.dll source_sha256=e47f71d2e31b4f50488e68fd30e205b4a6d1d720c785a869f96fe319fd124972 staged=C:\Users\raynorpat\.codex\worktrees\nxphysics-contact-report-scene-release\Novodex\build\pairs\candidate\NxPhysics.dll staged_sha256=e47f71d2e31b4f50488e68fd30e205b4a6d1d720c785a869f96fe319fd124972
pass: staged candidate/NxPhysics.dll byte-matches its source
staged pair=candidate module=NxFoundation.dll source=C:\Users\raynorpat\.codex\worktrees\nxphysics-contact-report-scene-release\Novodex\build\Release\NxFoundation.dll source_sha256=8b8e943347909247bcad21297b2fe2771d0e8f2bcc7c4af97fac20a0f7d12cae staged=C:\Users\raynorpat\.codex\worktrees\nxphysics-contact-report-scene-release\Novodex\build\pairs\candidate\NxFoundation.dll staged_sha256=8b8e943347909247bcad21297b2fe2771d0e8f2bcc7c4af97fac20a0f7d12cae
pass: staged candidate/NxFoundation.dll byte-matches its source
pass: candidate NxPhysics linker map exists: C:\Users\raynorpat\.codex\worktrees\nxphysics-contact-report-scene-release\Novodex\build\Release\NxPhysics.map
staged candidate map source=C:\Users\raynorpat\.codex\worktrees\nxphysics-contact-report-scene-release\Novodex\build\Release\NxPhysics.map staged=C:\Users\raynorpat\.codex\worktrees\nxphysics-contact-report-scene-release\Novodex\build\pairs\candidate\NxPhysics.map
pass: candidate NxPhysics.dll is not the shipped oracle file
pass: test target is built: C:\Users\raynorpat\.codex\worktrees\nxphysics-contact-report-scene-release\Novodex\build\Release\NxPhysicsActorShapeMutationTests.exe
child target=NxPhysicsActorShapeMutationTests pair=oracle command="C:\Users\raynorpat\.codex\worktrees\nxphysics-contact-report-scene-release\Novodex\build\Release\NxPhysicsActorShapeMutationTests.exe" "C:\Users\raynorpat\.codex\worktrees\nxphysics-contact-report-scene-release\Novodex\build\pairs\oracle" exit=0
child_stdout_begin
pair_directory=C:\Users\raynorpat\.codex\worktrees\nxphysics-contact-report-scene-release\Novodex\build\pairs\oracle
modules pair=2 trusted_system=10 rejected=0
loaded module=NxPhysics.dll path=C:\Users\raynorpat\.codex\worktrees\nxphysics-contact-report-scene-release\Novodex\build\pairs\oracle\NxPhysics.dll sha256=4b7db3e126735c576f79fe5666e6fa661de9724b2a78808bb0924325ac79602c
loaded module=NxFoundation.dll path=C:\Users\raynorpat\.codex\worktrees\nxphysics-contact-report-scene-release\Novodex\build\pairs\oracle\NxFoundation.dll sha256=7e0596e45af2f1ab937a948100528e51c80dfd02b295ba678898081883ae0990
shape_mutation actor=1
shape_mutation initial=1.2.1
shape_mutation add_memory=5.0.552.28.272.8.8.f
shape_mutation added=1.2.5.1.1
shape_mutation group=2.2.2.2.1.1
shape_mutation release_memory=0.0.f
shape_mutation released=1.5.1
shape_mutation released_group=1.1.1.1
shape_mutation actor_release_memory=2.7.8.8.f.24.28.552.8.8.272.80
shape_mutation group_before_append=2.2.2.2.4.4
shape_mutation group_add_memory=6.4.552.28.24.24.192.32.f.8.8.96.16
shape_mutation group_added=1.3.5.1.1.1
shape_mutation group_after_append=3.6.3.6.5.8
shape_mutation group_remove_memory=0.0.f
shape_mutation group_removed=2.5.1.1
shape_mutation group_after_remove=2.6.2.6.5.8
shape_mutation t4_static=1
shape_mutation t4_dynamic=1
shape_mutation t4_st_initial=1.2.0.s.c2.2.0.0.624.1.p100.10001.0
shape_mutation t4_dy_initial=1.2.0.s.c2.2.0.1.624.1.p100.10001.0
shape_mutation t4_prunables=0.1.2.1
shape_mutation report=1.1ac.\Epic\Novodex\SDKs\Physics\src\NpActor.cpp.Actor::createShape: desc.isValid() fails!
shape_mutation t4_st_invalid_memory=0.0.f
shape_mutation t4_st_invalid_result=0.1
shape_mutation t4_st_invalid=1.2.0.s.c2.2.0.0.624.1.p100.10001.0
shape_mutation t4_st_sphere_memory=5.0.228.28.272.8.8.f
shape_mutation t4_st_sphere_result=1.0
shape_mutation t4_st_sphere=2.5.0.1.g2.2.2.2.0.bf800000.2.3.624.c2.3.0.0.0.1.c1.3.0.2.0.1.p100.10001.0
shape_mutation t4_st_sphere_world=3f800000.0.0.0.3f60a940.bef57744.0.3ef57744.3f60a940.3fc00000.3e277df0.4088d2dc
shape_mutation t4_st_capsule_memory=4.2.236.28.24.24.f.8.8
shape_mutation t4_st_capsule_result=1.0
shape_mutation t4_st_capsule=3.5.0.1.2.g3.6.3.6.0.bf800000.2.3.624.c2.3.0.0.0.1.c1.3.0.2.0.1.c3.3.0.4.0.1.p100.10001.0
shape_mutation t4_st_capsule_world=3f7490ef.0.3e974e6d.3e11148c.3f60a940.beea80a5.be84c8a8.3ef57744.3f56a082.bf800000.3fdeb757.407fd60a
shape_mutation t4_st_plane_memory=4.2.268.28.192.32.f.96.16
shape_mutation t4_st_plane_result=1.0
shape_mutation t4_st_plane=4.5.0.1.2.3.g4.6.4.6.0.bf800000.2.3.624.c2.3.0.0.0.1.c1.3.0.2.0.1.c3.3.0.4.0.1.c0.3.0.5.0.1.p100.10001.0
shape_mutation t4_st_plane_world=3f800000.0.0.0.3f60a940.bef57744.0.3ef57744.3f60a940.3f800000.40000000.40400000
shape_mutation t4_st_box_memory=2.0.552.28.f
shape_mutation t4_st_box_result=1.0
shape_mutation t4_st_box=5.5.0.1.2.3.4.g5.6.5.6.0.bf800000.2.3.624.c2.3.0.0.0.1.c1.3.0.2.0.1.c3.3.0.4.0.1.c0.3.0.5.0.1.c2.3.0.6.0.1.p100.10001.0
shape_mutation t4_st_box_world=3f43ccb3.3f24eb73.0.bf10bb0d.3f2bd490.bef57744.be9e222a.3ebbbe1f.3f60a940.40800000.4056d938.40268498
shape_mutation t4_st_sphere2_memory=2.0.228.28.f
shape_mutation t4_st_sphere2_result=1.0
shape_mutation t4_st_sphere2=6.5.0.1.2.3.4.5.g6.6.6.6.0.bf800000.2.3.624.c2.3.0.0.0.1.c1.3.0.2.0.1.c3.3.0.4.0.1.c0.3.0.5.0.1.c2.3.0.6.0.1.c1.3.0.7.0.1.p100.10001.0
shape_mutation t4_st_sphere2_world=3f800000.0.0.0.3f60a940.bef57744.0.3ef57744.3f60a940.3fc00000.3e277df0.4088d2dc
shape_mutation t4_st_capsule2_memory=4.2.236.28.56.56.f.24.24
shape_mutation t4_st_capsule2_result=1.0
shape_mutation t4_st_capsule2=7.5.0.1.2.3.4.5.6.g7.14.7.14.0.bf800000.2.3.624.c2.3.0.0.0.1.c1.3.0.2.0.1.c3.3.0.4.0.1.c0.3.0.5.0.1.c2.3.0.6.0.1.c1.3.0.7.0.1.c3.3.0.8.0.1.p100.10001.0
shape_mutation t4_st_capsule2_world=3f7490ef.0.3e974e6d.3e11148c.3f60a940.beea80a5.be84c8a8.3ef57744.3f56a082.bf800000.3fdeb757.407fd60a
shape_mutation report=1.1ac.\Epic\Novodex\SDKs\Physics\src\NpActor.cpp.Actor::createShape: desc.isValid() fails!
shape_mutation t4_dy_invalid_memory=0.0.f
shape_mutation t4_dy_invalid_result=0.1
shape_mutation t4_dy_invalid=1.2.0.s.c2.2.0.1.624.1.p100.10001.0
shape_mutation t4_dy_capsule_memory=5.0.236.28.272.8.8.f
shape_mutation t4_dy_capsule_result=1.0
shape_mutation t4_dy_capsule=2.5.0.1.g2.2.2.2.0.bf800000.2.a.624.c2.3.0.1.0.1.c3.3.0.9.0.1.p100.10001.0
shape_mutation t4_dy_capsule_world=3f7490ef.0.3e974e6d.3e11148c.3f60a940.beea80a5.be84c8a8.3ef57744.3f56a082.bf800000.3fdeb757.407fd60a
shape_mutation t4_dy_sphere_memory=4.2.228.28.24.24.f.8.8
shape_mutation t4_dy_sphere_result=1.0
shape_mutation t4_dy_sphere=3.5.0.1.2.g3.6.3.6.0.bf800000.2.a.624.c2.3.0.1.0.1.c3.3.0.9.0.1.c1.3.0.b.0.1.p100.10001.0
shape_mutation t4_dy_sphere_world=3f800000.0.0.0.3f60a940.bef57744.0.3ef57744.3f60a940.3fc00000.3e277df0.4088d2dc
shape_mutation t4_dy_box_memory=4.2.552.28.192.32.f.96.16
shape_mutation t4_dy_box_result=1.0
shape_mutation t4_dy_box=4.5.0.1.2.3.g4.6.4.6.0.bf800000.2.a.624.c2.3.0.1.0.1.c3.3.0.9.0.1.c1.3.0.b.0.1.c2.3.0.c.0.1.p100.10001.0
shape_mutation t4_dy_box_world=3f43ccb3.3f24eb73.0.bf10bb0d.3f2bd490.bef57744.be9e222a.3ebbbe1f.3f60a940.40800000.4056d938.40268498
shape_mutation t4_st_group_pose=3f800000.0.0.0.3f60a940.bef57744.0.3ef57744.3f60a940.3f800000.40000000.40400000.3f800000.0.0.0.3f60a940.bef57744.0.3ef57744.3f60a940.3f800000.40000000.40400000.0.2
shape_mutation t4_dy_group_pose=3f800000.0.0.0.3f60a940.bef57744.0.3ef57744.3f60a940.3f800000.40000000.40400000.3f800000.0.0.0.3f60a940.bef57744.0.3ef57744.3f60a940.3f800000.40000000.40400000.0.2
shape_mutation t4_st_group_moved=3f60a940.3ef57744.0.bef57744.3f60a940.0.0.0.3f800000.bf800000.3f000000.40800000.3f800000.0.0.0.3f60a940.bef57744.0.3ef57744.3f60a940.3f800000.40000000.40400000.0.2
shape_mutation t4_dy_group_moved=3f60a940.3ef57744.0.bef57744.3f60a940.0.0.0.3f800000.bf800000.3f000000.40800000.3f800000.0.0.0.3f60a940.bef57744.0.3ef57744.3f60a940.3f800000.40000000.40400000.0.2
shape_mutation t4_dy_child_moved=3eb986f5.3f6e9a1d.0.bf6e9a1d.3eb986f5.0.0.0.3f800000.40072dd8.bd789a60.40400000
shape_mutation t4_st_release_middle_memory=0.0.f
shape_mutation t4_st_release_middle_errors=0
shape_mutation t4_st_release_middle=6.5.0.1.2.6.4.5.g6.14.6.14.0.bf800000.2.3.624.c2.3.0.0.0.1.c1.3.0.2.0.1.c3.3.0.4.0.1.c3.3.0.8.0.1.c2.3.0.6.0.1.c1.3.0.7.0.1.p100.10001.0
shape_mutation t4_st_release_first_memory=0.0.f
shape_mutation t4_st_release_first_errors=0
shape_mutation t4_st_release_first=5.5.5.1.2.6.4.g5.14.5.14.0.bf800000.2.3.624.c1.3.0.7.0.1.c1.3.0.2.0.1.c3.3.0.4.0.1.c3.3.0.8.0.1.c2.3.0.6.0.1.p100.10001.0
shape_mutation t4_st_release_last_memory=0.0.f
shape_mutation t4_st_release_last_errors=0
shape_mutation t4_st_release_last=4.5.5.1.2.6.g4.14.4.14.0.bf800000.2.3.624.c1.3.0.7.0.1.c1.3.0.2.0.1.c3.3.0.4.0.1.c3.3.0.8.0.1.p100.10001.0
shape_mutation t4_st_release_foreign_memory=0.0.f
shape_mutation t4_st_release_foreign_errors=0
shape_mutation t4_st_release_foreign=4.5.5.1.2.6.g4.14.4.14.0.bf800000.2.3.624.c1.3.0.7.0.1.c1.3.0.2.0.1.c3.3.0.4.0.1.c3.3.0.8.0.1.p100.10001.0
shape_mutation t4_st_release_down_memory=0.0.f
shape_mutation t4_st_release_down_errors=0
shape_mutation t4_st_release_down=3.5.6.1.2.g3.14.3.14.0.bf800000.2.3.624.c3.3.0.8.0.1.c1.3.0.2.0.1.c3.3.0.4.0.1.p100.10001.0
shape_mutation t4_st_release_down_memory=0.0.f
shape_mutation t4_st_release_down_errors=0
shape_mutation t4_st_release_down=2.5.2.1.g2.14.2.14.0.bf800000.2.3.624.c3.3.0.4.0.1.c1.3.0.2.0.1.p100.10001.0
shape_mutation t4_st_release_down_memory=0.0.f
shape_mutation t4_st_release_down_errors=0
shape_mutation t4_st_release_down=1.5.1.g1.14.1.14.0.bf800000.2.3.624.c1.3.0.2.0.1.p100.10001.0
shape_mutation report=1.18f.\Epic\Novodex\SDKs\Physics\src\Actor.cpp.Actor::releaseShape: Can't release shape: A static actor can't be left with no shapes!
shape_mutation t4_st_release_only_memory=0.0.f
shape_mutation t4_st_release_only_errors=1
shape_mutation t4_st_release_only=1.5.1.g1.14.1.14.0.bf800000.2.3.624.c1.3.0.2.0.1.p100.10001.0
shape_mutation t4_dy_release_middle_memory=0.0.f
shape_mutation t4_dy_release_middle_errors=0
shape_mutation t4_dy_release_middle=3.5.0.1.3.g3.6.3.6.0.bf800000.2.a.624.c2.3.0.1.0.1.c3.3.0.9.0.1.c2.3.0.c.0.1.p100.10001.0
shape_mutation t4_dy_release_down_memory=0.0.f
shape_mutation t4_dy_release_down_errors=0
shape_mutation t4_dy_release_down=2.5.0.1.g2.6.2.6.0.bf800000.2.a.624.c2.3.0.1.0.1.c3.3.0.9.0.1.p100.10001.0
shape_mutation t4_dy_release_down_memory=0.0.f
shape_mutation t4_dy_release_down_errors=0
shape_mutation t4_dy_release_down=1.5.0.g1.6.1.6.0.bf800000.2.a.624.c2.3.0.1.0.1.p100.10001.0
shape_mutation t4_dy_release_only_memory=1.3.8.f.24.24.272
shape_mutation t4_dy_release_only_errors=0
shape_mutation t4_dy_release_only=0.ffffffff.p100.10000.0
shape_mutation report=1.1a4.\Epic\Novodex\SDKs\Physics\src\Actor.cpp.Actor::releaseShape: shape not found!
shape_mutation t4_dy_release_empty_memory=0.0.f
shape_mutation t4_dy_release_empty_errors=1
shape_mutation t4_dy_release_empty=0.ffffffff.p100.10000.0
shape_mutation t4_dy_install_memory=2.0.228.28.f
shape_mutation t4_dy_install_result=1.0
shape_mutation t4_dy_install=1.1.4.s.c1.2.0.a.624.1.p100.10001.0
shape_mutation t4_dy_install_world=3f60a940.3ef57744.0.bef57744.3f60a940.0.0.0.3f800000.bf853381.bf1e0710.40c00000
shape_mutation report=1.19d.\Epic\Novodex\SDKs\Physics\src\Actor.cpp.Actor::releaseShape: shape not found!
shape_mutation t4_dy_release_mismatch_memory=0.0.f
shape_mutation t4_dy_release_mismatch_errors=1
shape_mutation t4_dy_release_mismatch=1.1.4.s.c1.2.0.a.624.1.p100.10001.0
shape_mutation t4_dy_release_single_memory=0.2.f.28.228
shape_mutation t4_dy_release_single_errors=0
shape_mutation t4_dy_release_single=0.ffffffff.p100.10000.0
shape_mutation t4_dy_install2_memory=2.0.236.28.f
shape_mutation t4_dy_install2_result=1.0
shape_mutation t4_dy_install2=1.3.5.s.c3.2.0.a.624.1.p100.10001.0
shape_mutation t4_dy_install2_world=3f56a082.3ef57744.3e84c8a8.beea80a5.3f60a940.be11148c.be974e6d.0.3f7490ef.c028a8e6.3fd6d0ca.40a00000
shape_mutation t4_dy_promote_memory=5.0.268.28.272.8.8.f
shape_mutation t4_dy_promote_result=1.0
shape_mutation t4_dy_promote=2.5.5.6.g2.2.2.2.0.bf800000.2.e.624.c3.3.0.a.0.1.c0.3.0.d.0.1.p100.10001.0
shape_mutation t4_dy_promote_world=3f60a940.3ef57744.0.bef57744.3f60a940.0.0.0.3f800000.bf800000.3f000000.40800000
shape_mutation t4_single=1
shape_mutation report=1.19c.\Epic\Novodex\SDKs\Physics\src\Actor.cpp.Actor::releaseShape: Can't release shape: A static actor can't be left with no shapes!
shape_mutation t4_ss_release_only_memory=0.0.f
shape_mutation t4_ss_release_only_errors=1
shape_mutation t4_ss_release_only=1.1.0.s.c1.2.0.f.624.1.p100.20001.0
shape_mutation t4_ss_box_memory=5.0.552.28.272.8.8.f
shape_mutation t4_ss_box_result=1.0
shape_mutation t4_ss_box=2.5.0.1.g2.2.2.2.0.bf800000.2.11.624.c1.3.0.f.0.1.c2.3.0.10.0.1.p100.20001.0
shape_mutation t4_ss_box_world=3f800000.0.0.0.3f800000.0.0.0.3f800000.0.0.0
shape_mutation t4_dy_actor_release_memory=3.11.8.8.24.f.24.608.28.236.28.268.8.8.8.272.80
shape_mutation t4_st_actor_release_memory=0.7.f.24.28.228.56.56.272.80
shape_mutation t4_bare_create_memory=15.3.80.24.608.2048.1024.2048.1024.2048.1024.1024.1024.8.1024.1024.8.f.2048.2048.2048
shape_mutation t4_bare=1.0
shape_mutation t4_bare_box_memory=14.3.552.2048.1024.2048.1024.2048.1024.1024.1024.28.60.96.16.8.f.2048.2048.2048
shape_mutation t4_bare_box_result=1.0
shape_mutation t4_bare_box=1.2.0.s.c2.2.0.0.624.1.p100.1.0
shape_mutation t4_bare_box_world=3f800000.0.0.0.3f60a940.bef57744.0.3ef57744.3f60a940.3f800000.40000000.40400000
shape_mutation t4_bare_capsule_memory=5.0.236.28.272.8.8.f
shape_mutation t4_bare_capsule_result=1.0
shape_mutation t4_bare_capsule=2.5.0.1.g2.2.2.2.0.bf800000.2.2.624.c2.3.0.0.0.1.c3.3.0.1.0.1.p100.1.0
shape_mutation t4_bare_capsule_world=3f7490ef.0.3e974e6d.3e11148c.3f60a940.beea80a5.be84c8a8.3ef57744.3f56a082.bf800000.3fdeb757.407fd60a
shape_mutation t4_bare_group_pose=3f800000.0.0.0.3f60a940.bef57744.0.3ef57744.3f60a940.3f800000.40000000.40400000.3f800000.0.0.0.3f60a940.bef57744.0.3ef57744.3f60a940.3f800000.40000000.40400000.0.2
shape_mutation t4_bare_release_box_memory=0.0.f
shape_mutation t4_bare_release_box_errors=0
shape_mutation t4_bare_release_box=1.5.1.g1.2.1.2.0.bf800000.2.2.624.c3.3.0.1.0.1.p100.1.0
shape_mutation t4_bare_release_capsule_memory=1.3.8.f.8.8.272
shape_mutation t4_bare_release_capsule_errors=0
shape_mutation t4_bare_release_capsule=0.ffffffff.p100.0.0
shape_mutation t4_bare_release_memory=2.3.8.8.f.24.608.80
shape_mutation t5_created=1.1.1.1.1.1.1.1.1.1.1
shape_mutation t5_box_initial=0.m40000000.3f000000.i3f800000.40000000.40400000.3f800000.3f000000.3eaaaaab.f.3f800000.0.0.0.3f800000.0.0.0.3f800000.0.0.0.w.3e7d5777.0.0.3f780aa5.3f800000.0.0.0.3f60a940.bef57744.0.3ef57744.3f60a940.3f800000.40000000.40400000.3f800000.0.0.0.3eec62e0.3d8f9c6e.0.3d8f9c6e.3ebe47cb.n2
shape_mutation t5_box_density=0.m40800000.3e800000.i40ad5556.40b55556.3ed55580.3e3d0bd0.3e34b4b4.4019997b.f.3f43cc8c.3f24eba1.0.bf24eba1.3f43cc8c.0.0.0.3f800000.40400000.3f800000.bf800000.w.3e6dfb6a.3dadbdcf.beaa1b4e.3f6900db.3f43cc8c.3f24eba1.0.bf10bb36.3f2bd46d.bef57744.be9e2256.3ebbbdfa.3f60a940.40800000.4056d938.40268498.3e3995b3.bb66cf3c.bafc2ed8.bb66cf3c.3f30ad89.bf6f20b0.bafc2ed8.bf6f20b0.3ff1e18c.n4
shape_mutation t5_box_total=0.m41200000.3dcccccd.i4158aaac.4162aaab.3f855570.3d973ca6.3d909090.3f75c25e.f.3f43cc8c.3f24eba1.0.bf24eba1.3f43cc8c.0.0.0.3f800000.40400000.3f800000.bf800000.w.3e6dfb6a.3dadbdcf.beaa1b4e.3f6900db.3f43cc8c.3f24eba1.0.bf10bb36.3f2bd46d.bef57744.be9e2256.3ebbbdfa.3f60a940.40800000.4056d938.40268498.3d9477c2.bab8a5be.ba49bf07.bab8a5be.3e8d57a0.bebf4d59.ba49bf07.bebf4d59.3f41813c.n6
shape_mutation t5_sphere_density=0.m4029a560.3ec127b9.i3f18ae70.3f18ae70.3f18ae70.3fd69dea.3fd69dea.3fd69dea.f.3f800000.0.0.0.3f800000.0.0.0.3f800000.3f000000.bf800000.40000000.w.3e7d5777.0.0.3f780aa5.3f800000.0.0.0.3f60a940.bef57744.0.3ef57744.3f60a940.3fc00000.3e277df0.4088d2dc.3fd69dea.0.0.0.3fd69dea.3325df44.0.3325df44.3fd69dea.n4
shape_mutation t5_sphere_total=0.m40e00000.3e124925.i3fc99999.3fc99999.3fc99999.3f228a29.3f228a29.3f228a29.f.3f800000.0.0.0.3f800000.0.0.0.3f800000.3f000000.bf800000.40000000.w.3e7d5777.0.0.3f780aa5.3f800000.0.0.0.3f60a940.bef57744.0.3ef57744.3f60a940.3fc00000.3e277df0.4088d2dc.3f228a29.0.0.0.3f228a29.b0c69d80.0.b0c69d80.3f228a29.n6
shape_mutation t5_capsule_density=0.m3f96cbe4.3f594caf.i3ed27c9b.3d16cc00.3ed27c98.401bad61.41d94c87.401bad63.f.3f800000.0.0.0.3f800000.0.0.0.3f800000.c0000000.3e800000.3f800000.w.0.0.0.3f800000.3f800000.0.0.0.3f800000.0.0.0.3f800000.c0000000.3e800000.3f800000.401bad61.0.0.0.41d94c87.0.0.0.401bad63.n4
shape_mutation t5_capsule_total=0.m3e99999a.40555555.i3dd66669.3c1999b6.3dd66666.4118d5f7.42d5552e.4118d5f9.f.3f800000.0.0.0.3f800000.0.0.0.3f800000.c0000000.3e800000.3f800000.w.0.0.0.3f800000.3f800000.0.0.0.3f800000.0.0.0.3f800000.c0000000.3e800000.3f800000.4118d5f7.0.0.0.42d5552e.0.0.0.4118d5f9.n6
shape_mutation t5_centred_density=0.m41c00000.3d2aaaab.i42d00000.42a00000.42200000.3c1d89d9.3c4ccccd.3ccccccd.f.3f800000.0.0.0.3f800000.0.0.0.3f800000.0.0.0.w.0.0.0.3f800000.3f800000.0.0.0.3f800000.0.0.0.3f800000.0.0.0.3c1d89d9.0.0.0.3c4ccccd.0.0.0.3ccccccd.n4
shape_mutation t5_centred_total=0.m41400000.3daaaaab.i42500000.42200000.41a00000.3c9d89d9.3ccccccd.3d4ccccd.f.3f800000.0.0.0.3f800000.0.0.0.3f800000.0.0.0.w.0.0.0.3f800000.3f800000.0.0.0.3f800000.0.0.0.3f800000.0.0.0.3c9d89d9.0.0.0.3ccccccd.0.0.0.3d4ccccd.n6
shape_mutation t5_group_density=0.m40a664d0.3e44ee30.i40c70631.42015bf3.41e7f464.3e24a4b0.3cfd4f6a.3d0d44dd.f.3f24fdc9.bcc07981.3f43a595.3ebc4028.3f62ca66.be90cf38.bf2b9f5c.3eed32f0.3f1460a3.3fbba4a5.3da2f962.3eed2d4d.w.3ed8a27d.3ebbbc88.3e55161e.3f4d50a3.3f24fdc9.bcc07981.3f43a595.3f24e208.3f0e2af9.bf06ad55.bed2f942.3f54cf60.3ebf006b.401dd252.3fec8304.405c75a1.3db2118f.3d56ecff.bd091860.3d56ecff.3dafad90.bd100971.bd091860.bd100971.3d5b0111.n4
shape_mutation t5_group_total=0.m41100000.3de38e39.i412c3d28.425fe634.4248bccb.3dbe3f55.3c9259ff.3ca33cf3.f.3f24fdc9.bcc07954.3f43a595.3ebc4027.3f62ca65.be90cf3b.bf2b9f5c.3eed32f2.3f1460a3.3fbba4a5.3da2f962.3eed2d4d.w.3ed8a27e.3ebbbc88.3e55161c.3f4d50a2.3f24fdc9.bcc07954.3f43a595.3f24e208.3f0e2af8.bf06ad56.bed2f943.3f54cf60.3ebf006a.401dd252.3fec8304.405c75a1.3d4dc2ae.3cf85971.bc9e6a4c.3cf85971.3d4aff83.bca66fba.bc9e6a4c.bca66fba.3cfd0fe3.n6
shape_mutation t5_mixed_density=0.m406231d6.3e90ddca.i3f4b9340.3f4b9340.3f4b9340.3fa0f66f.3fa0f66f.3fa0f66f.f.3f800000.0.0.0.3f800000.0.0.0.3f800000.3f000000.bf800000.40000000.w.3e7d5777.0.0.3f780aa5.3f800000.0.0.0.3f60a940.bef57744.0.3ef57744.3f60a940.3fc00000.3e277df0.4088d2dc.3fa0f66f.0.0.0.3fa0f66f.b2e7b8a0.0.b2e7b8a0.3fa0f66f.n4
shape_mutation report=1.a8.\Epic\Novodex\SDKs\Physics\src\NpActor.cpp.Actor::updateMassFromShapes: Compute mesh inertia tensor failed for one of the actor's mesh shapes! Please change mesh geometry or supply a tensor manually!
shape_mutation t5_plane_density=1.m40000000.3f000000.i3f800000.40000000.40400000.3f800000.3f000000.3eaaaaab.f.3f800000.0.0.0.3f800000.0.0.0.3f800000.0.0.0.w.0.0.0.3f800000.3f800000.0.0.0.3f800000.0.0.0.3f800000.0.0.0.3f800000.0.0.0.3f000000.0.0.0.3eaaaaab.n2
shape_mutation report=1.a8.\Epic\Novodex\SDKs\Physics\src\NpActor.cpp.Actor::updateMassFromShapes: Compute mesh inertia tensor failed for one of the actor's mesh shapes! Please change mesh geometry or supply a tensor manually!
shape_mutation t5_plane_group=1.m40000000.3f000000.i3f800000.40000000.40400000.3f800000.3f000000.3eaaaaab.f.3f800000.0.0.0.3f800000.0.0.0.3f800000.0.0.0.w.0.0.0.3f800000.3f800000.0.0.0.3f800000.0.0.0.3f800000.0.0.0.3f800000.0.0.0.3f000000.0.0.0.3eaaaaab.n2
shape_mutation report=1.a9.\Epic\Novodex\SDKs\Physics\src\NpActor.cpp.Actor::updateMassFromShapes: Can't compute mass from shapes: must have at least one non-trigger shape!
shape_mutation t5_trigger_density=1.m40000000.3f000000.i3f800000.40000000.40400000.3f800000.3f000000.3eaaaaab.f.3f800000.0.0.0.3f800000.0.0.0.3f800000.0.0.0.w.0.0.0.3f800000.3f800000.0.0.0.3f800000.0.0.0.3f800000.0.0.0.3f800000.0.0.0.3f000000.0.0.0.3eaaaaab.n2
shape_mutation report=1.a9.\Epic\Novodex\SDKs\Physics\src\NpActor.cpp.Actor::updateMassFromShapes: Can't compute mass from shapes: must have at least one non-trigger shape!
shape_mutation t5_trigger_total=1.m40000000.3f000000.i3f800000.40000000.40400000.3f800000.3f000000.3eaaaaab.f.3f800000.0.0.0.3f800000.0.0.0.3f800000.0.0.0.w.0.0.0.3f800000.3f800000.0.0.0.3f800000.0.0.0.3f800000.0.0.0.3f800000.0.0.0.3f000000.0.0.0.3eaaaaab.n2
shape_mutation report=1.9a.\Epic\Novodex\SDKs\Physics\src\NpActor.cpp.Actor::updateMassFromShapes: density and total Mass of a shape have to be nonnegative!
shape_mutation t5_negative_density=1.m41200000.3dcccccd.i4158aaac.4162aaab.3f855570.3d973ca6.3d909090.3f75c25e.f.3f43cc8c.3f24eba1.0.bf24eba1.3f43cc8c.0.0.0.3f800000.40400000.3f800000.bf800000.w.3e6dfb6a.3dadbdcf.beaa1b4e.3f6900db.3f43cc8c.3f24eba1.0.bf10bb36.3f2bd46d.bef57744.be9e2256.3ebbbdfa.3f60a940.40800000.4056d938.40268498.3d9477c2.bab8a5be.ba49bf07.bab8a5be.3e8d57a0.bebf4d59.ba49bf07.bebf4d59.3f41813c.n6
shape_mutation report=1.9a.\Epic\Novodex\SDKs\Physics\src\NpActor.cpp.Actor::updateMassFromShapes: density and total Mass of a shape have to be nonnegative!
shape_mutation t5_negative_total=1.m41200000.3dcccccd.i4158aaac.4162aaab.3f855570.3d973ca6.3d909090.3f75c25e.f.3f43cc8c.3f24eba1.0.bf24eba1.3f43cc8c.0.0.0.3f800000.40400000.3f800000.bf800000.w.3e6dfb6a.3dadbdcf.beaa1b4e.3f6900db.3f43cc8c.3f24eba1.0.bf10bb36.3f2bd46d.bef57744.be9e2256.3ebbbdfa.3f60a940.40800000.4056d938.40268498.3d9477c2.bab8a5be.ba49bf07.bab8a5be.3e8d57a0.bebf4d59.ba49bf07.bebf4d59.3f41813c.n6
shape_mutation report=1.9a.\Epic\Novodex\SDKs\Physics\src\NpActor.cpp.Actor::updateMassFromShapes: density and total Mass of a shape have to be nonnegative!
shape_mutation t5_nan_density=1.m41200000.3dcccccd.i4158aaac.4162aaab.3f855570.3d973ca6.3d909090.3f75c25e.f.3f43cc8c.3f24eba1.0.bf24eba1.3f43cc8c.0.0.0.3f800000.40400000.3f800000.bf800000.w.3e6dfb6a.3dadbdcf.beaa1b4e.3f6900db.3f43cc8c.3f24eba1.0.bf10bb36.3f2bd46d.bef57744.be9e2256.3ebbbdfa.3f60a940.40800000.4056d938.40268498.3d9477c2.bab8a5be.ba49bf07.bab8a5be.3e8d57a0.bebf4d59.ba49bf07.bebf4d59.3f41813c.n6
shape_mutation report=1.9a.\Epic\Novodex\SDKs\Physics\src\NpActor.cpp.Actor::updateMassFromShapes: density and total Mass of a shape have to be nonnegative!
shape_mutation t5_nan_total=1.m41200000.3dcccccd.i4158aaac.4162aaab.3f855570.3d973ca6.3d909090.3f75c25e.f.3f43cc8c.3f24eba1.0.bf24eba1.3f43cc8c.0.0.0.3f800000.40400000.3f800000.bf800000.w.3e6dfb6a.3dadbdcf.beaa1b4e.3f6900db.3f43cc8c.3f24eba1.0.bf10bb36.3f2bd46d.bef57744.be9e2256.3ebbbdfa.3f60a940.40800000.4056d938.40268498.3d9477c2.bab8a5be.ba49bf07.bab8a5be.3e8d57a0.bebf4d59.ba49bf07.bebf4d59.3f41813c.n6
shape_mutation report=1.9f.\Epic\Novodex\SDKs\Physics\src\NpActor.cpp.Actor::updateMassFromShapes: density or total mass must be nonzero!
shape_mutation t5_both_zero=1.m41200000.3dcccccd.i4158aaac.4162aaab.3f855570.3d973ca6.3d909090.3f75c25e.f.3f43cc8c.3f24eba1.0.bf24eba1.3f43cc8c.0.0.0.3f800000.40400000.3f800000.bf800000.w.3e6dfb6a.3dadbdcf.beaa1b4e.3f6900db.3f43cc8c.3f24eba1.0.bf10bb36.3f2bd46d.bef57744.be9e2256.3ebbbdfa.3f60a940.40800000.4056d938.40268498.3d9477c2.bab8a5be.ba49bf07.bab8a5be.3e8d57a0.bebf4d59.ba49bf07.bebf4d59.3f41813c.n6
shape_mutation report=1.9f.\Epic\Novodex\SDKs\Physics\src\NpActor.cpp.Actor::updateMassFromShapes: density or total mass must be nonzero!
shape_mutation t5_negative_zero=1.m41200000.3dcccccd.i4158aaac.4162aaab.3f855570.3d973ca6.3d909090.3f75c25e.f.3f43cc8c.3f24eba1.0.bf24eba1.3f43cc8c.0.0.0.3f800000.40400000.3f800000.bf800000.w.3e6dfb6a.3dadbdcf.beaa1b4e.3f6900db.3f43cc8c.3f24eba1.0.bf10bb36.3f2bd46d.bef57744.be9e2256.3ebbbdfa.3f60a940.40800000.4056d938.40268498.3d9477c2.bab8a5be.ba49bf07.bab8a5be.3e8d57a0.bebf4d59.ba49bf07.bebf4d59.3f41813c.n6
shape_mutation report=1.a0.\Epic\Novodex\SDKs\Physics\src\NpActor.cpp.Actor::updateMassFromShapes: density and total mass may not both be nonzero!
shape_mutation t5_both_nonzero=1.m41200000.3dcccccd.i4158aaac.4162aaab.3f855570.3d973ca6.3d909090.3f75c25e.f.3f43cc8c.3f24eba1.0.bf24eba1.3f43cc8c.0.0.0.3f800000.40400000.3f800000.bf800000.w.3e6dfb6a.3dadbdcf.beaa1b4e.3f6900db.3f43cc8c.3f24eba1.0.bf10bb36.3f2bd46d.bef57744.be9e2256.3ebbbdfa.3f60a940.40800000.4056d938.40268498.3d9477c2.bab8a5be.ba49bf07.bab8a5be.3e8d57a0.bebf4d59.ba49bf07.bebf4d59.3f41813c.n6
shape_mutation report=1.9d.\Epic\Novodex\SDKs\Physics\src\NpActor.cpp.Actor::updateMassFromShapes: Actor must be dynamic!
shape_mutation t5_static=1.static
shape_mutation report=1.9a.\Epic\Novodex\SDKs\Physics\src\NpActor.cpp.Actor::updateMassFromShapes: density and total Mass of a shape have to be nonnegative!
shape_mutation t5_static_negative=1.static
shape_mutation report=1.9e.\Epic\Novodex\SDKs\Physics\src\NpActor.cpp.Actor::updateMassFromShapes: Actor must have shapes!
shape_mutation t5_bare=1.m40000000.3f000000.i3f800000.40000000.40400000.3f800000.3f000000.3eaaaaab.f.3f800000.0.0.0.3f800000.0.0.0.3f800000.0.0.0.w.3e7d5777.0.0.3f780aa5.3f800000.0.0.0.3f60a940.bef57744.0.3ef57744.3f60a940.3f800000.40000000.40400000.3f800000.0.0.0.3eec62e0.3d8f9c6e.0.3d8f9c6e.3ebe47cb.n2
shape_mutation report=1.9e.\Epic\Novodex\SDKs\Physics\src\NpActor.cpp.Actor::updateMassFromShapes: Actor must have shapes!
shape_mutation t5_bare_zero=1.m40000000.3f000000.i3f800000.40000000.40400000.3f800000.3f000000.3eaaaaab.f.3f800000.0.0.0.3f800000.0.0.0.3f800000.0.0.0.w.3e7d5777.0.0.3f780aa5.3f800000.0.0.0.3f60a940.bef57744.0.3ef57744.3f60a940.3f800000.40000000.40400000.3f800000.0.0.0.3eec62e0.3d8f9c6e.0.3d8f9c6e.3ebe47cb.n2
shape_mutation t5_tiny_density=0.m300.7f800000.id00.a00.500.0.0.0.f.3f800000.0.0.0.3f800000.0.0.0.3f800000.0.0.0.w.0.0.0.3f800000.3f800000.0.0.0.3f800000.0.0.0.3f800000.0.0.0.0.0.0.0.0.0.0.0.0.n8
shape_mutation t5_inf_density=0.m7f800000.0.i3f800000.3f800000.3f800000.3f800000.3f800000.3f800000.f.3f800000.0.0.0.3f800000.0.0.0.3f800000.0.0.0.w.0.0.0.3f800000.3f800000.0.0.0.3f800000.0.0.0.3f800000.0.0.0.3f800000.0.0.0.3f800000.0.0.0.3f800000.na
shape_mutation t5_huge_total=0.m7f7fffff.200000.i7f800000.7f800000.7f800000.0.0.0.f.3f800000.0.0.0.3f800000.0.0.0.3f800000.0.0.0.w.0.0.0.3f800000.3f800000.0.0.0.3f800000.0.0.0.3f800000.0.0.0.0.0.0.0.0.0.0.0.0.nc
shape_mutation t5_centred_again=0.m41c00000.3d2aaaab.i42d00000.42a00000.42200000.3c1d89d9.3c4ccccd.3ccccccd.f.3f800000.0.0.0.3f800000.0.0.0.3f800000.0.0.0.w.0.0.0.3f800000.3f800000.0.0.0.3f800000.0.0.0.3f800000.0.0.0.3c1d89d9.0.0.0.3c4ccccd.0.0.0.3ccccccd.ne
shape_mutation report=2.98.\Epic\Novodex\SDKs\Physics\src\NpActor.cpp.PhysicsSDK: WriteLock is still aquired. Procedure call skipped to avoid a deadlock!
shape_mutation t5_locked=1.m41200000.3dcccccd.i4158aaac.4162aaab.3f855570.3d973ca6.3d909090.3f75c25e.f.3f43cc8c.3f24eba1.0.bf24eba1.3f43cc8c.0.0.0.3f800000.40400000.3f800000.bf800000.w.3e6dfb6a.3dadbdcf.beaa1b4e.3f6900db.3f43cc8c.3f24eba1.0.bf10bb36.3f2bd46d.bef57744.be9e2256.3ebbbdfa.3f60a940.40800000.4056d938.40268498.3d9477c2.bab8a5be.ba49bf07.bab8a5be.3e8d57a0.bebf4d59.ba49bf07.bebf4d59.3f41813c.n6
shape_mutation t5_dynamic_created=1.1
shape_mutation t5_create_box_density=0.m40800000.3e800000.i40ad5556.40b55556.3ed55580.3e3d0bd0.3e34b4b4.4019997b.f.3f43cc8c.3f24eba1.0.bf24eba1.3f43cc8c.0.0.0.3f800000.40400000.3f800000.bf800000.w.3e6dfb6a.3dadbdcf.beaa1b4e.3f6900db.3f43cc8c.3f24eba1.0.bf10bb36.3f2bd46d.bef57744.be9e2256.3ebbbdfa.3f60a940.40800000.4056d938.40268498.3e3995b3.bb66cf3c.bafc2ed8.bb66cf3c.3f30ad89.bf6f20b0.bafc2ed8.bf6f20b0.3ff1e18c.n2
shape_mutation t5_create_sphere_total=0.m40a00000.3e4ccccd.i3f900000.3f900000.3f900000.3f638e39.3f638e39.3f638e39.f.3f800000.0.0.0.3f800000.0.0.0.3f800000.3f000000.bf800000.40000000.w.3e7d5777.0.0.3f780aa5.3f800000.0.0.0.3f60a940.bef57744.0.3ef57744.3f60a940.3fc00000.3e277df0.4088d2dc.3f638e39.0.0.0.3f638e39.325a3120.0.325a3120.3f638e39.n2
shape_mutation t5_create_capsule_density=0.m3f16cbe4.3fd94caf.i3e527c9b.3c96cc00.3e527c98.409bad61.42594c87.409bad63.f.3f800000.0.0.0.3f800000.0.0.0.3f800000.c0000000.3e800000.3f800000.w.0.0.0.3f800000.3f800000.0.0.0.3f800000.0.0.0.3f800000.c0000000.3e800000.3f800000.409bad61.0.0.0.42594c87.0.0.0.409bad63.n2
shape_mutation t5_create_group_density=0.m4047ac2c.3ea41bd3.i406ed43e.419b3b24.418b2c3c.3e8933e6.3d531782.3d6b72c5.f.3f24fdc9.bcc079d4.3f43a595.3ebc4027.3f62ca67.be90cf31.bf2b9f5c.3eed32eb.3f1460a5.3fbba4a5.3da2f962.3eed2d4d.w.3ed8a27a.3ebbbc87.3e551620.3f4d50a3.3f24fdc9.bcc079d4.3f43a595.3f24e208.3f0e2afb.bf06ad53.bed2f943.3f54cf5e.3ebf0072.401dd252.3fec8304.405c75a1.3e1463f6.3db31ad1.bd647df2.3db31ad1.3e1265f6.bd700fba.bd647df2.bd700fba.3db680e3.n2
shape_mutation t5_create_group_total=0.m40c00000.3e2aaaab.i40e5a6e0.42154423.4205d332.3e0eaf80.3cdb86ff.3cf4db6c.f.3f24fdc9.bcc079b3.3f43a596.3ebc4027.3f62ca66.be90cf34.bf2b9f5c.3eed32ed.3f1460a4.3fbba4a5.3da2f962.3eed2d4d.w.3e589dfb.3ed04268.3de3231d.3f61bafa.3f24fdc9.bcc079b3.3f43a596.3ebc4027.3f62ca66.be90cf34.bf2b9f5c.3eed32ed.3f1460a4.3fbba4a5.3da2f962.3eed2d4d.3d9a5203.3cd4ff88.bd4190cc.3cd4ff88.3d2d1842.bce767fb.bd4190cc.bce767fb.3da09976.n2
shape_mutation report=1.e6.\Epic\Novodex\SDKs\Physics\src\Actor.cpp.Actor::loadFromDescInternal: Can't compute mass from shapes: must have at least one non-trigger shape!
shape_mutation report=1.228.\Epic\Novodex\SDKs\Physics\src\Scene.cpp.Actor Initialisation failed: returned NULL.
shape_mutation report=1.e5.\Epic\Novodex\SDKs\Physics\src\Actor.cpp.Actor::loadFromDescInternal: Compute mesh inertia tensor failed for one of the actor's mesh shapes! Please change mesh geometry or supply a tensor manually!
shape_mutation report=1.228.\Epic\Novodex\SDKs\Physics\src\Scene.cpp.Actor Initialisation failed: returned NULL.
shape_mutation t5_create_failures=0.0.4
shape_mutation t5_statics=1.1.1.1.1
shape_mutation t5_single_before=0.1.r2.0.1.624.2.s6.100.60005
shape_mutation t5_single_dynamic_memory=2.1.608.56.f.24
shape_mutation t5_single_dynamic=0.m40400000.3eaaaaab.i3f000000.3fc00000.40200000.40000000.3f2aaaab.3ecccccd.f.3f800000.0.0.0.3f800000.0.0.0.3f800000.0.0.0.w.3e7d5777.0.0.3f780aa5.3f800000.0.0.0.3f60a940.bef57744.0.3ef57744.3f60a940.3f800000.40000000.40400000.40000000.0.0.0.3f1af9c5.3de5c717.0.3de5c717.3eec2e9a.n2
shape_mutation t5_single_dynamic_root=1.1.r2.2.1.624.2.s7.100.50006
shape_mutation t5_single_use=3eaaaaab.3f2aaaab.3f800000.bf800000.3ec0606e.3f735cd3.3f000000.bf800000.3e800000.3f000000.3fc00000.40200000.3f800000.40000000.40400000.40400000
shape_mutation t5_single_mass=0.m40000000.3f000000.i402d5556.40355556.3e555580.3ebd0bd0.3eb4b4b4.4099997b.f.3f43cc8c.3f24eba1.0.bf24eba1.3f43cc8c.0.0.0.3f800000.40400000.3f800000.bf800000.w.3e6dfb6a.3dadbdcf.beaa1b4e.3f6900db.3f43cc8c.3f24eba1.0.bf10bb36.3f2bd46d.bef57744.be9e2256.3ebbbdfa.3f60a940.40800000.4056d938.40268498.3eb995b3.bbe6cf3c.bb7c2ed8.bbe6cf3c.3fb0ad89.bfef20b0.bb7c2ed8.bfef20b0.4071e18c.n4
shape_mutation t5_several_before=0.3.r5.0.2.624.2.s7.100.50006
shape_mutation t5_several_dynamic_memory=1.0.608.f
shape_mutation t5_several_dynamic=0.m40800000.3e800000.i411f3828.424ef985.42399050.3dcdcddb.3c9e51a2.3cb09614.f.3f24fdc9.bcc079a0.3f43a595.3ebc4027.3f62ca66.be90cf35.bf2b9f5c.3eed32ee.3f1460a4.3fbba4a5.3da2f962.3eed2d4d.w.3ed8a27b.3ebbbc88.3e55161e.3f4d50a3.3f24fdc9.bcc079a0.3f43a595.3f24e208.3f0e2afa.bf06ad54.bed2f943.3f54cf5f.3ebf006f.401dd252.3fec8304.405c75a1.3d5e95f2.3d06541e.bcab5e77.3d06541e.3d5b98f3.bcb40bcd.bcab5e77.bcb40bcd.3d08e0ab.n2
shape_mutation t5_several_dynamic_root=1.3.r5.2.2.624.2.s8.100.40007
shape_mutation t5_several_use=3e800000.3f000000.3f400000.bd791468.bd404f9f.3d930bbd.3f000000.bf800000.3e800000.411f3828.424ef985.42399050.401dd252.3fec8304.405c75a1.40800000
shape_mutation t5_dense_dynamic_memory=3.2.608.768.128.f.384.64
shape_mutation t5_dense_dynamic=0.m3e490fdb.40a2f983.i3d8c5312.3bc91000.3d8c5310.41698412.4322f965.41698415.f.3f800000.0.0.0.3f800000.0.0.0.3f800000.c0000000.3e800000.3f800000.w.0.0.0.3f800000.3f800000.0.0.0.3f800000.0.0.0.3f800000.c0000000.3e800000.3f800000.41698412.0.0.0.4322f965.0.0.0.41698415.n2
shape_mutation t5_dense_dynamic_root=1.1.r3.2.1.624.2.s9.100.30008
shape_mutation t5_dense_use=40a2f983.4122f983.41747644.c0e98412.4222f965.41e98415.3f000000.bf800000.3e800000.3d8c5312.3bc91000.3d8c5310.c0000000.3e800000.3f800000.3e490fdb
shape_mutation t5_single_again_memory=2.1.608.8.f.608
shape_mutation t5_single_again=0.m40800000.3e800000.i40ad5556.40b55556.3ed55580.3e3d0bd0.3e34b4b4.4019997b.f.3f43cc8c.3f24eba1.0.bf24eba1.3f43cc8c.0.0.0.3f800000.40400000.3f800000.bf800000.w.3e6dfb6a.3dadbdcf.beaa1b4e.3f6900db.3f43cc8c.3f24eba1.0.bf10bb36.3f2bd46d.bef57744.be9e2256.3ebbbdfa.3f60a940.40800000.4056d938.40268498.3e3995b3.bb66cf3c.bafc2ed8.bb66cf3c.3f30ad89.bf6f20b0.bafc2ed8.bf6f20b0.3ff1e18c.n2
shape_mutation t5_single_again_root=1.1.r2.2.1.624.2.s9.100.30008
shape_mutation t5_single_again_use=3e800000.3f000000.3f400000.bdc344c8.bfd8d14b.4062ff44.3f000000.bf800000.3e800000.40ad5556.40b55556.3ed55580.40800000.4056d938.40268498.40800000
shape_mutation report=1.66.\Epic\Novodex\SDKs\Physics\src\NpActor.cpp.Actor::setDynamic: we need a valid massSpaceInertia if the actor has no shapes!
shape_mutation t5_bare_no_tensor_memory=0.0.f
shape_mutation t5_bare_no_tensor=1.m40000000.3f000000.i3f800000.40000000.40400000.3f800000.3f000000.3eaaaaab.f.3f800000.0.0.0.3f800000.0.0.0.3f800000.0.0.0.w.3e7d5777.0.0.3f780aa5.3f800000.0.0.0.3f60a940.bef57744.0.3ef57744.3f60a940.3f800000.40000000.40400000.3f800000.0.0.0.3eec62e0.3d8f9c6e.0.3d8f9c6e.3ebe47cb.n2
shape_mutation t5_bare_no_tensor_root=1.0.s9.100.30008
shape_mutation t5_bare_tensor_memory=1.1.608.f.608
shape_mutation t5_bare_tensor=0.m40400000.3eaaaaab.i3f000000.3fc00000.40200000.40000000.3f2aaaab.3ecccccd.f.3f800000.0.0.0.3f800000.0.0.0.3f800000.0.0.0.w.3e7d5777.0.0.3f780aa5.3f800000.0.0.0.3f60a940.bef57744.0.3ef57744.3f60a940.3f800000.40000000.40400000.40000000.0.0.0.3f1af9c5.3de5c717.0.3de5c717.3eec2e9a.n2
shape_mutation t5_bare_tensor_root=1.0.s9.100.30008
shape_mutation t5_bare_use=3eaaaaab.3f2aaaab.3f800000.bf800000.3ec0606e.3f735cd3.3f000000.bf800000.3e800000.3f000000.3fc00000.40200000.3f800000.40000000.40400000.40400000
shape_mutation report=1.63.\Epic\Novodex\SDKs\Physics\src\NpActor.cpp.Actor::setDynamic: desc.isValid() fails!
shape_mutation t5_negative_mass_memory=0.0.f
shape_mutation t5_negative_mass=1.static
shape_mutation t5_negative_mass_root=0.1.r2.0.1.624.2.s9.100.30008
shape_mutation report=1.63.\Epic\Novodex\SDKs\Physics\src\NpActor.cpp.Actor::setDynamic: desc.isValid() fails!
shape_mutation t5_nan_pose_memory=0.0.f
shape_mutation t5_nan_pose=1.static
shape_mutation t5_nan_pose_root=0.1.r2.0.1.624.2.s9.100.30008
shape_mutation t5_trigger_before=0.1.r2.0.1.624.2.s9.100.30008
shape_mutation report=1.7d.\Epic\Novodex\SDKs\Physics\src\NpActor.cpp.Actor::setDynamic: Can't compute mass from shapes: must have at least one non-trigger shape!
shape_mutation t5_trigger_dynamic_memory=0.0.f
shape_mutation t5_trigger_dynamic=1.static
shape_mutation t5_trigger_dynamic_root=0.1.r2.0.1.0.2.s9.100.20008
shape_mutation t5_plane_before=0.1.r0.0.1.624.2.s9.100.20008
shape_mutation report=1.7c.\Epic\Novodex\SDKs\Physics\src\NpActor.cpp.Actor::setDynamic: Compute mesh inertia tensor failed for one of the actor's mesh shapes! Please change mesh geometry or supply a tensor manually!
shape_mutation t5_plane_dynamic_memory=0.0.f
shape_mutation t5_plane_dynamic=1.static
shape_mutation t5_plane_dynamic_root=0.1.r0.0.1.0.2.s9.100.10008
shape_mutation report=2.5b.\Epic\Novodex\SDKs\Physics\src\NpActor.cpp.PhysicsSDK: WriteLock is still aquired. Procedure call skipped to avoid a deadlock!
shape_mutation t5_locked_dynamic_memory=0.0.f
shape_mutation t5_locked_dynamic=1.static
shape_mutation t5_locked_dynamic_root=0.1.r2.0.1.624.2.s9.100.10008
shape_mutation t5_joint=1.1.0
shape_mutation t5_jointed_dynamic_memory=1.1.608.f.608
shape_mutation t5_jointed_dynamic=0.m40400000.3eaaaaab.i3f000000.3fc00000.40200000.40000000.3f2aaaab.3ecccccd.f.3f800000.0.0.0.3f800000.0.0.0.3f800000.0.0.0.w.3e7d5777.0.0.3f780aa5.3f800000.0.0.0.3f60a940.bef57744.0.3ef57744.3f60a940.3f800000.40000000.40400000.40000000.0.0.0.3f1af9c5.3de5c717.0.3de5c717.3eec2e9a.n2
shape_mutation t5_jointed_dynamic_root=1.1.r2.2.1.624.2.s11.100.1000a
shape_mutation t5_joint_after=2.0.0.1
shape_mutation t5_jointed_use=3eaaaaab.3f2aaaab.3f800000.bf800000.3ec0606e.3f735cd3.3f000000.bf800000.3e800000.3f000000.3fc00000.40200000.3f800000.40000000.40400000.40400000
shape_mutation t5_joint_release_memory=1.11.24.f.24.608.28.552.80.24.8.608.28.228.80
shape_mutation t5_single_release_memory=2.7.24.24.f.24.608.8.28.8.552.80
shape_mutation t5_several_release_memory=1.13.56.f.24.608.28.552.28.228.28.236.24.24.24.272.80
shape_mutation t5_bare_release_memory=0.3.f.24.608.80
shape_mutation t5r_0_box_density=0.m4019c0ec.3ed51ec6.i3fae410c.3eedce3a.3f8540ce.3f3c0c18.4009cb12.3f75e86c.f.3f800000.0.0.0.3f800000.0.0.0.3f800000.3dcccccd.3e4cccce.3e99999a.w.0.3e190650.0.3f7d201a.3f7490ee.0.3e974e6d.0.3f800000.0.be974e6d.0.3f7490ee.bf040c24.3fc00000.3f350128.3f4119af.0.3d82aead.0.4009cb12.0.3d82aead.0.3f70dad3.n4
shape_mutation t5r_0_box_total=0.m40966666.3e59df52.i402a740e.3f689e61.400258c0.3ec03d84.3f8cdda1.3efb6422.f.3f800000.0.0.0.3f800000.0.0.0.3f800000.3dcccccd.3e4cccce.3e99999a.w.0.3e190650.0.3f7d201a.3f7490ee.0.3e974e6d.0.3f800000.0.be974e6d.0.3f7490ee.bf040c24.3fc00000.3f350128.3ec567f3.0.3d0598aa.0.3f8cdda1.0.3d0598aa.0.3ef639b1.n6
shape_mutation t5r_0_capsule_density=0.m3fe298c8.3f109bfa.i3f24f18e.3dde1098.3f24f18e.3fc6a971.41138f7e.3fc6a971.f.3f800000.0.0.0.3f800000.0.0.0.3f800000.3e99999a.3dcccccd.3e4ccccd.w.0.3e190650.0.3f7d201a.3f7490ee.0.3e974e6d.0.3f800000.0.be974e6d.0.3f7490ee.beb56627.3fb33333.3f0d6ad2.3fc6a970.0.32038d16.0.41138f7e.0.32038d16.0.3fc6a970.n4
shape_mutation t5r_0_pair_total=0.m40bccccd.3e2d8f30.i40412065.3f78ed0f.401fc6e2.3ea9abd0.3f83a334.3ecd1603.f.3f7fb3ce.bc45f332.bd3f2789.3c3f706c.3f7ff900.bc0fd41b.3d3f9186.3c06ba25.3f7fb611.3e229e41.3e2eb0e0.3e8a8ba3.w.3ba6dbd4.3e0151f3.3babbf15.3f7df185.3f77d1ef.bc154b54.3e804efe.3c3f706c.3f7ff900.bc0fd41b.be8040ff.3c3b353d.3f77d223.beefc78c.3fbc3c82.3f295d51.3eabecc4.bbd516c5.3c88de96.bbd516c5.3f839e80.3bf1b085.3c88de96.3bf1b085.3ecae7dd.n4
shape_mutation t5r_0_create_box=0.m40490ffa.3ea2f96a.i3fe3dee9.3f1b7cff.3fae410e.3f0fcd03.3fd2be1a.3f3c0c16.f.3f800000.0.0.0.3f800000.0.0.0.3f800000.3dcccccd.3e4cccce.3e99999a.w.0.3e190650.0.3f7d201a.3f7490ee.0.3e974e6d.0.3f800000.0.be974e6d.0.3f7490ee.bf040c24.3fc00000.3f350128.3f13aa3a.0.3d47ddf8.0.3fd2be1a.0.3d47ddf8.0.3f382edd.n2
shape_mutation t5r_0_create_capsule=0.m40466666.3ea5294b.i3f906b2d.3e426e95.3f906b2d.3f62e559.40a8882f.3f62e559.f.3f800000.0.0.0.3f800000.0.0.0.3f800000.3e99999a.3dcccccd.3e4ccccd.w.0.3e190650.0.3f7d201a.3f7490ee.0.3e974e6d.0.3f800000.0.be974e6d.0.3f7490ee.beb56627.3fb33333.3f0d6ad2.3f62e558.0.3001575d.0.40a8882f.0.3001575d.0.3f62e558.n2
shape_mutation t5r_0_create_pair=0.m4016c76a.3ed95323.i3f9a3bf6.3ec6cbf0.3f7f3381.3f5474c2.4024d4ef.3f806691.f.3f7fb3ce.bc45f332.bd3f2786.3c3f706c.3f7ff900.bc0fd41b.3d3f9183.3c06ba25.3f7fb611.3e229e41.3e2eb0e0.3e8a8ba3.w.3ba6dbd4.3e0151f4.3babbf15.3f7df185.3f77d1ef.bc154b54.3e804efe.3c3f706c.3f7ff900.bc0fd41b.be804100.3c3b353d.3f77d223.beefc78c.3fbc3c82.3f295d51.3f574733.bc856942.3d2b620f.bc856942.4024cf0b.3c975146.3d2b620f.3c975146.3f7e123d.n2
shape_mutation t5r_1_box_density=0.m4019c0ec.3ed51ec6.i3fae410b.3eedce36.3f8540cb.3f3c0c19.4009cb14.3f75e871.f.3f800000.0.0.0.3f60a93f.bef57748.0.3ef57748.3f60a93f.bf333333.3fa66666.3ee66666.w.3e7a7f3a.3e14447a.bd176f87.3f75419f.3f7490ee.3e11148e.3e84c8a7.0.3f60a93f.bef57748.be974e6d.3eea80a8.3f56a080.bf9e2d1a.40266666.3f8b1b22.3f473a5e.3e17d254.3e1093ce.3e17d254.3ff0810d.3ef56625.3e1093ce.3ef56625.3f98722f.n4
shape_mutation t5r_1_box_total=0.m40966666.3e59df52.i402a740d.3f689e5e.400258be.3ec03d85.3f8cdda3.3efb6425.f.3f800000.0.0.0.3f60a93f.bef57748.0.3ef57748.3f60a93f.bf333333.3fa66666.3ee66666.w.3e7a7f3a.3e14447a.bd176f87.3f75419f.3f7490ee.3e11148e.3e84c8a7.0.3f60a93f.bef57748.be974e6d.3eea80a8.3f56a080.bf9e2d1a.40266666.3f8b1b22.3ecbab9d.3d9b34f9.3d93cd16.3d9b34f9.3f75dde9.3e7adef0.3d93cd16.3e7adef0.3f1bd862.n6
shape_mutation t5r_1_capsule_density=0.m3fe298c8.3f109bfa.i3f24f18e.3dde10d0.3f24f18e.3fc6a971.41138f59.3fc6a971.f.3f800000.0.0.0.3f800000.0.0.0.3f800000.3ee66666.bf333333.3fa66666.w.0.3e190650.0.3f7d201a.3f7490ee.0.3e974e6d.0.3f800000.0.be974e6d.0.3f7490ee.3de9a18e.3f199999.3fc78bc8.3fc6a970.0.32038d16.0.41138f59.0.32038d16.0.3fc6a970.n4
shape_mutation t5r_1_pair_total=0.m40bccccd.3e2d8f30.i41234a98.3fe8b593.4111f5d2.3dc8ac05.3f0ccf96.3de07fdf.f.3f5ff159.becd70ea.3e8b0e4d.3e8c8cac.3f5f5082.3ecf2730.becc6c10.be8f0a50.3f5f8c53.beb945d0.3f364129.3f332e8b.w.be1acefb.3ea20979.3e4f4d64.3f6a11a4.3f37bc39.beee8961.3f047c4e.3e8c8cac.3f5f5082.3ecf2730.bf23d358.be17e114.3f41044c.bf56bf3e.4000c37d.3f9ce09e.3e4c00da.be39a279.3d128b4d.be39a279.3ee34457.bd6107f1.3d128b4d.bd6107f1.3dea9581.n4
shape_mutation t5r_1_create_box=0.m40490ffa.3ea2f96a.i3fe3dee7.3f1b7cfd.3fae410a.3f0fcd04.3fd2be1d.3f3c0c1a.f.3f800000.0.0.0.3f60a93f.bef57749.0.3ef57749.3f60a93f.bf333333.3fa66666.3ee66666.w.3e7a7f3b.3e14447a.bd176f88.3f75419f.3f7490ee.3e11148f.3e84c8a7.0.3f60a93f.bef57749.be974e6d.3eea80a9.3f56a080.bf9e2d1a.40266666.3f8b1b22.3f1859cf.3de8329f.3ddd1e4a.3de8329f.3fb7ea37.3ebba875.3ddd1e4a.3ebba875.3f69271b.n2
shape_mutation t5r_1_create_capsule=0.m40466666.3ea5294b.i3f906b2d.3e426ec6.3f906b2d.3f62e559.40a88804.3f62e559.f.3f800000.0.0.0.3f800000.0.0.0.3f800000.3ee66666.bf333333.3fa66666.w.0.3e190650.0.3f7d201a.3f7490ee.0.3e974e6d.0.3f800000.0.be974e6d.0.3f7490ee.3de9a18e.3f199999.3fc78bc8.3f62e558.0.3001575d.0.40a88804.0.3001575d.0.3f62e558.n2
shape_mutation t5r_1_create_pair=0.m4016c76a.3ed95323.i40826847.3f39d87d.406921fc.3e7b4633.3fb05180.3e8c8e1c.f.3f5ff159.becd70ea.3e8b0e49.3e8c8cae.3f5f5082.3ecf272f.becc6c0c.be8f0a51.3f5f8c53.beb945d0.3f364129.3f332e8b.w.be1acefb.3ea20976.3e4f4d65.3f6a11a5.3f37bc3a.beee8961.3f047c4c.3e8c8cae.3f5f5082.3ecf272f.bf23d356.be17e116.3f41044c.bf56bf3e.4000c37d.3f9ce09e.3eff7217.bee871f1.3db77f53.bee871f1.3f8e49ac.be0ce352.3db77f53.be0ce352.3e92de6b.n2
shape_mutation t5r_2_box_density=0.m4019c0ec.3ed51ec6.i3fae410b.3eedce2f.3f8540d0.3f3c0c19.4009cb18.3f75e868.f.3f800000.0.0.0.3f800000.0.0.0.3f800000.4039999a.beb33333.3d4cccce.w.0.3e190650.0.3f7d201a.3f7490ee.0.3e974e6d.0.3f800000.0.be974e6d.0.3f7490ee.400574c4.3f733332.beb7ee8c.3f4119b0.0.3d82aea3.0.4009cb18.0.3d82aea3.0.3f70dad0.n4
shape_mutation t5r_2_box_total=0.m40966666.3e59df52.i402a740d.3f689e56.400258c2.3ec03d85.3f8cdda8.3efb641e.f.3f800000.0.0.0.3f800000.0.0.0.3f800000.4039999a.beb33333.3d4cccce.w.0.3e190650.0.3f7d201a.3f7490ee.0.3e974e6d.0.3f800000.0.be974e6d.0.3f7490ee.400574c4.3f733332.beb7ee8c.3ec567f4.0.3d05989d.0.3f8cdda8.0.3d05989d.0.3ef639ad.n6
shape_mutation t5r_2_capsule_density=0.m3fe298c8.3f109bfa.i3f24f1a2.3dde110d.3f24f18e.3fc6a959.41138f30.3fc6a971.f.3f43ccc7.3f24eb5b.0.bf24eb5b.3f43ccc7.0.0.0.3f800000.3d4ccccd.4039999a.beb33333.w.bd51e300.3e0fbf4b.bead9782.3f6dc778.3f3b0e07.3f1d8db0.3e974e6d.bf24eb5b.3f43ccc7.0.be67738a.be42f2b1.3f7490ee.bf417347.40866666.3dce8db4.408ea2c4.40671411.bf6612a2.40671411.40c14081.bf8ef63d.bf6612a2.bf8ef63d.3fea3f2e.n4
shape_mutation t5r_2_pair_total=0.m40bccccd.3e2d8f30.i41c73ac0.40049fc8.41cc2ef1.3d247941.3ef712fc.3d207bb3.f.3f4314b8.bf20d8ca.be2062c1.3f227c50.3f45cd66.bc3c6711.3e0352ad.bdb9a688.3f7cd2c2.4003f7db.3f1b0950.bd8a7904.w.3cf11f1a.3d8581fc.3eabf5a7.3f706ef0.3f4411f0.bf208552.3e11a29c.3f227c50.3f45cd66.bc3c6711.bdd249a5.3dcae8c3.3f7d616f.3f9ffd8e.3ff3eb0e.be655510.3e5b3788.be5b7c5d.bce24713.be5b7c5d.3e9bca8f.3d0ac4db.bce24713.3d0ac4db.3d325a42.n4
shape_mutation t5r_2_create_box=0.m40490ffa.3ea2f96a.i3fe3dee7.3f1b7cf8.3fae4110.3f0fcd04.3fd2be24.3f3c0c13.f.3f800000.0.0.0.3f800000.0.0.0.3f800000.4039999a.beb33333.3d4cccce.w.0.3e190650.0.3f7d201a.3f7490ee.0.3e974e6d.0.3f800000.0.be974e6d.0.3f7490ee.400574c4.3f733332.beb7ee8c.3f13aa3b.0.3d47dde8.0.3fd2be24.0.3d47dde8.0.3f382edb.n2
shape_mutation t5r_2_create_capsule=0.m40466666.3ea5294b.i3f906b3e.3e426efc.3f906b2d.3f62e53f.40a887d5.3f62e559.f.3f43ccc7.3f24eb5b.0.bf24eb5b.3f43ccc7.0.0.0.3f800000.3d4ccccd.4039999a.beb33333.w.bd51e300.3e0fbf4b.bead9782.3f6dc778.3f3b0e07.3f1d8db0.3e974e6d.bf24eb5b.3f43ccc7.0.be67738a.be42f2b1.3f7490ee.bf417347.40866666.3dce8db4.4022e848.4003f5b1.bf0362af.4003f5b1.405cb794.bf23479c.bf0362af.bf23479c.3f85c4e3.n2
shape_mutation t5r_2_create_pair=0.m4016c76a.3ed95323.i411f1baf.3f53d4f7.4123107b.3dcdf2af.3f9ab04f.3dc8f389.f.3f4314b8.bf20d8ca.be2062cd.3f227c50.3f45cd66.bc3c67b9.3e0352bd.bdb9a688.3f7cd2c2.4003f7db.3f1b0950.bd8a7904.w.3cf11f30.3d8581ee.3eabf5a7.3f706ef0.3f4411f1.bf208552.3e11a291.3f227c50.3f45cd66.bc3c67b9.bdd24986.3dcae8c3.3f7d6170.3f9ffd8e.3ff3eb0e.be655510.3f093f6f.bf096a87.bd8dab1a.bf096a87.3f431382.3dadc2f3.bd8dab1a.3dadc2f3.3ddf53a3.n2
shape_mutation t5r_3_box_density=0.m4019c0ec.3ed51ec6.i3fae410c.3eedce37.3f8540cd.3f3c0c18.4009cb13.3f75e86e.f.3f800000.0.0.0.3f60a940.bef57744.0.3ef57744.3f60a940.0.0.3e99999a.w.3e7a7f35.3e14447a.bd176f85.3f75419f.3f7490ee.3e11148c.3e84c8a8.0.3f60a940.bef57744.be974e6d.3eea80a4.3f56a081.bf1c8109.3fa66666.3f3c91e1.3f473a5d.3e17d253.3e1093c9.3e17d253.3ff0810c.3ef5661f.3e1093c9.3ef5661f.3f98722d.n4
shape_mutation t5r_3_box_total=0.m40966666.3e59df52.i402a740e.3f689e5f.400258bf.3ec03d84.3f8cdda2.3efb6423.f.3f800000.0.0.0.3f60a940.bef57744.0.3ef57744.3f60a940.0.0.3e99999a.w.3e7a7f35.3e14447a.bd176f85.3f75419f.3f7490ee.3e11148c.3e84c8a8.0.3f60a940.bef57744.be974e6d.3eea80a4.3f56a081.bf1c8109.3fa66666.3f3c91e1.3ecbab9b.3d9b34f5.3d93cd12.3d9b34f5.3f75dde9.3e7adeed.3d93cd12.3e7adeed.3f1bd860.n6
shape_mutation t5r_3_capsule_density=0.m3fe298c8.3f109bfa.i3f24f18e.3dde1098.3f24f18e.3fc6a971.41138f7e.3fc6a971.f.3f43ccb3.3f24eb73.0.bf24eb73.3f43ccb3.0.0.0.3f800000.3e99999a.0.0.w.bd51e324.3e0fbf48.bead979f.3f6dc772.3f3b0df4.3f1d8dc7.3e974e6d.bf24eb73.3f43ccb3.0.be677373.be42f2ce.3f7490ee.bed3a90a.3fa66666.3eb90212.408ea31e.406714a9.bf661381.406714a9.40c140c1.bf8ef69b.bf661381.bf8ef69b.3fea3f51.n4
shape_mutation t5r_3_pair_total=0.m40bccccd.3e2d8f30.i403fa7e1.3faeabb1.401af493.3eaaf923.3f3b9948.3ed377a4.f.3f6a3020.3e024dff.bec445e6.be84c7a5.3f69a3fb.bea1bf0f.3e9e8c44.3ec6dd9a.3f5e2e8b.3db4a791.0.3e58df6b.w.3e2a1907.bd0db22f.be01d781.3f7a30e9.3f7727c7.3e7205be.bde0c0e1.be84c7a5.3f69a3fb.bea1bf0f.3cd0d51e.3eaabad1.3f71427c.bf0d9aac.3fa66666.3f2052be.3eb6de7e.3db5d36d.3cbe8487.3db5d36d.3f2c8fa4.3dc86253.3cbe8487.3dc86253.3ee5a58f.n4
shape_mutation t5r_3_create_box=0.m40490ffa.3ea2f96a.i3fe3dee9.3f1b7cfe.3fae410d.3f0fcd03.3fd2be1c.3f3c0c17.f.3f800000.0.0.0.3f60a940.bef57744.0.3ef57744.3f60a940.0.0.3e99999a.w.3e7a7f35.3e14447a.bd176f85.3f75419f.3f7490ee.3e11148c.3e84c8a8.0.3f60a940.bef57744.be974e6d.3eea80a4.3f56a081.bf1c8109.3fa66666.3f3c91e1.3f1859ce.3de8329c.3ddd1e40.3de8329c.3fb7ea36.3ebba872.3ddd1e40.3ebba872.3f692716.n2
shape_mutation t5r_3_create_capsule=0.m40466666.3ea5294b.i3f906b2d.3e426e97.3f906b2d.3f62e559.40a8882d.3f62e559.f.3f43ccb2.3f24eb73.0.bf24eb73.3f43ccb2.0.0.0.3f800000.3e99999a.0.0.w.bd51e325.3e0fbf47.bead97a0.3f6dc772.3f3b0df3.3f1d8dc7.3e974e6d.bf24eb73.3f43ccb2.0.be677371.be42f2ce.3f7490ee.bed3a90a.3fa66666.3eb90212.4022e8ad.4003f606.bf03632c.4003f606.405cb7db.bf234806.bf03632c.bf234806.3f85c4f6.n2
shape_mutation t5r_3_create_pair=0.m4016c76a.3ed95323.i3f990f44.3f0b7ebb.3f778006.3f561625.3feae787.3f84655a.f.3f6a3021.3e024dff.bec445e2.be84c7a4.3f69a3fb.bea1bf11.3e9e8c41.3ec6dd9a.3f5e2e8b.3db4a791.0.3e58df6b.w.3e2a1908.bd0db220.be01d780.3f7a30e9.3f7727c7.3e7205be.bde0c0d2.be84c7a4.3f69a3fb.bea1bf11.3cd0d4e6.3eaabad1.3f71427c.bf0d9aac.3fa66666.3f2052be.3f64fb6d.3e63ad00.3d6e8f38.3e63ad00.3fd81326.3e7ae9e8.3d6e8f38.3e7ae9e8.3f8fc716.n2
shape_mutation t5r_nan_0=0.m7fc00000.7fc00000.i3e800000.3f000000.3f400000.40800000.40000000.3faaaaab.f.3f800000.0.0.0.3f800000.0.0.0.3f800000.0.0.0.w.0.3e190650.0.3f7d201a.3f7490ee.0.3e974e6d.0.3f800000.0.be974e6d.0.3f7490ee.bf333333.3fa66666.3ee66666.40711865.0.bf40bb36.0.40000000.0.bf40bb36.0.3fc879de.n2
shape_mutation t5r_nan_0_root=1.1.r2.2.1.624.2.s25.100.19
shape_mutation t5r_nan_1=0.m7fe00000.7fe00000.i3e800000.3f000000.3f400000.40800000.40000000.3faaaaab.f.3f800000.0.0.0.3f800000.0.0.0.3f800000.0.0.0.w.0.3e190650.0.3f7d201a.3f7490ee.0.3e974e6d.0.3f800000.0.be974e6d.0.3f7490ee.bf333333.3fa66666.3ee66666.40711865.0.bf40bb36.0.40000000.0.bf40bb36.0.3fc879de.n2
shape_mutation t5r_nan_1_root=1.1.r2.2.1.624.2.s26.100.1a
modules pair=2 trusted_system=11 rejected=0
loaded module=NxPhysics.dll path=C:\Users\raynorpat\.codex\worktrees\nxphysics-contact-report-scene-release\Novodex\build\pairs\oracle\NxPhysics.dll sha256=4b7db3e126735c576f79fe5666e6fa661de9724b2a78808bb0924325ac79602c
loaded module=NxFoundation.dll path=C:\Users\raynorpat\.codex\worktrees\nxphysics-contact-report-scene-release\Novodex\build\pairs\oracle\NxFoundation.dll sha256=7e0596e45af2f1ab937a948100528e51c80dfd02b295ba678898081883ae0990
child_stdout_end
child_stderr_begin
child_stderr_end
pass: NxPhysicsActorShapeMutationTests/oracle reported the staged identity: loaded module=NxPhysics.dll path=C:\Users\raynorpat\.codex\worktrees\nxphysics-contact-report-scene-release\Novodex\build\pairs\oracle\NxPhysics.dll sha256=4b7db3e126735c576f79fe5666e6fa661de9724b2a78808bb0924325ac79602c
pass: NxPhysicsActorShapeMutationTests/oracle reported the staged identity: loaded module=NxFoundation.dll path=C:\Users\raynorpat\.codex\worktrees\nxphysics-contact-report-scene-release\Novodex\build\pairs\oracle\NxFoundation.dll sha256=7e0596e45af2f1ab937a948100528e51c80dfd02b295ba678898081883ae0990
pass: test target is built: C:\Users\raynorpat\.codex\worktrees\nxphysics-contact-report-scene-release\Novodex\build\Release\NxPhysicsActorShapeMutationTests.exe
child target=NxPhysicsActorShapeMutationTests pair=candidate command="C:\Users\raynorpat\.codex\worktrees\nxphysics-contact-report-scene-release\Novodex\build\Release\NxPhysicsActorShapeMutationTests.exe" "C:\Users\raynorpat\.codex\worktrees\nxphysics-contact-report-scene-release\Novodex\build\pairs\candidate" exit=0
child_stdout_begin
pair_directory=C:\Users\raynorpat\.codex\worktrees\nxphysics-contact-report-scene-release\Novodex\build\pairs\candidate
modules pair=2 trusted_system=7 rejected=0
loaded module=NxPhysics.dll path=C:\Users\raynorpat\.codex\worktrees\nxphysics-contact-report-scene-release\Novodex\build\pairs\candidate\NxPhysics.dll sha256=e47f71d2e31b4f50488e68fd30e205b4a6d1d720c785a869f96fe319fd124972
loaded module=NxFoundation.dll path=C:\Users\raynorpat\.codex\worktrees\nxphysics-contact-report-scene-release\Novodex\build\pairs\candidate\NxFoundation.dll sha256=8b8e943347909247bcad21297b2fe2771d0e8f2bcc7c4af97fac20a0f7d12cae
shape_mutation actor=1
shape_mutation initial=1.2.1
shape_mutation add_memory=5.0.552.28.272.8.8.f
shape_mutation added=1.2.5.1.1
shape_mutation group=2.2.2.2.1.1
shape_mutation release_memory=0.0.f
shape_mutation released=1.5.1
shape_mutation released_group=1.1.1.1
shape_mutation actor_release_memory=2.7.8.8.f.24.28.552.8.8.272.80
shape_mutation group_before_append=2.2.2.2.4.4
shape_mutation group_add_memory=6.4.552.28.24.24.192.32.f.8.8.96.16
shape_mutation group_added=1.3.5.1.1.1
shape_mutation group_after_append=3.6.3.6.5.8
shape_mutation group_remove_memory=0.0.f
shape_mutation group_removed=2.5.1.1
shape_mutation group_after_remove=2.6.2.6.5.8
shape_mutation t4_static=1
shape_mutation t4_dynamic=1
shape_mutation t4_st_initial=1.2.0.s.c2.2.0.0.624.1.p100.10001.0
shape_mutation t4_dy_initial=1.2.0.s.c2.2.0.1.624.1.p100.10001.0
shape_mutation t4_prunables=0.1.2.1
shape_mutation report=1.1ac.\Epic\Novodex\SDKs\Physics\src\NpActor.cpp.Actor::createShape: desc.isValid() fails!
shape_mutation t4_st_invalid_memory=0.0.f
shape_mutation t4_st_invalid_result=0.1
shape_mutation t4_st_invalid=1.2.0.s.c2.2.0.0.624.1.p100.10001.0
shape_mutation t4_st_sphere_memory=5.0.228.28.272.8.8.f
shape_mutation t4_st_sphere_result=1.0
shape_mutation t4_st_sphere=2.5.0.1.g2.2.2.2.0.bf800000.2.3.624.c2.3.0.0.0.1.c1.3.0.2.0.1.p100.10001.0
shape_mutation t4_st_sphere_world=3f800000.0.0.0.3f60a940.bef57744.0.3ef57744.3f60a940.3fc00000.3e277df0.4088d2dc
shape_mutation t4_st_capsule_memory=4.2.236.28.24.24.f.8.8
shape_mutation t4_st_capsule_result=1.0
shape_mutation t4_st_capsule=3.5.0.1.2.g3.6.3.6.0.bf800000.2.3.624.c2.3.0.0.0.1.c1.3.0.2.0.1.c3.3.0.4.0.1.p100.10001.0
shape_mutation t4_st_capsule_world=3f7490ef.0.3e974e6d.3e11148c.3f60a940.beea80a5.be84c8a8.3ef57744.3f56a082.bf800000.3fdeb757.407fd60a
shape_mutation t4_st_plane_memory=4.2.268.28.192.32.f.96.16
shape_mutation t4_st_plane_result=1.0
shape_mutation t4_st_plane=4.5.0.1.2.3.g4.6.4.6.0.bf800000.2.3.624.c2.3.0.0.0.1.c1.3.0.2.0.1.c3.3.0.4.0.1.c0.3.0.5.0.1.p100.10001.0
shape_mutation t4_st_plane_world=3f800000.0.0.0.3f60a940.bef57744.0.3ef57744.3f60a940.3f800000.40000000.40400000
shape_mutation t4_st_box_memory=2.0.552.28.f
shape_mutation t4_st_box_result=1.0
shape_mutation t4_st_box=5.5.0.1.2.3.4.g5.6.5.6.0.bf800000.2.3.624.c2.3.0.0.0.1.c1.3.0.2.0.1.c3.3.0.4.0.1.c0.3.0.5.0.1.c2.3.0.6.0.1.p100.10001.0
shape_mutation t4_st_box_world=3f43ccb3.3f24eb73.0.bf10bb0d.3f2bd490.bef57744.be9e222a.3ebbbe1f.3f60a940.40800000.4056d938.40268498
shape_mutation t4_st_sphere2_memory=2.0.228.28.f
shape_mutation t4_st_sphere2_result=1.0
shape_mutation t4_st_sphere2=6.5.0.1.2.3.4.5.g6.6.6.6.0.bf800000.2.3.624.c2.3.0.0.0.1.c1.3.0.2.0.1.c3.3.0.4.0.1.c0.3.0.5.0.1.c2.3.0.6.0.1.c1.3.0.7.0.1.p100.10001.0
shape_mutation t4_st_sphere2_world=3f800000.0.0.0.3f60a940.bef57744.0.3ef57744.3f60a940.3fc00000.3e277df0.4088d2dc
shape_mutation t4_st_capsule2_memory=4.2.236.28.56.56.f.24.24
shape_mutation t4_st_capsule2_result=1.0
shape_mutation t4_st_capsule2=7.5.0.1.2.3.4.5.6.g7.14.7.14.0.bf800000.2.3.624.c2.3.0.0.0.1.c1.3.0.2.0.1.c3.3.0.4.0.1.c0.3.0.5.0.1.c2.3.0.6.0.1.c1.3.0.7.0.1.c3.3.0.8.0.1.p100.10001.0
shape_mutation t4_st_capsule2_world=3f7490ef.0.3e974e6d.3e11148c.3f60a940.beea80a5.be84c8a8.3ef57744.3f56a082.bf800000.3fdeb757.407fd60a
shape_mutation report=1.1ac.\Epic\Novodex\SDKs\Physics\src\NpActor.cpp.Actor::createShape: desc.isValid() fails!
shape_mutation t4_dy_invalid_memory=0.0.f
shape_mutation t4_dy_invalid_result=0.1
shape_mutation t4_dy_invalid=1.2.0.s.c2.2.0.1.624.1.p100.10001.0
shape_mutation t4_dy_capsule_memory=5.0.236.28.272.8.8.f
shape_mutation t4_dy_capsule_result=1.0
shape_mutation t4_dy_capsule=2.5.0.1.g2.2.2.2.0.bf800000.2.a.624.c2.3.0.1.0.1.c3.3.0.9.0.1.p100.10001.0
shape_mutation t4_dy_capsule_world=3f7490ef.0.3e974e6d.3e11148c.3f60a940.beea80a5.be84c8a8.3ef57744.3f56a082.bf800000.3fdeb757.407fd60a
shape_mutation t4_dy_sphere_memory=4.2.228.28.24.24.f.8.8
shape_mutation t4_dy_sphere_result=1.0
shape_mutation t4_dy_sphere=3.5.0.1.2.g3.6.3.6.0.bf800000.2.a.624.c2.3.0.1.0.1.c3.3.0.9.0.1.c1.3.0.b.0.1.p100.10001.0
shape_mutation t4_dy_sphere_world=3f800000.0.0.0.3f60a940.bef57744.0.3ef57744.3f60a940.3fc00000.3e277df0.4088d2dc
shape_mutation t4_dy_box_memory=4.2.552.28.192.32.f.96.16
shape_mutation t4_dy_box_result=1.0
shape_mutation t4_dy_box=4.5.0.1.2.3.g4.6.4.6.0.bf800000.2.a.624.c2.3.0.1.0.1.c3.3.0.9.0.1.c1.3.0.b.0.1.c2.3.0.c.0.1.p100.10001.0
shape_mutation t4_dy_box_world=3f43ccb3.3f24eb73.0.bf10bb0d.3f2bd490.bef57744.be9e222a.3ebbbe1f.3f60a940.40800000.4056d938.40268498
shape_mutation t4_st_group_pose=3f800000.0.0.0.3f60a940.bef57744.0.3ef57744.3f60a940.3f800000.40000000.40400000.3f800000.0.0.0.3f60a940.bef57744.0.3ef57744.3f60a940.3f800000.40000000.40400000.0.2
shape_mutation t4_dy_group_pose=3f800000.0.0.0.3f60a940.bef57744.0.3ef57744.3f60a940.3f800000.40000000.40400000.3f800000.0.0.0.3f60a940.bef57744.0.3ef57744.3f60a940.3f800000.40000000.40400000.0.2
shape_mutation t4_st_group_moved=3f60a940.3ef57744.0.bef57744.3f60a940.0.0.0.3f800000.bf800000.3f000000.40800000.3f800000.0.0.0.3f60a940.bef57744.0.3ef57744.3f60a940.3f800000.40000000.40400000.0.2
shape_mutation t4_dy_group_moved=3f60a940.3ef57744.0.bef57744.3f60a940.0.0.0.3f800000.bf800000.3f000000.40800000.3f800000.0.0.0.3f60a940.bef57744.0.3ef57744.3f60a940.3f800000.40000000.40400000.0.2
shape_mutation t4_dy_child_moved=3eb986f5.3f6e9a1d.0.bf6e9a1d.3eb986f5.0.0.0.3f800000.40072dd8.bd789a60.40400000
shape_mutation t4_st_release_middle_memory=0.0.f
shape_mutation t4_st_release_middle_errors=0
shape_mutation t4_st_release_middle=6.5.0.1.2.6.4.5.g6.14.6.14.0.bf800000.2.3.624.c2.3.0.0.0.1.c1.3.0.2.0.1.c3.3.0.4.0.1.c3.3.0.8.0.1.c2.3.0.6.0.1.c1.3.0.7.0.1.p100.10001.0
shape_mutation t4_st_release_first_memory=0.0.f
shape_mutation t4_st_release_first_errors=0
shape_mutation t4_st_release_first=5.5.5.1.2.6.4.g5.14.5.14.0.bf800000.2.3.624.c1.3.0.7.0.1.c1.3.0.2.0.1.c3.3.0.4.0.1.c3.3.0.8.0.1.c2.3.0.6.0.1.p100.10001.0
shape_mutation t4_st_release_last_memory=0.0.f
shape_mutation t4_st_release_last_errors=0
shape_mutation t4_st_release_last=4.5.5.1.2.6.g4.14.4.14.0.bf800000.2.3.624.c1.3.0.7.0.1.c1.3.0.2.0.1.c3.3.0.4.0.1.c3.3.0.8.0.1.p100.10001.0
shape_mutation t4_st_release_foreign_memory=0.0.f
shape_mutation t4_st_release_foreign_errors=0
shape_mutation t4_st_release_foreign=4.5.5.1.2.6.g4.14.4.14.0.bf800000.2.3.624.c1.3.0.7.0.1.c1.3.0.2.0.1.c3.3.0.4.0.1.c3.3.0.8.0.1.p100.10001.0
shape_mutation t4_st_release_down_memory=0.0.f
shape_mutation t4_st_release_down_errors=0
shape_mutation t4_st_release_down=3.5.6.1.2.g3.14.3.14.0.bf800000.2.3.624.c3.3.0.8.0.1.c1.3.0.2.0.1.c3.3.0.4.0.1.p100.10001.0
shape_mutation t4_st_release_down_memory=0.0.f
shape_mutation t4_st_release_down_errors=0
shape_mutation t4_st_release_down=2.5.2.1.g2.14.2.14.0.bf800000.2.3.624.c3.3.0.4.0.1.c1.3.0.2.0.1.p100.10001.0
shape_mutation t4_st_release_down_memory=0.0.f
shape_mutation t4_st_release_down_errors=0
shape_mutation t4_st_release_down=1.5.1.g1.14.1.14.0.bf800000.2.3.624.c1.3.0.2.0.1.p100.10001.0
shape_mutation report=1.18f.\Epic\Novodex\SDKs\Physics\src\Actor.cpp.Actor::releaseShape: Can't release shape: A static actor can't be left with no shapes!
shape_mutation t4_st_release_only_memory=0.0.f
shape_mutation t4_st_release_only_errors=1
shape_mutation t4_st_release_only=1.5.1.g1.14.1.14.0.bf800000.2.3.624.c1.3.0.2.0.1.p100.10001.0
shape_mutation t4_dy_release_middle_memory=0.0.f
shape_mutation t4_dy_release_middle_errors=0
shape_mutation t4_dy_release_middle=3.5.0.1.3.g3.6.3.6.0.bf800000.2.a.624.c2.3.0.1.0.1.c3.3.0.9.0.1.c2.3.0.c.0.1.p100.10001.0
shape_mutation t4_dy_release_down_memory=0.0.f
shape_mutation t4_dy_release_down_errors=0
shape_mutation t4_dy_release_down=2.5.0.1.g2.6.2.6.0.bf800000.2.a.624.c2.3.0.1.0.1.c3.3.0.9.0.1.p100.10001.0
shape_mutation t4_dy_release_down_memory=0.0.f
shape_mutation t4_dy_release_down_errors=0
shape_mutation t4_dy_release_down=1.5.0.g1.6.1.6.0.bf800000.2.a.624.c2.3.0.1.0.1.p100.10001.0
shape_mutation t4_dy_release_only_memory=1.3.8.f.24.24.272
shape_mutation t4_dy_release_only_errors=0
shape_mutation t4_dy_release_only=0.ffffffff.p100.10000.0
shape_mutation report=1.1a4.\Epic\Novodex\SDKs\Physics\src\Actor.cpp.Actor::releaseShape: shape not found!
shape_mutation t4_dy_release_empty_memory=0.0.f
shape_mutation t4_dy_release_empty_errors=1
shape_mutation t4_dy_release_empty=0.ffffffff.p100.10000.0
shape_mutation t4_dy_install_memory=2.0.228.28.f
shape_mutation t4_dy_install_result=1.0
shape_mutation t4_dy_install=1.1.4.s.c1.2.0.a.624.1.p100.10001.0
shape_mutation t4_dy_install_world=3f60a940.3ef57744.0.bef57744.3f60a940.0.0.0.3f800000.bf853381.bf1e0710.40c00000
shape_mutation report=1.19d.\Epic\Novodex\SDKs\Physics\src\Actor.cpp.Actor::releaseShape: shape not found!
shape_mutation t4_dy_release_mismatch_memory=0.0.f
shape_mutation t4_dy_release_mismatch_errors=1
shape_mutation t4_dy_release_mismatch=1.1.4.s.c1.2.0.a.624.1.p100.10001.0
shape_mutation t4_dy_release_single_memory=0.2.f.28.228
shape_mutation t4_dy_release_single_errors=0
shape_mutation t4_dy_release_single=0.ffffffff.p100.10000.0
shape_mutation t4_dy_install2_memory=2.0.236.28.f
shape_mutation t4_dy_install2_result=1.0
shape_mutation t4_dy_install2=1.3.5.s.c3.2.0.a.624.1.p100.10001.0
shape_mutation t4_dy_install2_world=3f56a082.3ef57744.3e84c8a8.beea80a5.3f60a940.be11148c.be974e6d.0.3f7490ef.c028a8e6.3fd6d0ca.40a00000
shape_mutation t4_dy_promote_memory=5.0.268.28.272.8.8.f
shape_mutation t4_dy_promote_result=1.0
shape_mutation t4_dy_promote=2.5.5.6.g2.2.2.2.0.bf800000.2.e.624.c3.3.0.a.0.1.c0.3.0.d.0.1.p100.10001.0
shape_mutation t4_dy_promote_world=3f60a940.3ef57744.0.bef57744.3f60a940.0.0.0.3f800000.bf800000.3f000000.40800000
shape_mutation t4_single=1
shape_mutation report=1.19c.\Epic\Novodex\SDKs\Physics\src\Actor.cpp.Actor::releaseShape: Can't release shape: A static actor can't be left with no shapes!
shape_mutation t4_ss_release_only_memory=0.0.f
shape_mutation t4_ss_release_only_errors=1
shape_mutation t4_ss_release_only=1.1.0.s.c1.2.0.f.624.1.p100.20001.0
shape_mutation t4_ss_box_memory=5.0.552.28.272.8.8.f
shape_mutation t4_ss_box_result=1.0
shape_mutation t4_ss_box=2.5.0.1.g2.2.2.2.0.bf800000.2.11.624.c1.3.0.f.0.1.c2.3.0.10.0.1.p100.20001.0
shape_mutation t4_ss_box_world=3f800000.0.0.0.3f800000.0.0.0.3f800000.0.0.0
shape_mutation t4_dy_actor_release_memory=3.11.8.8.24.f.24.608.28.236.28.268.8.8.8.272.80
shape_mutation t4_st_actor_release_memory=0.7.f.24.28.228.56.56.272.80
shape_mutation t4_bare_create_memory=15.3.80.24.608.2048.1024.2048.1024.2048.1024.1024.1024.8.1024.1024.8.f.2048.2048.2048
shape_mutation t4_bare=1.0
shape_mutation t4_bare_box_memory=14.3.552.2048.1024.2048.1024.2048.1024.1024.1024.28.60.96.16.8.f.2048.2048.2048
shape_mutation t4_bare_box_result=1.0
shape_mutation t4_bare_box=1.2.0.s.c2.2.0.0.624.1.p100.1.0
shape_mutation t4_bare_box_world=3f800000.0.0.0.3f60a940.bef57744.0.3ef57744.3f60a940.3f800000.40000000.40400000
shape_mutation t4_bare_capsule_memory=5.0.236.28.272.8.8.f
shape_mutation t4_bare_capsule_result=1.0
shape_mutation t4_bare_capsule=2.5.0.1.g2.2.2.2.0.bf800000.2.2.624.c2.3.0.0.0.1.c3.3.0.1.0.1.p100.1.0
shape_mutation t4_bare_capsule_world=3f7490ef.0.3e974e6d.3e11148c.3f60a940.beea80a5.be84c8a8.3ef57744.3f56a082.bf800000.3fdeb757.407fd60a
shape_mutation t4_bare_group_pose=3f800000.0.0.0.3f60a940.bef57744.0.3ef57744.3f60a940.3f800000.40000000.40400000.3f800000.0.0.0.3f60a940.bef57744.0.3ef57744.3f60a940.3f800000.40000000.40400000.0.2
shape_mutation t4_bare_release_box_memory=0.0.f
shape_mutation t4_bare_release_box_errors=0
shape_mutation t4_bare_release_box=1.5.1.g1.2.1.2.0.bf800000.2.2.624.c3.3.0.1.0.1.p100.1.0
shape_mutation t4_bare_release_capsule_memory=1.3.8.f.8.8.272
shape_mutation t4_bare_release_capsule_errors=0
shape_mutation t4_bare_release_capsule=0.ffffffff.p100.0.0
shape_mutation t4_bare_release_memory=2.3.8.8.f.24.608.80
shape_mutation t5_created=1.1.1.1.1.1.1.1.1.1.1
shape_mutation t5_box_initial=0.m40000000.3f000000.i3f800000.40000000.40400000.3f800000.3f000000.3eaaaaab.f.3f800000.0.0.0.3f800000.0.0.0.3f800000.0.0.0.w.3e7d5777.0.0.3f780aa5.3f800000.0.0.0.3f60a940.bef57744.0.3ef57744.3f60a940.3f800000.40000000.40400000.3f800000.0.0.0.3eec62e0.3d8f9c6e.0.3d8f9c6e.3ebe47cb.n2
shape_mutation t5_box_density=0.m40800000.3e800000.i40ad5556.40b55556.3ed55580.3e3d0bd0.3e34b4b4.4019997b.f.3f43cc8c.3f24eba1.0.bf24eba1.3f43cc8c.0.0.0.3f800000.40400000.3f800000.bf800000.w.3e6dfb6a.3dadbdcf.beaa1b4e.3f6900db.3f43cc8c.3f24eba1.0.bf10bb36.3f2bd46d.bef57744.be9e2256.3ebbbdfa.3f60a940.40800000.4056d938.40268498.3e3995b3.bb66cf3c.bafc2ed8.bb66cf3c.3f30ad89.bf6f20b0.bafc2ed8.bf6f20b0.3ff1e18c.n4
shape_mutation t5_box_total=0.m41200000.3dcccccd.i4158aaac.4162aaab.3f855570.3d973ca6.3d909090.3f75c25e.f.3f43cc8c.3f24eba1.0.bf24eba1.3f43cc8c.0.0.0.3f800000.40400000.3f800000.bf800000.w.3e6dfb6a.3dadbdcf.beaa1b4e.3f6900db.3f43cc8c.3f24eba1.0.bf10bb36.3f2bd46d.bef57744.be9e2256.3ebbbdfa.3f60a940.40800000.4056d938.40268498.3d9477c2.bab8a5be.ba49bf07.bab8a5be.3e8d57a0.bebf4d59.ba49bf07.bebf4d59.3f41813c.n6
shape_mutation t5_sphere_density=0.m4029a560.3ec127b9.i3f18ae70.3f18ae70.3f18ae70.3fd69dea.3fd69dea.3fd69dea.f.3f800000.0.0.0.3f800000.0.0.0.3f800000.3f000000.bf800000.40000000.w.3e7d5777.0.0.3f780aa5.3f800000.0.0.0.3f60a940.bef57744.0.3ef57744.3f60a940.3fc00000.3e277df0.4088d2dc.3fd69dea.0.0.0.3fd69dea.3325df44.0.3325df44.3fd69dea.n4
shape_mutation t5_sphere_total=0.m40e00000.3e124925.i3fc99999.3fc99999.3fc99999.3f228a29.3f228a29.3f228a29.f.3f800000.0.0.0.3f800000.0.0.0.3f800000.3f000000.bf800000.40000000.w.3e7d5777.0.0.3f780aa5.3f800000.0.0.0.3f60a940.bef57744.0.3ef57744.3f60a940.3fc00000.3e277df0.4088d2dc.3f228a29.0.0.0.3f228a29.b0c69d80.0.b0c69d80.3f228a29.n6
shape_mutation t5_capsule_density=0.m3f96cbe4.3f594caf.i3ed27c9b.3d16cc00.3ed27c98.401bad61.41d94c87.401bad63.f.3f800000.0.0.0.3f800000.0.0.0.3f800000.c0000000.3e800000.3f800000.w.0.0.0.3f800000.3f800000.0.0.0.3f800000.0.0.0.3f800000.c0000000.3e800000.3f800000.401bad61.0.0.0.41d94c87.0.0.0.401bad63.n4
shape_mutation t5_capsule_total=0.m3e99999a.40555555.i3dd66669.3c1999b6.3dd66666.4118d5f7.42d5552e.4118d5f9.f.3f800000.0.0.0.3f800000.0.0.0.3f800000.c0000000.3e800000.3f800000.w.0.0.0.3f800000.3f800000.0.0.0.3f800000.0.0.0.3f800000.c0000000.3e800000.3f800000.4118d5f7.0.0.0.42d5552e.0.0.0.4118d5f9.n6
shape_mutation t5_centred_density=0.m41c00000.3d2aaaab.i42d00000.42a00000.42200000.3c1d89d9.3c4ccccd.3ccccccd.f.3f800000.0.0.0.3f800000.0.0.0.3f800000.0.0.0.w.0.0.0.3f800000.3f800000.0.0.0.3f800000.0.0.0.3f800000.0.0.0.3c1d89d9.0.0.0.3c4ccccd.0.0.0.3ccccccd.n4
shape_mutation t5_centred_total=0.m41400000.3daaaaab.i42500000.42200000.41a00000.3c9d89d9.3ccccccd.3d4ccccd.f.3f800000.0.0.0.3f800000.0.0.0.3f800000.0.0.0.w.0.0.0.3f800000.3f800000.0.0.0.3f800000.0.0.0.3f800000.0.0.0.3c9d89d9.0.0.0.3ccccccd.0.0.0.3d4ccccd.n6
shape_mutation t5_group_density=0.m40a664d0.3e44ee30.i40c70631.42015bf3.41e7f464.3e24a4b0.3cfd4f6a.3d0d44dd.f.3f24fdc9.bcc07981.3f43a595.3ebc4028.3f62ca66.be90cf38.bf2b9f5c.3eed32f0.3f1460a3.3fbba4a5.3da2f962.3eed2d4d.w.3ed8a27d.3ebbbc88.3e55161e.3f4d50a3.3f24fdc9.bcc07981.3f43a595.3f24e208.3f0e2af9.bf06ad55.bed2f942.3f54cf60.3ebf006b.401dd252.3fec8304.405c75a1.3db2118f.3d56ecff.bd091860.3d56ecff.3dafad90.bd100971.bd091860.bd100971.3d5b0111.n4
shape_mutation t5_group_total=0.m41100000.3de38e39.i412c3d28.425fe634.4248bccb.3dbe3f55.3c9259ff.3ca33cf3.f.3f24fdc9.bcc07954.3f43a595.3ebc4027.3f62ca65.be90cf3b.bf2b9f5c.3eed32f2.3f1460a3.3fbba4a5.3da2f962.3eed2d4d.w.3ed8a27e.3ebbbc88.3e55161c.3f4d50a2.3f24fdc9.bcc07954.3f43a595.3f24e208.3f0e2af8.bf06ad56.bed2f943.3f54cf60.3ebf006a.401dd252.3fec8304.405c75a1.3d4dc2ae.3cf85971.bc9e6a4c.3cf85971.3d4aff83.bca66fba.bc9e6a4c.bca66fba.3cfd0fe3.n6
shape_mutation t5_mixed_density=0.m406231d6.3e90ddca.i3f4b9340.3f4b9340.3f4b9340.3fa0f66f.3fa0f66f.3fa0f66f.f.3f800000.0.0.0.3f800000.0.0.0.3f800000.3f000000.bf800000.40000000.w.3e7d5777.0.0.3f780aa5.3f800000.0.0.0.3f60a940.bef57744.0.3ef57744.3f60a940.3fc00000.3e277df0.4088d2dc.3fa0f66f.0.0.0.3fa0f66f.b2e7b8a0.0.b2e7b8a0.3fa0f66f.n4
shape_mutation report=1.a8.\Epic\Novodex\SDKs\Physics\src\NpActor.cpp.Actor::updateMassFromShapes: Compute mesh inertia tensor failed for one of the actor's mesh shapes! Please change mesh geometry or supply a tensor manually!
shape_mutation t5_plane_density=1.m40000000.3f000000.i3f800000.40000000.40400000.3f800000.3f000000.3eaaaaab.f.3f800000.0.0.0.3f800000.0.0.0.3f800000.0.0.0.w.0.0.0.3f800000.3f800000.0.0.0.3f800000.0.0.0.3f800000.0.0.0.3f800000.0.0.0.3f000000.0.0.0.3eaaaaab.n2
shape_mutation report=1.a8.\Epic\Novodex\SDKs\Physics\src\NpActor.cpp.Actor::updateMassFromShapes: Compute mesh inertia tensor failed for one of the actor's mesh shapes! Please change mesh geometry or supply a tensor manually!
shape_mutation t5_plane_group=1.m40000000.3f000000.i3f800000.40000000.40400000.3f800000.3f000000.3eaaaaab.f.3f800000.0.0.0.3f800000.0.0.0.3f800000.0.0.0.w.0.0.0.3f800000.3f800000.0.0.0.3f800000.0.0.0.3f800000.0.0.0.3f800000.0.0.0.3f000000.0.0.0.3eaaaaab.n2
shape_mutation report=1.a9.\Epic\Novodex\SDKs\Physics\src\NpActor.cpp.Actor::updateMassFromShapes: Can't compute mass from shapes: must have at least one non-trigger shape!
shape_mutation t5_trigger_density=1.m40000000.3f000000.i3f800000.40000000.40400000.3f800000.3f000000.3eaaaaab.f.3f800000.0.0.0.3f800000.0.0.0.3f800000.0.0.0.w.0.0.0.3f800000.3f800000.0.0.0.3f800000.0.0.0.3f800000.0.0.0.3f800000.0.0.0.3f000000.0.0.0.3eaaaaab.n2
shape_mutation report=1.a9.\Epic\Novodex\SDKs\Physics\src\NpActor.cpp.Actor::updateMassFromShapes: Can't compute mass from shapes: must have at least one non-trigger shape!
shape_mutation t5_trigger_total=1.m40000000.3f000000.i3f800000.40000000.40400000.3f800000.3f000000.3eaaaaab.f.3f800000.0.0.0.3f800000.0.0.0.3f800000.0.0.0.w.0.0.0.3f800000.3f800000.0.0.0.3f800000.0.0.0.3f800000.0.0.0.3f800000.0.0.0.3f000000.0.0.0.3eaaaaab.n2
shape_mutation report=1.9a.\Epic\Novodex\SDKs\Physics\src\NpActor.cpp.Actor::updateMassFromShapes: density and total Mass of a shape have to be nonnegative!
shape_mutation t5_negative_density=1.m41200000.3dcccccd.i4158aaac.4162aaab.3f855570.3d973ca6.3d909090.3f75c25e.f.3f43cc8c.3f24eba1.0.bf24eba1.3f43cc8c.0.0.0.3f800000.40400000.3f800000.bf800000.w.3e6dfb6a.3dadbdcf.beaa1b4e.3f6900db.3f43cc8c.3f24eba1.0.bf10bb36.3f2bd46d.bef57744.be9e2256.3ebbbdfa.3f60a940.40800000.4056d938.40268498.3d9477c2.bab8a5be.ba49bf07.bab8a5be.3e8d57a0.bebf4d59.ba49bf07.bebf4d59.3f41813c.n6
shape_mutation report=1.9a.\Epic\Novodex\SDKs\Physics\src\NpActor.cpp.Actor::updateMassFromShapes: density and total Mass of a shape have to be nonnegative!
shape_mutation t5_negative_total=1.m41200000.3dcccccd.i4158aaac.4162aaab.3f855570.3d973ca6.3d909090.3f75c25e.f.3f43cc8c.3f24eba1.0.bf24eba1.3f43cc8c.0.0.0.3f800000.40400000.3f800000.bf800000.w.3e6dfb6a.3dadbdcf.beaa1b4e.3f6900db.3f43cc8c.3f24eba1.0.bf10bb36.3f2bd46d.bef57744.be9e2256.3ebbbdfa.3f60a940.40800000.4056d938.40268498.3d9477c2.bab8a5be.ba49bf07.bab8a5be.3e8d57a0.bebf4d59.ba49bf07.bebf4d59.3f41813c.n6
shape_mutation report=1.9a.\Epic\Novodex\SDKs\Physics\src\NpActor.cpp.Actor::updateMassFromShapes: density and total Mass of a shape have to be nonnegative!
shape_mutation t5_nan_density=1.m41200000.3dcccccd.i4158aaac.4162aaab.3f855570.3d973ca6.3d909090.3f75c25e.f.3f43cc8c.3f24eba1.0.bf24eba1.3f43cc8c.0.0.0.3f800000.40400000.3f800000.bf800000.w.3e6dfb6a.3dadbdcf.beaa1b4e.3f6900db.3f43cc8c.3f24eba1.0.bf10bb36.3f2bd46d.bef57744.be9e2256.3ebbbdfa.3f60a940.40800000.4056d938.40268498.3d9477c2.bab8a5be.ba49bf07.bab8a5be.3e8d57a0.bebf4d59.ba49bf07.bebf4d59.3f41813c.n6
shape_mutation report=1.9a.\Epic\Novodex\SDKs\Physics\src\NpActor.cpp.Actor::updateMassFromShapes: density and total Mass of a shape have to be nonnegative!
shape_mutation t5_nan_total=1.m41200000.3dcccccd.i4158aaac.4162aaab.3f855570.3d973ca6.3d909090.3f75c25e.f.3f43cc8c.3f24eba1.0.bf24eba1.3f43cc8c.0.0.0.3f800000.40400000.3f800000.bf800000.w.3e6dfb6a.3dadbdcf.beaa1b4e.3f6900db.3f43cc8c.3f24eba1.0.bf10bb36.3f2bd46d.bef57744.be9e2256.3ebbbdfa.3f60a940.40800000.4056d938.40268498.3d9477c2.bab8a5be.ba49bf07.bab8a5be.3e8d57a0.bebf4d59.ba49bf07.bebf4d59.3f41813c.n6
shape_mutation report=1.9f.\Epic\Novodex\SDKs\Physics\src\NpActor.cpp.Actor::updateMassFromShapes: density or total mass must be nonzero!
shape_mutation t5_both_zero=1.m41200000.3dcccccd.i4158aaac.4162aaab.3f855570.3d973ca6.3d909090.3f75c25e.f.3f43cc8c.3f24eba1.0.bf24eba1.3f43cc8c.0.0.0.3f800000.40400000.3f800000.bf800000.w.3e6dfb6a.3dadbdcf.beaa1b4e.3f6900db.3f43cc8c.3f24eba1.0.bf10bb36.3f2bd46d.bef57744.be9e2256.3ebbbdfa.3f60a940.40800000.4056d938.40268498.3d9477c2.bab8a5be.ba49bf07.bab8a5be.3e8d57a0.bebf4d59.ba49bf07.bebf4d59.3f41813c.n6
shape_mutation report=1.9f.\Epic\Novodex\SDKs\Physics\src\NpActor.cpp.Actor::updateMassFromShapes: density or total mass must be nonzero!
shape_mutation t5_negative_zero=1.m41200000.3dcccccd.i4158aaac.4162aaab.3f855570.3d973ca6.3d909090.3f75c25e.f.3f43cc8c.3f24eba1.0.bf24eba1.3f43cc8c.0.0.0.3f800000.40400000.3f800000.bf800000.w.3e6dfb6a.3dadbdcf.beaa1b4e.3f6900db.3f43cc8c.3f24eba1.0.bf10bb36.3f2bd46d.bef57744.be9e2256.3ebbbdfa.3f60a940.40800000.4056d938.40268498.3d9477c2.bab8a5be.ba49bf07.bab8a5be.3e8d57a0.bebf4d59.ba49bf07.bebf4d59.3f41813c.n6
shape_mutation report=1.a0.\Epic\Novodex\SDKs\Physics\src\NpActor.cpp.Actor::updateMassFromShapes: density and total mass may not both be nonzero!
shape_mutation t5_both_nonzero=1.m41200000.3dcccccd.i4158aaac.4162aaab.3f855570.3d973ca6.3d909090.3f75c25e.f.3f43cc8c.3f24eba1.0.bf24eba1.3f43cc8c.0.0.0.3f800000.40400000.3f800000.bf800000.w.3e6dfb6a.3dadbdcf.beaa1b4e.3f6900db.3f43cc8c.3f24eba1.0.bf10bb36.3f2bd46d.bef57744.be9e2256.3ebbbdfa.3f60a940.40800000.4056d938.40268498.3d9477c2.bab8a5be.ba49bf07.bab8a5be.3e8d57a0.bebf4d59.ba49bf07.bebf4d59.3f41813c.n6
shape_mutation report=1.9d.\Epic\Novodex\SDKs\Physics\src\NpActor.cpp.Actor::updateMassFromShapes: Actor must be dynamic!
shape_mutation t5_static=1.static
shape_mutation report=1.9a.\Epic\Novodex\SDKs\Physics\src\NpActor.cpp.Actor::updateMassFromShapes: density and total Mass of a shape have to be nonnegative!
shape_mutation t5_static_negative=1.static
shape_mutation report=1.9e.\Epic\Novodex\SDKs\Physics\src\NpActor.cpp.Actor::updateMassFromShapes: Actor must have shapes!
shape_mutation t5_bare=1.m40000000.3f000000.i3f800000.40000000.40400000.3f800000.3f000000.3eaaaaab.f.3f800000.0.0.0.3f800000.0.0.0.3f800000.0.0.0.w.3e7d5777.0.0.3f780aa5.3f800000.0.0.0.3f60a940.bef57744.0.3ef57744.3f60a940.3f800000.40000000.40400000.3f800000.0.0.0.3eec62e0.3d8f9c6e.0.3d8f9c6e.3ebe47cb.n2
shape_mutation report=1.9e.\Epic\Novodex\SDKs\Physics\src\NpActor.cpp.Actor::updateMassFromShapes: Actor must have shapes!
shape_mutation t5_bare_zero=1.m40000000.3f000000.i3f800000.40000000.40400000.3f800000.3f000000.3eaaaaab.f.3f800000.0.0.0.3f800000.0.0.0.3f800000.0.0.0.w.3e7d5777.0.0.3f780aa5.3f800000.0.0.0.3f60a940.bef57744.0.3ef57744.3f60a940.3f800000.40000000.40400000.3f800000.0.0.0.3eec62e0.3d8f9c6e.0.3d8f9c6e.3ebe47cb.n2
shape_mutation t5_tiny_density=0.m300.7f800000.id00.a00.500.0.0.0.f.3f800000.0.0.0.3f800000.0.0.0.3f800000.0.0.0.w.0.0.0.3f800000.3f800000.0.0.0.3f800000.0.0.0.3f800000.0.0.0.0.0.0.0.0.0.0.0.0.n8
shape_mutation t5_inf_density=0.m7f800000.0.i3f800000.3f800000.3f800000.3f800000.3f800000.3f800000.f.3f800000.0.0.0.3f800000.0.0.0.3f800000.0.0.0.w.0.0.0.3f800000.3f800000.0.0.0.3f800000.0.0.0.3f800000.0.0.0.3f800000.0.0.0.3f800000.0.0.0.3f800000.na
shape_mutation t5_huge_total=0.m7f7fffff.200000.i7f800000.7f800000.7f800000.0.0.0.f.3f800000.0.0.0.3f800000.0.0.0.3f800000.0.0.0.w.0.0.0.3f800000.3f800000.0.0.0.3f800000.0.0.0.3f800000.0.0.0.0.0.0.0.0.0.0.0.0.nc
shape_mutation t5_centred_again=0.m41c00000.3d2aaaab.i42d00000.42a00000.42200000.3c1d89d9.3c4ccccd.3ccccccd.f.3f800000.0.0.0.3f800000.0.0.0.3f800000.0.0.0.w.0.0.0.3f800000.3f800000.0.0.0.3f800000.0.0.0.3f800000.0.0.0.3c1d89d9.0.0.0.3c4ccccd.0.0.0.3ccccccd.ne
shape_mutation report=2.98.\Epic\Novodex\SDKs\Physics\src\NpActor.cpp.PhysicsSDK: WriteLock is still aquired. Procedure call skipped to avoid a deadlock!
shape_mutation t5_locked=1.m41200000.3dcccccd.i4158aaac.4162aaab.3f855570.3d973ca6.3d909090.3f75c25e.f.3f43cc8c.3f24eba1.0.bf24eba1.3f43cc8c.0.0.0.3f800000.40400000.3f800000.bf800000.w.3e6dfb6a.3dadbdcf.beaa1b4e.3f6900db.3f43cc8c.3f24eba1.0.bf10bb36.3f2bd46d.bef57744.be9e2256.3ebbbdfa.3f60a940.40800000.4056d938.40268498.3d9477c2.bab8a5be.ba49bf07.bab8a5be.3e8d57a0.bebf4d59.ba49bf07.bebf4d59.3f41813c.n6
shape_mutation t5_dynamic_created=1.1
shape_mutation t5_create_box_density=0.m40800000.3e800000.i40ad5556.40b55556.3ed55580.3e3d0bd0.3e34b4b4.4019997b.f.3f43cc8c.3f24eba1.0.bf24eba1.3f43cc8c.0.0.0.3f800000.40400000.3f800000.bf800000.w.3e6dfb6a.3dadbdcf.beaa1b4e.3f6900db.3f43cc8c.3f24eba1.0.bf10bb36.3f2bd46d.bef57744.be9e2256.3ebbbdfa.3f60a940.40800000.4056d938.40268498.3e3995b3.bb66cf3c.bafc2ed8.bb66cf3c.3f30ad89.bf6f20b0.bafc2ed8.bf6f20b0.3ff1e18c.n2
shape_mutation t5_create_sphere_total=0.m40a00000.3e4ccccd.i3f900000.3f900000.3f900000.3f638e39.3f638e39.3f638e39.f.3f800000.0.0.0.3f800000.0.0.0.3f800000.3f000000.bf800000.40000000.w.3e7d5777.0.0.3f780aa5.3f800000.0.0.0.3f60a940.bef57744.0.3ef57744.3f60a940.3fc00000.3e277df0.4088d2dc.3f638e39.0.0.0.3f638e39.325a3120.0.325a3120.3f638e39.n2
shape_mutation t5_create_capsule_density=0.m3f16cbe4.3fd94caf.i3e527c9b.3c96cc00.3e527c98.409bad61.42594c87.409bad63.f.3f800000.0.0.0.3f800000.0.0.0.3f800000.c0000000.3e800000.3f800000.w.0.0.0.3f800000.3f800000.0.0.0.3f800000.0.0.0.3f800000.c0000000.3e800000.3f800000.409bad61.0.0.0.42594c87.0.0.0.409bad63.n2
shape_mutation t5_create_group_density=0.m4047ac2c.3ea41bd3.i406ed43e.419b3b24.418b2c3c.3e8933e6.3d531782.3d6b72c5.f.3f24fdc9.bcc079d4.3f43a595.3ebc4027.3f62ca67.be90cf31.bf2b9f5c.3eed32eb.3f1460a5.3fbba4a5.3da2f962.3eed2d4d.w.3ed8a27a.3ebbbc87.3e551620.3f4d50a3.3f24fdc9.bcc079d4.3f43a595.3f24e208.3f0e2afb.bf06ad53.bed2f943.3f54cf5e.3ebf0072.401dd252.3fec8304.405c75a1.3e1463f6.3db31ad1.bd647df2.3db31ad1.3e1265f6.bd700fba.bd647df2.bd700fba.3db680e3.n2
shape_mutation t5_create_group_total=0.m40c00000.3e2aaaab.i40e5a6e0.42154423.4205d332.3e0eaf80.3cdb86ff.3cf4db6c.f.3f24fdc9.bcc079b3.3f43a596.3ebc4027.3f62ca66.be90cf34.bf2b9f5c.3eed32ed.3f1460a4.3fbba4a5.3da2f962.3eed2d4d.w.3e589dfb.3ed04268.3de3231d.3f61bafa.3f24fdc9.bcc079b3.3f43a596.3ebc4027.3f62ca66.be90cf34.bf2b9f5c.3eed32ed.3f1460a4.3fbba4a5.3da2f962.3eed2d4d.3d9a5203.3cd4ff88.bd4190cc.3cd4ff88.3d2d1842.bce767fb.bd4190cc.bce767fb.3da09976.n2
shape_mutation report=1.e6.\Epic\Novodex\SDKs\Physics\src\Actor.cpp.Actor::loadFromDescInternal: Can't compute mass from shapes: must have at least one non-trigger shape!
shape_mutation report=1.228.\Epic\Novodex\SDKs\Physics\src\Scene.cpp.Actor Initialisation failed: returned NULL.
shape_mutation report=1.e5.\Epic\Novodex\SDKs\Physics\src\Actor.cpp.Actor::loadFromDescInternal: Compute mesh inertia tensor failed for one of the actor's mesh shapes! Please change mesh geometry or supply a tensor manually!
shape_mutation report=1.228.\Epic\Novodex\SDKs\Physics\src\Scene.cpp.Actor Initialisation failed: returned NULL.
shape_mutation t5_create_failures=0.0.4
shape_mutation t5_statics=1.1.1.1.1
shape_mutation t5_single_before=0.1.r2.0.1.624.2.s6.100.60005
shape_mutation t5_single_dynamic_memory=2.1.608.56.f.24
shape_mutation t5_single_dynamic=0.m40400000.3eaaaaab.i3f000000.3fc00000.40200000.40000000.3f2aaaab.3ecccccd.f.3f800000.0.0.0.3f800000.0.0.0.3f800000.0.0.0.w.3e7d5777.0.0.3f780aa5.3f800000.0.0.0.3f60a940.bef57744.0.3ef57744.3f60a940.3f800000.40000000.40400000.40000000.0.0.0.3f1af9c5.3de5c717.0.3de5c717.3eec2e9a.n2
shape_mutation t5_single_dynamic_root=1.1.r2.2.1.624.2.s7.100.50006
shape_mutation t5_single_use=3eaaaaab.3f2aaaab.3f800000.bf800000.3ec0606e.3f735cd3.3f000000.bf800000.3e800000.3f000000.3fc00000.40200000.3f800000.40000000.40400000.40400000
shape_mutation t5_single_mass=0.m40000000.3f000000.i402d5556.40355556.3e555580.3ebd0bd0.3eb4b4b4.4099997b.f.3f43cc8c.3f24eba1.0.bf24eba1.3f43cc8c.0.0.0.3f800000.40400000.3f800000.bf800000.w.3e6dfb6a.3dadbdcf.beaa1b4e.3f6900db.3f43cc8c.3f24eba1.0.bf10bb36.3f2bd46d.bef57744.be9e2256.3ebbbdfa.3f60a940.40800000.4056d938.40268498.3eb995b3.bbe6cf3c.bb7c2ed8.bbe6cf3c.3fb0ad89.bfef20b0.bb7c2ed8.bfef20b0.4071e18c.n4
shape_mutation t5_several_before=0.3.r5.0.2.624.2.s7.100.50006
shape_mutation t5_several_dynamic_memory=1.0.608.f
shape_mutation t5_several_dynamic=0.m40800000.3e800000.i411f3828.424ef985.42399050.3dcdcddb.3c9e51a2.3cb09614.f.3f24fdc9.bcc079a0.3f43a595.3ebc4027.3f62ca66.be90cf35.bf2b9f5c.3eed32ee.3f1460a4.3fbba4a5.3da2f962.3eed2d4d.w.3ed8a27b.3ebbbc88.3e55161e.3f4d50a3.3f24fdc9.bcc079a0.3f43a595.3f24e208.3f0e2afa.bf06ad54.bed2f943.3f54cf5f.3ebf006f.401dd252.3fec8304.405c75a1.3d5e95f2.3d06541e.bcab5e77.3d06541e.3d5b98f3.bcb40bcd.bcab5e77.bcb40bcd.3d08e0ab.n2
shape_mutation t5_several_dynamic_root=1.3.r5.2.2.624.2.s8.100.40007
shape_mutation t5_several_use=3e800000.3f000000.3f400000.bd791468.bd404f9f.3d930bbd.3f000000.bf800000.3e800000.411f3828.424ef985.42399050.401dd252.3fec8304.405c75a1.40800000
shape_mutation t5_dense_dynamic_memory=3.2.608.768.128.f.384.64
shape_mutation t5_dense_dynamic=0.m3e490fdb.40a2f983.i3d8c5312.3bc91000.3d8c5310.41698412.4322f965.41698415.f.3f800000.0.0.0.3f800000.0.0.0.3f800000.c0000000.3e800000.3f800000.w.0.0.0.3f800000.3f800000.0.0.0.3f800000.0.0.0.3f800000.c0000000.3e800000.3f800000.41698412.0.0.0.4322f965.0.0.0.41698415.n2
shape_mutation t5_dense_dynamic_root=1.1.r3.2.1.624.2.s9.100.30008
shape_mutation t5_dense_use=40a2f983.4122f983.41747644.c0e98412.4222f965.41e98415.3f000000.bf800000.3e800000.3d8c5312.3bc91000.3d8c5310.c0000000.3e800000.3f800000.3e490fdb
shape_mutation t5_single_again_memory=2.1.608.8.f.608
shape_mutation t5_single_again=0.m40800000.3e800000.i40ad5556.40b55556.3ed55580.3e3d0bd0.3e34b4b4.4019997b.f.3f43cc8c.3f24eba1.0.bf24eba1.3f43cc8c.0.0.0.3f800000.40400000.3f800000.bf800000.w.3e6dfb6a.3dadbdcf.beaa1b4e.3f6900db.3f43cc8c.3f24eba1.0.bf10bb36.3f2bd46d.bef57744.be9e2256.3ebbbdfa.3f60a940.40800000.4056d938.40268498.3e3995b3.bb66cf3c.bafc2ed8.bb66cf3c.3f30ad89.bf6f20b0.bafc2ed8.bf6f20b0.3ff1e18c.n2
shape_mutation t5_single_again_root=1.1.r2.2.1.624.2.s9.100.30008
shape_mutation t5_single_again_use=3e800000.3f000000.3f400000.bdc344c8.bfd8d14b.4062ff44.3f000000.bf800000.3e800000.40ad5556.40b55556.3ed55580.40800000.4056d938.40268498.40800000
shape_mutation report=1.66.\Epic\Novodex\SDKs\Physics\src\NpActor.cpp.Actor::setDynamic: we need a valid massSpaceInertia if the actor has no shapes!
shape_mutation t5_bare_no_tensor_memory=0.0.f
shape_mutation t5_bare_no_tensor=1.m40000000.3f000000.i3f800000.40000000.40400000.3f800000.3f000000.3eaaaaab.f.3f800000.0.0.0.3f800000.0.0.0.3f800000.0.0.0.w.3e7d5777.0.0.3f780aa5.3f800000.0.0.0.3f60a940.bef57744.0.3ef57744.3f60a940.3f800000.40000000.40400000.3f800000.0.0.0.3eec62e0.3d8f9c6e.0.3d8f9c6e.3ebe47cb.n2
shape_mutation t5_bare_no_tensor_root=1.0.s9.100.30008
shape_mutation t5_bare_tensor_memory=1.1.608.f.608
shape_mutation t5_bare_tensor=0.m40400000.3eaaaaab.i3f000000.3fc00000.40200000.40000000.3f2aaaab.3ecccccd.f.3f800000.0.0.0.3f800000.0.0.0.3f800000.0.0.0.w.3e7d5777.0.0.3f780aa5.3f800000.0.0.0.3f60a940.bef57744.0.3ef57744.3f60a940.3f800000.40000000.40400000.40000000.0.0.0.3f1af9c5.3de5c717.0.3de5c717.3eec2e9a.n2
shape_mutation t5_bare_tensor_root=1.0.s9.100.30008
shape_mutation t5_bare_use=3eaaaaab.3f2aaaab.3f800000.bf800000.3ec0606e.3f735cd3.3f000000.bf800000.3e800000.3f000000.3fc00000.40200000.3f800000.40000000.40400000.40400000
shape_mutation report=1.63.\Epic\Novodex\SDKs\Physics\src\NpActor.cpp.Actor::setDynamic: desc.isValid() fails!
shape_mutation t5_negative_mass_memory=0.0.f
shape_mutation t5_negative_mass=1.static
shape_mutation t5_negative_mass_root=0.1.r2.0.1.624.2.s9.100.30008
shape_mutation report=1.63.\Epic\Novodex\SDKs\Physics\src\NpActor.cpp.Actor::setDynamic: desc.isValid() fails!
shape_mutation t5_nan_pose_memory=0.0.f
shape_mutation t5_nan_pose=1.static
shape_mutation t5_nan_pose_root=0.1.r2.0.1.624.2.s9.100.30008
shape_mutation t5_trigger_before=0.1.r2.0.1.624.2.s9.100.30008
shape_mutation report=1.7d.\Epic\Novodex\SDKs\Physics\src\NpActor.cpp.Actor::setDynamic: Can't compute mass from shapes: must have at least one non-trigger shape!
shape_mutation t5_trigger_dynamic_memory=0.0.f
shape_mutation t5_trigger_dynamic=1.static
shape_mutation t5_trigger_dynamic_root=0.1.r2.0.1.0.2.s9.100.20008
shape_mutation t5_plane_before=0.1.r0.0.1.624.2.s9.100.20008
shape_mutation report=1.7c.\Epic\Novodex\SDKs\Physics\src\NpActor.cpp.Actor::setDynamic: Compute mesh inertia tensor failed for one of the actor's mesh shapes! Please change mesh geometry or supply a tensor manually!
shape_mutation t5_plane_dynamic_memory=0.0.f
shape_mutation t5_plane_dynamic=1.static
shape_mutation t5_plane_dynamic_root=0.1.r0.0.1.0.2.s9.100.10008
shape_mutation report=2.5b.\Epic\Novodex\SDKs\Physics\src\NpActor.cpp.PhysicsSDK: WriteLock is still aquired. Procedure call skipped to avoid a deadlock!
shape_mutation t5_locked_dynamic_memory=0.0.f
shape_mutation t5_locked_dynamic=1.static
shape_mutation t5_locked_dynamic_root=0.1.r2.0.1.624.2.s9.100.10008
shape_mutation t5_joint=1.1.0
shape_mutation t5_jointed_dynamic_memory=1.1.608.f.608
shape_mutation t5_jointed_dynamic=0.m40400000.3eaaaaab.i3f000000.3fc00000.40200000.40000000.3f2aaaab.3ecccccd.f.3f800000.0.0.0.3f800000.0.0.0.3f800000.0.0.0.w.3e7d5777.0.0.3f780aa5.3f800000.0.0.0.3f60a940.bef57744.0.3ef57744.3f60a940.3f800000.40000000.40400000.40000000.0.0.0.3f1af9c5.3de5c717.0.3de5c717.3eec2e9a.n2
shape_mutation t5_jointed_dynamic_root=1.1.r2.2.1.624.2.s11.100.1000a
shape_mutation t5_joint_after=2.0.0.1
shape_mutation t5_jointed_use=3eaaaaab.3f2aaaab.3f800000.bf800000.3ec0606e.3f735cd3.3f000000.bf800000.3e800000.3f000000.3fc00000.40200000.3f800000.40000000.40400000.40400000
shape_mutation t5_joint_release_memory=1.11.24.f.24.608.28.552.80.24.8.608.28.228.80
shape_mutation t5_single_release_memory=2.7.24.24.f.24.608.8.28.8.552.80
shape_mutation t5_several_release_memory=1.13.56.f.24.608.28.552.28.228.28.236.24.24.24.272.80
shape_mutation t5_bare_release_memory=0.3.f.24.608.80
shape_mutation t5r_0_box_density=0.m4019c0ec.3ed51ec6.i3fae410c.3eedce3a.3f8540ce.3f3c0c18.4009cb12.3f75e86c.f.3f800000.0.0.0.3f800000.0.0.0.3f800000.3dcccccd.3e4cccce.3e99999a.w.0.3e190650.0.3f7d201a.3f7490ee.0.3e974e6d.0.3f800000.0.be974e6d.0.3f7490ee.bf040c24.3fc00000.3f350128.3f4119af.0.3d82aead.0.4009cb12.0.3d82aead.0.3f70dad3.n4
shape_mutation t5r_0_box_total=0.m40966666.3e59df52.i402a740e.3f689e61.400258c0.3ec03d84.3f8cdda1.3efb6422.f.3f800000.0.0.0.3f800000.0.0.0.3f800000.3dcccccd.3e4cccce.3e99999a.w.0.3e190650.0.3f7d201a.3f7490ee.0.3e974e6d.0.3f800000.0.be974e6d.0.3f7490ee.bf040c24.3fc00000.3f350128.3ec567f3.0.3d0598aa.0.3f8cdda1.0.3d0598aa.0.3ef639b1.n6
shape_mutation t5r_0_capsule_density=0.m3fe298c8.3f109bfa.i3f24f18e.3dde1098.3f24f18e.3fc6a971.41138f7e.3fc6a971.f.3f800000.0.0.0.3f800000.0.0.0.3f800000.3e99999a.3dcccccd.3e4ccccd.w.0.3e190650.0.3f7d201a.3f7490ee.0.3e974e6d.0.3f800000.0.be974e6d.0.3f7490ee.beb56627.3fb33333.3f0d6ad2.3fc6a970.0.32038d16.0.41138f7e.0.32038d16.0.3fc6a970.n4
shape_mutation t5r_0_pair_total=0.m40bccccd.3e2d8f30.i40412065.3f78ed0f.401fc6e2.3ea9abd0.3f83a334.3ecd1603.f.3f7fb3ce.bc45f332.bd3f2789.3c3f706c.3f7ff900.bc0fd41b.3d3f9186.3c06ba25.3f7fb611.3e229e41.3e2eb0e0.3e8a8ba3.w.3ba6dbd4.3e0151f3.3babbf15.3f7df185.3f77d1ef.bc154b54.3e804efe.3c3f706c.3f7ff900.bc0fd41b.be8040ff.3c3b353d.3f77d223.beefc78c.3fbc3c82.3f295d51.3eabecc4.bbd516c5.3c88de96.bbd516c5.3f839e80.3bf1b085.3c88de96.3bf1b085.3ecae7dd.n4
shape_mutation t5r_0_create_box=0.m40490ffa.3ea2f96a.i3fe3dee9.3f1b7cff.3fae410e.3f0fcd03.3fd2be1a.3f3c0c16.f.3f800000.0.0.0.3f800000.0.0.0.3f800000.3dcccccd.3e4cccce.3e99999a.w.0.3e190650.0.3f7d201a.3f7490ee.0.3e974e6d.0.3f800000.0.be974e6d.0.3f7490ee.bf040c24.3fc00000.3f350128.3f13aa3a.0.3d47ddf8.0.3fd2be1a.0.3d47ddf8.0.3f382edd.n2
shape_mutation t5r_0_create_capsule=0.m40466666.3ea5294b.i3f906b2d.3e426e95.3f906b2d.3f62e559.40a8882f.3f62e559.f.3f800000.0.0.0.3f800000.0.0.0.3f800000.3e99999a.3dcccccd.3e4ccccd.w.0.3e190650.0.3f7d201a.3f7490ee.0.3e974e6d.0.3f800000.0.be974e6d.0.3f7490ee.beb56627.3fb33333.3f0d6ad2.3f62e558.0.3001575d.0.40a8882f.0.3001575d.0.3f62e558.n2
shape_mutation t5r_0_create_pair=0.m4016c76a.3ed95323.i3f9a3bf6.3ec6cbf0.3f7f3381.3f5474c2.4024d4ef.3f806691.f.3f7fb3ce.bc45f332.bd3f2786.3c3f706c.3f7ff900.bc0fd41b.3d3f9183.3c06ba25.3f7fb611.3e229e41.3e2eb0e0.3e8a8ba3.w.3ba6dbd4.3e0151f4.3babbf15.3f7df185.3f77d1ef.bc154b54.3e804efe.3c3f706c.3f7ff900.bc0fd41b.be804100.3c3b353d.3f77d223.beefc78c.3fbc3c82.3f295d51.3f574733.bc856942.3d2b620f.bc856942.4024cf0b.3c975146.3d2b620f.3c975146.3f7e123d.n2
shape_mutation t5r_1_box_density=0.m4019c0ec.3ed51ec6.i3fae410b.3eedce36.3f8540cb.3f3c0c19.4009cb14.3f75e871.f.3f800000.0.0.0.3f60a93f.bef57748.0.3ef57748.3f60a93f.bf333333.3fa66666.3ee66666.w.3e7a7f3a.3e14447a.bd176f87.3f75419f.3f7490ee.3e11148e.3e84c8a7.0.3f60a93f.bef57748.be974e6d.3eea80a8.3f56a080.bf9e2d1a.40266666.3f8b1b22.3f473a5e.3e17d254.3e1093ce.3e17d254.3ff0810d.3ef56625.3e1093ce.3ef56625.3f98722f.n4
shape_mutation t5r_1_box_total=0.m40966666.3e59df52.i402a740d.3f689e5e.400258be.3ec03d85.3f8cdda3.3efb6425.f.3f800000.0.0.0.3f60a93f.bef57748.0.3ef57748.3f60a93f.bf333333.3fa66666.3ee66666.w.3e7a7f3a.3e14447a.bd176f87.3f75419f.3f7490ee.3e11148e.3e84c8a7.0.3f60a93f.bef57748.be974e6d.3eea80a8.3f56a080.bf9e2d1a.40266666.3f8b1b22.3ecbab9d.3d9b34f9.3d93cd16.3d9b34f9.3f75dde9.3e7adef0.3d93cd16.3e7adef0.3f1bd862.n6
shape_mutation t5r_1_capsule_density=0.m3fe298c8.3f109bfa.i3f24f18e.3dde10d0.3f24f18e.3fc6a971.41138f59.3fc6a971.f.3f800000.0.0.0.3f800000.0.0.0.3f800000.3ee66666.bf333333.3fa66666.w.0.3e190650.0.3f7d201a.3f7490ee.0.3e974e6d.0.3f800000.0.be974e6d.0.3f7490ee.3de9a18e.3f199999.3fc78bc8.3fc6a970.0.32038d16.0.41138f59.0.32038d16.0.3fc6a970.n4
shape_mutation t5r_1_pair_total=0.m40bccccd.3e2d8f30.i41234a98.3fe8b593.4111f5d2.3dc8ac05.3f0ccf96.3de07fdf.f.3f5ff159.becd70ea.3e8b0e4d.3e8c8cac.3f5f5082.3ecf2730.becc6c10.be8f0a50.3f5f8c53.beb945d0.3f364129.3f332e8b.w.be1acefb.3ea20979.3e4f4d64.3f6a11a4.3f37bc39.beee8961.3f047c4e.3e8c8cac.3f5f5082.3ecf2730.bf23d358.be17e114.3f41044c.bf56bf3e.4000c37d.3f9ce09e.3e4c00da.be39a279.3d128b4d.be39a279.3ee34457.bd6107f1.3d128b4d.bd6107f1.3dea9581.n4
shape_mutation t5r_1_create_box=0.m40490ffa.3ea2f96a.i3fe3dee7.3f1b7cfd.3fae410a.3f0fcd04.3fd2be1d.3f3c0c1a.f.3f800000.0.0.0.3f60a93f.bef57749.0.3ef57749.3f60a93f.bf333333.3fa66666.3ee66666.w.3e7a7f3b.3e14447a.bd176f88.3f75419f.3f7490ee.3e11148f.3e84c8a7.0.3f60a93f.bef57749.be974e6d.3eea80a9.3f56a080.bf9e2d1a.40266666.3f8b1b22.3f1859cf.3de8329f.3ddd1e4a.3de8329f.3fb7ea37.3ebba875.3ddd1e4a.3ebba875.3f69271b.n2
shape_mutation t5r_1_create_capsule=0.m40466666.3ea5294b.i3f906b2d.3e426ec6.3f906b2d.3f62e559.40a88804.3f62e559.f.3f800000.0.0.0.3f800000.0.0.0.3f800000.3ee66666.bf333333.3fa66666.w.0.3e190650.0.3f7d201a.3f7490ee.0.3e974e6d.0.3f800000.0.be974e6d.0.3f7490ee.3de9a18e.3f199999.3fc78bc8.3f62e558.0.3001575d.0.40a88804.0.3001575d.0.3f62e558.n2
shape_mutation t5r_1_create_pair=0.m4016c76a.3ed95323.i40826847.3f39d87d.406921fc.3e7b4633.3fb05180.3e8c8e1c.f.3f5ff159.becd70ea.3e8b0e49.3e8c8cae.3f5f5082.3ecf272f.becc6c0c.be8f0a51.3f5f8c53.beb945d0.3f364129.3f332e8b.w.be1acefb.3ea20976.3e4f4d65.3f6a11a5.3f37bc3a.beee8961.3f047c4c.3e8c8cae.3f5f5082.3ecf272f.bf23d356.be17e116.3f41044c.bf56bf3e.4000c37d.3f9ce09e.3eff7217.bee871f1.3db77f53.bee871f1.3f8e49ac.be0ce352.3db77f53.be0ce352.3e92de6b.n2
shape_mutation t5r_2_box_density=0.m4019c0ec.3ed51ec6.i3fae410b.3eedce2f.3f8540d0.3f3c0c19.4009cb18.3f75e868.f.3f800000.0.0.0.3f800000.0.0.0.3f800000.4039999a.beb33333.3d4cccce.w.0.3e190650.0.3f7d201a.3f7490ee.0.3e974e6d.0.3f800000.0.be974e6d.0.3f7490ee.400574c4.3f733332.beb7ee8c.3f4119b0.0.3d82aea3.0.4009cb18.0.3d82aea3.0.3f70dad0.n4
shape_mutation t5r_2_box_total=0.m40966666.3e59df52.i402a740d.3f689e56.400258c2.3ec03d85.3f8cdda8.3efb641e.f.3f800000.0.0.0.3f800000.0.0.0.3f800000.4039999a.beb33333.3d4cccce.w.0.3e190650.0.3f7d201a.3f7490ee.0.3e974e6d.0.3f800000.0.be974e6d.0.3f7490ee.400574c4.3f733332.beb7ee8c.3ec567f4.0.3d05989d.0.3f8cdda8.0.3d05989d.0.3ef639ad.n6
shape_mutation t5r_2_capsule_density=0.m3fe298c8.3f109bfa.i3f24f1a2.3dde110d.3f24f18e.3fc6a959.41138f30.3fc6a971.f.3f43ccc7.3f24eb5b.0.bf24eb5b.3f43ccc7.0.0.0.3f800000.3d4ccccd.4039999a.beb33333.w.bd51e300.3e0fbf4b.bead9782.3f6dc778.3f3b0e07.3f1d8db0.3e974e6d.bf24eb5b.3f43ccc7.0.be67738a.be42f2b1.3f7490ee.bf417347.40866666.3dce8db4.408ea2c4.40671411.bf6612a2.40671411.40c14081.bf8ef63d.bf6612a2.bf8ef63d.3fea3f2e.n4
shape_mutation t5r_2_pair_total=0.m40bccccd.3e2d8f30.i41c73ac0.40049fc8.41cc2ef1.3d247941.3ef712fc.3d207bb3.f.3f4314b8.bf20d8ca.be2062c1.3f227c50.3f45cd66.bc3c6711.3e0352ad.bdb9a688.3f7cd2c2.4003f7db.3f1b0950.bd8a7904.w.3cf11f1a.3d8581fc.3eabf5a7.3f706ef0.3f4411f0.bf208552.3e11a29c.3f227c50.3f45cd66.bc3c6711.bdd249a5.3dcae8c3.3f7d616f.3f9ffd8e.3ff3eb0e.be655510.3e5b3788.be5b7c5d.bce24713.be5b7c5d.3e9bca8f.3d0ac4db.bce24713.3d0ac4db.3d325a42.n4
shape_mutation t5r_2_create_box=0.m40490ffa.3ea2f96a.i3fe3dee7.3f1b7cf8.3fae4110.3f0fcd04.3fd2be24.3f3c0c13.f.3f800000.0.0.0.3f800000.0.0.0.3f800000.4039999a.beb33333.3d4cccce.w.0.3e190650.0.3f7d201a.3f7490ee.0.3e974e6d.0.3f800000.0.be974e6d.0.3f7490ee.400574c4.3f733332.beb7ee8c.3f13aa3b.0.3d47dde8.0.3fd2be24.0.3d47dde8.0.3f382edb.n2
shape_mutation t5r_2_create_capsule=0.m40466666.3ea5294b.i3f906b3e.3e426efc.3f906b2d.3f62e53f.40a887d5.3f62e559.f.3f43ccc7.3f24eb5b.0.bf24eb5b.3f43ccc7.0.0.0.3f800000.3d4ccccd.4039999a.beb33333.w.bd51e300.3e0fbf4b.bead9782.3f6dc778.3f3b0e07.3f1d8db0.3e974e6d.bf24eb5b.3f43ccc7.0.be67738a.be42f2b1.3f7490ee.bf417347.40866666.3dce8db4.4022e848.4003f5b1.bf0362af.4003f5b1.405cb794.bf23479c.bf0362af.bf23479c.3f85c4e3.n2
shape_mutation t5r_2_create_pair=0.m4016c76a.3ed95323.i411f1baf.3f53d4f7.4123107b.3dcdf2af.3f9ab04f.3dc8f389.f.3f4314b8.bf20d8ca.be2062cd.3f227c50.3f45cd66.bc3c67b9.3e0352bd.bdb9a688.3f7cd2c2.4003f7db.3f1b0950.bd8a7904.w.3cf11f30.3d8581ee.3eabf5a7.3f706ef0.3f4411f1.bf208552.3e11a291.3f227c50.3f45cd66.bc3c67b9.bdd24986.3dcae8c3.3f7d6170.3f9ffd8e.3ff3eb0e.be655510.3f093f6f.bf096a87.bd8dab1a.bf096a87.3f431382.3dadc2f3.bd8dab1a.3dadc2f3.3ddf53a3.n2
shape_mutation t5r_3_box_density=0.m4019c0ec.3ed51ec6.i3fae410c.3eedce37.3f8540cd.3f3c0c18.4009cb13.3f75e86e.f.3f800000.0.0.0.3f60a940.bef57744.0.3ef57744.3f60a940.0.0.3e99999a.w.3e7a7f35.3e14447a.bd176f85.3f75419f.3f7490ee.3e11148c.3e84c8a8.0.3f60a940.bef57744.be974e6d.3eea80a4.3f56a081.bf1c8109.3fa66666.3f3c91e1.3f473a5d.3e17d253.3e1093c9.3e17d253.3ff0810c.3ef5661f.3e1093c9.3ef5661f.3f98722d.n4
shape_mutation t5r_3_box_total=0.m40966666.3e59df52.i402a740e.3f689e5f.400258bf.3ec03d84.3f8cdda2.3efb6423.f.3f800000.0.0.0.3f60a940.bef57744.0.3ef57744.3f60a940.0.0.3e99999a.w.3e7a7f35.3e14447a.bd176f85.3f75419f.3f7490ee.3e11148c.3e84c8a8.0.3f60a940.bef57744.be974e6d.3eea80a4.3f56a081.bf1c8109.3fa66666.3f3c91e1.3ecbab9b.3d9b34f5.3d93cd12.3d9b34f5.3f75dde9.3e7adeed.3d93cd12.3e7adeed.3f1bd860.n6
shape_mutation t5r_3_capsule_density=0.m3fe298c8.3f109bfa.i3f24f18e.3dde1098.3f24f18e.3fc6a971.41138f7e.3fc6a971.f.3f43ccb3.3f24eb73.0.bf24eb73.3f43ccb3.0.0.0.3f800000.3e99999a.0.0.w.bd51e324.3e0fbf48.bead979f.3f6dc772.3f3b0df4.3f1d8dc7.3e974e6d.bf24eb73.3f43ccb3.0.be677373.be42f2ce.3f7490ee.bed3a90a.3fa66666.3eb90212.408ea31e.406714a9.bf661381.406714a9.40c140c1.bf8ef69b.bf661381.bf8ef69b.3fea3f51.n4
shape_mutation t5r_3_pair_total=0.m40bccccd.3e2d8f30.i403fa7e1.3faeabb1.401af493.3eaaf923.3f3b9948.3ed377a4.f.3f6a3020.3e024dff.bec445e6.be84c7a5.3f69a3fb.bea1bf0f.3e9e8c44.3ec6dd9a.3f5e2e8b.3db4a791.0.3e58df6b.w.3e2a1907.bd0db22f.be01d781.3f7a30e9.3f7727c7.3e7205be.bde0c0e1.be84c7a5.3f69a3fb.bea1bf0f.3cd0d51e.3eaabad1.3f71427c.bf0d9aac.3fa66666.3f2052be.3eb6de7e.3db5d36d.3cbe8487.3db5d36d.3f2c8fa4.3dc86253.3cbe8487.3dc86253.3ee5a58f.n4
shape_mutation t5r_3_create_box=0.m40490ffa.3ea2f96a.i3fe3dee9.3f1b7cfe.3fae410d.3f0fcd03.3fd2be1c.3f3c0c17.f.3f800000.0.0.0.3f60a940.bef57744.0.3ef57744.3f60a940.0.0.3e99999a.w.3e7a7f35.3e14447a.bd176f85.3f75419f.3f7490ee.3e11148c.3e84c8a8.0.3f60a940.bef57744.be974e6d.3eea80a4.3f56a081.bf1c8109.3fa66666.3f3c91e1.3f1859ce.3de8329c.3ddd1e40.3de8329c.3fb7ea36.3ebba872.3ddd1e40.3ebba872.3f692716.n2
shape_mutation t5r_3_create_capsule=0.m40466666.3ea5294b.i3f906b2d.3e426e97.3f906b2d.3f62e559.40a8882d.3f62e559.f.3f43ccb2.3f24eb73.0.bf24eb73.3f43ccb2.0.0.0.3f800000.3e99999a.0.0.w.bd51e325.3e0fbf47.bead97a0.3f6dc772.3f3b0df3.3f1d8dc7.3e974e6d.bf24eb73.3f43ccb2.0.be677371.be42f2ce.3f7490ee.bed3a90a.3fa66666.3eb90212.4022e8ad.4003f606.bf03632c.4003f606.405cb7db.bf234806.bf03632c.bf234806.3f85c4f6.n2
shape_mutation t5r_3_create_pair=0.m4016c76a.3ed95323.i3f990f44.3f0b7ebb.3f778006.3f561625.3feae787.3f84655a.f.3f6a3021.3e024dff.bec445e2.be84c7a4.3f69a3fb.bea1bf11.3e9e8c41.3ec6dd9a.3f5e2e8b.3db4a791.0.3e58df6b.w.3e2a1908.bd0db220.be01d780.3f7a30e9.3f7727c7.3e7205be.bde0c0d2.be84c7a4.3f69a3fb.bea1bf11.3cd0d4e6.3eaabad1.3f71427c.bf0d9aac.3fa66666.3f2052be.3f64fb6d.3e63ad00.3d6e8f38.3e63ad00.3fd81326.3e7ae9e8.3d6e8f38.3e7ae9e8.3f8fc716.n2
shape_mutation t5r_nan_0=0.m7fc00000.7fc00000.i3e800000.3f000000.3f400000.40800000.40000000.3faaaaab.f.3f800000.0.0.0.3f800000.0.0.0.3f800000.0.0.0.w.0.3e190650.0.3f7d201a.3f7490ee.0.3e974e6d.0.3f800000.0.be974e6d.0.3f7490ee.bf333333.3fa66666.3ee66666.40711865.0.bf40bb36.0.40000000.0.bf40bb36.0.3fc879de.n2
shape_mutation t5r_nan_0_root=1.1.r2.2.1.624.2.s25.100.19
shape_mutation t5r_nan_1=0.m7fe00000.7fe00000.i3e800000.3f000000.3f400000.40800000.40000000.3faaaaab.f.3f800000.0.0.0.3f800000.0.0.0.3f800000.0.0.0.w.0.3e190650.0.3f7d201a.3f7490ee.0.3e974e6d.0.3f800000.0.be974e6d.0.3f7490ee.bf333333.3fa66666.3ee66666.40711865.0.bf40bb36.0.40000000.0.bf40bb36.0.3fc879de.n2
shape_mutation t5r_nan_1_root=1.1.r2.2.1.624.2.s26.100.1a
modules pair=2 trusted_system=8 rejected=0
loaded module=NxPhysics.dll path=C:\Users\raynorpat\.codex\worktrees\nxphysics-contact-report-scene-release\Novodex\build\pairs\candidate\NxPhysics.dll sha256=e47f71d2e31b4f50488e68fd30e205b4a6d1d720c785a869f96fe319fd124972
loaded module=NxFoundation.dll path=C:\Users\raynorpat\.codex\worktrees\nxphysics-contact-report-scene-release\Novodex\build\pairs\candidate\NxFoundation.dll sha256=8b8e943347909247bcad21297b2fe2771d0e8f2bcc7c4af97fac20a0f7d12cae
child_stdout_end
child_stderr_begin
child_stderr_end
pass: NxPhysicsActorShapeMutationTests/candidate reported the staged identity: loaded module=NxPhysics.dll path=C:\Users\raynorpat\.codex\worktrees\nxphysics-contact-report-scene-release\Novodex\build\pairs\candidate\NxPhysics.dll sha256=e47f71d2e31b4f50488e68fd30e205b4a6d1d720c785a869f96fe319fd124972
pass: NxPhysicsActorShapeMutationTests/candidate reported the staged identity: loaded module=NxFoundation.dll path=C:\Users\raynorpat\.codex\worktrees\nxphysics-contact-report-scene-release\Novodex\build\pairs\candidate\NxFoundation.dll sha256=8b8e943347909247bcad21297b2fe2771d0e8f2bcc7c4af97fac20a0f7d12cae
differential target=NxPhysicsActorShapeMutationTests oracle_exit=0 candidate_exit=0 both_exit_zero=True stdout_delta=0 stderr_exact=True
differential_targets=NxPhysicsActorShapeMutationTests
differential_pairs=C:\Users\raynorpat\.codex\worktrees\nxphysics-contact-report-scene-release\Novodex\build\pairs\oracle,C:\Users\raynorpat\.codex\worktrees\nxphysics-contact-report-scene-release\Novodex\build\pairs\candidate
pass: every requested target produces identical oracle and candidate results
differential=pass
