v 0.192741 1.920253 2.774835
v -0.000349 1.777855 2.619826
v 0.026783 2.158854 2.877329
v -0.206768 1.985977 2.714975
v -0.080051 2.445461 2.839649
v -0.357783 2.251137 2.671826
v -0.099135 2.703279 2.671891
v -0.412931 2.502284 2.501940
v -0.025356 2.863226 2.419006
v -0.357435 2.672123 2.250839
v 0.121517 2.882444 2.148755
v -0.206164 2.715147 1.985805
v 0.302130 2.755783 1.933550
v 0.000348 2.619828 1.777853
v 0.468088 2.517183 1.831056
v 0.206766 2.411705 1.682704
v 0.574922 2.230575 1.868736
v 0.357782 2.146545 1.725853
v 0.594006 1.972757 2.036494
v 0.412930 1.895398 1.895738
v 0.520227 1.812810 2.289379
v 0.357434 1.725559 2.146839
v 0.373354 1.793592 2.559630
v 0.206163 1.682535 2.411873
v 0.427041 2.024068 2.922115
v 0.314907 2.287071 3.037147
v 0.260908 2.589165 3.008858
v 0.279514 2.849405 2.844827
v 0.365739 2.998059 2.589006
v 0.496480 2.995296 2.309943
v 0.636704 2.841856 2.082412
v 0.748839 2.578853 1.967379
v 0.802837 2.276759 1.995669
v 0.784231 2.016519 2.159699
v 0.698006 1.867865 2.415520
v 0.567265 1.870627 2.694583
v 0.708391 2.072447 3.054123
v 0.662495 2.347739 3.184834
v 0.668491 2.655416 3.168209
v 0.724770 2.913035 3.008704
v 0.816255 3.051569 2.749058
v 0.918430 3.033897 2.458842
v 1.003919 2.864754 2.215821
v 1.049814 2.589463 2.085110
v 1.043819 2.281786 2.101735
v 0.987539 2.024167 2.261240
v 0.896055 1.885633 2.520886
v 0.793880 1.903304 2.811101
v 1.038339 2.045771 3.160168
v 1.065909 2.316289 3.305210
v 1.134878 2.616594 3.299097
v 1.226766 2.866219 3.143466
v 1.316952 2.998278 2.880020
v 1.381271 2.977386 2.579348
v 1.402488 2.809140 2.322015
v 1.374918 2.538623 2.176973
v 1.305949 2.238318 2.183086
v 1.214061 1.988692 2.338717
v 1.123875 1.856633 2.602163
v 1.059556 1.877525 2.902835
v 1.412400 1.923873 3.226111
v 1.511876 2.172054 3.379369
v 1.640367 2.452173 3.379045
v 1.763443 2.689174 3.225228
v 1.848127 2.819552 2.959131
v 1.871728 2.808372 2.652056
v 1.827920 2.658630 2.386283
v 1.728444 2.410450 2.233025
v 1.599953 2.130330 2.233348
v 1.476877 1.893329 2.387166
v 1.392193 1.762951 2.653262
v 1.368593 1.774131 2.960337
v 1.818415 1.689568 3.235163
v 1.980218 1.902539 3.388266
v 2.159151 2.153455 3.387370
v 2.307272 2.375084 3.232715
v 2.384890 2.508040 2.965740
v 2.371208 2.516698 2.657982
v 2.269892 2.398738 2.391904
v 2.108090 2.185767 2.238801
v 1.929156 1.934850 2.239697
v 1.781036 1.713222 2.394352
v 1.703418 1.580266 2.661326
v 1.717100 1.571608 2.969085
v 2.235456 1.333637 3.170255
v 2.446425 1.505039 3.315481
v 2.664462 1.722717 3.308203
v 2.831146 1.928345 3.150371
v 2.901813 2.066824 2.884275
v 2.857528 2.101050 2.581217
v 2.710157 2.021851 2.322399
v 2.499188 1.850450 2.177173
v 2.281150 1.632771 2.184451
v 2.114467 1.427144 2.342283
v 2.043800 1.288665 2.608378
v 2.088085 1.254439 2.911437
v 2.634424 0.860439 3.018014
v 2.881911 0.988694 3.149461
v 3.128450 1.172736 3.131455
v 3.307982 1.363251 2.968822
v 3.372401 1.509191 2.705139
v 3.304446 1.571451 2.411060
v 3.122326 1.533350 2.165382
v 2.874839 1.405095 2.033935
v 2.628300 1.221053 2.051940
v 2.448768 1.030538 2.214573
v 2.384349 0.884598 2.478256
v 2.452304 0.822338 2.772336
v 2.981232 0.292415 2.773645
v 3.254756 0.378088 2.886877
v 3.521165 0.529709 2.855026
v 3.709073 0.706654 2.686626
v 3.768131 0.861509 2.426801
v 3.682514 0.952781 2.145169
v 3.475163 0.956014 1.917195
v 3.201638 0.870341 1.803963
v 2.935230 0.718720 1.835814
v 2.747322 0.541775 2.004213
v 2.688264 0.386920 2.264039
v 2.773881 0.295648 2.545670
v 3.243447 -0.330260 2.444602
v 3.534513 -0.286260 2.535827
v 3.813954 -0.165557 2.487657
v 4.006896 -0.000493 2.313000
v 4.061638 0.164702 2.058656
v 3.963513 0.285765 1.792776
v 3.738814 0.330258 1.586602
v 3.447748 0.286257 1.495378
v 3.168307 0.165554 1.543548
v 2.975366 0.000491 1.718204
v 2.920623 -0.164705 1.972548
v 3.018748 -0.285768 2.238428
v 3.397927 -0.956044 2.050958
v 3.699113 -0.953308 2.116203
v 3.985878 -0.862392 2.049291
v 4.181384 -0.707657 1.868151
v 4.233245 -0.530564 1.621319
v 4.127565 -0.378566 1.374934
v 3.892661 -0.292390 1.195015
v 3.591476 -0.295127 1.129770
v 3.304711 -0.386043 1.196682
v 3.109205 -0.540778 1.377822
v 3.057344 -0.717870 1.624654
v 3.163023 -0.869868 1.871038
v 3.436437 -1.533411 1.621270
v 3.740244 -1.572007 1.655751
v 4.028891 -1.510093 1.567281
v 4.225035 -1.364258 1.379566
v 4.276119 -1.173579 1.142904
v 4.168456 -0.989148 0.920708
v 3.930894 -0.860383 0.772515
v 3.627088 -0.821787 0.738034
v 3.338441 -0.883701 0.826504
v 3.142297 -1.029536 1.014219
v 3.091213 -1.220215 1.250881
v 3.198875 -1.404646 1.473077
v 3.366302 -2.021991 1.185726
v 3.663996 -2.101679 1.183459
v 3.948507 -2.067775 1.069963
v 4.143600 -1.929363 0.875649
v 4.197000 -1.723531 0.652582
v 4.094398 -1.505431 0.460534
v 3.863286 -1.333502 0.350964
v 3.565593 -1.253814 0.353231
v 3.281082 -1.287718 0.466727
v 3.085990 -1.426130 0.661041
v 3.032590 -1.631963 0.884108
v 3.135191 -1.850063 1.076156
v 3.206337 -2.398870 0.769676
v 3.487149 -2.517269 0.723811
v 3.760330 -2.508898 0.581406
v 3.952681 -2.375999 0.380618
v 4.012664 -2.154183 0.175248
v 3.924203 -1.902885 0.020325
v 3.711004 -1.689440 -0.042640
v 3.430193 -1.571041 0.003224
v 3.157012 -1.579412 0.145629
v 2.964660 -1.712311 0.346417
v 2.904678 -1.934127 0.551787
v 2.993138 -2.185425 0.706710
v 2.980425 -2.658801 0.389641
v 3.232084 -2.808848 0.294085
v 3.485949 -2.820206 0.119728
v 3.673999 -2.689831 -0.086710
v 3.745845 -2.452659 -0.269916
v 3.682236 -2.172237 -0.380799
v 3.500215 -1.923707 -0.389648
v 3.248557 -1.773660 -0.294092
v 2.994691 -1.762302 -0.119735
v 2.806642 -1.892676 0.086704
v 2.734796 -2.129849 0.269910
v 2.798405 -2.410270 0.380792
v 2.711994 -2.809319 0.053264
v 2.923721 -2.977683 -0.094391
v 3.151617 -2.998615 -0.300794
v 3.334618 -2.866506 -0.510640
v 3.423688 -2.616754 -0.667700
v 3.394961 -2.316281 -0.729890
v 3.256134 -2.045597 -0.680546
v 3.044407 -1.877233 -0.532891
v 2.816511 -1.856301 -0.326488
v 2.633511 -1.988410 -0.116642
v 2.544441 -2.238162 0.040417
v 2.573167 -2.538635 0.102608
v 2.420691 -2.864916 -0.238878
v 2.587883 -3.033966 -0.434955
v 2.787806 -3.051526 -0.668836
v 2.966888 -2.912893 -0.877851
v 3.077147 -2.655213 -1.005996
v 3.089037 -2.347531 -1.018934
v 2.999373 -2.072290 -0.913199
v 2.832181 -1.903241 -0.717122
v 2.632259 -1.885680 -0.483242
v 2.453176 -2.024313 -0.274226
v 2.342918 -2.281993 -0.146081
v 2.331027 -2.589675 -0.133143
v 2.121485 -2.841992 -0.490292
v 2.247977 -2.995161 -0.725910
v 2.424036 -2.997690 -0.978841
v 2.602487 -2.848901 -1.181311
v 2.735514 -2.588662 -1.279070
v 2.787472 -2.286704 -1.245922
v 2.744440 -2.023936 -1.090750
v 2.617947 -1.870767 -0.855131
v 2.441888 -1.868238 -0.602201
v 2.263438 -2.017027 -0.399730
v 2.130411 -2.277266 -0.301972
v 2.078452 -2.579224 -0.335119
v 1.825251 -2.755859 -0.705666
v 1.921016 -2.882161 -0.969965
v 2.081491 -2.862661 -1.232348
v 2.263674 -2.702583 -1.422510
v 2.418751 -2.444822 -1.489497
v 2.505168 -2.158443 -1.415360
v 2.499771 -1.920182 -1.219965
v 2.404005 -1.793880 -0.955666
v 2.243531 -1.813380 -0.693283
v 2.061347 -1.973458 -0.503120
v 1.906271 -2.231219 -0.436133
v 1.819853 -2.517598 -0.510270
v 1.539506 -2.619830 -0.889211
v 1.616177 -2.714765 -1.172206
v 1.770038 -2.671459 -1.435699
v 1.959861 -2.501516 -1.609087
v 2.134784 -2.250472 -1.645912
v 2.247937 -1.985595 -1.536306
v 2.268999 -1.777857 -1.309638
v 2.192328 -1.682922 -1.026643
v 2.038468 -1.726228 -0.763150
v 1.848644 -1.896171 -0.589761
v 1.673721 -2.147214 -0.552936
v 1.560569 -2.412092 -0.662542
v 1.269183 -2.445364 -1.043675
v 1.336657 -2.509549 -1.337451
v 1.490987 -2.444595 -1.596179
v 1.690820 -2.267906 -1.750534
v 1.882611 -2.026827 -1.759154
v 2.014969 -1.785954 -1.619732
v 2.052429 -1.609829 -1.369625
v 1.984955 -1.545645 -1.075848
v 1.830625 -1.610598 -0.817120
v 1.630792 -1.787287 -0.662766
v 1.439002 -2.028366 -0.654145
v 1.306644 -2.269239 -0.793567
v 1.016781 -2.242557 -1.170973
v 1.081805 -2.279675 -1.469923
v 1.240879 -2.197285 -1.720691
v 1.451378 -2.017463 -1.856084
v 1.656901 -1.788393 -1.839823
v 1.802377 -1.571453 -1.676266
v 1.848825 -1.424772 -1.409237
v 1.783802 -1.387654 -1.110287
v 1.624728 -1.470044 -0.859519
v 1.414228 -1.649865 -0.724126
v 1.208706 -1.878936 -0.740387
v 1.063230 -2.095876 -0.903944
v 0.782768 -2.020212 -1.272904
v 0.848963 -2.035282 -1.573517
v 1.014478 -1.940162 -1.815456
v 1.234963 -1.760340 -1.933892
v 1.451340 -1.543998 -1.897091
v 1.605631 -1.349105 -1.714915
v 1.656493 -1.227883 -1.436176
v 1.590298 -1.212813 -1.135563
v 1.424783 -1.307933 -0.893624
v 1.204298 -1.487755 -0.775188
v 0.987921 -1.704097 -0.811988
v 0.833631 -1.898990 -0.994165
v 0.565975 -1.785518 -1.351978
v 0.634626 -1.783569 -1.652412
v 0.806522 -1.679870 -1.886240
v 1.035605 -1.502208 -1.990807
v 1.260491 -1.298186 -1.938096
v 1.420923 -1.122473 -1.742230
v 1.473913 -1.022150 -1.455691
v 1.405262 -1.024099 -1.155258
v 1.233366 -1.127797 -0.921430
v 1.004283 -1.305460 -0.816862
v 0.779397 -1.509481 -0.869573
v 0.618965 -1.685195 -1.065439
v 0.364482 -1.544029 -1.411026
v 0.435339 -1.529443 -1.710598
v 0.612482 -1.420323 -1.937953
v 0.848447 -1.245906 -2.032170
v 1.080006 -1.052929 -1.968004
v 1.245113 -0.893098 -1.762649
v 1.299528 -0.809241 -1.471129
v 1.228671 -0.823826 -1.171556
v 1.051528 -0.932946 -0.944202
v 0.815564 -1.107363 -0.849985
v 0.584005 -1.300340 -0.914150
v 0.418898 -1.460171 -1.119506
v 0.175849 -1.299501 -1.453387
v 0.247976 -1.275681 -1.752063
v 0.428868 -1.163244 -1.974803
v 0.670054 -0.992317 -2.061925
v 0.906910 -0.808700 -1.990083
v 1.075970 -0.661593 -1.778528
v 1.131934 -0.590413 -1.483946
v 1.059807 -0.614233 -1.185270
v 0.878916 -0.726671 -0.962530
v 0.637729 -0.897597 -0.875408
v 0.400873 -1.081214 -0.947250
v 0.231813 -1.228321 -1.158805
v -0.002173 -1.054635 -1.481984
v 0.069974 -1.024055 -1.780039
v 0.252955 -0.909459 -1.999954
v 0.497742 -0.741552 -2.082802
v 0.738744 -0.565325 -2.006385
v 0.911384 -0.427999 -1.791178
v 0.969404 -0.366369 -1.494846
v 0.897257 -0.396949 -1.196791
v 0.714275 -0.511545 -0.976877
v 0.469488 -0.679452 -0.894028
v 0.228487 -0.855679 -0.970445
v 0.055847 -0.993005 -1.185652
v -0.171988 -0.810863 -1.499746
v -0.100951 -0.775098 -1.797491
v 0.082661 -0.658761 -2.015962
v 0.329648 -0.493026 -2.096622
v 0.573832 -0.322299 -2.017856
v 0.749783 -0.192329 -1.800771
v 0.810355 -0.137939 -1.503534
v 0.739318 -0.173704 -1.205789
v 0.555707 -0.290040 -0.987318
v 0.308719 -0.455776 -0.906658
v 0.064536 -0.626502 -0.985424
v -0.111415 -0.756473 -1.202509
v -0.335702 -0.569209 -1.508996
v -0.266703 -0.529096 -1.806666
v -0.083737 -0.410822 -2.024638
v 0.164170 -0.246081 -2.104508
v 0.410592 -0.079013 -2.024875
v 0.589501 0.045615 -1.807075
v 0.652957 0.094410 -1.509469
v 0.583958 0.054297 -1.211799
v 0.400992 -0.063976 -0.993827
v 0.153085 -0.228718 -0.913957
v -0.093337 -0.395786 -0.993590
v -0.272246 -0.520414 -1.211390
v -0.495401 -0.330210 -1.511707
v -0.429048 -0.285943 -1.809390
v -0.247732 -0.165059 -2.027308
v -0.000036 0.000051 -2.107072
v 0.247671 0.165147 -2.027308
v 0.429014 0.285990 -1.809390
v 0.495404 0.330202 -1.511707
v 0.429051 0.285935 -1.214025
v 0.247734 0.165051 -0.996106
v 0.000038 -0.000059 -0.916342
v -0.247668 -0.165155 -0.996106
v -0.429011 -0.285998 -1.214024
v -0.652928 -0.094457 -1.509478
v -0.589509 -0.045600 -1.807082
v -0.410634 0.079084 -2.024877
v -0.164234 0.246188 -2.104506
v 0.083668 0.410934 -2.024632
v 0.266649 0.529180 -1.806657
v 0.335678 0.569241 -1.508987
v 0.272259 0.520384 -1.211383
v 0.093385 0.395700 -0.993588
v -0.153015 0.228597 -0.913959
v -0.400918 0.063850 -0.993833
v -0.583899 -0.054396 -1.211808
v -0.810299 0.137855 -1.503570
v -0.749762 0.192325 -1.800799
v -0.573852 0.322375 -2.017869
v -0.329702 0.493159 -2.096617
v -0.082734 0.658915 -2.015940
v 0.100879 0.775228 -1.797457
v 0.171937 0.810934 -1.499711
v 0.111400 0.756464 -1.202481
v -0.064511 0.626414 -0.985411
v -0.308660 0.455630 -0.906664
v -0.555629 0.289874 -0.987340
v -0.739241 0.173560 -1.205823
v -0.969324 0.366255 -1.494922
v -0.911329 0.427978 -1.791239
v -0.738727 0.565402 -2.006415
v -0.497768 0.741703 -2.082793
v -0.253016 0.909642 -1.999908
v -0.070052 1.024220 -1.779969
v 0.002099 1.054735 -1.481908
v -0.055896 0.993011 -1.185591
v -0.228498 0.855588 -0.970416
v -0.469457 0.679287 -0.894037
v -0.714209 0.511348 -0.976922
v -0.897173 0.396770 -1.196861
v -1.131822 0.590264 -1.484086
v -1.075880 0.661577 -1.778640
v -0.906866 0.808820 -1.990137
v -0.670067 0.992538 -2.061906
v -0.428933 1.163505 -1.974718
v -0.248076 1.275910 -1.751933
v -0.175956 1.299635 -1.453248
v -0.231898 1.228322 -1.158694
v -0.400912 1.081079 -0.947197
v -0.637711 0.897361 -0.875427
v -0.878845 0.726394 -0.962616
v -1.059702 0.613988 -1.185400
v -1.299385 0.809072 -1.471343
v -1.244989 0.893104 -1.762816
v -1.079934 1.053105 -1.968080
v -0.848446 1.246205 -2.032135
v -0.612552 1.420661 -1.937816
v -0.435459 1.529729 -1.710397
v -0.364620 1.544183 -1.410814
v -0.419015 1.460151 -1.119340
v -0.584070 1.300150 -0.914076
v -0.815558 1.107050 -0.850021
v -1.051453 0.932594 -0.944340
v -1.228545 0.823526 -1.171759
v -1.473701 1.021943 -1.456044
v -1.420717 1.122502 -1.742501
v -1.260345 1.298442 -1.938213
v -1.035557 1.502619 -1.990739
v -0.806585 1.680326 -1.886005
v -0.634781 1.783945 -1.652074
v -0.566181 1.785711 -1.351627
v -0.619165 1.685152 -1.065170
v -0.779536 1.509213 -0.869458
v -1.004324 1.305035 -0.816932
v -1.233296 1.127329 -0.921666
v -1.405100 1.023710 -1.155597
v -1.656257 1.227705 -1.436592
v -1.605429 1.349211 -1.715214
v -1.451226 1.544357 -1.897193
v -1.234967 1.760854 -1.933770
v -1.014597 1.940692 -1.815143
v -0.849165 2.035684 -1.573097
v -0.782998 2.020376 -1.272490
v -0.833825 1.898871 -0.993869
v -0.988028 1.703725 -0.811889
v -1.204287 1.487228 -0.775312
v -1.424657 1.307389 -0.893939
v -1.590089 1.212397 -1.135984
v -1.848564 1.424639 -1.409705
v -1.802195 1.571643 -1.676570
v -1.656848 1.788853 -1.839883
v -1.451467 2.018069 -1.855883
v -1.241084 2.197871 -1.720285
v -1.082072 2.280083 -1.469420
v -1.017036 2.242676 -1.170508
v -1.063404 2.095673 -0.903643
v -1.208751 1.878463 -0.740330
v -1.414132 1.649247 -0.724329
v -1.624514 1.469444 -0.859928
v -1.783528 1.387232 -1.110793
v -2.052115 1.609748 -1.370180
v -2.014797 1.786242 -1.620049
v -1.882627 2.027405 -1.759149
v -1.691020 2.268618 -1.750207
v -1.491315 2.445247 -1.595620
v -1.337024 2.509966 -1.336809
v -1.269490 2.445433 -1.043123
v -1.306807 2.268939 -0.793254
v -1.438977 2.027776 -0.654155
v -1.630585 1.786564 -0.663096
v -1.830289 1.609934 -0.817683
v -1.984580 1.545215 -1.076494
v -2.268669 1.777851 -1.310205
v -2.247865 1.985970 -1.536547
v -2.134990 2.251127 -1.645764
v -1.960287 2.502272 -1.608590
v -1.770569 2.672113 -1.434986
v -1.616670 2.715140 -1.171469
v -1.539828 2.619824 -0.888649
v -1.560631 2.411705 -0.662307
v -1.673507 2.146549 -0.553090
v -1.848210 1.895403 -0.590264
v -2.037928 1.725562 -0.763868
v -2.191827 1.682535 -1.027384
v -2.499460 1.920247 -1.220483
v -2.505251 2.158844 -1.415458
v -2.419204 2.445449 -1.489148
v -2.264375 2.703268 -1.421809
v -2.082250 2.863218 -1.231484
v -1.921629 2.882440 -0.969170
v -1.825551 2.755784 -0.705154
v -1.819760 2.517187 -0.510179
v -1.905807 2.230582 -0.436489
v -2.060636 1.972763 -0.503828
v -2.242761 1.812814 -0.694153
v -2.403382 1.793591 -0.956467
v -2.744138 2.024069 -1.091247
v -2.787694 2.287074 -1.245869
v -2.736198 2.589170 -1.278483
v -2.603449 2.849409 -1.180349
v -2.425017 2.998061 -0.977761
v -2.248712 2.995295 -0.725004
v -2.121776 2.841852 -0.489804
v -2.078220 2.578846 -0.335181
v -2.129715 2.276751 -0.302568
v -2.262464 2.016511 -0.400702
v -2.440896 1.867859 -0.603289
v -2.617201 1.870625 -0.856046
v -2.999158 2.072435 -0.913557
v -3.089396 2.347722 -1.018680
v -3.077981 2.655399 -1.005200
v -2.967974 2.913024 -0.876728
v -2.788850 3.051565 -0.667688
v -2.588604 3.033902 -0.434092
v -2.420894 2.864767 -0.238532
v -2.330657 2.589479 -0.133408
v -2.342071 2.281802 -0.146889
v -2.452078 2.024178 -0.275361
v -2.631203 1.885636 -0.484401
v -2.831448 1.903299 -0.717996
v -3.255977 2.045748 -0.680824
v -3.395356 2.316269 -0.729498
v -3.424527 2.616582 -0.666746
v -3.335676 2.866220 -0.509382
v -3.152609 2.998292 -0.299571
v -2.924379 2.977409 -0.093532
v -2.712139 2.809167 0.053527
v -2.572761 2.538646 0.102201
v -2.543589 2.238333 0.039449
v -2.632440 1.988695 -0.117915
v -2.815507 1.856623 -0.327726
v -3.043737 1.877506 -0.533765
v -3.500082 1.923890 -0.389913
v -3.682551 2.172066 -0.380381
v -3.746523 2.452179 -0.268929
v -3.674857 2.689173 -0.085421
v -3.486756 2.819545 0.120972
v -3.232621 2.808363 0.294947
v -2.980547 2.658623 0.389888
v -2.798078 2.410447 0.380356
v -2.734106 2.130335 0.268904
v -2.805771 1.893341 0.085397
v -2.993873 1.762968 -0.120996
v -3.248008 1.774150 -0.294972
v -3.710925 1.689608 -0.042839
v -3.924422 1.902570 0.020748
v -4.013120 2.153472 0.176177
v -3.953252 2.375084 0.381801
v -3.760861 2.508026 0.582523
v -3.487498 2.516676 0.724559
v -3.206408 2.398716 0.769853
v -2.992912 2.185754 0.706266
v -2.904213 1.934852 0.550837
v -2.964080 1.713240 0.345213
v -3.156471 1.580298 0.144491
v -3.429835 1.571648 0.002455
v -3.863259 1.333613 0.350854
v -4.094507 1.505036 0.460923
v -4.197216 1.722740 0.653363
v -4.143866 1.928390 0.876609
v -3.948750 2.066883 1.070843
v -3.664150 2.101110 1.184019
v -3.366326 2.021900 1.185812
v -3.135077 1.850477 1.075743
v -3.032368 1.632774 0.883303
v -3.085718 1.427124 0.660057
v -3.280834 1.288630 0.465823
v -3.565433 1.254403 0.352647
v -3.930893 0.860431 0.772474
v -4.168472 0.988693 0.921074
v -4.276148 1.172747 1.143576
v -4.225069 1.363276 1.380360
v -4.028921 1.509226 1.567981
v -3.740263 1.571492 1.656166
v -3.436440 1.533389 1.621285
v -3.198861 1.405127 1.472685
v -3.091185 1.221073 1.250183
v -3.142264 1.030544 1.013399
v -3.338411 0.884594 0.825777
v -3.627069 0.822328 0.737593
v -3.892672 0.292457 1.194967
v -4.127496 0.378125 1.375233
v -4.233115 0.529738 1.621881
v -4.181229 0.706671 1.868822
v -3.985741 0.861515 2.049888
v -3.699032 0.952779 2.116562
v -3.397924 0.956011 2.050980
v -3.163101 0.870343 1.870714
v -3.057481 0.718730 1.624066
v -3.109367 0.541798 1.377125
v -3.304855 0.386954 1.196059
v -3.591564 0.295689 1.129384
v -3.738836 -0.330196 1.586565
v -3.963371 -0.286197 1.793024
v -4.061371 -0.165506 2.059120
v -4.006578 -0.000463 2.313552
v -3.813673 0.164710 2.488145
v -3.534345 0.285754 2.536118
v -3.243440 0.330236 2.444615
v -3.018906 0.286238 2.238156
v -2.920905 0.165547 1.972061
v -2.975698 0.000504 1.717629
v -3.168603 -0.164669 1.543036
v -3.447931 -0.285713 1.495063
v -3.475141 -0.956058 1.917214
v -3.682237 -0.953324 2.145427
v -3.767676 -0.862401 2.427225
v -3.708565 -0.707651 2.687101
v -3.520743 -0.530540 2.855421
v -3.254537 -0.378524 2.887084
v -2.981276 -0.292336 2.773606
v -2.774181 -0.295069 2.545393
v -2.688742 -0.385993 2.263595
v -2.747853 -0.540742 2.003719
v -2.935674 -0.717854 1.835399
v -3.201880 -0.869870 1.803736
v -3.122263 -1.533438 2.165412
v -3.304027 -1.572037 2.411276
v -3.371741 -1.510112 2.705483
v -3.307263 -1.364257 2.969198
v -3.127868 -1.173553 3.131761
v -2.881625 -0.989099 3.149612
v -2.634516 -0.860320 3.017969
v -2.452752 -0.821722 2.772105
v -2.385038 -0.883646 2.477899
v -2.449516 -1.029501 2.214183
v -2.628911 -1.220205 2.051620
v -2.875153 -1.404659 2.033769
v -2.710123 -2.021888 2.322409
v -2.857027 -2.101557 2.581348
v -2.900984 -2.067662 2.884491
v -2.830215 -1.929284 3.150613
v -2.663683 -1.723503 3.308405
v -2.446011 -1.505457 3.315588
v -2.235522 -1.333572 3.170237
v -2.088618 -1.253903 2.911299
v -2.044661 -1.287798 2.608155
v -2.115430 -1.426175 2.342034
v -2.281961 -1.631956 2.184241
v -2.499634 -1.850002 2.177058
v -2.269719 -2.398881 2.391930
v -2.370391 -2.517288 2.658054
v -2.383653 -2.508916 2.965838
v -2.305951 -2.376009 3.232812
v -2.158105 -2.154178 3.387441
v -1.979730 -1.902864 3.388291
v -1.818622 -1.689405 3.235135
v -1.717950 -1.570999 2.969011
v -1.704688 -1.579370 2.661227
v -1.782390 -1.712278 2.394253
v -1.930235 -1.934108 2.239625
v -2.108610 -2.185422 2.238774
v -1.827641 -2.658813 2.386302
v -1.870698 -2.808865 2.652024
v -1.846629 -2.820221 2.959056
v -1.761882 -2.689838 3.225130
v -1.639165 -2.452654 3.378952
v -1.511360 -2.172220 3.379305
v -1.412713 -1.923680 3.226095
v -1.369655 -1.773629 2.960374
v -1.393725 -1.762272 2.653342
v -1.478472 -1.892655 2.387267
v -1.601188 -2.129839 2.233445
v -1.728993 -2.410273 2.233092
v -1.402097 -2.809339 2.322023
v -1.380077 -2.977697 2.579215
v -1.315280 -2.998619 2.879782
v -1.225067 -2.866498 3.143188
v -1.133612 -2.616736 3.298854
v -1.065420 -2.316256 3.305068
v -1.038762 -2.045572 3.160167
v -1.060782 -1.877213 2.902976
v -1.125579 -1.856290 2.602408
v -1.215792 -1.988412 2.339002
v -1.307247 -2.238174 2.183336
v -1.375440 -2.538654 2.177121
v -1.003449 -2.864931 2.215820
v -0.917223 -3.033972 2.458652
v -0.814638 -3.051523 2.748730
v -0.723182 -2.912881 3.008328
v -0.667359 -2.655195 3.167887
v -0.662128 -2.347513 3.184653
v -0.708891 -2.072276 3.054134
v -0.795116 -1.903235 2.811302
v -0.897701 -1.885684 2.521224
v -0.989158 -2.024326 2.261626
v -1.044980 -2.282012 2.102067
v -1.050211 -2.589694 2.085300
v -0.636240 -2.841974 2.082409
v -0.495456 -2.995169 2.309759
v -0.364433 -2.997723 2.588691
v -0.278279 -2.848951 2.844468
v -0.260079 -2.588716 3.008552
v -0.314709 -2.286748 3.036978
v -0.427532 -2.023959 2.922129
v -0.568317 -1.870764 2.694780
v -0.699340 -1.868210 2.415847
v -0.785494 -2.016982 2.160071
v -0.803694 -2.277217 1.995987
v -0.749063 -2.579185 1.967560
v -0.301485 -2.755868 1.933548
v -0.120477 -2.882160 2.148638
v 0.026510 -2.862652 2.418807
v 0.100090 -2.702570 2.671664
v 0.080547 -2.444809 2.839458
v -0.026881 -2.158436 2.877226
v -0.193410 -1.920183 2.774850
v -0.374419 -1.793891 2.559761
v -0.521405 -1.813400 2.289592
v -0.594985 -1.973481 2.036734
v -0.575443 -2.231242 1.868940
v -0.468014 -2.517615 1.831172
v 0.000338 -2.619837 1.777859
v 0.207074 -2.714770 1.985767
v 0.358321 -2.671462 2.250768
v 0.413553 -2.501519 2.501858
v 0.357972 -2.250476 2.671755
v 0.206469 -1.985600 2.714937
v -0.000360 -1.777864 2.619833
v -0.207095 -1.682931 2.411926
v -0.358342 -1.726238 2.146924
v -0.413575 -1.896182 1.895835
v -0.357993 -2.147224 1.725937
v -0.206491 -2.412101 1.682755
v 0.269267 -2.445370 1.620985
v 0.489948 -2.509546 1.826311
v 0.636842 -2.444586 2.089330
v 0.670590 -2.267897 2.339568
v 0.582149 -2.026821 2.509973
v 0.395216 -1.785956 2.554885
v 0.159881 -1.609840 2.462271
v -0.060800 -1.545664 2.256945
v -0.207695 -1.610624 1.993926
v -0.241443 -1.787313 1.743688
v -0.153002 -2.028389 1.573283
v 0.033931 -2.269254 1.528370
v 0.505656 -2.242574 1.466047
v 0.732043 -2.279708 1.671831
v 0.869687 -2.197327 1.934975
v 0.881707 -2.017506 2.184969
v 0.764881 -1.788427 2.354828
v 0.550515 -1.571472 2.399037
v 0.296046 -1.424773 2.305751
v 0.069659 -1.387639 2.099967
v -0.067985 -1.470020 1.836823
v -0.080005 -1.649841 1.586829
v 0.036820 -1.878920 1.416971
v 0.251187 -2.095875 1.372761
v 0.710982 -2.020219 1.314352
v 0.938215 -2.035295 1.521992
v 1.064975 -1.940180 1.786307
v 1.057295 -1.760360 2.036473
v 0.917234 -1.544018 2.205459
v 0.682320 -1.349123 2.247984
v 0.415500 -1.227896 2.152655
v 0.188266 -1.212820 1.945015
v 0.061506 -1.307935 1.680700
v 0.069185 -1.487754 1.430534
v 0.209247 -1.704096 1.261548
v 0.444160 -1.898991 1.219023
v 0.887806 -1.785550 1.166141
v 1.113673 -1.783611 1.375801
v 1.230245 -1.679915 1.641573
v 1.206285 -1.502245 1.892245
v 1.048214 -1.298208 2.060649
v 0.798387 -1.122477 2.101662
v 0.523745 -1.022138 2.004293
v 0.297877 -1.024076 1.794633
v 0.181306 -1.127773 1.528861
v 0.205265 -1.305442 1.278188
v 0.363336 -1.509479 1.109784
v 0.613163 -1.685210 1.068772
v 1.039711 -1.544054 1.021167
v 1.263725 -1.529474 1.232313
v 1.372058 -1.420354 1.499396
v 1.335683 -1.245932 1.750854
v 1.164345 -1.052944 1.919307
v 0.903956 -0.893102 1.959620
v 0.624286 -0.809235 1.860990
v 0.400272 -0.823815 1.649844
v 0.291939 -0.932935 1.382761
v 0.328314 -1.107357 1.131303
v 0.499651 -1.300344 0.962849
v 0.760040 -1.460186 0.922537
v 1.170769 -1.299486 0.878981
v 1.393359 -1.275660 1.090790
v 1.495798 -1.163226 1.358824
v 1.450637 -0.992310 1.611262
v 1.269977 -0.808708 1.780465
v 1.002226 -0.661617 1.821094
v 0.719127 -0.590450 1.722263
v 0.496538 -0.614275 1.510454
v 0.394099 -0.726709 1.242420
v 0.439260 -0.897625 0.989982
v 0.619920 -1.081227 0.820779
v 0.887671 -1.228318 0.780150
v 1.284506 -1.054655 0.739114
v 1.506557 -1.024076 0.950621
v 1.605522 -0.909479 1.219043
v 1.554882 -0.741568 1.472458
v 1.368206 -0.565337 1.642962
v 1.095514 -0.428005 1.684869
v 0.809874 -0.366370 1.586951
v 0.587822 -0.396949 1.375444
v 0.488858 -0.511546 1.107022
v 0.539498 -0.679457 0.853607
v 0.726174 -0.855688 0.683103
v 0.998865 -0.993020 0.641196
v 1.384787 -0.810897 0.600938
v 1.607128 -0.775131 0.811325
v 1.704532 -0.658788 1.079567
v 1.650900 -0.493041 1.333789
v 1.460604 -0.322302 1.505872
v 1.184632 -0.192321 1.549707
v 0.896931 -0.137926 1.453548
v 0.674591 -0.173691 1.243161
v 0.577187 -0.290035 0.974919
v 0.630818 -0.455781 0.720697
v 0.821114 -0.626520 0.548614
v 1.097086 -0.756501 0.504779
v 1.474727 -0.569120 0.463726
v 1.698005 -0.529014 0.672330
v 1.795269 -0.410774 0.939792
v 1.740457 -0.246081 1.194447
v 1.548255 -0.079065 1.368059
v 1.270165 0.045522 1.414110
v 0.980699 0.094298 1.320261
v 0.757421 0.054193 1.111657
v 0.660157 -0.064047 0.844195
v 0.714969 -0.228740 0.589540
v 0.907170 -0.395756 0.415928
v 1.185261 -0.520344 0.369876
v 1.556847 -0.330290 0.326865
v 1.781474 -0.286016 0.533166
v 1.879547 -0.165108 0.799136
v 1.824788 0.000037 1.053509
v 1.631869 0.165167 1.228127
v 1.352483 0.286038 1.276200
v 1.061491 0.330260 1.184848
v 0.836865 0.285986 0.978547
v 0.738792 0.165079 0.712577
v 0.793551 -0.000066 0.458204
v 0.986469 -0.165196 0.283586
v 1.265855 -0.286067 0.235513
v 1.633702 -0.094480 0.189297
v 1.859725 -0.045619 0.393021
v 1.958904 0.079071 0.656825
v 1.904666 0.246181 0.910024
v 1.711542 0.410932 1.084773
v 1.431281 0.529181 1.134248
v 1.138977 0.569243 1.045193
v 0.912954 0.520382 0.841470
v 0.813774 0.395692 0.577665
v 0.868013 0.228582 0.324466
v 1.061136 0.063831 0.149717
v 1.341398 -0.054418 0.100241
v 1.707273 0.137831 0.050058
v 1.934410 0.192299 0.251103
v 2.034441 0.322352 0.511981
v 1.980562 0.493141 0.762790
v 1.787210 0.658904 0.936326
v 1.506194 0.775225 0.986090
v 1.212812 0.810936 0.898749
v 0.985675 0.756468 0.697704
v 0.885644 0.626416 0.436826
v 0.939523 0.455626 0.186017
v 1.132874 0.289863 0.012481
v 1.413890 0.173542 -0.037284
v 1.779300 0.366232 -0.091983
v 2.006920 0.427966 0.106398
v 2.106966 0.565401 0.363458
v 2.052630 0.741711 0.610317
v 1.858471 0.909653 0.780830
v 1.576515 1.024229 0.829309
v 1.282311 1.054738 0.742762
v 1.054691 0.993004 0.544381
v 0.954645 0.855569 0.287322
v 1.008981 0.679260 0.040462
v 1.203139 0.511317 -0.130051
v 1.485095 0.396741 -0.178530
v 1.851147 0.590283 -0.238174
v 2.078272 0.661575 -0.042448
v 2.176934 0.808795 0.209682
v 2.120696 0.992494 0.450657
v 1.924627 1.163451 0.615908
v 1.641265 1.275858 0.661157
v 1.346535 1.299595 0.574278
v 1.119410 1.228303 0.378552
v 1.020748 1.081083 0.126423
v 1.076986 0.897384 -0.114553
v 1.273054 0.726427 -0.279804
v 1.556417 0.614020 -0.325053
v 1.923921 0.809040 -0.389595
v 2.149136 0.893071 -0.196737
v 2.244361 1.053077 0.048838
v 2.184080 1.246186 0.281329
v 1.984444 1.420654 0.438441
v 1.698948 1.529733 0.478074
v 1.404089 1.544194 0.389610
v 1.178874 1.460164 0.196752
v 1.083649 1.300157 -0.048823
v 1.143930 1.107048 -0.281314
v 1.343565 0.932580 -0.438426
v 1.629061 0.823502 -0.478059
v 1.997814 1.021935 -0.548239
v 2.219403 1.122498 -0.359130
v 2.308711 1.298440 -0.122390
v 2.241807 1.502618 0.098545
v 2.036619 1.680322 0.244476
v 1.748126 1.783937 0.276302
v 1.453630 1.785699 0.185494
v 1.232041 1.685137 -0.003615
v 1.142733 1.509194 -0.240354
v 1.209636 1.305017 -0.461290
v 1.414824 1.127312 -0.607221
v 1.703317 1.023697 -0.639047
v 2.072163 1.227755 -0.716202
v 2.288081 1.349198 -0.532878
v 2.368630 1.544283 -0.308310
v 2.292226 1.760736 -0.102670
v 2.079342 1.940559 0.028940
v 1.787020 2.035568 0.051255
v 1.493587 2.020307 -0.041703
v 1.277668 1.898863 -0.225027
v 1.197120 1.703779 -0.449596
v 1.273523 1.487326 -0.655235
v 1.486407 1.307503 -0.786845
v 1.778729 1.212493 -0.809161
v 2.145138 1.424621 -0.896010
v 2.353056 1.571641 -0.722424
v 2.421803 1.788866 -0.514905
v 2.332957 2.018091 -0.329056
v 2.110325 2.197894 -0.214677
v 1.813560 2.280099 -0.202415
v 1.522181 2.242678 -0.295555
v 1.314263 2.095658 -0.469141
v 1.245516 1.878433 -0.676661
v 1.334362 1.649209 -0.862509
v 1.556994 1.469405 -0.976889
v 1.853759 1.387200 -0.989151
v 2.212682 1.609737 -1.092057
v 2.410408 1.786248 -0.934812
v 2.464775 2.027424 -0.750814
v 2.361216 2.268643 -0.589364
v 2.127480 2.445271 -0.493723
v 1.826196 2.509979 -0.489518
v 1.538092 2.445431 -0.577876
v 1.340367 2.268921 -0.735121
v 1.286000 2.027745 -0.919119
v 1.389558 1.786526 -1.080569
v 1.623295 1.609898 -1.176210
v 1.924579 1.545189 -1.180415
v 2.268997 1.777846 -1.309625
v 2.454616 1.985963 -1.178436
v 2.492765 2.251117 -1.026073
v 2.373222 2.502263 -0.893359
v 2.128019 2.672104 -0.815857
v 1.822858 2.715133 -0.814332
v 1.539506 2.619819 -0.889194
v 1.353888 2.411703 -1.020383
v 1.315739 2.146549 -1.172747
v 1.435281 1.895404 -1.305460
v 1.680484 1.725562 -1.382962
v 1.985645 1.682533 -1.384487
v 2.306719 1.920250 -1.554310
v 2.478455 2.158864 -1.461860
v 2.499233 2.445481 -1.350522
v 2.363487 2.703302 -1.250130
v 2.107589 2.863244 -1.187583
v 1.800108 2.882451 -1.179642
v 1.523431 2.755775 -1.228433
v 1.351695 2.517161 -1.320884
v 1.330916 2.230544 -1.432222
v 1.466662 1.972723 -1.532613
v 1.722560 1.812781 -1.595160
v 2.030042 1.793575 -1.603101
v 2.317094 2.024057 -1.830902
v 2.472791 2.287054 -1.791299
v 2.475301 2.589145 -1.730377
v 2.323952 2.849387 -1.664460
v 2.059298 2.998046 -1.611211
v 1.752252 2.995291 -1.584898
v 1.485087 2.841860 -1.592571
v 1.329390 2.578863 -1.632174
v 1.326880 2.276772 -1.693096
v 1.478229 2.016530 -1.759013
v 1.742883 1.867870 -1.812262
v 2.049929 1.870625 -1.838575
v 2.290712 2.072413 -2.140617
v 2.426893 2.347694 -2.166155
v 2.409535 2.655372 -2.162960
v 2.243290 2.913005 -2.131890
v 1.972703 3.051559 -2.081270
v 1.670277 3.033910 -2.024664
v 1.417048 2.864787 -1.977238
v 1.280867 2.589506 -1.951701
v 1.298224 2.281828 -1.954895
v 1.464469 2.024196 -1.985965
v 1.735056 1.885641 -2.036585
v 2.037482 1.903290 -2.093192
v 2.217609 2.045761 -2.479327
v 2.329441 2.316279 -2.575714
v 2.289673 2.616587 -2.632372
v 2.108957 2.866219 -2.634121
v 1.835719 2.998286 -2.580491
v 1.543170 2.977400 -2.485852
v 1.309701 2.809157 -2.375564
v 1.197868 2.538639 -2.279177
v 1.237637 2.238331 -2.222518
v 1.418352 1.988699 -2.220770
v 1.691590 1.856632 -2.274400
v 1.984138 1.877518 -2.369038
v 2.087765 1.923953 -2.836126
v 2.170701 2.172096 -2.998988
v 2.106121 2.452168 -3.110190
v 1.911329 2.689125 -3.139935
v 1.638521 2.819475 -3.080254
v 1.360795 2.808289 -2.947138
v 1.152567 2.658566 -2.776254
v 1.069632 2.410423 -2.613392
v 1.134212 2.130351 -2.502190
v 1.329003 1.893394 -2.472445
v 1.601811 1.763044 -2.532126
v 1.879537 1.774230 -2.665242
v 1.892536 1.689579 -3.192368
v 1.944229 1.902554 -3.409039
v 1.853989 2.153474 -3.563549
v 1.645994 2.375103 -3.614496
v 1.375977 2.508058 -3.548230
v 1.116289 2.516712 -3.382506
v 0.936513 2.398746 -3.161731
v 0.884819 2.185771 -2.945060
v 0.975060 1.934851 -2.790550
v 1.183054 1.713222 -2.739603
v 1.453071 1.580268 -2.805869
v 1.712759 1.571613 -2.971592
v 1.627721 1.333532 -3.521167
v 1.648051 1.504995 -3.776440
v 1.532784 1.722748 -3.961572
v 1.312806 1.928446 -4.026959
v 1.047060 2.066971 -3.955078
v 0.806752 2.101205 -3.765191
v 0.656272 2.021977 -3.508178
v 0.635942 1.850514 -3.252905
v 0.751208 1.632761 -3.067773
v 0.971186 1.427063 -3.002386
v 1.236933 1.288539 -3.074266
v 1.477241 1.254304 -3.264153
v 1.296479 0.860457 -3.790483
v 1.286575 0.988716 -4.070533
v 1.147714 1.172761 -4.275039
v 0.917104 1.363275 -4.349202
v 0.656535 1.509212 -4.273150
v 0.435828 1.571467 -4.067263
v 0.314121 1.533359 -3.786705
v 0.324024 1.405099 -3.506655
v 0.462885 1.221055 -3.302149
v 0.693495 1.030540 -3.227986
v 0.954064 0.884604 -3.304037
v 1.174771 0.822349 -3.509925
v 0.911522 0.292550 -3.968620
v 0.872804 0.378193 -4.262122
v 0.711981 0.529762 -4.476924
v 0.472147 0.706644 -4.555472
v 0.217564 0.861442 -4.476717
v 0.016449 0.952680 -4.261764
v -0.077312 0.955909 -3.968206
v -0.038593 0.870266 -3.674705
v 0.122229 0.718697 -3.459902
v 0.362063 0.541816 -3.381354
v 0.616646 0.387017 -3.460108
v 0.817762 0.295780 -3.675063
v 0.495381 -0.330239 -4.031214
v 0.428848 -0.286242 -4.328897
v 0.247407 -0.165544 -4.546815
v -0.000324 -0.000486 -4.626579
v -0.247966 0.164705 -4.546815
v -0.429164 0.285766 -4.328897
v -0.495366 0.330259 -4.031214
v -0.428834 0.286263 -3.733532
v -0.247393 0.165565 -3.515613
v 0.000338 0.000507 -3.435849
v 0.247980 -0.164684 -3.515613
v 0.429179 -0.285746 -3.733531
v 0.077145 -0.956158 -3.968150
v -0.016938 -0.953416 -4.261609
v -0.218243 -0.862463 -4.476506
v -0.472829 -0.707671 -4.555263
v -0.712480 -0.530515 -4.476774
v -0.872982 -0.378465 -4.262073
v -0.911328 -0.292262 -3.968685
v -0.817245 -0.295005 -3.675227
v -0.615940 -0.385957 -3.460329
v -0.361355 -0.540750 -3.381572
v -0.121704 -0.717905 -3.460061
v 0.038798 -0.869955 -3.674763
v -0.314158 -1.533414 -3.786680
v -0.436200 -1.572010 -4.067025
v -0.657138 -1.510093 -4.272767
v -0.917773 -1.364255 -4.348777
v -1.148268 -1.173571 -4.274689
v -1.286861 -0.989136 -4.070354
v -1.296417 -0.860368 -3.790524
v -1.174375 -0.821772 -3.510179
v -0.953437 -0.883689 -3.304438
v -0.692802 -1.029528 -3.228427
v -0.462307 -1.220211 -3.302516
v -0.323714 -1.404647 -3.506850
v -0.656189 -2.021863 -3.508262
v -0.806982 -2.101529 -3.764956
v -1.047539 -2.067641 -3.954590
v -1.313403 -1.929281 -4.026352
v -1.533337 -1.723521 -3.961012
v -1.648408 -1.505494 -3.776080
v -1.627784 -1.333621 -3.521106
v -1.476991 -1.253955 -3.264412
v -1.236434 -1.287842 -3.074778
v -0.970570 -1.426202 -3.003016
v -0.750637 -1.631962 -3.068356
v -0.635565 -1.849989 -3.253288
v -0.936613 -2.398877 -3.161606
v -1.116738 -2.517274 -3.381866
v -1.376652 -2.508899 -3.547248
v -1.646713 -2.375996 -3.613439
v -1.854556 -2.154176 -3.562704
v -1.944492 -1.902876 -3.408636
v -1.892421 -1.689431 -3.192518
v -1.712296 -1.571034 -2.972259
v -1.452381 -1.579408 -2.806877
v -1.182321 -1.712311 -2.740685
v -0.974477 -1.934131 -2.791420
v -0.884542 -2.185431 -2.945488
v -1.152837 -2.658877 -2.775851
v -1.361458 -2.808945 -2.945951
v -1.639399 -2.820298 -3.078605
v -1.912185 -2.689895 -3.138270
v -2.106723 -2.452676 -3.108958
v -2.170887 -2.172204 -2.998523
v -2.087485 -1.923633 -2.836556
v -1.878864 -1.773565 -2.666457
v -1.600923 -1.762211 -2.533802
v -1.328137 -1.892615 -2.474137
v -1.133599 -2.129834 -2.503449
v -1.069434 -2.410305 -2.613884
v -1.309878 -2.809329 -2.375274
v -1.543615 -2.977689 -2.484813
v -1.836311 -2.998615 -2.578984
v -2.109538 -2.866500 -2.632555
v -2.290085 -2.616744 -2.631170
v -2.329574 -2.316269 -2.575200
v -2.217425 -2.045587 -2.479644
v -1.983688 -1.877227 -2.370105
v -1.690992 -1.856302 -2.275933
v -1.417765 -1.988417 -2.222363
v -1.237218 -2.238172 -2.223748
v -1.197728 -2.538647 -2.279717
v -1.417172 -2.864881 -1.977028
v -1.670556 -3.033951 -2.023813
v -1.973062 -3.051535 -2.080011
v -2.243633 -2.912924 -2.130563
v -2.409769 -2.655257 -2.161924
v -2.426955 -2.347576 -2.165690
v -2.290586 -2.072324 -2.140853
v -2.037201 -1.903254 -2.094068
v -1.734695 -1.885670 -2.037870
v -1.464125 -2.024281 -1.987318
v -1.297988 -2.281948 -1.955958
v -1.280802 -2.589629 -1.952191
v -1.485352 -2.841994 -1.592105
v -1.752650 -2.995162 -1.583852
v -2.059723 -2.997689 -1.609868
v -2.324291 -2.848899 -1.663183
v -2.475462 -2.588658 -1.729512
v -2.472731 -2.286700 -1.791081
v -2.316829 -2.023933 -1.831392
v -2.049531 -1.870765 -1.839646
v -1.742458 -1.868237 -1.813629
v -1.477890 -2.017028 -1.760314
v -1.326719 -2.277268 -1.693986
v -1.329450 -2.579226 -1.632417
v -1.523789 -2.755868 -1.227808
v -1.800574 -2.882145 -1.178601
v -2.108039 -2.862624 -1.186408
v -2.363800 -2.702535 -1.249138
v -2.499326 -2.444775 -1.349982
v -2.478302 -2.158410 -1.461920
v -2.306362 -1.920171 -1.554957
v -2.029578 -1.793894 -1.604165
v -1.722112 -1.813415 -1.596358
v -1.466351 -1.973503 -1.533628
v -1.330825 -2.231263 -1.432783
v -1.351849 -2.517628 -1.320846
v -1.539833 -2.619828 -0.888641
v -1.823250 -2.714760 -0.813542
v -2.128372 -2.671452 -0.815044
v -2.373441 -2.501508 -0.892744
v -2.492792 -2.250465 -1.025823
v -2.454445 -1.985590 -1.178622
v -2.268674 -1.777854 -1.310198
v -1.985257 -1.682922 -1.385297
v -1.680135 -1.726230 -1.383795
v -1.435066 -1.896174 -1.306095
v -1.315715 -2.147216 -1.173017
v -1.354062 -2.412092 -1.020218
v -1.538455 -2.445357 -0.577278
v -1.826613 -2.509526 -0.488823
v -2.127841 -2.444561 -0.493120
v -2.361425 -2.267870 -0.589016
v -2.464776 -2.026798 -0.750817
v -2.410201 -1.785938 -0.935168
v -2.212324 -1.609830 -1.092673
v -1.924166 -1.545661 -1.181128
v -1.622938 -1.610625 -1.176831
v -1.389355 -1.787316 -1.080935
v -1.286003 -2.028389 -0.919134
v -1.340578 -2.269248 -0.734783
v -1.522535 -2.242527 -0.294980
v -1.813959 -2.279621 -0.201850
v -2.110662 -2.197221 -0.214276
v -2.333143 -2.017405 -0.328928
v -2.421789 -1.788354 -0.515086
v -2.352847 -1.571443 -0.722869
v -2.144790 -1.424793 -0.896602
v -1.853366 -1.387699 -0.989732
v -1.556663 -1.470099 -0.977306
v -1.334181 -1.649915 -0.862654
v -1.245535 -1.878965 -0.676496
v -1.314477 -2.095876 -0.468713
v -1.493709 -2.020233 -0.041510
v -1.787141 -2.035337 0.051477
v -2.079431 -1.940236 0.029129
v -2.292259 -1.760409 -0.102566
v -2.368599 -1.544044 -0.308321
v -2.287996 -1.349113 -0.533004
v -2.072047 -1.227849 -0.716410
v -1.778615 -1.212744 -0.809397
v -1.486325 -1.307846 -0.787049
v -1.273496 -1.487672 -0.655354
v -1.197156 -1.704038 -0.449599
v -1.277759 -1.898969 -0.224917
v -1.453884 -1.785457 0.185936
v -1.748401 -1.783477 0.276672
v -2.036842 -1.679770 0.244673
v -2.241919 -1.502124 0.098514
v -2.308682 -1.298139 -0.122642
v -2.219242 -1.122473 -0.359536
v -1.997565 -1.022195 -0.548693
v -1.703048 -1.024175 -0.639429
v -1.414607 -1.127882 -0.607430
v -1.209530 -1.305528 -0.461272
v -1.142767 -1.509513 -0.240116
v -1.232206 -1.685179 -0.003221
v -1.404284 -1.543931 0.389990
v -1.699162 -1.529317 0.478367
v -1.984621 -1.420200 0.438567
v -2.184171 -1.245818 0.281253
v -2.244344 -1.052896 0.048579
v -2.149017 -0.893127 -0.197111
v -1.923731 -0.809322 -0.389985
v -1.628854 -0.823935 -0.478362
v -1.343395 -0.933052 -0.438561
v -1.143844 -1.107435 -0.281248
v -1.083671 -1.300357 -0.048574
v -1.178998 -1.460125 0.197116
v -1.346526 -1.299626 0.574246
v -1.641235 -1.275831 0.661179
v -1.924586 -1.163375 0.615977
v -2.120654 -0.992391 0.450753
v -2.176903 -0.808694 0.209779
v -2.078262 -0.661506 -0.042377
v -1.851161 -0.590265 -0.238150
v -1.556451 -0.614061 -0.325082
v -1.273101 -0.726517 -0.279880
v -1.077033 -0.897500 -0.114657
v -1.020783 -1.081197 0.126318
v -1.119425 -1.228386 0.378474
v -1.282320 -1.054716 0.742786
v -1.576508 -1.024142 0.829365
v -1.858450 -0.909525 0.780903
v -2.052601 -0.741577 0.610386
v -2.106938 -0.565299 0.363504
v -2.006901 -0.427925 0.106408
v -1.779295 -0.366264 -0.092012
v -1.485107 -0.396839 -0.178591
v -1.203165 -0.511455 -0.130129
v -1.009014 -0.679404 0.040387
v -0.954677 -0.855681 0.287270
v -1.054714 -0.993055 0.544365
v -1.212814 -0.810945 0.898744
v -1.506181 -0.775184 0.986117
v -1.787185 -0.658825 0.936377
v -1.980533 -0.493047 0.762851
v -2.034416 -0.322269 0.512035
v -1.934397 -0.192252 0.251135
v -1.707276 -0.137833 0.050059
v -1.413909 -0.173594 -0.037314
v -1.132904 -0.289952 0.012426
v -0.939556 -0.455731 0.185952
v -0.885673 -0.626508 0.436768
v -0.985692 -0.756526 0.697667
v -1.138954 -0.569069 1.045316
v -1.431251 -0.528966 1.134374
v -1.711514 -0.410735 1.084868
v -1.904648 -0.246055 0.910062
v -1.958902 -0.079052 0.656796
v -1.859738 0.045525 0.392931
v -1.633728 0.094296 0.189172
v -1.341431 0.054193 0.100113
v -1.061168 -0.064038 0.149620
v -0.868034 -0.228718 0.324426
v -0.813781 -0.395721 0.577692
v -0.912944 -0.520298 0.841556
v -1.061444 -0.330121 1.184930
v -1.352426 -0.285869 1.276300
v -1.631817 -0.165015 1.228217
v -1.824756 0.000057 1.053566
v -1.879544 0.165116 0.799143
v -1.781501 0.285935 0.533122
v -1.556897 0.330140 0.326782
v -1.265916 0.285888 0.235412
v -0.986524 0.165034 0.283494
v -0.793585 -0.000038 0.458146
v -0.738797 -0.165097 0.712568
v -0.836840 -0.285916 0.978590
v -0.980826 -0.094536 1.320150
v -1.270265 -0.045660 1.414029
v -1.548303 0.079064 1.368028
v -1.740439 0.246216 1.194475
v -1.795191 0.411009 0.939871
v -1.697888 0.529285 0.672439
v -1.474602 0.569353 0.463836
v -1.185163 0.520477 0.369958
v -0.907125 0.395753 0.415959
v -0.714989 0.228601 0.589512
v -0.660237 0.063808 0.844115
v -0.757540 -0.054468 1.111547
v -0.896878 0.137997 1.453575
v -1.184557 0.192435 1.549776
v -1.460527 0.322428 1.505964
v -1.650843 0.493144 1.333880
v -1.704509 0.658841 1.079633
v -1.607146 0.775120 0.811348
v -1.384842 0.810824 0.600912
v -1.097163 0.756386 0.504712
v -0.821193 0.626394 0.548523
v -0.630877 0.455677 0.720607
v -0.577211 0.289980 0.974854
v -0.674574 0.173701 1.243139
v -0.809851 0.366393 1.586958
v -1.095467 0.428076 1.684914
v -1.368148 0.565438 1.643032
v -1.554829 0.741671 1.472535
v -1.605488 0.909556 1.219107
v -1.506551 1.024107 0.950655
v -1.284529 1.054630 0.739109
v -0.998912 0.992947 0.641154
v -0.726232 0.855586 0.683035
v -0.539551 0.679352 0.853532
v -0.488892 0.511468 1.106959
v -0.587828 0.396917 1.375412
v -0.719498 0.590153 1.722212
v -1.002558 0.661525 1.821008
v -1.270180 0.808846 1.780367
v -1.450657 0.992641 1.611179
v -1.495630 1.163663 1.358779
v -1.393048 1.276086 1.090795
v -1.170398 1.299786 0.879035
v -0.887338 1.228414 0.780240
v -0.619716 1.081093 0.820880
v -0.439239 0.897298 0.990068
v -0.394266 0.726276 1.242469
v -0.496848 0.613853 1.510452
v -0.624631 0.809019 1.860971
v -0.904247 0.893096 1.959577
v -1.164504 1.053150 1.919251
v -1.335666 1.246296 1.750801
v -1.371870 1.420779 1.499361
v -1.263416 1.529847 1.232305
v -1.039363 1.544276 1.021191
v -0.759747 1.460199 0.922585
v -0.499490 1.300145 0.962911
v -0.328328 1.106999 1.131361
v -0.292124 0.932516 1.382801
v -0.400578 0.823448 1.649857
v -0.524198 1.021918 2.004291
v -0.798760 1.122517 2.101618
v -1.048406 1.298499 2.060577
v -1.206244 1.502708 1.892164
v -1.229982 1.680427 1.641506
v -1.113258 1.784037 1.375766
v -0.887349 1.785775 1.166150
v -0.612787 1.685176 1.068823
v -0.363140 1.509195 1.109864
v -0.205302 1.304986 1.278276
v -0.181565 1.127266 1.528934
v -0.298288 1.023656 1.794674
v -0.415811 1.227786 2.152663
v -0.682531 1.349232 2.247995
v -0.917287 1.544318 2.205472
v -1.057175 1.760772 2.036485
v -1.064713 1.940593 1.786316
v -0.937881 2.035600 1.521997
v -0.710663 2.020335 1.314352
v -0.443943 1.898889 1.219020
v -0.209188 1.703802 1.261544
v -0.069300 1.487349 1.430530
v -0.061762 1.307528 1.680699
v -0.188594 1.212521 1.945018
v -0.296511 1.424665 2.305765
v -0.550816 1.571653 2.399043
v -0.764936 1.788850 2.354826
v -0.881499 2.018058 2.184963
v -0.869271 2.197861 1.934966
v -0.731530 2.280082 1.671823
v -0.505181 2.242689 1.466043
v -0.250877 2.095701 1.372765
v -0.036756 1.878505 1.416982
v 0.079807 1.649297 1.586846
v 0.067579 1.469493 1.836842
v -0.070163 1.387272 2.099985
v -0.160583 1.609761 2.462285
v -0.395621 1.786277 2.554895
v -0.582146 2.027457 2.509977
v -0.670178 2.268679 2.339567
v -0.636130 2.445306 2.089326
v -0.489124 2.510012 1.826305
v -0.268552 2.445458 1.620982
v -0.033514 2.268943 1.528372
v 0.153011 2.027762 1.573290
v 0.241043 1.786541 1.743700
v 0.206995 1.609914 1.993941
v 0.059990 1.545208 2.256962
# 1440 vertices

vn 0.088713 0.699991 -0.708621
vn -0.000818 0.705034 -0.709174
vn 0.364246 0.298157 -0.882285
vn 0.343356 0.353713 -0.870054
vn 0.542357 -0.183110 -0.819951
vn 0.595369 -0.092035 -0.798164
vn 0.575918 -0.615363 -0.538188
vn 0.688375 -0.513043 -0.512763
vn 0.455840 -0.882975 -0.112090
vn 0.597541 -0.796773 -0.089990
vn 0.214056 -0.914174 0.344189
vn 0.346987 -0.867264 0.357006
vn -0.084894 -0.700821 0.708268
vn 0.003583 -0.705788 0.708414
vn -0.361425 -0.300243 0.882738
vn -0.341081 -0.355722 0.870130
vn -0.541718 0.180826 0.820880
vn -0.594937 0.089556 0.798767
vn -0.576564 0.614210 0.538814
vn -0.689379 0.511371 0.513086
vn -0.455437 0.883211 0.111872
vn -0.598060 0.796442 0.089461
vn -0.211370 0.914527 -0.344909
vn -0.345580 0.867379 -0.358089
vn 0.170499 0.685890 -0.707450
vn 0.355506 0.244106 -0.902235
vn 0.445770 -0.262729 -0.855724
vn 0.417402 -0.699472 -0.580099
vn 0.277760 -0.949059 -0.148781
vn 0.064129 -0.944394 0.322501
vn -0.166427 -0.687069 0.707275
vn -0.352686 -0.246223 0.902766
vn -0.444937 0.260797 0.856747
vn -0.417382 0.698794 0.580930
vn -0.276373 0.949456 0.148833
vn -0.060676 0.944466 -0.322958
vn 0.239938 0.666104 -0.706212
vn 0.314631 0.204644 -0.926892
vn 0.305704 -0.311578 -0.899702
vn 0.215439 -0.744846 -0.631498
vn 0.067797 -0.978707 -0.193741
vn -0.097599 -0.950218 0.295904
vn -0.236540 -0.667526 0.706015
vn -0.312260 -0.206558 0.927269
vn -0.304460 0.310064 0.900647
vn -0.214318 0.744369 0.632441
vn -0.065526 0.978809 0.194006
vn 0.101017 0.949768 -0.296203
vn 0.295764 0.644148 -0.705406
vn 0.248893 0.190886 -0.949534
vn 0.135946 -0.313762 -0.939719
vn -0.013207 -0.734913 -0.678032
vn -0.158655 -0.959134 -0.234287
vn -0.261229 -0.926142 0.272067
vn -0.293564 -0.645425 0.705157
vn -0.247230 -0.192359 0.949671
vn -0.134347 0.312509 0.940366
vn 0.015317 0.734173 0.678790
vn 0.161366 0.958613 0.234567
vn 0.263964 0.925304 -0.272277
vn 0.338825 0.622364 -0.705592
vn 0.172822 0.205888 -0.963194
vn -0.039098 -0.266162 -0.963135
vn -0.240568 -0.667350 -0.704820
vn -0.377472 -0.889560 -0.257288
vn -0.412958 -0.873167 0.258929
vn -0.337709 -0.623210 0.705380
vn -0.171883 -0.206817 0.963163
vn 0.040569 0.265088 0.963370
vn 0.242794 0.666230 0.705116
vn 0.379883 0.888512 0.257363
vn 0.414792 0.872249 -0.259095
vn 0.370340 0.602260 -0.707199
vn 0.100368 0.243948 -0.964581
vn -0.196351 -0.180124 -0.963847
vn -0.440569 -0.556240 -0.704625
vn -0.566614 -0.783109 -0.256297
vn -0.540651 -0.799916 0.260445
vn -0.369884 -0.602685 0.707076
vn -0.099943 -0.244418 0.964506
vn 0.197325 0.179311 0.963800
vn 0.442138 0.555106 0.704536
vn 0.568203 0.782003 0.256156
vn 0.541676 0.799173 -0.260594
vn 0.391639 0.585213 -0.710032
vn 0.039017 0.296096 -0.954361
vn -0.324087 -0.072645 -0.943234
vn -0.600470 -0.422123 -0.679152
vn -0.715807 -0.658330 -0.232857
vn -0.639214 -0.717946 0.275608
vn -0.391488 -0.585375 0.709981
vn -0.038867 -0.296278 0.954311
vn 0.324567 0.072149 0.943107
vn 0.601278 0.421317 0.678938
vn 0.716604 0.657534 0.232651
vn 0.639685 0.717480 -0.275728
vn 0.404511 0.572372 -0.713275
vn -0.009831 0.355526 -0.934615
vn -0.421660 0.043253 -0.905722
vn -0.720610 -0.280756 -0.633954
vn -0.826304 -0.529437 -0.192142
vn -0.710487 -0.636101 0.300970
vn -0.404473 -0.572413 0.713263
vn 0.009859 -0.355557 0.934603
vn 0.421821 -0.043464 0.905637
vn 0.720910 0.280347 0.633794
vn 0.826611 0.529013 0.191989
vn 0.710665 0.635865 -0.301049
vn 0.411097 0.564449 -0.715819
vn -0.047365 0.419157 -0.906677
vn -0.493300 0.161487 -0.854738
vn -0.807149 -0.139579 -0.573609
vn -0.904545 -0.403207 -0.138648
vn -0.759474 -0.558668 0.333302
vn -0.411092 -0.564449 0.715821
vn 0.047344 -0.419104 0.906703
vn 0.493297 -0.161468 0.854743
vn 0.807189 0.139503 0.573572
vn 0.904612 0.403075 0.138592
vn 0.759524 0.558577 -0.333339
vn 0.413639 0.561779 -0.716454
vn -0.074597 0.486617 -0.870424
vn -0.543031 0.281076 -0.791273
vn -0.866054 0.000098 -0.499951
vn -0.956828 -0.280928 -0.074566
vn -0.791124 -0.486564 0.370645
vn -0.413640 -0.561768 0.716462
vn 0.074560 -0.486488 0.870500
vn 0.542958 -0.280843 0.791406
vn 0.865981 0.000116 0.500077
vn 0.956795 0.281022 0.074628
vn 0.791128 0.486558 -0.370645
vn 0.414360 0.564463 -0.713924
vn -0.091104 0.558733 -0.824329
vn -0.572363 0.403369 -0.713929
vn -0.900360 0.139785 -0.412083
vn -0.986900 -0.161336 0.000251
vn -0.808894 -0.419108 0.412357
vn -0.414358 -0.564439 0.713944
vn 0.091077 -0.558493 0.824494
vn 0.572290 -0.402874 0.714267
vn 0.900272 -0.139256 0.412454
vn 0.986849 0.161647 -0.000026
vn 0.808886 0.419169 -0.412311
vn 0.415454 0.572433 -0.706907
vn -0.094597 0.636188 -0.765713
vn -0.579534 0.529633 -0.619378
vn -0.909309 0.280995 -0.306918
vn -0.995205 -0.043087 0.087813
vn -0.814312 -0.355477 0.458838
vn -0.415443 -0.572359 0.706974
vn 0.094632 -0.635752 0.766071
vn 0.579572 -0.528756 0.620092
vn 0.909335 -0.280051 0.307704
vn 0.995222 0.043663 -0.087326
vn 0.814317 0.355625 -0.458714
vn 0.419099 0.585408 -0.694013
vn -0.080905 0.718062 -0.691261
vn -0.559493 0.658569 -0.503244
vn -0.888318 0.422401 -0.180189
vn -0.978860 0.072828 0.191125
vn -0.806970 -0.296053 0.511031
vn -0.419053 -0.585200 0.694216
vn 0.081123 -0.717322 0.692003
vn 0.559878 -0.657185 0.504623
vn 0.888715 -0.420932 0.181666
vn 0.979107 -0.071904 -0.190211
vn 0.807033 0.296360 -0.510753
vn 0.427370 0.602746 -0.673834
vn -0.044726 0.800058 -0.598253
vn -0.505114 0.783370 -0.362202
vn -0.830329 0.556526 -0.028848
vn -0.932772 0.180296 0.312138
vn -0.785110 -0.243933 0.569298
vn -0.427207 -0.602261 0.674370
vn 0.045342 -0.798977 0.599649
vn 0.506234 -0.781557 0.364548
vn 0.831516 -0.554621 0.031253
vn 0.933517 -0.179002 -0.310652
vn 0.785335 0.244536 -0.568728
vn 0.441960 0.623327 -0.645084
vn 0.017834 0.873325 -0.486811
vn -0.411307 0.889785 -0.197760
vn -0.730381 0.667560 0.144595
vn -0.853442 0.266244 0.448051
vn -0.747634 -0.205952 0.631369
vn -0.441496 -0.622420 0.646278
vn -0.016594 -0.872066 0.489108
vn 0.413468 -0.888040 0.201071
vn 0.732685 -0.665704 -0.141459
vn 0.854936 -0.264728 -0.446098
vn 0.748210 0.207002 -0.630342
vn 0.463812 0.645622 -0.606672
vn 0.105093 0.926289 -0.361862
vn -0.281912 0.959240 -0.019628
vn -0.593420 0.734938 0.328206
vn -0.745585 0.313658 0.587981
vn -0.697736 -0.191092 0.690397
vn -0.462781 -0.644311 0.608849
vn -0.103181 -0.925236 0.365091
vn 0.284876 -0.958281 0.023323
vn 0.596538 -0.733745 -0.325209
vn 0.747742 -0.312133 -0.586050
vn 0.698865 0.192640 -0.688824
vn 0.493059 0.667814 -0.557600
vn 0.207539 0.950329 -0.231954
vn -0.133589 0.978636 0.156287
vn -0.438823 0.744619 0.502968
vn -0.626083 0.311236 0.714949
vn -0.645271 -0.205024 0.735928
vn -0.491339 -0.666405 0.560795
vn -0.205215 -0.949887 0.235798
vn 0.136549 -0.978737 -0.153062
vn 0.441802 -0.744133 -0.501075
vn 0.628394 -0.309691 -0.713591
vn 0.646968 0.206954 -0.733895
vn 0.529216 0.687437 -0.497355
vn 0.311380 0.944459 -0.105071
vn 0.010198 0.948814 0.315671
vn -0.293498 0.699004 0.652114
vn -0.518113 0.262160 0.814144
vn -0.603563 -0.244651 0.758852
vn -0.527143 -0.686316 0.501090
vn -0.309223 -0.944738 0.108858
vn -0.008024 -0.949562 -0.313477
vn 0.295604 -0.698647 -0.651545
vn 0.520116 -0.260369 -0.813442
vn 0.605556 0.246746 -0.756583
vn 0.570883 0.701206 -0.427087
vn 0.405067 0.914180 0.014018
vn 0.130845 0.882608 0.451534
vn -0.178164 0.614747 0.768338
vn -0.439028 0.182414 0.879761
vn -0.582022 -0.298787 0.756291
vn -0.569099 -0.700469 0.430662
vn -0.403668 -0.914840 -0.010950
vn -0.129747 -0.883324 -0.450449
vn 0.179357 -0.614010 -0.768650
vn 0.440607 -0.180310 -0.879405
vn 0.583894 0.300840 -0.754031
vn 0.615287 0.706141 -0.350409
vn 0.482567 0.867209 0.122791
vn 0.220667 0.796334 0.563168
vn -0.100126 0.512365 0.852911
vn -0.393827 0.091301 0.914639
vn -0.581976 -0.354351 0.731943
vn -0.614407 -0.705493 0.353246
vn -0.482301 -0.867636 -0.120802
vn -0.220658 -0.796447 -0.563012
vn 0.100501 -0.511045 -0.853658
vn 0.394811 -0.088960 -0.914446
vn 0.583207 0.356337 -0.729996
vn 0.658990 0.700885 -0.272935
vn 0.542878 0.810754 0.218999
vn 0.281374 0.703810 0.652288
vn -0.055391 0.408595 0.911033
vn -0.377238 0.004065 0.926107
vn -0.598175 -0.401658 0.693439
vn -0.659164 -0.699971 0.274852
vn -0.543648 -0.810508 -0.218000
vn -0.282213 -0.703094 -0.652698
vn 0.055083 -0.406736 -0.911883
vn 0.377515 -0.001581 -0.926002
vn 0.598516 0.403668 -0.691976
vn 0.698963 0.686418 -0.200702
vn 0.587981 0.751004 0.300452
vn 0.319447 0.614770 0.721118
vn -0.034666 0.314132 0.948746
vn -0.379573 -0.070494 0.922472
vn -0.623064 -0.436228 0.649227
vn -0.699964 -0.685069 0.201819
vn -0.589431 -0.749998 -0.300124
vn -0.320813 -0.613325 -0.721742
vn 0.033833 -0.311911 -0.949509
vn 0.379181 0.073034 -0.922436
vn 0.622588 0.438335 -0.648264
vn 0.733452 0.665482 -0.138499
vn 0.621248 0.692956 0.365873
vn 0.342522 0.535123 0.772219
vn -0.028048 0.234210 0.971781
vn -0.391270 -0.129253 0.911154
vn -0.649965 -0.457979 0.606466
vn -0.734824 -0.663845 0.139081
vn -0.622908 -0.691466 -0.365869
vn -0.344036 -0.533309 -0.772801
vn 0.026967 -0.231932 -0.972358
vn 0.390471 0.131668 -0.911151
vn 0.649022 0.460076 -0.605889
vn 0.761903 0.641571 -0.088831
vn 0.646089 0.640226 0.415547
vn 0.357060 0.467654 0.808584
vn -0.027756 0.170055 0.985044
vn -0.405325 -0.172890 0.897675
vn -0.674574 -0.469341 0.569797
vn -0.763339 -0.639824 0.089096
vn -0.647693 -0.638531 -0.415658
vn -0.358527 -0.465756 -0.809030
vn 0.026592 -0.167906 -0.985444
vn 0.404326 0.175087 -0.897700
vn 0.673439 0.471338 -0.569491
vn 0.784663 0.617728 -0.052124
vn 0.665419 0.594831 0.450993
vn 0.367774 0.412805 0.833267
vn -0.028533 0.120403 0.992315
vn -0.417364 -0.204056 0.885533
vn -0.694587 -0.473659 0.541475
vn -0.785902 -0.616140 0.052238
vn -0.666750 -0.593257 -0.451099
vn -0.369007 -0.411122 -0.833554
vn 0.027489 -0.118598 -0.992562
vn 0.416411 0.205875 -0.885561
vn 0.693536 0.475369 -0.541324
vn 0.802298 0.596307 -0.027128
vn 0.681097 0.557561 0.474587
vn 0.377297 0.369618 0.849134
vn -0.027707 0.082830 0.996178
vn -0.425428 -0.225972 0.876326
vn -0.709325 -0.474055 0.521662
vn -0.803316 -0.594933 0.027167
vn -0.682164 -0.556190 -0.474662
vn -0.378305 -0.368199 -0.849302
vn 0.026807 -0.081360 -0.996324
vn 0.424576 0.227445 -0.876358
vn 0.708415 0.475479 -0.521602
vn 0.815473 0.578673 -0.011888
vn 0.694288 0.528229 0.488813
vn 0.386991 0.336385 0.858535
vn -0.024081 0.054547 0.998221
vn -0.428800 -0.241770 0.870447
vn -0.718737 -0.473172 0.509437
vn -0.816197 -0.577651 0.011901
vn -0.695039 -0.527205 -0.488851
vn -0.387713 -0.335348 -0.858615
vn 0.023417 -0.053497 -0.998293
vn 0.428163 0.242818 -0.870469
vn 0.718069 0.474205 -0.509417
vn 0.824608 0.565691 -0.003917
vn 0.705312 0.506224 0.496258
vn 0.396973 0.311204 0.863460
vn -0.017790 0.032888 0.999301
vn -0.427851 -0.254146 0.867383
vn -0.723341 -0.472986 0.503052
vn -0.825083 -0.564997 0.003921
vn -0.705803 -0.505525 -0.496272
vn -0.397452 -0.310506 -0.863492
vn 0.017340 -0.032196 -0.999331
vn 0.427417 0.254833 -0.867396
vn 0.722894 0.473674 -0.503048
vn 0.830028 0.557721 -0.000762
vn 0.714141 0.490657 0.499258
vn 0.406875 0.292162 0.865502
vn -0.009442 0.015424 0.999836
vn -0.423260 -0.265398 0.866265
vn -0.723700 -0.475056 0.500580
vn -0.830260 -0.557376 0.000765
vn -0.714383 -0.490303 -0.499259
vn -0.407111 -0.291813 -0.865509
vn 0.009219 -0.015088 -0.999844
vn 0.423046 0.265726 -0.866269
vn 0.723482 0.475389 -0.500579
vn 0.831895 0.554933 0.000003
vn 0.720438 0.480591 0.500002
vn 0.415944 0.277469 0.866026
vn 0.000001 -0.000005 1.000000
vn -0.415943 -0.277478 0.866024
vn -0.720437 -0.480596 0.499998
vn -0.831893 -0.554936 -0.000001
vn -0.720444 -0.480583 -0.500000
vn -0.415949 -0.277465 -0.866025
vn 0.000005 -0.000004 -1.000000
vn 0.415956 0.277459 -0.866024
vn 0.720449 0.480580 -0.499996
vn 0.830263 0.557371 0.000783
vn 0.723694 0.475047 0.500596
vn 0.423250 0.265383 0.866274
vn 0.009432 -0.015443 0.999836
vn -0.406882 -0.292179 0.865493
vn -0.714146 -0.490667 0.499242
vn -0.830027 -0.557723 -0.000780
vn -0.723473 -0.475386 -0.500594
vn -0.423030 -0.265723 -0.866278
vn -0.009198 0.015088 -0.999844
vn 0.407131 0.291810 -0.865500
vn 0.714396 0.490300 -0.499244
vn 0.825088 0.564990 0.003979
vn 0.723320 0.472966 0.503103
vn 0.427812 0.254112 0.867412
vn 0.017749 -0.032930 0.999300
vn -0.397007 -0.311244 0.863431
vn -0.705330 -0.506249 0.496208
vn -0.824606 -0.565694 -0.003975
vn -0.722870 -0.473658 -0.503097
vn -0.427373 -0.254808 -0.867424
vn -0.017286 0.032218 -0.999331
vn 0.397503 0.310519 -0.863464
vn 0.705835 0.505528 -0.496223
vn 0.816207 0.577635 0.012021
vn 0.718692 0.473128 0.509541
vn 0.428719 0.241702 0.870506
vn 0.023991 -0.054629 0.998218
vn -0.387065 -0.336461 0.858472
vn -0.694327 -0.528275 0.488707
vn -0.815468 -0.578677 -0.012009
vn -0.718020 -0.474170 -0.509520
vn -0.428075 -0.242761 -0.870528
vn -0.023309 0.053552 -0.998293
vn 0.387814 0.335383 -0.858556
vn 0.695104 0.527215 -0.488748
vn 0.803333 0.594901 0.027376
vn 0.709246 0.473973 0.521843
vn 0.425285 0.225850 0.876427
vn 0.027548 -0.082971 0.996171
vn -0.377429 -0.369743 0.849022
vn -0.681169 -0.557632 0.474400
vn -0.802294 -0.596302 -0.027340
vn -0.708332 -0.475404 -0.521782
vn -0.424428 -0.227332 -0.876459
vn -0.026624 0.081466 -0.996320
vn 0.378478 0.368268 -0.849196
vn 0.682276 0.556209 -0.474480
vn 0.785937 0.616068 0.052564
vn 0.694473 0.473509 0.541753
vn 0.417149 0.203846 0.885682
vn 0.028292 -0.120636 0.992294
vn -0.367971 -0.413004 0.833082
vn -0.665524 -0.594939 0.450694
vn -0.784651 -0.617714 -0.052456
vn -0.693406 -0.475244 -0.541601
vn -0.416178 -0.205691 -0.885713
vn -0.027201 0.118768 -0.992549
vn 0.369281 0.411224 -0.833383
vn 0.666931 0.593271 -0.450812
vn 0.763373 0.639715 0.089585
vn 0.674390 0.469111 0.570205
vn 0.404998 0.172572 0.897884
vn 0.027394 -0.170396 0.984995
vn -0.357355 -0.467932 0.808293
vn -0.646251 -0.640357 0.415094
vn -0.761898 -0.641508 -0.089324
vn -0.673263 -0.471104 -0.569893
vn -0.404002 -0.174770 -0.897908
vn -0.026183 0.168193 -0.985406
vn 0.358914 0.465930 -0.808758
vn 0.647943 0.638561 -0.415222
vn 0.734879 0.663664 0.139656
vn 0.649761 0.457652 0.606931
vn 0.390905 0.128825 0.911371
vn 0.027654 -0.234653 0.971686
vn -0.342836 -0.535469 0.771839
vn -0.621414 -0.693102 0.365314
vn -0.733436 -0.665377 -0.139087
vn -0.648810 -0.459762 -0.606353
vn -0.390081 -0.131269 -0.911376
vn -0.026465 0.232267 -0.972292
vn 0.344522 0.533483 -0.772464
vn 0.623227 0.691455 -0.365347
vn 0.700044 0.684803 0.202445
vn 0.622854 0.435801 0.649716
vn 0.379201 0.069960 0.922666
vn 0.034278 -0.314665 0.948583
vn -0.319746 -0.615167 0.720647
vn -0.588134 -0.751143 0.299806
vn -0.698939 -0.686252 -0.201352
vn -0.622360 -0.437933 -0.648755
vn -0.378741 -0.072564 -0.922653
vn -0.033243 0.312266 -0.949413
vn 0.321400 0.613464 -0.721362
vn 0.589824 0.749919 -0.299548
vn 0.659264 0.699612 0.275524
vn 0.597955 0.401120 0.693940
vn 0.376866 -0.004711 0.926256
vn 0.055023 -0.409217 0.910777
vn -0.281648 -0.704241 0.651705
vn -0.543026 -0.810855 0.218258
vn -0.658982 -0.700618 -0.273637
vn -0.598298 -0.403139 -0.692473
vn -0.377034 0.002146 -0.926197
vn -0.054385 0.407113 -0.911757
vn 0.282927 0.703190 -0.652285
vn 0.544124 0.810356 -0.217378
vn 0.614562 0.705053 0.353856
vn 0.581814 0.353739 0.732367
vn 0.393557 -0.092007 0.914685
vn 0.099891 -0.513018 0.852546
vn -0.220829 -0.796756 0.562507
vn -0.482668 -0.867260 0.122030
vn -0.615301 -0.705799 -0.351074
vn -0.583024 -0.355746 -0.730430
vn -0.394298 0.089528 -0.914611
vn -0.099675 0.511348 -0.853574
vn 0.221532 0.796434 -0.562687
vn 0.482885 0.867387 -0.120261
vn 0.569327 0.700002 0.431120
vn 0.581965 0.298175 0.756577
vn 0.438933 -0.183092 0.879667
vn 0.178141 -0.615349 0.767861
vn -0.130833 -0.882969 0.450830
vn -0.405096 -0.914177 0.013304
vn -0.570927 -0.700835 -0.427637
vn -0.583759 -0.300265 -0.754365
vn -0.440041 0.180800 -0.879588
vn -0.178343 0.614187 -0.768744
vn 0.130833 0.883199 -0.450380
vn 0.404382 0.914529 -0.010620
vn 0.527412 0.685894 0.501384
vn 0.603599 0.244111 0.758998
vn 0.518187 -0.262723 0.813915
vn 0.293672 -0.699468 0.651537
vn -0.010040 -0.949056 0.314947
vn -0.311366 -0.944393 -0.105706
vn -0.529311 -0.687069 -0.497761
vn -0.605482 -0.246224 -0.756813
vn -0.519504 0.260795 -0.813696
vn -0.294419 0.698793 -0.651925
vn 0.009283 0.949457 -0.313759
vn 0.310018 0.944469 0.108935
vn 0.491619 0.666122 0.560885
vn 0.645395 0.204669 0.735918
vn 0.626314 -0.311554 0.714609
vn 0.439174 -0.744830 0.502349
vn 0.133887 -0.978703 0.155614
vn -0.207457 -0.950225 -0.232452
vn -0.493148 -0.667542 -0.557846
vn -0.646901 -0.206579 -0.734060
vn -0.627760 0.310042 -0.713997
vn -0.440577 0.744354 -0.501826
vn -0.135283 0.978805 -0.153751
vn 0.205989 0.949775 0.235576
vn 0.463001 0.644165 0.608836
vn 0.697870 0.190908 0.690313
vn 0.745848 -0.313742 0.587603
vn 0.593798 -0.734902 0.327602
vn 0.282229 -0.959134 -0.020226
vn -0.104996 -0.926153 -0.362239
vn -0.463890 -0.645443 -0.606802
vn -0.698814 -0.192380 -0.688948
vn -0.747207 0.312490 -0.586543
vn -0.595524 0.734156 -0.326136
vn -0.283854 0.958604 0.022463
vn 0.103788 0.925309 0.364735
vn 0.441649 0.622362 0.646229
vn 0.747738 0.205883 0.631268
vn 0.853646 -0.266169 0.447709
vn 0.730672 -0.667354 0.144073
vn 0.411549 -0.889563 -0.198255
vn -0.017764 -0.873169 -0.487094
vn -0.442025 -0.623212 -0.645151
vn -0.748183 -0.206817 -0.630435
vn -0.854585 0.265094 -0.446553
vn -0.732038 0.666237 -0.142298
vn -0.412818 0.888516 0.200301
vn 0.016990 0.872250 0.488766
vn 0.427289 0.602258 0.674321
vn 0.785168 0.243942 0.569213
vn 0.932889 -0.180132 0.311882
vn 0.830504 -0.556245 -0.029231
vn 0.505263 -0.783110 -0.362556
vn 0.044769 -0.799914 -0.598443
vn -0.427408 -0.602682 -0.673867
vn -0.785317 -0.244414 -0.568805
vn -0.933337 0.179315 -0.311013
vn -0.831210 0.555114 0.030631
vn -0.505930 0.782013 0.363992
vn -0.045147 0.799179 0.599395
vn 0.419087 0.585212 0.694185
vn 0.806992 0.296094 0.510971
vn 0.978907 -0.072648 0.190954
vn 0.888397 -0.422130 -0.180439
vn 0.559563 -0.658337 -0.503470
vn 0.080922 -0.717950 -0.691375
vn -0.419118 -0.585374 -0.694030
vn -0.807024 -0.296275 -0.510817
vn -0.979038 0.072149 -0.190472
vn -0.888618 0.421315 0.181253
vn -0.559785 0.657532 0.504274
vn -0.081055 0.717479 0.691848
vn 0.415458 0.572371 0.706955
vn 0.814317 0.355524 0.458793
vn 0.995208 0.043248 0.087693
vn 0.909324 -0.280764 -0.307086
vn 0.579550 -0.529445 -0.619524
vn 0.094595 -0.636107 -0.765780
vn -0.415468 -0.572415 -0.706915
vn -0.814319 -0.355553 -0.458765
vn -0.995215 -0.043459 -0.087512
vn -0.909335 0.280350 0.307430
vn -0.579571 0.529012 0.619873
vn -0.094617 0.635863 0.765980
vn 0.414368 0.564450 0.713930
vn 0.808889 0.419155 0.412321
vn 0.986876 0.161481 0.000160
vn 0.900335 -0.139583 -0.412205
vn 0.572345 -0.403210 -0.714033
vn 0.091089 -0.558670 -0.824373
vn -0.414373 -0.564450 -0.713926
vn -0.808900 -0.419103 -0.412351
vn -0.986878 -0.161465 -0.000165
vn -0.900322 0.139510 0.412258
vn -0.572330 0.403082 0.714117
vn -0.091083 0.558581 0.824434
vn 0.413648 0.561780 0.716449
vn 0.791109 0.486614 0.370612
vn 0.956780 0.281071 -0.074638
vn 0.865999 0.000095 -0.500045
vn 0.542992 -0.280929 -0.791352
vn 0.074575 -0.486564 -0.870456
vn -0.413655 -0.561768 -0.716454
vn -0.791155 -0.486487 -0.370680
vn -0.956858 -0.280842 0.074510
vn -0.866072 0.000120 0.499918
vn -0.543030 0.281027 0.791292
vn -0.074578 0.486562 0.870457
vn 0.411096 0.564463 0.715809
vn 0.759441 0.558733 0.333268
vn 0.904462 0.403369 -0.138713
vn 0.807057 0.139784 -0.573689
vn 0.493238 -0.161338 -0.854802
vn 0.047339 -0.419110 -0.906701
vn -0.411115 -0.564437 -0.715818
vn -0.759575 -0.558486 -0.333376
vn -0.904723 -0.402866 0.138477
vn -0.807337 -0.139251 0.573425
vn -0.493406 0.161649 0.854646
vn -0.047373 0.419170 0.906671
vn 0.404472 0.572432 0.713249
vn 0.710427 0.636185 0.300936
vn 0.826167 0.529629 -0.192202
vn 0.720456 0.280989 -0.634026
vn 0.421556 -0.043092 -0.905778
vn 0.009793 -0.355479 -0.934633
vn -0.404533 -0.572360 -0.713272
vn -0.710752 -0.635751 -0.301083
vn -0.826803 -0.528753 0.191878
vn -0.721149 -0.280045 0.633655
vn -0.421986 0.043669 0.905550
vn -0.009902 0.355627 0.934576
vn 0.391484 0.585407 0.709957
vn 0.639109 0.718054 0.275568
vn 0.715579 0.658559 -0.232910
vn 0.600216 0.422393 -0.679209
vn 0.323916 0.072825 -0.943279
vn -0.039080 -0.296052 -0.954372
vn -0.391681 -0.585200 -0.710019
vn -0.639850 -0.717326 -0.275747
vn -0.716951 -0.657190 0.232557
vn -0.601684 -0.420934 0.678815
vn -0.324829 -0.071901 0.943036
vn 0.038805 0.296364 0.954286
vn 0.369874 0.602749 0.707027
vn 0.540468 0.800058 0.260388
vn 0.566236 0.783367 -0.256344
vn 0.440152 0.556522 -0.704663
vn 0.196071 0.180292 -0.963873
vn -0.100470 -0.243936 -0.964573
vn -0.370424 -0.602262 -0.707154
vn -0.541996 -0.798970 -0.260552
vn -0.568841 -0.781545 0.256140
vn -0.442838 -0.554611 0.704487
vn -0.197734 -0.178996 0.963775
vn 0.099864 0.244541 0.964483
vn 0.337680 0.623338 0.705281
vn 0.412665 0.873333 0.258839
vn 0.376905 0.889788 -0.257333
vn 0.239956 0.667555 -0.704835
vn 0.038692 0.266232 -0.963132
vn -0.172967 -0.205966 -0.963151
vn -0.338956 -0.622426 -0.705474
vn -0.415313 -0.872056 -0.258909
vn -0.380910 -0.888017 0.257553
vn -0.243869 -0.665679 0.705265
vn -0.041148 -0.264708 0.963450
vn 0.171790 0.207017 0.963137
vn 0.293484 0.645642 0.704991
vn 0.260821 0.926299 0.271922
vn 0.157936 0.959238 -0.234349
vn 0.012462 0.734922 -0.678037
vn -0.136417 0.313633 -0.939694
vn -0.249033 -0.191118 -0.949450
vn -0.295898 -0.644329 -0.705184
vn -0.264620 -0.925237 -0.271871
vn -0.162683 -0.958264 0.235083
vn -0.016664 -0.733719 0.679248
vn 0.133653 -0.312105 0.940599
vn 0.247110 0.192666 0.949640
vn 0.236374 0.667821 0.705792
vn 0.097112 0.950333 0.295698
vn -0.068553 0.978633 -0.193850
vn -0.216168 0.744608 -0.631530
vn -0.306113 0.311220 -0.899687
vn -0.314681 -0.205040 -0.926787
vn -0.239977 -0.666415 -0.705905
vn -0.101590 -0.949891 -0.295611
vn 0.064278 -0.978734 0.194801
vn 0.213034 -0.744124 0.633164
vn 0.303789 -0.309680 0.901005
vn 0.312095 0.206964 0.927234
vn 0.166122 0.687402 0.707023
vn -0.064675 0.944446 0.322239
vn -0.278459 0.948826 -0.148962
vn -0.417993 0.699035 -0.580200
vn -0.446028 0.262201 -0.855751
vn -0.355436 -0.244613 -0.902125
vn -0.170427 -0.686289 -0.707080
vn 0.060295 -0.944731 -0.322254
vn 0.275453 -0.949578 0.149759
vn 0.416418 -0.698684 0.581754
vn 0.444377 -0.260417 0.857153
vn 0.352432 0.246699 0.902736
vn 0.084428 0.701220 0.707929
vn -0.214667 0.914188 0.343770
vn -0.456450 0.882612 -0.112472
vn -0.576303 0.614747 -0.538480
vn -0.542366 0.182411 -0.820101
vn -0.363942 -0.298791 -0.882196
vn -0.088401 -0.700472 -0.708183
vn 0.211334 -0.914837 -0.344109
vn 0.454995 -0.883313 0.112861
vn 0.576013 -0.613992 0.539651
vn 0.541297 -0.180291 0.821275
vn 0.361068 0.300858 0.882675
vn -0.004201 0.706156 0.708044
vn -0.347641 0.867212 0.356496
vn -0.598059 0.796325 -0.090508
vn -0.688575 0.512347 -0.513191
vn -0.595172 0.091277 -0.798397
vn -0.342874 -0.354375 -0.869974
vn 0.001299 -0.705513 -0.708696
vn 0.345776 -0.867646 -0.357252
vn 0.597911 -0.796444 0.090444
vn 0.689033 -0.511028 0.513891
vn 0.594515 -0.088935 0.799151
vn 0.340573 0.356361 0.870067
vn -0.093133 0.700895 0.707157
vn -0.461103 0.810759 0.360630
vn -0.705584 0.703809 -0.082486
vn -0.761274 0.408589 -0.503504
vn -0.613399 0.004057 -0.789763
vn -0.301431 -0.401665 -0.864757
vn 0.091569 -0.699974 -0.708273
vn 0.460629 -0.810506 -0.361802
vn 0.706366 -0.703086 0.081958
vn 0.762174 -0.406723 0.503654
vn 0.613181 -0.001565 0.789941
vn 0.300005 0.403682 0.864313
vn -0.175654 0.686405 0.705687
vn -0.554178 0.751003 0.359001
vn -0.784226 0.614778 -0.083888
vn -0.804313 0.314143 -0.504376
vn -0.609115 -0.070484 -0.789943
vn -0.250740 -0.436224 -0.864198
vn 0.175174 -0.685073 -0.707099
vn 0.554608 -0.750010 -0.360410
vn 0.785438 -0.613346 0.083028
vn 0.805376 -0.311938 0.504047
vn 0.609266 0.073006 0.789598
vn 0.250131 0.438312 0.863317
vn -0.246768 0.665490 0.704435
vn -0.627465 0.692969 0.355079
vn -0.840011 0.535140 -0.089478
vn -0.827557 0.234228 -0.510183
vn -0.593446 -0.129236 -0.794431
vn -0.200233 -0.457964 -0.866127
vn 0.246964 -0.663832 -0.705929
vn 0.628309 -0.691455 -0.356535
vn 0.841290 -0.533301 0.088439
vn 0.828614 -0.231927 0.509519
vn 0.593857 0.131671 0.793724
vn 0.200218 0.460079 0.865009
vn -0.303989 0.641560 0.704267
vn -0.682897 0.640231 0.351790
vn -0.878779 0.467671 -0.095032
vn -0.839210 0.170076 -0.516528
vn -0.574778 -0.172871 -0.799841
vn -0.156212 -0.469329 -0.869096
vn 0.304472 -0.639824 -0.705636
vn 0.683789 -0.638545 -0.353118
vn 0.879893 -0.465783 0.093991
vn 0.840131 -0.167941 0.515728
vn 0.575291 0.175052 0.798997
vn 0.156507 0.471313 0.867969
vn -0.347172 0.617724 0.705612
vn -0.723268 0.594835 0.350792
vn -0.905515 0.412815 -0.098112
vn -0.845113 0.120416 -0.520850
vn -0.558230 -0.204045 -0.804204
vn -0.121661 -0.473653 -0.872268
vn 0.347691 -0.616141 -0.706740
vn 0.724024 -0.593265 -0.351890
vn 0.906378 -0.411136 0.097190
vn 0.845845 -0.118615 0.520073
vn 0.558727 0.205858 0.803397
vn 0.122051 0.475358 0.871286
vn -0.377668 0.596317 0.708359
vn -0.751559 0.557565 0.352533
vn -0.924018 0.369618 -0.097840
vn -0.848851 0.082828 -0.522104
vn -0.546189 -0.225973 -0.806606
vn -0.097089 -0.474053 -0.875127
vn 0.378151 -0.594927 -0.709270
vn 0.752166 -0.556178 -0.353429
vn 0.924676 -0.368182 0.097041
vn 0.849435 -0.081340 0.521386
vn 0.546650 0.227464 0.805874
vn 0.097500 0.475495 0.874299
vn -0.397440 0.578671 0.712167
vn -0.770468 0.528227 0.356868
vn -0.937010 0.336385 -0.094120
vn -0.852446 0.054546 -0.519963
vn -0.539432 -0.241772 -0.806573
vn -0.081821 -0.473174 -0.877161
vn 0.397788 -0.577655 -0.712797
vn 0.770873 -0.527210 -0.357496
vn 0.937437 -0.335354 0.093539
vn 0.852838 -0.053503 0.519427
vn 0.539768 0.242813 0.806035
vn 0.082135 0.474201 0.876577
vn -0.408907 0.565688 0.716095
vn -0.782426 0.506223 0.362696
vn -0.946266 0.311205 -0.087933
vn -0.856529 0.032889 -0.515050
vn -0.537257 -0.254146 -0.804216
vn -0.073994 -0.472989 -0.877956
vn 0.409138 -0.565003 -0.716504
vn 0.782680 -0.505533 -0.363109
vn 0.946529 -0.310515 0.087540
vn 0.856777 -0.032205 0.514680
vn 0.537482 0.254825 0.803851
vn 0.074210 0.473668 0.877571
vn -0.414369 0.557728 0.719193
vn -0.789450 0.490657 0.368816
vn -0.952984 0.292158 -0.080409
vn -0.861152 0.015420 -0.508114
vn -0.538559 -0.265400 -0.799698
vn -0.071644 -0.475055 -0.877035
vn 0.414487 -0.557370 -0.719402
vn 0.789575 -0.490293 -0.369031
vn 0.953112 -0.291798 0.080201
vn 0.861274 -0.015071 0.507917
vn 0.538674 0.265743 0.799507
vn 0.071756 0.475402 0.876837
vn -0.415957 0.554930 0.720439
vn -0.793238 0.480586 0.373913
vn -0.957974 0.277463 -0.072799
vn -0.866024 -0.000012 -0.500003
vn -0.542023 -0.277484 -0.793230
vn -0.072787 -0.480601 -0.873914
vn 0.415952 -0.554938 -0.720435
vn 0.793237 -0.480584 -0.373916
vn 0.957974 -0.277465 0.072798
vn 0.866019 -0.000004 0.500011
vn 0.542014 0.277457 0.793246
vn 0.072778 0.480577 0.873927
vn -0.415813 0.557370 0.718636
vn -0.795379 0.475046 0.376436
vn -0.961841 0.265382 -0.066596
vn -0.870598 -0.015445 -0.491753
vn -0.546095 -0.292180 -0.785119
vn -0.075280 -0.490668 -0.868089
vn 0.415693 -0.557723 -0.718432
vn 0.795266 -0.475385 -0.376246
vn 0.961734 -0.265721 0.066788
vn 0.870487 0.015090 0.491959
vn 0.545976 0.291810 0.785339
vn 0.075156 0.490299 0.868308
vn -0.415998 0.564988 0.712555
vn -0.797365 0.472963 0.374855
vn -0.965108 0.254108 -0.063218
vn -0.874290 -0.032934 -0.484286
vn -0.549242 -0.311247 -0.775537
vn -0.077055 -0.506251 -0.858937
vn 0.415753 -0.565693 -0.712138
vn 0.797135 -0.473655 -0.374468
vn 0.964899 -0.254804 0.063604
vn 0.874085 0.032222 0.484703
vn 0.549022 0.310521 0.775984
vn 0.076815 0.505528 0.859384
vn -0.418516 0.577639 0.700841
vn -0.800622 0.473131 0.367629
vn -0.968238 0.241705 -0.063977
vn -0.876475 -0.054625 -0.478338
vn -0.549922 -0.336457 -0.764449
vn -0.076064 -0.528271 -0.845662
vn 0.418139 -0.578672 -0.700214
vn 0.800271 -0.474164 -0.367063
vn 0.967938 -0.242755 0.064540
vn 0.876202 0.053559 0.478960
vn 0.549623 0.335390 0.765133
vn 0.075714 0.527221 0.846348
vn -0.425362 0.594890 0.682036
vn -0.806545 0.473968 0.353327
vn -0.971652 0.225850 -0.069883
vn -0.876494 -0.082968 -0.474209
vn -0.546578 -0.369741 -0.751362
vn -0.070279 -0.557635 -0.827106
vn 0.424804 -0.596313 -0.681140
vn 0.806028 -0.475422 -0.352551
vn 0.971245 -0.227355 0.070656
vn 0.876156 0.081443 0.475098
vn 0.546199 0.368247 0.752370
vn 0.069790 0.556193 0.828118
vn -0.438505 0.616076 0.654342
vn -0.816417 0.473511 0.330532
vn -0.975596 0.203846 -0.081604
vn -0.873485 -0.120636 -0.471667
vn -0.537465 -0.413002 -0.735228
vn -0.057528 -0.594933 -0.801714
vn 0.437774 -0.617702 -0.653298
vn 0.815757 -0.475226 -0.329699
vn 0.975143 -0.205670 0.082444
vn 0.873167 0.118790 0.472724
vn 0.537077 0.411244 0.736497
vn 0.056932 0.593286 0.802976
vn -0.459237 0.639737 0.616310
vn -0.830986 0.469139 0.298950
vn -0.980085 0.172605 -0.098187
vn -0.866740 -0.170362 -0.468763
vn -0.521347 -0.467902 -0.713628
vn -0.036383 -0.640336 -0.767233
vn 0.458284 -0.641499 -0.615187
vn 0.830162 -0.471105 -0.298147
vn 0.979614 -0.174775 0.099044
vn 0.866497 0.168191 0.469995
vn 0.520979 0.465935 0.715182
vn 0.035657 0.638575 0.768733
vn -0.488280 0.663659 0.566691
vn -0.850442 0.457687 0.259368
vn -0.984730 0.128884 -0.117025
vn -0.855403 -0.234592 -0.461792
vn -0.497133 -0.535430 -0.682770
vn -0.005801 -0.693103 -0.720815
vn 0.487049 -0.665432 -0.565671
vn 0.849447 -0.459865 -0.258772
vn 0.984304 -0.131401 0.117808
vn 0.855317 0.232136 0.463190
vn 0.496817 0.533382 0.684599
vn 0.004908 0.691401 0.722454
vn -0.525346 0.684823 0.505004
vn -0.874097 0.435816 0.214518
vn -0.988648 0.069972 -0.132964
vn -0.838627 -0.314655 -0.444631
vn -0.464213 -0.615154 -0.637253
vn 0.034439 -0.751125 -0.659261
vn 0.523855 -0.686232 -0.504641
vn 0.873024 -0.437913 -0.214619
vn 0.988416 -0.072544 0.133312
vn 0.838838 0.312285 0.445903
vn 0.464016 0.613484 0.639005
vn -0.035498 0.749941 0.660552
vn -0.568273 0.699596 0.433164
vn -0.899962 0.401097 0.170851
vn -0.990590 -0.004737 -0.136778
vn -0.816247 -0.409240 -0.407755
vn -0.423536 -0.704254 -0.569774
vn 0.082533 -0.810854 -0.579399
vn 0.566499 -0.700600 -0.433863
vn 0.898865 -0.403109 -0.171887
vn 0.990624 0.002179 0.136596
vn 0.816776 0.407140 0.408796
vn 0.423398 0.703202 0.571176
vn -0.083844 0.810352 0.579914
vn -0.613738 0.705038 0.355312
vn -0.925160 0.353725 0.137688
vn -0.988918 -0.092020 -0.116509
vn -0.788267 -0.513030 -0.339759
vn -0.376724 -0.796765 -0.472488
vn 0.135661 -0.867265 -0.479007
vn 0.611696 -0.705799 -0.357318
vn 0.924086 -0.355744 -0.139682
vn 0.989223 0.089526 0.115857
vn 0.789046 0.511340 0.340497
vn 0.376524 0.796420 0.473228
vn -0.137304 0.867371 0.478346
vn -0.658043 0.699992 0.277472
vn -0.946205 0.298158 0.125685
vn -0.981276 -0.183110 -0.059727
vn -0.754041 -0.615364 -0.229671
vn -0.324989 -0.882975 -0.338730
vn 0.191052 -0.914170 -0.357481
vn 0.655828 -0.700814 -0.280624
vn 0.945187 -0.300236 -0.128372
vn 0.981761 0.180828 0.058703
vn 0.754907 0.614209 0.229920
vn 0.324600 0.883209 0.338491
vn -0.193019 0.914528 0.355504
vn -0.697897 0.685911 0.206073
vn -0.959102 0.244138 0.143246
vn -0.963972 -0.262696 0.041812
vn -0.711104 -0.699447 -0.071443
vn -0.267758 -0.949048 -0.166174
vn 0.247203 -0.944398 -0.216802
vn 0.695712 -0.687086 -0.209515
vn 0.958154 -0.246249 -0.145953
vn 0.964440 0.260771 -0.043062
vn 0.711810 0.698777 0.070971
vn 0.267105 0.949453 0.164905
vn -0.249325 0.944475 0.214017
vn -0.731527 0.666149 0.145307
vn -0.960014 0.204702 0.190973
vn -0.932037 -0.311523 0.185097
vn -0.654662 -0.744808 0.129149
vn -0.201747 -0.978695 0.038127
vn 0.305001 -0.950236 -0.063446
vn 0.729659 -0.667569 -0.148154
vn 0.959159 -0.206614 -0.193196
vn 0.932230 0.310009 -0.186658
vn 0.654904 0.744331 -0.130661
vn 0.200822 0.978798 -0.040318
vn -0.306978 0.949787 0.060579
vn -0.758774 0.644158 0.096554
vn -0.946766 0.190896 0.259218
vn -0.881796 -0.313754 0.352127
vn -0.580599 -0.734907 0.350452
vn -0.123588 -0.959133 0.254537
vn 0.366211 -0.926151 0.090191
vn 0.757453 -0.645441 -0.098346
vn 0.946054 -0.192372 -0.260719
vn 0.881565 0.312506 -0.353812
vn 0.580206 0.734171 -0.352638
vn 0.122476 0.958612 -0.257028
vn -0.367765 0.925309 -0.092474
vn -0.780486 0.622347 0.059383
vn -0.920566 0.205860 0.331933
vn -0.814538 -0.266185 0.515435
vn -0.490079 -0.667359 0.560763
vn -0.034047 -0.889555 0.455557
vn 0.430746 -0.873154 0.228166
vn 0.779743 -0.623195 -0.060241
vn 0.920065 -0.206796 -0.332740
vn 0.814016 0.265120 -0.516806
vn 0.489255 0.666271 -0.562773
vn 0.032943 0.888545 -0.457605
vn -0.431787 0.872257 -0.229627
vn -0.797623 0.602259 0.032886
vn -0.885536 0.243946 0.395369
vn -0.736544 -0.180125 0.651964
vn -0.389941 -0.556241 0.733854
vn 0.061350 -0.783109 0.618851
vn 0.495885 -0.799911 0.337994
vn 0.797294 -0.602677 -0.033210
vn 0.885260 -0.244412 -0.395698
vn 0.736017 0.179312 -0.652784
vn 0.389084 0.555112 -0.735163
vn -0.062259 0.782015 -0.620142
vn -0.496519 0.799181 -0.338791
vn -0.810726 0.585211 0.015843
vn -0.846009 0.296098 0.443390
vn -0.654826 -0.072648 0.752280
vn -0.287941 -0.422138 0.859587
vn 0.156226 -0.658350 0.736321
vn 0.558278 -0.717960 0.415762
vn 0.810603 -0.585378 -0.015952
vn 0.845894 -0.296276 -0.443492
vn 0.654470 0.072145 -0.752638
vn 0.287330 0.421302 -0.860202
vn -0.156833 0.657513 -0.736940
vn -0.558638 0.717466 -0.416132
vn -0.819970 0.572372 0.006319
vn -0.804485 0.355523 0.475823
vn -0.573548 0.043245 0.818029
vn -0.188716 -0.280768 0.941040
vn 0.246749 -0.529448 0.811665
vn 0.615886 -0.636109 0.464811
vn 0.819938 -0.572418 -0.006348
vn 0.804460 -0.355557 -0.475840
vn 0.573390 -0.043460 -0.818129
vn 0.188420 0.280350 -0.941224
vn -0.247043 0.529011 -0.811860
vn -0.616049 0.635863 -0.464933
vn -0.825464 0.564451 0.001886
vn -0.761527 0.419153 0.494355
vn -0.493581 0.161482 0.854577
vn -0.093189 -0.139577 0.985816
vn 0.332200 -0.403200 0.852686
vn 0.668386 -0.558663 0.491076
vn 0.825466 -0.564449 -0.001891
vn 0.761555 -0.419108 -0.494351
vn 0.493582 -0.161470 -0.854578
vn 0.093140 0.139508 -0.985831
vn -0.332271 0.403086 -0.852712
vn -0.668435 0.558586 -0.491098
vn -0.827287 0.561779 0.000004
vn -0.716514 0.486617 0.499813
vn -0.413753 0.281077 0.865912
vn 0.000049 0.000101 1.000000
vn 0.413832 -0.280925 0.865924
vn 0.716550 -0.486562 0.499815
vn 0.827296 -0.561766 -0.000007
vn 0.716598 -0.486486 -0.499818
vn 0.413906 -0.280843 -0.865915
vn 0.000098 0.000115 -1.000000
vn -0.413762 0.281022 -0.865926
vn -0.716549 0.486560 -0.499817
vn -0.825456 0.564463 -0.001887
vn -0.668335 0.558739 0.491058
vn -0.332098 0.403376 0.852642
vn 0.093303 0.139788 0.985776
vn 0.493661 -0.161338 0.854558
vn 0.761554 -0.419111 0.494349
vn 0.825474 -0.564437 0.001875
vn 0.668502 -0.558485 -0.491122
vn 0.332439 -0.402865 -0.852751
vn -0.092934 -0.139253 -0.985886
vn -0.493446 0.161643 -0.854624
vn -0.761516 0.419165 -0.494362
vn -0.819928 0.572432 -0.006341
vn -0.615831 0.636184 0.464782
vn -0.246629 0.529628 0.811584
vn 0.188859 0.280988 0.940945
vn 0.573652 -0.043092 0.817965
vn 0.804520 -0.355479 0.475796
vn 0.819977 -0.572362 0.006301
vn 0.616117 -0.635758 -0.464986
vn 0.247223 -0.528760 -0.811969
vn -0.188195 -0.280048 -0.941358
vn -0.573241 0.043668 -0.818222
vn -0.804416 0.355626 -0.475862
vn -0.810584 0.585405 -0.015944
vn -0.558208 0.718049 0.415704
vn -0.156089 0.658553 0.736168
vn 0.288101 0.422392 0.859409
vn 0.654947 0.072829 0.752157
vn 0.846053 -0.296047 0.443340
vn 0.810734 -0.585201 0.015806
vn 0.558722 -0.717336 -0.416244
vn 0.157065 -0.657205 -0.737165
vn -0.287038 -0.420947 -0.860473
vn -0.654281 -0.071907 -0.752825
vn -0.845839 0.296363 -0.443538
vn -0.797236 0.602755 -0.033194
vn -0.495729 0.800064 0.337860
vn -0.061112 0.783374 0.618539
vn 0.390183 0.556529 0.733507
vn 0.736705 0.180298 0.651735
vn 0.885582 -0.243934 0.395274
vn 0.797626 -0.602261 0.032774
vn 0.496642 -0.798967 -0.339114
vn 0.062598 -0.781541 -0.620706
vn -0.388682 -0.554612 -0.735752
vn -0.735787 -0.179000 -0.653128
vn -0.885199 0.244542 -0.395754
vn -0.779623 0.623350 -0.060193
vn -0.430472 0.873345 0.227954
vn 0.034434 0.889795 0.455059
vn 0.490452 0.667552 0.560207
vn 0.814763 0.266218 0.515063
vn 0.920595 -0.205984 0.331777
vn 0.780426 -0.622441 0.059185
vn 0.431866 -0.872057 -0.230235
vn -0.032603 -0.888004 -0.458679
vn -0.488851 -0.665661 -0.563845
vn -0.813806 -0.264692 -0.517356
vn -0.919998 0.207029 -0.332780
vn -0.757300 0.645622 -0.098332
vn -0.365926 0.926290 0.089916
vn 0.123964 0.959240 0.253950
vn 0.580955 0.734934 0.349806
vn 0.882005 0.313648 0.351700
vn 0.946767 -0.191102 0.259059
vn 0.758663 -0.644316 0.096364
vn 0.367765 -0.925239 -0.093178
vn -0.122242 -0.958280 -0.258374
vn -0.579911 -0.733737 -0.354024
vn -0.881406 -0.312123 -0.354545
vn -0.945972 0.192644 -0.260818
vn -0.729455 0.667778 -0.148215
vn -0.304695 0.950314 -0.063758
vn 0.202093 0.978646 0.037555
vn 0.654958 0.744651 0.128552
vn 0.932192 0.311281 0.184722
vn 0.959981 -0.204977 0.190843
vn 0.731367 -0.666367 0.145111
vn 0.306857 -0.949872 0.059846
vn -0.200792 -0.978747 -0.041681
vn -0.654817 -0.744164 -0.132042
vn -0.932171 -0.309735 -0.187408
vn -0.959063 0.206908 -0.193360
vn -0.695321 0.687445 -0.209639
vn -0.246674 0.944462 -0.217123
vn 0.268287 0.948814 -0.166656
vn 0.711499 0.699002 -0.071867
vn 0.964126 0.262158 0.041635
vn 0.958966 -0.244656 0.143275
vn 0.697524 -0.686322 0.205969
vn 0.248878 -0.944740 0.213369
vn -0.267478 -0.949555 0.163711
vn -0.712065 -0.698635 0.069804
vn -0.964524 -0.260355 -0.043692
vn -0.957996 0.246759 -0.146132
vn -0.655261 0.701248 -0.280865
vn -0.190330 0.914191 -0.357811
vn 0.325679 0.882589 -0.339073
vn 0.754525 0.614705 -0.229849
vn 0.981422 0.182361 -0.059633
vn 0.945957 -0.298837 0.125940
vn 0.657465 -0.700504 0.277551
vn 0.192289 -0.914849 0.355072
vn -0.325287 -0.883302 0.337588
vn -0.755391 -0.613958 0.228998
vn -0.981903 -0.180242 0.058127
vn -0.944936 0.300904 -0.128656
vn -0.611087 0.706146 -0.357672
vn -0.134919 0.867202 -0.479331
vn 0.377408 0.796315 -0.472700
vn 0.788721 0.512338 -0.339748
vn 0.989017 0.091271 -0.116252
vn 0.924857 -0.354379 0.138037
vn 0.613101 -0.705517 0.355462
vn 0.136503 -0.867652 0.478065
vn -0.377281 -0.796452 0.472571
vn -0.789558 -0.511038 0.339761
vn -0.989343 -0.088944 0.115281
vn -0.923789 0.356352 -0.140097
vn -0.565823 0.700899 -0.434264
vn -0.081733 0.810746 -0.579665
vn 0.424254 0.703782 -0.569824
vn 0.816700 0.408554 -0.407534
vn 0.990655 0.004020 -0.136334
vn 0.899601 -0.401699 0.171335
vn 0.567568 -0.700000 0.433435
vn 0.082979 -0.810518 0.579806
vn -0.424195 -0.703081 0.570733
vn -0.817286 -0.406704 0.408211
vn -0.990703 -0.001540 0.136031
vn -0.898505 0.403701 -0.172376
vn -0.523225 0.686457 -0.504987
vn -0.033709 0.751011 -0.659428
vn 0.464856 0.614750 -0.637174
vn 0.839018 0.314095 -0.444289
vn 0.988679 -0.070532 -0.132436
vn 0.873747 -0.436253 0.215056
vn 0.524700 -0.685068 0.505343
vn 0.034727 -0.749966 0.660564
vn -0.464704 -0.613264 0.638715
vn -0.839251 -0.311831 0.445443
vn -0.988441 0.073116 0.132813
vn -0.872667 0.438402 -0.215073
vn -0.486696 0.665445 -0.565960
vn 0.006202 0.692929 -0.720979
vn 0.497475 0.535105 -0.682775
vn 0.855595 0.234195 -0.461639
vn 0.984710 -0.129271 -0.116773
vn 0.850198 -0.458006 0.259604
vn 0.487866 -0.663881 0.566788
vn -0.005389 -0.691509 0.722347
vn -0.497239 -0.533357 0.684312
vn -0.855569 -0.231981 0.462802
vn -0.984324 0.131619 0.117400
vn -0.849245 0.460031 -0.259143
vn -0.457787 0.641596 -0.615456
vn 0.036934 0.640213 -0.767309
vn 0.521812 0.467613 -0.713477
vn 0.867000 0.170000 -0.468412
vn 0.980072 -0.172942 -0.097726
vn 0.830696 -0.469377 0.299383
vn 0.458742 -0.639832 0.616580
vn -0.036224 -0.638501 0.768768
vn -0.521461 -0.465690 0.714991
vn -0.866759 -0.167817 0.469645
vn -0.979585 0.175175 0.098627
vn -0.829854 0.471402 -0.298535
vn -0.437373 0.617763 -0.653508
vn 0.057972 0.594829 -0.801759
vn 0.537839 0.412775 -0.735082
vn 0.873692 0.120363 -0.471355
vn 0.975579 -0.204088 -0.081206
vn 0.816177 -0.473668 0.330899
vn 0.438106 -0.616118 0.654570
vn -0.057383 -0.593203 0.803005
vn -0.537454 -0.411040 0.736335
vn -0.873366 -0.118501 0.472429
vn -0.975109 0.205968 0.082097
vn -0.815504 0.475440 -0.330015
vn -0.424760 0.596266 -0.681209
vn 0.070328 0.557559 -0.827153
vn 0.546617 0.369643 -0.751382
vn 0.876508 0.082865 -0.474201
vn 0.971633 -0.225942 -0.069858
vn 0.806491 -0.474045 0.353347
vn 0.425282 -0.594956 0.682028
vn -0.069878 -0.556251 0.828071
vn -0.546276 -0.368294 0.752291
vn -0.876205 -0.081473 0.475003
vn -0.971257 0.227335 0.070561
vn -0.806006 0.475397 -0.352635
vn -0.418125 0.578680 -0.700215
vn 0.076078 0.528270 -0.845661
vn 0.549932 0.336449 -0.764446
vn 0.876480 0.054617 -0.478330
vn 0.968238 -0.241708 -0.063964
vn 0.800617 -0.473128 0.367644
vn 0.418506 -0.577633 0.700851
vn -0.075725 -0.527216 0.846350
vn -0.549633 -0.335387 0.765126
vn -0.876207 -0.053553 0.478950
vn -0.967936 0.242765 0.064532
vn -0.800261 0.474176 -0.367068
vn -0.415744 0.565687 -0.712149
vn 0.077064 0.506236 -0.858945
vn 0.549248 0.311227 -0.775541
vn 0.874291 0.032913 -0.484286
vn 0.965103 -0.254125 -0.063213
vn 0.797354 -0.472976 0.374860
vn 0.415983 -0.565000 0.712554
vn -0.076832 -0.505542 0.859375
vn -0.549038 -0.310534 0.775968
vn -0.874095 -0.032230 0.484684
vn -0.964901 0.254801 0.063587
vn -0.797130 0.473653 -0.374482
vn -0.415655 0.557732 -0.718447
vn 0.075320 0.490661 -0.868089
vn 0.546127 0.292163 -0.785103
vn 0.870615 0.015426 -0.491722
vn 0.961840 -0.265394 -0.066557
vn 0.795359 -0.475049 0.376473
vn 0.415780 -0.557365 0.718659
vn -0.075194 -0.490288 0.868311
vn -0.546007 -0.291792 0.785324
vn -0.870503 -0.015064 0.491933
vn -0.961728 0.265750 0.066759
vn -0.795240 0.475408 -0.376270
vn -0.415936 0.554926 -0.720454
vn 0.072804 0.480579 -0.873924
vn 0.542036 0.277454 -0.793231
vn 0.866028 -0.000020 -0.499995
vn 0.957967 -0.277490 -0.072786
vn 0.793221 -0.480605 0.373925
vn 0.415933 -0.554941 0.720444
vn -0.072805 -0.480586 0.873920
vn -0.542038 -0.277465 0.793226
vn -0.866035 -0.000002 0.499983
vn -0.957978 0.277459 0.072768
vn -0.793229 0.480578 -0.373942
vn -0.414443 0.557383 -0.719417
vn 0.071693 0.475057 -0.877030
vn 0.538600 0.265390 -0.799674
vn 0.861174 -0.015436 -0.508076
vn 0.952984 -0.292171 -0.080363
vn 0.789429 -0.490657 0.368860
vn 0.414335 -0.557710 0.719226
vn -0.071794 -0.475371 0.876851
vn -0.538704 -0.265706 0.799498
vn -0.861289 0.015106 0.507891
vn -0.953106 0.291828 0.080166
vn -0.789548 0.490315 -0.369061
vn -0.409164 0.564991 -0.716498
vn 0.073966 0.472985 -0.877960
vn 0.537232 0.254144 -0.804234
vn 0.856511 -0.032893 -0.515079
vn 0.946261 -0.311212 -0.087966
vn 0.782433 -0.506232 0.362667
vn 0.408923 -0.565701 0.716076
vn -0.074192 -0.473688 0.877562
vn -0.537469 -0.254853 0.803852
vn -0.856774 0.032171 0.514688
vn -0.946539 0.310483 0.087551
vn -0.782700 0.505510 -0.363098
vn -0.397763 0.577611 -0.712847
vn 0.081854 0.473121 -0.877186
vn 0.539456 0.241707 -0.806576
vn 0.852448 -0.054618 -0.519951
vn 0.936986 -0.336454 -0.094103
vn 0.770424 -0.528282 0.356882
vn 0.397385 -0.578704 0.712170
vn -0.082192 -0.474220 0.876561
vn -0.539820 -0.242828 0.805996
vn -0.852878 0.053480 0.519364
vn -0.937456 0.335320 0.093465
vn -0.770869 0.527170 -0.357565
vn -0.377832 0.594917 -0.709448
vn 0.097443 0.473953 -0.875142
vn 0.546480 0.225804 -0.806457
vn 0.848998 -0.083026 -0.521833
vn 0.923985 -0.369787 -0.097519
vn 0.751362 -0.557645 0.352828
vn 0.377367 -0.596271 0.708558
vn -0.097820 -0.475329 0.874353
vn -0.546907 -0.227228 0.805767
vn -0.849563 0.081576 0.521141
vn -0.924638 0.368358 0.096726
vn -0.751965 0.556264 -0.353720
vn -0.347326 0.616042 -0.707006
vn 0.122068 0.473445 -0.872324
vn 0.558554 0.203757 -0.804052
vn 0.845253 -0.120733 -0.520549
vn 0.905431 -0.413087 -0.097750
vn 0.722984 -0.594987 0.351121
vn 0.346766 -0.617710 0.705824
vn -0.122475 -0.475189 0.871318
vn -0.559068 -0.205604 0.803225
vn -0.846025 0.118858 0.519725
vn -0.906356 0.411287 0.096752
vn -0.723804 0.593291 -0.352298
vn -0.304035 0.639731 -0.705909
vn 0.156685 0.469105 -0.869132
vn 0.575145 0.172554 -0.799645
vn 0.839362 -0.170420 -0.516168
vn 0.878677 -0.467949 -0.094605
vn 0.682577 -0.640356 0.352183
vn 0.303544 -0.641482 0.704530
vn -0.156959 -0.471052 0.868029
vn -0.575641 -0.174699 0.798823
vn -0.840297 0.168268 0.515352
vn -0.879833 0.465993 0.093514
vn -0.683509 0.638602 -0.353557
vn -0.246628 0.663659 -0.706209
vn 0.200599 0.457683 -0.866191
vn 0.593707 0.128877 -0.794294
vn 0.827620 -0.234601 -0.509910
vn 0.839855 -0.535440 -0.089150
vn 0.627136 -0.693113 0.355380
vn 0.246352 -0.665438 0.704630
vn -0.200627 -0.459866 0.865027
vn -0.594178 -0.131395 0.793529
vn -0.828789 0.232146 0.509133
vn -0.841283 0.533391 0.087959
vn -0.628113 0.691406 -0.356975
vn -0.174723 0.684833 -0.707443
vn 0.251216 0.435839 -0.864254
vn 0.609431 0.069999 -0.789743
vn 0.804353 -0.314632 -0.504007
vn 0.783986 -0.615143 -0.083453
vn 0.553740 -0.751134 0.359402
vn 0.175138 -0.686263 0.705954
vn -0.250614 -0.437961 0.863356
vn -0.609638 -0.072598 0.789349
vn -0.805578 0.312240 0.503538
vn -0.785418 0.613457 0.082394
vn -0.554341 0.749934 -0.360977
vn -0.090977 0.699607 -0.708712
vn 0.302031 0.401101 -0.864809
vn 0.613754 -0.004739 -0.789483
vn 0.761250 -0.409244 -0.503009
vn 0.705204 -0.704258 -0.081903
vn 0.460505 -0.810855 0.361177
vn 0.092487 -0.700598 0.707537
vn -0.300569 -0.403104 0.864387
vn -0.613598 0.002189 0.789615
vn -0.762401 0.407155 0.502961
vn -0.706332 0.703220 0.081097
vn -0.460278 0.810368 -0.362557
# 1440 vertex normals

g Material_0
f 1/1/1 2/2/2 3/3/3
f 3/3/3 2/2/2 4/4/4
f 3/3/3 4/4/4 5/5/5
f 5/5/5 4/4/4 6/6/6
f 5/5/5 6/6/6 7/7/7
f 7/7/7 6/6/6 8/8/8
f 7/7/7 8/8/8 9/9/9
f 9/9/9 8/8/8 10/10/10
f 9/9/9 10/10/10 11/11/11
f 11/11/11 10/10/10 12/12/12
f 11/11/11 12/12/12 13/13/13
f 13/13/13 12/12/12 14/14/14
f 13/13/13 14/14/14 15/15/15
f 15/15/15 14/14/14 16/16/16
f 15/15/15 16/16/16 17/17/17
f 17/17/17 16/16/16 18/18/18
f 17/17/17 18/18/18 19/19/19
f 19/19/19 18/18/18 20/20/20
f 19/19/19 20/20/20 21/21/21
f 21/21/21 20/20/20 22/22/22
f 21/21/21 22/22/22 23/23/23
f 23/23/23 22/22/22 24/24/24
f 23/23/23 24/24/24 1/1/1
f 1/1/1 24/24/24 2/2/2
f 25/25/25 1/1/1 26/26/26
f 26/26/26 1/1/1 3/3/3
f 26/26/26 3/3/3 27/27/27
f 27/27/27 3/3/3 5/5/5
f 27/27/27 5/5/5 28/28/28
f 28/28/28 5/5/5 7/7/7
f 28/28/28 7/7/7 29/29/29
f 29/29/29 7/7/7 9/9/9
f 29/29/29 9/9/9 30/30/30
f 30/30/30 9/9/9 11/11/11
f 30/30/30 11/11/11 31/31/31
f 31/31/31 11/11/11 13/13/13
f 31/31/31 13/13/13 32/32/32
f 32/32/32 13/13/13 15/15/15
f 32/32/32 15/15/15 33/33/33
f 33/33/33 15/15/15 17/17/17
f 33/33/33 17/17/17 34/34/34
f 34/34/34 17/17/17 19/19/19
f 34/34/34 19/19/19 35/35/35
f 35/35/35 19/19/19 21/21/21
f 35/35/35 21/21/21 36/36/36
f 36/36/36 21/21/21 23/23/23
f 36/36/36 23/23/23 25/25/25
f 25/25/25 23/23/23 1/1/1
f 37/37/37 25/25/25 38/38/38
f 38/38/38 25/25/25 26/26/26
f 38/38/38 26/26/26 39/39/39
f 39/39/39 26/26/26 27/27/27
f 39/39/39 27/27/27 40/40/40
f 40/40/40 27/27/27 28/28/28
f 40/40/40 28/28/28 41/41/41
f 41/41/41 28/28/28 29/29/29
f 41/41/41 29/29/29 42/42/42
f 42/42/42 29/29/29 30/30/30
f 42/42/42 30/30/30 43/43/43
f 43/43/43 30/30/30 31/31/31
f 43/43/43 31/31/31 44/44/44
f 44/44/44 31/31/31 32/32/32
f 44/44/44 32/32/32 45/45/45
f 45/45/45 32/32/32 33/33/33
f 45/45/45 33/33/33 46/46/46
f 46/46/46 33/33/33 34/34/34
f 46/46/46 34/34/34 47/47/47
f 47/47/47 34/34/34 35/35/35
f 47/47/47 35/35/35 48/48/48
f 48/48/48 35/35/35 36/36/36
f 48/48/48 36/36/36 37/37/37
f 37/37/37 36/36/36 25/25/25
f 49/49/49 37/37/37 50/50/50
f 50/50/50 37/37/37 38/38/38
f 50/50/50 38/38/38 51/51/51
f 51/51/51 38/38/38 39/39/39
f 51/51/51 39/39/39 52/52/52
f 52/52/52 39/39/39 40/40/40
f 52/52/52 40/40/40 53/53/53
f 53/53/53 40/40/40 41/41/41
f 53/53/53 41/41/41 54/54/54
f 54/54/54 41/41/41 42/42/42
f 54/54/54 42/42/42 55/55/55
f 55/55/55 42/42/42 43/43/43
f 55/55/55 43/43/43 56/56/56
f 56/56/56 43/43/43 44/44/44
f 56/56/56 44/44/44 57/57/57
f 57/57/57 44/44/44 45/45/45
f 57/57/57 45/45/45 58/58/58
f 58/58/58 45/45/45 46/46/46
f 58/58/58 46/46/46 59/59/59
f 59/59/59 46/46/46 47/47/47
f 59/59/59 47/47/47 60/60/60
f 60/60/60 47/47/47 48/48/48
f 60/60/60 48/48/48 49/49/49
f 49/49/49 48/48/48 37/37/37
f 61/61/61 49/49/49 62/62/62
f 62/62/62 49/49/49 50/50/50
f 62/62/62 50/50/50 63/63/63
f 63/63/63 50/50/50 51/51/51
f 63/63/63 51/51/51 64/64/64
f 64/64/64 51/51/51 52/52/52
f 64/64/64 52/52/52 65/65/65
f 65/65/65 52/52/52 53/53/53
f 65/65/65 53/53/53 66/66/66
f 66/66/66 53/53/53 54/54/54
f 66/66/66 54/54/54 67/67/67
f 67/67/67 54/54/54 55/55/55
f 67/67/67 55/55/55 68/68/68
f 68/68/68 55/55/55 56/56/56
f 68/68/68 56/56/56 69/69/69
f 69/69/69 56/56/56 57/57/57
f 69/69/69 57/57/57 70/70/70
f 70/70/70 57/57/57 58/58/58
f 70/70/70 58/58/58 71/71/71
f 71/71/71 58/58/58 59/59/59
f 71/71/71 59/59/59 72/72/72
f 72/72/72 59/59/59 60/60/60
f 72/72/72 60/60/60 61/61/61
f 61/61/61 60/60/60 49/49/49
f 73/73/73 61/61/61 74/74/74
f 74/74/74 61/61/61 62/62/62
f 74/74/74 62/62/62 75/75/75
f 75/75/75 62/62/62 63/63/63
f 75/75/75 63/63/63 76/76/76
f 76/76/76 63/63/63 64/64/64
f 76/76/76 64/64/64 77/77/77
f 77/77/77 64/64/64 65/65/65
f 77/77/77 65/65/65 78/78/78
f 78/78/78 65/65/65 66/66/66
f 78/78/78 66/66/66 79/79/79
f 79/79/79 66/66/66 67/67/67
f 79/79/79 67/67/67 80/80/80
f 80/80/80 67/67/67 68/68/68
f 80/80/80 68/68/68 81/81/81
f 81/81/81 68/68/68 69/69/69
f 81/81/81 69/69/69 82/82/82
f 82/82/82 69/69/69 70/70/70
f 82/82/82 70/70/70 83/83/83
f 83/83/83 70/70/70 71/71/71
f 83/83/83 71/71/71 84/84/84
f 84/84/84 71/71/71 72/72/72
f 84/84/84 72/72/72 73/73/73
f 73/73/73 72/72/72 61/61/61
f 85/85/85 73/73/73 86/86/86
f 86/86/86 73/73/73 74/74/74
f 86/86/86 74/74/74 87/87/87
f 87/87/87 74/74/74 75/75/75
f 87/87/87 75/75/75 88/88/88
f 88/88/88 75/75/75 76/76/76
f 88/88/88 76/76/76 89/89/89
f 89/89/89 76/76/76 77/77/77
f 89/89/89 77/77/77 90/90/90
f 90/90/90 77/77/77 78/78/78
f 90/90/90 78/78/78 91/91/91
f 91/91/91 78/78/78 79/79/79
f 91/91/91 79/79/79 92/92/92
f 92/92/92 79/79/79 80/80/80
f 92/92/92 80/80/80 93/93/93
f 93/93/93 80/80/80 81/81/81
f 93/93/93 81/81/81 94/94/94
f 94/94/94 81/81/81 82/82/82
f 94/94/94 82/82/82 95/95/95
f 95/95/95 82/82/82 83/83/83
f 95/95/95 83/83/83 96/96/96
f 96/96/96 83/83/83 84/84/84
f 96/96/96 84/84/84 85/85/85
f 85/85/85 84/84/84 73/73/73
f 97/97/97 85/85/85 98/98/98
f 98/98/98 85/85/85 86/86/86
f 98/98/98 86/86/86 99/99/99
f 99/99/99 86/86/86 87/87/87
f 99/99/99 87/87/87 100/100/100
f 100/100/100 87/87/87 88/88/88
f 100/100/100 88/88/88 101/101/101
f 101/101/101 88/88/88 89/89/89
f 101/101/101 89/89/89 102/102/102
f 102/102/102 89/89/89 90/90/90
f 102/102/102 90/90/90 103/103/103
f 103/103/103 90/90/90 91/91/91
f 103/103/103 91/91/91 104/104/104
f 104/104/104 91/91/91 92/92/92
f 104/104/104 92/92/92 105/105/105
f 105/105/105 92/92/92 93/93/93
f 105/105/105 93/93/93 106/106/106
f 106/106/106 93/93/93 94/94/94
f 106/106/106 94/94/94 107/107/107
f 107/107/107 94/94/94 95/95/95
f 107/107/107 95/95/95 108/108/108
f 108/108/108 95/95/95 96/96/96
f 108/108/108 96/96/96 97/97/97
f 97/97/97 96/96/96 85/85/85
f 109/109/109 97/97/97 110/110/110
f 110/110/110 97/97/97 98/98/98
f 110/110/110 98/98/98 111/111/111
f 111/111/111 98/98/98 99/99/99
f 111/111/111 99/99/99 112/112/112
f 112/112/112 99/99/99 100/100/100
f 112/112/112 100/100/100 113/113/113
f 113/113/113 100/100/100 101/101/101
f 113/113/113 101/101/101 114/114/114
f 114/114/114 101/101/101 102/102/102
f 114/114/114 102/102/102 115/115/115
f 115/115/115 102/102/102 103/103/103
f 115/115/115 103/103/103 116/116/116
f 116/116/116 103/103/103 104/104/104
f 116/116/116 104/104/104 117/117/117
f 117/117/117 104/104/104 105/105/105
f 117/117/117 105/105/105 118/118/118
f 118/118/118 105/105/105 106/106/106
f 118/118/118 106/106/106 119/119/119
f 119/119/119 106/106/106 107/107/107
f 119/119/119 107/107/107 120/120/120
f 120/120/120 107/107/107 108/108/108
f 120/120/120 108/108/108 109/109/109
f 109/109/109 108/108/108 97/97/97
f 121/121/121 109/109/109 122/122/122
f 122/122/122 109/109/109 110/110/110
f 122/122/122 110/110/110 123/123/123
f 123/123/123 110/110/110 111/111/111
f 123/123/123 111/111/111 124/124/124
f 124/124/124 111/111/111 112/112/112
f 124/124/124 112/112/112 125/125/125
f 125/125/125 112/112/112 113/113/113
f 125/125/125 113/113/113 126/126/126
f 126/126/126 113/113/113 114/114/114
f 126/126/126 114/114/114 127/127/127
f 127/127/127 114/114/114 115/115/115
f 127/127/127 115/115/115 128/128/128
f 128/128/128 115/115/115 116/116/116
f 128/128/128 116/116/116 129/129/129
f 129/129/129 116/116/116 117/117/117
f 129/129/129 117/117/117 130/130/130
f 130/130/130 117/117/117 118/118/118
f 130/130/130 118/118/118 131/131/131
f 131/131/131 118/118/118 119/119/119
f 131/131/131 119/119/119 132/132/132
f 132/132/132 119/119/119 120/120/120
f 132/132/132 120/120/120 121/121/121
f 121/121/121 120/120/120 109/109/109
f 133/133/133 121/121/121 134/134/134
f 134/134/134 121/121/121 122/122/122
f 134/134/134 122/122/122 135/135/135
f 135/135/135 122/122/122 123/123/123
f 135/135/135 123/123/123 136/136/136
f 136/136/136 123/123/123 124/124/124
f 136/136/136 124/124/124 137/137/137
f 137/137/137 124/124/124 125/125/125
f 137/137/137 125/125/125 138/138/138
f 138/138/138 125/125/125 126/126/126
f 138/138/138 126/126/126 139/139/139
f 139/139/139 126/126/126 127/127/127
f 139/139/139 127/127/127 140/140/140
f 140/140/140 127/127/127 128/128/128
f 140/140/140 128/128/128 141/141/141
f 141/141/141 128/128/128 129/129/129
f 141/141/141 129/129/129 142/142/142
f 142/142/142 129/129/129 130/130/130
f 142/142/142 130/130/130 143/143/143
f 143/143/143 130/130/130 131/131/131
f 143/143/143 131/131/131 144/144/144
f 144/144/144 131/131/131 132/132/132
f 144/144/144 132/132/132 133/133/133
f 133/133/133 132/132/132 121/121/121
f 145/145/145 133/133/133 146/146/146
f 146/146/146 133/133/133 134/134/134
f 146/146/146 134/134/134 147/147/147
f 147/147/147 134/134/134 135/135/135
f 147/147/147 135/135/135 148/148/148
f 148/148/148 135/135/135 136/136/136
f 148/148/148 136/136/136 149/149/149
f 149/149/149 136/136/136 137/137/137
f 149/149/149 137/137/137 150/150/150
f 150/150/150 137/137/137 138/138/138
f 150/150/150 138/138/138 151/151/151
f 151/151/151 138/138/138 139/139/139
f 151/151/151 139/139/139 152/152/152
f 152/152/152 139/139/139 140/140/140
f 152/152/152 140/140/140 153/153/153
f 153/153/153 140/140/140 141/141/141
f 153/153/153 141/141/141 154/154/154
f 154/154/154 141/141/141 142/142/142
f 154/154/154 142/142/142 155/155/155
f 155/155/155 142/142/142 143/143/143
f 155/155/155 143/143/143 156/156/156
f 156/156/156 143/143/143 144/144/144
f 156/156/156 144/144/144 145/145/145
f 145/145/145 144/144/144 133/133/133
f 157/157/157 145/145/145 158/158/158
f 158/158/158 145/145/145 146/146/146
f 158/158/158 146/146/146 159/159/159
f 159/159/159 146/146/146 147/147/147
f 159/159/159 147/147/147 160/160/160
f 160/160/160 147/147/147 148/148/148
f 160/160/160 148/148/148 161/161/161
f 161/161/161 148/148/148 149/149/149
f 161/161/161 149/149/149 162/162/162
f 162/162/162 149/149/149 150/150/150
f 162/162/162 150/150/150 163/163/163
f 163/163/163 150/150/150 151/151/151
f 163/163/163 151/151/151 164/164/164
f 164/164/164 151/151/151 152/152/152
f 164/164/164 152/152/152 165/165/165
f 165/165/165 152/152/152 153/153/153
f 165/165/165 153/153/153 166/166/166
f 166/166/166 153/153/153 154/154/154
f 166/166/166 154/154/154 167/167/167
f 167/167/167 154/154/154 155/155/155
f 167/167/167 155/155/155 168/168/168
f 168/168/168 155/155/155 156/156/156
f 168/168/168 156/156/156 157/157/157
f 157/157/157 156/156/156 145/145/145
f 169/169/169 157/157/157 170/170/170
f 170/170/170 157/157/157 158/158/158
f 170/170/170 158/158/158 171/171/171
f 171/171/171 158/158/158 159/159/159
f 171/171/171 159/159/159 172/172/172
f 172/172/172 159/159/159 160/160/160
f 172/172/172 160/160/160 173/173/173
f 173/173/173 160/160/160 161/161/161
f 173/173/173 161/161/161 174/174/174
f 174/174/174 161/161/161 162/162/162
f 174/174/174 162/162/162 175/175/175
f 175/175/175 162/162/162 163/163/163
f 175/175/175 163/163/163 176/176/176
f 176/176/176 163/163/163 164/164/164
f 176/176/176 164/164/164 177/177/177
f 177/177/177 164/164/164 165/165/165
f 177/177/177 165/165/165 178/178/178
f 178/178/178 165/165/165 166/166/166
f 178/178/178 166/166/166 179/179/179
f 179/179/179 166/166/166 167/167/167
f 179/179/179 167/167/167 180/180/180
f 180/180/180 167/167/167 168/168/168
f 180/180/180 168/168/168 169/169/169
f 169/169/169 168/168/168 157/157/157
f 181/181/181 169/169/169 182/182/182
f 182/182/182 169/169/169 170/170/170
f 182/182/182 170/170/170 183/183/183
f 183/183/183 170/170/170 171/171/171
f 183/183/183 171/171/171 184/184/184
f 184/184/184 171/171/171 172/172/172
f 184/184/184 172/172/172 185/185/185
f 185/185/185 172/172/172 173/173/173
f 185/185/185 173/173/173 186/186/186
f 186/186/186 173/173/173 174/174/174
f 186/186/186 174/174/174 187/187/187
f 187/187/187 174/174/174 175/175/175
f 187/187/187 175/175/175 188/188/188
f 188/188/188 175/175/175 176/176/176
f 188/188/188 176/176/176 189/189/189
f 189/189/189 176/176/176 177/177/177
f 189/189/189 177/177/177 190/190/190
f 190/190/190 177/177/177 178/178/178
f 190/190/190 178/178/178 191/191/191
f 191/191/191 178/178/178 179/179/179
f 191/191/191 179/179/179 192/192/192
f 192/192/192 179/179/179 180/180/180
f 192/192/192 180/180/180 181/181/181
f 181/181/181 180/180/180 169/169/169
f 193/193/193 181/181/181 194/194/194
f 194/194/194 181/181/181 182/182/182
f 194/194/194 182/182/182 195/195/195
f 195/195/195 182/182/182 183/183/183
f 195/195/195 183/183/183 196/196/196
f 196/196/196 183/183/183 184/184/184
f 196/196/196 184/184/184 197/197/197
f 197/197/197 184/184/184 185/185/185
f 197/197/197 185/185/185 198/198/198
f 198/198/198 185/185/185 186/186/186
f 198/198/198 186/186/186 199/199/199
f 199/199/199 186/186/186 187/187/187
f 199/199/199 187/187/187 200/200/200
f 200/200/200 187/187/187 188/188/188
f 200/200/200 188/188/188 201/201/201
f 201/201/201 188/188/188 189/189/189
f 201/201/201 189/189/189 202/202/202
f 202/202/202 189/189/189 190/190/190
f 202/202/202 190/190/190 203/203/203
f 203/203/203 190/190/190 191/191/191
f 203/203/203 191/191/191 204/204/204
f 204/204/204 191/191/191 192/192/192
f 204/204/204 192/192/192 193/193/193
f 193/193/193 192/192/192 181/181/181
f 205/205/205 193/193/193 206/206/206
f 206/206/206 193/193/193 194/194/194
f 206/206/206 194/194/194 207/207/207
f 207/207/207 194/194/194 195/195/195
f 207/207/207 195/195/195 208/208/208
f 208/208/208 195/195/195 196/196/196
f 208/208/208 196/196/196 209/209/209
f 209/209/209 196/196/196 197/197/197
f 209/209/209 197/197/197 210/210/210
f 210/210/210 197/197/197 198/198/198
f 210/210/210 198/198/198 211/211/211
f 211/211/211 198/198/198 199/199/199
f 211/211/211 199/199/199 212/212/212
f 212/212/212 199/199/199 200/200/200
f 212/212/212 200/200/200 213/213/213
f 213/213/213 200/200/200 201/201/201
f 213/213/213 201/201/201 214/214/214
f 214/214/214 201/201/201 202/202/202
f 214/214/214 202/202/202 215/215/215
f 215/215/215 202/202/202 203/203/203
f 215/215/215 203/203/203 216/216/216
f 216/216/216 203/203/203 204/204/204
f 216/216/216 204/204/204 205/205/205
f 205/205/205 204/204/204 193/193/193
f 217/217/217 205/205/205 218/218/218
f 218/218/218 205/205/205 206/206/206
f 218/218/218 206/206/206 219/219/219
f 219/219/219 206/206/206 207/207/207
f 219/219/219 207/207/207 220/220/220
f 220/220/220 207/207/207 208/208/208
f 220/220/220 208/208/208 221/221/221
f 221/221/221 208/208/208 209/209/209
f 221/221/221 209/209/209 222/222/222
f 222/222/222 209/209/209 210/210/210
f 222/222/222 210/210/210 223/223/223
f 223/223/223 210/210/210 211/211/211
f 223/223/223 211/211/211 224/224/224
f 224/224/224 211/211/211 212/212/212
f 224/224/224 212/212/212 225/225/225
f 225/225/225 212/212/212 213/213/213
f 225/225/225 213/213/213 226/226/226
f 226/226/226 213/213/213 214/214/214
f 226/226/226 214/214/214 227/227/227
f 227/227/227 214/214/214 215/215/215
f 227/227/227 215/215/215 228/228/228
f 228/228/228 215/215/215 216/216/216
f 228/228/228 216/216/216 217/217/217
f 217/217/217 216/216/216 205/205/205
f 229/229/229 217/217/217 230/230/230
f 230/230/230 217/217/217 218/218/218
f 230/230/230 218/218/218 231/231/231
f 231/231/231 218/218/218 219/219/219
f 231/231/231 219/219/219 232/232/232
f 232/232/232 219/219/219 220/220/220
f 232/232/232 220/220/220 233/233/233
f 233/233/233 220/220/220 221/221/221
f 233/233/233 221/221/221 234/234/234
f 234/234/234 221/221/221 222/222/222
f 234/234/234 222/222/222 235/235/235
f 235/235/235 222/222/222 223/223/223
f 235/235/235 223/223/223 236/236/236
f 236/236/236 223/223/223 224/224/224
f 236/236/236 224/224/224 237/237/237
f 237/237/237 224/224/224 225/225/225
f 237/237/237 225/225/225 238/238/238
f 238/238/238 225/225/225 226/226/226
f 238/238/238 226/226/226 239/239/239
f 239/239/239 226/226/226 227/227/227
f 239/239/239 227/227/227 240/240/240
f 240/240/240 227/227/227 228/228/228
f 240/240/240 228/228/228 229/229/229
f 229/229/229 228/228/228 217/217/217
f 241/241/241 229/229/229 242/242/242
f 242/242/242 229/229/229 230/230/230
f 242/242/242 230/230/230 243/243/243
f 243/243/243 230/230/230 231/231/231
f 243/243/243 231/231/231 244/244/244
f 244/244/244 231/231/231 232/232/232
f 244/244/244 232/232/232 245/245/245
f 245/245/245 232/232/232 233/233/233
f 245/245/245 233/233/233 246/246/246
f 246/246/246 233/233/233 234/234/234
f 246/246/246 234/234/234 247/247/247
f 247/247/247 234/234/234 235/235/235
f 247/247/247 235/235/235 248/248/248
f 248/248/248 235/235/235 236/236/236
f 248/248/248 236/236/236 249/249/249
f 249/249/249 236/236/236 237/237/237
f 249/249/249 237/237/237 250/250/250
f 250/250/250 237/237/237 238/238/238
f 250/250/250 238/238/238 251/251/251
f 251/251/251 238/238/238 239/239/239
f 251/251/251 239/239/239 252/252/252
f 252/252/252 239/239/239 240/240/240
f 252/252/252 240/240/240 241/241/241
f 241/241/241 240/240/240 229/229/229
f 253/253/253 241/241/241 254/254/254
f 254/254/254 241/241/241 242/242/242
f 254/254/254 242/242/242 255/255/255
f 255/255/255 242/242/242 243/243/243
f 255/255/255 243/243/243 256/256/256
f 256/256/256 243/243/243 244/244/244
f 256/256/256 244/244/244 257/257/257
f 257/257/257 244/244/244 245/245/245
f 257/257/257 245/245/245 258/258/258
f 258/258/258 245/245/245 246/246/246
f 258/258/258 246/246/246 259/259/259
f 259/259/259 246/246/246 247/247/247
f 259/259/259 247/247/247 260/260/260
f 260/260/260 247/247/247 248/248/248
f 260/260/260 248/248/248 261/261/261
f 261/261/261 248/248/248 249/249/249
f 261/261/261 249/249/249 262/262/262
f 262/262/262 249/249/249 250/250/250
f 262/262/262 250/250/250 263/263/263
f 263/263/263 250/250/250 251/251/251
f 263/263/263 251/251/251 264/264/264
f 264/264/264 251/251/251 252/252/252
f 264/264/264 252/252/252 253/253/253
f 253/253/253 252/252/252 241/241/241
f 265/265/265 253/253/253 266/266/266
f 266/266/266 253/253/253 254/254/254
f 266/266/266 254/254/254 267/267/267
f 267/267/267 254/254/254 255/255/255
f 267/267/267 255/255/255 268/268/268
f 268/268/268 255/255/255 256/256/256
f 268/268/268 256/256/256 269/269/269
f 269/269/269 256/256/256 257/257/257
f 269/269/269 257/257/257 270/270/270
f 270/270/270 257/257/257 258/258/258
f 270/270/270 258/258/258 271/271/271
f 271/271/271 258/258/258 259/259/259
f 271/271/271 259/259/259 272/272/272
f 272/272/272 259/259/259 260/260/260
f 272/272/272 260/260/260 273/273/273
f 273/273/273 260/260/260 261/261/261
f 273/273/273 261/261/261 274/274/274
f 274/274/274 261/261/261 262/262/262
f 274/274/274 262/262/262 275/275/275
f 275/275/275 262/262/262 263/263/263
f 275/275/275 263/263/263 276/276/276
f 276/276/276 263/263/263 264/264/264
f 276/276/276 264/264/264 265/265/265
f 265/265/265 264/264/264 253/253/253
f 277/277/277 265/265/265 278/278/278
f 278/278/278 265/265/265 266/266/266
f 278/278/278 266/266/266 279/279/279
f 279/279/279 266/266/266 267/267/267
f 279/279/279 267/267/267 280/280/280
f 280/280/280 267/267/267 268/268/268
f 280/280/280 268/268/268 281/281/281
f 281/281/281 268/268/268 269/269/269
f 281/281/281 269/269/269 282/282/282
f 282/282/282 269/269/269 270/270/270
f 282/282/282 270/270/270 283/283/283
f 283/283/283 270/270/270 271/271/271
f 283/283/283 271/271/271 284/284/284
f 284/284/284 271/271/271 272/272/272
f 284/284/284 272/272/272 285/285/285
f 285/285/285 272/272/272 273/273/273
f 285/285/285 273/273/273 286/286/286
f 286/286/286 273/273/273 274/274/274
f 286/286/286 274/274/274 287/287/287
f 287/287/287 274/274/274 275/275/275
f 287/287/287 275/275/275 288/288/288
f 288/288/288 275/275/275 276/276/276
f 288/288/288 276/276/276 277/277/277
f 277/277/277 276/276/276 265/265/265
f 289/289/289 277/277/277 290/290/290
f 290/290/290 277/277/277 278/278/278
f 290/290/290 278/278/278 291/291/291
f 291/291/291 278/278/278 279/279/279
f 291/291/291 279/279/279 292/292/292
f 292/292/292 279/279/279 280/280/280
f 292/292/292 280/280/280 293/293/293
f 293/293/293 280/280/280 281/281/281
f 293/293/293 281/281/281 294/294/294
f 294/294/294 281/281/281 282/282/282
f 294/294/294 282/282/282 295/295/295
f 295/295/295 282/282/282 283/283/283
f 295/295/295 283/283/283 296/296/296
f 296/296/296 283/283/283 284/284/284
f 296/296/296 284/284/284 297/297/297
f 297/297/297 284/284/284 285/285/285
f 297/297/297 285/285/285 298/298/298
f 298/298/298 285/285/285 286/286/286
f 298/298/298 286/286/286 299/299/299
f 299/299/299 286/286/286 287/287/287
f 299/299/299 287/287/287 300/300/300
f 300/300/300 287/287/287 288/288/288
f 300/300/300 288/288/288 289/289/289
f 289/289/289 288/288/288 277/277/277
f 301/301/301 289/289/289 302/302/302
f 302/302/302 289/289/289 290/290/290
f 302/302/302 290/290/290 303/303/303
f 303/303/303 290/290/290 291/291/291
f 303/303/303 291/291/291 304/304/304
f 304/304/304 291/291/291 292/292/292
f 304/304/304 292/292/292 305/305/305
f 305/305/305 292/292/292 293/293/293
f 305/305/305 293/293/293 306/306/306
f 306/306/306 293/293/293 294/294/294
f 306/306/306 294/294/294 307/307/307
f 307/307/307 294/294/294 295/295/295
f 307/307/307 295/295/295 308/308/308
f 308/308/308 295/295/295 296/296/296
f 308/308/308 296/296/296 309/309/309
f 309/309/309 296/296/296 297/297/297
f 309/309/309 297/297/297 310/310/310
f 310/310/310 297/297/297 298/298/298
f 310/310/310 298/298/298 311/311/311
f 311/311/311 298/298/298 299/299/299
f 311/311/311 299/299/299 312/312/312
f 312/312/312 299/299/299 300/300/300
f 312/312/312 300/300/300 301/301/301
f 301/301/301 300/300/300 289/289/289
f 313/313/313 301/301/301 314/314/314
f 314/314/314 301/301/301 302/302/302
f 314/314/314 302/302/302 315/315/315
f 315/315/315 302/302/302 303/303/303
f 315/315/315 303/303/303 316/316/316
f 316/316/316 303/303/303 304/304/304
f 316/316/316 304/304/304 317/317/317
f 317/317/317 304/304/304 305/305/305
f 317/317/317 305/305/305 318/318/318
f 318/318/318 305/305/305 306/306/306
f 318/318/318 306/306/306 319/319/319
f 319/319/319 306/306/306 307/307/307
f 319/319/319 307/307/307 320/320/320
f 320/320/320 307/307/307 308/308/308
f 320/320/320 308/308/308 321/321/321
f 321/321/321 308/308/308 309/309/309
f 321/321/321 309/309/309 322/322/322
f 322/322/322 309/309/309 310/310/310
f 322/322/322 310/310/310 323/323/323
f 323/323/323 310/310/310 311/311/311
f 323/323/323 311/311/311 324/324/324
f 324/324/324 311/311/311 312/312/312
f 324/324/324 312/312/312 313/313/313
f 313/313/313 312/312/312 301/301/301
f 325/325/325 313/313/313 326/326/326
f 326/326/326 313/313/313 314/314/314
f 326/326/326 314/314/314 327/327/327
f 327/327/327 314/314/314 315/315/315
f 327/327/327 315/315/315 328/328/328
f 328/328/328 315/315/315 316/316/316
f 328/328/328 316/316/316 329/329/329
f 329/329/329 316/316/316 317/317/317
f 329/329/329 317/317/317 330/330/330
f 330/330/330 317/317/317 318/318/318
f 330/330/330 318/318/318 331/331/331
f 331/331/331 318/318/318 319/319/319
f 331/331/331 319/319/319 332/332/332
f 332/332/332 319/319/319 320/320/320
f 332/332/332 320/320/320 333/333/333
f 333/333/333 320/320/320 321/321/321
f 333/333/333 321/321/321 334/334/334
f 334/334/334 321/321/321 322/322/322
f 334/334/334 322/322/322 335/335/335
f 335/335/335 322/322/322 323/323/323
f 335/335/335 323/323/323 336/336/336
f 336/336/336 323/323/323 324/324/324
f 336/336/336 324/324/324 325/325/325
f 325/325/325 324/324/324 313/313/313
f 337/337/337 325/325/325 338/338/338
f 338/338/338 325/325/325 326/326/326
f 338/338/338 326/326/326 339/339/339
f 339/339/339 326/326/326 327/327/327
f 339/339/339 327/327/327 340/340/340
f 340/340/340 327/327/327 328/328/328
f 340/340/340 328/328/328 341/341/341
f 341/341/341 328/328/328 329/329/329
f 341/341/341 329/329/329 342/342/342
f 342/342/342 329/329/329 330/330/330
f 342/342/342 330/330/330 343/343/343
f 343/343/343 330/330/330 331/331/331
f 343/343/343 331/331/331 344/344/344
f 344/344/344 331/331/331 332/332/332
f 344/344/344 332/332/332 345/345/345
f 345/345/345 332/332/332 333/333/333
f 345/345/345 333/333/333 346/346/346
f 346/346/346 333/333/333 334/334/334
f 346/346/346 334/334/334 347/347/347
f 347/347/347 334/334/334 335/335/335
f 347/347/347 335/335/335 348/348/348
f 348/348/348 335/335/335 336/336/336
f 348/348/348 336/336/336 337/337/337
f 337/337/337 336/336/336 325/325/325
f 349/349/349 337/337/337 350/350/350
f 350/350/350 337/337/337 338/338/338
f 350/350/350 338/338/338 351/351/351
f 351/351/351 338/338/338 339/339/339
f 351/351/351 339/339/339 352/352/352
f 352/352/352 339/339/339 340/340/340
f 352/352/352 340/340/340 353/353/353
f 353/353/353 340/340/340 341/341/341
f 353/353/353 341/341/341 354/354/354
f 354/354/354 341/341/341 342/342/342
f 354/354/354 342/342/342 355/355/355
f 355/355/355 342/342/342 343/343/343
f 355/355/355 343/343/343 356/356/356
f 356/356/356 343/343/343 344/344/344
f 356/356/356 344/344/344 357/357/357
f 357/357/357 344/344/344 345/345/345
f 357/357/357 345/345/345 358/358/358
f 358/358/358 345/345/345 346/346/346
f 358/358/358 346/346/346 359/359/359
f 359/359/359 346/346/346 347/347/347
f 359/359/359 347/347/347 360/360/360
f 360/360/360 347/347/347 348/348/348
f 360/360/360 348/348/348 349/349/349
f 349/349/349 348/348/348 337/337/337
f 361/361/361 349/349/349 362/362/362
f 362/362/362 349/349/349 350/350/350
f 362/362/362 350/350/350 363/363/363
f 363/363/363 350/350/350 351/351/351
f 363/363/363 351/351/351 364/364/364
f 364/364/364 351/351/351 352/352/352
f 364/364/364 352/352/352 365/365/365
f 365/365/365 352/352/352 353/353/353
f 365/365/365 353/353/353 366/366/366
f 366/366/366 353/353/353 354/354/354
f 366/366/366 354/354/354 367/367/367
f 367/367/367 354/354/354 355/355/355
f 367/367/367 355/355/355 368/368/368
f 368/368/368 355/355/355 356/356/356
f 368/368/368 356/356/356 369/369/369
f 369/369/369 356/356/356 357/357/357
f 369/369/369 357/357/357 370/370/370
f 370/370/370 357/357/357 358/358/358
f 370/370/370 358/358/358 371/371/371
f 371/371/371 358/358/358 359/359/359
f 371/371/371 359/359/359 372/372/372
f 372/372/372 359/359/359 360/360/360
f 372/372/372 360/360/360 361/361/361
f 361/361/361 360/360/360 349/349/349
f 373/373/373 361/361/361 374/374/374
f 374/374/374 361/361/361 362/362/362
f 374/374/374 362/362/362 375/375/375
f 375/375/375 362/362/362 363/363/363
f 375/375/375 363/363/363 376/376/376
f 376/376/376 363/363/363 364/364/364
f 376/376/376 364/364/364 377/377/377
f 377/377/377 364/364/364 365/365/365
f 377/377/377 365/365/365 378/378/378
f 378/378/378 365/365/365 366/366/366
f 378/378/378 366/366/366 379/379/379
f 379/379/379 366/366/366 367/367/367
f 379/379/379 367/367/367 380/380/380
f 380/380/380 367/367/367 368/368/368
f 380/380/380 368/368/368 381/381/381
f 381/381/381 368/368/368 369/369/369
f 381/381/381 369/369/369 382/382/382
f 382/382/382 369/369/369 370/370/370
f 382/382/382 370/370/370 383/383/383
f 383/383/383 370/370/370 371/371/371
f 383/383/383 371/371/371 384/384/384
f 384/384/384 371/371/371 372/372/372
f 384/384/384 372/372/372 373/373/373
f 373/373/373 372/372/372 361/361/361
f 385/385/385 373/373/373 386/386/386
f 386/386/386 373/373/373 374/374/374
f 386/386/386 374/374/374 387/387/387
f 387/387/387 374/374/374 375/375/375
f 387/387/387 375/375/375 388/388/388
f 388/388/388 375/375/375 376/376/376
f 388/388/388 376/376/376 389/389/389
f 389/389/389 376/376/376 377/377/377
f 389/389/389 377/377/377 390/390/390
f 390/390/390 377/377/377 378/378/378
f 390/390/390 378/378/378 391/391/391
f 391/391/391 378/378/378 379/379/379
f 391/391/391 379/379/379 392/392/392
f 392/392/392 379/379/379 380/380/380
f 392/392/392 380/380/380 393/393/393
f 393/393/393 380/380/380 381/381/381
f 393/393/393 381/381/381 394/394/394
f 394/394/394 381/381/381 382/382/382
f 394/394/394 382/382/382 395/395/395
f 395/395/395 382/382/382 383/383/383
f 395/395/395 383/383/383 396/396/396
f 396/396/396 383/383/383 384/384/384
f 396/396/396 384/384/384 385/385/385
f 385/385/385 384/384/384 373/373/373
f 397/397/397 385/385/385 398/398/398
f 398/398/398 385/385/385 386/386/386
f 398/398/398 386/386/386 399/399/399
f 399/399/399 386/386/386 387/387/387
f 399/399/399 387/387/387 400/400/400
f 400/400/400 387/387/387 388/388/388
f 400/400/400 388/388/388 401/401/401
f 401/401/401 388/388/388 389/389/389
f 401/401/401 389/389/389 402/402/402
f 402/402/402 389/389/389 390/390/390
f 402/402/402 390/390/390 403/403/403
f 403/403/403 390/390/390 391/391/391
f 403/403/403 391/391/391 404/404/404
f 404/404/404 391/391/391 392/392/392
f 404/404/404 392/392/392 405/405/405
f 405/405/405 392/392/392 393/393/393
f 405/405/405 393/393/393 406/406/406
f 406/406/406 393/393/393 394/394/394
f 406/406/406 394/394/394 407/407/407
f 407/407/407 394/394/394 395/395/395
f 407/407/407 395/395/395 408/408/408
f 408/408/408 395/395/395 396/396/396
f 408/408/408 396/396/396 397/397/397
f 397/397/397 396/396/396 385/385/385
f 409/409/409 397/397/397 410/410/410
f 410/410/410 397/397/397 398/398/398
f 410/410/410 398/398/398 411/411/411
f 411/411/411 398/398/398 399/399/399
f 411/411/411 399/399/399 412/412/412
f 412/412/412 399/399/399 400/400/400
f 412/412/412 400/400/400 413/413/413
f 413/413/413 400/400/400 401/401/401
f 413/413/413 401/401/401 414/414/414
f 414/414/414 401/401/401 402/402/402
f 414/414/414 402/402/402 415/415/415
f 415/415/415 402/402/402 403/403/403
f 415/415/415 403/403/403 416/416/416
f 416/416/416 403/403/403 404/404/404
f 416/416/416 404/404/404 417/417/417
f 417/417/417 404/404/404 405/405/405
f 417/417/417 405/405/405 418/418/418
f 418/418/418 405/405/405 406/406/406
f 418/418/418 406/406/406 419/419/419
f 419/419/419 406/406/406 407/407/407
f 419/419/419 407/407/407 420/420/420
f 420/420/420 407/407/407 408/408/408
f 420/420/420 408/408/408 409/409/409
f 409/409/409 408/408/408 397/397/397
f 421/421/421 409/409/409 422/422/422
f 422/422/422 409/409/409 410/410/410
f 422/422/422 410/410/410 423/423/423
f 423/423/423 410/410/410 411/411/411
f 423/423/423 411/411/411 424/424/424
f 424/424/424 411/411/411 412/412/412
f 424/424/424 412/412/412 425/425/425
f 425/425/425 412/412/412 413/413/413
f 425/425/425 413/413/413 426/426/426
f 426/426/426 413/413/413 414/414/414
f 426/426/426 414/414/414 427/427/427
f 427/427/427 414/414/414 415/415/415
f 427/427/427 415/415/415 428/428/428
f 428/428/428 415/415/415 416/416/416
f 428/428/428 416/416/416 429/429/429
f 429/429/429 416/416/416 417/417/417
f 429/429/429 417/417/417 430/430/430
f 430/430/430 417/417/417 418/418/418
f 430/430/430 418/418/418 431/431/431
f 431/431/431 418/418/418 419/419/419
f 431/431/431 419/419/419 432/432/432
f 432/432/432 419/419/419 420/420/420
f 432/432/432 420/420/420 421/421/421
f 421/421/421 420/420/420 409/409/409
f 433/433/433 421/421/421 434/434/434
f 434/434/434 421/421/421 422/422/422
f 434/434/434 422/422/422 435/435/435
f 435/435/435 422/422/422 423/423/423
f 435/435/435 423/423/423 436/436/436
f 436/436/436 423/423/423 424/424/424
f 436/436/436 424/424/424 437/437/437
f 437/437/437 424/424/424 425/425/425
f 437/437/437 425/425/425 438/438/438
f 438/438/438 425/425/425 426/426/426
f 438/438/438 426/426/426 439/439/439
f 439/439/439 426/426/426 427/427/427
f 439/439/439 427/427/427 440/440/440
f 440/440/440 427/427/427 428/428/428
f 440/440/440 428/428/428 441/441/441
f 441/441/441 428/428/428 429/429/429
f 441/441/441 429/429/429 442/442/442
f 442/442/442 429/429/429 430/430/430
f 442/442/442 430/430/430 443/443/443
f 443/443/443 430/430/430 431/431/431
f 443/443/443 431/431/431 444/444/444
f 444/444/444 431/431/431 432/432/432
f 444/444/444 432/432/432 433/433/433
f 433/433/433 432/432/432 421/421/421
f 445/445/445 433/433/433 446/446/446
f 446/446/446 433/433/433 434/434/434
f 446/446/446 434/434/434 447/447/447
f 447/447/447 434/434/434 435/435/435
f 447/447/447 435/435/435 448/448/448
f 448/448/448 435/435/435 436/436/436
f 448/448/448 436/436/436 449/449/449
f 449/449/449 436/436/436 437/437/437
f 449/449/449 437/437/437 450/450/450
f 450/450/450 437/437/437 438/438/438
f 450/450/450 438/438/438 451/451/451
f 451/451/451 438/438/438 439/439/439
f 451/451/451 439/439/439 452/452/452
f 452/452/452 439/439/439 440/440/440
f 452/452/452 440/440/440 453/453/453
f 453/453/453 440/440/440 441/441/441
f 453/453/453 441/441/441 454/454/454
f 454/454/454 441/441/441 442/442/442
f 454/454/454 442/442/442 455/455/455
f 455/455/455 442/442/442 443/443/443
f 455/455/455 443/443/443 456/456/456
f 456/456/456 443/443/443 444/444/444
f 456/456/456 444/444/444 445/445/445
f 445/445/445 444/444/444 433/433/433
f 457/457/457 445/445/445 458/458/458
f 458/458/458 445/445/445 446/446/446
f 458/458/458 446/446/446 459/459/459
f 459/459/459 446/446/446 447/447/447
f 459/459/459 447/447/447 460/460/460
f 460/460/460 447/447/447 448/448/448
f 460/460/460 448/448/448 461/461/461
f 461/461/461 448/448/448 449/449/449
f 461/461/461 449/449/449 462/462/462
f 462/462/462 449/449/449 450/450/450
f 462/462/462 450/450/450 463/463/463
f 463/463/463 450/450/450 451/451/451
f 463/463/463 451/451/451 464/464/464
f 464/464/464 451/451/451 452/452/452
f 464/464/464 452/452/452 465/465/465
f 465/465/465 452/452/452 453/453/453
f 465/465/465 453/453/453 466/466/466
f 466/466/466 453/453/453 454/454/454
f 466/466/466 454/454/454 467/467/467
f 467/467/467 454/454/454 455/455/455
f 467/467/467 455/455/455 468/468/468
f 468/468/468 455/455/455 456/456/456
f 468/468/468 456/456/456 457/457/457
f 457/457/457 456/456/456 445/445/445
f 469/469/469 457/457/457 470/470/470
f 470/470/470 457/457/457 458/458/458
f 470/470/470 458/458/458 471/471/471
f 471/471/471 458/458/458 459/459/459
f 471/471/471 459/459/459 472/472/472
f 472/472/472 459/459/459 460/460/460
f 472/472/472 460/460/460 473/473/473
f 473/473/473 460/460/460 461/461/461
f 473/473/473 461/461/461 474/474/474
f 474/474/474 461/461/461 462/462/462
f 474/474/474 462/462/462 475/475/475
f 475/475/475 462/462/462 463/463/463
f 475/475/475 463/463/463 476/476/476
f 476/476/476 463/463/463 464/464/464
f 476/476/476 464/464/464 477/477/477
f 477/477/477 464/464/464 465/465/465
f 477/477/477 465/465/465 478/478/478
f 478/478/478 465/465/465 466/466/466
f 478/478/478 466/466/466 479/479/479
f 479/479/479 466/466/466 467/467/467
f 479/479/479 467/467/467 480/480/480
f 480/480/480 467/467/467 468/468/468
f 480/480/480 468/468/468 469/469/469
f 469/469/469 468/468/468 457/457/457
f 481/481/481 469/469/469 482/482/482
f 482/482/482 469/469/469 470/470/470
f 482/482/482 470/470/470 483/483/483
f 483/483/483 470/470/470 471/471/471
f 483/483/483 471/471/471 484/484/484
f 484/484/484 471/471/471 472/472/472
f 484/484/484 472/472/472 485/485/485
f 485/485/485 472/472/472 473/473/473
f 485/485/485 473/473/473 486/486/486
f 486/486/486 473/473/473 474/474/474
f 486/486/486 474/474/474 487/487/487
f 487/487/487 474/474/474 475/475/475
f 487/487/487 475/475/475 488/488/488
f 488/488/488 475/475/475 476/476/476
f 488/488/488 476/476/476 489/489/489
f 489/489/489 476/476/476 477/477/477
f 489/489/489 477/477/477 490/490/490
f 490/490/490 477/477/477 478/478/478
f 490/490/490 478/478/478 491/491/491
f 491/491/491 478/478/478 479/479/479
f 491/491/491 479/479/479 492/492/492
f 492/492/492 479/479/479 480/480/480
f 492/492/492 480/480/480 481/481/481
f 481/481/481 480/480/480 469/469/469
f 493/493/493 481/481/481 494/494/494
f 494/494/494 481/481/481 482/482/482
f 494/494/494 482/482/482 495/495/495
f 495/495/495 482/482/482 483/483/483
f 495/495/495 483/483/483 496/496/496
f 496/496/496 483/483/483 484/484/484
f 496/496/496 484/484/484 497/497/497
f 497/497/497 484/484/484 485/485/485
f 497/497/497 485/485/485 498/498/498
f 498/498/498 485/485/485 486/486/486
f 498/498/498 486/486/486 499/499/499
f 499/499/499 486/486/486 487/487/487
f 499/499/499 487/487/487 500/500/500
f 500/500/500 487/487/487 488/488/488
f 500/500/500 488/488/488 501/501/501
f 501/501/501 488/488/488 489/489/489
f 501/501/501 489/489/489 502/502/502
f 502/502/502 489/489/489 490/490/490
f 502/502/502 490/490/490 503/503/503
f 503/503/503 490/490/490 491/491/491
f 503/503/503 491/491/491 504/504/504
f 504/504/504 491/491/491 492/492/492
f 504/504/504 492/492/492 493/493/493
f 493/493/493 492/492/492 481/481/481
f 505/505/505 493/493/493 506/506/506
f 506/506/506 493/493/493 494/494/494
f 506/506/506 494/494/494 507/507/507
f 507/507/507 494/494/494 495/495/495
f 507/507/507 495/495/495 508/508/508
f 508/508/508 495/495/495 496/496/496
f 508/508/508 496/496/496 509/509/509
f 509/509/509 496/496/496 497/497/497
f 509/509/509 497/497/497 510/510/510
f 510/510/510 497/497/497 498/498/498
f 510/510/510 498/498/498 511/511/511
f 511/511/511 498/498/498 499/499/499
f 511/511/511 499/499/499 512/512/512
f 512/512/512 499/499/499 500/500/500
f 512/512/512 500/500/500 513/513/513
f 513/513/513 500/500/500 501/501/501
f 513/513/513 501/501/501 514/514/514
f 514/514/514 501/501/501 502/502/502
f 514/514/514 502/502/502 515/515/515
f 515/515/515 502/502/502 503/503/503
f 515/515/515 503/503/503 516/516/516
f 516/516/516 503/503/503 504/504/504
f 516/516/516 504/504/504 505/505/505
f 505/505/505 504/504/504 493/493/493
f 517/517/517 505/505/505 518/518/518
f 518/518/518 505/505/505 506/506/506
f 518/518/518 506/506/506 519/519/519
f 519/519/519 506/506/506 507/507/507
f 519/519/519 507/507/507 520/520/520
f 520/520/520 507/507/507 508/508/508
f 520/520/520 508/508/508 521/521/521
f 521/521/521 508/508/508 509/509/509
f 521/521/521 509/509/509 522/522/522
f 522/522/522 509/509/509 510/510/510
f 522/522/522 510/510/510 523/523/523
f 523/523/523 510/510/510 511/511/511
f 523/523/523 511/511/511 524/524/524
f 524/524/524 511/511/511 512/512/512
f 524/524/524 512/512/512 525/525/525
f 525/525/525 512/512/512 513/513/513
f 525/525/525 513/513/513 526/526/526
f 526/526/526 513/513/513 514/514/514
f 526/526/526 514/514/514 527/527/527
f 527/527/527 514/514/514 515/515/515
f 527/527/527 515/515/515 528/528/528
f 528/528/528 515/515/515 516/516/516
f 528/528/528 516/516/516 517/517/517
f 517/517/517 516/516/516 505/505/505
f 529/529/529 517/517/517 530/530/530
f 530/530/530 517/517/517 518/518/518
f 530/530/530 518/518/518 531/531/531
f 531/531/531 518/518/518 519/519/519
f 531/531/531 519/519/519 532/532/532
f 532/532/532 519/519/519 520/520/520
f 532/532/532 520/520/520 533/533/533
f 533/533/533 520/520/520 521/521/521
f 533/533/533 521/521/521 534/534/534
f 534/534/534 521/521/521 522/522/522
f 534/534/534 522/522/522 535/535/535
f 535/535/535 522/522/522 523/523/523
f 535/535/535 523/523/523 536/536/536
f 536/536/536 523/523/523 524/524/524
f 536/536/536 524/524/524 537/537/537
f 537/537/537 524/524/524 525/525/525
f 537/537/537 525/525/525 538/538/538
f 538/538/538 525/525/525 526/526/526
f 538/538/538 526/526/526 539/539/539
f 539/539/539 526/526/526 527/527/527
f 539/539/539 527/527/527 540/540/540
f 540/540/540 527/527/527 528/528/528
f 540/540/540 528/528/528 529/529/529
f 529/529/529 528/528/528 517/517/517
f 541/541/541 529/529/529 542/542/542
f 542/542/542 529/529/529 530/530/530
f 542/542/542 530/530/530 543/543/543
f 543/543/543 530/530/530 531/531/531
f 543/543/543 531/531/531 544/544/544
f 544/544/544 531/531/531 532/532/532
f 544/544/544 532/532/532 545/545/545
f 545/545/545 532/532/532 533/533/533
f 545/545/545 533/533/533 546/546/546
f 546/546/546 533/533/533 534/534/534
f 546/546/546 534/534/534 547/547/547
f 547/547/547 534/534/534 535/535/535
f 547/547/547 535/535/535 548/548/548
f 548/548/548 535/535/535 536/536/536
f 548/548/548 536/536/536 549/549/549
f 549/549/549 536/536/536 537/537/537
f 549/549/549 537/537/537 550/550/550
f 550/550/550 537/537/537 538/538/538
f 550/550/550 538/538/538 551/551/551
f 551/551/551 538/538/538 539/539/539
f 551/551/551 539/539/539 552/552/552
f 552/552/552 539/539/539 540/540/540
f 552/552/552 540/540/540 541/541/541
f 541/541/541 540/540/540 529/529/529
f 553/553/553 541/541/541 554/554/554
f 554/554/554 541/541/541 542/542/542
f 554/554/554 542/542/542 555/555/555
f 555/555/555 542/542/542 543/543/543
f 555/555/555 543/543/543 556/556/556
f 556/556/556 543/543/543 544/544/544
f 556/556/556 544/544/544 557/557/557
f 557/557/557 544/544/544 545/545/545
f 557/557/557 545/545/545 558/558/558
f 558/558/558 545/545/545 546/546/546
f 558/558/558 546/546/546 559/559/559
f 559/559/559 546/546/546 547/547/547
f 559/559/559 547/547/547 560/560/560
f 560/560/560 547/547/547 548/548/548
f 560/560/560 548/548/548 561/561/561
f 561/561/561 548/548/548 549/549/549
f 561/561/561 549/549/549 562/562/562
f 562/562/562 549/549/549 550/550/550
f 562/562/562 550/550/550 563/563/563
f 563/563/563 550/550/550 551/551/551
f 563/563/563 551/551/551 564/564/564
f 564/564/564 551/551/551 552/552/552
f 564/564/564 552/552/552 553/553/553
f 553/553/553 552/552/552 541/541/541
f 565/565/565 553/553/553 566/566/566
f 566/566/566 553/553/553 554/554/554
f 566/566/566 554/554/554 567/567/567
f 567/567/567 554/554/554 555/555/555
f 567/567/567 555/555/555 568/568/568
f 568/568/568 555/555/555 556/556/556
f 568/568/568 556/556/556 569/569/569
f 569/569/569 556/556/556 557/557/557
f 569/569/569 557/557/557 570/570/570
f 570/570/570 557/557/557 558/558/558
f 570/570/570 558/558/558 571/571/571
f 571/571/571 558/558/558 559/559/559
f 571/571/571 559/559/559 572/572/572
f 572/572/572 559/559/559 560/560/560
f 572/572/572 560/560/560 573/573/573
f 573/573/573 560/560/560 561/561/561
f 573/573/573 561/561/561 574/574/574
f 574/574/574 561/561/561 562/562/562
f 574/574/574 562/562/562 575/575/575
f 575/575/575 562/562/562 563/563/563
f 575/575/575 563/563/563 576/576/576
f 576/576/576 563/563/563 564/564/564
f 576/576/576 564/564/564 565/565/565
f 565/565/565 564/564/564 553/553/553
f 577/577/577 565/565/565 578/578/578
f 578/578/578 565/565/565 566/566/566
f 578/578/578 566/566/566 579/579/579
f 579/579/579 566/566/566 567/567/567
f 579/579/579 567/567/567 580/580/580
f 580/580/580 567/567/567 568/568/568
f 580/580/580 568/568/568 581/581/581
f 581/581/581 568/568/568 569/569/569
f 581/581/581 569/569/569 582/582/582
f 582/582/582 569/569/569 570/570/570
f 582/582/582 570/570/570 583/583/583
f 583/583/583 570/570/570 571/571/571
f 583/583/583 571/571/571 584/584/584
f 584/584/584 571/571/571 572/572/572
f 584/584/584 572/572/572 585/585/585
f 585/585/585 572/572/572 573/573/573
f 585/585/585 573/573/573 586/586/586
f 586/586/586 573/573/573 574/574/574
f 586/586/586 574/574/574 587/587/587
f 587/587/587 574/574/574 575/575/575
f 587/587/587 575/575/575 588/588/588
f 588/588/588 575/575/575 576/576/576
f 588/588/588 576/576/576 577/577/577
f 577/577/577 576/576/576 565/565/565
f 589/589/589 577/577/577 590/590/590
f 590/590/590 577/577/577 578/578/578
f 590/590/590 578/578/578 591/591/591
f 591/591/591 578/578/578 579/579/579
f 591/591/591 579/579/579 592/592/592
f 592/592/592 579/579/579 580/580/580
f 592/592/592 580/580/580 593/593/593
f 593/593/593 580/580/580 581/581/581
f 593/593/593 581/581/581 594/594/594
f 594/594/594 581/581/581 582/582/582
f 594/594/594 582/582/582 595/595/595
f 595/595/595 582/582/582 583/583/583
f 595/595/595 583/583/583 596/596/596
f 596/596/596 583/583/583 584/584/584
f 596/596/596 584/584/584 597/597/597
f 597/597/597 584/584/584 585/585/585
f 597/597/597 585/585/585 598/598/598
f 598/598/598 585/585/585 586/586/586
f 598/598/598 586/586/586 599/599/599
f 599/599/599 586/586/586 587/587/587
f 599/599/599 587/587/587 600/600/600
f 600/600/600 587/587/587 588/588/588
f 600/600/600 588/588/588 589/589/589
f 589/589/589 588/588/588 577/577/577
f 601/601/601 589/589/589 602/602/602
f 602/602/602 589/589/589 590/590/590
f 602/602/602 590/590/590 603/603/603
f 603/603/603 590/590/590 591/591/591
f 603/603/603 591/591/591 604/604/604
f 604/604/604 591/591/591 592/592/592
f 604/604/604 592/592/592 605/605/605
f 605/605/605 592/592/592 593/593/593
f 605/605/605 593/593/593 606/606/606
f 606/606/606 593/593/593 594/594/594
f 606/606/606 594/594/594 607/607/607
f 607/607/607 594/594/594 595/595/595
f 607/607/607 595/595/595 608/608/608
f 608/608/608 595/595/595 596/596/596
f 608/608/608 596/596/596 609/609/609
f 609/609/609 596/596/596 597/597/597
f 609/609/609 597/597/597 610/610/610
f 610/610/610 597/597/597 598/598/598
f 610/610/610 598/598/598 611/611/611
f 611/611/611 598/598/598 599/599/599
f 611/611/611 599/599/599 612/612/612
f 612/612/612 599/599/599 600/600/600
f 612/612/612 600/600/600 601/601/601
f 601/601/601 600/600/600 589/589/589
f 613/613/613 601/601/601 614/614/614
f 614/614/614 601/601/601 602/602/602
f 614/614/614 602/602/602 615/615/615
f 615/615/615 602/602/602 603/603/603
f 615/615/615 603/603/603 616/616/616
f 616/616/616 603/603/603 604/604/604
f 616/616/616 604/604/604 617/617/617
f 617/617/617 604/604/604 605/605/605
f 617/617/617 605/605/605 618/618/618
f 618/618/618 605/605/605 606/606/606
f 618/618/618 606/606/606 619/619/619
f 619/619/619 606/606/606 607/607/607
f 619/619/619 607/607/607 620/620/620
f 620/620/620 607/607/607 608/608/608
f 620/620/620 608/608/608 621/621/621
f 621/621/621 608/608/608 609/609/609
f 621/621/621 609/609/609 622/622/622
f 622/622/622 609/609/609 610/610/610
f 622/622/622 610/610/610 623/623/623
f 623/623/623 610/610/610 611/611/611
f 623/623/623 611/611/611 624/624/624
f 624/624/624 611/611/611 612/612/612
f 624/624/624 612/612/612 613/613/613
f 613/613/613 612/612/612 601/601/601
f 625/625/625 613/613/613 626/626/626
f 626/626/626 613/613/613 614/614/614
f 626/626/626 614/614/614 627/627/627
f 627/627/627 614/614/614 615/615/615
f 627/627/627 615/615/615 628/628/628
f 628/628/628 615/615/615 616/616/616
f 628/628/628 616/616/616 629/629/629
f 629/629/629 616/616/616 617/617/617
f 629/629/629 617/617/617 630/630/630
f 630/630/630 617/617/617 618/618/618
f 630/630/630 618/618/618 631/631/631
f 631/631/631 618/618/618 619/619/619
f 631/631/631 619/619/619 632/632/632
f 632/632/632 619/619/619 620/620/620
f 632/632/632 620/620/620 633/633/633
f 633/633/633 620/620/620 621/621/621
f 633/633/633 621/621/621 634/634/634
f 634/634/634 621/621/621 622/622/622
f 634/634/634 622/622/622 635/635/635
f 635/635/635 622/622/622 623/623/623
f 635/635/635 623/623/623 636/636/636
f 636/636/636 623/623/623 624/624/624
f 636/636/636 624/624/624 625/625/625
f 625/625/625 624/624/624 613/613/613
f 637/637/637 625/625/625 638/638/638
f 638/638/638 625/625/625 626/626/626
f 638/638/638 626/626/626 639/639/639
f 639/639/639 626/626/626 627/627/627
f 639/639/639 627/627/627 640/640/640
f 640/640/640 627/627/627 628/628/628
f 640/640/640 628/628/628 641/641/641
f 641/641/641 628/628/628 629/629/629
f 641/641/641 629/629/629 642/642/642
f 642/642/642 629/629/629 630/630/630
f 642/642/642 630/630/630 643/643/643
f 643/643/643 630/630/630 631/631/631
f 643/643/643 631/631/631 644/644/644
f 644/644/644 631/631/631 632/632/632
f 644/644/644 632/632/632 645/645/645
f 645/645/645 632/632/632 633/633/633
f 645/645/645 633/633/633 646/646/646
f 646/646/646 633/633/633 634/634/634
f 646/646/646 634/634/634 647/647/647
f 647/647/647 634/634/634 635/635/635
f 647/647/647 635/635/635 648/648/648
f 648/648/648 635/635/635 636/636/636
f 648/648/648 636/636/636 637/637/637
f 637/637/637 636/636/636 625/625/625
f 649/649/649 637/637/637 650/650/650
f 650/650/650 637/637/637 638/638/638
f 650/650/650 638/638/638 651/651/651
f 651/651/651 638/638/638 639/639/639
f 651/651/651 639/639/639 652/652/652
f 652/652/652 639/639/639 640/640/640
f 652/652/652 640/640/640 653/653/653
f 653/653/653 640/640/640 641/641/641
f 653/653/653 641/641/641 654/654/654
f 654/654/654 641/641/641 642/642/642
f 654/654/654 642/642/642 655/655/655
f 655/655/655 642/642/642 643/643/643
f 655/655/655 643/643/643 656/656/656
f 656/656/656 643/643/643 644/644/644
f 656/656/656 644/644/644 657/657/657
f 657/657/657 644/644/644 645/645/645
f 657/657/657 645/645/645 658/658/658
f 658/658/658 645/645/645 646/646/646
f 658/658/658 646/646/646 659/659/659
f 659/659/659 646/646/646 647/647/647
f 659/659/659 647/647/647 660/660/660
f 660/660/660 647/647/647 648/648/648
f 660/660/660 648/648/648 649/649/649
f 649/649/649 648/648/648 637/637/637
f 661/661/661 649/649/649 662/662/662
f 662/662/662 649/649/649 650/650/650
f 662/662/662 650/650/650 663/663/663
f 663/663/663 650/650/650 651/651/651
f 663/663/663 651/651/651 664/664/664
f 664/664/664 651/651/651 652/652/652
f 664/664/664 652/652/652 665/665/665
f 665/665/665 652/652/652 653/653/653
f 665/665/665 653/653/653 666/666/666
f 666/666/666 653/653/653 654/654/654
f 666/666/666 654/654/654 667/667/667
f 667/667/667 654/654/654 655/655/655
f 667/667/667 655/655/655 668/668/668
f 668/668/668 655/655/655 656/656/656
f 668/668/668 656/656/656 669/669/669
f 669/669/669 656/656/656 657/657/657
f 669/669/669 657/657/657 670/670/670
f 670/670/670 657/657/657 658/658/658
f 670/670/670 658/658/658 671/671/671
f 671/671/671 658/658/658 659/659/659
f 671/671/671 659/659/659 672/672/672
f 672/672/672 659/659/659 660/660/660
f 672/672/672 660/660/660 661/661/661
f 661/661/661 660/660/660 649/649/649
f 673/673/673 661/661/661 674/674/674
f 674/674/674 661/661/661 662/662/662
f 674/674/674 662/662/662 675/675/675
f 675/675/675 662/662/662 663/663/663
f 675/675/675 663/663/663 676/676/676
f 676/676/676 663/663/663 664/664/664
f 676/676/676 664/664/664 677/677/677
f 677/677/677 664/664/664 665/665/665
f 677/677/677 665/665/665 678/678/678
f 678/678/678 665/665/665 666/666/666
f 678/678/678 666/666/666 679/679/679
f 679/679/679 666/666/666 667/667/667
f 679/679/679 667/667/667 680/680/680
f 680/680/680 667/667/667 668/668/668
f 680/680/680 668/668/668 681/681/681
f 681/681/681 668/668/668 669/669/669
f 681/681/681 669/669/669 682/682/682
f 682/682/682 669/669/669 670/670/670
f 682/682/682 670/670/670 683/683/683
f 683/683/683 670/670/670 671/671/671
f 683/683/683 671/671/671 684/684/684
f 684/684/684 671/671/671 672/672/672
f 684/684/684 672/672/672 673/673/673
f 673/673/673 672/672/672 661/661/661
f 685/685/685 673/673/673 686/686/686
f 686/686/686 673/673/673 674/674/674
f 686/686/686 674/674/674 687/687/687
f 687/687/687 674/674/674 675/675/675
f 687/687/687 675/675/675 688/688/688
f 688/688/688 675/675/675 676/676/676
f 688/688/688 676/676/676 689/689/689
f 689/689/689 676/676/676 677/677/677
f 689/689/689 677/677/677 690/690/690
f 690/690/690 677/677/677 678/678/678
f 690/690/690 678/678/678 691/691/691
f 691/691/691 678/678/678 679/679/679
f 691/691/691 679/679/679 692/692/692
f 692/692/692 679/679/679 680/680/680
f 692/692/692 680/680/680 693/693/693
f 693/693/693 680/680/680 681/681/681
f 693/693/693 681/681/681 694/694/694
f 694/694/694 681/681/681 682/682/682
f 694/694/694 682/682/682 695/695/695
f 695/695/695 682/682/682 683/683/683
f 695/695/695 683/683/683 696/696/696
f 696/696/696 683/683/683 684/684/684
f 696/696/696 684/684/684 685/685/685
f 685/685/685 684/684/684 673/673/673
f 697/697/697 685/685/685 698/698/698
f 698/698/698 685/685/685 686/686/686
f 698/698/698 686/686/686 699/699/699
f 699/699/699 686/686/686 687/687/687
f 699/699/699 687/687/687 700/700/700
f 700/700/700 687/687/687 688/688/688
f 700/700/700 688/688/688 701/701/701
f 701/701/701 688/688/688 689/689/689
f 701/701/701 689/689/689 702/702/702
f 702/702/702 689/689/689 690/690/690
f 702/702/702 690/690/690 703/703/703
f 703/703/703 690/690/690 691/691/691
f 703/703/703 691/691/691 704/704/704
f 704/704/704 691/691/691 692/692/692
f 704/704/704 692/692/692 705/705/705
f 705/705/705 692/692/692 693/693/693
f 705/705/705 693/693/693 706/706/706
f 706/706/706 693/693/693 694/694/694
f 706/706/706 694/694/694 707/707/707
f 707/707/707 694/694/694 695/695/695
f 707/707/707 695/695/695 708/708/708
f 708/708/708 695/695/695 696/696/696
f 708/708/708 696/696/696 697/697/697
f 697/697/697 696/696/696 685/685/685
f 709/709/709 697/697/697 710/710/710
f 710/710/710 697/697/697 698/698/698
f 710/710/710 698/698/698 711/711/711
f 711/711/711 698/698/698 699/699/699
f 711/711/711 699/699/699 712/712/712
f 712/712/712 699/699/699 700/700/700
f 712/712/712 700/700/700 713/713/713
f 713/713/713 700/700/700 701/701/701
f 713/713/713 701/701/701 714/714/714
f 714/714/714 701/701/701 702/702/702
f 714/714/714 702/702/702 715/715/715
f 715/715/715 702/702/702 703/703/703
f 715/715/715 703/703/703 716/716/716
f 716/716/716 703/703/703 704/704/704
f 716/716/716 704/704/704 717/717/717
f 717/717/717 704/704/704 705/705/705
f 717/717/717 705/705/705 718/718/718
f 718/718/718 705/705/705 706/706/706
f 718/718/718 706/706/706 719/719/719
f 719/719/719 706/706/706 707/707/707
f 719/719/719 707/707/707 720/720/720
f 720/720/720 707/707/707 708/708/708
f 720/720/720 708/708/708 709/709/709
f 709/709/709 708/708/708 697/697/697
f 721/721/721 709/709/709 722/722/722
f 722/722/722 709/709/709 710/710/710
f 722/722/722 710/710/710 723/723/723
f 723/723/723 710/710/710 711/711/711
f 723/723/723 711/711/711 724/724/724
f 724/724/724 711/711/711 712/712/712
f 724/724/724 712/712/712 725/725/725
f 725/725/725 712/712/712 713/713/713
f 725/725/725 713/713/713 726/726/726
f 726/726/726 713/713/713 714/714/714
f 726/726/726 714/714/714 727/727/727
f 727/727/727 714/714/714 715/715/715
f 727/727/727 715/715/715 728/728/728
f 728/728/728 715/715/715 716/716/716
f 728/728/728 716/716/716 729/729/729
f 729/729/729 716/716/716 717/717/717
f 729/729/729 717/717/717 730/730/730
f 730/730/730 717/717/717 718/718/718
f 730/730/730 718/718/718 731/731/731
f 731/731/731 718/718/718 719/719/719
f 731/731/731 719/719/719 732/732/732
f 732/732/732 719/719/719 720/720/720
f 732/732/732 720/720/720 721/721/721
f 721/721/721 720/720/720 709/709/709
f 733/733/733 721/721/721 734/734/734
f 734/734/734 721/721/721 722/722/722
f 734/734/734 722/722/722 735/735/735
f 735/735/735 722/722/722 723/723/723
f 735/735/735 723/723/723 736/736/736
f 736/736/736 723/723/723 724/724/724
f 736/736/736 724/724/724 737/737/737
f 737/737/737 724/724/724 725/725/725
f 737/737/737 725/725/725 738/738/738
f 738/738/738 725/725/725 726/726/726
f 738/738/738 726/726/726 739/739/739
f 739/739/739 726/726/726 727/727/727
f 739/739/739 727/727/727 740/740/740
f 740/740/740 727/727/727 728/728/728
f 740/740/740 728/728/728 741/741/741
f 741/741/741 728/728/728 729/729/729
f 741/741/741 729/729/729 742/742/742
f 742/742/742 729/729/729 730/730/730
f 742/742/742 730/730/730 743/743/743
f 743/743/743 730/730/730 731/731/731
f 743/743/743 731/731/731 744/744/744
f 744/744/744 731/731/731 732/732/732
f 744/744/744 732/732/732 733/733/733
f 733/733/733 732/732/732 721/721/721
f 745/745/745 733/733/733 746/746/746
f 746/746/746 733/733/733 734/734/734
f 746/746/746 734/734/734 747/747/747
f 747/747/747 734/734/734 735/735/735
f 747/747/747 735/735/735 748/748/748
f 748/748/748 735/735/735 736/736/736
f 748/748/748 736/736/736 749/749/749
f 749/749/749 736/736/736 737/737/737
f 749/749/749 737/737/737 750/750/750
f 750/750/750 737/737/737 738/738/738
f 750/750/750 738/738/738 751/751/751
f 751/751/751 738/738/738 739/739/739
f 751/751/751 739/739/739 752/752/752
f 752/752/752 739/739/739 740/740/740
f 752/752/752 740/740/740 753/753/753
f 753/753/753 740/740/740 741/741/741
f 753/753/753 741/741/741 754/754/754
f 754/754/754 741/741/741 742/742/742
f 754/754/754 742/742/742 755/755/755
f 755/755/755 742/742/742 743/743/743
f 755/755/755 743/743/743 756/756/756
f 756/756/756 743/743/743 744/744/744
f 756/756/756 744/744/744 745/745/745
f 745/745/745 744/744/744 733/733/733
f 757/757/757 745/745/745 758/758/758
f 758/758/758 745/745/745 746/746/746
f 758/758/758 746/746/746 759/759/759
f 759/759/759 746/746/746 747/747/747
f 759/759/759 747/747/747 760/760/760
f 760/760/760 747/747/747 748/748/748
f 760/760/760 748/748/748 761/761/761
f 761/761/761 748/748/748 749/749/749
f 761/761/761 749/749/749 762/762/762
f 762/762/762 749/749/749 750/750/750
f 762/762/762 750/750/750 763/763/763
f 763/763/763 750/750/750 751/751/751
f 763/763/763 751/751/751 764/764/764
f 764/764/764 751/751/751 752/752/752
f 764/764/764 752/752/752 765/765/765
f 765/765/765 752/752/752 753/753/753
f 765/765/765 753/753/753 766/766/766
f 766/766/766 753/753/753 754/754/754
f 766/766/766 754/754/754 767/767/767
f 767/767/767 754/754/754 755/755/755
f 767/767/767 755/755/755 768/768/768
f 768/768/768 755/755/755 756/756/756
f 768/768/768 756/756/756 757/757/757
f 757/757/757 756/756/756 745/745/745
f 769/769/769 757/757/757 770/770/770
f 770/770/770 757/757/757 758/758/758
f 770/770/770 758/758/758 771/771/771
f 771/771/771 758/758/758 759/759/759
f 771/771/771 759/759/759 772/772/772
f 772/772/772 759/759/759 760/760/760
f 772/772/772 760/760/760 773/773/773
f 773/773/773 760/760/760 761/761/761
f 773/773/773 761/761/761 774/774/774
f 774/774/774 761/761/761 762/762/762
f 774/774/774 762/762/762 775/775/775
f 775/775/775 762/762/762 763/763/763
f 775/775/775 763/763/763 776/776/776
f 776/776/776 763/763/763 764/764/764
f 776/776/776 764/764/764 777/777/777
f 777/777/777 764/764/764 765/765/765
f 777/777/777 765/765/765 778/778/778
f 778/778/778 765/765/765 766/766/766
f 778/778/778 766/766/766 779/779/779
f 779/779/779 766/766/766 767/767/767
f 779/779/779 767/767/767 780/780/780
f 780/780/780 767/767/767 768/768/768
f 780/780/780 768/768/768 769/769/769
f 769/769/769 768/768/768 757/757/757
f 781/781/781 769/769/769 782/782/782
f 782/782/782 769/769/769 770/770/770
f 782/782/782 770/770/770 783/783/783
f 783/783/783 770/770/770 771/771/771
f 783/783/783 771/771/771 784/784/784
f 784/784/784 771/771/771 772/772/772
f 784/784/784 772/772/772 785/785/785
f 785/785/785 772/772/772 773/773/773
f 785/785/785 773/773/773 786/786/786
f 786/786/786 773/773/773 774/774/774
f 786/786/786 774/774/774 787/787/787
f 787/787/787 774/774/774 775/775/775
f 787/787/787 775/775/775 788/788/788
f 788/788/788 775/775/775 776/776/776
f 788/788/788 776/776/776 789/789/789
f 789/789/789 776/776/776 777/777/777
f 789/789/789 777/777/777 790/790/790
f 790/790/790 777/777/777 778/778/778
f 790/790/790 778/778/778 791/791/791
f 791/791/791 778/778/778 779/779/779
f 791/791/791 779/779/779 792/792/792
f 792/792/792 779/779/779 780/780/780
f 792/792/792 780/780/780 781/781/781
f 781/781/781 780/780/780 769/769/769
f 793/793/793 781/781/781 794/794/794
f 794/794/794 781/781/781 782/782/782
f 794/794/794 782/782/782 795/795/795
f 795/795/795 782/782/782 783/783/783
f 795/795/795 783/783/783 796/796/796
f 796/796/796 783/783/783 784/784/784
f 796/796/796 784/784/784 797/797/797
f 797/797/797 784/784/784 785/785/785
f 797/797/797 785/785/785 798/798/798
f 798/798/798 785/785/785 786/786/786
f 798/798/798 786/786/786 799/799/799
f 799/799/799 786/786/786 787/787/787
f 799/799/799 787/787/787 800/800/800
f 800/800/800 787/787/787 788/788/788
f 800/800/800 788/788/788 801/801/801
f 801/801/801 788/788/788 789/789/789
f 801/801/801 789/789/789 802/802/802
f 802/802/802 789/789/789 790/790/790
f 802/802/802 790/790/790 803/803/803
f 803/803/803 790/790/790 791/791/791
f 803/803/803 791/791/791 804/804/804
f 804/804/804 791/791/791 792/792/792
f 804/804/804 792/792/792 793/793/793
f 793/793/793 792/792/792 781/781/781
f 805/805/805 793/793/793 806/806/806
f 806/806/806 793/793/793 794/794/794
f 806/806/806 794/794/794 807/807/807
f 807/807/807 794/794/794 795/795/795
f 807/807/807 795/795/795 808/808/808
f 808/808/808 795/795/795 796/796/796
f 808/808/808 796/796/796 809/809/809
f 809/809/809 796/796/796 797/797/797
f 809/809/809 797/797/797 810/810/810
f 810/810/810 797/797/797 798/798/798
f 810/810/810 798/798/798 811/811/811
f 811/811/811 798/798/798 799/799/799
f 811/811/811 799/799/799 812/812/812
f 812/812/812 799/799/799 800/800/800
f 812/812/812 800/800/800 813/813/813
f 813/813/813 800/800/800 801/801/801
f 813/813/813 801/801/801 814/814/814
f 814/814/814 801/801/801 802/802/802
f 814/814/814 802/802/802 815/815/815
f 815/815/815 802/802/802 803/803/803
f 815/815/815 803/803/803 816/816/816
f 816/816/816 803/803/803 804/804/804
f 816/816/816 804/804/804 805/805/805
f 805/805/805 804/804/804 793/793/793
f 817/817/817 805/805/805 818/818/818
f 818/818/818 805/805/805 806/806/806
f 818/818/818 806/806/806 819/819/819
f 819/819/819 806/806/806 807/807/807
f 819/819/819 807/807/807 820/820/820
f 820/820/820 807/807/807 808/808/808
f 820/820/820 808/808/808 821/821/821
f 821/821/821 808/808/808 809/809/809
f 821/821/821 809/809/809 822/822/822
f 822/822/822 809/809/809 810/810/810
f 822/822/822 810/810/810 823/823/823
f 823/823/823 810/810/810 811/811/811
f 823/823/823 811/811/811 824/824/824
f 824/824/824 811/811/811 812/812/812
f 824/824/824 812/812/812 825/825/825
f 825/825/825 812/812/812 813/813/813
f 825/825/825 813/813/813 826/826/826
f 826/826/826 813/813/813 814/814/814
f 826/826/826 814/814/814 827/827/827
f 827/827/827 814/814/814 815/815/815
f 827/827/827 815/815/815 828/828/828
f 828/828/828 815/815/815 816/816/816
f 828/828/828 816/816/816 817/817/817
f 817/817/817 816/816/816 805/805/805
f 829/829/829 817/817/817 830/830/830
f 830/830/830 817/817/817 818/818/818
f 830/830/830 818/818/818 831/831/831
f 831/831/831 818/818/818 819/819/819
f 831/831/831 819/819/819 832/832/832
f 832/832/832 819/819/819 820/820/820
f 832/832/832 820/820/820 833/833/833
f 833/833/833 820/820/820 821/821/821
f 833/833/833 821/821/821 834/834/834
f 834/834/834 821/821/821 822/822/822
f 834/834/834 822/822/822 835/835/835
f 835/835/835 822/822/822 823/823/823
f 835/835/835 823/823/823 836/836/836
f 836/836/836 823/823/823 824/824/824
f 836/836/836 824/824/824 837/837/837
f 837/837/837 824/824/824 825/825/825
f 837/837/837 825/825/825 838/838/838
f 838/838/838 825/825/825 826/826/826
f 838/838/838 826/826/826 839/839/839
f 839/839/839 826/826/826 827/827/827
f 839/839/839 827/827/827 840/840/840
f 840/840/840 827/827/827 828/828/828
f 840/840/840 828/828/828 829/829/829
f 829/829/829 828/828/828 817/817/817
f 841/841/841 829/829/829 842/842/842
f 842/842/842 829/829/829 830/830/830
f 842/842/842 830/830/830 843/843/843
f 843/843/843 830/830/830 831/831/831
f 843/843/843 831/831/831 844/844/844
f 844/844/844 831/831/831 832/832/832
f 844/844/844 832/832/832 845/845/845
f 845/845/845 832/832/832 833/833/833
f 845/845/845 833/833/833 846/846/846
f 846/846/846 833/833/833 834/834/834
f 846/846/846 834/834/834 847/847/847
f 847/847/847 834/834/834 835/835/835
f 847/847/847 835/835/835 848/848/848
f 848/848/848 835/835/835 836/836/836
f 848/848/848 836/836/836 849/849/849
f 849/849/849 836/836/836 837/837/837
f 849/849/849 837/837/837 850/850/850
f 850/850/850 837/837/837 838/838/838
f 850/850/850 838/838/838 851/851/851
f 851/851/851 838/838/838 839/839/839
f 851/851/851 839/839/839 852/852/852
f 852/852/852 839/839/839 840/840/840
f 852/852/852 840/840/840 841/841/841
f 841/841/841 840/840/840 829/829/829
f 853/853/853 841/841/841 854/854/854
f 854/854/854 841/841/841 842/842/842
f 854/854/854 842/842/842 855/855/855
f 855/855/855 842/842/842 843/843/843
f 855/855/855 843/843/843 856/856/856
f 856/856/856 843/843/843 844/844/844
f 856/856/856 844/844/844 857/857/857
f 857/857/857 844/844/844 845/845/845
f 857/857/857 845/845/845 858/858/858
f 858/858/858 845/845/845 846/846/846
f 858/858/858 846/846/846 859/859/859
f 859/859/859 846/846/846 847/847/847
f 859/859/859 847/847/847 860/860/860
f 860/860/860 847/847/847 848/848/848
f 860/860/860 848/848/848 861/861/861
f 861/861/861 848/848/848 849/849/849
f 861/861/861 849/849/849 862/862/862
f 862/862/862 849/849/849 850/850/850
f 862/862/862 850/850/850 863/863/863
f 863/863/863 850/850/850 851/851/851
f 863/863/863 851/851/851 864/864/864
f 864/864/864 851/851/851 852/852/852
f 864/864/864 852/852/852 853/853/853
f 853/853/853 852/852/852 841/841/841
f 865/865/865 853/853/853 866/866/866
f 866/866/866 853/853/853 854/854/854
f 866/866/866 854/854/854 867/867/867
f 867/867/867 854/854/854 855/855/855
f 867/867/867 855/855/855 868/868/868
f 868/868/868 855/855/855 856/856/856
f 868/868/868 856/856/856 869/869/869
f 869/869/869 856/856/856 857/857/857
f 869/869/869 857/857/857 870/870/870
f 870/870/870 857/857/857 858/858/858
f 870/870/870 858/858/858 871/871/871
f 871/871/871 858/858/858 859/859/859
f 871/871/871 859/859/859 872/872/872
f 872/872/872 859/859/859 860/860/860
f 872/872/872 860/860/860 873/873/873
f 873/873/873 860/860/860 861/861/861
f 873/873/873 861/861/861 874/874/874
f 874/874/874 861/861/861 862/862/862
f 874/874/874 862/862/862 875/875/875
f 875/875/875 862/862/862 863/863/863
f 875/875/875 863/863/863 876/876/876
f 876/876/876 863/863/863 864/864/864
f 876/876/876 864/864/864 865/865/865
f 865/865/865 864/864/864 853/853/853
f 877/877/877 865/865/865 878/878/878
f 878/878/878 865/865/865 866/866/866
f 878/878/878 866/866/866 879/879/879
f 879/879/879 866/866/866 867/867/867
f 879/879/879 867/867/867 880/880/880
f 880/880/880 867/867/867 868/868/868
f 880/880/880 868/868/868 881/881/881
f 881/881/881 868/868/868 869/869/869
f 881/881/881 869/869/869 882/882/882
f 882/882/882 869/869/869 870/870/870
f 882/882/882 870/870/870 883/883/883
f 883/883/883 870/870/870 871/871/871
f 883/883/883 871/871/871 884/884/884
f 884/884/884 871/871/871 872/872/872
f 884/884/884 872/872/872 885/885/885
f 885/885/885 872/872/872 873/873/873
f 885/885/885 873/873/873 886/886/886
f 886/886/886 873/873/873 874/874/874
f 886/886/886 874/874/874 887/887/887
f 887/887/887 874/874/874 875/875/875
f 887/887/887 875/875/875 888/888/888
f 888/888/888 875/875/875 876/876/876
f 888/888/888 876/876/876 877/877/877
f 877/877/877 876/876/876 865/865/865
f 889/889/889 877/877/877 890/890/890
f 890/890/890 877/877/877 878/878/878
f 890/890/890 878/878/878 891/891/891
f 891/891/891 878/878/878 879/879/879
f 891/891/891 879/879/879 892/892/892
f 892/892/892 879/879/879 880/880/880
f 892/892/892 880/880/880 893/893/893
f 893/893/893 880/880/880 881/881/881
f 893/893/893 881/881/881 894/894/894
f 894/894/894 881/881/881 882/882/882
f 894/894/894 882/882/882 895/895/895
f 895/895/895 882/882/882 883/883/883
f 895/895/895 883/883/883 896/896/896
f 896/896/896 883/883/883 884/884/884
f 896/896/896 884/884/884 897/897/897
f 897/897/897 884/884/884 885/885/885
f 897/897/897 885/885/885 898/898/898
f 898/898/898 885/885/885 886/886/886
f 898/898/898 886/886/886 899/899/899
f 899/899/899 886/886/886 887/887/887
f 899/899/899 887/887/887 900/900/900
f 900/900/900 887/887/887 888/888/888
f 900/900/900 888/888/888 889/889/889
f 889/889/889 888/888/888 877/877/877
f 901/901/901 889/889/889 902/902/902
f 902/902/902 889/889/889 890/890/890
f 902/902/902 890/890/890 903/903/903
f 903/903/903 890/890/890 891/891/891
f 903/903/903 891/891/891 904/904/904
f 904/904/904 891/891/891 892/892/892
f 904/904/904 892/892/892 905/905/905
f 905/905/905 892/892/892 893/893/893
f 905/905/905 893/893/893 906/906/906
f 906/906/906 893/893/893 894/894/894
f 906/906/906 894/894/894 907/907/907
f 907/907/907 894/894/894 895/895/895
f 907/907/907 895/895/895 908/908/908
f 908/908/908 895/895/895 896/896/896
f 908/908/908 896/896/896 909/909/909
f 909/909/909 896/896/896 897/897/897
f 909/909/909 897/897/897 910/910/910
f 910/910/910 897/897/897 898/898/898
f 910/910/910 898/898/898 911/911/911
f 911/911/911 898/898/898 899/899/899
f 911/911/911 899/899/899 912/912/912
f 912/912/912 899/899/899 900/900/900
f 912/912/912 900/900/900 901/901/901
f 901/901/901 900/900/900 889/889/889
f 913/913/913 901/901/901 914/914/914
f 914/914/914 901/901/901 902/902/902
f 914/914/914 902/902/902 915/915/915
f 915/915/915 902/902/902 903/903/903
f 915/915/915 903/903/903 916/916/916
f 916/916/916 903/903/903 904/904/904
f 916/916/916 904/904/904 917/917/917
f 917/917/917 904/904/904 905/905/905
f 917/917/917 905/905/905 918/918/918
f 918/918/918 905/905/905 906/906/906
f 918/918/918 906/906/906 919/919/919
f 919/919/919 906/906/906 907/907/907
f 919/919/919 907/907/907 920/920/920
f 920/920/920 907/907/907 908/908/908
f 920/920/920 908/908/908 921/921/921
f 921/921/921 908/908/908 909/909/909
f 921/921/921 909/909/909 922/922/922
f 922/922/922 909/909/909 910/910/910
f 922/922/922 910/910/910 923/923/923
f 923/923/923 910/910/910 911/911/911
f 923/923/923 911/911/911 924/924/924
f 924/924/924 911/911/911 912/912/912
f 924/924/924 912/912/912 913/913/913
f 913/913/913 912/912/912 901/901/901
f 925/925/925 913/913/913 926/926/926
f 926/926/926 913/913/913 914/914/914
f 926/926/926 914/914/914 927/927/927
f 927/927/927 914/914/914 915/915/915
f 927/927/927 915/915/915 928/928/928
f 928/928/928 915/915/915 916/916/916
f 928/928/928 916/916/916 929/929/929
f 929/929/929 916/916/916 917/917/917
f 929/929/929 917/917/917 930/930/930
f 930/930/930 917/917/917 918/918/918
f 930/930/930 918/918/918 931/931/931
f 931/931/931 918/918/918 919/919/919
f 931/931/931 919/919/919 932/932/932
f 932/932/932 919/919/919 920/920/920
f 932/932/932 920/920/920 933/933/933
f 933/933/933 920/920/920 921/921/921
f 933/933/933 921/921/921 934/934/934
f 934/934/934 921/921/921 922/922/922
f 934/934/934 922/922/922 935/935/935
f 935/935/935 922/922/922 923/923/923
f 935/935/935 923/923/923 936/936/936
f 936/936/936 923/923/923 924/924/924
f 936/936/936 924/924/924 925/925/925
f 925/925/925 924/924/924 913/913/913
f 937/937/937 925/925/925 938/938/938
f 938/938/938 925/925/925 926/926/926
f 938/938/938 926/926/926 939/939/939
f 939/939/939 926/926/926 927/927/927
f 939/939/939 927/927/927 940/940/940
f 940/940/940 927/927/927 928/928/928
f 940/940/940 928/928/928 941/941/941
f 941/941/941 928/928/928 929/929/929
f 941/941/941 929/929/929 942/942/942
f 942/942/942 929/929/929 930/930/930
f 942/942/942 930/930/930 943/943/943
f 943/943/943 930/930/930 931/931/931
f 943/943/943 931/931/931 944/944/944
f 944/944/944 931/931/931 932/932/932
f 944/944/944 932/932/932 945/945/945
f 945/945/945 932/932/932 933/933/933
f 945/945/945 933/933/933 946/946/946
f 946/946/946 933/933/933 934/934/934
f 946/946/946 934/934/934 947/947/947
f 947/947/947 934/934/934 935/935/935
f 947/947/947 935/935/935 948/948/948
f 948/948/948 935/935/935 936/936/936
f 948/948/948 936/936/936 937/937/937
f 937/937/937 936/936/936 925/925/925
f 949/949/949 937/937/937 950/950/950
f 950/950/950 937/937/937 938/938/938
f 950/950/950 938/938/938 951/951/951
f 951/951/951 938/938/938 939/939/939
f 951/951/951 939/939/939 952/952/952
f 952/952/952 939/939/939 940/940/940
f 952/952/952 940/940/940 953/953/953
f 953/953/953 940/940/940 941/941/941
f 953/953/953 941/941/941 954/954/954
f 954/954/954 941/941/941 942/942/942
f 954/954/954 942/942/942 955/955/955
f 955/955/955 942/942/942 943/943/943
f 955/955/955 943/943/943 956/956/956
f 956/956/956 943/943/943 944/944/944
f 956/956/956 944/944/944 957/957/957
f 957/957/957 944/944/944 945/945/945
f 957/957/957 945/945/945 958/958/958
f 958/958/958 945/945/945 946/946/946
f 958/958/958 946/946/946 959/959/959
f 959/959/959 946/946/946 947/947/947
f 959/959/959 947/947/947 960/960/960
f 960/960/960 947/947/947 948/948/948
f 960/960/960 948/948/948 949/949/949
f 949/949/949 948/948/948 937/937/937
f 961/961/961 949/949/949 962/962/962
f 962/962/962 949/949/949 950/950/950
f 962/962/962 950/950/950 963/963/963
f 963/963/963 950/950/950 951/951/951
f 963/963/963 951/951/951 964/964/964
f 964/964/964 951/951/951 952/952/952
f 964/964/964 952/952/952 965/965/965
f 965/965/965 952/952/952 953/953/953
f 965/965/965 953/953/953 966/966/966
f 966/966/966 953/953/953 954/954/954
f 966/966/966 954/954/954 967/967/967
f 967/967/967 954/954/954 955/955/955
f 967/967/967 955/955/955 968/968/968
f 968/968/968 955/955/955 956/956/956
f 968/968/968 956/956/956 969/969/969
f 969/969/969 956/956/956 957/957/957
f 969/969/969 957/957/957 970/970/970
f 970/970/970 957/957/957 958/958/958
f 970/970/970 958/958/958 971/971/971
f 971/971/971 958/958/958 959/959/959
f 971/971/971 959/959/959 972/972/972
f 972/972/972 959/959/959 960/960/960
f 972/972/972 960/960/960 961/961/961
f 961/961/961 960/960/960 949/949/949
f 973/973/973 961/961/961 974/974/974
f 974/974/974 961/961/961 962/962/962
f 974/974/974 962/962/962 975/975/975
f 975/975/975 962/962/962 963/963/963
f 975/975/975 963/963/963 976/976/976
f 976/976/976 963/963/963 964/964/964
f 976/976/976 964/964/964 977/977/977
f 977/977/977 964/964/964 965/965/965
f 977/977/977 965/965/965 978/978/978
f 978/978/978 965/965/965 966/966/966
f 978/978/978 966/966/966 979/979/979
f 979/979/979 966/966/966 967/967/967
f 979/979/979 967/967/967 980/980/980
f 980/980/980 967/967/967 968/968/968
f 980/980/980 968/968/968 981/981/981
f 981/981/981 968/968/968 969/969/969
f 981/981/981 969/969/969 982/982/982
f 982/982/982 969/969/969 970/970/970
f 982/982/982 970/970/970 983/983/983
f 983/983/983 970/970/970 971/971/971
f 983/983/983 971/971/971 984/984/984
f 984/984/984 971/971/971 972/972/972
f 984/984/984 972/972/972 973/973/973
f 973/973/973 972/972/972 961/961/961
f 985/985/985 973/973/973 986/986/986
f 986/986/986 973/973/973 974/974/974
f 986/986/986 974/974/974 987/987/987
f 987/987/987 974/974/974 975/975/975
f 987/987/987 975/975/975 988/988/988
f 988/988/988 975/975/975 976/976/976
f 988/988/988 976/976/976 989/989/989
f 989/989/989 976/976/976 977/977/977
f 989/989/989 977/977/977 990/990/990
f 990/990/990 977/977/977 978/978/978
f 990/990/990 978/978/978 991/991/991
f 991/991/991 978/978/978 979/979/979
f 991/991/991 979/979/979 992/992/992
f 992/992/992 979/979/979 980/980/980
f 992/992/992 980/980/980 993/993/993
f 993/993/993 980/980/980 981/981/981
f 993/993/993 981/981/981 994/994/994
f 994/994/994 981/981/981 982/982/982
f 994/994/994 982/982/982 995/995/995
f 995/995/995 982/982/982 983/983/983
f 995/995/995 983/983/983 996/996/996
f 996/996/996 983/983/983 984/984/984
f 996/996/996 984/984/984 985/985/985
f 985/985/985 984/984/984 973/973/973
f 997/997/997 985/985/985 998/998/998
f 998/998/998 985/985/985 986/986/986
f 998/998/998 986/986/986 999/999/999
f 999/999/999 986/986/986 987/987/987
f 999/999/999 987/987/987 1000/1000/1000
f 1000/1000/1000 987/987/987 988/988/988
f 1000/1000/1000 988/988/988 1001/1001/1001
f 1001/1001/1001 988/988/988 989/989/989
f 1001/1001/1001 989/989/989 1002/1002/1002
f 1002/1002/1002 989/989/989 990/990/990
f 1002/1002/1002 990/990/990 1003/1003/1003
f 1003/1003/1003 990/990/990 991/991/991
f 1003/1003/1003 991/991/991 1004/1004/1004
f 1004/1004/1004 991/991/991 992/992/992
f 1004/1004/1004 992/992/992 1005/1005/1005
f 1005/1005/1005 992/992/992 993/993/993
f 1005/1005/1005 993/993/993 1006/1006/1006
f 1006/1006/1006 993/993/993 994/994/994
f 1006/1006/1006 994/994/994 1007/1007/1007
f 1007/1007/1007 994/994/994 995/995/995
f 1007/1007/1007 995/995/995 1008/1008/1008
f 1008/1008/1008 995/995/995 996/996/996
f 1008/1008/1008 996/996/996 997/997/997
f 997/997/997 996/996/996 985/985/985
f 1009/1009/1009 997/997/997 1010/1010/1010
f 1010/1010/1010 997/997/997 998/998/998
f 1010/1010/1010 998/998/998 1011/1011/1011
f 1011/1011/1011 998/998/998 999/999/999
f 1011/1011/1011 999/999/999 1012/1012/1012
f 1012/1012/1012 999/999/999 1000/1000/1000
f 1012/1012/1012 1000/1000/1000 1013/1013/1013
f 1013/1013/1013 1000/1000/1000 1001/1001/1001
f 1013/1013/1013 1001/1001/1001 1014/1014/1014
f 1014/1014/1014 1001/1001/1001 1002/1002/1002
f 1014/1014/1014 1002/1002/1002 1015/1015/1015
f 1015/1015/1015 1002/1002/1002 1003/1003/1003
f 1015/1015/1015 1003/1003/1003 1016/1016/1016
f 1016/1016/1016 1003/1003/1003 1004/1004/1004
f 1016/1016/1016 1004/1004/1004 1017/1017/1017
f 1017/1017/1017 1004/1004/1004 1005/1005/1005
f 1017/1017/1017 1005/1005/1005 1018/1018/1018
f 1018/1018/1018 1005/1005/1005 1006/1006/1006
f 1018/1018/1018 1006/1006/1006 1019/1019/1019
f 1019/1019/1019 1006/1006/1006 1007/1007/1007
f 1019/1019/1019 1007/1007/1007 1020/1020/1020
f 1020/1020/1020 1007/1007/1007 1008/1008/1008
f 1020/1020/1020 1008/1008/1008 1009/1009/1009
f 1009/1009/1009 1008/1008/1008 997/997/997
f 1021/1021/1021 1009/1009/1009 1022/1022/1022
f 1022/1022/1022 1009/1009/1009 1010/1010/1010
f 1022/1022/1022 1010/1010/1010 1023/1023/1023
f 1023/1023/1023 1010/1010/1010 1011/1011/1011
f 1023/1023/1023 1011/1011/1011 1024/1024/1024
f 1024/1024/1024 1011/1011/1011 1012/1012/1012
f 1024/1024/1024 1012/1012/1012 1025/1025/1025
f 1025/1025/1025 1012/1012/1012 1013/1013/1013
f 1025/1025/1025 1013/1013/1013 1026/1026/1026
f 1026/1026/1026 1013/1013/1013 1014/1014/1014
f 1026/1026/1026 1014/1014/1014 1027/1027/1027
f 1027/1027/1027 1014/1014/1014 1015/1015/1015
f 1027/1027/1027 1015/1015/1015 1028/1028/1028
f 1028/1028/1028 1015/1015/1015 1016/1016/1016
f 1028/1028/1028 1016/1016/1016 1029/1029/1029
f 1029/1029/1029 1016/1016/1016 1017/1017/1017
f 1029/1029/1029 1017/1017/1017 1030/1030/1030
f 1030/1030/1030 1017/1017/1017 1018/1018/1018
f 1030/1030/1030 1018/1018/1018 1031/1031/1031
f 1031/1031/1031 1018/1018/1018 1019/1019/1019
f 1031/1031/1031 1019/1019/1019 1032/1032/1032
f 1032/1032/1032 1019/1019/1019 1020/1020/1020
f 1032/1032/1032 1020/1020/1020 1021/1021/1021
f 1021/1021/1021 1020/1020/1020 1009/1009/1009
f 1033/1033/1033 1021/1021/1021 1034/1034/1034
f 1034/1034/1034 1021/1021/1021 1022/1022/1022
f 1034/1034/1034 1022/1022/1022 1035/1035/1035
f 1035/1035/1035 1022/1022/1022 1023/1023/1023
f 1035/1035/1035 1023/1023/1023 1036/1036/1036
f 1036/1036/1036 1023/1023/1023 1024/1024/1024
f 1036/1036/1036 1024/1024/1024 1037/1037/1037
f 1037/1037/1037 1024/1024/1024 1025/1025/1025
f 1037/1037/1037 1025/1025/1025 1038/1038/1038
f 1038/1038/1038 1025/1025/1025 1026/1026/1026
f 1038/1038/1038 1026/1026/1026 1039/1039/1039
f 1039/1039/1039 1026/1026/1026 1027/1027/1027
f 1039/1039/1039 1027/1027/1027 1040/1040/1040
f 1040/1040/1040 1027/1027/1027 1028/1028/1028
f 1040/1040/1040 1028/1028/1028 1041/1041/1041
f 1041/1041/1041 1028/1028/1028 1029/1029/1029
f 1041/1041/1041 1029/1029/1029 1042/1042/1042
f 1042/1042/1042 1029/1029/1029 1030/1030/1030
f 1042/1042/1042 1030/1030/1030 1043/1043/1043
f 1043/1043/1043 1030/1030/1030 1031/1031/1031
f 1043/1043/1043 1031/1031/1031 1044/1044/1044
f 1044/1044/1044 1031/1031/1031 1032/1032/1032
f 1044/1044/1044 1032/1032/1032 1033/1033/1033
f 1033/1033/1033 1032/1032/1032 1021/1021/1021
f 1045/1045/1045 1033/1033/1033 1046/1046/1046
f 1046/1046/1046 1033/1033/1033 1034/1034/1034
f 1046/1046/1046 1034/1034/1034 1047/1047/1047
f 1047/1047/1047 1034/1034/1034 1035/1035/1035
f 1047/1047/1047 1035/1035/1035 1048/1048/1048
f 1048/1048/1048 1035/1035/1035 1036/1036/1036
f 1048/1048/1048 1036/1036/1036 1049/1049/1049
f 1049/1049/1049 1036/1036/1036 1037/1037/1037
f 1049/1049/1049 1037/1037/1037 1050/1050/1050
f 1050/1050/1050 1037/1037/1037 1038/1038/1038
f 1050/1050/1050 1038/1038/1038 1051/1051/1051
f 1051/1051/1051 1038/1038/1038 1039/1039/1039
f 1051/1051/1051 1039/1039/1039 1052/1052/1052
f 1052/1052/1052 1039/1039/1039 1040/1040/1040
f 1052/1052/1052 1040/1040/1040 1053/1053/1053
f 1053/1053/1053 1040/1040/1040 1041/1041/1041
f 1053/1053/1053 1041/1041/1041 1054/1054/1054
f 1054/1054/1054 1041/1041/1041 1042/1042/1042
f 1054/1054/1054 1042/1042/1042 1055/1055/1055
f 1055/1055/1055 1042/1042/1042 1043/1043/1043
f 1055/1055/1055 1043/1043/1043 1056/1056/1056
f 1056/1056/1056 1043/1043/1043 1044/1044/1044
f 1056/1056/1056 1044/1044/1044 1045/1045/1045
f 1045/1045/1045 1044/1044/1044 1033/1033/1033
f 1057/1057/1057 1045/1045/1045 1058/1058/1058
f 1058/1058/1058 1045/1045/1045 1046/1046/1046
f 1058/1058/1058 1046/1046/1046 1059/1059/1059
f 1059/1059/1059 1046/1046/1046 1047/1047/1047
f 1059/1059/1059 1047/1047/1047 1060/1060/1060
f 1060/1060/1060 1047/1047/1047 1048/1048/1048
f 1060/1060/1060 1048/1048/1048 1061/1061/1061
f 1061/1061/1061 1048/1048/1048 1049/1049/1049
f 1061/1061/1061 1049/1049/1049 1062/1062/1062
f 1062/1062/1062 1049/1049/1049 1050/1050/1050
f 1062/1062/1062 1050/1050/1050 1063/1063/1063
f 1063/1063/1063 1050/1050/1050 1051/1051/1051
f 1063/1063/1063 1051/1051/1051 1064/1064/1064
f 1064/1064/1064 1051/1051/1051 1052/1052/1052
f 1064/1064/1064 1052/1052/1052 1065/1065/1065
f 1065/1065/1065 1052/1052/1052 1053/1053/1053
f 1065/1065/1065 1053/1053/1053 1066/1066/1066
f 1066/1066/1066 1053/1053/1053 1054/1054/1054
f 1066/1066/1066 1054/1054/1054 1067/1067/1067
f 1067/1067/1067 1054/1054/1054 1055/1055/1055
f 1067/1067/1067 1055/1055/1055 1068/1068/1068
f 1068/1068/1068 1055/1055/1055 1056/1056/1056
f 1068/1068/1068 1056/1056/1056 1057/1057/1057
f 1057/1057/1057 1056/1056/1056 1045/1045/1045
f 1069/1069/1069 1057/1057/1057 1070/1070/1070
f 1070/1070/1070 1057/1057/1057 1058/1058/1058
f 1070/1070/1070 1058/1058/1058 1071/1071/1071
f 1071/1071/1071 1058/1058/1058 1059/1059/1059
f 1071/1071/1071 1059/1059/1059 1072/1072/1072
f 1072/1072/1072 1059/1059/1059 1060/1060/1060
f 1072/1072/1072 1060/1060/1060 1073/1073/1073
f 1073/1073/1073 1060/1060/1060 1061/1061/1061
f 1073/1073/1073 1061/1061/1061 1074/1074/1074
f 1074/1074/1074 1061/1061/1061 1062/1062/1062
f 1074/1074/1074 1062/1062/1062 1075/1075/1075
f 1075/1075/1075 1062/1062/1062 1063/1063/1063
f 1075/1075/1075 1063/1063/1063 1076/1076/1076
f 1076/1076/1076 1063/1063/1063 1064/1064/1064
f 1076/1076/1076 1064/1064/1064 1077/1077/1077
f 1077/1077/1077 1064/1064/1064 1065/1065/1065
f 1077/1077/1077 1065/1065/1065 1078/1078/1078
f 1078/1078/1078 1065/1065/1065 1066/1066/1066
f 1078/1078/1078 1066/1066/1066 1079/1079/1079
f 1079/1079/1079 1066/1066/1066 1067/1067/1067
f 1079/1079/1079 1067/1067/1067 1080/1080/1080
f 1080/1080/1080 1067/1067/1067 1068/1068/1068
f 1080/1080/1080 1068/1068/1068 1069/1069/1069
f 1069/1069/1069 1068/1068/1068 1057/1057/1057
f 1081/1081/1081 1069/1069/1069 1082/1082/1082
f 1082/1082/1082 1069/1069/1069 1070/1070/1070
f 1082/1082/1082 1070/1070/1070 1083/1083/1083
f 1083/1083/1083 1070/1070/1070 1071/1071/1071
f 1083/1083/1083 1071/1071/1071 1084/1084/1084
f 1084/1084/1084 1071/1071/1071 1072/1072/1072
f 1084/1084/1084 1072/1072/1072 1085/1085/1085
f 1085/1085/1085 1072/1072/1072 1073/1073/1073
f 1085/1085/1085 1073/1073/1073 1086/1086/1086
f 1086/1086/1086 1073/1073/1073 1074/1074/1074
f 1086/1086/1086 1074/1074/1074 1087/1087/1087
f 1087/1087/1087 1074/1074/1074 1075/1075/1075
f 1087/1087/1087 1075/1075/1075 1088/1088/1088
f 1088/1088/1088 1075/1075/1075 1076/1076/1076
f 1088/1088/1088 1076/1076/1076 1089/1089/1089
f 1089/1089/1089 1076/1076/1076 1077/1077/1077
f 1089/1089/1089 1077/1077/1077 1090/1090/1090
f 1090/1090/1090 1077/1077/1077 1078/1078/1078
f 1090/1090/1090 1078/1078/1078 1091/1091/1091
f 1091/1091/1091 1078/1078/1078 1079/1079/1079
f 1091/1091/1091 1079/1079/1079 1092/1092/1092
f 1092/1092/1092 1079/1079/1079 1080/1080/1080
f 1092/1092/1092 1080/1080/1080 1081/1081/1081
f 1081/1081/1081 1080/1080/1080 1069/1069/1069
f 1093/1093/1093 1081/1081/1081 1094/1094/1094
f 1094/1094/1094 1081/1081/1081 1082/1082/1082
f 1094/1094/1094 1082/1082/1082 1095/1095/1095
f 1095/1095/1095 1082/1082/1082 1083/1083/1083
f 1095/1095/1095 1083/1083/1083 1096/1096/1096
f 1096/1096/1096 1083/1083/1083 1084/1084/1084
f 1096/1096/1096 1084/1084/1084 1097/1097/1097
f 1097/1097/1097 1084/1084/1084 1085/1085/1085
f 1097/1097/1097 1085/1085/1085 1098/1098/1098
f 1098/1098/1098 1085/1085/1085 1086/1086/1086
f 1098/1098/1098 1086/1086/1086 1099/1099/1099
f 1099/1099/1099 1086/1086/1086 1087/1087/1087
f 1099/1099/1099 1087/1087/1087 1100/1100/1100
f 1100/1100/1100 1087/1087/1087 1088/1088/1088
f 1100/1100/1100 1088/1088/1088 1101/1101/1101
f 1101/1101/1101 1088/1088/1088 1089/1089/1089
f 1101/1101/1101 1089/1089/1089 1102/1102/1102
f 1102/1102/1102 1089/1089/1089 1090/1090/1090
f 1102/1102/1102 1090/1090/1090 1103/1103/1103
f 1103/1103/1103 1090/1090/1090 1091/1091/1091
f 1103/1103/1103 1091/1091/1091 1104/1104/1104
f 1104/1104/1104 1091/1091/1091 1092/1092/1092
f 1104/1104/1104 1092/1092/1092 1093/1093/1093
f 1093/1093/1093 1092/1092/1092 1081/1081/1081
f 1105/1105/1105 1093/1093/1093 1106/1106/1106
f 1106/1106/1106 1093/1093/1093 1094/1094/1094
f 1106/1106/1106 1094/1094/1094 1107/1107/1107
f 1107/1107/1107 1094/1094/1094 1095/1095/1095
f 1107/1107/1107 1095/1095/1095 1108/1108/1108
f 1108/1108/1108 1095/1095/1095 1096/1096/1096
f 1108/1108/1108 1096/1096/1096 1109/1109/1109
f 1109/1109/1109 1096/1096/1096 1097/1097/1097
f 1109/1109/1109 1097/1097/1097 1110/1110/1110
f 1110/1110/1110 1097/1097/1097 1098/1098/1098
f 1110/1110/1110 1098/1098/1098 1111/1111/1111
f 1111/1111/1111 1098/1098/1098 1099/1099/1099
f 1111/1111/1111 1099/1099/1099 1112/1112/1112
f 1112/1112/1112 1099/1099/1099 1100/1100/1100
f 1112/1112/1112 1100/1100/1100 1113/1113/1113
f 1113/1113/1113 1100/1100/1100 1101/1101/1101
f 1113/1113/1113 1101/1101/1101 1114/1114/1114
f 1114/1114/1114 1101/1101/1101 1102/1102/1102
f 1114/1114/1114 1102/1102/1102 1115/1115/1115
f 1115/1115/1115 1102/1102/1102 1103/1103/1103
f 1115/1115/1115 1103/1103/1103 1116/1116/1116
f 1116/1116/1116 1103/1103/1103 1104/1104/1104
f 1116/1116/1116 1104/1104/1104 1105/1105/1105
f 1105/1105/1105 1104/1104/1104 1093/1093/1093
f 1117/1117/1117 1105/1105/1105 1118/1118/1118
f 1118/1118/1118 1105/1105/1105 1106/1106/1106
f 1118/1118/1118 1106/1106/1106 1119/1119/1119
f 1119/1119/1119 1106/1106/1106 1107/1107/1107
f 1119/1119/1119 1107/1107/1107 1120/1120/1120
f 1120/1120/1120 1107/1107/1107 1108/1108/1108
f 1120/1120/1120 1108/1108/1108 1121/1121/1121
f 1121/1121/1121 1108/1108/1108 1109/1109/1109
f 1121/1121/1121 1109/1109/1109 1122/1122/1122
f 1122/1122/1122 1109/1109/1109 1110/1110/1110
f 1122/1122/1122 1110/1110/1110 1123/1123/1123
f 1123/1123/1123 1110/1110/1110 1111/1111/1111
f 1123/1123/1123 1111/1111/1111 1124/1124/1124
f 1124/1124/1124 1111/1111/1111 1112/1112/1112
f 1124/1124/1124 1112/1112/1112 1125/1125/1125
f 1125/1125/1125 1112/1112/1112 1113/1113/1113
f 1125/1125/1125 1113/1113/1113 1126/1126/1126
f 1126/1126/1126 1113/1113/1113 1114/1114/1114
f 1126/1126/1126 1114/1114/1114 1127/1127/1127
f 1127/1127/1127 1114/1114/1114 1115/1115/1115
f 1127/1127/1127 1115/1115/1115 1128/1128/1128
f 1128/1128/1128 1115/1115/1115 1116/1116/1116
f 1128/1128/1128 1116/1116/1116 1117/1117/1117
f 1117/1117/1117 1116/1116/1116 1105/1105/1105
f 1129/1129/1129 1117/1117/1117 1130/1130/1130
f 1130/1130/1130 1117/1117/1117 1118/1118/1118
f 1130/1130/1130 1118/1118/1118 1131/1131/1131
f 1131/1131/1131 1118/1118/1118 1119/1119/1119
f 1131/1131/1131 1119/1119/1119 1132/1132/1132
f 1132/1132/1132 1119/1119/1119 1120/1120/1120
f 1132/1132/1132 1120/1120/1120 1133/1133/1133
f 1133/1133/1133 1120/1120/1120 1121/1121/1121
f 1133/1133/1133 1121/1121/1121 1134/1134/1134
f 1134/1134/1134 1121/1121/1121 1122/1122/1122
f 1134/1134/1134 1122/1122/1122 1135/1135/1135
f 1135/1135/1135 1122/1122/1122 1123/1123/1123
f 1135/1135/1135 1123/1123/1123 1136/1136/1136
f 1136/1136/1136 1123/1123/1123 1124/1124/1124
f 1136/1136/1136 1124/1124/1124 1137/1137/1137
f 1137/1137/1137 1124/1124/1124 1125/1125/1125
f 1137/1137/1137 1125/1125/1125 1138/1138/1138
f 1138/1138/1138 1125/1125/1125 1126/1126/1126
f 1138/1138/1138 1126/1126/1126 1139/1139/1139
f 1139/1139/1139 1126/1126/1126 1127/1127/1127
f 1139/1139/1139 1127/1127/1127 1140/1140/1140
f 1140/1140/1140 1127/1127/1127 1128/1128/1128
f 1140/1140/1140 1128/1128/1128 1129/1129/1129
f 1129/1129/1129 1128/1128/1128 1117/1117/1117
f 1141/1141/1141 1129/1129/1129 1142/1142/1142
f 1142/1142/1142 1129/1129/1129 1130/1130/1130
f 1142/1142/1142 1130/1130/1130 1143/1143/1143
f 1143/1143/1143 1130/1130/1130 1131/1131/1131
f 1143/1143/1143 1131/1131/1131 1144/1144/1144
f 1144/1144/1144 1131/1131/1131 1132/1132/1132
f 1144/1144/1144 1132/1132/1132 1145/1145/1145
f 1145/1145/1145 1132/1132/1132 1133/1133/1133
f 1145/1145/1145 1133/1133/1133 1146/1146/1146
f 1146/1146/1146 1133/1133/1133 1134/1134/1134
f 1146/1146/1146 1134/1134/1134 1147/1147/1147
f 1147/1147/1147 1134/1134/1134 1135/1135/1135
f 1147/1147/1147 1135/1135/1135 1148/1148/1148
f 1148/1148/1148 1135/1135/1135 1136/1136/1136
f 1148/1148/1148 1136/1136/1136 1149/1149/1149
f 1149/1149/1149 1136/1136/1136 1137/1137/1137
f 1149/1149/1149 1137/1137/1137 1150/1150/1150
f 1150/1150/1150 1137/1137/1137 1138/1138/1138
f 1150/1150/1150 1138/1138/1138 1151/1151/1151
f 1151/1151/1151 1138/1138/1138 1139/1139/1139
f 1151/1151/1151 1139/1139/1139 1152/1152/1152
f 1152/1152/1152 1139/1139/1139 1140/1140/1140
f 1152/1152/1152 1140/1140/1140 1141/1141/1141
f 1141/1141/1141 1140/1140/1140 1129/1129/1129
f 1153/1153/1153 1141/1141/1141 1154/1154/1154
f 1154/1154/1154 1141/1141/1141 1142/1142/1142
f 1154/1154/1154 1142/1142/1142 1155/1155/1155
f 1155/1155/1155 1142/1142/1142 1143/1143/1143
f 1155/1155/1155 1143/1143/1143 1156/1156/1156
f 1156/1156/1156 1143/1143/1143 1144/1144/1144
f 1156/1156/1156 1144/1144/1144 1157/1157/1157
f 1157/1157/1157 1144/1144/1144 1145/1145/1145
f 1157/1157/1157 1145/1145/1145 1158/1158/1158
f 1158/1158/1158 1145/1145/1145 1146/1146/1146
f 1158/1158/1158 1146/1146/1146 1159/1159/1159
f 1159/1159/1159 1146/1146/1146 1147/1147/1147
f 1159/1159/1159 1147/1147/1147 1160/1160/1160
f 1160/1160/1160 1147/1147/1147 1148/1148/1148
f 1160/1160/1160 1148/1148/1148 1161/1161/1161
f 1161/1161/1161 1148/1148/1148 1149/1149/1149
f 1161/1161/1161 1149/1149/1149 1162/1162/1162
f 1162/1162/1162 1149/1149/1149 1150/1150/1150
f 1162/1162/1162 1150/1150/1150 1163/1163/1163
f 1163/1163/1163 1150/1150/1150 1151/1151/1151
f 1163/1163/1163 1151/1151/1151 1164/1164/1164
f 1164/1164/1164 1151/1151/1151 1152/1152/1152
f 1164/1164/1164 1152/1152/1152 1153/1153/1153
f 1153/1153/1153 1152/1152/1152 1141/1141/1141
f 1165/1165/1165 1153/1153/1153 1166/1166/1166
f 1166/1166/1166 1153/1153/1153 1154/1154/1154
f 1166/1166/1166 1154/1154/1154 1167/1167/1167
f 1167/1167/1167 1154/1154/1154 1155/1155/1155
f 1167/1167/1167 1155/1155/1155 1168/1168/1168
f 1168/1168/1168 1155/1155/1155 1156/1156/1156
f 1168/1168/1168 1156/1156/1156 1169/1169/1169
f 1169/1169/1169 1156/1156/1156 1157/1157/1157
f 1169/1169/1169 1157/1157/1157 1170/1170/1170
f 1170/1170/1170 1157/1157/1157 1158/1158/1158
f 1170/1170/1170 1158/1158/1158 1171/1171/1171
f 1171/1171/1171 1158/1158/1158 1159/1159/1159
f 1171/1171/1171 1159/1159/1159 1172/1172/1172
f 1172/1172/1172 1159/1159/1159 1160/1160/1160
f 1172/1172/1172 1160/1160/1160 1173/1173/1173
f 1173/1173/1173 1160/1160/1160 1161/1161/1161
f 1173/1173/1173 1161/1161/1161 1174/1174/1174
f 1174/1174/1174 1161/1161/1161 1162/1162/1162
f 1174/1174/1174 1162/1162/1162 1175/1175/1175
f 1175/1175/1175 1162/1162/1162 1163/1163/1163
f 1175/1175/1175 1163/1163/1163 1176/1176/1176
f 1176/1176/1176 1163/1163/1163 1164/1164/1164
f 1176/1176/1176 1164/1164/1164 1165/1165/1165
f 1165/1165/1165 1164/1164/1164 1153/1153/1153
f 1177/1177/1177 1165/1165/1165 1178/1178/1178
f 1178/1178/1178 1165/1165/1165 1166/1166/1166
f 1178/1178/1178 1166/1166/1166 1179/1179/1179
f 1179/1179/1179 1166/1166/1166 1167/1167/1167
f 1179/1179/1179 1167/1167/1167 1180/1180/1180
f 1180/1180/1180 1167/1167/1167 1168/1168/1168
f 1180/1180/1180 1168/1168/1168 1181/1181/1181
f 1181/1181/1181 1168/1168/1168 1169/1169/1169
f 1181/1181/1181 1169/1169/1169 1182/1182/1182
f 1182/1182/1182 1169/1169/1169 1170/1170/1170
f 1182/1182/1182 1170/1170/1170 1183/1183/1183
f 1183/1183/1183 1170/1170/1170 1171/1171/1171
f 1183/1183/1183 1171/1171/1171 1184/1184/1184
f 1184/1184/1184 1171/1171/1171 1172/1172/1172
f 1184/1184/1184 1172/1172/1172 1185/1185/1185
f 1185/1185/1185 1172/1172/1172 1173/1173/1173
f 1185/1185/1185 1173/1173/1173 1186/1186/1186
f 1186/1186/1186 1173/1173/1173 1174/1174/1174
f 1186/1186/1186 1174/1174/1174 1187/1187/1187
f 1187/1187/1187 1174/1174/1174 1175/1175/1175
f 1187/1187/1187 1175/1175/1175 1188/1188/1188
f 1188/1188/1188 1175/1175/1175 1176/1176/1176
f 1188/1188/1188 1176/1176/1176 1177/1177/1177
f 1177/1177/1177 1176/1176/1176 1165/1165/1165
f 1189/1189/1189 1177/1177/1177 1190/1190/1190
f 1190/1190/1190 1177/1177/1177 1178/1178/1178
f 1190/1190/1190 1178/1178/1178 1191/1191/1191
f 1191/1191/1191 1178/1178/1178 1179/1179/1179
f 1191/1191/1191 1179/1179/1179 1192/1192/1192
f 1192/1192/1192 1179/1179/1179 1180/1180/1180
f 1192/1192/1192 1180/1180/1180 1193/1193/1193
f 1193/1193/1193 1180/1180/1180 1181/1181/1181
f 1193/1193/1193 1181/1181/1181 1194/1194/1194
f 1194/1194/1194 1181/1181/1181 1182/1182/1182
f 1194/1194/1194 1182/1182/1182 1195/1195/1195
f 1195/1195/1195 1182/1182/1182 1183/1183/1183
f 1195/1195/1195 1183/1183/1183 1196/1196/1196
f 1196/1196/1196 1183/1183/1183 1184/1184/1184
f 1196/1196/1196 1184/1184/1184 1197/1197/1197
f 1197/1197/1197 1184/1184/1184 1185/1185/1185
f 1197/1197/1197 1185/1185/1185 1198/1198/1198
f 1198/1198/1198 1185/1185/1185 1186/1186/1186
f 1198/1198/1198 1186/1186/1186 1199/1199/1199
f 1199/1199/1199 1186/1186/1186 1187/1187/1187
f 1199/1199/1199 1187/1187/1187 1200/1200/1200
f 1200/1200/1200 1187/1187/1187 1188/1188/1188
f 1200/1200/1200 1188/1188/1188 1189/1189/1189
f 1189/1189/1189 1188/1188/1188 1177/1177/1177
f 1201/1201/1201 1189/1189/1189 1202/1202/1202
f 1202/1202/1202 1189/1189/1189 1190/1190/1190
f 1202/1202/1202 1190/1190/1190 1203/1203/1203
f 1203/1203/1203 1190/1190/1190 1191/1191/1191
f 1203/1203/1203 1191/1191/1191 1204/1204/1204
f 1204/1204/1204 1191/1191/1191 1192/1192/1192
f 1204/1204/1204 1192/1192/1192 1205/1205/1205
f 1205/1205/1205 1192/1192/1192 1193/1193/1193
f 1205/1205/1205 1193/1193/1193 1206/1206/1206
f 1206/1206/1206 1193/1193/1193 1194/1194/1194
f 1206/1206/1206 1194/1194/1194 1207/1207/1207
f 1207/1207/1207 1194/1194/1194 1195/1195/1195
f 1207/1207/1207 1195/1195/1195 1208/1208/1208
f 1208/1208/1208 1195/1195/1195 1196/1196/1196
f 1208/1208/1208 1196/1196/1196 1209/1209/1209
f 1209/1209/1209 1196/1196/1196 1197/1197/1197
f 1209/1209/1209 1197/1197/1197 1210/1210/1210
f 1210/1210/1210 1197/1197/1197 1198/1198/1198
f 1210/1210/1210 1198/1198/1198 1211/1211/1211
f 1211/1211/1211 1198/1198/1198 1199/1199/1199
f 1211/1211/1211 1199/1199/1199 1212/1212/1212
f 1212/1212/1212 1199/1199/1199 1200/1200/1200
f 1212/1212/1212 1200/1200/1200 1201/1201/1201
f 1201/1201/1201 1200/1200/1200 1189/1189/1189
f 1213/1213/1213 1201/1201/1201 1214/1214/1214
f 1214/1214/1214 1201/1201/1201 1202/1202/1202
f 1214/1214/1214 1202/1202/1202 1215/1215/1215
f 1215/1215/1215 1202/1202/1202 1203/1203/1203
f 1215/1215/1215 1203/1203/1203 1216/1216/1216
f 1216/1216/1216 1203/1203/1203 1204/1204/1204
f 1216/1216/1216 1204/1204/1204 1217/1217/1217
f 1217/1217/1217 1204/1204/1204 1205/1205/1205
f 1217/1217/1217 1205/1205/1205 1218/1218/1218
f 1218/1218/1218 1205/1205/1205 1206/1206/1206
f 1218/1218/1218 1206/1206/1206 1219/1219/1219
f 1219/1219/1219 1206/1206/1206 1207/1207/1207
f 1219/1219/1219 1207/1207/1207 1220/1220/1220
f 1220/1220/1220 1207/1207/1207 1208/1208/1208
f 1220/1220/1220 1208/1208/1208 1221/1221/1221
f 1221/1221/1221 1208/1208/1208 1209/1209/1209
f 1221/1221/1221 1209/1209/1209 1222/1222/1222
f 1222/1222/1222 1209/1209/1209 1210/1210/1210
f 1222/1222/1222 1210/1210/1210 1223/1223/1223
f 1223/1223/1223 1210/1210/1210 1211/1211/1211
f 1223/1223/1223 1211/1211/1211 1224/1224/1224
f 1224/1224/1224 1211/1211/1211 1212/1212/1212
f 1224/1224/1224 1212/1212/1212 1213/1213/1213
f 1213/1213/1213 1212/1212/1212 1201/1201/1201
f 1225/1225/1225 1213/1213/1213 1226/1226/1226
f 1226/1226/1226 1213/1213/1213 1214/1214/1214
f 1226/1226/1226 1214/1214/1214 1227/1227/1227
f 1227/1227/1227 1214/1214/1214 1215/1215/1215
f 1227/1227/1227 1215/1215/1215 1228/1228/1228
f 1228/1228/1228 1215/1215/1215 1216/1216/1216
f 1228/1228/1228 1216/1216/1216 1229/1229/1229
f 1229/1229/1229 1216/1216/1216 1217/1217/1217
f 1229/1229/1229 1217/1217/1217 1230/1230/1230
f 1230/1230/1230 1217/1217/1217 1218/1218/1218
f 1230/1230/1230 1218/1218/1218 1231/1231/1231
f 1231/1231/1231 1218/1218/1218 1219/1219/1219
f 1231/1231/1231 1219/1219/1219 1232/1232/1232
f 1232/1232/1232 1219/1219/1219 1220/1220/1220
f 1232/1232/1232 1220/1220/1220 1233/1233/1233
f 1233/1233/1233 1220/1220/1220 1221/1221/1221
f 1233/1233/1233 1221/1221/1221 1234/1234/1234
f 1234/1234/1234 1221/1221/1221 1222/1222/1222
f 1234/1234/1234 1222/1222/1222 1235/1235/1235
f 1235/1235/1235 1222/1222/1222 1223/1223/1223
f 1235/1235/1235 1223/1223/1223 1236/1236/1236
f 1236/1236/1236 1223/1223/1223 1224/1224/1224
f 1236/1236/1236 1224/1224/1224 1225/1225/1225
f 1225/1225/1225 1224/1224/1224 1213/1213/1213
f 1237/1237/1237 1225/1225/1225 1238/1238/1238
f 1238/1238/1238 1225/1225/1225 1226/1226/1226
f 1238/1238/1238 1226/1226/1226 1239/1239/1239
f 1239/1239/1239 1226/1226/1226 1227/1227/1227
f 1239/1239/1239 1227/1227/1227 1240/1240/1240
f 1240/1240/1240 1227/1227/1227 1228/1228/1228
f 1240/1240/1240 1228/1228/1228 1241/1241/1241
f 1241/1241/1241 1228/1228/1228 1229/1229/1229
f 1241/1241/1241 1229/1229/1229 1242/1242/1242
f 1242/1242/1242 1229/1229/1229 1230/1230/1230
f 1242/1242/1242 1230/1230/1230 1243/1243/1243
f 1243/1243/1243 1230/1230/1230 1231/1231/1231
f 1243/1243/1243 1231/1231/1231 1244/1244/1244
f 1244/1244/1244 1231/1231/1231 1232/1232/1232
f 1244/1244/1244 1232/1232/1232 1245/1245/1245
f 1245/1245/1245 1232/1232/1232 1233/1233/1233
f 1245/1245/1245 1233/1233/1233 1246/1246/1246
f 1246/1246/1246 1233/1233/1233 1234/1234/1234
f 1246/1246/1246 1234/1234/1234 1247/1247/1247
f 1247/1247/1247 1234/1234/1234 1235/1235/1235
f 1247/1247/1247 1235/1235/1235 1248/1248/1248
f 1248/1248/1248 1235/1235/1235 1236/1236/1236
f 1248/1248/1248 1236/1236/1236 1237/1237/1237
f 1237/1237/1237 1236/1236/1236 1225/1225/1225
f 1249/1249/1249 1237/1237/1237 1250/1250/1250
f 1250/1250/1250 1237/1237/1237 1238/1238/1238
f 1250/1250/1250 1238/1238/1238 1251/1251/1251
f 1251/1251/1251 1238/1238/1238 1239/1239/1239
f 1251/1251/1251 1239/1239/1239 1252/1252/1252
f 1252/1252/1252 1239/1239/1239 1240/1240/1240
f 1252/1252/1252 1240/1240/1240 1253/1253/1253
f 1253/1253/1253 1240/1240/1240 1241/1241/1241
f 1253/1253/1253 1241/1241/1241 1254/1254/1254
f 1254/1254/1254 1241/1241/1241 1242/1242/1242
f 1254/1254/1254 1242/1242/1242 1255/1255/1255
f 1255/1255/1255 1242/1242/1242 1243/1243/1243
f 1255/1255/1255 1243/1243/1243 1256/1256/1256
f 1256/1256/1256 1243/1243/1243 1244/1244/1244
f 1256/1256/1256 1244/1244/1244 1257/1257/1257
f 1257/1257/1257 1244/1244/1244 1245/1245/1245
f 1257/1257/1257 1245/1245/1245 1258/1258/1258
f 1258/1258/1258 1245/1245/1245 1246/1246/1246
f 1258/1258/1258 1246/1246/1246 1259/1259/1259
f 1259/1259/1259 1246/1246/1246 1247/1247/1247
f 1259/1259/1259 1247/1247/1247 1260/1260/1260
f 1260/1260/1260 1247/1247/1247 1248/1248/1248
f 1260/1260/1260 1248/1248/1248 1249/1249/1249
f 1249/1249/1249 1248/1248/1248 1237/1237/1237
f 1261/1261/1261 1249/1249/1249 1262/1262/1262
f 1262/1262/1262 1249/1249/1249 1250/1250/1250
f 1262/1262/1262 1250/1250/1250 1263/1263/1263
f 1263/1263/1263 1250/1250/1250 1251/1251/1251
f 1263/1263/1263 1251/1251/1251 1264/1264/1264
f 1264/1264/1264 1251/1251/1251 1252/1252/1252
f 1264/1264/1264 1252/1252/1252 1265/1265/1265
f 1265/1265/1265 1252/1252/1252 1253/1253/1253
f 1265/1265/1265 1253/1253/1253 1266/1266/1266
f 1266/1266/1266 1253/1253/1253 1254/1254/1254
f 1266/1266/1266 1254/1254/1254 1267/1267/1267
f 1267/1267/1267 1254/1254/1254 1255/1255/1255
f 1267/1267/1267 1255/1255/1255 1268/1268/1268
f 1268/1268/1268 1255/1255/1255 1256/1256/1256
f 1268/1268/1268 1256/1256/1256 1269/1269/1269
f 1269/1269/1269 1256/1256/1256 1257/1257/1257
f 1269/1269/1269 1257/1257/1257 1270/1270/1270
f 1270/1270/1270 1257/1257/1257 1258/1258/1258
f 1270/1270/1270 1258/1258/1258 1271/1271/1271
f 1271/1271/1271 1258/1258/1258 1259/1259/1259
f 1271/1271/1271 1259/1259/1259 1272/1272/1272
f 1272/1272/1272 1259/1259/1259 1260/1260/1260
f 1272/1272/1272 1260/1260/1260 1261/1261/1261
f 1261/1261/1261 1260/1260/1260 1249/1249/1249
f 1273/1273/1273 1261/1261/1261 1274/1274/1274
f 1274/1274/1274 1261/1261/1261 1262/1262/1262
f 1274/1274/1274 1262/1262/1262 1275/1275/1275
f 1275/1275/1275 1262/1262/1262 1263/1263/1263
f 1275/1275/1275 1263/1263/1263 1276/1276/1276
f 1276/1276/1276 1263/1263/1263 1264/1264/1264
f 1276/1276/1276 1264/1264/1264 1277/1277/1277
f 1277/1277/1277 1264/1264/1264 1265/1265/1265
f 1277/1277/1277 1265/1265/1265 1278/1278/1278
f 1278/1278/1278 1265/1265/1265 1266/1266/1266
f 1278/1278/1278 1266/1266/1266 1279/1279/1279
f 1279/1279/1279 1266/1266/1266 1267/1267/1267
f 1279/1279/1279 1267/1267/1267 1280/1280/1280
f 1280/1280/1280 1267/1267/1267 1268/1268/1268
f 1280/1280/1280 1268/1268/1268 1281/1281/1281
f 1281/1281/1281 1268/1268/1268 1269/1269/1269
f 1281/1281/1281 1269/1269/1269 1282/1282/1282
f 1282/1282/1282 1269/1269/1269 1270/1270/1270
f 1282/1282/1282 1270/1270/1270 1283/1283/1283
f 1283/1283/1283 1270/1270/1270 1271/1271/1271
f 1283/1283/1283 1271/1271/1271 1284/1284/1284
f 1284/1284/1284 1271/1271/1271 1272/1272/1272
f 1284/1284/1284 1272/1272/1272 1273/1273/1273
f 1273/1273/1273 1272/1272/1272 1261/1261/1261
f 1285/1285/1285 1273/1273/1273 1286/1286/1286
f 1286/1286/1286 1273/1273/1273 1274/1274/1274
f 1286/1286/1286 1274/1274/1274 1287/1287/1287
f 1287/1287/1287 1274/1274/1274 1275/1275/1275
f 1287/1287/1287 1275/1275/1275 1288/1288/1288
f 1288/1288/1288 1275/1275/1275 1276/1276/1276
f 1288/1288/1288 1276/1276/1276 1289/1289/1289
f 1289/1289/1289 1276/1276/1276 1277/1277/1277
f 1289/1289/1289 1277/1277/1277 1290/1290/1290
f 1290/1290/1290 1277/1277/1277 1278/1278/1278
f 1290/1290/1290 1278/1278/1278 1291/1291/1291
f 1291/1291/1291 1278/1278/1278 1279/1279/1279
f 1291/1291/1291 1279/1279/1279 1292/1292/1292
f 1292/1292/1292 1279/1279/1279 1280/1280/1280
f 1292/1292/1292 1280/1280/1280 1293/1293/1293
f 1293/1293/1293 1280/1280/1280 1281/1281/1281
f 1293/1293/1293 1281/1281/1281 1294/1294/1294
f 1294/1294/1294 1281/1281/1281 1282/1282/1282
f 1294/1294/1294 1282/1282/1282 1295/1295/1295
f 1295/1295/1295 1282/1282/1282 1283/1283/1283
f 1295/1295/1295 1283/1283/1283 1296/1296/1296
f 1296/1296/1296 1283/1283/1283 1284/1284/1284
f 1296/1296/1296 1284/1284/1284 1285/1285/1285
f 1285/1285/1285 1284/1284/1284 1273/1273/1273
f 1297/1297/1297 1285/1285/1285 1298/1298/1298
f 1298/1298/1298 1285/1285/1285 1286/1286/1286
f 1298/1298/1298 1286/1286/1286 1299/1299/1299
f 1299/1299/1299 1286/1286/1286 1287/1287/1287
f 1299/1299/1299 1287/1287/1287 1300/1300/1300
f 1300/1300/1300 1287/1287/1287 1288/1288/1288
f 1300/1300/1300 1288/1288/1288 1301/1301/1301
f 1301/1301/1301 1288/1288/1288 1289/1289/1289
f 1301/1301/1301 1289/1289/1289 1302/1302/1302
f 1302/1302/1302 1289/1289/1289 1290/1290/1290
f 1302/1302/1302 1290/1290/1290 1303/1303/1303
f 1303/1303/1303 1290/1290/1290 1291/1291/1291
f 1303/1303/1303 1291/1291/1291 1304/1304/1304
f 1304/1304/1304 1291/1291/1291 1292/1292/1292
f 1304/1304/1304 1292/1292/1292 1305/1305/1305
f 1305/1305/1305 1292/1292/1292 1293/1293/1293
f 1305/1305/1305 1293/1293/1293 1306/1306/1306
f 1306/1306/1306 1293/1293/1293 1294/1294/1294
f 1306/1306/1306 1294/1294/1294 1307/1307/1307
f 1307/1307/1307 1294/1294/1294 1295/1295/1295
f 1307/1307/1307 1295/1295/1295 1308/1308/1308
f 1308/1308/1308 1295/1295/1295 1296/1296/1296
f 1308/1308/1308 1296/1296/1296 1297/1297/1297
f 1297/1297/1297 1296/1296/1296 1285/1285/1285
f 1309/1309/1309 1297/1297/1297 1310/1310/1310
f 1310/1310/1310 1297/1297/1297 1298/1298/1298
f 1310/1310/1310 1298/1298/1298 1311/1311/1311
f 1311/1311/1311 1298/1298/1298 1299/1299/1299
f 1311/1311/1311 1299/1299/1299 1312/1312/1312
f 1312/1312/1312 1299/1299/1299 1300/1300/1300
f 1312/1312/1312 1300/1300/1300 1313/1313/1313
f 1313/1313/1313 1300/1300/1300 1301/1301/1301
f 1313/1313/1313 1301/1301/1301 1314/1314/1314
f 1314/1314/1314 1301/1301/1301 1302/1302/1302
f 1314/1314/1314 1302/1302/1302 1315/1315/1315
f 1315/1315/1315 1302/1302/1302 1303/1303/1303
f 1315/1315/1315 1303/1303/1303 1316/1316/1316
f 1316/1316/1316 1303/1303/1303 1304/1304/1304
f 1316/1316/1316 1304/1304/1304 1317/1317/1317
f 1317/1317/1317 1304/1304/1304 1305/1305/1305
f 1317/1317/1317 1305/1305/1305 1318/1318/1318
f 1318/1318/1318 1305/1305/1305 1306/1306/1306
f 1318/1318/1318 1306/1306/1306 1319/1319/1319
f 1319/1319/1319 1306/1306/1306 1307/1307/1307
f 1319/1319/1319 1307/1307/1307 1320/1320/1320
f 1320/1320/1320 1307/1307/1307 1308/1308/1308
f 1320/1320/1320 1308/1308/1308 1309/1309/1309
f 1309/1309/1309 1308/1308/1308 1297/1297/1297
f 1321/1321/1321 1309/1309/1309 1322/1322/1322
f 1322/1322/1322 1309/1309/1309 1310/1310/1310
f 1322/1322/1322 1310/1310/1310 1323/1323/1323
f 1323/1323/1323 1310/1310/1310 1311/1311/1311
f 1323/1323/1323 1311/1311/1311 1324/1324/1324
f 1324/1324/1324 1311/1311/1311 1312/1312/1312
f 1324/1324/1324 1312/1312/1312 1325/1325/1325
f 1325/1325/1325 1312/1312/1312 1313/1313/1313
f 1325/1325/1325 1313/1313/1313 1326/1326/1326
f 1326/1326/1326 1313/1313/1313 1314/1314/1314
f 1326/1326/1326 1314/1314/1314 1327/1327/1327
f 1327/1327/1327 1314/1314/1314 1315/1315/1315
f 1327/1327/1327 1315/1315/1315 1328/1328/1328
f 1328/1328/1328 1315/1315/1315 1316/1316/1316
f 1328/1328/1328 1316/1316/1316 1329/1329/1329
f 1329/1329/1329 1316/1316/1316 1317/1317/1317
f 1329/1329/1329 1317/1317/1317 1330/1330/1330
f 1330/1330/1330 1317/1317/1317 1318/1318/1318
f 1330/1330/1330 1318/1318/1318 1331/1331/1331
f 1331/1331/1331 1318/1318/1318 1319/1319/1319
f 1331/1331/1331 1319/1319/1319 1332/1332/1332
f 1332/1332/1332 1319/1319/1319 1320/1320/1320
f 1332/1332/1332 1320/1320/1320 1321/1321/1321
f 1321/1321/1321 1320/1320/1320 1309/1309/1309
f 1333/1333/1333 1321/1321/1321 1334/1334/1334
f 1334/1334/1334 1321/1321/1321 1322/1322/1322
f 1334/1334/1334 1322/1322/1322 1335/1335/1335
f 1335/1335/1335 1322/1322/1322 1323/1323/1323
f 1335/1335/1335 1323/1323/1323 1336/1336/1336
f 1336/1336/1336 1323/1323/1323 1324/1324/1324
f 1336/1336/1336 1324/1324/1324 1337/1337/1337
f 1337/1337/1337 1324/1324/1324 1325/1325/1325
f 1337/1337/1337 1325/1325/1325 1338/1338/1338
f 1338/1338/1338 1325/1325/1325 1326/1326/1326
f 1338/1338/1338 1326/1326/1326 1339/1339/1339
f 1339/1339/1339 1326/1326/1326 1327/1327/1327
f 1339/1339/1339 1327/1327/1327 1340/1340/1340
f 1340/1340/1340 1327/1327/1327 1328/1328/1328
f 1340/1340/1340 1328/1328/1328 1341/1341/1341
f 1341/1341/1341 1328/1328/1328 1329/1329/1329
f 1341/1341/1341 1329/1329/1329 1342/1342/1342
f 1342/1342/1342 1329/1329/1329 1330/1330/1330
f 1342/1342/1342 1330/1330/1330 1343/1343/1343
f 1343/1343/1343 1330/1330/1330 1331/1331/1331
f 1343/1343/1343 1331/1331/1331 1344/1344/1344
f 1344/1344/1344 1331/1331/1331 1332/1332/1332
f 1344/1344/1344 1332/1332/1332 1333/1333/1333
f 1333/1333/1333 1332/1332/1332 1321/1321/1321
f 1345/1345/1345 1333/1333/1333 1346/1346/1346
f 1346/1346/1346 1333/1333/1333 1334/1334/1334
f 1346/1346/1346 1334/1334/1334 1347/1347/1347
f 1347/1347/1347 1334/1334/1334 1335/1335/1335
f 1347/1347/1347 1335/1335/1335 1348/1348/1348
f 1348/1348/1348 1335/1335/1335 1336/1336/1336
f 1348/1348/1348 1336/1336/1336 1349/1349/1349
f 1349/1349/1349 1336/1336/1336 1337/1337/1337
f 1349/1349/1349 1337/1337/1337 1350/1350/1350
f 1350/1350/1350 1337/1337/1337 1338/1338/1338
f 1350/1350/1350 1338/1338/1338 1351/1351/1351
f 1351/1351/1351 1338/1338/1338 1339/1339/1339
f 1351/1351/1351 1339/1339/1339 1352/1352/1352
f 1352/1352/1352 1339/1339/1339 1340/1340/1340
f 1352/1352/1352 1340/1340/1340 1353/1353/1353
f 1353/1353/1353 1340/1340/1340 1341/1341/1341
f 1353/1353/1353 1341/1341/1341 1354/1354/1354
f 1354/1354/1354 1341/1341/1341 1342/1342/1342
f 1354/1354/1354 1342/1342/1342 1355/1355/1355
f 1355/1355/1355 1342/1342/1342 1343/1343/1343
f 1355/1355/1355 1343/1343/1343 1356/1356/1356
f 1356/1356/1356 1343/1343/1343 1344/1344/1344
f 1356/1356/1356 1344/1344/1344 1345/1345/1345
f 1345/1345/1345 1344/1344/1344 1333/1333/1333
f 1357/1357/1357 1345/1345/1345 1358/1358/1358
f 1358/1358/1358 1345/1345/1345 1346/1346/1346
f 1358/1358/1358 1346/1346/1346 1359/1359/1359
f 1359/1359/1359 1346/1346/1346 1347/1347/1347
f 1359/1359/1359 1347/1347/1347 1360/1360/1360
f 1360/1360/1360 1347/1347/1347 1348/1348/1348
f 1360/1360/1360 1348/1348/1348 1361/1361/1361
f 1361/1361/1361 1348/1348/1348 1349/1349/1349
f 1361/1361/1361 1349/1349/1349 1362/1362/1362
f 1362/1362/1362 1349/1349/1349 1350/1350/1350
f 1362/1362/1362 1350/1350/1350 1363/1363/1363
f 1363/1363/1363 1350/1350/1350 1351/1351/1351
f 1363/1363/1363 1351/1351/1351 1364/1364/1364
f 1364/1364/1364 1351/1351/1351 1352/1352/1352
f 1364/1364/1364 1352/1352/1352 1365/1365/1365
f 1365/1365/1365 1352/1352/1352 1353/1353/1353
f 1365/1365/1365 1353/1353/1353 1366/1366/1366
f 1366/1366/1366 1353/1353/1353 1354/1354/1354
f 1366/1366/1366 1354/1354/1354 1367/1367/1367
f 1367/1367/1367 1354/1354/1354 1355/1355/1355
f 1367/1367/1367 1355/1355/1355 1368/1368/1368
f 1368/1368/1368 1355/1355/1355 1356/1356/1356
f 1368/1368/1368 1356/1356/1356 1357/1357/1357
f 1357/1357/1357 1356/1356/1356 1345/1345/1345
f 1369/1369/1369 1357/1357/1357 1370/1370/1370
f 1370/1370/1370 1357/1357/1357 1358/1358/1358
f 1370/1370/1370 1358/1358/1358 1371/1371/1371
f 1371/1371/1371 1358/1358/1358 1359/1359/1359
f 1371/1371/1371 1359/1359/1359 1372/1372/1372
f 1372/1372/1372 1359/1359/1359 1360/1360/1360
f 1372/1372/1372 1360/1360/1360 1373/1373/1373
f 1373/1373/1373 1360/1360/1360 1361/1361/1361
f 1373/1373/1373 1361/1361/1361 1374/1374/1374
f 1374/1374/1374 1361/1361/1361 1362/1362/1362
f 1374/1374/1374 1362/1362/1362 1375/1375/1375
f 1375/1375/1375 1362/1362/1362 1363/1363/1363
f 1375/1375/1375 1363/1363/1363 1376/1376/1376
f 1376/1376/1376 1363/1363/1363 1364/1364/1364
f 1376/1376/1376 1364/1364/1364 1377/1377/1377
f 1377/1377/1377 1364/1364/1364 1365/1365/1365
f 1377/1377/1377 1365/1365/1365 1378/1378/1378
f 1378/1378/1378 1365/1365/1365 1366/1366/1366
f 1378/1378/1378 1366/1366/1366 1379/1379/1379
f 1379/1379/1379 1366/1366/1366 1367/1367/1367
f 1379/1379/1379 1367/1367/1367 1380/1380/1380
f 1380/1380/1380 1367/1367/1367 1368/1368/1368
f 1380/1380/1380 1368/1368/1368 1369/1369/1369
f 1369/1369/1369 1368/1368/1368 1357/1357/1357
f 1381/1381/1381 1369/1369/1369 1382/1382/1382
f 1382/1382/1382 1369/1369/1369 1370/1370/1370
f 1382/1382/1382 1370/1370/1370 1383/1383/1383
f 1383/1383/1383 1370/1370/1370 1371/1371/1371
f 1383/1383/1383 1371/1371/1371 1384/1384/1384
f 1384/1384/1384 1371/1371/1371 1372/1372/1372
f 1384/1384/1384 1372/1372/1372 1385/1385/1385
f 1385/1385/1385 1372/1372/1372 1373/1373/1373
f 1385/1385/1385 1373/1373/1373 1386/1386/1386
f 1386/1386/1386 1373/1373/1373 1374/1374/1374
f 1386/1386/1386 1374/1374/1374 1387/1387/1387
f 1387/1387/1387 1374/1374/1374 1375/1375/1375
f 1387/1387/1387 1375/1375/1375 1388/1388/1388
f 1388/1388/1388 1375/1375/1375 1376/1376/1376
f 1388/1388/1388 1376/1376/1376 1389/1389/1389
f 1389/1389/1389 1376/1376/1376 1377/1377/1377
f 1389/1389/1389 1377/1377/1377 1390/1390/1390
f 1390/1390/1390 1377/1377/1377 1378/1378/1378
f 1390/1390/1390 1378/1378/1378 1391/1391/1391
f 1391/1391/1391 1378/1378/1378 1379/1379/1379
f 1391/1391/1391 1379/1379/1379 1392/1392/1392
f 1392/1392/1392 1379/1379/1379 1380/1380/1380
f 1392/1392/1392 1380/1380/1380 1381/1381/1381
f 1381/1381/1381 1380/1380/1380 1369/1369/1369
f 1393/1393/1393 1381/1381/1381 1394/1394/1394
f 1394/1394/1394 1381/1381/1381 1382/1382/1382
f 1394/1394/1394 1382/1382/1382 1395/1395/1395
f 1395/1395/1395 1382/1382/1382 1383/1383/1383
f 1395/1395/1395 1383/1383/1383 1396/1396/1396
f 1396/1396/1396 1383/1383/1383 1384/1384/1384
f 1396/1396/1396 1384/1384/1384 1397/1397/1397
f 1397/1397/1397 1384/1384/1384 1385/1385/1385
f 1397/1397/1397 1385/1385/1385 1398/1398/1398
f 1398/1398/1398 1385/1385/1385 1386/1386/1386
f 1398/1398/1398 1386/1386/1386 1399/1399/1399
f 1399/1399/1399 1386/1386/1386 1387/1387/1387
f 1399/1399/1399 1387/1387/1387 1400/1400/1400
f 1400/1400/1400 1387/1387/1387 1388/1388/1388
f 1400/1400/1400 1388/1388/1388 1401/1401/1401
f 1401/1401/1401 1388/1388/1388 1389/1389/1389
f 1401/1401/1401 1389/1389/1389 1402/1402/1402
f 1402/1402/1402 1389/1389/1389 1390/1390/1390
f 1402/1402/1402 1390/1390/1390 1403/1403/1403
f 1403/1403/1403 1390/1390/1390 1391/1391/1391
f 1403/1403/1403 1391/1391/1391 1404/1404/1404
f 1404/1404/1404 1391/1391/1391 1392/1392/1392
f 1404/1404/1404 1392/1392/1392 1393/1393/1393
f 1393/1393/1393 1392/1392/1392 1381/1381/1381
f 1405/1405/1405 1393/1393/1393 1406/1406/1406
f 1406/1406/1406 1393/1393/1393 1394/1394/1394
f 1406/1406/1406 1394/1394/1394 1407/1407/1407
f 1407/1407/1407 1394/1394/1394 1395/1395/1395
f 1407/1407/1407 1395/1395/1395 1408/1408/1408
f 1408/1408/1408 1395/1395/1395 1396/1396/1396
f 1408/1408/1408 1396/1396/1396 1409/1409/1409
f 1409/1409/1409 1396/1396/1396 1397/1397/1397
f 1409/1409/1409 1397/1397/1397 1410/1410/1410
f 1410/1410/1410 1397/1397/1397 1398/1398/1398
f 1410/1410/1410 1398/1398/1398 1411/1411/1411
f 1411/1411/1411 1398/1398/1398 1399/1399/1399
f 1411/1411/1411 1399/1399/1399 1412/1412/1412
f 1412/1412/1412 1399/1399/1399 1400/1400/1400
f 1412/1412/1412 1400/1400/1400 1413/1413/1413
f 1413/1413/1413 1400/1400/1400 1401/1401/1401
f 1413/1413/1413 1401/1401/1401 1414/1414/1414
f 1414/1414/1414 1401/1401/1401 1402/1402/1402
f 1414/1414/1414 1402/1402/1402 1415/1415/1415
f 1415/1415/1415 1402/1402/1402 1403/1403/1403
f 1415/1415/1415 1403/1403/1403 1416/1416/1416
f 1416/1416/1416 1403/1403/1403 1404/1404/1404
f 1416/1416/1416 1404/1404/1404 1405/1405/1405
f 1405/1405/1405 1404/1404/1404 1393/1393/1393
f 1417/1417/1417 1405/1405/1405 1418/1418/1418
f 1418/1418/1418 1405/1405/1405 1406/1406/1406
f 1418/1418/1418 1406/1406/1406 1419/1419/1419
f 1419/1419/1419 1406/1406/1406 1407/1407/1407
f 1419/1419/1419 1407/1407/1407 1420/1420/1420
f 1420/1420/1420 1407/1407/1407 1408/1408/1408
f 1420/1420/1420 1408/1408/1408 1421/1421/1421
f 1421/1421/1421 1408/1408/1408 1409/1409/1409
f 1421/1421/1421 1409/1409/1409 1422/1422/1422
f 1422/1422/1422 1409/1409/1409 1410/1410/1410
f 1422/1422/1422 1410/1410/1410 1423/1423/1423
f 1423/1423/1423 1410/1410/1410 1411/1411/1411
f 1423/1423/1423 1411/1411/1411 1424/1424/1424
f 1424/1424/1424 1411/1411/1411 1412/1412/1412
f 1424/1424/1424 1412/1412/1412 1425/1425/1425
f 1425/1425/1425 1412/1412/1412 1413/1413/1413
f 1425/1425/1425 1413/1413/1413 1426/1426/1426
f 1426/1426/1426 1413/1413/1413 1414/1414/1414
f 1426/1426/1426 1414/1414/1414 1427/1427/1427
f 1427/1427/1427 1414/1414/1414 1415/1415/1415
f 1427/1427/1427 1415/1415/1415 1428/1428/1428
f 1428/1428/1428 1415/1415/1415 1416/1416/1416
f 1428/1428/1428 1416/1416/1416 1417/1417/1417
f 1417/1417/1417 1416/1416/1416 1405/1405/1405
f 1429/1429/1429 1417/1417/1417 1430/1430/1430
f 1430/1430/1430 1417/1417/1417 1418/1418/1418
f 1430/1430/1430 1418/1418/1418 1431/1431/1431
f 1431/1431/1431 1418/1418/1418 1419/1419/1419
f 1431/1431/1431 1419/1419/1419 1432/1432/1432
f 1432/1432/1432 1419/1419/1419 1420/1420/1420
f 1432/1432/1432 1420/1420/1420 1433/1433/1433
f 1433/1433/1433 1420/1420/1420 1421/1421/1421
f 1433/1433/1433 1421/1421/1421 1434/1434/1434
f 1434/1434/1434 1421/1421/1421 1422/1422/1422
f 1434/1434/1434 1422/1422/1422 1435/1435/1435
f 1435/1435/1435 1422/1422/1422 1423/1423/1423
f 1435/1435/1435 1423/1423/1423 1436/1436/1436
f 1436/1436/1436 1423/1423/1423 1424/1424/1424
f 1436/1436/1436 1424/1424/1424 1437/1437/1437
f 1437/1437/1437 1424/1424/1424 1425/1425/1425
f 1437/1437/1437 1425/1425/1425 1438/1438/1438
f 1438/1438/1438 1425/1425/1425 1426/1426/1426
f 1438/1438/1438 1426/1426/1426 1439/1439/1439
f 1439/1439/1439 1426/1426/1426 1427/1427/1427
f 1439/1439/1439 1427/1427/1427 1440/1440/1440
f 1440/1440/1440 1427/1427/1427 1428/1428/1428
f 1440/1440/1440 1428/1428/1428 1429/1429/1429
f 1429/1429/1429 1428/1428/1428 1417/1417/1417
f 2/2/2 1429/1429/1429 4/4/4
f 4/4/4 1429/1429/1429 1430/1430/1430
f 4/4/4 1430/1430/1430 6/6/6
f 6/6/6 1430/1430/1430 1431/1431/1431
f 6/6/6 1431/1431/1431 8/8/8
f 8/8/8 1431/1431/1431 1432/1432/1432
f 8/8/8 1432/1432/1432 10/10/10
f 10/10/10 1432/1432/1432 1433/1433/1433
f 10/10/10 1433/1433/1433 12/12/12
f 12/12/12 1433/1433/1433 1434/1434/1434
f 12/12/12 1434/1434/1434 14/14/14
f 14/14/14 1434/1434/1434 1435/1435/1435
f 14/14/14 1435/1435/1435 16/16/16
f 16/16/16 1435/1435/1435 1436/1436/1436
f 16/16/16 1436/1436/1436 18/18/18
f 18/18/18 1436/1436/1436 1437/1437/1437
f 18/18/18 1437/1437/1437 20/20/20
f 20/20/20 1437/1437/1437 1438/1438/1438
f 20/20/20 1438/1438/1438 22/22/22
f 22/22/22 1438/1438/1438 1439/1439/1439
f 22/22/22 1439/1439/1439 24/24/24
f 24/24/24 1439/1439/1439 1440/1440/1440
f 24/24/24 1440/1440/1440 2/2/2
f 2/2/2 1440/1440/1440 1429/1429/1429
# 2880 faces

